t,theta_big,theta_small,dtheta_big,dtheta_small,tau_big,tau_small,axis,held_target,mcu2_seq,gravity_ax,gravity_ay,theta_big_motor,dtheta_big_motor,theta_big_platform,dtheta_big_platform,theta_big_motor_meas,platform_azimuth,platform_rate,small_joint_angle_est,small_joint_rate_est,pitch_joint_angle,pitch_joint_rate,pitch_acc,chassis_azimuth,chassis_yaw_rate,big_enc_age,big_sample_interval,big_enc_innovation,chassis_imu_age,gravity_a_x,gravity_a_y,gravity_a_z,base_omega_x,base_omega_y,base_omega_z,los_azimuth,los_elevation,mcu_bullet_velocity,mcu_pitch_angle,mcu_yaw_big_angle,mcu_yaw_big_omega,mcu_yaw_small_angle,mcu_yaw_small_omega,mcu_chassis_imu_yaw,mcu_chassis_imu_omega,mcu_mark,mcu_color,mcu_auto_aim_switch,mcu_temp_big,mcu_temp_small,imu_gx,imu_gy,imu_gz,imu_ax,imu_ay,imu_az,imu_euler_yaw,imu_euler_pitch,imu_euler_roll,imu_dt_one_tenth_ms,tx_auto_aim_enable,tx_fire,tx_pitch_target_angle,tx_yaw_big_mode,tx_yaw_big_target_angle,tx_yaw_big_target_velocity,tx_yaw_big_torque,tx_yaw_small_mode,tx_yaw_small_target_angle,tx_yaw_small_target_velocity,tx_yaw_small_torque,target_big,target_small,est_valid,mcu_valid,imu_valid,backlash_center,backlash_beta_true,theta_true_motor,theta_true_platform,theta_true_small,dtheta_true_motor,dtheta_true_platform,dtheta_true_small
0.0002,8.382071,0.138825,-0.033313,0.000000,0.018011,0.038538,1,3.601945,29,0.300331,0.153265,8.382071,0.001466,3.484630,-0.033313,8.382087,3.590550,-0.033313,0.138825,0.000000,0.012821,-0.469090,-40.805986,0.105921,0.000000,0.000477,0.002004,0.000161,0.000477,0.300331,0.153265,-9.804204,0.000896,-0.006167,0.000000,-0.983008,0.001578,27.000000,0.013045,8.382087,0.001466,0.138825,0.000000,0.106000,0.000000,188,0,1,34,34,0.005366,0.002743,-0.033351,0.044708,0.262795,9.638973,-2.553804,0.001578,0.032488,7,1,0,0.000000,0,3.601945,0.000000,0.018011,0,0.154260,0.000000,0.038538,3.601945,0.154260,1,1,1,4.889017,0.000000,0.000000,0.000000,0.000000,0.000000,0.000000,0.000000
0.0101,8.382180,0.138825,0.004958,0.000000,0.024643,0.030868,1,3.601945,39,0.300247,0.153581,8.382180,0.004503,3.484448,0.004958,8.382183,3.590396,0.004958,0.138825,0.000000,0.012887,-0.469090,-40.805986,0.105948,0.000000,0.000336,0.002129,0.000021,0.000336,0.300247,0.153581,-9.804201,0.000032,0.005706,0.000000,-0.983163,0.001611,27.000000,0.013045,8.382183,0.004503,0.138825,0.000000,0.106000,0.000000,193,0,1,34,34,-0.005291,-0.002072,0.004985,0.237950,-0.009668,10.028748,-2.553960,0.001611,0.032484,7,1,0,0.000000,0,3.601945,0.000000,0.024643,0,0.154260,0.000000,0.030868,3.601945,0.154260,1,1,1,4.889046,0.000000,0.000000,0.000000,0.000000,0.000000,0.000000,0.000000
0.0201,8.382089,0.138825,-0.005072,0.000000,0.022051,0.031529,1,3.601945,49,0.301905,0.153550,8.382089,-0.000419,3.484544,-0.005072,8.382087,3.590483,-0.005072,0.138825,0.000000,0.012872,-0.469090,-40.805986,0.105940,0.000000,0.000368,0.002113,-0.000022,0.000368,0.301905,0.153550,-9.804151,0.022411,-0.008056,0.000000,-0.983076,0.001622,27.000000,0.013045,8.382087,-0.000419,0.138825,0.000000,0.106000,0.000000,198,0,1,34,34,-0.001052,0.023725,-0.005378,-0.461405,0.203147,9.800741,-2.553872,0.001622,0.032651,6,1,0,0.000000,0,3.601945,0.000000,0.022051,0,0.154315,0.000000,0.031529,3.601945,0.154315,1,1,1,4.889075,0.000000,0.000000,0.000000,0.000000,0.000000,0.000000,0.000000
0.0301,8.382286,0.138825,0.017861,0.000000,0.022103,0.035596,1,3.601945,59,0.302391,0.153183,8.382286,0.000419,3.484597,0.017861,8.382278,3.590552,0.017861,0.138825,0.000000,0.012800,-0.469090,-40.805986,0.105955,0.000000,0.000523,0.002013,0.000180,0.000523,0.302391,0.153183,-9.804142,0.002067,0.000257,0.000000,-0.983006,0.001593,27.000000,0.013045,8.382278,0.000419,0.138825,0.000000,0.106000,0.000000,2,0,1,34,34,-0.001022,0.002044,0.017836,-0.480885,0.336533,9.840351,-2.553803,0.001593,0.032695,7,1,0,0.000000,0,3.601945,0.000000,0.022103,0,0.154699,0.000000,0.035596,3.601945,0.154699,1,1,1,4.889103,0.000000,0.000000,0.000000,0.000000,0.000000,0.000000,0.000000
0.0401,8.382087,0.138825,-0.003879,0.000000,0.022889,0.044012,1,3.601945,69,0.301573,0.153414,8.382087,0.002513,3.484602,-0.003879,8.382087,3.590543,-0.003879,0.138825,0.000000,0.012872,-0.469090,-40.805986,0.105941,0.000000,0.000368,0.002164,0.000010,0.000368,0.301573,0.153414,-9.804163,-0.014844,0.002567,0.000000,-0.983016,0.001631,27.000000,0.013045,8.382087,0.002513,0.138825,0.000000,0.106000,0.000000,7,0,1,34,34,0.003258,-0.014756,-0.003689,0.170019,-0.052330,9.607177,-2.553813,0.001631,0.032616,6,1,0,0.000000,0,3.601945,0.000000,0.022889,0,0.155721,0.000000,0.044012,3.601945,0.155721,1,1,1,4.889131,0.000000,0.000000,0.000000,0.000000,0.000000,0.000000,0.000000
0.0501,8.382087,0.139592,0.031068,0.000000,0.031181,0.045316,1,3.601945,79,0.300911,0.154926,8.382087,0.001466,3.484665,0.031068,8.382087,3.589845,0.031068,0.139592,0.000000,0.013045,-0.469090,-40.805986,0.105180,0.000000,0.000000,0.002017,-0.000015,0.000000,0.300911,0.154926,-9.804160,0.014362,-0.013985,0.000017,-0.982949,0.001667,27.000000,0.013045,8.382087,0.001466,0.139592,0.000000,0.106000,0.000000,12,0,1,34,34,0.007502,0.018994,0.030840,0.112240,0.156589,9.724083,-2.553745,0.001667,0.032579,6,1,0,0.000000,0,3.601945,0.000000,0.031181,0,0.157449,0.000000,0.045316,3.601945,0.157449,1,1,1,4.889158,0.000000,0.000000,0.000000,0.000000,0.000000,0.000000,0.000000
0.0601,8.382090,0.139592,0.039342,0.000000,0.019281,0.066202,1,3.601945,89,0.301822,0.154672,8.382090,0.000419,3.484283,0.039342,8.382087,3.590255,0.039342,0.139592,0.000000,0.013010,-0.469090,-40.805986,0.105972,0.000000,0.000074,0.001937,-0.000093,0.000074,0.301822,0.154672,-9.804136,0.008279,0.000023,0.000000,-0.982539,0.001671,27.000000,0.013045,8.382087,0.000419,0.139592,0.000000,0.106000,0.000000,17,0,1,34,34,-0.003157,0.008165,0.039239,-0.365777,0.108993,9.685013,-2.553335,0.001671,0.032667,7,1,0,0.000000,0,3.601945,0.000000,0.019281,0,0.159990,0.000000,0.066202,3.601945,0.159990,1,1,1,4.889321,0.000000,0.000000,0.000000,0.000000,0.000000,0.000000,0.000000
0.0701,8.382290,0.140359,0.079862,0.000000,0.026216,0.069253,1,3.601945,99,0.301917,0.154224,8.382290,0.001466,3.484027,0.079862,8.382278,3.590019,0.079862,0.140359,0.000000,0.012970,-0.469090,-40.805986,0.105992,0.000000,0.000159,0.001983,-0.000037,0.000159,0.301917,0.154224,-9.804140,0.005687,-0.003539,0.000000,-0.982008,0.001702,27.000000,0.013045,8.382278,0.001466,0.140359,0.000000,0.106000,0.000000,22,0,1,34,34,0.001125,0.007638,0.079770,0.323024,0.032396,9.722973,-2.552805,0.001702,0.032679,6,1,0,0.000000,0,3.601945,0.000000,0.026216,0,0.163128,0.000000,0.069253,3.601945,0.163128,1,1,1,4.889497,0.000000,0.000000,0.000000,0.000000,0.000000,0.000000,0.000000
0.0801,8.382101,0.141893,0.125119,0.000000,0.028945,0.068014,1,3.601945,109,0.303909,0.154355,8.382101,-0.000419,3.483577,0.125119,8.382087,3.589595,0.125119,0.141893,0.000000,0.012992,-0.469090,-40.805986,0.106017,0.000000,0.000114,0.002128,-0.000252,0.000114,0.303909,0.154355,-9.804076,0.021616,-0.012302,0.000000,-0.980900,0.001789,27.000000,0.013045,8.382087,-0.000419,0.141893,0.000000,0.106000,0.000000,27,0,1,34,34,0.003253,0.026281,0.124788,-0.403689,0.427599,10.214563,-2.551697,0.001789,0.032899,6,1,0,0.000000,0,3.601945,0.000000,0.028945,0,0.166535,0.000000,0.068014,3.601945,0.166535,1,1,1,4.889789,0.000000,0.000000,0.000000,0.000000,0.000000,0.000000,0.000000
0.0901,8.382224,0.143427,0.143148,0.000000,0.026222,0.071029,1,3.601945,119,0.305590,0.154248,8.382224,0.001466,3.483426,0.143148,8.382183,3.589468,0.143148,0.143427,0.000000,0.012915,-0.469090,-40.805986,0.106042,0.001000,0.000277,0.002127,-0.000217,0.000277,0.305590,0.154248,-9.804026,0.016822,-0.005730,0.001000,-0.979492,0.001798,27.000000,0.013045,8.382183,0.001466,0.143427,0.000000,0.106000,0.001000,32,0,1,34,34,-0.001004,0.019603,0.143907,-0.576700,0.205560,9.599711,-2.550288,0.001798,0.033085,7,1,0,0.000000,0,3.601945,0.000000,0.026222,0,0.169881,0.000000,0.071029,3.601945,0.169881,1,1,1,4.889819,0.000000,0.000000,0.000000,0.000000,0.000000,0.000000,0.000000
0.1001,8.382204,0.144996,0.067759,0.104720,0.024192,0.069549,1,3.601945,129,0.305554,0.154075,8.382204,0.000419,3.483521,0.067759,8.382183,3.589531,0.067759,0.144996,0.104720,0.012888,-0.469090,-40.805986,0.106010,0.001000,0.000334,0.002087,-0.000262,0.000334,0.305554,0.154075,-9.804030,-0.003717,0.002547,0.105720,-0.977860,0.001840,27.000000,0.013045,8.382183,0.000419,0.144961,0.104720,0.106000,0.001000,37,0,1,34,34,-0.000972,-0.002163,0.173521,-0.213479,0.375750,9.773927,-2.548657,0.001840,0.033096,6,1,0,0.000000,0,3.601945,0.000000,0.024192,0,0.172837,0.000000,0.069549,3.601945,0.172837,1,1,1,4.889925,0.000000,0.000000,0.000000,0.000000,0.000000,0.000000,0.000000
0.1101,8.382314,0.146537,0.085450,0.104720,0.020341,0.064030,1,3.601945,138,0.304734,0.152886,8.382314,0.002513,3.483873,0.085450,8.382278,3.589905,0.085450,0.146537,0.104720,0.012860,-0.469090,-40.805986,0.106032,0.000000,0.000394,0.001982,-0.000213,0.000394,0.304734,0.152886,-9.804074,-0.017226,0.010242,0.104720,-0.975950,0.001971,27.000000,0.013045,8.382278,0.002513,0.146495,0.104720,0.106000,0.000000,42,0,1,34,34,-0.003086,-0.017354,0.190409,-0.038786,-0.228800,9.949803,-2.546746,0.001971,0.033012,7,1,0,0.000000,0,3.601945,0.000000,0.020341,0,0.175073,0.000000,0.064030,3.601945,0.175073,1,1,1,4.889954,0.000000,0.000000,0.000000,0.000000,0.000000,0.000000,0.000000
0.1201,8.382131,0.148844,0.097063,0.104720,0.026812,0.043676,1,3.601945,149,0.304558,0.152261,8.382131,0.000419,3.483645,0.097063,8.382087,3.589678,0.097063,0.148844,0.104720,0.012830,-0.469090,-40.805986,0.106033,0.000000,0.000458,0.001983,-0.000220,0.000458,0.304558,0.152261,-9.804089,0.014308,-0.013831,0.104720,-0.973872,0.002077,27.000000,0.013045,8.382087,0.000419,0.148796,0.104720,0.106000,0.000000,47,0,1,34,34,0.007550,0.020999,0.201530,-0.145389,0.380045,10.204683,-2.544668,0.002077,0.033010,7,1,0,0.000000,0,3.601945,0.000000,0.026812,0,0.176264,0.000000,0.043676,3.601945,0.176264,1,1,1,4.889982,0.000000,0.000000,0.000000,0.000000,0.000000,0.000000,0.000000
0.1301,8.382087,0.150330,0.088951,0.104720,0.018890,0.036598,1,3.601945,159,0.304217,0.154567,8.382087,0.001466,3.483996,0.088951,8.382087,3.590148,0.088951,0.150330,0.104720,0.013045,-0.469090,-40.805986,0.106152,-0.001000,0.000000,0.002000,-0.000190,0.000000,0.304217,0.154567,-9.804064,-0.002664,0.006690,0.103715,-0.971916,0.002104,27.000000,0.013045,8.382087,0.001466,0.150330,0.104720,0.106000,-0.001000,52,0,1,34,34,-0.005236,-0.002430,0.192714,-0.442534,0.110130,9.589270,-2.542713,0.002104,0.033027,7,1,0,0.000000,0,3.601945,0.000000,0.018890,0,0.176230,0.000000,0.036598,3.601945,0.176230,1,1,1,4.890009,0.000000,0.000000,0.000000,0.000000,0.000000,0.000000,0.000000
0.1401,8.382183,0.151864,0.149640,0.000000,0.021632,0.018283,1,3.601945,169,0.302648,0.154901,8.382183,0.000419,3.485133,0.149640,8.382183,3.590312,0.149640,0.151864,0.000000,0.013045,-0.469090,-40.805986,0.105179,-0.002000,0.000000,0.002100,-0.000363,0.000000,0.302648,0.154901,-9.804107,-0.013847,0.004218,-0.002014,-0.970218,0.002097,27.000000,0.013045,8.382183,0.000419,0.151864,0.000000,0.106000,-0.002000,57,0,1,34,34,0.001166,-0.012501,0.147802,0.074793,-0.157680,9.615627,-2.541015,0.002097,0.032891,7,1,0,0.000000,0,3.601945,0.000000,0.021632,0,0.174971,0.000000,0.018283,3.601945,0.174971,1,1,1,4.890034,0.000000,0.000000,0.000000,0.000000,0.000000,0.000000,0.000000
0.1501,8.382088,0.152631,0.113455,0.000000,0.016015,0.008130,1,3.601945,179,0.301466,0.154232,8.382088,0.000419,3.484892,0.113455,8.382087,3.590916,0.113455,0.152631,0.000000,0.013038,-0.469090,-40.805986,0.106024,0.000000,0.000014,0.001953,-0.000235,0.000014,0.301466,0.154232,-9.804154,-0.014998,0.004668,0.000000,-0.968849,0.002164,27.000000,0.013045,8.382087,0.000419,0.152631,0.000000,0.106000,0.000000,62,0,1,34,34,0.001158,-0.014185,0.113649,-0.173809,0.303534,10.203897,-2.539645,0.002164,0.032769,7,1,0,0.000000,0,3.601945,0.000000,0.016015,0,0.172564,0.000000,0.008130,3.601945,0.172564,1,1,1,4.890059,0.000000,0.000000,0.000000,0.000000,0.000000,0.000000,0.000000
0.1601,8.382190,0.152631,0.038871,0.000000,0.014035,-0.003713,1,3.601945,189,0.300410,0.153236,8.382190,0.000419,3.485613,0.038871,8.382183,3.591585,0.038871,0.152631,0.000000,0.012952,-0.469090,-40.805986,0.105971,0.000000,0.000197,0.001937,0.000015,0.000197,0.300410,0.153236,-9.804202,-0.010392,0.005175,0.000000,-0.968181,0.002162,27.000000,0.013045,8.382183,0.000419,0.152631,0.000000,0.106000,0.000000,67,0,1,34,34,-0.001002,-0.011061,0.039017,-0.021246,-0.118188,9.510687,-2.538977,0.002162,0.032648,7,1,0,0.000000,0,3.601945,0.000000,0.014035,0,0.168933,0.000000,-0.003713,3.601945,0.168933,1,1,1,4.890083,0.000000,0.000000,0.000000,0.000000,0.000000,0.000000,0.000000
0.1701,8.382087,0.152631,-0.046052,0.000000,0.022391,-0.025800,1,3.601945,199,0.299224,0.153369,8.382087,-0.000419,3.485498,-0.046052,8.382087,3.591445,-0.046052,0.152631,0.000000,0.013045,-0.469090,-40.805986,0.105948,0.000000,0.000000,0.002098,-0.000034,0.000000,0.299224,0.153369,-9.804236,0.000183,-0.015011,0.000006,-0.968322,0.002223,27.000000,0.013045,8.382087,-0.000419,0.152631,0.000000,0.106000,0.000000,72,0,1,34,34,0.013898,0.005074,-0.046117,0.083040,0.328335,9.754502,-2.539118,0.002223,0.032530,7,1,0,0.000000,0,3.601945,0.000000,0.022391,0,0.164066,0.000000,-0.025800,3.601945,0.164066,1,1,1,4.890104,0.000000,0.000000,0.000000,0.000000,0.000000,0.000000,0.000000
0.1801,8.382212,0.151032,0.096958,-0.209440,0.011839,-0.031168,1,3.601945,209,0.299111,0.150842,8.382212,0.000419,3.486268,0.096958,8.382183,3.592209,0.096958,0.151032,-0.209440,0.012899,-0.469090,-40.805986,0.105941,0.000000,0.000311,0.001956,-0.000081,0.000311,0.299111,0.150842,-9.804279,-0.004690,0.002989,-0.209440,-0.969160,0.002278,27.000000,0.013045,8.382183,0.000419,0.151097,-0.209440,0.106000,0.000000,77,0,1,34,34,-0.001051,-0.006911,-0.112401,0.104393,-0.105242,10.018130,-2.539956,0.002278,0.032463,6,1,0,0.000000,0,3.601945,0.000000,0.011839,0,0.157964,0.000000,-0.031168,3.601945,0.157964,1,1,1,4.890124,0.000000,0.000000,0.000000,0.000000,0.000000,0.000000,0.000000
0.1901,8.382124,0.148666,0.075614,-0.314159,0.013869,-0.045768,1,3.601945,219,0.298085,0.150401,8.382124,0.003560,3.486769,0.075614,8.382087,3.592676,0.075614,0.148666,-0.314159,0.012850,-0.469090,-40.805986,0.105907,0.000000,0.000415,0.001939,-0.000150,0.000415,0.298085,0.150401,-9.804317,-0.017040,-0.008130,-0.314159,-0.971057,0.002182,27.000000,0.013045,8.382087,0.003560,0.148796,-0.314159,0.106000,0.000000,82,0,1,34,34,0.013864,-0.015880,-0.238360,0.293414,0.337774,9.773874,-2.541853,0.002182,0.032327,7,1,0,0.000000,0,3.601945,0.000000,0.013869,0,0.150628,0.000000,-0.045768,3.601945,0.150628,1,1,1,4.890143,0.000000,0.000000,0.000000,0.000000,0.000000,0.000000,0.000000
0.2001,8.382028,0.145587,0.104451,-0.418879,0.015362,-0.061977,1,3.601945,229,0.297153,0.150256,8.382028,-0.000419,3.487077,0.104451,8.381991,3.592941,0.104451,0.145587,-0.418879,0.012887,-0.469090,-40.805986,0.105864,-0.001000,0.000337,0.002129,-0.000201,0.000337,0.297153,0.150256,-9.804347,-0.015193,0.002693,-0.419879,-0.973871,0.002120,27.000000,0.013045,8.381991,-0.000419,0.145728,-0.418879,0.106000,-0.001000,87,0,1,34,34,0.003171,-0.019164,-0.315207,-0.126449,-0.080468,9.549279,-2.544667,0.002120,0.032198,7,1,0,0.000000,0,3.601945,0.000000,0.015362,0,0.142058,0.000000,-0.061977,3.601945,0.142058,1,1,1,4.890160,0.000000,0.000000,0.000000,0.000000,0.000000,0.000000,0.000000
0.2101,8.381991,0.141126,-0.025845,-0.523599,0.009671,-0.070998,1,3.601945,239,0.295777,0.151450,8.381991,-0.000419,3.486963,-0.025845,8.381991,3.593635,-0.025845,0.141126,-0.523599,0.013045,-0.469090,-40.805986,0.106672,-0.001000,0.000000,0.002005,-0.000067,0.000000,0.295777,0.151450,-9.804370,-0.010267,0.028452,-0.419898,-0.977635,0.001994,27.000000,0.013045,8.381991,-0.000419,0.141126,-0.523599,0.106000,-0.001000,92,0,1,34,34,-0.022475,-0.026056,-0.445441,0.256610,0.011233,9.885414,-2.548431,0.001994,0.032028,7,1,0,0.000000,0,3.601945,0.000000,0.009671,0,0.132269,0.000000,-0.070998,3.601945,0.132269,1,1,1,4.890176,0.000000,0.000000,0.000000,0.000000,0.000000,0.000000,0.000000
0.2201,8.382090,0.136498,0.072183,-0.628319,0.021801,-0.091870,1,3.601945,249,0.294999,0.152398,8.382090,0.002513,3.487618,0.072183,8.382087,3.593204,0.072183,0.136498,-0.628319,0.013025,-0.469090,-40.805986,0.105585,0.000000,0.000043,0.002005,-0.000078,0.000043,0.294999,0.152398,-9.804379,0.001450,-0.001628,-0.628319,-0.982689,0.001720,27.000000,0.013045,8.382087,0.002513,0.136524,-0.628319,0.106000,0.000000,97,0,1,34,34,0.000951,-0.005282,-0.556114,-0.154752,0.397986,10.300562,-2.553485,0.001720,0.031911,7,1,0,0.000000,0,3.601945,0.000000,0.021801,0,0.121460,0.000000,-0.091870,3.601945,0.121460,1,1,1,4.890190,0.000000,0.000000,0.000000,0.000000,0.000000,0.000000,0.000000
0.2301,8.381918,0.129482,0.134045,-0.837758,0.010994,-0.084199,1,3.601945,3,0.293640,0.152965,8.381918,0.000419,3.488148,0.134045,8.381894,3.593744,0.134045,0.129482,-0.837758,0.012967,-0.469090,-40.805986,0.105596,0.000000,0.000166,0.002003,-0.000269,0.000166,0.293640,0.152965,-9.804411,-0.003367,0.021259,-0.837758,-0.989156,0.001363,27.000000,0.013045,8.381894,0.000419,0.129622,-0.837758,0.106000,0.000000,102,0,1,34,34,-0.018287,-0.020476,-0.703506,0.026947,-0.063383,9.721817,-2.559952,0.001363,0.031701,7,1,0,0.000000,0,3.601945,0.000000,0.010994,0,0.109935,0.000000,-0.084199,3.601945,0.109935,1,1,1,4.890204,0.000000,0.000000,0.000000,0.000000,0.000000,0.000000,0.000000
0.2401,8.381997,0.120780,0.010323,-0.837758,0.007703,-0.078434,1,3.601945,13,0.292004,0.152328,8.381997,0.001466,3.488611,0.010323,8.381991,3.594469,0.010323,0.120780,-0.837758,0.012818,-0.469090,-40.805986,0.105859,0.000000,0.000483,0.002002,-0.000056,0.000483,0.292004,0.152328,-9.804470,-0.007297,0.009154,-0.837758,-0.997125,0.000983,27.000000,0.013045,8.381991,0.001466,0.121185,-0.837758,0.106000,0.000000,107,0,1,34,34,-0.005515,-0.020932,-0.827235,0.370105,0.280444,9.773348,-2.567922,0.000983,0.031425,6,1,0,0.000000,0,3.601945,0.000000,0.007703,0,0.097954,0.000000,-0.078434,3.601945,0.097954,1,1,1,4.890216,0.000000,0.000000,0.000000,0.000000,0.000000,0.000000,0.000000
0.2501,8.381891,0.112685,-0.057965,-0.837758,0.018204,-0.094724,1,3.601945,23,0.291184,0.153947,8.381891,-0.000419,3.488810,-0.057965,8.381894,3.594198,-0.057965,0.112685,-0.837758,0.013010,-0.469090,-40.805986,0.105388,0.000000,0.000075,0.001989,-0.000003,0.000075,0.291184,0.153947,-9.804469,-0.009950,0.003436,-0.837758,-1.005488,0.000747,27.000000,0.013045,8.381894,-0.000419,0.112748,-0.837758,0.106000,0.000000,112,0,1,34,34,0.000870,-0.022143,-0.895510,0.191149,-0.051830,10.344119,-2.576284,0.000747,0.031264,7,1,0,0.000000,0,3.601945,0.000000,0.018204,0,0.085769,0.000000,-0.094724,3.601945,0.085769,1,1,1,4.890228,0.000000,0.000000,0.000000,0.000000,0.000000,0.000000,0.000000
0.2601,8.381883,0.104024,-0.039892,-0.942478,0.027811,-0.094983,1,3.601945,33,0.291004,0.153382,8.381883,0.000419,3.487621,-0.039892,8.381894,3.593172,-0.039892,0.104024,-0.942478,0.012902,-0.469090,-40.805986,0.105550,0.000000,0.000304,0.002155,0.000051,0.000304,0.291004,0.153382,-9.804483,0.023060,-0.006609,-0.942478,-1.015168,0.000425,27.000000,0.013045,8.381894,0.000419,0.104311,-0.942478,0.106000,0.000000,117,0,1,34,34,-0.003460,0.011061,-0.982594,-0.288992,0.296032,10.031477,-2.585965,0.000425,0.031132,7,1,0,0.000000,0,3.601945,0.000000,0.027811,0,0.073680,0.000000,-0.094983,3.601945,0.073680,1,1,1,4.890240,0.000000,0.000000,0.000000,0.000000,0.000000,0.000000,0.000000
0.2701,8.382083,0.094240,0.074562,-1.151917,0.021757,-0.084012,1,3.601945,43,0.289748,0.155996,8.382083,0.000419,3.487520,0.074562,8.382087,3.592821,0.074562,0.094240,-1.151917,0.013004,-0.469090,-40.805986,0.105301,0.000000,0.000086,0.002035,0.000063,0.000086,0.289748,0.155996,-9.804479,-0.016440,0.013760,-1.151917,-1.025293,-0.000054,27.000000,0.013045,8.382087,0.000419,0.094340,-1.151917,0.106000,0.000000,122,0,1,34,34,-0.005574,-0.034710,-1.076995,0.140951,0.118828,9.685441,-2.596089,-0.000054,0.030906,7,1,0,0.000000,0,3.601945,0.000000,0.021757,0,0.061952,0.000000,-0.084012,3.601945,0.061952,1,1,1,4.890255,0.000000,0.000000,0.000000,0.000000,0.000000,0.000000,0.000000
0.2801,8.382278,0.082835,-0.114621,-1.151917,0.013664,-0.061871,1,3.601945,53,0.287371,0.156081,8.382278,0.003560,3.486971,-0.114621,8.382278,3.593203,-0.114621,0.082835,-1.151917,0.013045,-0.469090,-40.805986,0.106232,0.001000,0.000000,0.002020,0.000336,0.000000,0.287371,0.156081,-9.804548,-0.021254,0.028166,-1.046227,-1.036311,-0.000394,27.000000,0.013045,8.382278,0.003560,0.082835,-1.151917,0.106000,0.001000,127,0,1,34,34,-0.016259,-0.046456,-1.160340,0.439104,-0.340694,9.738441,-2.607107,-0.000394,0.030514,8,1,0,0.000000,0,3.601945,0.000000,0.013664,0,0.050772,0.000000,-0.061871,3.601945,0.050772,1,1,1,4.890271,0.000000,0.000000,0.000000,0.000000,0.000000,0.000000,0.000000
0.2901,8.382350,0.070785,-0.042007,-1.151917,0.021568,-0.046039,1,3.601945,63,0.285699,0.152888,8.382350,0.001466,3.487196,-0.042007,8.382374,3.592863,-0.042007,0.070785,-1.151917,0.012823,-0.469090,-40.805986,0.105667,0.002000,0.000473,0.002059,-0.000014,0.000473,0.285699,0.152888,-9.804647,0.004711,-0.003177,-1.149917,-1.048697,-0.000669,27.000000,0.013045,8.382374,0.001466,0.071330,-1.151917,0.106000,0.002000,132,0,1,34,34,0.000769,-0.009654,-1.191899,0.561802,0.636242,10.399127,-2.619494,-0.000669,0.030157,7,1,0,0.000000,0,3.601945,0.000000,0.021568,0,0.040229,0.000000,-0.046039,3.601945,0.040229,1,1,1,4.890289,0.000000,0.000000,0.000000,0.000000,0.000000,0.000000,0.000000
0.3001,8.382374,0.060937,-0.004762,-1.151917,0.037632,-0.060112,1,3.601945,73,0.286516,0.154858,8.382374,-0.000419,3.485671,-0.004762,8.382374,3.591241,-0.004762,0.060937,-1.151917,0.012873,-0.469090,-40.805986,0.105570,0.001000,0.000367,0.001873,-0.000082,0.000367,0.286516,0.154858,-9.804592,0.007706,0.004800,-1.150917,-1.060158,-0.001111,27.000000,0.013045,8.382374,-0.000419,0.061359,-1.151917,0.106000,0.001000,137,0,1,34,34,-0.007758,-0.010161,-1.155645,-0.136142,0.033092,9.646118,-2.630954,-0.001111,0.030118,7,1,0,0.000000,0,3.601945,0.000000,0.037632,0,0.030465,0.000000,-0.060112,3.601945,0.030465,1,1,1,4.890311,0.000000,0.000000,0.000000,0.000000,0.000000,0.000000,0.000000
0.3101,8.382526,0.050579,0.034286,-1.151917,0.030106,-0.043476,1,3.601945,81,0.288227,0.157055,8.382526,0.001466,3.485302,0.034286,8.382374,3.590516,0.034286,0.050579,-1.151917,0.013028,-0.469090,-40.805986,0.105214,-0.001000,0.002037,0.002018,-0.000173,0.002037,0.288227,0.157055,-9.804507,0.032604,-0.015339,-1.152917,-1.071233,-0.001482,27.000000,0.013045,8.382374,0.001466,0.050621,-1.151917,0.106000,-0.001000,142,0,1,34,34,-0.001377,0.021430,-1.119005,-0.135889,0.163778,9.905832,-2.642029,-0.001482,0.030157,7,1,0,0.000000,0,3.601945,0.000000,0.030106,0,0.021563,0.000000,-0.043476,3.601945,0.021563,1,1,1,4.890331,0.000000,0.000000,0.000000,0.000000,0.000000,0.000000,0.000000
0.3201,8.383067,0.039261,0.045738,-1.151917,0.028450,-0.017303,1,3.601945,93,0.287829,0.155449,8.383067,0.008692,3.484245,0.045738,8.383045,3.590050,0.045738,0.039261,-1.151917,0.012792,-0.469090,-40.805986,0.105805,0.001000,0.000540,0.002003,0.000142,0.000540,0.287829,0.155449,-9.804544,-0.017979,0.018326,-1.150917,-1.083008,-0.001897,27.000000,0.013045,8.383045,0.008692,0.039884,-1.151917,0.106000,0.001000,147,0,1,34,34,-0.007713,-0.038621,-1.104776,0.389138,-0.123994,9.223783,-2.653805,-0.001897,0.029944,7,1,0,0.000000,0,3.601945,0.000000,0.028450,0,0.013639,0.000000,-0.017303,3.601945,0.013639,1,1,1,4.890358,0.000000,0.000000,0.000000,0.000000,0.000000,0.000000,0.000000
0.3301,8.383143,0.029688,-0.089191,-0.942478,0.033535,-0.017645,1,3.601945,103,0.287882,0.156948,8.383143,-0.000419,3.483779,-0.089191,8.383141,3.589238,-0.089191,0.029688,-0.942478,0.012933,-0.469090,-40.805986,0.105459,0.000000,0.000238,0.001985,-0.000005,0.000238,0.287882,0.156948,-9.804519,0.009191,-0.013227,-0.942478,-1.093388,-0.002194,27.000000,0.013045,8.383141,-0.000419,0.029913,-0.942478,0.106000,0.000000,152,0,1,34,34,0.007209,0.001059,-1.031769,0.112116,0.373686,9.955956,-2.664184,-0.002194,0.029812,7,1,0,0.000000,0,3.601945,0.000000,0.033535,0,0.006866,0.000000,-0.017645,3.601945,0.006866,1,1,1,4.890997,0.000000,0.000000,0.000000,0.000000,0.000000,0.000000,0.000000
0.3401,8.383141,0.021476,0.026842,-0.942478,0.038818,-0.017507,1,3.601945,113,0.288689,0.157670,8.383141,0.000419,3.483138,0.026842,8.383141,3.588121,0.026842,0.021476,-0.942478,0.013045,-0.469090,-40.805986,0.104983,0.002000,0.000000,0.002029,-0.000131,0.000000,0.288689,0.157670,-9.804484,0.038616,-0.019964,-0.940441,-1.102714,-0.002398,27.000000,0.013045,8.383141,0.000419,0.021476,-0.942478,0.106000,0.002000,157,0,1,34,34,-0.001327,0.031529,-0.914088,-0.786027,0.134978,9.885980,-2.673510,-0.002398,0.029771,7,1,0,0.000000,0,3.601945,0.000000,0.038818,0,0.000998,0.000000,-0.017507,3.601945,0.000998,1,1,1,4.891183,0.000000,0.000000,0.000000,0.000000,0.000000,0.000000,0.000000
0.3501,8.383236,0.013719,-0.004688,-0.837758,0.042124,-0.011374,1,3.601945,123,0.290110,0.158235,8.383236,-0.000419,3.481460,-0.004688,8.383236,3.586915,-0.004688,0.013719,-0.837758,0.012997,-0.469090,-40.805986,0.105455,0.002000,0.000103,0.002153,-0.000000,0.000103,0.290110,0.158235,-9.804433,-0.011188,0.017580,-0.835758,-1.111669,-0.002733,27.000000,0.013045,8.383236,-0.000419,0.013806,-0.837758,0.106000,0.002000,162,0,1,34,34,-0.009780,-0.029321,-0.840136,-0.655049,-0.012186,8.640430,-2.682465,-0.002733,0.029796,7,1,0,0.000000,0,3.601945,0.000000,0.042124,0,-0.004293,0.000000,-0.011374,3.601945,-0.004293,1,1,1,4.891974,0.000000,0.000000,0.000000,0.000000,0.000000,0.000000,0.000000
0.3601,8.383171,0.005769,0.080617,-0.837758,0.032756,-0.001159,1,3.601945,133,0.288739,0.156886,8.383171,0.000419,3.480819,0.080617,8.383141,3.586690,0.080617,0.005769,-0.837758,0.012840,-0.469090,-40.805986,0.105871,0.002000,0.000438,0.002002,-0.000205,0.000438,0.288739,0.156886,-9.804495,-0.015230,0.015122,-0.835758,-1.119839,-0.002989,27.000000,0.013045,8.383141,0.000419,0.006136,-0.837758,0.106000,0.002000,167,0,1,34,34,-0.005484,-0.030443,-0.754812,-0.592741,0.333073,10.892990,-2.690636,-0.002989,0.029529,6,1,0,0.000000,0,3.601945,0.000000,0.032756,0,-0.009338,0.000000,-0.001159,3.601945,-0.009338,1,1,1,4.892319,0.000000,0.000000,0.000000,0.000000,0.000000,0.000000,0.000000
0.3701,8.383425,-0.000805,-0.037159,-0.628319,0.033747,-0.012852,1,3.601945,143,0.286075,0.158135,8.383425,0.002513,3.480889,-0.037159,8.383428,3.586420,-0.037159,-0.000805,-0.628319,0.013017,-0.469090,-40.805986,0.105532,0.000000,0.000061,0.001970,0.000157,0.000061,0.286075,0.158135,-9.804553,-0.012296,0.016013,-0.628319,-1.126682,-0.003133,27.000000,0.013045,8.383428,0.002513,-0.000767,-0.628319,0.106000,0.000000,172,0,1,34,34,-0.007596,-0.027366,-0.665178,0.436000,0.096781,9.159038,-2.697479,-0.003133,0.029153,7,1,0,0.000000,0,3.601945,0.000000,0.033747,0,-0.014465,0.000000,-0.012852,3.601945,-0.014465,1,1,1,4.892745,0.000000,0.000000,0.000000,0.000000,0.000000,0.000000,0.000000
0.3801,8.383440,-0.006950,0.063226,-0.628319,0.030925,-0.020058,1,3.601945,153,0.284846,0.158064,8.383440,-0.001466,3.480819,0.063226,8.383428,3.586431,0.063226,-0.006950,-0.628319,0.013010,-0.469090,-40.805986,0.105611,0.000000,0.000074,0.001973,-0.000414,0.000074,0.284846,0.158064,-9.804590,-0.010056,0.012304,-0.628319,-1.132814,-0.003310,27.000000,0.013045,8.383428,-0.001466,-0.006903,-0.628319,0.106000,0.000000,177,0,1,34,34,-0.005437,-0.022282,-0.564850,-1.003242,-0.253745,10.379594,-2.703610,-0.003310,0.028928,7,1,0,0.000000,0,3.601945,0.000000,0.030925,0,-0.020004,0.000000,-0.020058,3.601945,-0.020004,1,1,1,4.892890,0.000000,0.000000,0.000000,0.000000,0.000000,0.000000,0.000000
0.3901,8.383557,-0.013217,0.121008,-0.628319,0.021261,-0.026273,1,3.601945,163,0.282666,0.157806,8.383557,0.002513,3.481460,0.121008,8.383525,3.587245,0.121008,-0.013217,-0.628319,0.012912,-0.469090,-40.805986,0.105785,0.000000,0.000284,0.001971,-0.000021,0.000284,0.282666,0.157806,-9.804657,-0.000712,0.014248,-0.628319,-1.138263,-0.003560,27.000000,0.013045,8.383525,0.002513,-0.013039,-0.628319,0.106000,0.000000,182,0,1,34,34,-0.011832,-0.014518,-0.507165,0.035679,-0.163257,9.290152,-2.709059,-0.003560,0.028603,7,1,0,0.000000,0,3.601945,0.000000,0.021261,0,-0.026285,0.000000,-0.026273,3.601945,-0.026285,1,1,1,4.892952,0.000000,0.000000,0.000000,0.000000,0.000000,0.000000,0.000000
0.4001,8.383459,-0.017842,0.090637,-0.523599,0.029501,-0.058738,1,3.601945,173,0.280531,0.157055,8.383459,-0.001466,3.481332,0.090637,8.383428,3.587237,0.090637,-0.017842,-0.523599,0.012864,-0.469090,-40.805986,0.105905,0.000000,0.000385,0.002001,-0.000055,0.000385,0.280531,0.157055,-9.804730,-0.028779,-0.003644,-0.523599,-1.142896,-0.003659,27.000000,0.013045,8.383428,-0.001466,-0.017641,-0.523599,0.106000,0.000000,187,0,1,34,34,0.018089,-0.028247,-0.432634,-0.337814,0.121634,9.436327,-2.713692,-0.003659,0.028310,6,1,0,0.000000,0,3.601945,0.000000,0.029501,0,-0.033628,0.000000,-0.058738,3.601945,-0.033628,1,1,1,4.892984,0.000000,0.000000,0.000000,0.000000,0.000000,0.000000,0.000000
0.4101,8.383299,-0.022524,0.126000,-0.523599,0.022342,-0.076700,1,3.601945,183,0.279242,0.155624,8.383299,-0.000419,3.481821,0.126000,8.383236,3.587826,0.126000,-0.022524,-0.523599,0.012793,-0.469090,-40.805986,0.106005,-0.001000,0.000538,0.001982,-0.000333,0.000538,0.279242,0.155624,-9.804790,-0.009344,0.009579,-0.524599,-1.146989,-0.003714,27.000000,0.013045,8.383236,-0.000419,-0.022243,-0.523599,0.106000,-0.001000,192,0,1,34,34,-0.003258,-0.018077,-0.398400,-0.535552,0.136191,10.575225,-2.717785,-0.003714,0.028104,6,1,0,0.000000,0,3.601945,0.000000,0.022342,0,-0.042070,0.000000,-0.076700,3.601945,-0.042070,1,1,1,4.893014,0.000000,0.000000,0.000000,0.000000,0.000000,0.000000,0.000000
0.4201,8.383428,-0.027611,0.195835,-0.628319,0.015718,-0.089183,1,3.601945,193,0.275834,0.158491,8.383428,0.002513,3.483326,0.195835,8.383428,3.588869,0.195835,-0.027611,-0.628319,0.013045,-0.469090,-40.805986,0.105544,-0.001000,0.000000,0.002172,-0.000359,0.000000,0.275834,0.158491,-9.804840,-0.028919,0.036912,-0.629358,-1.151030,-0.003887,27.000000,0.013045,8.383428,0.002513,-0.027611,-0.628319,0.106000,-0.001000,197,0,1,34,34,-0.016042,-0.049714,-0.432911,0.692551,-0.055971,8.372895,-2.721827,-0.003887,0.027665,7,1,0,0.000000,0,3.601945,0.000000,0.015718,0,-0.051332,0.000000,-0.089183,3.601945,-0.051332,1,1,1,4.893041,0.000000,0.000000,0.000000,0.000000,0.000000,0.000000,0.000000
0.4301,8.383484,-0.033414,0.241830,-0.733038,0.017173,-0.095541,1,3.601945,203,0.270915,0.156585,8.383484,-0.002513,3.483560,0.241830,8.383332,3.589618,0.241830,-0.033414,-0.733038,0.012767,-0.469090,-40.805986,0.106057,-0.002000,0.000592,0.001870,-0.000428,0.000592,0.270915,0.156585,-9.805008,-0.034282,0.025479,-0.735038,-1.156082,-0.004113,27.000000,0.013045,8.383332,-0.002513,-0.032980,-0.733038,0.106000,-0.002000,1,0,1,34,34,-0.003253,-0.048883,-0.492625,-0.141762,-0.050342,10.985135,-2.726878,-0.004113,0.027071,7,1,0,0.000000,0,3.601945,0.000000,0.017173,0,-0.061143,0.000000,-0.095541,3.601945,-0.061143,1,1,1,4.893066,0.000000,0.000000,0.000000,0.000000,0.000000,0.000000,0.000000
0.4401,8.383395,-0.039510,0.097046,-0.628319,0.013299,-0.103604,1,3.601945,213,0.266570,0.155771,8.383395,-0.001466,3.484579,0.097046,8.383332,3.590564,0.097046,-0.039510,-0.628319,0.012751,-0.469090,-40.805986,0.105985,0.000000,0.000627,0.002016,-0.000210,0.000627,0.266570,0.155771,-9.805140,-0.027059,0.011060,-0.628319,-1.161233,-0.004194,27.000000,0.013045,8.383332,-0.001466,-0.039116,-0.628319,0.106000,0.000000,6,0,1,34,34,-0.007549,-0.033455,-0.528715,0.713749,0.189015,9.447259,-2.731658,-0.004191,0.026563,6,1,0,0.000000,0,3.601945,0.000000,0.013299,0,-0.071251,0.000000,-0.103604,3.601945,-0.071251,1,1,1,4.893087,0.000000,0.000000,0.000000,0.000000,0.000000,0.000000,0.000000
0.4501,8.383346,-0.045412,0.162098,-0.733038,0.017189,-0.114719,1,3.601945,223,0.265651,0.157711,8.383346,0.000419,3.485297,0.162098,8.383332,3.591028,0.162098,-0.045412,-0.733038,0.012943,-0.469090,-40.805986,0.105732,-0.002000,0.000217,0.002182,-0.000139,0.000217,0.265651,0.157711,-9.805134,0.015063,-0.000698,-0.735038,-1.166667,-0.004352,27.000000,0.013045,8.383332,0.000419,-0.045252,-0.733038,0.106000,-0.002000,11,0,1,34,34,-0.007603,0.005605,-0.573061,-0.447029,-0.072458,11.214405,-2.737464,-0.004352,0.026325,7,1,0,0.000000,0,3.601945,0.000000,0.017189,0,-0.081422,0.000000,-0.114719,3.601945,-0.081422,1,1,1,4.893106,0.000000,0.000000,0.000000,0.000000,0.000000,0.000000,0.000000
0.4601,8.383260,-0.051544,0.107670,-0.733038,0.019121,-0.118952,1,3.601945,233,0.265504,0.159235,8.383260,-0.000419,3.485562,0.107670,8.383236,3.591255,0.107670,-0.051544,-0.733038,0.012945,-0.469090,-40.805986,0.105693,-0.001000,0.000213,0.001999,-0.000228,0.000213,0.265504,0.159235,-9.805114,0.019661,0.011525,-0.734038,-1.172567,-0.004665,27.000000,0.013045,8.383236,-0.000419,-0.051388,-0.733038,0.106000,-0.001000,16,0,1,34,34,-0.020423,0.002003,-0.626446,0.199577,-0.093861,9.874751,-2.743364,-0.004665,0.026196,7,1,0,0.000000,0,3.601945,0.000000,0.019121,0,-0.091466,0.000000,-0.118952,3.601945,-0.091466,1,1,1,4.893122,0.000000,0.000000,0.000000,0.000000,0.000000,0.000000,0.000000
0.4701,8.383245,-0.058392,0.058834,-0.733038,0.016103,-0.113833,1,3.601945,243,0.264440,0.160233,8.383245,0.002513,3.486020,0.058834,8.383236,3.591694,0.058834,-0.058392,-0.733038,0.012980,-0.469090,-40.805986,0.105674,0.000000,0.000138,0.002014,-0.000136,0.000138,0.264440,0.160233,-9.805126,-0.026555,0.008855,-0.733038,-1.178971,-0.004904,27.000000,0.013045,8.383236,0.002513,-0.058291,-0.733038,0.106000,0.000000,21,0,1,34,34,0.007353,-0.035758,-0.673797,-0.004558,0.231590,9.064402,-2.749768,-0.004904,0.025960,6,1,0,0.000000,0,3.601945,0.000000,0.016103,0,-0.101146,0.000000,-0.113833,3.601945,-0.101146,1,1,1,4.893137,0.000000,0.000000,0.000000,0.000000,0.000000,0.000000,0.000000
0.4801,8.383236,-0.065961,-0.018111,-0.733038,0.014869,-0.104022,1,3.601945,253,0.261738,0.160362,8.383236,0.001466,3.486077,-0.018111,8.383236,3.592164,-0.018111,-0.065961,-0.733038,0.013045,-0.469090,-40.805986,0.106087,0.000000,0.000000,0.001978,-0.000059,0.000000,0.261738,0.160362,-9.805196,-0.035420,0.007388,-0.733069,-1.186070,-0.005030,27.000000,0.013045,8.383236,0.001466,-0.065961,-0.733038,0.106000,0.000000,26,0,1,34,34,0.013742,-0.043267,-0.750679,-0.170794,0.412523,11.449148,-2.756867,-0.005030,0.025548,6,1,0,0.000000,0,3.601945,0.000000,0.014869,0,-0.110258,0.000000,-0.104022,3.601945,-0.110258,1,1,1,4.893150,0.000000,0.000000,0.000000,0.000000,0.000000,0.000000,0.000000
0.4901,8.383161,-0.074168,0.029511,-0.837758,0.020323,-0.090928,1,3.601945,7,0.259509,0.157009,8.383161,-0.001466,3.486150,0.029511,8.383141,3.592100,0.029511,-0.074168,-0.837758,0.012744,-0.469090,-40.805986,0.105950,0.000000,0.000641,0.002009,-0.000295,0.000641,0.259509,0.157009,-9.805310,-0.002221,0.015998,-0.837758,-1.194340,-0.005182,27.000000,0.013045,8.383141,-0.001466,-0.073631,-0.837758,0.106000,0.000000,31,0,1,34,34,-0.005522,-0.008394,-0.805756,0.693189,0.204812,8.940171,-2.764571,-0.005161,0.025223,6,1,0,0.000000,0,3.601945,0.000000,0.020323,0,-0.118660,0.000000,-0.090928,3.601945,-0.118660,1,1,1,4.893165,0.000000,0.000000,0.000000,0.000000,0.000000,0.000000,0.000000
0.5001,8.383214,-0.081509,-0.084323,-0.733038,0.027077,-0.092435,1,3.601945,17,0.259373,0.159497,8.383214,0.001466,3.485868,-0.084323,8.383236,3.591485,-0.084323,-0.081509,-0.733038,0.012912,-0.469090,-40.805986,0.105617,0.001000,0.000284,0.002141,0.000166,0.000284,0.259373,0.159497,-9.805273,0.013425,0.007776,-0.732038,-1.202291,-0.005451,27.000000,0.013045,8.383236,0.001466,-0.081301,-0.733038,0.106000,0.001000,36,0,1,34,34,-0.014069,-0.004002,-0.816378,-0.075080,0.346230,11.400693,-2.773088,-0.005451,0.025031,7,1,0,0.000000,0,3.601945,0.000000,0.027077,0,-0.126288,0.000000,-0.092435,3.601945,-0.126288,1,1,1,4.893177,0.000000,0.000000,0.000000,0.000000,0.000000,0.000000,0.000000
0.5101,8.383237,-0.090048,0.008603,-0.837758,0.015338,-0.066466,1,3.601945,27,0.260347,0.159673,8.383237,0.000419,3.486240,0.008603,8.383236,3.591950,0.008603,-0.090048,-0.837758,0.012871,-0.469090,-40.805986,0.105710,0.000000,0.000371,0.001982,-0.000024,0.000371,0.260347,0.159673,-9.805245,0.012504,0.005747,-0.837758,-1.210360,-0.005731,27.000000,0.013045,8.383236,0.000419,-0.089738,-0.837758,0.106000,0.000000,41,0,1,34,34,-0.011938,-0.003826,-0.829174,0.138408,0.205456,8.863254,-2.781157,-0.005731,0.024971,7,1,0,0.000000,0,3.601945,0.000000,0.015338,0,-0.132903,0.000000,-0.066466,3.601945,-0.132903,1,1,1,4.893194,0.000000,0.000000,0.000000,0.000000,0.000000,0.000000,0.000000
0.5201,8.383427,-0.097516,-0.009074,-0.837758,0.030994,-0.061520,1,3.601945,37,0.259586,0.161881,8.383427,0.001466,3.485451,-0.009074,8.383428,3.591033,-0.009074,-0.097516,-0.837758,0.012985,-0.469090,-40.805986,0.105582,0.000000,0.000129,0.002166,-0.000009,0.000129,0.259586,0.161881,-9.805229,-0.016519,0.008231,-0.837758,-1.218739,-0.006020,27.000000,0.013045,8.383428,0.001466,-0.097408,-0.837758,0.106000,0.000000,46,0,1,34,34,0.003026,-0.029200,-0.846524,-0.172329,-0.192627,10.112777,-2.789535,-0.006020,0.024732,6,1,0,0.000000,0,3.601945,0.000000,0.030994,0,-0.138355,0.000000,-0.061520,3.601945,-0.138355,1,1,1,4.893209,0.000000,0.000000,0.000000,0.000000,0.000000,0.000000,0.000000
0.5301,8.383333,-0.104348,0.036859,-0.837758,0.037681,-0.054243,1,3.601945,47,0.259996,0.162299,8.383333,-0.002513,3.484254,0.036859,8.383332,3.589712,0.036859,-0.104348,-0.837758,0.013024,-0.469090,-40.805986,0.105458,0.000000,0.000044,0.002022,0.000039,0.000044,0.259996,0.162299,-9.805211,0.025547,-0.011887,-0.837758,-1.226890,-0.006196,27.000000,0.013045,8.383332,-0.002513,-0.104311,-0.837758,0.106000,0.000000,51,0,1,34,34,-0.005548,0.017193,-0.801191,-0.220294,0.109324,10.441175,-2.797686,-0.006196,0.024639,7,1,0,0.000000,0,3.601945,0.000000,0.037681,0,-0.142901,0.000000,-0.054243,3.601945,-0.142901,1,1,1,4.893227,0.000000,0.000000,0.000000,0.000000,0.000000,0.000000,0.000000
0.5401,8.383525,-0.111980,-0.061617,-0.733038,0.025934,-0.033150,1,3.601945,57,0.259209,0.162750,8.383525,0.001466,3.482760,-0.061617,8.383525,3.589590,-0.061617,-0.111980,-0.733038,0.013045,-0.469090,-40.805986,0.106830,0.001000,0.000000,0.002019,0.000227,0.000000,0.259209,0.162750,-9.805224,-0.022630,0.013097,-0.732063,-1.234642,-0.006399,27.000000,0.013045,8.383525,0.001466,-0.111980,-0.733038,0.106000,0.001000,56,0,1,34,34,0.003049,-0.036319,-0.793274,-0.081705,0.375686,9.008377,-2.805438,-0.006399,0.024406,6,1,0,0.000000,0,3.601945,0.000000,0.025934,0,-0.146870,0.000000,-0.033150,3.601945,-0.146870,1,1,1,4.893249,0.000000,0.000000,0.000000,0.000000,0.000000,0.000000,0.000000
0.5501,8.383908,-0.118883,0.083981,-0.733038,0.033321,-0.031620,1,3.601945,67,0.258169,0.162671,8.383908,0.004503,3.483717,0.083981,8.383908,3.588872,0.083981,-0.118883,-0.733038,0.013045,-0.469090,-40.805986,0.105155,0.001000,0.000000,0.002019,-0.000073,0.000000,0.258169,0.162671,-9.805253,-0.015321,-0.000241,-0.836769,-1.242260,-0.006546,27.000000,0.013045,8.383908,0.004503,-0.118883,-0.733038,0.106000,0.001000,61,0,1,34,34,0.009450,-0.021881,-0.752567,-0.628717,0.068753,11.387974,-2.813057,-0.006546,0.024167,6,1,0,0.000000,0,3.601945,0.000000,0.033321,0,-0.150593,0.000000,-0.031620,3.601945,-0.150593,1,1,1,4.893272,0.000000,0.000000,0.000000,0.000000,0.000000,0.000000,0.000000
0.5601,8.383893,-0.126128,-0.019197,-0.628319,0.027525,-0.022145,1,3.601945,77,0.258141,0.159081,8.383893,0.000419,3.482889,-0.019197,8.383908,3.588757,-0.019197,-0.126128,-0.628319,0.012790,-0.469090,-40.805986,0.105869,0.000000,0.000543,0.001968,-0.000013,0.000543,0.258141,0.159081,-9.805313,0.010355,-0.014507,-0.628319,-1.249620,-0.006612,27.000000,0.013045,8.383908,0.000419,-0.125786,-0.628319,0.106000,0.000000,66,0,1,34,34,0.005179,0.008771,-0.647681,-1.696557,-0.524261,8.242220,-2.820417,-0.006612,0.024068,7,1,0,0.000000,0,3.601945,0.000000,0.027525,0,-0.154398,0.000000,-0.022145,3.601945,-0.154398,1,1,1,4.893298,0.000000,0.000000,0.000000,0.000000,0.000000,0.000000,0.000000
0.5701,8.383854,-0.131349,0.040083,-0.628319,0.036647,-0.042266,1,3.601945,87,0.259242,0.160537,8.383854,-0.001466,3.482139,0.040083,8.383812,3.587901,0.040083,-0.131349,-0.628319,0.012900,-0.469090,-40.805986,0.105763,0.000000,0.000308,0.001968,-0.000320,0.000308,0.259242,0.160537,-9.805260,0.003426,0.006954,-0.628319,-1.255694,-0.006789,27.000000,0.013045,8.383812,-0.001466,-0.131155,-0.628319,0.106000,0.000000,71,0,1,34,34,-0.007592,-0.009155,-0.588166,-0.581757,0.110207,11.130018,-2.826490,-0.006789,0.024058,7,1,0,0.000000,0,3.601945,0.000000,0.036647,0,-0.158430,0.000000,-0.042266,3.601945,-0.158430,1,1,1,4.893325,0.000000,0.000000,0.000000,0.000000,0.000000,0.000000,0.000000
0.5801,8.383908,-0.136524,0.089495,-0.628319,0.031135,-0.039899,1,3.601945,97,0.260483,0.162275,8.383908,0.000419,3.481367,0.089495,8.383908,3.587647,0.089495,-0.136524,-0.628319,0.013045,-0.469090,-40.805986,0.106280,0.000000,0.000000,0.001992,-0.000171,0.000000,0.260483,0.162275,-9.805198,0.009009,-0.008289,-0.628308,-1.261119,-0.006962,27.000000,0.013045,8.383908,0.000419,-0.136524,-0.628319,0.106000,0.000000,76,0,1,34,34,0.000945,0.005176,-0.538926,-0.662726,0.280713,9.705686,-2.831915,-0.006962,0.024057,7,1,0,0.000000,0,3.601945,0.000000,0.031135,0,-0.162416,0.000000,-0.039899,3.601945,-0.162416,1,1,1,4.893353,0.000000,0.000000,0.000000,0.000000,0.000000,0.000000,0.000000
0.5901,8.383972,-0.141400,0.023734,-0.523599,0.035895,-0.036617,1,3.601945,107,0.257480,0.160753,8.383972,-0.000419,3.481082,0.023734,8.383908,3.587039,0.023734,-0.141400,-0.523599,0.012800,-0.469090,-40.805986,0.105957,0.000000,0.000523,0.001965,-0.000214,0.000523,0.257480,0.160753,-9.805303,-0.042195,0.032215,-0.523599,-1.266602,-0.007127,27.000000,0.013045,8.383908,-0.000419,-0.141126,-0.523599,0.106000,0.000000,81,0,1,34,34,0.001025,-0.059471,-0.499144,-0.372710,-0.062756,10.429776,-2.837398,-0.007127,0.023678,6,1,0,0.000000,0,3.601945,0.000000,0.035895,0,-0.166028,0.000000,-0.036617,3.601945,-0.166028,1,1,1,4.893385,0.000000,0.000000,0.000000,0.000000,0.000000,0.000000,0.000000
0.6001,8.383954,-0.146634,0.075982,-0.523599,0.023383,-0.021350,1,3.601945,117,0.255747,0.162233,8.383954,0.002513,3.481763,0.075982,8.383908,3.587575,0.075982,-0.146634,-0.523599,0.012921,-0.469090,-40.805986,0.105812,0.002000,0.000265,0.002000,-0.000313,0.000265,0.255747,0.162233,-9.805324,-0.011738,0.010880,-0.521599,-1.271298,-0.007253,27.000000,0.013045,8.383908,0.002513,-0.146495,-0.523599,0.106000,0.002000,86,0,1,34,34,-0.001133,-0.021721,-0.445374,-0.096366,-0.114912,10.017902,-2.842095,-0.007253,0.023377,7,1,0,0.000000,0,3.601945,0.000000,0.023383,0,-0.168936,0.000000,-0.021350,3.601945,-0.168936,1,1,1,4.893413,0.000000,0.000000,0.000000,0.000000,0.000000,0.000000,0.000000
0.6101,8.383927,-0.150379,0.058514,-0.418879,0.031346,-0.022197,1,3.601945,127,0.252862,0.162743,8.383927,-0.001466,3.481574,0.058514,8.383908,3.587358,0.058514,-0.150379,-0.418879,0.012990,-0.469090,-40.805986,0.105783,0.000000,0.000117,0.001981,-0.000300,0.000117,0.252862,0.162743,-9.805390,-0.020447,0.006983,-0.418879,-1.275262,-0.007278,27.000000,0.013045,8.383908,-0.001466,-0.150330,-0.418879,0.106000,0.000000,91,0,1,34,34,0.007434,-0.024967,-0.360071,0.291943,0.250167,9.122204,-2.846058,-0.007278,0.023002,7,1,0,0.000000,0,3.601945,0.000000,0.031346,0,-0.170814,0.000000,-0.022197,3.601945,-0.170814,1,1,1,4.893443,0.000000,0.000000,0.000000,0.000000,0.000000,0.000000,0.000000
0.6201,8.383911,-0.154178,0.063355,-0.314159,0.018786,-0.003145,1,3.601945,137,0.254103,0.162858,8.383911,0.000419,3.482402,0.063355,8.383908,3.588224,0.063355,-0.154178,-0.314159,0.013026,-0.469090,-40.805986,0.105821,-0.002000,0.000041,0.001973,-0.000020,0.000041,0.254103,0.162858,-9.805356,0.013943,-0.007180,-0.316159,-1.278193,-0.007361,27.000000,0.013045,8.383908,0.000419,-0.154165,-0.314159,0.106000,-0.002000,96,0,1,34,34,-0.003247,0.012049,-0.252983,-0.532855,0.208934,11.657416,-2.848990,-0.007361,0.023048,7,1,0,0.000000,0,3.601945,0.000000,0.018786,0,-0.171469,0.000000,-0.003145,3.601945,-0.171469,1,1,1,4.893471,0.000000,0.000000,0.000000,0.000000,0.000000,0.000000,0.000000
0.6301,8.383932,-0.155765,0.085709,-0.209440,0.032547,-0.008567,1,3.601945,147,0.254901,0.161638,8.383932,-0.000419,3.481824,0.085709,8.383908,3.587798,0.085709,-0.155765,-0.209440,0.012896,-0.469090,-40.805986,0.105974,-0.003000,0.000318,0.002163,-0.000184,0.000318,0.254901,0.161638,-9.805356,0.020952,-0.010225,-0.212440,-1.280205,-0.007417,27.000000,0.013045,8.383908,-0.000419,-0.155699,-0.209440,0.106000,-0.003000,101,0,1,34,34,-0.005354,0.021055,-0.127013,0.040976,0.006353,7.942429,-2.851002,-0.007417,0.023116,6,1,0,0.000000,0,3.601945,0.000000,0.032547,0,-0.170889,0.000000,-0.008567,3.601945,-0.170889,1,1,1,4.893499,0.000000,0.000000,0.000000,0.000000,0.000000,0.000000,0.000000
0.6401,8.383900,-0.156466,-0.050374,0.000000,0.028742,-0.000056,1,3.601945,157,0.256945,0.161126,8.383900,0.000419,3.481814,-0.050374,8.383908,3.587761,-0.050374,-0.156466,0.000000,0.012969,-0.469090,-40.805986,0.105947,0.000000,0.000161,0.002001,0.000289,0.000161,0.256945,0.161126,-9.805311,0.000753,-0.004787,0.000000,-1.280944,-0.007341,27.000000,0.013045,8.383908,0.000419,-0.156466,0.000000,0.106000,0.000000,106,0,1,34,34,0.003226,0.002963,-0.050416,-0.867337,0.151500,11.647051,-2.851741,-0.007341,0.023316,7,1,0,0.000000,0,3.601945,0.000000,0.028742,0,-0.169073,0.000000,-0.000056,3.601945,-0.169073,1,1,1,4.893527,0.000000,0.000000,0.000000,0.000000,0.000000,0.000000,0.000000
0.6501,8.383929,-0.155699,0.044641,0.000000,0.037009,0.002192,1,3.601945,167,0.257426,0.159224,8.383929,0.000419,3.481027,0.044641,8.383908,3.587041,0.044641,-0.155699,0.000000,0.012797,-0.469090,-40.805986,0.106014,0.001000,0.000528,0.002114,-0.000052,0.000528,0.257426,0.159224,-9.805329,-0.000898,-0.006226,0.001000,-1.280898,-0.007311,27.000000,0.013045,8.383908,0.000419,-0.155699,0.000000,0.106000,0.001000,111,0,1,34,34,0.005388,0.003830,0.045595,-0.284842,0.367176,8.137250,-2.851694,-0.007311,0.023410,7,1,0,0.000000,0,3.601945,0.000000,0.037009,0,-0.166023,0.000000,0.002192,3.601945,-0.166023,1,1,1,4.893557,0.000000,0.000000,0.000000,0.000000,0.000000,0.000000,0.000000
0.6601,8.383827,-0.154932,0.096528,0.000000,0.028811,0.021584,1,3.601945,177,0.257546,0.160764,8.383827,-0.001466,3.481073,0.096528,8.383812,3.587124,0.096528,-0.154932,0.000000,0.012973,-0.469090,-40.805986,0.106051,0.002000,0.000153,0.002004,-0.000300,0.000153,0.257546,0.160764,-9.805301,-0.012553,0.008763,0.002000,-1.280048,-0.007274,27.000000,0.013045,8.383812,-0.001466,-0.154932,0.000000,0.106000,0.002000,116,0,1,34,34,0.001153,-0.013986,0.098718,-0.709703,-0.231416,9.355974,-2.850845,-0.007274,0.023413,7,1,0,0.000000,0,3.601945,0.000000,0.028811,0,-0.161736,0.000000,0.021584,3.601945,-0.161736,1,1,1,4.893586,0.000000,0.000000,0.000000,0.000000,0.000000,0.000000,0.000000
0.6701,8.383924,-0.154165,0.203234,0.000000,0.020755,0.043446,1,3.601945,187,0.256233,0.160161,8.383924,0.000419,3.481760,0.203234,8.383908,3.587865,0.203234,-0.154165,0.000000,0.013006,-0.469090,-40.805986,0.106104,0.000000,0.000083,0.001989,-0.000366,0.000083,0.256233,0.160161,-9.805345,-0.012117,0.000100,0.000000,-1.278544,-0.007142,27.000000,0.013045,8.383908,0.000419,-0.154165,0.000000,0.106000,0.000000,121,0,1,34,34,0.007580,-0.006809,0.203340,0.047311,0.241804,10.567096,-2.849340,-0.007142,0.023305,6,1,0,0.000000,0,3.601945,0.000000,0.020755,0,-0.156215,0.000000,0.043446,3.601945,-0.156215,1,1,1,4.893615,0.000000,0.000000,0.000000,0.000000,0.000000,0.000000,0.000000
0.6801,8.384001,-0.150999,0.106812,0.209440,0.033924,0.038992,1,3.601945,197,0.255140,0.157681,8.384001,0.001466,3.481280,0.106812,8.383908,3.587384,0.106812,-0.150999,0.209440,0.012825,-0.469090,-40.805986,0.106105,0.000000,0.000468,0.002018,-0.000470,0.000468,0.255140,0.157681,-9.805414,-0.010386,0.006858,0.209440,-1.275862,-0.006982,27.000000,0.013045,8.383908,0.001466,-0.151097,0.209440,0.106000,0.000000,126,0,1,34,34,0.001211,-0.008330,0.316384,-0.146603,0.225386,9.561910,-2.846659,-0.006982,0.023297,7,1,0,0.000000,0,3.601945,0.000000,0.033924,0,-0.149458,0.000000,0.038992,3.601945,-0.149458,1,1,1,4.893644,0.000000,0.000000,0.000000,0.000000,0.000000,0.000000,0.000000
0.6901,8.383865,-0.147131,0.123418,0.314159,0.028993,0.052572,1,3.601945,207,0.256336,0.157699,8.383865,0.000419,3.481243,0.123418,8.383812,3.587395,0.123418,-0.147131,0.314159,0.012849,-0.469090,-40.805986,0.106152,-0.003000,0.000417,0.001942,-0.000140,0.000417,0.256336,0.157699,-9.805382,0.024498,-0.013016,0.311159,-1.271985,-0.006888,27.000000,0.013045,8.383812,0.000419,-0.147262,0.314159,0.106000,-0.003000,131,0,1,34,34,-0.005202,0.032830,0.434191,-0.668161,0.234113,11.159920,-2.842781,-0.006888,0.023494,7,1,0,0.000000,0,3.601945,0.000000,0.028993,0,-0.141466,0.000000,0.052572,3.601945,-0.141466,1,1,1,4.893674,0.000000,0.000000,0.000000,0.000000,0.000000,0.000000,0.000000
0.7001,8.383908,-0.142660,0.101399,0.418879,0.027678,0.068412,1,3.601945,217,0.256892,0.159357,8.383908,-0.000419,3.482161,0.101399,8.383908,3.587514,0.101399,-0.142660,0.418879,0.013045,-0.469090,-40.805986,0.105353,-0.003000,0.000000,0.002183,-0.000177,0.000000,0.256892,0.159357,-9.805341,-0.000245,-0.009587,0.415885,-1.267397,-0.006762,27.000000,0.013045,8.383908,-0.000419,-0.142660,0.418879,0.106000,-0.003000,136,0,1,34,34,0.007652,0.012529,0.517165,0.263177,0.024553,8.804094,-2.838193,-0.006762,0.023614,6,1,0,0.000000,0,3.601945,0.000000,0.027678,0,-0.132238,0.000000,0.068412,3.601945,-0.132238,1,1,1,4.893702,0.000000,0.000000,0.000000,0.000000,0.000000,0.000000,0.000000
0.7101,8.384129,-0.137032,0.215708,0.418879,0.023442,0.078865,1,3.601945,227,0.256850,0.154245,8.384129,0.001466,3.481803,0.215708,8.384004,3.587965,0.215708,-0.137032,0.418879,0.012755,-0.469090,-40.805986,0.106163,0.000000,0.000618,0.002026,-0.000270,0.000618,0.256850,0.154245,-9.805424,-0.015658,-0.024625,0.418879,-1.261325,-0.006402,27.000000,0.013045,8.384004,0.001466,-0.137291,0.418879,0.106000,0.000000,141,0,1,34,34,0.029039,0.002653,0.621601,-0.126873,-0.078583,9.396172,-2.832565,-0.006432,0.023782,6,1,0,0.000000,0,3.601945,0.000000,0.023442,0,-0.121775,0.000000,0.078865,3.601945,-0.121775,1,1,1,4.893732,0.000000,0.000000,0.000000,0.000000,0.000000,0.000000,0.000000
0.7201,8.384028,-0.129226,0.018575,0.733038,0.038644,0.077221,1,3.601945,237,0.257744,0.152533,8.384028,-0.001466,3.480965,0.018575,8.383908,3.587075,0.018575,-0.129226,0.733038,0.012792,-0.469090,-40.805986,0.106110,0.003000,0.000539,0.001939,-0.000309,0.000539,0.257744,0.152533,-9.805427,0.015342,-0.021627,0.736038,-1.254417,-0.006017,27.000000,0.013045,8.383908,-0.001466,-0.129621,0.733038,0.106000,0.003000,146,0,1,34,34,0.007698,0.035025,0.754227,-0.089799,-0.063934,8.984814,-2.825214,-0.006017,0.024054,7,1,0,0.000000,0,3.601945,0.000000,0.038644,0,-0.110077,0.000000,0.077221,3.601945,-0.110077,1,1,1,4.893761,0.000000,0.000000,0.000000,0.000000,0.000000,0.000000,0.000000
0.7301,8.383816,-0.121638,0.011134,0.837758,0.023788,0.102445,1,3.601945,247,0.260697,0.151644,8.383816,0.002513,3.481316,0.011134,8.383812,3.587571,0.011134,-0.121638,0.837758,0.012870,-0.469090,-40.805986,0.106256,0.002000,0.000374,0.002111,-0.000111,0.000374,0.260697,0.151644,-9.805363,0.022361,-0.029435,0.839758,-1.246338,-0.005704,27.000000,0.013045,8.383812,0.002513,-0.121951,0.837758,0.106000,0.002000,151,0,1,34,34,0.009848,0.046577,0.850363,-0.594383,-0.309264,9.470112,-2.817135,-0.005704,0.024505,7,1,0,0.000000,0,3.601945,0.000000,0.023788,0,-0.097143,0.000000,0.102445,3.601945,-0.097143,1,1,1,4.893849,0.000000,0.000000,0.000000,0.000000,0.000000,0.000000,0.000000
0.7401,8.383962,-0.112328,0.023150,0.942478,0.031709,0.107291,1,3.601945,1,0.262426,0.149795,8.383962,0.001466,3.481098,0.023150,8.383908,3.587324,0.023150,-0.112328,0.942478,0.012836,-0.469090,-40.805986,0.106226,0.000000,0.000445,0.001862,-0.000303,0.000445,0.262426,0.149795,-9.805345,0.005251,-0.018961,0.942478,-1.237281,-0.005341,27.000000,0.013045,8.383908,0.001466,-0.112747,0.942478,0.106000,0.000000,156,0,1,34,34,0.012036,0.027956,0.965348,0.218501,-0.149455,9.730648,-2.808078,-0.005341,0.024874,7,1,0,0.000000,0,3.601945,0.000000,0.031709,0,-0.082974,0.000000,0.107291,3.601945,-0.082974,1,1,1,4.893877,0.000000,0.000000,0.000000,0.000000,0.000000,0.000000,0.000000
0.7501,8.383983,-0.101567,0.070504,1.047198,0.030622,0.114428,1,3.601945,11,0.265413,0.148228,8.383983,-0.000419,3.480903,0.070504,8.383908,3.587209,0.070504,-0.101567,1.047198,0.012847,-0.469090,-40.805986,0.106306,0.000000,0.000423,0.002172,-0.000348,0.000423,0.265413,0.148228,-9.805289,0.032190,-0.022613,1.047198,-1.226642,-0.004934,27.000000,0.013045,8.383908,-0.000419,-0.102010,1.047198,0.106000,0.000000,161,0,1,34,34,-0.000754,0.053687,1.117104,0.408284,0.186612,9.628874,-2.797439,-0.004934,0.025387,7,1,0,0.000000,0,3.601945,0.000000,0.030622,0,-0.067570,0.000000,0.114428,3.601945,-0.067570,1,1,1,4.894053,0.000000,0.000000,0.000000,0.000000,0.000000,0.000000,0.000000
0.7601,8.384004,-0.089738,0.103879,1.151917,0.035391,0.125663,1,3.601945,21,0.268812,0.150830,8.384004,0.001466,3.480596,0.103879,8.384004,3.586716,0.103879,-0.089738,1.151917,0.013045,-0.469090,-40.805986,0.106120,-0.001000,0.000000,0.002138,0.000008,0.000000,0.268812,0.150830,-9.805156,0.059358,-0.025710,1.150981,-1.215307,-0.004729,27.000000,0.013045,8.384004,0.001466,-0.089738,1.151917,0.106000,-0.001000,166,0,1,34,34,-0.013549,0.079615,1.253929,-0.031158,-0.031900,9.492406,-2.786104,-0.004729,0.025917,7,1,0,0.000000,0,3.601945,0.000000,0.035391,0,-0.050935,0.000000,0.125663,3.601945,-0.050935,1,1,1,4.894081,0.000000,0.000000,0.000000,0.000000,0.000000,0.000000,0.000000
0.7701,8.383735,-0.075428,0.053324,1.361357,0.035083,0.118993,1,3.601945,31,0.273180,0.150392,8.383735,-0.002513,3.479883,0.053324,8.383717,3.586331,0.053324,-0.075428,1.361357,0.012871,-0.469090,-40.805986,0.106448,-0.001000,0.000370,0.001965,-0.000295,0.000370,0.273180,0.150392,-9.805042,0.021930,0.006378,1.360357,-1.201384,-0.004519,27.000000,0.013045,8.383717,-0.002513,-0.075932,1.361357,0.106000,-0.001000,171,0,1,34,34,-0.017722,0.032601,1.413379,-0.459394,-0.257712,9.949239,-2.772180,-0.004519,0.026616,7,1,0,0.000000,0,3.601945,0.000000,0.035083,0,-0.033176,0.000000,0.118993,3.601945,-0.033176,1,1,1,4.894197,0.000000,0.000000,0.000000,0.000000,0.000000,0.000000,0.000000
0.7801,8.384021,-0.060992,-0.030021,1.570796,0.030563,0.134859,1,3.601945,41,0.277998,0.150858,8.384021,0.001466,3.479716,-0.030021,8.384004,3.586386,-0.030021,-0.060992,1.570796,0.012935,-0.469090,-40.805986,0.106671,0.000000,0.000234,0.001992,-0.000143,0.000234,0.277998,0.150858,-9.804900,0.049763,-0.037740,1.570796,-1.186897,-0.004147,27.000000,0.013045,8.384004,0.001466,-0.061359,1.570796,0.106000,0.000000,176,0,1,34,34,0.003609,0.082276,1.539840,-0.891674,0.165257,9.752229,-2.757693,-0.004147,0.027352,7,1,0,0.000000,0,3.601945,0.000000,0.030563,0,-0.014544,0.000000,0.134859,3.601945,-0.014544,1,1,1,4.894926,0.000000,0.000000,0.000000,0.000000,0.000000,0.000000,0.000000
0.7901,8.383950,-0.043816,0.117249,1.570796,0.036816,0.117461,1,3.601945,51,0.281295,0.149724,8.383950,0.000419,3.479442,0.117249,8.383908,3.585912,0.117249,-0.043816,1.570796,0.012845,-0.469090,-40.805986,0.106470,0.001000,0.000426,0.002036,-0.000168,0.000426,0.281295,0.149724,-9.804823,0.015413,-0.009282,1.571796,-1.170203,-0.003664,27.000000,0.013045,8.383908,0.000419,-0.044485,1.570796,0.106000,0.001000,181,0,1,34,34,-0.000571,0.039677,1.688675,-0.155079,0.032257,9.713090,-2.740999,-0.003664,0.027982,7,1,0,0.000000,0,3.601945,0.000000,0.036816,0,0.004679,0.000000,0.117461,3.601945,0.004679,1,1,1,4.894958,0.000000,0.000000,0.000000,0.000000,0.000000,0.000000,0.000000
0.8001,8.383943,-0.024832,0.118171,1.675516,0.053205,0.103697,1,3.601945,61,0.285235,0.150636,8.383943,0.001466,3.477419,0.118171,8.383908,3.584150,0.118171,-0.024832,1.675516,0.012911,-0.469090,-40.805986,0.106731,0.000000,0.000285,0.002001,-0.000299,0.000285,0.285235,0.150636,-9.804695,0.023076,-0.003613,1.675516,-1.152988,-0.003167,27.000000,0.013045,8.383908,0.001466,-0.025311,1.675516,0.106000,0.000000,186,0,1,34,34,-0.009084,0.044674,1.793260,-1.109065,-0.618117,9.677222,-2.723784,-0.003167,0.028690,7,1,0,0.000000,0,3.601945,0.000000,0.053205,0,0.024221,0.000000,0.103697,3.601945,0.024221,1,1,1,4.895592,0.000000,0.000000,0.000000,0.000000,0.000000,0.000000,0.000000
0.8101,8.383924,-0.006429,0.064591,1.780236,0.037736,0.112255,1,3.601945,71,0.286526,0.150142,8.383924,0.000419,3.477202,0.064591,8.383908,3.583971,0.064591,-0.006429,1.780236,0.012920,-0.469090,-40.805986,0.106770,0.000000,0.000266,0.001996,-0.000123,0.000266,0.286526,0.150142,-9.804665,0.012527,-0.014283,1.780236,-1.134773,-0.002578,27.000000,0.013045,8.383908,0.000419,-0.006903,1.780236,0.106000,0.000000,191,0,1,34,34,0.005876,0.041900,1.844439,-0.173546,0.151721,10.106666,-2.705570,-0.002578,0.029113,7,1,0,0.000000,0,3.601945,0.000000,0.037736,0,0.043804,0.000000,0.112255,3.601945,0.043804,1,1,1,4.895739,0.000000,0.000000,0.000000,0.000000,0.000000,0.000000,0.000000
0.8201,8.384859,0.009212,0.106613,1.780236,-0.002438,0.144804,1,3.601945,81,0.287148,0.148993,8.384859,0.009634,3.480484,0.106613,8.384770,3.587170,0.106613,0.009212,1.780236,0.012841,-0.469090,-40.805986,0.106686,0.000000,0.000435,0.001985,-0.000413,0.000435,0.287148,0.148993,-9.804665,-0.011410,-0.002727,1.780236,-1.115943,-0.002083,27.000000,0.013045,8.384770,0.009634,0.008437,1.780236,0.106000,0.000000,196,0,1,34,34,0.008050,0.015696,1.886803,0.026938,-0.317549,9.393870,-2.686739,-0.002083,0.029414,8,1,0,0.000000,0,3.601945,0.000000,-0.002438,0,0.063139,0.000000,0.144804,3.601945,0.063139,1,1,1,4.895771,0.000000,0.000000,0.000000,0.000000,0.000000,0.000000,0.000000
0.8301,8.384911,0.030606,0.146492,1.884956,0.054674,0.077115,1,3.601945,91,0.288695,0.149886,8.384911,-0.000419,3.478397,0.146492,8.384866,3.585076,0.146492,0.030606,1.884956,0.012873,-0.469090,-40.805986,0.106679,0.000000,0.000368,0.002018,-0.000305,0.000368,0.288695,0.149886,-9.804606,0.049230,-0.031190,1.884956,-1.096652,-0.001505,27.000000,0.013045,8.384866,-0.000419,0.029913,1.884956,0.106000,0.000000,0,0,1,34,34,0.003751,0.084302,2.030530,0.551199,0.499642,9.842662,-2.667448,-0.001505,0.029887,7,1,0,0.000000,0,3.601945,0.000000,0.054674,0,0.081972,0.000000,0.077115,3.601945,0.081972,1,1,1,4.896083,0.000000,0.000000,0.000000,0.000000,0.000000,0.000000,0.000000
0.8401,8.384100,0.049663,0.189227,1.884956,0.010487,0.091297,1,3.601945,101,0.296327,0.150337,8.384100,-0.004503,3.480193,0.189227,8.384004,3.587014,0.189227,0.049663,1.884956,0.012902,-0.469090,-40.805986,0.106821,0.000000,0.000305,0.001983,-0.000845,0.000305,0.296327,0.150337,-9.804371,0.063374,-0.010791,1.884956,-1.075666,-0.000911,27.000000,0.013045,8.384004,-0.004503,0.049087,1.884956,0.106000,0.000000,5,0,1,34,34,-0.019721,0.087942,2.073221,-2.266587,0.061710,10.334090,-2.646462,-0.000911,0.030935,7,1,0,0.000000,0,3.601945,0.000000,0.010487,0,0.100076,0.000000,0.091297,3.601945,0.100076,1,1,1,4.896111,0.000000,0.000000,0.000000,0.000000,0.000000,0.000000,0.000000
0.8501,8.385746,0.069730,0.032163,1.989675,0.024899,0.066459,1,3.601945,111,0.297275,0.152114,8.385746,0.014765,3.480768,0.032163,8.385730,3.587428,0.032163,0.069730,1.989675,0.012880,-0.469090,-40.805986,0.106660,0.000000,0.000352,0.001971,0.000312,0.000352,0.297275,0.152114,-9.804315,-0.000013,-0.030465,1.989675,-1.055190,-0.000484,27.000000,0.013045,8.385730,0.014765,0.069029,1.989675,0.106000,0.000000,10,0,1,34,34,0.027276,0.039608,2.021496,0.257027,-0.018866,9.999957,-2.625986,-0.000484,0.031315,7,1,0,0.000000,0,3.601945,0.000000,0.024899,0,0.117279,0.000000,0.066459,3.601945,0.117279,1,1,1,4.896136,0.000000,0.000000,0.000000,0.000000,0.000000,0.000000,0.000000
0.8601,8.385204,0.087186,0.174506,1.780236,-0.000200,0.079951,1,3.601945,121,0.298234,0.149765,8.385204,-0.003560,3.483068,0.174506,8.385155,3.589864,0.174506,0.087186,1.780236,0.012909,-0.469090,-40.805986,0.106796,0.000000,0.000290,0.002009,-0.000361,0.000290,0.298234,0.149765,-9.804322,-0.037354,-0.019552,1.780236,-1.035316,0.000341,27.000000,0.013045,8.385155,-0.003560,0.086670,1.780236,0.106000,0.000000,15,0,1,34,34,0.033702,-0.000097,1.954906,-0.020388,-0.555092,9.267035,-2.606112,0.000341,0.031620,7,1,0,0.000000,0,3.601945,0.000000,-0.000200,0,0.133473,0.000000,0.079951,3.601945,0.133473,1,1,1,4.896157,0.000000,0.000000,0.000000,0.000000,0.000000,0.000000,0.000000
0.8701,8.385317,0.105868,0.063379,1.884956,0.017157,0.049977,1,3.601945,131,0.297585,0.146506,8.385317,0.001466,3.483935,0.063379,8.385251,3.590448,0.063379,0.105868,1.884956,0.012848,-0.469090,-40.805986,0.106513,-0.001000,0.000419,0.001983,-0.000285,0.000419,0.297585,0.146506,-9.804391,0.020168,-0.008586,1.883956,-1.016070,0.001196,27.000000,0.013045,8.385251,0.001466,0.105078,1.884956,0.106000,-0.001000,20,0,1,34,34,-0.000503,0.046931,1.946892,1.203120,-0.176197,9.616176,-2.586866,0.001196,0.031748,7,1,0,0.000000,0,3.601945,0.000000,0.017157,0,0.148605,0.000000,0.049977,3.601945,0.148605,1,1,1,4.896173,0.000000,0.000000,0.000000,0.000000,0.000000,0.000000,0.000000
0.8801,8.384941,0.123342,0.214568,1.675516,0.002453,0.047346,1,3.601945,141,0.302303,0.146091,8.384941,-0.001466,3.485523,0.214568,8.384866,3.592160,0.214568,0.123342,1.675516,0.012871,-0.469090,-40.805986,0.106636,0.000000,0.000372,0.002017,-0.000532,0.000372,0.302303,0.146091,-9.804253,0.028398,-0.025631,1.675516,-0.996897,0.001876,27.000000,0.013045,8.384866,-0.001466,0.122719,1.675516,0.106000,0.000000,25,0,1,34,34,0.012273,0.060555,1.889461,-0.459035,-0.089838,10.295462,-2.567693,0.001876,0.032420,7,1,0,0.000000,0,3.601945,0.000000,0.002453,0,0.162902,0.000000,0.047346,3.601945,0.162902,1,1,1,4.896186,0.000000,0.000000,0.000000,0.000000,0.000000,0.000000,0.000000
0.8901,8.385095,0.139549,0.174775,1.570796,-0.003971,0.050092,1,3.601945,151,0.305448,0.145553,8.385095,0.000419,3.487519,0.174775,8.385059,3.594121,0.174775,0.139549,1.570796,0.012829,-0.469090,-40.805986,0.106602,-0.003000,0.000461,0.001989,-0.000070,0.000461,0.305448,0.145553,-9.804163,0.021047,-0.015008,1.567796,-0.978739,0.002460,27.000000,0.013045,8.385059,0.000419,0.138825,1.570796,0.106000,-0.003000,30,0,1,34,34,0.005840,0.047535,1.742105,-0.317190,-0.214556,9.557378,-2.549535,0.002460,0.032904,8,1,0,0.000000,0,3.601945,0.000000,-0.003971,0,0.176690,0.000000,0.050092,3.601945,0.176690,1,1,1,4.896192,0.000000,0.000000,0.000000,0.000000,0.000000,0.000000,0.000000
0.9001,8.384897,0.155791,0.057072,1.570796,0.009125,0.040325,1,3.601945,161,0.306987,0.143713,8.384897,-0.001466,3.488458,0.057072,8.384866,3.594665,0.057072,0.155791,1.570796,0.012788,-0.469090,-40.805986,0.106207,-0.003000,0.000547,0.001986,-0.000151,0.000547,0.306987,0.143713,-9.804142,0.007531,-0.011516,1.567796,-0.961968,0.003165,27.000000,0.013045,8.384866,-0.001466,0.154932,1.570796,0.106000,-0.003000,35,0,1,34,34,0.007956,0.032005,1.624592,0.445665,0.632981,9.882215,-2.532764,0.003165,0.033194,7,1,0,0.000000,0,3.601945,0.000000,0.009125,0,0.190102,0.000000,0.040325,3.601945,0.190102,1,1,1,4.896194,0.000000,0.000000,0.000000,0.000000,0.000000,0.000000,0.000000
0.9101,8.384711,0.171115,0.054705,1.466077,0.008759,0.039329,1,3.601945,171,0.309162,0.143148,8.384711,-0.001466,3.488999,0.054705,8.384675,3.595148,0.054705,0.171115,1.466077,0.012775,-0.469090,-40.805986,0.106149,0.000000,0.000575,0.001999,-0.000157,0.000575,0.309162,0.143148,-9.804082,0.031513,-0.004331,1.466077,-0.946173,0.003756,27.000000,0.013045,8.384675,-0.001466,0.170272,1.466077,0.106000,0.000000,40,0,1,34,34,0.001496,0.058905,1.528900,0.076246,0.071236,10.440985,-2.518033,0.003726,0.033518,7,1,0,0.000000,0,3.601945,0.000000,0.008759,0,0.202985,0.000000,0.039329,3.601945,0.202985,1,1,1,4.896193,0.000000,0.000000,0.000000,0.000000,0.000000,0.000000,0.000000
0.9201,8.385089,0.184727,0.059044,1.361357,-0.000535,0.051244,1,3.601945,181,0.312067,0.144549,8.385089,0.006597,3.489912,0.059044,8.385059,3.596326,0.059044,0.184727,1.361357,0.012821,-0.469090,-40.805986,0.106414,0.001000,0.000477,0.002163,-0.000009,0.000477,0.312067,0.144549,-9.803970,0.063264,-0.024360,1.362357,-0.931390,0.004173,27.000000,0.013045,8.385059,0.006597,0.184078,1.361357,0.106000,0.001000,45,0,1,34,34,0.001436,0.085995,1.420415,0.484313,0.282862,9.582038,-2.502186,0.004173,0.033983,8,1,0,0.000000,0,3.601945,0.000000,-0.000535,0,0.215556,0.000000,0.051244,3.601945,0.215556,1,1,1,4.896191,0.000000,0.000000,0.000000,0.000000,0.000000,0.000000,0.000000
0.9301,8.385001,0.198650,0.061755,1.256637,0.014901,0.043953,1,3.601945,191,0.315592,0.144325,8.385001,0.001466,3.489807,0.061755,8.384962,3.596021,0.061755,0.198650,1.256637,0.012759,-0.469090,-40.805986,0.106214,0.002000,0.000610,0.002016,-0.000082,0.000610,0.315592,0.144325,-9.803860,0.034476,-0.017938,1.258637,-0.917782,0.004677,27.000000,0.013045,8.384962,0.001466,0.197884,1.256637,0.106000,0.002000,50,0,1,34,34,0.012103,0.063823,1.322032,0.569719,0.417600,9.516456,-2.489633,0.004636,0.034414,7,1,0,0.000000,0,3.601945,0.000000,0.014901,0,0.228003,0.000000,0.043953,3.601945,0.228003,1,1,1,4.896187,0.000000,0.000000,0.000000,0.000000,0.000000,0.000000,0.000000
0.9401,8.384914,0.210686,0.071681,1.151917,0.003405,0.060019,1,3.601945,201,0.320600,0.145045,8.384914,-0.000419,3.490481,0.071681,8.384866,3.596724,0.071681,0.210686,1.151917,0.012829,-0.469090,-40.805986,0.106244,-0.001000,0.000461,0.001963,-0.000182,0.000461,0.320600,0.145045,-9.803687,0.055212,-0.004039,1.150917,-0.905053,0.005197,27.000000,0.013045,8.384866,-0.000419,0.210156,1.151917,0.106000,-0.001000,55,0,1,34,34,-0.013547,0.069356,1.221810,-0.325693,-0.332250,9.795450,-2.475849,0.005197,0.035058,7,1,0,0.000000,0,3.601945,0.000000,0.003405,0,0.240149,0.000000,0.060019,3.601945,0.240149,1,1,1,4.896181,0.000000,0.000000,0.000000,0.000000,0.000000,0.000000,0.000000
0.9501,8.385194,0.222176,-0.016573,1.151917,0.009461,0.061255,1,3.601945,211,0.322490,0.146037,8.385194,0.002513,3.490610,-0.016573,8.385155,3.596806,-0.016573,0.222176,1.151917,0.012835,-0.469090,-40.805986,0.106196,-0.001000,0.000448,0.002006,-0.000186,0.000448,0.322490,0.146037,-9.803610,0.020353,-0.007972,1.150917,-0.893487,0.005550,27.000000,0.013045,8.385155,0.002513,0.221660,1.151917,0.106000,-0.001000,60,0,1,34,34,0.001404,0.036371,1.133971,0.237774,0.320641,10.386173,-2.464283,0.005550,0.035354,7,1,0,0.000000,0,3.601945,0.000000,0.009461,0,0.251833,0.000000,0.061255,3.601945,0.251833,1,1,1,4.896175,0.000000,0.000000,0.000000,0.000000,0.000000,0.000000,0.000000
0.9601,8.384874,0.234178,0.018485,1.047198,0.023843,0.052441,1,3.601945,221,0.323633,0.147855,8.384874,-0.000419,3.489256,0.018485,8.384866,3.595676,0.018485,0.234178,1.047198,0.012935,-0.469090,-40.805986,0.106420,0.000000,0.000235,0.002000,-0.000087,0.000235,0.323633,0.147855,-9.803545,0.007564,0.002919,1.047198,-0.882622,0.005921,27.000000,0.013045,8.384866,-0.000419,0.233932,1.047198,0.106000,0.000000,65,0,1,34,34,-0.005003,0.020164,1.065511,0.056068,-0.197117,9.710922,-2.453418,0.005921,0.035595,7,1,0,0.000000,0,3.601945,0.000000,0.023843,0,0.263262,0.000000,0.052441,3.601945,0.263262,1,1,1,4.896171,0.000000,0.000000,0.000000,0.000000,0.000000,0.000000,0.000000
0.9701,8.384937,0.245179,0.049497,0.942478,0.014121,0.061125,1,3.601945,231,0.326701,0.146661,8.384937,-0.000419,3.489443,0.049497,8.384962,3.595544,0.049497,0.245179,0.942478,0.012792,-0.469090,-40.805986,0.106101,0.000000,0.000540,0.002011,-0.000143,0.000540,0.326701,0.146661,-9.803461,0.049440,0.001878,0.942478,-0.871762,0.006364,27.000000,0.013045,8.384962,-0.000419,0.244670,0.942478,0.106000,0.000000,70,0,1,34,34,-0.015739,0.059591,0.991294,-0.146318,0.271193,9.725067,-2.442558,0.006364,0.035944,7,1,0,0.000000,0,3.601945,0.000000,0.014121,0,0.274509,0.000000,0.061125,3.601945,0.274509,1,1,1,4.896169,0.000000,0.000000,0.000000,0.000000,0.000000,0.000000,0.000000
0.9801,8.385441,0.253157,-0.025694,0.942478,-0.000450,0.093471,1,3.601945,241,0.329076,0.149775,8.385441,0.003560,3.490140,-0.025694,8.385442,3.596648,-0.025694,0.253157,0.942478,0.013020,-0.469090,-40.805986,0.106509,0.000000,0.000053,0.002005,0.000142,0.000053,0.329076,0.149775,-9.803335,0.024435,-0.006154,0.942478,-0.862684,0.006632,27.000000,0.013045,8.385442,0.003560,0.253107,0.942478,0.106000,0.000000,75,0,1,34,34,-0.000795,0.037120,0.916378,0.171909,0.193472,10.614544,-2.433481,0.006632,0.036308,7,1,0,0.000000,0,3.601945,0.000000,-0.000450,0,0.285388,0.000000,0.093471,3.601945,0.285388,1,1,1,4.896166,0.000000,0.000000,0.000000,0.000000,0.000000,0.000000,0.000000
0.9901,8.385126,0.264385,0.045673,0.837758,0.034023,0.053118,1,3.601945,251,0.333200,0.148333,8.385126,-0.000419,3.488705,0.045673,8.385155,3.594696,0.045673,0.264385,0.837758,0.012743,-0.469090,-40.805986,0.105991,0.002000,0.000645,0.001945,0.000060,0.000645,0.333200,0.148333,-9.803218,0.045282,-0.031427,0.839758,-0.853414,0.007014,27.000000,0.013045,8.385155,-0.000419,0.263845,0.837758,0.106000,0.002000,80,0,1,34,34,-0.000814,0.050168,0.899463,0.380458,-0.099673,9.578127,-2.424829,0.006977,0.036712,7,1,0,0.000000,0,3.601945,0.000000,0.034023,0,0.295671,0.000000,0.053118,3.601945,0.295671,1,1,1,4.896162,0.000000,0.000000,0.000000,0.000000,0.000000,0.000000,0.000000
1.0001,8.384969,0.273178,0.043512,0.837758,0.015864,0.071364,1,3.601945,5,0.338343,0.150717,8.384969,-0.001466,3.488186,0.043512,8.384962,3.594582,0.043512,0.273178,0.837758,0.012973,-0.469090,-40.805986,0.106396,0.000000,0.000154,0.001988,-0.000281,0.000154,0.338343,0.150717,-9.803005,0.053374,-0.017622,0.837758,-0.844746,0.007475,27.000000,0.013045,8.384962,-0.001466,0.273049,0.837758,0.106000,0.000000,85,0,1,34,34,0.003431,0.067531,0.880468,-1.303951,0.348952,9.571969,-2.415542,0.007475,0.037365,7,1,0,0.000000,0,3.601945,0.000000,0.015864,0,0.305196,0.000000,0.071364,3.601945,0.305196,1,1,1,4.896162,0.000000,0.000000,0.000000,0.000000,0.000000,0.000000,0.000000
1.0101,8.385715,0.280218,-0.056109,0.837758,0.001647,0.082240,1,3.601945,15,0.339653,0.150993,8.385715,0.004503,3.489563,-0.056109,8.385730,3.595672,-0.056109,0.280218,0.837758,0.012896,-0.469090,-40.805986,0.106110,0.000000,0.000318,0.002137,0.000307,0.000318,0.339653,0.150993,-9.802956,-0.002927,0.001581,0.837758,-0.836618,0.007671,27.000000,0.013045,8.385730,0.004503,0.279952,0.837758,0.106000,0.000000,90,0,1,34,34,-0.000803,0.006852,0.781626,0.467148,-0.102454,9.807845,-2.407414,0.007671,0.037539,6,1,0,0.000000,0,3.601945,0.000000,0.001647,0,0.313754,0.000000,0.082240,3.601945,0.313754,1,1,1,4.896163,0.000000,0.000000,0.000000,0.000000,0.000000,0.000000,0.000000
1.0201,8.386304,0.287622,0.003954,0.733038,0.012631,0.069228,1,3.601945,25,0.339937,0.151766,8.386304,0.006597,3.489876,0.003954,8.386304,3.595665,0.003954,0.287622,0.733038,0.013045,-0.469090,-40.805986,0.105789,0.000000,0.000000,0.002013,-0.000039,0.000000,0.339937,0.151766,-9.802934,-0.003891,-0.024584,0.733041,-0.829231,0.008031,27.000000,0.013045,8.386304,0.006597,0.287622,0.733038,0.106000,0.000000,95,0,1,34,34,0.024794,0.011795,0.736904,0.273643,0.510115,9.756453,-2.400027,0.008031,0.037627,7,1,0,0.000000,0,3.601945,0.000000,0.012631,0,0.321337,0.000000,0.069228,3.601945,0.321337,1,1,1,4.896163,0.000000,0.000000,0.000000,0.000000,0.000000,0.000000,0.000000
1.0301,8.385544,0.296165,0.023216,0.733038,0.019136,0.044451,1,3.601945,35,0.341840,0.149888,8.385544,-0.006597,3.488789,0.023216,8.385538,3.595117,0.023216,0.296165,0.733038,0.012977,-0.469090,-40.805986,0.106328,0.001000,0.000145,0.001952,-0.000281,0.000145,0.341840,0.149888,-9.802896,0.049372,0.006607,0.734038,-0.821247,0.008524,27.000000,0.013045,8.385538,-0.006597,0.296059,0.733038,0.106000,0.001000,100,0,1,34,34,-0.017940,0.056292,0.756587,-0.921521,0.622330,9.909929,-2.392043,0.008524,0.037799,7,1,0,0.000000,0,3.601945,0.000000,0.019136,0,0.327965,0.000000,0.044451,3.601945,0.327965,1,1,1,4.896164,0.000000,0.000000,0.000000,0.000000,0.000000,0.000000,0.000000
1.0401,8.385844,0.303278,-0.069992,0.733038,0.012270,0.046221,1,3.601945,45,0.344622,0.151607,8.385844,-0.000419,3.489182,-0.069992,8.385825,3.595233,-0.069992,0.303278,0.733038,0.012843,-0.469090,-40.805986,0.106051,0.000000,0.000431,0.002000,-0.000210,0.000431,0.344622,0.151607,-9.802773,0.039162,0.018088,0.733038,-0.814016,0.008576,27.000000,0.013045,8.385825,-0.000419,0.302961,0.733038,0.106000,0.000000,105,0,1,34,34,-0.026491,0.042557,0.662554,-0.683416,0.786662,9.777750,-2.384812,0.008576,0.038153,7,1,0,0.000000,0,3.601945,0.000000,0.012270,0,0.333630,0.000000,0.046221,3.601945,0.333630,1,1,1,4.896166,0.000000,0.000000,0.000000,0.000000,0.000000,0.000000,0.000000
1.0501,8.386017,0.309097,-0.005659,0.523599,0.017699,0.047348,1,3.601945,55,0.343372,0.156553,8.386017,0.003560,3.489520,-0.005659,8.386017,3.594877,-0.005659,0.309097,0.523599,0.013045,-0.469090,-40.805986,0.105356,-0.001000,0.000000,0.001990,0.000179,0.000000,0.343372,0.156553,-9.802739,0.000297,0.033660,0.522593,-0.808547,0.008481,27.000000,0.013045,8.386017,0.003560,0.309097,0.523599,0.106000,-0.001000,110,0,1,34,34,-0.032892,-0.000409,0.516983,0.304682,-0.065236,9.884677,-2.379343,0.008481,0.038209,7,1,0,0.000000,0,3.601945,0.000000,0.017699,0,0.338336,0.000000,0.047348,3.601945,0.338336,1,1,1,4.896167,0.000000,0.000000,0.000000,0.000000,0.000000,0.000000,0.000000
1.0601,8.385921,0.312932,0.015254,0.418879,0.002101,0.056656,1,3.601945,65,0.342539,0.158001,8.385921,0.000419,3.489903,0.015254,8.385921,3.595880,0.015254,0.312932,0.418879,0.013045,-0.469090,-40.805986,0.105977,0.000000,0.000000,0.001993,-0.000063,0.000000,0.342539,0.158001,-9.802745,0.015536,0.023721,0.418888,-0.803706,0.008461,27.000000,0.013045,8.385921,0.000419,0.312932,0.418879,0.106000,0.000000,115,0,1,34,34,-0.026530,0.015674,0.433975,0.122748,-0.026497,9.837096,-2.374503,0.008461,0.038191,7,1,0,0.000000,0,3.601945,0.000000,0.002101,0,0.342019,0.000000,0.056656,3.601945,0.342019,1,1,1,4.896169,0.000000,0.000000,0.000000,0.000000,0.000000,0.000000,0.000000
1.0701,8.385927,0.316809,0.043245,0.314159,0.012047,0.046144,1,3.601945,75,0.343154,0.159798,8.385927,0.000419,3.489732,0.043245,8.385921,3.595887,0.043245,0.316809,0.314159,0.012983,-0.469090,-40.805986,0.106155,-0.002000,0.000133,0.002002,-0.000191,0.000133,0.343154,0.159798,-9.802694,0.022415,0.015735,0.312159,-0.799818,0.008392,27.000000,0.013045,8.385921,0.000419,0.316767,0.314159,0.106000,-0.002000,120,0,1,34,34,-0.020157,0.023152,0.355133,0.207804,0.382828,9.994391,-2.370614,0.008392,0.038325,8,1,0,0.000000,0,3.601945,0.000000,0.012047,0,0.344894,0.000000,0.046144,3.601945,0.344894,1,1,1,4.896168,0.000000,0.000000,0.000000,0.000000,0.000000,0.000000,0.000000
1.0801,8.385655,0.319900,0.054222,0.209440,0.011190,0.047099,1,3.601945,85,0.345303,0.161233,8.385655,-0.000419,3.489959,0.054222,8.385634,3.595964,0.054222,0.319900,0.209440,0.012901,-0.469090,-40.805986,0.106005,0.000000,0.000307,0.001984,-0.000245,0.000307,0.345303,0.161233,-9.802595,0.020885,0.007420,0.209440,-0.796646,0.008358,27.000000,0.013045,8.385634,-0.000419,0.319835,0.209440,0.106000,0.000000,125,0,1,34,34,-0.011645,0.022259,0.263396,-0.258741,-0.247570,9.911189,-2.367443,0.008358,0.038593,6,1,0,0.000000,0,3.601945,0.000000,0.011190,0,0.347228,0.000000,0.047099,3.601945,0.347228,1,1,1,4.896168,0.000000,0.000000,0.000000,0.000000,0.000000,0.000000,0.000000
1.0901,8.385916,0.322185,0.094727,0.104720,0.011723,0.052249,1,3.601945,95,0.345835,0.159450,8.385916,0.001466,3.489985,0.094727,8.385921,3.595984,0.094727,0.322185,0.104720,0.012825,-0.469090,-40.805986,0.105999,0.000000,0.000469,0.002102,0.000106,0.000469,0.345835,0.159450,-9.802605,0.006816,-0.015726,0.104720,-0.794346,0.008560,27.000000,0.013045,8.385921,0.001466,0.322136,0.104720,0.106000,0.000000,130,0,1,34,34,0.013962,0.012498,0.199303,0.104329,0.177493,10.355937,-2.365142,0.008560,0.038597,7,1,0,0.000000,0,3.601945,0.000000,0.011723,0,0.349313,0.000000,0.052249,3.601945,0.349313,1,1,1,4.896167,0.000000,0.000000,0.000000,0.000000,0.000000,0.000000,0.000000
1.1001,8.385882,0.323670,0.098909,0.000000,0.012044,0.062415,1,3.601945,105,0.346317,0.157827,8.385882,0.001466,3.489998,0.098909,8.385825,3.595974,0.098909,0.323670,0.000000,0.012821,-0.469090,-40.805986,0.105976,0.000000,0.000478,0.001984,-0.000334,0.000478,0.346317,0.157827,-9.802615,-0.003571,-0.015680,0.000000,-0.792878,0.008786,27.000000,0.013045,8.385825,0.001466,0.323670,0.000000,0.106000,0.000000,135,0,1,34,34,0.016079,0.001015,0.098905,0.026292,0.080754,9.665843,-2.363674,0.008786,0.038597,7,1,0,0.000000,0,3.601945,0.000000,0.012044,0,0.351478,0.000000,0.062415,3.601945,0.351478,1,1,1,4.896167,0.000000,0.000000,0.000000,0.000000,0.000000,0.000000,0.000000
1.1101,8.385921,0.325204,0.042033,0.000000,0.021233,0.066638,1,3.601945,115,0.346870,0.159402,8.385921,0.001466,3.489286,0.042033,8.385921,3.595200,0.042033,0.325204,0.000000,0.013045,-0.469090,-40.805986,0.105913,0.000000,0.000000,0.002120,-0.000134,0.000000,0.346870,0.159402,-9.802570,0.029359,-0.011631,0.000029,-0.792123,0.008935,27.000000,0.013045,8.385921,0.001466,0.325204,0.000000,0.106000,0.000000,140,0,1,34,34,0.005357,0.031667,0.041653,0.217986,0.022307,9.761086,-2.362919,0.008935,0.038708,7,1,0,0.000000,0,3.601945,0.000000,0.021233,0,0.353931,0.000000,0.066638,3.601945,0.353931,1,1,1,4.896168,0.000000,0.000000,0.000000,0.000000,0.000000,0.000000,0.000000
1.1201,8.385825,0.325971,0.000419,0.000000,0.018854,0.078367,1,3.601945,125,0.348604,0.158984,8.385825,-0.000419,3.488842,0.000419,8.385825,3.594753,0.000419,0.325971,0.000000,0.013045,-0.469090,-40.805986,0.105911,0.001000,0.000000,0.001980,-0.000122,0.000000,0.348604,0.158984,-9.802515,0.025372,-0.015124,0.001024,-0.791807,0.009062,27.000000,0.013045,8.385825,-0.000419,0.325971,0.000000,0.106000,0.001000,145,0,1,34,34,0.009618,0.027944,0.001079,-0.069790,0.600601,10.159096,-2.362603,0.009062,0.038865,7,1,0,0.000000,0,3.601945,0.000000,0.018854,0,0.356440,0.000000,0.078367,3.601945,0.356440,1,1,1,4.896170,0.000000,0.000000,0.000000,0.000000,0.000000,0.000000,0.000000
1.1301,8.386113,0.325971,-0.017944,0.000000,0.015177,0.087791,1,3.601945,135,0.350326,0.159860,8.386113,0.001466,3.488776,-0.017944,8.386113,3.594687,-0.017944,0.325971,0.000000,0.013045,-0.469090,-40.805986,0.105910,0.002000,0.000000,0.001984,0.000120,0.000000,0.350326,0.159860,-9.802439,0.012828,-0.014698,0.002014,-0.791871,0.009033,27.000000,0.013045,8.386113,0.001466,0.325971,0.000000,0.106000,0.002000,150,0,1,34,34,0.011761,0.015356,-0.016132,0.054593,0.101307,9.551224,-2.362667,0.009033,0.039060,6,1,0,0.000000,0,3.601945,0.000000,0.015177,0,0.358678,0.000000,0.087791,3.601945,0.358678,1,1,1,4.896173,0.000000,0.000000,0.000000,0.000000,0.000000,0.000000,0.000000
1.1401,8.386107,0.326738,-0.009546,0.000000,0.025395,0.075844,1,3.601945,145,0.352939,0.159002,8.386107,-0.000419,3.487886,-0.009546,8.386113,3.593780,-0.009546,0.326738,0.000000,0.012809,-0.469090,-40.805986,0.105894,0.000000,0.000504,0.002083,0.000116,0.000504,0.352939,0.159002,-9.802360,0.014818,-0.004201,0.000000,-0.792007,0.008995,27.000000,0.013045,8.386113,-0.000419,0.326738,0.000000,0.106000,0.000000,155,0,1,34,34,0.001090,0.015268,-0.011875,-0.453299,0.435585,9.563823,-2.362797,0.008995,0.039276,6,1,0,0.000000,0,3.601945,0.000000,0.025395,0,0.360314,0.000000,0.075844,3.601945,0.360314,1,1,1,4.896178,0.000000,0.000000,0.000000,0.000000,0.000000,0.000000,0.000000
1.1501,8.385917,0.326738,-0.012005,0.000000,0.017523,0.077123,1,3.601945,155,0.353460,0.158655,8.385917,0.000419,3.487789,-0.012005,8.385921,3.593681,-0.012005,0.326738,0.000000,0.012756,-0.469090,-40.805986,0.105892,0.000000,0.000617,0.001996,-0.000085,0.000617,0.353460,0.158655,-9.802346,0.005323,0.013028,0.000000,-0.792106,0.008993,27.000000,0.013045,8.385921,0.000419,0.326738,0.000000,0.106000,0.000000,160,0,1,34,34,-0.013839,0.002404,-0.012036,-0.346264,0.041363,9.741769,-2.362902,0.008993,0.039327,7,1,0,0.000000,0,3.601945,0.000000,0.017523,0,0.361145,0.000000,0.077123,3.601945,0.361145,1,1,1,4.896185,0.000000,0.000000,0.000000,0.000000,0.000000,0.000000,0.000000
1.1601,8.386103,0.326738,-0.023156,0.000000,0.018966,0.070608,1,3.601945,165,0.351781,0.159220,8.386103,-0.000419,3.487591,-0.023156,8.386113,3.593478,-0.023156,0.326738,0.000000,0.012824,-0.469090,-40.805986,0.105887,-0.002000,0.000472,0.002159,0.000040,0.000472,0.351781,0.159220,-9.802398,-0.011136,0.005542,-0.002000,-0.792308,0.008951,27.000000,0.013045,8.386113,-0.000419,0.326738,0.000000,0.106000,-0.002000,165,0,1,34,34,-0.003154,-0.012354,-0.025000,-0.059621,0.334285,10.041581,-2.363105,0.008951,0.039183,6,1,0,0.000000,0,3.601945,0.000000,0.018966,0,0.361295,0.000000,0.070608,3.601945,0.361295,1,1,1,4.896192,0.000000,0.000000,0.000000,0.000000,0.000000,0.000000,0.000000
1.1701,8.386106,0.326738,-0.046366,0.000000,0.020809,0.060092,1,3.601945,175,0.350817,0.160670,8.386106,0.000419,3.487282,-0.046366,8.386113,3.593155,-0.046366,0.326738,0.000000,0.012974,-0.469090,-40.805986,0.105873,0.000000,0.000152,0.001995,0.000179,0.000152,0.350817,0.160670,-9.802409,-0.008975,-0.007980,0.000000,-0.792631,0.008930,27.000000,0.013045,8.386113,0.000419,0.326738,0.000000,0.106000,0.000000,170,0,1,34,34,0.009642,-0.007760,-0.046269,-0.432418,-0.080633,9.549078,-2.363428,0.008930,0.039137,7,1,0,0.000000,0,3.601945,0.000000,0.020809,0,0.360543,0.000000,0.060092,3.601945,0.360543,1,1,1,4.896200,0.000000,0.000000,0.000000,0.000000,0.000000,0.000000,0.000000
1.1801,8.386012,0.326738,-0.056252,0.000000,0.024188,0.044454,1,3.601945,185,0.351068,0.160442,8.386012,0.000419,3.486733,-0.056252,8.386017,3.592604,-0.056252,0.326738,0.000000,0.013006,-0.469090,-40.805986,0.105872,0.000000,0.000083,0.001989,0.000018,0.000083,0.351068,0.160442,-9.802403,0.025687,0.000103,0.000000,-0.793184,0.008992,27.000000,0.013045,8.386017,0.000419,0.326738,0.000000,0.106000,0.000000,175,0,1,34,34,-0.005337,0.024393,-0.056574,-0.088718,0.128973,9.627972,-2.363981,0.008992,0.039154,6,1,0,0.000000,0,3.601945,0.000000,0.024188,0,0.358613,0.000000,0.044454,3.601945,0.358613,1,1,1,4.896210,0.000000,0.000000,0.000000,0.000000,0.000000,0.000000,0.000000
1.1901,8.386092,0.325926,0.101417,-0.209440,0.019856,0.035827,1,3.601945,195,0.351985,0.159394,8.386092,-0.000419,3.486621,0.101417,8.386113,3.592506,0.101417,0.325926,-0.209440,0.012944,-0.469090,-40.805986,0.105885,0.002000,0.000216,0.002015,0.000189,0.000216,0.351985,0.159394,-9.802387,-0.005354,-0.008710,-0.207440,-0.794096,0.009030,27.000000,0.013045,8.386113,-0.000419,0.325971,-0.209440,0.106000,0.002000,180,0,1,34,34,0.009622,-0.004829,-0.105969,-0.546716,0.312778,10.213317,-2.364892,0.009030,0.039205,6,1,0,0.000000,0,3.601945,0.000000,0.019856,0,0.355474,0.000000,0.035827,3.601945,0.355474,1,1,1,4.896221,0.000000,0.000000,0.000000,0.000000,0.000000,0.000000,0.000000
1.2001,8.386118,0.324422,0.069013,-0.209440,0.015126,0.026136,1,3.601945,205,0.350847,0.158994,8.386118,-0.000419,3.486983,0.069013,8.386113,3.592819,0.069013,0.324422,-0.209440,0.013012,-0.469090,-40.805986,0.105836,0.002000,0.000070,0.002147,-0.000179,0.000070,0.350847,0.158994,-9.802435,-0.022130,-0.009540,-0.207440,-0.795288,0.009041,27.000000,0.013045,8.386113,-0.000419,0.324437,-0.209440,0.106000,0.002000,185,0,1,34,34,0.013899,-0.021487,-0.138159,-0.203067,-0.051705,9.539948,-2.366085,0.009041,0.039076,6,1,0,0.000000,0,3.601945,0.000000,0.015126,0,0.351224,0.000000,0.026136,3.601945,0.351224,1,1,1,4.896231,0.000000,0.000000,0.000000,0.000000,0.000000,0.000000,0.000000
1.2101,8.386024,0.322877,0.049942,-0.209440,0.017033,0.006554,1,3.601945,215,0.349236,0.156955,8.386024,0.000419,3.487102,0.049942,8.386017,3.592921,0.049942,0.322877,-0.209440,0.012985,-0.469090,-40.805986,0.105819,0.000000,0.000127,0.001985,-0.000221,0.000127,0.349236,0.156955,-9.802525,-0.008960,-0.001378,-0.209440,-0.796736,0.009099,27.000000,0.013045,8.386017,0.000419,0.322903,-0.209440,0.106000,0.000000,190,0,1,34,34,0.003208,-0.010549,-0.159374,-0.280476,0.357179,9.725843,-2.367532,0.009099,0.038848,7,1,0,0.000000,0,3.601945,0.000000,0.017033,0,0.345757,0.000000,0.006554,3.601945,0.345757,1,1,1,4.896241,0.000000,0.000000,0.000000,0.000000,0.000000,0.000000,0.000000
1.2201,8.386033,0.321329,-0.065908,-0.104720,0.019364,-0.016093,1,3.601945,225,0.347674,0.154033,8.386033,-0.001466,3.486988,-0.065908,8.386017,3.592811,-0.065908,0.321329,-0.104720,0.012866,-0.469090,-40.805986,0.105823,0.000000,0.000382,0.001990,-0.000200,0.000382,0.347674,0.154033,-9.802627,-0.027955,0.000499,-0.104720,-0.798395,0.009151,27.000000,0.013045,8.386017,-0.001466,0.321369,-0.104720,0.106000,0.000000,195,0,1,34,34,0.005360,-0.029634,-0.170260,-0.105849,-0.190588,9.950144,-2.369191,0.009151,0.038597,7,1,0,0.000000,0,3.601945,0.000000,0.019364,0,0.339055,0.000000,-0.016093,3.601945,0.339055,1,1,1,4.896250,0.000000,0.000000,0.000000,0.000000,0.000000,0.000000,0.000000
1.2301,8.386137,0.318172,0.058331,-0.314159,0.007652,-0.021912,1,3.601945,235,0.346126,0.152560,8.386137,-0.000419,3.487846,0.058331,8.386113,3.593696,0.058331,0.318172,-0.314159,0.012852,-0.469090,-40.805986,0.105850,-0.002000,0.000411,0.001993,-0.000043,0.000411,0.346126,0.152560,-9.802705,-0.022283,-0.024634,-0.316159,-0.800668,0.009110,27.000000,0.013045,8.386113,-0.000419,0.318301,-0.314159,0.106000,-0.002000,200,0,1,34,34,0.028804,-0.019856,-0.257595,-0.070479,0.528347,9.813834,-2.371464,0.009110,0.038388,7,1,0,0.000000,0,3.601945,0.000000,0.007652,0,0.331118,0.000000,-0.021912,3.601945,0.331118,1,1,1,4.896259,0.000000,0.000000,0.000000,0.000000,0.000000,0.000000,0.000000
1.2401,8.386012,0.315034,0.087284,-0.418879,0.014489,-0.046521,1,3.601945,245,0.343966,0.150905,8.386012,-0.000419,3.487994,0.087284,8.386017,3.593863,0.087284,0.315034,-0.418879,0.012822,-0.469090,-40.805986,0.105869,-0.001000,0.000476,0.002009,-0.000081,0.000476,0.343966,0.150905,-9.802806,-0.018280,0.005155,-0.419879,-0.803639,0.009051,27.000000,0.013045,8.386017,-0.000419,0.315233,-0.418879,0.106000,-0.001000,4,0,1,34,34,-0.001099,-0.023223,-0.332324,-0.097890,-0.051649,9.540017,-2.374435,0.009051,0.038114,7,1,0,0.000000,0,3.601945,0.000000,0.014489,0,0.321945,0.000000,-0.046521,3.601945,0.321945,1,1,1,4.896266,0.000000,0.000000,0.000000,0.000000,0.000000,0.000000,0.000000
1.2501,8.385921,0.311398,-0.115011,-0.314159,0.016437,-0.067446,1,3.601945,255,0.342670,0.152227,8.385921,0.000419,3.487734,-0.115011,8.385921,3.593841,-0.115011,0.311398,-0.314159,0.013045,-0.469090,-40.805986,0.106107,-0.001000,0.000000,0.001873,0.000112,0.000000,0.342670,0.152227,-9.802831,0.005652,0.002100,-0.315155,-0.807297,0.008967,27.000000,0.013045,8.385921,0.000419,0.311398,-0.314159,0.106000,-0.001000,9,0,1,34,34,-0.003286,-0.000556,-0.430196,-0.145868,0.156214,9.743053,-2.378094,0.008967,0.038016,6,1,0,0.000000,0,3.601945,0.000000,0.016437,0,0.311537,0.000000,-0.067446,3.601945,0.311537,1,1,1,4.896272,0.000000,0.000000,0.000000,0.000000,0.000000,0.000000,0.000000
1.2601,8.386017,0.306024,0.078951,-0.628319,0.010963,-0.074948,1,3.601945,9,0.341052,0.151383,8.386017,0.001466,3.488751,0.078951,8.386017,3.594278,0.078951,0.306024,-0.628319,0.013041,-0.469090,-40.805986,0.105527,-0.001000,0.000009,0.002015,0.000033,0.000009,0.341052,0.151383,-9.802901,-0.024393,0.000222,-0.629319,-0.812232,0.008791,27.000000,0.013045,8.386017,0.001466,0.306029,-0.628319,0.106000,-0.001000,14,0,1,34,34,0.005250,-0.030998,-0.550010,-0.498762,0.293326,10.241863,-2.383028,0.008791,0.037810,7,1,0,0.000000,0,3.601945,0.000000,0.010963,0,0.299894,0.000000,-0.074948,3.601945,0.299894,1,1,1,4.896278,0.000000,0.000000,0.000000,0.000000,0.000000,0.000000,0.000000
1.2701,8.386123,0.297400,0.146392,-0.837758,-0.010833,-0.063317,1,3.601945,19,0.337960,0.148601,8.386123,0.000419,3.490843,0.146392,8.386113,3.596458,0.146392,0.297400,-0.837758,0.012937,-0.469090,-40.805986,0.105616,0.000000,0.000230,0.001995,-0.000014,0.000230,0.337960,0.148601,-9.803051,-0.032218,-0.002049,-0.837758,-0.818671,0.008540,27.000000,0.013045,8.386113,0.000419,0.297592,-0.837758,0.106000,0.000000,19,0,1,34,34,0.009487,-0.039799,-0.690909,0.112445,0.089773,9.713841,-2.389467,0.008540,0.037387,7,1,0,0.000000,0,3.601945,0.000000,-0.010833,0,0.287015,0.000000,-0.063317,3.601945,0.287015,1,1,1,4.896280,0.000000,0.000000,0.000000,0.000000,0.000000,0.000000,0.000000
1.2801,8.385949,0.291059,0.060121,-0.837758,0.027202,-0.114042,1,3.601945,29,0.334317,0.145419,8.385949,0.000419,3.489347,0.060121,8.385921,3.595106,0.060121,0.291059,-0.837758,0.012822,-0.469090,-40.805986,0.105759,-0.001000,0.000475,0.001994,-0.000124,0.000475,0.334317,0.145419,-9.803223,-0.023857,-0.003873,-0.838758,-0.826363,0.008393,27.000000,0.013045,8.385921,0.000419,0.291457,-0.837758,0.106000,-0.001000,24,0,1,34,34,0.009453,-0.032226,-0.778288,0.609124,0.384222,9.898962,-2.397159,0.008393,0.036909,7,1,0,0.000000,0,3.601945,0.000000,0.027202,0,0.272901,0.000000,-0.114042,3.601945,0.272901,1,1,1,4.896278,0.000000,0.000000,0.000000,0.000000,0.000000,0.000000,0.000000
1.2901,8.384864,0.282182,0.061936,-0.942478,0.001184,-0.113993,1,3.601945,39,0.333976,0.146330,8.384864,-0.010681,3.490785,0.061936,8.384866,3.596147,0.061936,0.282182,-0.942478,0.013010,-0.469090,-40.805986,0.105362,0.000000,0.000074,0.002016,-0.000260,0.000074,0.333976,0.146330,-9.803221,0.002190,0.009565,-0.942478,-0.834195,0.008155,27.000000,0.013045,8.384866,-0.010681,0.282253,-0.942478,0.106000,0.000000,29,0,1,34,34,-0.009810,-0.011687,-0.880464,-0.708230,0.082143,10.297029,-2.404991,0.008155,0.036861,7,1,0,0.000000,0,3.601945,0.000000,0.001184,0,0.257552,0.000000,-0.113993,3.601945,0.257552,1,1,1,4.896275,0.000000,0.000000,0.000000,0.000000,0.000000,0.000000,0.000000
1.3001,8.382927,0.270182,0.035654,-1.151917,-0.003994,-0.104270,1,3.601945,49,0.331004,0.146272,8.382927,-0.017802,3.491751,0.035654,8.382853,3.597446,0.035654,0.270182,-1.151917,0.012815,-0.469090,-40.805986,0.105696,0.000000,0.000491,0.001893,-0.000278,0.000491,0.331004,0.146272,-9.803323,-0.036850,0.022134,-1.151917,-0.844879,0.007442,27.000000,0.013045,8.382853,-0.017802,0.270748,-1.151917,0.106000,0.000000,34,0,1,34,34,-0.011967,-0.055587,-1.115643,-0.155825,0.383929,9.888891,-2.415675,0.007442,0.036506,7,1,0,0.000000,0,3.601945,0.000000,-0.003994,0,0.240967,0.000000,-0.104270,3.601945,0.240967,1,1,1,4.896263,0.000000,0.000000,0.000000,0.000000,0.000000,0.000000,0.000000
1.3101,8.383839,0.257407,0.086875,-1.361357,-0.002436,-0.118966,1,3.601945,59,0.325592,0.146578,8.383839,0.008692,3.493073,0.086875,8.383812,3.598399,0.086875,0.257407,-1.361357,0.012941,-0.469090,-40.805986,0.105326,0.000000,0.000221,0.002001,-0.000046,0.000221,0.325592,0.146578,-9.803500,-0.051715,0.015825,-1.361357,-0.856691,0.006933,27.000000,0.013045,8.383812,0.008692,0.257709,-1.361357,0.106000,0.000000,39,0,1,34,34,-0.001325,-0.070554,-1.273675,0.619981,0.039526,9.933786,-2.427487,0.006933,0.035909,7,1,0,0.000000,0,3.601945,0.000000,-0.002436,0,0.223148,0.000000,-0.118966,3.601945,0.223148,1,1,1,4.896248,0.000000,0.000000,0.000000,0.000000,0.000000,0.000000,0.000000
1.3201,8.384493,0.243710,0.051723,-1.466077,0.003198,-0.131674,1,3.601945,69,0.322864,0.145471,8.384493,0.002513,3.493744,0.051723,8.384483,3.598724,0.051723,0.243710,-1.466077,0.012983,-0.469090,-40.805986,0.104980,0.000000,0.000132,0.002019,-0.000179,0.000132,0.322864,0.145471,-9.803606,-0.005848,0.029897,-1.466077,-0.870057,0.006526,27.000000,0.013045,8.384483,0.002513,0.243903,-1.466077,0.106000,0.000000,44,0,1,34,34,-0.027022,-0.032428,-1.414052,0.438776,0.056195,10.125245,-2.440854,0.006526,0.035526,8,1,0,0.000000,0,3.601945,0.000000,0.003198,0,0.204188,0.000000,-0.131674,3.601945,0.204188,1,1,1,4.896234,0.000000,0.000000,0.000000,0.000000,0.000000,0.000000,0.000000
1.3301,8.383539,0.227525,0.077564,-1.675516,-0.006781,-0.122421,1,3.601945,79,0.321547,0.147542,8.383539,-0.006597,3.494752,0.077564,8.383525,3.599826,0.077564,0.227525,-1.675516,0.012969,-0.469090,-40.805986,0.105074,0.000000,0.000162,0.001990,-0.000418,0.000162,0.321547,0.147542,-9.803619,-0.010215,0.027064,-1.675516,-0.885121,0.005702,27.000000,0.013045,8.383525,-0.006597,0.227796,-1.675516,0.106000,0.000000,49,0,1,34,34,-0.022800,-0.038525,-1.597587,-1.063245,0.191023,9.982066,-2.455918,0.005702,0.035333,7,1,0,0.000000,0,3.601945,0.000000,-0.006781,0,0.184388,0.000000,-0.122421,3.601945,0.184388,1,1,1,4.896215,0.000000,0.000000,0.000000,0.000000,0.000000,0.000000,0.000000
1.3401,8.383447,0.209155,0.125987,-1.884956,-0.013741,-0.109632,1,3.601945,89,0.317259,0.147858,8.383447,0.000419,3.496396,0.125987,8.383428,3.601324,0.125987,0.209155,-1.884956,0.012987,-0.469090,-40.805986,0.104928,0.000000,0.000124,0.002015,-0.000130,0.000124,0.317259,0.147858,-9.803754,-0.056280,0.015706,-1.884956,-0.901978,0.004950,27.000000,0.013045,8.383428,0.000419,0.209389,-1.884956,0.106000,0.000000,54,0,1,34,34,0.002813,-0.081201,-1.758063,0.123903,-0.511800,9.640812,-2.472774,0.004950,0.034772,7,1,0,0.000000,0,3.601945,0.000000,-0.013741,0,0.164071,0.000000,-0.109632,3.601945,0.164071,1,1,1,4.896191,0.000000,0.000000,0.000000,0.000000,0.000000,0.000000,0.000000
1.3501,8.383532,0.190745,0.037448,-1.884956,-0.003308,-0.115479,1,3.601945,99,0.313228,0.145630,8.383532,-0.000419,3.496836,0.037448,8.383525,3.601703,0.037448,0.190745,-1.884956,0.012986,-0.469090,-40.805986,0.104867,-0.002000,0.000125,0.001979,-0.000126,0.000125,0.313228,0.145630,-9.803917,-0.009352,0.000395,-1.886956,-0.920001,0.004456,27.000000,0.013045,8.383525,-0.000419,0.190981,-1.884956,0.106000,-0.002000,59,0,1,34,34,0.002736,-0.032969,-1.849235,0.474117,0.436319,9.545293,-2.490797,0.004456,0.034172,7,1,0,0.000000,0,3.601945,0.000000,-0.003308,0,0.143553,0.000000,-0.115479,3.601945,0.143553,1,1,1,4.896165,0.000000,0.000000,0.000000,0.000000,0.000000,0.000000,0.000000
1.3601,8.382298,0.171354,0.077928,-1.989675,-0.007782,-0.106729,1,3.601945,109,0.312165,0.145175,8.382298,-0.011729,3.497351,0.077928,8.382278,3.602392,0.077928,0.171354,-1.989675,0.012938,-0.469090,-40.805986,0.105041,0.000000,0.000227,0.001998,-0.000400,0.000227,0.312165,0.145175,-9.803957,-0.009335,0.039295,-1.989675,-0.938690,0.003775,27.000000,0.013045,8.382278,-0.011729,0.171806,-1.989675,0.106000,0.000000,64,0,1,34,34,-0.033556,-0.047210,-1.911296,-0.315156,-0.176526,10.352107,-2.509486,0.003775,0.033885,7,1,0,0.000000,0,3.601945,0.000000,-0.007782,0,0.123133,0.000000,-0.106729,3.601945,0.123133,1,1,1,4.895296,0.000000,0.000000,0.000000,0.000000,0.000000,0.000000,0.000000
1.3701,8.381159,0.151245,0.108095,-2.094395,-0.007575,-0.095455,1,3.601945,119,0.309144,0.146758,8.381159,-0.012776,3.497788,0.108095,8.381128,3.602949,0.108095,0.151245,-2.094395,0.012906,-0.469090,-40.805986,0.105160,0.000000,0.000296,0.001983,-0.000230,0.000296,0.309144,0.146758,-9.804029,-0.017278,0.006204,-2.094395,-0.958223,0.002858,27.000000,0.013045,8.381128,-0.012776,0.151864,-2.094395,0.106000,0.000000,69,0,1,34,34,0.000572,-0.043982,-1.985898,-0.079452,0.365671,9.821764,-2.529019,0.002858,0.033414,7,1,0,0.000000,0,3.601945,0.000000,-0.007575,0,0.103106,0.000000,-0.095455,3.601945,0.103106,1,1,1,4.894304,0.000000,0.000000,0.000000,0.000000,0.000000,0.000000,0.000000
1.3801,8.380373,0.131612,-0.026113,-1.989675,0.002887,-0.093554,1,3.601945,129,0.304743,0.147331,8.380373,-0.006597,3.497707,-0.026113,8.380361,3.602541,-0.026113,0.131612,-1.989675,0.012972,-0.469090,-40.805986,0.104835,-0.001000,0.000156,0.002011,-0.000060,0.000156,0.304743,0.147331,-9.804159,-0.039170,0.017994,-1.990675,-0.978251,0.002153,27.000000,0.013045,8.380361,-0.006597,0.131922,-1.989675,0.106000,-0.001000,74,0,1,34,34,-0.001544,-0.069235,-2.016060,0.878603,-0.357814,9.594997,-2.549047,0.002153,0.032773,7,1,0,0.000000,0,3.601945,0.000000,0.002887,0,0.083700,0.000000,-0.093554,3.601945,0.083700,1,1,1,4.893827,0.000000,0.000000,0.000000,0.000000,0.000000,0.000000,0.000000
1.3901,8.379684,0.111509,-0.032308,-1.989675,-0.000599,-0.078351,1,3.601945,139,0.302050,0.146268,8.379684,-0.006597,3.497499,-0.032308,8.379689,3.602492,-0.032308,0.111509,-1.989675,0.012934,-0.469090,-40.805986,0.104993,0.000000,0.000237,0.001978,0.000037,0.000237,0.302050,0.146268,-9.804258,0.008835,0.004857,-1.989675,-0.998392,0.001536,27.000000,0.013045,8.379689,-0.006597,0.111981,-1.989675,0.106000,0.000000,79,0,1,34,34,-0.008002,-0.020019,-2.021893,0.225583,0.417062,9.544937,-2.569188,0.001536,0.032264,7,1,0,0.000000,0,3.601945,0.000000,-0.000599,0,0.065053,0.000000,-0.078351,3.601945,0.065053,1,1,1,4.893793,0.000000,0.000000,0.000000,0.000000,0.000000,0.000000,0.000000
1.4001,8.379845,0.092226,-0.015503,-1.989675,0.011523,-0.073962,1,3.601945,149,0.301367,0.147880,8.379845,0.003560,3.496326,-0.015503,8.379881,3.601440,-0.015503,0.092226,-1.989675,0.012908,-0.469090,-40.805986,0.105115,0.000000,0.000291,0.002005,0.000432,0.000291,0.301367,0.147880,-9.804255,-0.004791,0.001609,-1.989675,-1.018708,0.000720,27.000000,0.013045,8.379881,0.003560,0.092806,-1.989675,0.106000,0.000000,84,0,1,34,34,0.000553,-0.030906,-2.004946,-0.260758,0.298050,9.868819,-2.589505,0.000720,0.031984,7,1,0,0.000000,0,3.601945,0.000000,0.011523,0,0.047350,0.000000,-0.073962,3.601945,0.047350,1,1,1,4.893759,0.000000,0.000000,0.000000,0.000000,0.000000,0.000000,0.000000
1.4101,8.380527,0.073783,0.020225,-1.989675,0.016517,-0.071969,1,3.601945,159,0.300099,0.148532,8.380527,0.008692,3.494971,0.020225,8.380553,3.600148,0.020225,0.073783,-1.989675,0.012900,-0.469090,-40.805986,0.105178,0.000000,0.000309,0.001994,0.000157,0.000309,0.300099,0.148532,-9.804284,-0.024855,0.011439,-1.989675,-1.038431,0.000048,27.000000,0.013045,8.380553,0.008692,0.074398,-1.989675,0.106000,0.000000,89,0,1,34,34,0.000587,-0.052757,-1.968934,-0.490600,0.101838,9.483881,-2.609227,0.000048,0.031629,7,1,0,0.000000,0,3.601945,0.000000,0.016517,0,0.030388,0.000000,-0.071969,3.601945,0.030388,1,1,1,4.893732,0.000000,0.000000,0.000000,0.000000,0.000000,0.000000,0.000000
1.4201,8.382388,0.054708,0.054697,-1.989675,0.008871,-0.052130,1,3.601945,169,0.296813,0.148517,8.382388,0.019897,3.494602,0.054697,8.382374,3.599708,0.054697,0.054708,-1.989675,0.012923,-0.469090,-40.805986,0.105106,0.002000,0.000259,0.001895,0.000499,0.000259,0.296813,0.148517,-9.804384,-0.023621,-0.002946,-1.987675,-1.057936,-0.000545,27.000000,0.013045,8.382374,0.019897,0.055223,-1.989675,0.106000,0.002000,94,0,1,34,34,0.013396,-0.044654,-1.932563,-0.191657,-0.088162,10.171237,-2.628732,-0.000545,0.031044,7,1,0,0.000000,0,3.601945,0.000000,0.008871,0,0.014201,0.000000,-0.052130,3.601945,0.014201,1,1,1,4.893711,0.000000,0.000000,0.000000,0.000000,0.000000,0.000000,0.000000
1.4301,8.386402,0.036586,0.038601,-1.884956,0.013105,-0.044769,1,3.601945,179,0.293813,0.149379,8.386402,0.042412,3.494105,0.038601,8.386400,3.598989,0.038601,0.036586,-1.884956,0.012988,-0.469090,-40.805986,0.104885,0.001000,0.000122,0.002009,0.000948,0.000122,0.293813,0.149379,-9.804461,-0.008992,0.011455,-1.883956,-1.076766,-0.001140,27.000000,0.013045,8.386400,0.042412,0.036816,-1.884956,0.106000,0.001000,99,0,1,34,34,-0.005797,-0.037324,-1.845026,-0.041907,-0.299658,8.714503,-2.647563,-0.001140,0.030492,7,1,0,0.000000,0,3.601945,0.000000,0.013105,0,-0.000900,0.000000,-0.044769,3.601945,-0.000900,1,1,1,4.893700,0.000000,0.000000,0.000000,0.000000,0.000000,0.000000,0.000000
1.4401,8.386677,0.020418,0.039994,-1.780236,0.026840,-0.048061,1,3.601945,189,0.292635,0.149076,8.386677,0.003560,3.492223,0.039994,8.386689,3.597245,0.039994,0.020418,-1.780236,0.012968,-0.469090,-40.805986,0.105022,0.002000,0.000164,0.002003,-0.000231,0.000164,0.292635,0.149076,-9.804501,-0.003891,-0.013217,-1.778236,-1.094670,-0.001622,27.000000,0.013045,8.386689,0.003560,0.020709,-1.780236,0.106000,0.002000,104,0,1,34,34,0.013427,-0.019454,-1.738136,-0.059483,0.098300,9.790380,-2.665467,-0.001622,0.030139,7,1,0,0.000000,0,3.601945,0.000000,0.026840,0,-0.014826,0.000000,-0.048061,3.601945,-0.014826,1,1,1,4.893704,0.000000,0.000000,0.000000,0.000000,0.000000,0.000000,0.000000
1.4501,8.386776,0.005150,-0.056057,-1.570796,0.026243,-0.043511,1,3.601945,199,0.291636,0.148725,8.386776,0.001466,3.490813,-0.056057,8.386785,3.595842,-0.056057,0.005150,-1.570796,0.012979,-0.469090,-40.805986,0.105029,0.001000,0.000140,0.002141,0.000235,0.000140,0.291636,0.148725,-9.804536,-0.028824,0.001185,-1.569796,-1.111335,-0.002034,27.000000,0.013045,8.386785,0.001466,0.005369,-1.570796,0.106000,0.001000,109,0,1,34,34,0.013489,-0.046600,-1.625385,-0.967489,0.331676,10.213233,-2.682132,-0.002034,0.029811,7,1,0,0.000000,0,3.601945,0.000000,0.026243,0,-0.027846,0.000000,-0.043511,3.601945,-0.027846,1,1,1,4.893712,0.000000,0.000000,0.000000,0.000000,0.000000,0.000000,0.000000
1.4601,8.387060,-0.008634,-0.078173,-1.466077,0.037853,-0.049919,1,3.601945,209,0.287854,0.149152,8.387060,0.002513,3.488638,-0.078173,8.387072,3.593705,-0.078173,-0.008634,-1.466077,0.012982,-0.469090,-40.805986,0.105066,-0.001000,0.000134,0.002025,0.000213,0.000134,0.287854,0.149152,-9.804641,-0.039815,0.020623,-1.467077,-1.127248,-0.002481,27.000000,0.013045,8.387072,0.002513,-0.008437,-1.466077,0.106000,-0.001000,114,0,1,34,34,0.002859,-0.064804,-1.544538,-0.194077,-0.293949,9.020716,-2.698045,-0.002481,0.029215,7,1,0,0.000000,0,3.601945,0.000000,0.037853,0,-0.040290,0.000000,-0.049919,3.601945,-0.040290,1,1,1,4.893726,0.000000,0.000000,0.000000,0.000000,0.000000,0.000000,0.000000
1.4701,8.387071,-0.022468,-0.001628,-1.466077,0.032392,-0.042967,1,3.601945,219,0.284524,0.149400,8.387071,0.000419,3.487374,-0.001628,8.387072,3.592379,-0.001628,-0.022468,-1.466077,0.012973,-0.469090,-40.805986,0.105005,0.000000,0.000154,0.001989,-0.000174,0.000154,0.284524,0.149400,-9.804735,-0.006175,0.018067,-1.466077,-1.142402,-0.002910,27.000000,0.013045,8.387072,0.000419,-0.022243,-1.466077,0.106000,0.000000,119,0,1,34,34,-0.012094,-0.033813,-1.467390,-0.276986,0.238094,10.853960,-2.713198,-0.002910,0.028658,8,1,0,0.000000,0,3.601945,0.000000,0.032392,0,-0.052429,0.000000,-0.042967,3.601945,-0.052429,1,1,1,4.893746,0.000000,0.000000,0.000000,0.000000,0.000000,0.000000,0.000000
1.4801,8.387137,-0.034804,-0.117485,-1.256637,0.040237,-0.052157,1,3.601945,229,0.281507,0.149638,8.387137,-0.000419,3.485336,-0.117485,8.387168,3.590620,-0.117485,-0.034804,-1.256637,0.012937,-0.469090,-40.805986,0.105284,0.000000,0.000231,0.002022,0.000276,0.000231,0.281507,0.149638,-9.804818,-0.027384,0.008983,-1.256637,-1.156490,-0.003312,27.000000,0.013045,8.387168,-0.000419,-0.034514,-1.256637,0.106000,0.000000,124,0,1,34,34,0.007158,-0.045690,-1.373646,-0.111541,0.474942,8.712672,-2.727286,-0.003312,0.028152,7,1,0,0.000000,0,3.601945,0.000000,0.040237,0,-0.064118,0.000000,-0.052157,3.601945,-0.064118,1,1,1,4.893770,0.000000,0.000000,0.000000,0.000000,0.000000,0.000000,0.000000
1.4901,8.387551,-0.047553,0.045319,-1.361357,0.025719,-0.036556,1,3.601945,239,0.280403,0.151516,8.387551,0.003560,3.484714,0.045319,8.387551,3.590364,0.045319,-0.047553,-1.361357,0.013045,-0.469090,-40.805986,0.105650,0.000000,0.000000,0.002004,0.000015,0.000000,0.280403,0.151516,-9.804821,0.004620,0.021607,-1.361365,-1.169486,-0.003747,27.000000,0.013045,8.387551,0.003560,-0.047553,-1.361357,0.106000,0.000000,129,0,1,34,34,-0.020597,-0.025166,-1.315829,-0.554903,-0.182917,10.083914,-2.740283,-0.003747,0.027821,7,1,0,0.000000,0,3.601945,0.000000,0.025719,0,-0.075028,0.000000,-0.036556,3.601945,-0.075028,1,1,1,4.893799,0.000000,0.000000,0.000000,0.000000,0.000000,0.000000,0.000000
1.5001,8.387352,-0.059162,-0.063420,-1.151917,0.040022,-0.033415,1,3.601945,249,0.279349,0.152788,8.387352,-0.000419,3.483747,-0.063420,8.387359,3.588959,-0.063420,-0.059162,-1.151917,0.013003,-0.469090,-40.805986,0.105213,0.000000,0.000090,0.002003,-0.000037,0.000090,0.279349,0.152788,-9.804831,0.012643,0.003439,-1.151917,-1.182490,-0.004234,27.000000,0.013045,8.387359,-0.000419,-0.059058,-1.151917,0.106000,0.000000,134,0,1,34,34,-0.009913,-0.007236,-1.215346,0.329835,-0.040106,8.621650,-2.753286,-0.004234,0.027509,7,1,0,0.000000,0,3.601945,0.000000,0.040022,0,-0.084842,0.000000,-0.033415,3.601945,-0.084842,1,1,1,4.893832,0.000000,0.000000,0.000000,0.000000,0.000000,0.000000,0.000000
1.5101,8.387273,-0.070168,0.024523,-1.151917,0.035936,-0.022271,1,3.601945,3,0.279364,0.152415,8.387273,-0.002513,3.482585,0.024523,8.387264,3.588129,0.024523,-0.070168,-1.151917,0.012894,-0.469090,-40.805986,0.105544,0.001000,0.000323,0.002000,-0.000039,0.000323,0.279364,0.152415,-9.804837,-0.016533,0.010406,-1.150917,-1.194319,-0.004607,27.000000,0.013045,8.387264,-0.002513,-0.069796,-1.151917,0.106000,0.001000,139,0,1,34,34,0.000814,-0.034039,-1.126049,-0.621925,0.024582,10.315646,-2.765116,-0.004607,0.027322,7,1,0,0.000000,0,3.601945,0.000000,0.035936,0,-0.093423,0.000000,-0.022271,3.601945,-0.093423,1,1,1,4.894110,0.000000,0.000000,0.000000,0.000000,0.000000,0.000000,0.000000
1.5201,8.387601,-0.080228,0.020340,-1.047198,0.036167,-0.013944,1,3.601945,13,0.277292,0.151545,8.387601,0.001466,3.481611,0.020340,8.387551,3.587418,0.020340,-0.080228,-1.047198,0.012838,-0.469090,-40.805986,0.105807,0.001000,0.000441,0.002014,-0.000125,0.000441,0.277292,0.151545,-9.804909,-0.005699,0.008221,-1.046198,-1.205089,-0.004831,27.000000,0.013045,8.387551,0.001466,-0.079767,-1.047198,0.106000,0.001000,144,0,1,34,34,-0.003437,-0.022563,-1.025652,-0.011960,0.203153,9.820175,-2.775885,-0.004831,0.026941,6,1,0,0.000000,0,3.601945,0.000000,0.036167,0,-0.100770,0.000000,-0.013944,3.601945,-0.100770,1,1,1,4.894629,0.000000,0.000000,0.000000,0.000000,0.000000,0.000000,0.000000
1.5301,8.387575,-0.089485,0.048713,-0.942478,0.033258,-0.003347,1,3.601945,23,0.275457,0.150790,8.387575,0.000419,3.481215,0.048713,8.387551,3.587067,0.048713,-0.089485,-0.942478,0.012789,-0.469090,-40.805986,0.105852,0.002000,0.000545,0.002006,-0.000016,0.000545,0.275457,0.150790,-9.804973,-0.022178,0.009590,-0.940478,-1.214693,-0.005035,27.000000,0.013045,8.387551,0.000419,-0.088971,-0.942478,0.106000,0.002000,149,0,1,34,34,0.005154,-0.035009,-0.891390,-0.471492,-0.067556,9.262072,-2.785490,-0.005035,0.026597,7,1,0,0.000000,0,3.601945,0.000000,0.033258,0,-0.106882,0.000000,-0.003347,3.601945,-0.106882,1,1,1,4.894740,0.000000,0.000000,0.000000,0.000000,0.000000,0.000000,0.000000
1.5401,8.387577,-0.097748,0.080963,-0.837758,0.028486,0.005193,1,3.601945,33,0.274388,0.151031,8.387577,0.000419,3.481400,0.080963,8.387551,3.587173,0.080963,-0.097748,-0.837758,0.012854,-0.469090,-40.805986,0.105773,0.000000,0.000406,0.002013,-0.000159,0.000406,0.274388,0.151031,-9.804999,-0.002945,-0.001604,-0.837758,-1.222849,-0.005203,27.000000,0.013045,8.387551,0.000419,-0.097408,-0.837758,0.106000,0.000000,154,0,1,34,34,0.003033,-0.011158,-0.756714,-0.419310,0.138981,11.130413,-2.793646,-0.005203,0.026338,7,1,0,0.000000,0,3.601945,0.000000,0.028486,0,-0.111813,0.000000,0.005193,3.601945,-0.111813,1,1,1,4.895051,0.000000,0.000000,0.000000,0.000000,0.000000,0.000000,0.000000
1.5501,8.387581,-0.104432,0.091138,-0.733038,0.031588,0.005200,1,3.601945,43,0.273899,0.152045,8.387581,-0.001466,3.481303,0.091138,8.387551,3.587003,0.091138,-0.104432,-0.733038,0.012967,-0.469090,-40.805986,0.105699,0.000000,0.000165,0.002020,-0.000350,0.000165,0.273899,0.152045,-9.804997,-0.017724,0.001336,-0.733038,-1.229701,-0.005363,27.000000,0.013045,8.387551,-0.001466,-0.104311,-0.733038,0.106000,0.000000,159,0,1,34,34,0.009484,-0.023355,-0.641651,0.483267,-0.418614,8.302123,-2.800497,-0.005363,0.026156,6,1,0,0.000000,0,3.601945,0.000000,0.031588,0,-0.115719,0.000000,0.005200,3.601945,-0.115719,1,1,1,4.895088,0.000000,0.000000,0.000000,0.000000,0.000000,0.000000,0.000000
1.5601,8.387551,-0.109679,0.117908,-0.628319,0.034409,0.007136,1,3.601945,53,0.273946,0.152708,8.387551,0.000419,3.481166,0.117908,8.387551,3.586626,0.117908,-0.109679,-0.628319,0.013045,-0.469090,-40.805986,0.105460,-0.001000,0.000000,0.002170,-0.000213,0.000000,0.273946,0.152708,-9.804985,0.002171,0.005166,-0.629320,-1.235323,-0.005490,27.000000,0.013045,8.387551,0.000419,-0.109679,-0.628319,0.106000,-0.001000,164,0,1,34,34,-0.005436,-0.008032,-0.511351,-0.831484,-0.054383,10.506125,-2.806120,-0.005490,0.026057,7,1,0,0.000000,0,3.601945,0.000000,0.034409,0,-0.118491,0.000000,0.007136,3.601945,-0.118491,1,1,1,4.895126,0.000000,0.000000,0.000000,0.000000,0.000000,0.000000,0.000000
1.5701,8.387523,-0.115281,0.164797,-0.523599,0.017435,0.027197,1,3.601945,63,0.272950,0.151044,8.387523,0.000419,3.481783,0.164797,8.387455,3.587726,0.164797,-0.115281,-0.523599,0.012837,-0.469090,-40.805986,0.105944,-0.001000,0.000444,0.001987,-0.000270,0.000444,0.272950,0.151044,-9.805039,0.008319,0.005825,-0.524599,-1.239822,-0.005664,27.000000,0.013045,8.387455,0.000419,-0.115048,-0.523599,0.106000,-0.001000,169,0,1,34,34,-0.009668,-0.001510,-0.359812,0.194736,0.068891,8.306834,-2.810618,-0.005664,0.025871,7,1,0,0.000000,0,3.601945,0.000000,0.017435,0,-0.120357,0.000000,0.027197,3.601945,-0.120357,1,1,1,4.895165,0.000000,0.000000,0.000000,0.000000,0.000000,0.000000,0.000000
1.5801,8.387555,-0.118136,0.078216,-0.314159,0.028739,0.008632,1,3.601945,73,0.272459,0.153139,8.387555,-0.000419,3.481881,0.078216,8.387551,3.587701,0.078216,-0.118136,-0.314159,0.013015,-0.469090,-40.805986,0.105820,-0.001000,0.000064,0.002123,-0.000074,0.000064,0.272459,0.153139,-9.805020,-0.034322,0.011402,-0.315159,-1.242701,-0.005766,27.000000,0.013045,8.387551,-0.000419,-0.118116,-0.314159,0.106000,-0.001000,174,0,1,34,34,0.011752,-0.037284,-0.236478,-0.355236,-0.045996,9.846160,-2.813497,-0.005766,0.025743,7,1,0,0.000000,0,3.601945,0.000000,0.028739,0,-0.121647,0.000000,0.008632,3.601945,-0.121647,1,1,1,4.895200,0.000000,0.000000,0.000000,0.000000,0.000000,0.000000,0.000000
1.5901,8.387264,-0.119651,0.000377,-0.104720,0.028332,-0.001364,1,3.601945,83,0.273167,0.152495,8.387264,-0.001466,3.481823,0.000377,8.387264,3.587714,0.000377,-0.119651,-0.104720,0.013040,-0.469090,-40.805986,0.105891,-0.001000,0.000010,0.002002,-0.000195,0.000010,0.273167,0.152495,-9.805010,0.017371,-0.017301,-0.105720,-1.244204,-0.005723,27.000000,0.013045,8.387264,-0.001466,-0.119650,-0.104720,0.106000,-0.001000,179,0,1,34,34,0.003189,0.022933,-0.105651,-1.002623,0.186005,11.168789,-2.815000,-0.005723,0.025794,7,1,0,0.000000,0,3.601945,0.000000,0.028332,0,-0.122691,0.000000,-0.001364,3.601945,-0.122691,1,1,1,4.895235,0.000000,0.000000,0.000000,0.000000,0.000000,0.000000,0.000000
1.6001,8.387260,-0.120417,0.002404,0.000000,0.025285,-0.010400,1,3.601945,93,0.271816,0.150702,8.387260,-0.000419,3.482013,0.002404,8.387264,3.587979,0.002404,-0.120417,0.000000,0.012841,-0.469090,-40.805986,0.105966,0.000000,0.000435,0.001999,0.000045,0.000435,0.271816,0.150702,-9.805075,-0.009426,0.019242,0.000000,-1.244705,-0.005744,27.000000,0.013045,8.387264,-0.000419,-0.120417,0.000000,0.106000,0.000000,184,0,1,34,34,-0.009543,-0.019152,0.002650,-0.387517,0.111203,8.727978,-2.815502,-0.005744,0.025665,6,1,0,0.000000,0,3.601945,0.000000,0.025285,0,-0.123817,0.000000,-0.010400,3.601945,-0.123817,1,1,1,4.895271,0.000000,0.000000,0.000000,0.000000,0.000000,0.000000,0.000000
1.6101,8.387363,-0.120417,0.039437,0.000000,0.025800,-0.025258,1,3.601945,103,0.270989,0.151960,8.387363,-0.001466,3.482166,0.039437,8.387359,3.588157,0.039437,-0.120417,0.000000,0.012987,-0.469090,-40.805986,0.105990,0.001000,0.000125,0.001993,-0.000165,0.000125,0.270989,0.151960,-9.805079,-0.036341,0.010251,0.001000,-1.244528,-0.005715,27.000000,0.013045,8.387359,-0.001466,-0.120417,0.000000,0.106000,0.001000,189,0,1,34,34,0.013965,-0.034553,0.040889,-0.849083,0.070637,11.225152,-2.815325,-0.005715,0.025566,6,1,0,0.000000,0,3.601945,0.000000,0.025800,0,-0.125355,0.000000,-0.025258,3.601945,-0.125355,1,1,1,4.895303,0.000000,0.000000,0.000000,0.000000,0.000000,0.000000,0.000000
1.6201,8.387397,-0.119650,0.079285,0.000000,0.028604,-0.046436,1,3.601945,113,0.267733,0.149739,8.387397,-0.001466,3.482049,0.079285,8.387359,3.588071,0.079285,-0.119650,0.000000,0.012815,-0.469090,-40.805986,0.106022,0.000000,0.000490,0.002138,-0.000167,0.000490,0.267733,0.149739,-9.805203,-0.012817,0.011046,0.000000,-1.243851,-0.005602,27.000000,0.013045,8.387359,-0.001466,-0.119650,0.000000,0.106000,0.000000,194,0,1,34,34,-0.000985,-0.015874,0.079495,0.070503,0.200335,8.499481,-2.814647,-0.005602,0.025278,7,1,0,0.000000,0,3.601945,0.000000,0.028604,0,-0.127635,0.000000,-0.046436,3.601945,-0.127635,1,1,1,4.895337,0.000000,0.000000,0.000000,0.000000,0.000000,0.000000,0.000000
1.6301,8.387381,-0.120417,0.093508,0.000000,0.008524,-0.046890,1,3.601945,123,0.265705,0.152217,8.387381,0.002513,3.483638,0.093508,8.387359,3.589673,0.093508,-0.120417,0.000000,0.012948,-0.469090,-40.805986,0.106036,0.000000,0.000206,0.002009,-0.000304,0.000206,0.265705,0.152217,-9.805220,-0.022260,0.045147,0.000000,-1.243013,-0.005715,27.000000,0.013045,8.387359,0.002513,-0.120417,0.000000,0.106000,0.000000,199,0,1,34,34,-0.022298,-0.043914,0.094085,-0.486222,0.035295,11.004912,-2.813810,-0.005715,0.025028,7,1,0,0.000000,0,3.601945,0.000000,0.008524,0,-0.130979,0.000000,-0.046890,3.601945,-0.130979,1,1,1,4.895367,0.000000,0.000000,0.000000,0.000000,0.000000,0.000000,0.000000
1.6401,8.387498,-0.120417,0.086826,0.000000,0.014416,-0.075990,1,3.601945,133,0.263080,0.153157,8.387498,0.001466,3.484485,0.086826,8.387455,3.590517,0.086826,-0.120417,0.000000,0.012838,-0.469090,-40.805986,0.106032,-0.001000,0.000442,0.002015,-0.000069,0.000442,0.263080,0.153157,-9.805276,0.001204,0.019151,-0.001000,-1.242166,-0.005888,27.000000,0.013045,8.387455,0.001466,-0.120417,0.000000,0.106000,-0.001000,3,0,1,34,34,-0.015932,-0.009591,0.085956,0.595849,-0.088851,7.932262,-2.812962,-0.005888,0.024751,7,1,0,0.000000,0,3.601945,0.000000,0.014416,0,-0.135551,0.000000,-0.075990,3.601945,-0.135551,1,1,1,4.895394,0.000000,0.000000,0.000000,0.000000,0.000000,0.000000,0.000000
1.6501,8.387080,-0.120417,0.039767,0.000000,0.015521,-0.099959,1,3.601945,143,0.261753,0.154325,8.387080,-0.000419,3.485127,0.039767,8.387072,3.591128,0.039767,-0.120417,0.000000,0.012966,-0.469090,-40.805986,0.106001,-0.001000,0.000168,0.002001,-0.000100,0.000168,0.261753,0.154325,-9.805293,-0.013262,0.008724,-0.001000,-1.241555,-0.005862,27.000000,0.013045,8.387072,-0.000419,-0.120417,0.000000,0.106000,-0.001000,8,0,1,34,34,0.001137,-0.015329,0.038969,-0.299217,0.110679,9.551087,-2.812352,-0.005862,0.024602,7,1,0,0.000000,0,3.601945,0.000000,0.015521,0,-0.141359,0.000000,-0.099959,3.601945,-0.141359,1,1,1,4.895417,0.000000,0.000000,0.000000,0.000000,0.000000,0.000000,0.000000
1.6601,8.387140,-0.121248,0.049857,-0.104720,0.012099,-0.116425,1,3.601945,153,0.260502,0.153612,8.387140,0.000419,3.485923,0.049857,8.387168,3.591923,0.049857,-0.121248,-0.104720,0.012760,-0.469090,-40.805986,0.106000,0.000000,0.000607,0.002001,-0.000024,0.000607,0.260502,0.153612,-9.805337,0.004557,0.013952,-0.104720,-1.241588,-0.006000,27.000000,0.013045,8.387168,0.000419,-0.121184,-0.104720,0.106000,0.000000,13,0,1,34,34,-0.013843,-0.005577,-0.054796,0.095057,-0.012102,10.220040,-2.812385,-0.006000,0.024469,7,1,0,0.000000,0,3.601945,0.000000,0.012099,0,-0.148401,0.000000,-0.116425,3.601945,-0.148401,1,1,1,4.895439,0.000000,0.000000,0.000000,0.000000,0.000000,0.000000,0.000000
1.6701,8.387286,-0.123587,0.169416,-0.314159,0.004324,-0.124392,1,3.601945,163,0.259439,0.156843,8.387286,0.001466,3.487255,0.169416,8.387264,3.593233,0.169416,-0.123587,-0.314159,0.012893,-0.469090,-40.805986,0.105979,0.000000,0.000324,0.001988,-0.000157,0.000324,0.259439,0.156843,-9.805314,-0.002389,0.022037,-0.314159,-1.242612,-0.006238,27.000000,0.013045,8.387264,0.001466,-0.123485,-0.314159,0.106000,0.000000,18,0,1,34,34,-0.015992,-0.017214,-0.144533,0.052291,-0.199156,8.323188,-2.813408,-0.006238,0.024277,7,1,0,0.000000,0,3.601945,0.000000,0.004324,0,-0.156581,0.000000,-0.124392,3.601945,-0.156581,1,1,1,4.895457,0.000000,0.000000,0.000000,0.000000,0.000000,0.000000,0.000000
1.6801,8.387185,-0.127400,0.203443,-0.523599,0.000352,-0.128481,1,3.601945,173,0.256555,0.157053,8.387185,0.000419,3.488820,0.203443,8.387168,3.594656,0.203443,-0.127400,-0.523599,0.012974,-0.469090,-40.805986,0.105836,0.000000,0.000152,0.001985,-0.000244,0.000152,0.256555,0.157053,-9.805387,-0.036784,0.008323,-0.523599,-1.245004,-0.006234,27.000000,0.013045,8.387168,0.000419,-0.127320,-0.523599,0.106000,0.000000,23,0,1,34,34,0.015998,-0.038303,-0.319686,0.040251,-0.051776,11.109654,-2.815801,-0.006234,0.023909,7,1,0,0.000000,0,3.601945,0.000000,0.000352,0,-0.165601,0.000000,-0.128481,3.601945,-0.165601,1,1,1,4.895471,0.000000,0.000000,0.000000,0.000000,0.000000,0.000000,0.000000
1.6901,8.386987,-0.131980,0.090026,-0.523599,0.005462,-0.136218,1,3.601945,183,0.254627,0.155789,8.386987,-0.002513,3.489682,0.090026,8.386976,3.595416,0.090026,-0.131980,-0.523599,0.012993,-0.469090,-40.805986,0.105734,-0.001000,0.000110,0.001995,-0.000102,0.000110,0.254627,0.155789,-9.805457,-0.010781,-0.011791,-0.524599,-1.248828,-0.006170,27.000000,0.013045,8.386976,-0.002513,-0.131922,-0.523599,0.106000,-0.001000,28,0,1,34,34,0.015931,-0.006855,-0.434521,0.444510,0.318007,9.055991,-2.819624,-0.006170,0.023643,7,1,0,0.000000,0,3.601945,0.000000,0.005462,0,-0.175166,0.000000,-0.136218,3.601945,-0.175166,1,1,1,4.895481,0.000000,0.000000,0.000000,0.000000,0.000000,0.000000,0.000000
1.7001,8.386725,-0.138397,0.064638,-0.628319,0.000211,-0.127176,1,3.601945,193,0.253893,0.154048,8.386725,-0.001466,3.490507,0.064638,8.386689,3.596486,0.064638,-0.138397,-0.628319,0.012792,-0.469090,-40.805986,0.105979,-0.001000,0.000539,0.001997,-0.000160,0.000539,0.253893,0.154048,-9.805504,0.011601,0.011382,-0.629319,-1.254172,-0.006336,27.000000,0.013045,8.386689,-0.001466,-0.138058,-0.628319,0.106000,-0.001000,33,0,1,34,34,-0.016128,-0.005217,-0.564660,-0.047008,-0.102949,10.601852,-2.824968,-0.006336,0.023470,6,1,0,0.000000,0,3.601945,0.000000,0.000211,0,-0.184983,0.000000,-0.127176,3.601945,-0.184983,1,1,1,4.895486,0.000000,0.000000,0.000000,0.000000,0.000000,0.000000,0.000000
1.7101,8.386718,-0.146235,0.262398,-0.942478,-0.007882,-0.116304,1,3.601945,203,0.253194,0.154620,8.386718,-0.000419,3.491973,0.262398,8.386689,3.598053,0.262398,-0.146235,-0.942478,0.012793,-0.469090,-40.805986,0.106080,0.000000,0.000538,0.001995,-0.000209,0.000538,0.253194,0.154620,-9.805513,-0.004956,0.002811,-0.942478,-1.260440,-0.006566,27.000000,0.013045,8.386689,-0.000419,-0.145728,-0.942478,0.106000,0.000000,38,0,1,34,34,0.000925,-0.014322,-0.679953,0.552778,-0.062864,9.703024,-2.831236,-0.006566,0.023240,6,1,0,0.000000,0,3.601945,0.000000,-0.007882,0,-0.194749,0.000000,-0.116304,3.601945,-0.194749,1,1,1,4.895486,0.000000,0.000000,0.000000,0.000000,0.000000,0.000000,0.000000
1.7201,8.386751,-0.154448,0.197013,-0.942478,-0.004461,-0.111512,1,3.601945,213,0.251670,0.154310,8.386751,0.001466,3.493329,0.197013,8.386689,3.599073,0.197013,-0.154448,-0.942478,0.012904,-0.469090,-40.805986,0.105744,0.001000,0.000300,0.002014,-0.000482,0.000300,0.251670,0.154310,-9.805557,-0.023537,0.004315,-0.941478,-1.267634,-0.006590,27.000000,0.013045,8.386689,0.001466,-0.154165,-0.942478,0.106000,0.001000,43,0,1,34,34,0.011596,-0.030536,-0.744133,0.159088,0.245617,9.485748,-2.838430,-0.006590,0.022932,7,1,0,0.000000,0,3.601945,0.000000,-0.004461,0,-0.204169,0.000000,-0.111512,3.601945,-0.204169,1,1,1,4.895482,0.000000,0.000000,0.000000,0.000000,0.000000,0.000000,0.000000
1.7301,8.386512,-0.162694,0.168986,-0.942478,-0.003334,-0.106291,1,3.601945,222,0.251101,0.154724,8.386512,0.000419,3.494219,0.168986,8.386496,3.599830,0.168986,-0.162694,-0.942478,0.012999,-0.469090,-40.805986,0.105610,0.000000,0.000098,0.002071,-0.000469,0.000098,0.251101,0.154724,-9.805565,0.012973,-0.006405,-0.942478,-1.275123,-0.006715,27.000000,0.013045,8.386496,0.000419,-0.162602,-0.942478,0.106000,0.000000,48,0,1,34,34,-0.003391,0.004009,-0.773610,-0.065294,0.251087,11.361461,-2.845919,-0.006715,0.022706,6,1,0,0.000000,0,3.601945,0.000000,-0.003334,0,-0.212986,0.000000,-0.106291,3.601945,-0.212986,1,1,1,4.895474,0.000000,0.000000,0.000000,0.000000,0.000000,0.000000,0.000000
1.7401,8.385001,-0.172037,0.162193,-0.942478,-0.015713,-0.083988,1,3.601945,233,0.250211,0.154090,8.385001,-0.013718,3.495823,0.162193,8.384962,3.601492,0.162193,-0.172037,-0.942478,0.012930,-0.469090,-40.805986,0.105669,0.002000,0.000245,0.002016,-0.000677,0.000245,0.250211,0.154090,-9.805598,-0.001970,0.008885,-0.940478,-1.282801,-0.006916,27.000000,0.013045,8.384962,-0.013718,-0.171806,-0.942478,0.106000,0.002000,53,0,1,34,34,-0.005505,-0.017310,-0.778126,0.422530,0.132985,7.771682,-2.853597,-0.006916,0.022443,7,1,0,0.000000,0,3.601945,0.000000,-0.015713,0,-0.220945,0.000000,-0.083988,3.601945,-0.220945,1,1,1,4.895460,0.000000,0.000000,0.000000,0.000000,0.000000,0.000000,0.000000
1.7501,8.383174,-0.179645,0.061309,-0.837758,0.004099,-0.089108,1,3.601945,243,0.247995,0.153956,8.383174,-0.017802,3.495538,0.061309,8.383141,3.601226,0.061309,-0.179645,-0.837758,0.012950,-0.469090,-40.805986,0.105688,0.000000,0.000203,0.002019,-0.000682,0.000203,0.247995,0.153956,-9.805656,-0.025538,0.001013,-0.837758,-1.290675,-0.007013,27.000000,0.013045,8.383141,-0.017802,-0.179476,-0.837758,0.106000,0.000000,58,0,1,34,34,0.015855,-0.030099,-0.776124,0.181849,0.333018,10.931775,-2.861472,-0.007013,0.022071,6,1,0,0.000000,0,3.601945,0.000000,0.004099,0,-0.227828,0.000000,-0.089108,3.601945,-0.227828,1,1,1,4.895438,0.000000,0.000000,0.000000,0.000000,0.000000,0.000000,0.000000
1.7601,8.381032,-0.187146,0.103145,-0.733038,0.000040,-0.076547,1,3.601945,253,0.248231,0.153706,8.381032,-0.021991,3.495647,0.103145,8.381032,3.601342,0.103145,-0.187146,-0.733038,0.013045,-0.469090,-40.805986,0.105696,0.000000,0.000000,0.002184,-0.000704,0.000000,0.248231,0.153706,-9.805654,0.026868,-0.021613,-0.837723,-1.298059,-0.007062,27.000000,0.013045,8.381032,-0.021991,-0.187146,-0.733038,0.106000,0.000000,63,0,1,34,34,-0.001267,0.024874,-0.734965,0.407238,0.285413,9.371465,-2.868856,-0.007062,0.021949,6,1,0,0.000000,0,3.601945,0.000000,0.000040,0,-0.233677,0.000000,-0.076547,3.601945,-0.233677,1,1,1,4.895409,0.000000,0.000000,0.000000,0.000000,0.000000,0.000000,0.000000
1.7701,8.377205,-0.194465,0.026424,-0.733038,0.005119,-0.060919,1,3.601945,7,0.248978,0.153143,8.377205,-0.037280,3.495113,0.026424,8.377196,3.601016,0.026424,-0.194465,-0.733038,0.012778,-0.469090,-40.805986,0.105904,-0.001000,0.000568,0.002008,-0.000803,0.000568,0.248978,0.153143,-9.805644,0.017534,0.014658,-0.734038,-1.305698,-0.007447,27.000000,0.013045,8.377196,-0.037280,-0.194048,-0.733038,0.106000,-0.001000,68,0,1,34,34,-0.022574,-0.005473,-0.707602,-0.162308,0.097201,10.651640,-2.876494,-0.007447,0.021887,7,1,0,0.000000,0,3.601945,0.000000,0.005119,0,-0.238318,0.000000,-0.060919,3.601945,-0.238318,1,1,1,4.893992,0.000000,0.000000,0.000000,0.000000,0.000000,0.000000,0.000000
1.7801,8.376015,-0.201209,0.083854,-0.733038,0.001286,-0.047640,1,3.601945,17,0.250991,0.155166,8.376015,-0.013718,3.495213,0.083854,8.375951,3.601064,0.083854,-0.201209,-0.733038,0.012880,-0.469090,-40.805986,0.105851,0.000000,0.000352,0.002005,-0.000063,0.000352,0.250991,0.155166,-9.805561,0.030912,-0.019933,-0.733038,-1.312388,-0.007736,27.000000,0.013045,8.375951,-0.013718,-0.200951,-0.733038,0.106000,0.000000,73,0,1,34,34,-0.005515,0.028001,-0.649599,0.178540,-0.075944,9.195417,-2.883184,-0.007736,0.021910,6,1,0,0.000000,0,3.601945,0.000000,0.001286,0,-0.241723,0.000000,-0.047640,3.601945,-0.241723,1,1,1,4.893421,0.000000,0.000000,0.000000,0.000000,0.000000,0.000000,0.000000
1.7901,8.377583,-0.205617,-0.065308,-0.523599,0.023647,-0.054329,1,3.601945,27,0.251179,0.156047,8.377583,0.016860,3.493604,-0.065308,8.377581,3.599240,-0.065308,-0.205617,-0.523599,0.012987,-0.469090,-40.805986,0.105636,0.001000,0.000123,0.002138,0.000454,0.000123,0.251179,0.156047,-9.805542,0.003572,-0.013030,-0.522599,-1.318619,-0.007817,27.000000,0.013045,8.377581,0.016860,-0.205553,-0.523599,0.106000,0.001000,78,0,1,34,34,0.007336,0.003710,-0.588005,-0.033779,0.243376,8.882664,-2.889415,-0.007817,0.021820,7,1,0,0.000000,0,3.601945,0.000000,0.023647,0,-0.243906,0.000000,-0.054329,3.601945,-0.243906,1,1,1,4.893384,0.000000,0.000000,0.000000,0.000000,0.000000,0.000000,0.000000
1.8001,8.380073,-0.210922,0.012757,-0.523599,0.005823,-0.025496,1,3.601945,37,0.253167,0.155910,8.380073,0.026075,3.493565,0.012757,8.380073,3.599206,0.012757,-0.210922,-0.523599,0.013045,-0.469090,-40.805986,0.105641,0.004000,0.000000,0.002134,0.000386,0.000000,0.253167,0.155910,-9.805493,0.012062,-0.003590,-0.519588,-1.323956,-0.007903,27.000000,0.013045,8.380073,0.026075,-0.210922,-0.523599,0.106000,0.004000,83,0,1,34,34,-0.005448,0.004732,-0.506936,-0.906307,0.013470,11.205400,-2.894753,-0.007903,0.021910,6,1,0,0.000000,0,3.601945,0.000000,0.005823,0,-0.244954,0.000000,-0.025496,3.601945,-0.244954,1,1,1,4.893357,0.000000,0.000000,0.000000,0.000000,0.000000,0.000000,0.000000
1.8101,8.384816,-0.215720,-0.011513,-0.418879,0.007963,-0.008395,1,3.601945,47,0.252425,0.154306,8.384816,0.052674,3.493120,-0.011513,8.384770,3.598999,-0.011513,-0.215720,-0.418879,0.012826,-0.469090,-40.805986,0.105879,0.002000,0.000468,0.002085,0.001281,0.000468,0.252425,0.154306,-9.805538,-0.012382,0.001369,-0.416879,-1.328960,-0.008052,27.000000,0.013045,8.384770,0.052674,-0.215524,-0.418879,0.106000,0.002000,88,0,1,34,34,0.007404,-0.015512,-0.428228,0.605086,0.034988,7.971795,-2.899756,-0.008052,0.021771,7,1,0,0.000000,0,3.601945,0.000000,0.007963,0,-0.244780,0.000000,-0.008395,3.601945,-0.244780,1,1,1,4.893343,0.000000,0.000000,0.000000,0.000000,0.000000,0.000000,0.000000
1.8201,8.389092,-0.217108,-0.066875,-0.209440,0.030211,-0.024546,1,3.601945,57,0.252515,0.153940,8.389092,0.036233,3.491106,-0.066875,8.389085,3.596972,-0.066875,-0.217108,-0.209440,0.012933,-0.469090,-40.805986,0.105867,0.002000,0.000239,0.001984,0.000174,0.000239,0.252515,0.153940,-9.805541,-0.012785,-0.024521,-0.207440,-1.332377,-0.007940,27.000000,0.013045,8.389085,0.036233,-0.217058,-0.209440,0.106000,0.002000,93,0,1,34,34,0.026640,0.003871,-0.274387,-0.516257,0.191923,10.709784,-2.903173,-0.007940,0.021759,6,1,0,0.000000,0,3.601945,0.000000,0.030211,0,-0.243370,0.000000,-0.024546,3.601945,-0.243370,1,1,1,4.893350,0.000000,0.000000,0.000000,0.000000,0.000000,0.000000,0.000000
1.8301,8.388319,-0.217058,-0.137155,0.000000,0.033856,-0.021381,1,3.601945,67,0.253368,0.153696,8.388319,-0.002513,3.489004,-0.137155,8.388319,3.594980,-0.137155,-0.217058,0.000000,0.013045,-0.469090,-40.805986,0.105976,0.000000,0.000000,0.002137,0.000345,0.000000,0.253368,0.153696,-9.805523,0.025366,-0.022192,0.000033,-1.334322,-0.007821,27.000000,0.013045,8.388319,-0.002513,-0.217058,0.000000,0.106000,0.000000,98,0,1,34,34,-0.001099,0.031894,-0.137550,-0.432221,0.511638,10.378086,-2.905118,-0.007821,0.021850,6,1,0,0.000000,0,3.601945,0.000000,0.033856,0,-0.240725,0.000000,-0.021381,3.601945,-0.240725,1,1,1,4.893367,0.000000,0.000000,0.000000,0.000000,0.000000,0.000000,0.000000
1.8401,8.388843,-0.217058,-0.075508,0.000000,0.027722,-0.000767,1,3.601945,77,0.253678,0.153589,8.388843,0.003560,3.487905,-0.075508,8.388893,3.593831,-0.075508,-0.217058,0.000000,0.012778,-0.469090,-40.805986,0.105926,-0.001000,0.000570,0.001989,0.000001,0.000570,0.253678,0.153589,-9.805517,0.002747,0.028065,-0.001000,-1.335465,-0.008085,27.000000,0.013045,8.388893,0.003560,-0.217058,0.000000,0.106000,-0.001000,103,0,1,34,34,-0.022375,-0.018139,-0.076282,-0.707783,-0.296447,9.977399,-2.906262,-0.008085,0.021883,7,1,0,0.000000,0,3.601945,0.000000,0.027722,0,-0.236844,0.000000,-0.000767,3.601945,-0.236844,1,1,1,4.893391,0.000000,0.000000,0.000000,0.000000,0.000000,0.000000,0.000000
1.8501,8.388891,-0.215524,-0.008719,0.000000,0.040446,0.003411,1,3.601945,87,0.253318,0.156973,8.388891,0.000419,3.485836,-0.008719,8.388893,3.591813,-0.008719,-0.215524,0.000000,0.013011,-0.469090,-40.805986,0.105977,0.001000,0.000073,0.002008,0.000059,0.000073,0.253318,0.156973,-9.805472,-0.004736,-0.008768,0.001000,-1.335947,-0.008147,27.000000,0.013045,8.388893,0.000419,-0.215524,0.000000,0.106000,0.001000,108,0,1,34,34,0.009643,0.002415,-0.007751,0.048621,-0.008810,10.727276,-2.906743,-0.008147,0.021805,7,1,0,0.000000,0,3.601945,0.000000,0.040446,0,-0.231728,0.000000,0.003411,3.601945,-0.231728,1,1,1,4.893417,0.000000,0.000000,0.000000,0.000000,0.000000,0.000000,0.000000
1.8601,8.388925,-0.213990,0.064719,0.000000,0.034580,0.025398,1,3.601945,97,0.252207,0.154205,8.388925,-0.000419,3.484600,0.064719,8.388893,3.590620,0.064719,-0.213990,0.000000,0.012815,-0.469090,-40.805986,0.106020,0.000000,0.000490,0.002018,-0.000105,0.000490,0.252207,0.154205,-9.805545,0.002450,0.004925,0.000000,-1.335610,-0.008010,27.000000,0.013045,8.388893,-0.000419,-0.213990,0.000000,0.106000,0.000000,113,0,1,34,34,-0.005275,-0.000729,0.064734,-0.700219,0.070212,9.713117,-2.906406,-0.008010,0.021787,6,1,0,0.000000,0,3.601945,0.000000,0.034580,0,-0.225377,0.000000,0.025398,3.601945,-0.225377,1,1,1,4.893451,0.000000,0.000000,0.000000,0.000000,0.000000,0.000000,0.000000
1.8701,8.389018,-0.212456,0.145223,0.000000,0.027637,0.049856,1,3.601945,107,0.253549,0.156384,8.389018,0.002513,3.484135,0.145223,8.388989,3.590204,0.145223,-0.212456,0.000000,0.012942,-0.469090,-40.805986,0.106069,0.001000,0.000220,0.002016,-0.000382,0.000220,0.253549,0.156384,-9.805476,0.016422,-0.005126,0.001000,-1.334488,-0.008096,27.000000,0.013045,8.388989,0.002513,-0.212456,0.000000,0.106000,0.001000,118,0,1,34,34,-0.007405,0.017420,0.146010,-0.342511,0.420107,11.602241,-2.905284,-0.008096,0.021906,6,1,0,0.000000,0,3.601945,0.000000,0.027637,0,-0.217791,0.000000,0.049856,3.601945,-0.217791,1,1,1,4.893487,0.000000,0.000000,0.000000,0.000000,0.000000,0.000000,0.000000
1.8801,8.389029,-0.209218,-0.031284,0.314159,0.034900,0.056331,1,3.601945,117,0.255162,0.154115,8.389029,-0.000419,3.483247,-0.031284,8.388989,3.589253,-0.031284,-0.209218,0.314159,0.012790,-0.469090,-40.805986,0.106006,0.000000,0.000543,0.002001,-0.000095,0.000543,0.255162,0.154115,-9.805470,0.002670,-0.024361,0.314159,-1.332203,-0.007984,27.000000,0.013045,8.388989,-0.000419,-0.209388,0.314159,0.106000,0.000000,123,0,1,34,34,0.016111,0.022083,0.282616,-0.359245,-0.169395,8.217945,-2.902999,-0.007984,0.022183,7,1,0,0.000000,0,3.601945,0.000000,0.034900,0,-0.208969,0.000000,0.056331,3.601945,-0.208969,1,1,1,4.893527,0.000000,0.000000,0.000000,0.000000,0.000000,0.000000,0.000000
1.8901,8.388883,-0.205397,-0.025150,0.418879,0.030127,0.075334,1,3.601945,127,0.256795,0.151246,8.388883,-0.001466,3.482763,-0.025150,8.388893,3.588858,-0.025150,-0.205397,0.418879,0.012870,-0.469090,-40.805986,0.106094,0.000000,0.000373,0.002014,0.000036,0.000373,0.256795,0.151246,-9.805472,-0.013912,-0.035184,0.418879,-1.328786,-0.007567,27.000000,0.013045,8.388893,-0.001466,-0.205553,0.418879,0.106000,0.000000,128,0,1,34,34,0.035359,0.018527,0.393524,-0.934334,0.132930,11.598969,-2.899582,-0.007567,0.022485,7,1,0,0.000000,0,3.601945,0.000000,0.030127,0,-0.198912,0.000000,0.075334,3.601945,-0.198912,1,1,1,4.893607,0.000000,0.000000,0.000000,0.000000,0.000000,0.000000,0.000000
1.9001,8.388965,-0.200789,0.025584,0.523599,0.024611,0.093186,1,3.601945,137,0.257119,0.148734,8.388965,0.000419,3.482793,0.025584,8.388893,3.588988,0.025584,-0.200789,0.523599,0.012900,-0.469090,-40.805986,0.106195,0.000000,0.000310,0.002159,-0.000550,0.000310,0.257119,0.148734,-9.805502,-0.017445,-0.020462,0.523599,-1.324056,-0.007189,27.000000,0.013045,8.388893,0.000419,-0.200951,0.523599,0.106000,0.000000,133,0,1,34,34,0.026877,0.007885,0.549126,-0.098073,0.212787,9.810645,-2.894852,-0.007189,0.022662,7,1,0,0.000000,0,3.601945,0.000000,0.024611,0,-0.187619,0.000000,0.093186,3.601945,-0.187619,1,1,1,4.893821,0.000000,0.000000,0.000000,0.000000,0.000000,0.000000,0.000000
1.9101,8.388935,-0.193898,0.083313,0.628319,0.034150,0.093985,1,3.601945,147,0.257586,0.147525,8.388935,-0.001466,3.482052,0.083313,8.388893,3.588302,0.083313,-0.193898,0.628319,0.012933,-0.469090,-40.805986,0.106250,0.002000,0.000239,0.001993,-0.000420,0.000239,0.257586,0.147525,-9.805508,-0.002668,-0.013671,0.630319,-1.317857,-0.006888,27.000000,0.013045,8.388893,-0.001466,-0.194048,0.628319,0.106000,0.002000,138,0,1,34,34,0.011975,0.016344,0.713480,-0.243228,-0.109116,8.764140,-2.888653,-0.006888,0.022870,6,1,0,0.000000,0,3.601945,0.000000,0.034150,0,-0.175091,0.000000,0.093985,3.601945,-0.175091,1,1,1,4.894075,0.000000,0.000000,0.000000,0.000000,0.000000,0.000000,0.000000
1.9201,8.388897,-0.186227,0.139995,0.733038,0.022764,0.110715,1,3.601945,157,0.259202,0.145593,8.388897,0.001466,3.482250,0.139995,8.388893,3.588679,0.139995,-0.186227,0.733038,0.012948,-0.469090,-40.805986,0.106429,0.001000,0.000207,0.001996,-0.000080,0.000207,0.259202,0.145593,-9.805494,0.012913,-0.018808,0.734038,-1.309815,-0.006534,27.000000,0.013045,8.388893,0.001466,-0.186379,0.733038,0.106000,0.001000,143,0,1,34,34,0.005600,0.033431,0.873673,-0.355708,0.596323,10.493832,-2.880612,-0.006534,0.023220,7,1,0,0.000000,0,3.601945,0.000000,0.022764,0,-0.161328,0.000000,0.110715,3.601945,-0.161328,1,1,1,4.894152,0.000000,0.000000,0.000000,0.000000,0.000000,0.000000,0.000000
1.9301,8.388909,-0.176202,0.197866,0.837758,0.032668,0.109484,1,3.601945,167,0.260971,0.145087,8.388909,0.003560,3.481681,0.197866,8.388893,3.588168,0.197866,-0.176202,0.837758,0.012930,-0.469090,-40.805986,0.106487,0.000000,0.000245,0.001997,-0.000099,0.000245,0.260971,0.145087,-9.805455,-0.001944,-0.000174,0.837758,-1.300305,-0.006299,27.000000,0.013045,8.388893,0.003560,-0.176408,0.837758,0.106000,0.000000,148,0,1,34,34,0.001401,0.012032,1.035555,-0.242163,-0.386884,8.799631,-2.871101,-0.006299,0.023601,7,1,0,0.000000,0,3.601945,0.000000,0.032668,0,-0.146330,0.000000,0.109484,3.601945,-0.146330,1,1,1,4.894520,0.000000,0.000000,0.000000,0.000000,0.000000,0.000000,0.000000
1.9401,8.388925,-0.165409,0.139089,1.047198,0.022107,0.125037,1,3.601945,177,0.262876,0.144135,8.388925,-0.000419,3.482207,0.139089,8.388893,3.588622,0.139089,-0.165409,1.047198,0.012928,-0.469090,-40.805986,0.106414,-0.002000,0.000249,0.002164,-0.000231,0.000249,0.262876,0.144135,-9.805418,0.041124,-0.039260,1.045198,-1.289063,-0.005981,27.000000,0.013045,8.388893,-0.000419,-0.165670,1.047198,0.106000,-0.002000,153,0,1,34,34,0.003515,0.072052,1.183454,-0.327601,0.476510,10.128970,-2.859859,-0.005981,0.024014,6,1,0,0.000000,0,3.601945,0.000000,0.022107,0,-0.130096,0.000000,0.125037,3.601945,-0.130096,1,1,1,4.894571,0.000000,0.000000,0.000000,0.000000,0.000000,0.000000,0.000000
1.9501,8.389129,-0.152044,0.099019,1.256637,0.030422,0.119875,1,3.601945,185,0.263709,0.143411,8.389129,0.002513,3.481987,0.099019,8.388893,3.588307,0.099019,-0.152044,1.256637,0.012826,-0.469090,-40.805986,0.106320,-0.002000,0.002575,0.002032,-0.000312,0.002575,0.263709,0.143411,-9.805406,0.015078,0.013319,1.254637,-1.276016,-0.005701,27.000000,0.013045,8.388893,0.002513,-0.152631,1.256637,0.106000,-0.002000,158,0,1,34,34,-0.019861,0.020567,1.353504,0.148579,0.240410,9.131583,-2.846813,-0.005701,0.024360,7,1,0,0.000000,0,3.601945,0.000000,0.030422,0,-0.112626,0.000000,0.119875,3.601945,-0.112626,1,1,1,4.894613,0.000000,0.000000,0.000000,0.000000,0.000000,0.000000,0.000000
1.9601,8.388931,-0.137635,0.038322,1.466077,0.032718,0.130377,1,3.601945,197,0.268376,0.144032,8.388931,-0.001466,3.481265,0.038322,8.388893,3.587854,0.038322,-0.137635,1.466077,0.012910,-0.469090,-40.805986,0.106588,-0.002000,0.000289,0.002013,-0.000249,0.000289,0.268376,0.144032,-9.805270,0.040723,-0.050678,1.464077,-1.262063,-0.005392,27.000000,0.013045,8.388893,-0.001466,-0.138058,1.466077,0.106000,-0.002000,163,0,1,34,34,0.014270,0.082817,1.501455,-0.794117,0.222581,10.537643,-2.832860,-0.005392,0.025087,7,1,0,0.000000,0,3.601945,0.000000,0.032718,0,-0.093922,0.000000,0.130377,3.601945,-0.093922,1,1,1,4.895060,0.000000,0.000000,0.000000,0.000000,0.000000,0.000000,0.000000
1.9701,8.388975,-0.121085,0.060567,1.570796,0.031576,0.127444,1,3.601945,207,0.270792,0.142668,8.388975,0.001466,3.481337,0.060567,8.388893,3.587571,0.060567,-0.121085,1.570796,0.012786,-0.469090,-40.805986,0.106234,0.000000,0.000552,0.002127,-0.000294,0.000552,0.270792,0.142668,-9.805224,0.012490,-0.008877,1.570796,-1.245802,-0.004990,27.000000,0.013045,8.388893,0.001466,-0.121951,1.570796,0.106000,0.000000,168,0,1,34,34,-0.000585,0.036169,1.631034,-0.279242,-0.166137,9.510037,-2.816598,-0.004990,0.025648,7,1,0,0.000000,0,3.601945,0.000000,0.031576,0,-0.074037,0.000000,0.127444,3.601945,-0.074037,1,1,1,4.895103,0.000000,0.000000,0.000000,0.000000,0.000000,0.000000,0.000000
1.9801,8.389010,-0.104528,0.065229,1.675516,0.030257,0.144902,1,3.601945,217,0.274124,0.142948,8.389010,0.001466,3.480820,0.065229,8.388989,3.587445,0.065229,-0.104528,1.675516,0.012891,-0.469090,-40.805986,0.106625,0.000000,0.000328,0.001987,-0.000235,0.000328,0.274124,0.142948,-9.805127,0.033316,-0.018741,1.675516,-1.229378,-0.004522,27.000000,0.013045,8.388989,0.001466,-0.105078,1.675516,0.106000,0.000000,173,0,1,34,34,-0.004847,0.060354,1.740112,-0.546652,-0.082933,9.730819,-2.800175,-0.004522,0.026274,7,1,0,0.000000,0,3.601945,0.000000,0.030257,0,-0.053247,0.000000,0.144902,3.601945,-0.053247,1,1,1,4.895346,0.000000,0.000000,0.000000,0.000000,0.000000,0.000000,0.000000
1.9901,8.388893,-0.086670,0.106959,1.780236,0.032326,0.144659,1,3.601945,227,0.277148,0.144272,8.388893,0.000419,3.481613,0.106959,8.388893,3.587168,0.106959,-0.086670,1.780236,0.013045,-0.469090,-40.805986,0.105556,0.003000,0.000000,0.001993,-0.000221,0.000000,0.277148,0.144272,-9.805023,0.037159,-0.020700,1.783275,-1.211804,-0.004057,27.000000,0.013045,8.388893,0.000419,-0.086670,1.780236,0.106000,0.003000,178,0,1,34,34,-0.004810,0.066917,1.889521,0.216685,0.564746,9.977084,-2.782600,-0.004057,0.026876,7,1,0,0.000000,0,3.601945,0.000000,0.032326,0,-0.031880,0.000000,0.144659,3.601945,-0.031880,1,1,1,4.895386,0.000000,0.000000,0.000000,0.000000,0.000000,0.000000,0.000000
2.0001,8.388951,-0.066007,0.062672,1.989675,0.032204,0.120988,1,3.601945,237,0.282097,0.142277,8.388951,0.000419,3.480282,0.062672,8.388893,3.586947,0.062672,-0.066007,1.989675,0.012875,-0.469090,-40.805986,0.106665,0.000000,0.000362,0.002121,-0.000334,0.000362,0.282097,0.142277,-9.804911,0.034878,-0.020725,1.989675,-1.191370,-0.003499,27.000000,0.013045,8.388893,0.000419,-0.066728,1.989675,0.106000,0.000000,183,0,1,34,34,-0.002628,0.066905,2.051656,-0.517445,-0.188806,9.787196,-2.762167,-0.003499,0.027741,7,1,0,0.000000,0,3.601945,0.000000,0.032204,0,-0.010267,0.000000,0.120988,3.601945,-0.010267,1,1,1,4.895511,0.000000,0.000000,0.000000,0.000000,0.000000,0.000000,0.000000
2.0101,8.388906,-0.045852,0.065314,2.094395,0.025514,0.127989,1,3.601945,247,0.287687,0.143912,8.388906,0.001466,3.480030,0.065314,8.388893,3.587321,0.065314,-0.045852,2.094395,0.013008,-0.469090,-40.805986,0.107291,0.000000,0.000080,0.001999,-0.000326,0.000080,0.287687,0.143912,-9.804725,0.060054,-0.031164,2.094395,-1.170849,-0.002997,27.000000,0.013045,8.388893,0.001466,-0.046019,2.094395,0.106000,0.000000,188,0,1,34,34,-0.006896,0.095392,2.158651,-0.910931,0.015201,9.511449,-2.741645,-0.002997,0.028627,7,1,0,0.000000,0,3.601945,0.000000,0.025514,0,0.011264,0.000000,0.127989,3.601945,0.011264,1,1,1,4.895552,0.000000,0.000000,0.000000,0.000000,0.000000,0.000000,0.000000
2.0201,8.388893,-0.023777,0.141467,2.094395,0.037999,0.102744,1,3.601945,1,0.289995,0.144823,8.388893,0.001466,3.481278,0.141467,8.388893,3.586592,0.141467,-0.023777,2.094395,0.013045,-0.469090,-40.805986,0.105313,-0.001000,0.000000,0.001981,-0.000244,0.000000,0.289995,0.144823,-9.804643,-0.007401,-0.010007,2.093395,-1.149511,-0.002423,27.000000,0.013045,8.388893,0.001466,-0.023777,2.094395,0.106000,-0.001000,193,0,1,34,34,0.012409,0.028182,2.234685,-0.010695,0.131625,10.192704,-2.720307,-0.002423,0.029206,7,1,0,0.000000,0,3.601945,0.000000,0.037999,0,0.032382,0.000000,0.102744,3.601945,0.032382,1,1,1,4.895635,0.000000,0.000000,0.000000,0.000000,0.000000,0.000000,0.000000
2.0301,8.388893,-0.002301,0.174058,2.094395,0.018440,0.099131,1,3.601945,11,0.292429,0.144239,8.388893,-0.000419,3.482053,0.174058,8.388893,3.587614,0.174058,-0.002301,2.094395,0.013045,-0.469090,-40.805986,0.105561,-0.001000,0.000000,0.002033,-0.000350,0.000000,0.292429,0.144239,-9.804580,0.017388,-0.017326,2.093419,-1.127025,-0.001733,27.000000,0.013045,8.388893,-0.000419,-0.002301,2.094395,0.106000,-0.001000,198,0,1,34,34,0.005988,0.053381,2.266973,-0.968108,-0.032757,9.520500,-2.697821,-0.001733,0.029780,7,1,0,0.000000,0,3.601945,0.000000,0.018440,0,0.052759,0.000000,0.099131,3.601945,0.052759,1,1,1,4.895674,0.000000,0.000000,0.000000,0.000000,0.000000,0.000000,0.000000
2.0401,8.389170,0.019589,0.161006,2.094395,0.002679,0.079198,1,3.601945,21,0.294312,0.141402,8.389170,0.002513,3.483443,0.161006,8.389085,3.589779,0.161006,0.019589,2.094395,0.012780,-0.469090,-40.805986,0.106336,-0.001000,0.000564,0.002149,-0.000151,0.000564,0.294312,0.141402,-9.804565,0.016603,0.000875,2.093395,-1.102982,-0.001049,27.000000,0.013045,8.389085,0.002513,0.018408,2.094395,0.106000,-0.001000,2,0,1,34,34,-0.008947,0.042824,2.254038,0.083184,0.082905,9.493634,-2.673778,-0.001049,0.030282,7,1,0,0.000000,0,3.601945,0.000000,0.002679,0,0.072072,0.000000,0.079198,3.601945,0.072072,1,1,1,4.895713,0.000000,0.000000,0.000000,0.000000,0.000000,0.000000,0.000000
2.0501,8.389061,0.041192,0.247269,1.989675,0.013626,0.062745,1,3.601945,31,0.298282,0.140681,8.389061,-0.000419,3.484408,0.247269,8.388893,3.590671,0.247269,0.041192,1.989675,0.012737,-0.469090,-40.805986,0.106263,-0.001000,0.000657,0.001995,-0.000393,0.000657,0.298282,0.140681,-9.804455,0.039435,-0.020725,1.988675,-1.080500,-0.000346,27.000000,0.013045,8.388893,-0.000419,0.039884,1.989675,0.106000,-0.001000,7,0,1,34,34,-0.000446,0.073021,2.235196,-0.383584,-0.151075,9.835515,-2.651296,-0.000346,0.030976,7,1,0,0.000000,0,3.601945,0.000000,0.013626,0,0.090156,0.000000,0.062745,3.601945,0.090156,1,1,1,4.895745,0.000000,0.000000,0.000000,0.000000,0.000000,0.000000,0.000000
2.0601,8.388702,0.060592,0.068018,1.989675,0.009578,0.067310,1,3.601945,41,0.300629,0.142621,8.388702,-0.003560,3.485474,0.068018,8.388702,3.591752,0.068018,0.060592,1.989675,0.013045,-0.469090,-40.805986,0.106278,-0.003000,0.000000,0.002164,-0.000284,0.000000,0.300629,0.142621,-9.804355,0.043758,-0.038709,2.091449,-1.060033,0.000382,27.000000,0.013045,8.388702,-0.003560,0.060592,1.989675,0.106000,-0.003000,12,0,1,34,34,0.014461,0.084769,2.158545,-0.070029,0.488685,9.928281,-2.630829,0.000382,0.031474,7,1,0,0.000000,0,3.601945,0.000000,0.009578,0,0.107005,0.000000,0.067310,3.601945,0.107005,1,1,1,4.895770,0.000000,0.000000,0.000000,0.000000,0.000000,0.000000,0.000000
2.0701,8.388510,0.081301,0.199007,1.989675,0.014053,0.031685,1,3.601945,51,0.301550,0.141663,8.388510,0.001466,3.486469,0.199007,8.388510,3.592280,0.199007,0.081301,1.989675,0.013045,-0.469090,-40.805986,0.105811,-0.003000,0.000000,0.002133,-0.000175,0.000000,0.301550,0.141663,-9.804341,-0.014243,-0.002081,1.881946,-1.038811,0.001142,27.000000,0.013045,8.388510,0.001466,0.081301,1.989675,0.106000,-0.003000,17,0,1,34,34,0.008108,0.015252,2.080931,0.178906,0.120144,9.580205,-2.609608,0.001142,0.031816,7,1,0,0.000000,0,3.601945,0.000000,0.014053,0,0.122619,0.000000,0.031685,3.601945,0.122619,1,1,1,4.895793,0.000000,0.000000,0.000000,0.000000,0.000000,0.000000,0.000000
2.0801,8.388417,0.100498,0.216637,1.780236,0.002452,0.024812,1,3.601945,61,0.303075,0.139904,8.388417,-0.000419,3.486380,0.216637,8.388414,3.593687,0.216637,0.100498,1.780236,0.013039,-0.469090,-40.805986,0.107306,0.000000,0.000013,0.002154,-0.000593,0.000013,0.303075,0.139904,-9.804319,0.029789,-0.029713,1.780236,-1.018225,0.001942,27.000000,0.013045,8.388414,-0.000419,0.100476,1.780236,0.106000,0.000000,22,0,1,34,34,0.014434,0.065554,1.996188,-0.166142,0.330793,9.543816,-2.589021,0.001942,0.032175,7,1,0,0.000000,0,3.601945,0.000000,0.002452,0,0.136997,0.000000,0.024812,3.601945,0.136997,1,1,1,4.895812,0.000000,0.000000,0.000000,0.000000,0.000000,0.000000,0.000000
2.0901,8.388510,0.116583,0.164365,1.675516,-0.018728,0.037701,1,3.601945,71,0.304015,0.138395,8.388510,-0.000419,3.490509,0.164365,8.388510,3.596624,0.164365,0.116583,1.675516,0.013045,-0.469090,-40.805986,0.106115,0.000000,0.000000,0.001951,-0.000337,0.000000,0.304015,0.138395,-9.804311,-0.008793,0.004452,1.675508,-0.999218,0.002631,27.000000,0.013045,8.388510,-0.000419,0.116583,1.675516,0.106000,0.000000,27,0,1,34,34,-0.000500,0.014158,1.839845,0.410614,-0.087367,10.133354,-2.570014,0.002631,0.032427,7,1,0,0.000000,0,3.601945,0.000000,-0.018728,0,0.150141,0.000000,0.037701,3.601945,0.150141,1,1,1,4.895825,0.000000,0.000000,0.000000,0.000000,0.000000,0.000000,0.000000
2.1001,8.388333,0.132836,0.141304,1.570796,-0.005326,0.014966,1,3.601945,81,0.305972,0.136963,8.388333,-0.000419,3.490976,0.141304,8.388319,3.597954,0.141304,0.132836,1.570796,0.013001,-0.469090,-40.805986,0.106978,0.001000,0.000093,0.002007,-0.000484,0.000093,0.305972,0.136963,-9.804271,0.030147,-0.033031,1.571796,-0.981647,0.003286,27.000000,0.013045,8.388319,-0.000419,0.132689,1.570796,0.106000,0.001000,32,0,1,34,34,0.018623,0.062927,1.712427,0.484763,0.243200,9.696486,-2.552444,0.003286,0.032770,7,1,0,0.000000,0,3.601945,0.000000,-0.005326,0,0.162048,0.000000,0.014966,3.601945,0.162048,1,1,1,4.895830,0.000000,0.000000,0.000000,0.000000,0.000000,0.000000,0.000000
2.1101,8.387947,0.147348,0.209171,1.361357,-0.016821,0.012349,1,3.601945,91,0.310299,0.135111,8.387947,-0.004503,3.493087,0.209171,8.387934,3.600021,0.209171,0.147348,1.361357,0.013015,-0.469090,-40.805986,0.106934,0.000000,0.000063,0.002104,-0.000859,0.000063,0.310299,0.135111,-9.804160,0.052383,-0.022932,1.361357,-0.965085,0.004028,27.000000,0.013045,8.387934,-0.004503,0.147262,1.361357,0.106000,0.000000,37,0,1,34,34,0.001488,0.077599,1.569651,-0.537666,0.136172,9.800019,-2.535882,0.004028,0.033317,7,1,0,0.000000,0,3.601945,0.000000,-0.016821,0,0.172721,0.000000,0.012349,3.601945,0.172721,1,1,1,4.895829,0.000000,0.000000,0.000000,0.000000,0.000000,0.000000,0.000000
2.1201,8.384783,0.159640,0.240431,1.151917,-0.023460,0.016483,1,3.601945,101,0.313623,0.134652,8.384783,-0.033196,3.495513,0.240431,8.384770,3.602297,0.240431,0.159640,1.151917,0.013002,-0.469090,-40.805986,0.106784,-0.002000,0.000092,0.001980,-0.001234,0.000092,0.313623,0.134652,-9.804061,0.017326,-0.008329,1.149917,-0.950528,0.004525,27.000000,0.013045,8.384770,-0.033196,0.159534,1.151917,0.106000,-0.002000,42,0,1,34,34,0.001478,0.037242,1.389981,0.228486,-0.226653,9.787301,-2.521324,0.004525,0.033752,7,1,0,0.000000,0,3.601945,0.000000,-0.023460,0,0.182158,0.000000,0.016483,3.601945,0.182158,1,1,1,4.895816,0.000000,0.000000,0.000000,0.000000,0.000000,0.000000,0.000000
2.1301,8.380948,0.171114,0.160827,1.047198,-0.016399,0.005773,1,3.601945,111,0.316326,0.134756,8.380948,-0.038327,3.496920,0.160827,8.380936,3.603605,0.160827,0.171114,1.047198,0.013011,-0.469090,-40.805986,0.106685,-0.001000,0.000072,0.001949,-0.001088,0.000072,0.316326,0.134756,-9.803973,0.018081,-0.026453,1.046198,-0.937755,0.004959,27.000000,0.013045,8.380936,-0.038327,0.171039,1.047198,0.106000,-0.001000,47,0,1,34,34,0.018496,0.041866,1.206582,0.169373,0.458950,10.023842,-2.508551,0.004959,0.034120,7,1,0,0.000000,0,3.601945,0.000000,-0.016399,0,0.190359,0.000000,0.005773,3.601945,0.190359,1,1,1,4.895785,0.000000,0.000000,0.000000,0.000000,0.000000,0.000000,0.000000
2.1401,8.375953,0.180811,0.237072,0.837758,-0.030812,0.005723,1,3.601945,121,0.319394,0.131160,8.375953,-0.053617,3.499804,0.237072,8.375855,3.605896,0.237072,0.180811,0.837758,0.012727,-0.469090,-40.805986,0.106092,0.000000,0.000678,0.002034,-0.001565,0.000678,0.319394,0.131160,-9.803922,0.033980,0.000066,0.837758,-0.925777,0.005422,27.000000,0.013045,8.375855,-0.053617,0.180243,0.837758,0.106000,0.000000,52,0,1,34,34,-0.011431,0.045675,1.074336,0.036580,-0.204922,9.567275,-2.496573,0.005422,0.034439,7,1,0,0.000000,0,3.601945,0.000000,-0.030812,0,0.197326,0.000000,0.005723,3.601945,0.197326,1,1,1,4.892481,0.000000,0.000000,0.000000,0.000000,0.000000,0.000000,0.000000
2.1501,8.373759,0.188734,0.181669,0.733038,-0.025376,0.006725,1,3.601945,131,0.320382,0.133670,8.373759,-0.020944,3.500948,0.181669,8.373745,3.607352,0.181669,0.188734,0.733038,0.013010,-0.469090,-40.805986,0.106404,0.000000,0.000074,0.002107,-0.000530,0.000074,0.320382,0.133670,-9.803856,0.024783,-0.012188,0.733038,-0.916405,0.005746,27.000000,0.013045,8.373745,-0.020944,0.188680,0.733038,0.106000,0.000000,57,0,1,34,34,0.003471,0.039297,0.914273,0.330595,0.577904,9.690178,-2.487201,0.005746,0.034643,6,1,0,0.000000,0,3.601945,0.000000,-0.025376,0,0.203057,0.000000,0.006725,3.601945,0.203057,1,1,1,4.890176,0.000000,0.000000,0.000000,0.000000,0.000000,0.000000,0.000000
2.1601,8.373919,0.195143,0.145988,0.628319,-0.037192,0.005691,1,3.601945,141,0.322444,0.130865,8.373919,-0.002513,3.503429,0.145988,8.373841,3.609550,0.145988,0.195143,0.628319,0.012801,-0.469090,-40.805986,0.106121,0.001000,0.000521,0.001993,-0.000418,0.000521,0.322444,0.130865,-9.803826,-0.001224,-0.000988,0.629319,-0.907805,0.006080,27.000000,0.013045,8.373841,-0.002513,0.194816,0.628319,0.106000,0.001000,62,0,1,34,34,0.001327,0.009080,0.775253,0.353516,-0.022703,10.315806,-2.478602,0.006080,0.034839,7,1,0,0.000000,0,3.601945,0.000000,-0.037192,0,0.207553,0.000000,0.005691,3.601945,0.207553,1,1,1,4.889281,0.000000,0.000000,0.000000,0.000000,0.000000,0.000000,0.000000
2.1701,8.374017,0.200496,0.122412,0.523599,-0.037505,-0.000295,1,3.601945,151,0.324254,0.129970,8.374017,0.001466,3.505430,0.122412,8.373937,3.611408,0.122412,0.200496,0.523599,0.012766,-0.469090,-40.805986,0.105978,0.000000,0.000595,0.002023,-0.000298,0.000595,0.324254,0.129970,-9.803778,0.031144,-0.016122,0.523599,-0.900601,0.006358,27.000000,0.013045,8.373937,0.001466,0.200185,0.523599,0.106000,0.000000,67,0,1,34,34,0.005523,0.042876,0.645516,0.111607,0.498345,9.928496,-2.471397,0.006358,0.035038,6,1,0,0.000000,0,3.601945,0.000000,-0.037505,0,0.210813,0.000000,-0.000295,3.601945,0.210813,1,1,1,4.888517,0.000000,0.000000,0.000000,0.000000,0.000000,0.000000,0.000000
2.1801,8.373971,0.204085,0.104661,0.418879,-0.041923,0.001870,1,3.601945,161,0.324324,0.131861,8.373971,0.000419,3.507121,0.104661,8.373937,3.613325,0.104661,0.204085,0.418879,0.012972,-0.469090,-40.805986,0.106204,-0.002000,0.000155,0.002010,-0.000255,0.000155,0.324324,0.131861,-9.803751,0.006334,0.001107,0.416879,-0.895099,0.006502,27.000000,0.013045,8.373937,0.000419,0.204020,0.418879,0.106000,-0.002000,72,0,1,34,34,-0.003020,0.012442,0.521422,-0.041664,0.339480,9.620547,-2.465895,0.006502,0.035107,7,1,0,0.000000,0,3.601945,0.000000,-0.041923,0,0.212838,0.000000,0.001870,3.601945,0.212838,1,1,1,4.887428,0.000000,0.000000,0.000000,0.000000,0.000000,0.000000,0.000000
2.1901,8.373595,0.207134,0.184731,0.209440,-0.041223,-0.009607,1,3.601945,171,0.323902,0.131821,8.373595,-0.002513,3.508769,0.184731,8.373553,3.614863,0.184731,0.207134,0.209440,0.012941,-0.469090,-40.805986,0.106094,-0.001000,0.000221,0.002016,-0.000503,0.000221,0.323902,0.131821,-9.803765,-0.006066,0.007399,0.208440,-0.890512,0.006573,27.000000,0.013045,8.373553,-0.002513,0.207088,0.209440,0.106000,-0.001000,77,0,1,34,34,-0.005176,-0.002959,0.393242,0.477178,-0.321078,9.700380,-2.461308,0.006573,0.035083,6,1,0,0.000000,0,3.601945,0.000000,-0.041223,0,0.213628,0.000000,-0.009607,3.601945,0.213628,1,1,1,4.886267,0.000000,0.000000,0.000000,0.000000,0.000000,0.000000,0.000000
2.2001,8.373306,0.208646,0.165328,0.104720,-0.048852,-0.010506,1,3.601945,181,0.323876,0.130986,8.373306,-0.004503,3.510711,0.165328,8.373266,3.616781,0.165328,0.208646,0.104720,0.012935,-0.469090,-40.805986,0.106070,0.002000,0.000234,0.002148,-0.000371,0.000234,0.323876,0.130986,-9.803777,0.010662,-0.006896,0.106720,-0.887085,0.006703,27.000000,0.013045,8.373266,-0.004503,0.208622,0.104720,0.106000,0.002000,82,0,1,34,34,0.003307,0.015777,0.271866,0.236958,0.239532,9.983399,-2.457882,0.006703,0.035073,7,1,0,0.000000,0,3.601945,0.000000,-0.048852,0,0.213182,0.000000,-0.010506,3.601945,0.213182,1,1,1,4.885311,0.000000,0.000000,0.000000,0.000000,0.000000,0.000000,0.000000
2.2101,8.372661,0.210156,0.144022,0.000000,-0.035359,-0.029180,1,3.601945,191,0.323807,0.129954,8.372661,-0.006597,3.511250,0.144022,8.372594,3.617255,0.144022,0.210156,0.000000,0.012828,-0.469090,-40.805986,0.106006,0.002000,0.000462,0.001989,-0.000505,0.000462,0.323807,0.129954,-9.803793,0.005703,-0.005257,0.002000,-0.885102,0.006751,27.000000,0.013045,8.372594,-0.006597,0.210156,0.000000,0.106000,0.002000,87,0,1,34,34,0.003277,0.008902,0.145919,0.361638,-0.270502,9.471124,-2.455899,0.006751,0.035053,7,1,0,0.000000,0,3.601945,0.000000,-0.035359,0,0.211504,0.000000,-0.029180,3.601945,0.211504,1,1,1,4.884226,0.000000,0.000000,0.000000,0.000000,0.000000,0.000000,0.000000
2.2201,8.371548,0.209389,0.007411,0.000000,-0.049227,-0.021441,1,3.601945,201,0.324170,0.128535,8.371548,-0.010681,3.512901,0.007411,8.371541,3.618806,0.007411,0.209389,0.000000,0.012782,-0.469090,-40.805986,0.105905,0.000000,0.000560,0.001974,-0.000376,0.000560,0.324170,0.128535,-9.803800,0.009169,-0.006313,0.000000,-0.884322,0.006827,27.000000,0.013045,8.371541,-0.010681,0.209389,0.000000,0.106000,0.000000,92,0,1,34,34,0.003235,0.010745,0.007274,0.092086,0.387126,9.640254,-2.455118,0.006827,0.035055,6,1,0,0.000000,0,3.601945,0.000000,-0.049227,0,0.208725,0.000000,-0.021441,3.601945,0.208725,1,1,1,4.883178,0.000000,0.000000,0.000000,0.000000,0.000000,0.000000,0.000000
2.2301,8.371417,0.207726,0.115159,-0.209440,-0.046857,-0.024132,1,3.601945,211,0.323291,0.127049,8.371417,-0.001466,3.513927,0.115159,8.371349,3.619901,0.115159,0.207726,-0.209440,0.012757,-0.469090,-40.805986,0.105973,0.001000,0.000614,0.001968,-0.000240,0.000614,0.323291,0.127049,-9.803848,-0.007953,-0.005322,-0.208440,-0.884892,0.006873,27.000000,0.013045,8.371349,-0.001466,0.207855,-0.209440,0.106000,0.001000,97,0,1,34,34,0.007493,-0.007142,-0.093197,0.706702,-0.161111,9.922256,-2.455688,0.006873,0.034926,6,1,0,0.000000,0,3.601945,0.000000,-0.046857,0,0.205162,0.000000,-0.024132,3.601945,0.205162,1,1,1,4.882520,0.000000,0.000000,0.000000,0.000000,0.000000,0.000000,0.000000
2.2401,8.370848,0.206150,0.139347,-0.314159,-0.038746,-0.034435,1,3.601945,221,0.323708,0.126441,8.370848,-0.004503,3.514173,0.139347,8.370773,3.620137,0.139347,0.206150,-0.314159,0.012790,-0.469090,-40.805986,0.105964,-0.001000,0.000543,0.001983,-0.000258,0.000543,0.323708,0.126441,-9.803842,0.015302,-0.023938,-0.315159,-0.886234,0.006921,27.000000,0.013045,8.370773,-0.004503,0.206321,-0.314159,0.106000,-0.001000,102,0,1,34,34,0.018114,0.019637,-0.176077,0.236183,0.252393,9.715556,-2.457030,0.006921,0.034945,6,1,0,0.000000,0,3.601945,0.000000,-0.038746,0,0.201144,0.000000,-0.034435,3.601945,0.201144,1,1,1,4.881713,0.000000,0.000000,0.000000,0.000000,0.000000,0.000000,0.000000
2.2501,8.370007,0.204020,0.047564,-0.314159,-0.037468,-0.034180,1,3.601945,231,0.324172,0.129075,8.370007,-0.005550,3.514173,0.047564,8.370007,3.620227,0.047564,0.204020,-0.314159,0.013045,-0.469090,-40.805986,0.106054,-0.001000,0.000000,0.002011,-0.000327,0.000000,0.324172,0.129075,-9.803793,0.022731,-0.001665,-0.315139,-0.888273,0.006848,27.000000,0.013045,8.370007,-0.005550,0.204020,-0.314159,0.106000,-0.001000,107,0,1,34,34,-0.005393,0.018652,-0.267841,-0.118023,0.338849,9.668343,-2.459069,0.006848,0.035034,7,1,0,0.000000,0,3.601945,0.000000,-0.037468,0,0.197000,0.000000,-0.034180,3.601945,0.197000,1,1,1,4.881372,0.000000,0.000000,0.000000,0.000000,0.000000,0.000000,0.000000
2.2601,8.369729,0.200887,0.069485,-0.418879,-0.036070,-0.023736,1,3.601945,241,0.323719,0.128420,8.369729,-0.003560,3.514464,0.069485,8.369719,3.620186,0.069485,0.200887,-0.418879,0.012973,-0.469090,-40.805986,0.105722,0.000000,0.000154,0.001996,-0.000143,0.000154,0.323719,0.128420,-9.803816,-0.007052,0.003470,-0.418879,-0.891444,0.006722,27.000000,0.013045,8.369719,-0.003560,0.200952,-0.418879,0.106000,0.000000,112,0,1,34,34,-0.001115,-0.012312,-0.349264,0.562546,0.020960,9.885711,-2.462240,0.006722,0.034955,7,1,0,0.000000,0,3.601945,0.000000,-0.036070,0,0.193059,0.000000,-0.023736,3.601945,0.193059,1,1,1,4.880862,0.000000,0.000000,0.000000,0.000000,0.000000,0.000000,0.000000
2.2701,8.369687,0.197019,-0.105764,-0.314159,-0.035912,-0.010136,1,3.601945,251,0.324696,0.127980,8.369687,-0.001466,3.514393,-0.105764,8.369719,3.620139,-0.105764,0.197019,-0.314159,0.012900,-0.469090,-40.805986,0.105746,0.001000,0.000310,0.001972,0.000093,0.000310,0.324696,0.127980,-9.803790,0.025841,-0.011787,-0.313159,-0.895356,0.006577,27.000000,0.013045,8.369719,-0.001466,0.197117,-0.314159,0.106000,0.001000,117,0,1,34,34,0.003097,0.022827,-0.419252,0.265797,0.398919,10.243423,-2.466152,0.006577,0.035020,6,1,0,0.000000,0,3.601945,0.000000,-0.035912,0,0.189651,0.000000,-0.010136,3.601945,0.189651,1,1,1,4.880777,0.000000,0.000000,0.000000,0.000000,0.000000,0.000000,0.000000
2.2801,8.369753,0.193896,-0.123195,-0.314159,-0.022015,-0.007800,1,3.601945,5,0.326162,0.128124,8.369753,0.002513,3.513151,-0.123195,8.369815,3.618941,-0.123195,0.193896,-0.314159,0.012817,-0.469090,-40.805986,0.105790,0.001000,0.000486,0.002011,0.000199,0.000486,0.326162,0.128124,-9.803739,0.013342,-0.003224,-0.313159,-0.899672,0.006400,27.000000,0.013045,8.369815,0.002513,0.194049,-0.314159,0.106000,0.001000,122,0,1,34,34,-0.001162,0.008083,-0.436494,0.112596,-0.089784,9.539770,-2.470469,0.006400,0.035149,6,1,0,0.000000,0,3.601945,0.000000,-0.022015,0,0.187106,0.000000,-0.007800,3.601945,0.187106,1,1,1,4.880694,0.000000,0.000000,0.000000,0.000000,0.000000,0.000000,0.000000
2.2901,8.369783,0.189949,-0.045832,-0.418879,-0.025006,0.017111,1,3.601945,15,0.327844,0.128478,8.369783,-0.001466,3.512355,-0.045832,8.369815,3.618192,-0.045832,0.189949,-0.418879,0.012749,-0.469090,-40.805986,0.105837,0.001000,0.000632,0.001971,0.000082,0.000632,0.327844,0.128478,-9.803678,0.027483,-0.010287,-0.417879,-0.904363,0.006190,27.000000,0.013045,8.369815,-0.001466,0.190214,-0.418879,0.106000,0.001000,127,0,1,34,34,0.000948,0.023416,-0.464047,-0.089755,0.444282,9.650280,-2.475159,0.006190,0.035299,7,1,0,0.000000,0,3.601945,0.000000,-0.025006,0,0.185717,0.000000,0.017111,3.601945,0.185717,1,1,1,4.880614,0.000000,0.000000,0.000000,0.000000,0.000000,0.000000,0.000000
2.3001,8.369988,0.186134,-0.045779,-0.418879,-0.022177,0.035474,1,3.601945,25,0.328335,0.129964,8.369988,0.001466,3.511468,-0.045779,8.370007,3.617332,-0.045779,0.186134,-0.418879,0.012770,-0.469090,-40.805986,0.105865,0.000000,0.000585,0.001986,0.000088,0.000585,0.328335,0.129964,-9.803642,-0.005516,0.012125,-0.418879,-0.909032,0.005937,27.000000,0.013045,8.370007,0.001466,0.186379,-0.418879,0.106000,0.000000,132,0,1,34,34,-0.009684,-0.015079,-0.464503,0.228997,-0.087701,10.152373,-2.479828,0.005937,0.035351,6,1,0,0.000000,0,3.601945,0.000000,-0.022177,0,0.185563,0.000000,0.035474,3.601945,0.185563,1,1,1,4.880539,0.000000,0.000000,0.000000,0.000000,0.000000,0.000000,0.000000
2.3101,8.370011,0.183268,-0.075059,-0.314159,-0.016407,0.046218,1,3.601945,35,0.329230,0.132350,8.370011,0.000419,3.510465,-0.075059,8.370007,3.616135,-0.075059,0.183268,-0.314159,0.012981,-0.469090,-40.805986,0.105670,0.000000,0.000136,0.002002,0.000057,0.000136,0.329230,0.132350,-9.803581,0.016826,-0.015884,-0.314159,-0.913092,0.005824,27.000000,0.013045,8.370007,0.000419,0.183311,-0.314159,0.106000,0.000000,137,0,1,34,34,0.009516,0.016037,-0.389459,-0.069568,0.128865,9.637553,-2.483889,0.005824,0.035465,7,1,0,0.000000,0,3.601945,0.000000,-0.016407,0,0.186644,0.000000,0.046218,3.601945,0.186644,1,1,1,4.880471,0.000000,0.000000,0.000000,0.000000,0.000000,0.000000,0.000000
2.3201,8.370005,0.180971,-0.109251,-0.209440,-0.012476,0.062122,1,3.601945,45,0.330805,0.132407,8.370005,0.000419,3.509096,-0.109251,8.370007,3.614810,-0.109251,0.180971,-0.209440,0.012957,-0.469090,-40.805986,0.105714,0.000000,0.000187,0.002088,0.000037,0.000187,0.330805,0.132407,-9.803527,0.021084,-0.017433,-0.209440,-0.916714,0.005741,27.000000,0.013045,8.370007,0.000419,0.181010,-0.209440,0.106000,0.000000,142,0,1,34,34,0.009531,0.021513,-0.318996,-0.184245,0.307417,9.888103,-2.487510,0.005741,0.035608,7,1,0,0.000000,0,3.601945,0.000000,-0.012476,0,0.188961,0.000000,0.062122,3.601945,0.188961,1,1,1,4.880402,0.000000,0.000000,0.000000,0.000000,0.000000,0.000000,0.000000
2.3301,8.369904,0.180202,-0.116440,-0.104720,-0.002853,0.067824,1,3.601945,55,0.331783,0.132659,8.369904,0.003560,3.507118,-0.116440,8.369911,3.612903,-0.116440,0.180202,-0.104720,0.012863,-0.469090,-40.805986,0.105786,0.002000,0.000388,0.001983,0.000058,0.000388,0.331783,0.132659,-9.803490,-0.002792,0.006642,-0.102720,-0.919384,0.005613,27.000000,0.013045,8.369911,0.003560,0.180243,-0.104720,0.106000,0.002000,147,0,1,34,34,-0.005351,-0.007643,-0.219080,-0.067815,-0.151966,9.921844,-2.490181,0.005613,0.035705,7,1,0,0.000000,0,3.601945,0.000000,-0.002853,0,0.192513,0.000000,0.067824,3.601945,0.192513,1,1,1,4.880339,0.000000,0.000000,0.000000,0.000000,0.000000,0.000000,0.000000
2.3401,8.370049,0.179476,-0.108413,0.000000,-0.012557,0.090784,1,3.601945,65,0.333016,0.132221,8.370049,-0.000419,3.506303,-0.108413,8.370103,3.612124,-0.108413,0.179476,0.000000,0.012830,-0.469090,-40.805986,0.105821,0.001000,0.000459,0.001945,0.000245,0.000459,0.333016,0.132221,-9.803454,0.018347,-0.027887,0.001000,-0.920891,0.005620,27.000000,0.013045,8.370103,-0.000419,0.179476,0.000000,0.106000,0.001000,152,0,1,34,34,0.020263,0.025147,-0.107745,-0.403855,0.437750,10.166812,-2.491687,0.005620,0.035816,7,1,0,0.000000,0,3.601945,0.000000,-0.012557,0,0.197300,0.000000,0.090784,3.601945,0.197300,1,1,1,4.880281,0.000000,0.000000,0.000000,0.000000,0.000000,0.000000,0.000000
2.3501,8.370092,0.181010,-0.018591,0.000000,0.005364,0.089511,1,3.601945,75,0.333586,0.132478,8.370092,0.000419,3.504095,-0.018591,8.370103,3.609980,-0.018591,0.181010,0.000000,0.012844,-0.469090,-40.805986,0.105885,0.000000,0.000428,0.002029,0.000086,0.000428,0.333586,0.132478,-9.803432,-0.008606,-0.007220,0.000000,-0.921501,0.005674,27.000000,0.013045,8.370103,0.000419,0.181010,0.000000,0.106000,0.000000,157,0,1,34,34,0.009649,-0.005991,-0.018515,0.017082,0.107431,9.828802,-2.492298,0.005674,0.035889,6,1,0,0.000000,0,3.601945,0.000000,0.005364,0,0.203322,0.000000,0.089511,3.601945,0.203322,1,1,1,4.880230,0.000000,0.000000,0.000000,0.000000,0.000000,0.000000,0.000000
2.3601,8.370191,0.183357,-0.012830,0.104720,0.005741,0.102973,1,3.601945,85,0.334723,0.132283,8.370191,-0.001466,3.502251,-0.012830,8.370198,3.608163,-0.012830,0.183357,0.104720,0.012839,-0.469090,-40.805986,0.105912,-0.001000,0.000440,0.001996,0.000049,0.000440,0.334723,0.132283,-9.803395,0.019758,-0.008007,0.103720,-0.920975,0.005793,27.000000,0.013045,8.370198,-0.001466,0.183311,0.104720,0.106000,-0.001000,162,0,1,34,34,0.001112,0.022455,0.090609,-0.653396,0.422969,9.802826,-2.491771,0.005793,0.036016,7,1,0,0.000000,0,3.601945,0.000000,0.005741,0,0.210532,0.000000,0.102973,3.601945,0.210532,1,1,1,4.880186,0.000000,0.000000,0.000000,0.000000,0.000000,0.000000,0.000000
2.3701,8.370181,0.186565,-0.128250,0.314159,0.009542,0.113397,1,3.601945,95,0.334419,0.132003,8.370181,0.001466,3.500493,-0.128250,8.370198,3.606331,-0.128250,0.186565,0.314159,0.012767,-0.469090,-40.805986,0.105839,0.000000,0.000593,0.002012,0.000088,0.000593,0.334419,0.132003,-9.803410,-0.018299,0.007267,0.314159,-0.919598,0.005859,27.000000,0.013045,8.370198,0.001466,0.186379,0.314159,0.106000,0.000000,167,0,1,34,34,-0.000953,-0.017292,0.186145,0.018670,-0.163249,10.065344,-2.490395,0.005859,0.036002,7,1,0,0.000000,0,3.601945,0.000000,0.009542,0,0.218661,0.000000,0.113397,3.601945,0.218661,1,1,1,4.880147,0.000000,0.000000,0.000000,0.000000,0.000000,0.000000,0.000000
2.3801,8.371757,0.190465,-0.108183,0.418879,0.008616,0.122028,1,3.601945,105,0.335410,0.132428,8.371757,0.016860,3.499022,-0.108183,8.371828,3.604882,-0.108183,0.190465,0.418879,0.012764,-0.469090,-40.805986,0.105861,0.000000,0.000599,0.002027,0.000720,0.000599,0.335410,0.132428,-9.803370,0.017716,-0.016271,0.418879,-0.917150,0.005973,27.000000,0.013045,8.371828,0.016860,0.190214,0.418879,0.106000,0.000000,172,0,1,34,34,0.009711,0.025970,0.310390,-0.012298,0.157582,9.637879,-2.487946,0.005973,0.036136,7,1,0,0.000000,0,3.601945,0.000000,0.008616,0,0.227380,0.000000,0.122028,3.601945,0.227380,1,1,1,4.880117,0.000000,0.000000,0.000000,0.000000,0.000000,0.000000,0.000000
2.3901,8.374025,0.195615,-0.122820,0.523599,0.015233,0.119790,1,3.601945,115,0.336099,0.135195,8.374025,0.022934,3.496978,-0.122820,8.374033,3.603123,-0.122820,0.195615,0.523599,0.013016,-0.469090,-40.805986,0.106145,0.000000,0.000061,0.001970,0.000739,0.000061,0.336099,0.135195,-9.803309,0.040425,-0.008082,0.523599,-0.913762,0.006149,27.000000,0.013045,8.374033,0.022934,0.195583,0.523599,0.106000,0.000000,177,0,1,34,34,-0.005226,0.046106,0.400212,-0.261790,0.415621,9.640310,-2.484559,0.006149,0.036295,7,1,0,0.000000,0,3.601945,0.000000,0.015233,0,0.236360,0.000000,0.119790,3.601945,0.236360,1,1,1,4.880101,0.000000,0.000000,0.000000,0.000000,0.000000,0.000000,0.000000
2.4001,8.377563,0.201805,0.002092,0.523599,0.014859,0.114151,1,3.601945,125,0.338041,0.135760,8.377563,0.038327,3.495511,0.002092,8.377581,3.601689,0.002092,0.201805,0.523599,0.012968,-0.469090,-40.805986,0.106177,0.000000,0.000164,0.002003,0.001173,0.000164,0.338041,0.135760,-9.803234,0.005527,0.012585,0.523599,-0.909009,0.006308,27.000000,0.013045,8.377581,0.038327,0.201719,0.523599,0.106000,0.000000,182,0,1,34,34,-0.013687,0.008080,0.525630,-0.450653,-0.141078,9.797290,-2.479806,0.006308,0.036542,7,1,0,0.000000,0,3.601945,0.000000,0.014859,0,0.245271,0.000000,0.114151,3.601945,0.245271,1,1,1,4.880098,0.000000,0.000000,0.000000,0.000000,0.000000,0.000000,0.000000
2.4101,8.382934,0.209574,-0.155571,0.733038,0.026868,0.095866,1,3.601945,135,0.339561,0.137112,8.382934,0.055711,3.493379,-0.155571,8.382949,3.599493,-0.155571,0.209574,0.733038,0.012926,-0.469090,-40.805986,0.106114,0.000000,0.000253,0.001990,0.001361,0.000253,0.339561,0.137112,-9.803163,0.019250,-0.016672,0.733038,-0.903437,0.006448,27.000000,0.013045,8.382949,0.055711,0.209389,0.733038,0.106000,0.000000,187,0,1,34,34,0.009784,0.030974,0.577115,-0.691390,0.478317,9.966055,-2.474233,0.006448,0.036773,7,1,0,0.000000,0,3.601945,0.000000,0.026868,0,0.253785,0.000000,0.095866,3.601945,0.253785,1,1,1,4.880116,0.000000,0.000000,0.000000,0.000000,0.000000,0.000000,0.000000
2.4201,8.385136,0.215779,-0.050356,0.628319,0.008317,0.107391,1,3.601945,145,0.339967,0.136488,8.385136,0.019897,3.493222,-0.050356,8.385155,3.599208,-0.050356,0.215779,0.628319,0.012855,-0.469090,-40.805986,0.105987,0.001000,0.000406,0.001988,-0.000103,0.000406,0.339967,0.136488,-9.803157,-0.002453,-0.000539,0.629319,-0.897520,0.006675,27.000000,0.013045,8.385155,0.019897,0.215524,0.628319,0.106000,0.001000,192,0,1,34,34,0.001274,0.005278,0.578942,-0.719050,0.068905,9.818366,-2.468316,0.006675,0.036840,6,1,0,0.000000,0,3.601945,0.000000,0.008317,0,0.261571,0.000000,0.107391,3.601945,0.261571,1,1,1,4.880153,0.000000,0.000000,0.000000,0.000000,0.000000,0.000000,0.000000
2.4301,8.385024,0.223639,-0.031821,0.628319,0.029648,0.078086,1,3.601945,155,0.339324,0.135320,8.385024,0.003560,3.491328,-0.031821,8.385059,3.597194,-0.031821,0.223639,0.628319,0.012713,-0.469090,-40.805986,0.105866,0.000000,0.000708,0.001998,0.000212,0.000708,0.339324,0.135320,-9.803196,0.012977,-0.014399,0.628319,-0.891679,0.006925,27.000000,0.013045,8.385059,0.003560,0.223194,0.628319,0.106000,0.000000,197,0,1,34,34,0.009797,0.024308,0.596237,0.426634,0.463094,9.698657,-2.462475,0.006925,0.036797,7,1,0,0.000000,0,3.601945,0.000000,0.029648,0,0.268306,0.000000,0.078086,3.601945,0.268306,1,1,1,4.880196,0.000000,0.000000,0.000000,0.000000,0.000000,0.000000,0.000000
2.4401,8.384972,0.229413,0.062348,0.523599,0.009943,0.086139,1,3.601945,165,0.341395,0.137641,8.384972,-0.002513,3.490936,0.062348,8.384962,3.597157,0.062348,0.229413,0.523599,0.012971,-0.469090,-40.805986,0.106221,0.000000,0.000159,0.001973,-0.000337,0.000159,0.341395,0.137641,-9.803092,0.016636,-0.017662,0.523599,-0.885949,0.007212,27.000000,0.013045,8.384962,-0.002513,0.229330,0.523599,0.106000,0.000000,1,0,1,34,34,0.011924,0.028729,0.585624,-0.872192,0.333141,10.098464,-2.456745,0.007212,0.037089,7,1,0,0.000000,0,3.601945,0.000000,0.009943,0,0.273814,0.000000,0.086139,3.601945,0.273814,1,1,1,4.880238,0.000000,0.000000,0.000000,0.000000,0.000000,0.000000,0.000000
2.4501,8.385158,0.234815,0.109322,0.418879,0.008291,0.075257,1,3.601945,175,0.342031,0.137978,8.385158,0.002513,3.491117,0.109322,8.385155,3.597264,0.109322,0.234815,0.418879,0.012916,-0.469090,-40.805986,0.106147,0.000000,0.000276,0.002033,-0.000129,0.000276,0.342031,0.137978,-9.803065,0.015781,-0.003883,0.418879,-0.880441,0.007339,27.000000,0.013045,8.385155,0.002513,0.234699,0.418879,0.106000,0.000000,6,0,1,34,34,-0.000895,0.023047,0.527947,-0.279651,-0.032505,9.530520,-2.451238,0.007339,0.037191,7,1,0,0.000000,0,3.601945,0.000000,0.008291,0,0.278087,0.000000,0.075257,3.601945,0.278087,1,1,1,4.880285,0.000000,0.000000,0.000000,0.000000,0.000000,0.000000,0.000000
2.4601,8.385189,0.239456,0.091744,0.418879,0.000958,0.067295,1,3.601945,185,0.343038,0.136986,8.385189,-0.001466,3.491871,0.091744,8.385155,3.597965,0.091744,0.239456,0.418879,0.012871,-0.469090,-40.805986,0.106094,0.000000,0.000371,0.002023,-0.000204,0.000371,0.343038,0.136986,-9.803043,-0.006042,-0.003956,0.418879,-0.875105,0.007590,27.000000,0.013045,8.385155,-0.001466,0.239301,0.418879,0.106000,0.000000,11,0,1,34,34,0.005526,0.001923,0.510640,-0.347990,0.397394,9.563507,-2.445901,0.007590,0.037292,7,1,0,0.000000,0,3.601945,0.000000,0.000958,0,0.281124,0.000000,0.067295,3.601945,0.281124,1,1,1,4.880331,0.000000,0.000000,0.000000,0.000000,0.000000,0.000000,0.000000
2.4701,8.385096,0.244090,0.086225,0.418879,0.001775,0.049362,1,3.601945,195,0.343186,0.135961,8.385096,0.002513,3.492424,0.086225,8.385059,3.598480,0.086225,0.244090,0.418879,0.012836,-0.469090,-40.805986,0.106056,-0.001000,0.000446,0.001981,0.000024,0.000446,0.343186,0.135961,-9.803052,-0.004559,0.015612,0.417879,-0.869962,0.007833,27.000000,0.013045,8.385059,0.002513,0.243903,0.418879,0.106000,-0.001000,16,0,1,34,34,-0.013683,-0.002321,0.504176,-0.382850,-0.370882,9.823735,-2.440758,0.007833,0.037306,7,1,0,0.000000,0,3.601945,0.000000,0.001775,0,0.282927,0.000000,0.049362,3.601945,0.282927,1,1,1,4.880373,0.000000,0.000000,0.000000,0.000000,0.000000,0.000000,0.000000
2.4801,8.384926,0.247883,0.118620,0.314159,-0.004797,0.038951,1,3.601945,205,0.342632,0.135027,8.384926,0.001466,3.493411,0.118620,8.384866,3.599457,0.118620,0.247883,0.314159,0.012828,-0.469090,-40.805986,0.106046,-0.001000,0.000463,0.002000,-0.000181,0.000463,0.342632,0.135027,-9.803085,-0.003719,-0.011315,0.313159,-0.865196,0.008045,27.000000,0.013045,8.384866,0.001466,0.247738,0.314159,0.106000,-0.001000,21,0,1,34,34,0.011904,0.005128,0.431749,-0.203552,0.534184,10.110490,-2.435993,0.008045,0.037246,7,1,0,0.000000,0,3.601945,0.000000,-0.004797,0,0.283493,0.000000,0.038951,3.601945,0.283493,1,1,1,4.880413,0.000000,0.000000,0.000000,0.000000,0.000000,0.000000,0.000000
2.4901,8.384801,0.250993,0.060409,0.314159,-0.005150,0.025889,1,3.601945,215,0.340785,0.133509,8.384801,0.001466,3.494374,0.060409,8.384770,3.600301,0.060409,0.250993,0.314159,0.012767,-0.469090,-40.805986,0.105927,-0.001000,0.000593,0.002012,0.000006,0.000593,0.340785,0.133509,-9.803170,-0.023939,0.005589,0.313159,-0.861247,0.008203,27.000000,0.013045,8.384770,0.001466,0.250806,0.314159,0.106000,-0.001000,26,0,1,34,34,0.001240,-0.019781,0.373851,0.074647,-0.213520,9.490650,-2.432043,0.008203,0.037040,6,1,0,0.000000,0,3.601945,0.000000,-0.005150,0,0.282825,0.000000,0.025889,3.601945,0.282825,1,1,1,4.880450,0.000000,0.000000,0.000000,0.000000,0.000000,0.000000,0.000000
2.5001,8.384308,0.253124,0.200195,0.104720,-0.009498,0.015246,1,3.601945,225,0.339080,0.134698,8.384308,-0.002513,3.495277,0.200195,8.384291,3.601367,0.200195,0.253124,0.104720,0.012971,-0.469090,-40.805986,0.106090,-0.001000,0.000158,0.001978,-0.000126,0.000158,0.339080,0.134698,-9.803213,0.010582,0.011291,0.103720,-0.858054,0.008325,27.000000,0.013045,8.384291,-0.002513,0.253107,0.104720,0.106000,-0.001000,31,0,1,34,34,-0.013756,0.011029,0.303797,0.274005,0.178981,9.466013,-2.428851,0.008325,0.036912,7,1,0,0.000000,0,3.601945,0.000000,-0.009498,0,0.280921,0.000000,0.015246,3.601945,0.280921,1,1,1,4.880480,0.000000,0.000000,0.000000,0.000000,0.000000,0.000000,0.000000
2.5101,8.383444,0.254641,0.186615,0.000000,-0.009410,-0.000285,1,3.601945,235,0.339565,0.134802,8.383444,-0.006597,3.496226,0.186615,8.383428,3.602247,0.186615,0.254641,0.000000,0.012964,-0.469090,-40.805986,0.106022,-0.002000,0.000174,0.001971,-0.000193,0.000174,0.339565,0.134802,-9.803195,0.013685,-0.005049,-0.002000,-0.855657,0.008376,27.000000,0.013045,8.383428,-0.006597,0.254641,0.000000,0.106000,-0.002000,36,0,1,34,34,0.001145,0.016934,0.184411,-0.173710,0.274849,10.203609,-2.426453,0.008376,0.036969,7,1,0,0.000000,0,3.601945,0.000000,-0.009410,0,0.277782,0.000000,-0.000285,3.601945,0.277782,1,1,1,4.880505,0.000000,0.000000,0.000000,0.000000,0.000000,0.000000,0.000000
2.5201,8.382685,0.254641,0.093546,0.000000,-0.017203,-0.006213,1,3.601945,245,0.339859,0.134428,8.382685,-0.007645,3.497674,0.093546,8.382662,3.603631,0.093546,0.254641,0.000000,0.012937,-0.469090,-40.805986,0.105956,-0.001000,0.000230,0.001979,-0.000402,0.000230,0.339859,0.134428,-9.803190,0.003332,0.004539,-0.001000,-0.854274,0.008394,27.000000,0.013045,8.382662,-0.007645,0.254641,0.000000,0.106000,-0.001000,41,0,1,34,34,-0.005271,0.003176,0.092513,-0.021642,0.034214,9.560070,-2.425071,0.008394,0.036989,7,1,0,0.000000,0,3.601945,0.000000,-0.017203,0,0.273407,0.000000,-0.006213,3.601945,0.273407,1,1,1,4.880524,0.000000,0.000000,0.000000,0.000000,0.000000,0.000000,0.000000
2.5301,8.382051,0.253040,0.186997,-0.209440,-0.025133,-0.010577,1,3.601945,255,0.339299,0.133136,8.382051,-0.007645,3.499502,0.186997,8.381991,3.605444,0.186997,0.253040,-0.209440,0.012895,-0.469090,-40.805986,0.105942,0.000000,0.000319,0.001910,-0.000546,0.000319,0.339299,0.133136,-9.803227,0.010127,-0.006209,-0.209440,-0.854063,0.008406,27.000000,0.013045,8.381991,-0.007645,0.253107,-0.209440,0.106000,0.000000,46,0,1,34,34,0.003225,0.011142,-0.022588,0.149588,0.424226,9.736368,-2.424859,0.008406,0.036893,7,1,0,0.000000,0,3.601945,0.000000,-0.025133,0,0.267797,0.000000,-0.010577,3.601945,0.267797,1,1,1,4.880536,0.000000,0.000000,0.000000,0.000000,0.000000,0.000000,0.000000
2.5401,8.381457,0.251497,0.111718,-0.209440,-0.017914,-0.034107,1,3.601945,9,0.338978,0.132378,8.381457,-0.011729,3.500446,0.111718,8.381415,3.606354,0.111718,0.251497,-0.209440,0.012874,-0.469090,-40.805986,0.105908,0.000000,0.000364,0.002095,-0.000230,0.000364,0.338978,0.132378,-9.803248,-0.008062,0.016675,-0.209440,-0.854697,0.008395,27.000000,0.013045,8.381415,-0.011729,0.251573,-0.209440,0.106000,0.000000,51,0,1,34,34,-0.013847,-0.013557,-0.097555,0.056697,-0.152842,9.998481,-2.425493,0.008395,0.036835,6,1,0,0.000000,0,3.601945,0.000000,-0.017914,0,0.260952,0.000000,-0.034107,3.601945,0.260952,1,1,1,4.880541,0.000000,0.000000,0.000000,0.000000,0.000000,0.000000,0.000000
2.5501,8.376945,0.249161,0.098647,-0.314159,-0.017895,-0.050027,1,3.601945,19,0.338916,0.131984,8.376945,-0.038327,3.501259,0.098647,8.376909,3.607110,0.098647,0.249161,-0.314159,0.012879,-0.469090,-40.805986,0.105851,0.001000,0.000353,0.002062,-0.001112,0.000353,0.338916,0.131984,-9.803255,0.005958,-0.016055,-0.313159,-0.856276,0.008351,27.000000,0.013045,8.376909,-0.038327,0.249272,-0.314159,0.106000,0.001000,56,0,1,34,34,0.013846,0.007314,-0.214624,-0.290698,0.699048,9.920681,-2.427072,0.008351,0.036808,7,1,0,0.000000,0,3.601945,0.000000,-0.017895,0,0.252872,0.000000,-0.050027,3.601945,0.252872,1,1,1,4.880535,0.000000,0.000000,0.000000,0.000000,0.000000,0.000000,0.000000
2.5601,8.371389,0.244480,0.082823,-0.418879,-0.033092,-0.048192,1,3.601945,29,0.337613,0.131368,8.371389,-0.056758,3.503160,0.082823,8.371349,3.609007,0.082823,0.244480,-0.418879,0.012832,-0.469090,-40.805986,0.105847,0.001000,0.000454,0.001997,-0.000695,0.000454,0.337613,0.131368,-9.803309,-0.025697,0.026054,-0.417879,-0.859056,0.008160,27.000000,0.013045,8.371349,-0.056758,0.244670,-0.418879,0.106000,0.001000,61,0,1,34,34,-0.018163,-0.036066,-0.334621,-0.097486,-0.100519,9.625660,-2.429852,0.008160,0.036643,7,1,0,0.000000,0,3.601945,0.000000,-0.033092,0,0.243556,0.000000,-0.048192,3.601945,0.243556,1,1,1,4.880507,0.000000,0.000000,0.000000,0.000000,0.000000,0.000000,0.000000
2.5701,8.370198,0.239301,0.170395,-0.523599,-0.030469,-0.066319,1,3.601945,39,0.334303,0.132858,8.370198,-0.004503,3.504160,0.170395,8.370198,3.610369,0.170395,0.239301,-0.523599,0.013045,-0.469090,-40.805986,0.106209,-0.001000,0.000000,0.001977,-0.000176,0.000000,0.334303,0.132858,-9.803402,-0.030025,0.029665,-0.629353,-0.862869,0.007956,27.000000,0.013045,8.370198,-0.004503,0.239301,-0.523599,0.106000,-0.001000,66,0,1,34,34,-0.020326,-0.042975,-0.458436,0.485787,-0.090879,9.645277,-2.433665,0.007956,0.036326,6,1,0,0.000000,0,3.601945,0.000000,-0.030469,0,0.233005,0.000000,-0.066319,3.601945,0.233005,1,1,1,4.880464,0.000000,0.000000,0.000000,0.000000,0.000000,0.000000,0.000000
2.5801,8.370013,0.232343,0.044174,-0.628319,-0.038933,-0.070531,1,3.601945,49,0.333242,0.131116,8.370013,-0.000419,3.506611,0.044174,8.370007,3.612210,0.044174,0.232343,-0.628319,0.013004,-0.469090,-40.805986,0.105599,-0.002000,0.000088,0.001989,-0.000077,0.000088,0.333242,0.131116,-9.803462,-0.004976,-0.003985,-0.630319,-0.867985,0.007810,27.000000,0.013045,8.370007,-0.000419,0.232398,-0.628319,0.106000,-0.002000,71,0,1,34,34,0.005218,-0.011283,-0.586047,-0.144781,0.264359,10.280086,-2.438782,0.007810,0.036143,6,1,0,0.000000,0,3.601945,0.000000,-0.038933,0,0.221218,0.000000,-0.070531,3.601945,0.221218,1,1,1,4.880413,0.000000,0.000000,0.000000,0.000000,0.000000,0.000000,0.000000
2.5901,8.370038,0.224544,0.134364,-0.837758,-0.034259,-0.084927,1,3.601945,59,0.331854,0.130821,8.370038,-0.000419,3.507766,0.134364,8.370007,3.613354,0.134364,0.224544,-0.837758,0.012942,-0.469090,-40.805986,0.105588,0.000000,0.000220,0.001974,-0.000285,0.000220,0.331854,0.130821,-9.803513,0.005432,0.013020,-0.837758,-0.874632,0.007465,27.000000,0.013045,8.370007,-0.000419,0.224728,-0.837758,0.106000,0.000000,76,0,1,34,34,-0.014032,-0.007642,-0.703354,0.370633,0.089794,9.723580,-2.445428,0.007465,0.035957,7,1,0,0.000000,0,3.601945,0.000000,-0.034259,0,0.208196,0.000000,-0.084927,3.601945,0.208196,1,1,1,4.880357,0.000000,0.000000,0.000000,0.000000,0.000000,0.000000,0.000000
2.6001,8.369873,0.214961,0.200468,-1.047198,-0.043159,-0.088784,1,3.601945,69,0.330867,0.129453,8.369873,-0.002513,3.509183,0.200468,8.369815,3.615049,0.200468,0.214961,-1.047198,0.012793,-0.469090,-40.805986,0.105866,0.000000,0.000538,0.002018,-0.000537,0.000538,0.330867,0.129453,-9.803564,-0.012477,0.007414,-1.047198,-0.882512,0.007086,27.000000,0.013045,8.369815,-0.002513,0.215524,-1.047198,0.106000,0.000000,81,0,1,34,34,-0.003382,-0.024944,-0.846480,-0.194675,0.264198,9.514417,-2.453308,0.007086,0.035775,7,1,0,0.000000,0,3.601945,0.000000,-0.043159,0,0.193939,0.000000,-0.088784,3.601945,0.193939,1,1,1,4.880295,0.000000,0.000000,0.000000,0.000000,0.000000,0.000000,0.000000
2.6101,8.369829,0.205349,0.172384,-1.151917,-0.035863,-0.112607,1,3.601945,79,0.327731,0.130514,8.369829,0.000419,3.510337,0.172384,8.369815,3.615854,0.172384,0.205349,-1.151917,0.012962,-0.469090,-40.805986,0.105517,0.000000,0.000178,0.002001,-0.000276,0.000178,0.327731,0.130514,-9.803655,-0.027457,0.025830,-1.151917,-0.891313,0.006741,27.000000,0.013045,8.369815,0.000419,0.205554,-1.151917,0.106000,0.000000,86,0,1,34,34,-0.016206,-0.046729,-0.979010,0.390961,-0.047362,9.990188,-2.462109,0.006741,0.035427,6,1,0,0.000000,0,3.601945,0.000000,-0.035863,0,0.178447,0.000000,-0.112607,3.601945,0.178447,1,1,1,4.880232,0.000000,0.000000,0.000000,0.000000,0.000000,0.000000,0.000000
2.6201,8.369890,0.192582,0.138784,-1.256637,-0.049395,-0.101343,1,3.601945,89,0.325656,0.127465,8.369890,0.001466,3.511980,0.138784,8.369815,3.617652,0.138784,0.192582,-1.256637,0.012784,-0.469090,-40.805986,0.105672,0.000000,0.000556,0.001988,-0.000324,0.000556,0.325656,0.127465,-9.803765,-0.022456,-0.004593,-1.256637,-0.902275,0.006376,27.000000,0.013045,8.369815,0.001466,0.193282,-1.256637,0.106000,0.000000,91,0,1,34,34,0.011490,-0.034122,-1.117508,-0.357331,0.650613,9.968003,-2.473071,0.006376,0.035077,7,1,0,0.000000,0,3.601945,0.000000,-0.049395,0,0.161719,0.000000,-0.101343,3.601945,0.161719,1,1,1,4.880161,0.000000,0.000000,0.000000,0.000000,0.000000,0.000000,0.000000
2.6301,8.369864,0.180482,0.114908,-1.361357,-0.036586,-0.132084,1,3.601945,99,0.321209,0.128212,8.369864,-0.000419,3.512524,0.114908,8.369815,3.618083,0.114908,0.180482,-1.361357,0.012863,-0.469090,-40.805986,0.105559,0.000000,0.000388,0.002002,-0.000134,0.000388,0.321209,0.128212,-9.803902,-0.036502,0.023174,-1.361357,-0.913934,0.005876,27.000000,0.013045,8.369815,-0.000419,0.181010,-1.361357,0.106000,0.000000,96,0,1,34,34,-0.009868,-0.058125,-1.245804,0.342511,-0.035116,9.770160,-2.484730,0.005876,0.034565,7,1,0,0.000000,0,3.601945,0.000000,-0.036586,0,0.143756,0.000000,-0.132084,3.601945,0.143756,1,1,1,4.880089,0.000000,0.000000,0.000000,0.000000,0.000000,0.000000,0.000000
2.6401,8.369677,0.165689,0.197717,-1.570796,-0.053968,-0.126311,1,3.601945,109,0.318636,0.127041,8.369677,0.000419,3.514199,0.197717,8.369623,3.619891,0.197717,0.165689,-1.570796,0.012821,-0.469090,-40.805986,0.105691,-0.001000,0.000477,0.002002,-0.000224,0.000477,0.318636,0.127041,-9.804001,-0.021736,0.016224,-1.571796,-0.926911,0.005398,27.000000,0.013045,8.369623,0.000419,0.166437,-1.570796,0.106000,-0.001000,101,0,1,34,34,-0.007787,-0.043596,-1.373634,0.016653,0.344713,9.974743,-2.497707,0.005398,0.034179,7,1,0,0.000000,0,3.601945,0.000000,-0.053968,0,0.124557,0.000000,-0.126311,3.601945,0.124557,1,1,1,4.879284,0.000000,0.000000,0.000000,0.000000,0.000000,0.000000,0.000000
2.6501,8.369642,0.150362,0.036311,-1.570796,-0.042918,-0.143554,1,3.601945,119,0.313389,0.127460,8.369642,0.000419,3.514905,0.036311,8.369623,3.620476,0.036311,0.150362,-1.570796,0.012825,-0.469090,-40.805986,0.105571,0.000000,0.000468,0.001982,-0.000124,0.000468,0.313389,0.127460,-9.804164,-0.035527,0.021955,-1.570796,-0.941638,0.004757,27.000000,0.013045,8.369623,0.000419,0.151097,-1.570796,0.106000,0.000000,106,0,1,34,34,-0.007816,-0.060702,-1.533833,0.208434,0.389444,10.233719,-2.512434,0.004757,0.033538,7,1,0,0.000000,0,3.601945,0.000000,-0.042918,0,0.104123,0.000000,-0.143554,3.601945,0.104123,1,1,1,4.878702,0.000000,0.000000,0.000000,0.000000,0.000000,0.000000,0.000000
2.6601,8.369479,0.133425,0.107286,-1.780236,-0.047518,-0.149261,1,3.601945,129,0.310266,0.128051,8.369479,-0.003560,3.515806,0.107286,8.369431,3.621348,0.107286,0.133425,-1.780236,0.012835,-0.469090,-40.805986,0.105541,0.000000,0.000449,0.001996,-0.000426,0.000449,0.310266,0.128051,-9.804256,-0.021073,0.030746,-1.780236,-0.957690,0.004098,27.000000,0.013045,8.369431,-0.003560,0.134223,-1.780236,0.106000,0.000000,111,0,1,34,34,-0.020673,-0.052485,-1.672414,0.715343,-0.204085,9.529444,-2.528486,0.004098,0.033089,7,1,0,0.000000,0,3.601945,0.000000,-0.047518,0,0.082454,0.000000,-0.149261,3.601945,0.082454,1,1,1,4.877841,0.000000,0.000000,0.000000,0.000000,0.000000,0.000000,0.000000
2.6701,8.368263,0.115514,-0.041469,-1.780236,-0.043195,-0.161356,1,3.601945,139,0.306152,0.127610,8.368263,-0.011729,3.516003,-0.041469,8.368281,3.621713,-0.041469,0.115514,-1.780236,0.012763,-0.469090,-40.805986,0.105711,0.000000,0.000600,0.001999,-0.000361,0.000600,0.306152,0.127610,-9.804391,0.005103,0.027306,-1.780236,-0.975222,0.003432,27.000000,0.013045,8.368281,-0.011729,0.116583,-1.780236,0.106000,0.000000,116,0,1,34,34,-0.027145,-0.029150,-1.821481,0.638510,0.249310,9.983759,-2.546018,0.003432,0.032505,7,1,0,0.000000,0,3.601945,0.000000,-0.043195,0,0.059592,0.000000,-0.161356,3.601945,0.059592,1,1,1,4.877273,0.000000,0.000000,0.000000,0.000000,0.000000,0.000000,0.000000
2.6801,8.367445,0.096183,0.025765,-1.989675,-0.043026,-0.165421,1,3.601945,149,0.303328,0.129047,8.367445,-0.008692,3.516233,0.025765,8.367417,3.622004,0.025765,0.096183,-1.989675,0.012756,-0.469090,-40.805986,0.105772,0.000000,0.000616,0.001982,-0.000416,0.000616,0.303328,0.129047,-9.804460,-0.044028,0.053860,-1.989675,-0.994245,0.002625,27.000000,0.013045,8.367417,-0.008692,0.097408,-1.989675,0.106000,0.000000,121,0,1,34,34,-0.031395,-0.087125,-1.962959,0.257713,-0.323199,9.862913,-2.565041,0.002625,0.032046,7,1,0,0.000000,0,3.601945,0.000000,-0.043026,0,0.035796,0.000000,-0.165421,3.601945,0.035796,1,1,1,4.876659,0.000000,0.000000,0.000000,0.000000,0.000000,0.000000,0.000000
2.6901,8.366208,0.076180,-0.006903,-2.094395,-0.036735,-0.173537,1,3.601945,159,0.299556,0.129911,8.366208,-0.012776,3.515982,-0.006903,8.366267,3.621722,-0.006903,0.076180,-2.094395,0.012757,-0.469090,-40.805986,0.105741,0.000000,0.000614,0.001958,-0.000063,0.000614,0.299556,0.129911,-9.804565,-0.006804,0.007295,-2.094395,-1.014515,0.001870,27.000000,0.013045,8.366267,-0.012776,0.077466,-2.094395,0.106000,0.000000,126,0,1,34,34,-0.003739,-0.036053,-2.101010,-0.164269,0.105920,9.943514,-2.585311,0.001870,0.031460,7,1,0,0.000000,0,3.601945,0.000000,-0.036735,0,0.011396,0.000000,-0.173537,3.601945,0.011396,1,1,1,4.876079,0.000000,0.000000,0.000000,0.000000,0.000000,0.000000,0.000000
2.7001,8.365542,0.053032,0.060381,-2.303835,-0.056164,-0.147894,1,3.601945,169,0.295444,0.130311,8.365542,-0.005550,3.517323,0.060381,8.365501,3.623107,0.060381,0.053032,-2.303835,0.012755,-0.469090,-40.805986,0.105784,0.000000,0.000618,0.001982,-0.000153,0.000618,0.295444,0.130311,-9.804684,-0.052269,0.037093,-2.303835,-1.036263,0.001080,27.000000,0.013045,8.365501,-0.005550,0.054456,-2.303835,0.106000,0.000000,131,0,1,34,34,-0.010125,-0.091897,-2.242464,0.131337,0.156717,9.714527,-2.607060,0.001080,0.030783,7,1,0,0.000000,0,3.601945,0.000000,-0.056164,0,-0.013279,0.000000,-0.147894,3.601945,-0.013279,1,1,1,4.875085,0.000000,0.000000,0.000000,0.000000,0.000000,0.000000,0.000000
2.7101,8.365408,0.030040,-0.009303,-2.303835,-0.043461,-0.153196,1,3.601945,179,0.289624,0.130549,8.365408,0.001466,3.517479,-0.009303,8.365405,3.623201,-0.009303,0.030040,-2.303835,0.012758,-0.469090,-40.805986,0.105722,0.000000,0.000611,0.001978,-0.000104,0.000611,0.289624,0.130549,-9.804855,-0.031032,0.013241,-2.303835,-1.059147,0.000337,27.000000,0.013045,8.365405,0.001466,0.031447,-2.303835,0.106000,0.000000,136,0,1,34,34,0.002631,-0.063144,-2.312520,0.865785,0.070919,8.948508,-2.629944,0.000337,0.029914,7,1,0,0.000000,0,3.601945,0.000000,-0.043461,0,-0.037986,0.000000,-0.153196,3.601945,-0.037986,1,1,1,4.874215,0.000000,0.000000,0.000000,0.000000,0.000000,0.000000,0.000000
2.7201,8.364232,0.008949,-0.051244,-2.303835,-0.016416,-0.179446,1,3.601945,189,0.288085,0.132081,8.364232,-0.010681,3.515717,-0.051244,8.364253,3.621027,-0.051244,0.008949,-2.303835,0.012837,-0.469090,-40.805986,0.105310,0.000000,0.000444,0.002174,-0.000394,0.000444,0.288085,0.132081,-9.804879,0.008872,0.021398,-2.303835,-1.082399,-0.000370,27.000000,0.013045,8.364253,-0.010681,0.009971,-2.303835,0.106000,0.000000,141,0,1,34,34,-0.023029,-0.032734,-2.354853,0.334374,0.080936,10.441251,-2.653195,-0.000370,0.029490,7,1,0,0.000000,0,3.601945,0.000000,-0.016416,0,-0.062693,0.000000,-0.179446,3.601945,-0.062693,1,1,1,4.874129,0.000000,0.000000,0.000000,0.000000,0.000000,0.000000,0.000000
2.7301,8.363658,-0.015283,-0.058302,-2.408554,-0.041263,-0.148684,1,3.601945,199,0.287187,0.133778,8.363658,-0.005550,3.515595,-0.058302,8.363679,3.621285,-0.058302,-0.015283,-2.408554,0.012757,-0.469090,-40.805986,0.105690,0.000000,0.000614,0.001995,0.000036,0.000614,0.287187,0.133778,-9.804883,-0.017589,0.041728,-2.408554,-1.106353,-0.001331,27.000000,0.013045,8.363679,-0.005550,-0.013806,-2.408554,0.106000,0.000000,146,0,1,34,34,-0.027294,-0.067600,-2.466195,-0.521728,0.272742,8.806077,-2.677150,-0.001331,0.029067,7,1,0,0.000000,0,3.601945,0.000000,-0.041263,0,-0.087375,0.000000,-0.148684,3.601945,-0.087375,1,1,1,4.873901,0.000000,0.000000,0.000000,0.000000,0.000000,0.000000,0.000000
2.7401,8.363982,-0.038916,-0.145721,-2.408554,-0.018939,-0.153765,1,3.601945,209,0.281033,0.136610,8.363982,0.001466,3.514145,-0.145721,8.364062,3.619640,-0.145721,-0.038916,-2.408554,0.012785,-0.469090,-40.805986,0.105495,0.001000,0.000554,0.001996,0.000288,0.000554,0.281033,0.136610,-9.805022,-0.072473,0.036257,-2.407554,-1.131614,-0.002250,27.000000,0.013045,8.364062,0.001466,-0.037582,-2.408554,0.106000,0.001000,151,0,1,34,34,0.006883,-0.113380,-2.552034,0.526618,0.067118,10.795341,-2.702410,-0.002250,0.028088,7,1,0,0.000000,0,3.601945,0.000000,-0.018939,0,-0.111807,0.000000,-0.153765,3.601945,-0.111807,1,1,1,4.873819,0.000000,0.000000,0.000000,0.000000,0.000000,0.000000,0.000000
2.7501,8.363850,-0.063703,-0.039135,-2.513274,-0.024949,-0.134565,1,3.601945,219,0.276776,0.135838,8.363850,-0.003560,3.513337,-0.039135,8.363871,3.618770,-0.039135,-0.063703,-2.513274,0.012751,-0.469090,-40.805986,0.105433,0.001000,0.000627,0.001993,-0.000176,0.000627,0.276776,0.135838,-9.805154,0.001089,0.008987,-2.512274,-1.157261,-0.002870,27.000000,0.013045,8.363871,-0.003560,-0.062126,-2.513274,0.106000,0.001000,156,0,1,34,34,-0.008140,-0.036493,-2.551152,0.319035,-0.006359,8.210453,-2.728057,-0.002870,0.027278,8,1,0,0.000000,0,3.601945,0.000000,-0.024949,0,-0.135658,0.000000,-0.134565,3.601945,-0.135658,1,1,1,4.873741,0.000000,0.000000,0.000000,0.000000,0.000000,0.000000,0.000000
2.7601,8.364074,-0.087251,-0.058418,-2.513274,-0.017114,-0.136640,1,3.601945,229,0.273033,0.139841,8.364074,0.002513,3.512653,-0.058418,8.364062,3.617392,-0.058418,-0.087251,-2.513274,0.012936,-0.469090,-40.805986,0.104739,0.002000,0.000231,0.002002,0.000102,0.000231,0.273033,0.139841,-9.805203,-0.029026,0.050187,-2.511274,-1.182172,-0.003695,27.000000,0.013045,8.364062,0.002513,-0.086670,-2.513274,0.106000,0.002000,161,0,1,34,34,-0.025170,-0.085465,-2.568801,-0.022302,0.300771,9.658452,-2.752969,-0.003695,0.026487,7,1,0,0.000000,0,3.601945,0.000000,-0.017114,0,-0.158601,0.000000,-0.136640,3.601945,-0.158601,1,1,1,4.873669,0.000000,0.000000,0.000000,0.000000,0.000000,0.000000,0.000000
2.7701,8.364056,-0.111505,-0.068156,-2.513274,-0.023803,-0.112794,1,3.601945,239,0.272373,0.143605,8.364056,0.001466,3.512358,-0.068156,8.364062,3.616801,-0.068156,-0.111505,-2.513274,0.012991,-0.469090,-40.805986,0.104443,0.000000,0.000116,0.001991,0.000196,0.000116,0.272373,0.143605,-9.805167,0.002398,0.018801,-2.513274,-1.206997,-0.004652,27.000000,0.013045,8.364062,0.001466,-0.111213,-2.513274,0.106000,0.000000,166,0,1,34,34,-0.016681,-0.042532,-2.581095,-1.116224,-0.120392,11.194347,-2.777794,-0.004652,0.025967,7,1,0,0.000000,0,3.601945,0.000000,-0.023803,0,-0.180362,0.000000,-0.112794,3.601945,-0.180362,1,1,1,4.873599,0.000000,0.000000,0.000000,0.000000,0.000000,0.000000,0.000000
2.7801,8.364039,-0.137745,-0.051003,-2.513274,-0.023791,-0.069134,1,3.601945,249,0.266477,0.143388,8.364039,0.002513,3.510918,-0.051003,8.364062,3.616308,-0.051003,-0.137745,-2.513274,0.012817,-0.469090,-40.805986,0.105390,-0.001000,0.000486,0.001988,0.000307,0.000486,0.266477,0.143388,-9.805332,-0.050330,0.013441,-2.514274,-1.233720,-0.005396,27.000000,0.013045,8.364062,0.002513,-0.136524,-2.513274,0.106000,-0.001000,171,0,1,34,34,0.019653,-0.081119,-2.564449,0.125564,0.634307,8.207195,-2.804517,-0.005396,0.024902,7,1,0,0.000000,0,3.601945,0.000000,-0.023791,0,-0.200888,0.000000,-0.069134,3.601945,-0.200888,1,1,1,4.873529,0.000000,0.000000,0.000000,0.000000,0.000000,0.000000,0.000000
2.7901,8.364075,-0.161679,0.066418,-2.513274,-0.024325,-0.070564,1,3.601945,3,0.264379,0.144435,8.364075,-0.000419,3.511076,0.066418,8.364062,3.615941,0.066418,-0.161679,-2.513274,0.012931,-0.469090,-40.805986,0.104865,0.000000,0.000243,0.001994,0.000008,0.000243,0.264379,0.144435,-9.805373,-0.006109,-0.001144,-2.513274,-1.258013,-0.005944,27.000000,0.013045,8.364062,-0.000419,-0.161068,-2.513274,0.106000,0.000000,176,0,1,34,34,0.004698,-0.035709,-2.446599,0.327230,-0.014552,11.205920,-2.828810,-0.005944,0.024231,7,1,0,0.000000,0,3.601945,0.000000,-0.024325,0,-0.220178,0.000000,-0.070564,3.601945,-0.220178,1,1,1,4.873466,0.000000,0.000000,0.000000,0.000000,0.000000,0.000000,0.000000
2.8001,8.363876,-0.183772,-0.050464,-2.199115,-0.003923,-0.068547,1,3.601945,13,0.264744,0.142108,8.363876,-0.001466,3.508318,-0.050464,8.363967,3.613935,-0.050464,-0.183772,-2.199115,0.012783,-0.469090,-40.805986,0.105618,0.000000,0.000559,0.001975,0.000332,0.000559,0.264744,0.142108,-9.805397,0.028223,-0.021267,-2.199115,-1.282106,-0.006396,27.000000,0.013045,8.363967,-0.001466,-0.182544,-2.199115,0.106000,0.000000,181,0,1,34,34,-0.001693,0.006540,-2.249846,-0.254720,0.313726,8.596113,-2.852903,-0.006396,0.023888,7,1,0,0.000000,0,3.601945,0.000000,-0.003923,0,-0.238233,0.000000,-0.068547,3.601945,-0.238233,1,1,1,4.873403,0.000000,0.000000,0.000000,0.000000,0.000000,0.000000,0.000000
2.8101,8.363956,-0.203803,-0.030125,-2.094395,-0.008491,-0.070388,1,3.601945,23,0.265983,0.145402,8.363956,0.001466,3.507614,-0.030125,8.363967,3.612645,-0.030125,-0.203803,-2.094395,0.012922,-0.469090,-40.805986,0.105031,0.001000,0.000263,0.002030,0.000072,0.000263,0.265983,0.145402,-9.805315,-0.028547,0.035277,-2.093395,-1.303415,-0.007086,27.000000,0.013045,8.363967,0.001466,-0.203252,-2.094395,0.106000,0.001000,186,0,1,34,34,-0.007977,-0.072109,-2.122766,-0.822108,-0.015894,10.487376,-2.874211,-0.007086,0.023555,7,1,0,0.000000,0,3.601945,0.000000,-0.008491,0,-0.255053,0.000000,-0.070388,3.601945,-0.255053,1,1,1,4.873349,0.000000,0.000000,0.000000,0.000000,0.000000,0.000000,0.000000
2.8201,8.364062,-0.222427,0.108197,-1.989675,-0.006634,-0.066025,1,3.601945,33,0.264066,0.147415,8.364062,0.003560,3.506582,0.108197,8.364062,3.611414,0.108197,-0.222427,-1.989675,0.013045,-0.469090,-40.805986,0.104832,0.002000,0.000000,0.002115,0.000004,0.000000,0.264066,0.147415,-9.805337,-0.019721,0.008351,-2.092415,-1.323262,-0.007555,27.000000,0.013045,8.364062,0.003560,-0.222427,-1.989675,0.106000,0.002000,191,0,1,34,34,0.006979,-0.046129,-1.983785,-0.325683,0.072551,10.316321,-2.894059,-0.007555,0.022943,7,1,0,0.000000,0,3.601945,0.000000,-0.006634,0,-0.270638,0.000000,-0.066025,3.601945,-0.270638,1,1,1,4.873296,0.000000,0.000000,0.000000,0.000000,0.000000,0.000000,0.000000
2.8301,8.364123,-0.240007,-0.182415,-1.675516,0.008848,-0.057651,1,3.601945,43,0.257949,0.144325,8.364123,0.001466,3.503721,-0.182415,8.364158,3.609099,-0.182415,-0.240007,-1.675516,0.012847,-0.469090,-40.805986,0.105378,0.001000,0.000421,0.001960,0.000190,0.000421,0.257949,0.144325,-9.805546,-0.054277,0.017604,-1.674516,-1.343160,-0.007698,27.000000,0.013045,8.364158,0.001466,-0.239301,-1.675516,0.106000,0.001000,196,0,1,34,34,0.024125,-0.075562,-1.856113,-0.155271,0.080185,9.704000,-2.913957,-0.007698,0.022046,7,1,0,0.000000,0,3.601945,0.000000,0.008848,0,-0.284987,0.000000,-0.057651,3.601945,-0.284987,1,1,1,4.873249,0.000000,0.000000,0.000000,0.000000,0.000000,0.000000,0.000000
2.8401,8.364139,-0.254845,-0.119785,-1.570796,0.013146,-0.069263,1,3.601945,53,0.254642,0.146968,8.364139,0.001466,3.501815,-0.119785,8.364158,3.606811,-0.119785,-0.254845,-1.570796,0.012984,-0.469090,-40.805986,0.104996,0.000000,0.000130,0.001948,0.000362,0.000130,0.254642,0.146968,-9.805593,-0.033365,0.042906,-1.570796,-1.360281,-0.008062,27.000000,0.013045,8.364158,0.001466,-0.254641,-1.570796,0.106000,0.000000,0,0,1,34,34,-0.007846,-0.075728,-1.689741,-0.548126,0.441443,9.860502,-2.931078,-0.008062,0.021345,7,1,0,0.000000,0,3.601945,0.000000,0.013146,0,-0.298100,0.000000,-0.069263,3.601945,-0.298100,1,1,1,4.873210,0.000000,0.000000,0.000000,0.000000,0.000000,0.000000,0.000000
2.8501,8.364157,-0.269283,-0.165853,-1.361357,0.015565,-0.055797,1,3.601945,63,0.251782,0.147526,8.364157,0.004503,3.498958,-0.165853,8.364253,3.604703,-0.165853,-0.269283,-1.361357,0.012757,-0.469090,-40.805986,0.105745,0.000000,0.000615,0.002017,0.000340,0.000615,0.251782,0.147526,-9.805659,0.010954,0.018220,-1.361357,-1.376820,-0.008572,27.000000,0.013045,8.364253,0.004503,-0.268446,-1.361357,0.106000,0.000000,5,0,1,34,34,-0.020659,-0.024496,-1.527022,0.066198,-0.256133,9.844322,-2.947616,-0.008572,0.020742,7,1,0,0.000000,0,3.601945,0.000000,0.015565,0,-0.309979,0.000000,-0.055797,3.601945,-0.309979,1,1,1,4.873178,0.000000,0.000000,0.000000,0.000000,0.000000,0.000000,0.000000
2.8601,8.365962,-0.280992,-0.184065,-1.256637,0.027355,-0.068609,1,3.601945,73,0.248873,0.151118,8.365962,0.017802,3.496718,-0.184065,8.365979,3.601964,-0.184065,-0.280992,-1.256637,0.012943,-0.469090,-40.805986,0.105246,-0.001000,0.000217,0.001986,0.000767,0.000217,0.248873,0.151118,-9.805678,-0.062441,0.059217,-1.257637,-1.391262,-0.008897,27.000000,0.013045,8.365979,0.017802,-0.280718,-1.256637,0.106000,-0.001000,10,0,1,34,34,0.002931,-0.104658,-1.440469,-0.078639,0.145510,9.838694,-2.962058,-0.008897,0.020105,7,1,0,0.000000,0,3.601945,0.000000,0.027355,0,-0.320622,0.000000,-0.068609,3.601945,-0.320622,1,1,1,4.873159,0.000000,0.000000,0.000000,0.000000,0.000000,0.000000,0.000000
2.8701,8.369351,-0.292902,-0.139405,-1.151917,0.025022,-0.049227,1,3.601945,83,0.246215,0.151008,8.369351,0.036233,3.494118,-0.139405,8.369431,3.599876,-0.139405,-0.292902,-1.151917,0.012769,-0.469090,-40.805986,0.105757,-0.001000,0.000589,0.002002,0.001369,0.000589,0.246215,0.151008,-9.805747,0.012997,0.010038,-1.152917,-1.405257,-0.009220,27.000000,0.013045,8.369431,0.036233,-0.292223,-1.151917,0.106000,-0.001000,15,0,1,34,34,-0.016332,-0.014781,-1.292238,-0.392742,-0.312927,9.776460,-2.976053,-0.009220,0.019587,7,1,0,0.000000,0,3.601945,0.000000,0.025022,0,-0.330030,0.000000,-0.049227,3.601945,-0.330030,1,1,1,4.873156,0.000000,0.000000,0.000000,0.000000,0.000000,0.000000,0.000000
2.8801,8.372400,-0.303061,-0.156054,-1.047198,0.025354,-0.050414,1,3.601945,93,0.244115,0.155357,8.372400,0.062832,3.492861,-0.156054,8.372403,3.598108,-0.156054,-0.303061,-1.047198,0.013000,-0.469090,-40.805986,0.105247,0.002000,0.000096,0.002139,0.000085,0.000096,0.244115,0.155357,-9.805732,-0.010489,0.025769,-1.045198,-1.417178,-0.009546,27.000000,0.013045,8.372403,0.062832,-0.302961,-1.047198,0.106000,0.002000,20,0,1,34,34,-0.009873,-0.041625,-1.200812,0.658827,-0.330307,9.681265,-2.987975,-0.009546,0.019026,7,1,0,0.000000,0,3.601945,0.000000,0.025354,0,-0.338202,0.000000,-0.050414,3.601945,-0.338202,1,1,1,4.873173,0.000000,0.000000,0.000000,0.000000,0.000000,0.000000,0.000000
2.8901,8.383873,-0.312415,-0.105345,-0.942478,0.027894,-0.041288,1,3.601945,103,0.244923,0.154920,8.383873,0.057701,3.490814,-0.105345,8.383908,3.596423,-0.105345,-0.312415,-0.942478,0.012921,-0.469090,-40.805986,0.105609,0.002000,0.000265,0.001987,0.001200,0.000265,0.244923,0.154920,-9.805718,0.036946,-0.029736,-0.940478,-1.428213,-0.009785,27.000000,0.013045,8.383908,0.057701,-0.312165,-0.942478,0.106000,0.002000,25,0,1,34,34,-0.007772,0.033269,-1.046340,-0.527860,0.012697,9.731792,-2.999010,-0.009785,0.018906,6,1,0,0.000000,0,3.601945,0.000000,0.027894,0,-0.345139,0.000000,-0.041288,3.601945,-0.345139,1,1,1,4.873225,0.000000,0.000000,0.000000,0.000000,0.000000,0.000000,0.000000
2.9001,8.383915,-0.319225,-0.195178,-0.733038,0.047458,-0.052140,1,3.601945,113,0.246813,0.155177,8.383915,0.002513,3.487800,-0.195178,8.383908,3.593388,-0.195178,-0.319225,-0.733038,0.012944,-0.469090,-40.805986,0.105588,0.003000,0.000215,0.002003,-0.000194,0.000215,0.246813,0.155177,-9.805667,0.009188,0.001206,-0.730038,-1.438055,-0.009975,27.000000,0.013045,8.383908,0.002513,-0.319068,-0.733038,0.106000,0.003000,30,0,1,34,34,-0.007694,-0.006812,-0.925206,0.008287,-0.159602,9.768691,-3.008851,-0.009975,0.018926,6,1,0,0.000000,0,3.601945,0.000000,0.047458,0,-0.350841,0.000000,-0.052140,3.601945,-0.350841,1,1,1,4.873297,0.000000,0.000000,0.000000,0.000000,0.000000,0.000000,0.000000
2.9101,8.383933,-0.327677,-0.062597,-0.733038,0.017849,-0.015404,1,3.601945,123,0.248557,0.154917,8.383933,-0.000419,3.487725,-0.062597,8.383908,3.593327,-0.062597,-0.327677,-0.733038,0.012935,-0.469090,-40.805986,0.105602,0.002000,0.000236,0.002003,-0.000359,0.000236,0.248557,0.154917,-9.805627,-0.008291,0.024504,-0.731038,-1.446565,-0.010176,27.000000,0.013045,8.383908,-0.000419,-0.327505,-0.733038,0.106000,0.002000,35,0,1,34,34,-0.009761,-0.034219,-0.793259,-1.357872,-0.090086,10.275734,-3.017362,-0.010176,0.018909,7,1,0,0.000000,0,3.601945,0.000000,0.017849,0,-0.355307,0.000000,-0.015404,3.601945,-0.355307,1,1,1,4.873374,0.000000,0.000000,0.000000,0.000000,0.000000,0.000000,0.000000
2.9201,8.384196,-0.332877,0.099703,-0.733038,0.041163,-0.031636,1,3.601945,133,0.247548,0.157488,8.384196,0.004503,3.485724,0.099703,8.384196,3.591333,0.099703,-0.332877,-0.733038,0.013043,-0.469090,-40.805986,0.105609,0.000000,0.000005,0.002035,0.000135,0.000005,0.247548,0.157488,-9.805612,-0.001143,0.016299,-0.733038,-1.453755,-0.010380,27.000000,0.013045,8.384196,0.004503,-0.332874,-0.733038,0.106000,0.000000,40,0,1,34,34,-0.009727,-0.021387,-0.633110,0.735300,-0.339592,9.662081,-3.024551,-0.010380,0.018605,6,1,0,0.000000,0,3.601945,0.000000,0.041163,0,-0.358538,0.000000,-0.031636,3.601945,-0.358538,1,1,1,4.873455,0.000000,0.000000,0.000000,0.000000,0.000000,0.000000,0.000000
2.9301,8.383904,-0.337825,0.124606,-0.628319,0.033091,-0.015895,1,3.601945,143,0.248624,0.156087,8.383904,-0.005550,3.484313,0.124606,8.383908,3.590344,0.124606,-0.337825,-0.628319,0.012784,-0.469090,-40.805986,0.106032,-0.001000,0.000556,0.002005,-0.000161,0.000556,0.248624,0.156087,-9.805607,0.021116,0.003320,-0.629319,-1.459688,-0.010632,27.000000,0.013045,8.383908,-0.005550,-0.337476,-0.628319,0.106000,-0.001000,45,0,1,34,34,-0.018255,0.004667,-0.504814,-1.551311,0.541018,10.272379,-3.030484,-0.010632,0.018640,6,1,0,0.000000,0,3.601945,0.000000,0.033091,0,-0.360534,0.000000,-0.015895,3.601945,-0.360534,1,1,1,4.874010,0.000000,0.000000,0.000000,0.000000,0.000000,0.000000,0.000000
2.9401,8.383954,-0.341431,0.082956,-0.418879,0.030592,-0.011269,1,3.601945,153,0.249246,0.158864,8.383954,0.002513,3.483857,0.082956,8.383908,3.589728,0.082956,-0.341431,-0.418879,0.012910,-0.469090,-40.805986,0.105871,-0.001000,0.000288,0.002008,-0.000242,0.000288,0.249246,0.158864,-9.805546,-0.004503,0.023637,-0.419879,-1.463905,-0.010861,27.000000,0.013045,8.383908,0.002513,-0.341311,-0.418879,0.106000,-0.001000,50,0,1,34,34,-0.011771,-0.025334,-0.336624,0.054812,0.203896,9.762804,-3.034701,-0.010861,0.018520,7,1,0,0.000000,0,3.601945,0.000000,0.030592,0,-0.361295,0.000000,-0.011269,3.601945,-0.361295,1,1,1,4.874112,0.000000,0.000000,0.000000,0.000000,0.000000,0.000000,0.000000
2.9501,8.384163,-0.343829,0.099098,-0.314159,0.029769,-0.005260,1,3.601945,163,0.249727,0.158861,8.384163,0.002513,3.483223,0.099098,8.384100,3.589284,0.099098,-0.343829,-0.314159,0.012721,-0.469090,-40.805986,0.106061,0.000000,0.000691,0.002002,-0.000070,0.000691,0.249727,0.158861,-9.805534,0.006596,0.020401,-0.314159,-1.466742,-0.011111,27.000000,0.013045,8.384100,0.002513,-0.343612,-0.314159,0.106000,0.000000,55,0,1,34,34,-0.018151,-0.014147,-0.214899,-1.016101,0.043359,9.549944,-3.037539,-0.011111,0.018510,6,1,0,0.000000,0,3.601945,0.000000,0.029769,0,-0.360820,0.000000,-0.005260,3.601945,-0.360820,1,1,1,4.874643,0.000000,0.000000,0.000000,0.000000,0.000000,0.000000,0.000000
2.9601,8.383959,-0.345183,0.073536,-0.104720,0.022875,0.002789,1,3.601945,173,0.249654,0.159927,8.383959,0.000419,3.483485,0.073536,8.383908,3.589488,0.073536,-0.345183,-0.104720,0.012878,-0.469090,-40.805986,0.106003,0.000000,0.000355,0.002004,-0.000351,0.000355,0.249654,0.159927,-9.805519,0.001147,-0.003086,-0.104720,-1.467893,-0.011078,27.000000,0.013045,8.383908,0.000419,-0.345145,-0.104720,0.106000,0.000000,60,0,1,34,34,0.001097,0.002702,-0.031221,-0.355283,-0.168181,9.672664,-3.038689,-0.011078,0.018434,7,1,0,0.000000,0,3.601945,0.000000,0.022875,0,-0.359110,0.000000,0.002789,3.601945,-0.359110,1,1,1,4.874762,0.000000,0.000000,0.000000,0.000000,0.000000,0.000000,0.000000
2.9701,8.383921,-0.344379,0.120069,0.000000,0.030086,-0.002157,1,3.601945,183,0.249794,0.161149,8.383921,0.000419,3.482985,0.120069,8.383908,3.589057,0.120069,-0.344379,0.000000,0.012997,-0.469090,-40.805986,0.106072,0.000000,0.000102,0.001987,-0.000386,0.000102,0.249794,0.161149,-9.805495,-0.010455,0.000727,0.000000,-1.467519,-0.011067,27.000000,0.013045,8.383908,0.000419,-0.344379,0.000000,0.106000,0.000000,65,0,1,34,34,0.007554,-0.005704,0.120153,-0.403032,-0.177886,9.682106,-3.038315,-0.011067,0.018424,7,1,0,0.000000,0,3.601945,0.000000,0.030086,0,-0.356164,0.000000,-0.002157,3.601945,-0.356164,1,1,1,4.874897,0.000000,0.000000,0.000000,0.000000,0.000000,0.000000,0.000000
2.9801,8.384143,-0.343612,0.267097,0.000000,0.010104,0.017396,1,3.601945,193,0.247699,0.159299,8.384143,0.000419,3.484214,0.267097,8.384004,3.590363,0.267097,-0.343612,0.000000,0.012779,-0.469090,-40.805986,0.106149,0.000000,0.000567,0.001976,-0.000389,0.000567,0.247699,0.159299,-9.805578,-0.007519,0.013762,0.000000,-1.465448,-0.011021,27.000000,0.013045,8.384004,0.000419,-0.343612,0.000000,0.106000,0.000000,70,0,1,34,34,-0.003069,-0.011964,0.267272,-0.768292,0.498932,9.841797,-3.036245,-0.011021,0.018305,6,1,0,0.000000,0,3.601945,0.000000,0.010104,0,-0.351983,0.000000,0.017396,3.601945,-0.351983,1,1,1,4.874986,0.000000,0.000000,0.000000,0.000000,0.000000,0.000000,0.000000
2.9901,8.384072,-0.339701,0.186962,0.209440,0.031700,0.001330,1,3.601945,203,0.245033,0.160104,8.384072,-0.000419,3.483498,0.186962,8.384004,3.589652,0.186962,-0.339701,0.209440,0.012876,-0.469090,-40.805986,0.106154,0.001000,0.000359,0.001952,-0.000195,0.000359,0.245033,0.160104,-9.805632,-0.018944,-0.002630,0.210440,-1.462253,-0.010839,27.000000,0.013045,8.384004,-0.000419,-0.339777,0.209440,0.106000,0.001000,75,0,1,34,34,0.016174,-0.005091,0.397500,0.523139,-0.133955,9.262052,-3.033049,-0.010839,0.018114,6,1,0,0.000000,0,3.601945,0.000000,0.031700,0,-0.346567,0.000000,0.001330,3.601945,-0.346567,1,1,1,4.875067,0.000000,0.000000,0.000000,0.000000,0.000000,0.000000,0.000000
