t,theta_big,theta_small,dtheta_big,dtheta_small,tau_big,tau_small,axis,held_target,mcu2_seq,gravity_ax,gravity_ay,theta_big_motor,dtheta_big_motor,theta_big_platform,dtheta_big_platform,theta_big_motor_meas,platform_azimuth,platform_rate,small_joint_angle_est,small_joint_rate_est,pitch_joint_angle,pitch_joint_rate,pitch_acc,chassis_azimuth,chassis_yaw_rate,big_enc_age,big_sample_interval,big_enc_innovation,chassis_imu_age,gravity_a_x,gravity_a_y,gravity_a_z,base_omega_x,base_omega_y,base_omega_z,los_azimuth,los_elevation,mcu_bullet_velocity,mcu_pitch_angle,mcu_yaw_big_angle,mcu_yaw_big_omega,mcu_yaw_small_angle,mcu_yaw_small_omega,mcu_chassis_imu_yaw,mcu_chassis_imu_omega,mcu_mark,mcu_color,mcu_auto_aim_switch,mcu_temp_big,mcu_temp_small,imu_gx,imu_gy,imu_gz,imu_ax,imu_ay,imu_az,imu_euler_yaw,imu_euler_pitch,imu_euler_roll,imu_dt_one_tenth_ms,tx_auto_aim_enable,tx_fire,tx_pitch_target_angle,tx_yaw_big_mode,tx_yaw_big_target_angle,tx_yaw_big_target_velocity,tx_yaw_big_torque,tx_yaw_small_mode,tx_yaw_small_target_angle,tx_yaw_small_target_velocity,tx_yaw_small_torque,target_big,target_small,est_valid,mcu_valid,imu_valid,backlash_center,backlash_beta_true,theta_true_motor,theta_true_platform,theta_true_small,dtheta_true_motor,dtheta_true_platform,dtheta_true_small
0.0002,-1.213493,0.013039,0.011568,0.000000,0.050001,0.000000,1,-1.029757,215,0.026564,0.143549,-1.213493,0.001466,-3.370480,0.011568,-1.213493,-3.345501,0.011568,0.013039,0.000000,0.013045,-0.418292,-34.168916,0.024979,0.000000,0.000000,0.001985,-0.000083,0.000000,0.026564,0.143549,-9.808914,-0.004803,0.005165,0.000005,-1.761662,-0.001552,27.000000,0.013045,-1.213493,0.001466,0.013039,0.000000,0.025000,0.000000,105,0,1,32,30,0.003240,0.006415,0.011490,-0.230051,-0.369975,9.756851,2.950727,-0.001552,0.002898,7,1,0,0.000000,0,-3.341334,0.000000,0.050001,0,0.013039,0.000000,0.000000,-3.341334,0.013039,1,1,1,2.147222,0.000000,0.000000,0.000000,0.000000,0.000000,0.000000,0.000000
0.0101,-1.213491,0.013806,0.024311,0.000000,0.017995,-0.010006,1,-1.029757,225,0.026234,0.142998,-1.213491,0.001466,-3.371166,0.024311,-1.213493,-3.346172,0.024311,0.013806,0.000000,0.012988,-0.418292,-34.168916,0.024994,0.000000,0.000136,0.002003,-0.000035,0.000136,0.026234,0.142998,-9.808923,-0.003904,0.000310,0.000000,-1.761567,-0.001551,27.000000,0.013045,-1.213493,0.001466,0.013806,0.000000,0.025000,0.000000,110,0,1,32,30,-0.001023,0.004096,0.024260,0.837859,0.425303,9.679404,2.950822,-0.001551,0.002875,6,1,0,0.000000,0,-3.341200,0.000000,0.017995,0,0.012972,0.000000,-0.010006,-3.341200,0.012972,1,1,1,2.147255,0.000000,0.000000,0.000000,0.000000,0.000000,0.000000,0.000000
0.0201,-1.210329,0.013806,0.054219,0.000000,0.015235,-0.007275,1,-1.029757,235,0.028070,0.142920,-1.210329,0.017802,-3.370658,0.054219,-1.210329,-3.345679,0.054219,0.013806,0.000000,0.013045,-0.418292,-34.168916,0.024980,0.000000,0.000000,0.003879,0.002273,0.000000,0.028070,0.142920,-9.808919,-0.003730,0.004807,0.000004,-1.761073,-0.001484,27.000000,0.013045,-1.210329,0.017802,0.013806,0.000000,0.025000,0.000000,115,0,1,32,30,0.003254,0.005848,0.054151,-0.440436,-0.134574,10.046192,2.951316,-0.001484,0.003062,7,1,0,0.000000,0,-3.340266,0.000000,0.015235,0,0.012505,0.000000,-0.007275,-3.340266,0.012505,1,1,1,2.147290,0.000000,0.000000,0.000000,0.000000,0.000000,0.000000,0.000000
0.0301,-1.201206,0.014573,0.058646,0.000000,0.043197,-0.027018,1,-1.029757,244,0.028496,0.142469,-1.201206,0.118124,-3.370856,0.058646,-1.201221,-3.345841,0.058646,0.014573,0.000000,0.012947,-0.418292,-34.168916,0.025015,0.000000,0.000235,0.003820,0.002920,0.000235,0.028496,0.142469,-9.808924,-0.008865,0.009027,0.000000,-1.760468,-0.001533,27.000000,0.013045,-1.201221,0.118124,0.014573,0.000000,0.025000,0.000000,120,0,1,32,30,-0.007414,0.003538,0.064782,-0.039639,0.010367,9.942635,2.951886,-0.001541,0.003110,7,1,0,0.000000,0,-3.337731,0.000000,0.043197,0,0.011237,0.000000,-0.027018,-3.337731,0.011237,1,1,1,2.147581,0.000000,0.000000,0.000000,0.000000,0.000000,0.000000,0.000000
0.0401,-1.188086,0.014573,0.026403,0.000000,0.069084,-0.036276,1,-1.029757,254,0.029164,0.143135,-1.188086,0.127339,-3.370292,0.026403,-1.188086,-3.345312,0.026403,0.014573,0.000000,0.013045,-0.418292,-34.168916,0.024980,0.000000,0.000000,0.003868,0.002037,0.000000,0.029164,0.143135,-9.808912,0.003491,0.013576,0.000001,-1.759940,-0.001501,27.000000,0.013045,-1.188086,0.127339,0.014573,0.000000,0.025000,0.000000,125,0,1,32,30,0.013923,0.001973,0.026381,-0.434594,0.390377,9.352831,2.952449,-0.001501,0.003185,7,1,0,0.000000,0,-3.332797,0.000000,0.069084,0,0.008770,0.000000,-0.036276,-3.332797,0.008770,1,1,1,2.153942,0.000000,0.000000,0.000000,0.000000,0.000000,0.000000,0.000000
0.0501,-1.184443,0.013806,0.055724,-0.209440,0.113639,-0.049670,1,-1.029757,8,0.031003,0.142843,-1.184443,0.032149,-3.369642,0.055724,-1.184443,-3.344818,0.055724,0.013806,-0.209440,0.013045,-0.418292,-34.168916,0.024824,0.001000,0.000000,0.002113,-0.000215,0.000000,0.031003,0.142843,-9.808911,-0.015955,-0.001772,-0.103711,-1.760212,-0.001471,27.000000,0.013045,-1.184443,0.032149,0.013806,-0.209440,0.025000,0.001000,130,0,1,32,30,-0.007458,0.013589,-0.048168,-0.564360,-0.371687,9.881032,2.952177,-0.001471,0.003361,7,1,0,0.000000,0,-3.324919,0.000000,0.113639,0,0.004831,0.000000,-0.049670,-3.324919,0.004831,1,1,1,2.155844,0.000000,0.000000,0.000000,0.000000,0.000000,0.000000,0.000000
0.0601,-1.183772,0.010738,0.218965,-0.314159,0.143679,-0.046402,1,-1.029757,18,0.030150,0.142713,-1.183772,0.012776,-3.367740,0.218965,-1.183772,-3.342597,0.218965,0.010738,-0.314159,0.013045,-0.418292,-34.168916,0.025143,0.001000,0.000000,0.002010,-0.000074,0.000000,0.030150,0.142713,-9.808916,0.044823,-0.007315,-0.313195,-1.761059,-0.001469,27.000000,0.013045,-1.183772,0.012776,0.010738,-0.314159,0.025000,0.001000,135,0,1,32,30,0.009668,-0.045601,-0.093643,0.016416,0.571725,10.178003,2.951330,-0.001469,0.003229,6,1,0,0.000000,0,-3.314041,0.000000,0.143679,0,-0.000608,0.000000,-0.046402,-3.314041,-0.000608,1,1,1,2.155938,0.000000,0.000000,0.000000,0.000000,0.000000,0.000000,0.000000
0.0701,-1.178307,0.007670,0.259114,-0.418879,0.202004,-0.069144,1,-1.029757,28,0.029203,0.144537,-1.178307,0.054664,-3.365845,0.259114,-1.178307,-3.340793,0.259114,0.007670,-0.418879,0.013045,-0.418292,-34.168916,0.025052,0.003000,0.000000,0.001994,0.001100,0.000000,0.029203,0.144537,-9.808892,-0.023418,-0.012416,-0.415867,-1.762322,-0.001666,27.000000,0.013045,-1.178307,0.054664,0.007670,-0.418879,0.025000,0.003000,140,0,1,32,30,-0.020299,0.014998,-0.156962,-0.125132,-0.340526,9.699793,2.950067,-0.001666,0.003090,7,1,0,0.000000,0,-3.300163,0.000000,0.202004,0,-0.007547,0.000000,-0.069144,-3.300163,-0.007547,1,1,1,2.156904,0.000000,0.000000,0.000000,0.000000,0.000000,0.000000,0.000000
0.0801,-1.170253,0.000767,0.450367,-0.733038,0.227082,-0.048868,1,-1.029757,40,0.037412,0.146064,-1.170253,0.076131,-3.361136,0.450367,-1.170253,-3.336067,0.450367,0.000767,-0.733038,0.013045,-0.418292,-34.168916,0.025070,0.004000,0.000000,0.002007,0.000454,0.000000,0.037412,0.146064,-9.808841,-0.097177,0.014262,-0.728960,-1.764496,-0.001842,27.000000,0.013045,-1.170253,0.076131,0.000767,-0.733038,0.025000,0.004000,145,0,1,32,30,-0.024685,0.091423,-0.279810,-1.034393,0.369181,10.270988,2.947893,-0.001842,0.003825,6,1,0,0.000000,0,-3.283285,0.000000,0.227082,0,-0.015986,0.000000,-0.048868,-3.283285,-0.015986,1,1,1,2.159134,0.000000,0.000000,0.000000,0.000000,0.000000,0.000000,0.000000
0.0901,-1.163830,-0.006903,0.469699,-0.837758,0.293404,-0.060735,1,-1.029757,49,0.043170,0.147174,-1.163830,0.054664,-3.356778,0.469699,-1.163830,-3.331842,0.469699,-0.006903,-0.837758,0.013045,-0.418292,-34.168916,0.024935,0.001000,0.000000,0.001989,0.001378,0.000000,0.043170,0.147174,-9.808801,0.030574,-0.012292,-0.836784,-1.767939,-0.001988,27.000000,0.013045,-1.163830,0.054664,-0.006903,-0.837758,0.025000,0.001000,150,0,1,32,30,0.001041,-0.037722,-0.366625,-1.035074,-0.286842,9.182938,2.944450,-0.001988,0.004297,7,1,0,0.000000,0,-3.263407,0.000000,0.293404,0,-0.025925,0.000000,-0.060735,-3.263407,-0.025925,1,1,1,2.159823,0.000000,0.000000,0.000000,0.000000,0.000000,0.000000,0.000000
0.1001,-1.159036,-0.017641,0.686961,-1.047198,0.324313,-0.046270,1,-1.029757,58,0.041639,0.146375,-1.159036,0.066916,-3.350881,0.686961,-1.159036,-3.324584,0.686961,-0.017641,-1.047198,0.013045,-0.418292,-34.168916,0.026297,0.002000,0.000000,0.003706,-0.001118,0.000000,0.041639,0.146375,-9.808820,0.013626,-0.019192,-1.045212,-1.771419,-0.001949,27.000000,0.013045,-1.159036,0.066916,-0.017641,-1.047198,0.025000,0.002000,155,0,1,32,30,-0.011777,-0.025051,-0.357954,-0.822800,-0.351759,9.804501,2.940970,-0.001949,0.003981,6,1,0,0.000000,0,-3.240529,0.000000,0.324313,0,-0.037348,0.000000,-0.046270,-3.240529,-0.037348,1,1,1,2.160234,0.000000,0.000000,0.000000,0.000000,0.000000,0.000000,0.000000
0.1101,-1.150518,-0.028664,0.878700,-1.256637,0.393860,-0.059204,1,-1.029757,68,0.039681,0.148174,-1.150518,0.086394,-3.342524,0.878700,-1.150695,-3.317519,0.878700,-0.028664,-1.256637,0.012950,-0.418292,-34.168916,0.025005,0.002000,0.000228,0.001999,0.000185,0.000228,0.039681,0.148174,-9.808801,0.036903,-0.028457,-1.254637,-1.775375,-0.002265,27.000000,0.013045,-1.150695,0.086394,-0.028378,-1.256637,0.025000,0.002000,160,0,1,32,30,-0.024569,-0.044121,-0.373119,0.312915,0.326691,9.898191,2.937276,-0.002256,0.003646,6,1,0,0.000000,0,-3.214651,0.000000,0.393860,0,-0.050021,0.000000,-0.059204,-3.214651,-0.050021,1,1,1,2.160591,0.000000,0.000000,0.000000,0.000000,0.000000,0.000000,0.000000
0.1201,-1.139957,-0.042184,0.979356,-1.361357,0.433224,-0.042786,1,-1.029757,79,0.042528,0.148486,-1.139957,0.089431,-3.333078,0.979356,-1.139957,-3.307598,0.979356,-0.042184,-1.361357,0.013045,-0.418292,-34.168916,0.025480,0.001000,0.000000,0.002145,-0.000024,0.000000,0.042528,0.148486,-9.808784,0.001991,0.021679,-1.360351,-1.778973,-0.002261,27.000000,0.013045,-1.139957,0.089431,-0.042184,-1.361357,0.025000,0.001000,165,0,1,32,30,0.020205,0.003133,-0.381068,-1.147074,-0.769832,9.570398,2.933416,-0.002261,0.003693,7,1,0,0.000000,0,-3.185773,0.000000,0.433224,0,-0.063547,0.000000,-0.042786,-3.185773,-0.063547,1,1,1,2.160989,0.000000,0.000000,0.000000,0.000000,0.000000,0.000000,0.000000
0.1301,-1.131807,-0.055223,1.027138,-1.361357,0.513111,-0.054010,1,-1.029757,88,0.040505,0.145777,-1.131807,0.107861,-3.322991,1.027138,-1.131807,-3.298175,1.027138,-0.055223,-1.361357,0.013045,-0.418292,-34.168916,0.024816,-0.001000,0.000000,0.003702,-0.001427,0.000000,0.040505,0.145777,-9.808833,0.039910,-0.010603,-1.362387,-1.782589,-0.002021,27.000000,0.013045,-1.131807,0.107861,-0.055223,-1.361357,0.025000,-0.001000,170,0,1,32,30,0.009596,-0.044534,-0.334697,0.446692,0.524854,10.120389,2.929800,-0.002021,0.003302,7,1,0,0.000000,0,-3.153895,0.000000,0.513111,0,-0.077526,0.000000,-0.054010,-3.153895,-0.077526,1,1,1,2.161096,0.000000,0.000000,0.000000,0.000000,0.000000,0.000000,0.000000
0.1401,-1.120686,-0.069029,1.197544,-1.466077,0.573906,-0.047324,1,-1.029757,98,0.043276,0.146406,-1.120686,0.119066,-3.312823,1.197544,-1.120686,-3.287076,1.197544,-0.069029,-1.466077,0.013045,-0.418292,-34.168916,0.025747,-0.004000,0.000000,0.003846,-0.002132,0.000000,0.043276,0.146406,-9.808812,-0.004195,-0.018534,-1.470080,-1.785294,-0.002149,27.000000,0.013045,-1.120686,0.119066,-0.069029,-1.466077,0.025000,-0.004000,175,0,1,32,30,-0.018173,-0.009108,-0.272440,-1.512494,-0.205283,9.527982,2.927095,-0.002149,0.003372,6,1,0,0.000000,0,-3.119017,0.000000,0.573906,0,-0.091559,0.000000,-0.047324,-3.119017,-0.091559,1,1,1,2.161491,0.000000,0.000000,0.000000,0.000000,0.000000,0.000000,0.000000
0.1501,-1.109085,-0.082068,1.243322,-1.466077,0.666421,-0.052821,1,-1.029757,108,0.043838,0.149413,-1.109085,0.120114,-3.301859,1.243322,-1.109085,-3.276723,1.243322,-0.082068,-1.466077,0.013045,-0.418292,-34.168916,0.025136,-0.005000,0.000000,0.002013,-0.000093,0.000000,0.043838,0.149413,-9.808764,-0.006931,-0.024513,-1.471082,-1.787977,-0.002501,27.000000,0.013045,-1.109085,0.120114,-0.082068,-1.466077,0.025000,-0.005000,180,0,1,32,30,-0.024563,-0.009722,-0.227653,-0.060072,0.260971,9.782443,2.924412,-0.002501,0.003205,7,1,0,0.000000,0,-3.081139,0.000000,0.666421,0,-0.105244,0.000000,-0.052821,-3.081139,-0.105244,1,1,1,2.162167,0.000000,0.000000,0.000000,0.000000,0.000000,0.000000,0.000000
0.1601,-1.096813,-0.098175,1.279275,-1.570796,0.713041,-0.008337,1,-1.029757,118,0.045896,0.150106,-1.096813,0.127339,-3.288151,1.279275,-1.096813,-3.262668,1.279275,-0.098175,-1.570796,0.013045,-0.418292,-34.168916,0.025483,0.001000,0.000000,0.001987,-0.002577,0.000000,0.045896,0.150106,-9.808744,0.031149,-0.021294,-1.465104,-1.790027,-0.002642,27.000000,0.013045,-1.096813,0.127339,-0.098175,-1.570796,0.025000,0.001000,185,0,1,32,30,-0.001038,-0.040138,-0.185321,-1.205316,-0.690658,9.351037,2.922362,-0.002642,0.003156,7,1,0,0.000000,0,-3.040261,0.000000,0.713041,0,-0.118183,0.000000,-0.008337,-3.040261,-0.118183,1,1,1,2.162271,0.000000,0.000000,0.000000,0.000000,0.000000,0.000000,0.000000
0.1701,-1.082380,-0.113675,1.353982,-1.466077,0.805500,0.004479,1,-1.029757,129,0.042841,0.148900,-1.082380,0.149854,-3.273930,1.353982,-1.082528,-3.248847,1.353982,-0.113675,-1.466077,0.012999,-0.418292,-34.168916,0.025084,0.003000,0.000110,0.001972,0.000522,0.000110,0.042841,0.148900,-9.808776,0.044779,-0.008690,-1.463077,-1.791706,-0.002577,27.000000,0.013045,-1.082528,0.149854,-0.113514,-1.466077,0.025000,0.003000,190,0,1,32,30,0.018200,-0.043241,-0.108542,0.427731,0.175764,9.734053,2.920683,-0.002577,0.002617,6,1,0,0.000000,0,-2.996383,0.000000,0.805500,0,-0.129976,0.000000,0.004479,-2.996383,-0.129976,1,1,1,2.162375,0.000000,0.000000,0.000000,0.000000,0.000000,0.000000,0.000000
0.1801,-1.068626,-0.127320,1.567228,-1.466077,0.902173,0.007072,1,-1.029757,138,0.043993,0.147655,-1.068626,0.145665,-3.259719,1.567228,-1.068626,-3.235072,1.567228,-0.127320,-1.466077,0.013045,-0.418292,-34.168916,0.024647,0.004000,0.000000,0.002006,-0.000220,0.000000,0.043993,0.147655,-9.808790,0.013759,0.007241,-1.462082,-1.791576,-0.002455,27.000000,0.013045,-1.068626,0.145665,-0.127320,-1.466077,0.025000,0.004000,195,0,1,32,30,0.013954,-0.005487,0.105227,-0.480554,0.203255,9.791160,2.920813,-0.002455,0.002537,6,1,0,0.000000,0,-2.949505,0.000000,0.902173,0,-0.140315,0.000000,0.007072,-2.949505,-0.140315,1,1,1,2.162900,0.000000,0.000000,0.000000,0.000000,0.000000,0.000000,0.000000
0.1901,-1.054724,-0.140359,1.651618,-1.256637,0.989170,0.024410,1,-1.029757,148,0.043536,0.147351,-1.054724,0.147760,-3.245851,1.651618,-1.054724,-3.220031,1.651618,-0.140359,-1.256637,0.013045,-0.418292,-34.168916,0.025820,0.000000,0.000000,0.003775,-0.003018,0.000000,0.043536,0.147351,-9.808797,0.026214,-0.013265,-1.361377,-1.789572,-0.002449,27.000000,0.013045,-1.054724,0.147760,-0.140359,-1.256637,0.025000,0.000000,200,0,1,32,30,0.005490,-0.025073,0.290593,1.252874,-0.391955,10.054278,2.922817,-0.002449,0.002293,6,1,0,0.000000,0,-2.899627,0.000000,0.989170,0,-0.149153,0.000000,0.024410,-2.899627,-0.149153,1,1,1,2.163002,0.000000,0.000000,0.000000,0.000000,0.000000,0.000000,0.000000
0.2001,-1.038902,-0.151098,1.663390,-1.151917,1.000000,0.023217,1,-1.029757,158,0.044905,0.146631,-1.038902,0.165143,-3.230408,1.663390,-1.038904,-3.205057,1.663390,-0.151098,-1.151917,0.013044,-0.418292,-34.168916,0.025351,-0.001000,0.000001,0.002136,-0.000450,0.000001,0.044905,0.146631,-9.808801,0.018851,0.005555,-1.152917,-1.785337,-0.002422,27.000000,0.013045,-1.038904,0.165143,-0.151097,-1.151917,0.025000,-0.001000,4,0,1,32,30,0.016206,-0.004457,0.510574,0.476377,-0.195123,9.567659,2.927052,-0.002422,0.002275,7,1,0,0.000000,0,-2.846749,0.000000,1.000000,0,-0.156492,0.000000,0.023217,-2.846749,-0.156492,1,1,1,2.163103,0.000000,0.000000,0.000000,0.000000,0.000000,0.000000,0.000000
0.2101,-1.024523,-0.160301,1.681387,-0.942478,1.000000,0.029573,1,-1.029757,170,0.047530,0.143963,-1.024523,0.151844,-3.214284,1.681387,-1.024523,-3.189601,1.681387,-0.160301,-0.942478,0.013045,-0.418292,-34.168916,0.024683,-0.004000,0.000000,0.001999,-0.000560,0.000000,0.047530,0.143963,-9.808828,0.011387,0.020068,-0.946474,-1.779083,-0.002216,27.000000,0.013045,-1.024523,0.151844,-0.160301,-0.942478,0.025000,-0.004000,9,0,1,32,30,0.022656,0.013954,0.734794,-0.842645,-0.414462,9.459323,2.933306,-0.002216,0.002441,7,1,0,0.000000,0,-2.790871,0.000000,1.000000,0,-0.162331,0.000000,0.029573,-2.790871,-0.162331,1,1,1,2.163205,0.000000,0.000000,0.000000,0.000000,0.000000,0.000000,0.000000
0.2201,-1.009279,-0.166437,1.706836,-0.628319,1.000000,0.017504,1,-1.029757,178,0.046976,0.142424,-1.009279,0.162106,-3.199188,1.706836,-1.009279,-3.174768,1.706836,-0.166437,-0.628319,0.013045,-0.418292,-34.168916,0.024420,-0.005000,0.000000,0.003886,-0.003390,0.000000,0.046976,0.142424,-9.808854,0.020240,-0.021866,-0.738061,-1.770387,-0.002067,27.000000,0.013045,-1.009279,0.162106,-0.166437,-0.628319,0.025000,-0.005000,14,0,1,32,30,-0.002858,-0.017019,0.969080,0.093106,0.363760,9.984554,2.942002,-0.002067,0.002317,7,1,0,0.000000,0,-2.731993,0.000000,1.000000,0,-0.166670,0.000000,0.017504,-2.731993,-0.166670,1,1,1,2.163301,0.000000,0.000000,0.000000,0.000000,0.000000,0.000000,0.000000
0.2301,-0.993025,-0.171822,1.678293,-0.523599,1.000000,0.029998,1,-1.029757,188,0.048264,0.142166,-0.993025,0.164096,-3.184473,1.678293,-0.993076,-3.158654,1.678293,-0.171822,-0.523599,0.013032,-0.418292,-34.168916,0.025819,-0.002000,0.000031,0.003752,-0.003358,0.000031,0.048264,0.142166,-9.808851,0.007673,-0.010999,-0.525599,-1.759657,-0.002088,27.000000,0.013045,-0.993076,0.164096,-0.171806,-0.523599,0.025000,-0.002000,19,0,1,32,30,-0.002824,0.001912,1.152767,-0.776142,-0.026509,9.798229,2.952732,-0.002088,0.002370,7,1,0,0.000000,0,-2.670115,0.000000,1.000000,0,-0.169517,0.000000,0.029998,-2.670115,-0.169517,1,1,1,2.163403,0.000000,0.000000,0.000000,0.000000,0.000000,0.000000,0.000000
0.2401,-0.977928,-0.174874,1.737756,-0.418879,1.000000,0.022651,1,-1.029757,198,0.048679,0.142420,-0.977928,0.158022,-3.168160,1.737756,-0.977928,-3.143816,1.737756,-0.174874,-0.418879,0.013045,-0.418292,-34.168916,0.024344,0.000000,0.000000,0.003742,-0.003238,0.000000,0.048679,0.142420,-9.808845,0.010852,-0.023220,-0.418894,-1.747870,-0.002115,27.000000,0.013045,-0.977928,0.158022,-0.174874,-0.418879,0.025000,0.000000,24,0,1,32,30,-0.009169,-0.006728,1.319061,-0.287690,-0.133432,9.960170,2.964519,-0.002115,0.002361,7,1,0,0.000000,0,-2.605237,0.000000,1.000000,0,-0.171065,0.000000,0.022651,-2.605237,-0.171065,1,1,1,2.163502,0.000000,0.000000,0.000000,0.000000,0.000000,0.000000,0.000000
0.2501,-0.961245,-0.176408,1.745268,-0.209440,1.000000,0.018330,1,-1.029757,208,0.050592,0.143177,-0.961245,0.174358,-3.151855,1.745268,-0.961245,-3.127283,1.745268,-0.176408,-0.209440,0.013045,-0.418292,-34.168916,0.024571,0.003000,0.000000,0.002146,-0.000124,0.000000,0.050592,0.143177,-9.808825,0.000978,-0.022939,-0.206453,-1.732870,-0.002229,27.000000,0.013045,-0.961245,0.174358,-0.176408,-0.209440,0.025000,0.003000,29,0,1,32,30,-0.015519,0.003154,1.538905,-0.680660,-0.101186,9.653985,2.979519,-0.002229,0.002516,7,1,0,0.000000,0,-2.537359,0.000000,1.000000,0,-0.171706,0.000000,0.018330,-2.537359,-0.171706,1,1,1,2.163601,0.000000,0.000000,0.000000,0.000000,0.000000,0.000000,0.000000
0.2601,-0.941399,-0.176408,1.673841,0.000000,1.000000,0.007794,1,-1.029757,219,0.052168,0.144989,-0.941399,0.174358,-3.135992,1.673841,-0.941399,-3.111761,1.673841,-0.176408,0.000000,0.013045,-0.418292,-34.168916,0.024232,0.004000,0.000000,0.001999,0.009256,0.000000,0.052168,0.144989,-9.808790,-0.014910,-0.019172,0.003998,-1.717347,-0.002439,27.000000,0.013045,-0.941399,0.174358,-0.176408,0.000000,0.025000,0.004000,34,0,1,32,30,-0.024033,0.018382,1.677742,-0.458682,-0.599821,9.773534,2.995042,-0.002439,0.002642,7,1,0,0.000000,0,-2.466481,0.000000,1.000000,0,-0.171840,0.000000,0.007794,-2.466481,-0.171840,1,1,1,2.163688,0.000000,0.000000,0.000000,0.000000,0.000000,0.000000,0.000000
0.2701,-0.928168,-0.176408,1.787249,0.000000,1.000000,0.009097,1,-1.029757,228,0.054183,0.145464,-0.928168,0.174358,-3.118681,1.787249,-0.928168,-3.093681,1.787249,-0.176408,0.000000,0.013045,-0.418292,-34.168916,0.025000,0.001000,0.000000,0.003878,-0.003089,0.000000,0.054183,0.145464,-9.808772,0.024791,-0.014741,0.000978,-1.699267,-0.002523,27.000000,0.013045,-0.928168,0.174358,-0.176408,0.000000,0.025000,0.001000,39,0,1,32,30,0.008043,-0.004369,1.788436,-0.382974,-0.153785,10.055608,3.013122,-0.002523,0.002835,7,1,0,0.000000,0,-2.392759,0.000000,1.000000,0,-0.171843,0.000000,0.009097,-2.392759,-0.171843,1,1,1,2.163792,0.000000,0.000000,0.000000,0.000000,0.000000,0.000000,0.000000
0.2801,-0.909952,-0.175641,1.852076,0.000000,1.000000,-0.000075,1,-1.029757,238,0.054249,0.144730,-0.909952,0.180537,-3.101775,1.852076,-0.909952,-3.076772,1.852076,-0.175641,0.000000,0.013045,-0.418292,-34.168916,0.025002,0.000000,0.000000,0.001992,0.001324,0.000000,0.054249,0.144730,-9.808782,0.037876,-0.013988,-0.000025,-1.681591,-0.002448,27.000000,0.013045,-0.909952,0.180537,-0.175641,0.000000,0.025000,0.000000,44,0,1,32,30,0.018742,-0.011600,1.852360,-0.459893,-0.490869,9.468374,3.030798,-0.002448,0.002867,7,1,0,0.000000,0,-2.316882,0.000000,1.000000,0,-0.171843,0.000000,-0.000075,-2.316882,-0.171843,1,1,1,2.163892,0.000000,0.000000,0.000000,0.000000,0.000000,0.000000,0.000000
0.2901,-0.892311,-0.174874,1.940825,0.000000,1.000000,-0.001609,1,-1.029757,248,0.054015,0.142998,-0.892311,0.186611,-3.084630,1.940825,-0.892311,-3.058859,1.940825,-0.174874,0.000000,0.013045,-0.418292,-34.168916,0.025771,-0.003000,0.000000,0.001841,0.001610,0.000000,0.054015,0.142998,-9.808809,0.018453,-0.008866,-0.003010,-1.662912,-0.002268,27.000000,0.013045,-0.892311,0.186611,-0.174874,0.000000,0.025000,-0.003000,49,0,1,32,30,0.008075,0.006467,1.937895,-0.324887,-0.731260,9.580892,3.049477,-0.002268,0.002886,7,1,0,0.000000,0,-2.239647,0.000000,1.000000,0,-0.171843,0.000000,-0.001609,-2.239647,-0.171843,1,1,1,2.163988,0.000000,0.000000,0.000000,0.000000,0.000000,0.000000,0.000000
0.3001,-0.879176,-0.173340,2.002460,0.000000,1.000000,-0.012347,1,-1.029757,2,0.054511,0.142357,-0.879176,0.193836,-3.065144,2.002460,-0.879176,-3.040139,2.002460,-0.173340,0.000000,0.013045,-0.418292,-34.168916,0.025005,-0.003000,0.000000,0.002016,-0.004012,0.000000,0.054511,0.142357,-9.808816,0.018488,-0.022362,-0.003023,-1.642658,-0.002208,27.000000,0.013045,-0.879176,0.193836,-0.173340,0.000000,0.025000,-0.003000,54,0,1,32,30,-0.000435,-0.002927,1.999646,0.142274,-0.188333,9.778060,3.069731,-0.002208,0.002971,7,1,0,0.000000,0,-2.161855,0.000000,1.000000,0,-0.171843,0.000000,-0.012347,-2.161855,-0.171843,1,1,1,2.164086,0.000000,0.000000,0.000000,0.000000,0.000000,0.000000,0.000000
0.3101,-0.851027,-0.172573,2.037433,0.000000,1.000000,-0.006211,1,-1.029757,13,0.056717,0.140773,-0.851027,0.203994,-3.046297,2.037433,-0.851468,-3.019862,2.037433,-0.172573,0.000000,0.012954,-0.418292,-34.168916,0.026434,-0.001000,0.000217,0.002008,0.000506,0.000217,0.056717,0.140773,-9.808826,0.004539,0.003847,-0.001000,-1.621615,-0.002176,27.000000,0.013045,-0.851468,0.203994,-0.172573,0.000000,0.025000,-0.001000,59,0,1,32,30,0.003822,0.018001,2.034026,-0.697489,-0.742201,9.676244,3.089349,-0.002181,0.003206,7,1,0,0.000000,0,-2.084305,0.000000,1.000000,0,-0.171843,0.000000,-0.006211,-2.084305,-0.171843,1,1,1,2.164179,0.000000,0.000000,0.000000,0.000000,0.000000,0.000000,0.000000
0.3201,-0.836224,-0.171806,2.043738,0.000000,1.000000,-0.007745,1,-1.029757,22,0.058700,0.140888,-0.836224,0.205041,-3.025908,2.043738,-0.836224,-3.000899,2.043738,-0.171806,0.000000,0.013045,-0.418292,-34.168916,0.025009,0.003000,0.000000,0.003960,-0.003839,0.000000,0.058700,0.140888,-9.808813,0.014116,-0.008345,0.002988,-1.601884,-0.002129,27.000000,0.013045,-0.836224,0.205041,-0.171806,0.000000,0.025000,0.003000,64,0,1,32,30,0.005967,0.011426,2.046751,0.132627,-0.103223,9.855473,3.110505,-0.002129,0.003440,7,1,0,0.000000,0,-2.007797,0.000000,1.000000,0,-0.171843,0.000000,-0.007745,-2.007797,-0.171843,1,1,1,2.164280,0.000000,0.000000,0.000000,0.000000,0.000000,0.000000,0.000000
0.3301,-0.815707,-0.171806,2.099694,0.000000,1.000000,-0.000075,1,-1.029757,32,0.060814,0.139492,-0.815707,0.215304,-3.005764,2.099694,-0.815707,-2.980753,2.099694,-0.171806,0.000000,0.013045,-0.418292,-34.168916,0.025011,0.003000,0.000000,0.002014,0.000297,0.000000,0.060814,0.139492,-9.808820,0.001989,0.007282,0.003003,-1.581738,-0.002026,27.000000,0.013045,-0.815707,0.215304,-0.171806,0.000000,0.025000,0.003000,69,0,1,32,30,0.005962,0.032058,2.102458,-0.496592,-0.855540,9.569961,3.130651,-0.002026,0.003677,7,1,0,0.000000,0,-1.933132,0.000000,1.000000,0,-0.171843,0.000000,-0.000075,-1.933132,-0.171843,1,1,1,2.164374,0.000000,0.000000,0.000000,0.000000,0.000000,0.000000,0.000000
0.3401,-0.795477,-0.171806,2.155191,0.000000,1.000000,-0.000075,1,-1.029757,42,0.064043,0.138391,-0.795477,0.212162,-2.983658,2.155191,-0.795477,-2.958646,2.155191,-0.171806,0.000000,0.013045,-0.418292,-34.168916,0.025012,0.003000,0.000000,0.003999,-0.004535,0.000000,0.064043,0.138391,-9.808815,0.003482,0.009049,0.003005,-1.559632,-0.001971,27.000000,0.013045,-0.795477,0.212162,-0.171806,0.000000,0.025000,0.003000,74,0,1,32,30,0.008111,0.033464,2.157943,0.065539,0.161058,10.135626,-3.130428,-0.001971,0.004020,7,1,0,0.000000,0,-1.861087,0.000000,1.000000,0,-0.171843,0.000000,-0.000075,-1.861087,-0.171843,1,1,1,2.164470,0.000000,0.000000,0.000000,0.000000,0.000000,0.000000,0.000000
0.3501,-0.773713,-0.172573,2.196327,0.000000,1.000000,0.009129,1,-1.029757,52,0.068163,0.136453,-0.773713,0.225462,-2.962491,2.196327,-0.773713,-2.936710,2.196327,-0.172573,0.000000,0.013045,-0.418292,-34.168916,0.025781,0.000000,0.000000,0.003960,-0.004079,0.000000,0.068163,0.136453,-9.808814,0.017345,0.004187,-0.000004,-1.538463,-0.001852,27.000000,0.013045,-0.773713,0.225462,-0.172573,0.000000,0.025000,0.000000,79,0,1,32,30,0.016673,0.022294,2.196220,-0.565493,-0.413723,9.411659,-3.109259,-0.001852,0.004457,7,1,0,0.000000,0,-1.792030,0.000000,1.000000,0,-0.171843,0.000000,0.009129,-1.792030,-0.171843,1,1,1,2.164560,0.000000,0.000000,0.000000,0.000000,0.000000,0.000000,0.000000
0.3601,-0.752218,-0.171806,2.278878,0.000000,1.000000,-0.007745,1,-1.029757,62,0.071683,0.133323,-0.752218,0.222425,-2.940840,2.278878,-0.752525,-2.914229,2.278878,-0.171806,0.000000,0.012989,-0.418292,-34.168916,0.026611,-0.001000,0.000135,0.001973,0.000039,0.000135,0.071683,0.133323,-9.808832,0.001470,0.016489,-0.001000,-1.515217,-0.001652,27.000000,0.013045,-0.752525,0.222425,-0.171806,0.000000,0.025000,-0.001000,84,0,1,32,30,0.010271,0.042567,2.277517,-0.220039,-0.409632,9.871305,-3.086013,-0.001652,0.004876,7,1,0,0.000000,0,-1.725972,0.000000,1.000000,0,-0.171843,0.000000,-0.007745,-1.725972,-0.171843,1,1,1,2.164646,0.000000,0.000000,0.000000,0.000000,0.000000,0.000000,0.000000
0.3701,-0.730090,-0.171806,2.343228,0.000000,1.000000,-0.000075,1,-1.029757,74,0.074768,0.131343,-0.730090,0.236771,-2.916736,2.343228,-0.730090,-2.891719,2.343228,-0.171806,0.000000,0.013045,-0.418292,-34.168916,0.025017,-0.002000,0.000000,0.002153,-0.000151,0.000000,0.074768,0.131343,-9.808836,0.014608,-0.007942,-0.002010,-1.492708,-0.001450,27.000000,0.013045,-0.730090,0.236771,-0.171806,0.000000,0.025000,-0.002000,89,0,1,32,30,0.008184,0.016067,2.341207,-0.612895,-0.161350,9.883114,-3.063504,-0.001450,0.005220,7,1,0,0.000000,0,-1.662915,0.000000,1.000000,0,-0.171843,0.000000,-0.000075,-1.662915,-0.171843,1,1,1,2.164724,0.000000,0.000000,0.000000,0.000000,0.000000,0.000000,0.000000
0.3801,-0.706984,-0.172573,2.385322,0.000000,1.000000,0.009129,1,-1.029757,82,0.076161,0.129721,-0.706984,0.241903,-2.893196,2.385322,-0.706984,-2.868177,2.385322,-0.172573,0.000000,0.013045,-0.418292,-34.168916,0.025018,-0.002000,0.000000,0.002123,-0.000250,0.000000,0.076161,0.129721,-9.808847,0.036159,-0.023997,-0.002026,-1.469934,-0.001316,27.000000,0.013045,-0.706984,0.241903,-0.172573,0.000000,0.025000,-0.002000,94,0,1,32,30,0.018894,-0.007975,2.383603,-0.467940,-0.808304,9.618306,-3.040730,-0.001316,0.005378,7,1,0,0.000000,0,-1.602858,0.000000,1.000000,0,-0.171843,0.000000,0.009129,-1.602858,-0.171843,1,1,1,2.164806,0.000000,0.000000,0.000000,0.000000,0.000000,0.000000,0.000000
0.3901,-0.683207,-0.172573,2.443887,0.000000,1.000000,0.001459,1,-1.029757,92,0.078038,0.127412,-0.683207,0.246929,-2.868164,2.443887,-0.683207,-2.843145,2.443887,-0.172573,0.000000,0.013045,-0.418292,-34.168916,0.025020,0.000000,0.000000,0.003861,-0.004581,0.000000,0.078038,0.127412,-9.808862,0.001845,-0.003983,-0.000003,-1.444903,-0.001117,27.000000,0.013045,-0.683207,0.246929,-0.172573,0.000000,0.025000,0.000000,99,0,1,32,30,-0.000337,0.027503,2.443734,0.037256,-0.151438,9.883636,-3.015699,-0.001117,0.005607,7,1,0,0.000000,0,-1.545801,0.000000,1.000000,0,-0.171843,0.000000,0.001459,-1.545801,-0.171843,1,1,1,2.164889,0.000000,0.000000,0.000000,0.000000,0.000000,0.000000,0.000000
0.4001,-0.659622,-0.171806,2.534567,0.000000,1.000000,-0.007745,1,-1.029757,102,0.080470,0.126613,-0.659622,0.251118,-2.844693,2.534567,-0.659622,-2.819671,2.534567,-0.171806,0.000000,0.013045,-0.418292,-34.168916,0.025022,0.001000,0.000000,0.001979,-0.000119,0.000000,0.080470,0.126613,-9.808853,-0.014034,-0.015197,0.000996,-1.420663,-0.001075,27.000000,0.013045,-0.659622,0.251118,-0.171806,0.000000,0.025000,0.001000,104,0,1,32,30,-0.019520,0.026229,2.535437,-0.506293,-0.883171,9.483542,-2.991459,-0.001075,0.005876,7,1,0,0.000000,0,-1.491744,0.000000,1.000000,0,-0.171843,0.000000,-0.007745,-1.491744,-0.171843,1,1,1,2.164966,0.000000,0.000000,0.000000,0.000000,0.000000,0.000000,0.000000
0.4101,-0.634407,-0.171806,2.575520,0.000000,1.000000,-0.000075,1,-1.029757,112,0.082154,0.126724,-0.634407,0.259286,-2.818117,2.575520,-0.634407,-2.793093,2.575520,-0.171806,0.000000,0.013045,-0.418292,-34.168916,0.025024,0.002000,0.000000,0.003894,-0.004516,0.000000,0.082154,0.126724,-9.808837,0.014737,-0.034926,0.001969,-1.394084,-0.001115,27.000000,0.013045,-0.634407,0.259286,-0.171806,0.000000,0.025000,0.002000,109,0,1,32,30,-0.002399,-0.004206,2.577763,-0.238121,-0.197729,10.524212,-2.964881,-0.001115,0.006043,7,1,0,0.000000,0,-1.440686,0.000000,1.000000,0,-0.171843,0.000000,-0.000075,-1.440686,-0.171843,1,1,1,2.165045,0.000000,0.000000,0.000000,0.000000,0.000000,0.000000,0.000000
0.4201,-0.601426,-0.171806,2.598291,0.000000,1.000000,-0.000075,1,-1.029757,123,0.083120,0.125847,-0.601426,0.271538,-2.793327,2.598291,-0.601426,-2.768301,2.598291,-0.171806,0.000000,0.013045,-0.418292,-34.168916,0.025026,0.003000,0.000000,0.002000,0.007364,0.000000,0.083120,0.125847,-9.808841,0.020118,-0.018936,0.002982,-1.369293,-0.001044,27.000000,0.013045,-0.601426,0.271538,-0.171806,0.000000,0.025000,0.003000,114,0,1,32,30,0.010403,0.008340,2.601386,0.028461,-0.456130,9.775294,-2.940089,-0.001044,0.006155,7,1,0,0.000000,0,-1.392629,0.000000,1.000000,0,-0.171843,0.000000,-0.000075,-1.392629,-0.171843,1,1,1,2.165117,0.000000,0.000000,0.000000,0.000000,0.000000,0.000000,0.000000
0.4301,-0.576299,-0.171806,2.672467,0.000000,1.000000,-0.000075,1,-1.029757,133,0.085909,0.123734,-0.576299,0.272586,-2.767670,2.672467,-0.576498,-2.740770,2.672467,-0.171806,0.000000,0.013014,-0.418292,-34.168916,0.026899,0.000000,0.000074,0.003753,0.001268,0.000074,0.085909,0.123734,-9.808843,-0.014692,0.001053,0.000000,-1.341764,-0.000911,27.000000,0.013045,-0.576498,0.272586,-0.171806,0.000000,0.025000,0.000000,119,0,1,32,30,-0.013092,0.041528,2.672153,-0.170369,-1.076940,9.701934,-2.912560,-0.000911,0.006472,7,1,0,0.000000,0,-1.347572,0.000000,1.000000,0,-0.171843,0.000000,-0.000075,-1.347572,-0.171843,1,1,1,2.165202,0.000000,0.000000,0.000000,0.000000,0.000000,0.000000,0.000000
0.4401,-0.555981,-0.171806,2.745475,0.000000,1.000000,-0.000075,1,-1.029757,142,0.088565,0.122604,-0.555981,0.276670,-2.740231,2.745475,-0.555981,-2.714435,2.745475,-0.171806,0.000000,0.013045,-0.418292,-34.168916,0.025796,-0.001000,0.000000,0.003845,-0.004852,0.000000,0.088565,0.122604,-9.808834,0.015872,-0.011424,-0.001010,-1.315429,-0.000813,27.000000,0.013045,-0.555981,0.276670,-0.171806,0.000000,0.025000,-0.001000,124,0,1,32,30,0.010433,0.019262,2.744447,-0.028060,-0.384613,10.177936,-2.886225,-0.000813,0.006759,7,1,0,0.000000,0,-1.305515,0.000000,1.000000,0,-0.171843,0.000000,-0.000075,-1.305515,-0.171843,1,1,1,2.165285,0.000000,0.000000,0.000000,0.000000,0.000000,0.000000,0.000000
0.4501,-0.527658,-0.171039,2.775541,0.000000,1.000000,-0.009279,1,-1.029757,152,0.090661,0.119352,-0.527658,0.291959,-2.713435,2.775541,-0.527889,-2.686462,2.775541,-0.171039,0.000000,0.013010,-0.418292,-34.168916,0.026973,-0.001000,0.000083,0.003846,-0.004832,0.000083,0.090661,0.119352,-9.808855,0.024798,0.000010,-0.001000,-1.286692,-0.000552,27.000000,0.013045,-0.527889,0.291959,-0.171039,0.000000,0.025000,-0.001000,129,0,1,32,30,0.023241,0.027450,2.774418,-0.389475,-1.024164,10.065998,-2.857488,-0.000552,0.007036,7,1,0,0.000000,0,-1.266458,0.000000,1.000000,0,-0.171843,0.000000,-0.009279,-1.266458,-0.171843,1,1,1,2.165363,0.000000,0.000000,0.000000,0.000000,0.000000,0.000000,0.000000
0.4601,-0.499127,-0.171039,2.821757,0.000000,1.000000,-0.001609,1,-1.029757,162,0.093842,0.116345,-0.499127,0.301174,-2.684242,2.821757,-0.499127,-2.659211,2.821757,-0.171039,0.000000,0.013045,-0.418292,-34.168916,0.025030,0.000000,0.000000,0.001835,0.000584,0.001835,0.093842,0.116345,-9.808861,0.008975,0.006015,0.000003,-1.259444,-0.000271,27.000000,0.013045,-0.499127,0.301174,-0.171039,0.000000,0.025000,0.000000,134,0,1,32,30,0.010434,0.039611,2.821483,-0.286574,-0.562070,9.821877,-2.830241,-0.000271,0.007408,7,1,0,0.000000,0,-1.230401,0.000000,1.000000,0,-0.171843,0.000000,-0.001609,-1.230401,-0.171843,1,1,1,2.165441,0.000000,0.000000,0.000000,0.000000,0.000000,0.000000,0.000000
0.4701,-0.486086,-0.171806,2.868303,0.000000,1.000000,0.007595,1,-1.029757,172,0.096093,0.112995,-0.486086,0.300127,-2.656106,2.868303,-0.486279,-2.629066,2.868303,-0.171806,0.000000,0.013018,-0.418292,-34.168916,0.027040,0.000000,0.000065,0.001988,-0.005904,0.000065,0.096093,0.112995,-9.808879,0.012038,-0.010089,0.000000,-1.230069,-0.000006,27.000000,0.013045,-0.486279,0.300127,-0.171806,0.000000,0.025000,0.000000,139,0,1,32,30,0.008330,0.024023,2.868233,-0.514956,-1.226110,9.374816,-2.800865,-0.000006,0.007682,7,1,0,0.000000,0,-1.197343,0.000000,1.000000,0,-0.171843,0.000000,0.007595,-1.197343,-0.171843,1,1,1,2.165502,0.000000,0.000000,0.000000,0.000000,0.000000,0.000000,0.000000
0.4801,-0.441697,-0.171806,2.959914,0.000000,1.000000,-0.000075,1,-1.029757,184,0.097966,0.110240,-0.441697,0.301174,-2.625769,2.959914,-0.441697,-2.600738,2.959914,-0.171806,0.000000,0.013045,-0.418292,-34.168916,0.025032,0.000000,0.000000,0.001988,-0.000018,0.000000,0.097966,0.110240,-9.808891,0.021637,-0.014826,-0.000014,-1.201744,0.000265,27.000000,0.013045,-0.441697,0.301174,-0.171806,0.000000,0.025000,0.000000,144,0,1,32,30,0.016901,0.018554,2.959910,-0.027125,-0.322864,10.599655,-2.772540,0.000265,0.007918,7,1,0,0.000000,0,-1.167286,0.000000,1.000000,0,-0.171843,0.000000,-0.000075,-1.167286,-0.171843,1,1,1,2.165562,0.000000,0.000000,0.000000,0.000000,0.000000,0.000000,0.000000
0.4901,-0.410154,-0.171806,3.036078,0.000000,1.000000,-0.000075,1,-1.029757,192,0.100377,0.107951,-0.410154,0.308400,-2.596609,3.036078,-0.410154,-2.571576,3.036078,-0.171806,0.000000,0.013045,-0.418292,-34.168916,0.025033,0.001000,0.000000,0.003854,-0.003515,0.000000,0.100377,0.107951,-9.808892,0.001024,-0.004936,0.000997,-1.172585,0.000453,27.000000,0.013045,-0.410154,0.308400,-0.171806,0.000000,0.025000,0.001000,149,0,1,32,30,-0.000170,0.034580,3.036883,-0.296545,-0.390785,9.890585,-2.743381,0.000453,0.008200,7,1,0,0.000000,0,-1.140229,0.000000,1.000000,0,-0.171843,0.000000,-0.000075,-1.140229,-0.171843,1,1,1,2.165641,0.000000,0.000000,0.000000,0.000000,0.000000,0.000000,0.000000
0.5001,-0.382063,-0.171039,3.089930,0.000000,1.000000,-0.009279,1,-1.029757,202,0.102954,0.106185,-0.382063,0.313426,-2.567106,3.089930,-0.382063,-2.542072,3.089930,-0.171039,0.000000,0.013045,-0.418292,-34.168916,0.025034,0.000000,0.000000,0.002035,0.000345,0.000000,0.102954,0.106185,-9.808885,0.009418,-0.024223,-0.000014,-1.142315,0.000592,27.000000,0.013045,-0.382063,0.313426,-0.171039,0.000000,0.025000,0.000000,154,0,1,32,30,0.004136,0.014651,3.089988,-0.513718,-1.335180,9.689545,-2.713111,0.000592,0.008499,7,1,0,0.000000,0,-1.116172,0.000000,1.000000,0,-0.171843,0.000000,-0.009279,-1.116172,-0.171843,1,1,1,2.165713,0.000000,0.000000,0.000000,0.000000,0.000000,0.000000,0.000000
0.5101,-0.348994,-0.171039,3.125919,0.000000,1.000000,-0.001609,1,-1.029757,209,0.103917,0.102472,-0.348994,0.322642,-2.536090,3.125919,-0.349370,-2.508866,3.125919,-0.171039,0.000000,0.012995,-0.418292,-34.168916,0.027224,0.000000,0.000121,0.002030,0.001745,0.000121,0.103917,0.102472,-9.808914,0.025365,-0.033128,0.000000,-1.109114,0.000898,27.000000,0.013045,-0.349370,0.322642,-0.171039,0.000000,0.025000,0.000000,159,0,1,32,30,0.008420,0.005832,3.111222,-0.218219,-0.558952,10.348327,-2.682098,0.000871,0.008659,7,1,0,0.000000,0,-1.095115,0.000000,1.000000,0,-0.171843,0.000000,-0.001609,-1.095115,-0.171843,1,1,1,2.165789,0.000000,0.000000,0.000000,0.000000,0.000000,0.000000,0.000000
0.5201,-0.319265,-0.171806,3.155904,0.000000,1.000000,0.007595,1,-1.029757,219,0.103819,0.100775,-0.319265,0.330810,-2.504794,3.155904,-0.319265,-2.478991,3.155904,-0.171806,0.000000,0.013045,-0.418292,-34.168916,0.025803,-0.002000,0.000000,0.003897,-0.004789,0.000000,0.103819,0.100775,-9.808933,0.008128,-0.026436,-0.002015,-1.080008,0.001113,27.000000,0.013045,-0.319265,0.330810,-0.171806,0.000000,0.025000,-0.002000,164,0,1,32,30,0.004155,0.013800,3.153978,0.097201,-1.123192,9.586798,-2.650804,0.001113,0.008671,7,1,0,0.000000,0,-1.077058,0.000000,1.000000,0,-0.171843,0.000000,0.007595,-1.077058,-0.171843,1,1,1,2.165867,0.000000,0.000000,0.000000,0.000000,0.000000,0.000000,0.000000
0.5301,-0.285996,-0.171039,3.237752,0.000000,1.000000,-0.009279,1,-1.029757,229,0.106063,0.098658,-0.285996,0.335941,-2.472783,3.237752,-0.285996,-2.447746,3.237752,-0.171039,0.000000,0.013045,-0.418292,-34.168916,0.025037,-0.002000,0.000000,0.002020,0.008319,0.000000,0.106063,0.098658,-9.808930,-0.009142,0.003644,-0.001997,-1.047998,0.001294,27.000000,0.013045,-0.285996,0.335941,-0.171039,0.000000,0.025000,-0.002000,169,0,1,32,30,-0.008663,0.046877,3.235419,-0.036131,-1.200938,9.681634,-2.618794,0.001294,0.008942,7,1,0,0.000000,0,-1.062000,0.000000,1.000000,0,-0.171843,0.000000,-0.009279,-1.062000,-0.171843,1,1,1,2.165937,0.000000,0.000000,0.000000,0.000000,0.000000,0.000000,0.000000
0.5401,-0.254380,-0.170272,3.306763,0.000000,1.000000,-0.010813,1,-1.029757,239,0.108883,0.095536,-0.254380,0.348298,-2.440735,3.306763,-0.254932,-2.413383,3.306763,-0.170272,0.000000,0.012975,-0.418292,-34.168916,0.027352,-0.001000,0.000167,0.003832,-0.005357,0.000167,0.108883,0.095536,-9.808930,-0.001215,-0.012037,-0.001000,-1.012871,0.001496,27.000000,0.013045,-0.254932,0.348298,-0.170272,0.000000,0.025000,-0.001000,174,0,1,32,30,-0.000085,0.030894,3.314173,-0.447905,-1.132458,9.538499,-2.585981,0.001488,0.009265,7,1,0,0.000000,0,-1.049943,0.000000,1.000000,0,-0.171843,0.000000,-0.010813,-1.049943,-0.171843,1,1,1,2.166017,0.000000,0.000000,0.000000,0.000000,0.000000,0.000000,0.000000
0.5501,-0.221472,-0.170272,3.298793,0.000000,1.000000,-0.003143,1,-1.029757,249,0.109976,0.094144,-0.221472,0.352382,-2.407775,3.298793,-0.221472,-2.382736,3.298793,-0.170272,0.000000,0.013045,-0.418292,-34.168916,0.025039,0.002000,0.000000,0.003851,-0.005804,0.000000,0.109976,0.094144,-9.808932,0.008482,-0.041516,0.001974,-0.982227,0.001687,27.000000,0.013045,-0.221472,0.352382,-0.170272,0.000000,0.025000,0.002000,179,0,1,32,30,0.006346,0.001165,3.301033,-0.168303,-1.236765,10.255414,-2.553023,0.001687,0.009422,7,1,0,0.000000,0,-1.040886,0.000000,1.000000,0,-0.171843,0.000000,-0.003143,-1.040886,-0.171843,1,1,1,2.166098,0.000000,0.000000,0.000000,0.000000,0.000000,0.000000,0.000000
0.5601,-0.179574,-0.170272,3.362979,0.000000,1.000000,-0.003143,1,-1.029757,4,0.109655,0.091057,-0.179574,0.353324,-2.374397,3.362979,-0.179574,-2.349358,3.362979,-0.170272,0.000000,0.013045,-0.418292,-34.168916,0.025039,0.002000,0.000000,0.002129,0.008277,0.000000,0.109655,0.091057,-9.808964,0.013086,-0.034897,0.001978,-0.948853,0.002002,27.000000,0.013045,-0.179574,0.353324,-0.170272,0.000000,0.025000,0.002000,184,0,1,32,30,0.012761,0.008881,3.365128,0.231131,-0.916291,9.876077,-2.519649,0.002002,0.009444,7,1,0,0.000000,0,-1.034824,0.000000,1.000000,0,-0.171843,0.000000,-0.003143,-1.034824,-0.171843,1,1,1,2.166178,0.000000,0.000000,0.000000,0.000000,0.000000,0.000000,0.000000
0.5701,-0.144676,-0.170272,3.428863,0.000000,1.000000,-0.003143,1,-1.029757,14,0.110980,0.087869,-0.144676,0.364634,-2.340349,3.428863,-0.144676,-2.315310,3.428863,-0.170272,0.000000,0.013045,-0.418292,-34.168916,0.025039,0.001000,0.000000,0.001988,0.008911,0.000000,0.110980,0.087869,-9.808979,-0.004292,0.001815,0.001002,-0.914809,0.002300,27.000000,0.013045,-0.144676,0.364634,-0.170272,0.000000,0.025000,0.001000,189,0,1,32,30,-0.004337,0.046446,3.429551,-0.283901,-1.826151,9.187099,-2.485605,0.002300,0.009632,7,1,0,0.000000,0,-1.031456,0.000000,1.000000,0,-0.171843,0.000000,-0.003143,-1.031456,-0.171843,1,1,1,2.166320,0.000000,0.000000,0.000000,0.000000,0.000000,0.000000,0.000000
0.5801,-0.111494,-0.170272,3.477427,0.000000,1.000000,-0.003143,1,-1.029757,24,0.114150,0.084157,-0.111494,0.355419,-2.305882,3.477427,-0.111982,-2.278062,3.477427,-0.170272,0.000000,0.012986,-0.418292,-34.168916,0.027821,-0.001000,0.000140,0.001993,0.007367,0.000140,0.114150,0.084157,-9.808975,0.014043,-0.015079,-0.001000,-0.877565,0.002559,27.000000,0.013045,-0.111982,0.355419,-0.170272,0.000000,0.025000,-0.001000,194,0,1,32,30,0.014905,0.030919,3.476319,-0.055339,-1.040516,9.855502,-2.448361,0.002559,0.010014,8,1,0,0.000000,0,-1.030021,0.000000,1.000000,0,-0.171843,0.000000,-0.003143,-1.030021,-0.171843,1,1,1,2.166487,0.000000,0.000000,0.000000,0.000000,0.000000,0.000000,0.000000
0.5901,-0.085521,-0.170272,3.522901,0.000000,1.000000,-0.003143,1,-1.029757,33,0.115650,0.081274,-0.085521,0.358456,-2.270900,3.522901,-0.085521,-2.245861,3.522901,-0.170272,0.000000,0.013045,-0.418292,-34.168916,0.025039,0.000000,0.000000,0.002046,-0.007191,0.000000,0.115650,0.081274,-9.808982,0.028952,-0.037431,-0.000020,-0.845369,0.002881,27.000000,0.013045,-0.085521,0.358456,-0.170272,0.000000,0.025000,0.000000,199,0,1,32,30,0.032017,0.011112,3.523036,-0.542059,-1.412044,9.717466,-2.416165,0.002881,0.010215,7,1,0,0.000000,0,-1.029720,0.000000,1.000000,0,-0.171843,0.000000,-0.003143,-1.029720,-0.171843,1,1,1,2.166571,0.000000,0.000000,0.000000,0.000000,0.000000,0.000000,0.000000
0.6001,-0.050718,-0.170272,3.563762,0.000000,1.000000,-0.003143,1,-1.029757,43,0.115897,0.077128,-0.050718,0.366624,-2.235480,3.563762,-0.050718,-2.210442,3.563762,-0.170272,0.000000,0.013045,-0.418292,-34.168916,0.025038,0.000000,0.000000,0.001996,-0.000106,0.000000,0.115897,0.077128,-9.809012,0.010204,-0.022390,-0.000012,-0.809955,0.003294,27.000000,0.013045,-0.050718,0.366624,-0.170272,0.000000,0.025000,0.000000,3,0,1,32,30,0.012802,0.025476,3.563721,0.041177,-1.157446,10.036227,-2.380752,0.003294,0.010311,7,1,0,0.000000,0,-1.029758,0.000000,1.000000,0,-0.171843,0.000000,-0.003143,-1.029758,-0.171843,1,1,1,2.166645,0.000000,0.000000,0.000000,0.000000,0.000000,0.000000,0.000000
0.6101,-0.014861,-0.169505,3.619009,0.000000,1.000000,-0.012347,1,-1.029757,53,0.115382,0.072603,-0.014861,0.370708,-2.199587,3.619009,-0.014861,-2.175318,3.619009,-0.169505,0.000000,0.013045,-0.418292,-34.168916,0.024269,0.000000,0.000000,0.003907,-0.006492,0.000000,0.115382,0.072603,-9.809053,0.016337,-0.033916,-0.000019,-0.774070,0.003765,27.000000,0.013045,-0.014861,0.370708,-0.169505,0.000000,0.025000,0.000000,8,0,1,32,30,0.021366,0.016216,3.619086,0.135343,-0.934406,9.789699,-2.344866,0.003765,0.010345,7,1,0,0.000000,0,-1.029757,0.000000,1.000000,0,-0.171843,0.000000,-0.012347,-1.029757,-0.171843,1,1,1,2.166721,0.000000,0.000000,0.000000,0.000000,0.000000,0.000000,0.000000
0.6201,0.023667,-0.169505,3.653257,0.000000,1.000000,-0.004677,1,-1.029757,63,0.115890,0.068207,0.023667,0.372802,-2.164029,3.653257,0.023394,-2.136071,3.653257,-0.169505,0.000000,0.013013,-0.418292,-34.168916,0.027958,0.000000,0.000075,0.001938,0.003123,0.000075,0.115890,0.068207,-9.809078,0.003526,-0.026577,0.000000,-0.734828,0.004167,27.000000,0.013045,0.023394,0.372802,-0.169505,0.000000,0.025000,0.000000,13,0,1,32,30,0.010684,0.028837,3.632025,-0.360713,-1.288113,9.757111,-2.308547,0.004137,0.010465,7,1,0,0.000000,0,-1.029757,0.000000,1.000000,0,-0.171843,0.000000,-0.004677,-1.029757,-0.171843,1,1,1,2.166778,0.000000,0.000000,0.000000,0.000000,0.000000,0.000000,0.000000
0.6301,0.049634,-0.169505,3.680777,0.000000,1.000000,-0.004677,1,-1.029757,75,0.115411,0.065168,0.049634,0.378981,-2.127381,3.680777,0.048993,-2.099769,3.680777,-0.169505,0.000000,0.012972,-0.418292,-34.168916,0.027612,0.000000,0.000175,0.002002,-0.007366,0.000175,0.115411,0.065168,-9.809105,0.009208,-0.037400,0.000000,-0.698529,0.004439,27.000000,0.013045,0.048993,0.378981,-0.169505,0.000000,0.025000,0.000000,18,0,1,32,30,0.010713,0.013311,3.674511,0.260478,-0.881563,10.163558,-2.271902,0.004409,0.010479,7,1,0,0.000000,0,-1.029757,0.000000,1.000000,0,-0.171843,0.000000,-0.004677,-1.029757,-0.171843,1,1,1,2.166832,0.000000,0.000000,0.000000,0.000000,0.000000,0.000000,0.000000
0.6401,0.092903,-0.168738,3.717753,0.000000,1.000000,-0.013881,1,-1.029757,83,0.116208,0.062845,0.092903,0.385055,-2.090290,3.717753,0.092903,-2.066022,3.717753,-0.168738,0.000000,0.013045,-0.418292,-34.168916,0.024268,0.000000,0.000000,0.002090,-0.000106,0.000000,0.116208,0.062845,-9.809110,-0.001497,-0.005672,-0.000003,-0.664020,0.004740,27.000000,0.013045,0.092903,0.385055,-0.168738,0.000000,0.025000,0.000000,23,0,1,32,30,0.000021,0.042631,3.717510,-0.169190,-1.938948,9.032912,-2.234816,0.004740,0.010602,7,1,0,0.000000,0,-1.029757,0.000000,1.000000,0,-0.171843,0.000000,-0.013881,-1.029757,-0.171843,1,1,1,2.166893,0.000000,0.000000,0.000000,0.000000,0.000000,0.000000,0.000000
0.6501,0.130486,-0.168738,3.766344,0.000000,1.000000,-0.006211,1,-1.029757,93,0.116874,0.059728,0.130486,0.388091,-2.053566,3.766344,0.130486,-2.028531,3.766344,-0.168738,0.000000,0.013045,-0.418292,-34.168916,0.025035,0.000000,0.000000,0.001985,0.000485,0.000000,0.116874,0.059728,-9.809122,0.000442,-0.027724,-0.000015,-0.626533,0.005041,27.000000,0.013045,0.130486,0.388091,-0.168738,0.000000,0.025000,0.000000,28,0,1,32,30,0.008595,0.022771,3.766353,-0.139597,-1.076788,10.467589,-2.197329,0.005041,0.010722,7,1,0,0.000000,0,-1.029757,0.000000,1.000000,0,-0.171843,0.000000,-0.006211,-1.029757,-0.171843,1,1,1,2.166952,0.000000,0.000000,0.000000,0.000000,0.000000,0.000000,0.000000
0.6601,0.168900,-0.167971,3.783026,0.000000,1.000000,-0.015415,1,-1.029757,105,0.115747,0.056535,0.168900,0.398354,-2.016651,3.783026,0.168261,-1.988968,3.783026,-0.167971,0.000000,0.012974,-0.418292,-34.168916,0.027683,0.000000,0.000169,0.003924,-0.006772,0.000169,0.115747,0.056535,-9.809154,-0.001552,-0.043414,0.000000,-0.586206,0.005319,27.000000,0.013045,0.168261,0.398354,-0.167971,0.000000,0.025000,0.000000,33,0,1,32,30,0.012885,0.007597,3.783246,0.061044,-1.735059,9.571055,-2.157002,0.005319,0.010670,7,1,0,0.000000,0,-1.029757,0.000000,1.000000,0,-0.171843,0.000000,-0.015415,-1.029757,-0.171843,1,1,1,2.167026,0.000000,0.000000,0.000000,0.000000,0.000000,0.000000,0.000000
0.6701,0.205653,-0.167971,3.803148,0.000000,1.000000,-0.007745,1,-1.029757,113,0.116120,0.054374,0.205653,0.392280,-1.978635,3.803148,0.205653,-1.953600,3.803148,-0.167971,0.000000,0.013045,-0.418292,-34.168916,0.025035,0.000000,0.000000,0.002152,-0.000717,0.000000,0.116120,0.054374,-9.809162,-0.009320,-0.000498,-0.000002,-0.550842,0.005601,27.000000,0.013045,0.205653,0.392280,-0.167971,0.000000,0.025000,0.000000,38,0,1,32,30,-0.008495,0.045746,3.802873,-0.196813,-1.793041,9.608587,-2.121638,0.005601,0.010744,7,1,0,0.000000,0,-1.029757,0.000000,1.000000,0,-0.171843,0.000000,-0.007745,-1.029757,-0.171843,1,1,1,2.167096,0.000000,0.000000,0.000000,0.000000,0.000000,0.000000,0.000000
0.6801,0.242660,-0.167971,3.869609,0.000000,1.000000,-0.007745,1,-1.029757,123,0.115307,0.051000,0.242660,0.385055,-1.939186,3.869609,0.242660,-1.914919,3.869609,-0.167971,0.000000,0.013045,-0.418292,-34.168916,0.024267,-0.001000,0.000000,0.001968,-0.007584,0.000000,0.115307,0.051000,-9.809190,0.004406,-0.038238,-0.001018,-0.512164,0.005953,27.000000,0.013045,0.242660,0.385055,-0.167971,0.000000,0.025000,-0.001000,43,0,1,32,30,0.019304,0.017166,3.868696,0.338529,-1.528671,9.908275,-2.082961,0.005953,0.010720,8,1,0,0.000000,0,-1.029757,0.000000,1.000000,0,-0.171843,0.000000,-0.007745,-1.029757,-0.171843,1,1,1,2.167168,0.000000,0.000000,0.000000,0.000000,0.000000,0.000000,0.000000
0.6901,0.288584,-0.167971,3.876706,0.000000,1.000000,-0.007745,1,-1.029757,135,0.115230,0.047044,0.288584,0.392280,-1.901227,3.876706,0.288584,-1.876194,3.876706,-0.167971,0.000000,0.013045,-0.418292,-34.168916,0.025032,0.001000,0.000000,0.003849,0.001732,0.000000,0.115230,0.047044,-9.809210,0.012887,-0.017499,0.000994,-0.473445,0.006352,27.000000,0.013045,0.288584,0.392280,-0.167971,0.000000,0.025000,0.001000,48,0,1,32,30,0.019282,0.040559,3.877501,-0.120075,-1.652870,9.878017,-2.044241,0.006352,0.010780,7,1,0,0.000000,0,-1.029757,0.000000,1.000000,0,-0.171843,0.000000,-0.007745,-1.029757,-0.171843,1,1,1,2.167236,0.000000,0.000000,0.000000,0.000000,0.000000,0.000000,0.000000
0.7001,0.318115,-0.167971,3.918073,0.000000,1.000000,-0.007745,1,-1.029757,143,0.114891,0.042681,0.318115,0.397307,-1.862910,3.918073,0.318115,-1.837113,3.918073,-0.167971,0.000000,0.013045,-0.418292,-34.168916,0.025797,0.000000,0.000000,0.001959,0.000572,0.000000,0.114891,0.042681,-9.809234,0.012670,-0.026475,-0.000011,-0.434369,0.006797,27.000000,0.013045,0.318115,0.397307,-0.167971,0.000000,0.025000,0.000000,53,0,1,32,30,0.023570,0.033622,3.917957,0.137024,-1.149011,10.132078,-2.005166,0.006797,0.010820,7,1,0,0.000000,0,-1.029757,0.000000,1.000000,0,-0.171843,0.000000,-0.007745,-1.029757,-0.171843,1,1,1,2.167304,0.000000,0.000000,0.000000,0.000000,0.000000,0.000000,0.000000
0.7101,0.356368,-0.167204,3.962805,0.000000,1.000000,-0.016949,1,-1.029757,153,0.114217,0.037890,0.356368,0.403485,-1.823081,3.962805,0.356368,-1.798054,3.962805,-0.167204,0.000000,0.013045,-0.418292,-34.168916,0.025027,0.000000,0.000000,0.002138,-0.000298,0.000000,0.114217,0.037890,-9.809262,0.010024,-0.029811,-0.000013,-0.394549,0.007298,27.000000,0.013045,0.356368,0.403485,-0.167204,0.000000,0.025000,0.000000,58,0,1,32,30,0.023586,0.030890,3.962726,-0.121413,-1.703408,9.322424,-1.965345,0.007298,0.010838,7,1,0,0.000000,0,-1.029757,0.000000,1.000000,0,-0.171843,0.000000,-0.016949,-1.029757,-0.171843,1,1,1,2.167367,0.000000,0.000000,0.000000,0.000000,0.000000,0.000000,0.000000
0.7201,0.394718,-0.166437,3.968836,0.000000,1.000000,-0.018483,1,-1.029757,163,0.113479,0.033683,0.394718,0.405580,-1.784545,3.968836,0.394718,-1.759520,3.968836,-0.166437,0.000000,0.013045,-0.418292,-34.168916,0.025025,0.000000,0.000000,0.002157,-0.000620,0.000000,0.113479,0.033683,-9.809286,-0.006378,-0.038457,-0.000023,-0.355254,0.007742,27.000000,0.013045,0.394718,0.405580,-0.166437,0.000000,0.025000,0.000000,63,0,1,32,30,0.015066,0.015822,3.968944,-0.426398,-1.180710,10.351514,-1.926050,0.007742,0.010840,7,1,0,0.000000,0,-1.029757,0.000000,1.000000,0,-0.171843,0.000000,-0.018483,-1.029757,-0.171843,1,1,1,2.167420,0.000000,0.000000,0.000000,0.000000,0.000000,0.000000,0.000000
0.7301,0.433644,-0.167204,3.985716,0.000000,0.973434,-0.001609,1,-1.029757,173,0.111293,0.029909,0.433644,0.408616,-1.744803,3.985716,0.433644,-1.719013,3.985716,-0.167204,0.000000,0.013045,-0.418292,-34.168916,0.025790,-0.002000,0.000000,0.001955,0.000365,0.000000,0.111293,0.029909,-9.809323,-0.004031,-0.043869,-0.002024,-0.315516,0.008150,27.000000,0.013045,0.433644,0.408616,-0.167204,0.000000,0.025000,-0.002000,68,0,1,32,30,0.021476,0.013504,3.983855,0.031956,-1.610887,9.581855,-1.886312,0.008150,0.010680,7,1,0,0.000000,0,-1.029757,0.000000,0.973434,0,-0.171843,0.000000,-0.001609,-1.029757,-0.171843,1,1,1,2.167470,0.000000,0.000000,0.000000,0.000000,0.000000,0.000000,0.000000
0.7401,0.474273,-0.166437,4.033109,0.000000,0.874240,-0.018483,1,-1.029757,183,0.109369,0.025210,0.474273,0.418879,-1.705237,4.033109,0.473720,-1.676990,4.033109,-0.166437,0.000000,0.012987,-0.418292,-34.168916,0.028247,0.000000,0.000138,0.002008,0.000360,0.000138,0.109369,0.025210,-9.809358,0.002530,-0.032534,0.000000,-0.272730,0.008605,27.000000,0.013045,0.473720,0.418879,-0.166437,0.000000,0.025000,0.000000,73,0,1,32,30,0.004390,0.032234,4.018193,0.319548,-1.924746,9.454473,-1.846753,0.008566,0.010580,7,1,0,0.000000,0,-1.029757,0.000000,0.874240,0,-0.171843,0.000000,-0.018483,-1.029757,-0.171843,1,1,1,2.167520,0.000000,0.000000,0.000000,0.000000,0.000000,0.000000,0.000000
0.7501,0.514466,-0.166437,4.055048,0.000000,0.846248,-0.010813,1,-1.029757,193,0.109663,0.021979,0.514466,0.431131,-1.664658,4.055048,0.514466,-1.639639,4.055048,-0.166437,0.000000,0.013045,-0.418292,-34.168916,0.025019,0.000000,0.000000,0.001997,0.000619,0.000000,0.109663,0.021979,-9.809362,0.001881,-0.001242,0.000001,-0.235384,0.008983,27.000000,0.013045,0.514466,0.431131,-0.166437,0.000000,0.025000,0.000000,78,0,1,32,30,0.002244,0.053115,4.054701,-0.311641,-1.397274,10.081440,-1.806180,0.008983,0.010654,7,1,0,0.000000,0,-1.029757,0.000000,0.846248,0,-0.171843,0.000000,-0.010813,-1.029757,-0.171843,1,1,1,2.167571,0.000000,0.000000,0.000000,0.000000,0.000000,0.000000,0.000000
0.7601,0.554265,-0.166437,4.073194,0.000000,0.704307,-0.010813,1,-1.029757,203,0.108271,0.019207,0.554265,0.413748,-1.624554,4.073194,0.554159,-1.596684,4.073194,-0.166437,0.000000,0.013034,-0.418292,-34.168916,0.027870,0.000000,0.000026,0.003833,-0.007588,0.000026,0.108271,0.019207,-9.809384,-0.020202,-0.039416,0.000000,-0.192431,0.009274,27.000000,0.013045,0.554159,0.413748,-0.166437,0.000000,0.025000,0.000000,83,0,1,32,30,0.010833,0.010146,4.073408,0.090671,-1.494445,10.224282,-1.763228,0.009274,0.010561,7,1,0,0.000000,0,-1.029757,0.000000,0.704307,0,-0.171843,0.000000,-0.010813,-1.029757,-0.171843,1,1,1,2.167628,0.000000,0.000000,0.000000,0.000000,0.000000,0.000000,0.000000
0.7701,0.603780,-0.166437,4.117987,0.000000,0.641527,-0.010813,1,-1.029757,215,0.105808,0.015381,0.603780,0.411653,-1.583555,4.117987,0.603151,-1.555657,4.117987,-0.166437,0.000000,0.012981,-0.418292,-34.168916,0.027899,0.000000,0.000153,0.003850,0.001707,0.000153,0.105808,0.015381,-9.809417,-0.015105,-0.046477,0.000000,-0.151406,0.009647,27.000000,0.013045,0.603151,0.411653,-0.166437,0.000000,0.025000,0.000000,88,0,1,32,30,0.021520,0.009581,4.118210,-0.196127,-1.334756,10.445820,-1.722202,0.009647,0.010378,7,1,0,0.000000,0,-1.029757,0.000000,0.641527,0,-0.171843,0.000000,-0.010813,-1.029757,-0.171843,1,1,1,2.167680,0.000000,0.000000,0.000000,0.000000,0.000000,0.000000,0.000000
0.7801,0.643420,-0.166437,4.165631,0.000000,0.554638,-0.010813,1,-1.029757,224,0.103345,0.013033,0.643420,0.419821,-1.539242,4.165631,0.643420,-1.514227,4.165631,-0.166437,0.000000,0.013045,-0.418292,-34.168916,0.025016,0.000000,0.000000,0.003962,0.001587,0.000000,0.103345,0.013033,-9.809447,-0.009660,-0.012363,-0.000011,-0.109977,0.009989,27.000000,0.013045,0.643420,0.419821,-0.166437,0.000000,0.025000,0.000000,93,0,1,32,30,0.002291,0.038819,4.165468,-0.053578,-2.093409,9.155851,-1.680773,0.009989,0.010170,7,1,0,0.000000,0,-1.029757,0.000000,0.554638,0,-0.171843,0.000000,-0.010813,-1.029757,-0.171843,1,1,1,2.167739,0.000000,0.000000,0.000000,0.000000,0.000000,0.000000,0.000000
0.7901,0.674770,-0.165670,4.180273,0.000000,0.482566,-0.020017,1,-1.029757,233,0.101052,0.009841,0.674770,0.427047,-1.498709,4.180273,0.674770,-1.473696,4.180273,-0.165670,0.000000,0.013045,-0.418292,-34.168916,0.025014,0.000000,0.000000,0.003854,-0.007465,0.000000,0.101052,0.009841,-9.809475,-0.004149,-0.038336,-0.000022,-0.068681,0.010356,27.000000,0.013045,0.674770,0.427047,-0.165670,0.000000,0.025000,0.000000,98,0,1,32,30,0.025790,0.025867,4.180269,0.224838,-1.363923,10.503223,-1.639477,0.010356,0.009995,7,1,0,0.000000,0,-1.029757,0.000000,0.482566,0,-0.171843,0.000000,-0.020017,-1.029757,-0.171843,1,1,1,2.167789,0.000000,0.000000,0.000000,0.000000,0.000000,0.000000,0.000000
0.8001,0.715805,-0.165670,4.197424,0.000000,0.384390,-0.012347,1,-1.029757,243,0.099163,0.006554,0.715805,0.431131,-1.456751,4.197424,0.715805,-1.431738,4.197424,-0.165670,0.000000,0.013045,-0.418292,-34.168916,0.025012,0.000000,0.000000,0.001968,0.000450,0.000000,0.099163,0.006554,-9.809497,-0.010941,-0.025842,-0.000019,-0.026725,0.010718,27.000000,0.013045,0.715805,0.431131,-0.165670,0.000000,0.025000,0.000000,103,0,1,32,30,0.012983,0.029877,4.197373,-0.235399,-1.989268,9.233343,-1.597522,0.010718,0.009861,7,1,0,0.000000,0,-1.029757,0.000000,0.384390,0,-0.171843,0.000000,-0.012347,-1.029757,-0.171843,1,1,1,2.167831,0.000000,0.000000,0.000000,0.000000,0.000000,0.000000,0.000000
0.8101,0.757414,-0.165670,4.203537,0.000000,0.305879,-0.012347,1,-1.029757,253,0.096042,0.003566,0.757414,0.435215,-1.415242,4.203537,0.757414,-1.390231,4.203537,-0.165670,0.000000,0.013045,-0.418292,-34.168916,0.025011,-0.002000,0.000000,0.001992,0.000544,0.000000,0.096042,0.003566,-9.809529,-0.015909,-0.031004,-0.002023,0.014781,0.011071,27.000000,0.013045,0.757414,0.435215,-0.165670,0.000000,0.025000,-0.002000,108,0,1,32,30,0.015126,0.023416,4.201566,0.293095,-2.057079,10.103914,-1.556015,0.011071,0.009597,7,1,0,0.000000,0,-1.029757,0.000000,0.305879,0,-0.171843,0.000000,-0.012347,-1.029757,-0.171843,1,1,1,2.167866,0.000000,0.000000,0.000000,0.000000,0.000000,0.000000,0.000000
0.8201,0.799696,-0.165670,4.216724,0.000000,0.219582,-0.012347,1,-1.029757,7,0.093511,-0.000458,0.799696,0.445373,-1.374226,4.216724,0.799696,-1.348451,4.216724,-0.165670,0.000000,0.013045,-0.418292,-34.168916,0.025775,0.000000,0.000000,0.001989,0.000623,0.000000,0.093511,-0.000458,-9.809554,-0.005090,-0.029698,-0.000014,0.056560,0.011518,27.000000,0.013045,0.799696,0.445373,-0.165670,0.000000,0.025000,0.000000,113,0,1,32,30,0.021523,0.033920,4.216626,0.139126,-1.742088,10.145261,-1.514236,0.011518,0.009410,7,1,0,0.000000,0,-1.029757,0.000000,0.219582,0,-0.171843,0.000000,-0.012347,-1.029757,-0.171843,1,1,1,2.167904,0.000000,0.000000,0.000000,0.000000,0.000000,0.000000,0.000000
0.8301,0.843031,-0.165670,4.238151,0.000000,0.134222,-0.012347,1,-1.029757,19,0.091481,-0.004223,0.843031,0.453646,-1.331527,4.238151,0.843031,-1.306520,4.238151,-0.165670,0.000000,0.013045,-0.418292,-34.168916,0.025006,0.000000,0.000000,0.002041,0.000264,0.000000,0.091481,-0.004223,-9.809573,-0.003230,-0.027474,-0.000011,0.098489,0.011931,27.000000,0.013045,0.843031,0.453646,-0.165670,0.000000,0.025000,0.000000,118,0,1,32,30,0.021525,0.037911,4.238006,-0.149786,-1.695393,9.446901,-1.472308,0.011931,0.009269,7,1,0,0.000000,0,-1.029757,0.000000,0.134222,0,-0.171843,0.000000,-0.012347,-1.029757,-0.171843,1,1,1,2.167941,0.000000,0.000000,0.000000,0.000000,0.000000,0.000000,0.000000
0.8401,0.885120,-0.165670,4.282822,0.000000,0.047343,-0.012347,1,-1.029757,27,0.089517,-0.007412,0.885120,0.443383,-1.289343,4.282822,0.885120,-1.264338,4.282822,-0.165670,0.000000,0.013045,-0.418292,-34.168916,0.025005,0.000000,0.000000,0.002031,-0.008689,0.000000,0.089517,-0.007412,-9.809589,-0.013370,-0.022641,-0.000014,0.140669,0.012285,27.000000,0.013045,0.885120,0.443383,-0.165670,0.000000,0.025000,0.000000,123,0,1,32,30,0.013005,0.033017,4.282742,-0.175284,-1.681333,10.633759,-1.430127,0.012285,0.009126,7,1,0,0.000000,0,-1.029757,0.000000,0.047343,0,-0.171843,0.000000,-0.012347,-1.029757,-0.171843,1,1,1,2.167984,0.000000,0.000000,0.000000,0.000000,0.000000,0.000000,0.000000
0.8501,0.926874,-0.165670,4.315718,0.000000,-0.078368,-0.012347,1,-1.029757,37,0.085905,-0.011052,0.926874,0.431131,-1.246735,4.315718,0.926347,-1.218711,4.315718,-0.165670,0.000000,0.012994,-0.418292,-34.168916,0.028024,0.001000,0.000122,0.002002,-0.000114,0.000122,0.085905,-0.011052,-9.809618,-0.022484,-0.026326,0.001000,0.186298,0.012661,27.000000,0.013045,0.926347,0.431131,-0.165670,0.000000,0.025000,0.001000,128,0,1,32,30,0.013024,0.024015,4.316771,-0.111920,-1.985548,8.936778,-1.384499,0.012661,0.008824,7,1,0,0.000000,0,-1.029757,0.000000,-0.078368,0,-0.171843,0.000000,-0.012347,-1.029757,-0.171843,1,1,1,2.168019,0.000000,0.000000,0.000000,0.000000,0.000000,0.000000,0.000000
0.8601,0.966327,-0.164903,4.350151,0.000000,-0.128258,-0.021551,1,-1.029757,47,0.080650,-0.013351,0.966327,0.405580,-1.200765,4.350151,0.966327,-1.176530,4.350151,-0.164903,0.000000,0.013045,-0.418292,-34.168916,0.024235,0.000000,0.000000,0.003847,-0.008665,0.000000,0.080650,-0.013351,-9.809659,-0.050633,-0.040608,-0.000051,0.229249,0.013037,27.000000,0.013045,0.966327,0.405580,-0.164903,0.000000,0.025000,0.000000,133,0,1,32,30,0.015201,-0.006349,4.350553,0.150512,-1.401840,11.249288,-1.341547,0.013037,0.008334,7,1,0,0.000000,0,-1.029757,0.000000,-0.128258,0,-0.171843,0.000000,-0.021551,-1.029757,-0.171843,1,1,1,2.168053,0.000000,0.000000,0.000000,0.000000,0.000000,0.000000,0.000000
0.8701,1.000171,-0.163369,4.439360,0.000000,-0.211039,-0.032289,1,-1.029757,58,0.073459,-0.015501,1.000171,0.286827,-1.158715,4.439360,1.000171,-1.134481,4.439360,-0.163369,0.000000,0.013045,-0.418292,-34.168916,0.024233,0.000000,0.000000,0.003835,-0.007964,0.000000,0.073459,-0.015501,-9.809713,-0.066948,-0.047807,-0.000065,0.272839,0.013386,27.000000,0.013045,1.000171,0.286827,-0.163369,0.000000,0.025000,0.000000,138,0,1,32,30,0.017379,-0.022492,4.439967,0.654375,-1.868844,9.589238,-1.297957,0.013386,0.007646,7,1,0,0.000000,0,-1.029757,0.000000,-0.211039,0,-0.171843,0.000000,-0.032289,-1.029757,-0.171843,1,1,1,2.168063,0.000000,0.000000,0.000000,0.000000,0.000000,0.000000,0.000000
0.8801,1.003814,-0.160301,4.197207,0.209440,-0.286622,-0.053765,1,-1.029757,67,0.064311,-0.017724,1.003814,0.092572,-1.117961,4.197207,1.003814,-1.093142,4.197207,-0.160301,0.209440,0.013045,-0.418292,-34.168916,0.024819,-0.003000,0.000000,0.002162,-0.009592,0.000000,0.064311,-0.017724,-9.809773,-0.037499,-0.039707,0.311121,0.317257,0.013782,27.000000,0.013045,1.003814,0.092572,-0.160301,0.209440,0.025000,-0.003000,143,0,1,32,30,0.021635,0.008667,4.508599,0.938609,-1.263930,9.404094,-1.253540,0.013782,0.006761,7,1,0,0.000000,0,-1.029757,0.000000,-0.286622,0,-0.171843,0.000000,-0.053765,-1.029757,-0.171843,1,1,1,2.158508,0.000000,0.000000,0.000000,0.000000,0.000000,0.000000,0.000000
0.8901,0.990200,-0.154932,4.162199,0.628319,-0.346891,-0.087513,1,-1.029757,76,0.055643,-0.019563,0.990200,-0.100740,-1.078616,4.162199,0.990200,-1.053670,4.162199,-0.154932,0.628319,0.013045,-0.418292,-34.168916,0.024945,-0.006000,0.000000,0.003811,-0.019446,0.000000,0.055643,-0.019563,-9.809823,-0.091391,-0.079350,0.412797,0.362108,0.014140,27.000000,0.013045,0.990200,-0.100740,-0.154932,0.628319,0.025000,-0.006000,148,0,1,32,30,0.034531,-0.056312,4.576120,1.418846,-1.141470,10.353108,-1.208688,0.014140,0.005912,7,1,0,0.000000,0,-1.029757,0.000000,-0.346891,0,-0.171843,0.000000,-0.087513,-1.029757,-0.171843,1,1,1,2.131876,0.000000,0.000000,0.000000,0.000000,0.000000,0.000000,0.000000
0.9001,1.002376,-0.140359,3.629787,1.466077,-0.352571,-0.208697,1,-1.029757,85,0.019859,-0.018756,1.002376,0.036233,-1.045543,3.629787,1.002376,-1.020304,3.629787,-0.140359,1.466077,0.013045,-0.418292,-34.168916,0.025239,-0.010000,0.000000,0.004000,-0.005897,0.000000,0.019859,-0.018756,-9.809962,-0.358659,-0.277221,1.455758,0.410100,0.014655,27.000000,0.013045,1.002376,0.036233,-0.140359,1.466077,0.025000,-0.010000,153,0,1,32,30,0.103326,-0.374998,5.090869,6.448352,-4.312247,6.352791,-1.160696,0.014655,0.002272,7,1,0,0.000000,0,-1.029757,0.000000,-0.352571,0,-0.171843,0.000000,-0.208697,-1.029757,-0.171843,1,1,1,2.121198,0.000000,0.000000,0.000000,0.000000,0.000000,0.000000,0.000000
0.9101,1.051752,-0.126553,3.133560,1.256637,-0.443684,-0.228638,1,-1.029757,95,0.003183,-0.026308,1.051752,0.464851,-1.010100,3.133560,1.051752,-0.984906,3.133560,-0.126553,1.256637,0.013045,-0.418292,-34.168916,0.025194,-0.011000,0.000000,0.003820,-0.003563,0.000000,0.003183,-0.026308,-9.809964,0.116505,0.212196,1.455212,0.459327,0.015664,27.000000,0.013045,1.051752,0.464851,-0.126553,1.256637,0.025000,-0.011000,158,0,1,32,30,-0.151499,0.248651,4.585919,1.956406,-1.903782,10.154389,-1.111469,0.015664,0.000660,7,1,0,0.000000,0,-1.029757,0.000000,-0.443684,0,-0.171843,0.000000,-0.228638,-1.029757,-0.171843,1,1,1,2.120999,0.000000,0.000000,0.000000,0.000000,0.000000,0.000000,0.000000
0.9201,1.080898,-0.116582,3.069610,0.942478,-0.469032,-0.210231,1,-1.029757,107,0.018555,-0.019437,1.080898,0.309342,-0.976603,3.069610,1.080898,-0.953295,3.069610,-0.116582,0.942478,0.013045,-0.418292,-34.168916,0.023308,-0.024000,0.000000,0.003788,-0.006926,0.000000,0.018555,-0.019437,-9.809963,-0.041726,0.017910,0.918459,0.500888,0.014793,27.000000,0.013045,1.080898,0.309342,-0.116582,0.942478,0.025000,-0.024000,163,0,1,32,30,-0.031894,0.019705,3.988152,0.933522,-1.015355,7.856179,-1.069909,0.014793,0.002109,7,1,0,0.000000,0,-1.029757,0.000000,-0.469032,0,-0.171843,0.000000,-0.210231,-1.029757,-0.171843,1,1,1,2.120809,0.000000,0.000000,0.000000,0.000000,0.000000,0.000000,0.000000
0.9301,1.105346,-0.108146,2.750597,0.837758,-0.499120,-0.211764,1,-1.029757,115,0.008554,-0.023697,1.105346,0.271538,-0.950182,2.750597,1.105346,-0.924445,2.750597,-0.108146,0.837758,0.013045,-0.418292,-34.168916,0.025737,-0.026000,0.000000,0.003794,-0.004230,0.000000,0.008554,-0.023697,-9.809968,-0.132742,-0.131745,0.811650,0.538188,0.015352,27.000000,0.013045,1.105346,0.271538,-0.108146,0.837758,0.026000,-0.026000,168,0,1,32,30,0.076998,-0.123954,3.564167,3.427909,-2.520058,9.010273,-1.032608,0.015352,0.001128,7,1,0,0.000000,0,-1.029757,0.000000,-0.499120,0,-0.171843,0.000000,-0.211764,-1.029757,-0.171843,1,1,1,2.120608,0.000000,0.000000,0.000000,0.000000,0.000000,0.000000,0.000000
0.9401,1.135834,-0.101243,2.619562,0.523599,-0.536484,-0.210231,1,-1.029757,125,-0.011679,-0.031136,1.135834,0.313426,-0.922660,2.619562,1.135834,-0.897290,2.619562,-0.101243,0.523599,0.013045,-0.418292,-34.168916,0.025369,-0.001000,0.000000,0.003919,-0.003920,0.000000,-0.011679,-0.031136,-9.809944,-0.035627,-0.104933,0.627278,0.572278,0.016323,27.000000,0.013045,1.135834,0.313426,-0.101243,0.523599,0.026000,-0.001000,173,0,1,32,30,0.087474,-0.025673,3.247452,4.272781,-0.345837,9.549475,-0.998518,0.016323,-0.000864,8,1,0,0.000000,0,-1.029757,0.000000,-0.536484,0,-0.171843,0.000000,-0.210231,-1.029757,-0.171843,1,1,1,2.120408,0.000000,0.000000,0.000000,0.000000,0.000000,0.000000,0.000000
0.9501,1.162008,-0.096641,2.349120,0.523599,-0.573250,-0.196425,1,-1.029757,133,-0.008674,-0.026918,1.162008,0.275622,-0.898331,2.349120,1.162008,-0.871597,2.349120,-0.096641,0.523599,0.013045,-0.418292,-34.168916,0.026733,0.013000,0.000000,0.003972,-0.004337,0.000000,-0.008674,-0.026918,-9.809959,0.074481,0.064739,0.536652,0.602569,0.015861,27.000000,0.013045,1.162008,0.275622,-0.096641,0.523599,0.026000,0.013000,178,0,1,32,30,-0.038737,0.128399,2.884343,2.316987,-1.966650,9.062963,-0.968228,0.015861,-0.000615,7,1,0,0.000000,0,-1.029757,0.000000,-0.573250,0,-0.171843,0.000000,-0.196425,-1.029757,-0.171843,1,1,1,2.120216,0.000000,0.000000,0.000000,0.000000,0.000000,0.000000,0.000000
0.9601,1.185286,-0.092789,2.208812,0.209440,-0.609967,-0.196619,1,-1.029757,143,0.003230,-0.029533,1.185286,0.247976,-0.874810,2.208812,1.185114,-0.847127,2.208812,-0.092789,0.209440,0.013013,-0.418292,-34.168916,0.027683,0.012000,0.000077,0.002128,0.000080,0.000077,0.003230,-0.029533,-9.809955,0.146366,-0.024494,0.221440,0.630871,0.015980,27.000000,0.013045,1.185114,0.247976,-0.092806,0.209440,0.026000,0.012000,183,0,1,32,30,0.065687,0.164684,2.428314,0.864546,-0.615725,11.123665,-0.939925,0.015980,0.000607,7,1,0,0.000000,0,-1.029757,0.000000,-0.609967,0,-0.171843,0.000000,-0.196619,-1.029757,-0.171843,1,1,1,2.120014,0.000000,0.000000,0.000000,0.000000,0.000000,0.000000,0.000000
0.9701,1.208693,-0.091272,2.147609,0.000000,-0.618622,-0.176322,1,-1.029757,155,0.001826,-0.040034,1.208693,0.242845,-0.853510,2.147609,1.208508,-0.826013,2.147609,-0.091272,0.000000,0.013009,-0.418292,-34.168916,0.027497,-0.002000,0.000086,0.003976,-0.003885,0.000086,0.001826,-0.040034,-9.809918,-0.032241,-0.172533,-0.002000,0.653503,0.017056,27.000000,0.013045,1.208508,0.242845,-0.091272,0.000000,0.026000,-0.002000,188,0,1,32,30,0.157618,-0.049306,2.146432,1.537624,0.078856,9.886928,-0.917294,0.017056,0.000557,7,1,0,0.000000,0,-1.029757,0.000000,-0.618622,0,-0.171843,0.000000,-0.176322,-1.029757,-0.171843,1,1,1,2.119827,0.000000,0.000000,0.000000,0.000000,0.000000,0.000000,0.000000
0.9801,1.233921,-0.092039,1.910204,0.000000,-0.658647,-0.151940,1,-1.029757,164,-0.009926,-0.049171,1.233921,0.220435,-0.832406,1.910204,1.233723,-0.805083,1.910204,-0.092039,0.000000,0.013002,-0.418292,-34.168916,0.027322,-0.014000,0.000103,0.003758,0.001331,0.000103,-0.009926,-0.049171,-9.809872,-0.042976,-0.093907,-0.014000,0.673685,0.018086,27.000000,0.013045,1.233723,0.220435,-0.092039,0.000000,0.026000,-0.014000,193,0,1,32,30,0.080689,-0.039798,1.896881,2.845527,0.145062,9.228085,-0.897111,0.018086,-0.000547,7,1,0,0.000000,0,-1.029757,0.000000,-0.658647,0,-0.171843,0.000000,-0.151940,-1.029757,-0.171843,1,1,1,2.119646,0.000000,0.000000,0.000000,0.000000,0.000000,0.000000,0.000000
0.9901,1.248200,-0.091272,1.780633,0.000000,-0.658362,-0.168813,1,-1.029757,173,-0.017048,-0.053014,1.248200,0.196873,-0.812897,1.780633,1.248200,-0.787665,1.780633,-0.091272,0.000000,0.013045,-0.418292,-34.168916,0.025232,-0.017000,0.000000,0.004063,-0.003470,0.000000,-0.017048,-0.053014,-9.809842,0.016525,-0.010898,-0.016988,0.691884,0.018585,27.000000,0.013045,1.248200,0.196873,-0.091272,0.000000,0.026000,-0.017000,198,0,1,32,30,0.014396,0.036591,1.763317,2.963416,-0.207825,9.932826,-0.878913,0.018585,-0.001238,7,1,0,0.000000,0,-1.029757,0.000000,-0.658362,0,-0.171843,0.000000,-0.168813,-1.029757,-0.171843,1,1,1,2.119464,0.000000,0.000000,0.000000,0.000000,0.000000,0.000000,0.000000
1.0001,1.264307,-0.090505,1.613991,0.000000,-0.677443,-0.170347,1,-1.029757,183,-0.015773,-0.056343,1.264307,0.171322,-0.796791,1.613991,1.264307,-0.771560,1.613991,-0.090505,0.000000,0.013045,-0.418292,-34.168916,0.025231,-0.016000,0.000000,0.002105,-0.000021,0.000000,-0.015773,-0.056343,-9.809826,0.055625,-0.039603,-0.015961,0.708753,0.018910,27.000000,0.013045,1.264307,0.171322,-0.090505,0.000000,0.026000,-0.016000,2,0,1,32,30,0.050604,0.066687,1.597296,1.489296,0.523647,10.264612,-0.862043,0.018910,-0.001082,8,1,0,0.000000,0,-1.029757,0.000000,-0.677443,0,-0.171843,0.000000,-0.170347,-1.029757,-0.171843,1,1,1,2.119281,0.000000,0.000000,0.000000,0.000000,0.000000,0.000000,0.000000
1.0101,1.278888,-0.090505,1.321496,0.000000,-0.687643,-0.162677,1,-1.029757,191,-0.016370,-0.067520,1.278888,0.163049,-0.784188,1.321496,1.276291,-0.757290,1.321496,-0.090505,0.000000,0.012247,-0.418292,-34.168916,0.026898,-0.008000,0.001908,0.001952,-0.002753,0.001908,-0.016370,-0.067520,-9.809754,0.026061,-0.037562,-0.008000,0.723024,0.019253,27.000000,0.013045,1.276291,0.163049,-0.090505,0.000000,0.026000,-0.008000,6,0,1,32,30,0.042016,0.034105,1.313177,1.668819,0.608606,9.586082,-0.847772,0.019253,-0.001040,7,1,0,0.000000,0,-1.029757,0.000000,-0.687643,0,-0.171843,0.000000,-0.162677,-1.029757,-0.171843,1,1,1,2.119101,0.000000,0.000000,0.000000,0.000000,0.000000,0.000000,0.000000
1.0201,1.291248,-0.090505,1.082373,0.000000,-0.683417,-0.162677,1,-1.029757,203,-0.017339,-0.062112,1.291248,0.127339,-0.771746,1.082373,1.291248,-0.745749,1.082373,-0.090505,0.000000,0.013045,-0.418292,-34.168916,0.025997,-0.004000,0.000000,0.003873,-0.001956,0.000000,-0.017339,-0.062112,-9.809788,0.001092,0.003121,-0.003999,0.734567,0.019510,27.000000,0.013045,1.291248,0.127339,-0.090505,0.000000,0.026000,-0.004000,12,0,1,32,30,-0.002860,0.015726,1.078261,1.890601,0.355636,9.947360,-0.836229,0.019510,-0.001188,7,1,0,0.000000,0,-1.029757,0.000000,-0.683417,0,-0.171843,0.000000,-0.162677,-1.029757,-0.171843,1,1,1,2.118919,0.000000,0.000000,0.000000,0.000000,0.000000,0.000000,0.000000
1.0301,1.304000,-0.090505,0.819788,0.000000,-0.683395,-0.162677,1,-1.029757,214,-0.017039,-0.058734,1.304000,0.111945,-0.762132,0.819788,1.304000,-0.736134,0.819788,-0.090505,0.000000,0.013045,-0.418292,-34.168916,0.025997,-0.001000,0.000000,0.001991,0.003022,0.000000,-0.017039,-0.058734,-9.809809,0.026634,0.044618,-0.000972,0.744182,0.019165,27.000000,0.013045,1.304000,0.111945,-0.090505,0.000000,0.026000,-0.001000,17,0,1,32,30,-0.039255,0.044724,0.818303,1.174749,0.095428,10.078266,-0.826615,0.019165,-0.001189,7,1,0,0.000000,0,-1.029757,0.000000,-0.683395,0,-0.171843,0.000000,-0.162677,-1.029757,-0.171843,1,1,1,2.118738,0.000000,0.000000,0.000000,0.000000,0.000000,0.000000,0.000000
1.0401,1.305438,-0.091272,0.704253,0.000000,-0.675956,-0.153474,1,-1.029757,223,-0.017402,-0.054019,1.305438,0.107861,-0.754588,0.704253,1.305438,-0.728742,0.704253,-0.091272,0.000000,0.013045,-0.418292,-34.168916,0.025846,0.005000,0.000000,0.003758,-0.002591,0.000000,-0.017402,-0.054019,-9.809836,-0.006816,0.021341,-0.099721,0.750808,0.018690,27.000000,0.013045,1.305438,0.107861,-0.091272,0.000000,0.026000,0.005000,22,0,1,32,30,-0.022199,0.004870,0.604519,1.137796,-0.625881,9.630754,-0.819989,0.018690,-0.001265,6,1,0,0.000000,0,-1.029757,0.000000,-0.675956,0,-0.171843,0.000000,-0.153474,-1.029757,-0.171843,1,1,1,2.118557,0.000000,0.000000,0.000000,0.000000,0.000000,0.000000,0.000000
1.0501,1.317039,-0.092039,0.500176,-0.104720,-0.671263,-0.151940,1,-1.029757,233,-0.021280,-0.054218,1.317039,0.058748,-0.748822,0.500176,1.317039,-0.722972,0.500176,-0.092039,-0.104720,0.013045,-0.418292,-34.168916,0.025850,0.008000,0.000000,0.001985,0.000026,0.000000,-0.021280,-0.054218,-9.809827,-0.020013,-0.034810,-0.096735,0.755817,0.018748,27.000000,0.013045,1.317039,0.058748,-0.092039,-0.104720,0.026000,0.008000,27,0,1,32,30,0.031133,-0.020092,0.403738,1.920606,-0.177461,9.750615,-0.814979,0.018748,-0.001652,6,1,0,0.000000,0,-1.029757,0.000000,-0.671263,0,-0.171843,0.000000,-0.151940,-1.029757,-0.171843,1,1,1,2.118379,0.000000,0.000000,0.000000,0.000000,0.000000,0.000000,0.000000
1.0601,1.320778,-0.092039,0.281573,0.000000,-0.654711,-0.159609,1,-1.029757,243,-0.025653,-0.058879,1.320778,0.037280,-0.745544,0.281573,1.320778,-0.719544,0.281573,-0.092039,0.000000,0.013045,-0.418292,-34.168916,0.026000,0.007000,0.000000,0.003908,-0.000621,0.000000,-0.025653,-0.058879,-9.809790,-0.004213,-0.047281,0.006993,0.759255,0.019262,27.000000,0.013045,1.320778,0.037280,-0.092039,0.000000,0.026000,0.007000,32,0,1,32,30,0.046029,-0.007833,0.288692,2.006843,0.320767,10.454319,-0.811542,0.019262,-0.002053,7,1,0,0.000000,0,-1.029757,0.000000,-0.654711,0,-0.171843,0.000000,-0.159609,-1.029757,-0.171843,1,1,1,2.118208,0.000000,0.000000,0.000000,0.000000,0.000000,0.000000,0.000000
1.0701,1.322599,-0.092039,0.114218,0.000000,-0.644173,-0.159609,1,-1.029757,254,-0.027838,-0.061540,1.322599,0.016860,-0.743566,0.114218,1.322599,-0.717565,0.114218,-0.092039,0.000000,0.013045,-0.418292,-34.168916,0.026001,0.002000,0.000000,0.002098,-0.000082,0.000000,-0.027838,-0.061540,-9.809767,0.010984,-0.005898,0.002007,0.761238,0.019552,27.000000,0.013045,1.322599,0.016860,-0.092039,0.000000,0.026000,0.002000,37,0,1,32,30,0.007535,0.011449,0.116086,2.032713,0.493351,9.642584,-0.809558,0.019552,-0.002250,7,1,0,0.000000,0,-1.029757,0.000000,-0.644173,0,-0.171843,0.000000,-0.159609,-1.029757,-0.171843,1,1,1,2.118035,0.000000,0.000000,0.000000,0.000000,0.000000,0.000000,0.000000
1.0801,1.322408,-0.092039,-0.110351,0.000000,-0.623887,-0.159609,1,-1.029757,7,-0.028819,-0.062461,1.322408,-0.003560,-0.743607,-0.110351,1.322408,-0.717606,-0.110351,-0.092039,0.000000,0.013045,-0.418292,-34.168916,0.026001,-0.004000,0.000000,0.003862,0.000049,0.000000,-0.028819,-0.062461,-9.809759,0.005740,-0.002341,-0.003996,0.761199,0.019655,27.000000,0.013045,1.322408,-0.003560,-0.092039,0.000000,0.026000,-0.004000,42,0,1,32,30,0.003206,0.003814,-0.114407,1.487699,0.427185,9.555430,-0.809597,0.019655,-0.002341,6,1,0,0.000000,0,-1.029757,0.000000,-0.623887,0,-0.171843,0.000000,-0.159609,-1.029757,-0.171843,1,1,1,2.117863,0.000000,0.000000,0.000000,0.000000,0.000000,0.000000,0.000000
1.0901,1.322024,-0.092039,-0.346189,0.000000,-0.594544,-0.159609,1,-1.029757,17,-0.028702,-0.062818,1.322024,-0.003560,-0.746087,-0.346189,1.322024,-0.720086,-0.346189,-0.092039,0.000000,0.013045,-0.418292,-34.168916,0.026001,-0.009000,0.000000,0.003783,0.001136,0.000000,-0.028702,-0.062818,-9.809757,0.014598,0.022915,-0.008988,0.758719,0.019690,27.000000,0.013045,1.322024,-0.003560,-0.092039,0.000000,0.026000,-0.009000,47,0,1,32,30,-0.020355,0.013361,-0.355381,1.574378,-0.055716,9.167816,-0.812077,0.019690,-0.002325,7,1,0,0.000000,0,-1.029757,0.000000,-0.594544,0,-0.171843,0.000000,-0.159609,-1.029757,-0.171843,1,1,1,2.117692,0.000000,0.000000,0.000000,0.000000,0.000000,0.000000,0.000000
1.1001,1.320490,-0.095107,-0.265930,-0.314159,-0.597990,-0.122794,1,-1.029757,27,-0.025959,-0.061193,1.320490,-0.011729,-0.748052,-0.265930,1.320490,-0.721865,-0.265930,-0.095107,-0.314159,0.013045,-0.418292,-34.168916,0.026187,-0.005000,0.000000,0.002000,-0.000036,0.000000,-0.025959,-0.061193,-9.809775,0.037835,0.024452,-0.319128,0.753866,0.019506,27.000000,0.013045,1.320490,-0.011729,-0.095107,-0.314159,0.026000,-0.005000,52,0,1,32,30,-0.018310,0.033525,-0.585545,1.058934,0.467340,10.158491,-0.816931,0.019506,-0.002042,7,1,0,0.000000,0,-1.029757,0.000000,-0.597990,0,-0.171843,0.000000,-0.122794,-1.029757,-0.171843,1,1,1,2.117528,0.000000,0.000000,0.000000,0.000000,0.000000,0.000000,0.000000
1.1101,1.318764,-0.098175,-0.354959,-0.418879,-0.566794,-0.116658,1,-1.029757,37,-0.022509,-0.057066,1.318764,-0.018850,-0.751149,-0.354959,1.318764,-0.725948,-0.354959,-0.098175,-0.418879,0.013045,-0.418292,-34.168916,0.025202,0.001000,0.000000,0.003764,0.000791,0.000000,-0.022509,-0.057066,-9.809808,0.033970,0.067055,-0.417844,0.746708,0.019059,27.000000,0.013045,1.318764,-0.018850,-0.098175,-0.418879,0.026000,0.001000,57,0,1,32,30,-0.061057,0.033761,-0.773309,1.539290,-0.229836,10.103946,-0.824088,0.019059,-0.001714,6,1,0,0.000000,0,-1.029757,0.000000,-0.566794,0,-0.171843,0.000000,-0.116658,-1.029757,-0.171843,1,1,1,2.117365,0.000000,0.000000,0.000000,0.000000,0.000000,0.000000,0.000000
1.1201,1.316367,-0.103544,-0.506269,-0.523599,-0.575847,-0.082910,1,-1.029757,47,-0.014527,-0.054388,1.316367,-0.026075,-0.754707,-0.506269,1.316367,-0.728595,-0.506269,-0.103544,-0.523599,0.013045,-0.418292,-34.168916,0.026112,0.011000,0.000000,0.001988,-0.000490,0.000000,-0.014527,-0.054388,-9.809838,0.104834,0.054060,-0.407806,0.738676,0.018712,27.000000,0.013045,1.316367,-0.026075,-0.103544,-0.523599,0.026000,0.011000,62,0,1,32,30,-0.037688,0.099835,-0.915456,0.247055,0.039443,9.923973,-0.832121,0.018712,-0.000900,7,1,0,0.000000,0,-1.029757,0.000000,-0.575847,0,-0.171843,0.000000,-0.082910,-1.029757,-0.171843,1,1,1,2.117209,0.000000,0.000000,0.000000,0.000000,0.000000,0.000000,0.000000
1.1301,1.312437,-0.108146,-0.408510,-0.523599,-0.537549,-0.081376,1,-1.029757,58,-0.004069,-0.052312,1.312437,-0.034243,-0.759698,-0.408510,1.312437,-0.733993,-0.408510,-0.108146,-0.523599,0.013045,-0.418292,-34.168916,0.025705,0.015000,0.000000,0.001999,-0.000779,0.000000,-0.004069,-0.052312,-9.809860,0.067846,0.018147,-0.613270,0.728656,0.018391,27.000000,0.013045,1.312437,-0.034243,-0.108146,-0.523599,0.026000,0.015000,67,0,1,32,30,-0.007789,0.056463,-1.022603,0.211243,-0.498639,10.129091,-0.842140,0.018391,0.000163,7,1,0,0.000000,0,-1.029757,0.000000,-0.537549,0,-0.171843,0.000000,-0.081376,-1.029757,-0.171843,1,1,1,2.117058,0.000000,0.000000,0.000000,0.000000,0.000000,0.000000,0.000000
1.1401,1.309704,-0.114350,-0.451087,-0.628319,-0.538439,-0.052942,1,-1.029757,67,0.000967,-0.054207,1.309704,-0.036233,-0.763731,-0.451087,1.309752,-0.738417,-0.451087,-0.114350,-0.628319,0.012999,-0.418292,-34.168916,0.025313,0.010000,0.000109,0.003739,0.000949,0.000109,0.000967,-0.054207,-9.809850,0.044269,-0.017967,-0.618319,0.718017,0.018478,27.000000,0.013045,1.309752,-0.036233,-0.114281,-0.628319,0.026000,0.010000,72,0,1,32,30,0.024247,0.027262,-1.069851,-0.775841,0.376996,10.424362,-0.852779,0.018478,0.000729,7,1,0,0.000000,0,-1.029757,0.000000,-0.538439,0,-0.171843,0.000000,-0.052942,-1.029757,-0.171843,1,1,1,2.116911,0.000000,0.000000,0.000000,0.000000,0.000000,0.000000,0.000000
1.1501,1.305342,-0.120417,-0.478993,-0.628319,-0.528606,-0.042179,1,-1.029757,77,0.000499,-0.054593,1.305342,-0.046496,-0.769244,-0.478993,1.305342,-0.742923,-0.478993,-0.120417,-0.628319,0.013045,-0.418292,-34.168916,0.026321,0.004000,0.000000,0.004000,0.000622,0.000000,0.000499,-0.054593,-9.809848,-0.033086,-0.029411,-0.624349,0.707444,0.018564,27.000000,0.013045,1.305342,-0.046496,-0.120417,-0.628319,0.026000,0.004000,77,0,1,32,30,0.024320,-0.051379,-1.102765,0.124296,0.559764,11.154136,-0.863352,0.018564,0.000719,7,1,0,0.000000,0,-1.029757,0.000000,-0.528606,0,-0.171843,0.000000,-0.042179,-1.029757,-0.171843,1,1,1,2.116767,0.000000,0.000000,0.000000,0.000000,0.000000,0.000000,0.000000
1.1601,1.299159,-0.124300,-0.500468,-0.523599,-0.489494,-0.056259,1,-1.029757,87,-0.001899,-0.058252,1.299159,-0.064926,-0.775360,-0.500468,1.299206,-0.749938,-0.500468,-0.124300,-0.523599,0.013007,-0.418292,-34.168916,0.025422,-0.004000,0.000091,0.002002,-0.000321,0.000091,-0.001899,-0.058252,-9.809827,-0.008685,-0.032346,-0.527599,0.696550,0.018923,27.000000,0.013045,1.299206,-0.064926,-0.124252,-0.523599,0.026000,-0.004000,82,0,1,32,30,0.026445,-0.024415,-1.040583,0.415730,-0.001694,8.612521,-0.873629,0.018905,0.000551,7,1,0,0.000000,0,-1.029757,0.000000,-0.489494,0,-0.171843,0.000000,-0.056259,-1.029757,-0.171843,1,1,1,2.116624,0.000000,0.000000,0.000000,0.000000,0.000000,0.000000,0.000000
1.1701,1.292974,-0.127320,-0.561730,-0.314159,-0.479353,-0.058845,1,-1.029757,98,-0.004324,-0.061058,1.292974,-0.061785,-0.781836,-0.561730,1.292974,-0.756628,-0.561730,-0.127320,-0.314159,0.013045,-0.418292,-34.168916,0.025207,-0.007000,0.000000,0.002141,-0.000210,0.000000,-0.004324,-0.061058,-9.809809,-0.014970,-0.011766,-0.425892,0.686843,0.019275,27.000000,0.013045,1.292974,-0.061785,-0.127320,-0.314159,0.026000,-0.007000,87,0,1,32,30,0.009389,-0.029447,-0.987322,0.037542,0.769963,11.165764,-0.883953,0.019275,0.000353,7,1,0,0.000000,0,-1.029757,0.000000,-0.479353,0,-0.171843,0.000000,-0.058845,-1.029757,-0.171843,1,1,1,2.116483,0.000000,0.000000,0.000000,0.000000,0.000000,0.000000,0.000000
1.1801,1.285016,-0.129621,-0.645683,-0.314159,-0.459800,-0.061435,1,-1.029757,107,-0.005258,-0.059939,1.285016,-0.084299,-0.789360,-0.645683,1.285016,-0.763833,-0.645683,-0.129621,-0.314159,0.013045,-0.418292,-34.168916,0.025527,-0.005000,0.000000,0.002019,-0.000308,0.000000,-0.005258,-0.059939,-9.809815,-0.046662,0.006882,-0.319187,0.677340,0.019173,27.000000,0.013045,1.285016,-0.084299,-0.129621,-0.314159,0.026000,-0.005000,92,0,1,32,30,-0.014055,-0.057606,-0.964201,0.714319,0.129994,9.580652,-0.893457,0.019173,0.000258,7,1,0,0.000000,0,-1.029757,0.000000,-0.459800,0,-0.171843,0.000000,-0.061435,-1.029757,-0.171843,1,1,1,2.116343,0.000000,0.000000,0.000000,0.000000,0.000000,0.000000,0.000000
1.1901,1.274949,-0.130388,-0.759157,-0.104720,-0.421828,-0.075240,1,-1.029757,118,-0.006431,-0.058418,1.274949,-0.083357,-0.798621,-0.759157,1.274949,-0.773001,-0.759157,-0.130388,-0.104720,0.013045,-0.418292,-34.168916,0.025620,-0.001000,0.000000,0.003978,-0.000745,0.000000,-0.006431,-0.058418,-9.809824,0.021220,0.015704,-0.210422,0.667407,0.019035,27.000000,0.013045,1.274949,-0.083357,-0.130388,-0.104720,0.026000,-0.001000,97,0,1,32,30,-0.011995,0.010867,-0.969803,0.668020,-0.065041,9.884915,-0.903390,0.019035,0.000124,6,1,0,0.000000,0,-1.029757,0.000000,-0.421828,0,-0.171843,0.000000,-0.075240,-1.029757,-0.171843,1,1,1,2.116202,0.000000,0.000000,0.000000,0.000000,0.000000,0.000000,0.000000
1.2001,1.268142,-0.130388,-0.966782,0.000000,-0.400979,-0.082910,1,-1.029757,127,-0.006386,-0.056229,1.268142,-0.091525,-0.808373,-0.966782,1.268142,-0.782379,-0.966782,-0.130388,0.000000,0.013045,-0.418292,-34.168916,0.025994,0.003000,0.000000,0.004001,0.001960,0.000000,-0.006386,-0.056229,-9.809837,-0.006293,0.034886,0.003000,0.658029,0.018813,27.000000,0.013045,1.268142,-0.091525,-0.130388,0.000000,0.026000,0.003000,102,0,1,32,30,-0.035449,-0.012792,-0.963697,0.458974,0.258557,10.778081,-0.912767,0.018813,0.000100,7,1,0,0.000000,0,-1.029757,0.000000,-0.400979,0,-0.171843,0.000000,-0.082910,-1.029757,-0.171843,1,1,1,2.116063,0.000000,0.000000,0.000000,0.000000,0.000000,0.000000,0.000000
1.2101,1.257883,-0.130388,-1.022497,0.000000,-0.371233,-0.082910,1,-1.029757,137,-0.006033,-0.051830,1.257883,-0.109956,-0.818668,-1.022497,1.257883,-0.792673,-1.022497,-0.130388,0.000000,0.013045,-0.418292,-34.168916,0.025995,0.005000,0.000000,0.001999,-0.000275,0.000000,-0.006033,-0.051830,-9.809861,-0.020896,0.025677,0.004987,0.647736,0.018363,27.000000,0.013045,1.257883,-0.109956,-0.130388,0.000000,0.026000,0.005000,107,0,1,32,30,-0.029043,-0.029160,-1.017216,0.685407,-0.038484,9.282257,-0.923060,0.018363,0.000077,6,1,0,0.000000,0,-1.029757,0.000000,-0.371233,0,-0.171843,0.000000,-0.082910,-1.029757,-0.171843,1,1,1,2.115928,0.000000,0.000000,0.000000,0.000000,0.000000,0.000000,0.000000
1.2201,1.246666,-0.130388,-1.073626,0.000000,-0.353752,-0.082910,1,-1.029757,147,-0.007594,-0.049428,1.246666,-0.117077,-0.828704,-1.073626,1.246666,-0.802707,-1.073626,-0.130388,0.000000,0.013045,-0.418292,-34.168916,0.025996,0.003000,0.000000,0.003943,0.001686,0.000000,-0.007594,-0.049428,-9.809873,-0.006432,-0.008621,0.002995,0.637704,0.018141,27.000000,0.013045,1.246666,-0.117077,-0.130388,0.000000,0.026000,0.003000,112,0,1,32,30,0.007222,-0.021937,-1.070436,0.859819,-0.199277,9.921972,-0.933092,0.018141,-0.000112,7,1,0,0.000000,0,-1.029757,0.000000,-0.353752,0,-0.171843,0.000000,-0.082910,-1.029757,-0.171843,1,1,1,2.115791,0.000000,0.000000,0.000000,0.000000,0.000000,0.000000,0.000000
1.2301,1.235736,-0.129621,-1.151387,0.000000,-0.305204,-0.092114,1,-1.029757,157,-0.008955,-0.049574,1.235736,-0.116029,-0.841112,-1.151387,1.235736,-0.815115,-1.151387,-0.129621,0.000000,0.013045,-0.418292,-34.168916,0.025997,0.002000,0.000000,0.003999,0.002223,0.000000,-0.008955,-0.049574,-9.809871,-0.001117,0.007685,0.002000,0.626066,0.018174,27.000000,0.013045,1.235736,-0.116029,-0.129621,0.000000,0.026000,0.002000,117,0,1,32,30,-0.007751,-0.014520,-1.149295,1.125607,-0.228190,9.175363,-0.944730,0.018174,-0.000252,7,1,0,0.000000,0,-1.029757,0.000000,-0.305204,0,-0.171843,0.000000,-0.092114,-1.029757,-0.171843,1,1,1,2.115653,0.000000,0.000000,0.000000,0.000000,0.000000,0.000000,0.000000
1.2401,1.224519,-0.129621,-1.215167,0.000000,-0.291019,-0.084444,1,-1.029757,167,-0.007344,-0.049099,1.224519,-0.118124,-0.852634,-1.215167,1.224519,-0.826637,-1.215167,-0.129621,0.000000,0.013045,-0.418292,-34.168916,0.025997,-0.002000,0.000000,0.003838,0.002128,0.000000,-0.007344,-0.049099,-9.809874,0.019322,0.012232,-0.001984,0.614541,0.018105,27.000000,0.013045,1.224519,-0.118124,-0.129621,0.000000,0.026000,-0.002000,122,0,1,32,30,-0.007793,0.005620,-1.217328,0.314869,0.365075,10.664212,-0.956255,0.018105,-0.000095,7,1,0,0.000000,0,-1.029757,0.000000,-0.291019,0,-0.171843,0.000000,-0.084444,-1.029757,-0.171843,1,1,1,2.115518,0.000000,0.000000,0.000000,0.000000,0.000000,0.000000,0.000000
1.2501,1.211190,-0.128854,-1.295369,0.000000,-0.236631,-0.093648,1,-1.029757,177,-0.006699,-0.047175,1.211190,-0.137497,-0.865856,-1.295369,1.211192,-0.840771,-1.295369,-0.128854,0.000000,0.013044,-0.418292,-34.168916,0.025085,-0.006000,0.000002,0.003972,0.002055,0.000002,-0.006699,-0.047175,-9.809884,-0.019818,0.001136,-0.006000,0.601173,0.017901,27.000000,0.013045,1.211192,-0.137497,-0.128854,0.000000,0.026000,-0.006000,127,0,1,32,30,-0.005639,-0.036007,-1.301010,1.050841,-0.584262,9.353574,-0.969623,0.017901,-0.000059,7,1,0,0.000000,0,-1.029757,0.000000,-0.236631,0,-0.171843,0.000000,-0.093648,-1.029757,-0.171843,1,1,1,2.115384,0.000000,0.000000,0.000000,0.000000,0.000000,0.000000,0.000000
1.2601,1.198153,-0.129621,-1.380487,0.000000,-0.229034,-0.076774,1,-1.029757,187,-0.005789,-0.046339,1.198153,-0.135507,-0.879180,-1.380487,1.198153,-0.853183,-1.380487,-0.129621,0.000000,0.013045,-0.418292,-34.168916,0.025997,-0.005000,0.000000,0.003767,0.002432,0.000000,-0.005789,-0.046339,-9.809889,0.027948,0.021615,-0.004975,0.587993,0.017805,27.000000,0.013045,1.198153,-0.135507,-0.129621,0.000000,0.026000,-0.005000,132,0,1,32,30,-0.014255,0.014252,-1.385766,0.772942,-0.421623,9.335887,-0.982803,0.017805,0.000025,7,1,0,0.000000,0,-1.029757,0.000000,-0.229034,0,-0.171843,0.000000,-0.076774,-1.029757,-0.171843,1,1,1,2.115252,0.000000,0.000000,0.000000,0.000000,0.000000,0.000000,0.000000
1.2701,1.185402,-0.129621,-1.487295,0.000000,-0.180816,-0.084444,1,-1.029757,197,-0.002701,-0.044787,1.185402,-0.132366,-0.893540,-1.487295,1.185402,-0.867544,-1.487295,-0.129621,0.000000,0.013045,-0.418292,-34.168916,0.025996,0.000000,0.000000,0.002006,0.000191,0.000000,-0.002701,-0.044787,-9.809897,0.050271,0.038970,0.000046,0.573627,0.017608,27.000000,0.013045,1.185402,-0.132366,-0.129621,0.000000,0.026000,0.000000,137,0,1,32,30,-0.024984,0.039089,-1.487886,1.080553,-0.617057,9.688228,-0.997169,0.017608,0.000317,7,1,0,0.000000,0,-1.029757,0.000000,-0.180816,0,-0.171843,0.000000,-0.084444,-1.029757,-0.171843,1,1,1,2.115121,0.000000,0.000000,0.000000,0.000000,0.000000,0.000000,0.000000
1.2801,1.170924,-0.130388,-1.443144,-0.104720,-0.152822,-0.075240,1,-1.029757,207,0.002954,-0.042767,1.170924,-0.152891,-0.907639,-1.443144,1.170924,-0.881844,-1.443144,-0.130388,-0.104720,0.013045,-0.418292,-34.168916,0.025795,0.000000,0.000000,0.002004,-0.000447,0.000000,0.002954,-0.042767,-9.809906,0.019116,0.020106,-0.104701,0.558550,0.017328,27.000000,0.013045,1.170924,-0.152891,-0.130388,-0.104720,0.026000,0.000000,142,0,1,32,30,-0.014291,0.003586,-1.548023,-0.308861,-0.227901,9.088298,-1.012246,0.017328,0.000866,7,1,0,0.000000,0,-1.029757,0.000000,-0.152822,0,-0.171843,0.000000,-0.075240,-1.029757,-0.171843,1,1,1,2.114993,0.000000,0.000000,0.000000,0.000000,0.000000,0.000000,0.000000
1.2901,1.153188,-0.131155,-1.628514,0.000000,-0.117176,-0.073706,1,-1.029757,218,0.002963,-0.040867,1.153188,-0.150796,-0.922727,-1.628514,1.153188,-0.896732,-1.628514,-0.131155,0.000000,0.013045,-0.418292,-34.168916,0.025996,0.005000,0.000000,0.003939,-0.000488,0.000000,0.002963,-0.040867,-9.809914,-0.017887,0.000706,0.004986,0.542896,0.017136,27.000000,0.013045,1.153188,-0.150796,-0.131155,0.000000,0.026000,0.005000,147,0,1,32,30,-0.005731,-0.038136,-1.623168,0.144100,0.415520,11.219693,-1.027900,0.017136,0.000844,7,1,0,0.000000,0,-1.029757,0.000000,-0.117176,0,-0.171843,0.000000,-0.073706,-1.029757,-0.171843,1,1,1,2.114861,0.000000,0.000000,0.000000,0.000000,0.000000,0.000000,0.000000
1.3001,1.138039,-0.132689,-1.579725,-0.104720,-0.087408,-0.062969,1,-1.029757,225,0.003839,-0.040577,1.138039,-0.156975,-0.938197,-1.579725,1.138039,-0.911619,-1.579725,-0.132689,-0.104720,0.013045,-0.418292,-34.168916,0.026579,0.006000,0.000000,0.001988,-0.003813,0.000000,0.003839,-0.040577,-9.809915,0.005171,0.003172,-0.098716,0.526474,0.017093,27.000000,0.013045,1.138039,-0.156975,-0.132689,-0.104720,0.026000,0.006000,152,0,1,32,30,-0.001501,-0.016017,-1.678375,0.656932,-0.340712,8.972948,-1.044323,0.017093,0.000935,7,1,0,0.000000,0,-1.029757,0.000000,-0.087408,0,-0.171843,0.000000,-0.062969,-1.029757,-0.171843,1,1,1,2.114737,0.000000,0.000000,0.000000,0.000000,0.000000,0.000000,0.000000
1.3101,1.125288,-0.133456,-1.693874,0.000000,-0.043731,-0.069105,1,-1.029757,234,0.005653,-0.040467,1.125288,-0.169227,-0.954426,-1.693874,1.125288,-0.927664,-1.693874,-0.133456,0.000000,0.013045,-0.418292,-34.168916,0.026762,0.003000,0.000000,0.003999,0.002950,0.000000,0.005653,-0.040467,-9.809915,0.022325,-0.000172,0.003015,0.509658,0.017057,27.000000,0.013045,1.125288,-0.169227,-0.133456,0.000000,0.026000,0.003000,157,0,1,32,30,0.007017,-0.000864,-1.690992,0.564261,-0.052572,10.420918,-1.061138,0.017057,0.001120,7,1,0,0.000000,0,-1.029757,0.000000,-0.043731,0,-0.171843,0.000000,-0.069105,-1.029757,-0.171843,1,1,1,2.114609,0.000000,0.000000,0.000000,0.000000,0.000000,0.000000,0.000000
1.3201,1.109852,-0.133456,-1.709084,0.000000,-0.003989,-0.076775,1,-1.029757,244,0.007657,-0.041081,1.109852,-0.163049,-0.970341,-1.709084,1.109852,-0.944347,-1.709084,-0.133456,0.000000,0.013045,-0.418292,-34.168916,0.025994,0.001000,0.000000,0.003708,0.002924,0.000000,0.007657,-0.041081,-9.809911,0.018067,-0.005784,0.001011,0.492971,0.017092,27.000000,0.013045,1.109852,-0.163049,-0.133456,0.000000,0.026000,0.001000,162,0,1,32,30,0.011288,-0.007036,-1.708127,0.141625,-0.091300,9.664189,-1.077825,0.017092,0.001331,7,1,0,0.000000,0,-1.029757,0.000000,-0.003989,0,-0.171843,0.000000,-0.076775,-1.029757,-0.171843,1,1,1,2.114486,0.000000,0.000000,0.000000,0.000000,0.000000,0.000000,0.000000
1.3301,1.094033,-0.134223,-1.773207,-0.104720,0.029241,-0.067571,1,-1.029757,254,0.008949,-0.041042,1.094033,-0.168180,-0.987013,-1.773207,1.094033,-0.961019,-1.773207,-0.134223,-0.104720,0.013045,-0.418292,-34.168916,0.025994,-0.001000,0.000000,0.002012,0.000088,0.000000,0.008949,-0.041042,-9.809910,0.013281,0.013170,-0.000989,0.475530,0.017069,27.000000,0.013045,1.094033,-0.168180,-0.134223,-0.104720,0.026000,-0.001000,167,0,1,32,30,-0.007944,-0.006212,-1.774266,0.368962,-0.053418,8.927794,-1.095266,0.017069,0.001464,7,1,0,0.000000,0,-1.029757,0.000000,0.029241,0,-0.171843,0.000000,-0.067571,-1.029757,-0.171843,1,1,1,2.114367,0.000000,0.000000,0.000000,0.000000,0.000000,0.000000,0.000000
1.3401,1.083678,-0.135757,-1.556157,-0.314159,0.063780,-0.056833,1,-1.029757,8,0.011621,-0.039460,1.083678,-0.104824,-1.004019,-1.556157,1.083678,-0.977790,-1.556157,-0.135757,-0.314159,0.013045,-0.418292,-34.168916,0.026229,-0.002000,0.000000,0.002005,0.001599,0.000000,0.011621,-0.039460,-9.809914,0.009657,0.030221,-0.316146,0.457221,0.016870,27.000000,0.013045,1.083678,-0.104824,-0.135757,-0.314159,0.026000,-0.002000,172,0,1,32,30,-0.025051,-0.004957,-1.872398,0.019275,0.144755,10.680947,-1.113575,0.016870,0.001718,7,1,0,0.000000,0,-1.029757,0.000000,0.063780,0,-0.171843,0.000000,-0.056833,-1.029757,-0.171843,1,1,1,2.114258,0.000000,0.000000,0.000000,0.000000,0.000000,0.000000,0.000000
1.3501,1.082432,-0.138058,-1.616267,-0.314159,0.094769,-0.044561,1,-1.029757,18,0.017538,-0.036191,1.082432,-0.015813,-1.020582,-1.616267,1.082432,-0.994349,-1.616267,-0.138058,-0.314159,0.013045,-0.418292,-34.168916,0.026233,-0.001000,0.000000,0.001991,0.003779,0.000000,0.017538,-0.036191,-9.809918,0.029324,0.055614,-0.315127,0.438353,0.016453,27.000000,0.013045,1.082432,-0.015813,-0.138058,-0.314159,0.026000,-0.001000,177,0,1,32,30,-0.042173,0.021431,-1.931838,-0.262146,-0.175942,8.753886,-1.132444,0.016453,0.002279,7,1,0,0.000000,0,-1.029757,0.000000,0.094769,0,-0.171843,0.000000,-0.044561,-1.029757,-0.171843,1,1,1,2.114187,0.000000,0.000000,0.000000,0.000000,0.000000,0.000000,0.000000
1.3601,1.089335,-0.141893,-1.560641,-0.418879,0.118129,-0.021551,1,-1.029757,28,0.023121,-0.031716,1.089335,0.066916,-1.036212,-1.560641,1.089335,-1.010094,-1.560641,-0.141893,-0.418879,0.013045,-0.418292,-34.168916,0.026118,0.003000,0.000000,0.003840,0.008069,0.000000,0.023121,-0.031716,-9.809921,0.016795,0.057452,-0.415857,0.418765,0.015912,27.000000,0.013045,1.089335,0.066916,-0.141893,-0.418879,0.026000,0.003000,182,0,1,32,30,-0.048577,0.009187,-1.976786,-0.619309,-0.128273,11.079745,-1.152031,0.015912,0.002791,7,1,0,0.000000,0,-1.029757,0.000000,0.118129,0,-0.171843,0.000000,-0.021551,-1.029757,-0.171843,1,1,1,2.114179,0.000000,0.000000,0.000000,0.000000,0.000000,0.000000,0.000000
1.3701,1.107359,-0.147262,-1.349230,-0.628319,0.131694,0.004527,1,-1.029757,38,0.028112,-0.027207,1.107359,0.183574,-1.050898,-1.349230,1.107359,-1.024346,-1.349230,-0.147262,-0.628319,0.013045,-0.418292,-34.168916,0.026552,0.008000,0.000000,0.003854,0.010096,0.000000,0.028112,-0.027207,-9.809922,0.043651,0.054185,-0.620281,0.399138,0.015368,27.000000,0.013045,1.107359,0.183574,-0.147262,-0.628319,0.026000,0.008000,187,0,1,32,30,-0.037927,0.032639,-1.970104,0.229362,-0.917841,9.225272,-1.171658,0.015368,0.003242,7,1,0,0.000000,0,-1.029757,0.000000,0.131694,0,-0.171843,0.000000,0.004527,-1.029757,-0.171843,1,1,1,2.114262,0.000000,0.000000,0.000000,0.000000,0.000000,0.000000,0.000000
1.3801,1.132479,-0.154932,-1.340937,-0.942478,0.132542,0.042876,1,-1.029757,48,0.040113,-0.024482,1.132479,0.258239,-1.063534,-1.340937,1.132479,-1.036293,-1.340937,-0.154932,-0.942478,0.013045,-0.418292,-34.168916,0.027241,0.010000,0.000000,0.001993,0.007117,0.000000,0.040113,-0.024482,-9.809887,0.197687,0.081708,-0.722911,0.379505,0.014880,27.000000,0.013045,1.132479,0.258239,-0.154932,-0.942478,0.026000,0.010000,192,0,1,32,30,-0.023174,0.185708,-2.066446,-1.939256,-0.729519,10.144513,-1.191292,0.014880,0.004426,7,1,0,0.000000,0,-1.029757,0.000000,0.132542,0,-0.171843,0.000000,0.042876,-1.029757,-0.171843,1,1,1,2.124025,0.000000,0.000000,0.000000,0.000000,0.000000,0.000000,0.000000
1.3901,1.124713,-0.167204,-0.776896,-1.361357,0.145616,0.113440,1,-1.029757,58,0.074556,-0.021882,1.124713,-0.082310,-1.072913,-0.776896,1.124713,-1.047338,-0.776896,-0.167204,-1.361357,0.013045,-0.418292,-34.168916,0.025575,0.007000,0.000000,0.002012,-0.002638,0.000000,0.074556,-0.021882,-9.809692,0.139985,0.126332,-1.354216,0.356140,0.013979,27.000000,0.013045,1.124713,-0.082310,-0.167204,-1.361357,0.026000,0.007000,197,0,1,32,30,-0.082916,0.141540,-2.133140,-4.358473,-2.076500,8.368445,-1.214657,0.013979,0.007866,7,1,0,0.000000,0,-1.029757,0.000000,0.145616,0,-0.171843,0.000000,0.113440,-1.029757,-0.171843,1,1,1,2.126433,0.000000,0.000000,0.000000,0.000000,0.000000,0.000000,0.000000
1.4001,1.107742,-0.181010,-0.321742,-1.466077,0.095546,0.156390,1,-1.029757,70,0.069520,-0.020493,1.107742,-0.107861,-1.077895,-0.321742,1.107742,-1.052370,-0.321742,-0.181010,-1.466077,0.013045,-0.418292,-34.168916,0.025525,0.005000,0.000000,0.003854,-0.006615,0.000000,0.069520,-0.020493,-9.809732,-0.147859,-0.088112,-1.461209,0.337310,0.013824,27.000000,0.013045,1.107742,-0.107861,-0.181010,-1.466077,0.026000,0.005000,1,0,1,32,30,0.043479,-0.189784,-1.780627,-1.588444,-0.264228,9.651755,-1.233486,0.013824,0.007348,7,1,0,0.000000,0,-1.029757,0.000000,0.095546,0,-0.171843,0.000000,0.156390,-1.029757,-0.171843,1,1,1,2.126655,0.000000,0.000000,0.000000,0.000000,0.000000,0.000000,0.000000
1.4101,1.106496,-0.191747,-0.103161,-1.047198,0.100800,0.147187,1,-1.029757,78,0.059809,-0.023423,1.106496,-0.036233,-1.083755,-0.103161,1.106496,-1.057001,-0.103161,-0.191747,-1.047198,0.013045,-0.418292,-34.168916,0.026753,0.017000,0.000000,0.003839,0.000855,0.000000,0.059809,-0.023423,-9.809790,0.052606,-0.079115,-1.239615,0.321952,0.014227,27.000000,0.013045,1.106496,-0.036233,-0.191747,-1.047198,0.026000,0.017000,6,0,1,32,30,0.090356,0.011849,-1.343044,0.165148,0.039787,11.445621,-1.248844,0.014227,0.006441,7,1,0,0.000000,0,-1.029757,0.000000,0.100800,0,-0.171843,0.000000,0.147187,-1.029757,-0.171843,1,1,1,2.126860,0.000000,0.000000,0.000000,0.000000,0.000000,0.000000,0.000000
1.4201,1.102661,-0.197116,-0.279452,-0.523599,0.119932,0.104235,1,-1.029757,88,0.071246,-0.031995,1.102661,-0.042412,-1.088868,-0.279452,1.102661,-1.062455,-0.279452,-0.197116,-0.523599,0.013045,-0.418292,-34.168916,0.026413,0.015000,0.000000,0.003841,-0.000215,0.000000,0.071246,-0.031995,-9.809689,0.193218,0.026452,-0.717916,0.311105,0.014821,27.000000,0.013045,1.102661,-0.042412,-0.197116,-0.523599,0.026000,0.015000,11,0,1,32,30,0.026241,0.180220,-0.999804,-3.685794,0.220402,9.033183,-1.259691,0.014821,0.007762,7,1,0,0.000000,0,-1.029757,0.000000,0.119932,0,-0.171843,0.000000,0.104235,-1.029757,-0.171843,1,1,1,2.127071,0.000000,0.000000,0.000000,0.000000,0.000000,0.000000,0.000000
1.4301,1.098443,-0.201718,-0.207327,-0.523599,0.111797,0.105769,1,-1.029757,97,0.081170,-0.035373,1.098443,-0.039375,-1.091242,-0.207327,1.098443,-1.066322,-0.207327,-0.201718,-0.523599,0.013045,-0.418292,-34.168916,0.024920,0.000000,0.000000,0.003849,0.000182,0.000000,0.081170,-0.035373,-9.809600,0.002048,0.032870,-0.523592,0.302618,0.014919,27.000000,0.013045,1.098443,-0.039375,-0.201718,-0.523599,0.025000,0.000000,16,0,1,32,30,-0.031126,0.001225,-0.730997,-4.610827,0.745729,10.597839,-1.268178,0.014919,0.008830,7,1,0,0.000000,0,-1.029757,0.000000,0.111797,0,-0.171843,0.000000,0.105769,-1.029757,-0.171843,1,1,1,2.127279,0.000000,0.000000,0.000000,0.000000,0.000000,0.000000,0.000000
1.4401,1.096813,-0.208621,0.188679,-0.628319,0.064713,0.142585,1,-1.029757,107,0.071249,-0.033942,1.096813,-0.013718,-1.090207,0.188679,1.096813,-1.065620,0.188679,-0.208621,-0.628319,0.013045,-0.418292,-34.168916,0.024587,-0.010000,0.000000,0.003841,-0.000578,0.000000,0.071249,-0.033942,-9.809683,-0.164694,-0.105708,-0.638464,0.296433,0.014925,27.000000,0.013045,1.096813,-0.013718,-0.208621,-0.628319,0.025000,-0.010000,21,0,1,32,30,0.058815,-0.192504,-0.447312,-0.481340,-0.264003,8.905985,-1.274364,0.014925,0.007823,6,1,0,0.000000,0,-1.029757,0.000000,0.064713,0,-0.171843,0.000000,0.142585,-1.029757,-0.171843,1,1,1,2.127481,0.000000,0.000000,0.000000,0.000000,0.000000,0.000000,0.000000
1.4501,1.096717,-0.212456,0.488487,-0.314159,0.063102,0.119575,1,-1.029757,117,0.058055,-0.037805,1.096717,-0.001466,-1.089583,0.488487,1.096717,-1.064902,0.488487,-0.212456,-0.314159,0.013045,-0.418292,-34.168916,0.024681,-0.008000,0.000000,0.001986,-0.001074,0.000000,0.058055,-0.037805,-9.809755,-0.042294,-0.065529,-0.636360,0.293333,0.015564,27.000000,0.013045,1.096717,-0.001466,-0.212456,-0.314159,0.025000,-0.008000,26,0,1,32,30,0.052360,-0.059728,-0.147107,0.638865,0.002938,9.799445,-1.277464,0.015564,0.006598,6,1,0,0.000000,0,-1.029757,0.000000,0.063102,0,-0.171843,0.000000,0.119575,-1.029757,-0.171843,1,1,1,2.127680,0.000000,0.000000,0.000000,0.000000,0.000000,0.000000,0.000000
1.4601,1.095854,-0.211689,0.263195,0.000000,0.069279,0.072022,1,-1.029757,126,0.061182,-0.039668,1.095854,-0.010681,-1.089803,0.263195,1.095854,-1.064817,0.263195,-0.211689,0.000000,0.013045,-0.418292,-34.168916,0.024985,0.001000,0.000000,0.002132,-0.000864,0.000000,0.061182,-0.039668,-9.809729,0.032213,0.042875,0.001031,0.294177,0.015688,27.000000,0.013045,1.095854,-0.010681,-0.211689,0.000000,0.025000,0.001000,31,0,1,32,30,-0.033015,0.045704,0.263652,-2.105861,0.361752,10.050097,-1.276619,0.015688,0.006948,7,1,0,0.000000,0,-1.029757,0.000000,0.069279,0,-0.171843,0.000000,0.072022,-1.029757,-0.171843,1,1,1,2.127878,0.000000,0.000000,0.000000,0.000000,0.000000,0.000000,0.000000
1.4701,1.095087,-0.207087,0.097044,0.418879,0.076331,0.024468,1,-1.029757,136,0.063032,-0.033611,1.095087,-0.003560,-1.091272,0.097044,1.095087,-1.065335,0.097044,-0.207087,0.418879,0.013045,-0.418292,-34.168916,0.025937,0.005000,0.000000,0.002129,-0.000157,0.000000,0.063032,-0.033611,-9.809740,-0.033471,0.053671,0.423866,0.298265,0.015077,27.000000,0.013045,1.095087,-0.003560,-0.207087,0.418879,0.026000,0.005000,36,0,1,32,30,-0.060630,-0.011230,0.521101,-1.361854,-0.100627,8.801779,-1.272532,0.015077,0.006993,6,1,0,0.000000,0,-1.029757,0.000000,0.076331,0,-0.171843,0.000000,0.024468,-1.029757,-0.171843,1,1,1,2.128072,0.000000,0.000000,0.000000,0.000000,0.000000,0.000000,0.000000
1.4801,1.095950,-0.203252,0.144698,0.314159,0.049004,0.024468,1,-1.029757,147,0.059697,-0.031546,1.095950,0.005550,-1.089191,0.144698,1.095950,-1.063489,0.144698,-0.203252,0.314159,0.013045,-0.418292,-34.168916,0.025702,0.003000,0.000000,0.002012,-0.000048,0.000000,0.059697,-0.031546,-9.809768,-0.066329,-0.039811,0.421826,0.303953,0.014966,27.000000,0.013045,1.095950,0.005550,-0.203252,0.314159,0.025000,0.003000,41,0,1,32,30,0.020558,-0.067181,0.567448,-1.614729,-0.218418,10.590100,-1.266844,0.014966,0.006610,7,1,0,0.000000,0,-1.029757,0.000000,0.049004,0,-0.171843,0.000000,0.024468,-1.029757,-0.171843,1,1,1,2.128264,0.000000,0.000000,0.000000,0.000000,0.000000,0.000000,0.000000
1.4901,1.096717,-0.198650,0.279759,0.314159,0.054256,0.007594,1,-1.029757,156,0.047847,-0.032320,1.096717,0.010681,-1.086398,0.279759,1.096717,-1.062388,0.279759,-0.198650,0.314159,0.013045,-0.418292,-34.168916,0.024009,-0.005000,0.000000,0.003952,-0.000506,0.000000,0.047847,-0.032320,-9.809830,-0.109639,-0.061280,0.309070,0.309673,0.015312,27.000000,0.013045,1.096717,0.010681,-0.198650,0.314159,0.025000,-0.005000,46,0,1,32,30,0.029153,-0.114481,0.590372,0.769250,0.140865,8.700317,-1.261124,0.015312,0.005432,7,1,0,0.000000,0,-1.029757,0.000000,0.054256,0,-0.171843,0.000000,0.007594,-1.029757,-0.171843,1,1,1,2.128452,0.000000,0.000000,0.000000,0.000000,0.000000,0.000000,0.000000
1.5001,1.097292,-0.194048,0.278886,0.314159,0.043078,-0.001609,1,-1.029757,166,0.041250,-0.030220,1.097292,0.001466,-1.085462,0.278886,1.097292,-1.060540,0.278886,-0.194048,0.314159,0.013045,-0.418292,-34.168916,0.024923,-0.011000,0.000000,0.001982,-0.000641,0.000000,0.041250,-0.030220,-9.809867,-0.052236,0.023582,0.407849,0.316135,0.015257,27.000000,0.013045,1.097292,0.001466,-0.194048,0.314159,0.025000,-0.011000,51,0,1,32,30,-0.037075,-0.034743,0.687247,0.173752,-0.483188,10.425907,-1.254661,0.015257,0.004721,6,1,0,0.000000,0,-1.029757,0.000000,0.043078,0,-0.171843,0.000000,-0.001609,-1.029757,-0.171843,1,1,1,2.128636,0.000000,0.000000,0.000000,0.000000,0.000000,0.000000,0.000000
1.5101,1.098155,-0.189446,0.273730,0.523599,0.028139,-0.010813,1,-1.029757,177,0.035291,-0.025831,1.098155,0.009634,-1.083965,0.273730,1.098155,-1.057754,0.273730,-0.189446,0.523599,0.013045,-0.418292,-34.168916,0.026211,-0.012000,0.000000,0.004001,-0.000541,0.000000,0.035291,-0.025831,-9.809903,-0.034534,0.021884,0.511578,0.323535,0.014953,27.000000,0.013045,1.098155,0.009634,-0.189446,0.523599,0.026000,-0.012000,56,0,1,32,30,-0.030662,-0.016797,0.785594,0.927303,-0.615961,9.592435,-1.247262,0.014953,0.004029,7,1,0,0.000000,0,-1.029757,0.000000,0.028139,0,-0.171843,0.000000,-0.010813,-1.029757,-0.171843,1,1,1,2.128815,0.000000,0.000000,0.000000,0.000000,0.000000,0.000000,0.000000
1.5201,1.099689,-0.184078,0.286208,0.523599,0.024442,-0.029221,1,-1.029757,186,0.033861,-0.024426,1.099689,0.016860,-1.081323,0.286208,1.099689,-1.055125,0.286208,-0.184078,0.523599,0.013045,-0.418292,-34.168916,0.026198,-0.007000,0.000000,0.003995,-0.000818,0.000000,0.033861,-0.024426,-9.809911,-0.000573,-0.041635,0.516589,0.331536,0.014861,27.000000,0.013045,1.099689,0.016860,-0.184078,0.523599,0.026000,-0.007000,61,0,1,32,30,0.039770,-0.001863,0.802890,0.427995,0.061610,9.685053,-1.239260,0.014861,0.003850,6,1,0,0.000000,0,-1.029757,0.000000,0.024442,0,-0.171843,0.000000,-0.029221,-1.029757,-0.171843,1,1,1,2.128991,0.000000,0.000000,0.000000,0.000000,0.000000,0.000000,0.000000
1.5301,1.099882,-0.177937,0.253318,0.523599,0.028701,-0.049219,1,-1.029757,196,0.032704,-0.026951,1.099882,0.002513,-1.079819,0.253318,1.099881,-1.053288,0.253318,-0.177937,0.523599,0.013041,-0.418292,-34.168916,0.026531,-0.003000,0.000009,0.003999,-0.000961,0.000009,0.032704,-0.026951,-9.809908,0.029943,0.000991,0.520599,0.339513,0.015155,27.000000,0.013045,1.099881,0.002513,-0.177942,0.523599,0.026000,-0.003000,66,0,1,32,30,0.007699,0.039044,0.773474,0.334458,-0.230131,10.074448,-1.231283,0.015155,0.003768,7,1,0,0.000000,0,-1.029757,0.000000,0.028701,0,-0.171843,0.000000,-0.049219,-1.029757,-0.171843,1,1,1,2.129164,0.000000,0.000000,0.000000,0.000000,0.000000,0.000000,0.000000
1.5401,1.098922,-0.172573,0.192893,0.523599,0.027695,-0.052184,1,-1.029757,206,0.033576,-0.026316,1.098922,-0.008692,-1.077648,0.192893,1.098922,-1.051674,0.192893,-0.172573,0.523599,0.013045,-0.418292,-34.168916,0.025973,-0.003000,0.000000,0.001994,-0.000600,0.000000,0.033576,-0.026316,-9.809907,-0.005263,0.026050,0.520600,0.346491,0.015100,27.000000,0.013045,1.098922,-0.008692,-0.172573,0.523599,0.026000,-0.003000,71,0,1,32,30,-0.026444,0.011959,0.713398,0.340747,-0.159086,8.964996,-1.224306,0.015100,0.003833,6,1,0,0.000000,0,-1.029757,0.000000,0.027695,0,-0.171843,0.000000,-0.052184,-1.029757,-0.171843,1,1,1,2.129327,0.000000,0.000000,0.000000,0.000000,0.000000,0.000000,0.000000
1.5501,1.099018,-0.168738,0.286986,0.209440,0.010392,-0.044561,1,-1.029757,216,0.034577,-0.023298,1.099018,0.003560,-1.074603,0.286986,1.099018,-1.048888,0.286986,-0.168738,0.209440,0.013045,-0.418292,-34.168916,0.025715,-0.003000,0.000000,0.002001,-0.000398,0.000000,0.034577,-0.023298,-9.809911,-0.006129,0.010162,0.311158,0.353113,0.014794,27.000000,0.013045,1.099018,0.003560,-0.168738,0.209440,0.026000,-0.003000,76,0,1,32,30,-0.011528,0.004986,0.598129,-0.274147,-0.198203,11.337669,-1.217683,0.014794,0.003874,7,1,0,0.000000,0,-1.029757,0.000000,0.010392,0,-0.171843,0.000000,-0.044561,-1.029757,-0.171843,1,1,1,2.129479,0.000000,0.000000,0.000000,0.000000,0.000000,0.000000,0.000000
1.5601,1.100169,-0.166437,0.269123,0.209440,0.001920,-0.033823,1,-1.029757,224,0.033792,-0.024170,1.100169,0.010681,-1.071436,0.269123,1.100169,-1.045859,0.269123,-0.166437,0.209440,0.013045,-0.418292,-34.168916,0.025577,0.000000,0.000000,0.002165,-0.000316,0.000000,0.033792,-0.024170,-9.809912,0.003538,-0.038236,0.209434,0.358443,0.014904,27.000000,0.013045,1.099881,0.010681,-0.167204,0.209440,0.026000,0.000000,80,0,1,32,30,0.037540,-0.001833,0.478622,0.458921,-0.616802,9.639975,-1.212353,0.014904,0.003806,7,1,0,0.000000,0,-1.029757,0.000000,0.001920,0,-0.171843,0.000000,-0.033823,-1.029757,-0.171843,1,1,1,2.129623,0.000000,0.000000,0.000000,0.000000,0.000000,0.000000,0.000000
1.5701,1.101894,-0.164136,0.297159,0.104720,0.006700,-0.038425,1,-1.029757,234,0.033993,-0.028400,1.101894,0.018850,-1.069130,0.297159,1.101894,-1.043734,0.297159,-0.164136,0.104720,0.013045,-0.418292,-34.168916,0.025396,0.001000,0.000000,0.001992,-0.000214,0.000000,0.033993,-0.028400,-9.809900,0.051497,-0.034269,0.105746,0.362867,0.015335,27.000000,0.013045,1.101894,0.018850,-0.164136,0.104720,0.026000,0.001000,86,0,1,32,30,0.048142,0.044093,0.402364,0.285874,-0.367930,9.613652,-1.207930,0.015335,0.003892,7,1,0,0.000000,0,-1.029757,0.000000,0.006700,0,-0.171843,0.000000,-0.038425,-1.029757,-0.171843,1,1,1,2.129761,0.000000,0.000000,0.000000,0.000000,0.000000,0.000000,0.000000
1.5801,1.103428,-0.162602,0.256348,0.104720,-0.000461,-0.033823,1,-1.029757,244,0.035664,-0.032080,1.103428,0.015813,-1.067508,0.256348,1.103428,-1.041366,0.256348,-0.162602,0.104720,0.013045,-0.418292,-34.168916,0.026142,0.003000,0.000000,0.002125,-0.000649,0.000000,0.035664,-0.032080,-9.809883,0.029696,-0.018756,0.107733,0.366764,0.015683,27.000000,0.013045,1.103428,0.015813,-0.162602,0.104720,0.026000,0.003000,91,0,1,32,30,0.026802,0.027447,0.363754,0.055630,-0.289319,9.432454,-1.204033,0.015683,0.004117,7,1,0,0.000000,0,-1.029757,0.000000,-0.000461,0,-0.171843,0.000000,-0.033823,-1.029757,-0.171843,1,1,1,2.129902,0.000000,0.000000,0.000000,0.000000,0.000000,0.000000,0.000000
1.5901,1.102565,-0.161835,0.286403,0.000000,-0.006487,-0.027687,1,-1.029757,254,0.034659,-0.036361,1.102565,-0.006597,-1.064881,0.286403,1.102565,-1.038890,0.286403,-0.161835,0.000000,0.013045,-0.418292,-34.168916,0.025990,0.000000,0.000000,0.003989,-0.001210,0.000000,0.034659,-0.036361,-9.809871,0.006040,-0.064280,-0.000008,0.370005,0.016134,27.000000,0.013045,1.102565,-0.006597,-0.161835,0.000000,0.026000,0.000000,96,0,1,32,30,0.063108,-0.009893,0.286548,0.348170,0.791930,9.395657,-1.200791,0.016134,0.004085,7,1,0,0.000000,0,-1.029757,0.000000,-0.006487,0,-0.171843,0.000000,-0.027687,-1.029757,-0.171843,1,1,1,2.130032,0.000000,0.000000,0.000000,0.000000,0.000000,0.000000,0.000000
1.6001,1.102757,-0.160301,0.237637,0.104720,0.005633,-0.038425,1,-1.029757,8,0.033992,-0.040754,1.102757,0.001466,-1.063826,0.237637,1.102757,-1.037838,0.237637,-0.160301,0.104720,0.013045,-0.418292,-34.168916,0.025988,0.000000,0.000000,0.003980,-0.000870,0.000000,0.033992,-0.040754,-9.809856,0.009779,-0.029483,0.000000,0.372590,0.016593,27.000000,0.013045,1.102757,0.001466,-0.160301,0.104720,0.026000,0.000000,101,0,1,32,30,0.031060,0.003489,0.237612,-0.213316,0.939923,10.554800,-1.198206,0.016593,0.004084,7,1,0,0.000000,0,-1.029757,0.000000,0.005633,0,-0.171843,0.000000,-0.038425,-1.029757,-0.171843,1,1,1,2.130156,0.000000,0.000000,0.000000,0.000000,0.000000,0.000000,0.000000
1.6101,1.101990,-0.159534,-0.010186,0.000000,-0.001980,-0.032289,1,-1.029757,19,0.033925,-0.042012,1.101990,-0.006597,-1.062633,-0.010186,1.101990,-1.036326,-0.010186,-0.159534,0.000000,0.013045,-0.418292,-34.168916,0.026307,0.000000,0.000000,0.003848,-0.000843,0.000000,0.033925,-0.042012,-9.809851,-0.004881,0.026353,0.209442,0.374868,0.016724,27.000000,0.013045,1.101990,-0.006597,-0.159534,0.000000,0.026000,0.000000,106,0,1,32,30,-0.026589,0.005971,0.199195,-0.130884,0.410001,8.549310,-1.195928,0.016724,0.004095,7,1,0,0.000000,0,-1.029757,0.000000,-0.001980,0,-0.171843,0.000000,-0.032289,-1.029757,-0.171843,1,1,1,2.130274,0.000000,0.000000,0.000000,0.000000,0.000000,0.000000,0.000000
1.6201,1.100935,-0.158767,0.141010,0.000000,0.002542,-0.033823,1,-1.029757,28,0.032762,-0.039218,1.100935,-0.012776,-1.061432,0.141010,1.100935,-1.035443,0.141010,-0.158767,0.000000,0.013045,-0.418292,-34.168916,0.025989,0.000000,0.000000,0.003868,-0.000772,0.000000,0.032762,-0.039218,-9.809867,-0.029262,0.016266,-0.000014,0.376522,0.016464,27.000000,0.013045,1.100935,-0.012776,-0.158767,0.000000,0.026000,0.000000,111,0,1,32,30,-0.024443,-0.021037,0.141283,0.239114,0.521814,11.134688,-1.194274,0.016464,0.003930,6,1,0,0.000000,0,-1.029757,0.000000,0.002542,0,-0.171843,0.000000,-0.033823,-1.029757,-0.171843,1,1,1,2.130385,0.000000,0.000000,0.000000,0.000000,0.000000,0.000000,0.000000
1.6301,1.100456,-0.158000,0.104823,0.000000,0.005402,-0.035357,1,-1.029757,37,0.031636,-0.037002,1.100456,-0.010681,-1.060936,0.104823,1.100456,-1.034945,0.104823,-0.158000,0.000000,0.013045,-0.418292,-34.168916,0.025990,0.000000,0.000000,0.002146,-0.000225,0.000000,0.031636,-0.037002,-9.809879,-0.021713,0.002986,-0.000013,0.377790,0.016262,27.000000,0.013045,1.100456,-0.010681,-0.158000,0.000000,0.026000,0.000000,116,0,1,32,30,-0.009514,-0.018376,0.105059,0.217635,0.108600,9.742811,-1.193007,0.016262,0.003779,7,1,0,0.000000,0,-1.029757,0.000000,0.005402,0,-0.171843,0.000000,-0.035357,-1.029757,-0.171843,1,1,1,2.130492,0.000000,0.000000,0.000000,0.000000,0.000000,0.000000,0.000000
1.6401,1.100938,-0.156466,0.086648,0.000000,0.016308,-0.046095,1,-1.029757,47,0.031042,-0.034579,1.100938,0.005550,-1.061483,0.086648,1.100935,-1.035440,0.086648,-0.156466,0.000000,0.013030,-0.418292,-34.168916,0.026043,0.000000,0.000036,0.003879,-0.000358,0.000036,0.031042,-0.034579,-9.809890,0.010768,0.042714,0.000000,0.378832,0.016019,27.000000,0.013045,1.100935,0.005550,-0.156466,0.000000,0.026000,0.000000,121,0,1,32,30,-0.037314,0.024539,0.086336,0.610670,-0.131063,9.807651,-1.191965,0.016019,0.003675,6,1,0,0.000000,0,-1.029757,0.000000,0.016308,0,-0.171843,0.000000,-0.046095,-1.029757,-0.171843,1,1,1,2.130597,0.000000,0.000000,0.000000,0.000000,0.000000,0.000000,0.000000
1.6501,1.101607,-0.155699,0.032961,0.000000,0.013159,-0.039959,1,-1.029757,58,0.032886,-0.030381,1.101607,0.005550,-1.061605,0.032961,1.101607,-1.035589,0.032961,-0.155699,0.000000,0.013038,-0.418292,-34.168916,0.026016,0.000000,0.000016,0.002015,0.000200,0.000016,0.032886,-0.030381,-9.809898,-0.004784,0.046652,0.000000,0.379449,0.015578,27.000000,0.013045,1.101607,0.005550,-0.155699,0.000000,0.026000,0.000000,126,0,1,32,30,-0.045853,0.010264,0.032830,0.574200,-0.863937,9.522721,-1.191347,0.015578,0.003792,7,1,0,0.000000,0,-1.029757,0.000000,0.013159,0,-0.171843,0.000000,-0.039959,-1.029757,-0.171843,1,1,1,2.130703,0.000000,0.000000,0.000000,0.000000,0.000000,0.000000,0.000000
1.6601,1.102565,-0.155699,-0.069417,0.000000,0.012988,-0.032289,1,-1.029757,67,0.034317,-0.027432,1.102565,0.014765,-1.061693,-0.069417,1.102565,-1.035699,-0.069417,-0.155699,0.000000,0.013045,-0.418292,-34.168916,0.025994,0.000000,0.000000,0.003820,0.000575,0.000000,0.034317,-0.027432,-9.809902,0.010351,0.002211,0.000008,0.379338,0.015265,27.000000,0.013045,1.102565,0.014765,-0.155699,0.000000,0.026000,0.000000,131,0,1,32,30,0.001079,0.009623,-0.069541,0.430946,-0.497578,10.052683,-1.191458,0.015265,0.003890,6,1,0,0.000000,0,-1.029757,0.000000,0.012988,0,-0.171843,0.000000,-0.032289,-1.029757,-0.171843,1,1,1,2.130812,0.000000,0.000000,0.000000,0.000000,0.000000,0.000000,0.000000
1.6701,1.103620,-0.155699,-0.079756,0.000000,0.020080,-0.032289,1,-1.029757,77,0.035734,-0.027972,1.103620,0.006597,-1.062376,-0.079756,1.103620,-1.036382,-0.079756,-0.155699,0.000000,0.013045,-0.418292,-34.168916,0.025994,0.000000,0.000000,0.001952,0.000156,0.000000,0.035734,-0.027972,-9.809895,0.028757,-0.012040,0.000018,0.378653,0.015297,27.000000,0.013045,1.103620,0.006597,-0.155699,0.000000,0.026000,0.000000,136,0,1,32,30,0.020273,0.022642,-0.080041,-0.133889,0.023077,10.459505,-1.192144,0.015297,0.004041,7,1,0,0.000000,0,-1.029757,0.000000,0.020080,0,-0.171843,0.000000,-0.032289,-1.029757,-0.171843,1,1,1,2.130927,0.000000,0.000000,0.000000,0.000000,0.000000,0.000000,0.000000
1.6801,1.103333,-0.156466,0.005807,-0.209440,0.013622,-0.023085,1,-1.029757,87,0.036719,-0.029405,1.103333,-0.001466,-1.062229,0.005807,1.103333,-1.036413,0.005807,-0.156466,-0.209440,0.013045,-0.418292,-34.168916,0.025816,0.000000,0.000000,0.001987,0.000019,0.000000,0.036719,-0.029405,-9.809887,0.025333,0.007036,-0.104701,0.377852,0.015422,27.000000,0.013045,1.103333,-0.001466,-0.156466,-0.209440,0.026000,0.000000,141,0,1,32,30,0.001054,0.024979,-0.099229,0.043882,-0.223116,8.715328,-1.192944,0.015422,0.004165,7,1,0,0.000000,0,-1.029757,0.000000,0.013622,0,-0.171843,0.000000,-0.023085,-1.029757,-0.171843,1,1,1,2.131043,0.000000,0.000000,0.000000,0.000000,0.000000,0.000000,0.000000
1.6901,1.103524,-0.157233,0.087811,0.000000,0.017177,-0.021551,1,-1.029757,97,0.038527,-0.030368,1.103524,0.002513,-1.062408,0.087811,1.103524,-1.036735,0.087811,-0.157233,0.000000,0.013045,-0.418292,-34.168916,0.025672,0.001000,0.000000,0.001996,-0.000128,0.000000,0.038527,-0.030368,-9.809877,0.016172,-0.018352,-0.208433,0.376760,0.015487,27.000000,0.013045,1.103524,0.002513,-0.157233,0.000000,0.026000,0.001000,146,0,1,32,30,0.022411,0.008228,-0.120740,-0.170769,0.186453,11.169335,-1.194037,0.015487,0.004364,7,1,0,0.000000,0,-1.029757,0.000000,0.017177,0,-0.171843,0.000000,-0.021551,-1.029757,-0.171843,1,1,1,2.131159,0.000000,0.000000,0.000000,0.000000,0.000000,0.000000,0.000000
1.7001,1.103524,-0.158000,-0.012382,-0.104720,0.018338,-0.020017,1,-1.029757,109,0.040120,-0.032539,1.103524,0.001466,-1.062921,-0.012382,1.103524,-1.037100,-0.012382,-0.158000,-0.104720,0.013045,-0.418292,-34.168916,0.025821,0.001000,0.000000,0.003850,0.000030,0.000000,0.040120,-0.032539,-9.809864,0.028190,-0.021232,-0.103706,0.375624,0.015677,27.000000,0.013045,1.103524,0.001466,-0.158000,-0.104720,0.026000,0.001000,151,0,1,32,30,0.028805,0.018874,-0.116344,0.083882,-0.466268,9.047875,-1.195173,0.015677,0.004561,7,1,0,0.000000,0,-1.029757,0.000000,0.018338,0,-0.171843,0.000000,-0.020017,-1.029757,-0.171843,1,1,1,2.131276,0.000000,0.000000,0.000000,0.000000,0.000000,0.000000,0.000000
1.7101,1.103237,-0.159534,-0.121535,0.000000,0.009731,-0.009279,1,-1.029757,117,0.041174,-0.034593,1.103237,0.001466,-1.063445,-0.121535,1.103237,-1.036687,-0.121535,-0.159534,0.000000,0.013045,-0.418292,-34.168916,0.026757,0.001000,0.000000,0.002001,0.000108,0.000000,0.041174,-0.034593,-9.809853,0.016941,-0.006923,0.001009,0.374500,0.015860,27.000000,0.013045,1.103237,0.001466,-0.159534,0.000000,0.026000,0.001000,156,0,1,32,30,0.011734,0.012471,-0.120699,-0.203297,0.090546,9.637081,-1.196297,0.015860,0.004705,7,1,0,0.000000,0,-1.029757,0.000000,0.009731,0,-0.171843,0.000000,-0.009279,-1.029757,-0.171843,1,1,1,2.131393,0.000000,0.000000,0.000000,0.000000,0.000000,0.000000,0.000000
1.7201,1.103428,-0.159534,0.018049,-0.104720,0.025663,-0.024619,1,-1.029757,127,0.041538,-0.035825,1.103428,-0.000419,-1.063493,0.018049,1.103428,-1.037671,0.018049,-0.159534,-0.104720,0.013045,-0.418292,-34.168916,0.025822,0.000000,0.000000,0.002124,-0.000038,0.000000,0.041538,-0.035825,-9.809847,0.006562,-0.012489,-0.104718,0.373515,0.015978,27.000000,0.013045,1.103428,-0.000419,-0.159534,-0.104720,0.026000,0.000000,161,0,1,32,30,0.013890,0.001339,-0.086693,0.131855,0.286225,10.069935,-1.197282,0.015978,0.004761,6,1,0,0.000000,0,-1.029757,0.000000,0.025663,0,-0.171843,0.000000,-0.024619,-1.029757,-0.171843,1,1,1,2.131510,0.000000,0.000000,0.000000,0.000000,0.000000,0.000000,0.000000
1.7301,1.103332,-0.160301,-0.088490,0.000000,0.016552,-0.015415,1,-1.029757,138,0.043046,-0.037071,1.103332,-0.000419,-1.063667,-0.088490,1.103333,-1.037731,-0.088490,-0.160301,0.000000,0.013044,-0.418292,-34.168916,0.025935,0.000000,0.000002,0.003907,0.000133,0.000002,0.043046,-0.037071,-9.809836,0.016868,-0.002488,0.000000,0.372684,0.016074,27.000000,0.013045,1.103333,-0.000419,-0.160301,0.000000,0.026000,0.000000,166,0,1,32,30,0.007472,0.014170,-0.088683,-0.596046,0.413674,9.783628,-1.198112,0.016074,0.004936,6,1,0,0.000000,0,-1.029757,0.000000,0.016552,0,-0.171843,0.000000,-0.015415,-1.029757,-0.171843,1,1,1,2.131628,0.000000,0.000000,0.000000,0.000000,0.000000,0.000000,0.000000
1.7401,1.102949,-0.161068,0.134291,0.000000,0.017848,-0.013881,1,-1.029757,147,0.043292,-0.036162,1.102949,-0.001466,-1.063476,0.134291,1.102949,-1.037890,0.134291,-0.161068,0.000000,0.013045,-0.418292,-34.168916,0.025586,0.001000,0.000000,0.003863,-0.000568,0.000000,0.043292,-0.036162,-9.809838,-0.010456,0.004493,-0.208446,0.371759,0.015976,27.000000,0.013045,1.102949,-0.001466,-0.161068,0.000000,0.026000,0.001000,171,0,1,32,30,-0.007441,-0.009577,-0.074037,0.026922,0.200346,10.049862,-1.199037,0.015976,0.004948,7,1,0,0.000000,0,-1.029757,0.000000,0.017848,0,-0.171843,0.000000,-0.013881,-1.029757,-0.171843,1,1,1,2.131744,0.000000,0.000000,0.000000,0.000000,0.000000,0.000000,0.000000
1.7501,1.103428,-0.161835,-0.064143,0.000000,0.014699,-0.012347,1,-1.029757,157,0.044207,-0.035048,1.103428,0.004503,-1.063749,-0.064143,1.103428,-1.037759,-0.064143,-0.161835,0.000000,0.013045,-0.418292,-34.168916,0.025990,0.001000,0.000000,0.003848,0.000140,0.000000,0.044207,-0.035048,-9.809838,-0.000995,0.023169,0.001005,0.371122,0.015845,27.000000,0.013045,1.103428,0.004503,-0.161835,0.000000,0.026000,0.001000,176,0,1,32,30,-0.022396,0.005197,-0.063211,-0.205459,-0.144633,8.543688,-1.199674,0.015845,0.005024,7,1,0,0.000000,0,-1.029757,0.000000,0.014699,0,-0.171843,0.000000,-0.012347,-1.029757,-0.171843,1,1,1,2.131862,0.000000,0.000000,0.000000,0.000000,0.000000,0.000000,0.000000
1.7601,1.103332,-0.161835,-0.031333,0.000000,0.020627,-0.020017,1,-1.029757,164,0.043950,-0.033279,1.103332,-0.000419,-1.064114,-0.031333,1.103333,-1.038144,-0.031333,-0.161835,0.000000,0.013040,-0.418292,-34.168916,0.025970,0.002000,0.000013,0.001999,0.000159,0.000013,0.043950,-0.033279,-9.809845,-0.013423,0.016985,0.002000,0.370738,0.015666,27.000000,0.013045,1.103333,-0.000419,-0.161835,0.000000,0.026000,0.002000,181,0,1,32,30,-0.020237,-0.008072,-0.029230,-0.094350,0.177403,11.131011,-1.200058,0.015666,0.004969,7,1,0,0.000000,0,-1.029757,0.000000,0.020627,0,-0.171843,0.000000,-0.020017,-1.029757,-0.171843,1,1,1,2.131979,0.000000,0.000000,0.000000,0.000000,0.000000,0.000000,0.000000
1.7701,1.103141,-0.161835,0.019826,0.000000,0.016487,-0.020017,1,-1.029757,175,0.044487,-0.031095,1.103141,0.000419,-1.064112,0.019826,1.103141,-1.038120,0.019826,-0.161835,0.000000,0.013045,-0.418292,-34.168916,0.025992,0.000000,0.000000,0.003976,-0.000133,0.000000,0.044487,-0.031095,-9.809850,-0.009284,0.013803,-0.000004,0.370763,0.015442,27.000000,0.013045,1.103141,0.000419,-0.161835,0.000000,0.026000,0.000000,186,0,1,32,30,-0.015957,-0.004438,0.019882,-0.127742,-0.234774,8.877797,-1.200033,0.015442,0.004987,7,1,0,0.000000,0,-1.029757,0.000000,0.016487,0,-0.171843,0.000000,-0.020017,-1.029757,-0.171843,1,1,1,2.132097,0.000000,0.000000,0.000000,0.000000,0.000000,0.000000,0.000000
1.7801,1.103237,-0.161835,0.013639,0.000000,0.014952,-0.020017,1,-1.029757,184,0.043623,-0.029242,1.103237,0.000419,-1.063965,0.013639,1.103237,-1.037972,0.013639,-0.161835,0.000000,0.013045,-0.418292,-34.168916,0.025993,0.000000,0.000000,0.003913,0.000047,0.000000,0.043623,-0.029242,-9.809859,0.000969,0.010335,0.000003,0.370913,0.015270,27.000000,0.013045,1.103237,0.000419,-0.161835,0.000000,0.026000,0.000000,191,0,1,32,30,-0.009564,0.004213,0.013588,0.048671,-0.347974,10.312339,-1.199883,0.015270,0.004870,7,1,0,0.000000,0,-1.029757,0.000000,0.014952,0,-0.171843,0.000000,-0.020017,-1.029757,-0.171843,1,1,1,2.132214,0.000000,0.000000,0.000000,0.000000,0.000000,0.000000,0.000000
1.7901,1.103237,-0.161835,0.041028,0.000000,0.013315,-0.020017,1,-1.029757,194,0.042714,-0.028319,1.103237,-0.001466,-1.063706,0.041028,1.103237,-1.037713,0.041028,-0.161835,0.000000,0.013045,-0.418292,-34.168916,0.025993,-0.002000,0.000000,0.001988,-0.000170,0.000000,0.042714,-0.028319,-9.809866,-0.006521,0.003477,-0.002003,0.371175,0.015192,27.000000,0.013045,1.103237,-0.001466,-0.161835,0.000000,0.026000,-0.002000,196,0,1,32,30,-0.005278,-0.004663,0.039088,0.124654,-0.260933,10.236700,-1.199621,0.015192,0.004763,7,1,0,0.000000,0,-1.029757,0.000000,0.013315,0,-0.171843,0.000000,-0.020017,-1.029757,-0.171843,1,1,1,2.132330,0.000000,0.000000,0.000000,0.000000,0.000000,0.000000,0.000000
1.8001,1.103342,-0.161068,0.060220,0.000000,0.019132,-0.029221,1,-1.029757,204,0.041998,-0.028169,1.103342,-0.002513,-1.064008,0.060220,1.103333,-1.037981,0.060220,-0.161068,0.000000,0.012975,-0.418292,-34.168916,0.026027,-0.002000,0.000166,0.001999,-0.000103,0.000166,0.041998,-0.028169,-9.809870,-0.005701,-0.000751,-0.002000,0.371675,0.015123,27.000000,0.013045,1.103333,-0.002513,-0.161068,0.000000,0.026000,-0.002000,0,0,1,32,30,-0.001010,-0.000547,0.051939,0.150185,-0.209238,9.146206,-1.199156,0.015124,0.004690,7,1,0,0.000000,0,-1.029757,0.000000,0.019132,0,-0.171843,0.000000,-0.029221,-1.029757,-0.171843,1,1,1,2.132446,0.000000,0.000000,0.000000,0.000000,0.000000,0.000000,0.000000
1.8101,1.103145,-0.161068,0.059124,0.000000,0.008997,-0.021551,1,-1.029757,214,0.041789,-0.027801,1.103145,-0.000419,-1.063394,0.059124,1.103141,-1.037360,0.059124,-0.161068,0.000000,0.013017,-0.418292,-34.168916,0.026034,-0.001000,0.000067,0.003945,-0.000446,0.000067,0.041789,-0.027801,-9.809872,-0.006525,-0.012213,-0.001000,0.372297,0.015131,27.000000,0.013045,1.103141,-0.000419,-0.161068,0.000000,0.026000,-0.001000,5,0,1,32,30,0.011796,0.003679,0.058399,-0.027600,-0.094791,10.716791,-1.198540,0.015123,0.004666,6,1,0,0.000000,0,-1.029757,0.000000,0.008997,0,-0.171843,0.000000,-0.021551,-1.029757,-0.171843,1,1,1,2.132561,0.000000,0.000000,0.000000,0.000000,0.000000,0.000000,0.000000
1.8201,1.103524,-0.161068,0.030564,0.000000,0.010645,-0.021551,1,-1.029757,223,0.041195,-0.028233,1.103524,0.001466,-1.063740,0.030564,1.103524,-1.036980,0.030564,-0.161068,0.000000,0.013045,-0.418292,-34.168916,0.026760,0.000000,0.000000,0.001889,0.000130,0.000000,0.041195,-0.028233,-9.809873,0.000921,-0.012078,-0.000002,0.372677,0.015212,27.000000,0.013045,1.103524,0.001466,-0.161068,0.000000,0.026000,0.000000,10,0,1,32,30,0.011794,-0.002364,0.030595,0.350302,-0.187296,8.926437,-1.198119,0.015212,0.004607,7,1,0,0.000000,0,-1.029757,0.000000,0.010645,0,-0.171843,0.000000,-0.021551,-1.029757,-0.171843,1,1,1,2.132673,0.000000,0.000000,0.000000,0.000000,0.000000,0.000000,0.000000
1.8301,1.103333,-0.160301,0.039555,0.000000,0.018712,-0.030755,1,-1.029757,233,0.042080,-0.030204,1.103333,-0.000419,-1.063328,0.039555,1.103333,-1.037336,0.039555,-0.160301,0.000000,0.013045,-0.418292,-34.168916,0.025992,0.000000,0.000000,0.003860,-0.000255,0.000000,0.042080,-0.030204,-9.809863,0.019692,-0.008347,0.000013,0.373086,0.015400,27.000000,0.013045,1.103333,-0.000419,-0.160301,0.000000,0.026000,0.000000,15,0,1,32,30,0.013911,0.016762,0.039353,-0.277371,0.183315,10.642860,-1.197710,0.015400,0.004727,6,1,0,0.000000,0,-1.029757,0.000000,0.018712,0,-0.171843,0.000000,-0.030755,-1.029757,-0.171843,1,1,1,2.132788,0.000000,0.000000,0.000000,0.000000,0.000000,0.000000,0.000000
1.8401,1.102949,-0.159534,0.013653,0.000000,0.021029,-0.032289,1,-1.029757,243,0.042514,-0.031315,1.102949,-0.002513,-1.063817,0.013653,1.102949,-1.037825,0.013653,-0.159534,0.000000,0.013045,-0.418292,-34.168916,0.025992,0.000000,0.000000,0.002134,-0.000120,0.000000,0.042514,-0.031315,-9.809858,0.006171,-0.005919,0.000003,0.373362,0.015508,27.000000,0.013045,1.102949,-0.002513,-0.159534,0.000000,0.026000,0.000000,20,0,1,32,30,0.007513,0.004262,0.013602,-0.051103,-0.103575,9.099285,-1.197434,0.015508,0.004786,6,1,0,0.000000,0,-1.029757,0.000000,0.021029,0,-0.171843,0.000000,-0.032289,-1.029757,-0.171843,1,1,1,2.132901,0.000000,0.000000,0.000000,0.000000,0.000000,0.000000,0.000000
1.8501,1.103237,-0.160301,-0.024938,0.000000,0.008415,-0.015415,1,-1.029757,251,0.042573,-0.031777,1.103237,0.004503,-1.063940,-0.024938,1.103237,-1.037182,-0.024938,-0.160301,0.000000,0.013045,-0.418292,-34.168916,0.026758,0.000000,0.000000,0.002046,0.000049,0.000000,0.042573,-0.031777,-9.809856,-0.001669,-0.006169,-0.000002,0.373238,0.015550,27.000000,0.013045,1.103237,0.004503,-0.160301,0.000000,0.026000,0.000000,25,0,1,32,30,0.005375,-0.003782,-0.024893,0.025179,0.085702,9.263934,-1.197558,0.015550,0.004802,6,1,0,0.000000,0,-1.029757,0.000000,0.008415,0,-0.171843,0.000000,-0.015415,-1.029757,-0.171843,1,1,1,2.133015,0.000000,0.000000,0.000000,0.000000,0.000000,0.000000,0.000000
1.8601,1.103524,-0.160301,-0.025731,0.000000,0.019205,-0.023085,1,-1.029757,6,0.042268,-0.032693,1.103524,0.001466,-1.063536,-0.025731,1.103524,-1.037545,-0.025731,-0.160301,0.000000,0.013045,-0.418292,-34.168916,0.025991,0.001000,0.000000,0.003730,0.000225,0.000000,0.042268,-0.032693,-9.809854,0.007123,-0.005610,0.001003,0.372875,0.015647,27.000000,0.013045,1.103524,0.001466,-0.160301,0.000000,0.026000,0.001000,30,0,1,32,30,0.007501,0.004772,-0.024792,0.362053,0.160747,10.174098,-1.197921,0.015647,0.004786,6,1,0,0.000000,0,-1.029757,0.000000,0.019205,0,-0.171843,0.000000,-0.023085,-1.029757,-0.171843,1,1,1,2.133125,0.000000,0.000000,0.000000,0.000000,0.000000,0.000000,0.000000
1.8701,1.103524,-0.160301,-0.017992,0.000000,0.017144,-0.023085,1,-1.029757,15,0.043888,-0.032821,1.103524,0.001466,-1.064433,-0.017992,1.103524,-1.037675,-0.017992,-0.160301,0.000000,0.013045,-0.418292,-34.168916,0.026758,0.000000,0.000000,0.003994,0.000048,0.000000,0.043888,-0.032821,-9.809847,0.014706,0.019200,0.000013,0.372742,0.015634,27.000000,0.013045,1.103524,0.001466,-0.160301,0.000000,0.026000,0.000000,35,0,1,32,30,-0.013859,0.019584,-0.018237,-0.291584,0.109841,8.842872,-1.198055,0.015634,0.004951,6,1,0,0.000000,0,-1.029757,0.000000,0.017144,0,-0.171843,0.000000,-0.023085,-1.029757,-0.171843,1,1,1,2.133240,0.000000,0.000000,0.000000,0.000000,0.000000,0.000000,0.000000
1.8801,1.103045,-0.160301,-0.022771,0.000000,0.017390,-0.023085,1,-1.029757,25,0.044835,-0.031058,1.103045,-0.002513,-1.063796,-0.022771,1.103045,-1.037805,-0.022771,-0.160301,0.000000,0.013045,-0.418292,-34.168916,0.025992,0.000000,0.000000,0.001973,0.000036,0.000000,0.044835,-0.031058,-9.809848,-0.005552,0.012756,-0.000001,0.372612,0.015441,27.000000,0.013045,1.103045,-0.002513,-0.160301,0.000000,0.026000,0.000000,40,0,1,32,30,-0.013838,-0.001728,-0.022751,-0.229086,0.143561,10.766908,-1.198184,0.015441,0.005018,6,1,0,0.000000,0,-1.029757,0.000000,0.017390,0,-0.171843,0.000000,-0.023085,-1.029757,-0.171843,1,1,1,2.133352,0.000000,0.000000,0.000000,0.000000,0.000000,0.000000,0.000000
1.8901,1.103428,-0.160301,-0.037751,0.000000,0.019730,-0.023085,1,-1.029757,35,0.045321,-0.029468,1.103428,0.004503,-1.064100,-0.037751,1.103428,-1.038108,-0.037751,-0.160301,0.000000,0.013045,-0.418292,-34.168916,0.025992,0.000000,0.000000,0.003812,0.000217,0.000000,0.045321,-0.029468,-9.809851,-0.007860,0.014266,-0.000003,0.372310,0.015273,27.000000,0.013045,1.103428,0.004503,-0.160301,0.000000,0.026000,0.000000,45,0,1,32,30,-0.015975,-0.003673,-0.037709,0.024647,-0.213211,8.686705,-1.198487,0.015273,0.005041,7,1,0,0.000000,0,-1.029757,0.000000,0.019730,0,-0.171843,0.000000,-0.023085,-1.029757,-0.171843,1,1,1,2.133464,0.000000,0.000000,0.000000,0.000000,0.000000,0.000000,0.000000
1.9001,1.103237,-0.161068,-0.029369,0.000000,0.011192,-0.013881,1,-1.029757,45,0.044959,-0.028557,1.103237,0.001466,-1.063641,-0.029369,1.103237,-1.037649,-0.029369,-0.161068,0.000000,0.013045,-0.418292,-34.168916,0.025993,0.000000,0.000000,0.001999,0.000152,0.000000,0.044959,-0.028557,-9.809855,-0.012225,0.006160,-0.000007,0.372003,0.015183,27.000000,0.013045,1.103237,0.001466,-0.161068,0.000000,0.026000,0.000000,50,0,1,32,30,-0.009562,-0.010179,-0.029246,-0.256831,0.082875,11.034250,-1.198793,0.015183,0.004991,7,1,0,0.000000,0,-1.029757,0.000000,0.011192,0,-0.171843,0.000000,-0.013881,-1.029757,-0.171843,1,1,1,2.133576,0.000000,0.000000,0.000000,0.000000,0.000000,0.000000,0.000000
1.9101,1.103333,-0.161068,-0.001645,0.000000,0.017865,-0.021551,1,-1.029757,55,0.044838,-0.026795,1.103333,0.001466,-1.063816,-0.001645,1.103333,-1.037822,-0.001645,-0.161068,0.000000,0.013045,-0.418292,-34.168916,0.025994,0.000000,0.000000,0.002011,-0.000074,0.000000,0.044838,-0.026795,-9.809861,-0.012268,0.003900,-0.000008,0.371831,0.015008,27.000000,0.013045,1.103333,0.001466,-0.161068,0.000000,0.026000,0.000000,55,0,1,32,30,-0.007419,-0.010541,-0.001515,0.372138,-0.557120,9.449109,-1.198965,0.015008,0.004950,7,1,0,0.000000,0,-1.029757,0.000000,0.017865,0,-0.171843,0.000000,-0.021551,-1.029757,-0.171843,1,1,1,2.133688,0.000000,0.000000,0.000000,0.000000,0.000000,0.000000,0.000000
1.9201,1.103237,-0.161068,0.010842,0.000000,0.014592,-0.021551,1,-1.029757,65,0.045545,-0.025910,1.103237,-0.002513,-1.063688,0.010842,1.103237,-1.037694,0.010842,-0.161068,0.000000,0.013045,-0.418292,-34.168916,0.025994,-0.001000,0.000000,0.003875,-0.000190,0.000000,0.045545,-0.025910,-9.809860,0.021343,0.010092,-0.000985,0.371959,0.014907,27.000000,0.013045,1.103237,-0.002513,-0.161068,0.000000,0.026000,-0.001000,60,0,1,32,30,-0.003182,0.023520,0.009551,-0.327706,-0.323296,9.068187,-1.198838,0.014907,0.005007,7,1,0,0.000000,0,-1.029757,0.000000,0.014592,0,-0.171843,0.000000,-0.021551,-1.029757,-0.171843,1,1,1,2.133799,0.000000,0.000000,0.000000,0.000000,0.000000,0.000000,0.000000
1.9301,1.103237,-0.160301,0.009034,0.000000,0.023006,-0.030755,1,-1.029757,75,0.045397,-0.025921,1.103237,0.002513,-1.063515,0.009034,1.103237,-1.038288,0.009034,-0.160301,0.000000,0.013045,-0.418292,-34.168916,0.025227,0.000000,0.000000,0.001988,0.000077,0.000000,0.045397,-0.025921,-9.809861,-0.006024,-0.016527,-0.000006,0.372131,0.014915,27.000000,0.013045,1.103237,0.002513,-0.160301,0.000000,0.026000,0.000000,65,0,1,32,30,0.013931,-0.010622,0.009167,0.153658,-0.036379,10.640933,-1.198665,0.014915,0.004991,6,1,0,0.000000,0,-1.029757,0.000000,0.023006,0,-0.171843,0.000000,-0.030755,-1.029757,-0.171843,1,1,1,2.133909,0.000000,0.000000,0.000000,0.000000,0.000000,0.000000,0.000000
1.9401,1.103237,-0.161068,0.012326,0.000000,0.006679,-0.013881,1,-1.029757,86,0.045703,-0.026745,1.103237,0.000419,-1.063417,0.012326,1.103237,-1.037423,0.012326,-0.161068,0.000000,0.013045,-0.418292,-34.168916,0.025994,-0.001000,0.000000,0.003842,-0.000128,0.000000,0.045703,-0.026745,-9.809857,0.001318,-0.018666,-0.001004,0.372229,0.014989,27.000000,0.013045,1.103237,0.000419,-0.161068,0.000000,0.026000,-0.001000,70,0,1,32,30,0.018194,-0.004227,0.011379,-0.136958,-0.085676,9.195114,-1.198568,0.014989,0.005036,6,1,0,0.000000,0,-1.029757,0.000000,0.006679,0,-0.171843,0.000000,-0.013881,-1.029757,-0.171843,1,1,1,2.134019,0.000000,0.000000,0.000000,0.000000,0.000000,0.000000,0.000000
1.9501,1.103428,-0.161068,0.013559,0.000000,0.016213,-0.021551,1,-1.029757,96,0.044653,-0.027327,1.103428,0.002513,-1.063490,0.013559,1.103428,-1.037496,0.013559,-0.161068,0.000000,0.013045,-0.418292,-34.168916,0.025993,0.000000,0.000000,0.003852,0.000102,0.000000,0.044653,-0.027327,-9.809860,0.004684,-0.015358,-0.000000,0.372156,0.015064,27.000000,0.013045,1.103428,0.002513,-0.161068,0.000000,0.026000,0.000000,75,0,1,32,30,0.016055,0.000012,0.013560,0.219009,0.413187,10.635922,-1.198640,0.015064,0.004940,7,1,0,0.000000,0,-1.029757,0.000000,0.016213,0,-0.171843,0.000000,-0.021551,-1.029757,-0.171843,1,1,1,2.134128,0.000000,0.000000,0.000000,0.000000,0.000000,0.000000,0.000000
1.9601,1.103045,-0.160301,0.023503,0.000000,0.022195,-0.030755,1,-1.029757,106,0.045957,-0.028731,1.103045,-0.002513,-1.064064,0.023503,1.103045,-1.038056,0.023503,-0.160301,0.000000,0.013035,-0.418292,-34.168916,0.026008,-0.001000,0.000024,0.001988,-0.000317,0.000024,0.045957,-0.028731,-9.809850,0.018166,-0.002103,-0.001000,0.372361,0.015178,27.000000,0.013045,1.103045,-0.002513,-0.160301,0.000000,0.026000,-0.001000,80,0,1,32,30,0.007502,0.016970,0.022283,0.005821,-0.261620,8.734058,-1.198435,0.015178,0.005093,7,1,0,0.000000,0,-1.029757,0.000000,0.022195,0,-0.171843,0.000000,-0.030755,-1.029757,-0.171843,1,1,1,2.134237,0.000000,0.000000,0.000000,0.000000,0.000000,0.000000,0.000000
1.9701,1.102949,-0.160301,0.004868,0.000000,0.015171,-0.023085,1,-1.029757,115,0.045676,-0.029645,1.102949,0.001466,-1.063929,0.004868,1.102949,-1.037937,0.004868,-0.160301,0.000000,0.013045,-0.418292,-34.168916,0.025992,0.000000,0.000000,0.003911,0.000059,0.000000,0.045676,-0.029645,-9.809849,-0.003798,-0.009098,-0.000005,0.372479,0.015285,27.000000,0.013045,1.102949,0.001466,-0.160301,0.000000,0.026000,0.000000,85,0,1,32,30,0.007521,-0.006309,0.004946,-0.468472,0.568654,11.182552,-1.198317,0.015285,0.005079,7,1,0,0.000000,0,-1.029757,0.000000,0.015171,0,-0.171843,0.000000,-0.023085,-1.029757,-0.171843,1,1,1,2.134346,0.000000,0.000000,0.000000,0.000000,0.000000,0.000000,0.000000
1.9801,1.103524,-0.161068,-0.012395,0.000000,0.008714,-0.013881,1,-1.029757,125,0.045793,-0.029574,1.103524,0.003560,-1.064059,-0.012395,1.103524,-1.037300,-0.012395,-0.161068,0.000000,0.013045,-0.418292,-34.168916,0.026759,0.000000,0.000000,0.002001,0.000217,0.000000,0.045793,-0.029574,-9.809849,-0.010879,-0.013570,-0.000011,0.372350,0.015272,27.000000,0.013045,1.103524,0.003560,-0.161068,0.000000,0.026000,0.000000,90,0,1,32,30,0.009659,-0.014624,-0.012216,0.160558,0.144932,9.896266,-1.198447,0.015272,0.005092,6,1,0,0.000000,0,-1.029757,0.000000,0.008714,0,-0.171843,0.000000,-0.013881,-1.029757,-0.171843,1,1,1,2.134454,0.000000,0.000000,0.000000,0.000000,0.000000,0.000000,0.000000
1.9901,1.103333,-0.161068,-0.007224,0.000000,0.016345,-0.021551,1,-1.029757,135,0.046486,-0.029584,1.103333,-0.000419,-1.064164,-0.007224,1.103333,-1.037405,-0.007224,-0.161068,0.000000,0.013045,-0.418292,-34.168916,0.026759,0.000000,0.000000,0.003850,-0.000062,0.000000,0.046486,-0.029584,-9.809845,0.019822,0.016331,0.000016,0.372244,0.015262,27.000000,0.013045,1.103333,-0.000419,-0.161068,0.000000,0.026000,0.000000,95,0,1,32,30,-0.009591,0.023729,-0.007518,-0.099738,-0.090504,8.812272,-1.198553,0.015262,0.005162,6,1,0,0.000000,0,-1.029757,0.000000,0.016345,0,-0.171843,0.000000,-0.021551,-1.029757,-0.171843,1,1,1,2.134564,0.000000,0.000000,0.000000,0.000000,0.000000,0.000000,0.000000
2.0001,1.103237,-0.160301,0.003237,0.000000,0.023653,-0.030755,1,-1.029757,145,0.047226,-0.029223,1.103237,0.000419,-1.064095,0.003237,1.103237,-1.038101,0.003237,-0.160301,0.000000,0.013016,-0.418292,-34.168916,0.025994,0.000000,0.000069,0.001993,0.000088,0.000069,0.047226,-0.029223,-9.809843,0.009445,0.019765,0.000000,0.372313,0.015188,27.000000,0.013045,1.103237,0.000419,-0.160301,0.000000,0.026000,0.000000,100,0,1,32,30,-0.015983,0.015021,0.003042,0.045142,-0.096907,9.338676,-1.198483,0.015188,0.005228,6,1,0,0.000000,0,-1.029757,0.000000,0.023653,0,-0.171843,0.000000,-0.030755,-1.029757,-0.171843,1,1,1,2.134673,0.000000,0.000000,0.000000,0.000000,0.000000,0.000000,0.000000
2.0101,1.103045,-0.160301,-0.027132,0.000000,0.018181,-0.023085,1,-1.029757,155,0.047656,-0.027138,1.103045,0.002513,-1.064219,-0.027132,1.103045,-1.038226,-0.027132,-0.160301,0.000000,0.013045,-0.418292,-34.168916,0.025994,0.000000,0.000000,0.002081,0.000145,0.000000,0.047656,-0.027138,-9.809847,-0.007561,0.005396,-0.000005,0.372190,0.015000,27.000000,0.013045,1.103045,0.002513,-0.160301,0.000000,0.026000,0.000000,105,0,1,32,30,-0.007431,-0.005927,-0.027062,-0.252654,0.191559,9.197825,-1.198607,0.015000,0.005238,7,1,0,0.000000,0,-1.029757,0.000000,0.018181,0,-0.171843,0.000000,-0.023085,-1.029757,-0.171843,1,1,1,2.134780,0.000000,0.000000,0.000000,0.000000,0.000000,0.000000,0.000000
2.0201,1.103428,-0.161068,-0.029364,0.000000,0.010542,-0.013881,1,-1.029757,165,0.047020,-0.026129,1.103428,0.003560,-1.064454,-0.029364,1.103428,-1.037693,-0.029364,-0.161068,0.000000,0.013045,-0.418292,-34.168916,0.026761,0.000000,0.000000,0.002000,0.000161,0.000000,0.047020,-0.026129,-9.809853,-0.010275,0.000063,-0.000007,0.371957,0.014905,27.000000,0.013045,1.103428,0.003560,-0.161068,0.000000,0.026000,0.000000,110,0,1,32,30,-0.003158,-0.010160,-0.029241,-0.076604,0.296516,10.778114,-1.198839,0.014905,0.005159,7,1,0,0.000000,0,-1.029757,0.000000,0.010542,0,-0.171843,0.000000,-0.013881,-1.029757,-0.171843,1,1,1,2.134888,0.000000,0.000000,0.000000,0.000000,0.000000,0.000000,0.000000
2.0301,1.103524,-0.161068,0.005310,0.000000,0.017774,-0.021551,1,-1.029757,176,0.047332,-0.025681,1.103524,0.002513,-1.063845,0.005310,1.103524,-1.037851,0.005310,-0.161068,0.000000,0.013045,-0.418292,-34.168916,0.025994,0.000000,0.000000,0.003833,-0.000042,0.000000,0.047332,-0.025681,-9.809852,0.008025,0.017058,0.000010,0.371799,0.014855,27.000000,0.013045,1.103524,0.002513,-0.161068,0.000000,0.026000,0.000000,115,0,1,32,30,-0.013845,0.012862,0.005152,0.313206,-0.474882,8.980947,-1.198998,0.014855,0.005183,7,1,0,0.000000,0,-1.029757,0.000000,0.017774,0,-0.171843,0.000000,-0.021551,-1.029757,-0.171843,1,1,1,2.134996,0.000000,0.000000,0.000000,0.000000,0.000000,0.000000,0.000000
2.0401,1.103141,-0.161068,0.011562,0.000000,0.015154,-0.021551,1,-1.029757,186,0.048334,-0.024964,1.103141,-0.001466,-1.063760,0.011562,1.103141,-1.037765,0.011562,-0.161068,0.000000,0.013045,-0.418292,-34.168916,0.025994,0.000000,0.000000,0.003939,-0.000162,0.000000,0.048334,-0.024964,-9.809849,0.004350,0.006934,0.000004,0.371884,0.014766,27.000000,0.013045,1.103141,-0.001466,-0.161068,0.000000,0.026000,0.000000,120,0,1,32,30,-0.005298,0.006390,0.011483,-0.356030,0.070515,9.703773,-1.198912,0.014766,0.005272,7,1,0,0.000000,0,-1.029757,0.000000,0.015154,0,-0.171843,0.000000,-0.021551,-1.029757,-0.171843,1,1,1,2.135103,0.000000,0.000000,0.000000,0.000000,0.000000,0.000000,0.000000
2.0501,1.103141,-0.161068,0.013342,0.000000,0.014641,-0.021551,1,-1.029757,196,0.048559,-0.024079,1.103141,-0.002513,-1.064412,0.013342,1.103141,-1.037650,0.013342,-0.161068,0.000000,0.013045,-0.418292,-34.168916,0.026762,0.000000,0.000000,0.002031,-0.000023,0.000000,0.048559,-0.024079,-9.809850,-0.007356,-0.005745,-0.000005,0.371999,0.014674,27.000000,0.013045,1.103141,-0.002513,-0.161068,0.000000,0.026000,0.000000,125,0,1,32,30,0.003257,-0.008572,0.013450,-0.153151,0.146076,10.566003,-1.198798,0.014674,0.005280,7,1,0,0.000000,0,-1.029757,0.000000,0.014641,0,-0.171843,0.000000,-0.021551,-1.029757,-0.171843,1,1,1,2.135210,0.000000,0.000000,0.000000,0.000000,0.000000,0.000000,0.000000
2.0601,1.103332,-0.160301,-0.011980,0.000000,0.024712,-0.030755,1,-1.029757,205,0.048500,-0.025159,1.103332,0.001466,-1.064381,-0.011980,1.103333,-1.038394,-0.011980,-0.160301,0.000000,0.013014,-0.418292,-34.168916,0.025987,0.000000,0.000074,0.003779,0.000011,0.000074,0.048500,-0.025159,-9.809848,0.006722,-0.012462,0.000000,0.372021,0.014757,27.000000,0.013045,1.103333,0.001466,-0.160301,0.000000,0.026000,0.000000,130,0,1,32,30,0.013911,0.002483,-0.012013,0.103642,-0.393768,9.374012,-1.198775,0.014757,0.005291,6,1,0,0.000000,0,-1.029757,0.000000,0.024712,0,-0.171843,0.000000,-0.030755,-1.029757,-0.171843,1,1,1,2.135315,0.000000,0.000000,0.000000,0.000000,0.000000,0.000000,0.000000
2.0701,1.103236,-0.160301,-0.005805,0.000000,0.018226,-0.023085,1,-1.029757,215,0.047991,-0.025687,1.103236,0.000419,-1.064464,-0.005805,1.103237,-1.038474,-0.005805,-0.160301,0.000000,0.013039,-0.418292,-34.168916,0.025990,0.000000,0.000014,0.002028,-0.000069,0.000014,0.047991,-0.025687,-9.809849,-0.005488,-0.002910,0.000000,0.371942,0.014843,27.000000,0.013045,1.103237,0.000419,-0.160301,0.000000,0.026000,0.000000,135,0,1,32,30,0.001114,-0.006186,-0.005724,0.190274,-0.085600,9.980103,-1.198854,0.014843,0.005248,6,1,0,0.000000,0,-1.029757,0.000000,0.018226,0,-0.171843,0.000000,-0.023085,-1.029757,-0.171843,1,1,1,2.135423,0.000000,0.000000,0.000000,0.000000,0.000000,0.000000,0.000000
2.0801,1.103333,-0.161068,0.003919,0.000000,0.008986,-0.013881,1,-1.029757,225,0.047307,-0.025237,1.103333,0.001466,-1.063764,0.003919,1.103333,-1.037770,0.003919,-0.161068,0.000000,0.013045,-0.418292,-34.168916,0.025994,0.001000,0.000000,0.003846,0.000012,0.000000,0.047307,-0.025237,-9.809853,-0.001772,-0.008447,0.000997,0.371881,0.014811,27.000000,0.013045,1.103333,0.001466,-0.161068,0.000000,0.026000,0.001000,140,0,1,32,30,0.007519,-0.004173,0.004971,0.388854,-0.056825,9.205317,-1.198916,0.014811,0.005173,7,1,0,0.000000,0,-1.029757,0.000000,0.008986,0,-0.171843,0.000000,-0.013881,-1.029757,-0.171843,1,1,1,2.135529,0.000000,0.000000,0.000000,0.000000,0.000000,0.000000,0.000000
2.0901,1.103620,-0.161068,0.011140,0.000000,0.015109,-0.021551,1,-1.029757,234,0.048506,-0.025989,1.103620,0.000419,-1.063687,0.011140,1.103620,-1.037693,0.011140,-0.161068,0.000000,0.013045,-0.418292,-34.168916,0.025994,0.001000,0.000000,0.002112,-0.000119,0.000000,0.048506,-0.025989,-9.809846,0.032596,-0.004264,0.001023,0.371955,0.014867,27.000000,0.013045,1.103620,0.000419,-0.161068,0.000000,0.026000,0.001000,145,0,1,32,30,0.013889,0.029952,0.011773,-0.125089,0.167690,10.365259,-1.198842,0.014867,0.005306,7,1,0,0.000000,0,-1.029757,0.000000,0.015109,0,-0.171843,0.000000,-0.021551,-1.029757,-0.171843,1,1,1,2.135635,0.000000,0.000000,0.000000,0.000000,0.000000,0.000000,0.000000
2.1001,1.103141,-0.160301,0.016090,0.000000,0.022471,-0.030755,1,-1.029757,245,0.049615,-0.027003,1.103141,-0.004503,-1.064237,0.016090,1.103141,-1.038243,0.016090,-0.160301,0.000000,0.013045,-0.418292,-34.168916,0.025994,0.000000,0.000000,0.001992,-0.000237,0.000000,0.049615,-0.027003,-9.809837,0.017023,0.002014,0.000011,0.372169,0.014955,27.000000,0.013045,1.103141,-0.004503,-0.160301,0.000000,0.026000,0.000000,150,0,1,32,30,0.003230,0.017043,0.015881,-0.128098,-0.063719,8.965650,-1.198627,0.014955,0.005433,7,1,0,0.000000,0,-1.029757,0.000000,0.022471,0,-0.171843,0.000000,-0.030755,-1.029757,-0.171843,1,1,1,2.135740,0.000000,0.000000,0.000000,0.000000,0.000000,0.000000,0.000000
2.1101,1.103140,-0.160301,-0.010436,0.000000,0.016421,-0.023085,1,-1.029757,255,0.049716,-0.026942,1.103140,0.000419,-1.064184,-0.010436,1.103141,-1.038197,-0.010436,-0.160301,0.000000,0.013006,-0.418292,-34.168916,0.025987,0.000000,0.000094,0.003837,-0.000022,0.000094,0.049716,-0.026942,-9.809837,-0.018979,-0.009448,0.000000,0.372215,0.014908,27.000000,0.013045,1.103141,0.000419,-0.160301,0.000000,0.026000,0.000000,155,0,1,32,30,0.001125,-0.018894,-0.014406,-0.194443,0.234923,9.561975,-1.198575,0.014906,0.005453,7,1,0,0.000000,0,-1.029757,0.000000,0.016421,0,-0.171843,0.000000,-0.023085,-1.029757,-0.171843,1,1,1,2.135847,0.000000,0.000000,0.000000,0.000000,0.000000,0.000000,0.000000
2.1201,1.103424,-0.161068,-0.025098,0.000000,0.010333,-0.013881,1,-1.029757,9,0.049020,-0.026671,1.103424,0.004503,-1.063627,-0.025098,1.103428,-1.037652,-0.025098,-0.161068,0.000000,0.012983,-0.418292,-34.168916,0.025976,0.000000,0.000149,0.003796,0.000199,0.000149,0.049020,-0.026671,-9.809841,-0.007785,-0.008107,0.000000,0.371995,0.014865,27.000000,0.013045,1.103428,0.004503,-0.161068,0.000000,0.026000,0.000000,160,0,1,32,30,0.001111,-0.010148,-0.029237,-0.086742,0.252001,10.509688,-1.198783,0.014864,0.005379,6,1,0,0.000000,0,-1.029757,0.000000,0.010333,0,-0.171843,0.000000,-0.013881,-1.029757,-0.171843,1,1,1,2.135951,0.000000,0.000000,0.000000,0.000000,0.000000,0.000000,0.000000
2.1301,1.103428,-0.161068,-0.001073,0.000000,0.018373,-0.021551,1,-1.029757,16,0.048782,-0.026363,1.103428,0.003560,-1.063860,-0.001073,1.103428,-1.037867,-0.001073,-0.161068,0.000000,0.013019,-0.418292,-34.168916,0.025993,0.000000,0.000062,0.003872,-0.000013,0.000062,0.048782,-0.026363,-9.809843,0.010132,0.011011,0.000000,0.371780,0.014874,27.000000,0.013045,1.103428,0.003560,-0.161068,0.000000,0.026000,0.000000,165,0,1,32,30,-0.007443,0.012965,-0.001242,0.274499,-0.115083,9.271649,-1.199016,0.014874,0.005340,6,1,0,0.000000,0,-1.029757,0.000000,0.018373,0,-0.171843,0.000000,-0.021551,-1.029757,-0.171843,1,1,1,2.136055,0.000000,0.000000,0.000000,0.000000,0.000000,0.000000,0.000000
2.1401,1.103237,-0.160301,0.013630,0.000000,0.024179,-0.030755,1,-1.029757,26,0.049800,-0.024992,1.103237,-0.001466,-1.063758,0.013630,1.103237,-1.038530,0.013630,-0.160301,0.000000,0.013045,-0.418292,-34.168916,0.025228,0.000000,0.000000,0.001978,-0.000121,0.000000,0.049800,-0.024992,-9.809842,-0.002304,0.020501,0.000003,0.371884,0.014749,27.000000,0.013045,1.103237,-0.001466,-0.160301,0.000000,0.026000,0.000000,170,0,1,32,30,-0.020237,0.004182,0.013579,-0.172167,0.183253,10.652498,-1.198913,0.014749,0.005419,7,1,0,0.000000,0,-1.029757,0.000000,0.024179,0,-0.171843,0.000000,-0.030755,-1.029757,-0.171843,1,1,1,2.136158,0.000000,0.000000,0.000000,0.000000,0.000000,0.000000,0.000000
2.1501,1.103333,-0.161068,-0.003368,0.000000,0.007838,-0.013881,1,-1.029757,35,0.050858,-0.023036,1.103333,-0.000419,-1.064484,-0.003368,1.103333,-1.037721,-0.003368,-0.161068,0.000000,0.013045,-0.418292,-34.168916,0.026763,0.000000,0.000000,0.003944,-0.000018,0.000000,0.050858,-0.023036,-9.809841,0.004075,0.009090,0.000005,0.371925,0.014531,27.000000,0.013045,1.103333,-0.000419,-0.161068,0.000000,0.026000,0.000000,175,0,1,32,30,-0.007437,0.006583,-0.003449,-0.117412,-0.313503,9.058850,-1.198871,0.014531,0.005494,7,1,0,0.000000,0,-1.029757,0.000000,0.007838,0,-0.171843,0.000000,-0.013881,-1.029757,-0.171843,1,1,1,2.136263,0.000000,0.000000,0.000000,0.000000,0.000000,0.000000,0.000000
2.1601,1.103524,-0.161068,-0.012081,0.000000,0.018038,-0.021551,1,-1.029757,45,0.050525,-0.022887,1.103524,0.002513,-1.063893,-0.012081,1.103524,-1.037897,-0.012081,-0.161068,0.000000,0.013045,-0.418292,-34.168916,0.025996,0.000000,0.000000,0.003935,0.000092,0.000000,0.050525,-0.022887,-9.809843,0.003936,-0.017827,-0.000001,0.371750,0.014522,27.000000,0.013045,1.103524,0.002513,-0.161068,0.000000,0.026000,0.000000,180,0,1,32,30,0.018184,-0.001778,-0.012060,0.353785,-0.409912,9.919527,-1.199046,0.014522,0.005458,7,1,0,0.000000,0,-1.029757,0.000000,0.018038,0,-0.171843,0.000000,-0.021551,-1.029757,-0.171843,1,1,1,2.136367,0.000000,0.000000,0.000000,0.000000,0.000000,0.000000,0.000000
2.1701,1.103524,-0.161068,0.009640,0.000000,0.016642,-0.021551,1,-1.029757,55,0.050742,-0.023814,1.103524,0.001466,-1.064689,0.009640,1.103524,-1.037927,0.009640,-0.161068,0.000000,0.013045,-0.418292,-34.168916,0.026762,0.000000,0.000000,0.001979,-0.000001,0.000000,0.050742,-0.023814,-9.809840,0.014499,0.003434,0.000010,0.371719,0.014611,27.000000,0.013045,1.103524,0.001466,-0.161068,0.000000,0.026000,0.000000,185,0,1,32,30,0.001096,0.014985,0.009455,0.112893,-0.251158,9.442445,-1.199077,0.014611,0.005495,6,1,0,0.000000,0,-1.029757,0.000000,0.016642,0,-0.171843,0.000000,-0.021551,-1.029757,-0.171843,1,1,1,2.136469,0.000000,0.000000,0.000000,0.000000,0.000000,0.000000,0.000000
2.1801,1.103141,-0.161068,0.015418,0.000000,0.014786,-0.021551,1,-1.029757,65,0.050473,-0.022540,1.103141,-0.001466,-1.063793,0.015418,1.103141,-1.037798,0.015418,-0.161068,0.000000,0.013045,-0.418292,-34.168916,0.025996,0.000000,0.000000,0.001970,-0.000029,0.000000,0.050473,-0.022540,-9.809844,-0.012046,0.001724,-0.000009,0.371850,0.014488,27.000000,0.013045,1.103141,-0.001466,-0.161068,0.000000,0.026000,0.000000,190,0,1,32,30,-0.005279,-0.010762,0.015551,-0.344625,0.344771,10.730573,-1.198946,0.014488,0.005448,6,1,0,0.000000,0,-1.029757,0.000000,0.014786,0,-0.171843,0.000000,-0.021551,-1.029757,-0.171843,1,1,1,2.136572,0.000000,0.000000,0.000000,0.000000,0.000000,0.000000,0.000000
2.1901,1.103333,-0.160301,-0.001515,0.000000,0.024708,-0.030755,1,-1.029757,75,0.051158,-0.022957,1.103333,0.000419,-1.064512,-0.001515,1.103333,-1.038517,-0.001515,-0.160301,0.000000,0.013045,-0.418292,-34.168916,0.025996,0.000000,0.000000,0.003930,-0.000074,0.000000,0.051158,-0.022957,-9.809840,0.001569,-0.025306,-0.000005,0.371897,0.014523,27.000000,0.013045,1.103333,0.000419,-0.160301,0.000000,0.026000,0.000000,195,0,1,32,30,0.024596,-0.006175,-0.001439,-0.345797,0.359400,10.319191,-1.198900,0.014523,0.005522,7,1,0,0.000000,0,-1.029757,0.000000,0.024708,0,-0.171843,0.000000,-0.030755,-1.029757,-0.171843,1,1,1,2.136676,0.000000,0.000000,0.000000,0.000000,0.000000,0.000000,0.000000
2.2001,1.103333,-0.161068,-0.018293,0.000000,0.009018,-0.013881,1,-1.029757,85,0.050457,-0.024532,1.103333,0.001466,-1.064570,-0.018293,1.103333,-1.037808,-0.018293,-0.161068,0.000000,0.013045,-0.418292,-34.168916,0.026762,0.000000,0.000000,0.003857,0.000045,0.000000,0.050457,-0.024532,-9.809840,0.005098,0.007179,0.000005,0.371838,0.014688,27.000000,0.013045,1.103333,0.001466,-0.161068,0.000000,0.026000,0.000000,200,0,1,32,30,-0.005307,0.006787,-0.018379,0.025078,-0.149223,8.926608,-1.198958,0.014688,0.005478,6,1,0,0.000000,0,-1.029757,0.000000,0.009018,0,-0.171843,0.000000,-0.013881,-1.029757,-0.171843,1,1,1,2.136778,0.000000,0.000000,0.000000,0.000000,0.000000,0.000000,0.000000
2.2101,1.103333,-0.161068,0.000489,0.000000,0.017924,-0.021551,1,-1.029757,96,0.049984,-0.024233,1.103333,0.001466,-1.063955,0.000489,1.103333,-1.037960,0.000489,-0.161068,0.000000,0.013045,-0.418292,-34.168916,0.025995,0.000000,0.000000,0.001983,0.000021,0.000000,0.049984,-0.024233,-9.809843,-0.011672,0.001849,-0.000007,0.371687,0.014666,27.000000,0.013045,1.103333,0.001466,-0.161068,0.000000,0.026000,0.000000,4,0,1,32,30,-0.005283,-0.010563,0.000620,0.297243,0.264261,11.084287,-1.199109,0.014666,0.005426,7,1,0,0.000000,0,-1.029757,0.000000,0.017924,0,-0.171843,0.000000,-0.021551,-1.029757,-0.171843,1,1,1,2.136880,0.000000,0.000000,0.000000,0.000000,0.000000,0.000000,0.000000
2.2201,1.103333,-0.161068,0.020508,0.000000,0.014960,-0.021551,1,-1.029757,105,0.052004,-0.024039,1.103333,-0.001466,-1.063834,0.020508,1.103333,-1.037839,0.020508,-0.161068,0.000000,0.013045,-0.418292,-34.168916,0.025995,0.000000,0.000000,0.003865,-0.000221,0.000000,0.052004,-0.024039,-9.809833,0.021727,0.007969,0.000013,0.371805,0.014613,27.000000,0.013045,1.103333,-0.001466,-0.161068,0.000000,0.026000,0.000000,9,0,1,32,30,-0.001044,0.023385,0.020218,-0.355424,-0.308782,9.441561,-1.198992,0.014613,0.005626,6,1,0,0.000000,0,-1.029757,0.000000,0.014960,0,-0.171843,0.000000,-0.021551,-1.029757,-0.171843,1,1,1,2.136983,0.000000,0.000000,0.000000,0.000000,0.000000,0.000000,0.000000
2.2301,1.103141,-0.161068,-0.014171,0.000000,0.016811,-0.021551,1,-1.029757,115,0.051786,-0.024418,1.103141,-0.000419,-1.064655,-0.014171,1.103141,-1.037893,-0.014171,-0.161068,0.000000,0.013045,-0.418292,-34.168916,0.026762,0.000000,0.000000,0.002002,0.000031,0.000000,0.051786,-0.024418,-9.809833,0.002782,-0.006995,0.000000,0.371751,0.014655,27.000000,0.013045,1.103141,-0.000419,-0.161068,0.000000,0.026000,0.000000,14,0,1,32,30,0.007508,0.000357,-0.014177,-0.124310,0.606733,11.211870,-1.199045,0.014655,0.005610,7,1,0,0.000000,0,-1.029757,0.000000,0.016811,0,-0.171843,0.000000,-0.021551,-1.029757,-0.171843,1,1,1,2.137084,0.000000,0.000000,0.000000,0.000000,0.000000,0.000000,0.000000
2.2401,1.103333,-0.161068,0.000590,0.000000,0.017916,-0.021551,1,-1.029757,125,0.052201,-0.024183,1.103333,0.001466,-1.064792,0.000590,1.103333,-1.038030,0.000590,-0.161068,0.000000,0.013045,-0.418292,-34.168916,0.026762,0.000000,0.000000,0.003816,-0.000050,0.000000,0.052201,-0.024183,-9.809831,-0.008249,0.005175,-0.000005,0.371614,0.014625,27.000000,0.013045,1.103333,0.001466,-0.161068,0.000000,0.026000,0.000000,19,0,1,32,30,-0.007422,-0.006296,0.000668,0.103324,-0.317037,9.355642,-1.199183,0.014625,0.005648,6,1,0,0.000000,0,-1.029757,0.000000,0.017916,0,-0.171843,0.000000,-0.021551,-1.029757,-0.171843,1,1,1,2.137186,0.000000,0.000000,0.000000,0.000000,0.000000,0.000000,0.000000
2.2501,1.103333,-0.160301,-0.016062,0.000000,0.026874,-0.030755,1,-1.029757,135,0.052230,-0.023319,1.103333,0.001466,-1.064886,-0.016062,1.103333,-1.038891,-0.016062,-0.160301,0.000000,0.013045,-0.418292,-34.168916,0.025995,0.000000,0.000000,0.002088,0.000123,0.000000,0.052230,-0.023319,-9.809833,0.007809,0.012528,0.000008,0.371521,0.014542,27.000000,0.013045,1.103333,0.001466,-0.160301,0.000000,0.026000,0.000000,24,0,1,32,30,-0.009580,0.011021,-0.016199,-0.201993,0.037669,10.048079,-1.199276,0.014542,0.005636,6,1,0,0.000000,0,-1.029757,0.000000,0.026874,0,-0.171843,0.000000,-0.030755,-1.029757,-0.171843,1,1,1,2.137289,0.000000,0.000000,0.000000,0.000000,0.000000,0.000000,0.000000
2.2601,1.103428,-0.160301,-0.010168,0.000000,0.019795,-0.023085,1,-1.029757,145,0.052409,-0.022683,1.103428,-0.001466,-1.065014,-0.010168,1.103428,-1.039018,-0.010168,-0.160301,0.000000,0.013045,-0.418292,-34.168916,0.025996,0.000000,0.000000,0.003846,0.000141,0.000000,0.052409,-0.022683,-9.809834,-0.009453,-0.004170,-0.000007,0.371394,0.014475,27.000000,0.013045,1.103428,-0.001466,-0.160301,0.000000,0.026000,0.000000,29,0,1,32,30,0.001117,-0.010403,-0.010040,-0.076703,0.362861,10.826633,-1.199403,0.014475,0.005644,7,1,0,0.000000,0,-1.029757,0.000000,0.019795,0,-0.171843,0.000000,-0.023085,-1.029757,-0.171843,1,1,1,2.137392,0.000000,0.000000,0.000000,0.000000,0.000000,0.000000,0.000000
2.2701,1.103716,-0.161068,-0.012164,0.000000,0.012256,-0.013881,1,-1.029757,157,0.051998,-0.021815,1.103716,0.002513,-1.064483,-0.012164,1.103716,-1.038496,-0.012164,-0.161068,0.000000,0.013038,-0.418292,-34.168916,0.025987,0.000000,0.000018,0.003832,0.000305,0.000018,0.051998,-0.021815,-9.809838,-0.008486,0.014064,0.000000,0.371150,0.014382,27.000000,0.013045,1.103716,0.002513,-0.161068,0.000000,0.026000,0.000000,34,0,1,32,30,-0.015967,-0.004013,-0.012113,0.245595,-0.255346,9.011819,-1.199646,0.014382,0.005589,7,1,0,0.000000,0,-1.029757,0.000000,0.012256,0,-0.171843,0.000000,-0.013881,-1.029757,-0.171843,1,1,1,2.137494,0.000000,0.000000,0.000000,0.000000,0.000000,0.000000,0.000000
2.2801,1.103524,-0.161068,0.000847,0.000000,0.017936,-0.021551,1,-1.029757,165,0.052826,-0.021259,1.103524,-0.000419,-1.064531,0.000847,1.103524,-1.038534,0.000847,-0.161068,0.000000,0.013045,-0.418292,-34.168916,0.025997,0.000000,0.000000,0.001997,-0.000206,0.000000,0.052826,-0.021259,-9.809835,0.002583,0.006374,0.000003,0.371111,0.014320,27.000000,0.013045,1.103524,-0.000419,-0.161068,0.000000,0.026000,0.000000,39,0,1,32,30,-0.005299,0.004395,0.000794,-0.142582,0.103945,10.881411,-1.199685,0.014320,0.005663,7,1,0,0.000000,0,-1.029757,0.000000,0.017936,0,-0.171843,0.000000,-0.021551,-1.029757,-0.171843,1,1,1,2.137595,0.000000,0.000000,0.000000,0.000000,0.000000,0.000000,0.000000
2.2901,1.103333,-0.161068,0.014601,0.000000,0.015714,-0.021551,1,-1.029757,175,0.054155,-0.021305,1.103333,-0.000419,-1.065144,0.014601,1.103333,-1.038381,0.014601,-0.161068,0.000000,0.013045,-0.418292,-34.168916,0.026764,-0.001000,0.000000,0.002000,-0.000125,0.000000,0.054155,-0.021305,-9.809827,0.003474,-0.004544,-0.000999,0.371262,0.014303,27.000000,0.013045,1.103333,-0.000419,-0.161068,0.000000,0.026000,-0.001000,44,0,1,32,30,0.005380,0.002119,0.013576,-0.242593,-0.224920,8.849111,-1.199534,0.014303,0.005798,6,1,0,0.000000,0,-1.029757,0.000000,0.015714,0,-0.171843,0.000000,-0.021551,-1.029757,-0.171843,1,1,1,2.137697,0.000000,0.000000,0.000000,0.000000,0.000000,0.000000,0.000000
2.3001,1.103333,-0.161068,-0.001371,0.000000,0.017635,-0.021551,1,-1.029757,185,0.053955,-0.021337,1.103333,-0.000419,-1.064410,-0.001371,1.103333,-1.038413,-0.001371,-0.161068,0.000000,0.013045,-0.418292,-34.168916,0.025997,0.000000,0.000000,0.002015,0.000102,0.000000,0.053955,-0.021337,-9.809828,0.004410,-0.013201,0.000000,0.371230,0.014310,27.000000,0.013045,1.103333,-0.000419,-0.161068,0.000000,0.026000,0.000000,49,0,1,32,30,0.013916,0.000205,-0.001373,0.152471,-0.191156,10.007728,-1.199566,0.014310,0.005778,7,1,0,0.000000,0,-1.029757,0.000000,0.017635,0,-0.171843,0.000000,-0.021551,-1.029757,-0.171843,1,1,1,2.137798,0.000000,0.000000,0.000000,0.000000,0.000000,0.000000,0.000000
2.3101,1.103428,-0.160301,0.008099,0.000000,0.026721,-0.030755,1,-1.029757,195,0.053436,-0.021378,1.103428,0.001466,-1.064427,0.008099,1.103428,-1.039197,0.008099,-0.160301,0.000000,0.013045,-0.418292,-34.168916,0.025229,-0.001000,0.000000,0.003790,-0.000077,0.000000,0.053436,-0.021378,-9.809831,-0.001086,-0.003752,-0.001001,0.371214,0.014327,27.000000,0.013045,1.103428,0.001466,-0.160301,0.000000,0.026000,-0.001000,54,0,1,32,30,0.003248,-0.002076,0.007125,0.114597,-0.042191,10.334596,-1.199582,0.014327,0.005726,6,1,0,0.000000,0,-1.029757,0.000000,0.026721,0,-0.171843,0.000000,-0.030755,-1.029757,-0.171843,1,1,1,2.137897,0.000000,0.000000,0.000000,0.000000,0.000000,0.000000,0.000000
2.3201,1.103428,-0.160301,-0.013199,0.000000,0.019435,-0.023085,1,-1.029757,205,0.053282,-0.021689,1.103428,-0.001466,-1.064473,-0.013199,1.103428,-1.039243,-0.013199,-0.160301,0.000000,0.013045,-0.418292,-34.168916,0.025229,0.001000,0.000000,0.001999,0.000110,0.000000,0.053282,-0.021689,-9.809831,-0.005979,-0.000823,0.000995,0.371168,0.014360,27.000000,0.013045,1.103428,-0.001466,-0.160301,0.000000,0.026000,0.001000,59,0,1,32,30,-0.001023,-0.006107,-0.012125,-0.287482,0.251657,10.528695,-1.199628,0.014360,0.005715,7,1,0,0.000000,0,-1.029757,0.000000,0.019435,0,-0.171843,0.000000,-0.023085,-1.029757,-0.171843,1,1,1,2.137998,0.000000,0.000000,0.000000,0.000000,0.000000,0.000000,0.000000
2.3301,1.103716,-0.161068,-0.003514,0.000000,0.011284,-0.013881,1,-1.029757,216,0.052729,-0.021499,1.103716,0.002513,-1.064599,-0.003514,1.103716,-1.038603,-0.003514,-0.161068,0.000000,0.013045,-0.418292,-34.168916,0.025996,0.000000,0.000000,0.001999,0.000114,0.000000,0.052729,-0.021499,-9.809835,0.000565,-0.000983,0.000000,0.371043,0.014346,27.000000,0.013045,1.103716,0.002513,-0.161068,0.000000,0.026000,0.000000,64,0,1,32,30,0.001108,0.000196,-0.003517,0.190291,0.385075,10.587769,-1.199754,0.014346,0.005658,7,1,0,0.000000,0,-1.029757,0.000000,0.011284,0,-0.171843,0.000000,-0.013881,-1.029757,-0.171843,1,1,1,2.138098,0.000000,0.000000,0.000000,0.000000,0.000000,0.000000,0.000000
2.3401,1.103716,-0.161068,0.009784,0.000000,0.016838,-0.021551,1,-1.029757,225,0.054154,-0.021479,1.103716,-0.001466,-1.064528,0.009784,1.103716,-1.038531,0.009784,-0.161068,0.000000,0.013045,-0.418292,-34.168916,0.025997,0.000000,0.000000,0.003762,-0.000040,0.000000,0.054154,-0.021479,-9.809827,0.018014,0.013503,0.000016,0.371112,0.014321,27.000000,0.013045,1.103716,-0.001466,-0.161068,0.000000,0.026000,0.000000,69,0,1,32,30,-0.007449,0.021371,0.009523,0.072819,-0.130073,8.926831,-1.199685,0.014321,0.005801,7,1,0,0.000000,0,-1.029757,0.000000,0.016838,0,-0.171843,0.000000,-0.021551,-1.029757,-0.171843,1,1,1,2.138198,0.000000,0.000000,0.000000,0.000000,0.000000,0.000000,0.000000
2.3501,1.103237,-0.160301,0.022385,0.000000,0.023500,-0.030755,1,-1.029757,236,0.055735,-0.021929,1.103237,-0.000419,-1.065024,0.022385,1.103237,-1.039027,0.022385,-0.160301,0.000000,0.013045,-0.418292,-34.168916,0.025996,0.000000,0.000000,0.003854,-0.000386,0.000000,0.055735,-0.021929,-9.809817,0.012791,0.000663,0.000008,0.371380,0.014345,27.000000,0.013045,1.103237,-0.000419,-0.160301,0.000000,0.026000,0.000000,74,0,1,32,30,0.003237,0.012684,0.022230,-0.602210,0.351484,10.950592,-1.199416,0.014345,0.005966,7,1,0,0.000000,0,-1.029757,0.000000,0.023500,0,-0.171843,0.000000,-0.030755,-1.029757,-0.171843,1,1,1,2.138299,0.000000,0.000000,0.000000,0.000000,0.000000,0.000000,0.000000
2.3601,1.103333,-0.160301,-0.011351,0.000000,0.018551,-0.023085,1,-1.029757,246,0.055807,-0.021755,1.103333,0.000419,-1.065025,-0.011351,1.103333,-1.039028,-0.011351,-0.160301,0.000000,0.013045,-0.418292,-34.168916,0.025996,-0.001000,0.000000,0.003940,0.000218,0.000000,0.055807,-0.021755,-9.809817,-0.010784,-0.006834,-0.001008,0.371379,0.014326,27.000000,0.013045,1.103333,0.000419,-0.160301,0.000000,0.026000,-0.001000,79,0,1,32,30,0.003253,-0.012506,-0.012196,-0.039938,-0.054210,9.750578,-1.199417,0.014326,0.005970,7,1,0,0.000000,0,-1.029757,0.000000,0.018551,0,-0.171843,0.000000,-0.023085,-1.029757,-0.171843,1,1,1,2.138399,0.000000,0.000000,0.000000,0.000000,0.000000,0.000000,0.000000
2.3701,1.103618,-0.161068,-0.020626,0.000000,0.011482,-0.013881,1,-1.029757,255,0.054615,-0.021524,1.103618,0.002513,-1.064422,-0.020626,1.103620,-1.038440,-0.020626,-0.161068,0.000000,0.013012,-0.418292,-34.168916,0.025982,0.000000,0.000078,0.003848,0.000186,0.000078,0.054615,-0.021524,-9.809824,-0.001045,-0.001489,0.000000,0.371203,0.014285,27.000000,0.013045,1.103620,0.002513,-0.161068,0.000000,0.026000,0.000000,84,0,1,32,30,-0.003157,-0.010189,-0.027108,0.264792,-0.133269,9.194898,-1.199579,0.014285,0.005850,6,1,0,0.000000,0,-1.029757,0.000000,0.011482,0,-0.171843,0.000000,-0.013881,-1.029757,-0.171843,1,1,1,2.138498,0.000000,0.000000,0.000000,0.000000,0.000000,0.000000,0.000000
2.3801,1.103524,-0.161068,0.007553,0.000000,0.018761,-0.021551,1,-1.029757,9,0.054452,-0.021061,1.103524,-0.001466,-1.064553,0.007553,1.103524,-1.038556,0.007553,-0.161068,0.000000,0.013045,-0.418292,-34.168916,0.025997,0.000000,0.000000,0.003856,-0.000160,0.000000,0.054452,-0.021061,-9.809826,0.015291,0.008165,0.000014,0.371087,0.014274,27.000000,0.013045,1.103524,-0.001466,-0.161068,0.000000,0.026000,0.000000,89,0,1,32,30,-0.003176,0.017138,0.007343,0.486031,-0.327336,9.432352,-1.199709,0.014274,0.005824,6,1,0,0.000000,0,-1.029757,0.000000,0.018761,0,-0.171843,0.000000,-0.021551,-1.029757,-0.171843,1,1,1,2.138596,0.000000,0.000000,0.000000,0.000000,0.000000,0.000000,0.000000
2.3901,1.103237,-0.161068,0.024407,0.000000,0.015952,-0.021551,1,-1.029757,20,0.055608,-0.020287,1.103237,-0.000419,-1.064416,0.024407,1.103237,-1.038419,0.024407,-0.161068,0.000000,0.013045,-0.418292,-34.168916,0.025997,0.000000,0.000000,0.002007,-0.000132,0.000000,0.055608,-0.020287,-9.809821,0.006067,0.007475,0.000006,0.371223,0.014177,27.000000,0.013045,1.103237,-0.000419,-0.161068,0.000000,0.026000,0.000000,94,0,1,32,30,-0.005296,0.008357,0.024306,-0.326463,0.245491,10.251065,-1.199573,0.014177,0.005927,7,1,0,0.000000,0,-1.029757,0.000000,0.015952,0,-0.171843,0.000000,-0.021551,-1.029757,-0.171843,1,1,1,2.138694,0.000000,0.000000,0.000000,0.000000,0.000000,0.000000,0.000000
2.4001,1.103333,-0.161068,-0.005599,0.000000,0.016255,-0.021551,1,-1.029757,29,0.056312,-0.019034,1.103333,0.000419,-1.064328,-0.005599,1.103333,-1.038330,-0.005599,-0.161068,0.000000,0.013045,-0.418292,-34.168916,0.025998,0.000000,0.000000,0.003859,-0.000017,0.000000,0.056312,-0.019034,-9.809820,0.001355,0.003748,0.000002,0.371312,0.014039,27.000000,0.013045,1.103333,0.000419,-0.161068,0.000000,0.026000,0.000000,99,0,1,32,30,-0.003164,0.002349,-0.005629,-0.478122,0.277177,10.777658,-1.199484,0.014039,0.005978,7,1,0,0.000000,0,-1.029757,0.000000,0.016255,0,-0.171843,0.000000,-0.021551,-1.029757,-0.171843,1,1,1,2.138791,0.000000,0.000000,0.000000,0.000000,0.000000,0.000000,0.000000
2.4101,1.103333,-0.160301,-0.003463,-0.104720,0.027188,-0.030755,1,-1.029757,39,0.056534,-0.019038,1.103333,-0.001466,-1.064398,-0.003463,1.103333,-1.039167,-0.003463,-0.160301,-0.104720,0.013045,-0.418292,-34.168916,0.025231,0.000000,0.000000,0.003865,0.000047,0.000000,0.056534,-0.019038,-9.809819,0.002602,-0.000335,0.000002,0.371242,0.014041,27.000000,0.013045,1.103333,-0.001466,-0.160301,-0.104720,0.026000,0.000000,104,0,1,32,30,0.001106,0.002333,-0.003492,0.216532,-0.357244,8.742805,-1.199554,0.014041,0.005999,6,1,0,0.000000,0,-1.029757,0.000000,0.027188,0,-0.171843,0.000000,-0.030755,-1.029757,-0.171843,1,1,1,2.138888,0.000000,0.000000,0.000000,0.000000,0.000000,0.000000,0.000000
2.4201,1.103331,-0.161068,-0.018547,0.000000,0.010794,-0.013881,1,-1.029757,49,0.056101,-0.019948,1.103331,-0.000419,-1.064484,-0.018547,1.103333,-1.038498,-0.018547,-0.161068,0.000000,0.013015,-0.418292,-34.168916,0.025986,0.000000,0.000073,0.003924,-0.000136,0.000073,0.056101,-0.019948,-9.809819,-0.003134,-0.002154,0.000000,0.371144,0.014104,27.000000,0.013045,1.103333,-0.000419,-0.161068,0.000000,0.026000,0.000000,109,0,1,32,30,0.001108,-0.003879,-0.018498,-0.018793,0.040378,10.612881,-1.199653,0.014104,0.005972,6,1,0,0.000000,0,-1.029757,0.000000,0.010794,0,-0.171843,0.000000,-0.013881,-1.029757,-0.171843,1,1,1,2.138986,0.000000,0.000000,0.000000,0.000000,0.000000,0.000000,0.000000
2.4301,1.103620,-0.161068,0.009179,0.000000,0.019552,-0.021551,1,-1.029757,57,0.055200,-0.018985,1.103620,0.002513,-1.064668,0.009179,1.103620,-1.038670,0.009179,-0.161068,0.000000,0.013045,-0.418292,-34.168916,0.025998,0.000000,0.000000,0.002127,0.000107,0.000000,0.055200,-0.018985,-9.809826,-0.003828,-0.002381,-0.000004,0.370973,0.014053,27.000000,0.013045,1.103524,0.002513,-0.161068,0.000000,0.026000,0.000000,113,0,1,32,30,0.001116,-0.004248,0.009231,0.619203,-0.324200,9.183639,-1.199823,0.014053,0.005865,7,1,0,0.000000,0,-1.029757,0.000000,0.019552,0,-0.171843,0.000000,-0.021551,-1.029757,-0.171843,1,1,1,2.139083,0.000000,0.000000,0.000000,0.000000,0.000000,0.000000,0.000000
2.4401,1.103333,-0.161068,0.006585,0.000000,0.016258,-0.021551,1,-1.029757,69,0.056624,-0.019798,1.103333,-0.002513,-1.064537,0.006585,1.103333,-1.038540,0.006585,-0.161068,0.000000,0.013045,-0.418292,-34.168916,0.025998,-0.001000,0.000000,0.002146,-0.000327,0.000000,0.056624,-0.019798,-9.809817,0.025349,-0.002075,-0.000982,0.371101,0.014111,27.000000,0.013045,1.103333,-0.002513,-0.161068,0.000000,0.026000,-0.001000,119,0,1,32,30,0.009624,0.023614,0.005296,-0.404257,-0.163022,9.251585,-1.199695,0.014111,0.006022,7,1,0,0.000000,0,-1.029757,0.000000,0.016258,0,-0.171843,0.000000,-0.021551,-1.029757,-0.171843,1,1,1,2.139180,0.000000,0.000000,0.000000,0.000000,0.000000,0.000000,0.000000
2.4501,1.103141,-0.160301,0.007303,0.000000,0.025651,-0.030755,1,-1.029757,78,0.056617,-0.020233,1.103141,-0.000419,-1.065211,0.007303,1.103141,-1.039213,0.007303,-0.160301,0.000000,0.013045,-0.418292,-34.168916,0.025997,0.000000,0.000000,0.003851,-0.000032,0.000000,0.056617,-0.020233,-9.809816,0.007058,-0.001158,0.000005,0.371194,0.014160,27.000000,0.013045,1.103141,-0.000419,-0.160301,0.000000,0.026000,0.000000,124,0,1,32,30,0.003239,0.006472,0.007224,0.237917,-0.037765,9.980614,-1.199602,0.014160,0.006027,7,1,0,0.000000,0,-1.029757,0.000000,0.025651,0,-0.171843,0.000000,-0.030755,-1.029757,-0.171843,1,1,1,2.139276,0.000000,0.000000,0.000000,0.000000,0.000000,0.000000,0.000000
2.4601,1.103333,-0.161068,-0.010011,0.000000,0.010420,-0.013881,1,-1.029757,85,0.057438,-0.020094,1.103333,-0.000419,-1.064503,-0.010011,1.103333,-1.038506,-0.010011,-0.161068,0.000000,0.013045,-0.418292,-34.168916,0.025997,0.000000,0.000000,0.002147,0.000024,0.000000,0.057438,-0.020094,-9.809811,-0.002048,-0.006290,-0.000003,0.371134,0.014128,27.000000,0.013045,1.103333,-0.000419,-0.161068,0.000000,0.026000,0.000000,129,0,1,32,30,0.005380,-0.003980,-0.009962,-0.195234,-0.034598,8.927617,-1.199662,0.014128,0.006108,7,1,0,0.000000,0,-1.029757,0.000000,0.010420,0,-0.171843,0.000000,-0.013881,-1.029757,-0.171843,1,1,1,2.139373,0.000000,0.000000,0.000000,0.000000,0.000000,0.000000,0.000000
2.4701,1.103333,-0.161068,-0.024791,0.000000,0.020386,-0.021551,1,-1.029757,95,0.056570,-0.019602,1.103333,-0.000419,-1.064744,-0.024791,1.103333,-1.038746,-0.024791,-0.161068,0.000000,0.013045,-0.418292,-34.168916,0.025998,0.000000,0.000000,0.003849,0.000101,0.000000,0.056570,-0.019602,-9.809817,0.001836,0.003906,0.000002,0.370895,0.014092,27.000000,0.013045,1.103333,-0.000419,-0.161068,0.000000,0.026000,0.000000,134,0,1,32,30,-0.003170,0.002605,-0.024826,0.200912,0.305049,10.874084,-1.199902,0.014092,0.006013,7,1,0,0.000000,0,-1.029757,0.000000,0.020386,0,-0.171843,0.000000,-0.021551,-1.029757,-0.171843,1,1,1,2.139468,0.000000,0.000000,0.000000,0.000000,0.000000,0.000000,0.000000
2.4801,1.103334,-0.160301,0.015872,0.000000,0.026268,-0.030755,1,-1.029757,105,0.057547,-0.020141,1.103334,-0.000419,-1.065445,0.015872,1.103333,-1.039437,0.015872,-0.160301,0.000000,0.012998,-0.418292,-34.168916,0.026008,0.000000,0.000112,0.003876,-0.000250,0.000112,0.057547,-0.020141,-9.809811,0.002369,0.019747,0.000000,0.370969,0.014088,27.000000,0.013045,1.103333,-0.000419,-0.160301,0.000000,0.026000,0.000000,139,0,1,32,30,-0.003173,0.017024,0.015875,0.063793,-0.367831,8.819162,-1.199838,0.014103,0.006112,6,1,0,0.000000,0,-1.029757,0.000000,0.026268,0,-0.171843,0.000000,-0.030755,-1.029757,-0.171843,1,1,1,2.139565,0.000000,0.000000,0.000000,0.000000,0.000000,0.000000,0.000000
2.4901,1.103620,-0.161068,-0.018290,0.000000,0.010304,-0.013881,1,-1.029757,116,0.057698,-0.019095,1.103620,0.002513,-1.064669,-0.018290,1.103620,-1.038683,-0.018290,-0.161068,0.000000,0.013032,-0.418292,-34.168916,0.025987,0.000000,0.000031,0.003833,0.000487,0.000031,0.057698,-0.019095,-9.809812,0.004451,0.009211,0.000000,0.370958,0.014010,27.000000,0.013045,1.103620,0.002513,-0.161068,0.000000,0.026000,0.000000,144,0,1,32,30,-0.007442,0.006781,-0.018380,-0.419620,0.356903,11.295301,-1.199839,0.014010,0.006118,6,1,0,0.000000,0,-1.029757,0.000000,0.010304,0,-0.171843,0.000000,-0.013881,-1.029757,-0.171843,1,1,1,2.139660,0.000000,0.000000,0.000000,0.000000,0.000000,0.000000,0.000000
2.5001,1.103524,-0.161068,-0.010263,0.000000,0.020593,-0.021551,1,-1.029757,125,0.057637,-0.018405,1.103524,0.001466,-1.064909,-0.010263,1.103524,-1.038911,-0.010263,-0.161068,0.000000,0.013045,-0.418292,-34.168916,0.025998,0.000000,0.000000,0.003864,-0.000003,0.000000,0.057637,-0.018405,-9.809813,-0.010932,-0.013588,-0.000010,0.370730,0.013954,27.000000,0.013045,1.103524,0.001466,-0.161068,0.000000,0.026000,0.000000,149,0,1,32,30,0.009660,-0.014653,-0.010083,0.486534,-0.404892,9.517707,-1.200067,0.013954,0.006101,7,1,0,0.000000,0,-1.029757,0.000000,0.020593,0,-0.171843,0.000000,-0.021551,-1.029757,-0.171843,1,1,1,2.139755,0.000000,0.000000,0.000000,0.000000,0.000000,0.000000,0.000000
2.5101,1.103620,-0.160301,-0.011595,0.000000,0.027516,-0.030755,1,-1.029757,135,0.058745,-0.018824,1.103620,0.000419,-1.064910,-0.011595,1.103620,-1.039678,-0.011595,-0.160301,0.000000,0.013045,-0.418292,-34.168916,0.025231,0.000000,0.000000,0.002018,0.000004,0.000000,0.058745,-0.018824,-9.809806,0.015199,0.017113,0.000015,0.370727,0.013983,27.000000,0.013045,1.103620,0.000419,-0.160301,0.000000,0.026000,0.000000,154,0,1,32,30,-0.011723,0.019505,-0.011836,-0.442630,-0.284874,9.049356,-1.200069,0.013983,0.006218,7,1,0,0.000000,0,-1.029757,0.000000,0.027516,0,-0.171843,0.000000,-0.030755,-1.029757,-0.171843,1,1,1,2.139851,0.000000,0.000000,0.000000,0.000000,0.000000,0.000000,0.000000
2.5201,1.103141,-0.161068,0.011298,0.000000,0.009975,-0.013881,1,-1.029757,145,0.058364,-0.018246,1.103141,-0.003560,-1.064855,0.011298,1.103141,-1.038856,0.011298,-0.161068,0.000000,0.013045,-0.418292,-34.168916,0.025999,0.000000,0.000000,0.002004,-0.000106,0.000000,0.058364,-0.018246,-9.809809,-0.008431,0.011833,-0.000003,0.370784,0.013926,27.000000,0.013045,1.103141,-0.003560,-0.161068,0.000000,0.026000,0.000000,159,0,1,32,30,-0.013825,-0.004319,0.011352,-0.037610,0.246135,10.988182,-1.200013,0.013926,0.006171,6,1,0,0.000000,0,-1.029757,0.000000,0.009975,0,-0.171843,0.000000,-0.013881,-1.029757,-0.171843,1,1,1,2.139948,0.000000,0.000000,0.000000,0.000000,0.000000,0.000000,0.000000
2.5301,1.103907,-0.161068,-0.008188,0.000000,0.019558,-0.021551,1,-1.029757,155,0.058075,-0.017407,1.103907,0.005550,-1.064962,-0.008188,1.103907,-1.038969,-0.008188,-0.161068,0.000000,0.013042,-0.418292,-34.168916,0.025993,0.000000,0.000008,0.003839,0.000213,0.000008,0.058075,-0.017407,-9.809813,-0.011082,-0.020348,0.000000,0.370672,0.013843,27.000000,0.013045,1.103907,0.005550,-0.161068,0.000000,0.026000,0.000000,164,0,1,32,30,0.016067,-0.016799,-0.007969,0.360011,0.056843,9.292574,-1.200125,0.013843,0.006129,7,1,0,0.000000,0,-1.029757,0.000000,0.019558,0,-0.171843,0.000000,-0.021551,-1.029757,-0.171843,1,1,1,2.140042,0.000000,0.000000,0.000000,0.000000,0.000000,0.000000,0.000000
2.5401,1.103428,-0.161068,0.013962,0.000000,0.017322,-0.021551,1,-1.029757,165,0.058854,-0.018541,1.103428,-0.004503,-1.064876,0.013962,1.103428,-1.038877,0.013962,-0.161068,0.000000,0.013045,-0.418292,-34.168916,0.025998,0.000000,0.000000,0.001993,-0.000123,0.000000,0.058854,-0.018541,-9.809806,0.019027,-0.004087,0.000013,0.370761,0.013948,27.000000,0.013045,1.103428,-0.004503,-0.161068,0.000000,0.026000,0.000000,169,0,1,32,30,0.009634,0.017090,0.013753,-0.373403,0.251022,10.576485,-1.200035,0.013948,0.006225,7,1,0,0.000000,0,-1.029757,0.000000,0.017322,0,-0.171843,0.000000,-0.021551,-1.029757,-0.171843,1,1,1,2.140138,0.000000,0.000000,0.000000,0.000000,0.000000,0.000000,0.000000
2.5501,1.103333,-0.161068,0.007039,0.000000,0.016968,-0.021551,1,-1.029757,176,0.058209,-0.018183,1.103333,-0.003560,-1.065537,0.007039,1.103333,-1.038771,0.007039,-0.161068,0.000000,0.013045,-0.418292,-34.168916,0.026766,0.000000,0.000000,0.002030,0.000177,0.000000,0.058209,-0.018183,-9.809810,-0.006373,0.005769,-0.000003,0.370869,0.013923,27.000000,0.013045,1.103333,-0.003560,-0.161068,0.000000,0.026000,0.000000,174,0,1,32,30,-0.007423,-0.004244,0.007091,0.301587,-0.136213,8.658948,-1.199928,0.013923,0.006155,6,1,0,0.000000,0,-1.029757,0.000000,0.016968,0,-0.171843,0.000000,-0.021551,-1.029757,-0.171843,1,1,1,2.140232,0.000000,0.000000,0.000000,0.000000,0.000000,0.000000,0.000000
2.5601,1.103524,-0.161068,0.002690,0.000000,0.016878,-0.021551,1,-1.029757,185,0.058921,-0.017746,1.103524,0.002513,-1.065441,0.002690,1.103524,-1.038675,0.002690,-0.161068,0.000000,0.013045,-0.418292,-34.168916,0.026766,0.000000,0.000000,0.003847,0.000060,0.000000,0.058921,-0.017746,-9.809807,-0.003845,-0.015822,-0.000006,0.370964,0.013867,27.000000,0.013045,1.103524,0.002513,-0.161068,0.000000,0.026000,0.000000,179,0,1,32,30,0.013927,-0.008400,0.002793,-0.287999,0.159808,10.221519,-1.199832,0.013867,0.006219,6,1,0,0.000000,0,-1.029757,0.000000,0.016878,0,-0.171843,0.000000,-0.021551,-1.029757,-0.171843,1,1,1,2.140325,0.000000,0.000000,0.000000,0.000000,0.000000,0.000000,0.000000
2.5701,1.103333,-0.160301,-0.003204,0.000000,0.027139,-0.030755,1,-1.029757,195,0.058616,-0.018324,1.103333,0.000419,-1.065449,-0.003204,1.103333,-1.039451,-0.003204,-0.160301,0.000000,0.013045,-0.418292,-34.168916,0.025999,0.000000,0.000000,0.003860,-0.000076,0.000000,0.058616,-0.018324,-9.809808,0.013432,0.000873,0.000008,0.370956,0.013935,27.000000,0.013045,1.103333,0.000419,-0.160301,0.000000,0.026000,0.000000,184,0,1,32,30,0.003229,0.013024,-0.003366,0.161132,-0.111827,9.778841,-1.199841,0.013935,0.006197,6,1,0,0.000000,0,-1.029757,0.000000,0.027139,0,-0.171843,0.000000,-0.030755,-1.029757,-0.171843,1,1,1,2.140419,0.000000,0.000000,0.000000,0.000000,0.000000,0.000000,0.000000
2.5801,1.103428,-0.160301,0.005062,0.000000,0.019204,-0.023085,1,-1.029757,206,0.058968,-0.018375,1.103428,0.001466,-1.065434,0.005062,1.103428,-1.039435,0.005062,-0.160301,0.000000,0.013045,-0.418292,-34.168916,0.025999,0.000000,0.000000,0.003846,0.000081,0.000000,0.058968,-0.018375,-9.809806,0.000435,0.005693,0.000001,0.370970,0.013934,27.000000,0.013045,1.103428,0.001466,-0.160301,0.000000,0.026000,0.000000,189,0,1,32,30,-0.005296,0.002202,0.005035,-0.137772,-0.053808,8.937032,-1.199826,0.013934,0.006234,6,1,0,0.000000,0,-1.029757,0.000000,0.019204,0,-0.171843,0.000000,-0.023085,-1.029757,-0.171843,1,1,1,2.140512,0.000000,0.000000,0.000000,0.000000,0.000000,0.000000,0.000000
2.5901,1.103618,-0.161068,-0.031132,0.000000,0.011758,-0.013881,1,-1.029757,215,0.058887,-0.018063,1.103618,0.003560,-1.064779,-0.031132,1.103620,-1.038802,-0.031132,-0.161068,0.000000,0.013014,-0.418292,-34.168916,0.025977,0.000000,0.000074,0.003847,0.000136,0.000074,0.058887,-0.018063,-9.809807,0.004681,0.002570,0.000000,0.370837,0.013869,27.000000,0.013045,1.103620,0.003560,-0.161068,0.000000,0.026000,0.000000,194,0,1,32,30,-0.001028,-0.005852,-0.031322,-0.171312,0.320674,11.141971,-1.199937,0.013871,0.006220,6,1,0,0.000000,0,-1.029757,0.000000,0.011758,0,-0.171843,0.000000,-0.013881,-1.029757,-0.171843,1,1,1,2.140606,0.000000,0.000000,0.000000,0.000000,0.000000,0.000000,0.000000
2.6001,1.103524,-0.160301,-0.002250,0.000000,0.029106,-0.030755,1,-1.029757,226,0.059825,-0.018030,1.103524,-0.001466,-1.064952,-0.002250,1.103524,-1.039720,-0.002250,-0.160301,0.000000,0.013045,-0.418292,-34.168916,0.025232,-0.001000,0.000000,0.001961,-0.000262,0.000000,0.059825,-0.018030,-9.809801,0.013999,-0.007909,-0.000991,0.370685,0.013886,27.000000,0.013045,1.103524,-0.001466,-0.160301,0.000000,0.026000,-0.001000,199,0,1,32,30,0.011770,0.010912,-0.003384,0.035085,0.084176,9.388341,-1.200112,0.013886,0.006314,7,1,0,0.000000,0,-1.029757,0.000000,0.029106,0,-0.171843,0.000000,-0.030755,-1.029757,-0.171843,1,1,1,2.140698,0.000000,0.000000,0.000000,0.000000,0.000000,0.000000,0.000000
2.6101,1.103620,-0.161068,-0.013979,0.000000,0.009001,-0.013881,1,-1.029757,233,0.060939,-0.018257,1.103620,-0.000419,-1.064809,-0.013979,1.103620,-1.038810,-0.013979,-0.161068,0.000000,0.013045,-0.418292,-34.168916,0.025999,0.000000,0.000000,0.001991,0.000069,0.000000,0.060939,-0.018257,-9.809794,0.006381,0.009822,0.000007,0.370826,0.013885,27.000000,0.013045,1.103524,-0.000419,-0.161068,0.000000,0.026000,0.000000,2,0,1,32,30,-0.007443,0.008861,-0.014090,-0.678814,0.399018,10.970160,-1.199970,0.013885,0.006431,7,1,0,0.000000,0,-1.029757,0.000000,0.009001,0,-0.171843,0.000000,-0.013881,-1.029757,-0.171843,1,1,1,2.140794,0.000000,0.000000,0.000000,0.000000,0.000000,0.000000,0.000000
2.6201,1.103716,-0.161068,0.092413,0.000000,0.019342,-0.021551,1,-1.029757,245,0.060281,-0.017186,1.103716,0.002513,-1.064724,0.092413,1.103716,-1.038913,0.092413,-0.161068,0.000000,0.013045,-0.418292,-34.168916,0.025811,0.000000,0.000000,0.003926,0.000076,0.000000,0.060281,-0.017186,-9.809800,-0.012000,0.003992,-0.104727,0.370725,0.013788,27.000000,0.013045,1.103716,0.002513,-0.161068,0.000000,0.026000,0.000000,8,0,1,32,30,-0.007422,-0.010399,-0.012180,0.522064,-0.298648,8.657458,-1.200071,0.013788,0.006347,7,1,0,0.000000,0,-1.029757,0.000000,0.019342,0,-0.171843,0.000000,-0.021551,-1.029757,-0.171843,1,1,1,2.140885,0.000000,0.000000,0.000000,0.000000,0.000000,0.000000,0.000000
2.6301,1.103620,-0.161068,-0.020162,0.000000,0.019311,-0.021551,1,-1.029757,255,0.061230,-0.017603,1.103620,-0.001466,-1.064995,-0.020162,1.103620,-1.038996,-0.020162,-0.161068,0.000000,0.013045,-0.418292,-34.168916,0.025999,0.000000,0.000000,0.002003,-0.000064,0.000000,0.061230,-0.017603,-9.809793,0.017932,0.002291,0.000012,0.370640,0.013815,27.000000,0.013045,1.103620,-0.001466,-0.161068,0.000000,0.026000,0.000000,13,0,1,32,30,0.003219,0.017525,-0.020380,-0.394363,0.042633,9.636476,-1.200156,0.013815,0.006449,6,1,0,0.000000,0,-1.029757,0.000000,0.019311,0,-0.171843,0.000000,-0.021551,-1.029757,-0.171843,1,1,1,2.140977,0.000000,0.000000,0.000000,0.000000,0.000000,0.000000,0.000000
2.6401,1.103141,-0.161068,0.014382,0.000000,0.018519,-0.021551,1,-1.029757,9,0.060180,-0.017412,1.103141,-0.002513,-1.064999,0.014382,1.103141,-1.038999,0.014382,-0.161068,0.000000,0.013045,-0.418292,-34.168916,0.025999,-0.001000,0.000000,0.003850,0.000087,0.000000,0.060180,-0.017412,-9.809800,-0.009220,0.007102,-0.001004,0.370638,0.013813,27.000000,0.013045,1.103141,-0.002513,-0.161068,0.000000,0.026000,-0.001000,18,0,1,32,30,-0.009553,-0.006472,0.013464,0.141853,0.190139,10.107257,-1.200158,0.013813,0.006340,6,1,0,0.000000,0,-1.029757,0.000000,0.018519,0,-0.171843,0.000000,-0.021551,-1.029757,-0.171843,1,1,1,2.141068,0.000000,0.000000,0.000000,0.000000,0.000000,0.000000,0.000000
2.6501,1.103716,-0.161068,0.010464,0.000000,0.017292,-0.021551,1,-1.029757,19,0.060669,-0.016332,1.103716,0.005550,-1.064908,0.010464,1.103716,-1.038900,0.010464,-0.161068,0.000000,0.013044,-0.418292,-34.168916,0.026008,0.001000,0.000002,0.001998,0.000161,0.000002,0.060669,-0.016332,-9.809799,0.001579,0.001573,0.001000,0.370738,0.013695,27.000000,0.013045,1.103716,0.005550,-0.161068,0.000000,0.026000,0.001000,23,0,1,32,30,-0.001024,0.002129,0.011437,-0.144837,-0.224968,9.633949,-1.200058,0.013695,0.006372,7,1,0,0.000000,0,-1.029757,0.000000,0.017292,0,-0.171843,0.000000,-0.021551,-1.029757,-0.171843,1,1,1,2.141160,0.000000,0.000000,0.000000,0.000000,0.000000,0.000000,0.000000
2.6601,1.103524,-0.161068,-0.006341,0.000000,0.018191,-0.021551,1,-1.029757,29,0.060781,-0.016478,1.103524,0.000419,-1.064892,-0.006341,1.103524,-1.038892,-0.006341,-0.161068,0.000000,0.013045,-0.418292,-34.168916,0.026000,0.001000,0.000000,0.001979,0.000014,0.000000,0.060781,-0.016478,-9.809798,0.012837,0.002911,0.001011,0.370746,0.013709,27.000000,0.013045,1.103524,0.000419,-0.161068,0.000000,0.026000,0.001000,28,0,1,32,30,0.001094,0.013046,-0.005501,0.105380,-0.081387,10.410759,-1.200051,0.013709,0.006386,6,1,0,0.000000,0,-1.029757,0.000000,0.018191,0,-0.171843,0.000000,-0.021551,-1.029757,-0.171843,1,1,1,2.141251,0.000000,0.000000,0.000000,0.000000,0.000000,0.000000,0.000000
2.6701,1.103428,-0.161068,-0.001427,0.000000,0.017816,-0.021551,1,-1.029757,39,0.060727,-0.016877,1.103428,-0.001466,-1.065621,-0.001427,1.103428,-1.038854,-0.001427,-0.161068,0.000000,0.013045,-0.418292,-34.168916,0.026767,0.000000,0.000000,0.001988,-0.000097,0.000000,0.060727,-0.016877,-9.809798,0.000424,-0.007747,-0.000001,0.370783,0.013750,27.000000,0.013045,1.103428,-0.001466,-0.161068,0.000000,0.026000,0.000000,33,0,1,32,30,0.007515,-0.001951,-0.001403,0.158901,0.020490,9.129379,-1.200013,0.013750,0.006387,6,1,0,0.000000,0,-1.029757,0.000000,0.017816,0,-0.171843,0.000000,-0.021551,-1.029757,-0.171843,1,1,1,2.141342,0.000000,0.000000,0.000000,0.000000,0.000000,0.000000,0.000000
2.6801,1.103524,-0.161068,0.009539,0.000000,0.017291,-0.021551,1,-1.029757,49,0.061131,-0.016897,1.103524,0.000419,-1.064779,0.009539,1.103524,-1.038779,0.009539,-0.161068,0.000000,0.013045,-0.418292,-34.168916,0.026000,0.000000,0.000000,0.002000,-0.000028,0.000000,0.061131,-0.016897,-9.809795,0.011076,0.000109,0.000007,0.370858,0.013746,27.000000,0.013045,1.103524,0.000419,-0.161068,0.000000,0.026000,0.000000,38,0,1,32,30,0.003235,0.010717,0.009407,-0.200932,0.145933,10.575541,-1.199938,0.013746,0.006428,7,1,0,0.000000,0,-1.029757,0.000000,0.017291,0,-0.171843,0.000000,-0.021551,-1.029757,-0.171843,1,1,1,2.141432,0.000000,0.000000,0.000000,0.000000,0.000000,0.000000,0.000000
2.6901,1.103524,-0.160301,0.003085,0.000000,0.027500,-0.030755,1,-1.029757,60,0.061464,-0.016866,1.103524,-0.000419,-1.064800,0.003085,1.103524,-1.039567,0.003085,-0.160301,0.000000,0.013045,-0.418292,-34.168916,0.025233,0.000000,0.000000,0.003864,0.000196,0.000000,0.061464,-0.016866,-9.809793,0.007248,0.005621,0.000006,0.370837,0.013742,27.000000,0.013045,1.103524,-0.000419,-0.160301,0.000000,0.026000,0.000000,43,0,1,32,30,-0.003168,0.008647,0.002978,0.158740,-0.204755,8.782581,-1.199960,0.013742,0.006460,7,1,0,0.000000,0,-1.029757,0.000000,0.027500,0,-0.171843,0.000000,-0.030755,-1.029757,-0.171843,1,1,1,2.141522,0.000000,0.000000,0.000000,0.000000,0.000000,0.000000,0.000000
2.7001,1.103458,-0.160301,-0.029608,0.000000,0.021089,-0.023085,1,-1.029757,67,0.060012,-0.025272,1.103458,0.001466,-1.065666,-0.029608,1.103524,-1.039689,-0.029608,-0.160301,0.000000,0.012203,-0.418292,-34.168916,0.025977,0.000000,0.003960,0.002140,0.000010,0.003960,0.060012,-0.025272,-9.809784,-0.017223,-0.013356,0.000000,0.370715,0.013769,27.000000,0.013045,1.103524,0.001466,-0.160301,0.000000,0.026000,0.000000,47,0,1,32,30,0.011784,-0.008066,-0.022805,-0.193715,0.212853,9.801013,-1.200064,0.013764,0.006462,7,1,0,0.000000,0,-1.029757,0.000000,0.021089,0,-0.171843,0.000000,-0.023085,-1.029757,-0.171843,1,1,1,2.141615,0.000000,0.000000,0.000000,0.000000,0.000000,0.000000,0.000000
2.7101,1.103524,-0.161068,-0.010019,0.000000,0.013094,-0.013881,1,-1.029757,77,0.060772,-0.016460,1.103524,0.001466,-1.065125,-0.010019,1.103524,-1.039125,-0.010019,-0.161068,0.000000,0.013045,-0.418292,-34.168916,0.026000,0.000000,0.000000,0.002119,0.000132,0.000000,0.060772,-0.016460,-9.809798,-0.005296,0.003877,-0.000003,0.370513,0.013707,27.000000,0.013045,1.103428,0.001466,-0.161068,0.000000,0.026000,0.000000,52,0,1,32,30,-0.005293,-0.004011,-0.009971,0.362222,-0.235436,9.729877,-1.200284,0.013707,0.006384,7,1,0,0.000000,0,-1.029757,0.000000,0.013094,0,-0.171843,0.000000,-0.013881,-1.029757,-0.171843,1,1,1,2.141704,0.000000,0.000000,0.000000,0.000000,0.000000,0.000000,0.000000
2.7201,1.103620,-0.161068,0.005467,0.000000,0.018811,-0.021551,1,-1.029757,89,0.061812,-0.016047,1.103620,0.000419,-1.065132,0.005467,1.103620,-1.039131,0.005467,-0.161068,0.000000,0.013045,-0.418292,-34.168916,0.026000,0.000000,0.000000,0.001975,-0.000116,0.000000,0.061812,-0.016047,-9.809792,0.015434,0.014928,0.000014,0.370505,0.013649,27.000000,0.013045,1.103620,0.000419,-0.161068,0.000000,0.026000,0.000000,58,0,1,32,30,-0.009583,0.019285,0.005230,0.150662,-0.249017,9.270223,-1.200291,0.013649,0.006482,7,1,0,0.000000,0,-1.029757,0.000000,0.018811,0,-0.171843,0.000000,-0.021551,-1.029757,-0.171843,1,1,1,2.141793,0.000000,0.000000,0.000000,0.000000,0.000000,0.000000,0.000000
2.7301,1.103524,-0.160301,0.022326,0.000000,0.025790,-0.030755,1,-1.029757,99,0.063260,-0.016219,1.103524,-0.001466,-1.064951,0.022326,1.103524,-1.039718,0.022326,-0.160301,0.000000,0.013045,-0.418292,-34.168916,0.025233,0.000000,0.000000,0.002000,-0.000041,0.000000,0.063260,-0.016219,-9.809783,0.008152,0.008143,0.000008,0.370684,0.013648,27.000000,0.013045,1.103524,-0.001466,-0.160301,0.000000,0.026000,0.000000,63,0,1,32,30,-0.005299,0.010522,0.022198,-0.353610,0.276301,10.854294,-1.200113,0.013648,0.006630,7,1,0,0.000000,0,-1.029757,0.000000,0.025790,0,-0.171843,0.000000,-0.030755,-1.029757,-0.171843,1,1,1,2.141883,0.000000,0.000000,0.000000,0.000000,0.000000,0.000000,0.000000
2.7401,1.103524,-0.160301,0.002783,0.000000,0.019658,-0.023085,1,-1.029757,109,0.063192,-0.015749,1.103524,0.000419,-1.065697,0.002783,1.103524,-1.039696,0.002783,-0.160301,0.000000,0.013045,-0.418292,-34.168916,0.026001,0.000000,0.000000,0.002097,0.000103,0.000000,0.063192,-0.015749,-9.809784,-0.003015,-0.004364,-0.000003,0.370706,0.013601,27.000000,0.013045,1.103524,0.000419,-0.160301,0.000000,0.026000,0.000000,68,0,1,32,30,0.003249,-0.004156,0.002834,-0.032787,0.031834,8.976242,-1.200090,0.013601,0.006616,7,1,0,0.000000,0,-1.029757,0.000000,0.019658,0,-0.171843,0.000000,-0.023085,-1.029757,-0.171843,1,1,1,2.141974,0.000000,0.000000,0.000000,0.000000,0.000000,0.000000,0.000000
2.7501,1.103716,-0.161068,-0.033314,0.000000,0.013197,-0.013881,1,-1.029757,119,0.062421,-0.015428,1.103716,0.002513,-1.065140,-0.033314,1.103716,-1.039139,-0.033314,-0.161068,0.000000,0.013045,-0.418292,-34.168916,0.026001,0.000000,0.000000,0.002078,0.000056,0.000000,0.062421,-0.015428,-9.809789,0.004646,-0.004159,0.000002,0.370497,0.013577,27.000000,0.013045,1.103716,0.002513,-0.161068,0.000000,0.026000,0.000000,73,0,1,32,30,0.005366,0.002743,-0.033351,0.181433,-0.286524,9.987648,-1.200299,0.013577,0.006534,7,1,0,0.000000,0,-1.029757,0.000000,0.013197,0,-0.171843,0.000000,-0.013881,-1.029757,-0.171843,1,1,1,2.142063,0.000000,0.000000,0.000000,0.000000,0.000000,0.000000,0.000000
2.7601,1.103716,-0.161068,-0.009500,0.000000,0.020034,-0.021551,1,-1.029757,129,0.062264,-0.016314,1.103716,-0.000419,-1.065239,-0.009500,1.103716,-1.039245,-0.009500,-0.161068,0.000000,0.012997,-0.418292,-34.168916,0.025994,0.000000,0.000116,0.003793,-0.000209,0.000116,0.062264,-0.016314,-9.809789,0.013772,0.014403,0.000000,0.370391,0.013620,27.000000,0.013045,1.103716,-0.000419,-0.161068,0.000000,0.026000,0.000000,78,0,1,32,30,-0.009585,0.017346,-0.009726,0.283451,-0.187685,8.955102,-1.200405,0.013620,0.006532,6,1,0,0.000000,0,-1.029757,0.000000,0.020034,0,-0.171843,0.000000,-0.021551,-1.029757,-0.171843,1,1,1,2.142152,0.000000,0.000000,0.000000,0.000000,0.000000,0.000000,0.000000
2.7701,1.103333,-0.161068,0.009323,0.000000,0.017421,-0.021551,1,-1.029757,140,0.063340,-0.015498,1.103333,0.000419,-1.065116,0.009323,1.103333,-1.039115,0.009323,-0.161068,0.000000,0.013045,-0.418292,-34.168916,0.026001,0.000000,0.000000,0.003977,-0.000369,0.000000,0.063340,-0.015498,-9.809783,-0.000967,0.009725,0.000002,0.370520,0.013569,27.000000,0.013045,1.103333,0.000419,-0.161068,0.000000,0.026000,0.000000,83,0,1,32,30,-0.009563,0.002133,0.009297,-0.477605,0.293708,10.988374,-1.200277,0.013569,0.006627,7,1,0,0.000000,0,-1.029757,0.000000,0.017421,0,-0.171843,0.000000,-0.021551,-1.029757,-0.171843,1,1,1,2.142241,0.000000,0.000000,0.000000,0.000000,0.000000,0.000000,0.000000
2.7801,1.103716,-0.160301,0.011313,0.000000,0.026339,-0.030755,1,-1.029757,150,0.063704,-0.014716,1.103716,0.001466,-1.064985,0.011313,1.103716,-1.039751,0.011313,-0.160301,0.000000,0.013045,-0.418292,-34.168916,0.025234,0.000000,0.000000,0.003947,0.000144,0.000000,0.063704,-0.014716,-9.809782,-0.003229,-0.004434,-0.000003,0.370652,0.013489,27.000000,0.013045,1.103716,0.001466,-0.160301,0.000000,0.026000,0.000000,88,0,1,32,30,0.003252,-0.004270,0.011366,-0.067899,0.121443,10.240417,-1.200145,0.013489,0.006651,6,1,0,0.000000,0,-1.029757,0.000000,0.026339,0,-0.171843,0.000000,-0.030755,-1.029757,-0.171843,1,1,1,2.142328,0.000000,0.000000,0.000000,0.000000,0.000000,0.000000,0.000000
2.7901,1.103524,-0.161068,-0.012050,0.000000,0.011221,-0.013881,1,-1.029757,159,0.063907,-0.015040,1.103524,0.000419,-1.065788,-0.012050,1.103524,-1.039020,-0.012050,-0.161068,0.000000,0.013045,-0.418292,-34.168916,0.026768,0.000000,0.000000,0.003870,0.000033,0.000000,0.063907,-0.015040,-9.809780,-0.001169,0.005187,0.000000,0.370615,0.013513,27.000000,0.013045,1.103524,0.000419,-0.161068,0.000000,0.026000,0.000000,93,0,1,32,30,-0.005299,0.000291,-0.012054,-0.127841,-0.206088,8.878085,-1.200182,0.013513,0.006677,7,1,0,0.000000,0,-1.029757,0.000000,0.011221,0,-0.171843,0.000000,-0.013881,-1.029757,-0.171843,1,1,1,2.142418,0.000000,0.000000,0.000000,0.000000,0.000000,0.000000,0.000000
2.8001,1.103716,-0.161068,-0.008089,0.000000,0.021218,-0.021551,1,-1.029757,169,0.062564,-0.014963,1.103716,0.003560,-1.065245,-0.008089,1.103716,-1.039244,-0.008089,-0.161068,0.000000,0.013045,-0.418292,-34.168916,0.026001,0.000000,0.000000,0.003919,-0.000025,0.000000,0.062564,-0.014963,-9.809789,-0.012196,-0.002789,-0.000009,0.370392,0.013527,27.000000,0.013045,1.103716,0.003560,-0.161068,0.000000,0.026000,0.000000,98,0,1,32,30,-0.001015,-0.012575,-0.007934,0.363823,0.350590,11.066057,-1.200404,0.013527,0.006540,7,1,0,0.000000,0,-1.029757,0.000000,0.021218,0,-0.171843,0.000000,-0.021551,-1.029757,-0.171843,1,1,1,2.142506,0.000000,0.000000,0.000000,0.000000,0.000000,0.000000,0.000000
2.8101,1.103524,-0.161068,0.016025,0.000000,0.016281,-0.021551,1,-1.029757,177,0.063811,-0.014579,1.103524,0.002513,-1.065021,0.016025,1.103524,-1.039020,0.016025,-0.161068,0.000000,0.013045,-0.418292,-34.168916,0.026001,0.000000,0.000000,0.003932,-0.000484,0.000000,0.063811,-0.014579,-9.809782,0.009794,0.017616,0.000009,0.370615,0.013468,27.000000,0.013045,1.103907,0.002513,-0.161068,0.000000,0.026000,0.000000,102,0,1,32,30,-0.013844,0.014857,0.015842,-0.107746,-0.426945,8.952443,-1.200181,0.013468,0.006659,7,1,0,0.000000,0,-1.029757,0.000000,0.016281,0,-0.171843,0.000000,-0.021551,-1.029757,-0.171843,1,1,1,2.142595,0.000000,0.000000,0.000000,0.000000,0.000000,0.000000,0.000000
2.8201,1.103333,-0.160301,0.005071,0.000000,0.026059,-0.030755,1,-1.029757,183,0.064101,-0.013958,1.103333,-0.004503,-1.065649,0.005071,1.103333,-1.039648,0.005071,-0.160301,0.000000,0.013045,-0.418292,-34.168916,0.026002,0.000000,0.000000,0.002104,0.000073,0.000000,0.064101,-0.013958,-9.809781,0.003691,-0.004471,0.000001,0.370755,0.013406,27.000000,0.013045,1.103237,-0.004503,-0.160301,0.000000,0.026000,0.000000,107,0,1,32,30,0.005378,0.002232,0.005044,0.056598,-0.199473,9.902308,-1.200041,0.013406,0.006678,6,1,0,0.000000,0,-1.029757,0.000000,0.026059,0,-0.171843,0.000000,-0.030755,-1.029757,-0.171843,1,1,1,2.142681,0.000000,0.000000,0.000000,0.000000,0.000000,0.000000,0.000000
2.8301,1.103332,-0.160301,-0.016205,0.000000,0.020733,-0.023085,1,-1.029757,195,0.064429,-0.014749,1.103332,0.002513,-1.065718,-0.016205,1.103333,-1.039727,-0.016205,-0.160301,0.000000,0.013019,-0.418292,-34.168916,0.025991,0.000000,0.000062,0.002090,0.000039,0.000062,0.064429,-0.014749,-9.809777,0.004306,0.002452,0.000000,0.370675,0.013455,27.000000,0.013045,1.103333,0.002513,-0.160301,0.000000,0.026000,0.000000,113,0,1,32,30,-0.001035,0.004634,-0.016267,0.062973,-0.175885,8.763668,-1.200122,0.013455,0.006724,6,1,0,0.000000,0,-1.029757,0.000000,0.020733,0,-0.171843,0.000000,-0.023085,-1.029757,-0.171843,1,1,1,2.142768,0.000000,0.000000,0.000000,0.000000,0.000000,0.000000,0.000000
2.8401,1.103716,-0.161068,-0.003571,0.000000,0.013236,-0.013881,1,-1.029757,204,0.063884,-0.014138,1.103716,0.005550,-1.065170,-0.003571,1.103716,-1.039168,-0.003571,-0.161068,0.000000,0.013045,-0.418292,-34.168916,0.026002,0.000000,0.000000,0.002065,0.000222,0.000000,0.063884,-0.014138,-9.809782,-0.003418,0.004472,-0.000002,0.370467,0.013423,27.000000,0.013045,1.103716,0.005550,-0.161068,0.000000,0.026000,0.000000,118,0,1,32,30,-0.005294,-0.001959,-0.003547,0.113267,0.161438,10.106950,-1.200329,0.013423,0.006660,6,1,0,0.000000,0,-1.029757,0.000000,0.013236,0,-0.171843,0.000000,-0.013881,-1.029757,-0.171843,1,1,1,2.142853,0.000000,0.000000,0.000000,0.000000,0.000000,0.000000,0.000000
2.8501,1.103812,-0.161068,0.011622,0.000000,0.019106,-0.021551,1,-1.029757,214,0.064652,-0.013674,1.103812,0.001466,-1.065194,0.011622,1.103812,-1.039192,0.011622,-0.161068,0.000000,0.013045,-0.418292,-34.168916,0.026002,0.000000,0.000000,0.001999,-0.000014,0.000000,0.064652,-0.013674,-9.809777,0.009635,-0.002591,0.000006,0.370443,0.013364,27.000000,0.013045,1.103812,0.001466,-0.161068,0.000000,0.026000,0.000000,123,0,1,32,30,0.005373,0.008558,0.011517,-0.115474,0.205118,10.432635,-1.200353,0.013364,0.006729,7,1,0,0.000000,0,-1.029757,0.000000,0.019106,0,-0.171843,0.000000,-0.021551,-1.029757,-0.171843,1,1,1,2.142941,0.000000,0.000000,0.000000,0.000000,0.000000,0.000000,0.000000
2.8601,1.103524,-0.161068,0.005166,0.000000,0.017570,-0.021551,1,-1.029757,223,0.065441,-0.014173,1.103524,-0.001466,-1.065085,0.005166,1.103524,-1.039083,0.005166,-0.161068,0.000000,0.013045,-0.418292,-34.168916,0.026002,0.000000,0.000000,0.003835,-0.000162,0.000000,0.065441,-0.014173,-9.809771,0.005162,0.004952,0.000005,0.370550,0.013401,27.000000,0.013045,1.103524,-0.001466,-0.161068,0.000000,0.026000,0.000000,128,0,1,32,30,-0.003165,0.006482,0.005086,-0.271726,0.003020,8.975798,-1.200246,0.013401,0.006817,7,1,0,0.000000,0,-1.029757,0.000000,0.017570,0,-0.171843,0.000000,-0.021551,-1.029757,-0.171843,1,1,1,2.143027,0.000000,0.000000,0.000000,0.000000,0.000000,0.000000,0.000000
2.8701,1.103524,-0.161068,0.006736,0.000000,0.018388,-0.021551,1,-1.029757,233,0.065485,-0.013638,1.103524,-0.002513,-1.065063,0.006736,1.103524,-1.039061,0.006736,-0.161068,0.000000,0.013045,-0.418292,-34.168916,0.026002,0.000000,0.000000,0.002033,0.000177,0.000000,0.065485,-0.013638,-9.809772,-0.016642,-0.004207,-0.000012,0.370573,0.013346,27.000000,0.013045,1.103524,-0.002513,-0.161068,0.000000,0.026000,0.000000,133,0,1,32,30,-0.001005,-0.017047,0.006948,-0.200096,0.311685,11.094010,-1.200224,0.013346,0.006813,7,1,0,0.000000,0,-1.029757,0.000000,0.018388,0,-0.171843,0.000000,-0.021551,-1.029757,-0.171843,1,1,1,2.143112,0.000000,0.000000,0.000000,0.000000,0.000000,0.000000,0.000000
2.8801,1.103524,-0.161068,-0.016254,0.000000,0.018909,-0.021551,1,-1.029757,242,0.065879,-0.013275,1.103524,-0.001466,-1.065856,-0.016254,1.103524,-1.039086,-0.016254,-0.161068,0.000000,0.013045,-0.418292,-34.168916,0.026769,0.000000,0.000000,0.003834,0.000003,0.000000,0.065879,-0.013275,-9.809770,0.004220,-0.004299,0.000002,0.370547,0.013303,27.000000,0.013045,1.103524,-0.001466,-0.161068,0.000000,0.026000,0.000000,138,0,1,32,30,0.005371,0.002516,-0.016287,-0.097652,-0.090368,9.577909,-1.200249,0.013303,0.006846,6,1,0,0.000000,0,-1.029757,0.000000,0.018909,0,-0.171843,0.000000,-0.021551,-1.029757,-0.171843,1,1,1,2.143198,0.000000,0.000000,0.000000,0.000000,0.000000,0.000000,0.000000
2.8901,1.103524,-0.161068,-0.011891,0.000000,0.019753,-0.021551,1,-1.029757,250,0.065493,-0.013377,1.103524,0.001466,-1.065180,-0.011891,1.103524,-1.039178,-0.011891,-0.161068,0.000000,0.013045,-0.418292,-34.168916,0.026002,0.000000,0.000000,0.002019,-0.000074,0.000000,0.065493,-0.013377,-9.809772,0.006888,0.001025,0.000005,0.370457,0.013320,27.000000,0.013045,1.103620,0.001466,-0.161068,0.000000,0.026000,0.000000,142,0,1,32,30,0.001099,0.006721,-0.011974,-0.133802,0.239232,10.767931,-1.200340,0.013320,0.006809,6,1,0,0.000000,0,-1.029757,0.000000,0.019753,0,-0.171843,0.000000,-0.021551,-1.029757,-0.171843,1,1,1,2.143284,0.000000,0.000000,0.000000,0.000000,0.000000,0.000000,0.000000
2.9001,1.103524,-0.161068,0.005218,0.000000,0.019380,-0.021551,1,-1.029757,6,0.065063,-0.013076,1.103524,0.000419,-1.065225,0.005218,1.103524,-1.039222,0.005218,-0.161068,0.000000,0.013045,-0.418292,-34.168916,0.026002,0.000000,0.000000,0.003845,0.000020,0.000000,0.065063,-0.013076,-9.809776,0.007848,0.003564,0.000006,0.370413,0.013297,27.000000,0.013045,1.103524,0.000419,-0.161068,0.000000,0.026000,0.000000,148,0,1,32,30,-0.001033,0.008625,0.005113,0.504015,-0.246942,9.117347,-1.200384,0.013297,0.006761,6,1,0,0.000000,0,-1.029757,0.000000,0.019380,0,-0.171843,0.000000,-0.021551,-1.029757,-0.171843,1,1,1,2.143368,0.000000,0.000000,0.000000,0.000000,0.000000,0.000000,0.000000
2.9101,1.103620,-0.161068,0.005226,0.000000,0.018700,-0.021551,1,-1.029757,16,0.065836,-0.012853,1.103620,-0.000419,-1.065206,0.005226,1.103620,-1.039203,0.005226,-0.161068,0.000000,0.013045,-0.418292,-34.168916,0.026003,0.000000,0.000000,0.002000,0.000079,0.000000,0.065836,-0.012853,-9.809771,0.010444,-0.004570,0.000006,0.370431,0.013262,27.000000,0.013045,1.103620,-0.000419,-0.161068,0.000000,0.026000,0.000000,153,0,1,32,30,0.007505,0.008649,0.005120,-0.118390,0.105102,9.235325,-1.200365,0.013262,0.006835,6,1,0,0.000000,0,-1.029757,0.000000,0.018700,0,-0.171843,0.000000,-0.021551,-1.029757,-0.171843,1,1,1,2.143454,0.000000,0.000000,0.000000,0.000000,0.000000,0.000000,0.000000
2.9201,1.103517,-0.161068,-0.005645,0.000000,0.018365,-0.021551,1,-1.029757,24,0.065433,-0.019972,1.103517,-0.000419,-1.065154,-0.005645,1.103524,-1.039159,-0.005645,-0.161068,0.000000,0.012341,-0.418292,-34.168916,0.025995,0.000000,0.003396,0.002120,-0.000024,0.003396,0.065433,-0.019972,-9.809761,0.001264,-0.003000,0.000000,0.370474,0.013281,27.000000,0.013045,1.103524,-0.000419,-0.161068,0.000000,0.026000,0.000000,157,0,1,32,30,0.003242,0.000231,-0.005648,-0.325030,0.465081,11.057189,-1.200322,0.013281,0.006911,6,1,0,0.000000,0,-1.029757,0.000000,0.018365,0,-0.171843,0.000000,-0.021551,-1.029757,-0.171843,1,1,1,2.143535,0.000000,0.000000,0.000000,0.000000,0.000000,0.000000,0.000000
2.9301,1.103591,-0.161068,-0.007781,0.000000,0.019930,-0.021551,1,-1.029757,34,0.064984,-0.021392,1.103591,0.000419,-1.065245,-0.007781,1.103620,-1.039253,-0.007781,-0.161068,0.000000,0.012216,-0.418292,-34.168916,0.025992,0.000000,0.001981,0.001988,0.000022,0.001981,0.064984,-0.021392,-9.809761,0.000016,0.001083,0.000000,0.370380,0.013306,27.000000,0.013045,1.103620,0.000419,-0.161068,0.000000,0.026000,0.000000,162,0,1,32,30,-0.001028,0.000247,-0.007785,0.111151,-0.215168,8.849439,-1.200416,0.013306,0.006889,7,1,0,0.000000,0,-1.029757,0.000000,0.019930,0,-0.171843,0.000000,-0.021551,-1.029757,-0.171843,1,1,1,2.143624,0.000000,0.000000,0.000000,0.000000,0.000000,0.000000,0.000000
2.9401,1.103620,-0.161068,-0.000287,0.000000,0.019004,-0.021551,1,-1.029757,46,0.066380,-0.012941,1.103620,-0.000419,-1.065257,-0.000287,1.103620,-1.039254,-0.000287,-0.161068,0.000000,0.013045,-0.418292,-34.168916,0.026003,-0.001000,0.000000,0.003936,-0.000023,0.000000,0.066380,-0.012941,-9.809767,0.001988,0.008425,-0.000996,0.370379,0.013262,27.000000,0.013045,1.103620,-0.000419,-0.161068,0.000000,0.026000,-0.001000,168,0,1,32,30,-0.007434,0.004417,-0.001341,-0.229887,0.307174,10.682417,-1.200417,0.013262,0.006891,6,1,0,0.000000,0,-1.029757,0.000000,0.019004,0,-0.171843,0.000000,-0.021551,-1.029757,-0.171843,1,1,1,2.143708,0.000000,0.000000,0.000000,0.000000,0.000000,0.000000,0.000000
2.9501,1.103524,-0.160301,-0.003565,0.000000,0.028584,-0.030755,1,-1.029757,54,0.066633,-0.012495,1.103524,0.000419,-1.066056,-0.003565,1.103524,-1.040053,-0.003565,-0.160301,0.000000,0.013045,-0.418292,-34.168916,0.026003,0.000000,0.000000,0.003955,0.000007,0.000000,0.066633,-0.012495,-9.809766,-0.001470,-0.001631,-0.000001,0.370347,0.013218,27.000000,0.013045,1.103524,0.000419,-0.160301,0.000000,0.026000,0.000000,172,0,1,32,30,0.001110,-0.001941,-0.003542,0.035666,-0.219686,9.213021,-1.200449,0.013218,0.006909,7,1,0,0.000000,0,-1.029757,0.000000,0.028584,0,-0.171843,0.000000,-0.030755,-1.029757,-0.171843,1,1,1,2.143793,0.000000,0.000000,0.000000,0.000000,0.000000,0.000000,0.000000
2.9601,1.103620,-0.161068,-0.011995,0.000000,0.012572,-0.013881,1,-1.029757,64,0.066538,-0.012675,1.103620,0.000419,-1.065388,-0.011995,1.103620,-1.039385,-0.011995,-0.161068,0.000000,0.013045,-0.418292,-34.168916,0.026003,0.000000,0.000000,0.004001,0.000159,0.000000,0.066538,-0.012675,-9.809766,0.002166,0.001766,0.000002,0.370249,0.013232,27.000000,0.013045,1.103524,0.000419,-0.161068,0.000000,0.026000,0.000000,177,0,1,32,30,-0.001032,0.002441,-0.012026,-0.087819,-0.176303,9.567482,-1.200548,0.013232,0.006903,6,1,0,0.000000,0,-1.029757,0.000000,0.012572,0,-0.171843,0.000000,-0.013881,-1.029757,-0.171843,1,1,1,2.143878,0.000000,0.000000,0.000000,0.000000,0.000000,0.000000,0.000000
2.9701,1.103623,-0.161068,0.007249,0.000000,0.021342,-0.021551,1,-1.029757,74,0.064691,-0.018654,1.103623,-0.000419,-1.065562,0.007249,1.103620,-1.039559,0.007249,-0.161068,0.000000,0.012358,-0.418292,-34.168916,0.026003,0.000000,0.001642,0.001864,0.000030,0.001642,0.064691,-0.018654,-9.809769,0.003727,0.002256,0.000000,0.370077,0.013177,27.000000,0.013045,1.103620,-0.000419,-0.161068,0.000000,0.026000,0.000000,182,0,1,32,30,-0.001028,0.004322,0.007196,0.487073,-0.002447,10.229962,-1.200720,0.013177,0.006815,6,1,0,0.000000,0,-1.029757,0.000000,0.021342,0,-0.171843,0.000000,-0.021551,-1.029757,-0.171843,1,1,1,2.143958,0.000000,0.000000,0.000000,0.000000,0.000000,0.000000,0.000000
2.9801,1.103525,-0.160301,0.007681,0.000000,0.025996,-0.030755,1,-1.029757,86,0.067909,-0.012316,1.103525,-0.002513,-1.066100,0.007681,1.103524,-1.040091,0.007681,-0.160301,0.000000,0.013021,-0.418292,-34.168916,0.026009,0.000000,0.000057,0.002001,-0.000125,0.000057,0.067909,-0.012316,-9.809757,0.022610,-0.000693,0.000000,0.370308,0.013155,27.000000,0.013045,1.103524,-0.002513,-0.160301,0.000000,0.026000,0.000000,188,0,1,32,30,0.007493,0.021442,0.007402,-0.623401,0.172371,9.963024,-1.200489,0.013155,0.007035,7,1,0,0.000000,0,-1.029757,0.000000,0.025996,0,-0.171843,0.000000,-0.030755,-1.029757,-0.171843,1,1,1,2.144046,0.000000,0.000000,0.000000,0.000000,0.000000,0.000000,0.000000
2.9901,1.103524,-0.161068,-0.016307,0.000000,0.011947,-0.013881,1,-1.029757,97,0.067842,-0.012016,1.103524,0.000419,-1.066135,-0.016307,1.103524,-1.039365,-0.016307,-0.161068,0.000000,0.013045,-0.418292,-34.168916,0.026771,0.000000,0.000000,0.001999,0.000220,0.000000,0.067842,-0.012016,-9.809758,0.001534,-0.002911,0.000000,0.370268,0.013145,27.000000,0.013045,1.103524,0.000419,-0.161068,0.000000,0.026000,0.000000,193,0,1,32,30,0.003239,0.000373,-0.016313,-0.248327,0.351204,10.989101,-1.200529,0.013145,0.007023,6,1,0,0.000000,0,-1.029757,0.000000,0.011947,0,-0.171843,0.000000,-0.013881,-1.029757,-0.171843,1,1,1,2.144129,0.000000,0.000000,0.000000,0.000000,0.000000,0.000000,0.000000
3.0001,1.103812,-0.161068,-0.020992,0.000000,0.022512,-0.021551,1,-1.029757,106,0.066936,-0.011582,1.103812,0.003560,-1.065643,-0.020992,1.103812,-1.039639,-0.020992,-0.161068,0.000000,0.013045,-0.418292,-34.168916,0.026004,0.000000,0.000000,0.003846,-0.000219,0.000000,0.066936,-0.011582,-9.809765,-0.018544,0.004161,-0.000012,0.369995,0.013116,27.000000,0.013045,1.103812,0.003560,-0.161068,0.000000,0.026000,0.000000,198,0,1,32,30,-0.009552,-0.016703,-0.020789,0.426198,-0.165774,8.735295,-1.200802,0.013116,0.006925,6,1,0,0.000000,0,-1.029757,0.000000,0.022512,0,-0.171843,0.000000,-0.021551,-1.029757,-0.171843,1,1,1,2.144213,0.000000,0.000000,0.000000,0.000000,0.000000,0.000000,0.000000
3.0101,1.103333,-0.161068,0.011718,0.000000,0.018597,-0.021551,1,-1.029757,115,0.068042,-0.012207,1.103333,-0.001466,-1.065545,0.011718,1.103333,-1.039542,0.011718,-0.161068,0.000000,0.013045,-0.418292,-34.168916,0.026003,0.000000,0.000000,0.001888,-0.000127,0.000000,0.068042,-0.012207,-9.809756,0.011110,0.006840,0.000008,0.370090,0.013161,27.000000,0.013045,1.103428,-0.001466,-0.161068,0.000000,0.026000,0.000000,1,0,1,32,30,-0.003170,0.012807,0.011560,-0.592802,0.229776,10.738826,-1.200706,0.013161,0.007046,7,1,0,0.000000,0,-1.029757,0.000000,0.018597,0,-0.171843,0.000000,-0.021551,-1.029757,-0.171843,1,1,1,2.144296,0.000000,0.000000,0.000000,0.000000,0.000000,0.000000,0.000000
3.0201,1.103335,-0.160301,-0.003567,0.000000,0.028765,-0.030755,1,-1.029757,124,0.066778,-0.018281,1.103335,-0.001466,-1.066305,-0.003567,1.103333,-1.040308,-0.003567,-0.160301,0.000000,0.012369,-0.418292,-34.168916,0.025997,0.000000,0.003557,0.002000,0.000009,0.003557,0.066778,-0.018281,-9.809756,-0.002123,0.000401,0.000000,0.370092,0.013122,27.000000,0.013045,1.103333,-0.001466,-0.160301,0.000000,0.026000,0.000000,6,0,1,32,30,-0.001024,-0.001947,-0.003543,0.303496,-0.069379,9.444395,-1.200705,0.013122,0.007018,7,1,0,0.000000,0,-1.029757,0.000000,0.028765,0,-0.171843,0.000000,-0.030755,-1.029757,-0.171843,1,1,1,2.144375,0.000000,0.000000,0.000000,0.000000,0.000000,0.000000,0.000000
3.0301,1.103716,-0.161068,-0.007676,0.000000,0.012442,-0.013881,1,-1.029757,137,0.068461,-0.011178,1.103716,0.004503,-1.065591,-0.007676,1.103716,-1.039586,-0.007676,-0.161068,0.000000,0.013045,-0.418292,-34.168916,0.026004,0.000000,0.000000,0.003918,0.000027,0.000000,0.068461,-0.011178,-9.809755,0.004745,0.000343,0.000003,0.370046,0.013050,27.000000,0.013045,1.103716,0.004503,-0.161068,0.000000,0.026000,0.000000,12,0,1,32,30,0.001102,0.004527,-0.007733,-0.194784,-0.149577,8.945602,-1.200751,0.013050,0.007072,7,1,0,0.000000,0,-1.029757,0.000000,0.012442,0,-0.171843,0.000000,-0.013881,-1.029757,-0.171843,1,1,1,2.144461,0.000000,0.000000,0.000000,0.000000,0.000000,0.000000,0.000000
3.0401,1.103737,-0.161068,-0.005247,0.000000,0.021398,-0.021551,1,-1.029757,144,0.066295,-0.019165,1.103737,0.001466,-1.065726,-0.005247,1.103620,-1.039731,-0.005247,-0.161068,0.000000,0.012205,-0.418292,-34.168916,0.025995,0.000000,0.003846,0.002154,-0.000049,0.003846,0.066295,-0.019165,-9.809757,0.014311,0.012333,0.000000,0.369902,0.013050,27.000000,0.013045,1.103620,0.001466,-0.161068,0.000000,0.026000,0.000000,16,0,1,32,30,-0.007449,0.017296,-0.005458,0.524305,-0.101481,9.731329,-1.200894,0.013050,0.006984,7,1,0,0.000000,0,-1.029757,0.000000,0.021398,0,-0.171843,0.000000,-0.021551,-1.029757,-0.171843,1,1,1,2.144544,0.000000,0.000000,0.000000,0.000000,0.000000,0.000000,0.000000
3.0501,1.103524,-0.161068,0.006305,0.000000,0.018910,-0.021551,1,-1.029757,156,0.068982,-0.011304,1.103524,-0.002513,-1.065649,0.006305,1.103524,-1.039645,0.006305,-0.161068,0.000000,0.013045,-0.418292,-34.168916,0.026004,0.001000,0.000000,0.003834,-0.000221,0.000000,0.068982,-0.011304,-9.809751,0.007706,-0.003200,0.001005,0.369987,0.013054,27.000000,0.013045,1.103524,-0.002513,-0.161068,0.000000,0.026000,0.001000,22,0,1,32,30,0.005374,0.006478,0.007226,-0.298755,-0.023189,9.549743,-1.200810,0.013054,0.007126,7,1,0,0.000000,0,-1.029757,0.000000,0.018910,0,-0.171843,0.000000,-0.021551,-1.029757,-0.171843,1,1,1,2.144627,0.000000,0.000000,0.000000,0.000000,0.000000,0.000000,0.000000
3.0601,1.103620,-0.160301,0.000696,0.000000,0.028202,-0.030755,1,-1.029757,165,0.068537,-0.010952,1.103620,-0.000419,-1.065584,0.000696,1.103620,-1.040347,0.000696,-0.160301,0.000000,0.013045,-0.418292,-34.168916,0.025237,0.000000,0.000000,0.003870,0.000178,0.000000,0.068537,-0.010952,-9.809754,-0.002878,0.002400,-0.000001,0.370052,0.013032,27.000000,0.013045,1.103620,-0.000419,-0.160301,0.000000,0.026000,0.000000,27,0,1,32,30,-0.003158,-0.002009,0.000721,-0.191375,0.343675,10.826365,-1.200744,0.013032,0.007076,6,1,0,0.000000,0,-1.029757,0.000000,0.028202,0,-0.171843,0.000000,-0.030755,-1.029757,-0.171843,1,1,1,2.144709,0.000000,0.000000,0.000000,0.000000,0.000000,0.000000,0.000000
3.0701,1.103620,-0.160301,-0.007675,0.000000,0.021461,-0.023085,1,-1.029757,175,0.068980,-0.010544,1.103620,-0.000419,-1.066375,-0.007675,1.103620,-1.040370,-0.007675,-0.160301,0.000000,0.013045,-0.418292,-34.168916,0.026005,0.000000,0.000000,0.002001,-0.000071,0.000000,0.068980,-0.010544,-9.809752,0.005395,-0.001686,0.000003,0.370029,0.012983,27.000000,0.013045,1.103620,-0.000419,-0.160301,0.000000,0.026000,0.000000,32,0,1,32,30,0.003237,0.004533,-0.007731,0.102245,-0.283992,9.001867,-1.200768,0.012983,0.007114,6,1,0,0.000000,0,-1.029757,0.000000,0.021461,0,-0.171843,0.000000,-0.023085,-1.029757,-0.171843,1,1,1,2.144792,0.000000,0.000000,0.000000,0.000000,0.000000,0.000000,0.000000
3.0801,1.103906,-0.161068,-0.017654,0.000000,0.014223,-0.013881,1,-1.029757,186,0.068329,-0.010986,1.103906,0.002513,-1.065778,-0.017654,1.103907,-1.039787,-0.017654,-0.161068,0.000000,0.013018,-0.418292,-34.168916,0.025991,-0.001000,0.000065,0.001999,0.000221,0.000065,0.068329,-0.010986,-9.809756,-0.007857,-0.001409,-0.001000,0.369846,0.013006,27.000000,0.013045,1.103907,0.002513,-0.161068,0.000000,0.026000,-0.001000,37,0,1,32,30,-0.001022,-0.008159,-0.018549,0.038604,0.190925,10.815409,-1.200950,0.013006,0.007055,7,1,0,0.000000,0,-1.029757,0.000000,0.014223,0,-0.171843,0.000000,-0.013881,-1.029757,-0.171843,1,1,1,2.144875,0.000000,0.000000,0.000000,0.000000,0.000000,0.000000,0.000000
3.0901,1.103907,-0.161068,-0.005550,0.000000,0.021849,-0.021551,1,-1.029757,192,0.068902,-0.010657,1.103907,-0.002513,-1.065940,-0.005550,1.103907,-1.039936,-0.005550,-0.161068,0.000000,0.013045,-0.418292,-34.168916,0.026005,0.000000,0.000000,0.001988,0.000018,0.000000,0.068902,-0.010657,-9.809752,0.002746,0.006426,0.000004,0.369696,0.012991,27.000000,0.013045,1.103907,-0.002513,-0.161068,0.000000,0.026000,0.000000,42,0,1,32,30,-0.005301,0.004480,-0.005605,0.322590,-0.370520,9.048993,-1.201100,0.012991,0.007108,6,1,0,0.000000,0,-1.029757,0.000000,0.021849,0,-0.171843,0.000000,-0.021551,-1.029757,-0.171843,1,1,1,2.144957,0.000000,0.000000,0.000000,0.000000,0.000000,0.000000,0.000000
3.1001,1.103524,-0.160301,0.009828,0.000000,0.026180,-0.030755,1,-1.029757,200,0.070154,-0.010098,1.103524,-0.000419,-1.065659,0.009828,1.103524,-1.040421,0.009828,-0.160301,0.000000,0.013045,-0.418292,-34.168916,0.025238,0.000000,0.000000,0.002003,-0.000157,0.000000,0.070154,-0.010098,-9.809744,0.017434,0.022300,0.000018,0.369977,0.012919,27.000000,0.013045,1.103620,-0.000419,-0.161068,0.000000,0.026000,0.000000,46,0,1,32,30,-0.015990,0.023484,0.009540,-0.230773,-0.319691,9.556377,-1.200819,0.012919,0.007225,6,1,0,0.000000,0,-1.029757,0.000000,0.026180,0,-0.171843,0.000000,-0.030755,-1.029757,-0.171843,1,1,1,2.145040,0.000000,0.000000,0.000000,0.000000,0.000000,0.000000,0.000000
3.1101,1.103716,-0.161068,0.000499,0.000000,0.011591,-0.013881,1,-1.029757,212,0.070544,-0.009869,1.103716,0.001466,-1.066382,0.000499,1.103716,-1.039610,0.000499,-0.161068,0.000000,0.013045,-0.418292,-34.168916,0.026772,0.000000,0.000000,0.003990,0.000188,0.000000,0.070544,-0.009869,-9.809741,-0.008427,-0.008315,-0.000008,0.370021,0.012884,27.000000,0.013045,1.103716,0.001466,-0.161068,0.000000,0.026000,0.000000,52,0,1,32,30,0.005390,-0.010533,0.000628,-0.048505,-0.002146,10.181766,-1.200775,0.012884,0.007260,7,1,0,0.000000,0,-1.029757,0.000000,0.011591,0,-0.171843,0.000000,-0.013881,-1.029757,-0.171843,1,1,1,2.145121,0.000000,0.000000,0.000000,0.000000,0.000000,0.000000,0.000000
3.1201,1.103812,-0.161068,-0.014578,-0.104720,0.022518,-0.021551,1,-1.029757,222,0.069382,-0.010126,1.103812,0.000419,-1.065849,-0.014578,1.103812,-1.039844,-0.014578,-0.161068,-0.104720,0.013045,-0.418292,-34.168916,0.026005,0.000000,0.000000,0.003847,0.000186,0.000000,0.069382,-0.010126,-9.809749,-0.012217,-0.016229,-0.000011,0.369788,0.012929,27.000000,0.013045,1.103812,0.000419,-0.161068,-0.104720,0.026000,0.000000,57,0,1,32,30,0.011796,-0.016727,-0.014372,0.580381,-0.255756,9.059885,-1.201008,0.012929,0.007147,7,1,0,0.000000,0,-1.029757,0.000000,0.022518,0,-0.171843,0.000000,-0.021551,-1.029757,-0.171843,1,1,1,2.145202,0.000000,0.000000,0.000000,0.000000,0.000000,0.000000,0.000000
3.1301,1.103524,-0.161068,0.009939,0.000000,0.018543,-0.021551,1,-1.029757,232,0.069993,-0.010359,1.103524,-0.001466,-1.065713,0.009939,1.103524,-1.039708,0.009939,-0.161068,0.000000,0.013045,-0.418292,-34.168916,0.026005,0.000000,0.000000,0.003846,-0.000158,0.000000,0.069993,-0.010359,-9.809745,0.023471,0.017479,0.000018,0.369923,0.012943,27.000000,0.013045,1.103524,-0.001466,-0.161068,0.000000,0.026000,0.000000,62,0,1,32,30,-0.009590,0.027776,0.009595,-0.296282,0.182362,10.719401,-1.200873,0.012943,0.007213,7,1,0,0.000000,0,-1.029757,0.000000,0.018543,0,-0.171843,0.000000,-0.021551,-1.029757,-0.171843,1,1,1,2.145283,0.000000,0.000000,0.000000,0.000000,0.000000,0.000000,0.000000
3.1401,1.103524,-0.161068,0.003082,0.000000,0.018210,-0.021551,1,-1.029757,242,0.070023,-0.009427,1.103524,0.002513,-1.065573,0.003082,1.103524,-1.039567,0.003082,-0.161068,0.000000,0.013045,-0.418292,-34.168916,0.026006,0.000000,0.000000,0.003856,-0.000052,0.000000,0.070023,-0.009427,-9.809746,0.006603,0.007649,0.000007,0.370065,0.012848,27.000000,0.013045,1.103524,0.002513,-0.161068,0.000000,0.026000,0.000000,67,0,1,32,30,-0.005303,0.008641,0.002976,0.119872,-0.145519,8.630025,-1.200732,0.012848,0.007200,7,1,0,0.000000,0,-1.029757,0.000000,0.018210,0,-0.171843,0.000000,-0.021551,-1.029757,-0.171843,1,1,1,2.145363,0.000000,0.000000,0.000000,0.000000,0.000000,0.000000,0.000000
3.1501,1.103716,-0.160301,-0.015423,0.000000,0.029195,-0.030755,1,-1.029757,253,0.070702,-0.009731,1.103716,0.001466,-1.066371,-0.015423,1.103716,-1.040365,-0.015423,-0.160301,0.000000,0.013045,-0.418292,-34.168916,0.026005,0.001000,0.000000,0.002007,0.000024,0.000000,0.070702,-0.009731,-9.809740,-0.006095,-0.014297,0.000992,0.370033,0.012874,27.000000,0.013045,1.103716,0.001466,-0.160301,0.000000,0.026000,0.001000,72,0,1,32,30,0.011789,-0.010316,-0.014297,-0.401738,0.051737,10.450048,-1.200764,0.012874,0.007274,6,1,0,0.000000,0,-1.029757,0.000000,0.029195,0,-0.171843,0.000000,-0.030755,-1.029757,-0.171843,1,1,1,2.145443,0.000000,0.000000,0.000000,0.000000,0.000000,0.000000,0.000000
3.1601,1.103620,-0.161068,-0.008661,0.000000,0.013596,-0.013881,1,-1.029757,6,0.070391,-0.010173,1.103620,-0.000419,-1.066502,-0.008661,1.103620,-1.039730,-0.008661,-0.161068,0.000000,0.013045,-0.418292,-34.168916,0.026772,-0.001000,0.000000,0.002036,0.000123,0.000000,0.070391,-0.010173,-9.809742,0.008960,0.008400,-0.000992,0.369901,0.012917,27.000000,0.013045,1.103620,-0.000419,-0.161068,0.000000,0.026000,-0.001000,77,0,1,32,30,-0.005309,0.010948,-0.009797,-0.030801,-0.165296,9.452785,-1.200896,0.012917,0.007250,6,1,0,0.000000,0,-1.029757,0.000000,0.013596,0,-0.171843,0.000000,-0.013881,-1.029757,-0.171843,1,1,1,2.145523,0.000000,0.000000,0.000000,0.000000,0.000000,0.000000,0.000000
3.1701,1.103716,-0.161068,0.002828,0.000000,0.021492,-0.021551,1,-1.029757,15,0.069997,-0.009333,1.103716,-0.000419,-1.065864,0.002828,1.103716,-1.039859,0.002828,-0.161068,0.000000,0.013045,-0.418292,-34.168916,0.026006,0.000000,0.000000,0.002000,-0.000035,0.000000,0.069997,-0.009333,-9.809746,-0.002930,0.002385,-0.000001,0.369773,0.012839,27.000000,0.013045,1.103716,-0.000419,-0.161068,0.000000,0.026000,0.000000,82,0,1,32,30,-0.003157,-0.002038,0.002854,0.427159,-0.179460,9.070123,-1.201023,0.012839,0.007196,7,1,0,0.000000,0,-1.029757,0.000000,0.021492,0,-0.171843,0.000000,-0.021551,-1.029757,-0.171843,1,1,1,2.145603,0.000000,0.000000,0.000000,0.000000,0.000000,0.000000,0.000000
3.1801,1.104099,-0.161068,-0.001121,0.000000,0.019104,-0.021551,1,-1.029757,23,0.071548,-0.009565,1.104099,0.004503,-1.065773,-0.001121,1.104099,-1.039767,-0.001121,-0.161068,0.000000,0.013045,-0.418292,-34.168916,0.026006,0.000000,0.000000,0.001999,-0.000000,0.000000,0.071548,-0.009565,-9.809734,0.011991,-0.001844,0.000006,0.369863,0.012837,27.000000,0.013045,1.104099,0.004503,-0.161068,0.000000,0.026000,0.000000,87,0,1,32,30,0.005367,0.010865,-0.001256,-0.640623,0.135663,10.613434,-1.200934,0.012837,0.007356,6,1,0,0.000000,0,-1.029757,0.000000,0.019104,0,-0.171843,0.000000,-0.021551,-1.029757,-0.171843,1,1,1,2.145683,0.000000,0.000000,0.000000,0.000000,0.000000,0.000000,0.000000
3.1901,1.103812,-0.161068,0.002723,0.000000,0.019681,-0.021551,1,-1.029757,34,0.071345,-0.009353,1.103812,-0.003560,-1.066512,0.002723,1.103812,-1.039739,0.002723,-0.161068,0.000000,0.013045,-0.418292,-34.168916,0.026773,0.000000,0.000000,0.002009,-0.000205,0.000000,0.071345,-0.009353,-9.809736,-0.008300,0.005162,-0.000005,0.369891,0.012819,27.000000,0.013045,1.103812,-0.003560,-0.161068,0.000000,0.026000,0.000000,92,0,1,32,30,-0.007422,-0.006324,0.002801,-0.050981,0.215994,9.552307,-1.200905,0.012819,0.007332,7,1,0,0.000000,0,-1.029757,0.000000,0.019681,0,-0.171843,0.000000,-0.021551,-1.029757,-0.171843,1,1,1,2.145764,0.000000,0.000000,0.000000,0.000000,0.000000,0.000000,0.000000
3.2001,1.103812,-0.161068,-0.009861,0.000000,0.019935,-0.021551,1,-1.029757,43,0.071378,-0.009023,1.103812,0.001466,-1.065743,-0.009861,1.103812,-1.039736,-0.009861,-0.161068,0.000000,0.013045,-0.418292,-34.168916,0.026006,0.000000,0.000000,0.003846,-0.000002,0.000000,0.071378,-0.009023,-9.809736,0.002761,-0.000285,0.000002,0.369894,0.012786,27.000000,0.013045,1.103812,0.001466,-0.161068,0.000000,0.026000,0.000000,97,0,1,32,30,0.001104,0.002418,-0.009891,-0.363589,0.268737,10.691514,-1.200902,0.012786,0.007330,7,1,0,0.000000,0,-1.029757,0.000000,0.019935,0,-0.171843,0.000000,-0.021551,-1.029757,-0.171843,1,1,1,2.145844,0.000000,0.000000,0.000000,0.000000,0.000000,0.000000,0.000000
3.2101,1.103812,-0.160301,0.003028,0.000000,0.028584,-0.030755,1,-1.029757,54,0.071358,-0.008717,1.103812,-0.000419,-1.065694,0.003028,1.103812,-1.040455,0.003028,-0.160301,0.000000,0.013045,-0.418292,-34.168916,0.025239,0.000000,0.000000,0.002007,0.000010,0.000000,0.071358,-0.008717,-9.809737,0.003262,0.011071,0.000005,0.369943,0.012761,27.000000,0.013045,1.103812,-0.000419,-0.160301,0.000000,0.026000,0.000000,102,0,1,32,30,-0.009570,0.006492,0.002948,0.264545,-0.311058,8.877286,-1.200854,0.012761,0.007323,7,1,0,0.000000,0,-1.029757,0.000000,0.028584,0,-0.171843,0.000000,-0.030755,-1.029757,-0.171843,1,1,1,2.145923,0.000000,0.000000,0.000000,0.000000,0.000000,0.000000,0.000000
3.2201,1.103716,-0.161068,-0.003714,0.000000,0.012764,-0.013881,1,-1.029757,64,0.071397,-0.008757,1.103716,-0.000419,-1.065742,-0.003714,1.103716,-1.039736,-0.003714,-0.161068,0.000000,0.013045,-0.418292,-34.168916,0.026006,0.000000,0.000000,0.003855,-0.000174,0.000000,0.071397,-0.008757,-9.809736,-0.005635,-0.009667,-0.000005,0.369895,0.012759,27.000000,0.013045,1.103716,-0.000419,-0.161068,0.000000,0.026000,0.000000,107,0,1,32,30,0.007521,-0.008333,-0.003611,-0.239211,0.193133,10.623843,-1.200901,0.012759,0.007328,7,1,0,0.000000,0,-1.029757,0.000000,0.012764,0,-0.171843,0.000000,-0.013881,-1.029757,-0.171843,1,1,1,2.146002,0.000000,0.000000,0.000000,0.000000,0.000000,0.000000,0.000000
3.2301,1.104003,-0.161068,-0.005951,-0.104720,0.021034,-0.021551,1,-1.029757,73,0.071185,-0.008142,1.104003,0.002513,-1.065832,-0.005951,1.104003,-1.039826,-0.005951,-0.161068,-0.104720,0.013045,-0.418292,-34.168916,0.026007,0.000000,0.000000,0.003846,0.000016,0.000000,0.071185,-0.008142,-9.809738,-0.010306,-0.008905,-0.000008,0.369806,0.012700,27.000000,0.013045,1.104003,0.002513,-0.161068,-0.104720,0.026000,0.000000,112,0,1,32,30,0.005390,-0.012585,-0.005795,-0.201737,0.507284,10.741869,-1.200990,0.012700,0.007296,7,1,0,0.000000,0,-1.029757,0.000000,0.021034,0,-0.171843,0.000000,-0.021551,-1.029757,-0.171843,1,1,1,2.146081,0.000000,0.000000,0.000000,0.000000,0.000000,0.000000,0.000000
3.2401,1.103907,-0.161068,0.001280,0.000000,0.018794,-0.021551,1,-1.029757,83,0.072228,-0.008578,1.103907,0.001466,-1.065721,0.001280,1.103907,-1.039714,0.001280,-0.161068,0.000000,0.013042,-0.418292,-34.168916,0.026007,0.000000,0.000008,0.003847,-0.000148,0.000008,0.072228,-0.008578,-9.809730,0.021473,0.003401,0.000000,0.369916,0.012724,27.000000,0.013045,1.103907,0.001466,-0.161068,0.000000,0.026000,0.000000,117,0,1,32,30,0.003221,0.021515,0.000999,-0.201366,-0.369960,9.756870,-1.200880,0.012724,0.007408,7,1,0,0.000000,0,-1.029757,0.000000,0.018794,0,-0.171843,0.000000,-0.021551,-1.029757,-0.171843,1,1,1,2.146160,0.000000,0.000000,0.000000,0.000000,0.000000,0.000000,0.000000
3.2501,1.103716,-0.160301,0.004865,0.000000,0.028724,-0.030755,1,-1.029757,93,0.072233,-0.008476,1.103716,-0.002513,-1.065687,0.004865,1.103716,-1.040448,0.004865,-0.160301,0.000000,0.013045,-0.418292,-34.168916,0.025240,0.000000,0.000000,0.003830,0.000179,0.000000,0.072233,-0.008476,-9.809730,-0.005105,-0.005028,-0.000005,0.369949,0.012722,27.000000,0.013045,1.103716,-0.002513,-0.160301,0.000000,0.026000,0.000000,122,0,1,32,30,0.003252,-0.006322,0.004942,0.095031,0.100992,10.355163,-1.200847,0.012722,0.007407,7,1,0,0.000000,0,-1.029757,0.000000,0.028724,0,-0.171843,0.000000,-0.030755,-1.029757,-0.171843,1,1,1,2.146238,0.000000,0.000000,0.000000,0.000000,0.000000,0.000000,0.000000
3.2601,1.103784,-0.161068,-0.018646,0.000000,0.013221,-0.013881,1,-1.029757,101,0.071312,-0.015587,1.103784,0.001466,-1.065756,-0.018646,1.103812,-1.039768,-0.018646,-0.161068,0.000000,0.012291,-0.418292,-34.168916,0.025989,0.000000,0.001802,0.001821,0.000029,0.001802,0.071312,-0.015587,-9.809728,-0.007221,-0.003447,0.000000,0.369862,0.012693,27.000000,0.013045,1.103812,0.001466,-0.161068,0.000000,0.026000,0.000000,126,0,1,32,30,0.001112,-0.008153,-0.018547,-0.080033,-0.130745,8.974578,-1.200934,0.012693,0.007431,7,1,0,0.000000,0,-1.029757,0.000000,0.013221,0,-0.171843,0.000000,-0.013881,-1.029757,-0.171843,1,1,1,2.146314,0.000000,0.000000,0.000000,0.000000,0.000000,0.000000,0.000000
3.2701,1.104099,-0.161068,-0.022703,0.000000,0.023234,-0.021551,1,-1.029757,114,0.071421,-0.007815,1.104099,0.002513,-1.066042,-0.022703,1.104099,-1.040035,-0.022703,-0.161068,0.000000,0.013045,-0.418292,-34.168916,0.026007,0.000000,0.000000,0.003922,0.000474,0.000000,0.071421,-0.007815,-9.809737,0.002341,-0.004894,0.000001,0.369596,0.012663,27.000000,0.013045,1.104099,0.002513,-0.161068,0.000000,0.026000,0.000000,132,0,1,32,30,0.005371,0.000464,-0.022710,0.372905,-0.023871,10.411511,-1.201200,0.012663,0.007315,7,1,0,0.000000,0,-1.029757,0.000000,0.023234,0,-0.171843,0.000000,-0.021551,-1.029757,-0.171843,1,1,1,2.146393,0.000000,0.000000,0.000000,0.000000,0.000000,0.000000,0.000000
3.2801,1.103716,-0.161068,0.018010,0.000000,0.018922,-0.021551,1,-1.029757,123,0.072278,-0.008127,1.103716,-0.000419,-1.065919,0.018010,1.103716,-1.039899,0.018010,-0.161068,0.000000,0.013039,-0.418292,-34.168916,0.026019,0.000000,0.000014,0.001998,-0.000233,0.000014,0.072278,-0.008127,-9.809730,0.004284,0.013626,0.000000,0.369731,0.012675,27.000000,0.013045,1.103716,-0.000419,-0.161068,0.000000,0.026000,0.000000,137,0,1,32,30,-0.001036,0.014865,0.017985,0.084685,-0.328612,9.518211,-1.201078,0.012686,0.007401,6,1,0,0.000000,0,-1.029757,0.000000,0.018922,0,-0.171843,0.000000,-0.021551,-1.029757,-0.171843,1,1,1,2.146472,0.000000,0.000000,0.000000,0.000000,0.000000,0.000000,0.000000
3.2901,1.103716,-0.161068,0.015520,0.000000,0.019507,-0.021551,1,-1.029757,133,0.072347,-0.007365,1.103716,0.002513,-1.065842,0.015520,1.103716,-1.039834,0.015520,-0.161068,0.000000,0.013045,-0.418292,-34.168916,0.026007,0.000000,0.000000,0.001877,0.000080,0.000000,0.072347,-0.007365,-9.809730,-0.007972,0.003022,-0.000005,0.369796,0.012603,27.000000,0.013045,1.103716,0.002513,-0.161068,0.000000,0.026000,0.000000,142,0,1,32,30,-0.005283,-0.006488,0.015600,-0.190992,0.247820,10.844543,-1.201000,0.012603,0.007400,6,1,0,0.000000,0,-1.029757,0.000000,0.019507,0,-0.171843,0.000000,-0.021551,-1.029757,-0.171843,1,1,1,2.146548,0.000000,0.000000,0.000000,0.000000,0.000000,0.000000,0.000000
3.3001,1.103716,-0.161068,-0.005890,0.000000,0.020718,-0.021551,1,-1.029757,144,0.073077,-0.007302,1.103716,0.000419,-1.065889,-0.005890,1.103716,-1.039881,-0.005890,-0.161068,0.000000,0.013045,-0.418292,-34.168916,0.026008,0.000000,0.000000,0.003968,-0.000164,0.000000,0.073077,-0.007302,-9.809725,-0.005022,-0.018430,-0.000007,0.369749,0.012585,27.000000,0.013045,1.103716,0.000419,-0.161068,0.000000,0.026000,0.000000,147,0,1,32,30,0.016061,-0.010417,-0.005762,-0.134896,0.027554,10.095873,-1.201048,0.012585,0.007473,7,1,0,0.000000,0,-1.029757,0.000000,0.020718,0,-0.171843,0.000000,-0.021551,-1.029757,-0.171843,1,1,1,2.146627,0.000000,0.000000,0.000000,0.000000,0.000000,0.000000,0.000000
3.3101,1.103716,-0.161068,-0.007536,0.000000,0.021146,-0.021551,1,-1.029757,154,0.072710,-0.007692,1.103716,0.001466,-1.065963,-0.007536,1.103716,-1.039956,-0.007536,-0.161068,0.000000,0.013045,-0.418292,-34.168916,0.026007,0.000000,0.000000,0.003849,0.000002,0.000000,0.072710,-0.007692,-9.809728,0.006312,0.016516,0.000008,0.369674,0.012630,27.000000,0.013045,1.103716,0.001466,-0.161068,0.000000,0.026000,0.000000,152,0,1,32,30,-0.013847,0.010895,-0.007671,0.054801,-0.313881,9.097240,-1.201122,0.012630,0.007442,7,1,0,0.000000,0,-1.029757,0.000000,0.021146,0,-0.171843,0.000000,-0.021551,-1.029757,-0.171843,1,1,1,2.146703,0.000000,0.000000,0.000000,0.000000,0.000000,0.000000,0.000000
3.3201,1.103812,-0.160301,-0.010120,0.000000,0.029263,-0.030755,1,-1.029757,163,0.072488,-0.007312,1.103812,-0.000419,-1.065935,-0.010120,1.103812,-1.040695,-0.010120,-0.160301,0.000000,0.013045,-0.418292,-34.168916,0.025240,0.000000,0.000000,0.001984,-0.000014,0.000000,0.072488,-0.007312,-9.809729,-0.008719,0.000547,-0.000006,0.369703,0.012601,27.000000,0.013045,1.103812,-0.000419,-0.160301,0.000000,0.026000,0.000000,157,0,1,32,30,-0.003154,-0.008279,-0.010019,-0.066711,0.313878,10.921851,-1.201093,0.012601,0.007414,7,1,0,0.000000,0,-1.029757,0.000000,0.029263,0,-0.171843,0.000000,-0.030755,-1.029757,-0.171843,1,1,1,2.146780,0.000000,0.000000,0.000000,0.000000,0.000000,0.000000,0.000000
3.3301,1.103684,-0.161068,-0.026870,0.000000,0.013706,-0.013881,1,-1.029757,171,0.071765,-0.015054,1.103684,0.002513,-1.065997,-0.026870,1.103716,-1.040014,-0.026870,-0.161068,0.000000,0.012211,-0.418292,-34.168916,0.025983,0.000000,0.003965,0.002017,0.000009,0.003965,0.071765,-0.015054,-9.809726,0.005203,0.000494,0.000000,0.369616,0.012552,27.000000,0.013045,1.103716,0.002513,-0.161068,0.000000,0.026000,0.000000,161,0,1,32,30,0.001106,-0.001770,-0.016340,-0.098362,-0.322583,9.020490,-1.201161,0.012552,0.007463,7,1,0,0.000000,0,-1.029757,0.000000,0.013706,0,-0.171843,0.000000,-0.013881,-1.029757,-0.171843,1,1,1,2.146857,0.000000,0.000000,0.000000,0.000000,0.000000,0.000000,0.000000
3.3401,1.104003,-0.161068,-0.003501,0.000000,0.022276,-0.021551,1,-1.029757,181,0.072342,-0.006935,1.104003,0.001466,-1.066168,-0.003501,1.104003,-1.040161,-0.003501,-0.161068,0.000000,0.013045,-0.418292,-34.168916,0.026008,0.000000,0.000000,0.003979,0.000225,0.000000,0.072342,-0.006935,-9.809731,0.005103,-0.015220,0.000000,0.369470,0.012560,27.000000,0.013045,1.103812,0.001466,-0.161068,0.000000,0.026000,0.000000,166,0,1,32,30,0.016050,0.000239,-0.003505,0.085943,0.484897,11.019373,-1.201326,0.012560,0.007393,6,1,0,0.000000,0,-1.029757,0.000000,0.022276,0,-0.171843,0.000000,-0.021551,-1.029757,-0.171843,1,1,1,2.146934,0.000000,0.000000,0.000000,0.000000,0.000000,0.000000,0.000000
3.3501,1.103907,-0.161068,0.020445,0.000000,0.019578,-0.021551,1,-1.029757,193,0.073723,-0.007254,1.103907,-0.000419,-1.066066,0.020445,1.103907,-1.040058,0.020445,-0.161068,0.000000,0.013045,-0.418292,-34.168916,0.026008,0.000000,0.000000,0.001871,-0.000222,0.000000,0.073723,-0.007254,-9.809720,0.017101,0.015446,0.000016,0.369571,0.012569,27.000000,0.013045,1.103907,-0.000419,-0.161068,0.000000,0.026000,0.000000,172,0,1,32,30,-0.009580,0.021223,0.020186,0.006914,-0.313554,9.068501,-1.201225,0.012569,0.007537,6,1,0,0.000000,0,-1.029757,0.000000,0.019578,0,-0.171843,0.000000,-0.021551,-1.029757,-0.171843,1,1,1,2.147011,0.000000,0.000000,0.000000,0.000000,0.000000,0.000000,0.000000
3.3601,1.103716,-0.161068,0.000749,0.000000,0.019614,-0.021551,1,-1.029757,199,0.072739,-0.013466,1.103716,-0.004503,-1.065980,0.000749,1.103716,-1.039976,0.000749,-0.161068,0.000000,0.012341,-0.418292,-34.168916,0.026004,0.000000,0.001682,0.001822,0.000003,0.001682,0.072739,-0.013466,-9.809721,-0.000190,0.001015,0.000000,0.369654,0.012507,27.000000,0.013045,1.103716,-0.004503,-0.161068,0.000000,0.026000,0.000000,176,0,1,32,30,-0.001025,0.000134,0.000747,-0.077375,0.036322,10.162991,-1.201143,0.012507,0.007540,7,1,0,0.000000,0,-1.029757,0.000000,0.019614,0,-0.171843,0.000000,-0.021551,-1.029757,-0.171843,1,1,1,2.147085,0.000000,0.000000,0.000000,0.000000,0.000000,0.000000,0.000000
3.3701,1.103716,-0.161068,-0.007928,0.000000,0.021055,-0.021551,1,-1.029757,210,0.074047,-0.006748,1.103716,-0.001466,-1.066035,-0.007928,1.103716,-1.040027,-0.007928,-0.161068,0.000000,0.013045,-0.418292,-34.168916,0.026008,0.000000,0.000000,0.001865,-0.000171,0.000000,0.074047,-0.006748,-9.809718,-0.003491,-0.008986,-0.000004,0.369602,0.012513,27.000000,0.013045,1.103716,-0.001466,-0.161068,0.000000,0.026000,0.000000,182,0,1,32,30,0.007517,-0.006139,-0.007852,-0.239435,0.288281,10.663080,-1.201194,0.012513,0.007561,7,1,0,0.000000,0,-1.029757,0.000000,0.021055,0,-0.171843,0.000000,-0.021551,-1.029757,-0.171843,1,1,1,2.147163,0.000000,0.000000,0.000000,0.000000,0.000000,0.000000,0.000000
3.3801,1.103698,-0.161068,-0.001288,0.000000,0.020929,-0.021551,1,-1.029757,218,0.072811,-0.012266,1.103698,0.000419,-1.066063,-0.001288,1.103716,-1.040060,-0.001288,-0.161068,0.000000,0.012505,-0.418292,-34.168916,0.026003,0.000000,0.003270,0.002016,-0.000087,0.003270,0.072811,-0.012266,-9.809722,0.001339,0.010458,0.000000,0.369570,0.012548,27.000000,0.013045,1.103716,0.000419,-0.161068,0.000000,0.026000,0.000000,186,0,1,32,30,-0.009569,0.004411,-0.001343,0.178141,-0.300129,8.762495,-1.201226,0.012548,0.007527,6,1,0,0.000000,0,-1.029757,0.000000,0.020929,0,-0.171843,0.000000,-0.021551,-1.029757,-0.171843,1,1,1,2.147234,0.000000,0.000000,0.000000,0.000000,0.000000,0.000000,0.000000
3.3901,1.103855,-0.161068,0.004856,0.000000,0.019966,-0.021551,1,-1.029757,228,0.072188,-0.014634,1.103855,-0.000419,-1.066012,0.004856,1.103812,-1.040006,0.004856,-0.161068,0.000000,0.012208,-0.418292,-34.168916,0.026006,0.000000,0.003987,0.002011,0.000090,0.003987,0.072188,-0.014634,-9.809723,-0.008349,0.005146,0.000000,0.369624,0.012500,27.000000,0.013045,1.103812,-0.000419,-0.161068,0.000000,0.026000,0.000000,191,0,1,32,30,-0.001009,-0.012801,0.009130,-0.123604,0.274068,11.045830,-1.201176,0.012505,0.007510,6,1,0,0.000000,0,-1.029757,0.000000,0.019966,0,-0.171843,0.000000,-0.021551,-1.029757,-0.171843,1,1,1,2.147315,0.000000,0.000000,0.000000,0.000000,0.000000,0.000000,0.000000
3.4001,1.103812,-0.161068,-0.005596,0.000000,0.020589,-0.021551,1,-1.029757,236,0.074306,-0.006091,1.103812,0.002513,-1.066022,-0.005596,1.103812,-1.040014,-0.005596,-0.161068,0.000000,0.013045,-0.418292,-34.168916,0.026009,0.000000,0.000000,0.003971,-0.000073,0.000000,0.074306,-0.006091,-9.809717,0.002655,-0.000320,0.000002,0.369616,0.012443,27.000000,0.013045,1.103907,0.002513,-0.161068,0.000000,0.026000,0.000000,196,0,1,32,30,0.001105,0.002362,-0.005625,-0.002753,-0.237770,9.126679,-1.201181,0.012443,0.007577,6,1,0,0.000000,0,-1.029757,0.000000,0.020589,0,-0.171843,0.000000,-0.021551,-1.029757,-0.171843,1,1,1,2.147390,0.000000,0.000000,0.000000,0.000000,0.000000,0.000000,0.000000
3.4101,1.103812,-0.161068,-0.006574,0.000000,0.021437,-0.021551,1,-1.029757,246,0.074513,-0.006278,1.103812,-0.000419,-1.066099,-0.006574,1.103812,-1.040091,-0.006574,-0.161068,0.000000,0.013045,-0.418292,-34.168916,0.026009,-0.001000,0.000000,0.002003,0.000010,0.000000,0.074513,-0.006278,-9.809715,0.008818,0.001634,-0.000994,0.369538,0.012458,27.000000,0.013045,1.103812,-0.000419,-0.161068,0.000000,0.026000,-0.001000,0,0,1,32,30,0.001098,0.008801,-0.007683,-0.257717,0.256286,10.930718,-1.201258,0.012458,0.007601,7,1,0,0.000000,0,-1.029757,0.000000,0.021437,0,-0.171843,0.000000,-0.021551,-1.029757,-0.171843,1,1,1,2.147465,0.000000,0.000000,0.000000,0.000000,0.000000,0.000000,0.000000
3.4201,1.103893,-0.161068,-0.011953,0.000000,0.021528,-0.021551,1,-1.029757,0,0.073324,-0.014116,1.103893,-0.000419,-1.066158,-0.011953,1.103907,-1.040163,-0.011953,-0.161068,0.000000,0.012222,-0.418292,-34.168916,0.025996,0.000000,0.001968,0.001884,-0.000001,0.001968,0.073324,-0.014116,-9.809716,0.000951,0.012577,0.000000,0.369467,0.012443,27.000000,0.013045,1.103907,-0.000419,-0.161068,0.000000,0.026000,0.000000,5,0,1,32,30,-0.009575,0.008742,-0.005559,0.179070,-0.078300,9.386802,-1.201322,0.012453,0.007607,7,1,0,0.000000,0,-1.029757,0.000000,0.021528,0,-0.171843,0.000000,-0.021551,-1.029757,-0.171843,1,1,1,2.147540,0.000000,0.000000,0.000000,0.000000,0.000000,0.000000,0.000000
3.4301,1.103875,-0.161068,-0.007881,0.000000,0.021852,-0.021551,1,-1.029757,11,0.073523,-0.014112,1.103875,0.000419,-1.066247,-0.007881,1.103907,-1.040249,-0.007881,-0.161068,0.000000,0.012191,-0.418292,-34.168916,0.025998,0.000000,0.002042,0.001738,0.000020,0.002042,0.073523,-0.014112,-9.809714,-0.003408,-0.002241,0.000000,0.369380,0.012408,27.000000,0.013045,1.103907,0.000419,-0.161068,0.000000,0.026000,0.000000,10,0,1,32,30,0.001111,-0.004021,-0.007833,-0.182272,0.166834,10.432207,-1.201416,0.012408,0.007629,7,1,0,0.000000,0,-1.029757,0.000000,0.021852,0,-0.171843,0.000000,-0.021551,-1.029757,-0.171843,1,1,1,2.147615,0.000000,0.000000,0.000000,0.000000,0.000000,0.000000,0.000000
3.4401,1.103812,-0.161068,-0.014124,0.000000,0.021602,-0.021551,1,-1.029757,21,0.074854,-0.005851,1.103812,0.000419,-1.066310,-0.014124,1.103812,-1.040301,-0.014124,-0.161068,0.000000,0.013045,-0.418292,-34.168916,0.026009,0.000000,0.000000,0.002019,-0.000072,0.000000,0.074854,-0.005851,-9.809713,0.003517,-0.002284,0.000002,0.369328,0.012410,27.000000,0.013045,1.103907,0.000419,-0.161068,0.000000,0.026000,0.000000,15,0,1,32,30,0.003237,0.002481,-0.014155,-0.029308,0.082273,10.316612,-1.201468,0.012410,0.007628,6,1,0,0.000000,0,-1.029757,0.000000,0.021602,0,-0.171843,0.000000,-0.021551,-1.029757,-0.171843,1,1,1,2.147690,0.000000,0.000000,0.000000,0.000000,0.000000,0.000000,0.000000
3.4501,1.103907,-0.161068,0.009378,0.000000,0.020279,-0.021551,1,-1.029757,33,0.075178,-0.005601,1.103907,0.000419,-1.066242,0.009378,1.103907,-1.040233,0.009378,-0.161068,0.000000,0.013045,-0.418292,-34.168916,0.026009,0.000000,0.000000,0.003972,0.000059,0.000000,0.075178,-0.005601,-9.809710,0.002372,0.006303,0.000003,0.369396,0.012379,27.000000,0.013045,1.103907,0.000419,-0.161068,0.000000,0.026000,0.000000,21,0,1,32,30,-0.005296,0.004282,0.009326,-0.041601,-0.131549,9.041587,-1.201401,0.012379,0.007656,7,1,0,0.000000,0,-1.029757,0.000000,0.020279,0,-0.171843,0.000000,-0.021551,-1.029757,-0.171843,1,1,1,2.147765,0.000000,0.000000,0.000000,0.000000,0.000000,0.000000,0.000000
3.4601,1.103887,-0.161068,-0.010912,0.000000,0.021279,-0.021551,1,-1.029757,41,0.074539,-0.011076,1.103887,0.001466,-1.066260,-0.010912,1.103907,-1.040261,-0.010912,-0.161068,0.000000,0.012440,-0.418292,-34.168916,0.026000,0.001000,0.001447,0.002022,0.000042,0.001447,0.074539,-0.011076,-9.809711,0.000719,-0.000933,0.001000,0.369369,0.012335,27.000000,0.013045,1.103907,0.001466,-0.161068,0.000000,0.026000,0.001000,25,0,1,32,30,0.001106,0.000281,-0.009916,-0.152495,0.152575,10.814899,-1.201428,0.012335,0.007682,7,1,0,0.000000,0,-1.029757,0.000000,0.021279,0,-0.171843,0.000000,-0.021551,-1.029757,-0.171843,1,1,1,2.147836,0.000000,0.000000,0.000000,0.000000,0.000000,0.000000,0.000000
3.4701,1.103907,-0.161068,-0.016208,0.000000,0.022870,-0.021551,1,-1.029757,52,0.075704,-0.005232,1.103907,-0.000419,-1.066425,-0.016208,1.103907,-1.040416,-0.016208,-0.161068,0.000000,0.013045,-0.418292,-34.168916,0.026009,0.000000,0.000000,0.001997,0.000037,0.000000,0.075704,-0.005232,-9.809706,0.004310,0.002446,0.000003,0.369213,0.012333,27.000000,0.013045,1.103907,-0.000419,-0.161068,0.000000,0.026000,0.000000,31,0,1,32,30,-0.001035,0.004634,-0.016267,0.141810,-0.205101,9.586482,-1.201583,0.012333,0.007703,7,1,0,0.000000,0,-1.029757,0.000000,0.022870,0,-0.171843,0.000000,-0.021551,-1.029757,-0.171843,1,1,1,2.147914,0.000000,0.000000,0.000000,0.000000,0.000000,0.000000,0.000000
3.4801,1.103812,-0.161068,-0.009870,0.000000,0.022184,-0.021551,1,-1.029757,63,0.076105,-0.005199,1.103812,0.000419,-1.066498,-0.009870,1.103812,-1.040488,-0.009870,-0.161068,0.000000,0.013045,-0.418292,-34.168916,0.026010,0.000000,0.000000,0.002002,0.000095,0.000000,0.076105,-0.005199,-9.809703,-0.000482,0.009883,0.000002,0.369140,0.012324,27.000000,0.013045,1.103812,0.000419,-0.161068,0.000000,0.026000,0.000000,36,0,1,32,30,-0.009569,0.002388,-0.009900,-0.430228,0.380381,10.941424,-1.201656,0.012324,0.007743,7,1,0,0.000000,0,-1.029757,0.000000,0.022184,0,-0.171843,0.000000,-0.021551,-1.029757,-0.171843,1,1,1,2.147988,0.000000,0.000000,0.000000,0.000000,0.000000,0.000000,0.000000
3.4901,1.103907,-0.161068,-0.005497,0.000000,0.021892,-0.021551,1,-1.029757,72,0.076482,-0.004960,1.103907,0.000419,-1.067301,-0.005497,1.103907,-1.040524,-0.005497,-0.161068,0.000000,0.013045,-0.418292,-34.168916,0.026777,0.000000,0.000000,0.001989,0.000106,0.000000,0.076482,-0.004960,-9.809701,0.005431,0.005038,0.000005,0.369104,0.012293,27.000000,0.013045,1.103907,0.000419,-0.161068,0.000000,0.026000,0.000000,41,0,1,32,30,-0.003169,0.006623,-0.005579,0.035547,-0.125009,9.290536,-1.201692,0.012293,0.007777,7,1,0,0.000000,0,-1.029757,0.000000,0.021892,0,-0.171843,0.000000,-0.021551,-1.029757,-0.171843,1,1,1,2.148064,0.000000,0.000000,0.000000,0.000000,0.000000,0.000000,0.000000
3.5001,1.103907,-0.161068,0.002784,0.000000,0.021478,-0.021551,1,-1.029757,80,0.076246,-0.004941,1.103907,0.001466,-1.066529,0.002784,1.103907,-1.040519,0.002784,-0.161068,0.000000,0.013045,-0.418292,-34.168916,0.026010,0.000000,0.000000,0.003848,-0.000015,0.000000,0.076246,-0.004941,-9.809702,-0.002372,-0.006394,-0.000003,0.369109,0.012295,27.000000,0.013045,1.103907,0.001466,-0.161068,0.000000,0.026000,0.000000,45,0,1,32,30,0.005384,-0.004150,0.002836,-0.022694,0.142459,9.312326,-1.201687,0.012295,0.007753,6,1,0,0.000000,0,-1.029757,0.000000,0.021478,0,-0.171843,0.000000,-0.021551,-1.029757,-0.171843,1,1,1,2.148139,0.000000,0.000000,0.000000,0.000000,0.000000,0.000000,0.000000
3.5101,1.103907,-0.161068,0.003881,0.000000,0.021673,-0.021551,1,-1.029757,92,0.076331,-0.004907,1.103907,-0.000419,-1.066541,0.003881,1.103907,-1.040532,0.003881,-0.161068,0.000000,0.013045,-0.418292,-34.168916,0.026010,-0.001000,0.000000,0.003848,-0.000014,0.000000,0.076331,-0.004907,-9.809702,-0.000244,0.000998,-0.001000,0.369097,0.012290,27.000000,0.013045,1.103907,-0.000419,-0.161068,0.000000,0.026000,-0.001000,51,0,1,32,30,-0.001025,0.000105,0.002880,-0.030070,0.151563,10.125898,-1.201700,0.012290,0.007761,7,1,0,0.000000,0,-1.029757,0.000000,0.021673,0,-0.171843,0.000000,-0.021551,-1.029757,-0.171843,1,1,1,2.148213,0.000000,0.000000,0.000000,0.000000,0.000000,0.000000,0.000000
3.5201,1.103907,-0.160301,-0.009664,0.000000,0.030807,-0.030755,1,-1.029757,100,0.076888,-0.004403,1.103907,0.001466,-1.066546,-0.009664,1.103907,-1.041303,-0.009664,-0.160301,0.000000,0.013045,-0.418292,-34.168916,0.025243,0.000000,0.000000,0.001992,0.000098,0.000000,0.076888,-0.004403,-9.809698,0.008306,0.010437,0.000009,0.369092,0.012237,27.000000,0.013045,1.103812,0.001466,-0.161068,0.000000,0.026000,0.000000,55,0,1,32,30,-0.007444,0.010942,-0.009799,0.036068,-0.419191,9.105741,-1.201704,0.012237,0.007810,6,1,0,0.000000,0,-1.029757,0.000000,0.030807,0,-0.171843,0.000000,-0.030755,-1.029757,-0.171843,1,1,1,2.148286,0.000000,0.000000,0.000000,0.000000,0.000000,0.000000,0.000000
3.5301,1.103812,-0.161068,-0.010221,0.000000,0.014939,-0.013881,1,-1.029757,113,0.077102,-0.004415,1.103812,0.000419,-1.067401,-0.010221,1.103812,-1.040624,-0.010221,-0.161068,0.000000,0.013045,-0.418292,-34.168916,0.026777,0.000000,0.000000,0.001942,-0.000082,0.000000,0.077102,-0.004415,-9.809696,-0.012143,-0.002771,-0.000009,0.369004,0.012228,27.000000,0.013045,1.103812,0.000419,-0.161068,0.000000,0.026000,0.000000,61,0,1,32,30,-0.001015,-0.012546,-0.010067,-0.171300,0.151151,10.929718,-1.201792,0.012228,0.007831,7,1,0,0.000000,0,-1.029757,0.000000,0.014939,0,-0.171843,0.000000,-0.013881,-1.029757,-0.171843,1,1,1,2.148362,0.000000,0.000000,0.000000,0.000000,0.000000,0.000000,0.000000
3.5401,1.104003,-0.161068,0.210086,0.000000,0.023849,-0.021551,1,-1.029757,123,0.076338,-0.004101,1.104003,0.000419,-1.066452,0.210086,1.104003,-1.040800,0.210086,-0.161068,0.000000,0.013045,-0.418292,-34.168916,0.025653,0.000000,0.000000,0.003852,-0.000164,0.000000,0.076338,-0.004101,-9.809702,-0.004264,-0.000275,-0.209442,0.368829,0.012209,27.000000,0.013045,1.104003,0.000419,-0.161068,0.000000,0.026000,0.000000,66,0,1,32,30,-0.001021,-0.004140,0.000698,0.581878,-0.356559,9.479972,-1.201967,0.012209,0.007749,7,1,0,0.000000,0,-1.029757,0.000000,0.023849,0,-0.171843,0.000000,-0.021551,-1.029757,-0.171843,1,1,1,2.148436,0.000000,0.000000,0.000000,0.000000,0.000000,0.000000,0.000000
3.5501,1.103812,-0.161068,0.003644,0.000000,0.020376,-0.021551,1,-1.029757,132,0.077771,-0.004090,1.103812,-0.001466,-1.066668,0.003644,1.103812,-1.040657,0.003644,-0.161068,0.000000,0.013045,-0.418292,-34.168916,0.026011,0.000000,0.000000,0.003838,-0.000146,0.000000,0.077771,-0.004090,-9.809691,0.027709,0.018816,0.000021,0.368970,0.012185,27.000000,0.013045,1.103812,-0.001466,-0.161068,0.000000,0.026000,0.000000,71,0,1,32,30,-0.009597,0.032135,0.003246,-0.268933,-0.329509,9.575395,-1.201826,0.012185,0.007893,7,1,0,0.000000,0,-1.029757,0.000000,0.020376,0,-0.171843,0.000000,-0.021551,-1.029757,-0.171843,1,1,1,2.148510,0.000000,0.000000,0.000000,0.000000,0.000000,0.000000,0.000000
3.5601,1.103716,-0.160301,-0.005645,0.000000,0.030815,-0.030755,1,-1.029757,142,0.077930,-0.003644,1.103716,0.002513,-1.066653,-0.005645,1.103716,-1.041409,-0.005645,-0.160301,0.000000,0.013045,-0.418292,-34.168916,0.025244,0.000000,0.000000,0.001994,0.000205,0.000000,0.077930,-0.003644,-9.809690,0.001269,-0.002999,0.000000,0.368986,0.012143,27.000000,0.013045,1.103716,0.002513,-0.160301,0.000000,0.026000,0.000000,76,0,1,32,30,0.003242,0.000231,-0.005648,0.115036,0.087670,10.661295,-1.201810,0.012143,0.007902,7,1,0,0.000000,0,-1.029757,0.000000,0.030815,0,-0.171843,0.000000,-0.030755,-1.029757,-0.171843,1,1,1,2.148582,0.000000,0.000000,0.000000,0.000000,0.000000,0.000000,0.000000
3.5701,1.103786,-0.161068,-0.016655,0.000000,0.015766,-0.013881,1,-1.029757,150,0.076595,-0.012048,1.103786,0.001466,-1.066776,-0.016655,1.103812,-1.040780,-0.016655,-0.161068,0.000000,0.012208,-0.418292,-34.168916,0.025995,0.000000,0.002000,0.001856,0.000031,0.002000,0.076595,-0.012048,-9.809694,-0.009492,-0.017604,0.000000,0.368847,0.012168,27.000000,0.013045,1.103812,0.001466,-0.161068,0.000000,0.026000,0.000000,80,0,1,32,30,0.013927,-0.014555,-0.016478,-0.249985,0.151445,10.125753,-1.201949,0.012168,0.007904,6,1,0,0.000000,0,-1.029757,0.000000,0.015766,0,-0.171843,0.000000,-0.013881,-1.029757,-0.171843,1,1,1,2.148656,0.000000,0.000000,0.000000,0.000000,0.000000,0.000000,0.000000
3.5801,1.104099,-0.161068,0.011512,0.000000,0.023147,-0.021551,1,-1.029757,162,0.077155,-0.003901,1.104099,0.005550,-1.066883,0.011512,1.104099,-1.040872,0.011512,-0.161068,0.000000,0.013045,-0.418292,-34.168916,0.026011,0.000000,0.000000,0.003838,0.000119,0.000000,0.077155,-0.003901,-9.809696,0.002968,0.004251,0.000003,0.368756,0.012176,27.000000,0.013045,1.104099,0.005550,-0.161068,0.000000,0.026000,0.000000,86,0,1,32,30,-0.003161,0.004260,0.011460,0.132684,0.386104,10.501609,-1.202040,0.012176,0.007828,7,1,0,0.000000,0,-1.029757,0.000000,0.023147,0,-0.171843,0.000000,-0.021551,-1.029757,-0.171843,1,1,1,2.148730,0.000000,0.000000,0.000000,0.000000,0.000000,0.000000,0.000000
3.5901,1.103716,-0.161068,0.005463,0.000000,0.020674,-0.021551,1,-1.029757,170,0.078751,-0.003801,1.103716,0.000419,-1.066754,0.005463,1.103716,-1.040742,0.005463,-0.161068,0.000000,0.013045,-0.418292,-34.168916,0.026011,0.000000,0.000000,0.003997,-0.000448,0.000000,0.078751,-0.003801,-9.809683,0.014138,0.018993,0.000014,0.368884,0.012140,27.000000,0.013045,1.104099,0.000419,-0.161068,0.000000,0.026000,0.000000,90,0,1,32,30,-0.013852,0.019273,0.005226,-0.329136,-0.166298,8.744369,-1.201912,0.012140,0.007987,7,1,0,0.000000,0,-1.029757,0.000000,0.020674,0,-0.171843,0.000000,-0.021551,-1.029757,-0.171843,1,1,1,2.148804,0.000000,0.000000,0.000000,0.000000,0.000000,0.000000,0.000000
3.6001,1.103907,-0.161068,-0.004662,0.000000,0.021441,-0.021551,1,-1.029757,183,0.078537,-0.003423,1.103907,0.000419,-1.066710,-0.004662,1.103907,-1.040698,-0.004662,-0.161068,0.000000,0.013045,-0.418292,-34.168916,0.026011,0.001000,0.000000,0.001995,0.000193,0.000000,0.078537,-0.003423,-9.809685,-0.003600,-0.009021,0.000996,0.368929,0.012105,27.000000,0.013045,1.103907,0.000419,-0.161068,0.000000,0.026000,0.001000,96,0,1,32,30,0.007518,-0.006196,-0.003586,-0.324454,0.434274,11.229148,-1.201867,0.012105,0.007959,7,1,0,0.000000,0,-1.029757,0.000000,0.021441,0,-0.171843,0.000000,-0.021551,-1.029757,-0.171843,1,1,1,2.148876,0.000000,0.000000,0.000000,0.000000,0.000000,0.000000,0.000000
3.6101,1.103812,-0.161068,0.002689,0.000000,0.022960,-0.021551,1,-1.029757,193,0.078619,-0.003518,1.103812,-0.000419,-1.066799,0.002689,1.103812,-1.040788,0.002689,-0.161068,0.000000,0.013045,-0.418292,-34.168916,0.026011,0.000000,0.000000,0.002013,-0.000080,0.000000,0.078619,-0.003518,-9.809684,-0.003850,-0.015820,-0.000006,0.368839,0.012113,27.000000,0.013045,1.103812,-0.000419,-0.161068,0.000000,0.026000,0.000000,101,0,1,32,30,0.013927,-0.008400,0.002793,0.180804,-0.293141,9.748321,-1.201957,0.012113,0.007969,7,1,0,0.000000,0,-1.029757,0.000000,0.022960,0,-0.171843,0.000000,-0.021551,-1.029757,-0.171843,1,1,1,2.148948,0.000000,0.000000,0.000000,0.000000,0.000000,0.000000,0.000000
3.6201,1.103907,-0.161068,0.007449,0.000000,0.021404,-0.021551,1,-1.029757,202,0.078419,-0.003549,1.103907,0.001466,-1.066744,0.007449,1.103907,-1.040733,0.007449,-0.161068,0.000000,0.013045,-0.418292,-34.168916,0.026011,0.000000,0.000000,0.001994,-0.000009,0.000000,0.078419,-0.003549,-9.809686,0.009923,0.010936,0.000008,0.368894,0.012120,27.000000,0.013045,1.103907,0.001466,-0.161068,0.000000,0.026000,0.000000,106,0,1,32,30,-0.007441,0.012852,0.007290,0.103318,-0.345251,9.317078,-1.201902,0.012120,0.007949,7,1,0,0.000000,0,-1.029757,0.000000,0.021404,0,-0.171843,0.000000,-0.021551,-1.029757,-0.171843,1,1,1,2.149021,0.000000,0.000000,0.000000,0.000000,0.000000,0.000000,0.000000
3.6301,1.103907,-0.161068,-0.001436,0.000000,0.021615,-0.021551,1,-1.029757,213,0.078243,-0.003409,1.103907,-0.000419,-1.066715,-0.001436,1.103907,-1.040705,-0.001436,-0.161068,0.000000,0.013037,-0.418292,-34.168916,0.026010,0.000000,0.000018,0.001992,-0.000008,0.000018,0.078243,-0.003409,-9.809687,-0.002174,0.000387,0.000000,0.368922,0.012101,27.000000,0.013045,1.103907,-0.000419,-0.161068,0.000000,0.026000,0.000000,111,0,1,32,30,-0.001016,-0.008443,0.002781,0.048053,0.238505,10.835035,-1.201873,0.012103,0.007934,6,1,0,0.000000,0,-1.029757,0.000000,0.021615,0,-0.171843,0.000000,-0.021551,-1.029757,-0.171843,1,1,1,2.149093,0.000000,0.000000,0.000000,0.000000,0.000000,0.000000,0.000000
3.6401,1.103907,-0.161068,0.007307,0.000000,0.021825,-0.021551,1,-1.029757,222,0.078295,-0.003049,1.103907,0.000419,-1.067478,0.007307,1.103907,-1.040699,0.007307,-0.161068,0.000000,0.013045,-0.418292,-34.168916,0.026779,0.000000,0.000000,0.001999,-0.000005,0.000000,0.078295,-0.003049,-9.809687,0.008353,-0.005236,0.000005,0.368929,0.012071,27.000000,0.013045,1.103907,0.000419,-0.161068,0.000000,0.026000,0.000000,116,0,1,32,30,0.007508,0.006484,0.007228,0.024564,0.248491,9.246429,-1.201868,0.012071,0.007928,6,1,0,0.000000,0,-1.029757,0.000000,0.021825,0,-0.171843,0.000000,-0.021551,-1.029757,-0.171843,1,1,1,2.149164,0.000000,0.000000,0.000000,0.000000,0.000000,0.000000,0.000000
3.6501,1.103907,-0.161068,0.009586,0.000000,0.021299,-0.021551,1,-1.029757,232,0.078866,-0.002765,1.103907,0.000419,-1.066662,0.009586,1.103907,-1.040650,0.009586,-0.161068,0.000000,0.013045,-0.418292,-34.168916,0.026012,0.000000,0.000000,0.003843,0.000092,0.000000,0.078866,-0.002765,-9.809683,0.011816,0.004817,0.000009,0.368977,0.012034,27.000000,0.013045,1.103907,0.000419,-0.161068,0.000000,0.026000,0.000000,121,0,1,32,30,-0.001036,0.012842,0.009428,-0.363384,0.277238,10.777734,-1.201819,0.012034,0.007981,7,1,0,0.000000,0,-1.029757,0.000000,0.021299,0,-0.171843,0.000000,-0.021551,-1.029757,-0.171843,1,1,1,2.149235,0.000000,0.000000,0.000000,0.000000,0.000000,0.000000,0.000000
3.6601,1.103907,-0.161068,0.002931,0.000000,0.021758,-0.021551,1,-1.029757,242,0.079096,-0.002655,1.103907,0.000419,-1.066660,0.002931,1.103907,-1.040648,0.002931,-0.161068,0.000000,0.013045,-0.418292,-34.168916,0.026012,0.000000,0.000000,0.001993,0.000096,0.000000,0.079096,-0.002655,-9.809681,0.001144,0.003677,0.000001,0.368979,0.012019,27.000000,0.013045,1.103907,0.000419,-0.161068,0.000000,0.026000,0.000000,126,0,1,32,30,-0.003162,0.002236,0.002903,0.121607,-0.247383,9.136234,-1.201817,0.012019,0.008003,6,1,0,0.000000,0,-1.029757,0.000000,0.021758,0,-0.171843,0.000000,-0.021551,-1.029757,-0.171843,1,1,1,2.149308,0.000000,0.000000,0.000000,0.000000,0.000000,0.000000,0.000000
3.6701,1.103907,-0.161068,-0.016568,0.000000,0.023023,-0.021551,1,-1.029757,252,0.079082,-0.002629,1.103907,-0.001466,-1.066764,-0.016568,1.103907,-1.040751,-0.016568,-0.161068,0.000000,0.013045,-0.418292,-34.168916,0.026012,0.000000,0.000000,0.003838,0.000017,0.000000,0.079082,-0.002629,-9.809681,-0.009947,-0.002071,-0.000006,0.368876,0.012016,27.000000,0.013045,1.103907,-0.001466,-0.161068,0.000000,0.026000,0.000000,131,0,1,32,30,-0.001019,-0.010324,-0.016441,-0.068892,0.182349,9.953916,-1.201921,0.012016,0.008001,7,1,0,0.000000,0,-1.029757,0.000000,0.023023,0,-0.171843,0.000000,-0.021551,-1.029757,-0.171843,1,1,1,2.149378,0.000000,0.000000,0.000000,0.000000,0.000000,0.000000,0.000000
3.6801,1.103907,-0.161068,0.003090,0.000000,0.021785,-0.021551,1,-1.029757,4,0.079199,-0.002356,1.103907,0.000419,-1.066747,0.003090,1.103907,-1.040734,0.003090,-0.161068,0.000000,0.013045,-0.418292,-34.168916,0.026012,0.000000,0.000000,0.003996,-0.000018,0.000000,0.079199,-0.002356,-9.809680,0.009199,-0.000488,0.000007,0.368893,0.011987,27.000000,0.013045,1.103907,0.000419,-0.161068,0.000000,0.026000,0.000000,135,0,1,32,30,0.003236,0.008665,0.002983,0.064039,-0.227701,9.088543,-1.201903,0.011987,0.008008,7,1,0,0.000000,0,-1.029757,0.000000,0.021785,0,-0.171843,0.000000,-0.021551,-1.029757,-0.171843,1,1,1,2.149450,0.000000,0.000000,0.000000,0.000000,0.000000,0.000000,0.000000
3.6901,1.103812,-0.161068,-0.009859,0.000000,0.022076,-0.021551,1,-1.029757,17,0.079830,-0.001978,1.103812,0.001466,-1.066757,-0.009859,1.103812,-1.040745,-0.009859,-0.161068,0.000000,0.013045,-0.418292,-34.168916,0.026013,0.000000,0.000000,0.003841,-0.000085,0.000000,0.079830,-0.001978,-9.809675,0.003410,-0.002319,0.000002,0.368882,0.011939,27.000000,0.013045,1.103812,0.001466,-0.161068,0.000000,0.026000,0.000000,141,0,1,32,30,0.003238,0.002425,-0.009889,-0.126006,-0.186003,9.576930,-1.201914,0.011939,0.008065,7,1,0,0.000000,0,-1.029757,0.000000,0.022076,0,-0.171843,0.000000,-0.021551,-1.029757,-0.171843,1,1,1,2.149520,0.000000,0.000000,0.000000,0.000000,0.000000,0.000000,0.000000
3.7001,1.103907,-0.161068,-0.016311,0.000000,0.022710,-0.021551,1,-1.029757,27,0.079607,-0.002053,1.103907,-0.000419,-1.066818,-0.016311,1.103907,-1.040806,-0.016311,-0.161068,0.000000,0.013045,-0.418292,-34.168916,0.026013,0.000000,0.000000,0.003847,0.000105,0.000000,0.079607,-0.002053,-9.809677,0.000236,0.001155,0.000000,0.368821,0.011950,27.000000,0.013045,1.103907,-0.000419,-0.161068,0.000000,0.026000,0.000000,146,0,1,32,30,-0.001031,0.000360,-0.016317,0.162300,0.146599,10.537502,-1.201975,0.011950,0.008044,6,1,0,0.000000,0,-1.029757,0.000000,0.022710,0,-0.171843,0.000000,-0.021551,-1.029757,-0.171843,1,1,1,2.149590,0.000000,0.000000,0.000000,0.000000,0.000000,0.000000,0.000000
3.7101,1.103907,-0.161068,0.013797,0.000000,0.021383,-0.021551,1,-1.029757,36,0.079940,-0.001695,1.103907,-0.001466,-1.066759,0.013797,1.103907,-1.040746,0.013797,-0.161068,0.000000,0.013045,-0.418292,-34.168916,0.026013,0.000000,0.000000,0.001870,-0.000035,0.000000,0.079940,-0.001695,-9.809674,0.008375,0.008204,0.000006,0.368881,0.011908,27.000000,0.013045,1.103907,-0.001466,-0.161068,0.000000,0.026000,0.000000,151,0,1,32,30,-0.005302,0.010636,0.013666,-0.061161,-0.035468,9.004259,-1.201915,0.011908,0.008072,7,1,0,0.000000,0,-1.029757,0.000000,0.021383,0,-0.171843,0.000000,-0.021551,-1.029757,-0.171843,1,1,1,2.149661,0.000000,0.000000,0.000000,0.000000,0.000000,0.000000,0.000000
3.7201,1.103907,-0.161068,0.005117,0.000000,0.021045,-0.021551,1,-1.029757,47,0.080708,-0.001559,1.103907,0.000419,-1.066685,0.005117,1.103907,-1.040668,0.005117,-0.161068,0.000000,0.013032,-0.418292,-34.168916,0.026016,0.000000,0.000032,0.001989,-0.000007,0.000032,0.080708,-0.001559,-9.809668,0.003127,0.004304,0.000000,0.368958,0.011869,27.000000,0.013045,1.103907,0.000419,-0.161068,0.000000,0.026000,0.000000,156,0,1,32,30,-0.003163,0.004345,0.005061,-0.363709,0.250438,10.624338,-1.201838,0.011869,0.008147,6,1,0,0.000000,0,-1.029757,0.000000,0.021045,0,-0.171843,0.000000,-0.021551,-1.029757,-0.171843,1,1,1,2.149731,0.000000,0.000000,0.000000,0.000000,0.000000,0.000000,0.000000
3.7301,1.103716,-0.161068,-0.012106,0.000000,0.022542,-0.021551,1,-1.029757,55,0.080447,-0.001435,1.103716,0.000419,-1.066742,-0.012106,1.103716,-1.040728,-0.012106,-0.161068,0.000000,0.013045,-0.418292,-34.168916,0.026013,0.000000,0.000000,0.002000,-0.000174,0.000000,0.080447,-0.001435,-9.809670,-0.005152,0.010643,-0.000001,0.368898,0.011874,27.000000,0.013045,1.103716,0.000419,-0.161068,0.000000,0.026000,0.000000,161,0,1,32,30,-0.011700,-0.001864,-0.012084,0.177744,-0.223044,8.715416,-1.201898,0.011874,0.008118,6,1,0,0.000000,0,-1.029757,0.000000,0.022542,0,-0.171843,0.000000,-0.021551,-1.029757,-0.171843,1,1,1,2.149800,0.000000,0.000000,0.000000,0.000000,0.000000,0.000000,0.000000
3.7401,1.103907,-0.161068,-0.000431,0.000000,0.021862,-0.021551,1,-1.029757,66,0.080015,-0.001469,1.103907,0.000419,-1.066735,-0.000431,1.103907,-1.040722,-0.000431,-0.161068,0.000000,0.013045,-0.418292,-34.168916,0.026013,-0.001000,0.000000,0.001998,-0.000007,0.000000,0.080015,-0.001469,-9.809674,-0.000877,-0.003680,-0.001002,0.368906,0.011884,27.000000,0.013045,1.103907,0.000419,-0.161068,0.000000,0.026000,-0.001000,166,0,1,32,30,0.003245,-0.001963,-0.001407,-0.133703,0.172887,10.719413,-1.201891,0.011884,0.008076,6,1,0,0.000000,0,-1.029757,0.000000,0.021862,0,-0.171843,0.000000,-0.021551,-1.029757,-0.171843,1,1,1,2.149869,0.000000,0.000000,0.000000,0.000000,0.000000,0.000000,0.000000
3.7501,1.103812,-0.161068,0.000853,0.000000,0.022012,-0.021551,1,-1.029757,71,0.080684,-0.001007,1.103812,0.000419,-1.066742,0.000853,1.103812,-1.040729,0.000853,-0.161068,0.000000,0.013045,-0.418292,-34.168916,0.026014,0.000000,0.000000,0.003844,-0.000099,0.000000,0.080684,-0.001007,-9.809668,0.004531,0.000273,0.000003,0.368898,0.011827,27.000000,0.013045,1.103907,0.000419,-0.161068,0.000000,0.026000,0.000000,170,0,1,32,30,0.001105,0.004414,0.000799,-0.154556,0.039345,9.914140,-1.201898,0.011827,0.008135,7,1,0,0.000000,0,-1.029757,0.000000,0.022012,0,-0.171843,0.000000,-0.021551,-1.029757,-0.171843,1,1,1,2.149939,0.000000,0.000000,0.000000,0.000000,0.000000,0.000000,0.000000
3.7601,1.103812,-0.161068,-0.018388,0.000000,0.022545,-0.021551,1,-1.029757,83,0.080920,-0.000897,1.103812,-0.001466,-1.066793,-0.018388,1.103812,-1.040779,-0.018388,-0.161068,0.000000,0.013045,-0.418292,-34.168916,0.026014,0.000000,0.000000,0.003988,-0.000064,0.000000,0.080920,-0.000897,-9.809666,0.003624,-0.002249,0.000002,0.368848,0.011812,27.000000,0.013045,1.103812,-0.001466,-0.161068,0.000000,0.026000,0.000000,176,0,1,32,30,0.003236,0.002538,-0.018421,0.053683,-0.111195,8.946150,-1.201948,0.011812,0.008157,7,1,0,0.000000,0,-1.029757,0.000000,0.022545,0,-0.171843,0.000000,-0.021551,-1.029757,-0.171843,1,1,1,2.150008,0.000000,0.000000,0.000000,0.000000,0.000000,0.000000,0.000000
3.7701,1.103886,-0.161068,0.003014,0.000000,0.023125,-0.021551,1,-1.029757,91,0.079334,-0.009362,1.103886,0.001466,-1.066884,0.003014,1.103907,-1.040869,0.003014,-0.161068,0.000000,0.012175,-0.418292,-34.168916,0.026015,0.002000,0.002079,0.001843,0.000021,0.002079,0.079334,-0.009362,-9.809675,-0.000293,0.000981,0.002000,0.368758,0.011820,27.000000,0.013045,1.103907,0.001466,-0.161068,0.000000,0.026000,0.002000,180,0,1,32,30,-0.001024,0.000077,0.005013,0.227983,-0.149097,9.701946,-1.202038,0.011820,0.008136,6,1,0,0.000000,0,-1.029757,0.000000,0.023125,0,-0.171843,0.000000,-0.021551,-1.029757,-0.171843,1,1,1,2.150078,0.000000,0.000000,0.000000,0.000000,0.000000,0.000000,0.000000
3.7801,1.103907,-0.161068,0.003039,0.000000,0.021742,-0.021551,1,-1.029757,104,0.081073,-0.000481,1.103907,-0.001466,-1.066843,0.003039,1.103907,-1.040829,0.003039,-0.161068,0.000000,0.013045,-0.418292,-34.168916,0.026014,0.000000,0.000000,0.001986,-0.000015,0.000000,0.081073,-0.000481,-9.809665,0.007163,-0.001134,0.000005,0.368798,0.011768,27.000000,0.013045,1.103907,-0.001466,-0.161068,0.000000,0.026000,0.000000,186,0,1,32,30,0.003238,0.006528,0.002958,-0.003321,-0.028114,9.186209,-1.201998,0.011768,0.008166,7,1,0,0.000000,0,-1.029757,0.000000,0.021742,0,-0.171843,0.000000,-0.021551,-1.029757,-0.171843,1,1,1,2.150147,0.000000,0.000000,0.000000,0.000000,0.000000,0.000000,0.000000
3.7901,1.103812,-0.160301,-0.016362,0.000000,0.030770,-0.030755,1,-1.029757,113,0.081440,-0.000163,1.103812,0.002513,-1.066795,-0.016362,1.103812,-1.041548,-0.016362,-0.160301,0.000000,0.013045,-0.418292,-34.168916,0.025247,0.000000,0.000000,0.003833,-0.000100,0.000000,0.081440,-0.000163,-9.809662,-0.001801,0.000508,-0.000001,0.368846,0.011736,27.000000,0.013045,1.103812,0.002513,-0.160301,0.000000,0.026000,0.000000,191,0,1,32,30,-0.001028,-0.001777,-0.016342,-0.172036,0.069688,10.555653,-1.201950,0.011736,0.008199,7,1,0,0.000000,0,-1.029757,0.000000,0.030770,0,-0.171843,0.000000,-0.030755,-1.029757,-0.171843,1,1,1,2.150215,0.000000,0.000000,0.000000,0.000000,0.000000,0.000000,0.000000
3.8001,1.104003,-0.161068,-0.007838,0.000000,0.015860,-0.013881,1,-1.029757,123,0.080998,-0.000301,1.104003,-0.000419,-1.066918,-0.007838,1.104003,-1.040904,-0.007838,-0.161068,0.000000,0.013045,-0.418292,-34.168916,0.026014,0.000000,0.000000,0.003852,0.000125,0.000000,0.080998,-0.000301,-9.809666,-0.003959,0.006541,-0.000001,0.368723,0.011751,27.000000,0.013045,1.104003,-0.000419,-0.161068,0.000000,0.026000,0.000000,196,0,1,32,30,-0.007430,-0.001908,-0.007815,0.206746,-0.299760,8.733806,-1.202073,0.011751,0.008155,7,1,0,0.000000,0,-1.029757,0.000000,0.015860,0,-0.171843,0.000000,-0.013881,-1.029757,-0.171843,1,1,1,2.150285,0.000000,0.000000,0.000000,0.000000,0.000000,0.000000,0.000000
3.8101,1.103982,-0.161068,-0.005588,0.000000,0.024471,-0.021551,1,-1.029757,131,0.079685,-0.005318,1.103982,0.000419,-1.067092,-0.005588,1.104003,-1.041086,-0.005588,-0.161068,0.000000,0.012478,-0.418292,-34.168916,0.026007,0.000000,0.001354,0.001848,0.000040,0.001354,0.079685,-0.005318,-9.809675,0.005245,-0.008457,-0.000000,0.368543,0.011710,27.000000,0.013045,1.104003,0.000419,-0.161068,0.000000,0.026000,0.000000,200,0,1,32,30,0.009643,0.002386,-0.005618,0.208888,0.039069,9.952656,-1.202254,0.011710,0.008105,7,1,0,0.000000,0,-1.029757,0.000000,0.024471,0,-0.171843,0.000000,-0.021551,-1.029757,-0.171843,1,1,1,2.150349,0.000000,0.000000,0.000000,0.000000,0.000000,0.000000,0.000000
3.8201,1.103908,-0.161068,0.009441,0.000000,0.021534,-0.021551,1,-1.029757,143,0.082237,-0.000214,1.103908,-0.002513,-1.067013,0.009441,1.103907,-1.040992,0.009441,-0.161068,0.000000,0.013040,-0.418292,-34.168916,0.026021,0.000000,0.000011,0.001991,-0.000215,0.000011,0.082237,-0.000214,-9.809655,0.007003,-0.001186,0.000000,0.368634,0.011717,27.000000,0.013045,1.103907,-0.002513,-0.161068,0.000000,0.026000,0.000000,5,0,1,32,30,0.003240,0.006443,0.009357,-0.154567,-0.516092,9.200348,-1.202162,0.011717,0.008279,7,1,0,0.000000,0,-1.029757,0.000000,0.021534,0,-0.171843,0.000000,-0.021551,-1.029757,-0.171843,1,1,1,2.150423,0.000000,0.000000,0.000000,0.000000,0.000000,0.000000,0.000000
3.8301,1.103812,-0.161068,-0.011889,0.000000,0.022559,-0.021551,1,-1.029757,154,0.082065,0.000090,1.103812,0.000419,-1.067781,-0.011889,1.103812,-1.040999,-0.011889,-0.161068,0.000000,0.013045,-0.418292,-34.168916,0.026782,0.000000,0.000000,0.003847,0.000109,0.000000,0.082065,0.000090,-9.809657,0.007537,-0.001010,0.000005,0.368627,0.011694,27.000000,0.013045,1.103812,0.000419,-0.161068,0.000000,0.026000,0.000000,10,0,1,32,30,0.003233,0.006727,-0.011973,0.008201,-0.112145,9.797879,-1.202169,0.011694,0.008256,7,1,0,0.000000,0,-1.029757,0.000000,0.022559,0,-0.171843,0.000000,-0.021551,-1.029757,-0.171843,1,1,1,2.150491,0.000000,0.000000,0.000000,0.000000,0.000000,0.000000,0.000000
3.8401,1.103907,-0.161068,0.006945,0.000000,0.023496,-0.021551,1,-1.029757,164,0.082000,0.000211,1.103907,0.000419,-1.067099,0.006945,1.103907,-1.041084,0.006945,-0.161068,0.000000,0.013045,-0.418292,-34.168916,0.026015,0.000000,0.000000,0.001855,0.000022,0.000000,0.082000,0.000211,-9.809657,-0.007200,-0.005686,-0.000006,0.368543,0.011683,27.000000,0.013045,1.103907,0.000419,-0.161068,0.000000,0.026000,0.000000,15,0,1,32,30,0.003255,-0.008487,0.007051,-0.028929,0.259473,10.682069,-1.202253,0.011683,0.008248,6,1,0,0.000000,0,-1.029757,0.000000,0.023496,0,-0.171843,0.000000,-0.021551,-1.029757,-0.171843,1,1,1,2.150559,0.000000,0.000000,0.000000,0.000000,0.000000,0.000000,0.000000
3.8501,1.103907,-0.160301,-0.007676,0.000000,0.031758,-0.030755,1,-1.029757,174,0.081947,0.000119,1.103907,0.001466,-1.067090,-0.007676,1.103907,-1.041842,-0.007676,-0.160301,0.000000,0.013045,-0.418292,-34.168916,0.025248,0.000000,0.000000,0.001847,0.000017,0.000000,0.081947,0.000119,-9.809658,0.004744,0.000346,0.000003,0.368551,0.011699,27.000000,0.013045,1.103907,0.001466,-0.160301,0.000000,0.026000,0.000000,20,0,1,32,30,0.001102,0.004527,-0.007733,-0.004043,-0.053147,8.889274,-1.202245,0.011699,0.008245,7,1,0,0.000000,0,-1.029757,0.000000,0.031758,0,-0.171843,0.000000,-0.030755,-1.029757,-0.171843,1,1,1,2.150627,0.000000,0.000000,0.000000,0.000000,0.000000,0.000000,0.000000
3.8601,1.103880,-0.161068,-0.024839,0.000000,0.016214,-0.013881,1,-1.029757,182,0.081024,-0.005871,1.103880,0.001466,-1.067175,-0.024839,1.103907,-1.041179,-0.024839,-0.161068,0.000000,0.012413,-0.418292,-34.168916,0.025996,0.000000,0.001512,0.001866,0.000020,0.001512,0.081024,-0.005871,-9.809664,0.001083,-0.000813,0.000000,0.368447,0.011678,27.000000,0.013045,1.103907,0.001466,-0.161068,0.000000,0.026000,0.000000,24,0,1,32,30,0.001101,0.000480,-0.024847,-0.056967,-0.063528,10.506537,-1.202349,0.011678,0.008249,6,1,0,0.000000,0,-1.029757,0.000000,0.016214,0,-0.171843,0.000000,-0.013881,-1.029757,-0.171843,1,1,1,2.150692,0.000000,0.000000,0.000000,0.000000,0.000000,0.000000,0.000000
3.8701,1.104099,-0.161068,-0.003411,0.000000,0.024953,-0.021551,1,-1.029757,193,0.081831,0.000895,1.104099,0.001466,-1.067370,-0.003411,1.104099,-1.041355,-0.003411,-0.161068,0.000000,0.013045,-0.418292,-34.168916,0.026015,0.000000,0.000000,0.001855,0.000102,0.000000,0.081831,0.000895,-9.809659,0.004638,0.000306,0.000002,0.368273,0.011617,27.000000,0.013045,1.104099,0.001466,-0.161068,0.000000,0.026000,0.000000,30,0,1,32,30,0.001103,0.004470,-0.003467,0.505532,-0.263102,9.653130,-1.202524,0.011617,0.008220,7,1,0,0.000000,0,-1.029757,0.000000,0.024953,0,-0.171843,0.000000,-0.021551,-1.029757,-0.171843,1,1,1,2.150764,0.000000,0.000000,0.000000,0.000000,0.000000,0.000000,0.000000
3.8801,1.103907,-0.161068,0.007514,0.000000,0.021972,-0.021551,1,-1.029757,203,0.083590,0.000473,1.103907,-0.004503,-1.067274,0.007514,1.103907,-1.041253,0.007514,-0.161068,0.000000,0.013043,-0.418292,-34.168916,0.026021,0.000000,0.000005,0.003817,-0.000247,0.000005,0.083590,0.000473,-9.809644,0.013257,0.007514,0.000000,0.368372,0.011628,27.000000,0.013045,1.103907,-0.004503,-0.161068,0.000000,0.026000,0.000000,35,0,1,32,30,-0.003174,0.015001,0.007319,-0.515986,0.030666,10.602890,-1.202424,0.011628,0.008404,7,1,0,0.000000,0,-1.029757,0.000000,0.021972,0,-0.171843,0.000000,-0.021551,-1.029757,-0.171843,1,1,1,2.150833,0.000000,0.000000,0.000000,0.000000,0.000000,0.000000,0.000000
3.8901,1.103814,-0.161068,0.000600,0.000000,0.022291,-0.021551,1,-1.029757,211,0.082020,-0.007279,1.103814,0.000419,-1.067205,0.000600,1.103812,-1.041195,0.000600,-0.161068,0.000000,0.012216,-0.418292,-34.168916,0.026010,0.000000,0.001983,0.001851,-0.000008,0.001983,0.082020,-0.007279,-9.809654,-0.005003,-0.004989,0.000000,0.368431,0.011607,27.000000,0.013045,1.103812,0.000419,-0.161068,0.000000,0.026000,0.000000,39,0,1,32,30,0.003251,-0.006265,0.000676,0.131362,-0.069353,9.434713,-1.202365,0.011607,0.008372,7,1,0,0.000000,0,-1.029757,0.000000,0.022291,0,-0.171843,0.000000,-0.021551,-1.029757,-0.171843,1,1,1,2.150900,0.000000,0.000000,0.000000,0.000000,0.000000,0.000000,0.000000
3.9001,1.103907,-0.161068,0.002730,0.000000,0.023830,-0.021551,1,-1.029757,221,0.083527,0.001054,1.103907,0.000419,-1.067290,0.002730,1.103907,-1.041274,0.002730,-0.161068,0.000000,0.013045,-0.418292,-34.168916,0.026016,0.000000,0.000000,0.002005,-0.000187,0.000000,0.083527,0.001054,-9.809644,-0.005705,-0.002972,-0.000004,0.368352,0.011573,27.000000,0.013045,1.104099,0.000419,-0.161068,0.000000,0.026000,0.000000,44,0,1,32,30,0.001117,-0.006299,0.002808,0.054173,-0.132204,9.099066,-1.202445,0.011573,0.008388,7,1,0,0.000000,0,-1.029757,0.000000,0.023830,0,-0.171843,0.000000,-0.021551,-1.029757,-0.171843,1,1,1,2.150969,0.000000,0.000000,0.000000,0.000000,0.000000,0.000000,0.000000
3.9101,1.103907,-0.161068,0.005217,0.000000,0.022815,-0.021551,1,-1.029757,233,0.083081,0.000955,1.103907,0.002513,-1.068039,0.005217,1.103907,-1.041256,0.005217,-0.161068,0.000000,0.013045,-0.418292,-34.168916,0.026783,0.000000,0.000000,0.001944,-0.000196,0.000000,0.083081,0.000955,-9.809648,0.007201,0.005595,0.000006,0.368370,0.011590,27.000000,0.013045,1.103907,0.002513,-0.161068,0.000000,0.026000,0.000000,50,0,1,32,30,-0.003168,0.008618,0.005111,-0.056343,0.140826,10.996682,-1.202426,0.011590,0.008344,6,1,0,0.000000,0,-1.029757,0.000000,0.022815,0,-0.171843,0.000000,-0.021551,-1.029757,-0.171843,1,1,1,2.151036,0.000000,0.000000,0.000000,0.000000,0.000000,0.000000,0.000000
3.9201,1.103907,-0.161068,-0.002435,0.000000,0.022722,-0.021551,1,-1.029757,243,0.083197,0.001385,1.103907,0.001466,-1.067249,-0.002435,1.103907,-1.041233,-0.002435,-0.161068,0.000000,0.013045,-0.418292,-34.168916,0.026016,0.001000,0.000000,0.001842,-0.000185,0.000000,0.083197,0.001385,-9.809647,-0.002174,0.000387,0.000999,0.368394,0.011545,27.000000,0.013045,1.103907,0.001466,-0.161068,0.000000,0.026000,0.001000,55,0,1,32,30,-0.001024,-0.001975,-0.001410,0.245318,-0.159963,9.031919,-1.202403,0.011545,0.008349,6,1,0,0.000000,0,-1.029757,0.000000,0.022722,0,-0.171843,0.000000,-0.021551,-1.029757,-0.171843,1,1,1,2.151103,0.000000,0.000000,0.000000,0.000000,0.000000,0.000000,0.000000
3.9301,1.104099,-0.161068,0.003187,0.000000,0.023044,-0.021551,1,-1.029757,253,0.083586,0.001870,1.104099,0.001466,-1.068024,0.003187,1.104099,-1.041241,0.003187,-0.161068,0.000000,0.013045,-0.418292,-34.168916,0.026784,0.000000,0.000000,0.001997,0.000083,0.000000,0.083586,0.001870,-9.809644,0.010680,0.008935,0.000007,0.368386,0.011490,27.000000,0.013045,1.104099,0.001466,-0.161068,0.000000,0.026000,0.000000,60,0,1,32,30,-0.005307,0.012915,0.003026,0.046824,-0.236194,9.777516,-1.202410,0.011490,0.008380,6,1,0,0.000000,0,-1.029757,0.000000,0.023044,0,-0.171843,0.000000,-0.021551,-1.029757,-0.171843,1,1,1,2.151171,0.000000,0.000000,0.000000,0.000000,0.000000,0.000000,0.000000
3.9401,1.104099,-0.160301,-0.003203,0.000000,0.031818,-0.030755,1,-1.029757,7,0.083676,0.001788,1.104099,0.000419,-1.067992,-0.003203,1.104099,-1.041978,-0.003203,-0.160301,0.000000,0.013030,-0.418292,-34.168916,0.026014,0.000000,0.000036,0.003880,0.000188,0.000036,0.083676,0.001788,-9.809643,0.010834,0.008996,0.000000,0.368415,0.011488,27.000000,0.013045,1.104099,0.000419,-0.160301,0.000000,0.026000,0.000000,65,0,1,32,30,-0.005309,0.013000,-0.003373,0.274485,-0.284488,9.049827,-1.202381,0.011488,0.008392,7,1,0,0.000000,0,-1.029757,0.000000,0.031818,0,-0.171843,0.000000,-0.030755,-1.029757,-0.171843,1,1,1,2.151238,0.000000,0.000000,0.000000,0.000000,0.000000,0.000000,0.000000
3.9501,1.104003,-0.160301,-0.020720,0.000000,0.025104,-0.023085,1,-1.029757,18,0.084167,0.001864,1.104003,-0.000419,-1.068050,-0.020720,1.104003,-1.042033,-0.020720,-0.160301,0.000000,0.013045,-0.418292,-34.168916,0.026017,0.000000,0.000000,0.003844,0.000031,0.000000,0.084167,0.001864,-9.809639,-0.002517,-0.010916,-0.000004,0.368360,0.011488,27.000000,0.013045,1.104003,-0.000419,-0.160301,0.000000,0.026000,0.000000,70,0,1,32,30,0.009648,-0.005963,-0.020648,-0.373325,0.100033,10.412271,-1.202437,0.011488,0.008440,7,1,0,0.000000,0,-1.029757,0.000000,0.025104,0,-0.171843,0.000000,-0.023085,-1.029757,-0.171843,1,1,1,2.151305,0.000000,0.000000,0.000000,0.000000,0.000000,0.000000,0.000000
3.9601,1.103975,-0.161245,0.084891,-0.104720,0.015858,-0.011752,1,-1.029757,25,0.082496,-0.004727,1.103975,0.001466,-1.067375,0.084891,1.103907,-1.041309,0.084891,-0.161245,-0.104720,0.012336,-0.418292,-34.168916,0.026066,-0.001000,0.003533,0.002146,0.000049,0.003533,0.082496,-0.004727,-9.809652,-0.008559,-0.006106,-0.105720,0.368141,0.011461,27.000000,0.013045,1.103907,0.001466,-0.161068,-0.104720,0.026000,-0.001000,74,0,1,32,30,0.003249,-0.010255,-0.020703,0.075751,0.252324,10.490656,-1.202656,0.011461,0.008378,7,1,0,0.000000,0,-1.029757,0.000000,0.015858,0,-0.171843,0.000000,-0.011752,-1.029757,-0.171843,1,1,1,2.151370,0.000000,0.000000,0.000000,0.000000,0.000000,0.000000,0.000000
3.9701,1.104387,-0.161068,0.022377,0.000000,0.026511,-0.023326,1,-1.029757,37,0.083885,0.002205,1.104387,0.003560,-1.067610,0.022377,1.104387,-1.041593,0.022377,-0.161068,0.000000,0.013045,-0.418292,-34.168916,0.026017,0.000000,0.000000,0.001991,0.000093,0.000000,0.083885,0.002205,-9.809641,0.009555,0.010808,0.000008,0.368034,0.011451,27.000000,0.013045,1.104387,0.003560,-0.161068,0.000000,0.026000,0.000000,80,0,1,32,30,-0.007436,0.012653,0.022221,0.254779,-0.244248,8.887522,-1.202762,0.011451,0.008405,6,1,0,0.000000,0,-1.029757,0.000000,0.026511,0,-0.171843,0.000000,-0.023326,-1.029757,-0.171843,1,1,1,2.151440,0.000000,0.000000,0.000000,0.000000,0.000000,0.000000,0.000000
3.9801,1.103907,-0.161068,0.026547,0.000000,0.020752,-0.021551,1,-1.029757,47,0.085297,0.002007,1.103907,-0.003560,-1.067367,0.026547,1.103907,-1.041349,0.026547,-0.161068,0.000000,0.013045,-0.418292,-34.168916,0.026017,0.000000,0.000000,0.001841,-0.000053,0.000000,0.085297,0.002007,-9.809629,0.007964,0.001352,0.000004,0.368275,0.011448,27.000000,0.013045,1.103907,-0.003560,-0.161068,0.000000,0.026000,0.000000,85,0,1,32,30,0.001108,0.008347,0.026445,-0.535213,0.294738,10.902213,-1.202521,0.011448,0.008550,7,1,0,0.000000,0,-1.029757,0.000000,0.020752,0,-0.171843,0.000000,-0.021551,-1.029757,-0.171843,1,1,1,2.151507,0.000000,0.000000,0.000000,0.000000,0.000000,0.000000,0.000000
3.9901,1.103870,-0.160301,-0.007932,0.000000,0.032529,-0.030755,1,-1.029757,55,0.083906,-0.005307,1.103870,0.003560,-1.068134,-0.007932,1.103907,-1.042128,-0.007932,-0.160301,0.000000,0.012211,-0.418292,-34.168916,0.026006,0.000000,0.003834,0.002161,0.000027,0.003834,0.083906,-0.005307,-9.809640,-0.005443,-0.002891,0.000000,0.368264,0.011379,27.000000,0.013045,1.103907,0.003560,-0.160301,0.000000,0.026000,0.000000,89,0,1,32,30,0.001113,-0.006158,-0.007857,0.139863,-0.064635,9.051949,-1.202532,0.011379,0.008530,7,1,0,0.000000,0,-1.029757,0.000000,0.032529,0,-0.171843,0.000000,-0.030755,-1.029757,-0.171843,1,1,1,2.151573,0.000000,0.000000,0.000000,0.000000,0.000000,0.000000,0.000000
4.0001,1.104099,-0.161068,-0.014067,0.000000,0.017117,-0.013881,1,-1.029757,67,0.085126,0.002764,1.104099,0.001466,-1.068277,-0.014067,1.104099,-1.041493,-0.014067,-0.161068,0.000000,0.013045,-0.418292,-34.168916,0.026785,0.000000,0.000000,0.001992,0.000030,0.000000,0.085126,0.002764,-9.809630,0.007497,-0.007741,0.000004,0.368133,0.011375,27.000000,0.013045,1.104099,0.001466,-0.161068,0.000000,0.026000,0.000000,95,0,1,32,30,0.009639,0.004637,-0.014125,-0.020577,-0.168236,9.692021,-1.202663,0.011375,0.008521,6,1,0,0.000000,0,-1.029757,0.000000,0.017117,0,-0.171843,0.000000,-0.013881,-1.029757,-0.171843,1,1,1,2.151640,0.000000,0.000000,0.000000,0.000000,0.000000,0.000000,0.000000
4.0102,1.104195,-0.161068,0.007194,0.000000,0.024763,-0.021551,1,-1.029757,77,0.084342,0.003064,1.104195,0.000419,-1.067618,0.007194,1.104195,-1.041600,0.007194,-0.161068,0.000000,0.013045,-0.418292,-34.168916,0.026018,0.000000,0.000000,0.001978,-0.000002,0.000000,0.084342,0.003064,-9.809637,0.000391,0.005675,0.000001,0.368027,0.011357,27.000000,0.013045,1.104195,0.000419,-0.161068,0.000000,0.026000,0.000000,100,0,1,32,30,-0.005295,0.002173,0.007168,0.571793,-0.325993,9.327147,-1.202770,0.011357,0.008437,7,1,0,0.000000,0,-1.029757,0.000000,0.024763,0,-0.171843,0.000000,-0.021551,-1.029757,-0.171843,1,1,1,2.151707,0.000000,0.000000,0.000000,0.000000,0.000000,0.000000,0.000000
4.0201,1.105947,-0.161068,0.011826,0.000000,0.022098,-0.021551,1,-1.029757,85,0.085153,-0.003349,1.105947,0.015813,-1.067490,0.011826,1.105921,-1.041468,0.011826,-0.161068,0.000000,0.012404,-0.418292,-34.168916,0.026022,0.000000,0.001533,0.001840,-0.000033,0.001533,0.085153,-0.003349,-9.809630,0.017144,0.001990,0.000000,0.368157,0.011348,27.000000,0.013045,1.105921,0.015813,-0.161068,0.000000,0.026000,0.000000,104,0,1,32,30,0.003229,0.017100,0.011615,-0.587149,0.228331,9.303251,-1.202640,0.011348,0.008623,7,1,0,0.000000,0,-1.029757,0.000000,0.022098,0,-0.171843,0.000000,-0.021551,-1.029757,-0.171843,1,1,1,2.151774,0.000000,0.000000,0.000000,0.000000,0.000000,0.000000,0.000000
4.0301,1.104483,-0.161068,0.013491,0.000000,0.021262,-0.021551,1,-1.029757,98,0.086098,0.003093,1.104483,-0.006597,-1.067306,0.013491,1.104483,-1.041288,0.013491,-0.161068,0.000000,0.013045,-0.418292,-34.168916,0.026018,0.000000,0.000000,0.003888,-0.000071,0.000000,0.086098,0.003093,-9.809622,-0.003195,0.002300,-0.000001,0.368337,0.011326,27.000000,0.013045,1.104483,-0.006597,-0.161068,0.000000,0.026000,0.000000,110,0,1,32,30,-0.003154,-0.002180,0.013519,-0.220661,0.600537,10.934201,-1.202459,0.011326,0.008613,6,1,0,0.000000,0,-1.029757,0.000000,0.021262,0,-0.171843,0.000000,-0.021551,-1.029757,-0.171843,1,1,1,2.151845,0.000000,0.000000,0.000000,0.000000,0.000000,0.000000,0.000000
4.0401,1.105003,-0.161068,-0.004754,0.000000,0.021853,-0.021551,1,-1.029757,105,0.084532,-0.005322,1.105003,0.004503,-1.067191,-0.004754,1.104962,-1.041187,-0.004754,-0.161068,0.000000,0.012186,-0.418292,-34.168916,0.026004,-0.001000,0.003900,0.002097,-0.000029,0.003900,0.084532,-0.005322,-9.809634,-0.005401,0.003849,-0.001000,0.368438,0.011339,27.000000,0.013045,1.104962,0.004503,-0.161068,0.000000,0.026000,-0.001000,114,0,1,32,30,-0.005292,-0.004067,-0.005705,0.053325,-0.128434,8.792850,-1.202358,0.011339,0.008593,7,1,0,0.000000,0,-1.029757,0.000000,0.021853,0,-0.171843,0.000000,-0.021551,-1.029757,-0.171843,1,1,1,2.151912,0.000000,0.000000,0.000000,0.000000,0.000000,0.000000,0.000000
4.0501,1.104771,-0.161068,-0.004601,0.000000,0.021940,-0.021551,1,-1.029757,118,0.085575,0.002912,1.104771,-0.002513,-1.067129,-0.004601,1.104771,-1.041111,-0.004601,-0.161068,0.000000,0.013045,-0.418292,-34.168916,0.026018,-0.001000,0.000000,0.001999,0.000186,0.000000,0.085575,0.002912,-9.809626,0.000714,0.005780,-0.000998,0.368515,0.011353,27.000000,0.013045,1.104771,-0.002513,-0.161068,0.000000,0.026000,-0.001000,120,0,1,32,30,-0.005299,0.002343,-0.005630,-0.076289,-0.006167,10.507101,-1.202282,0.011353,0.008563,6,1,0,0.000000,0,-1.029757,0.000000,0.021940,0,-0.171843,0.000000,-0.021551,-1.029757,-0.171843,1,1,1,2.151978,0.000000,0.000000,0.000000,0.000000,0.000000,0.000000,0.000000
4.0601,1.104688,-0.161068,0.000641,0.000000,0.022445,-0.021551,1,-1.029757,125,0.084364,-0.003441,1.104688,0.000419,-1.067102,0.000641,1.104675,-1.041089,0.000641,-0.161068,0.000000,0.012304,-0.418292,-34.168916,0.026014,0.000000,0.003617,0.002145,-0.000103,0.003617,0.084364,-0.003441,-9.809637,-0.006204,0.005830,0.000000,0.368538,0.011271,27.000000,0.013045,1.104675,0.000419,-0.161068,0.000000,0.026000,0.000000,124,0,1,32,30,-0.007425,-0.004159,0.000692,0.178763,-0.321727,8.963257,-1.202259,0.011271,0.008545,6,1,0,0.000000,0,-1.029757,0.000000,0.022445,0,-0.171843,0.000000,-0.021551,-1.029757,-0.171843,1,1,1,2.152043,0.000000,0.000000,0.000000,0.000000,0.000000,0.000000,0.000000
4.0701,1.104771,-0.161068,0.011569,0.000000,0.022586,-0.021551,1,-1.029757,135,0.085180,0.004083,1.104771,0.001466,-1.067101,0.011569,1.104771,-1.041082,0.011569,-0.161068,0.000000,0.013045,-0.418292,-34.168916,0.026019,0.000000,0.000000,0.001998,0.000078,0.000000,0.085180,0.004083,-9.809629,0.006948,-0.001210,0.000004,0.368545,0.011241,27.000000,0.013045,1.104675,0.001466,-0.161068,0.000000,0.026000,0.000000,129,0,1,32,30,0.003240,0.006415,0.011490,0.083832,-0.164763,9.414583,-1.202251,0.011241,0.008504,7,1,0,0.000000,0,-1.029757,0.000000,0.022586,0,-0.171843,0.000000,-0.021551,-1.029757,-0.171843,1,1,1,2.152110,0.000000,0.000000,0.000000,0.000000,0.000000,0.000000,0.000000
4.0801,1.104771,-0.161068,-0.003413,0.000000,0.022394,-0.021551,1,-1.029757,147,0.085541,0.003936,1.104771,-0.000419,-1.067847,-0.003413,1.104771,-1.041061,-0.003413,-0.161068,0.000000,0.013045,-0.418292,-34.168916,0.026786,0.000000,0.000000,0.003987,0.000012,0.000000,0.085541,0.003936,-9.809626,0.003991,0.002337,0.000003,0.368566,0.011250,27.000000,0.013045,1.104771,-0.000419,-0.161068,0.000000,0.026000,0.000000,135,0,1,32,30,-0.001031,0.004464,-0.003469,0.171442,-0.124565,10.037121,-1.202231,0.011250,0.008543,7,1,0,0.000000,0,-1.029757,0.000000,0.022394,0,-0.171843,0.000000,-0.021551,-1.029757,-0.171843,1,1,1,2.152176,0.000000,0.000000,0.000000,0.000000,0.000000,0.000000,0.000000
4.0901,1.104771,-0.160301,-0.029001,0.000000,0.032435,-0.030755,1,-1.029757,157,0.086609,0.004143,1.104771,0.001466,-1.067132,-0.029001,1.104771,-1.041880,-0.029001,-0.160301,0.000000,0.013045,-0.418292,-34.168916,0.025252,0.000000,0.000000,0.001944,0.000092,0.000000,0.086609,0.004143,-9.809617,0.005278,0.000517,0.000003,0.368513,0.011218,27.000000,0.013045,1.104771,0.001466,-0.160301,0.000000,0.026000,0.000000,140,0,1,32,30,0.001096,0.004811,-0.029063,-0.061200,0.021197,9.062250,-1.202284,0.011218,0.008649,7,1,0,0.000000,0,-1.029757,0.000000,0.032435,0,-0.171843,0.000000,-0.030755,-1.029757,-0.171843,1,1,1,2.152241,0.000000,0.000000,0.000000,0.000000,0.000000,0.000000,0.000000
4.1001,1.104771,-0.161068,-0.005648,0.000000,0.016288,-0.013881,1,-1.029757,167,0.087371,0.004542,1.104771,-0.001466,-1.067233,-0.005648,1.104771,-1.041217,-0.005648,-0.161068,0.000000,0.013041,-0.418292,-34.168916,0.026016,0.000000,0.000009,0.001993,0.000015,0.000009,0.087371,0.004542,-9.809610,-0.000030,0.001068,0.000000,0.368408,0.011156,27.000000,0.013045,1.104771,-0.001466,-0.161068,0.000000,0.026000,0.000000,145,0,1,32,30,-0.001027,0.000219,-0.005652,-0.268858,-0.056808,9.951382,-1.202388,0.011156,0.008717,6,1,0,0.000000,0,-1.029757,0.000000,0.016288,0,-0.171843,0.000000,-0.013881,-1.029757,-0.171843,1,1,1,2.152308,0.000000,0.000000,0.000000,0.000000,0.000000,0.000000,0.000000
4.1101,1.104735,-0.161068,-0.010171,0.000000,0.025291,-0.021551,1,-1.029757,175,0.085243,-0.002870,1.104735,0.001466,-1.067422,-0.010171,1.104771,-1.041414,-0.010171,-0.161068,0.000000,0.012253,-0.418292,-34.168916,0.026008,0.000000,0.001894,0.001807,0.000036,0.001894,0.085243,-0.002870,-9.809629,-0.010763,-0.000084,0.000000,0.368212,0.011147,27.000000,0.013045,1.104771,0.001466,-0.161068,0.000000,0.026000,0.000000,149,0,1,32,30,-0.003152,-0.010415,-0.010044,0.483581,-0.109314,8.812463,-1.202584,0.011147,0.008625,6,1,0,0.000000,0,-1.029757,0.000000,0.025291,0,-0.171843,0.000000,-0.021551,-1.029757,-0.171843,1,1,1,2.152373,0.000000,0.000000,0.000000,0.000000,0.000000,0.000000,0.000000
4.1201,1.104579,-0.161068,-0.007732,0.000000,0.023320,-0.021551,1,-1.029757,188,0.087422,0.003993,1.104579,-0.003560,-1.067434,-0.007732,1.104579,-1.041415,-0.007732,-0.161068,0.000000,0.013045,-0.418292,-34.168916,0.026020,0.000000,0.000000,0.003839,-0.000478,0.000000,0.087422,0.003993,-9.809610,0.001413,0.003763,0.000002,0.368210,0.011214,27.000000,0.013045,1.104579,-0.003560,-0.161068,0.000000,0.026000,0.000000,155,0,1,32,30,-0.003165,0.002378,-0.007762,-0.353650,0.257648,10.815825,-1.202587,0.011214,0.008732,7,1,0,0.000000,0,-1.029757,0.000000,0.023320,0,-0.171843,0.000000,-0.021551,-1.029757,-0.171843,1,1,1,2.152441,0.000000,0.000000,0.000000,0.000000,0.000000,0.000000,0.000000
4.1301,1.104867,-0.161068,-0.005753,0.000000,0.023130,-0.021551,1,-1.029757,198,0.087402,0.004761,1.104867,0.000419,-1.067419,-0.005753,1.104867,-1.041399,-0.005753,-0.161068,0.000000,0.013045,-0.418292,-34.168916,0.026020,0.000000,0.000000,0.003879,0.000382,0.000000,0.087402,0.004761,-9.809609,-0.004751,0.001815,-0.000003,0.368226,0.011137,27.000000,0.013045,1.104867,0.000419,-0.161068,0.000000,0.026000,0.000000,160,0,1,32,30,-0.003157,-0.004061,-0.005703,0.169189,-0.265185,9.030811,-1.202570,0.011137,0.008717,7,1,0,0.000000,0,-1.029757,0.000000,0.023130,0,-0.171843,0.000000,-0.021551,-1.029757,-0.171843,1,1,1,2.152506,0.000000,0.000000,0.000000,0.000000,0.000000,0.000000,0.000000
4.1401,1.104867,-0.161068,-0.004698,0.000000,0.022878,-0.021551,1,-1.029757,207,0.088025,0.005087,1.104867,-0.000419,-1.067386,-0.004698,1.104867,-1.041365,-0.004698,-0.161068,0.000000,0.013045,-0.418292,-34.168916,0.026021,-0.001000,0.000000,0.003833,-0.000019,0.000000,0.088025,0.005087,-9.809604,-0.001420,-0.001610,-0.001001,0.368260,0.011094,27.000000,0.013045,1.104867,-0.000419,-0.161068,0.000000,0.026000,-0.001000,165,0,1,32,30,0.001110,-0.001912,-0.005675,-0.022008,-0.199533,9.127051,-1.202537,0.011094,0.008774,7,1,0,0.000000,0,-1.029757,0.000000,0.022878,0,-0.171843,0.000000,-0.021551,-1.029757,-0.171843,1,1,1,2.152571,0.000000,0.000000,0.000000,0.000000,0.000000,0.000000,0.000000
4.1501,1.104759,-0.161068,-0.001328,0.000000,0.023858,-0.021551,1,-1.029757,215,0.087023,-0.000899,1.104759,-0.002513,-1.067434,-0.001328,1.104771,-1.041419,-0.001328,-0.161068,0.000000,0.012469,-0.418292,-34.168916,0.026015,0.000000,0.001377,0.001855,0.000017,0.001377,0.087023,-0.000899,-9.809614,0.003194,-0.002392,0.000000,0.368206,0.011136,27.000000,0.013045,1.104771,-0.002513,-0.161068,0.000000,0.026000,0.000000,169,0,1,32,30,0.003241,0.002311,-0.001357,-0.010451,-0.067174,10.028008,-1.202591,0.011136,0.008771,7,1,0,0.000000,0,-1.029757,0.000000,0.023858,0,-0.171843,0.000000,-0.021551,-1.029757,-0.171843,1,1,1,2.152633,0.000000,0.000000,0.000000,0.000000,0.000000,0.000000,0.000000
4.1601,1.104771,-0.161068,-0.007732,0.000000,0.023037,-0.021551,1,-1.029757,225,0.087893,0.005117,1.104771,-0.001466,-1.067415,-0.007732,1.104771,-1.041395,-0.007732,-0.161068,0.000000,0.013045,-0.418292,-34.168916,0.026020,0.000000,0.000000,0.002002,-0.000003,0.000000,0.087893,0.005117,-9.809605,0.001414,0.003763,0.000002,0.368230,0.011093,27.000000,0.013045,1.104771,-0.001466,-0.161068,0.000000,0.026000,0.000000,174,0,1,32,30,-0.003165,0.002378,-0.007762,-0.030660,0.050623,9.780349,-1.202566,0.011093,0.008761,6,1,0,0.000000,0,-1.029757,0.000000,0.023037,0,-0.171843,0.000000,-0.021551,-1.029757,-0.171843,1,1,1,2.152702,0.000000,0.000000,0.000000,0.000000,0.000000,0.000000,0.000000
4.1701,1.104867,-0.161068,0.002724,0.000000,0.023443,-0.021551,1,-1.029757,235,0.088264,0.005624,1.104867,0.002513,-1.067430,0.002724,1.104867,-1.041409,0.002724,-0.161068,0.000000,0.013045,-0.418292,-34.168916,0.026021,0.000000,0.000000,0.001993,0.000098,0.000000,0.088264,0.005624,-9.809601,-0.007648,0.003136,-0.000004,0.368216,0.011036,27.000000,0.013045,1.104771,0.002513,-0.161068,0.000000,0.026000,0.000000,179,0,1,32,30,-0.005287,-0.006318,0.002802,-0.219888,0.324065,10.864431,-1.202580,0.011036,0.008790,6,1,0,0.000000,0,-1.029757,0.000000,0.023443,0,-0.171843,0.000000,-0.021551,-1.029757,-0.171843,1,1,1,2.152767,0.000000,0.000000,0.000000,0.000000,0.000000,0.000000,0.000000
4.1801,1.104771,-0.161068,0.000897,0.000000,0.023082,-0.021551,1,-1.029757,245,0.088101,0.005524,1.104771,0.000419,-1.067411,0.000897,1.104771,-1.041390,0.000897,-0.161068,0.000000,0.013045,-0.418292,-34.168916,0.026021,0.000000,0.000000,0.003857,-0.000026,0.000000,0.088101,0.005524,-9.809603,0.003982,0.009049,0.000005,0.368235,0.011048,27.000000,0.013045,1.104771,0.000419,-0.161068,0.000000,0.026000,0.000000,184,0,1,32,30,-0.007436,0.006526,0.000817,0.206262,-0.250536,8.619454,-1.202561,0.011048,0.008775,7,1,0,0.000000,0,-1.029757,0.000000,0.023082,0,-0.171843,0.000000,-0.021551,-1.029757,-0.171843,1,1,1,2.152831,0.000000,0.000000,0.000000,0.000000,0.000000,0.000000,0.000000
4.1901,1.104867,-0.161068,-0.005798,0.000000,0.023050,-0.021551,1,-1.029757,255,0.088273,0.005390,1.104867,0.001466,-1.067393,-0.005798,1.104867,-1.041372,-0.005798,-0.161068,0.000000,0.013045,-0.418292,-34.168916,0.026021,0.000000,0.000000,0.003810,0.000086,0.000000,0.088273,0.005390,-9.809601,-0.004848,-0.004931,-0.000004,0.368253,0.011059,27.000000,0.013045,1.104867,0.001466,-0.161068,0.000000,0.026000,0.000000,190,0,1,32,30,0.003249,-0.006180,-0.005723,-0.172016,0.079014,10.574887,-1.202544,0.011059,0.008794,6,1,0,0.000000,0,-1.029757,0.000000,0.023050,0,-0.171843,0.000000,-0.021551,-1.029757,-0.171843,1,1,1,2.152895,0.000000,0.000000,0.000000,0.000000,0.000000,0.000000,0.000000
4.2001,1.104771,-0.161068,0.002881,0.000000,0.022720,-0.021551,1,-1.029757,9,0.088368,0.005794,1.104771,-0.000419,-1.067351,0.002881,1.104771,-1.041330,0.002881,-0.161068,0.000000,0.013045,-0.418292,-34.168916,0.026021,0.000000,0.000000,0.001998,-0.000002,0.000000,0.088368,0.005794,-9.809600,-0.000243,0.000998,0.000000,0.368296,0.011017,27.000000,0.013045,1.104771,-0.000419,-0.161068,0.000000,0.026000,0.000000,195,0,1,32,30,-0.001025,0.000105,0.002880,0.027251,-0.121226,9.759519,-1.202501,0.011017,0.008797,7,1,0,0.000000,0,-1.029757,0.000000,0.022720,0,-0.171843,0.000000,-0.021551,-1.029757,-0.171843,1,1,1,2.152960,0.000000,0.000000,0.000000,0.000000,0.000000,0.000000,0.000000
4.2101,1.104771,-0.161068,0.009487,0.000000,0.022725,-0.021551,1,-1.029757,17,0.088773,0.005974,1.104771,-0.000419,-1.067316,0.009487,1.104771,-1.041295,0.009487,-0.161068,0.000000,0.013045,-0.418292,-34.168916,0.026021,0.000000,0.000000,0.003870,-0.000027,0.000000,0.088773,0.005974,-9.809597,0.009039,-0.000549,0.000007,0.368330,0.010992,27.000000,0.013045,1.104771,-0.000419,-0.161068,0.000000,0.026000,0.000000,200,0,1,32,30,0.003238,0.008580,0.009382,-0.067119,-0.089156,10.257442,-1.202466,0.010992,0.008835,6,1,0,0.000000,0,-1.029757,0.000000,0.022725,0,-0.171843,0.000000,-0.021551,-1.029757,-0.171843,1,1,1,2.153023,0.000000,0.000000,0.000000,0.000000,0.000000,0.000000,0.000000
4.2201,1.104771,-0.161068,0.005112,0.000000,0.022956,-0.021551,1,-1.029757,27,0.088878,0.005888,1.104771,0.001466,-1.067306,0.005112,1.104771,-1.041285,0.005112,-0.161068,0.000000,0.013045,-0.418292,-34.168916,0.026021,0.000000,0.000000,0.003831,0.000008,0.000000,0.088878,0.005888,-9.809596,0.002484,0.006336,0.000003,0.368340,0.010999,27.000000,0.013045,1.104771,0.001466,-0.161068,0.000000,0.026000,0.000000,4,0,1,32,30,-0.005298,0.004338,0.005060,0.275706,-0.063956,9.779396,-1.202456,0.010999,0.008847,7,1,0,0.000000,0,-1.029757,0.000000,0.022956,0,-0.171843,0.000000,-0.021551,-1.029757,-0.171843,1,1,1,2.153087,0.000000,0.000000,0.000000,0.000000,0.000000,0.000000,0.000000
4.2301,1.104746,-0.160301,-0.012044,0.000000,0.032833,-0.030755,1,-1.029757,35,0.087844,-0.000732,1.104746,0.000419,-1.068109,-0.012044,1.104771,-1.042100,-0.012044,-0.160301,0.000000,0.012308,-0.418292,-34.168916,0.026009,0.000000,0.003602,0.001994,0.000090,0.003602,0.087844,-0.000732,-9.809607,0.000770,-0.000916,0.000000,0.368293,0.010951,27.000000,0.013045,1.104771,0.000419,-0.160301,0.000000,0.026000,0.000000,8,0,1,32,30,0.001105,0.000310,-0.012049,-0.022132,0.092882,9.455384,-1.202504,0.010951,0.008852,6,1,0,0.000000,0,-1.029757,0.000000,0.032833,0,-0.171843,0.000000,-0.030755,-1.029757,-0.171843,1,1,1,2.153148,0.000000,0.000000,0.000000,0.000000,0.000000,0.000000,0.000000
4.2401,1.104749,-0.161068,-0.024734,0.000000,0.016445,-0.013881,1,-1.029757,45,0.088282,0.000395,1.104749,0.000419,-1.067413,-0.024734,1.104771,-1.041413,-0.024734,-0.161068,0.000000,0.012411,-0.418292,-34.168916,0.026000,0.000000,0.001517,0.001992,0.000023,0.001517,0.088282,0.000395,-9.809603,0.005804,-0.001561,0.000000,0.368212,0.010927,27.000000,0.013045,1.104771,0.000419,-0.161068,0.000000,0.026000,0.000000,13,0,1,32,30,0.003231,0.004760,-0.024795,-0.420647,0.352054,10.912434,-1.202584,0.010927,0.008877,7,1,0,0.000000,0,-1.029757,0.000000,0.016445,0,-0.171843,0.000000,-0.013881,-1.029757,-0.171843,1,1,1,2.153211,0.000000,0.000000,0.000000,0.000000,0.000000,0.000000,0.000000
4.2501,1.105154,-0.161068,-0.005539,0.000000,0.025355,-0.021551,1,-1.029757,57,0.089080,0.006456,1.105154,0.006597,-1.067602,-0.005539,1.105154,-1.041583,-0.005539,-0.161068,0.000000,0.013020,-0.418292,-34.168916,0.026019,0.000000,0.000061,0.001997,0.000209,0.000061,0.089080,0.006456,-9.809593,0.005337,-0.001716,0.000000,0.368042,0.010913,27.000000,0.013045,1.105154,0.006597,-0.161068,0.000000,0.026000,0.000000,19,0,1,32,30,0.003237,0.004505,-0.005598,0.301805,-0.184258,8.677606,-1.202754,0.010913,0.008858,6,1,0,0.000000,0,-1.029757,0.000000,0.025355,0,-0.171843,0.000000,-0.021551,-1.029757,-0.171843,1,1,1,2.153277,0.000000,0.000000,0.000000,0.000000,0.000000,0.000000,0.000000
4.2601,1.104771,-0.161068,0.002982,0.000000,0.022756,-0.021551,1,-1.029757,68,0.090608,0.006230,1.104771,-0.002513,-1.067531,0.002982,1.104771,-1.041508,0.002982,-0.161068,0.000000,0.013045,-0.418292,-34.168916,0.026022,0.000000,0.000000,0.001991,-0.000282,0.000000,0.090608,0.006230,-9.809580,0.003184,0.004319,0.000003,0.368115,0.010936,27.000000,0.013045,1.104771,-0.002513,-0.161068,0.000000,0.026000,0.000000,24,0,1,32,30,-0.003164,0.004373,0.002928,-0.601827,0.180312,10.872309,-1.202681,0.010936,0.009016,7,1,0,0.000000,0,-1.029757,0.000000,0.022756,0,-0.171843,0.000000,-0.021551,-1.029757,-0.171843,1,1,1,2.153342,0.000000,0.000000,0.000000,0.000000,0.000000,0.000000,0.000000
4.2701,1.104573,-0.161068,-0.007881,0.000000,0.023347,-0.021551,1,-1.029757,75,0.088753,-0.001296,1.104573,-0.004503,-1.067506,-0.007881,1.104579,-1.041495,-0.007881,-0.161068,0.000000,0.012250,-0.418292,-34.168916,0.026011,0.000000,0.001900,0.001792,-0.000005,0.001900,0.088753,-0.001296,-9.809598,-0.003409,-0.002239,0.000000,0.368129,0.010929,27.000000,0.013045,1.104579,-0.004503,-0.161068,0.000000,0.026000,0.000000,28,0,1,32,30,0.001111,-0.004021,-0.007833,0.179329,-0.032376,9.540391,-1.202668,0.010929,0.008952,7,1,0,0.000000,0,-1.029757,0.000000,0.023347,0,-0.171843,0.000000,-0.021551,-1.029757,-0.171843,1,1,1,2.153403,0.000000,0.000000,0.000000,0.000000,0.000000,0.000000,0.000000
4.2801,1.104675,-0.161068,-0.005595,0.000000,0.024368,-0.021551,1,-1.029757,88,0.090251,0.006654,1.104675,-0.001466,-1.067592,-0.005595,1.104675,-1.041570,-0.005595,-0.161068,0.000000,0.013045,-0.418292,-34.168916,0.026023,0.000000,0.000000,0.003909,-0.000274,0.000000,0.090251,0.006654,-9.809583,0.002654,-0.000323,0.000002,0.368055,0.010900,27.000000,0.013045,1.104675,-0.001466,-0.161068,0.000000,0.026000,0.000000,34,0,1,32,30,0.001105,0.002362,-0.005625,-0.001646,-0.233275,9.538254,-1.202742,0.010900,0.008973,7,1,0,0.000000,0,-1.029757,0.000000,0.024368,0,-0.171843,0.000000,-0.021551,-1.029757,-0.171843,1,1,1,2.153468,0.000000,0.000000,0.000000,0.000000,0.000000,0.000000,0.000000
4.2901,1.104962,-0.161068,-0.016368,0.000000,0.024778,-0.021551,1,-1.029757,96,0.090289,0.006569,1.104962,0.002513,-1.067688,-0.016368,1.104962,-1.041666,-0.016368,-0.161068,0.000000,0.013045,-0.418292,-34.168916,0.026022,0.000000,0.000000,0.001946,0.000133,0.000000,0.090289,0.006569,-9.809582,-0.003739,0.006615,-0.000001,0.367958,0.010907,27.000000,0.013045,1.104867,0.002513,-0.161068,0.000000,0.026000,0.000000,38,0,1,32,30,-0.007432,-0.001795,-0.016347,-0.019845,0.223940,10.461597,-1.202838,0.010907,0.008978,6,1,0,0.000000,0,-1.029757,0.000000,0.024778,0,-0.171843,0.000000,-0.021551,-1.029757,-0.171843,1,1,1,2.153531,0.000000,0.000000,0.000000,0.000000,0.000000,0.000000,0.000000
4.3001,1.104771,-0.160301,-0.003772,0.000000,0.033289,-0.030755,1,-1.029757,108,0.090065,0.007145,1.104771,-0.000419,-1.067711,-0.003772,1.104771,-1.042455,-0.003772,-0.160301,0.000000,0.013045,-0.418292,-34.168916,0.025256,0.000000,0.000000,0.003829,-0.000001,0.000000,0.090065,0.007145,-9.809584,-0.009619,-0.004210,-0.000006,0.367937,0.010860,27.000000,0.013045,1.104771,-0.000419,-0.160301,0.000000,0.026000,0.000000,44,0,1,32,30,0.001119,-0.010488,-0.003641,0.235862,-0.160439,9.070189,-1.202859,0.010860,0.008948,6,1,0,0.000000,0,-1.029757,0.000000,0.033289,0,-0.171843,0.000000,-0.030755,-1.029757,-0.171843,1,1,1,2.153594,0.000000,0.000000,0.000000,0.000000,0.000000,0.000000,0.000000
4.3101,1.104867,-0.161068,0.001887,0.000000,0.016407,-0.013881,1,-1.029757,115,0.090512,0.007512,1.104867,0.001466,-1.067729,0.001887,1.104867,-1.041706,0.001887,-0.161068,0.000000,0.013045,-0.418292,-34.168916,0.026023,0.001000,0.000000,0.003847,0.000020,0.000000,0.090512,0.007512,-9.809580,0.001697,-0.005105,0.001000,0.367919,0.010809,27.000000,0.013045,1.104867,0.001466,-0.161068,0.000000,0.026000,0.001000,48,0,1,32,30,0.005379,0.000124,0.002886,-0.355265,0.490788,10.521483,-1.202877,0.010809,0.008985,6,1,0,0.000000,0,-1.029757,0.000000,0.016407,0,-0.171843,0.000000,-0.013881,-1.029757,-0.171843,1,1,1,2.153658,0.000000,0.000000,0.000000,0.000000,0.000000,0.000000,0.000000
4.3201,1.104962,-0.161068,0.002984,0.000000,0.024458,-0.021551,1,-1.029757,125,0.090411,0.008018,1.104962,-0.000419,-1.067776,0.002984,1.104962,-1.041753,0.002984,-0.161068,0.000000,0.013045,-0.418292,-34.168916,0.026024,0.000000,0.000000,0.003792,0.000302,0.000000,0.090411,0.008018,-9.809580,0.003832,0.002284,0.000003,0.367873,0.010760,27.000000,0.013045,1.104675,-0.000419,-0.161068,0.000000,0.026000,0.000000,53,0,1,32,30,-0.001029,0.004379,0.002930,0.588796,-0.278899,8.609848,-1.202923,0.010760,0.008966,6,1,0,0.000000,0,-1.029757,0.000000,0.024458,0,-0.171843,0.000000,-0.021551,-1.029757,-0.171843,1,1,1,2.153721,0.000000,0.000000,0.000000,0.000000,0.000000,0.000000,0.000000
4.3301,1.104974,-0.161068,0.000851,0.000000,0.022521,-0.021551,1,-1.029757,135,0.090544,0.000493,1.104974,0.001466,-1.067649,0.000851,1.104962,-1.041630,0.000851,-0.161068,0.000000,0.012325,-0.418292,-34.168916,0.026019,0.000000,0.001722,0.001847,-0.000032,0.001722,0.090544,0.000493,-9.809582,0.003886,0.002302,0.000000,0.367993,0.010794,27.000000,0.013045,1.104962,0.001466,-0.161068,0.000000,0.026000,0.000000,58,0,1,32,30,-0.001030,0.004407,0.000797,-0.603371,0.158931,10.278728,-1.202803,0.010794,0.009103,6,1,0,0.000000,0,-1.029757,0.000000,0.022521,0,-0.171843,0.000000,-0.021551,-1.029757,-0.171843,1,1,1,2.153782,0.000000,0.000000,0.000000,0.000000,0.000000,0.000000,0.000000
4.3401,1.104579,-0.161068,-0.001486,0.000000,0.024056,-0.021551,1,-1.029757,147,0.091063,0.008091,1.104579,0.000419,-1.067680,-0.001486,1.104579,-1.041656,-0.001486,-0.161068,0.000000,0.013045,-0.418292,-34.168916,0.026024,0.000000,0.000000,0.001952,-0.000097,0.000000,0.091063,0.008091,-9.809574,-0.004211,-0.000255,-0.000003,0.367969,0.010742,27.000000,0.013045,1.104579,0.000419,-0.161068,0.000000,0.026000,0.000000,64,0,1,32,30,-0.001022,-0.004112,-0.001435,0.142010,-0.036520,9.875290,-1.202827,0.010742,0.009031,7,1,0,0.000000,0,-1.029757,0.000000,0.024056,0,-0.171843,0.000000,-0.021551,-1.029757,-0.171843,1,1,1,2.153845,0.000000,0.000000,0.000000,0.000000,0.000000,0.000000,0.000000
4.3501,1.104771,-0.161068,0.007043,0.000000,0.023324,-0.021551,1,-1.029757,158,0.091381,0.008499,1.104771,-0.000419,-1.067641,0.007043,1.104771,-1.041616,0.007043,-0.161068,0.000000,0.013045,-0.418292,-34.168916,0.026024,0.000000,0.000000,0.001994,-0.000105,0.000000,0.091381,0.008499,-9.809571,-0.004424,-0.000324,-0.000002,0.368009,0.010695,27.000000,0.013045,1.104771,-0.000419,-0.161068,0.000000,0.026000,0.000000,69,0,1,32,30,-0.001019,-0.004225,0.007097,-0.013228,-0.139564,8.917109,-1.202788,0.010695,0.009056,6,1,0,0.000000,0,-1.029757,0.000000,0.023324,0,-0.171843,0.000000,-0.021551,-1.029757,-0.171843,1,1,1,2.153907,0.000000,0.000000,0.000000,0.000000,0.000000,0.000000,0.000000
4.3601,1.104867,-0.161068,0.005269,0.000000,0.023868,-0.021551,1,-1.029757,165,0.091177,0.008071,1.104867,0.000419,-1.067653,0.005269,1.104867,-1.041629,0.005269,-0.161068,0.000000,0.013045,-0.418292,-34.168916,0.026024,0.000000,0.000000,0.001917,0.000005,0.000000,0.091177,0.008071,-9.809573,0.009890,0.004197,0.000008,0.367996,0.010742,27.000000,0.013045,1.104867,0.000419,-0.161068,0.000000,0.026000,0.000000,73,0,1,32,30,-0.001035,0.010762,0.005138,0.094819,0.026617,10.182148,-1.202800,0.010742,0.009043,6,1,0,0.000000,0,-1.029757,0.000000,0.023868,0,-0.171843,0.000000,-0.021551,-1.029757,-0.171843,1,1,1,2.153969,0.000000,0.000000,0.000000,0.000000,0.000000,0.000000,0.000000
4.3701,1.104774,-0.161068,-0.010122,0.000000,0.024799,-0.021551,1,-1.029757,175,0.089851,0.001459,1.104774,-0.001466,-1.067728,-0.010122,1.104771,-1.041717,-0.010122,-0.161068,0.000000,0.012305,-0.418292,-34.168916,0.026012,0.000000,0.003625,0.002130,0.000000,0.003625,0.089851,0.001459,-9.809588,-0.009372,0.002595,0.000000,0.367909,0.010688,27.000000,0.013045,1.104771,-0.001466,-0.161068,0.000000,0.026000,0.000000,78,0,1,32,30,-0.005289,-0.008285,-0.010021,0.130309,0.076550,9.235200,-1.202888,0.010688,0.009017,7,1,0,0.000000,0,-1.029757,0.000000,0.024799,0,-0.171843,0.000000,-0.021551,-1.029757,-0.171843,1,1,1,2.154029,0.000000,0.000000,0.000000,0.000000,0.000000,0.000000,0.000000
4.3801,1.104771,-0.161068,0.005428,0.000000,0.023211,-0.021551,1,-1.029757,185,0.091900,0.009106,1.104771,-0.000419,-1.067683,0.005428,1.104771,-1.041658,0.005428,-0.161068,0.000000,0.013045,-0.418292,-34.168916,0.026025,0.000000,0.000000,0.001995,-0.000023,0.000000,0.091900,0.009106,-9.809565,0.017294,0.002061,0.000012,0.367967,0.010626,27.000000,0.013045,1.104771,-0.000419,-0.161068,0.000000,0.026000,0.000000,83,0,1,32,30,0.003227,0.017185,0.005216,-0.363246,0.191888,10.719454,-1.202829,0.010626,0.009099,7,1,0,0.000000,0,-1.029757,0.000000,0.023211,0,-0.171843,0.000000,-0.021551,-1.029757,-0.171843,1,1,1,2.154092,0.000000,0.000000,0.000000,0.000000,0.000000,0.000000,0.000000
4.3901,1.104867,-0.160301,-0.014013,0.000000,0.033585,-0.030755,1,-1.029757,198,0.092243,0.008828,1.104867,0.001466,-1.067731,-0.014013,1.104867,-1.042473,-0.014013,-0.160301,0.000000,0.013045,-0.418292,-34.168916,0.025258,0.000000,0.000000,0.003842,-0.000047,0.000000,0.092243,0.008828,-9.809562,0.010182,-0.009130,0.000005,0.367918,0.010655,27.000000,0.013045,1.104867,0.001466,-0.160301,0.000000,0.026000,0.000000,89,0,1,32,30,0.011771,0.006780,-0.014099,0.016590,-0.097512,9.386503,-1.202878,0.010655,0.009139,6,1,0,0.000000,0,-1.029757,0.000000,0.033585,0,-0.171843,0.000000,-0.030755,-1.029757,-0.171843,1,1,1,2.154153,0.000000,0.000000,0.000000,0.000000,0.000000,0.000000,0.000000
4.4001,1.104813,-0.161068,-0.016670,0.000000,0.017927,-0.013881,1,-1.029757,205,0.090631,0.000329,1.104813,-0.000419,-1.067856,-0.016670,1.104867,-1.041848,-0.016670,-0.161068,0.000000,0.012215,-0.418292,-34.168916,0.026008,0.000000,0.003924,0.001986,0.000013,0.003924,0.090631,0.000329,-9.809581,-0.014683,-0.001319,0.000000,0.367777,0.010700,27.000000,0.013045,1.104867,-0.000419,-0.161068,0.000000,0.026000,0.000000,93,0,1,32,30,-0.003149,-0.014604,-0.016492,-0.315397,0.285883,10.854415,-1.203020,0.010700,0.009114,6,1,0,0.000000,0,-1.029757,0.000000,0.017927,0,-0.171843,0.000000,-0.013881,-1.029757,-0.171843,1,1,1,2.154216,0.000000,0.000000,0.000000,0.000000,0.000000,0.000000,0.000000
4.4101,1.105154,-0.161068,0.002932,0.000000,0.026250,-0.021551,1,-1.029757,217,0.091505,0.009077,1.105154,0.004503,-1.068045,0.002932,1.105154,-1.042020,0.002932,-0.161068,0.000000,0.013045,-0.418292,-34.168916,0.026025,0.000000,0.000000,0.003856,0.000062,0.000000,0.091505,0.009077,-9.809569,0.001795,0.001641,0.000002,0.367606,0.010635,27.000000,0.013045,1.105154,0.004503,-0.161068,0.000000,0.026000,0.000000,99,0,1,32,30,-0.001027,0.002242,0.002905,0.524614,-0.357061,9.518212,-1.203191,0.010635,0.009059,6,1,0,0.000000,0,-1.029757,0.000000,0.026250,0,-0.171843,0.000000,-0.021551,-1.029757,-0.171843,1,1,1,2.154278,0.000000,0.000000,0.000000,0.000000,0.000000,0.000000,0.000000
4.4201,1.105178,-0.161068,-0.003109,0.000000,0.023610,-0.021551,1,-1.029757,225,0.091939,0.001298,1.105178,0.000419,-1.067961,-0.003109,1.105154,-1.041944,-0.003109,-0.161068,0.000000,0.012279,-0.418292,-34.168916,0.026018,0.000000,0.003688,0.002146,-0.000131,0.003688,0.091939,0.001298,-9.809569,0.015569,0.008226,0.000000,0.367680,0.010645,27.000000,0.013045,1.105154,0.000419,-0.161068,0.000000,0.026000,0.000000,103,0,1,32,30,-0.003179,0.017280,-0.003322,-0.173278,-0.386123,9.517466,-1.203117,0.010645,0.009230,6,1,0,0.000000,0,-1.029757,0.000000,0.023610,0,-0.171843,0.000000,-0.021551,-1.029757,-0.171843,1,1,1,2.154340,0.000000,0.000000,0.000000,0.000000,0.000000,0.000000,0.000000
4.4301,1.104676,-0.161068,0.004910,0.000000,0.023979,-0.021551,1,-1.029757,235,0.091617,0.001660,1.104676,0.000419,-1.067933,0.004910,1.104675,-1.041911,0.004910,-0.161068,0.000000,0.012309,-0.418292,-34.168916,0.026023,0.000000,0.001759,0.001862,0.000002,0.001759,0.091617,0.001660,-9.809572,-0.005014,0.001728,0.000000,0.367713,0.010644,27.000000,0.013045,1.104675,0.000419,-0.161068,0.000000,0.026000,0.000000,108,0,1,32,30,-0.003154,-0.004203,0.004962,0.133808,0.173974,10.643034,-1.203083,0.010644,0.009192,6,1,0,0.000000,0,-1.029757,0.000000,0.023979,0,-0.171843,0.000000,-0.021551,-1.029757,-0.171843,1,1,1,2.154401,0.000000,0.000000,0.000000,0.000000,0.000000,0.000000,0.000000
4.4401,1.104962,-0.161068,-0.001431,0.000000,0.024798,-0.021551,1,-1.029757,247,0.093239,0.009479,1.104962,0.000419,-1.067977,-0.001431,1.104962,-1.041952,-0.001431,-0.161068,0.000000,0.013045,-0.418292,-34.168916,0.026026,0.000000,0.000000,0.003847,-0.000096,0.000000,0.093239,0.009479,-9.809552,-0.000881,-0.003679,-0.000001,0.367673,0.010566,27.000000,0.013045,1.104962,0.000419,-0.161068,0.000000,0.026000,0.000000,114,0,1,32,30,0.003245,-0.001963,-0.001407,0.207560,-0.369286,8.943656,-1.203124,0.010566,0.009227,6,1,0,0.000000,0,-1.029757,0.000000,0.024798,0,-0.171843,0.000000,-0.021551,-1.029757,-0.171843,1,1,1,2.154464,0.000000,0.000000,0.000000,0.000000,0.000000,0.000000,0.000000
4.4501,1.104766,-0.161068,0.001108,0.000000,0.024379,-0.021551,1,-1.029757,0,0.092484,0.004003,1.104766,-0.001466,-1.067973,0.001108,1.104771,-1.041951,0.001108,-0.161068,0.000000,0.012465,-0.418292,-34.168916,0.026022,0.000000,0.001387,0.001838,-0.000015,0.001387,0.092484,0.004003,-9.809563,0.013424,0.007555,-0.000000,0.367673,0.010550,27.000000,0.013045,1.104771,-0.001466,-0.161068,0.000000,0.026000,0.000000,118,0,1,32,30,-0.003176,0.015086,0.000920,-0.180862,0.075828,10.833251,-1.203123,0.010550,0.009241,7,1,0,0.000000,0,-1.029757,0.000000,0.024379,0,-0.171843,0.000000,-0.021551,-1.029757,-0.171843,1,1,1,2.154522,0.000000,0.000000,0.000000,0.000000,0.000000,0.000000,0.000000
4.4601,1.104867,-0.161068,0.000747,0.000000,0.024236,-0.021551,1,-1.029757,9,0.093018,0.009738,1.104867,0.000419,-1.067964,0.000747,1.104867,-1.041938,0.000747,-0.161068,0.000000,0.013045,-0.418292,-34.168916,0.026026,0.000000,0.000000,0.003948,0.000094,0.000000,0.093018,0.009738,-9.809554,-0.000836,0.003050,0.000000,0.367687,0.010544,27.000000,0.013045,1.104771,0.000419,-0.161068,0.000000,0.026000,0.000000,123,0,1,32,30,-0.003160,0.000127,0.000746,0.283245,-0.271504,8.772421,-1.203110,0.010544,0.009201,7,1,0,0.000000,0,-1.029757,0.000000,0.024236,0,-0.171843,0.000000,-0.021551,-1.029757,-0.171843,1,1,1,2.154586,0.000000,0.000000,0.000000,0.000000,0.000000,0.000000,0.000000
4.4701,1.104962,-0.161068,-0.003307,0.000000,0.024877,-0.021551,1,-1.029757,19,0.093074,0.010048,1.104962,0.002513,-1.068007,-0.003307,1.104962,-1.041981,-0.003307,-0.161068,0.000000,0.013045,-0.418292,-34.168916,0.026026,0.000000,0.000000,0.001988,0.000004,0.000000,0.093074,0.010048,-9.809553,0.009359,-0.000446,0.000006,0.367644,0.010512,27.000000,0.013045,1.104962,0.002513,-0.161068,0.000000,0.026000,0.000000,128,0,1,32,30,0.003234,0.008750,-0.003416,-0.164666,0.183005,9.896437,-1.203152,0.010512,0.009201,7,1,0,0.000000,0,-1.029757,0.000000,0.024877,0,-0.171843,0.000000,-0.021551,-1.029757,-0.171843,1,1,1,2.154647,0.000000,0.000000,0.000000,0.000000,0.000000,0.000000,0.000000
4.4801,1.104867,-0.161068,0.011569,0.000000,0.023659,-0.021551,1,-1.029757,32,0.093621,0.010044,1.104867,0.001466,-1.067942,0.011569,1.104867,-1.041915,0.011569,-0.161068,0.000000,0.013045,-0.418292,-34.168916,0.026026,0.000000,0.000000,0.003842,-0.000026,0.000000,0.093621,0.010044,-9.809548,0.006948,-0.001211,0.000004,0.367709,0.010503,27.000000,0.013045,1.104867,0.001466,-0.161068,0.000000,0.026000,0.000000,134,0,1,32,30,0.003240,0.006415,0.011490,-0.249070,0.241526,10.576470,-1.203087,0.010503,0.009256,7,1,0,0.000000,0,-1.029757,0.000000,0.023659,0,-0.171843,0.000000,-0.021551,-1.029757,-0.171843,1,1,1,2.154707,0.000000,0.000000,0.000000,0.000000,0.000000,0.000000,0.000000
4.4901,1.104962,-0.161068,0.003782,0.000000,0.024571,-0.021551,1,-1.029757,39,0.093730,0.009751,1.104962,-0.001466,-1.067963,0.003782,1.104962,-1.041936,0.003782,-0.161068,0.000000,0.013045,-0.418292,-34.168916,0.026026,-0.001000,0.000000,0.002001,0.000089,0.000000,0.093730,0.009751,-9.809547,-0.003025,-0.004357,-0.001003,0.367688,0.010531,27.000000,0.013045,1.104867,-0.001466,-0.161068,0.000000,0.026000,-0.001000,138,0,1,32,30,0.003249,-0.004156,0.002834,0.082525,-0.300180,8.762432,-1.203109,0.010531,0.009272,7,1,0,0.000000,0,-1.029757,0.000000,0.024571,0,-0.171843,0.000000,-0.021551,-1.029757,-0.171843,1,1,1,2.154767,0.000000,0.000000,0.000000,0.000000,0.000000,0.000000,0.000000
4.5001,1.104849,-0.161068,-0.016383,0.000000,0.025546,-0.021551,1,-1.029757,50,0.092754,0.004193,1.104849,0.000419,-1.068050,-0.016383,1.104867,-1.042035,-0.016383,-0.161068,0.000000,0.012471,-0.418292,-34.168916,0.026015,0.002000,0.001371,0.001863,-0.000164,0.001371,0.092754,0.004193,-9.809561,-0.007326,-0.003473,0.002000,0.367589,0.010533,27.000000,0.013045,1.104867,0.000419,-0.161068,0.000000,0.026000,0.002000,143,0,1,32,30,0.001114,-0.008210,-0.014281,-0.152707,0.078200,10.641885,-1.203208,0.010533,0.009265,7,1,0,0.000000,0,-1.029757,0.000000,0.025546,0,-0.171843,0.000000,-0.021551,-1.029757,-0.171843,1,1,1,2.154824,0.000000,0.000000,0.000000,0.000000,0.000000,0.000000,0.000000
4.5101,1.104883,-0.161068,-0.001338,0.000000,0.023929,-0.021551,1,-1.029757,59,0.092569,0.002809,1.104883,0.001466,-1.068003,-0.001338,1.104867,-1.041983,-0.001338,-0.161068,0.000000,0.012273,-0.418292,-34.168916,0.026020,0.000000,0.003686,0.002153,-0.000005,0.003686,0.092569,0.002809,-9.809563,-0.000040,0.007779,0.000000,0.367641,0.010476,27.000000,0.013045,1.104867,0.001466,-0.161068,0.000000,0.026000,0.000000,148,0,1,32,30,-0.007432,0.002280,-0.001366,0.005427,0.192052,9.169285,-1.203155,0.010476,0.009269,6,1,0,0.000000,0,-1.029757,0.000000,0.023929,0,-0.171843,0.000000,-0.021551,-1.029757,-0.171843,1,1,1,2.154887,0.000000,0.000000,0.000000,0.000000,0.000000,0.000000,0.000000
4.5201,1.104962,-0.161068,-0.001276,0.000000,0.024529,-0.021551,1,-1.029757,71,0.094300,0.010359,1.104962,0.003560,-1.068016,-0.001276,1.104962,-1.041989,-0.001276,-0.161068,0.000000,0.013045,-0.418292,-34.168916,0.026027,0.000000,0.000000,0.001966,0.000098,0.000000,0.094300,0.010359,-9.809541,0.005877,-0.003784,0.000003,0.367635,0.010461,27.000000,0.013045,1.104962,0.003560,-0.161068,0.000000,0.026000,0.000000,154,0,1,32,30,0.005373,0.004454,-0.001331,-0.391600,0.096253,10.718474,-1.203162,0.010461,0.009320,7,1,0,0.000000,0,-1.029757,0.000000,0.024529,0,-0.171843,0.000000,-0.021551,-1.029757,-0.171843,1,1,1,2.154947,0.000000,0.000000,0.000000,0.000000,0.000000,0.000000,0.000000
4.5301,1.104790,-0.161068,-0.016263,0.000000,0.026342,-0.021551,1,-1.029757,79,0.093022,0.003562,1.104790,0.001466,-1.068156,-0.016263,1.104867,-1.042146,-0.016263,-0.161068,0.000000,0.012364,-0.418292,-34.168916,0.026010,0.000000,0.003477,0.001999,-0.000049,0.003477,0.093022,0.003562,-9.809558,0.000971,0.005864,0.000000,0.367478,0.010484,27.000000,0.013045,1.104867,0.001466,-0.161068,0.000000,0.026000,0.000000,158,0,1,32,30,-0.005302,0.002485,-0.016295,0.399494,-0.202841,9.414406,-1.203318,0.010484,0.009302,7,1,0,0.000000,0,-1.029757,0.000000,0.026342,0,-0.171843,0.000000,-0.021551,-1.029757,-0.171843,1,1,1,2.155005,0.000000,0.000000,0.000000,0.000000,0.000000,0.000000,0.000000
4.5401,1.104874,-0.161068,-0.001330,0.000000,0.024264,-0.021551,1,-1.029757,90,0.093277,0.005028,1.104874,-0.000419,-1.068125,-0.001330,1.104867,-1.042103,-0.001330,-0.161068,0.000000,0.012461,-0.418292,-34.168916,0.026022,0.000000,0.001395,0.002065,-0.000012,0.001395,0.093277,0.005028,-9.809555,0.002547,-0.000358,0.000000,0.367521,0.010430,27.000000,0.013045,1.104867,-0.000419,-0.161068,0.000000,0.026000,0.000000,163,0,1,32,30,0.001106,0.002305,-0.001359,-0.183074,0.179813,10.154794,-1.203275,0.010430,0.009304,7,1,0,0.000000,0,-1.029757,0.000000,0.024264,0,-0.171843,0.000000,-0.021551,-1.029757,-0.171843,1,1,1,2.155065,0.000000,0.000000,0.000000,0.000000,0.000000,0.000000,0.000000
4.5501,1.104824,-0.161068,-0.005592,0.000000,0.025163,-0.021551,1,-1.029757,99,0.093543,0.002655,1.104824,0.001466,-1.068160,-0.005592,1.104867,-1.042142,-0.005592,-0.161068,0.000000,0.012209,-0.418292,-34.168916,0.026017,0.000000,0.003857,0.002145,-0.000098,0.003857,0.093543,0.002655,-9.809554,0.003943,-0.004393,0.000000,0.367482,0.010412,27.000000,0.013045,1.104867,0.001466,-0.161068,0.000000,0.026000,0.000000,168,0,1,32,30,0.003239,0.000344,-0.014180,-0.421176,0.429727,10.817510,-1.203311,0.010411,0.009368,6,1,0,0.000000,0,-1.029757,0.000000,0.025163,0,-0.171843,0.000000,-0.021551,-1.029757,-0.171843,1,1,1,2.155128,0.000000,0.000000,0.000000,0.000000,0.000000,0.000000,0.000000
4.5601,1.104932,-0.161068,-0.011942,0.000000,0.025941,-0.021551,1,-1.029757,107,0.093692,0.003296,1.104932,0.000419,-1.068254,-0.011942,1.104962,-1.042240,-0.011942,-0.161068,0.000000,0.012291,-0.418292,-34.168916,0.026015,0.000000,0.003657,0.002151,0.000220,0.003657,0.093692,0.003296,-9.809552,0.004843,0.000370,0.000000,0.367384,0.010427,27.000000,0.013045,1.104962,0.000419,-0.161068,0.000000,0.026000,0.000000,173,0,1,32,30,0.001101,0.004584,-0.011999,0.024793,-0.082053,8.908142,-1.203413,0.010427,0.009374,6,1,0,0.000000,0,-1.029757,0.000000,0.025941,0,-0.171843,0.000000,-0.021551,-1.029757,-0.171843,1,1,1,2.155186,0.000000,0.000000,0.000000,0.000000,0.000000,0.000000,0.000000
4.5701,1.104867,-0.161068,-0.001490,0.000000,0.025306,-0.021551,1,-1.029757,117,0.094639,0.010716,1.104867,0.002513,-1.068296,-0.001490,1.104867,-1.042268,-0.001490,-0.161068,0.000000,0.013045,-0.418292,-34.168916,0.026027,0.000000,0.000000,0.003805,-0.000295,0.000000,0.094639,0.010716,-9.809538,-0.005504,0.003815,-0.000003,0.367356,0.010419,27.000000,0.013045,1.104962,0.002513,-0.161068,0.000000,0.026000,0.000000,178,0,1,32,30,-0.005291,-0.004124,-0.001439,0.066699,0.202977,10.614571,-1.203440,0.010419,0.009348,6,1,0,0.000000,0,-1.029757,0.000000,0.025306,0,-0.171843,0.000000,-0.021551,-1.029757,-0.171843,1,1,1,2.155248,0.000000,0.000000,0.000000,0.000000,0.000000,0.000000,0.000000
4.5801,1.105003,-0.161068,0.007251,0.000000,0.024491,-0.021551,1,-1.029757,127,0.094092,0.004845,1.105003,0.001466,-1.068252,0.007251,1.104962,-1.042224,0.007251,-0.161068,0.000000,0.012401,-0.418292,-34.168916,0.026028,0.000000,0.003387,0.002156,0.000005,0.003387,0.094092,0.004845,-9.809548,0.004376,0.000216,0.000000,0.367400,0.010375,27.000000,0.013045,1.104962,0.001466,-0.161068,0.000000,0.026000,0.000000,183,0,1,32,30,0.001107,0.004329,0.007198,0.054298,-0.273984,8.963655,-1.203396,0.010375,0.009389,7,1,0,0.000000,0,-1.029757,0.000000,0.024491,0,-0.171843,0.000000,-0.021551,-1.029757,-0.171843,1,1,1,2.155305,0.000000,0.000000,0.000000,0.000000,0.000000,0.000000,0.000000
4.5901,1.104853,-0.161068,-0.014075,0.000000,0.025142,-0.021551,1,-1.029757,137,0.094413,0.005682,1.104853,0.000419,-1.068257,-0.014075,1.104867,-1.042241,-0.014075,-0.161068,0.000000,0.012491,-0.418292,-34.168916,0.026015,0.000000,0.003323,0.002000,-0.000004,0.003323,0.094413,0.005682,-9.809544,0.004251,0.002422,0.000000,0.367383,0.010375,27.000000,0.013045,1.104867,0.000419,-0.161068,0.000000,0.026000,0.000000,188,0,1,32,30,-0.001034,0.004606,-0.014134,-0.011300,-0.138721,9.625332,-1.203414,0.010375,0.009407,6,1,0,0.000000,0,-1.029757,0.000000,0.025142,0,-0.171843,0.000000,-0.021551,-1.029757,-0.171843,1,1,1,2.155363,0.000000,0.000000,0.000000,0.000000,0.000000,0.000000,0.000000
4.6001,1.104976,-0.161068,-0.001186,0.000000,0.024967,-0.021551,1,-1.029757,147,0.093681,0.002913,1.104976,0.002513,-1.068262,-0.001186,1.104962,-1.042241,-0.001186,-0.161068,0.000000,0.012183,-0.418292,-34.168916,0.026021,0.000000,0.003912,0.002153,0.000104,0.003912,0.093681,0.002913,-9.809552,0.006073,0.009708,0.000000,0.367383,0.010357,27.000000,0.013045,1.104962,0.002513,-0.161068,0.000000,0.026000,0.000000,193,0,1,32,30,-0.003154,-0.002151,0.011386,0.133039,0.064415,10.220834,-1.203412,0.010364,0.009376,7,1,0,0.000000,0,-1.029757,0.000000,0.024967,0,-0.171843,0.000000,-0.021551,-1.029757,-0.171843,1,1,1,2.155426,0.000000,0.000000,0.000000,0.000000,0.000000,0.000000,0.000000
4.6101,1.104867,-0.161068,0.000955,0.000000,0.024326,-0.021551,1,-1.029757,160,0.095710,0.011689,1.104867,-0.000419,-1.068216,0.000955,1.104867,-1.042188,0.000955,-0.161068,0.000000,0.013045,-0.418292,-34.168916,0.026029,0.000000,0.000000,0.002025,-0.000008,0.000000,0.095710,0.011689,-9.809526,0.008606,0.001555,0.000007,0.367437,0.010304,27.000000,0.013045,1.104867,-0.000419,-0.161068,0.000000,0.026000,0.000000,199,0,1,32,30,0.001100,0.008687,0.000849,-0.288403,0.133361,10.039413,-1.203360,0.010304,0.009440,7,1,0,0.000000,0,-1.029757,0.000000,0.024326,0,-0.171843,0.000000,-0.021551,-1.029757,-0.171843,1,1,1,2.155485,0.000000,0.000000,0.000000,0.000000,0.000000,0.000000,0.000000
4.6201,1.104962,-0.161068,-0.005696,0.000000,0.025466,-0.021551,1,-1.029757,167,0.095948,0.011559,1.104962,0.001466,-1.068267,-0.005696,1.104962,-1.042238,-0.005696,-0.161068,0.000000,0.013045,-0.418292,-34.168916,0.026029,0.000000,0.000000,0.003807,0.000030,0.000000,0.095948,0.011559,-9.809524,-0.000774,-0.003644,-0.000001,0.367386,0.010313,27.000000,0.013045,1.104962,0.001466,-0.161068,0.000000,0.026000,0.000000,2,0,1,32,30,0.003244,-0.001906,-0.005673,-0.344783,0.383137,10.721388,-1.203411,0.010313,0.009466,6,1,0,0.000000,0,-1.029757,0.000000,0.025466,0,-0.171843,0.000000,-0.021551,-1.029757,-0.171843,1,1,1,2.155544,0.000000,0.000000,0.000000,0.000000,0.000000,0.000000,0.000000
4.6301,1.104867,-0.161068,-0.018400,0.000000,0.026052,-0.021551,1,-1.029757,177,0.095261,0.011432,1.104867,0.002513,-1.068357,-0.018400,1.104867,-1.042329,-0.018400,-0.161068,0.000000,0.013045,-0.418292,-34.168916,0.026028,0.000000,0.000000,0.003839,-0.000046,0.000000,0.095261,0.011432,-9.809531,-0.000258,0.009953,0.000002,0.367296,0.010337,27.000000,0.013045,1.104962,0.002513,-0.161068,0.000000,0.026000,0.000000,7,0,1,32,30,-0.009572,0.002501,-0.018432,0.263798,-0.110022,8.860165,-1.203501,0.010337,0.009399,6,1,0,0.000000,0,-1.029757,0.000000,0.026052,0,-0.171843,0.000000,-0.021551,-1.029757,-0.171843,1,1,1,2.155603,0.000000,0.000000,0.000000,0.000000,0.000000,0.000000,0.000000
4.6401,1.104871,-0.161068,0.011360,0.000000,0.025685,-0.021551,1,-1.029757,187,0.094430,0.005500,1.104871,-0.001466,-1.068404,0.011360,1.104867,-1.042374,0.011360,-0.161068,0.000000,0.012392,-0.418292,-34.168916,0.026030,0.000000,0.001561,0.001851,0.000006,0.001561,0.094430,0.005500,-9.809544,-0.002487,0.000287,0.000000,0.367251,0.010294,27.000000,0.013045,1.104867,-0.001466,-0.161068,0.000000,0.026000,0.000000,12,0,1,32,30,-0.001020,-0.002145,0.011388,-0.133378,0.199688,10.872808,-1.203546,0.010294,0.009412,6,1,0,0.000000,0,-1.029757,0.000000,0.025685,0,-0.171843,0.000000,-0.021551,-1.029757,-0.171843,1,1,1,2.155658,0.000000,0.000000,0.000000,0.000000,0.000000,0.000000,0.000000
4.6501,1.104867,-0.161068,-0.001376,0.000000,0.025131,-0.021551,1,-1.029757,198,0.096299,0.011943,1.104867,0.000419,-1.068394,-0.001376,1.104867,-1.042365,-0.001376,-0.161068,0.000000,0.013045,-0.418292,-34.168916,0.026029,0.000000,0.000000,0.001994,0.000097,0.000000,0.096299,0.011943,-9.809520,0.002450,-0.007105,0.000000,0.367258,0.010268,27.000000,0.013045,1.104771,0.000419,-0.161068,0.000000,0.026000,0.000000,17,0,1,32,30,0.007512,0.000186,-0.001379,0.026382,-0.315075,9.192916,-1.203538,0.010268,0.009495,7,1,0,0.000000,0,-1.029757,0.000000,0.025131,0,-0.171843,0.000000,-0.021551,-1.029757,-0.171843,1,1,1,2.155720,0.000000,0.000000,0.000000,0.000000,0.000000,0.000000,0.000000
4.6601,1.104867,-0.161068,-0.014222,0.000000,0.026319,-0.021551,1,-1.029757,207,0.096199,0.011751,1.104867,0.000419,-1.068486,-0.014222,1.104867,-1.042457,-0.014222,-0.161068,0.000000,0.013045,-0.418292,-34.168916,0.026029,0.000000,0.000000,0.001940,0.000007,0.000000,0.096199,0.011751,-9.809521,0.000733,-0.007643,-0.000001,0.367166,0.010289,27.000000,0.013045,1.104867,0.000419,-0.161068,0.000000,0.026000,0.000000,22,0,1,32,30,-0.003164,0.002321,-0.003496,0.092473,-0.057102,9.214691,-1.203620,0.010284,0.009489,6,1,0,0.000000,0,-1.029757,0.000000,0.026319,0,-0.171843,0.000000,-0.021551,-1.029757,-0.171843,1,1,1,2.155778,0.000000,0.000000,0.000000,0.000000,0.000000,0.000000,0.000000
4.6701,1.104962,-0.161068,0.004021,0.000000,0.025391,-0.021551,1,-1.029757,217,0.095941,0.012183,1.104962,0.001466,-1.068485,0.004021,1.104962,-1.042456,0.004021,-0.161068,0.000000,0.013045,-0.418292,-34.168916,0.026029,-0.001000,0.000000,0.003853,0.000082,0.000000,0.095941,0.012183,-9.809523,0.000698,0.019203,-0.000996,0.367168,0.010250,27.000000,0.013045,1.104867,0.001466,-0.161068,0.000000,0.026000,-0.001000,27,0,1,32,30,-0.018108,0.006467,0.002941,0.237180,-0.194545,9.510088,-1.203628,0.010250,0.009455,6,1,0,0.000000,0,-1.029757,0.000000,0.025391,0,-0.171843,0.000000,-0.021551,-1.029757,-0.171843,1,1,1,2.155837,0.000000,0.000000,0.000000,0.000000,0.000000,0.000000,0.000000
4.6801,1.104962,-0.161068,-0.007571,0.000000,0.024764,-0.021551,1,-1.029757,227,0.096689,0.012672,1.104962,0.000419,-1.069200,-0.007571,1.104962,-1.042404,-0.007571,-0.161068,0.000000,0.013045,-0.418292,-34.168916,0.026797,0.000000,0.000000,0.003815,0.000021,0.000000,0.096689,0.012672,-9.809515,0.010112,-0.002445,0.000006,0.367221,0.010189,27.000000,0.013045,1.104962,0.000419,-0.160301,0.000000,0.026000,0.000000,32,0,1,32,30,0.005367,0.008813,-0.007680,-0.222335,0.043079,9.607880,-1.203576,0.010189,0.009522,6,1,0,0.000000,0,-1.029757,0.000000,0.024764,0,-0.171843,0.000000,-0.021551,-1.029757,-0.171843,1,1,1,2.155896,0.000000,0.000000,0.000000,0.000000,0.000000,0.000000,0.000000
4.6901,1.104962,-0.161068,-0.009910,0.000000,0.025639,-0.021551,1,-1.029757,237,0.096861,0.012778,1.104962,0.001466,-1.068462,-0.009910,1.104962,-1.042432,-0.009910,-0.161068,0.000000,0.013045,-0.418292,-34.168916,0.026030,0.000000,0.000000,0.001939,-0.000084,0.000000,0.096861,0.012778,-9.809513,0.001370,-0.002966,0.000000,0.367192,0.010175,27.000000,0.013045,1.105058,0.001466,-0.161068,0.000000,0.026000,0.000000,37,0,1,32,30,0.003241,0.000288,-0.009914,-0.229754,0.344244,10.778494,-1.203604,0.010175,0.009538,7,1,0,0.000000,0,-1.029757,0.000000,0.025639,0,-0.171843,0.000000,-0.021551,-1.029757,-0.171843,1,1,1,2.155954,0.000000,0.000000,0.000000,0.000000,0.000000,0.000000,0.000000
4.7001,1.104951,-0.161068,-0.000335,0.000000,0.026154,-0.021551,1,-1.029757,247,0.095261,0.004535,1.104951,-0.000419,-1.068518,-0.000335,1.104962,-1.042499,-0.000335,-0.161068,0.000000,0.012180,-0.418292,-34.168916,0.026018,-0.001000,0.003896,0.002015,0.000111,0.003896,0.095261,0.004535,-9.809536,0.001254,0.003710,-0.001000,0.367125,0.010166,27.000000,0.013045,1.104962,-0.000419,-0.161068,0.000000,0.026000,-0.001000,42,0,1,32,30,-0.013835,0.000182,-0.005662,0.227207,-0.324529,9.192951,-1.203670,0.010170,0.009511,6,1,0,0.000000,0,-1.029757,0.000000,0.026154,0,-0.171843,0.000000,-0.021551,-1.029757,-0.171843,1,1,1,2.156012,0.000000,0.000000,0.000000,0.000000,0.000000,0.000000,0.000000
4.7101,1.104770,-0.160301,-0.008783,0.000000,0.034496,-0.030755,1,-1.029757,1,0.095614,0.005510,1.104770,0.000419,-1.069273,-0.008783,1.104771,-1.043250,-0.008783,-0.160301,0.000000,0.012236,-0.418292,-34.168916,0.026023,0.001000,0.003933,0.001989,-0.000204,0.003933,0.095614,0.005510,-9.809532,-0.000631,0.003117,0.001000,0.367141,0.010126,27.000000,0.013045,1.104771,0.000419,-0.160301,0.000000,0.026000,0.001000,47,0,1,32,30,0.001105,0.002362,-0.005625,-0.306268,0.108924,10.469826,-1.203649,0.010127,0.009532,7,1,0,0.000000,0,-1.029757,0.000000,0.034496,0,-0.171843,0.000000,-0.030755,-1.029757,-0.171843,1,1,1,2.156070,0.000000,0.000000,0.000000,0.000000,0.000000,0.000000,0.000000
4.7201,1.104962,-0.161068,-0.018338,0.000000,0.018804,-0.013881,1,-1.029757,13,0.097379,0.013477,1.104962,-0.001466,-1.068599,-0.018338,1.104962,-1.042568,-0.018338,-0.161068,0.000000,0.013045,-0.418292,-34.168916,0.026031,0.000000,0.000000,0.003832,0.000061,0.000000,0.097379,0.013477,-9.809507,0.005658,-0.001610,0.000004,0.367056,0.010096,27.000000,0.013045,1.104962,-0.001466,-0.161068,0.000000,0.026000,0.000000,53,0,1,32,30,0.003233,0.004675,-0.018396,-0.098447,-0.199809,9.146139,-1.203740,0.010096,0.009578,6,1,0,0.000000,0,-1.029757,0.000000,0.018804,0,-0.171843,0.000000,-0.013881,-1.029757,-0.171843,1,1,1,2.156128,0.000000,0.000000,0.000000,0.000000,0.000000,0.000000,0.000000
4.7301,1.105346,-0.161068,0.107704,0.000000,0.027476,-0.021551,1,-1.029757,21,0.096701,0.013633,1.105346,0.001466,-1.068574,0.107704,1.105346,-1.042723,0.107704,-0.161068,0.000000,0.013045,-0.418292,-34.168916,0.025851,0.000000,0.000000,0.001993,0.000118,0.000000,0.096701,0.013633,-9.809514,0.003833,0.002283,-0.104717,0.366903,0.010092,27.000000,0.013045,1.105058,0.001466,-0.161068,-0.104720,0.026000,0.000000,57,0,1,32,30,-0.001029,0.004379,0.002930,0.392008,-0.033187,10.392289,-1.203894,0.010092,0.009508,6,1,0,0.000000,0,-1.029757,0.000000,0.027476,0,-0.171843,0.000000,-0.021551,-1.029757,-0.171843,1,1,1,2.156187,0.000000,0.000000,0.000000,0.000000,0.000000,0.000000,0.000000
4.7401,1.105113,-0.161068,0.024617,0.000000,0.024418,-0.021551,1,-1.029757,31,0.096910,0.007221,1.105113,0.000419,-1.068637,0.024617,1.105058,-1.042597,0.024617,-0.161068,0.000000,0.012405,-0.418292,-34.168916,0.026041,0.000000,0.003531,0.002153,-0.000204,0.003531,0.096910,0.007221,-9.809519,0.015537,0.005971,0.000000,0.367027,0.010093,27.000000,0.013045,1.105058,0.000419,-0.161068,0.000000,0.026000,0.000000,62,0,1,32,30,-0.001036,0.016917,0.024409,-0.048640,-0.340485,9.699843,-1.203769,0.010093,0.009633,6,1,0,0.000000,0,-1.029757,0.000000,0.024418,0,-0.171843,0.000000,-0.021551,-1.029757,-0.171843,1,1,1,2.156243,0.000000,0.000000,0.000000,0.000000,0.000000,0.000000,0.000000
4.7501,1.104770,-0.161068,0.004913,0.000000,0.024679,-0.021551,1,-1.029757,41,0.096911,0.007546,1.104770,0.000419,-1.068543,0.004913,1.104771,-1.042513,0.004913,-0.161068,0.000000,0.012396,-0.418292,-34.168916,0.026029,0.000000,0.001551,0.001849,-0.000012,0.001551,0.096911,0.007546,-9.809518,-0.003721,-0.002340,-0.000000,0.367111,0.010052,27.000000,0.013045,1.104771,0.000419,-0.161068,0.000000,0.026000,0.000000,67,0,1,32,30,0.001115,-0.004191,0.004965,0.035265,0.205771,9.609682,-1.203685,0.010052,0.009628,6,1,0,0.000000,0,-1.029757,0.000000,0.024679,0,-0.171843,0.000000,-0.021551,-1.029757,-0.171843,1,1,1,2.156300,0.000000,0.000000,0.000000,0.000000,0.000000,0.000000,0.000000
4.7601,1.104867,-0.161068,0.006849,0.000000,0.025748,-0.021551,1,-1.029757,54,0.098107,0.013567,1.104867,-0.001466,-1.068564,0.006849,1.104867,-1.042533,0.006849,-0.161068,0.000000,0.013045,-0.418292,-34.168916,0.026031,0.000000,0.000000,0.002002,-0.000202,0.000000,0.098107,0.013567,-9.809500,-0.008694,-0.015104,-0.000008,0.367091,0.010076,27.000000,0.013045,1.104867,-0.001466,-0.161068,0.000000,0.026000,0.000000,73,0,1,32,30,0.011798,-0.012736,0.007008,-0.334646,0.352335,10.893352,-1.203705,0.010076,0.009650,7,1,0,0.000000,0,-1.029757,0.000000,0.025748,0,-0.171843,0.000000,-0.021551,-1.029757,-0.171843,1,1,1,2.156360,0.000000,0.000000,0.000000,0.000000,0.000000,0.000000,0.000000
4.7701,1.104860,-0.161068,-0.018156,0.000000,0.025985,-0.021551,1,-1.029757,61,0.096539,0.005649,1.104860,0.001466,-1.068581,-0.018156,1.104867,-1.042569,-0.018156,-0.161068,0.000000,0.012210,-0.418292,-34.168916,0.026012,0.000000,0.003863,0.002094,-0.000004,0.003863,0.096539,0.005649,-9.809523,0.006034,0.025372,0.000000,0.367055,0.010063,27.000000,0.013045,1.104867,0.001466,-0.161068,0.000000,0.026000,0.000000,77,0,1,32,30,-0.018129,0.021624,-0.011816,0.188160,-0.198595,9.060204,-1.203728,0.010081,0.009613,6,1,0,0.000000,0,-1.029757,0.000000,0.025985,0,-0.171843,0.000000,-0.021551,-1.029757,-0.171843,1,1,1,2.156417,0.000000,0.000000,0.000000,0.000000,0.000000,0.000000,0.000000
4.7801,1.104867,-0.161068,-0.014381,0.000000,0.025889,-0.021551,1,-1.029757,71,0.097797,0.014161,1.104867,-0.000419,-1.068623,-0.014381,1.104867,-1.042591,-0.014381,-0.161068,0.000000,0.013045,-0.418292,-34.168916,0.026031,0.000000,0.000000,0.003829,0.000078,0.000000,0.097797,0.014161,-9.809502,-0.007318,-0.003470,-0.000006,0.367034,0.010021,27.000000,0.013045,1.104771,-0.000419,-0.161068,0.000000,0.026000,0.000000,82,0,1,32,30,0.001114,-0.008210,-0.014281,-0.085365,0.208215,10.959059,-1.203763,0.010021,0.009609,7,1,0,0.000000,0,-1.029757,0.000000,0.025889,0,-0.171843,0.000000,-0.021551,-1.029757,-0.171843,1,1,1,2.156475,0.000000,0.000000,0.000000,0.000000,0.000000,0.000000,0.000000
4.7901,1.105032,-0.161068,0.000698,0.000000,0.026431,-0.021551,1,-1.029757,81,0.096983,0.007079,1.105032,0.003560,-1.068681,0.000698,1.105058,-1.042655,0.000698,-0.161068,0.000000,0.012310,-0.418292,-34.168916,0.026026,0.000000,0.003519,0.002158,0.000021,0.003519,0.096983,0.007079,-9.809518,-0.002226,0.000372,0.000000,0.366970,0.010012,27.000000,0.013045,1.105058,0.003560,-0.161068,0.000000,0.026000,0.000000,87,0,1,32,30,-0.001023,-0.002003,0.000723,0.113105,-0.289760,9.470768,-1.203827,0.010012,0.009643,7,1,0,0.000000,0,-1.029757,0.000000,0.026431,0,-0.171843,0.000000,-0.021551,-1.029757,-0.171843,1,1,1,2.156530,0.000000,0.000000,0.000000,0.000000,0.000000,0.000000,0.000000
4.8001,1.104962,-0.161068,-0.002260,0.000000,0.026028,-0.021551,1,-1.029757,91,0.098368,0.014375,1.104962,0.002513,-1.068706,-0.002260,1.104962,-1.042674,-0.002260,-0.161068,0.000000,0.013045,-0.418292,-34.168916,0.026032,-0.001000,0.000000,0.001993,-0.000001,0.000000,0.098368,0.014375,-9.809496,0.010104,0.004266,-0.000993,0.366951,0.009990,27.000000,0.013045,1.104962,0.002513,-0.161068,0.000000,0.026000,-0.001000,92,0,1,32,30,-0.001038,0.010875,-0.003394,0.132342,-0.149030,9.692314,-1.203846,0.009990,0.009663,7,1,0,0.000000,0,-1.029757,0.000000,0.026028,0,-0.171843,0.000000,-0.021551,-1.029757,-0.171843,1,1,1,2.156589,0.000000,0.000000,0.000000,0.000000,0.000000,0.000000,0.000000
4.8101,1.104890,-0.161068,-0.000384,0.000000,0.025117,-0.021551,1,-1.029757,101,0.097830,0.008561,1.104890,0.000419,-1.068637,-0.000384,1.104867,-1.042614,-0.000384,-0.161068,0.000000,0.012433,-0.418292,-34.168916,0.026023,-0.001000,0.003458,0.002157,-0.000031,0.003458,0.097830,0.008561,-9.809508,-0.000137,0.001032,-0.001000,0.367010,0.009972,27.000000,0.013045,1.104867,0.000419,-0.161068,0.000000,0.026000,-0.001000,97,0,1,32,30,-0.001026,0.000162,-0.001386,-0.114586,0.144683,10.680860,-1.203786,0.009972,0.009704,7,1,0,0.000000,0,-1.029757,0.000000,0.025117,0,-0.171843,0.000000,-0.021551,-1.029757,-0.171843,1,1,1,2.156643,0.000000,0.000000,0.000000,0.000000,0.000000,0.000000,0.000000
4.8201,1.104906,-0.161068,-0.023756,0.000000,0.027362,-0.021551,1,-1.029757,111,0.098100,0.009387,1.104906,0.001466,-1.068769,-0.023756,1.104962,-1.042752,-0.023756,-0.161068,0.000000,0.012501,-0.418292,-34.168916,0.026018,0.001000,0.003294,0.001994,0.000037,0.003294,0.098100,0.009387,-9.809505,-0.000358,-0.003508,0.001000,0.366873,0.009953,27.000000,0.013045,1.104962,0.001466,-0.161068,0.000000,0.026000,0.001000,102,0,1,32,30,0.003239,-0.001679,-0.022737,0.035129,-0.170227,9.079531,-1.203924,0.009953,0.009718,6,1,0,0.000000,0,-1.029757,0.000000,0.027362,0,-0.171843,0.000000,-0.021551,-1.029757,-0.171843,1,1,1,2.156699,0.000000,0.000000,0.000000,0.000000,0.000000,0.000000,0.000000
4.8301,1.104939,-0.161068,-0.001438,0.000000,0.027068,-0.021551,1,-1.029757,121,0.097245,0.007022,1.104939,0.001466,-1.068867,-0.001438,1.104962,-1.042841,-0.001438,-0.161068,0.000000,0.012247,-0.418292,-34.168916,0.026025,0.000000,0.001908,0.001855,0.000028,0.001908,0.097245,0.007022,-9.809515,-0.003467,0.004458,0.000000,0.366783,0.009950,27.000000,0.013045,1.104962,0.001466,-0.161068,0.000000,0.026000,0.000000,107,0,1,32,30,-0.005293,-0.001987,-0.001414,0.008694,0.205774,10.384870,-1.204013,0.009950,0.009670,6,1,0,0.000000,0,-1.029757,0.000000,0.027068,0,-0.171843,0.000000,-0.021551,-1.029757,-0.171843,1,1,1,2.156759,0.000000,0.000000,0.000000,0.000000,0.000000,0.000000,0.000000
4.8401,1.104869,-0.161068,0.001940,0.000000,0.026202,-0.021551,1,-1.029757,129,0.097773,0.007751,1.104869,-0.000419,-1.068870,0.001940,1.104867,-1.042844,0.001940,-0.161068,0.000000,0.012275,-0.418292,-34.168916,0.026026,-0.001000,0.001840,0.001829,0.000005,0.001840,0.097773,0.007751,-9.809510,0.003434,0.017830,-0.001000,0.366781,0.009896,27.000000,0.013045,1.104867,-0.000419,-0.161068,0.000000,0.026000,-0.001000,112,0,1,32,30,-0.015977,0.008638,0.000834,0.111051,-0.337117,8.656805,-1.204016,0.009896,0.009712,7,1,0,0.000000,0,-1.029757,0.000000,0.026202,0,-0.171843,0.000000,-0.021551,-1.029757,-0.171843,1,1,1,2.156815,0.000000,0.000000,0.000000,0.000000,0.000000,0.000000,0.000000
4.8501,1.104974,-0.161068,0.010107,0.000000,0.026508,-0.021551,1,-1.029757,139,0.098131,0.008728,1.104974,0.000419,-1.068909,0.010107,1.104962,-1.042872,0.010107,-0.161068,0.000000,0.012370,-0.418292,-34.168916,0.026037,0.001000,0.001614,0.001999,0.000025,0.001614,0.098131,0.008728,-9.809505,-0.011381,-0.006998,0.001000,0.366753,0.009887,27.000000,0.013045,1.104962,0.000419,-0.161068,0.000000,0.026000,0.001000,117,0,1,32,30,0.003261,-0.012818,0.011267,-0.200011,0.113594,10.871900,-1.204044,0.009887,0.009732,7,1,0,0.000000,0,-1.029757,0.000000,0.026508,0,-0.171843,0.000000,-0.021551,-1.029757,-0.171843,1,1,1,2.156871,0.000000,0.000000,0.000000,0.000000,0.000000,0.000000,0.000000
4.8601,1.104962,-0.161068,0.011516,0.000000,0.025773,-0.021551,1,-1.029757,152,0.099094,0.015300,1.104962,0.001466,-1.068867,0.011516,1.104962,-1.042834,0.011516,-0.161068,0.000000,0.013045,-0.418292,-34.168916,0.026033,0.000000,0.000000,0.003789,-0.000011,0.000000,0.099094,0.015300,-9.809488,0.004264,0.000180,0.000003,0.366791,0.009885,27.000000,0.013045,1.104962,0.001466,-0.161068,0.000000,0.026000,0.000000,123,0,1,32,30,0.001108,0.004272,0.011464,0.180460,-0.178633,9.768612,-1.204005,0.009885,0.009721,6,1,0,0.000000,0,-1.029757,0.000000,0.025773,0,-0.171843,0.000000,-0.021551,-1.029757,-0.171843,1,1,1,2.156929,0.000000,0.000000,0.000000,0.000000,0.000000,0.000000,0.000000
4.8701,1.104962,-0.161068,0.002834,0.000000,0.026212,-0.021551,1,-1.029757,161,0.099444,0.015356,1.104962,0.001466,-1.068872,0.002834,1.104962,-1.042839,0.002834,-0.161068,0.000000,0.013045,-0.418292,-34.168916,0.026033,0.000000,0.000000,0.001994,0.000017,0.000000,0.099444,0.015356,-9.809484,-0.000988,-0.003714,-0.000002,0.366786,0.009874,27.000000,0.013045,1.104962,0.001466,-0.161068,0.000000,0.026000,0.000000,128,0,1,32,30,0.003247,-0.002019,0.002859,-0.134479,-0.002545,10.210417,-1.204010,0.009874,0.009755,7,1,0,0.000000,0,-1.029757,0.000000,0.026212,0,-0.171843,0.000000,-0.021551,-1.029757,-0.171843,1,1,1,2.156985,0.000000,0.000000,0.000000,0.000000,0.000000,0.000000,0.000000
4.8801,1.104962,-0.161068,-0.005442,0.000000,0.026344,-0.021551,1,-1.029757,169,0.099579,0.015345,1.104962,0.002513,-1.068887,-0.005442,1.104962,-1.042854,-0.005442,-0.161068,0.000000,0.013045,-0.418292,-34.168916,0.026033,0.000000,0.000000,0.003923,-0.000063,0.000000,0.099579,0.015345,-9.809483,0.008766,0.001606,0.000007,0.366771,0.009873,27.000000,0.013045,1.105058,0.002513,-0.161068,0.000000,0.026000,0.000000,132,0,1,32,30,0.001098,0.008772,-0.005550,0.112834,-0.203820,9.481202,-1.204026,0.009873,0.009769,6,1,0,0.000000,0,-1.029757,0.000000,0.026344,0,-0.171843,0.000000,-0.021551,-1.029757,-0.171843,1,1,1,2.157041,0.000000,0.000000,0.000000,0.000000,0.000000,0.000000,0.000000
4.8901,1.105058,-0.161068,0.011364,0.000000,0.025963,-0.021551,1,-1.029757,181,0.099450,0.015346,1.105058,0.001466,-1.068868,0.011364,1.105058,-1.042835,0.011364,-0.161068,0.000000,0.013045,-0.418292,-34.168916,0.026033,0.000000,0.000000,0.003843,0.000074,0.000000,0.099450,0.015346,-9.809484,-0.001201,-0.003784,-0.000002,0.366790,0.009874,27.000000,0.013045,1.105058,0.001466,-0.161068,0.000000,0.026000,0.000000,138,0,1,32,30,0.003249,-0.002133,0.011391,0.034674,0.104831,9.264132,-1.204006,0.009874,0.009756,6,1,0,0.000000,0,-1.029757,0.000000,0.025963,0,-0.171843,0.000000,-0.021551,-1.029757,-0.171843,1,1,1,2.157097,0.000000,0.000000,0.000000,0.000000,0.000000,0.000000,0.000000
4.9001,1.105034,-0.161068,-0.018344,0.000000,0.026385,-0.021551,1,-1.029757,189,0.098812,0.009139,1.105034,0.003560,-1.068869,-0.018344,1.105058,-1.042854,-0.018344,-0.161068,0.000000,0.012385,-0.418292,-34.168916,0.026016,0.000000,0.001578,0.001999,-0.000005,0.001578,0.098812,0.009139,-9.809498,0.003062,0.006524,0.000000,0.366771,0.009849,27.000000,0.013045,1.105058,0.003560,-0.161068,0.000000,0.026000,0.000000,142,0,1,32,30,-0.005305,0.004650,-0.018404,-0.191502,0.297162,10.720624,-1.204026,0.009849,0.009793,7,1,0,0.000000,0,-1.029757,0.000000,0.026385,0,-0.171843,0.000000,-0.021551,-1.029757,-0.171843,1,1,1,2.157151,0.000000,0.000000,0.000000,0.000000,0.000000,0.000000,0.000000
4.9101,1.104962,-0.160301,-0.005555,0.000000,0.036004,-0.030755,1,-1.029757,202,0.100142,0.015982,1.104962,0.000419,-1.068938,-0.005555,1.104962,-1.043671,-0.005555,-0.160301,0.000000,0.013045,-0.418292,-34.168916,0.025267,0.000000,0.000000,0.001978,-0.000084,0.000000,0.100142,0.015982,-9.809476,0.000804,0.012527,0.000003,0.366720,0.009807,27.000000,0.013045,1.104962,0.000419,-0.160301,0.000000,0.026000,0.000000,148,0,1,32,30,-0.011705,0.004462,-0.005611,0.197224,-0.281112,8.772268,-1.204076,0.009807,0.009818,7,1,0,0.000000,0,-1.029757,0.000000,0.036004,0,-0.171843,0.000000,-0.030755,-1.029757,-0.171843,1,1,1,2.157209,0.000000,0.000000,0.000000,0.000000,0.000000,0.000000,0.000000
4.9201,1.105058,-0.161068,-0.005693,0.000000,0.019465,-0.013881,1,-1.029757,211,0.100332,0.016079,1.105058,0.001466,-1.069009,-0.005693,1.105058,-1.042974,-0.005693,-0.161068,0.000000,0.013045,-0.418292,-34.168916,0.026034,0.000000,0.000000,0.003964,0.000038,0.000000,0.100332,0.016079,-9.809474,0.000518,-0.007713,-0.000001,0.366650,0.009786,27.000000,0.013045,1.105058,0.001466,-0.161068,0.000000,0.026000,0.000000,153,0,1,32,30,0.007513,-0.001894,-0.005669,-0.278736,0.132894,10.077697,-1.204146,0.009786,0.009833,6,1,0,0.000000,0,-1.029757,0.000000,0.019465,0,-0.171843,0.000000,-0.013881,-1.029757,-0.171843,1,1,1,2.157266,0.000000,0.000000,0.000000,0.000000,0.000000,0.000000,0.000000
4.9301,1.105061,-0.161068,0.000804,0.000000,0.028594,-0.021551,1,-1.029757,219,0.098678,0.008389,1.105061,0.000419,-1.069183,0.000804,1.105058,-1.043154,0.000804,-0.161068,0.000000,0.012212,-0.418292,-34.168916,0.026028,0.000000,0.001992,0.001831,0.000032,0.001992,0.098678,0.008389,-9.809500,0.003141,-0.002410,-0.000000,0.366471,0.009754,27.000000,0.013045,1.105058,0.000419,-0.161068,0.000000,0.026000,0.000000,157,0,1,32,30,0.003242,0.002283,0.000776,0.475137,-0.349664,8.915317,-1.204325,0.009754,0.009792,7,1,0,0.000000,0,-1.029757,0.000000,0.028594,0,-0.171843,0.000000,-0.021551,-1.029757,-0.171843,1,1,1,2.157321,0.000000,0.000000,0.000000,0.000000,0.000000,0.000000,0.000000
4.9401,1.105548,-0.161068,-0.002952,0.000000,0.026003,-0.021551,1,-1.029757,229,0.100282,0.009028,1.105548,0.000419,-1.069116,-0.002952,1.105537,-1.043088,-0.002952,-0.161068,0.000000,0.012307,-0.418292,-34.168916,0.026027,0.000000,0.001764,0.001938,-0.000022,0.001764,0.100282,0.009028,-9.809483,0.022975,0.006077,0.000000,0.366535,0.009759,27.000000,0.013045,1.105537,0.000419,-0.161068,0.000000,0.026000,0.000000,162,0,1,32,30,0.001083,0.023703,-0.003244,-0.250089,-0.422409,9.354354,-1.204261,0.009759,0.009943,6,1,0,0.000000,0,-1.029757,0.000000,0.026003,0,-0.171843,0.000000,-0.021551,-1.029757,-0.171843,1,1,1,2.157378,0.000000,0.000000,0.000000,0.000000,0.000000,0.000000,0.000000
4.9501,1.104782,-0.161068,0.011311,0.000000,0.026507,-0.021551,1,-1.029757,239,0.099662,0.009331,1.104782,-0.006597,-1.069111,0.011311,1.104771,-1.043075,0.011311,-0.161068,0.000000,0.012307,-0.418292,-34.168916,0.026036,0.000000,0.003693,0.002156,0.000004,0.003693,0.099662,0.009331,-9.809489,-0.003876,-0.002391,0.000000,0.366549,0.009738,27.000000,0.013045,1.104771,-0.006597,-0.161068,0.000000,0.026000,0.000000,167,0,1,32,30,0.001117,-0.004276,0.011364,0.342954,-0.065334,9.894271,-1.204247,0.009738,0.009876,6,1,0,0.000000,0,-1.029757,0.000000,0.026507,0,-0.171843,0.000000,-0.021551,-1.029757,-0.171843,1,1,1,2.157434,0.000000,0.000000,0.000000,0.000000,0.000000,0.000000,0.000000
4.9601,1.105154,-0.161068,-0.005647,0.000000,0.026545,-0.021551,1,-1.029757,249,0.100990,0.016536,1.105154,0.005550,-1.069103,-0.005647,1.105154,-1.043068,-0.005647,-0.161068,0.000000,0.013045,-0.418292,-34.168916,0.026035,0.000000,0.000000,0.003841,-0.000179,0.000000,0.100990,0.016536,-9.809466,0.000617,-0.000967,0.000000,0.366557,0.009730,27.000000,0.013045,1.105346,0.005550,-0.161068,0.000000,0.026000,0.000000,172,0,1,32,30,0.001107,0.000225,-0.005650,-0.013658,-0.015258,8.918359,-1.204239,0.009730,0.009892,6,1,0,0.000000,0,-1.029757,0.000000,0.026545,0,-0.171843,0.000000,-0.021551,-1.029757,-0.171843,1,1,1,2.157490,0.000000,0.000000,0.000000,0.000000,0.000000,0.000000,0.000000
4.9701,1.104952,-0.161068,-0.001131,0.000000,0.026943,-0.021551,1,-1.029757,3,0.099979,0.009438,1.104952,-0.001466,-1.069123,-0.001131,1.104962,-1.043094,-0.001131,-0.161068,0.000000,0.012316,-0.418292,-34.168916,0.026029,0.000000,0.003587,0.002010,0.000001,0.003587,0.099979,0.009438,-9.809486,0.008757,0.008317,0.000000,0.366530,0.009731,27.000000,0.013045,1.104962,-0.001466,-0.161068,0.000000,0.026000,0.000000,177,0,1,32,30,-0.005306,0.010834,-0.001265,-0.305875,0.380212,10.960644,-1.204267,0.009731,0.009906,6,1,0,0.000000,0,-1.029757,0.000000,0.026943,0,-0.171843,0.000000,-0.021551,-1.029757,-0.171843,1,1,1,2.157544,0.000000,0.000000,0.000000,0.000000,0.000000,0.000000,0.000000
4.9801,1.105154,-0.161068,0.007148,0.000000,0.026881,-0.021551,1,-1.029757,13,0.100020,0.010997,1.105154,0.000419,-1.069146,0.007148,1.105154,-1.043112,0.007148,-0.161068,0.000000,0.012456,-0.418292,-34.168916,0.026035,0.000000,0.001409,0.001956,0.000013,0.001409,0.100020,0.010997,-9.809484,0.000300,-0.001070,0.000000,0.366513,0.009713,27.000000,0.013045,1.105154,0.000419,-0.161068,0.000000,0.026000,0.000000,182,0,1,32,30,0.001111,0.000055,0.007148,0.284179,-0.285072,9.097679,-1.204283,0.009713,0.009885,6,1,0,0.000000,0,-1.029757,0.000000,0.026881,0,-0.171843,0.000000,-0.021551,-1.029757,-0.171843,1,1,1,2.157598,0.000000,0.000000,0.000000,0.000000,0.000000,0.000000,0.000000
4.9901,1.105141,-0.161068,0.004966,0.000000,0.027737,-0.021551,1,-1.029757,23,0.100426,0.011325,1.105141,0.001466,-1.069232,0.004966,1.105154,-1.043197,0.004966,-0.161068,0.000000,0.012469,-0.418292,-34.168916,0.026034,0.000000,0.001376,0.001852,0.000031,0.001376,0.100426,0.011325,-9.809479,-0.001039,-0.003731,-0.000000,0.366427,0.009688,27.000000,0.013045,1.105154,0.001466,-0.161068,0.000000,0.026000,0.000000,187,0,1,32,30,0.003247,-0.002048,0.004992,-0.041195,0.158509,9.561306,-1.204369,0.009688,0.009920,7,1,0,0.000000,0,-1.029757,0.000000,0.027737,0,-0.171843,0.000000,-0.021551,-1.029757,-0.171843,1,1,1,2.157653,0.000000,0.000000,0.000000,0.000000,0.000000,0.000000,0.000000
5.0001,1.105154,-0.161068,0.002733,0.000000,0.026859,-0.021551,1,-1.029757,26,0.101289,0.016873,1.105154,0.000419,-1.069231,0.002733,1.105154,-1.043195,0.002733,-0.161068,0.000000,0.013045,-0.418292,-34.168916,0.026035,0.000000,0.000000,0.002149,0.000010,0.000000,0.101289,0.016873,-9.809463,-0.005063,-0.005000,-0.000006,0.366429,0.009691,27.000000,0.013045,1.105154,0.000419,-0.161068,0.000000,0.026000,0.000000,188,0,1,32,30,0.003251,-0.006293,0.002809,-0.191489,0.240615,10.653062,-1.204367,0.009691,0.009916,7,1,0,0.000000,0,-1.029757,0.000000,0.026859,0,-0.171843,0.000000,-0.021551,-1.029757,-0.171843,1,1,1,2.157657,0.000000,0.000000,0.000000,0.000000,0.000000,0.000000,0.000000
5.0101,1.105058,-0.161068,-0.005592,0.000000,0.027265,-0.021551,1,-1.029757,35,0.101749,0.016858,1.105058,-0.000419,-1.069263,-0.005592,1.105058,-1.043228,-0.005592,-0.161068,0.000000,0.013045,-0.418292,-34.168916,0.026036,0.000000,0.000000,0.003931,0.000011,0.000000,0.101749,0.016858,-9.809458,0.003947,-0.004393,0.000002,0.366396,0.009685,27.000000,0.013045,1.105058,-0.000419,-0.161068,0.000000,0.026000,0.000000,193,0,1,32,30,0.005374,0.002374,-0.005622,0.054922,-0.182606,9.309111,-1.204400,0.009685,0.009963,7,1,0,0.000000,0,-1.029757,0.000000,0.027265,0,-0.171843,0.000000,-0.021551,-1.029757,-0.171843,1,1,1,2.157712,0.000000,0.000000,0.000000,0.000000,0.000000,0.000000,0.000000
5.0201,1.105154,-0.161068,0.000902,0.000000,0.027518,-0.021551,1,-1.029757,46,0.102034,0.016913,1.105154,0.000419,-1.069312,0.000902,1.105154,-1.043276,0.000902,-0.161068,0.000000,0.013045,-0.418292,-34.168916,0.026036,0.000000,0.000000,0.001983,0.000002,0.000000,0.102034,0.016913,-9.809455,0.005923,0.002944,0.000005,0.366348,0.009675,27.000000,0.013045,1.105154,0.000419,-0.161068,0.000000,0.026000,0.000000,198,0,1,32,30,-0.001032,0.006544,0.000822,-0.060016,-0.200614,9.213150,-1.204448,0.009675,0.009991,6,1,0,0.000000,0,-1.029757,0.000000,0.027518,0,-0.171843,0.000000,-0.021551,-1.029757,-0.171843,1,1,1,2.157768,0.000000,0.000000,0.000000,0.000000,0.000000,0.000000,0.000000
5.0301,1.105154,-0.161068,-0.008931,0.000000,0.026855,-0.021551,1,-1.029757,55,0.101842,0.016831,1.105154,0.000419,-1.069296,-0.008931,1.105154,-1.043261,-0.008931,-0.161068,0.000000,0.013045,-0.418292,-34.168916,0.026036,0.001000,0.000000,0.001987,0.000103,0.000000,0.101842,0.016831,-9.809457,-0.004796,-0.004912,0.000996,0.366363,0.009686,27.000000,0.013045,1.105154,0.000419,-0.161068,0.000000,0.026000,0.001000,2,0,1,32,30,0.003248,-0.006152,-0.007856,0.009302,0.090088,10.460272,-1.204433,0.009686,0.009973,7,1,0,0.000000,0,-1.029757,0.000000,0.026855,0,-0.171843,0.000000,-0.021551,-1.029757,-0.171843,1,1,1,2.157823,0.000000,0.000000,0.000000,0.000000,0.000000,0.000000,0.000000
5.0401,1.105058,-0.161068,-0.007884,0.000000,0.027845,-0.021551,1,-1.029757,66,0.101747,0.016375,1.105058,-0.000419,-1.069360,-0.007884,1.105058,-1.043330,-0.007884,-0.161068,0.000000,0.012989,-0.418292,-34.168916,0.026030,0.000000,0.000134,0.002046,-0.000087,0.000134,0.101747,0.016375,-9.809459,-0.003405,-0.002235,0.000000,0.366294,0.009677,27.000000,0.013045,1.105058,-0.000419,-0.161068,0.000000,0.026000,0.000000,7,0,1,32,30,0.003240,0.002339,-0.003490,0.149279,-0.082811,8.975209,-1.204497,0.009676,0.009972,7,1,0,0.000000,0,-1.029757,0.000000,0.027845,0,-0.171843,0.000000,-0.021551,-1.029757,-0.171843,1,1,1,2.157879,0.000000,0.000000,0.000000,0.000000,0.000000,0.000000,0.000000
5.0501,1.105153,-0.161068,0.002885,0.000000,0.027509,-0.021551,1,-1.029757,76,0.102031,0.016512,1.105153,-0.000419,-1.069398,0.002885,1.105154,-1.043361,0.002885,-0.161068,0.000000,0.012999,-0.418292,-34.168916,0.026038,0.000000,0.000109,0.001991,0.000099,0.000109,0.102031,0.016512,-9.809455,0.001049,-0.003071,0.000000,0.366263,0.009669,27.000000,0.013045,1.105154,-0.000419,-0.161068,0.000000,0.026000,0.000000,12,0,1,32,30,0.003245,0.000117,0.002884,-0.240302,0.395701,10.482321,-1.204533,0.009669,0.009997,7,1,0,0.000000,0,-1.029757,0.000000,0.027509,0,-0.171843,0.000000,-0.021551,-1.029757,-0.171843,1,1,1,2.157934,0.000000,0.000000,0.000000,0.000000,0.000000,0.000000,0.000000
5.0601,1.105058,-0.161068,0.000898,0.000000,0.027104,-0.021551,1,-1.029757,86,0.102221,0.017147,1.105058,0.001466,-1.069388,0.000898,1.105058,-1.043352,0.000898,-0.161068,0.000000,0.013045,-0.418292,-34.168916,0.026036,0.000000,0.000000,0.002038,-0.000111,0.000000,0.102221,0.017147,-9.809452,0.004630,0.007013,0.000005,0.366272,0.009648,27.000000,0.013045,1.105058,0.001466,-0.161068,0.000000,0.026000,0.000000,17,0,1,32,30,-0.005301,0.006532,0.000818,0.024626,-0.297855,8.571009,-1.204524,0.009648,0.010005,6,1,0,0.000000,0,-1.029757,0.000000,0.027104,0,-0.171843,0.000000,-0.021551,-1.029757,-0.171843,1,1,1,2.157988,0.000000,0.000000,0.000000,0.000000,0.000000,0.000000,0.000000
5.0701,1.105154,-0.161068,-0.010120,0.000000,0.026863,-0.021551,1,-1.029757,95,0.102256,0.017301,1.105154,0.001466,-1.069361,-0.010120,1.105154,-1.043325,-0.010120,-0.161068,0.000000,0.013045,-0.418292,-34.168916,0.026036,0.000000,0.000000,0.003953,-0.000018,0.000000,0.102256,0.017301,-9.809452,-0.008718,0.000566,-0.000006,0.366300,0.009632,27.000000,0.013045,1.105154,0.001466,-0.161068,0.000000,0.026000,0.000000,22,0,1,32,30,-0.003154,-0.008279,-0.010019,-0.200474,0.172144,10.776784,-1.204497,0.009632,0.010007,7,1,0,0.000000,0,-1.029757,0.000000,0.026863,0,-0.171843,0.000000,-0.021551,-1.029757,-0.171843,1,1,1,2.158043,0.000000,0.000000,0.000000,0.000000,0.000000,0.000000,0.000000
5.0801,1.105058,-0.161068,-0.004800,0.000000,0.027406,-0.021551,1,-1.029757,105,0.102391,0.017372,1.105058,-0.000419,-1.069384,-0.004800,1.105058,-1.043347,-0.004800,-0.161068,0.000000,0.013045,-0.418292,-34.168916,0.026036,-0.001000,0.000000,0.003897,0.000005,0.000000,0.102391,0.017372,-9.809450,-0.005495,-0.002896,-0.001004,0.366277,0.009623,27.000000,0.013045,1.105058,-0.000419,-0.161068,0.000000,0.026000,-0.001000,27,0,1,32,30,0.001114,-0.006186,-0.005724,0.074622,-0.062768,9.674003,-1.204519,0.009623,0.010019,7,1,0,0.000000,0,-1.029757,0.000000,0.027406,0,-0.171843,0.000000,-0.021551,-1.029757,-0.171843,1,1,1,2.158098,0.000000,0.000000,0.000000,0.000000,0.000000,0.000000,0.000000
5.0901,1.105058,-0.161068,-0.005552,0.000000,0.027968,-0.021551,1,-1.029757,115,0.102510,0.017711,1.105058,-0.000419,-1.069450,-0.005552,1.105058,-1.043413,-0.005552,-0.161068,0.000000,0.013045,-0.418292,-34.168916,0.026037,0.000000,0.000000,0.002169,-0.000087,0.000000,0.102510,0.017711,-9.809448,0.002107,0.008457,0.000003,0.366212,0.009586,27.000000,0.013045,1.105058,-0.000419,-0.161068,0.000000,0.026000,0.000000,32,0,1,32,30,-0.007436,0.004474,-0.005607,-0.012937,-0.178518,8.974142,-1.204585,0.009586,0.010025,7,1,0,0.000000,0,-1.029757,0.000000,0.027968,0,-0.171843,0.000000,-0.021551,-1.029757,-0.171843,1,1,1,2.158152,0.000000,0.000000,0.000000,0.000000,0.000000,0.000000,0.000000
5.1001,1.105057,-0.161068,-0.008779,0.000000,0.027685,-0.021551,1,-1.029757,125,0.102386,0.017509,1.105057,0.000419,-1.069476,-0.008779,1.105058,-1.043444,-0.008779,-0.161068,0.000000,0.013002,-0.418292,-34.168916,0.026032,0.001000,0.000103,0.002143,0.000011,0.000103,0.102386,0.017509,-9.809450,0.000670,-0.000949,0.001000,0.366181,0.009566,27.000000,0.013045,1.105058,0.000419,-0.161068,0.000000,0.026000,0.001000,37,0,1,32,30,0.001107,0.000253,-0.007783,0.198603,-0.211922,9.366331,-1.204616,0.009566,0.010016,6,1,0,0.000000,0,-1.029757,0.000000,0.027685,0,-0.171843,0.000000,-0.021551,-1.029757,-0.171843,1,1,1,2.158207,0.000000,0.000000,0.000000,0.000000,0.000000,0.000000,0.000000
5.1101,1.105154,-0.161068,-0.002511,0.000000,0.028021,-0.021551,1,-1.029757,135,0.102782,0.017918,1.105154,0.001466,-1.069535,-0.002511,1.105154,-1.043498,-0.002511,-0.161068,0.000000,0.013045,-0.418292,-34.168916,0.026037,-0.001000,0.000000,0.002000,-0.000088,0.000000,0.102782,0.017918,-9.809445,0.001855,-0.005053,-0.001000,0.366127,0.009561,27.000000,0.013045,1.105154,0.001466,-0.161068,0.000000,0.026000,-0.001000,42,0,1,32,30,0.005377,0.000209,-0.003513,-0.051394,-0.064620,9.042253,-1.204670,0.009561,0.010049,7,1,0,0.000000,0,-1.029757,0.000000,0.028021,0,-0.171843,0.000000,-0.021551,-1.029757,-0.171843,1,1,1,2.158261,0.000000,0.000000,0.000000,0.000000,0.000000,0.000000,0.000000
5.1201,1.105154,-0.161068,0.000849,0.000000,0.027416,-0.021551,1,-1.029757,146,0.102880,0.017947,1.105154,0.000419,-1.069529,0.000849,1.105154,-1.043492,0.000849,-0.161068,0.000000,0.013045,-0.418292,-34.168916,0.026037,0.000000,0.000000,0.002123,-0.000006,0.000000,0.102880,0.017947,-9.809444,0.003240,0.004335,0.000004,0.366132,0.009557,27.000000,0.013045,1.105154,0.000419,-0.161068,0.000000,0.026000,0.000000,47,0,1,32,30,-0.003164,0.004401,0.000795,-0.324801,0.209854,10.815363,-1.204664,0.009557,0.010059,6,1,0,0.000000,0,-1.029757,0.000000,0.027416,0,-0.171843,0.000000,-0.021551,-1.029757,-0.171843,1,1,1,2.158316,0.000000,0.000000,0.000000,0.000000,0.000000,0.000000,0.000000
5.1301,1.105154,-0.161068,-0.007636,0.000000,0.027589,-0.021551,1,-1.029757,155,0.103206,0.018148,1.105154,-0.000419,-1.069540,-0.007636,1.105154,-1.043502,-0.007636,-0.161068,0.000000,0.013045,-0.418292,-34.168916,0.026037,0.000000,0.000000,0.003794,-0.000030,0.000000,0.103206,0.018148,-9.809440,0.002907,0.013186,0.000005,0.366122,0.009531,27.000000,0.013045,1.105154,-0.000419,-0.161068,0.000000,0.026000,0.000000,52,0,1,32,30,-0.011708,0.006627,-0.007719,0.217249,-0.209791,9.194098,-1.204674,0.009531,0.010088,7,1,0,0.000000,0,-1.029757,0.000000,0.027589,0,-0.171843,0.000000,-0.021551,-1.029757,-0.171843,1,1,1,2.158370,0.000000,0.000000,0.000000,0.000000,0.000000,0.000000,0.000000
5.1401,1.105154,-0.161068,-0.014372,0.000000,0.028535,-0.021551,1,-1.029757,166,0.103455,0.018169,1.105154,0.001466,-1.069627,-0.014372,1.105154,-1.043589,-0.014372,-0.161068,0.000000,0.013045,-0.418292,-34.168916,0.026038,0.000000,0.000000,0.002028,0.000026,0.000000,0.103455,0.018169,-9.809438,-0.004090,-0.013641,-0.000006,0.366035,0.009525,27.000000,0.013045,1.105154,0.001466,-0.161068,0.000000,0.026000,0.000000,57,0,1,32,30,0.011787,-0.008179,-0.014272,-0.173559,0.132951,10.077766,-1.204761,0.009525,0.010113,6,1,0,0.000000,0,-1.029757,0.000000,0.028535,0,-0.171843,0.000000,-0.021551,-1.029757,-0.171843,1,1,1,2.158424,0.000000,0.000000,0.000000,0.000000,0.000000,0.000000,0.000000
5.1501,1.105154,-0.161068,0.001856,0.000000,0.028338,-0.021551,1,-1.029757,175,0.103400,0.018021,1.105154,0.001466,-1.069684,0.001856,1.105154,-1.043645,0.001856,-0.161068,0.000000,0.013034,-0.418292,-34.168916,0.026038,-0.001000,0.000027,0.003914,-0.000000,0.000027,0.103400,0.018021,-9.809438,0.004531,0.000266,-0.001000,0.365979,0.009529,27.000000,0.013045,1.105154,0.001466,-0.161068,0.000000,0.026000,-0.001000,62,0,1,32,30,0.001105,0.004414,0.000799,0.160880,-0.242513,9.519127,-1.204818,0.009529,0.010110,7,1,0,0.000000,0,-1.029757,0.000000,0.028338,0,-0.171843,0.000000,-0.021551,-1.029757,-0.171843,1,1,1,2.158479,0.000000,0.000000,0.000000,0.000000,0.000000,0.000000,0.000000
5.1601,1.105154,-0.161068,0.007465,0.000000,0.026664,-0.021551,1,-1.029757,185,0.104027,0.018588,1.105154,0.001466,-1.069595,0.007465,1.105154,-1.043553,0.007465,-0.161068,0.000000,0.013043,-0.418292,-34.168916,0.026043,0.000000,0.000005,0.003996,-0.000015,0.000005,0.104027,0.018588,-9.809431,0.012521,0.002785,0.000000,0.366071,0.009471,27.000000,0.013045,1.105154,0.001466,-0.161068,0.000000,0.026000,0.000000,67,0,1,32,30,0.001098,0.012876,0.007297,-0.077469,-0.208047,9.816000,-1.204725,0.009471,0.010164,6,1,0,0.000000,0,-1.029757,0.000000,0.026664,0,-0.171843,0.000000,-0.021551,-1.029757,-0.171843,1,1,1,2.158533,0.000000,0.000000,0.000000,0.000000,0.000000,0.000000,0.000000
5.1701,1.104962,-0.161068,-0.007726,0.000000,0.027844,-0.021551,1,-1.029757,195,0.103957,0.018414,1.104962,0.000419,-1.069612,-0.007726,1.104962,-1.043574,-0.007726,-0.161068,0.000000,0.013045,-0.418292,-34.168916,0.026038,0.000000,0.000000,0.002082,-0.000177,0.000000,0.103957,0.018414,-9.809432,0.003354,-0.002340,0.000002,0.366050,0.009492,27.000000,0.013045,1.104962,0.000419,-0.161068,0.000000,0.026000,0.000000,72,0,1,32,30,0.003239,0.002396,-0.007756,0.152467,0.081899,10.355008,-1.204746,0.009492,0.010159,6,1,0,0.000000,0,-1.029757,0.000000,0.027844,0,-0.171843,0.000000,-0.021551,-1.029757,-0.171843,1,1,1,2.158587,0.000000,0.000000,0.000000,0.000000,0.000000,0.000000,0.000000
5.1801,1.105154,-0.161068,0.009283,0.000000,0.027733,-0.021551,1,-1.029757,204,0.103766,0.018339,1.105154,-0.000419,-1.069620,0.009283,1.105154,-1.043582,0.009283,-0.161068,0.000000,0.013045,-0.418292,-34.168916,0.026038,0.000000,0.000000,0.001848,-0.000055,0.000000,0.103766,0.018339,-9.809434,0.000889,-0.003124,-0.000000,0.366042,0.009503,27.000000,0.013045,1.105154,-0.000419,-0.161068,0.000000,0.026000,0.000000,77,0,1,32,30,0.003246,0.000032,0.009283,0.024901,0.068110,9.139341,-1.204754,0.009503,0.010142,7,1,0,0.000000,0,-1.029757,0.000000,0.027733,0,-0.171843,0.000000,-0.021551,-1.029757,-0.171843,1,1,1,2.158640,0.000000,0.000000,0.000000,0.000000,0.000000,0.000000,0.000000
5.1901,1.105058,-0.161068,0.000698,0.000000,0.027015,-0.021551,1,-1.029757,215,0.104307,0.018712,1.105058,0.001466,-1.069568,0.000698,1.105058,-1.043529,0.000698,-0.161068,0.000000,0.013045,-0.418292,-34.168916,0.026038,0.000000,0.000000,0.003904,-0.000014,0.000000,0.104307,0.018712,-9.809428,-0.002227,0.000372,-0.000002,0.366095,0.009456,27.000000,0.013045,1.105058,0.001466,-0.161068,0.000000,0.026000,0.000000,82,0,1,32,30,-0.001023,-0.002003,0.000723,-0.306426,0.184949,10.508872,-1.204701,0.009456,0.010190,7,1,0,0.000000,0,-1.029757,0.000000,0.027015,0,-0.171843,0.000000,-0.021551,-1.029757,-0.171843,1,1,1,2.158694,0.000000,0.000000,0.000000,0.000000,0.000000,0.000000,0.000000
5.2001,1.105154,-0.161068,-0.005594,0.000000,0.028561,-0.021551,1,-1.029757,224,0.104434,0.018675,1.105154,0.000419,-1.069652,-0.005594,1.105154,-1.043614,-0.005594,-0.161068,0.000000,0.013045,-0.418292,-34.168916,0.026039,0.000000,0.000000,0.003840,0.000048,0.000000,0.104434,0.018675,-9.809426,0.003300,-0.002359,0.000002,0.366010,0.009458,27.000000,0.013045,1.105154,0.000419,-0.161068,0.000000,0.026000,0.000000,87,0,1,32,30,0.003240,0.002368,-0.005623,0.093838,-0.081999,9.683393,-1.204786,0.009458,0.010203,7,1,0,0.000000,0,-1.029757,0.000000,0.028561,0,-0.171843,0.000000,-0.021551,-1.029757,-0.171843,1,1,1,2.158747,0.000000,0.000000,0.000000,0.000000,0.000000,0.000000,0.000000
5.2101,1.105057,-0.161068,-0.010127,0.000000,0.028588,-0.021551,1,-1.029757,232,0.104020,0.017916,1.105057,-0.000419,-1.069718,-0.010127,1.105058,-1.043687,-0.010127,-0.161068,0.000000,0.012988,-0.418292,-34.168916,0.026031,0.000000,0.000136,0.002039,-0.000077,0.000136,0.104020,0.017916,-9.809432,-0.009365,0.002599,0.000000,0.365937,0.009484,27.000000,0.013045,1.105058,-0.000419,-0.161068,0.000000,0.026000,0.000000,92,0,1,32,30,-0.005289,-0.008285,-0.010021,-0.105110,0.267462,10.806515,-1.204859,0.009484,0.010174,7,1,0,0.000000,0,-1.029757,0.000000,0.028588,0,-0.171843,0.000000,-0.021551,-1.029757,-0.171843,1,1,1,2.158801,0.000000,0.000000,0.000000,0.000000,0.000000,0.000000,0.000000
5.2201,1.105250,-0.161068,-0.003412,0.000000,0.027704,-0.021551,1,-1.029757,243,0.104612,0.018751,1.105250,-0.000419,-1.069710,-0.003412,1.105250,-1.043674,-0.003412,-0.161068,0.000000,0.013018,-0.418292,-34.168916,0.026036,0.000000,0.000065,0.002013,0.000104,0.000065,0.104612,0.018751,-9.809424,0.003347,0.004370,0.000000,0.365950,0.009420,27.000000,0.013045,1.105250,-0.000419,-0.161068,0.000000,0.026000,0.000000,97,0,1,32,30,-0.003166,0.004458,-0.003471,0.094228,-0.187299,9.691905,-1.204846,0.009420,0.010220,7,1,0,0.000000,0,-1.029757,0.000000,0.027704,0,-0.171843,0.000000,-0.021551,-1.029757,-0.171843,1,1,1,2.158854,0.000000,0.000000,0.000000,0.000000,0.000000,0.000000,0.000000
5.2301,1.105154,-0.161068,0.015884,0.000000,0.028121,-0.021551,1,-1.029757,252,0.105053,0.019262,1.105154,0.000419,-1.069737,0.015884,1.105154,-1.043698,0.015884,-0.161068,0.000000,0.013045,-0.418292,-34.168916,0.026039,0.000000,0.000000,0.004011,0.000019,0.000000,0.105053,0.019262,-9.809419,0.008878,-0.000605,0.000007,0.365926,0.009389,27.000000,0.013045,1.105154,0.000419,-0.161068,0.000000,0.026000,0.000000,102,0,1,32,30,0.003239,0.008495,0.015781,-0.040720,-0.182540,9.299479,-1.204870,0.009389,0.010256,6,1,0,0.000000,0,-1.029757,0.000000,0.028121,0,-0.171843,0.000000,-0.021551,-1.029757,-0.171843,1,1,1,2.158907,0.000000,0.000000,0.000000,0.000000,0.000000,0.000000,0.000000
5.2401,1.105058,-0.161068,0.006942,0.000000,0.027727,-0.021551,1,-1.029757,6,0.104709,0.019217,1.105058,0.000419,-1.069724,0.006942,1.105058,-1.043685,0.006942,-0.161068,0.000000,0.013045,-0.418292,-34.168916,0.026039,0.000000,0.000000,0.002149,-0.000109,0.000000,0.104709,0.019217,-9.809422,-0.008499,-0.001609,-0.000007,0.365939,0.009399,27.000000,0.013045,1.105058,0.000419,-0.161068,0.000000,0.026000,0.000000,107,0,1,32,30,-0.001014,-0.008499,0.007047,0.038657,0.266007,10.931008,-1.204857,0.009399,0.010222,7,1,0,0.000000,0,-1.029757,0.000000,0.027727,0,-0.171843,0.000000,-0.021551,-1.029757,-0.171843,1,1,1,2.158960,0.000000,0.000000,0.000000,0.000000,0.000000,0.000000,0.000000
5.2501,1.105154,-0.161068,-0.007529,0.000000,0.027117,-0.021551,1,-1.029757,16,0.105025,0.019492,1.105154,0.000419,-1.069663,-0.007529,1.105154,-1.043623,-0.007529,-0.161068,0.000000,0.013045,-0.418292,-34.168916,0.026039,0.000000,0.000000,0.002154,0.000004,0.000000,0.105025,0.019492,-9.809418,0.008919,0.008368,0.000009,0.366001,0.009366,27.000000,0.013045,1.105154,0.000419,-0.161068,0.000000,0.026000,0.000000,112,0,1,32,30,-0.005308,0.010919,-0.007664,-0.012321,-0.265990,9.088108,-1.204795,0.009366,0.010249,7,1,0,0.000000,0,-1.029757,0.000000,0.027117,0,-0.171843,0.000000,-0.021551,-1.029757,-0.171843,1,1,1,2.159013,0.000000,0.000000,0.000000,0.000000,0.000000,0.000000,0.000000
5.2601,1.105058,-0.161068,-0.005442,0.000000,0.027198,-0.021551,1,-1.029757,26,0.105524,0.019707,1.105058,0.000419,-1.069619,-0.005442,1.105058,-1.043579,-0.005442,-0.161068,0.000000,0.013045,-0.418292,-34.168916,0.026040,0.000000,0.000000,0.003999,-0.000131,0.000000,0.105524,0.019707,-9.809413,0.008766,0.001605,0.000006,0.366045,0.009336,27.000000,0.013045,1.105058,0.000419,-0.161068,0.000000,0.026000,0.000000,117,0,1,32,30,0.001098,0.008772,-0.005550,-0.210097,-0.006475,10.526152,-1.204751,0.009336,0.010296,7,1,0,0.000000,0,-1.029757,0.000000,0.027198,0,-0.171843,0.000000,-0.021551,-1.029757,-0.171843,1,1,1,2.159065,0.000000,0.000000,0.000000,0.000000,0.000000,0.000000,0.000000
5.2701,1.105154,-0.161068,-0.009856,0.000000,0.029046,-0.021551,1,-1.029757,36,0.105429,0.019401,1.105154,0.000419,-1.069735,-0.009856,1.105154,-1.043696,-0.009856,-0.161068,0.000000,0.013045,-0.418292,-34.168916,0.026040,0.000000,0.000000,0.002036,0.000023,0.000000,0.105429,0.019401,-9.809414,0.004053,-0.004358,0.000002,0.365928,0.009369,27.000000,0.013045,1.105154,0.000419,-0.161068,0.000000,0.026000,0.000000,122,0,1,32,30,0.005373,0.002431,-0.009888,0.190057,0.037763,10.057905,-1.204868,0.009369,0.010291,6,1,0,0.000000,0,-1.029757,0.000000,0.029046,0,-0.171843,0.000000,-0.021551,-1.029757,-0.171843,1,1,1,2.159118,0.000000,0.000000,0.000000,0.000000,0.000000,0.000000,0.000000
5.2801,1.105154,-0.161068,0.015567,0.000000,0.027792,-0.021551,1,-1.029757,46,0.105311,0.019610,1.105154,0.000419,-1.069728,0.015567,1.105154,-1.043689,0.015567,-0.161068,0.000000,0.013045,-0.418292,-34.168916,0.026040,0.000000,0.000000,0.004000,-0.000030,0.000000,0.105311,0.019610,-9.809415,-0.007222,0.007745,-0.000004,0.365936,0.009350,27.000000,0.013045,1.105154,0.000419,-0.161068,0.000000,0.026000,0.000000,127,0,1,32,30,-0.009555,-0.004363,0.015622,-0.210553,0.193266,10.614292,-1.204861,0.009350,0.010276,6,1,0,0.000000,0,-1.029757,0.000000,0.027792,0,-0.171843,0.000000,-0.021551,-1.029757,-0.171843,1,1,1,2.159170,0.000000,0.000000,0.000000,0.000000,0.000000,0.000000,0.000000
5.2901,1.105154,-0.161068,0.009332,0.000000,0.027078,-0.021551,1,-1.029757,56,0.106137,0.020088,1.105154,0.000419,-1.069664,0.009332,1.105154,-1.043623,0.009332,-0.161068,0.000000,0.013045,-0.418292,-34.168916,0.026041,0.000000,0.000000,0.001995,0.000006,0.000000,0.106137,0.020088,-9.809405,0.002280,-0.000446,0.000002,0.366001,0.009288,27.000000,0.013045,1.105154,0.000419,-0.161068,0.000000,0.026000,0.000000,132,0,1,32,30,0.001110,0.002163,0.009306,-0.182611,0.083604,10.201680,-1.204795,0.009288,0.010351,6,1,0,0.000000,0,-1.029757,0.000000,0.027078,0,-0.171843,0.000000,-0.021551,-1.029757,-0.171843,1,1,1,2.159222,0.000000,0.000000,0.000000,0.000000,0.000000,0.000000,0.000000
5.3001,1.105154,-0.161068,-0.016358,0.000000,0.029213,-0.021551,1,-1.029757,66,0.105953,0.020048,1.105154,-0.000419,-1.069787,-0.016358,1.105154,-1.043746,-0.016358,-0.161068,0.000000,0.013045,-0.418292,-34.168916,0.026040,0.000000,0.000000,0.001999,0.000025,0.000000,0.105953,0.020048,-9.809407,-0.000508,-0.003557,-0.000001,0.365878,0.009295,27.000000,0.013045,1.105154,-0.000419,-0.161068,0.000000,0.026000,0.000000,137,0,1,32,30,0.003241,-0.001764,-0.016338,0.177611,-0.260114,8.619340,-1.204919,0.009295,0.010334,7,1,0,0.000000,0,-1.029757,0.000000,0.029213,0,-0.171843,0.000000,-0.021551,-1.029757,-0.171843,1,1,1,2.159274,0.000000,0.000000,0.000000,0.000000,0.000000,0.000000,0.000000
5.3101,1.105154,-0.161068,0.000696,0.000000,0.027437,-0.021551,1,-1.029757,76,0.105702,0.020098,1.105154,-0.000419,-1.069742,0.000696,1.105154,-1.043701,0.000696,-0.161068,0.000000,0.013045,-0.418292,-34.168916,0.026040,0.000000,0.000000,0.002001,-0.000011,0.000000,0.105702,0.020098,-9.809410,-0.002873,0.002407,-0.000001,0.365923,0.009294,27.000000,0.013045,1.105154,-0.000419,-0.161068,0.000000,0.026000,0.000000,142,0,1,32,30,-0.003158,-0.002009,0.000721,0.019315,0.125749,10.671185,-1.204873,0.009294,0.010308,6,1,0,0.000000,0,-1.029757,0.000000,0.027437,0,-0.171843,0.000000,-0.021551,-1.029757,-0.171843,1,1,1,2.159326,0.000000,0.000000,0.000000,0.000000,0.000000,0.000000,0.000000
5.3201,1.105154,-0.161068,-0.007563,0.000000,0.027441,-0.021551,1,-1.029757,86,0.106259,0.020502,1.105154,0.000419,-1.069700,-0.007563,1.105154,-1.043664,-0.007563,-0.161068,0.000000,0.013037,-0.418292,-34.168916,0.026036,0.000000,0.000020,0.004055,0.000011,0.000020,0.106259,0.020502,-9.809403,0.010758,-0.004482,0.000000,0.365961,0.009236,27.000000,0.013045,1.105154,0.000419,-0.161068,0.000000,0.026000,0.000000,147,0,1,32,30,0.007501,0.008819,-0.007678,-0.022491,-0.074992,9.109161,-1.204836,0.009236,0.010357,7,1,0,0.000000,0,-1.029757,0.000000,0.027441,0,-0.171843,0.000000,-0.021551,-1.029757,-0.171843,1,1,1,2.159378,0.000000,0.000000,0.000000,0.000000,0.000000,0.000000,0.000000
5.3301,1.105058,-0.161068,-0.007825,0.000000,0.028813,-0.021551,1,-1.029757,96,0.106343,0.020498,1.105058,-0.001466,-1.069788,-0.007825,1.105058,-1.043747,-0.007825,-0.161068,0.000000,0.013045,-0.418292,-34.168916,0.026041,0.000000,0.000000,0.002015,-0.000069,0.000000,0.106343,0.020498,-9.809402,0.000571,-0.007696,-0.000001,0.365877,0.009243,27.000000,0.013045,1.105058,-0.001466,-0.161068,0.000000,0.026000,0.000000,152,0,1,32,30,0.007513,-0.001865,-0.007802,0.000362,-0.082150,10.468105,-1.204919,0.009243,0.010365,6,1,0,0.000000,0,-1.029757,0.000000,0.028813,0,-0.171843,0.000000,-0.021551,-1.029757,-0.171843,1,1,1,2.159429,0.000000,0.000000,0.000000,0.000000,0.000000,0.000000,0.000000
5.3401,1.104962,-0.161068,0.011560,0.000000,0.028529,-0.021551,1,-1.029757,106,0.106039,0.020369,1.104962,0.002513,-1.069834,0.011560,1.104962,-1.043793,0.011560,-0.161068,0.000000,0.013045,-0.418292,-34.168916,0.026041,0.000000,0.000000,0.001850,-0.000116,0.000000,0.106039,0.020369,-9.809406,0.003716,0.008961,0.000004,0.365832,0.009261,27.000000,0.013045,1.104962,0.002513,-0.161068,0.000000,0.026000,0.000000,157,0,1,32,30,-0.007433,0.006384,0.011482,0.216944,-0.151948,9.156396,-1.204965,0.009261,0.010337,6,1,0,0.000000,0,-1.029757,0.000000,0.028529,0,-0.171843,0.000000,-0.021551,-1.029757,-0.171843,1,1,1,2.159480,0.000000,0.000000,0.000000,0.000000,0.000000,0.000000,0.000000
5.3501,1.105154,-0.161068,0.009230,0.000000,0.027201,-0.021551,1,-1.029757,118,0.106660,0.020587,1.105154,0.000419,-1.069762,0.009230,1.105154,-1.043720,0.009230,-0.161068,0.000000,0.013045,-0.418292,-34.168916,0.026041,0.000000,0.000000,0.001994,-0.000116,0.000000,0.106660,0.020587,-9.809399,-0.001794,-0.001732,-0.000002,0.365904,0.009229,27.000000,0.013045,1.105154,0.000419,-0.161068,0.000000,0.026000,0.000000,162,0,1,32,30,0.001114,-0.002111,0.009256,-0.212765,0.184275,9.791143,-1.204893,0.009229,0.010396,6,1,0,0.000000,0,-1.029757,0.000000,0.027201,0,-0.171843,0.000000,-0.021551,-1.029757,-0.171843,1,1,1,2.159531,0.000000,0.000000,0.000000,0.000000,0.000000,0.000000,0.000000
5.3601,1.105058,-0.161068,0.001737,0.000000,0.028747,-0.021551,1,-1.029757,126,0.106986,0.020563,1.105058,-0.000419,-1.069830,0.001737,1.105058,-1.043789,0.001737,-0.161068,0.000000,0.013045,-0.418292,-34.168916,0.026042,0.001000,0.000000,0.002011,-0.000078,0.000000,0.106986,0.020563,-9.809395,-0.003124,-0.011104,0.000996,0.365835,0.009226,27.000000,0.013045,1.105058,-0.000419,-0.161068,0.000000,0.026000,0.001000,167,0,1,32,30,0.009655,-0.006275,0.002815,-0.440259,0.448370,10.855967,-1.204961,0.009226,0.010429,6,1,0,0.000000,0,-1.029757,0.000000,0.028747,0,-0.171843,0.000000,-0.021551,-1.029757,-0.171843,1,1,1,2.159582,0.000000,0.000000,0.000000,0.000000,0.000000,0.000000,0.000000
5.3701,1.105156,-0.161068,0.017910,0.000000,0.028107,-0.021551,1,-1.029757,136,0.106396,0.019991,1.105156,-0.000419,-1.069846,0.017910,1.105154,-1.043792,0.017910,-0.161068,0.000000,0.012993,-0.418292,-34.168916,0.026053,0.000000,0.000125,0.002016,0.000075,0.000125,0.106396,0.019991,-9.809403,0.002167,0.006231,0.000000,0.365832,0.009241,27.000000,0.013045,1.105154,-0.000419,-0.161068,0.000000,0.026000,0.000000,172,0,1,32,30,-0.005294,0.004168,0.017858,0.140915,-0.210539,9.251463,-1.204964,0.009241,0.010379,7,1,0,0.000000,0,-1.029757,0.000000,0.028107,0,-0.171843,0.000000,-0.021551,-1.029757,-0.171843,1,1,1,2.159634,0.000000,0.000000,0.000000,0.000000,0.000000,0.000000,0.000000
5.3801,1.105250,-0.161068,0.000691,0.000000,0.027516,-0.021551,1,-1.029757,147,0.106918,0.020928,1.105250,-0.000419,-1.069788,0.000691,1.105250,-1.043746,0.000691,-0.161068,0.000000,0.013045,-0.418292,-34.168916,0.026042,0.000000,0.000000,0.003866,0.000091,0.000000,0.106918,0.020928,-9.809395,-0.004810,0.008511,-0.000002,0.365878,0.009191,27.000000,0.013045,1.105250,-0.000419,-0.161068,0.000000,0.026000,0.000000,177,0,1,32,30,-0.009562,-0.002028,0.000715,-0.114301,0.190490,10.844017,-1.204918,0.009191,0.010416,6,1,0,0.000000,0,-1.029757,0.000000,0.027516,0,-0.171843,0.000000,-0.021551,-1.029757,-0.171843,1,1,1,2.159684,0.000000,0.000000,0.000000,0.000000,0.000000,0.000000,0.000000
5.3901,1.105058,-0.161068,-0.016409,0.000000,0.028551,-0.021551,1,-1.029757,156,0.107442,0.021178,1.105058,0.000419,-1.069836,-0.016409,1.105058,-1.043794,-0.016409,-0.161068,0.000000,0.013045,-0.418292,-34.168916,0.026042,0.000000,0.000000,0.001999,-0.000071,0.000000,0.107442,0.021178,-9.809389,-0.002545,-0.004200,-0.000003,0.365830,0.009157,27.000000,0.013045,1.105058,0.000419,-0.161068,0.000000,0.026000,0.000000,182,0,1,32,30,0.003243,-0.003901,-0.016363,0.006199,-0.197396,8.954823,-1.204966,0.009157,0.010465,6,1,0,0.000000,0,-1.029757,0.000000,0.028551,0,-0.171843,0.000000,-0.021551,-1.029757,-0.171843,1,1,1,2.159735,0.000000,0.000000,0.000000,0.000000,0.000000,0.000000,0.000000
5.4001,1.105154,-0.161068,0.005116,0.000000,0.029123,-0.021551,1,-1.029757,167,0.107240,0.021060,1.105154,0.000419,-1.069923,0.005116,1.105154,-1.043881,0.005116,-0.161068,0.000000,0.013045,-0.418292,-34.168916,0.026042,0.000000,0.000000,0.002001,0.000002,0.000000,0.107240,0.021060,-9.809391,0.003779,0.002266,0.000003,0.365743,0.009172,27.000000,0.013045,1.105154,0.000419,-0.161068,0.000000,0.026000,0.000000,187,0,1,32,30,-0.001029,0.004351,0.005063,-0.010160,-0.106128,10.085040,-1.205053,0.009172,0.010447,7,1,0,0.000000,0,-1.029757,0.000000,0.029123,0,-0.171843,0.000000,-0.021551,-1.029757,-0.171843,1,1,1,2.159786,0.000000,0.000000,0.000000,0.000000,0.000000,0.000000,0.000000
5.4101,1.105058,-0.161068,0.005111,0.000000,0.028288,-0.021551,1,-1.029757,177,0.107376,0.021451,1.105058,0.001466,-1.069927,0.005111,1.105058,-1.043885,0.005111,-0.161068,0.000000,0.013045,-0.418292,-34.168916,0.026042,0.000000,0.000000,0.003830,-0.000116,0.000000,0.107376,0.021451,-9.809389,0.001840,0.008370,0.000003,0.365740,0.009131,27.000000,0.013045,1.105058,0.001466,-0.161068,0.000000,0.026000,0.000000,192,0,1,32,30,-0.007432,0.004332,0.005058,0.123742,0.025572,10.268289,-1.205056,0.009131,0.010454,6,1,0,0.000000,0,-1.029757,0.000000,0.028288,0,-0.171843,0.000000,-0.021551,-1.029757,-0.171843,1,1,1,2.159836,0.000000,0.000000,0.000000,0.000000,0.000000,0.000000,0.000000
5.4201,1.105250,-0.161068,-0.002484,0.000000,0.028464,-0.021551,1,-1.029757,186,0.107838,0.021777,1.105250,0.000419,-1.069945,-0.002484,1.105250,-1.043902,-0.002484,-0.161068,0.000000,0.013045,-0.418292,-34.168916,0.026043,0.001000,0.000000,0.002020,0.000097,0.000000,0.107838,0.021777,-9.809383,-0.003565,-0.002287,0.000997,0.365723,0.009090,27.000000,0.013045,1.105250,0.000419,-0.161068,0.000000,0.026000,0.001000,197,0,1,32,30,0.001113,-0.004106,-0.001434,-0.118251,0.019752,9.177045,-1.205074,0.009090,0.010495,7,1,0,0.000000,0,-1.029757,0.000000,0.028464,0,-0.171843,0.000000,-0.021551,-1.029757,-0.171843,1,1,1,2.159887,0.000000,0.000000,0.000000,0.000000,0.000000,0.000000,0.000000
5.4301,1.105154,-0.161068,-0.011987,0.000000,0.029166,-0.021551,1,-1.029757,196,0.107867,0.021475,1.105154,0.000419,-1.070011,-0.011987,1.105154,-1.043975,-0.011987,-0.161068,0.000000,0.013038,-0.418292,-34.168916,0.026036,0.000000,0.000017,0.003912,-0.000060,0.000017,0.107867,0.021475,-9.809383,0.004106,-0.004341,0.000000,0.365649,0.009113,27.000000,0.013045,1.105154,0.000419,-0.161068,0.000000,0.026000,0.000000,1,0,1,32,30,0.005372,0.002459,-0.012021,-0.106389,0.207244,10.260395,-1.205147,0.009113,0.010503,6,1,0,0.000000,0,-1.029757,0.000000,0.029166,0,-0.171843,0.000000,-0.021551,-1.029757,-0.171843,1,1,1,2.159938,0.000000,0.000000,0.000000,0.000000,0.000000,0.000000,0.000000
5.4401,1.105154,-0.161068,-0.001137,0.000000,0.028389,-0.021551,1,-1.029757,206,0.107736,0.021658,1.105154,0.002513,-1.070014,-0.001137,1.105154,-1.043971,-0.001137,-0.161068,0.000000,0.013045,-0.418292,-34.168916,0.026043,0.000000,0.000000,0.003997,-0.000117,0.000000,0.107736,0.021658,-9.809384,0.006821,0.014420,0.000008,0.365653,0.009104,27.000000,0.013045,1.105154,0.002513,-0.161068,0.000000,0.026000,0.000000,6,0,1,32,30,-0.011710,0.010816,-0.001270,0.130056,-0.167112,8.830792,-1.205143,0.009104,0.010487,6,1,0,0.000000,0,-1.029757,0.000000,0.028389,0,-0.171843,0.000000,-0.021551,-1.029757,-0.171843,1,1,1,2.159989,0.000000,0.000000,0.000000,0.000000,0.000000,0.000000,0.000000
5.4501,1.105154,-0.161068,-0.005844,0.000000,0.028845,-0.021551,1,-1.029757,215,0.108293,0.022039,1.105154,0.000419,-1.070049,-0.005844,1.105154,-1.044006,-0.005844,-0.161068,0.000000,0.013045,-0.418292,-34.168916,0.026043,0.000000,0.000000,0.002001,0.000003,0.000000,0.108293,0.022039,-9.809377,-0.004949,-0.011676,-0.000006,0.365619,0.009056,27.000000,0.013045,1.105154,0.000419,-0.161068,0.000000,0.026000,0.000000,11,0,1,32,30,0.009655,-0.008298,-0.005742,-0.266537,0.252982,11.198652,-1.205178,0.009056,0.010537,7,1,0,0.000000,0,-1.029757,0.000000,0.028845,0,-0.171843,0.000000,-0.021551,-1.029757,-0.171843,1,1,1,2.160039,0.000000,0.000000,0.000000,0.000000,0.000000,0.000000,0.000000
5.4601,1.105058,-0.161068,-0.016360,0.000000,0.029712,-0.021551,1,-1.029757,225,0.108469,0.022156,1.105058,-0.000419,-1.070151,-0.016360,1.105058,-1.044107,-0.016360,-0.161068,0.000000,0.013045,-0.418292,-34.168916,0.026044,0.000000,0.000000,0.001991,-0.000061,0.000000,0.108469,0.022156,-9.809375,-0.001154,-0.001522,-0.000001,0.365518,0.009042,27.000000,0.013045,1.105058,-0.000419,-0.161068,0.000000,0.026000,0.000000,16,0,1,32,30,0.001106,-0.001770,-0.016340,0.141061,-0.230016,9.279978,-1.205279,0.009042,0.010552,6,1,0,0.000000,0,-1.029757,0.000000,0.029712,0,-0.171843,0.000000,-0.021551,-1.029757,-0.171843,1,1,1,2.160089,0.000000,0.000000,0.000000,0.000000,0.000000,0.000000,0.000000
5.4701,1.105154,-0.161068,0.009483,0.000000,0.028618,-0.021551,1,-1.029757,235,0.108281,0.022188,1.105154,-0.003560,-1.070144,0.009483,1.105154,-1.044100,0.009483,-0.161068,0.000000,0.013045,-0.418292,-34.168916,0.026044,0.000000,0.000000,0.003926,-0.000012,0.000000,0.108281,0.022188,-9.809377,0.007101,0.005551,0.000005,0.365525,0.009042,27.000000,0.013045,1.105154,-0.003560,-0.161068,0.000000,0.026000,0.000000,21,0,1,32,30,-0.003166,0.008562,0.009377,0.111529,-0.150944,9.070204,-1.205272,0.009042,0.010533,7,1,0,0.000000,0,-1.029757,0.000000,0.028618,0,-0.171843,0.000000,-0.021551,-1.029757,-0.171843,1,1,1,2.160140,0.000000,0.000000,0.000000,0.000000,0.000000,0.000000,0.000000
5.4801,1.105154,-0.161068,0.001007,0.000000,0.027752,-0.021551,1,-1.029757,244,0.108710,0.022597,1.105154,0.000419,-1.070067,0.001007,1.105154,-1.044022,0.001007,-0.161068,0.000000,0.013040,-0.418292,-34.168916,0.026045,0.000000,0.000011,0.003983,-0.000025,0.000011,0.108710,0.022597,-9.809372,0.008060,0.010333,0.000000,0.365603,0.008989,27.000000,0.013045,1.105154,0.000419,-0.161068,0.000000,0.026000,0.000000,26,0,1,32,30,-0.007440,0.010800,0.000866,0.217056,-0.312498,8.992085,-1.205194,0.008989,0.010569,6,1,0,0.000000,0,-1.029757,0.000000,0.027752,0,-0.171843,0.000000,-0.021551,-1.029757,-0.171843,1,1,1,2.160191,0.000000,0.000000,0.000000,0.000000,0.000000,0.000000,0.000000
5.4901,1.105154,-0.161068,-0.005696,0.000000,0.029100,-0.021551,1,-1.029757,254,0.109250,0.022730,1.105154,0.000419,-1.070114,-0.005696,1.105154,-1.044070,-0.005696,-0.161068,0.000000,0.013045,-0.418292,-34.168916,0.026045,0.000000,0.000000,0.002002,0.000012,0.000000,0.109250,0.022730,-9.809365,-0.000775,-0.003644,-0.000001,0.365555,0.008971,27.000000,0.013045,1.105154,0.000419,-0.161068,0.000000,0.026000,0.000000,31,0,1,32,30,0.003244,-0.001906,-0.005673,-0.156066,0.046061,9.368692,-1.205242,0.008971,0.010621,7,1,0,0.000000,0,-1.029757,0.000000,0.029100,0,-0.171843,0.000000,-0.021551,-1.029757,-0.171843,1,1,1,2.160240,0.000000,0.000000,0.000000,0.000000,0.000000,0.000000,0.000000
5.5001,1.105250,-0.161068,-0.013044,0.000000,0.029236,-0.021551,1,-1.029757,8,0.108848,0.022495,1.105250,-0.000419,-1.070165,-0.013044,1.105250,-1.044121,-0.013044,-0.161068,0.000000,0.013045,-0.418292,-34.168916,0.026044,0.001000,0.000000,0.001999,0.000007,0.000000,0.108848,0.022495,-9.809370,0.000777,-0.000914,0.001000,0.365504,0.009001,27.000000,0.013045,1.105250,-0.000419,-0.161068,0.000000,0.026000,0.001000,36,0,1,32,30,0.001105,0.000310,-0.012049,-0.095496,0.267231,10.825660,-1.205292,0.009001,0.010585,6,1,0,0.000000,0,-1.029757,0.000000,0.029236,0,-0.171843,0.000000,-0.021551,-1.029757,-0.171843,1,1,1,2.160291,0.000000,0.000000,0.000000,0.000000,0.000000,0.000000,0.000000
5.5101,1.105154,-0.161068,0.009426,0.000000,0.029349,-0.021551,1,-1.029757,17,0.109220,0.022916,1.105154,0.000419,-1.070217,0.009426,1.105154,-1.044172,0.009426,-0.161068,0.000000,0.013045,-0.418292,-34.168916,0.026045,0.000000,0.000000,0.004011,-0.000003,0.000000,0.109220,0.022916,-9.809365,0.003125,0.011012,0.000004,0.365452,0.008953,27.000000,0.013045,1.105154,0.000419,-0.161068,0.000000,0.026000,0.000000,41,0,1,32,30,-0.009568,0.006406,0.009347,0.179247,-0.333292,9.125837,-1.205344,0.008953,0.010615,6,1,0,0.000000,0,-1.029757,0.000000,0.029349,0,-0.171843,0.000000,-0.021551,-1.029757,-0.171843,1,1,1,2.160341,0.000000,0.000000,0.000000,0.000000,0.000000,0.000000,0.000000
5.5201,1.105250,-0.161068,-0.001700,0.000000,0.028944,-0.021551,1,-1.029757,25,0.109447,0.022989,1.105250,0.000419,-1.070226,-0.001700,1.105250,-1.044182,-0.001700,-0.161068,0.000000,0.013043,-0.418292,-34.168916,0.026044,0.000000,0.000006,0.002007,0.000106,0.000006,0.109447,0.022989,-9.809363,-0.012361,-0.002823,0.000000,0.365443,0.008939,27.000000,0.013045,1.105250,0.000419,-0.161068,0.000000,0.026000,0.000000,46,0,1,32,30,-0.001013,-0.012660,-0.001535,-0.257704,0.237397,10.911387,-1.205354,0.008939,0.010637,7,1,0,0.000000,0,-1.029757,0.000000,0.028944,0,-0.171843,0.000000,-0.021551,-1.029757,-0.171843,1,1,1,2.160391,0.000000,0.000000,0.000000,0.000000,0.000000,0.000000,0.000000
5.5301,1.105154,-0.161068,-0.005747,0.000000,0.029619,-0.021551,1,-1.029757,36,0.109600,0.022926,1.105154,-0.001466,-1.070291,-0.005747,1.105154,-1.044246,-0.005747,-0.161068,0.000000,0.013045,-0.418292,-34.168916,0.026045,0.000000,0.000000,0.004003,0.000033,0.000000,0.109600,0.022926,-9.809361,-0.002812,-0.004287,-0.000003,0.365378,0.008946,27.000000,0.013045,1.105154,-0.001466,-0.161068,0.000000,0.026000,0.000000,51,0,1,32,30,0.003246,-0.004043,-0.005698,0.093062,-0.144456,9.319089,-1.205418,0.008946,0.010653,6,1,0,0.000000,0,-1.029757,0.000000,0.029619,0,-0.171843,0.000000,-0.021551,-1.029757,-0.171843,1,1,1,2.160440,0.000000,0.000000,0.000000,0.000000,0.000000,0.000000,0.000000
5.5401,1.105154,-0.161068,0.003135,0.000000,0.029372,-0.021551,1,-1.029757,46,0.109810,0.023229,1.105154,-0.000419,-1.070324,0.003135,1.105154,-1.044279,0.003135,-0.161068,0.000000,0.013045,-0.418292,-34.168916,0.026045,0.000000,0.000000,0.002007,0.000004,0.000000,0.109810,0.023229,-9.809358,0.009298,0.006246,0.000008,0.365346,0.008912,27.000000,0.013045,1.105154,-0.000419,-0.161068,0.000000,0.026000,0.000000,56,0,1,32,30,-0.003171,0.010784,0.003003,-0.106272,-0.075726,9.941727,-1.205451,0.008912,0.010670,7,1,0,0.000000,0,-1.029757,0.000000,0.029372,0,-0.171843,0.000000,-0.021551,-1.029757,-0.171843,1,1,1,2.160490,0.000000,0.000000,0.000000,0.000000,0.000000,0.000000,0.000000
5.5501,1.105250,-0.161068,0.005120,0.000000,0.029149,-0.021551,1,-1.029757,56,0.109871,0.023381,1.105250,0.000419,-1.070333,0.005120,1.105250,-1.044288,0.005120,-0.161068,0.000000,0.013045,-0.418292,-34.168916,0.026046,0.000000,0.000000,0.002002,0.000011,0.000000,0.109871,0.023381,-9.809357,0.005070,-0.001804,0.000003,0.365337,0.008896,27.000000,0.013045,1.105250,0.000419,-0.161068,0.000000,0.026000,0.000000,61,0,1,32,30,0.003241,0.004363,0.005067,0.086111,-0.099578,10.334001,-1.205459,0.008896,0.010673,7,1,0,0.000000,0,-1.029757,0.000000,0.029149,0,-0.171843,0.000000,-0.021551,-1.029757,-0.171843,1,1,1,2.160540,0.000000,0.000000,0.000000,0.000000,0.000000,0.000000,0.000000
5.5601,1.105154,-0.161068,-0.001481,0.000000,0.029228,-0.021551,1,-1.029757,66,0.109960,0.023309,1.105154,-0.001466,-1.070347,-0.001481,1.105154,-1.044302,-0.001481,-0.161068,0.000000,0.013045,-0.418292,-34.168916,0.026046,0.000000,0.000000,0.004001,-0.000082,0.000000,0.109960,0.023309,-9.809356,-0.002273,-0.006356,-0.000002,0.365323,0.008901,27.000000,0.013045,1.105154,-0.001466,-0.161068,0.000000,0.026000,0.000000,66,0,1,32,30,0.005382,-0.004094,-0.001430,0.072740,-0.129720,8.898124,-1.205473,0.008901,0.010683,7,1,0,0.000000,0,-1.029757,0.000000,0.029228,0,-0.171843,0.000000,-0.021551,-1.029757,-0.171843,1,1,1,2.160590,0.000000,0.000000,0.000000,0.000000,0.000000,0.000000,0.000000
5.5701,1.105250,-0.161068,0.000647,0.000000,0.029919,-0.021551,1,-1.029757,75,0.110039,0.023439,1.105250,-0.001466,-1.070416,0.000647,1.105250,-1.044371,0.000647,-0.161068,0.000000,0.013045,-0.418292,-34.168916,0.026046,0.000000,0.000000,0.003815,0.000126,0.000000,0.110039,0.023439,-9.809355,-0.004264,-0.000270,-0.000003,0.365254,0.008887,27.000000,0.013045,1.105250,-0.001466,-0.161068,0.000000,0.026000,0.000000,71,0,1,32,30,-0.001021,-0.004140,0.000698,-0.143813,0.354206,10.749939,-1.205542,0.008887,0.010689,6,1,0,0.000000,0,-1.029757,0.000000,0.029919,0,-0.171843,0.000000,-0.021551,-1.029757,-0.171843,1,1,1,2.160640,0.000000,0.000000,0.000000,0.000000,0.000000,0.000000,0.000000
5.5801,1.105154,-0.161068,-0.007634,0.000000,0.030031,-0.021551,1,-1.029757,85,0.110148,0.023443,1.105154,-0.000419,-1.070483,-0.007634,1.105154,-1.044438,-0.007634,-0.161068,0.000000,0.013045,-0.418292,-34.168916,0.026046,0.000000,0.000000,0.002131,0.000014,0.000000,0.110148,0.023443,-9.809354,0.004199,0.009117,0.000006,0.365187,0.008885,27.000000,0.013045,1.105154,-0.000419,-0.161068,0.000000,0.026000,0.000000,76,0,1,32,30,-0.007439,0.006639,-0.007715,0.177472,-0.212422,8.629390,-1.205609,0.008885,0.010700,6,1,0,0.000000,0,-1.029757,0.000000,0.030031,0,-0.171843,0.000000,-0.021551,-1.029757,-0.171843,1,1,1,2.160690,0.000000,0.000000,0.000000,0.000000,0.000000,0.000000,0.000000
5.5901,1.105154,-0.161068,0.017917,0.000000,0.029437,-0.021551,1,-1.029757,95,0.110199,0.023400,1.105154,-0.000419,-1.070490,0.017917,1.105154,-1.044444,0.017917,-0.161068,0.000000,0.013045,-0.418292,-34.168916,0.026046,0.000000,0.000000,0.003871,-0.000115,0.000000,0.110199,0.023400,-9.809353,0.005396,-0.003942,0.000003,0.365181,0.008888,27.000000,0.013045,1.105154,-0.000419,-0.161068,0.000000,0.026000,0.000000,81,0,1,32,30,0.005379,0.004199,0.017866,-0.229498,0.088899,10.546238,-1.205616,0.008888,0.010706,6,1,0,0.000000,0,-1.029757,0.000000,0.029437,0,-0.171843,0.000000,-0.021551,-1.029757,-0.171843,1,1,1,2.160740,0.000000,0.000000,0.000000,0.000000,0.000000,0.000000,0.000000
5.6001,1.105154,-0.160301,-0.001385,0.000000,0.038520,-0.030755,1,-1.029757,105,0.110383,0.023822,1.105154,0.001466,-1.070485,-0.001385,1.105154,-1.045206,-0.001385,-0.160301,0.000000,0.013045,-0.418292,-34.168916,0.025279,0.000000,0.000000,0.004002,0.000000,0.000000,0.110383,0.023822,-9.809350,-0.000784,0.003067,0.000000,0.365186,0.008851,27.000000,0.013045,1.105154,0.001466,-0.160301,0.000000,0.026000,0.000000,86,0,1,32,30,-0.003161,0.000156,-0.001387,-0.030031,0.019581,9.971445,-1.205611,0.008851,0.010721,6,1,0,0.000000,0,-1.029757,0.000000,0.038520,0,-0.171843,0.000000,-0.030755,-1.029757,-0.171843,1,1,1,2.160789,0.000000,0.000000,0.000000,0.000000,0.000000,0.000000,0.000000
5.6101,1.105154,-0.161068,-0.003469,0.000000,0.022077,-0.013881,1,-1.029757,115,0.110769,0.023591,1.105154,0.000419,-1.070515,-0.003469,1.105154,-1.044471,-0.003469,-0.161068,0.000000,0.013000,-0.418292,-34.168916,0.026044,0.000000,0.000108,0.001992,0.000007,0.000108,0.110769,0.023591,-9.809346,0.000017,0.007797,0.000000,0.365154,0.008815,27.000000,0.013045,1.105154,0.000419,-0.161068,0.000000,0.026000,0.000000,91,0,1,32,30,-0.007433,0.002309,-0.003499,-0.229957,-0.163265,10.055612,-1.205643,0.008815,0.010760,7,1,0,0.000000,0,-1.029757,0.000000,0.022077,0,-0.171843,0.000000,-0.013881,-1.029757,-0.171843,1,1,1,2.160840,0.000000,0.000000,0.000000,0.000000,0.000000,0.000000,0.000000
5.6201,1.105346,-0.161068,-0.005539,0.000000,0.030976,-0.021551,1,-1.029757,125,0.110125,0.024221,1.105346,0.001466,-1.070646,-0.005539,1.105346,-1.044600,-0.005539,-0.161068,0.000000,0.013045,-0.418292,-34.168916,0.026046,0.000000,0.000000,0.003845,-0.000071,0.000000,0.110125,0.024221,-9.809352,0.006628,-0.005786,0.000004,0.365026,0.008807,27.000000,0.013045,1.105346,0.001466,-0.161068,0.000000,0.026000,0.000000,96,0,1,32,30,0.007507,0.004517,-0.005595,0.400630,0.102806,10.221394,-1.205771,0.008807,0.010685,6,1,0,0.000000,0,-1.029757,0.000000,0.030976,0,-0.171843,0.000000,-0.021551,-1.029757,-0.171843,1,1,1,2.160889,0.000000,0.000000,0.000000,0.000000,0.000000,0.000000,0.000000
5.6301,1.105058,-0.161068,-0.009711,0.000000,0.029085,-0.021551,1,-1.029757,136,0.111331,0.023908,1.105058,-0.003560,-1.070597,-0.009711,1.105058,-1.044550,-0.009711,-0.161068,0.000000,0.013045,-0.418292,-34.168916,0.026047,0.000000,0.000000,0.003838,-0.000407,0.000000,0.111331,0.023908,-9.809339,0.007581,0.005709,0.000007,0.365074,0.008819,27.000000,0.013045,1.105058,-0.003560,-0.161068,0.000000,0.026000,0.000000,101,0,1,32,30,-0.003172,0.008817,-0.009820,-0.375995,0.027172,9.339649,-1.205722,0.008819,0.010812,7,1,0,0.000000,0,-1.029757,0.000000,0.029085,0,-0.171843,0.000000,-0.021551,-1.029757,-0.171843,1,1,1,2.160939,0.000000,0.000000,0.000000,0.000000,0.000000,0.000000,0.000000
5.6401,1.105346,-0.161068,0.005012,0.000000,0.029333,-0.021551,1,-1.029757,146,0.111250,0.024466,1.105346,0.003560,-1.070576,0.005012,1.105346,-1.044529,0.005012,-0.161068,0.000000,0.013045,-0.418292,-34.168916,0.026047,0.000000,0.000000,0.003844,0.000361,0.000000,0.111250,0.024466,-9.809339,-0.000942,0.003015,0.000000,0.365096,0.008764,27.000000,0.013045,1.105346,0.003560,-0.161068,0.000000,0.026000,0.000000,106,0,1,32,30,-0.003159,0.000071,0.005012,-0.200805,0.267764,10.777744,-1.205700,0.008764,0.010794,6,1,0,0.000000,0,-1.029757,0.000000,0.029333,0,-0.171843,0.000000,-0.021551,-1.029757,-0.171843,1,1,1,2.160988,0.000000,0.000000,0.000000,0.000000,0.000000,0.000000,0.000000
5.6501,1.105346,-0.161068,-0.003666,0.000000,0.030816,-0.021551,1,-1.029757,156,0.111501,0.024441,1.105346,0.001466,-1.071449,-0.003666,1.105346,-1.044635,-0.003666,-0.161068,0.000000,0.013045,-0.418292,-34.168916,0.026814,0.000000,0.000000,0.001995,-0.000087,0.000000,0.111501,0.024441,-9.809336,-0.004904,-0.004946,-0.000004,0.364990,0.008762,27.000000,0.013045,1.105346,0.001466,-0.161068,0.000000,0.026000,0.000000,111,0,1,32,30,0.003249,-0.006208,-0.003590,0.227293,-0.296668,9.260223,-1.205806,0.008762,0.010820,6,1,0,0.000000,0,-1.029757,0.000000,0.030816,0,-0.171843,0.000000,-0.021551,-1.029757,-0.171843,1,1,1,2.161038,0.000000,0.000000,0.000000,0.000000,0.000000,0.000000,0.000000
5.6601,1.105346,-0.161068,-0.003623,0.000000,0.030698,-0.021551,1,-1.029757,165,0.110954,0.023719,1.105346,0.000419,-1.070758,-0.003623,1.105346,-1.044713,-0.003623,-0.161068,0.000000,0.013005,-0.418292,-34.168916,0.026044,0.000000,0.000096,0.001995,0.000102,0.000096,0.110954,0.023719,-9.809344,-0.004803,0.001800,0.000000,0.364911,0.008803,27.000000,0.013045,1.105346,0.000419,-0.161068,0.000000,0.026000,0.000000,116,0,1,32,30,-0.003157,-0.004090,-0.003570,-0.075585,0.160175,10.977723,-1.205885,0.008803,0.010777,7,1,0,0.000000,0,-1.029757,0.000000,0.030698,0,-0.171843,0.000000,-0.021551,-1.029757,-0.171843,1,1,1,2.161089,0.000000,0.000000,0.000000,0.000000,0.000000,0.000000,0.000000
5.6701,1.105346,-0.161068,0.005014,0.000000,0.028566,-0.021551,1,-1.029757,176,0.111310,0.024645,1.105346,-0.001466,-1.070652,0.005014,1.105346,-1.044601,0.005014,-0.161068,0.000000,0.013043,-0.418292,-34.168916,0.026051,0.000000,0.000004,0.001843,0.000078,0.000004,0.111310,0.024645,-9.809338,-0.000296,0.000980,0.000000,0.365024,0.008743,27.000000,0.013045,1.105346,-0.001466,-0.161068,0.000000,0.026000,0.000000,121,0,1,32,30,-0.001024,0.000077,0.005013,0.151226,-0.223277,9.509743,-1.205772,0.008743,0.010797,7,1,0,0.000000,0,-1.029757,0.000000,0.028566,0,-0.171843,0.000000,-0.021551,-1.029757,-0.171843,1,1,1,2.161137,0.000000,0.000000,0.000000,0.000000,0.000000,0.000000,0.000000
5.6801,1.105346,-0.161068,-0.009605,0.000000,0.029910,-0.021551,1,-1.029757,186,0.111761,0.024903,1.105346,0.001466,-1.070668,-0.009605,1.105346,-1.044620,-0.009605,-0.161068,0.000000,0.013045,-0.418292,-34.168916,0.026048,0.000000,0.000000,0.003841,0.000013,0.000000,0.111761,0.024903,-9.809332,0.012949,0.002923,0.000010,0.365005,0.008712,27.000000,0.013045,1.105346,0.001466,-0.161068,0.000000,0.026000,0.000000,126,0,1,32,30,0.001092,0.013103,-0.009767,-0.030152,-0.224671,9.614885,-1.205791,0.008712,0.010839,7,1,0,0.000000,0,-1.029757,0.000000,0.029910,0,-0.171843,0.000000,-0.021551,-1.029757,-0.171843,1,1,1,2.161187,0.000000,0.000000,0.000000,0.000000,0.000000,0.000000,0.000000
5.6901,1.105346,-0.161068,0.002728,0.000000,0.029666,-0.021551,1,-1.029757,195,0.111444,0.024639,1.105346,0.000419,-1.070662,0.002728,1.105346,-1.044615,0.002728,-0.161068,0.000000,0.013045,-0.418292,-34.168916,0.026048,0.000000,0.000000,0.003858,0.000008,0.000000,0.111444,0.024639,-9.809336,-0.006355,-0.000929,-0.000005,0.365010,0.008743,27.000000,0.013045,1.105346,0.000419,-0.161068,0.000000,0.026000,0.000000,131,0,1,32,30,-0.001018,-0.006306,0.002806,0.028625,0.145703,10.604400,-1.205786,0.008743,0.010811,7,1,0,0.000000,0,-1.029757,0.000000,0.029666,0,-0.171843,0.000000,-0.021551,-1.029757,-0.171843,1,1,1,2.161236,0.000000,0.000000,0.000000,0.000000,0.000000,0.000000,0.000000
5.7001,1.105346,-0.161068,-0.001177,0.000000,0.029979,-0.021551,1,-1.029757,202,0.111689,0.024680,1.105346,0.000419,-1.070684,-0.001177,1.105346,-1.044637,-0.001177,-0.161068,0.000000,0.013045,-0.418292,-34.168916,0.026048,0.000000,0.000000,0.001988,0.000096,0.000000,0.111689,0.024680,-9.809333,0.008660,0.001568,0.000006,0.364988,0.008735,27.000000,0.013045,1.105346,0.000419,-0.161068,0.000000,0.026000,0.000000,136,0,1,32,30,0.001100,0.008716,-0.001284,0.102457,-0.284934,9.078422,-1.205808,0.008735,0.010835,7,1,0,0.000000,0,-1.029757,0.000000,0.029979,0,-0.171843,0.000000,-0.021551,-1.029757,-0.171843,1,1,1,2.161285,0.000000,0.000000,0.000000,0.000000,0.000000,0.000000,0.000000
5.7101,1.105346,-0.161068,0.007563,0.000000,0.030164,-0.021551,1,-1.029757,213,0.111858,0.025141,1.105346,0.000419,-1.070719,0.007563,1.105346,-1.044670,0.007563,-0.161068,0.000000,0.013045,-0.418292,-34.168916,0.026048,0.000000,0.000000,0.001995,0.000081,0.000000,0.111858,0.025141,-9.809330,0.017888,-0.000002,0.000010,0.364955,0.008686,27.000000,0.013045,1.105346,0.000419,-0.161068,0.000000,0.026000,0.000000,141,0,1,32,30,0.005362,0.017162,0.007350,-0.076686,0.033259,10.411793,-1.205841,0.008686,0.010844,7,1,0,0.000000,0,-1.029757,0.000000,0.030164,0,-0.171843,0.000000,-0.021551,-1.029757,-0.171843,1,1,1,2.161334,0.000000,0.000000,0.000000,0.000000,0.000000,0.000000,0.000000
5.7201,1.105155,-0.161068,0.000802,0.000000,0.028775,-0.021551,1,-1.029757,223,0.111831,0.024770,1.105155,0.001466,-1.070631,0.000802,1.105154,-1.044583,0.000802,-0.161068,0.000000,0.013008,-0.418292,-34.168916,0.026049,0.000000,0.000088,0.001992,-0.000202,0.000088,0.111831,0.024770,-9.809331,0.001848,0.001658,0.000000,0.365042,0.008687,27.000000,0.013045,1.105154,0.001466,-0.161068,0.000000,0.026000,0.000000,146,0,1,32,30,-0.001028,0.002271,0.000772,0.216268,-0.243090,8.791803,-1.205754,0.008687,0.010848,7,1,0,0.000000,0,-1.029757,0.000000,0.028775,0,-0.171843,0.000000,-0.021551,-1.029757,-0.171843,1,1,1,2.161382,0.000000,0.000000,0.000000,0.000000,0.000000,0.000000,0.000000
5.7301,1.105346,-0.161068,-0.012299,0.000000,0.030596,-0.021551,1,-1.029757,232,0.112148,0.025171,1.105346,0.000419,-1.070710,-0.012299,1.105346,-1.044661,-0.012299,-0.161068,0.000000,0.013045,-0.418292,-34.168916,0.026048,0.000000,0.000000,0.003994,-0.000047,0.000000,0.112148,0.025171,-9.809327,-0.009411,-0.004127,-0.000009,0.364964,0.008678,27.000000,0.013045,1.105346,0.000419,-0.161068,0.000000,0.026000,0.000000,151,0,1,32,30,0.001117,-0.010375,-0.012173,-0.334640,0.229915,10.738996,-1.205833,0.008678,0.010873,7,1,0,0.000000,0,-1.029757,0.000000,0.030596,0,-0.171843,0.000000,-0.021551,-1.029757,-0.171843,1,1,1,2.161431,0.000000,0.000000,0.000000,0.000000,0.000000,0.000000,0.000000
5.7401,1.105346,-0.161068,-0.005543,0.000000,0.030281,-0.021551,1,-1.029757,242,0.112227,0.025449,1.105346,0.000419,-1.070750,-0.005543,1.105346,-1.044701,-0.005543,-0.161068,0.000000,0.013045,-0.418292,-34.168916,0.026049,0.000000,0.000000,0.003847,0.000112,0.000000,0.112227,0.025449,-9.809325,0.005337,-0.001717,0.000004,0.364925,0.008649,27.000000,0.013045,1.105346,0.000419,-0.161068,0.000000,0.026000,0.000000,156,0,1,32,30,0.003237,0.004505,-0.005598,0.075139,-0.008577,9.932949,-1.205872,0.008649,0.010877,7,1,0,0.000000,0,-1.029757,0.000000,0.030281,0,-0.171843,0.000000,-0.021551,-1.029757,-0.171843,1,1,1,2.161479,0.000000,0.000000,0.000000,0.000000,0.000000,0.000000,0.000000
5.7501,1.105346,-0.161068,-0.011843,0.000000,0.030152,-0.021551,1,-1.029757,252,0.112517,0.025567,1.105346,-0.000419,-1.070772,-0.011843,1.105346,-1.044723,-0.011843,-0.161068,0.000000,0.013045,-0.418292,-34.168916,0.026049,0.000000,0.000000,0.002007,-0.000009,0.000000,0.112517,0.025567,-9.809321,0.007636,0.005725,0.000006,0.364902,0.008632,27.000000,0.013045,1.105346,-0.000419,-0.161068,0.000000,0.026000,0.000000,161,0,1,32,30,-0.003173,0.008845,-0.011953,0.006027,-0.253118,8.820277,-1.205894,0.008632,0.010904,6,1,0,0.000000,0,-1.029757,0.000000,0.030152,0,-0.171843,0.000000,-0.021551,-1.029757,-0.171843,1,1,1,2.161528,0.000000,0.000000,0.000000,0.000000,0.000000,0.000000,0.000000
5.7601,1.105250,-0.161068,0.006890,0.000000,0.030215,-0.021551,1,-1.029757,6,0.112823,0.025566,1.105250,0.000419,-1.070796,0.006890,1.105250,-1.044746,0.006890,-0.161068,0.000000,0.013045,-0.418292,-34.168916,0.026049,0.000000,0.000000,0.003838,-0.000087,0.000000,0.112823,0.025566,-9.809318,-0.010537,-0.002250,-0.000007,0.364879,0.008627,27.000000,0.013045,1.105250,0.000419,-0.161068,0.000000,0.026000,0.000000,166,0,1,32,30,-0.001012,-0.010636,0.007022,-0.200137,0.142398,10.862618,-1.205918,0.008627,0.010935,6,1,0,0.000000,0,-1.029757,0.000000,0.030215,0,-0.171843,0.000000,-0.021551,-1.029757,-0.171843,1,1,1,2.161576,0.000000,0.000000,0.000000,0.000000,0.000000,0.000000,0.000000
5.7701,1.105346,-0.161068,-0.008777,0.000000,0.030257,-0.021551,1,-1.029757,17,0.112805,0.025629,1.105346,-0.000419,-1.070819,-0.008777,1.105346,-1.044770,-0.008777,-0.161068,0.000000,0.013045,-0.418292,-34.168916,0.026049,0.001000,0.000000,0.002001,0.000022,0.000000,0.112805,0.025629,-9.809318,0.001316,-0.002984,0.001000,0.364856,0.008621,27.000000,0.013045,1.105346,-0.000419,-0.161068,0.000000,0.026000,0.001000,171,0,1,32,30,0.003241,0.000259,-0.007781,0.121507,-0.294015,9.040061,-1.205941,0.008621,0.010932,7,1,0,0.000000,0,-1.029757,0.000000,0.030257,0,-0.171843,0.000000,-0.021551,-1.029757,-0.171843,1,1,1,2.161624,0.000000,0.000000,0.000000,0.000000,0.000000,0.000000,0.000000
5.7801,1.105250,-0.161068,0.000540,0.000000,0.029777,-0.021551,1,-1.029757,27,0.112673,0.025504,1.105250,-0.000419,-1.070799,0.000540,1.105250,-1.044749,0.000540,-0.161068,0.000000,0.013043,-0.418292,-34.168916,0.026050,0.000000,0.000005,0.003880,-0.000107,0.000005,0.112673,0.025504,-9.809320,-0.007693,-0.003590,0.000000,0.364876,0.008634,27.000000,0.013045,1.105250,-0.000419,-0.161068,0.000000,0.026000,0.000000,176,0,1,32,30,0.001118,-0.008408,0.000650,-0.306999,0.705318,10.963910,-1.205920,0.008634,0.010921,6,1,0,0.000000,0,-1.029757,0.000000,0.029777,0,-0.171843,0.000000,-0.021551,-1.029757,-0.171843,1,1,1,2.161672,0.000000,0.000000,0.000000,0.000000,0.000000,0.000000,0.000000
5.7901,1.105346,-0.161068,0.013791,0.000000,0.029312,-0.021551,1,-1.029757,37,0.112904,0.025692,1.105346,-0.000419,-1.070742,0.013791,1.105346,-1.044693,0.013791,-0.161068,0.000000,0.013045,-0.418292,-34.168916,0.026049,0.000000,0.000000,0.004023,-0.000032,0.000000,0.112904,0.025692,-9.809317,0.007096,0.012261,0.000009,0.364932,0.008613,27.000000,0.013045,1.105346,-0.000419,-0.161068,0.000000,0.026000,0.000000,181,0,1,32,30,-0.009571,0.010624,0.013663,0.197423,-0.300825,8.819922,-1.205864,0.008613,0.010941,6,1,0,0.000000,0,-1.029757,0.000000,0.029312,0,-0.171843,0.000000,-0.021551,-1.029757,-0.171843,1,1,1,2.161720,0.000000,0.000000,0.000000,0.000000,0.000000,0.000000,0.000000
5.8001,1.105250,-0.161068,-0.009859,0.000000,0.030141,-0.021551,1,-1.029757,46,0.113361,0.025888,1.105250,0.001466,-1.070765,-0.009859,1.105250,-1.044715,-0.009859,-0.161068,0.000000,0.013045,-0.418292,-34.168916,0.026050,0.000000,0.000000,0.001847,0.000014,0.000000,0.113361,0.025888,-9.809311,0.003407,-0.002324,0.000002,0.364910,0.008586,27.000000,0.013045,1.105250,0.001466,-0.161068,0.000000,0.026000,0.000000,186,0,1,32,30,0.003238,0.002425,-0.009889,-0.174500,0.042987,9.617481,-1.205887,0.008586,0.010983,6,1,0,0.000000,0,-1.029757,0.000000,0.030141,0,-0.171843,0.000000,-0.021551,-1.029757,-0.171843,1,1,1,2.161767,0.000000,0.000000,0.000000,0.000000,0.000000,0.000000,0.000000
5.8101,1.105346,-0.161068,-0.010115,0.000000,0.030520,-0.021551,1,-1.029757,54,0.113077,0.025793,1.105346,0.001466,-1.070815,-0.010115,1.105346,-1.044766,-0.010115,-0.161068,0.000000,0.013045,-0.418292,-34.168916,0.026050,0.000000,0.000000,0.003945,0.000005,0.000000,0.113077,0.025793,-9.809314,-0.006781,-0.005536,-0.000005,0.364860,0.008600,27.000000,0.013045,1.105346,0.001466,-0.161068,0.000000,0.026000,0.000000,191,0,1,32,30,0.003250,-0.008260,-0.010014,-0.058283,0.309506,10.500714,-1.205937,0.008600,0.010956,6,1,0,0.000000,0,-1.029757,0.000000,0.030520,0,-0.171843,0.000000,-0.021551,-1.029757,-0.171843,1,1,1,2.161815,0.000000,0.000000,0.000000,0.000000,0.000000,0.000000,0.000000
5.8201,1.105346,-0.161068,0.003133,0.000000,0.029520,-0.021551,1,-1.029757,64,0.113214,0.025946,1.105346,0.001466,-1.070774,0.003133,1.105346,-1.044724,0.003133,-0.161068,0.000000,0.013045,-0.418292,-34.168916,0.026050,0.000000,0.000000,0.001993,-0.000016,0.000000,0.113214,0.025946,-9.809312,0.008008,0.010314,0.000006,0.364901,0.008583,27.000000,0.013045,1.105346,0.001466,-0.161068,0.000000,0.026000,0.000000,196,0,1,32,30,-0.007440,0.010772,0.002999,0.130062,-0.176556,8.821127,-1.205895,0.008583,0.010968,7,1,0,0.000000,0,-1.029757,0.000000,0.029520,0,-0.171843,0.000000,-0.021551,-1.029757,-0.171843,1,1,1,2.161862,0.000000,0.000000,0.000000,0.000000,0.000000,0.000000,0.000000
5.8301,1.105346,-0.161068,-0.005596,0.000000,0.029259,-0.021551,1,-1.029757,74,0.113680,0.026114,1.105346,0.001466,-1.070714,-0.005596,1.105346,-1.044668,-0.005596,-0.161068,0.000000,0.013043,-0.418292,-34.168916,0.026047,0.000000,0.000004,0.001993,0.000005,0.000004,0.113680,0.026114,-9.809307,0.002009,0.001710,0.000000,0.364957,0.008557,27.000000,0.013045,1.105346,0.001466,-0.161068,0.000000,0.026000,0.000000,0,0,1,32,30,-0.001030,0.002356,-0.005627,-0.085710,0.096771,10.689967,-1.205839,0.008557,0.011012,7,1,0,0.000000,0,-1.029757,0.000000,0.029259,0,-0.171843,0.000000,-0.021551,-1.029757,-0.171843,1,1,1,2.161910,0.000000,0.000000,0.000000,0.000000,0.000000,0.000000,0.000000
5.8401,1.105250,-0.161068,-0.014177,-0.104720,0.030564,-0.021551,1,-1.029757,84,0.113699,0.026084,1.105250,-0.000419,-1.070780,-0.014177,1.105250,-1.044730,-0.014177,-0.161068,-0.104720,0.013045,-0.418292,-34.168916,0.026050,0.000000,0.000000,0.002001,-0.000068,0.000000,0.113699,0.026084,-9.809306,0.000830,-0.000897,0.000000,0.364895,0.008561,27.000000,0.013045,1.105250,-0.000419,-0.161068,-0.104720,0.026000,0.000000,5,0,1,32,30,0.001105,0.000338,-0.014182,0.025085,-0.083350,9.013404,-1.205901,0.008561,0.011014,7,1,0,0.000000,0,-1.029757,0.000000,0.030564,0,-0.171843,0.000000,-0.021551,-1.029757,-0.171843,1,1,1,2.161957,0.000000,0.000000,0.000000,0.000000,0.000000,0.000000,0.000000
5.8501,1.105250,-0.161068,-0.007525,0.000000,0.031062,-0.021551,1,-1.029757,94,0.113505,0.026200,1.105250,-0.000419,-1.070873,-0.007525,1.105250,-1.044823,-0.007525,-0.161068,0.000000,0.013045,-0.418292,-34.168916,0.026050,0.000000,0.000000,0.001994,-0.000076,0.000000,0.113505,0.026200,-9.809308,0.010212,0.004298,0.000008,0.364802,0.008552,27.000000,0.013045,1.105250,-0.000419,-0.161068,0.000000,0.026000,0.000000,10,0,1,32,30,-0.001039,0.010932,-0.007660,0.009241,-0.088526,10.209646,-1.205994,0.008552,0.010993,7,1,0,0.000000,0,-1.029757,0.000000,0.031062,0,-0.171843,0.000000,-0.021551,-1.029757,-0.171843,1,1,1,2.162004,0.000000,0.000000,0.000000,0.000000,0.000000,0.000000,0.000000
5.8601,1.105346,-0.161068,-0.007579,0.000000,0.029898,-0.021551,1,-1.029757,104,0.114132,0.026567,1.105346,-0.000419,-1.070854,-0.007579,1.105346,-1.044803,-0.007579,-0.161068,0.000000,0.013045,-0.418292,-34.168916,0.026051,0.000000,0.000000,0.003853,0.000006,0.000000,0.114132,0.026567,-9.809300,0.006883,0.007724,0.000006,0.364822,0.008505,27.000000,0.013045,1.105346,-0.000419,-0.161068,0.000000,0.026000,0.000000,15,0,1,32,30,-0.005306,0.008782,-0.007689,0.228718,-0.218269,9.883090,-1.205974,0.008505,0.011050,6,1,0,0.000000,0,-1.029757,0.000000,0.029898,0,-0.171843,0.000000,-0.021551,-1.029757,-0.171843,1,1,1,2.162051,0.000000,0.000000,0.000000,0.000000,0.000000,0.000000,0.000000
5.8701,1.105346,-0.161068,-0.005691,0.000000,0.031096,-0.021551,1,-1.029757,115,0.114407,0.026620,1.105346,0.002513,-1.070938,-0.005691,1.105346,-1.044887,-0.005691,-0.161068,0.000000,0.013045,-0.418292,-34.168916,0.026051,0.000000,0.000000,0.003975,0.000050,0.000000,0.114407,0.026620,-9.809297,0.001161,-0.009748,-0.000001,0.364738,0.008495,27.000000,0.013045,1.105346,0.002513,-0.161068,0.000000,0.026000,0.000000,20,0,1,32,30,0.009648,-0.001888,-0.005668,-0.261043,0.176926,9.609200,-1.206058,0.008495,0.011077,7,1,0,0.000000,0,-1.029757,0.000000,0.031096,0,-0.171843,0.000000,-0.021551,-1.029757,-0.171843,1,1,1,2.162098,0.000000,0.000000,0.000000,0.000000,0.000000,0.000000,0.000000
5.8801,1.105250,-0.161068,-0.007730,0.000000,0.030866,-0.021551,1,-1.029757,125,0.114200,0.026606,1.105250,0.001466,-1.070983,-0.007730,1.105250,-1.044937,-0.007730,-0.161068,0.000000,0.013037,-0.418292,-34.168916,0.026046,0.000000,0.000020,0.003992,-0.000101,0.000020,0.114200,0.026606,-9.809299,0.001416,0.003762,-0.000000,0.364688,0.008492,27.000000,0.013045,1.105250,0.001466,-0.161068,0.000000,0.026000,0.000000,25,0,1,32,30,-0.003165,0.002378,-0.007762,0.055838,0.095769,10.000978,-1.206109,0.008492,0.011056,7,1,0,0.000000,0,-1.029757,0.000000,0.030866,0,-0.171843,0.000000,-0.021551,-1.029757,-0.171843,1,1,1,2.162145,0.000000,0.000000,0.000000,0.000000,0.000000,0.000000,0.000000
5.8901,1.105441,-0.161068,0.009535,0.000000,0.029359,-0.021551,1,-1.029757,135,0.114872,0.027097,1.105441,0.001466,-1.070912,0.009535,1.105441,-1.044854,0.009535,-0.161068,0.000000,0.013044,-0.418292,-34.168916,0.026058,0.000000,0.000002,0.003835,0.000051,0.000002,0.114872,0.027097,-9.809290,0.007204,0.012296,0.000000,0.364771,0.008439,27.000000,0.013045,1.105441,0.001466,-0.161068,0.000000,0.026000,0.000000,30,0,1,32,30,-0.009572,0.010680,0.009397,-0.146493,-0.161116,9.108215,-1.206025,0.008439,0.011116,6,1,0,0.000000,0,-1.029757,0.000000,0.029359,0,-0.171843,0.000000,-0.021551,-1.029757,-0.171843,1,1,1,2.162191,0.000000,0.000000,0.000000,0.000000,0.000000,0.000000,0.000000
5.9001,1.105346,-0.161068,-0.018648,0.000000,0.031018,-0.021551,1,-1.029757,144,0.115053,0.026924,1.105346,0.001466,-1.070975,-0.018648,1.105346,-1.044923,-0.018648,-0.161068,0.000000,0.013045,-0.418292,-34.168916,0.026052,0.000000,0.000000,0.003835,0.000050,0.000000,0.115053,0.026924,-9.809288,-0.007859,-0.001397,-0.000006,0.364702,0.008454,27.000000,0.013045,1.105346,0.001466,-0.161068,0.000000,0.026000,0.000000,35,0,1,32,30,-0.001022,-0.008159,-0.018549,-0.171611,0.180779,10.853453,-1.206094,0.008454,0.011137,7,1,0,0.000000,0,-1.029757,0.000000,0.031018,0,-0.171843,0.000000,-0.021551,-1.029757,-0.171843,1,1,1,2.162239,0.000000,0.000000,0.000000,0.000000,0.000000,0.000000,0.000000
5.9101,1.105250,-0.161068,-0.007929,0.000000,0.030660,-0.021551,1,-1.029757,154,0.114609,0.026825,1.105250,-0.001466,-1.071002,-0.007929,1.105250,-1.044950,-0.007929,-0.161068,0.000000,0.013045,-0.418292,-34.168916,0.026051,0.000000,0.000000,0.003983,-0.000077,0.000000,0.114609,0.026825,-9.809294,-0.004151,-0.006947,-0.000004,0.364675,0.008472,27.000000,0.013045,1.105250,-0.001466,-0.161068,0.000000,0.026000,0.000000,40,0,1,32,30,0.005383,-0.006145,-0.007854,0.236212,-0.246732,9.088463,-1.206121,0.008472,0.011094,7,1,0,0.000000,0,-1.029757,0.000000,0.030660,0,-0.171843,0.000000,-0.021551,-1.029757,-0.171843,1,1,1,2.162286,0.000000,0.000000,0.000000,0.000000,0.000000,0.000000,0.000000
5.9201,1.105346,-0.161068,0.021326,0.000000,0.029733,-0.021551,1,-1.029757,164,0.114961,0.027261,1.105346,-0.000419,-1.070948,0.021326,1.105346,-1.044896,0.021326,-0.161068,0.000000,0.013045,-0.418292,-34.168916,0.026052,0.001000,0.000000,0.001941,-0.000026,0.000000,0.114961,0.027261,-9.809288,0.008173,0.008122,0.001008,0.364730,0.008422,27.000000,0.013045,1.105346,-0.000419,-0.161068,0.000000,0.026000,0.001000,45,0,1,32,30,-0.005299,0.010522,0.022198,0.027588,-0.263948,9.700662,-1.206067,0.008422,0.011122,7,1,0,0.000000,0,-1.029757,0.000000,0.029733,0,-0.171843,0.000000,-0.021551,-1.029757,-0.171843,1,1,1,2.162332,0.000000,0.000000,0.000000,0.000000,0.000000,0.000000,0.000000
5.9301,1.105250,-0.161068,-0.007673,0.000000,0.031164,-0.021551,1,-1.029757,174,0.115460,0.027450,1.105250,0.001466,-1.071022,-0.007673,1.105250,-1.044970,-0.007673,-0.161068,0.000000,0.013045,-0.418292,-34.168916,0.026053,0.000000,0.000000,0.002003,-0.000083,0.000000,0.115460,0.027450,-9.809282,0.006037,-0.003733,0.000003,0.364656,0.008395,27.000000,0.013045,1.105250,0.001466,-0.161068,0.000000,0.026000,0.000000,50,0,1,32,30,0.005371,0.004539,-0.007730,0.065795,-0.131945,9.855141,-1.206141,0.008395,0.011169,7,1,0,0.000000,0,-1.029757,0.000000,0.031164,0,-0.171843,0.000000,-0.021551,-1.029757,-0.171843,1,1,1,2.162378,0.000000,0.000000,0.000000,0.000000,0.000000,0.000000,0.000000
5.9401,1.105346,-0.161068,-0.007874,0.000000,0.031685,-0.021551,1,-1.029757,184,0.115106,0.027133,1.105346,0.000419,-1.071127,-0.007874,1.105346,-1.045075,-0.007874,-0.161068,0.000000,0.013045,-0.418292,-34.168916,0.026052,0.000000,0.000000,0.003838,0.000028,0.000000,0.115106,0.027133,-9.809287,-0.000823,-0.010373,-0.000003,0.364551,0.008432,27.000000,0.013045,1.105346,0.000419,-0.161068,0.000000,0.026000,0.000000,55,0,1,32,30,0.009650,-0.003996,-0.007826,0.053505,-0.006838,9.014192,-1.206246,0.008432,0.011139,7,1,0,0.000000,0,-1.029757,0.000000,0.031685,0,-0.171843,0.000000,-0.021551,-1.029757,-0.171843,1,1,1,2.162425,0.000000,0.000000,0.000000,0.000000,0.000000,0.000000,0.000000
5.9501,1.105346,-0.161068,0.011408,0.000000,0.030298,-0.021551,1,-1.029757,195,0.115002,0.027155,1.105346,-0.000419,-1.071098,0.011408,1.105346,-1.045046,0.011408,-0.161068,0.000000,0.013045,-0.418292,-34.168916,0.026052,0.000000,0.000000,0.003937,-0.000016,0.000000,0.115002,0.027155,-9.809288,-0.001747,0.004997,-0.000000,0.364579,0.008432,27.000000,0.013045,1.105346,-0.000419,-0.161068,0.000000,0.026000,0.000000,60,0,1,32,30,-0.005291,-0.000020,0.011409,-0.135557,0.218793,10.097795,-1.206218,0.008432,0.011128,7,1,0,0.000000,0,-1.029757,0.000000,0.030298,0,-0.171843,0.000000,-0.021551,-1.029757,-0.171843,1,1,1,2.162471,0.000000,0.000000,0.000000,0.000000,0.000000,0.000000,0.000000
5.9601,1.105441,-0.160301,0.003076,0.000000,0.038945,-0.030755,1,-1.029757,206,0.115927,0.027776,1.105441,0.000419,-1.071030,0.003076,1.105441,-1.045744,0.003076,-0.160301,0.000000,0.013045,-0.418292,-34.168916,0.025286,0.000000,0.000000,0.002137,-0.000000,0.000000,0.115927,0.027776,-9.809276,0.004671,0.013744,0.000007,0.364649,0.008363,27.000000,0.013045,1.105441,0.000419,-0.160301,0.000000,0.026000,0.000000,65,0,1,32,30,-0.011707,0.008622,0.002971,-0.061175,-0.167215,8.830667,-1.206148,0.008363,0.011214,6,1,0,0.000000,0,-1.029757,0.000000,0.038945,0,-0.171843,0.000000,-0.030755,-1.029757,-0.171843,1,1,1,2.162518,0.000000,0.000000,0.000000,0.000000,0.000000,0.000000,0.000000
5.9701,1.105441,-0.161068,-0.018638,0.000000,0.023748,-0.013881,1,-1.029757,216,0.115759,0.027410,1.105441,0.000419,-1.071111,-0.018638,1.105441,-1.045058,-0.018638,-0.161068,0.000000,0.013045,-0.418292,-34.168916,0.026053,0.000000,0.000000,0.002102,0.000119,0.000000,0.115759,0.027410,-9.809279,-0.004632,-0.011570,-0.000007,0.364567,0.008394,27.000000,0.013045,1.105441,0.000419,-0.161068,0.000000,0.026000,0.000000,70,0,1,32,30,0.009651,-0.008128,-0.018540,-0.286283,0.236911,10.949646,-1.206230,0.008394,0.011200,6,1,0,0.000000,0,-1.029757,0.000000,0.023748,0,-0.171843,0.000000,-0.013881,-1.029757,-0.171843,1,1,1,2.162564,0.000000,0.000000,0.000000,0.000000,0.000000,0.000000,0.000000
5.9801,1.105633,-0.161068,0.009030,0.000000,0.032220,-0.021551,1,-1.029757,225,0.115012,0.027657,1.105633,0.002513,-1.071245,0.009030,1.105633,-1.045193,0.009030,-0.161068,0.000000,0.013045,-0.418292,-34.168916,0.026052,0.000000,0.000000,0.002001,0.000197,0.000000,0.115012,0.027657,-9.809287,-0.008011,-0.010403,-0.000008,0.364433,0.008381,27.000000,0.013045,1.105633,0.002513,-0.161068,0.000000,0.026000,0.000000,75,0,1,32,30,0.007527,-0.010640,0.009162,0.543862,-0.498831,9.382813,-1.206363,0.008381,0.011121,6,1,0,0.000000,0,-1.029757,0.000000,0.032220,0,-0.171843,0.000000,-0.021551,-1.029757,-0.171843,1,1,1,2.162611,0.000000,0.000000,0.000000,0.000000,0.000000,0.000000,0.000000
5.9901,1.105441,-0.161068,0.005678,0.000000,0.029212,-0.021551,1,-1.029757,234,0.116798,0.027669,1.105441,-0.004503,-1.071108,0.005678,1.105441,-1.045055,0.005678,-0.161068,0.000000,0.013045,-0.418292,-34.168916,0.026054,0.000000,0.000000,0.003863,-0.000130,0.000000,0.116798,0.027669,-9.809266,0.024902,0.013399,0.000018,0.364570,0.008351,27.000000,0.013045,1.105441,-0.004503,-0.161068,0.000000,0.026000,0.000000,80,0,1,32,30,-0.005322,0.027845,0.005333,-0.461382,-0.248875,9.231544,-1.206227,0.008351,0.011300,7,1,0,0.000000,0,-1.029757,0.000000,0.029212,0,-0.171843,0.000000,-0.021551,-1.029757,-0.171843,1,1,1,2.162658,0.000000,0.000000,0.000000,0.000000,0.000000,0.000000,0.000000
6.0001,1.105250,-0.161068,0.004966,0.000000,0.030081,-0.021551,1,-1.029757,244,0.116697,0.027842,1.105250,0.000419,-1.071066,0.004966,1.105250,-1.045012,0.004966,-0.161068,0.000000,0.013045,-0.418292,-34.168916,0.026054,0.000000,0.000000,0.003993,0.000088,0.000000,0.116697,0.027842,-9.809266,-0.001042,-0.003731,-0.000001,0.364613,0.008335,27.000000,0.013045,1.105250,0.000419,-0.161068,0.000000,0.026000,0.000000,85,0,1,32,30,0.003247,-0.002048,0.004992,0.180661,0.065265,10.153879,-1.206183,0.008335,0.011287,7,1,0,0.000000,0,-1.029757,0.000000,0.030081,0,-0.171843,0.000000,-0.021551,-1.029757,-0.171843,1,1,1,2.162703,0.000000,0.000000,0.000000,0.000000,0.000000,0.000000,0.000000
6.0101,1.105441,-0.161068,-0.001585,0.000000,0.030720,-0.021551,1,-1.029757,254,0.116513,0.027361,1.105441,-0.000419,-1.071082,-0.001585,1.105441,-1.045029,-0.001585,-0.161068,0.000000,0.013013,-0.418292,-34.168916,0.026053,0.000000,0.000076,0.002059,0.000000,0.000076,0.116513,0.027361,-9.809270,-0.005059,-0.011710,0.000000,0.364595,0.008355,27.000000,0.013045,1.105441,-0.000419,-0.161068,0.000000,0.026000,0.000000,90,0,1,32,30,0.009656,-0.008355,-0.001476,-0.002592,0.025134,9.521709,-1.206201,0.008355,0.011277,6,1,0,0.000000,0,-1.029757,0.000000,0.030720,0,-0.171843,0.000000,-0.021551,-1.029757,-0.171843,1,1,1,2.162749,0.000000,0.000000,0.000000,0.000000,0.000000,0.000000,0.000000
6.0201,1.105441,-0.161068,-0.014035,0.000000,0.030555,-0.021551,1,-1.029757,8,0.116518,0.027907,1.105441,0.002513,-1.071084,-0.014035,1.105441,-1.045030,-0.014035,-0.161068,0.000000,0.013045,-0.418292,-34.168916,0.026054,0.000000,0.000000,0.002005,0.000015,0.000000,0.116518,0.027907,-9.809268,0.003071,0.013238,0.000006,0.364595,0.008331,27.000000,0.013045,1.105441,0.002513,-0.161068,0.000000,0.026000,0.000000,95,0,1,32,30,-0.011710,0.006712,-0.014118,-0.067727,0.064189,10.230271,-1.206201,0.008331,0.011268,7,1,0,0.000000,0,-1.029757,0.000000,0.030555,0,-0.171843,0.000000,-0.021551,-1.029757,-0.171843,1,1,1,2.162794,0.000000,0.000000,0.000000,0.000000,0.000000,0.000000,0.000000
6.0301,1.105345,-0.161068,-0.005548,0.000000,0.031094,-0.021551,1,-1.029757,18,0.116520,0.028254,1.105345,0.000419,-1.071126,-0.005548,1.105346,-1.045076,-0.005548,-0.161068,0.000000,0.013043,-0.418292,-34.168916,0.026050,0.000000,0.000006,0.003829,-0.000078,0.000006,0.116520,0.028254,-9.809267,0.002109,0.008457,0.000000,0.364550,0.008294,27.000000,0.013045,1.105346,0.000419,-0.161068,0.000000,0.026000,0.000000,100,0,1,32,30,-0.007436,0.004474,-0.005607,0.149297,-0.261779,8.753291,-1.206247,0.008294,0.011263,7,1,0,0.000000,0,-1.029757,0.000000,0.031094,0,-0.171843,0.000000,-0.021551,-1.029757,-0.171843,1,1,1,2.162840,0.000000,0.000000,0.000000,0.000000,0.000000,0.000000,0.000000
6.0401,1.105537,-0.161068,0.002730,0.000000,0.030952,-0.021551,1,-1.029757,28,0.116682,0.028142,1.105537,-0.000419,-1.071156,0.002730,1.105537,-1.045102,0.002730,-0.161068,0.000000,0.013045,-0.418292,-34.168916,0.026054,0.000000,0.000000,0.001993,0.000074,0.000000,0.116682,0.028142,-9.809266,-0.005710,-0.002963,-0.000005,0.364523,0.008305,27.000000,0.013045,1.105537,-0.000419,-0.161068,0.000000,0.026000,0.000000,105,0,1,32,30,0.001117,-0.006299,0.002808,-0.315165,0.294267,10.950204,-1.206273,0.008305,0.011281,7,1,0,0.000000,0,-1.029757,0.000000,0.030952,0,-0.171843,0.000000,-0.021551,-1.029757,-0.171843,1,1,1,2.162885,0.000000,0.000000,0.000000,0.000000,0.000000,0.000000,0.000000
6.0501,1.105537,-0.161068,0.005162,0.000000,0.029811,-0.021551,1,-1.029757,39,0.117206,0.028449,1.105537,0.001466,-1.071083,0.005162,1.105537,-1.045029,0.005162,-0.161068,0.000000,0.013045,-0.418292,-34.168916,0.026055,0.000000,0.000000,0.003844,0.000052,0.000000,0.117206,0.028449,-9.809259,0.003882,0.009011,0.000005,0.364596,0.008266,27.000000,0.013045,1.105537,0.001466,-0.161068,0.000000,0.026000,0.000000,110,0,1,32,30,-0.007435,0.006469,0.005083,0.007274,-0.070363,9.511186,-1.206200,0.008266,0.011329,7,1,0,0.000000,0,-1.029757,0.000000,0.029811,0,-0.171843,0.000000,-0.021551,-1.029757,-0.171843,1,1,1,2.162931,0.000000,0.000000,0.000000,0.000000,0.000000,0.000000,0.000000
6.0601,1.105441,-0.161068,0.007200,0.000000,0.030742,-0.021551,1,-1.029757,48,0.117330,0.028484,1.105441,0.001466,-1.071100,0.007200,1.105441,-1.045045,0.007200,-0.161068,0.000000,0.013045,-0.418292,-34.168916,0.026055,0.000000,0.000000,0.003865,0.000026,0.000000,0.117330,0.028484,-9.809257,0.002334,-0.000429,0.000001,0.364580,0.008260,27.000000,0.013045,1.105441,0.001466,-0.161068,0.000000,0.026000,0.000000,115,0,1,32,30,0.001109,0.002192,0.007173,0.054669,-0.275634,9.097625,-1.206216,0.008260,0.011340,7,1,0,0.000000,0,-1.029757,0.000000,0.030742,0,-0.171843,0.000000,-0.021551,-1.029757,-0.171843,1,1,1,2.162976,0.000000,0.000000,0.000000,0.000000,0.000000,0.000000,0.000000
6.0701,1.105441,-0.161068,-0.007784,0.000000,0.031722,-0.021551,1,-1.029757,57,0.117052,0.027955,1.105441,0.000419,-1.071190,-0.007784,1.105441,-1.045141,-0.007784,-0.161068,0.000000,0.012991,-0.418292,-34.168916,0.026050,0.000000,0.000128,0.002016,0.000008,0.000128,0.117052,0.027955,-9.809262,-0.001267,0.005154,0.000000,0.364484,0.008264,27.000000,0.013045,1.105441,0.000419,-0.161068,0.000000,0.026000,0.000000,120,0,1,32,30,-0.005297,0.000235,-0.007788,0.331549,-0.339590,8.867473,-1.206312,0.008264,0.011321,6,1,0,0.000000,0,-1.029757,0.000000,0.031722,0,-0.171843,0.000000,-0.021551,-1.029757,-0.171843,1,1,1,2.163022,0.000000,0.000000,0.000000,0.000000,0.000000,0.000000,0.000000
6.0801,1.105442,-0.161068,0.002780,0.000000,0.030647,-0.021551,1,-1.029757,67,0.117260,0.028372,1.105442,0.003560,-1.071187,0.002780,1.105441,-1.045131,0.002780,-0.161068,0.000000,0.012997,-0.418292,-34.168916,0.026057,0.000000,0.000114,0.002017,0.000071,0.000114,0.117260,0.028372,-9.809258,-0.003027,-0.004356,-0.000000,0.364495,0.008225,27.000000,0.013045,1.105441,0.003560,-0.161068,0.000000,0.026000,0.000000,125,0,1,32,30,0.003249,-0.004156,0.002834,-0.098199,0.166273,9.704903,-1.206301,0.008225,0.011335,6,1,0,0.000000,0,-1.029757,0.000000,0.030647,0,-0.171843,0.000000,-0.021551,-1.029757,-0.171843,1,1,1,2.163067,0.000000,0.000000,0.000000,0.000000,0.000000,0.000000,0.000000
6.0901,1.105537,-0.161068,-0.005699,0.000000,0.030720,-0.021551,1,-1.029757,78,0.117884,0.029143,1.105537,0.001466,-1.071181,-0.005699,1.105537,-1.045128,-0.005699,-0.161068,0.000000,0.013040,-0.418292,-34.168916,0.026053,0.000000,0.000013,0.003847,0.000111,0.000013,0.117884,0.029143,-9.809248,-0.001421,-0.001609,0.000000,0.364497,0.008179,27.000000,0.013045,1.105537,0.001466,-0.161068,0.000000,0.026000,0.000000,130,0,1,32,30,0.001110,-0.001912,-0.005675,-0.239681,0.223468,10.490161,-1.206299,0.008179,0.011385,6,1,0,0.000000,0,-1.029757,0.000000,0.030720,0,-0.171843,0.000000,-0.021551,-1.029757,-0.171843,1,1,1,2.163111,0.000000,0.000000,0.000000,0.000000,0.000000,0.000000,0.000000
6.1001,1.105441,-0.161068,-0.011897,0.000000,0.032226,-0.021551,1,-1.029757,88,0.117442,0.029224,1.105441,-0.000419,-1.071307,-0.011897,1.105441,-1.045252,-0.011897,-0.161068,0.000000,0.013045,-0.418292,-34.168916,0.026055,0.000000,0.000000,0.001994,-0.000067,0.000000,0.117442,0.029224,-9.809253,0.004953,0.007116,0.000005,0.364374,0.008184,27.000000,0.013045,1.105441,-0.000419,-0.161068,0.000000,0.026000,0.000000,135,0,1,32,30,-0.005305,0.006702,-0.011980,0.349871,-0.251284,8.686534,-1.206422,0.008184,0.011340,6,1,0,0.000000,0,-1.029757,0.000000,0.032226,0,-0.171843,0.000000,-0.021551,-1.029757,-0.171843,1,1,1,2.163156,0.000000,0.000000,0.000000,0.000000,0.000000,0.000000,0.000000
6.1101,1.105537,-0.161068,0.011463,0.000000,0.031289,-0.021551,1,-1.029757,97,0.117669,0.029599,1.105537,0.003560,-1.071333,0.011463,1.105537,-1.045277,0.011463,-0.161068,0.000000,0.013045,-0.418292,-34.168916,0.026056,0.000000,0.000000,0.003850,-0.000014,0.000000,0.117669,0.029599,-9.809250,0.001582,0.001570,0.000002,0.364349,0.008142,27.000000,0.013045,1.105537,0.003560,-0.161068,0.000000,0.026000,0.000000,140,0,1,32,30,-0.001024,0.002129,0.011437,-0.084902,0.112006,11.005944,-1.206447,0.008142,0.011356,6,1,0,0.000000,0,-1.029757,0.000000,0.031289,0,-0.171843,0.000000,-0.021551,-1.029757,-0.171843,1,1,1,2.163202,0.000000,0.000000,0.000000,0.000000,0.000000,0.000000,0.000000
6.1201,1.105537,-0.161068,-0.001329,0.000000,0.030350,-0.021551,1,-1.029757,108,0.118706,0.030149,1.105537,0.000419,-1.071276,-0.001329,1.105537,-1.045219,-0.001329,-0.161068,0.000000,0.013045,-0.418292,-34.168916,0.026057,0.000000,0.000000,0.003858,-0.000013,0.000000,0.118706,0.030149,-9.809235,0.003192,-0.002395,0.000002,0.364407,0.008070,27.000000,0.013045,1.105537,0.000419,-0.161068,0.000000,0.026000,0.000000,145,0,1,32,30,0.003241,0.002311,-0.001357,-0.020246,-0.226197,9.739292,-1.206389,0.008070,0.011452,6,1,0,0.000000,0,-1.029757,0.000000,0.030350,0,-0.171843,0.000000,-0.021551,-1.029757,-0.171843,1,1,1,2.163247,0.000000,0.000000,0.000000,0.000000,0.000000,0.000000,0.000000
6.1301,1.105440,-0.161068,-0.016300,0.000000,0.031971,-0.021551,1,-1.029757,118,0.118685,0.029410,1.105440,-0.001466,-1.071354,-0.016300,1.105441,-1.045306,-0.016300,-0.161068,0.000000,0.013014,-0.418292,-34.168916,0.026047,0.000000,0.000073,0.002147,-0.000071,0.000073,0.118685,0.029410,-9.809238,0.004110,-0.011053,0.000000,0.364319,0.008114,27.000000,0.013045,1.105441,-0.001466,-0.161068,0.000000,0.026000,0.000000,150,0,1,32,30,0.007508,0.000357,-0.014177,0.073853,-0.172327,9.251802,-1.206467,0.008107,0.011462,7,1,0,0.000000,0,-1.029757,0.000000,0.031971,0,-0.171843,0.000000,-0.021551,-1.029757,-0.171843,1,1,1,2.163293,0.000000,0.000000,0.000000,0.000000,0.000000,0.000000,0.000000
6.1401,1.105441,-0.161068,0.002932,0.000000,0.031584,-0.021551,1,-1.029757,128,0.118225,0.029567,1.105441,0.000419,-1.071403,0.002932,1.105441,-1.045347,0.002932,-0.161068,0.000000,0.013045,-0.418292,-34.168916,0.026056,0.000000,0.000000,0.003976,-0.000000,0.000000,0.118225,0.029567,-9.809243,0.001795,0.001640,0.000002,0.364279,0.008136,27.000000,0.013045,1.105441,0.000419,-0.161068,0.000000,0.026000,0.000000,155,0,1,32,30,-0.001027,0.002242,0.002905,0.227799,-0.035296,9.779654,-1.206517,0.008136,0.011413,6,1,0,0.000000,0,-1.029757,0.000000,0.031584,0,-0.171843,0.000000,-0.021551,-1.029757,-0.171843,1,1,1,2.163337,0.000000,0.000000,0.000000,0.000000,0.000000,0.000000,0.000000
6.1501,1.105537,-0.161068,-0.001278,0.000000,0.030102,-0.021551,1,-1.029757,137,0.119017,0.030145,1.105537,-0.000419,-1.071314,-0.001278,1.105537,-1.045257,-0.001278,-0.161068,0.000000,0.013045,-0.418292,-34.168916,0.026057,0.000000,0.000000,0.004008,0.000039,0.000000,0.119017,0.030145,-9.809232,0.005230,-0.001753,0.000004,0.364369,0.008065,27.000000,0.013045,1.105537,-0.000419,-0.161068,0.000000,0.026000,0.000000,160,0,1,32,30,0.003239,0.004448,-0.001332,-0.118775,0.012664,8.975994,-1.206427,0.008065,0.011483,7,1,0,0.000000,0,-1.029757,0.000000,0.030102,0,-0.171843,0.000000,-0.021551,-1.029757,-0.171843,1,1,1,2.163382,0.000000,0.000000,0.000000,0.000000,0.000000,0.000000,0.000000
6.1601,1.105441,-0.161068,-0.007728,0.000000,0.031180,-0.021551,1,-1.029757,147,0.119364,0.029975,1.105441,0.000419,-1.071329,-0.007728,1.105441,-1.045272,-0.007728,-0.161068,0.000000,0.013045,-0.418292,-34.168916,0.026057,0.000000,0.000000,0.002134,-0.000080,0.000000,0.119364,0.029975,-9.809228,0.002707,-0.000307,0.000002,0.364353,0.008077,27.000000,0.013045,1.105441,0.000419,-0.161068,0.000000,0.026000,0.000000,165,0,1,32,30,0.001104,0.002390,-0.007758,-0.325044,0.408652,10.980058,-1.206443,0.008077,0.011521,7,1,0,0.000000,0,-1.029757,0.000000,0.031180,0,-0.171843,0.000000,-0.021551,-1.029757,-0.171843,1,1,1,2.163427,0.000000,0.000000,0.000000,0.000000,0.000000,0.000000,0.000000
6.1701,1.105441,-0.161068,0.005156,0.000000,0.031365,-0.021551,1,-1.029757,158,0.118859,0.030107,1.105441,0.001466,-1.071357,0.005156,1.105441,-1.045300,0.005156,-0.161068,0.000000,0.013045,-0.418292,-34.168916,0.026057,0.000000,0.000000,0.001992,-0.000111,0.000000,0.118859,0.030107,-9.809234,0.001945,0.015115,0.000005,0.364326,0.008072,27.000000,0.013045,1.105441,0.001466,-0.161068,0.000000,0.026000,0.000000,170,0,1,32,30,-0.013838,0.006451,0.005077,0.282848,-0.232078,8.677113,-1.206470,0.008072,0.011468,7,1,0,0.000000,0,-1.029757,0.000000,0.031365,0,-0.171843,0.000000,-0.021551,-1.029757,-0.171843,1,1,1,2.163470,0.000000,0.000000,0.000000,0.000000,0.000000,0.000000,0.000000
6.1801,1.105441,-0.161068,-0.009967,0.000000,0.030464,-0.021551,1,-1.029757,166,0.119188,0.030482,1.105441,-0.000419,-1.071306,-0.009967,1.105441,-1.045248,-0.009967,-0.161068,0.000000,0.013045,-0.418292,-34.168916,0.026058,0.000000,0.000000,0.003991,-0.000005,0.000000,0.119188,0.030482,-9.809229,-0.002605,0.002495,-0.000001,0.364378,0.008029,27.000000,0.013045,1.105441,-0.000419,-0.161068,0.000000,0.026000,0.000000,175,0,1,32,30,-0.003161,-0.001868,-0.009944,-0.305995,0.211278,10.700544,-1.206418,0.008029,0.011495,6,1,0,0.000000,0,-1.029757,0.000000,0.030464,0,-0.171843,0.000000,-0.021551,-1.029757,-0.171843,1,1,1,2.163515,0.000000,0.000000,0.000000,0.000000,0.000000,0.000000,0.000000
6.1901,1.105534,-0.161068,-0.011990,0.000000,0.032209,-0.021551,1,-1.029757,174,0.119548,0.029715,1.105534,-0.000419,-1.071400,-0.011990,1.105537,-1.045350,-0.011990,-0.161068,0.000000,0.012949,-0.418292,-34.168916,0.026049,0.000000,0.000229,0.001987,0.000040,0.000229,0.119548,0.029715,-9.809227,0.003458,-0.002308,0.000000,0.364276,0.008004,27.000000,0.013045,1.105537,-0.000419,-0.161068,0.000000,0.026000,0.000000,180,0,1,32,30,0.005376,-0.001787,-0.014203,-0.153794,0.045372,10.201315,-1.206512,0.008004,0.011543,6,1,0,0.000000,0,-1.029757,0.000000,0.032209,0,-0.171843,0.000000,-0.021551,-1.029757,-0.171843,1,1,1,2.163560,0.000000,0.000000,0.000000,0.000000,0.000000,0.000000,0.000000
6.2001,1.105536,-0.161068,-0.004514,0.000000,0.032437,-0.021551,1,-1.029757,184,0.119169,0.030185,1.105536,0.002513,-1.071510,-0.004514,1.105537,-1.045455,-0.004514,-0.161068,0.000000,0.013008,-0.418292,-34.168916,0.026055,0.001000,0.000090,0.001989,0.000113,0.000090,0.119169,0.030185,-9.809230,0.000563,-0.000985,0.001000,0.364172,0.008021,27.000000,0.013045,1.105537,0.002513,-0.161068,0.000000,0.026000,0.001000,185,0,1,32,30,0.001108,0.000196,-0.003517,-0.038347,-0.023621,10.372964,-1.206625,0.008021,0.011498,7,1,0,0.000000,0,-1.029757,0.000000,0.032437,0,-0.171843,0.000000,-0.021551,-1.029757,-0.171843,1,1,1,2.163603,0.000000,0.000000,0.000000,0.000000,0.000000,0.000000,0.000000
6.2101,1.105537,-0.161068,0.013693,0.000000,0.031352,-0.021551,1,-1.029757,194,0.119421,0.030793,1.105537,0.000419,-1.071509,0.013693,1.105537,-1.045451,0.013693,-0.161068,0.000000,0.013045,-0.418292,-34.168916,0.026058,0.000000,0.000000,0.003866,-0.000071,0.000000,0.119421,0.030793,-9.809225,0.004313,0.006906,0.000005,0.364176,0.007994,27.000000,0.013045,1.105537,0.000419,-0.161068,0.000000,0.026000,0.000000,190,0,1,32,30,-0.005297,0.006362,0.013616,0.200033,-0.255943,9.834841,-1.206621,0.007994,0.011513,7,1,0,0.000000,0,-1.029757,0.000000,0.031352,0,-0.171843,0.000000,-0.021551,-1.029757,-0.171843,1,1,1,2.163648,0.000000,0.000000,0.000000,0.000000,0.000000,0.000000,0.000000
6.2201,1.105441,-0.161068,-0.011940,0.000000,0.031466,-0.021551,1,-1.029757,204,0.119935,0.031003,1.105441,-0.000419,-1.071516,-0.011940,1.105441,-1.045457,-0.011940,-0.161068,0.000000,0.013045,-0.418292,-34.168916,0.026059,0.000000,0.000000,0.003995,-0.000077,0.000000,0.119935,0.031003,-9.809218,0.005497,-0.001665,0.000004,0.364169,0.007964,27.000000,0.013045,1.105441,-0.000419,-0.161068,0.000000,0.026000,0.000000,195,0,1,32,30,0.003235,0.004590,-0.011997,-0.012784,-0.094464,9.137683,-1.206627,0.007964,0.011561,7,1,0,0.000000,0,-1.029757,0.000000,0.031466,0,-0.171843,0.000000,-0.021551,-1.029757,-0.171843,1,1,1,2.163692,0.000000,0.000000,0.000000,0.000000,0.000000,0.000000,0.000000
6.2301,1.105441,-0.161068,0.004858,0.000000,0.031358,-0.021551,1,-1.029757,215,0.119811,0.030998,1.105441,-0.001466,-1.071513,0.004858,1.105441,-1.045454,0.004858,-0.161068,0.000000,0.013045,-0.418292,-34.168916,0.026059,0.000000,0.000000,0.003844,-0.000065,0.000000,0.119811,0.030998,-9.809219,-0.007054,0.001088,-0.000005,0.364173,0.007967,27.000000,0.013045,1.105441,-0.001466,-0.161068,0.000000,0.026000,0.000000,200,0,1,32,30,-0.003152,-0.006340,0.004937,-0.086232,0.315635,10.778299,-1.206624,0.007967,0.011549,7,1,0,0.000000,0,-1.029757,0.000000,0.031358,0,-0.171843,0.000000,-0.021551,-1.029757,-0.171843,1,1,1,2.163736,0.000000,0.000000,0.000000,0.000000,0.000000,0.000000,0.000000
6.2401,1.105537,-0.161068,0.015827,0.000000,0.030869,-0.021551,1,-1.029757,224,0.119778,0.031167,1.105537,0.001466,-1.071469,0.015827,1.105537,-1.045410,0.015827,-0.161068,0.000000,0.013045,-0.418292,-34.168916,0.026059,0.000000,0.000000,0.003786,-0.000028,0.000000,0.119778,0.031167,-9.809219,0.004260,0.006889,0.000004,0.364217,0.007950,27.000000,0.013045,1.105537,0.001466,-0.161068,0.000000,0.026000,0.000000,4,0,1,32,30,-0.005297,0.006334,0.015749,0.256176,-0.354024,9.259666,-1.206580,0.007950,0.011543,7,1,0,0.000000,0,-1.029757,0.000000,0.030869,0,-0.171843,0.000000,-0.021551,-1.029757,-0.171843,1,1,1,2.163780,0.000000,0.000000,0.000000,0.000000,0.000000,0.000000,0.000000
6.2501,1.105537,-0.160301,-0.001431,0.000000,0.040760,-0.030755,1,-1.029757,235,0.120099,0.031483,1.105537,0.001466,-1.071490,-0.001431,1.105537,-1.046198,-0.001431,-0.160301,0.000000,0.013045,-0.418292,-34.168916,0.025292,0.000000,0.000000,0.003941,0.000200,0.000000,0.120099,0.031483,-9.809214,-0.000880,-0.003679,-0.000001,0.364196,0.007922,27.000000,0.013045,1.105537,0.001466,-0.160301,0.000000,0.026000,0.000000,9,0,1,32,30,0.003245,-0.001963,-0.001407,-0.297137,0.157917,10.374619,-1.206600,0.007922,0.011574,7,1,0,0.000000,0,-1.029757,0.000000,0.040760,0,-0.171843,0.000000,-0.030755,-1.029757,-0.171843,1,1,1,2.163824,0.000000,0.000000,0.000000,0.000000,0.000000,0.000000,0.000000
6.2601,1.105536,-0.161068,-0.016365,0.000000,0.024868,-0.013881,1,-1.029757,244,0.120063,0.031231,1.105536,0.001466,-1.071578,-0.016365,1.105537,-1.045530,-0.016365,-0.161068,0.000000,0.013013,-0.418292,-34.168916,0.026048,0.000000,0.000077,0.003849,0.000151,0.000077,0.120063,0.031231,-9.809216,-0.002445,0.002548,0.000000,0.364097,0.007907,27.000000,0.013045,1.105537,0.001466,-0.161068,0.000000,0.026000,0.000000,14,0,1,32,30,-0.003163,-0.001783,-0.016343,0.026712,-0.448353,9.143723,-1.206699,0.007907,0.011571,7,1,0,0.000000,0,-1.029757,0.000000,0.024868,0,-0.171843,0.000000,-0.013881,-1.029757,-0.171843,1,1,1,2.163868,0.000000,0.000000,0.000000,0.000000,0.000000,0.000000,0.000000
6.2701,1.105729,-0.161068,0.000853,0.000000,0.033838,-0.021551,1,-1.029757,254,0.119454,0.031895,1.105729,0.004503,-1.071780,0.000853,1.105729,-1.045721,0.000853,-0.161068,0.000000,0.013045,-0.418292,-34.168916,0.026059,0.000000,0.000000,0.002001,0.000029,0.000000,0.119454,0.031895,-9.809221,0.004532,0.000264,0.000004,0.363907,0.007882,27.000000,0.013045,1.105729,0.004503,-0.161068,0.000000,0.026000,0.000000,19,0,1,32,30,0.001105,0.004414,0.000799,0.513789,-0.210220,9.242138,-1.206889,0.007882,0.011498,7,1,0,0.000000,0,-1.029757,0.000000,0.033838,0,-0.171843,0.000000,-0.021551,-1.029757,-0.171843,1,1,1,2.163913,0.000000,0.000000,0.000000,0.000000,0.000000,0.000000,0.000000
6.2801,1.106017,-0.161068,0.028780,0.000000,0.029920,-0.021551,1,-1.029757,8,0.120943,0.031436,1.106017,0.005550,-1.072381,0.028780,1.106017,-1.045554,0.028780,-0.161068,0.000000,0.013045,-0.418292,-34.168916,0.026827,0.000000,0.000000,0.002001,-0.000042,0.000000,0.120943,0.031436,-9.809204,0.011989,0.002600,0.000009,0.364072,0.007904,27.000000,0.013045,1.106017,0.005550,-0.161068,0.000000,0.026000,0.000000,24,0,1,32,30,0.001104,0.012593,0.028627,-0.047896,-0.117832,10.257166,-1.206724,0.007904,0.011656,7,1,0,0.000000,0,-1.029757,0.000000,0.029920,0,-0.171843,0.000000,-0.021551,-1.029757,-0.171843,1,1,1,2.163959,0.000000,0.000000,0.000000,0.000000,0.000000,0.000000,0.000000
6.2901,1.105729,-0.161068,0.004711,0.000000,0.030914,-0.021551,1,-1.029757,16,0.120846,0.031781,1.105729,-0.004503,-1.071557,0.004711,1.105729,-1.045497,0.004711,-0.161068,0.000000,0.013045,-0.418292,-34.168916,0.026060,0.000000,0.000000,0.001993,0.000198,0.000000,0.120846,0.031781,-9.809204,-0.011233,-0.006939,-0.000010,0.364130,0.007871,27.000000,0.013045,1.105729,-0.004503,-0.161068,0.000000,0.026000,0.000000,29,0,1,32,30,0.003259,-0.012732,0.004868,0.206747,-0.149125,8.926727,-1.206667,0.007871,0.011640,6,1,0,0.000000,0,-1.029757,0.000000,0.030914,0,-0.171843,0.000000,-0.021551,-1.029757,-0.171843,1,1,1,2.164003,0.000000,0.000000,0.000000,0.000000,0.000000,0.000000,0.000000
6.3001,1.105921,-0.161068,0.003991,0.000000,0.031395,-0.021551,1,-1.029757,26,0.120497,0.032025,1.105921,-0.000419,-1.071550,0.003991,1.105921,-1.045490,0.003991,-0.161068,0.000000,0.013045,-0.418292,-34.168916,0.026060,-0.001000,0.000000,0.002005,-0.000010,0.000000,0.120497,0.032025,-9.809208,0.006411,-0.005860,-0.000997,0.364137,0.007852,27.000000,0.013045,1.105921,-0.000419,-0.161068,0.000000,0.026000,-0.001000,34,0,1,32,30,0.007509,0.004404,0.002937,-0.009610,-0.099158,10.295661,-1.206659,0.007852,0.011601,6,1,0,0.000000,0,-1.029757,0.000000,0.031395,0,-0.171843,0.000000,-0.021551,-1.029757,-0.171843,1,1,1,2.164047,0.000000,0.000000,0.000000,0.000000,0.000000,0.000000,0.000000
6.3101,1.105729,-0.161068,-0.005399,0.000000,0.030762,-0.021551,1,-1.029757,35,0.120321,0.032069,1.105729,-0.001466,-1.071491,-0.005399,1.105729,-1.045431,-0.005399,-0.161068,0.000000,0.013045,-0.418292,-34.168916,0.026060,0.000000,0.000000,0.001986,0.000078,0.000000,0.120321,0.032069,-9.809210,0.007581,0.012416,0.000007,0.364196,0.007850,27.000000,0.013045,1.105729,-0.001466,-0.161068,0.000000,0.026000,0.000000,39,0,1,32,30,-0.009577,0.010879,-0.005534,0.113118,-0.270989,9.499667,-1.206600,0.007850,0.011583,6,1,0,0.000000,0,-1.029757,0.000000,0.030762,0,-0.171843,0.000000,-0.021551,-1.029757,-0.171843,1,1,1,2.164091,0.000000,0.000000,0.000000,0.000000,0.000000,0.000000,0.000000
6.3201,1.105825,-0.161068,-0.003941,0.000000,0.031811,-0.021551,1,-1.029757,45,0.120209,0.032535,1.105825,0.002513,-1.071528,-0.003941,1.105825,-1.045470,-0.003941,-0.161068,0.000000,0.013043,-0.418292,-34.168916,0.026058,0.000000,0.000005,0.003852,0.000100,0.000005,0.120209,0.032535,-9.809210,-0.017674,-0.000011,0.000000,0.364158,0.007803,27.000000,0.013045,1.105825,0.002513,-0.161068,0.000000,0.026000,0.000000,44,0,1,32,30,-0.005278,-0.016917,-0.003721,-0.200122,0.274144,11.036210,-1.206638,0.007803,0.011564,6,1,0,0.000000,0,-1.029757,0.000000,0.031811,0,-0.171843,0.000000,-0.021551,-1.029757,-0.171843,1,1,1,2.164135,0.000000,0.000000,0.000000,0.000000,0.000000,0.000000,0.000000
6.3301,1.105729,-0.161068,-0.001535,0.000000,0.031868,-0.021551,1,-1.029757,53,0.120246,0.032797,1.105729,0.000419,-1.071567,-0.001535,1.105729,-1.045507,-0.001535,-0.161068,0.000000,0.013045,-0.418292,-34.168916,0.026060,0.000000,0.000000,0.004009,-0.000013,0.000000,0.120246,0.032797,-9.809208,-0.005604,-0.002927,-0.000005,0.364122,0.007778,27.000000,0.013045,1.105729,0.000419,-0.161068,0.000000,0.026000,0.000000,49,0,1,32,30,0.001115,-0.006243,-0.001458,0.065325,-0.063951,9.769690,-1.206674,0.007778,0.011563,7,1,0,0.000000,0,-1.029757,0.000000,0.031868,0,-0.171843,0.000000,-0.021551,-1.029757,-0.171843,1,1,1,2.164178,0.000000,0.000000,0.000000,0.000000,0.000000,0.000000,0.000000
6.3401,1.105729,-0.161068,-0.013972,0.000000,0.030818,-0.021551,1,-1.029757,63,0.120474,0.032731,1.105729,0.000419,-1.071511,-0.013972,1.105729,-1.045450,-0.013972,-0.161068,0.000000,0.013045,-0.418292,-34.168916,0.026061,0.000000,0.000000,0.003846,-0.000039,0.000000,0.120474,0.032731,-9.809206,0.008981,0.001669,0.000007,0.364178,0.007781,27.000000,0.013045,1.105729,0.000419,-0.161068,0.000000,0.026000,0.000000,54,0,1,32,30,0.001096,0.008886,-0.014082,0.120932,-0.150232,9.012794,-1.206618,0.007781,0.011587,7,1,0,0.000000,0,-1.029757,0.000000,0.030818,0,-0.171843,0.000000,-0.021551,-1.029757,-0.171843,1,1,1,2.164222,0.000000,0.000000,0.000000,0.000000,0.000000,0.000000,0.000000
6.3501,1.105921,-0.161068,-0.010162,0.000000,0.031442,-0.021551,1,-1.029757,73,0.121024,0.032571,1.105921,0.002513,-1.071515,-0.010162,1.105921,-1.045455,-0.010162,-0.161068,0.000000,0.013045,-0.418292,-34.168916,0.026061,0.000000,0.000000,0.002036,0.000212,0.000000,0.121024,0.032571,-9.809199,-0.007534,-0.010244,-0.000007,0.364173,0.007788,27.000000,0.013045,1.105921,0.002513,-0.161068,0.000000,0.026000,0.000000,59,0,1,32,30,0.007521,-0.010385,-0.010035,-0.085491,0.161701,10.853317,-1.206623,0.007788,0.011645,6,1,0,0.000000,0,-1.029757,0.000000,0.031442,0,-0.171843,0.000000,-0.021551,-1.029757,-0.171843,1,1,1,2.164265,0.000000,0.000000,0.000000,0.000000,0.000000,0.000000,0.000000
6.3601,1.105727,-0.161068,-0.020568,0.000000,0.033071,-0.021551,1,-1.029757,83,0.121019,0.032070,1.105727,-0.000419,-1.071641,-0.020568,1.105729,-1.045594,-0.020568,-0.161068,0.000000,0.012980,-0.418292,-34.168916,0.026046,0.000000,0.000155,0.001891,-0.000061,0.000155,0.121019,0.032070,-9.809201,0.002923,-0.006950,0.000000,0.364034,0.007774,27.000000,0.013045,1.105729,-0.000419,-0.161068,0.000000,0.026000,0.000000,64,0,1,32,30,0.007507,0.000442,-0.020576,-0.127746,0.000623,9.176847,-1.206763,0.007774,0.011653,7,1,0,0.000000,0,-1.029757,0.000000,0.033071,0,-0.171843,0.000000,-0.021551,-1.029757,-0.171843,1,1,1,2.164309,0.000000,0.000000,0.000000,0.000000,0.000000,0.000000,0.000000
6.3701,1.105825,-0.161068,-0.001229,0.000000,0.032398,-0.021551,1,-1.029757,93,0.120964,0.032785,1.105825,0.000419,-1.071716,-0.001229,1.105825,-1.045655,-0.001229,-0.161068,0.000000,0.013045,-0.418292,-34.168916,0.026061,0.000000,0.000000,0.001997,0.000092,0.000000,0.120964,0.032785,-9.809199,0.006623,0.000922,0.000005,0.363974,0.007768,27.000000,0.013045,1.105825,0.000419,-0.161068,0.000000,0.026000,0.000000,69,0,1,32,30,0.001102,0.006579,-0.001309,-0.124187,0.239001,10.787075,-1.206823,0.007768,0.011636,7,1,0,0.000000,0,-1.029757,0.000000,0.032398,0,-0.171843,0.000000,-0.021551,-1.029757,-0.171843,1,1,1,2.164352,0.000000,0.000000,0.000000,0.000000,0.000000,0.000000,0.000000
6.3801,1.105825,-0.161068,-0.003270,0.000000,0.032013,-0.021551,1,-1.029757,103,0.121036,0.032945,1.105825,-0.001466,-1.071734,-0.003270,1.105825,-1.045673,-0.003270,-0.161068,0.000000,0.013045,-0.418292,-34.168916,0.026061,0.000000,0.000000,0.002002,0.000089,0.000000,0.121036,0.032945,-9.809198,0.006884,0.014432,0.000008,0.363956,0.007751,27.000000,0.013045,1.105825,-0.001466,-0.161068,0.000000,0.026000,0.000000,74,0,1,32,30,-0.011711,0.010844,-0.003403,0.091676,-0.317178,8.589999,-1.206841,0.007751,0.011640,6,1,0,0.000000,0,-1.029757,0.000000,0.032013,0,-0.171843,0.000000,-0.021551,-1.029757,-0.171843,1,1,1,2.164396,0.000000,0.000000,0.000000,0.000000,0.000000,0.000000,0.000000
6.3901,1.105729,-0.161068,0.007256,0.000000,0.031698,-0.021551,1,-1.029757,114,0.121448,0.032875,1.105729,-0.000419,-1.071723,0.007256,1.105729,-1.045662,0.007256,-0.161068,0.000000,0.013045,-0.418292,-34.168916,0.026061,0.000000,0.000000,0.001998,-0.000210,0.000000,0.121448,0.032875,-9.809193,0.006306,-0.005893,0.000003,0.363966,0.007751,27.000000,0.013045,1.105729,-0.000419,-0.161068,0.000000,0.026000,0.000000,79,0,1,32,30,0.007511,0.004347,0.007203,-0.249216,0.185686,10.451493,-1.206830,0.007751,0.011683,6,1,0,0.000000,0,-1.029757,0.000000,0.031698,0,-0.171843,0.000000,-0.021551,-1.029757,-0.171843,1,1,1,2.164439,0.000000,0.000000,0.000000,0.000000,0.000000,0.000000,0.000000
6.4001,1.105921,-0.161068,0.005067,0.000000,0.030835,-0.021551,1,-1.029757,124,0.121662,0.032959,1.105921,0.000419,-1.071642,0.005067,1.105921,-1.045580,0.005067,-0.161068,0.000000,0.013045,-0.418292,-34.168916,0.026062,0.000000,0.000000,0.003986,-0.000033,0.000000,0.121662,0.032959,-9.809190,0.002387,-0.000413,0.000001,0.364047,0.007739,27.000000,0.013045,1.105921,0.000419,-0.161068,0.000000,0.026000,0.000000,84,0,1,32,30,0.001108,0.002220,0.005040,-0.211280,0.365970,10.568175,-1.206749,0.007739,0.011703,7,1,0,0.000000,0,-1.029757,0.000000,0.030835,0,-0.171843,0.000000,-0.021551,-1.029757,-0.171843,1,1,1,2.164483,0.000000,0.000000,0.000000,0.000000,0.000000,0.000000,0.000000
6.4101,1.105825,-0.161068,0.009532,0.000000,0.031145,-0.021551,1,-1.029757,133,0.122004,0.033136,1.105825,-0.000419,-1.071601,0.009532,1.105825,-1.045539,0.009532,-0.161068,0.000000,0.013045,-0.418292,-34.168916,0.026062,0.000000,0.000000,0.003786,-0.000128,0.000000,0.122004,0.033136,-9.809185,0.008498,0.008223,0.000007,0.364089,0.007716,27.000000,0.013045,1.105825,-0.000419,-0.161068,0.000000,0.026000,0.000000,89,0,1,32,30,-0.005303,0.010693,0.009400,-0.080556,-0.137832,8.773527,-1.206707,0.007716,0.011735,7,1,0,0.000000,0,-1.029757,0.000000,0.031145,0,-0.171843,0.000000,-0.021551,-1.029757,-0.171843,1,1,1,2.164525,0.000000,0.000000,0.000000,0.000000,0.000000,0.000000,0.000000
6.4201,1.105729,-0.161068,0.000698,0.000000,0.031902,-0.021551,1,-1.029757,144,0.121925,0.033021,1.105729,-0.000419,-1.071630,0.000698,1.105729,-1.045567,0.000698,-0.161068,0.000000,0.013043,-0.418292,-34.168916,0.026063,0.000000,0.000005,0.003994,-0.000060,0.000005,0.121925,0.033021,-9.809187,-0.001582,-0.001661,0.000000,0.364061,0.007726,27.000000,0.013045,1.105729,-0.000419,-0.161068,0.000000,0.026000,0.000000,94,0,1,32,30,0.001111,-0.001997,0.000724,0.085318,0.167567,10.384536,-1.206736,0.007726,0.011729,6,1,0,0.000000,0,-1.029757,0.000000,0.031902,0,-0.171843,0.000000,-0.021551,-1.029757,-0.171843,1,1,1,2.164569,0.000000,0.000000,0.000000,0.000000,0.000000,0.000000,0.000000
6.4301,1.105729,-0.161068,0.002936,0.000000,0.032436,-0.021551,1,-1.029757,153,0.121993,0.033140,1.105729,0.001466,-1.071699,0.002936,1.105729,-1.045635,0.002936,-0.161068,0.000000,0.013043,-0.418292,-34.168916,0.026064,0.000000,0.000004,0.003792,0.000047,0.000004,0.121993,0.033140,-9.809185,0.002440,-0.000395,0.000000,0.363993,0.007714,27.000000,0.013045,1.105729,0.001466,-0.161068,0.000000,0.026000,0.000000,99,0,1,32,30,0.001108,0.002248,0.002907,0.083195,-0.199594,9.136689,-1.206803,0.007714,0.011733,6,1,0,0.000000,0,-1.029757,0.000000,0.032436,0,-0.171843,0.000000,-0.021551,-1.029757,-0.171843,1,1,1,2.164611,0.000000,0.000000,0.000000,0.000000,0.000000,0.000000,0.000000
6.4401,1.105825,-0.161068,-0.001230,0.000000,0.032694,-0.021551,1,-1.029757,163,0.122240,0.033362,1.105825,0.001466,-1.071776,-0.001230,1.105825,-1.045713,-0.001230,-0.161068,0.000000,0.013045,-0.418292,-34.168916,0.026063,0.000000,0.000000,0.001991,0.000103,0.000000,0.122240,0.033362,-9.809182,0.005978,0.002957,0.000005,0.363915,0.007689,27.000000,0.013045,1.105825,0.001466,-0.161068,0.000000,0.026000,0.000000,104,0,1,32,30,-0.001033,0.006573,-0.001311,-0.076831,0.128054,10.479737,-1.206882,0.007689,0.011755,7,1,0,0.000000,0,-1.029757,0.000000,0.032694,0,-0.171843,0.000000,-0.021551,-1.029757,-0.171843,1,1,1,2.164654,0.000000,0.000000,0.000000,0.000000,0.000000,0.000000,0.000000
6.4501,1.105921,-0.161068,0.011622,0.000000,0.031811,-0.021551,1,-1.029757,173,0.122350,0.033251,1.105921,-0.000419,-1.071767,0.011622,1.105921,-1.045705,0.011622,-0.161068,0.000000,0.013045,-0.418292,-34.168916,0.026063,0.000000,0.000000,0.001995,0.000096,0.000000,0.122350,0.033251,-9.809181,0.009629,-0.002612,0.000006,0.363923,0.007698,27.000000,0.013045,1.105921,-0.000419,-0.161068,0.000000,0.026000,0.000000,109,0,1,32,30,0.005373,0.008558,0.011517,0.132460,-0.243707,9.614800,-1.206873,0.007698,0.011768,7,1,0,0.000000,0,-1.029757,0.000000,0.031811,0,-0.171843,0.000000,-0.021551,-1.029757,-0.171843,1,1,1,2.164697,0.000000,0.000000,0.000000,0.000000,0.000000,0.000000,0.000000
6.4601,1.105825,-0.161068,-0.005855,0.000000,0.032786,-0.021551,1,-1.029757,183,0.122573,0.033094,1.105825,-0.001466,-1.071838,-0.005855,1.105825,-1.045779,-0.005855,-0.161068,0.000000,0.013014,-0.418292,-34.168916,0.026059,0.000000,0.000073,0.002000,0.000012,0.000073,0.122573,0.033094,-9.809178,-0.006891,-0.005568,0.000000,0.363849,0.007680,27.000000,0.013045,1.105825,-0.001466,-0.161068,0.000000,0.026000,0.000000,114,0,1,32,30,0.003251,-0.008317,-0.005748,-0.343407,0.226375,11.026066,-1.206948,0.007680,0.011793,6,1,0,0.000000,0,-1.029757,0.000000,0.032786,0,-0.171843,0.000000,-0.021551,-1.029757,-0.171843,1,1,1,2.164740,0.000000,0.000000,0.000000,0.000000,0.000000,0.000000,0.000000
6.4701,1.105921,-0.161068,-0.001427,0.000000,0.032223,-0.021551,1,-1.029757,194,0.122693,0.033713,1.105921,0.000419,-1.071857,-0.001427,1.105921,-1.045794,-0.001427,-0.161068,0.000000,0.013045,-0.418292,-34.168916,0.026063,0.000000,0.000000,0.001842,0.000093,0.000000,0.122693,0.033713,-9.809175,0.000404,-0.007749,-0.000001,0.363834,0.007646,27.000000,0.013045,1.105921,0.000419,-0.161068,0.000000,0.026000,0.000000,119,0,1,32,30,0.007515,-0.001951,-0.001403,0.094745,-0.057791,10.047312,-1.206962,0.007646,0.011795,6,1,0,0.000000,0,-1.029757,0.000000,0.032223,0,-0.171843,0.000000,-0.021551,-1.029757,-0.171843,1,1,1,2.164782,0.000000,0.000000,0.000000,0.000000,0.000000,0.000000,0.000000
6.4801,1.105825,-0.161068,-0.001336,0.000000,0.032428,-0.021551,1,-1.029757,203,0.122643,0.033795,1.105825,-0.000419,-1.071886,-0.001336,1.105825,-1.045823,-0.001336,-0.161068,0.000000,0.013045,-0.418292,-34.168916,0.026063,0.000000,0.000000,0.003947,0.000012,0.000000,0.122643,0.033795,-9.809175,0.000613,0.005744,0.000002,0.363805,0.007639,27.000000,0.013045,1.105825,-0.000419,-0.161068,0.000000,0.026000,0.000000,124,0,1,32,30,-0.005297,0.002287,-0.001364,0.024819,-0.157489,8.821250,-1.206991,0.007639,0.011788,7,1,0,0.000000,0,-1.029757,0.000000,0.032428,0,-0.171843,0.000000,-0.021551,-1.029757,-0.171843,1,1,1,2.164825,0.000000,0.000000,0.000000,0.000000,0.000000,0.000000,0.000000
6.4901,1.105729,-0.161068,0.004914,0.000000,0.031662,-0.021551,1,-1.029757,212,0.122924,0.033780,1.105729,0.002513,-1.071847,0.004914,1.105729,-1.045784,0.004914,-0.161068,0.000000,0.013045,-0.418292,-34.168916,0.026063,0.000000,0.000000,0.001997,-0.000201,0.000000,0.122924,0.033780,-9.809172,-0.003726,-0.002338,-0.000003,0.363844,0.007636,27.000000,0.013045,1.105729,0.002513,-0.161068,0.000000,0.026000,0.000000,129,0,1,32,30,0.001115,-0.004191,0.004965,-0.076062,0.162296,10.805476,-1.206953,0.007636,0.011817,7,1,0,0.000000,0,-1.029757,0.000000,0.031662,0,-0.171843,0.000000,-0.021551,-1.029757,-0.171843,1,1,1,2.164868,0.000000,0.000000,0.000000,0.000000,0.000000,0.000000,0.000000
6.5001,1.105825,-0.161068,-0.005592,0.000000,0.032241,-0.021551,1,-1.029757,221,0.123216,0.034008,1.105825,0.001466,-1.071863,-0.005592,1.105825,-1.045800,-0.005592,-0.161068,0.000000,0.013045,-0.418292,-34.168916,0.026064,0.000000,0.000000,0.002001,0.000003,0.000000,0.123216,0.034008,-9.809167,0.003943,-0.004396,0.000002,0.363828,0.007608,27.000000,0.013045,1.105825,0.001466,-0.161068,0.000000,0.026000,0.000000,134,0,1,32,30,0.005374,0.002374,-0.005622,0.093240,-0.248812,9.251047,-1.206968,0.007608,0.011842,7,1,0,0.000000,0,-1.029757,0.000000,0.032241,0,-0.171843,0.000000,-0.021551,-1.029757,-0.171843,1,1,1,2.164910,0.000000,0.000000,0.000000,0.000000,0.000000,0.000000,0.000000
6.5101,1.105825,-0.161068,-0.009754,0.000000,0.033104,-0.021551,1,-1.029757,231,0.123065,0.033956,1.105825,-0.001466,-1.071948,-0.009754,1.105825,-1.045885,-0.009754,-0.161068,0.000000,0.013045,-0.418292,-34.168916,0.026064,0.000000,0.000000,0.004000,0.000041,0.000000,0.123065,0.033956,-9.809169,0.008126,-0.003078,0.000004,0.363744,0.007616,27.000000,0.013045,1.105825,-0.001466,-0.161068,0.000000,0.026000,0.000000,139,0,1,32,30,0.005368,0.006705,-0.009838,0.064582,-0.173628,9.357059,-1.207053,0.007616,0.011828,7,1,0,0.000000,0,-1.029757,0.000000,0.033104,0,-0.171843,0.000000,-0.021551,-1.029757,-0.171843,1,1,1,2.164953,0.000000,0.000000,0.000000,0.000000,0.000000,0.000000,0.000000
6.5201,1.105825,-0.161068,-0.004109,0.000000,0.032285,-0.021551,1,-1.029757,242,0.123441,0.034006,1.105825,0.000419,-1.071951,-0.004109,1.105825,-1.045887,-0.004109,-0.161068,0.000000,0.013045,-0.418292,-34.168916,0.026064,0.001000,0.000000,0.002000,0.000108,0.000000,0.123441,0.034006,-9.809164,0.016221,0.006182,0.001014,0.363741,0.007604,27.000000,0.013045,1.105825,0.000419,-0.161068,0.000000,0.026000,0.001000,144,0,1,32,30,-0.001045,0.017286,-0.003320,0.073693,-0.284596,9.049695,-1.207056,0.007604,0.011865,7,1,0,0.000000,0,-1.029757,0.000000,0.032285,0,-0.171843,0.000000,-0.021551,-1.029757,-0.171843,1,1,1,2.164995,0.000000,0.000000,0.000000,0.000000,0.000000,0.000000,0.000000
6.5301,1.105825,-0.161068,-0.003722,0.000000,0.032992,-0.021551,1,-1.029757,251,0.123809,0.034438,1.105825,-0.001466,-1.072013,-0.003722,1.105825,-1.045948,-0.003722,-0.161068,0.000000,0.013045,-0.418292,-34.168916,0.026065,0.000000,0.000000,0.003836,0.000003,0.000000,0.123809,0.034438,-9.809158,-0.008878,0.000519,-0.000006,0.363680,0.007555,27.000000,0.013045,1.105825,-0.001466,-0.161068,0.000000,0.026000,0.000000,149,0,1,32,30,-0.003152,-0.008364,-0.003620,-0.212746,0.155942,9.762148,-1.207116,0.007555,0.011895,6,1,0,0.000000,0,-1.029757,0.000000,0.032992,0,-0.171843,0.000000,-0.021551,-1.029757,-0.171843,1,1,1,2.165037,0.000000,0.000000,0.000000,0.000000,0.000000,0.000000,0.000000
6.5401,1.105886,-0.161068,-0.024735,0.000000,0.033828,-0.021551,1,-1.029757,5,0.123521,0.034619,1.105886,0.001466,-1.072133,-0.024735,1.105921,-1.046068,-0.024735,-0.161068,0.000000,0.013045,-0.418292,-34.168916,0.026065,0.000000,0.002002,0.001857,0.000025,0.002002,0.123521,0.034619,-9.809161,0.005817,-0.001563,0.000003,0.363560,0.007541,27.000000,0.013045,1.105921,0.001466,-0.161068,0.000000,0.026000,0.000000,154,0,1,32,30,0.003231,0.004760,-0.024795,-0.143959,0.336024,10.673192,-1.207236,0.007541,0.011863,7,1,0,0.000000,0,-1.029757,0.000000,0.033828,0,-0.171843,0.000000,-0.021551,-1.029757,-0.171843,1,1,1,2.165080,0.000000,0.000000,0.000000,0.000000,0.000000,0.000000,0.000000
6.5501,1.105729,-0.161068,-0.015953,0.000000,0.033316,-0.021551,1,-1.029757,15,0.123624,0.034603,1.105729,0.000419,-1.072191,-0.015953,1.105729,-1.046126,-0.015953,-0.161068,0.000000,0.013045,-0.418292,-34.168916,0.026065,0.000000,0.000000,0.001987,-0.000163,0.000000,0.123624,0.034603,-9.809160,0.013858,0.007681,0.000009,0.363502,0.007541,27.000000,0.013045,1.105729,0.000419,-0.161068,0.000000,0.026000,0.000000,159,0,1,32,30,-0.003181,0.015313,-0.016144,0.274101,-0.263950,8.935187,-1.207294,0.007541,0.011874,6,1,0,0.000000,0,-1.029757,0.000000,0.033316,0,-0.171843,0.000000,-0.021551,-1.029757,-0.171843,1,1,1,2.165123,0.000000,0.000000,0.000000,0.000000,0.000000,0.000000,0.000000
6.5601,1.105921,-0.161068,0.009181,0.000000,0.031699,-0.021551,1,-1.029757,26,0.124201,0.034867,1.105921,0.000419,-1.072105,0.009181,1.105921,-1.046040,0.009181,-0.161068,0.000000,0.013045,-0.418292,-34.168916,0.026065,0.000000,0.000000,0.003952,0.000080,0.000000,0.124201,0.034867,-9.809152,-0.003189,-0.004407,-0.000004,0.363589,0.007505,27.000000,0.013045,1.105921,0.000419,-0.161068,0.000000,0.026000,0.000000,164,0,1,32,30,0.003251,-0.004241,0.009233,-0.143099,0.125072,10.718925,-1.207207,0.007505,0.011927,7,1,0,0.000000,0,-1.029757,0.000000,0.031699,0,-0.171843,0.000000,-0.021551,-1.029757,-0.171843,1,1,1,2.165165,0.000000,0.000000,0.000000,0.000000,0.000000,0.000000,0.000000
6.5701,1.105825,-0.161068,-0.014281,0.000000,0.033461,-0.021551,1,-1.029757,35,0.124171,0.034943,1.105825,0.000419,-1.072180,-0.014281,1.105825,-1.046114,-0.014281,-0.161068,0.000000,0.013045,-0.418292,-34.168916,0.026065,0.000000,0.000000,0.003829,0.000150,0.000000,0.124171,0.034943,-9.809152,-0.003891,-0.000145,-0.000003,0.363514,0.007498,27.000000,0.013045,1.105825,0.000419,-0.161068,0.000000,0.026000,0.000000,169,0,1,32,30,-0.001025,-0.003942,-0.014233,0.159885,-0.369900,8.991471,-1.207282,0.007498,0.011923,6,1,0,0.000000,0,-1.029757,0.000000,0.033461,0,-0.171843,0.000000,-0.021551,-1.029757,-0.171843,1,1,1,2.165208,0.000000,0.000000,0.000000,0.000000,0.000000,0.000000,0.000000
6.5801,1.105921,-0.161068,0.005324,0.000000,0.033030,-0.021551,1,-1.029757,44,0.123960,0.035008,1.105921,0.002513,-1.072206,0.005324,1.105921,-1.046141,0.005324,-0.161068,0.000000,0.013045,-0.418292,-34.168916,0.026065,0.000000,0.000000,0.001997,0.000091,0.000000,0.123960,0.035008,-9.809154,0.013221,0.000758,0.000010,0.363488,0.007495,27.000000,0.013045,1.105921,0.002513,-0.161068,0.000000,0.026000,0.000000,174,0,1,32,30,0.003232,0.012911,0.005166,0.122945,-0.234504,9.643598,-1.207308,0.007495,0.011901,6,1,0,0.000000,0,-1.029757,0.000000,0.033030,0,-0.171843,0.000000,-0.021551,-1.029757,-0.171843,1,1,1,2.165250,0.000000,0.000000,0.000000,0.000000,0.000000,0.000000,0.000000
6.5901,1.105825,-0.161068,0.000903,0.000000,0.032548,-0.021551,1,-1.029757,53,0.124468,0.035259,1.105825,0.001466,-1.072188,0.000903,1.105825,-1.046122,0.000903,-0.161068,0.000000,0.013045,-0.418292,-34.168916,0.026066,0.000000,0.000000,0.002000,0.000101,0.000000,0.124468,0.035259,-9.809147,0.005925,0.002940,0.000004,0.363506,0.007462,27.000000,0.013045,1.105825,0.001466,-0.161068,0.000000,0.026000,0.000000,179,0,1,32,30,-0.001032,0.006544,0.000822,0.084210,-0.025222,9.731810,-1.207290,0.007462,0.011948,7,1,0,0.000000,0,-1.029757,0.000000,0.032548,0,-0.171843,0.000000,-0.021551,-1.029757,-0.171843,1,1,1,2.165292,0.000000,0.000000,0.000000,0.000000,0.000000,0.000000,0.000000
6.6001,1.105822,-0.161068,-0.016513,0.000000,0.033296,-0.021551,1,-1.029757,63,0.124593,0.034429,1.105822,-0.000419,-1.072224,-0.016513,1.105825,-1.046169,-0.016513,-0.161068,0.000000,0.012951,-0.418292,-34.168916,0.026054,0.000000,0.000226,0.003786,-0.000078,0.000226,0.124593,0.034429,-9.809148,-0.005336,-0.009551,0.000000,0.363459,0.007449,27.000000,0.013045,1.105825,-0.000419,-0.161068,0.000000,0.026000,0.000000,184,0,1,32,30,0.003242,-0.001793,-0.014205,-0.023067,-0.081844,8.888972,-1.207326,0.007443,0.011979,6,1,0,0.000000,0,-1.029757,0.000000,0.033296,0,-0.171843,0.000000,-0.021551,-1.029757,-0.171843,1,1,1,2.165335,0.000000,0.000000,0.000000,0.000000,0.000000,0.000000,0.000000
6.6101,1.105825,-0.161068,0.010121,0.000000,0.033325,-0.021551,1,-1.029757,73,0.124308,0.035258,1.105825,-0.000419,-1.072284,0.010121,1.105825,-1.046211,0.010121,-0.161068,0.000000,0.013020,-0.418292,-34.168916,0.026073,-0.001000,0.000059,0.002000,-0.000096,0.000059,0.124308,0.035258,-9.809149,-0.006516,-0.000979,-0.001000,0.363418,0.007440,27.000000,0.013045,1.105825,-0.000419,-0.161068,0.000000,0.026000,-0.001000,189,0,1,32,30,-0.001016,-0.006391,0.009205,0.008514,0.159496,10.259990,-1.207378,0.007440,0.011932,7,1,0,0.000000,0,-1.029757,0.000000,0.033325,0,-0.171843,0.000000,-0.021551,-1.029757,-0.171843,1,1,1,2.165377,0.000000,0.000000,0.000000,0.000000,0.000000,0.000000,0.000000
6.6201,1.105825,-0.161068,0.039382,0.000000,0.030654,-0.021551,1,-1.029757,84,0.124515,0.035749,1.105825,-0.000419,-1.072090,0.039382,1.105825,-1.046023,0.039382,-0.161068,0.000000,0.013045,-0.418292,-34.168916,0.026066,0.000000,0.000000,0.001849,-0.000069,0.000000,0.124515,0.035749,-9.809145,0.006461,0.012049,0.000008,0.363606,0.007412,27.000000,0.013045,1.105825,-0.000419,-0.161068,0.000000,0.026000,0.000000,194,0,1,32,30,-0.009563,0.010283,0.039259,0.187696,-0.215362,8.868628,-1.207190,0.007412,0.011945,6,1,0,0.000000,0,-1.029757,0.000000,0.030654,0,-0.171843,0.000000,-0.021551,-1.029757,-0.171843,1,1,1,2.165419,0.000000,0.000000,0.000000,0.000000,0.000000,0.000000,0.000000
6.6301,1.105825,-0.161068,-0.014377,0.000000,0.031573,-0.021551,1,-1.029757,94,0.125123,0.035925,1.105825,0.003560,-1.072010,-0.014377,1.105825,-1.045943,-0.014377,-0.161068,0.000000,0.013045,-0.418292,-34.168916,0.026067,0.000000,0.000000,0.003818,-0.000106,0.000000,0.125123,0.035925,-9.809136,-0.006032,-0.007533,-0.000006,0.363686,0.007384,27.000000,0.013045,1.105825,0.003560,-0.161068,0.000000,0.026000,0.000000,199,0,1,32,30,0.005383,-0.008197,-0.014278,-0.171818,-0.053675,10.477850,-1.207110,0.007384,0.012003,7,1,0,0.000000,0,-1.029757,0.000000,0.031573,0,-0.171843,0.000000,-0.021551,-1.029757,-0.171843,1,1,1,2.165460,0.000000,0.000000,0.000000,0.000000,0.000000,0.000000,0.000000
6.6401,1.105825,-0.161068,-0.005702,0.000000,0.033238,-0.021551,1,-1.029757,104,0.124859,0.035643,1.105825,0.001466,-1.072082,-0.005702,1.105825,-1.046015,-0.005702,-0.161068,0.000000,0.013045,-0.418292,-34.168916,0.026067,0.000000,0.000000,0.003845,-0.000184,0.000000,0.124859,0.035643,-9.809141,-0.002711,0.002461,-0.000001,0.363614,0.007417,27.000000,0.013045,1.105825,0.001466,-0.161068,0.000000,0.026000,0.000000,3,0,1,32,30,-0.003160,-0.001924,-0.005678,0.217442,-0.107084,9.396109,-1.207183,0.007417,0.011981,7,1,0,0.000000,0,-1.029757,0.000000,0.033238,0,-0.171843,0.000000,-0.021551,-1.029757,-0.171843,1,1,1,2.165502,0.000000,0.000000,0.000000,0.000000,0.000000,0.000000,0.000000
6.6501,1.105825,-0.161068,0.020094,0.000000,0.031547,-0.021551,1,-1.029757,114,0.124832,0.035743,1.105825,-0.000419,-1.072001,0.020094,1.105825,-1.045935,0.020094,-0.161068,0.000000,0.013045,-0.418292,-34.168916,0.026067,0.000000,0.000000,0.004000,-0.000060,0.000000,0.124832,0.035743,-9.809141,0.004800,0.004818,0.000004,0.363695,0.007407,27.000000,0.013045,1.105825,-0.000419,-0.161068,0.000000,0.026000,0.000000,8,0,1,32,30,-0.003161,0.006283,0.020017,0.007107,-0.173188,9.318744,-1.207102,0.007407,0.011977,7,1,0,0.000000,0,-1.029757,0.000000,0.031547,0,-0.171843,0.000000,-0.021551,-1.029757,-0.171843,1,1,1,2.165542,0.000000,0.000000,0.000000,0.000000,0.000000,0.000000,0.000000
6.6601,1.105729,-0.161068,0.003147,0.000000,0.031895,-0.021551,1,-1.029757,123,0.125461,0.035766,1.105729,0.001466,-1.071966,0.003147,1.105729,-1.045896,0.003147,-0.161068,0.000000,0.013009,-0.418292,-34.168916,0.026070,0.000000,0.000086,0.003855,-0.000191,0.000086,0.125461,0.035766,-9.809132,0.010592,0.002171,0.000000,0.363733,0.007358,27.000000,0.013045,1.105729,0.001466,-0.161068,0.000000,0.026000,0.000000,13,0,1,32,30,0.001099,0.010796,0.003006,0.065404,-0.139622,9.701936,-1.207063,0.007358,0.012039,7,1,0,0.000000,0,-1.029757,0.000000,0.031895,0,-0.171843,0.000000,-0.021551,-1.029757,-0.171843,1,1,1,2.165583,0.000000,0.000000,0.000000,0.000000,0.000000,0.000000,0.000000
6.6701,1.105825,-0.161068,-0.019673,0.000000,0.033608,-0.021551,1,-1.029757,134,0.125471,0.036058,1.105825,0.002513,-1.072074,-0.019673,1.105825,-1.046007,-0.019673,-0.161068,0.000000,0.013045,-0.418292,-34.168916,0.026067,-0.001000,0.000000,0.001999,0.000027,0.000000,0.125471,0.036058,-9.809131,-0.001797,-0.006198,-0.001003,0.363622,0.007365,27.000000,0.013045,1.105825,0.002513,-0.161068,0.000000,0.026000,-0.001000,18,0,1,32,30,0.005376,-0.003838,-0.020627,-0.098219,0.156947,9.685669,-1.207174,0.007365,0.012036,6,1,0,0.000000,0,-1.029757,0.000000,0.033608,0,-0.171843,0.000000,-0.021551,-1.029757,-0.171843,1,1,1,2.165624,0.000000,0.000000,0.000000,0.000000,0.000000,0.000000,0.000000
6.6801,1.105825,-0.161068,0.018837,0.000000,0.032610,-0.021551,1,-1.029757,143,0.125319,0.036241,1.105825,0.001466,-1.072084,0.018837,1.105825,-1.046016,0.018837,-0.161068,0.000000,0.013045,-0.418292,-34.168916,0.026067,0.001000,0.000000,0.002025,-0.000032,0.000000,0.125319,0.036241,-9.809133,-0.005390,0.001611,0.000997,0.363613,0.007349,27.000000,0.013045,1.105825,0.001466,-0.161068,0.000000,0.026000,0.001000,23,0,1,32,30,-0.003150,-0.004402,0.019893,-0.249411,0.619645,10.934375,-1.207183,0.007349,0.012017,7,1,0,0.000000,0,-1.029757,0.000000,0.032610,0,-0.171843,0.000000,-0.021551,-1.029757,-0.171843,1,1,1,2.165665,0.000000,0.000000,0.000000,0.000000,0.000000,0.000000,0.000000
6.6901,1.105921,-0.161068,0.001049,0.000000,0.031474,-0.021551,1,-1.029757,153,0.125727,0.036518,1.105921,0.000419,-1.071997,0.001049,1.105921,-1.045929,0.001049,-0.161068,0.000000,0.013045,-0.418292,-34.168916,0.026068,0.000000,0.000000,0.004001,0.000084,0.000000,0.125727,0.036518,-9.809126,0.009461,0.013003,0.000009,0.363701,0.007314,27.000000,0.013045,1.105921,0.000419,-0.161068,0.000000,0.026000,0.000000,28,0,1,32,30,-0.009577,0.012931,0.000889,0.005643,-0.232581,8.705638,-1.207096,0.007314,0.012054,6,1,0,0.000000,0,-1.029757,0.000000,0.031474,0,-0.171843,0.000000,-0.021551,-1.029757,-0.171843,1,1,1,2.165705,0.000000,0.000000,0.000000,0.000000,0.000000,0.000000,0.000000
6.7001,1.105727,-0.161068,-0.005904,0.000000,0.032624,-0.021551,1,-1.029757,163,0.125531,0.036057,1.105727,-0.001466,-1.072017,-0.005904,1.105729,-1.045952,-0.005904,-0.161068,0.000000,0.012986,-0.418292,-34.168916,0.026064,0.000000,0.000141,0.002013,-0.000184,0.000141,0.125531,0.036057,-9.809131,-0.007639,-0.010280,0.000000,0.363677,0.007305,27.000000,0.013045,1.105729,-0.001466,-0.161068,0.000000,0.026000,0.000000,33,0,1,32,30,0.003244,-0.003930,-0.014230,-0.174374,0.127159,9.771454,-1.207115,0.007299,0.012048,7,1,0,0.000000,0,-1.029757,0.000000,0.032624,0,-0.171843,0.000000,-0.021551,-1.029757,-0.171843,1,1,1,2.165746,0.000000,0.000000,0.000000,0.000000,0.000000,0.000000,0.000000
6.7101,1.105921,-0.161068,0.013746,0.000000,0.031652,-0.021551,1,-1.029757,172,0.125536,0.036676,1.105921,-0.001466,-1.071959,0.013746,1.105921,-1.045891,0.013746,-0.161068,0.000000,0.013045,-0.418292,-34.168916,0.026068,0.000000,0.000000,0.003994,-0.000032,0.000000,0.125536,0.036676,-9.809128,0.006998,0.005511,0.000006,0.363739,0.007302,27.000000,0.013045,1.105921,-0.001466,-0.161068,0.000000,0.026000,0.000000,38,0,1,32,30,-0.003165,0.008505,0.013643,0.218339,-0.525335,9.190928,-1.207057,0.007302,0.012032,7,1,0,0.000000,0,-1.029757,0.000000,0.031652,0,-0.171843,0.000000,-0.021551,-1.029757,-0.171843,1,1,1,2.165786,0.000000,0.000000,0.000000,0.000000,0.000000,0.000000,0.000000
6.7201,1.105921,-0.161068,0.003288,0.000000,0.032033,-0.021551,1,-1.029757,182,0.125990,0.036863,1.105921,0.000419,-1.071940,0.003288,1.105921,-1.045871,0.003288,-0.161068,0.000000,0.013045,-0.418292,-34.168916,0.026068,0.000000,0.000000,0.002026,0.000191,0.000000,0.125990,0.036863,-9.809122,0.015417,0.008163,0.000013,0.363759,0.007275,27.000000,0.013045,1.105921,0.000419,-0.161068,0.000000,0.026000,0.000000,43,0,1,32,30,-0.003177,0.017195,0.003077,0.036347,-0.288623,9.375025,-1.207038,0.007275,0.012075,6,1,0,0.000000,0,-1.029757,0.000000,0.032033,0,-0.171843,0.000000,-0.021551,-1.029757,-0.171843,1,1,1,2.165825,0.000000,0.000000,0.000000,0.000000,0.000000,0.000000,0.000000
6.7302,1.105825,-0.161068,0.000703,0.000000,0.032895,-0.021551,1,-1.029757,193,0.126066,0.036641,1.105825,0.001466,-1.071995,0.000703,1.105825,-1.045927,0.000703,-0.161068,0.000000,0.013045,-0.418292,-34.168916,0.026068,0.000000,0.000000,0.001990,-0.000085,0.000000,0.126066,0.036641,-9.809122,-0.000293,-0.005731,-0.000001,0.363703,0.007296,27.000000,0.013045,1.105825,0.001466,-0.161068,0.000000,0.026000,0.000000,48,0,1,32,30,0.005381,-0.001985,0.000728,-0.009277,0.106492,10.680544,-1.207094,0.007296,0.012086,7,1,0,0.000000,0,-1.029757,0.000000,0.032895,0,-0.171843,0.000000,-0.021551,-1.029757,-0.171843,1,1,1,2.165865,0.000000,0.000000,0.000000,0.000000,0.000000,0.000000,0.000000
6.7402,1.105921,-0.161068,0.009332,0.000000,0.033162,-0.021551,1,-1.029757,202,0.125896,0.036712,1.105921,0.001466,-1.072064,0.009332,1.105921,-1.045995,0.009332,-0.161068,0.000000,0.013045,-0.418292,-34.168916,0.026068,0.000000,0.000000,0.003836,0.000089,0.000000,0.125896,0.036712,-9.809123,0.002280,-0.000448,0.000001,0.363634,0.007292,27.000000,0.013045,1.105921,0.001466,-0.161068,0.000000,0.026000,0.000000,53,0,1,32,30,0.001110,0.002163,0.009306,0.216653,-0.150652,9.051134,-1.207162,0.007292,0.012068,7,1,0,0.000000,0,-1.029757,0.000000,0.033162,0,-0.171843,0.000000,-0.021551,-1.029757,-0.171843,1,1,1,2.165904,0.000000,0.000000,0.000000,0.000000,0.000000,0.000000,0.000000
6.7501,1.105921,-0.161068,0.001014,0.000000,0.031537,-0.021551,1,-1.029757,212,0.126324,0.036973,1.105921,-0.000419,-1.071987,0.001014,1.105921,-1.045917,0.001014,-0.161068,0.000000,0.013041,-0.418292,-34.168916,0.026070,0.000000,0.000010,0.003939,-0.000056,0.000010,0.126324,0.036973,-9.809117,0.010645,0.002187,0.000000,0.363713,0.007255,27.000000,0.013045,1.105921,-0.000419,-0.161068,0.000000,0.026000,0.000000,58,0,1,32,30,0.001098,0.010824,0.000873,-0.267974,0.306447,10.739808,-1.207083,0.007255,0.012107,7,1,0,0.000000,0,-1.029757,0.000000,0.031537,0,-0.171843,0.000000,-0.021551,-1.029757,-0.171843,1,1,1,2.165944,0.000000,0.000000,0.000000,0.000000,0.000000,0.000000,0.000000
6.7601,1.105921,-0.161068,0.006146,0.000000,0.032939,-0.021551,1,-1.029757,221,0.126587,0.037093,1.105921,0.002513,-1.072038,0.006146,1.105921,-1.045969,0.006146,-0.161068,0.000000,0.013045,-0.418292,-34.168916,0.026069,0.001000,0.000000,0.001999,0.000106,0.000000,0.126587,0.037093,-9.809113,-0.000349,0.000963,0.001000,0.363661,0.007242,27.000000,0.013045,1.105921,0.002513,-0.161068,0.000000,0.026000,0.001000,63,0,1,32,30,-0.001023,0.000049,0.007146,0.187610,-0.243223,8.801354,-1.207135,0.007242,0.012131,6,1,0,0.000000,0,-1.029757,0.000000,0.032939,0,-0.171843,0.000000,-0.021551,-1.029757,-0.171843,1,1,1,2.165983,0.000000,0.000000,0.000000,0.000000,0.000000,0.000000,0.000000
6.7701,1.105921,-0.161068,0.002579,0.000000,0.032675,-0.021551,1,-1.029757,230,0.126249,0.036841,1.105921,-0.000419,-1.072058,0.002579,1.105921,-1.045990,0.002579,-0.161068,0.000000,0.013045,-0.418292,-34.168916,0.026069,0.000000,0.000000,0.002014,-0.000004,0.000000,0.126249,0.036841,-9.809118,-0.011181,-0.006920,-0.000010,0.363640,0.007273,27.000000,0.013045,1.105921,-0.000419,-0.161068,0.000000,0.026000,0.000000,68,0,1,32,30,0.003258,-0.012704,0.002735,-0.219497,0.331742,11.017635,-1.207156,0.007273,0.012101,7,1,0,0.000000,0,-1.029757,0.000000,0.032675,0,-0.171843,0.000000,-0.021551,-1.029757,-0.171843,1,1,1,2.166023,0.000000,0.000000,0.000000,0.000000,0.000000,0.000000,0.000000
6.7801,1.105921,-0.161068,0.013749,0.000000,0.031349,-0.021551,1,-1.029757,241,0.126559,0.037222,1.105921,0.000419,-1.071966,0.013749,1.105921,-1.045897,0.013749,-0.161068,0.000000,0.013045,-0.418292,-34.168916,0.026069,0.000000,0.000000,0.004038,0.000042,0.000000,0.126559,0.037222,-9.809113,0.007643,0.003476,0.000006,0.363733,0.007230,27.000000,0.013045,1.105921,0.000419,-0.161068,0.000000,0.026000,0.000000,73,0,1,32,30,-0.001030,0.008511,0.013645,-0.049484,0.115190,9.972394,-1.207063,0.007230,0.012126,7,1,0,0.000000,0,-1.029757,0.000000,0.031349,0,-0.171843,0.000000,-0.021551,-1.029757,-0.171843,1,1,1,2.166063,0.000000,0.000000,0.000000,0.000000,0.000000,0.000000,0.000000
6.7901,1.105825,-0.161068,-0.005491,0.000000,0.032306,-0.021551,1,-1.029757,250,0.127002,0.037340,1.105825,0.000419,-1.071969,-0.005491,1.105825,-1.045899,-0.005491,-0.161068,0.000000,0.013045,-0.418292,-34.168916,0.026070,0.000000,0.000000,0.003856,-0.000085,0.000000,0.127002,0.037340,-9.809107,0.007374,-0.001078,0.000004,0.363731,0.007211,27.000000,0.013045,1.105825,0.000419,-0.161068,0.000000,0.026000,0.000000,78,0,1,32,30,0.003235,0.006642,-0.005574,-0.088879,-0.171590,9.184711,-1.207065,0.007211,0.012169,7,1,0,0.000000,0,-1.029757,0.000000,0.032306,0,-0.171843,0.000000,-0.021551,-1.029757,-0.171843,1,1,1,2.166102,0.000000,0.000000,0.000000,0.000000,0.000000,0.000000,0.000000
6.8001,1.105920,-0.161068,-0.005705,0.000000,0.033080,-0.021551,1,-1.029757,4,0.126335,0.036689,1.105920,0.001466,-1.072031,-0.005705,1.105921,-1.045965,-0.005705,-0.161068,0.000000,0.013012,-0.418292,-34.168916,0.026066,0.000000,0.000079,0.001976,0.000119,0.000079,0.126335,0.036689,-9.809118,-0.003355,0.004496,0.000000,0.363665,0.007254,27.000000,0.013045,1.105921,0.001466,-0.161068,0.000000,0.026000,0.000000,83,0,1,32,30,-0.005294,-0.001931,-0.005680,0.294755,-0.186012,9.596344,-1.207132,0.007254,0.012112,6,1,0,0.000000,0,-1.029757,0.000000,0.033080,0,-0.171843,0.000000,-0.021551,-1.029757,-0.171843,1,1,1,2.166141,0.000000,0.000000,0.000000,0.000000,0.000000,0.000000,0.000000
6.8101,1.105825,-0.161068,0.005227,0.000000,0.031971,-0.021551,1,-1.029757,14,0.126567,0.037237,1.105825,0.000419,-1.072001,0.005227,1.105825,-1.045928,0.005227,-0.161068,0.000000,0.013038,-0.418292,-34.168916,0.026073,0.000000,0.000016,0.002027,-0.000107,0.000016,0.126567,0.037237,-9.809113,0.008501,0.001511,0.000000,0.363702,0.007222,27.000000,0.013045,1.105825,0.000419,-0.161068,0.000000,0.026000,0.000000,88,0,1,32,30,0.001102,0.008631,0.005115,-0.032667,0.087792,9.091650,-1.207094,0.007222,0.012127,7,1,0,0.000000,0,-1.029757,0.000000,0.031971,0,-0.171843,0.000000,-0.021551,-1.029757,-0.171843,1,1,1,2.166179,0.000000,0.000000,0.000000,0.000000,0.000000,0.000000,0.000000
6.8201,1.105825,-0.161068,-0.016207,0.000000,0.032409,-0.021551,1,-1.029757,24,0.127249,0.037686,1.105825,0.001466,-1.072004,-0.016207,1.105825,-1.045934,-0.016207,-0.161068,0.000000,0.013045,-0.418292,-34.168916,0.026070,0.000000,0.000000,0.003938,0.000024,0.000000,0.127249,0.037686,-9.809102,0.004959,0.000403,0.000004,0.363697,0.007172,27.000000,0.013045,1.105825,0.001466,-0.161068,0.000000,0.026000,0.000000,93,0,1,32,30,0.001100,0.004640,-0.016265,-0.420256,0.322072,11.017407,-1.207100,0.007172,0.012188,7,1,0,0.000000,0,-1.029757,0.000000,0.032409,0,-0.171843,0.000000,-0.021551,-1.029757,-0.171843,1,1,1,2.166218,0.000000,0.000000,0.000000,0.000000,0.000000,0.000000,0.000000
6.8301,1.105921,-0.161068,0.000751,0.000000,0.033393,-0.021551,1,-1.029757,34,0.126907,0.037528,1.105921,-0.000419,-1.072090,0.000751,1.105921,-1.046020,0.000751,-0.161068,0.000000,0.013045,-0.418292,-34.168916,0.026070,0.000000,0.000000,0.001990,0.000007,0.000000,0.126907,0.037528,-9.809107,0.000456,-0.001020,0.000000,0.363610,0.007193,27.000000,0.013045,1.105921,-0.000419,-0.161068,0.000000,0.026000,0.000000,98,0,1,32,30,0.001109,0.000140,0.000749,0.226923,-0.257360,9.174484,-1.207186,0.007193,0.012156,7,1,0,0.000000,0,-1.029757,0.000000,0.033393,0,-0.171843,0.000000,-0.021551,-1.029757,-0.171843,1,1,1,2.166257,0.000000,0.000000,0.000000,0.000000,0.000000,0.000000,0.000000
6.8401,1.105825,-0.161068,0.000597,0.000000,0.033165,-0.021551,1,-1.029757,45,0.126975,0.037591,1.105825,-0.000419,-1.072143,0.000597,1.105825,-1.046073,0.000597,-0.161068,0.000000,0.013045,-0.418292,-34.168916,0.026070,0.000000,0.000000,0.001999,-0.000088,0.000000,0.126975,0.037591,-9.809106,-0.005658,-0.002944,-0.000004,0.363557,0.007186,27.000000,0.013045,1.105825,-0.000419,-0.161068,0.000000,0.026000,0.000000,103,0,1,32,30,0.001116,-0.006271,0.000675,-0.048948,0.065731,10.105883,-1.207239,0.007186,0.012162,6,1,0,0.000000,0,-1.029757,0.000000,0.033165,0,-0.171843,0.000000,-0.021551,-1.029757,-0.171843,1,1,1,2.166296,0.000000,0.000000,0.000000,0.000000,0.000000,0.000000,0.000000
6.8501,1.105921,-0.161068,0.007359,0.000000,0.032067,-0.021551,1,-1.029757,55,0.127635,0.037992,1.105921,-0.000419,-1.072103,0.007359,1.105921,-1.046026,0.007359,-0.161068,0.000000,0.013032,-0.418292,-34.168916,0.026076,0.000000,0.000031,0.002010,0.000082,0.000031,0.127635,0.037992,-9.809096,0.008447,0.001493,0.000000,0.363604,0.007122,27.000000,0.013045,1.105921,-0.000419,-0.161068,0.000000,0.026000,0.000000,108,0,1,32,30,0.001102,0.008602,0.007248,0.151258,-0.308156,9.413186,-1.207192,0.007122,0.012222,7,1,0,0.000000,0,-1.029757,0.000000,0.032067,0,-0.171843,0.000000,-0.021551,-1.029757,-0.171843,1,1,1,2.166335,0.000000,0.000000,0.000000,0.000000,0.000000,0.000000,0.000000
6.8601,1.105921,-0.161068,-0.022601,0.000000,0.034209,-0.021551,1,-1.029757,64,0.127751,0.038062,1.105921,0.000419,-1.072236,-0.022601,1.105921,-1.046165,-0.022601,-0.161068,0.000000,0.013045,-0.418292,-34.168916,0.026071,0.000000,0.000000,0.002103,0.000017,0.000000,0.127751,0.038062,-9.809094,0.006408,-0.003615,0.000004,0.363465,0.007126,27.000000,0.013045,1.105921,0.000419,-0.161068,0.000000,0.026000,0.000000,113,0,1,32,30,0.005367,0.004738,-0.022661,0.007405,-0.221587,9.366110,-1.207331,0.007126,0.012232,7,1,0,0.000000,0,-1.029757,0.000000,0.034209,0,-0.171843,0.000000,-0.021551,-1.029757,-0.171843,1,1,1,2.166373,0.000000,0.000000,0.000000,0.000000,0.000000,0.000000,0.000000
6.8701,1.105921,-0.161068,0.004916,0.000000,0.033822,-0.021551,1,-1.029757,75,0.127491,0.037880,1.105921,-0.000419,-1.072320,0.004916,1.105921,-1.046249,0.004916,-0.161068,0.000000,0.013045,-0.418292,-34.168916,0.026071,0.000000,0.000000,0.003871,0.000034,0.000000,0.127491,0.037880,-9.809098,-0.003082,-0.004372,-0.000003,0.363381,0.007148,27.000000,0.013045,1.105921,-0.000419,-0.161068,0.000000,0.026000,0.000000,118,0,1,32,30,0.003250,-0.004185,0.004967,0.209901,-0.012511,10.258392,-1.207415,0.007148,0.012209,6,1,0,0.000000,0,-1.029757,0.000000,0.033822,0,-0.171843,0.000000,-0.021551,-1.029757,-0.171843,1,1,1,2.166412,0.000000,0.000000,0.000000,0.000000,0.000000,0.000000,0.000000
6.8801,1.105921,-0.161068,0.000851,0.000000,0.032358,-0.021551,1,-1.029757,84,0.128138,0.038151,1.105921,0.001466,-1.072268,0.000851,1.105921,-1.046197,0.000851,-0.161068,0.000000,0.013045,-0.418292,-34.168916,0.026071,0.000000,0.000000,0.003878,-0.000023,0.000000,0.128138,0.038151,-9.809089,0.003887,0.002298,0.000003,0.363433,0.007111,27.000000,0.013045,1.105921,0.001466,-0.161068,0.000000,0.026000,0.000000,123,0,1,32,30,-0.001030,0.004407,0.000797,-0.022750,-0.158575,8.907342,-1.207363,0.007111,0.012270,6,1,0,0.000000,0,-1.029757,0.000000,0.032358,0,-0.171843,0.000000,-0.021551,-1.029757,-0.171843,1,1,1,2.166451,0.000000,0.000000,0.000000,0.000000,0.000000,0.000000,0.000000
6.8901,1.105921,-0.161068,-0.003459,0.000000,0.034449,-0.021551,1,-1.029757,95,0.128255,0.038308,1.105921,0.001466,-1.072399,-0.003459,1.105921,-1.046328,-0.003459,-0.161068,0.000000,0.013045,-0.418292,-34.168916,0.026072,0.000000,0.000000,0.001998,0.000006,0.000000,0.128255,0.038308,-9.809087,0.003889,-0.004414,0.000002,0.363303,0.007093,27.000000,0.013045,1.105921,0.001466,-0.161068,0.000000,0.026000,0.000000,128,0,1,32,30,0.005375,0.002346,-0.003488,-0.257591,0.265141,10.988230,-1.207494,0.007093,0.012279,6,1,0,0.000000,0,-1.029757,0.000000,0.034449,0,-0.171843,0.000000,-0.021551,-1.029757,-0.171843,1,1,1,2.166490,0.000000,0.000000,0.000000,0.000000,0.000000,0.000000,0.000000
6.9001,1.105921,-0.161068,-0.005496,0.000000,0.034657,-0.021551,1,-1.029757,104,0.127762,0.038208,1.105921,-0.000419,-1.072525,-0.005496,1.105921,-1.046454,-0.005496,-0.161068,0.000000,0.013045,-0.418292,-34.168916,0.026071,0.000000,0.000000,0.001995,0.000024,0.000000,0.127762,0.038208,-9.809094,0.005441,0.005027,0.000004,0.363177,0.007111,27.000000,0.013045,1.105921,-0.000419,-0.161068,0.000000,0.026000,0.000000,133,0,1,32,30,-0.003169,0.006623,-0.005579,0.380052,-0.352072,9.106639,-1.207620,0.007111,0.012231,6,1,0,0.000000,0,-1.029757,0.000000,0.034657,0,-0.171843,0.000000,-0.021551,-1.029757,-0.171843,1,1,1,2.166543,0.000000,0.000000,0.000000,0.000000,0.000000,0.000000,0.000000
6.9101,1.105921,-0.161068,0.002983,0.000000,0.032969,-0.021551,1,-1.029757,114,0.128366,0.038699,1.105921,0.000419,-1.072491,0.002983,1.105921,-1.046419,0.002983,-0.161068,0.000000,0.013045,-0.418292,-34.168916,0.026072,0.000000,0.000000,0.003841,-0.000028,0.000000,0.128366,0.038699,-9.809084,0.003189,0.004316,0.000002,0.363212,0.007052,27.000000,0.013045,1.105921,0.000419,-0.161068,0.000000,0.026000,0.000000,138,0,1,32,30,-0.003164,0.004373,0.002928,-0.223083,0.093481,9.397838,-1.207584,0.007052,0.012284,7,1,0,0.000000,0,-1.029757,0.000000,0.032969,0,-0.171843,0.000000,-0.021551,-1.029757,-0.171843,1,1,1,2.166587,0.000000,0.000000,0.000000,0.000000,0.000000,0.000000,0.000000
6.9201,1.105912,-0.161068,-0.014122,0.000000,0.033645,-0.021551,1,-1.029757,122,0.127568,0.030746,1.105912,0.000419,-1.072501,-0.014122,1.105921,-1.046445,-0.014122,-0.161068,0.000000,0.012202,-0.418292,-34.168916,0.026055,0.000000,0.002017,0.001855,-0.000014,0.002017,0.127568,0.030746,-9.809122,0.004145,-0.004330,0.000000,0.363185,0.007022,27.000000,0.013045,1.105921,0.000419,-0.161068,0.000000,0.026000,0.000000,142,0,1,32,30,0.005372,0.002487,-0.014154,-0.001441,-0.224773,9.624474,-1.207611,0.007022,0.012334,7,1,0,0.000000,0,-1.029757,0.000000,0.033645,0,-0.171843,0.000000,-0.021551,-1.029757,-0.171843,1,1,1,2.166626,0.000000,0.000000,0.000000,0.000000,0.000000,0.000000,0.000000
6.9301,1.105921,-0.161068,-0.016313,0.000000,0.034693,-0.021551,1,-1.029757,134,0.128369,0.038721,1.105921,-0.000419,-1.072627,-0.016313,1.105921,-1.046555,-0.016313,-0.161068,0.000000,0.013045,-0.418292,-34.168916,0.026072,0.000000,0.000000,0.002001,0.000018,0.000000,0.128369,0.038721,-9.809084,-0.000406,0.003190,0.000000,0.363076,0.007049,27.000000,0.013045,1.105921,-0.000419,-0.161068,0.000000,0.026000,0.000000,148,0,1,32,30,-0.003165,0.000354,-0.016318,0.159145,-0.102991,9.061146,-1.207721,0.007049,0.012284,7,1,0,0.000000,0,-1.029757,0.000000,0.034693,0,-0.171843,0.000000,-0.021551,-1.029757,-0.171843,1,1,1,2.166736,0.000000,0.000000,0.000000,0.000000,0.000000,0.000000,0.000000
6.9401,1.105921,-0.161068,0.019940,0.000000,0.032383,-0.021551,1,-1.029757,144,0.128722,0.039026,1.105921,0.000419,-1.072527,0.019940,1.105921,-1.046454,0.019940,-0.161068,0.000000,0.013045,-0.418292,-34.168916,0.026073,0.000000,0.000000,0.003829,-0.000036,0.000000,0.128722,0.039026,-9.809078,-0.001314,0.002894,-0.000000,0.363177,0.007013,27.000000,0.013045,1.105921,0.000419,-0.161068,0.000000,0.026000,0.000000,153,0,1,32,30,-0.003154,-0.000128,0.019943,-0.209890,0.227979,10.901753,-1.207619,0.007013,0.012314,7,1,0,0.000000,0,-1.029757,0.000000,0.032383,0,-0.171843,0.000000,-0.021551,-1.029757,-0.171843,1,1,1,2.166775,0.000000,0.000000,0.000000,0.000000,0.000000,0.000000,0.000000
6.9501,1.105900,-0.161068,-0.014178,0.000000,0.033333,-0.021551,1,-1.029757,152,0.128184,0.033044,1.105900,0.001466,-1.072506,-0.014178,1.105921,-1.046449,-0.014178,-0.161068,0.000000,0.012403,-0.418292,-34.168916,0.026058,0.000000,0.003395,0.002141,0.000001,0.003395,0.128184,0.033044,-9.809107,0.000177,0.001135,0.000000,0.363182,0.006982,27.000000,0.013045,1.105921,0.001466,-0.161068,0.000000,0.026000,0.000000,157,0,1,32,30,-0.001030,0.000332,-0.014184,0.035407,-0.227952,9.107662,-1.207614,0.006982,0.012358,7,1,0,0.000000,0,-1.029757,0.000000,0.033333,0,-0.171843,0.000000,-0.021551,-1.029757,-0.171843,1,1,1,2.166812,0.000000,0.000000,0.000000,0.000000,0.000000,0.000000,0.000000
6.9601,1.105920,-0.161068,0.009333,0.000000,0.034736,-0.021551,1,-1.029757,165,0.128850,0.038879,1.105920,-0.001466,-1.072641,0.009333,1.105921,-1.046562,0.009333,-0.161068,0.000000,0.013017,-0.418292,-34.168916,0.026080,0.000000,0.000068,0.003780,0.000031,0.000068,0.128850,0.038879,-9.809077,0.002280,-0.000448,0.000000,0.363070,0.006997,27.000000,0.013045,1.105921,-0.001466,-0.161068,0.000000,0.026000,0.000000,163,0,1,32,30,0.001110,0.002163,0.009306,-0.076280,0.172682,10.738588,-1.207727,0.006997,0.012330,7,1,0,0.000000,0,-1.029757,0.000000,0.034736,0,-0.171843,0.000000,-0.021551,-1.029757,-0.171843,1,1,1,2.166852,0.000000,0.000000,0.000000,0.000000,0.000000,0.000000,0.000000
6.9701,1.105921,-0.161068,-0.001391,0.000000,0.033468,-0.021551,1,-1.029757,174,0.128987,0.039403,1.105921,-0.000419,-1.072623,-0.001391,1.105921,-1.046550,-0.001391,-0.161068,0.000000,0.013045,-0.418292,-34.168916,0.026073,0.000000,0.000000,0.004014,-0.000014,0.000000,0.128987,0.039403,-9.809073,-0.002713,0.009173,0.000000,0.363082,0.006971,27.000000,0.013045,1.105921,-0.000419,-0.161068,0.000000,0.026000,0.000000,168,0,1,32,30,-0.009564,0.000137,-0.001393,0.196966,-0.214061,8.763371,-1.207715,0.006971,0.012335,7,1,0,0.000000,0,-1.029757,0.000000,0.033468,0,-0.171843,0.000000,-0.021551,-1.029757,-0.171843,1,1,1,2.166892,0.000000,0.000000,0.000000,0.000000,0.000000,0.000000,0.000000
6.9801,1.105921,-0.161068,-0.003565,0.000000,0.033417,-0.021551,1,-1.029757,183,0.129590,0.039552,1.105921,0.001466,-1.072610,-0.003565,1.105921,-1.046536,-0.003565,-0.161068,0.000000,0.013045,-0.418292,-34.168916,0.026074,0.000000,0.000000,0.002001,-0.000099,0.000000,0.129590,0.039552,-9.809064,-0.001475,-0.001626,-0.000001,0.363096,0.006946,27.000000,0.013045,1.105921,0.001466,-0.161068,0.000000,0.026000,0.000000,173,0,1,32,30,0.001110,-0.001941,-0.003542,-0.326072,0.215509,10.356039,-1.207701,0.006946,0.012393,7,1,0,0.000000,0,-1.029757,0.000000,0.033417,0,-0.171843,0.000000,-0.021551,-1.029757,-0.171843,1,1,1,2.166945,0.000000,0.000000,0.000000,0.000000,0.000000,0.000000,0.000000
6.9901,1.105921,-0.161068,0.002785,0.000000,0.034159,-0.021551,1,-1.029757,193,0.129262,0.039472,1.105921,0.000419,-1.072659,0.002785,1.105921,-1.046586,0.002785,-0.161068,0.000000,0.013045,-0.418292,-34.168916,0.026074,0.000000,0.000000,0.003905,0.000020,0.000000,0.129262,0.039472,-9.809069,-0.002385,-0.006390,-0.000003,0.363046,0.006959,27.000000,0.013045,1.105921,0.000419,-0.161068,0.000000,0.026000,0.000000,178,0,1,32,30,0.005384,-0.004150,0.002836,-0.115844,0.282085,10.395127,-1.207751,0.006959,0.012361,7,1,0,0.000000,0,-1.029757,0.000000,0.034159,0,-0.171843,0.000000,-0.021551,-1.029757,-0.171843,1,1,1,2.166985,0.000000,0.000000,0.000000,0.000000,0.000000,0.000000,0.000000
7.0001,1.105825,-0.161068,0.005161,0.000000,0.033530,-0.021551,1,-1.029757,204,0.129512,0.039724,1.105825,0.002513,-1.072649,0.005161,1.105825,-1.046575,0.005161,-0.161068,0.000000,0.013045,-0.418292,-34.168916,0.026074,0.000000,0.000000,0.002000,-0.000108,0.000000,0.129512,0.039724,-9.809065,0.003240,0.011045,0.000004,0.363056,0.006930,27.000000,0.013045,1.105825,0.002513,-0.161068,0.000000,0.026000,0.000000,183,0,1,32,30,-0.009569,0.006463,0.005081,0.130711,-0.273589,8.934998,-1.207740,0.006930,0.012382,6,1,0,0.000000,0,-1.029757,0.000000,0.033530,0,-0.171843,0.000000,-0.021551,-1.029757,-0.171843,1,1,1,2.167060,0.000000,0.000000,0.000000,0.000000,0.000000,0.000000,0.000000
7.0101,1.106017,-0.161068,0.000754,0.000000,0.032933,-0.021551,1,-1.029757,210,0.129890,0.039926,1.106017,0.002513,-1.072591,0.000754,1.106017,-1.046517,0.000754,-0.161068,0.000000,0.013045,-0.418292,-34.168916,0.026075,0.000000,0.000000,0.002156,0.000083,0.000000,0.129890,0.039926,-9.809059,0.001744,-0.005090,0.000000,0.363115,0.006903,27.000000,0.013045,1.106017,0.002513,-0.161068,0.000000,0.026000,0.000000,188,0,1,32,30,0.005378,0.000152,0.000753,-0.219155,-0.008718,10.707960,-1.207681,0.006903,0.012417,7,1,0,0.000000,0,-1.029757,0.000000,0.032933,0,-0.171843,0.000000,-0.021551,-1.029757,-0.171843,1,1,1,2.167098,0.000000,0.000000,0.000000,0.000000,0.000000,0.000000,0.000000
7.0201,1.106016,-0.161068,-0.016516,0.000000,0.035787,-0.021551,1,-1.029757,220,0.129922,0.039419,1.106016,0.001466,-1.072770,-0.016516,1.106017,-1.046706,-0.016516,-0.161068,0.000000,0.013014,-0.418292,-34.168916,0.026065,0.000000,0.000074,0.001984,0.000020,0.000074,0.129922,0.039419,-9.809060,-0.005981,-0.007515,0.000000,0.362926,0.006923,27.000000,0.013045,1.106017,0.001466,-0.161068,0.000000,0.026000,0.000000,193,0,1,32,30,0.005382,-0.008169,-0.016411,0.024696,0.134926,9.149583,-1.207871,0.006923,0.012429,6,1,0,0.000000,0,-1.029757,0.000000,0.035787,0,-0.171843,0.000000,-0.021551,-1.029757,-0.171843,1,1,1,2.167178,0.000000,0.000000,0.000000,0.000000,0.000000,0.000000,0.000000
7.0301,1.105921,-0.161068,0.015720,0.000000,0.034406,-0.021551,1,-1.029757,230,0.129931,0.039876,1.105921,0.002513,-1.072822,0.015720,1.105921,-1.046748,0.015720,-0.161068,0.000000,0.013045,-0.418292,-34.168916,0.026074,0.000000,0.000000,0.001858,-0.000018,0.000000,0.129931,0.039876,-9.809058,-0.001102,0.009675,0.000001,0.362884,0.006908,27.000000,0.013045,1.105921,0.002513,-0.161068,0.000000,0.026000,0.000000,198,0,1,32,30,-0.009561,0.002048,0.015696,-0.268219,0.316951,10.663349,-1.207913,0.006908,0.012422,6,1,0,0.000000,0,-1.029757,0.000000,0.034406,0,-0.171843,0.000000,-0.021551,-1.029757,-0.171843,1,1,1,2.167216,0.000000,0.000000,0.000000,0.000000,0.000000,0.000000,0.000000
7.0401,1.105921,-0.161068,0.011667,0.000000,0.033025,-0.021551,1,-1.029757,240,0.130341,0.040088,1.105921,0.001466,-1.072743,0.011667,1.105921,-1.046668,0.011667,-0.161068,0.000000,0.013045,-0.418292,-34.168916,0.026075,0.000000,0.000000,0.002142,-0.000021,0.000000,0.130341,0.040088,-9.809052,0.009734,0.004135,0.000008,0.362963,0.006880,27.000000,0.013045,1.105921,0.001466,-0.161068,0.000000,0.026000,0.000000,2,0,1,32,30,-0.001033,0.010676,0.011537,0.027211,-0.139878,9.721049,-1.207833,0.006880,0.012460,7,1,0,0.000000,0,-1.029757,0.000000,0.033025,0,-0.171843,0.000000,-0.021551,-1.029757,-0.171843,1,1,1,2.167254,0.000000,0.000000,0.000000,0.000000,0.000000,0.000000,0.000000
7.0501,1.105921,-0.161068,0.006839,0.000000,0.033942,-0.021551,1,-1.029757,251,0.130445,0.040139,1.105921,0.003560,-1.072753,0.006839,1.105921,-1.046678,0.006839,-0.161068,0.000000,0.013045,-0.418292,-34.168916,0.026075,0.000000,0.000000,0.003826,-0.000074,0.000000,0.130445,0.040139,-9.809051,-0.012576,-0.002884,-0.000009,0.362953,0.006873,27.000000,0.013045,1.105921,0.003560,-0.161068,0.000000,0.026000,0.000000,7,0,1,32,30,-0.001010,-0.012773,0.006997,-0.135983,0.032385,9.703533,-1.207843,0.006873,0.012469,7,1,0,0.000000,0,-1.029757,0.000000,0.033942,0,-0.171843,0.000000,-0.021551,-1.029757,-0.171843,1,1,1,2.167292,0.000000,0.000000,0.000000,0.000000,0.000000,0.000000,0.000000
7.0601,1.106017,-0.161068,0.007146,0.000000,0.034109,-0.021551,1,-1.029757,4,0.130235,0.040035,1.106017,0.001466,-1.072781,0.007146,1.106017,-1.046700,0.007146,-0.161068,0.000000,0.013043,-0.418292,-34.168916,0.026080,0.000000,0.000004,0.002138,0.000010,0.000004,0.130235,0.040035,-9.809054,-0.000349,0.000963,-0.000000,0.362931,0.006885,27.000000,0.013045,1.106017,0.001466,-0.161068,0.000000,0.026000,0.000000,12,0,1,32,30,-0.001023,0.000049,0.007146,0.084554,-0.139730,9.711517,-1.207865,0.006885,0.012450,7,1,0,0.000000,0,-1.029757,0.000000,0.034109,0,-0.171843,0.000000,-0.021551,-1.029757,-0.171843,1,1,1,2.167335,0.000000,0.000000,0.000000,0.000000,0.000000,0.000000,0.000000
7.0701,1.105921,-0.161068,0.007343,0.000000,0.032856,-0.021551,1,-1.029757,15,0.130519,0.040441,1.105921,-0.000419,-1.072690,0.007343,1.105921,-1.046615,0.007343,-0.161068,0.000000,0.013045,-0.418292,-34.168916,0.026075,0.000000,0.000000,0.003980,-0.000036,0.000000,0.130519,0.040441,-9.809048,0.005225,0.011668,0.000007,0.363017,0.006841,27.000000,0.013045,1.105921,-0.000419,-0.161068,0.000000,0.026000,0.000000,17,0,1,32,30,-0.009571,0.008572,0.007239,-0.003600,-0.158682,8.916924,-1.207779,0.006841,0.012472,6,1,0,0.000000,0,-1.029757,0.000000,0.032856,0,-0.171843,0.000000,-0.021551,-1.029757,-0.171843,1,1,1,2.167373,0.000000,0.000000,0.000000,0.000000,0.000000,0.000000,0.000000
7.0801,1.105921,-0.161068,-0.005791,0.000000,0.033838,-0.021551,1,-1.029757,25,0.130601,0.040562,1.105921,-0.000419,-1.072700,-0.005791,1.105921,-1.046625,-0.005791,-0.161068,0.000000,0.013045,-0.418292,-34.168916,0.026076,0.000000,0.000000,0.003945,0.000029,0.000000,0.130601,0.040562,-9.809047,-0.002276,-0.013066,-0.000005,0.363007,0.006828,27.000000,0.013045,1.105921,-0.000419,-0.161068,0.000000,0.026000,0.000000,22,0,1,32,30,0.011787,-0.006155,-0.005716,-0.066355,0.142823,10.833999,-1.207789,0.006828,0.012478,7,1,0,0.000000,0,-1.029757,0.000000,0.033838,0,-0.171843,0.000000,-0.021551,-1.029757,-0.171843,1,1,1,2.167410,0.000000,0.000000,0.000000,0.000000,0.000000,0.000000,0.000000
7.0901,1.105825,-0.161068,-0.003463,0.000000,0.034193,-0.021551,1,-1.029757,34,0.130496,0.040591,1.105825,-0.000419,-1.072738,-0.003463,1.105825,-1.046663,-0.003463,-0.161068,0.000000,0.013045,-0.418292,-34.168916,0.026076,0.000000,0.000000,0.001980,-0.000100,0.000000,0.130496,0.040591,-9.809048,0.002601,-0.000343,0.000002,0.362969,0.006826,27.000000,0.013045,1.105825,-0.000419,-0.161068,0.000000,0.026000,0.000000,27,0,1,32,30,0.001106,0.002333,-0.003492,0.207369,-0.283699,8.982799,-1.207827,0.006826,0.012467,7,1,0,0.000000,0,-1.029757,0.000000,0.034193,0,-0.171843,0.000000,-0.021551,-1.029757,-0.171843,1,1,1,2.167447,0.000000,0.000000,0.000000,0.000000,0.000000,0.000000,0.000000
7.1001,1.105921,-0.161068,0.001002,0.000000,0.033260,-0.021551,1,-1.029757,44,0.130836,0.040831,1.105921,-0.001466,-1.072693,0.001002,1.105921,-1.046617,0.001002,-0.161068,0.000000,0.013045,-0.418292,-34.168916,0.026076,0.000000,0.000000,0.003817,-0.000114,0.000000,0.130836,0.040831,-9.809043,0.008712,0.008292,0.000007,0.363015,0.006797,27.000000,0.013045,1.105921,-0.001466,-0.161068,0.000000,0.026000,0.000000,32,0,1,32,30,-0.005306,0.010806,0.000868,0.104040,-0.282559,9.662243,-1.207781,0.006797,0.012497,7,1,0,0.000000,0,-1.029757,0.000000,0.033260,0,-0.171843,0.000000,-0.021551,-1.029757,-0.171843,1,1,1,2.167484,0.000000,0.000000,0.000000,0.000000,0.000000,0.000000,0.000000
7.1101,1.105825,-0.161068,-0.000172,0.000000,0.033765,-0.021551,1,-1.029757,54,0.131180,0.040898,1.105825,0.003560,-1.072697,-0.000172,1.105825,-1.046621,-0.000172,-0.161068,0.000000,0.013045,-0.418292,-34.168916,0.026077,-0.001000,0.000000,0.001853,-0.000191,0.000000,0.131180,0.040898,-9.809038,0.009950,-0.002506,-0.000995,0.363011,0.006784,27.000000,0.013045,1.105825,0.003560,-0.161068,0.000000,0.026000,-0.001000,37,0,1,32,30,0.005369,0.008728,-0.001281,0.046778,-0.094768,9.941634,-1.207785,0.006784,0.012531,6,1,0,0.000000,0,-1.029757,0.000000,0.033765,0,-0.171843,0.000000,-0.021551,-1.029757,-0.171843,1,1,1,2.167521,0.000000,0.000000,0.000000,0.000000,0.000000,0.000000,0.000000
7.1201,1.105825,-0.161068,-0.004694,0.000000,0.034605,-0.021551,1,-1.029757,65,0.131054,0.040797,1.105825,0.002513,-1.072770,-0.004694,1.105825,-1.046694,-0.004694,-0.161068,0.000000,0.013045,-0.418292,-34.168916,0.026076,-0.001000,0.000000,0.001993,-0.000093,0.000000,0.131054,0.040797,-9.809040,-0.000133,-0.005679,-0.001002,0.362938,0.006797,27.000000,0.013045,1.105825,0.002513,-0.161068,0.000000,0.026000,-0.001000,42,0,1,32,30,0.005379,-0.001900,-0.005671,-0.068514,0.171255,10.078219,-1.207858,0.006797,0.012520,6,1,0,0.000000,0,-1.029757,0.000000,0.034605,0,-0.171843,0.000000,-0.021551,-1.029757,-0.171843,1,1,1,2.167558,0.000000,0.000000,0.000000,0.000000,0.000000,0.000000,0.000000
7.1301,1.105921,-0.161068,0.005061,0.000000,0.033838,-0.021551,1,-1.029757,76,0.131244,0.040997,1.105921,0.001466,-1.072767,0.005061,1.105921,-1.046691,0.005061,-0.161068,0.000000,0.013045,-0.418292,-34.168916,0.026077,0.000000,0.000000,0.004034,-0.000013,0.000000,0.131244,0.040997,-9.809036,0.000454,0.005692,0.000002,0.362941,0.006773,27.000000,0.013045,1.105921,0.001466,-0.161068,0.000000,0.026000,0.000000,47,0,1,32,30,-0.005296,0.002202,0.005035,-0.153897,0.422430,10.645343,-1.207855,0.006773,0.012536,6,1,0,0.000000,0,-1.029757,0.000000,0.033838,0,-0.171843,0.000000,-0.021551,-1.029757,-0.171843,1,1,1,2.167595,0.000000,0.000000,0.000000,0.000000,0.000000,0.000000,0.000000
7.1401,1.105921,-0.161068,-0.011894,0.000000,0.034405,-0.021551,1,-1.029757,84,0.131630,0.041304,1.105921,-0.002513,-1.072813,-0.011894,1.105921,-1.046736,-0.011894,-0.161068,0.000000,0.013045,-0.418292,-34.168916,0.026077,0.000000,0.000000,0.003817,0.000031,0.000000,0.131630,0.041304,-9.809030,0.005601,0.005079,0.000005,0.362897,0.006736,27.000000,0.013045,1.105921,-0.002513,-0.161068,0.000000,0.026000,0.000000,52,0,1,32,30,-0.003171,0.006708,-0.011978,0.044406,-0.216028,8.916379,-1.207899,0.006736,0.012570,6,1,0,0.000000,0,-1.029757,0.000000,0.034405,0,-0.171843,0.000000,-0.021551,-1.029757,-0.171843,1,1,1,2.167631,0.000000,0.000000,0.000000,0.000000,0.000000,0.000000,0.000000
7.1501,1.105921,-0.161068,-0.012297,0.000000,0.034718,-0.021551,1,-1.029757,94,0.131549,0.041094,1.105921,-0.000419,-1.072876,-0.012297,1.105921,-1.046799,-0.012297,-0.161068,0.000000,0.013045,-0.418292,-34.168916,0.026077,0.000000,0.000000,0.002100,0.000009,0.000000,0.131549,0.041094,-9.809032,-0.008125,-0.008191,-0.000007,0.362833,0.006759,27.000000,0.013045,1.105921,-0.000419,-0.161068,0.000000,0.026000,0.000000,57,0,1,32,30,0.005386,-0.010363,-0.012170,-0.191396,0.259032,10.710670,-1.207963,0.006759,0.012565,7,1,0,0.000000,0,-1.029757,0.000000,0.034718,0,-0.171843,0.000000,-0.021551,-1.029757,-0.171843,1,1,1,2.167750,0.000000,0.000000,0.000000,0.000000,0.000000,0.000000,0.000000
7.1601,1.106017,-0.161068,-0.011842,0.000000,0.034585,-0.021551,1,-1.029757,104,0.131644,0.041419,1.106017,-0.000419,-1.072918,-0.011842,1.106017,-1.046841,-0.011842,-0.161068,0.000000,0.013045,-0.418292,-34.168916,0.026077,0.000000,0.000000,0.003974,0.000116,0.000000,0.131644,0.041419,-9.809029,0.008284,0.003684,0.000007,0.362792,0.006724,27.000000,0.013045,1.106017,-0.000419,-0.161068,0.000000,0.026000,0.000000,62,0,1,32,30,-0.001038,0.008851,-0.011951,0.169367,-0.331883,9.011001,-1.208004,0.006724,0.012569,6,1,0,0.000000,0,-1.029757,0.000000,0.034585,0,-0.171843,0.000000,-0.021551,-1.029757,-0.171843,1,1,1,2.167787,0.000000,0.000000,0.000000,0.000000,0.000000,0.000000,0.000000
7.1701,1.105921,-0.161068,-0.007621,0.000000,0.033450,-0.021551,1,-1.029757,114,0.132168,0.041622,1.105921,-0.000419,-1.072854,-0.007621,1.105921,-1.046781,-0.007621,-0.161068,0.000000,0.013042,-0.418292,-34.168916,0.026073,0.000000,0.000007,0.003849,-0.000097,0.000007,0.132168,0.041622,-9.809021,0.006783,0.000974,0.000000,0.362852,0.006693,27.000000,0.013045,1.105921,-0.000419,-0.161068,0.000000,0.026000,0.000000,67,0,1,32,30,0.001100,0.006664,-0.007708,-0.039508,-0.216174,9.701098,-1.207945,0.006693,0.012619,7,1,0,0.000000,0,-1.029757,0.000000,0.033450,0,-0.171843,0.000000,-0.021551,-1.029757,-0.171843,1,1,1,2.167823,0.000000,0.000000,0.000000,0.000000,0.000000,0.000000,0.000000
7.1801,1.106017,-0.161068,0.005274,0.000000,0.034164,-0.021551,1,-1.029757,124,0.131996,0.041456,1.106017,0.001466,-1.072868,0.005274,1.106017,-1.046791,0.005274,-0.161068,0.000000,0.013045,-0.418292,-34.168916,0.026078,0.000000,0.000000,0.001994,0.000097,0.000000,0.131996,0.041456,-9.809024,0.011183,0.000116,0.000008,0.362842,0.006715,27.000000,0.013045,1.106017,0.001466,-0.161068,0.000000,0.026000,0.000000,72,0,1,32,30,0.003234,0.010774,0.005141,0.228274,-0.263369,9.662517,-1.207954,0.006715,0.012604,7,1,0,0.000000,0,-1.029757,0.000000,0.034164,0,-0.171843,0.000000,-0.021551,-1.029757,-0.171843,1,1,1,2.167860,0.000000,0.000000,0.000000,0.000000,0.000000,0.000000,0.000000
7.1901,1.105921,-0.161068,-0.007781,0.000000,0.034858,-0.021551,1,-1.029757,133,0.132153,0.041654,1.105921,-0.000419,-1.072935,-0.007781,1.105921,-1.046856,-0.007781,-0.161068,0.000000,0.013045,-0.418292,-34.168916,0.026078,0.000000,0.000000,0.001993,0.000013,0.000000,0.132153,0.041654,-9.809021,0.000025,0.001085,0.000000,0.362776,0.006692,27.000000,0.013045,1.105921,-0.000419,-0.161068,0.000000,0.026000,0.000000,77,0,1,32,30,-0.001028,0.000247,-0.007785,-0.080130,0.161552,9.312481,-1.208020,0.006692,0.012617,7,1,0,0.000000,0,-1.029757,0.000000,0.034858,0,-0.171843,0.000000,-0.021551,-1.029757,-0.171843,1,1,1,2.167896,0.000000,0.000000,0.000000,0.000000,0.000000,0.000000,0.000000
7.2001,1.105921,-0.161068,0.011464,0.000000,0.034098,-0.021551,1,-1.029757,142,0.132428,0.041814,1.105921,-0.000419,-1.072926,0.011464,1.105921,-1.046848,0.011464,-0.161068,0.000000,0.013045,-0.418292,-34.168916,0.026078,0.000000,0.000000,0.002006,0.000015,0.000000,0.132428,0.041814,-9.809017,0.002227,-0.000465,0.000002,0.362785,0.006672,27.000000,0.013045,1.105921,-0.000419,-0.161068,0.000000,0.026000,0.000000,82,0,1,32,30,0.001110,0.002135,0.011439,-0.183079,0.377551,10.405613,-1.208012,0.006672,0.012642,7,1,0,0.000000,0,-1.029757,0.000000,0.034098,0,-0.171843,0.000000,-0.021551,-1.029757,-0.171843,1,1,1,2.167932,0.000000,0.000000,0.000000,0.000000,0.000000,0.000000,0.000000
7.2101,1.105921,-0.161068,-0.001393,0.000000,0.034014,-0.021551,1,-1.029757,151,0.132517,0.042000,1.105921,0.000419,-1.072912,-0.001393,1.105921,-1.046834,-0.001393,-0.161068,0.000000,0.013042,-0.418292,-34.168916,0.026078,0.000000,0.000007,0.002004,-0.000106,0.000007,0.132517,0.042000,-9.809015,-0.003357,0.011208,0.000000,0.362799,0.006649,27.000000,0.013045,1.105921,0.000419,-0.161068,0.000000,0.026000,0.000000,87,0,1,32,30,-0.011699,0.000131,-0.001394,0.072587,-0.138457,8.831043,-1.207997,0.006649,0.012648,7,1,0,0.000000,0,-1.029757,0.000000,0.034014,0,-0.171843,0.000000,-0.021551,-1.029757,-0.171843,1,1,1,2.167968,0.000000,0.000000,0.000000,0.000000,0.000000,0.000000,0.000000
7.2201,1.106017,-0.161068,0.002728,0.000000,0.034042,-0.021551,1,-1.029757,159,0.132523,0.042059,1.106017,0.001466,-1.072903,0.002728,1.106017,-1.046825,0.002728,-0.161068,0.000000,0.013045,-0.418292,-34.168916,0.026079,0.000000,0.000000,0.001994,0.000089,0.000000,0.132523,0.042059,-9.809015,-0.006356,-0.000925,-0.000005,0.362808,0.006646,27.000000,0.013045,1.106017,0.001466,-0.161068,0.000000,0.026000,0.000000,92,0,1,32,30,-0.001018,-0.006306,0.002806,-0.209897,0.199764,10.863189,-1.207988,0.006646,0.012647,7,1,0,0.000000,0,-1.029757,0.000000,0.034042,0,-0.171843,0.000000,-0.021551,-1.029757,-0.171843,1,1,1,2.168004,0.000000,0.000000,0.000000,0.000000,0.000000,0.000000,0.000000
7.2301,1.106017,-0.161068,-0.009917,0.000000,0.034659,-0.021551,1,-1.029757,169,0.132658,0.042306,1.106017,-0.000419,-1.072947,-0.009917,1.106017,-1.046868,-0.009917,-0.161068,0.000000,0.013045,-0.418292,-34.168916,0.026079,0.000000,0.000000,0.003850,0.000098,0.000000,0.132658,0.042306,-9.809012,-0.001210,0.005173,0.000000,0.362765,0.006619,27.000000,0.013045,1.106017,-0.000419,-0.161068,0.000000,0.026000,0.000000,97,0,1,32,30,-0.005298,0.000263,-0.009921,0.150708,-0.352785,9.154334,-1.208031,0.006619,0.012657,6,1,0,0.000000,0,-1.029757,0.000000,0.034659,0,-0.171843,0.000000,-0.021551,-1.029757,-0.171843,1,1,1,2.168042,0.000000,0.000000,0.000000,0.000000,0.000000,0.000000,0.000000
7.2401,1.106013,-0.161068,-0.011995,0.000000,0.035713,-0.021551,1,-1.029757,179,0.132889,0.041992,1.106013,-0.000419,-1.073065,-0.011995,1.106017,-1.046993,-0.011995,-0.161068,0.000000,0.012980,-0.418292,-34.168916,0.026072,0.000000,0.000155,0.003830,0.000151,0.000155,0.132889,0.041992,-9.809010,0.001525,0.003796,0.000000,0.362641,0.006582,27.000000,0.013045,1.106017,-0.000419,-0.161068,0.000000,0.026000,0.000000,102,0,1,32,30,-0.005304,0.002570,-0.022694,0.016934,-0.212020,9.366212,-1.208148,0.006584,0.012684,7,1,0,0.000000,0,-1.029757,0.000000,0.035713,0,-0.171843,0.000000,-0.021551,-1.029757,-0.171843,1,1,1,2.168137,0.000000,0.000000,0.000000,0.000000,0.000000,0.000000,0.000000
7.2501,1.105919,-0.161068,-0.005489,0.000000,0.035065,-0.021551,1,-1.029757,189,0.132852,0.041843,1.105919,0.001466,-1.073117,-0.005489,1.105921,-1.047042,-0.005489,-0.161068,0.000000,0.012979,-0.418292,-34.168916,0.026075,0.000000,0.000157,0.003791,-0.000078,0.000157,0.132852,0.041843,-9.809011,0.006729,0.000956,0.000000,0.362591,0.006596,27.000000,0.013045,1.105921,0.001466,-0.161068,0.000000,0.026000,0.000000,107,0,1,32,30,0.001101,0.006636,-0.005575,0.294582,-0.241734,9.461799,-1.208205,0.006596,0.012684,7,1,0,0.000000,0,-1.029757,0.000000,0.035065,0,-0.171843,0.000000,-0.021551,-1.029757,-0.171843,1,1,1,2.168191,0.000000,0.000000,0.000000,0.000000,0.000000,0.000000,0.000000
7.2601,1.105920,-0.161068,-0.005590,0.000000,0.034773,-0.021551,1,-1.029757,199,0.133028,0.042387,1.105920,0.001466,-1.073135,-0.005590,1.105921,-1.047059,-0.005590,-0.161068,0.000000,0.013028,-0.418292,-34.168916,0.026076,0.000000,0.000040,0.002032,0.000022,0.000040,0.133028,0.042387,-9.809006,0.003943,-0.004396,0.000000,0.362574,0.006588,27.000000,0.013045,1.105921,0.001466,-0.161068,0.000000,0.026000,0.000000,112,0,1,32,30,0.005374,0.002374,-0.005622,-0.173640,-0.017330,9.856136,-1.208222,0.006588,0.012693,7,1,0,0.000000,0,-1.029757,0.000000,0.034773,0,-0.171843,0.000000,-0.021551,-1.029757,-0.171843,1,1,1,2.168287,0.000000,0.000000,0.000000,0.000000,0.000000,0.000000,0.000000
7.2701,1.106113,-0.161068,-0.016364,0.000000,0.035617,-0.021551,1,-1.029757,210,0.133188,0.042850,1.106113,-0.002513,-1.073223,-0.016364,1.106113,-1.047143,-0.016364,-0.161068,0.000000,0.013045,-0.418292,-34.168916,0.026080,0.000000,0.000000,0.003859,0.000225,0.000000,0.133188,0.042850,-9.809002,-0.002443,0.002549,-0.000001,0.362490,0.006555,27.000000,0.013045,1.106113,-0.002513,-0.161068,0.000000,0.026000,0.000000,117,0,1,32,30,-0.003163,-0.001783,-0.016343,-0.258571,0.307159,10.682398,-1.208306,0.006555,0.012701,7,1,0,0.000000,0,-1.029757,0.000000,0.035617,0,-0.171843,0.000000,-0.021551,-1.029757,-0.171843,1,1,1,2.168372,0.000000,0.000000,0.000000,0.000000,0.000000,0.000000,0.000000
7.2801,1.106113,-0.161068,-0.013030,0.000000,0.035711,-0.021551,1,-1.029757,219,0.133218,0.042915,1.106113,-0.002513,-1.073302,-0.013030,1.106113,-1.047222,-0.013030,-0.161068,0.000000,0.013045,-0.418292,-34.168916,0.026080,-0.001000,0.000000,0.001994,0.000212,0.000000,0.133218,0.042915,-9.809002,0.004368,0.009165,-0.000995,0.362412,0.006548,27.000000,0.013045,1.106113,-0.002513,-0.161068,0.000000,0.026000,-0.001000,122,0,1,32,30,-0.007441,0.006724,-0.014114,0.235788,-0.357823,8.790664,-1.208384,0.006548,0.012703,7,1,0,0.000000,0,-1.029757,0.000000,0.035711,0,-0.171843,0.000000,-0.021551,-1.029757,-0.171843,1,1,1,2.168447,0.000000,0.000000,0.000000,0.000000,0.000000,0.000000,0.000000
7.2901,1.106017,-0.161068,0.002834,0.000000,0.035509,-0.021551,1,-1.029757,229,0.133355,0.042983,1.106017,-0.000419,-1.073350,0.002834,1.106017,-1.047270,0.002834,-0.161068,0.000000,0.013045,-0.418292,-34.168916,0.026080,0.000000,0.000000,0.003832,0.000132,0.000000,0.133355,0.042983,-9.808999,-0.000991,-0.003713,-0.000001,0.362364,0.006539,27.000000,0.013045,1.106017,-0.000419,-0.161068,0.000000,0.026000,0.000000,127,0,1,32,30,0.003247,-0.002019,0.002859,-0.153760,0.148786,10.345910,-1.208432,0.006539,0.012716,7,1,0,0.000000,0,-1.029757,0.000000,0.035509,0,-0.171843,0.000000,-0.021551,-1.029757,-0.171843,1,1,1,2.168483,0.000000,0.000000,0.000000,0.000000,0.000000,0.000000,0.000000
7.3001,1.106113,-0.161068,-0.012195,0.000000,0.035487,-0.021551,1,-1.029757,241,0.133478,0.043150,1.106113,-0.000419,-1.073389,-0.012195,1.106113,-1.047308,-0.012195,-0.161068,0.000000,0.013045,-0.418292,-34.168916,0.026080,0.000000,0.000000,0.002002,0.000212,0.000000,0.133478,0.043150,-9.808997,-0.004694,-0.004873,-0.000005,0.362326,0.006520,27.000000,0.013045,1.106113,-0.000419,-0.161068,0.000000,0.026000,0.000000,132,0,1,32,30,0.003247,-0.006095,-0.012122,0.121805,-0.304755,9.135657,-1.208471,0.006520,0.012725,7,1,0,0.000000,0,-1.029757,0.000000,0.035487,0,-0.171843,0.000000,-0.021551,-1.029757,-0.171843,1,1,1,2.168563,0.000000,0.000000,0.000000,0.000000,0.000000,0.000000,0.000000
7.3101,1.106017,-0.161068,-0.002265,0.000000,0.035772,-0.021551,1,-1.029757,249,0.133709,0.043290,1.106017,0.000419,-1.073445,-0.002265,1.106017,-1.047364,-0.002265,-0.161068,0.000000,0.013045,-0.418292,-34.168916,0.026081,-0.001000,0.000000,0.003784,0.000121,0.000000,0.133709,0.043290,-9.808993,0.008820,0.008326,-0.000991,0.362270,0.006502,27.000000,0.013045,1.106017,0.000419,-0.161068,0.000000,0.026000,-0.001000,137,0,1,32,30,-0.005307,0.010863,-0.003398,0.008008,-0.177194,9.644098,-1.208526,0.006502,0.012746,7,1,0,0.000000,0,-1.029757,0.000000,0.035772,0,-0.171843,0.000000,-0.021551,-1.029757,-0.171843,1,1,1,2.168598,0.000000,0.000000,0.000000,0.000000,0.000000,0.000000,0.000000
7.3201,1.106017,-0.161068,0.011719,0.000000,0.035547,-0.021551,1,-1.029757,4,0.133854,0.043340,1.106017,0.000419,-1.073473,0.011719,1.106017,-1.047392,0.011719,-0.161068,0.000000,0.013045,-0.418292,-34.168916,0.026081,0.000000,0.000000,0.003850,0.000108,0.000000,0.133854,0.043340,-9.808991,0.011772,0.004775,0.000009,0.362242,0.006495,27.000000,0.013045,1.106017,0.000419,-0.161068,0.000000,0.026000,0.000000,142,0,1,32,30,-0.001036,0.012813,0.011561,0.066010,0.168382,10.317539,-1.208554,0.006495,0.012760,6,1,0,0.000000,0,-1.029757,0.000000,0.035547,0,-0.171843,0.000000,-0.021551,-1.029757,-0.171843,1,1,1,2.168634,0.000000,0.000000,0.000000,0.000000,0.000000,0.000000,0.000000
7.3301,1.106017,-0.161068,-0.014378,0.000000,0.035733,-0.021551,1,-1.029757,13,0.133983,0.043410,1.106017,0.000419,-1.073512,-0.014378,1.106017,-1.047430,-0.014378,-0.161068,0.000000,0.013045,-0.418292,-34.168916,0.026081,0.000000,0.000000,0.001995,0.000035,0.000000,0.133983,0.043410,-9.808989,-0.006034,-0.007532,-0.000005,0.362204,0.006486,27.000000,0.013045,1.106017,0.000419,-0.161068,0.000000,0.026000,0.000000,147,0,1,32,30,0.005383,-0.008197,-0.014278,0.101293,-0.053798,8.946757,-1.208593,0.006486,0.012772,7,1,0,0.000000,0,-1.029757,0.000000,0.035733,0,-0.171843,0.000000,-0.021551,-1.029757,-0.171843,1,1,1,2.168683,0.000000,0.000000,0.000000,0.000000,0.000000,0.000000,0.000000
7.3401,1.106017,-0.161068,0.001856,0.000000,0.035476,-0.021551,1,-1.029757,23,0.134084,0.043388,1.106017,0.000419,-1.073523,0.001856,1.106017,-1.047441,0.001856,-0.161068,0.000000,0.013042,-0.418292,-34.168916,0.026082,-0.001000,0.000007,0.001995,-0.000098,0.000007,0.134084,0.043388,-9.808988,0.004532,0.000263,-0.001000,0.362193,0.006483,27.000000,0.013045,1.106017,0.000419,-0.161068,0.000000,0.026000,-0.001000,152,0,1,32,30,0.001105,0.004414,0.000799,-0.268093,0.363465,10.769092,-1.208604,0.006483,0.012782,6,1,0,0.000000,0,-1.029757,0.000000,0.035476,0,-0.171843,0.000000,-0.021551,-1.029757,-0.171843,1,1,1,2.168774,0.000000,0.000000,0.000000,0.000000,0.000000,0.000000,0.000000
7.3501,1.106113,-0.161068,0.003283,0.000000,0.036295,-0.021551,1,-1.029757,34,0.134459,0.043624,1.106113,0.000419,-1.073600,0.003283,1.106113,-1.047518,0.003283,-0.161068,0.000000,0.013045,-0.418292,-34.168916,0.026082,0.000000,0.000000,0.002042,0.000005,0.000000,0.134459,0.043624,-9.808981,0.014130,0.012231,0.000015,0.362116,0.006456,27.000000,0.013045,1.106113,0.000419,-0.161068,0.000000,0.026000,0.000000,157,0,1,32,30,-0.007446,0.017182,0.003074,0.091558,-0.184842,8.715744,-1.208681,0.006456,0.012816,7,1,0,0.000000,0,-1.029757,0.000000,0.036295,0,-0.171843,0.000000,-0.021551,-1.029757,-0.171843,1,1,1,2.168847,0.000000,0.000000,0.000000,0.000000,0.000000,0.000000,0.000000
7.3601,1.106017,-0.161068,-0.012248,0.000000,0.036296,-0.021551,1,-1.029757,43,0.134546,0.043698,1.106017,0.002513,-1.073665,-0.012248,1.106017,-1.047583,-0.012248,-0.161068,0.000000,0.013045,-0.418292,-34.168916,0.026082,0.000000,0.000000,0.002018,0.000025,0.000000,0.134546,0.043698,-9.808980,-0.007376,-0.003479,-0.000007,0.362051,0.006448,27.000000,0.013045,1.106017,0.002513,-0.161068,0.000000,0.026000,0.000000,162,0,1,32,30,0.001114,-0.008238,-0.012148,-0.219557,0.266104,10.911701,-1.208745,0.006448,0.012824,6,1,0,0.000000,0,-1.029757,0.000000,0.036296,0,-0.171843,0.000000,-0.021551,-1.029757,-0.171843,1,1,1,2.168885,0.000000,0.000000,0.000000,0.000000,0.000000,0.000000,0.000000
7.3701,1.106113,-0.161068,-0.016207,0.000000,0.036500,-0.021551,1,-1.029757,53,0.134515,0.043773,1.106113,0.001466,-1.073736,-0.016207,1.106113,-1.047654,-0.016207,-0.161068,0.000000,0.013045,-0.418292,-34.168916,0.026082,0.000000,0.000000,0.002165,0.000123,0.000000,0.134515,0.043773,-9.808980,0.004959,0.000401,0.000003,0.361981,0.006440,27.000000,0.013045,1.106113,0.001466,-0.161068,0.000000,0.026000,0.000000,167,0,1,32,30,0.001100,0.004640,-0.016265,0.123225,-0.028618,10.009342,-1.208816,0.006440,0.012820,6,1,0,0.000000,0,-1.029757,0.000000,0.036500,0,-0.171843,0.000000,-0.021551,-1.029757,-0.171843,1,1,1,2.168986,0.000000,0.000000,0.000000,0.000000,0.000000,0.000000,0.000000
7.3801,1.106017,-0.161068,-0.003356,0.000000,0.035352,-0.021551,1,-1.029757,63,0.134799,0.043857,1.106017,-0.000419,-1.073697,-0.003356,1.106017,-1.047617,-0.003356,-0.161068,0.000000,0.013024,-0.418292,-34.168916,0.026080,0.000000,0.000050,0.001984,-0.000105,0.000050,0.134799,0.043857,-9.808976,0.006676,0.000938,0.000000,0.362018,0.006407,27.000000,0.013045,1.106017,-0.000419,-0.161068,0.000000,0.026000,0.000000,172,0,1,32,30,0.001101,0.006607,-0.003442,0.008815,-0.312593,9.767154,-1.208779,0.006407,0.012847,7,1,0,0.000000,0,-1.029757,0.000000,0.035352,0,-0.171843,0.000000,-0.021551,-1.029757,-0.171843,1,1,1,2.169028,0.000000,0.000000,0.000000,0.000000,0.000000,0.000000,0.000000
7.3901,1.106017,-0.161068,-0.005696,0.000000,0.036056,-0.021551,1,-1.029757,73,0.134901,0.043920,1.106017,0.000419,-1.073727,-0.005696,1.106017,-1.047645,-0.005696,-0.161068,0.000000,0.013045,-0.418292,-34.168916,0.026082,0.000000,0.000000,0.003979,-0.000062,0.000000,0.134901,0.043920,-9.808974,-0.000778,-0.003644,-0.000002,0.361989,0.006419,27.000000,0.013045,1.106017,0.000419,-0.161068,0.000000,0.026000,0.000000,177,0,1,32,30,0.003244,-0.001906,-0.005673,0.188870,-0.079356,9.472932,-1.208807,0.006419,0.012856,6,1,0,0.000000,0,-1.029757,0.000000,0.036056,0,-0.171843,0.000000,-0.021551,-1.029757,-0.171843,1,1,1,2.169063,0.000000,0.000000,0.000000,0.000000,0.000000,0.000000,0.000000
7.4001,1.106113,-0.161068,-0.005696,0.000000,0.036448,-0.021551,1,-1.029757,83,0.134714,0.044013,1.106113,-0.001466,-1.073783,-0.005696,1.106113,-1.047701,-0.005696,-0.161068,0.000000,0.013045,-0.418292,-34.168916,0.026082,0.000000,0.000000,0.002001,0.000006,0.000000,0.134714,0.044013,-9.808976,-0.000778,-0.003643,-0.000001,0.361934,0.006413,27.000000,0.013045,1.106113,-0.001466,-0.161068,0.000000,0.026000,0.000000,182,0,1,32,30,0.003244,-0.001906,-0.005673,-0.042162,0.181639,9.236144,-1.208863,0.006413,0.012836,7,1,0,0.000000,0,-1.029757,0.000000,0.036448,0,-0.171843,0.000000,-0.021551,-1.029757,-0.171843,1,1,1,2.169117,0.000000,0.000000,0.000000,0.000000,0.000000,0.000000,0.000000
7.4101,1.106113,-0.161068,-0.001031,0.000000,0.036316,-0.021551,1,-1.029757,93,0.135130,0.044334,1.106113,-0.000419,-1.073820,-0.001031,1.106113,-1.047737,-0.001031,-0.161068,0.000000,0.013045,-0.418292,-34.168916,0.026083,0.000000,0.000000,0.001863,0.000005,0.000000,0.135130,0.044334,-9.808969,0.012199,0.011624,0.000011,0.361898,0.006374,27.000000,0.013045,1.106113,-0.000419,-0.161068,0.000000,0.026000,0.000000,187,0,1,32,30,-0.007446,0.015102,-0.001217,-0.296580,0.193102,10.623805,-1.208898,0.006374,0.012872,7,1,0,0.000000,0,-1.029757,0.000000,0.036316,0,-0.171843,0.000000,-0.021551,-1.029757,-0.171843,1,1,1,2.169170,0.000000,0.000000,0.000000,0.000000,0.000000,0.000000,0.000000
7.4201,1.106113,-0.161068,-0.104900,0.000000,0.036326,-0.021551,1,-1.029757,103,0.135540,0.044362,1.106113,-0.002513,-1.074028,-0.104900,1.106113,-1.047767,-0.104900,-0.161068,0.000000,0.013045,-0.418292,-34.168916,0.026261,-0.001000,0.000000,0.003961,0.000068,0.000000,0.135540,0.044362,-9.808963,0.007373,0.005632,0.103726,0.361867,0.006365,27.000000,0.013045,1.106113,-0.002513,-0.161068,0.000000,0.026000,-0.001000,192,0,1,32,30,-0.003170,0.008704,-0.001288,0.206739,-0.290316,8.743471,-1.208929,0.006365,0.012913,7,1,0,0.000000,0,-1.029757,0.000000,0.036326,0,-0.171843,0.000000,-0.021551,-1.029757,-0.171843,1,1,1,2.169310,0.000000,0.000000,0.000000,0.000000,0.000000,0.000000,0.000000
7.4301,1.106017,-0.161068,-0.007825,0.000000,0.037637,-0.021551,1,-1.029757,113,0.135428,0.044310,1.106017,0.000419,-1.073985,-0.007825,1.106017,-1.047902,-0.007825,-0.161068,0.000000,0.013045,-0.418292,-34.168916,0.026083,0.000000,0.000000,0.002001,-0.000075,0.000000,0.135428,0.044310,-9.808965,0.000564,-0.007696,-0.000001,0.361733,0.006372,27.000000,0.013045,1.106017,0.000419,-0.161068,0.000000,0.026000,0.000000,197,0,1,32,30,0.007513,-0.001865,-0.007802,0.074398,0.107698,9.809701,-1.209064,0.006372,0.012903,7,1,0,0.000000,0,-1.029757,0.000000,0.037637,0,-0.171843,0.000000,-0.021551,-1.029757,-0.171843,1,1,1,2.169346,0.000000,0.000000,0.000000,0.000000,0.000000,0.000000,0.000000
7.4401,1.106113,-0.161068,0.005277,0.000000,0.036213,-0.021551,1,-1.029757,123,0.135693,0.044481,1.106113,0.000419,-1.073983,0.005277,1.106113,-1.047896,0.005277,-0.161068,0.000000,0.013032,-0.418292,-34.168916,0.026088,0.000000,0.000032,0.002155,-0.000011,0.000032,0.135693,0.044481,-9.808961,0.009895,0.004185,0.000000,0.361739,0.006337,27.000000,0.013045,1.106113,0.000419,-0.161068,0.000000,0.026000,0.000000,1,0,1,32,30,-0.001035,0.010762,0.005138,0.074620,-0.364037,9.288159,-1.209057,0.006337,0.012927,7,1,0,0.000000,0,-1.029757,0.000000,0.036213,0,-0.171843,0.000000,-0.021551,-1.029757,-0.171843,1,1,1,2.169381,0.000000,0.000000,0.000000,0.000000,0.000000,0.000000,0.000000
7.4501,1.106113,-0.161068,-0.011042,0.000000,0.036424,-0.021551,1,-1.029757,133,0.136340,0.044746,1.106113,0.000419,-1.073992,-0.011042,1.106113,-1.047908,-0.011042,-0.161068,0.000000,0.013045,-0.418292,-34.168916,0.026085,-0.001000,0.000000,0.002140,0.000022,0.000000,0.136340,0.044746,-9.808950,0.001420,-0.002950,-0.001000,0.361727,0.006313,27.000000,0.013045,1.106113,0.000419,-0.161068,0.000000,0.026000,-0.001000,6,0,1,32,30,0.003240,0.000316,-0.012047,-0.173767,-0.176820,9.605701,-1.209070,0.006313,0.012987,7,1,0,0.000000,0,-1.029757,0.000000,0.036424,0,-0.171843,0.000000,-0.021551,-1.029757,-0.171843,1,1,1,2.169435,0.000000,0.000000,0.000000,0.000000,0.000000,0.000000,0.000000
7.4601,1.106113,-0.161068,-0.016413,0.000000,0.038084,-0.021551,1,-1.029757,143,0.136085,0.044599,1.106113,0.001466,-1.074141,-0.016413,1.106113,-1.048056,-0.016413,-0.161068,0.000000,0.013045,-0.418292,-34.168916,0.026084,0.000000,0.000000,0.004001,0.000087,0.000000,0.136085,0.044599,-9.808955,-0.003837,-0.000127,-0.000003,0.361578,0.006332,27.000000,0.013045,1.106113,0.001466,-0.161068,0.000000,0.026000,0.000000,11,0,1,32,30,-0.001026,-0.003913,-0.016366,-0.086146,0.268179,10.749112,-1.209218,0.006332,0.012964,7,1,0,0.000000,0,-1.029757,0.000000,0.038084,0,-0.171843,0.000000,-0.021551,-1.029757,-0.171843,1,1,1,2.169508,0.000000,0.000000,0.000000,0.000000,0.000000,0.000000,0.000000
7.4701,1.106113,-0.161068,0.005273,0.000000,0.037133,-0.021551,1,-1.029757,153,0.135976,0.044699,1.106113,0.003560,-1.074185,0.005273,1.106113,-1.048101,0.005273,-0.161068,0.000000,0.013045,-0.418292,-34.168916,0.026084,0.000000,0.000000,0.001993,0.000091,0.000000,0.135976,0.044699,-9.808956,0.010539,0.002150,0.000007,0.361534,0.006323,27.000000,0.013045,1.106113,0.003560,-0.161068,0.000000,0.026000,0.000000,16,0,1,32,30,0.001099,0.010768,0.005139,0.102933,-0.324714,9.202439,-1.209262,0.006323,0.012951,6,1,0,0.000000,0,-1.029757,0.000000,0.037133,0,-0.171843,0.000000,-0.021551,-1.029757,-0.171843,1,1,1,2.169566,0.000000,0.000000,0.000000,0.000000,0.000000,0.000000,0.000000
7.4801,1.106208,-0.161068,-0.009968,0.000000,0.036209,-0.021551,1,-1.029757,164,0.136663,0.044932,1.106208,-0.000419,-1.074140,-0.009968,1.106208,-1.048061,-0.009968,-0.161068,0.000000,0.013042,-0.418292,-34.168916,0.026079,0.000000,0.000008,0.001977,0.000099,0.000008,0.136663,0.044932,-9.808945,-0.002603,0.002497,0.000000,0.361574,0.006285,27.000000,0.013045,1.106208,-0.000419,-0.161068,0.000000,0.026000,0.000000,21,0,1,32,30,-0.003161,-0.001868,-0.009944,-0.354279,0.401667,10.769420,-1.209223,0.006285,0.013017,7,1,0,0.000000,0,-1.029757,0.000000,0.036209,0,-0.171843,0.000000,-0.021551,-1.029757,-0.171843,1,1,1,2.169626,0.000000,0.000000,0.000000,0.000000,0.000000,0.000000,0.000000
7.4901,1.106112,-0.161068,-0.003520,0.000000,0.037598,-0.021551,1,-1.029757,174,0.136531,0.044903,1.106112,0.001466,-1.074227,-0.003520,1.106113,-1.048143,-0.003520,-0.161068,0.000000,0.013043,-0.418292,-34.168916,0.026083,0.000000,0.000005,0.004001,0.000051,0.000005,0.136531,0.044903,-9.808947,-0.001370,0.005121,0.000000,0.361491,0.006292,27.000000,0.013045,1.106113,0.001466,-0.161068,0.000000,0.026000,0.000000,26,0,1,32,30,-0.005296,0.000178,-0.003522,0.254262,-0.336097,8.580344,-1.209305,0.006292,0.013004,6,1,0,0.000000,0,-1.029757,0.000000,0.037598,0,-0.171843,0.000000,-0.021551,-1.029757,-0.171843,1,1,1,2.169666,0.000000,0.000000,0.000000,0.000000,0.000000,0.000000,0.000000
7.5001,1.106208,-0.161068,0.000599,0.000000,0.037374,-0.021551,1,-1.029757,183,0.136209,0.044814,1.106208,0.000419,-1.074278,0.000599,1.106208,-1.048194,0.000599,-0.161068,0.000000,0.013045,-0.418292,-34.168916,0.026085,0.000000,0.000000,0.004007,0.000109,0.000000,0.136209,0.044814,-9.808952,-0.005015,-0.004977,-0.000005,0.361441,0.006308,27.000000,0.013045,1.106208,0.000419,-0.161068,0.000000,0.026000,0.000000,31,0,1,32,30,0.003251,-0.006265,0.000676,-0.057197,0.229357,10.796593,-1.209355,0.006308,0.012973,7,1,0,0.000000,0,-1.029757,0.000000,0.037374,0,-0.171843,0.000000,-0.021551,-1.029757,-0.171843,1,1,1,2.169805,0.000000,0.000000,0.000000,0.000000,0.000000,0.000000,0.000000
7.5101,1.106305,-0.161068,0.011415,0.000000,0.036499,-0.021551,1,-1.029757,192,0.136959,0.045063,1.106305,0.000419,-1.074248,0.011415,1.106305,-1.048162,0.011415,-0.161068,0.000000,0.013045,-0.418292,-34.168916,0.026086,0.000000,0.000000,0.003978,0.000142,0.000000,0.136959,0.045063,-9.808940,0.000832,-0.003142,-0.000000,0.361472,0.006271,27.000000,0.013045,1.106305,0.000419,-0.161068,0.000000,0.026000,0.000000,36,0,1,32,30,0.003247,0.000004,0.011416,-0.087460,-0.046088,9.865474,-1.209324,0.006271,0.013044,6,1,0,0.000000,0,-1.029757,0.000000,0.036499,0,-0.171843,0.000000,-0.021551,-1.029757,-0.171843,1,1,1,2.169840,0.000000,0.000000,0.000000,0.000000,0.000000,0.000000,0.000000
7.5201,1.106208,-0.161068,-0.016212,0.000000,0.037427,-0.021551,1,-1.029757,202,0.137099,0.045157,1.106208,0.001466,-1.074299,-0.016212,1.106208,-1.048214,-0.016212,-0.161068,0.000000,0.013045,-0.418292,-34.168916,0.026086,0.000000,0.000000,0.003835,0.000050,0.000000,0.137099,0.045157,-9.808938,0.003028,0.006507,0.000003,0.361421,0.006259,27.000000,0.013045,1.106208,0.001466,-0.161068,0.000000,0.026000,0.000000,41,0,1,32,30,-0.005304,0.004622,-0.016270,0.034566,-0.233626,8.791780,-1.209375,0.006259,0.013057,7,1,0,0.000000,0,-1.029757,0.000000,0.037427,0,-0.171843,0.000000,-0.021551,-1.029757,-0.171843,1,1,1,2.169875,0.000000,0.000000,0.000000,0.000000,0.000000,0.000000,0.000000
7.5301,1.106208,-0.161068,-0.001384,0.000000,0.037165,-0.021551,1,-1.029757,210,0.136529,0.045123,1.106208,0.000419,-1.074320,-0.001384,1.106208,-1.048235,-0.001384,-0.161068,0.000000,0.013045,-0.418292,-34.168916,0.026085,0.000000,0.000000,0.001994,0.000007,0.000000,0.136529,0.045123,-9.808946,-0.000135,0.001033,0.000000,0.361400,0.006272,27.000000,0.013045,1.106208,0.000419,-0.161068,0.000000,0.026000,0.000000,46,0,1,32,30,-0.001026,0.000162,-0.001386,0.000682,0.142388,10.872319,-1.209396,0.006272,0.013000,7,1,0,0.000000,0,-1.029757,0.000000,0.037165,0,-0.171843,0.000000,-0.021551,-1.029757,-0.171843,1,1,1,2.169941,0.000000,0.000000,0.000000,0.000000,0.000000,0.000000,0.000000
7.5401,1.106305,-0.161068,0.005225,0.000000,0.036328,-0.021551,1,-1.029757,219,0.137211,0.045450,1.106305,0.001466,-1.074272,0.005225,1.106305,-1.048182,0.005225,-0.161068,0.000000,0.013026,-0.418292,-34.168916,0.026090,0.000000,0.000046,0.002002,0.000076,0.000046,0.137211,0.045450,-9.808935,0.007858,0.003543,0.000000,0.361453,0.006209,27.000000,0.013045,1.106305,0.001466,-0.161068,0.000000,0.026000,0.000000,51,0,1,32,30,-0.001033,0.008625,0.005113,-0.051281,0.000782,9.167326,-1.209343,0.006209,0.013063,6,1,0,0.000000,0,-1.029757,0.000000,0.036328,0,-0.171843,0.000000,-0.021551,-1.029757,-0.171843,1,1,1,2.169976,0.000000,0.000000,0.000000,0.000000,0.000000,0.000000,0.000000
7.5501,1.106305,-0.161068,-0.007881,0.000000,0.036607,-0.021551,1,-1.029757,226,0.137579,0.045794,1.106305,0.000419,-1.074249,-0.007881,1.106305,-1.048162,-0.007881,-0.161068,0.000000,0.013045,-0.418292,-34.168916,0.026087,0.000000,0.000000,0.001982,0.000109,0.000000,0.137579,0.045794,-9.808928,-0.003407,-0.002231,-0.000003,0.361473,0.006187,27.000000,0.013045,1.106305,0.000419,-0.161068,0.000000,0.026000,0.000000,56,0,1,32,30,0.001111,-0.004021,-0.007833,-0.257580,0.057959,10.727747,-1.209323,0.006187,0.013095,6,1,0,0.000000,0,-1.029757,0.000000,0.036607,0,-0.171843,0.000000,-0.021551,-1.029757,-0.171843,1,1,1,2.170010,0.000000,0.000000,0.000000,0.000000,0.000000,0.000000,0.000000
7.5601,1.106208,-0.161068,0.004136,0.000000,0.037734,-0.021551,1,-1.029757,236,0.136974,0.045650,1.106208,0.000419,-1.074325,0.004136,1.106208,-1.048239,0.004136,-0.161068,0.000000,0.013045,-0.418292,-34.168916,0.026086,-0.001000,0.000000,0.002020,0.000008,0.000000,0.136974,0.045650,-9.808937,0.009305,0.006237,-0.000992,0.361396,0.006211,27.000000,0.013045,1.106208,0.000419,-0.161068,0.000000,0.026000,-0.001000,61,0,1,32,30,-0.003171,0.010784,0.003003,0.207389,-0.274373,9.002033,-1.209400,0.006211,0.013036,7,1,0,0.000000,0,-1.029757,0.000000,0.037734,0,-0.171843,0.000000,-0.021551,-1.029757,-0.171843,1,1,1,2.170045,0.000000,0.000000,0.000000,0.000000,0.000000,0.000000,0.000000
7.5701,1.106208,-0.161068,0.009173,0.000000,0.036072,-0.021551,1,-1.029757,247,0.137346,0.045873,1.106208,0.000419,-1.074251,0.009173,1.106208,-1.048165,0.009173,-0.161068,0.000000,0.013045,-0.418292,-34.168916,0.026087,0.000000,0.000000,0.001988,-0.000025,0.000000,0.137346,0.045873,-9.808931,-0.005766,0.003735,-0.000003,0.361471,0.006183,27.000000,0.013045,1.106208,0.000419,-0.161068,0.000000,0.026000,0.000000,66,0,1,32,30,-0.005287,-0.004266,0.009226,-0.184452,0.148281,9.608962,-1.209325,0.006183,0.013070,7,1,0,0.000000,0,-1.029757,0.000000,0.036072,0,-0.171843,0.000000,-0.021551,-1.029757,-0.171843,1,1,1,2.170080,0.000000,0.000000,0.000000,0.000000,0.000000,0.000000,0.000000
7.5801,1.106112,-0.161068,0.000804,0.000000,0.037143,-0.021551,1,-1.029757,1,0.137911,0.046020,1.106112,0.001466,-1.074280,0.000804,1.106113,-1.048192,0.000804,-0.161068,0.000000,0.013038,-0.418292,-34.168916,0.026088,0.000000,0.000017,0.003977,-0.000068,0.000017,0.137911,0.046020,-9.808923,0.002494,-0.000379,-0.000000,0.361444,0.006152,27.000000,0.013045,1.106113,0.001466,-0.161068,0.000000,0.026000,0.000000,71,0,1,32,30,0.001107,0.002277,0.000774,-0.001288,-0.178377,9.739785,-1.209353,0.006152,0.013125,6,1,0,0.000000,0,-1.029757,0.000000,0.037143,0,-0.171843,0.000000,-0.021551,-1.029757,-0.171843,1,1,1,2.170114,0.000000,0.000000,0.000000,0.000000,0.000000,0.000000,0.000000
7.5901,1.106113,-0.161068,0.002984,0.000000,0.037670,-0.021551,1,-1.029757,11,0.137403,0.045899,1.106113,0.000419,-1.074345,0.002984,1.106113,-1.048259,0.002984,-0.161068,0.000000,0.013045,-0.418292,-34.168916,0.026087,0.000000,0.000000,0.001981,-0.000090,0.000000,0.137403,0.045899,-9.808930,0.003834,0.002280,0.000003,0.361377,0.006179,27.000000,0.013045,1.106113,0.000419,-0.161068,0.000000,0.026000,0.000000,76,0,1,32,30,-0.001029,0.004379,0.002930,0.179439,-0.268243,9.279619,-1.209419,0.006179,0.013075,7,1,0,0.000000,0,-1.029757,0.000000,0.037670,0,-0.171843,0.000000,-0.021551,-1.029757,-0.171843,1,1,1,2.170148,0.000000,0.000000,0.000000,0.000000,0.000000,0.000000,0.000000
7.6001,1.106208,-0.161068,0.007148,0.000000,0.036914,-0.021551,1,-1.029757,21,0.137613,0.046163,1.106208,0.000419,-1.074338,0.007148,1.106208,-1.048251,0.007148,-0.161068,0.000000,0.013045,-0.418292,-34.168916,0.026087,0.000000,0.000000,0.003980,-0.000097,0.000000,0.137613,0.046163,-9.808926,0.000295,-0.001072,-0.000000,0.361385,0.006149,27.000000,0.013045,1.106208,0.000419,-0.161068,0.000000,0.026000,0.000000,81,0,1,32,30,0.001111,0.000055,0.007148,-0.095146,0.105621,10.747473,-1.209412,0.006149,0.013092,6,1,0,0.000000,0,-1.029757,0.000000,0.036914,0,-0.171843,0.000000,-0.021551,-1.029757,-0.171843,1,1,1,2.170199,0.000000,0.000000,0.000000,0.000000,0.000000,0.000000,0.000000
7.6101,1.106305,-0.161068,0.009336,0.000000,0.037242,-0.021551,1,-1.029757,30,0.138245,0.046348,1.106305,0.001466,-1.074360,0.009336,1.106305,-1.048272,0.009336,-0.161068,0.000000,0.013045,-0.418292,-34.168916,0.026088,0.000000,0.000000,0.002000,0.000215,0.000000,0.138245,0.046348,-9.808916,0.003567,-0.004519,0.000002,0.361363,0.006120,27.000000,0.013045,1.106305,0.001466,-0.161068,0.000000,0.026000,0.000000,86,0,1,32,30,0.005379,0.002175,0.009310,-0.040933,-0.256915,9.126462,-1.209433,0.006120,0.013153,6,1,0,0.000000,0,-1.029757,0.000000,0.037242,0,-0.171843,0.000000,-0.021551,-1.029757,-0.171843,1,1,1,2.170236,0.000000,0.000000,0.000000,0.000000,0.000000,0.000000,0.000000
7.6201,1.106305,-0.161068,-0.014124,0.000000,0.037567,-0.021551,1,-1.029757,40,0.137971,0.046219,1.106305,0.002513,-1.074405,-0.014124,1.106305,-1.048317,-0.014124,-0.161068,0.000000,0.013045,-0.418292,-34.168916,0.026088,0.000000,0.000000,0.003873,0.000159,0.000000,0.137971,0.046219,-9.808921,0.003511,-0.002293,0.000002,0.361319,0.006138,27.000000,0.013045,1.106305,0.002513,-0.161068,0.000000,0.026000,0.000000,91,0,1,32,30,0.003237,0.002481,-0.014155,0.076033,-0.003139,10.267969,-1.209478,0.006138,0.013127,6,1,0,0.000000,0,-1.029757,0.000000,0.037567,0,-0.171843,0.000000,-0.021551,-1.029757,-0.171843,1,1,1,2.170293,0.000000,0.000000,0.000000,0.000000,0.000000,0.000000,0.000000
7.6301,1.106208,-0.161068,0.026592,0.000000,0.037078,-0.021551,1,-1.029757,50,0.137811,0.046328,1.106208,0.000419,-1.074401,0.026592,1.106208,-1.048314,0.026592,-0.161068,0.000000,0.013045,-0.418292,-34.168916,0.026088,0.000000,0.000000,0.002013,-0.000032,0.000000,0.137811,0.046328,-9.808923,0.008074,0.008080,0.000006,0.361322,0.006130,27.000000,0.013045,1.106208,0.000419,-0.161068,0.000000,0.026000,0.000000,96,0,1,32,30,-0.005298,0.010466,0.026464,0.180733,-0.038620,10.047561,-1.209474,0.006130,0.013109,6,1,0,0.000000,0,-1.029757,0.000000,0.037078,0,-0.171843,0.000000,-0.021551,-1.029757,-0.171843,1,1,1,2.170333,0.000000,0.000000,0.000000,0.000000,0.000000,0.000000,0.000000
7.6401,1.106304,-0.161068,-0.003507,0.000000,0.037836,-0.021551,1,-1.029757,60,0.138407,0.046588,1.106304,-0.000419,-1.074460,-0.003507,1.106305,-1.048374,-0.003507,-0.161068,0.000000,0.013038,-0.418292,-34.168916,0.026087,0.000000,0.000018,0.002007,0.000019,0.000018,0.138407,0.046588,-9.808913,0.003137,-0.009126,0.000000,0.361262,0.006086,27.000000,0.013045,1.106305,-0.000419,-0.161068,0.000000,0.026000,0.000000,101,0,1,32,30,0.009646,0.000221,-0.003510,-0.172194,0.183371,10.642929,-1.209534,0.006086,0.013165,6,1,0,0.000000,0,-1.029757,0.000000,0.037836,0,-0.171843,0.000000,-0.021551,-1.029757,-0.171843,1,1,1,2.170389,0.000000,0.000000,0.000000,0.000000,0.000000,0.000000,0.000000
7.6501,1.106305,-0.161068,-0.003715,0.000000,0.037144,-0.021551,1,-1.029757,70,0.138400,0.046550,1.106305,-0.001466,-1.074454,-0.003715,1.106305,-1.048366,-0.003715,-0.161068,0.000000,0.013045,-0.418292,-34.168916,0.026088,0.000000,0.000000,0.001999,0.000012,0.000000,0.138400,0.046550,-9.808913,-0.006303,-0.007617,-0.000007,0.361270,0.006098,27.000000,0.013045,1.106305,-0.001466,-0.161068,0.000000,0.026000,0.000000,106,0,1,32,30,0.005386,-0.008339,-0.003613,-0.010728,0.178845,10.241031,-1.209527,0.006098,0.013165,7,1,0,0.000000,0,-1.029757,0.000000,0.037144,0,-0.171843,0.000000,-0.021551,-1.029757,-0.171843,1,1,1,2.170423,0.000000,0.000000,0.000000,0.000000,0.000000,0.000000,0.000000
7.6601,1.106305,-0.161068,0.003031,0.000000,0.037431,-0.021551,1,-1.029757,80,0.138104,0.046619,1.106305,0.000419,-1.074472,0.003031,1.106305,-1.048384,0.003031,-0.161068,0.000000,0.013045,-0.418292,-34.168916,0.026088,0.000000,0.000000,0.003990,-0.000027,0.000000,0.138104,0.046619,-9.808917,0.004586,0.006990,0.000005,0.361252,0.006095,27.000000,0.013045,1.106305,0.000419,-0.161068,0.000000,0.026000,0.000000,111,0,1,32,30,-0.005301,0.006504,0.002951,0.101464,-0.186369,8.840151,-1.209544,0.006095,0.013134,7,1,0,0.000000,0,-1.029757,0.000000,0.037431,0,-0.171843,0.000000,-0.021551,-1.029757,-0.171843,1,1,1,2.170478,0.000000,0.000000,0.000000,0.000000,0.000000,0.000000,0.000000
7.6701,1.106305,-0.161068,0.004811,0.000000,0.037105,-0.021551,1,-1.029757,90,0.138563,0.046671,1.106305,0.001466,-1.074460,0.004811,1.106305,-1.048372,0.004811,-0.161068,0.000000,0.013045,-0.418292,-34.168916,0.026088,0.000000,0.000000,0.001995,0.000000,0.000000,0.138563,0.046671,-9.808910,-0.007804,-0.003617,-0.000006,0.361264,0.006083,27.000000,0.013045,1.106305,0.001466,-0.161068,0.000000,0.026000,0.000000,116,0,1,32,30,0.001120,-0.008465,0.004916,-0.238746,0.322876,10.960112,-1.209532,0.006083,0.013180,7,1,0,0.000000,0,-1.029757,0.000000,0.037105,0,-0.171843,0.000000,-0.021551,-1.029757,-0.171843,1,1,1,2.170512,0.000000,0.000000,0.000000,0.000000,0.000000,0.000000,0.000000
7.6801,1.106305,-0.161068,0.002786,0.000000,0.037059,-0.021551,1,-1.029757,100,0.138730,0.046500,1.106305,0.000419,-1.074446,0.002786,1.106305,-1.048357,0.002786,-0.161068,0.000000,0.013045,-0.418292,-34.168916,0.026089,0.000000,0.000000,0.002129,0.000003,0.000000,0.138730,0.046500,-9.808909,-0.001743,-0.008424,-0.000003,0.361278,0.006097,27.000000,0.013045,1.106305,0.000419,-0.161068,0.000000,0.026000,0.000000,121,0,1,32,30,0.007518,-0.004144,0.002838,0.103616,-0.318333,9.460904,-1.209518,0.006097,0.013199,7,1,0,0.000000,0,-1.029757,0.000000,0.037059,0,-0.171843,0.000000,-0.021551,-1.029757,-0.171843,1,1,1,2.170546,0.000000,0.000000,0.000000,0.000000,0.000000,0.000000,0.000000
7.6901,1.106208,-0.161068,-0.005437,0.000000,0.038191,-0.021551,1,-1.029757,109,0.138570,0.046542,1.106208,0.000419,-1.074525,-0.005437,1.106208,-1.048440,-0.005437,-0.161068,0.000000,0.013042,-0.418292,-34.168916,0.026086,0.000000,0.000006,0.003999,-0.000081,0.000006,0.138570,0.046542,-9.808911,0.008124,0.003630,0.000000,0.361196,0.006093,27.000000,0.013045,1.106208,0.000419,-0.161068,0.000000,0.026000,0.000000,126,0,1,32,30,-0.001036,0.008766,-0.005552,-0.181590,0.210874,10.738904,-1.209600,0.006093,0.013182,6,1,0,0.000000,0,-1.029757,0.000000,0.038191,0,-0.171843,0.000000,-0.021551,-1.029757,-0.171843,1,1,1,2.170584,0.000000,0.000000,0.000000,0.000000,0.000000,0.000000,0.000000
7.7001,1.106209,-0.161068,0.000905,0.000000,0.037098,-0.021551,1,-1.029757,119,0.138534,0.046062,1.106209,0.001466,-1.074507,0.000905,1.106208,-1.048418,0.000905,-0.161068,0.000000,0.012982,-0.418292,-34.168916,0.026089,0.000000,0.000151,0.001856,-0.000104,0.000151,0.138534,0.046062,-9.808914,0.005282,0.004973,-0.000000,0.361218,0.006081,27.000000,0.013045,1.106208,0.001466,-0.161068,0.000000,0.026000,0.000000,131,0,1,32,30,-0.003167,0.006538,0.000820,0.293515,-0.265236,9.040462,-1.209578,0.006081,0.013187,7,1,0,0.000000,0,-1.029757,0.000000,0.037098,0,-0.171843,0.000000,-0.021551,-1.029757,-0.171843,1,1,1,2.170626,0.000000,0.000000,0.000000,0.000000,0.000000,0.000000,0.000000
7.7101,1.106305,-0.161068,0.012262,0.000000,0.036740,-0.021551,1,-1.029757,127,0.138844,0.046772,1.106305,0.001466,-1.074458,0.012262,1.106305,-1.048369,0.012262,-0.161068,0.000000,0.013045,-0.418292,-34.168916,0.026089,-0.001000,0.000000,0.003841,-0.000053,0.000000,0.138844,0.046772,-9.808906,-0.005283,-0.005064,-0.001005,0.361267,0.006068,27.000000,0.013045,1.106305,0.001466,-0.161068,0.000000,0.026000,-0.001000,136,0,1,32,30,0.003254,-0.006407,0.011341,-0.193827,0.222769,9.772402,-1.209529,0.006068,0.013206,6,1,0,0.000000,0,-1.029757,0.000000,0.036740,0,-0.171843,0.000000,-0.021551,-1.029757,-0.171843,1,1,1,2.170659,0.000000,0.000000,0.000000,0.000000,0.000000,0.000000,0.000000
7.7201,1.106378,-0.161068,-0.014127,0.000000,0.037770,-0.021551,1,-1.029757,133,0.137689,0.039563,1.106378,0.001466,-1.074488,-0.014127,1.106400,-1.048415,-0.014127,-0.161068,0.000000,0.012288,-0.418292,-34.168916,0.026073,0.000000,0.001810,0.003997,0.000196,0.001810,0.137689,0.039563,-9.808954,0.002214,0.001775,0.000000,0.361221,0.006055,27.000000,0.013045,1.106400,0.001466,-0.161068,0.000000,0.026000,0.000000,140,0,1,32,30,-0.001032,0.002469,-0.014159,-0.211340,0.300333,10.462240,-1.209575,0.006055,0.013208,6,1,0,0.000000,0,-1.029757,0.000000,0.037770,0,-0.171843,0.000000,-0.021551,-1.029757,-0.171843,1,1,1,2.170714,0.000000,0.000000,0.000000,0.000000,0.000000,0.000000,0.000000
7.7301,1.106400,-0.161068,0.009475,0.000000,0.037553,-0.021551,1,-1.029757,146,0.138847,0.047101,1.106400,0.001466,-1.074524,0.009475,1.106400,-1.048434,0.009475,-0.161068,0.000000,0.013045,-0.418292,-34.168916,0.026089,0.000000,0.000000,0.001983,-0.000018,0.000000,0.138847,0.047101,-9.808904,0.004534,0.013684,0.000006,0.361202,0.006035,27.000000,0.013045,1.106400,0.001466,-0.161068,0.000000,0.026000,0.000000,146,0,1,32,30,-0.011705,0.008537,0.009370,0.197370,-0.300590,8.800784,-1.209594,0.006035,0.013201,7,1,0,0.000000,0,-1.029757,0.000000,0.037553,0,-0.171843,0.000000,-0.021551,-1.029757,-0.171843,1,1,1,2.170786,0.000000,0.000000,0.000000,0.000000,0.000000,0.000000,0.000000
7.7401,1.106400,-0.161068,0.002727,0.000000,0.037369,-0.021551,1,-1.029757,155,0.139123,0.047083,1.106400,0.002513,-1.074525,0.002727,1.106400,-1.048436,0.002727,-0.161068,0.000000,0.013045,-0.418292,-34.168916,0.026090,0.000000,0.000000,0.001960,0.000093,0.000000,0.139123,0.047083,-9.808900,-0.006356,-0.000923,-0.000004,0.361201,0.006032,27.000000,0.013045,1.106400,0.002513,-0.161068,0.000000,0.026000,0.000000,151,0,1,32,30,-0.001018,-0.006306,0.002806,-0.172373,0.174752,10.566278,-1.209596,0.006032,0.013229,7,1,0,0.000000,0,-1.029757,0.000000,0.037369,0,-0.171843,0.000000,-0.021551,-1.029757,-0.171843,1,1,1,2.170819,0.000000,0.000000,0.000000,0.000000,0.000000,0.000000,0.000000
7.7501,1.106305,-0.161068,-0.003461,0.000000,0.036814,-0.021551,1,-1.029757,165,0.139286,0.047343,1.106305,-0.000419,-1.074480,-0.003461,1.106305,-1.048390,-0.003461,-0.161068,0.000000,0.013045,-0.418292,-34.168916,0.026090,0.000000,0.000000,0.001990,-0.000004,0.000000,0.139286,0.047343,-9.808897,0.003244,-0.002380,0.000002,0.361246,0.006003,27.000000,0.013045,1.106305,-0.000419,-0.161068,0.000000,0.026000,0.000000,156,0,1,32,30,0.003240,0.002339,-0.003490,-0.003328,-0.131646,9.051182,-1.209550,0.006003,0.013241,7,1,0,0.000000,0,-1.029757,0.000000,0.036814,0,-0.171843,0.000000,-0.021551,-1.029757,-0.171843,1,1,1,2.170852,0.000000,0.000000,0.000000,0.000000,0.000000,0.000000,0.000000
7.7601,1.106305,-0.161068,-0.014124,0.000000,0.037827,-0.021551,1,-1.029757,176,0.139205,0.047285,1.106305,0.000419,-1.074527,-0.014124,1.106305,-1.048437,-0.014124,-0.161068,0.000000,0.013045,-0.418292,-34.168916,0.026090,0.000000,0.000000,0.003998,0.000029,0.000000,0.139205,0.047285,-9.808898,0.003511,-0.002293,0.000002,0.361200,0.006010,27.000000,0.013045,1.106305,0.000419,-0.161068,0.000000,0.026000,0.000000,161,0,1,32,30,0.003237,0.002481,-0.014155,-0.115760,-0.028982,10.028324,-1.209597,0.006010,0.013234,7,1,0,0.000000,0,-1.029757,0.000000,0.037827,0,-0.171843,0.000000,-0.021551,-1.029757,-0.171843,1,1,1,2.170885,0.000000,0.000000,0.000000,0.000000,0.000000,0.000000,0.000000
7.7701,1.106305,-0.161068,-0.003413,0.000000,0.036173,-0.021551,1,-1.029757,186,0.139441,0.047435,1.106305,0.000419,-1.074428,-0.003413,1.106305,-1.048338,-0.003413,-0.161068,0.000000,0.013045,-0.418292,-34.168916,0.026090,0.000000,0.000000,0.001987,0.000012,0.000000,0.139441,0.047435,-9.808894,0.003995,0.002331,0.000003,0.361299,0.005991,27.000000,0.013045,1.106305,0.000419,-0.161068,0.000000,0.026000,0.000000,166,0,1,32,30,-0.001031,0.004464,-0.003469,0.103424,-0.232747,9.500046,-1.209498,0.005991,0.013255,6,1,0,0.000000,0,-1.029757,0.000000,0.036173,0,-0.171843,0.000000,-0.021551,-1.029757,-0.171843,1,1,1,2.170918,0.000000,0.000000,0.000000,0.000000,0.000000,0.000000,0.000000
7.7801,1.106305,-0.161068,0.010334,0.000000,0.037206,-0.021551,1,-1.029757,195,0.139638,0.047639,1.106305,0.001466,-1.074432,0.010334,1.106305,-1.048342,0.010334,-0.161068,0.000000,0.013045,-0.418292,-34.168916,0.026090,-0.001000,0.000000,0.003961,-0.000002,0.000000,0.139638,0.047639,-9.808890,0.002924,-0.002484,-0.000999,0.361295,0.005968,27.000000,0.013045,1.106305,0.001466,-0.161068,0.000000,0.026000,-0.001000,171,0,1,32,30,0.003244,0.002169,0.009308,-0.089315,-0.037840,9.195626,-1.209501,0.005968,0.013272,6,1,0,0.000000,0,-1.029757,0.000000,0.037206,0,-0.171843,0.000000,-0.021551,-1.029757,-0.171843,1,1,1,2.171224,0.000000,0.000000,0.000000,0.000000,0.000000,0.000000,0.000000
7.7901,1.106305,-0.161068,0.000862,0.000000,0.037894,-0.021551,1,-1.029757,205,0.139457,0.047339,1.106305,0.002513,-1.074493,0.000862,1.106305,-1.048402,0.000862,-0.161068,0.000000,0.013023,-0.418292,-34.168916,0.026091,0.000000,0.000052,0.001987,0.000004,0.000052,0.139457,0.047339,-9.808894,0.006463,-0.005845,0.000000,0.361235,0.005979,27.000000,0.013045,1.106305,0.002513,-0.161068,0.000000,0.026000,0.000000,176,0,1,32,30,0.007509,0.004432,0.000804,-0.087285,0.310904,10.385864,-1.209562,0.005979,0.013259,6,1,0,0.000000,0,-1.029757,0.000000,0.037894,0,-0.171843,0.000000,-0.021551,-1.029757,-0.171843,1,1,1,2.171256,0.000000,0.000000,0.000000,0.000000,0.000000,0.000000,0.000000
7.8001,1.106305,-0.161068,0.018056,0.000000,0.037177,-0.021551,1,-1.029757,215,0.139810,0.047879,1.106305,0.000419,-1.074483,0.018056,1.106305,-1.048393,0.018056,-0.161068,0.000000,0.013045,-0.418292,-34.168916,0.026091,0.000000,0.000000,0.002111,-0.000022,0.000000,0.139810,0.047879,-9.808887,0.007001,0.012220,0.000009,0.361245,0.005941,27.000000,0.013045,1.106305,0.000419,-0.161068,0.000000,0.026000,0.000000,181,0,1,32,30,-0.009570,0.010567,0.017929,0.006114,-0.149940,8.984012,-1.209552,0.005941,0.013285,7,1,0,0.000000,0,-1.029757,0.000000,0.037177,0,-0.171843,0.000000,-0.021551,-1.029757,-0.171843,1,1,1,2.171287,0.000000,0.000000,0.000000,0.000000,0.000000,0.000000,0.000000
7.8101,1.106305,-0.161068,-0.005751,0.000000,0.037588,-0.021551,1,-1.029757,225,0.140156,0.047975,1.106305,-0.000419,-1.074510,-0.005751,1.106305,-1.048419,-0.005751,-0.161068,0.000000,0.013045,-0.418292,-34.168916,0.026091,0.000000,0.000000,0.001847,0.000009,0.000000,0.140156,0.047975,-9.808881,-0.004104,-0.000213,-0.000003,0.361218,0.005925,27.000000,0.013045,1.106305,-0.000419,-0.161068,0.000000,0.026000,0.000000,186,0,1,32,30,-0.001023,-0.004055,-0.005701,-0.276264,0.225469,11.102664,-1.209578,0.005925,0.013318,7,1,0,0.000000,0,-1.029757,0.000000,0.037588,0,-0.171843,0.000000,-0.021551,-1.029757,-0.171843,1,1,1,2.171318,0.000000,0.000000,0.000000,0.000000,0.000000,0.000000,0.000000
7.8201,1.106305,-0.161068,-0.016150,0.000000,0.037593,-0.021551,1,-1.029757,235,0.139924,0.047964,1.106305,0.000419,-1.074532,-0.016150,1.106305,-1.048441,-0.016150,-0.161068,0.000000,0.013045,-0.418292,-34.168916,0.026091,0.000000,0.000000,0.002000,0.000010,0.000000,0.139924,0.047964,-9.808885,0.008928,-0.005065,0.000005,0.361196,0.005930,27.000000,0.013045,1.106305,0.000419,-0.161068,0.000000,0.026000,0.000000,191,0,1,32,30,0.007501,0.006796,-0.016235,0.121791,-0.323525,9.106758,-1.209600,0.005930,0.013295,7,1,0,0.000000,0,-1.029757,0.000000,0.037593,0,-0.171843,0.000000,-0.021551,-1.029757,-0.171843,1,1,1,2.171350,0.000000,0.000000,0.000000,0.000000,0.000000,0.000000,0.000000
7.8301,1.106496,-0.161068,-0.007576,0.000000,0.038304,-0.021551,1,-1.029757,245,0.140038,0.048078,1.106496,0.001466,-1.074611,-0.007576,1.106496,-1.048519,-0.007576,-0.161068,0.000000,0.013045,-0.418292,-34.168916,0.026091,0.000000,0.000000,0.002063,0.000002,0.000000,0.140038,0.048078,-9.808883,0.008179,0.003646,0.000006,0.361118,0.005917,27.000000,0.013045,1.106496,0.001466,-0.161068,0.000000,0.026000,0.000000,196,0,1,32,30,-0.001037,0.008795,-0.007685,0.074311,-0.033139,9.597736,-1.209678,0.005917,0.013305,6,1,0,0.000000,0,-1.029757,0.000000,0.038304,0,-0.171843,0.000000,-0.021551,-1.029757,-0.171843,1,1,1,2.171382,0.000000,0.000000,0.000000,0.000000,0.000000,0.000000,0.000000
7.8401,1.106401,-0.161068,0.005226,0.000000,0.037716,-0.021551,1,-1.029757,255,0.140507,0.047785,1.106401,0.001466,-1.074631,0.005226,1.106400,-1.048535,0.005226,-0.161068,0.000000,0.013003,-0.418292,-34.168916,0.026096,0.000000,0.000100,0.001996,0.000011,0.000100,0.140507,0.047785,-9.808877,0.008502,0.001507,0.000000,0.361102,0.005897,27.000000,0.013045,1.106400,0.001466,-0.161068,0.000000,0.026000,0.000000,0,0,1,32,30,0.001102,0.008631,0.005115,0.055060,-0.267957,9.250830,-1.209694,0.005897,0.013357,7,1,0,0.000000,0,-1.029757,0.000000,0.037716,0,-0.171843,0.000000,-0.021551,-1.029757,-0.171843,1,1,1,2.171414,0.000000,0.000000,0.000000,0.000000,0.000000,0.000000,0.000000
7.8501,1.106305,-0.161068,-0.011112,0.000000,0.038036,-0.021551,1,-1.029757,9,0.140445,0.048195,1.106305,0.001466,-1.074667,-0.011112,1.106305,-1.048575,-0.011112,-0.161068,0.000000,0.013045,-0.418292,-34.168916,0.026092,0.001000,0.000000,0.003942,0.000023,0.000000,0.140445,0.048195,-9.808876,-0.006143,-0.007565,0.000993,0.361062,0.005899,27.000000,0.013045,1.106305,0.001466,-0.161068,0.000000,0.026000,0.001000,5,0,1,32,30,0.005384,-0.008254,-0.010012,-0.070184,0.178678,9.475356,-1.209734,0.005899,0.013344,7,1,0,0.000000,0,-1.029757,0.000000,0.038036,0,-0.171843,0.000000,-0.021551,-1.029757,-0.171843,1,1,1,2.171445,0.000000,0.000000,0.000000,0.000000,0.000000,0.000000,0.000000
7.8601,1.106400,-0.161068,-0.001230,0.000000,0.038094,-0.021551,1,-1.029757,19,0.140385,0.048327,1.106400,0.000419,-1.074705,-0.001230,1.106400,-1.048613,-0.001230,-0.161068,0.000000,0.013045,-0.418292,-34.168916,0.026092,0.000000,0.000000,0.001999,0.000009,0.000000,0.140385,0.048327,-9.808876,0.005980,0.002954,0.000005,0.361024,0.005886,27.000000,0.013045,1.106400,0.000419,-0.161068,0.000000,0.026000,0.000000,10,0,1,32,30,-0.001033,0.006573,-0.001311,0.008872,0.176735,10.413290,-1.209772,0.005886,0.013336,6,1,0,0.000000,0,-1.029757,0.000000,0.038094,0,-0.171843,0.000000,-0.021551,-1.029757,-0.171843,1,1,1,2.171477,0.000000,0.000000,0.000000,0.000000,0.000000,0.000000,0.000000
7.8701,1.106305,-0.161068,0.005314,0.000000,0.037622,-0.021551,1,-1.029757,29,0.140684,0.048607,1.106305,0.000419,-1.074698,0.005314,1.106305,-1.048606,0.005314,-0.161068,0.000000,0.013045,-0.418292,-34.168916,0.026092,0.000000,0.000000,0.003850,-0.000114,0.000000,0.140684,0.048607,-9.808871,0.009359,0.012965,0.000009,0.361032,0.005853,27.000000,0.013045,1.106305,0.000419,-0.161068,0.000000,0.026000,0.000000,15,0,1,32,30,-0.009576,0.012874,0.005155,0.140325,-0.349137,8.857682,-1.209764,0.005853,0.013361,6,1,0,0.000000,0,-1.029757,0.000000,0.037622,0,-0.171843,0.000000,-0.021551,-1.029757,-0.171843,1,1,1,2.171508,0.000000,0.000000,0.000000,0.000000,0.000000,0.000000,0.000000
7.8801,1.106496,-0.161068,0.000699,0.000000,0.037707,-0.021551,1,-1.029757,39,0.141004,0.048528,1.106496,0.002513,-1.074699,0.000699,1.106496,-1.048606,0.000699,-0.161068,0.000000,0.013045,-0.418292,-34.168916,0.026093,0.000000,0.000000,0.001987,-0.000008,0.000000,0.141004,0.048528,-9.808867,-0.001583,-0.001660,-0.000001,0.361031,0.005856,27.000000,0.013045,1.106496,0.002513,-0.161068,0.000000,0.026000,0.000000,20,0,1,32,30,0.001111,-0.001997,0.000724,-0.250090,0.264892,10.232169,-1.209765,0.005856,0.013395,7,1,0,0.000000,0,-1.029757,0.000000,0.037707,0,-0.171843,0.000000,-0.021551,-1.029757,-0.171843,1,1,1,2.171540,0.000000,0.000000,0.000000,0.000000,0.000000,0.000000,0.000000
7.8901,1.106400,-0.161068,0.007095,0.000000,0.037959,-0.021551,1,-1.029757,49,0.140852,0.048601,1.106400,0.000419,-1.074721,0.007095,1.106400,-1.048628,0.007095,-0.161068,0.000000,0.013045,-0.418292,-34.168916,0.026093,0.000000,0.000000,0.003958,-0.000095,0.000000,0.140852,0.048601,-9.808868,-0.002387,0.000323,-0.000001,0.361010,0.005851,27.000000,0.013045,1.106400,0.000419,-0.161068,0.000000,0.026000,0.000000,25,0,1,32,30,-0.001021,-0.002088,0.007122,0.113881,-0.114327,9.979764,-1.209787,0.005851,0.013378,7,1,0,0.000000,0,-1.029757,0.000000,0.037959,0,-0.171843,0.000000,-0.021551,-1.029757,-0.171843,1,1,1,2.171572,0.000000,0.000000,0.000000,0.000000,0.000000,0.000000,0.000000
7.9001,1.106496,-0.161068,-0.011572,0.000000,0.038259,-0.021551,1,-1.029757,59,0.140885,0.048523,1.106496,0.000419,-1.074756,-0.011572,1.106496,-1.048671,-0.011572,-0.161068,0.000000,0.013022,-0.418292,-34.168916,0.026085,0.000000,0.000054,0.001951,0.000109,0.000054,0.140885,0.048523,-9.808868,0.018477,0.006881,0.000000,0.360967,0.005836,27.000000,0.013045,1.106496,0.000419,-0.161068,0.000000,0.026000,0.000000,30,0,1,32,30,-0.001050,0.019536,-0.011827,0.056412,-0.160990,9.883554,-1.209830,0.005836,0.013383,7,1,0,0.000000,0,-1.029757,0.000000,0.038259,0,-0.171843,0.000000,-0.021551,-1.029757,-0.171843,1,1,1,2.171604,0.000000,0.000000,0.000000,0.000000,0.000000,0.000000,0.000000
7.9101,1.106496,-0.161068,0.003040,0.000000,0.037368,-0.021551,1,-1.029757,70,0.141294,0.048947,1.106496,0.001466,-1.074729,0.003040,1.106496,-1.048633,0.003040,-0.161068,0.000000,0.013042,-0.418292,-34.168916,0.026096,0.000000,0.000006,0.003857,-0.000000,0.000006,0.141294,0.048947,-9.808860,0.005873,0.002918,0.000000,0.361005,0.005806,27.000000,0.013045,1.106496,0.001466,-0.161068,0.000000,0.026000,0.000000,35,0,1,32,30,-0.001031,0.006516,0.002955,0.266023,-0.232895,9.519292,-1.209791,0.005806,0.013417,7,1,0,0.000000,0,-1.029757,0.000000,0.037368,0,-0.171843,0.000000,-0.021551,-1.029757,-0.171843,1,1,1,2.171635,0.000000,0.000000,0.000000,0.000000,0.000000,0.000000,0.000000
7.9201,1.106592,-0.161068,0.000703,0.000000,0.038175,-0.021551,1,-1.029757,79,0.141527,0.049012,1.106592,0.000419,-1.074762,0.000703,1.106592,-1.048668,0.000703,-0.161068,0.000000,0.013045,-0.418292,-34.168916,0.026094,0.000000,0.000000,0.003872,0.000202,0.000000,0.141527,0.049012,-9.808857,-0.000297,-0.005731,-0.000001,0.360970,0.005799,27.000000,0.013045,1.106592,0.000419,-0.161068,0.000000,0.026000,0.000000,40,0,1,32,30,0.005381,-0.001985,0.000728,-0.071065,0.154352,9.121005,-1.209826,0.005799,0.013439,7,1,0,0.000000,0,-1.029757,0.000000,0.038175,0,-0.171843,0.000000,-0.021551,-1.029757,-0.171843,1,1,1,2.171667,0.000000,0.000000,0.000000,0.000000,0.000000,0.000000,0.000000
7.9301,1.106496,-0.161068,-0.007678,0.000000,0.038545,-0.021551,1,-1.029757,89,0.141355,0.049076,1.106496,0.002513,-1.074822,-0.007678,1.106496,-1.048728,-0.007678,-0.161068,0.000000,0.013045,-0.418292,-34.168916,0.026093,0.000000,0.000000,0.003827,0.000014,0.000000,0.141355,0.049076,-9.808859,0.004102,0.002365,0.000003,0.360910,0.005795,27.000000,0.013045,1.106496,0.002513,-0.161068,0.000000,0.026000,0.000000,45,0,1,32,30,-0.001032,0.004521,-0.007735,-0.114573,0.201112,10.757990,-1.209886,0.005795,0.013421,7,1,0,0.000000,0,-1.029757,0.000000,0.038545,0,-0.171843,0.000000,-0.021551,-1.029757,-0.171843,1,1,1,2.171699,0.000000,0.000000,0.000000,0.000000,0.000000,0.000000,0.000000
7.9401,1.106496,-0.161068,0.009533,0.000000,0.037281,-0.021551,1,-1.029757,99,0.141578,0.049157,1.106496,-0.001466,-1.074767,0.009533,1.106496,-1.048673,0.009533,-0.161068,0.000000,0.013045,-0.418292,-34.168916,0.026094,0.000000,0.000000,0.001979,-0.000018,0.000000,0.141578,0.049157,-9.808855,0.008503,0.008217,0.000006,0.360965,0.005783,27.000000,0.013045,1.106496,-0.001466,-0.161068,0.000000,0.026000,0.000000,50,0,1,32,30,-0.005303,0.010693,0.009400,0.140372,-0.226953,9.031177,-1.209831,0.005783,0.013442,7,1,0,0.000000,0,-1.029757,0.000000,0.037281,0,-0.171843,0.000000,-0.021551,-1.029757,-0.171843,1,1,1,2.171731,0.000000,0.000000,0.000000,0.000000,0.000000,0.000000,0.000000
7.9501,1.106497,-0.161068,0.000586,0.000000,0.037321,-0.021551,1,-1.029757,109,0.141938,0.048868,1.106497,0.001466,-1.074725,0.000586,1.106496,-1.048630,0.000586,-0.161068,0.000000,0.012990,-0.418292,-34.168916,0.026095,0.000000,0.000132,0.001849,-0.000004,0.000132,0.141938,0.048868,-9.808851,-0.008233,0.005201,0.000000,0.361008,0.005751,27.000000,0.013045,1.106496,0.001466,-0.161068,0.000000,0.026000,0.000000,55,0,1,32,30,0.005379,0.000124,0.002886,-0.222321,0.137167,9.733242,-1.209789,0.005756,0.013487,7,1,0,0.000000,0,-1.029757,0.000000,0.037321,0,-0.171843,0.000000,-0.021551,-1.029757,-0.171843,1,1,1,2.171762,0.000000,0.000000,0.000000,0.000000,0.000000,0.000000,0.000000
7.9601,1.106496,-0.161068,0.009283,0.000000,0.038013,-0.021551,1,-1.029757,119,0.141892,0.049332,1.106496,0.001466,-1.074747,0.009283,1.106496,-1.048653,0.009283,-0.161068,0.000000,0.013045,-0.418292,-34.168916,0.026094,0.000000,0.000000,0.003984,-0.000001,0.000000,0.141892,0.049332,-9.808850,0.000885,-0.003125,-0.000000,0.360986,0.005760,27.000000,0.013045,1.106496,0.001466,-0.161068,0.000000,0.026000,0.000000,60,0,1,32,30,0.003246,0.000032,0.009283,0.073866,-0.153557,9.280703,-1.209811,0.005760,0.013471,6,1,0,0.000000,0,-1.029757,0.000000,0.038013,0,-0.171843,0.000000,-0.021551,-1.029757,-0.171843,1,1,1,2.171793,0.000000,0.000000,0.000000,0.000000,0.000000,0.000000,0.000000
7.9701,1.106496,-0.161068,-0.007631,0.000000,0.038197,-0.021551,1,-1.029757,129,0.141954,0.049539,1.106496,0.000419,-1.074781,-0.007631,1.106496,-1.048687,-0.007631,-0.161068,0.000000,0.013045,-0.418292,-34.168916,0.026094,0.000000,0.000000,0.001999,0.000008,0.000000,0.141954,0.049539,-9.808848,0.004854,0.007076,0.000005,0.360952,0.005739,27.000000,0.013045,1.106496,0.000419,-0.161068,0.000000,0.026000,0.000000,65,0,1,32,30,-0.005304,0.006646,-0.007714,0.045771,-0.165608,9.481542,-1.209844,0.005739,0.013474,6,1,0,0.000000,0,-1.029757,0.000000,0.038197,0,-0.171843,0.000000,-0.021551,-1.029757,-0.171843,1,1,1,2.171824,0.000000,0.000000,0.000000,0.000000,0.000000,0.000000,0.000000
7.9801,1.106496,-0.161068,0.009228,0.000000,0.037299,-0.021551,1,-1.029757,139,0.142405,0.049713,1.106496,0.000419,-1.074735,0.009228,1.106496,-1.048640,0.009228,-0.161068,0.000000,0.013045,-0.418292,-34.168916,0.026095,0.000000,0.000000,0.003835,-0.000123,0.000000,0.142405,0.049713,-9.808840,-0.002440,0.000306,-0.000002,0.360999,0.005714,27.000000,0.013045,1.106496,0.000419,-0.161068,0.000000,0.026000,0.000000,70,0,1,32,30,-0.001020,-0.002117,0.009255,-0.037493,-0.074494,10.621284,-1.209798,0.005714,0.013516,6,1,0,0.000000,0,-1.029757,0.000000,0.037299,0,-0.171843,0.000000,-0.021551,-1.029757,-0.171843,1,1,1,2.171855,0.000000,0.000000,0.000000,0.000000,0.000000,0.000000,0.000000
7.9901,1.106688,-0.161068,-0.011940,0.000000,0.039259,-0.021551,1,-1.029757,149,0.142434,0.049614,1.106688,0.001466,-1.074859,-0.011940,1.106688,-1.048764,-0.011940,-0.161068,0.000000,0.013045,-0.418292,-34.168916,0.026095,0.000000,0.000000,0.001874,0.000217,0.000000,0.142434,0.049614,-9.808840,0.005495,-0.001672,0.000003,0.360874,0.005723,27.000000,0.013045,1.106688,0.001466,-0.161068,0.000000,0.026000,0.000000,75,0,1,32,30,0.003235,0.004590,-0.011997,-0.003712,-0.035791,9.033004,-1.209922,0.005723,0.013521,7,1,0,0.000000,0,-1.029757,0.000000,0.039259,0,-0.171843,0.000000,-0.021551,-1.029757,-0.171843,1,1,1,2.171922,0.000000,0.000000,0.000000,0.000000,0.000000,0.000000,0.000000
