t,theta_big,theta_small,dtheta_big,dtheta_small,tau_big,tau_small,axis,held_target,mcu2_seq,gravity_ax,gravity_ay,theta_big_motor,dtheta_big_motor,theta_big_platform,dtheta_big_platform,theta_big_motor_meas,platform_azimuth,platform_rate,small_joint_angle_est,small_joint_rate_est,pitch_joint_angle,pitch_joint_rate,pitch_acc,chassis_azimuth,chassis_yaw_rate,big_enc_age,big_sample_interval,big_enc_innovation,chassis_imu_age,gravity_a_x,gravity_a_y,gravity_a_z,base_omega_x,base_omega_y,base_omega_z,los_azimuth,los_elevation,mcu_bullet_velocity,mcu_pitch_angle,mcu_yaw_big_angle,mcu_yaw_big_omega,mcu_yaw_small_angle,mcu_yaw_small_omega,mcu_chassis_imu_yaw,mcu_chassis_imu_omega,mcu_mark,mcu_color,mcu_auto_aim_switch,mcu_temp_big,mcu_temp_small,imu_gx,imu_gy,imu_gz,imu_ax,imu_ay,imu_az,imu_euler_yaw,imu_euler_pitch,imu_euler_roll,imu_dt_one_tenth_ms,tx_auto_aim_enable,tx_fire,tx_pitch_target_angle,tx_yaw_big_mode,tx_yaw_big_target_angle,tx_yaw_big_target_velocity,tx_yaw_big_torque,tx_yaw_small_mode,tx_yaw_small_target_angle,tx_yaw_small_target_velocity,tx_yaw_small_torque,target_big,target_small,est_valid,mcu_valid,imu_valid,backlash_center,backlash_beta_true,theta_true_motor,theta_true_platform,theta_true_small,dtheta_true_motor,dtheta_true_platform,dtheta_true_small
0.0002,12.603175,0.197117,0.000592,0.000000,0.019669,0.021197,0,0.207715,25,0.222437,0.217547,12.603175,0.000419,8.798773,0.000592,12.603186,8.875951,0.000592,0.197117,0.000000,0.012870,-0.377868,-25.659479,0.077178,0.000000,0.002464,0.001852,0.000088,0.002464,0.222437,0.217547,-9.805065,-0.000002,-0.006367,0.000000,-1.922368,-0.004442,27.000000,0.013045,12.603186,0.000419,0.197117,0.000000,0.077000,0.000000,62,0,1,33,33,-0.001019,-0.006277,0.000673,-0.075769,-0.450984,10.129384,2.790021,-0.004442,0.026582,7,1,0,0.000000,0,8.886480,0.000000,0.019669,0,0.207715,0.000000,0.021197,8.886480,0.207715,1,1,1,3.797331,0.000000,0.000000,0.000000,0.000000,0.000000,0.000000,0.000000
0.0101,12.603192,0.197117,-0.003248,0.000000,0.023880,0.021197,0,0.207715,35,0.223201,0.216498,12.603192,0.002513,8.798673,-0.003248,12.603186,8.875849,-0.003248,0.197117,0.000000,0.012733,-0.377868,-25.659479,0.077176,0.000000,0.002828,0.001844,-0.000054,0.002828,0.223201,0.216498,-9.805071,0.005658,0.011999,0.000000,-1.922467,-0.004458,27.000000,0.013045,12.603186,0.002513,0.197117,0.000000,0.077000,0.000000,67,0,1,33,33,0.007501,0.010899,-0.003387,0.131464,0.278548,9.916730,2.789922,-0.004458,0.026637,7,1,0,0.000000,0,8.886614,0.000000,0.023880,0,0.207715,0.000000,0.021197,8.886614,0.207715,1,1,1,3.797355,0.000000,0.000000,0.000000,0.000000,0.000000,0.000000,0.000000
0.0201,12.603193,0.197117,0.002627,0.000000,0.033867,0.021197,0,0.207715,45,0.222643,0.218129,12.603193,0.000419,8.798576,0.002627,12.603186,8.875756,0.002627,0.197117,0.000000,0.012897,-0.377868,-25.659479,0.077180,0.000000,0.002386,0.001839,0.000019,0.002386,0.222643,0.218129,-9.805047,0.009119,-0.009253,0.000000,-1.922562,-0.004469,27.000000,0.013045,12.603186,0.000419,0.197117,0.000000,0.077000,0.000000,72,0,1,33,33,0.007525,-0.010555,0.002763,-0.126871,0.109711,9.637323,2.789827,-0.004469,0.026614,7,1,0,0.000000,0,8.887549,0.000000,0.033867,0,0.207715,0.000000,0.021197,8.887549,0.207715,1,1,1,3.797377,0.000000,0.000000,0.000000,0.000000,0.000000,0.000000,0.000000
0.0301,12.603169,0.196350,-0.016013,0.000000,0.045178,0.030401,0,0.207715,55,0.222896,0.216483,12.603169,0.000419,8.799324,-0.016013,12.603186,8.876492,-0.016013,0.196350,0.000000,0.012754,-0.377868,-25.659479,0.077168,0.000000,0.002731,0.001839,0.000003,0.002731,0.222896,0.216483,-9.805078,-0.020010,0.010290,0.000000,-1.922592,-0.004462,27.000000,0.013045,12.603186,0.000419,0.196350,0.000000,0.077000,0.000000,77,0,1,33,33,-0.018121,0.013133,-0.016182,0.112525,0.127078,9.790780,2.789797,-0.004462,0.026593,6,1,0,0.000000,0,8.890084,0.000000,0.045178,0,0.207715,0.000000,0.030401,8.890084,0.207715,1,1,1,3.797401,0.000000,0.000000,0.000000,0.000000,0.000000,0.000000,0.000000
0.0401,12.603461,0.197117,0.010080,0.000000,0.095970,0.013527,0,0.207715,65,0.222378,0.217672,12.603461,0.005550,8.798513,0.010080,12.603474,8.875694,0.010080,0.197117,0.000000,0.012893,-0.377868,-25.659479,0.077180,-0.001000,0.002393,0.001994,0.000105,0.002393,0.222378,0.217672,-9.805063,0.013015,-0.006619,-0.001000,-1.922625,-0.004432,27.000000,0.013045,12.603474,0.005550,0.197117,0.000000,0.077000,-0.001000,82,0,1,33,33,0.011794,-0.008491,0.009191,0.255936,0.296678,10.003127,2.789764,-0.004432,0.026578,6,1,0,0.000000,0,8.895018,0.000000,0.095970,0,0.207715,0.000000,0.013527,8.895018,0.207715,1,1,1,3.797424,0.000000,0.000000,0.000000,0.000000,0.000000,0.000000,0.000000
0.0501,12.604605,0.197117,-0.018979,0.000000,0.132638,0.021197,0,0.207715,73,0.223536,0.216484,12.604605,0.012776,8.798570,-0.018979,12.604624,8.875739,-0.018979,0.197117,0.000000,0.012726,-0.377868,-25.659479,0.077169,0.001000,0.002692,0.004006,0.000529,0.002692,0.223536,0.216484,-9.805063,-0.008393,0.018748,0.001000,-1.922577,-0.004457,27.000000,0.013045,12.604624,0.012776,0.197117,0.000000,0.077000,0.001000,87,0,1,33,33,-0.005321,0.019609,-0.018230,-0.536628,-0.216795,9.729481,2.789812,-0.004457,0.026671,7,1,0,0.000000,0,8.902896,0.000000,0.132638,0,0.207715,0.000000,0.021197,8.902896,0.207715,1,1,1,3.797970,0.000000,0.000000,0.000000,0.000000,0.000000,0.000000,0.000000
0.0601,12.609957,0.196248,0.189387,-0.209440,0.177108,0.031627,0,0.207715,82,0.223351,0.217862,12.609957,0.064926,8.799116,0.189387,12.609801,8.876384,0.189387,0.196248,-0.209440,0.012861,-0.377868,-25.659479,0.077269,0.000000,0.002481,0.001994,0.001386,0.002481,0.223351,0.217862,-9.805037,-0.004395,0.021629,-0.209440,-1.922801,-0.004487,27.000000,0.013045,12.609801,0.064926,0.196350,-0.209440,0.077000,0.000000,92,0,1,33,33,-0.001054,0.021786,-0.020334,0.253494,0.580573,9.470035,2.789588,-0.004487,0.026664,6,1,0,0.000000,0,8.913774,0.000000,0.177108,0,0.207715,0.000000,0.031627,8.913774,0.207715,1,1,1,3.800401,0.000000,0.000000,0.000000,0.000000,0.000000,0.000000,0.000000
0.0701,12.619011,0.194735,0.101865,-0.209440,0.231020,0.041089,0,0.207715,89,0.229298,0.218038,12.619011,0.086394,8.800034,0.101865,12.619005,8.877242,0.101865,0.194735,-0.209440,0.012899,-0.377868,-25.659479,0.077208,0.001000,0.002386,0.001848,0.000989,0.002386,0.229298,0.218038,-9.804896,0.009312,0.062662,-0.208440,-1.923453,-0.004390,27.000000,0.013045,12.619005,0.086394,0.194816,-0.209440,0.077000,0.001000,97,0,1,33,33,0.018092,0.059332,-0.107349,-0.956797,0.072448,10.296769,2.788936,-0.004390,0.027237,6,1,0,0.000000,0,8.927652,0.000000,0.231020,0,0.207715,0.000000,0.041089,8.927652,0.207715,1,1,1,3.804695,0.000000,0.000000,0.000000,0.000000,0.000000,0.000000,0.000000
0.0801,12.621234,0.191572,0.223798,-0.314159,0.277183,0.063911,0,0.207715,100,0.236820,0.217199,12.621234,0.018850,8.801946,0.223798,12.621115,8.879261,0.223798,0.191572,-0.314159,0.012834,-0.377868,-25.659479,0.077315,0.000000,0.000559,0.002132,-0.000162,0.000559,0.236820,0.217199,-9.804736,0.008069,0.027413,-0.314159,-1.924593,-0.004311,27.000000,0.013045,12.621115,0.018850,0.191748,-0.314159,0.077000,0.000000,102,0,1,33,33,0.011729,0.024896,-0.090688,-0.662865,0.290746,9.667505,2.787796,-0.004311,0.027919,7,1,0,0.000000,0,8.944368,0.000000,0.277183,0,0.207715,0.000000,0.063911,8.944368,0.207715,1,1,1,3.805211,0.000000,0.000000,0.000000,0.000000,0.000000,0.000000,0.000000
0.0901,12.624134,0.188545,0.449562,-0.418879,0.322715,0.068618,0,0.207715,109,0.236783,0.218116,12.624134,0.031102,8.804713,0.449562,12.623129,8.882080,0.449562,0.188545,-0.418879,0.012923,-0.377868,-25.659479,0.077367,0.004000,0.002333,0.001840,-0.000130,0.002333,0.236783,0.218116,-9.804716,-0.031797,-0.011516,-0.414879,-1.924800,-0.004399,27.000000,0.013045,12.623129,0.031102,0.188680,-0.418879,0.077000,0.004000,107,0,1,33,33,-0.033027,-0.006823,0.034774,-0.460631,0.077310,9.923893,2.787589,-0.004399,0.027880,6,1,0,0.000000,0,8.963229,0.000000,0.322715,0,0.207715,0.000000,0.068618,8.963229,0.207715,1,1,1,3.805257,0.000000,0.000000,0.000000,0.000000,0.000000,0.000000,0.000000
0.1001,12.628203,0.185371,0.471339,-0.314159,0.354605,0.076426,0,0.207715,119,0.238943,0.220110,12.628203,0.038327,8.808728,0.471339,12.626963,8.886261,0.471339,0.185371,-0.314159,0.012755,-0.377868,-25.659479,0.077533,0.008000,0.002767,0.001847,-0.000186,0.002767,0.238943,0.220110,-9.804619,-0.035664,0.002052,-0.306159,-1.923780,-0.004814,27.000000,0.013045,12.626963,0.038327,0.185612,-0.314159,0.077000,0.008000,112,0,1,33,33,-0.035140,0.008537,0.165085,-0.918354,-0.248514,9.958603,2.788609,-0.004814,0.028079,7,1,0,0.000000,0,8.983436,0.000000,0.354605,0,0.207715,0.000000,0.076426,8.983436,0.207715,1,1,1,3.805306,0.000000,0.000000,0.000000,0.000000,0.000000,0.000000,0.000000
0.1101,12.632105,0.183982,0.499934,-0.209440,0.400035,0.061354,0,0.207715,129,0.238425,0.218789,12.632105,0.041364,8.812374,0.499934,12.630703,8.889873,0.499934,0.183982,-0.209440,0.012872,-0.377868,-25.659479,0.077500,0.000000,0.002450,0.001872,-0.000547,0.002450,0.238425,0.218789,-9.804661,0.052332,-0.014062,-0.209440,-1.921563,-0.004614,27.000000,0.013045,12.630703,0.041364,0.184078,-0.209440,0.077000,0.000000,117,0,1,33,33,0.050308,-0.016397,0.290729,-0.260869,0.458600,10.033129,2.790826,-0.004614,0.027978,7,1,0,0.000000,0,9.004188,0.000000,0.400035,0,0.207715,0.000000,0.061354,9.004188,0.207715,1,1,1,3.805350,0.000000,0.000000,0.000000,0.000000,0.000000,0.000000,0.000000
0.1201,12.635561,0.183283,0.497572,-0.104720,0.425266,0.055853,0,0.207715,139,0.238765,0.216285,12.635561,0.049532,8.816490,0.497572,12.635401,8.893985,0.497572,0.183283,-0.104720,0.012945,-0.377868,-25.659479,0.077495,-0.008000,0.000265,0.001996,-0.001183,0.000265,0.238765,0.216285,-9.804709,-0.003116,0.000375,-0.112720,-1.918159,-0.004303,27.000000,0.013045,12.635401,0.049532,0.183311,-0.104720,0.077000,-0.008000,122,0,1,33,33,-0.003053,0.005709,0.384811,-1.051402,-0.393430,10.071905,2.794230,-0.004303,0.027953,7,1,0,0.000000,0,9.024686,0.000000,0.425266,0,0.207715,0.000000,0.055853,9.024686,0.207715,1,1,1,3.805396,0.000000,0.000000,0.000000,0.000000,0.000000,0.000000,0.000000
0.1301,12.641556,0.182521,0.585352,-0.104720,0.434433,0.058011,0,0.207715,149,0.239900,0.217004,12.641556,0.050580,8.821474,0.585352,12.640291,8.899009,0.585352,0.182521,-0.104720,0.012962,-0.377868,-25.659479,0.077535,-0.008000,0.002225,0.002003,-0.000418,0.002225,0.239900,0.217004,-9.804665,-0.025674,0.010629,-0.112720,-1.913894,-0.004358,27.000000,0.013045,12.640291,0.050580,0.182544,-0.104720,0.077000,-0.008000,127,0,1,33,33,-0.024388,0.019443,0.472420,-0.557993,0.386305,9.678104,2.798495,-0.004358,0.028067,7,1,0,0.000000,0,9.044130,0.000000,0.434433,0,0.207715,0.000000,0.058011,9.044130,0.207715,1,1,1,3.805643,0.000000,0.000000,0.000000,0.000000,0.000000,0.000000,0.000000
0.1401,12.647565,0.181715,0.615604,-0.104720,0.430038,0.060054,0,0.207715,159,0.242575,0.213666,12.647565,0.060842,8.827329,0.615604,12.645946,8.904949,0.615604,0.181715,-0.104720,0.012823,-0.377868,-25.659479,0.077620,0.000000,0.002702,0.001847,-0.000155,0.002702,0.242575,0.213666,-9.804673,0.004879,0.006580,-0.104720,-1.908763,-0.004136,27.000000,0.013045,12.645946,0.060842,0.181777,-0.104720,0.077000,0.000000,132,0,1,33,33,0.005515,0.012608,0.510764,-0.936453,-0.507287,10.003842,2.803626,-0.004136,0.028260,7,1,0,0.000000,0,9.061719,0.000000,0.430038,0,0.207715,0.000000,0.060054,9.061719,0.207715,1,1,1,3.805691,0.000000,0.000000,0.000000,0.000000,0.000000,0.000000,0.000000
0.1501,12.653812,0.180964,0.666130,-0.104720,0.420518,0.061011,0,0.207715,169,0.245595,0.211716,12.653812,0.064926,8.833328,0.666130,12.652179,8.910993,0.666130,0.180964,-0.104720,0.012881,-0.377868,-25.659479,0.077665,0.007000,0.002462,0.001924,-0.000187,0.002462,0.245595,0.211716,-9.804640,0.007413,0.003096,-0.097720,-1.903475,-0.003848,27.000000,0.013045,12.652179,0.064926,0.181010,-0.104720,0.077000,0.007000,137,0,1,33,33,0.007670,0.009712,0.568332,-0.805819,0.185016,9.704631,2.808914,-0.003848,0.028515,7,1,0,0.000000,0,9.076678,0.000000,0.420518,0,0.207715,0.000000,0.061011,9.076678,0.207715,1,1,1,3.805972,0.000000,0.000000,0.000000,0.000000,0.000000,0.000000,0.000000
0.1601,12.660073,0.181010,0.676776,0.000000,0.395749,0.052957,0,0.207715,181,0.245383,0.209525,12.660073,0.063879,8.839985,0.676776,12.659466,8.917598,0.676776,0.181010,0.000000,0.012702,-0.377868,-25.659479,0.077613,0.004000,0.000908,0.002038,-0.000093,0.000908,0.245383,0.209525,-9.804692,-0.026165,-0.028578,0.004000,-1.896825,-0.003810,27.000000,0.013045,12.659466,0.063879,0.181010,0.000000,0.077000,0.004000,142,0,1,33,33,-0.028557,-0.017538,0.681054,-0.824691,0.089740,9.674951,2.815564,-0.003810,0.028454,6,1,0,0.000000,0,9.088648,0.000000,0.395749,0,0.207715,0.000000,0.052957,9.088648,0.207715,1,1,1,3.806021,0.000000,0.000000,0.000000,0.000000,0.000000,0.000000,0.000000
0.1701,12.667010,0.181010,0.745920,0.000000,0.364198,0.053411,0,0.207715,189,0.244693,0.211474,12.667010,0.069010,8.847019,0.745920,12.664930,8.924727,0.745920,0.181010,0.000000,0.012745,-0.377868,-25.659479,0.077708,-0.003000,0.002781,0.001831,-0.000280,0.002781,0.244693,0.211474,-9.804667,-0.037890,-0.018140,-0.003000,-1.889693,-0.003975,27.000000,0.013045,12.664930,0.069010,0.181010,0.000000,0.077000,-0.003000,147,0,1,33,33,-0.039224,-0.005570,0.743051,-0.297199,-0.246648,9.834611,2.822696,-0.003975,0.028420,7,1,0,0.000000,0,9.097618,0.000000,0.364198,0,0.207715,0.000000,0.053411,9.097618,0.207715,1,1,1,3.806067,0.000000,0.000000,0.000000,0.000000,0.000000,0.000000,0.000000
0.1801,12.674806,0.181010,0.828747,0.000000,0.324304,0.053411,0,0.207715,199,0.243712,0.211306,12.674806,0.078226,8.854823,0.828747,12.672600,8.932487,0.828747,0.181010,0.000000,0.012800,-0.377868,-25.659479,0.077664,-0.007000,0.002741,0.001823,-0.000487,0.002741,0.243712,0.211306,-9.804696,-0.001355,-0.021463,-0.007000,-1.881936,-0.003921,27.000000,0.013045,12.672600,0.078226,0.181010,0.000000,0.077000,-0.007000,152,0,1,33,33,-0.002907,-0.010788,0.821952,0.007971,0.180741,10.087934,2.830453,-0.003921,0.028319,6,1,0,0.000000,0,9.103588,0.000000,0.324304,0,0.207715,0.000000,0.053411,9.103588,0.207715,1,1,1,3.806111,0.000000,0.000000,0.000000,0.000000,0.000000,0.000000,0.000000
0.1901,12.683228,0.181777,0.873439,0.000000,0.287392,0.044207,0,0.207715,209,0.245807,0.209779,12.683228,0.088383,8.862230,0.873439,12.680941,8.940024,0.873439,0.181777,0.000000,0.012809,-0.377868,-25.659479,0.077795,-0.002000,0.002629,0.001836,-0.000203,0.002629,0.245807,0.209779,-9.804676,0.018187,0.004291,-0.002000,-1.873635,-0.003700,27.000000,0.013045,12.680941,0.088383,0.181777,0.000000,0.077000,-0.002000,157,0,1,33,33,0.018427,0.014264,0.871327,-0.601834,-0.723497,9.714775,2.838754,-0.003700,0.028514,7,1,0,0.000000,0,9.106558,0.000000,0.287392,0,0.207715,0.000000,0.044207,9.106558,0.207715,1,1,1,3.806157,0.000000,0.000000,0.000000,0.000000,0.000000,0.000000,0.000000
0.2001,12.692306,0.181777,0.913253,0.000000,0.224102,0.051877,0,0.207715,219,0.248483,0.207369,12.692306,0.093515,8.871236,0.913253,12.690049,8.949075,0.913253,0.181777,0.000000,0.012869,-0.377868,-25.659479,0.077840,0.003000,0.002463,0.001982,-0.000172,0.002463,0.248483,0.207369,-9.804660,-0.005255,0.003660,0.003000,-1.864591,-0.003348,27.000000,0.013045,12.690049,0.093515,0.181777,0.000000,0.077000,0.003000,162,0,1,33,33,-0.005042,0.015738,0.916126,-0.241410,0.165253,9.781363,2.847798,-0.003348,0.028738,7,1,0,0.000000,0,9.106529,0.000000,0.224102,0,0.207715,0.000000,0.051877,9.106529,0.207715,1,1,1,3.806498,0.000000,0.000000,0.000000,0.000000,0.000000,0.000000,0.000000
0.2101,12.700964,0.181777,0.930164,0.000000,0.168858,0.051877,0,0.207715,229,0.249807,0.203741,12.700964,0.092572,8.880551,0.930164,12.698582,8.958414,0.930164,0.181777,0.000000,0.012841,-0.377868,-25.659479,0.077863,0.007000,0.002524,0.002017,-0.000346,0.002524,0.249807,0.203741,-9.804702,0.002029,-0.013577,0.007000,-1.855261,-0.002988,27.000000,0.013045,12.698582,0.092572,0.181777,0.000000,0.077000,0.007000,167,0,1,33,33,0.001386,-0.001623,0.937262,-0.306257,-0.211234,10.064651,2.857128,-0.002988,0.028804,7,1,0,0.000000,0,9.103696,0.000000,0.168858,0,0.207715,0.000000,0.051877,9.103696,0.207715,1,1,1,3.806545,0.000000,0.000000,0.000000,0.000000,0.000000,0.000000,0.000000
0.2201,12.710502,0.181777,0.989445,0.000000,0.114351,0.051877,0,0.207715,239,0.252642,0.201626,12.710502,0.097599,8.890283,0.989445,12.707979,8.968178,0.989445,0.181777,0.000000,0.012850,-0.377868,-25.659479,0.077895,0.004000,0.002548,0.001952,-0.000763,0.002548,0.252642,0.201626,-9.804673,0.000649,0.019105,0.004000,-1.845502,-0.002715,27.000000,0.013045,12.707979,0.097599,0.181777,0.000000,0.077000,0.004000,172,0,1,33,33,0.001367,0.031831,0.993118,-0.395076,0.347084,9.763949,2.866887,-0.002715,0.029049,7,1,0,0.000000,0,9.098776,0.000000,0.114351,0,0.207715,0.000000,0.051877,9.098776,0.207715,1,1,1,3.806591,0.000000,0.000000,0.000000,0.000000,0.000000,0.000000,0.000000
0.2301,12.719251,0.181777,1.040796,0.000000,0.060608,0.051877,0,0.207715,249,0.255895,0.200159,12.719251,0.106814,8.900502,1.040796,12.718717,8.978417,1.040796,0.181777,0.000000,0.012851,-0.377868,-25.659479,0.077915,-0.003000,0.000513,0.002049,-0.002134,0.000513,0.255895,0.200159,-9.804619,-0.013560,0.000369,-0.003000,-1.835266,-0.002507,27.000000,0.013045,12.718717,0.106814,0.181777,0.000000,0.077000,-0.003000,177,0,1,33,33,-0.013543,0.014097,1.037700,-0.690896,0.033619,9.578769,2.877123,-0.002507,0.029348,7,1,0,0.000000,0,9.092300,0.000000,0.060608,0,0.207715,0.000000,0.051877,9.092300,0.207715,1,1,1,3.806637,0.000000,0.000000,0.000000,0.000000,0.000000,0.000000,0.000000
0.2401,12.731535,0.181777,1.096021,0.000000,-0.003953,0.051877,0,0.207715,3,0.258534,0.197947,12.731535,0.106814,8.911227,1.096021,12.728688,8.989160,1.096021,0.181777,0.000000,0.012806,-0.377868,-25.659479,0.077933,-0.007000,0.002626,0.001839,-0.000727,0.002626,0.258534,0.197947,-9.804595,-0.019957,0.001259,-0.007000,-1.824527,-0.002282,27.000000,0.013045,12.728688,0.106814,0.181777,0.000000,0.077000,-0.007000,182,0,1,33,33,-0.019934,0.015535,1.088912,-0.516909,-0.275924,9.872455,2.887862,-0.002282,0.029572,7,1,0,0.000000,0,9.083733,0.000000,-0.003953,0,0.207715,0.000000,0.051877,9.083733,0.207715,1,1,1,3.806681,0.000000,0.000000,0.000000,0.000000,0.000000,0.000000,0.000000
0.2501,12.740681,0.182544,1.162429,0.000000,-0.072412,0.042673,0,0.207715,13,0.259156,0.194443,12.740681,0.088383,8.921716,1.162429,12.737508,8.999585,1.162429,0.182544,0.000000,0.012751,-0.377868,-25.659479,0.077870,-0.004000,0.002777,0.001993,-0.001172,0.002777,0.259156,0.194443,-9.804648,0.010350,-0.040606,-0.004000,-1.813343,-0.001952,27.000000,0.013045,12.737508,0.088383,0.182544,0.000000,0.077000,-0.004000,187,0,1,33,33,0.010015,-0.025916,1.158854,-0.078314,0.247628,10.088551,2.899046,-0.001952,0.029581,6,1,0,0.000000,0,9.072361,0.000000,-0.072412,0,0.207715,0.000000,0.042673,9.072361,0.207715,1,1,1,3.806724,0.000000,0.000000,0.000000,0.000000,0.000000,0.000000,0.000000
0.2601,12.742900,0.183390,1.128928,0.104720,-0.162363,0.040189,0,0.207715,23,0.257577,0.192412,12.742900,0.044401,8.933011,1.128928,12.742014,9.011007,1.128928,0.183390,0.104720,0.012759,-0.377868,-25.659479,0.077996,0.002000,0.000756,0.002020,-0.002482,0.000756,0.257577,0.192412,-9.804730,-0.011166,-0.023610,0.106720,-1.801081,-0.001743,27.000000,0.013045,12.742014,0.044401,0.183311,0.104720,0.077000,0.002000,192,0,1,33,33,-0.011327,-0.007766,1.235848,-0.200666,-0.580205,9.745188,2.911308,-0.001743,0.029397,7,1,0,0.000000,0,9.058124,0.000000,-0.162363,0,0.207715,0.000000,0.040189,9.058124,0.207715,1,1,1,3.806747,0.000000,0.000000,0.000000,0.000000,0.000000,0.000000,0.000000
0.2701,12.741032,0.185740,1.084924,0.209440,-0.221037,0.020453,0,0.207715,33,0.254851,0.192098,12.741032,-0.045448,8.942887,1.084924,12.738371,9.020843,1.084924,0.185740,0.209440,0.012814,-0.377868,-25.659479,0.077956,0.003000,0.002462,0.001974,-0.003505,0.002462,0.254851,0.192098,-9.804807,-0.034455,-0.029939,0.212440,-1.788900,-0.001639,27.000000,0.013045,12.738371,-0.045448,0.185612,0.209440,0.077000,0.003000,197,0,1,33,33,-0.034785,-0.012929,1.297636,0.887880,-0.290639,9.576538,2.923489,-0.001639,0.029152,7,1,0,0.000000,0,9.041687,0.000000,-0.221037,0,0.207715,0.000000,0.020453,9.041687,0.207715,1,1,1,3.806736,0.000000,0.000000,0.000000,0.000000,0.000000,0.000000,0.000000
0.2801,12.722974,0.189639,1.129361,0.209440,-0.289732,-0.002842,0,0.207715,43,0.252906,0.189230,12.722974,-0.198863,8.952691,1.129361,12.720059,9.030626,1.129361,0.189639,0.209440,0.012698,-0.377868,-25.659479,0.077935,-0.001000,0.002775,0.001991,-0.005785,0.002775,0.252906,0.189230,-9.804914,-0.010136,-0.035018,0.208440,-1.775224,-0.001392,27.000000,0.013045,12.720059,-0.198863,0.189447,0.209440,0.077000,-0.001000,1,0,1,33,33,-0.011287,-0.017674,1.338132,0.211552,-0.716561,9.964206,2.937165,-0.001392,0.028959,7,1,0,0.000000,0,9.023851,0.000000,-0.289732,0,0.207715,0.000000,-0.002842,9.023851,0.207715,1,1,1,3.795477,0.000000,0.000000,0.000000,0.000000,0.000000,0.000000,0.000000
0.2901,12.684898,0.194237,0.907727,0.418879,-0.331674,-0.019020,0,0.207715,53,0.249848,0.189688,12.684898,-0.375839,8.960816,0.907727,12.684489,9.038701,0.907727,0.194237,0.418879,0.012875,-0.377868,-25.659479,0.077885,-0.008000,0.000449,0.001848,-0.001698,0.000449,0.249848,0.189688,-9.804983,-0.004403,-0.034819,0.410879,-1.762558,-0.001187,27.000000,0.013045,12.684489,-0.375839,0.194049,0.418879,0.077000,-0.008000,6,0,1,33,33,-0.007024,-0.017407,1.318939,0.756390,-0.395403,10.312323,2.949831,-0.001187,0.028726,7,1,0,0.000000,0,9.005416,0.000000,-0.331674,0,0.207715,0.000000,-0.019020,9.005416,0.207715,1,1,1,3.772242,0.000000,0.000000,0.000000,0.000000,0.000000,0.000000,0.000000
0.3001,12.653422,0.205594,0.629595,1.047198,-0.332611,-0.109333,0,0.207715,64,0.227825,0.188845,12.653422,-0.284838,8.965150,0.629595,12.652946,9.042637,0.629595,0.205594,1.047198,0.012754,-0.377868,-25.659479,0.077487,-0.007000,0.000771,0.002002,-0.000460,0.000771,0.227825,0.188845,-9.805536,-0.011799,-0.335859,1.040198,-1.747271,-0.001355,27.000000,0.013045,12.652946,-0.284838,0.204787,1.047198,0.077000,-0.007000,11,0,1,33,33,-0.051437,-0.310785,1.673892,4.699247,-3.581729,7.526587,2.965118,-0.001355,0.026668,7,1,0,0.000000,0,8.987182,0.000000,-0.332611,0,0.207715,0.000000,-0.109333,8.987182,0.207715,1,1,1,3.753574,0.000000,0.000000,0.000000,0.000000,0.000000,0.000000,0.000000
0.3101,12.667117,0.215959,0.506183,0.942478,-0.386172,-0.120132,0,0.207715,73,0.211529,0.182248,12.667117,0.114982,8.970673,0.506183,12.665889,9.048342,0.506183,0.215959,0.942478,0.012871,-0.377868,-25.659479,0.077669,-0.003000,0.002454,0.001840,0.001120,0.002454,0.211529,0.182248,-9.806026,-0.114361,0.090566,0.939478,-1.731226,-0.000659,27.000000,0.013045,12.665889,0.114982,0.215524,0.942478,0.077000,-0.003000,16,0,1,33,33,-0.103191,0.121710,1.444214,1.063090,1.597491,13.127112,2.981163,-0.000659,0.025045,7,1,0,0.000000,0,8.969949,0.000000,-0.386172,0,0.207715,0.000000,-0.120132,8.969949,0.207715,1,1,1,3.753379,0.000000,0.000000,0.000000,0.000000,0.000000,0.000000,0.000000
0.3201,12.669621,0.227621,-0.097765,1.047198,-0.334957,-0.156437,0,0.207715,83,0.218997,0.194457,12.669621,0.017802,8.970697,-0.097765,12.669724,9.047757,-0.097765,0.227621,1.047198,0.012831,-0.377868,-25.659479,0.077060,-0.007000,0.002630,0.001901,-0.000663,0.002630,0.218997,0.194457,-9.805627,0.153486,-0.045991,1.040198,-1.720124,-0.001447,27.000000,0.013045,12.669724,0.017802,0.227029,1.047198,0.077000,-0.007000,21,0,1,33,33,0.146595,-0.052578,0.943185,1.647409,-2.149245,5.222952,2.992265,-0.001447,0.026224,6,1,0,0.000000,0,8.954516,0.000000,-0.334957,0,0.207715,0.000000,-0.156437,8.954516,0.207715,1,1,1,3.753193,0.000000,0.000000,0.000000,0.000000,0.000000,0.000000,0.000000
0.3301,12.665468,0.236634,-0.260218,0.837758,-0.323811,-0.147967,0,0.207715,93,0.219554,0.176338,12.665468,-0.021991,8.969311,-0.260218,12.666081,9.046353,-0.260218,0.236634,0.837758,0.012864,-0.377868,-25.659479,0.077041,-0.023000,0.002489,0.001862,0.000342,0.002489,0.219554,0.176338,-9.805957,0.073465,0.054174,0.814758,-1.712562,0.000632,27.000000,0.013045,12.666081,-0.021991,0.236233,0.837758,0.077000,-0.023000,26,0,1,33,33,0.080199,0.050720,0.553934,1.232631,-0.415231,9.613792,2.999827,0.000632,0.025974,7,1,0,0.000000,0,8.941668,0.000000,-0.323811,0,0.207715,0.000000,-0.147967,8.941668,0.207715,1,1,1,3.753006,0.000000,0.000000,0.000000,0.000000,0.000000,0.000000,0.000000
0.3401,12.665509,0.241901,-0.253289,0.314159,-0.300128,-0.121040,0,0.207715,103,0.206934,0.236929,12.665509,-0.001466,8.966132,-0.253289,12.666273,9.044051,-0.253289,0.241901,0.314159,0.019522,0.438559,36.548688,0.077919,0.002000,0.002938,0.001861,0.000356,0.002938,0.206934,0.236929,-9.804955,-0.056414,0.069748,0.316159,-1.709639,0.001119,27.000000,0.019105,12.666273,-0.001466,0.241602,0.314159,0.078000,0.002000,31,0,1,33,33,-0.045917,0.078278,0.061354,1.794579,0.828145,10.401857,3.002750,0.001119,0.026269,6,1,0,0.000000,0,8.931802,0.000000,-0.300128,0,0.207715,0.000000,-0.121040,8.931802,0.207715,1,1,1,3.752815,0.000000,0.000000,0.000000,0.000000,0.000000,0.000000,0.000000
0.3501,12.665790,0.241602,-0.280175,0.000000,-0.296853,-0.064784,0,0.207715,113,0.231669,0.181177,12.665790,-0.002513,8.965223,-0.280175,12.665985,9.043215,-0.280175,0.241602,0.000000,0.012716,-0.428239,-33.914127,0.077993,0.025000,0.000769,0.001993,0.000438,0.000769,0.231669,0.181177,-9.805590,-0.046249,0.088680,0.025000,-1.710719,0.000429,27.000000,0.013045,12.665985,-0.002513,0.241602,0.000000,0.078000,0.025000,36,0,1,33,33,-0.033216,0.091087,-0.256354,-0.564586,-0.427173,9.727348,3.001670,0.000429,0.027352,6,1,0,0.000000,0,8.924937,0.000000,-0.296853,0,0.207715,0.000000,-0.064784,8.924937,0.207715,1,1,1,3.752642,0.000000,0.000000,0.000000,0.000000,0.000000,0.000000,0.000000
0.3601,12.665159,0.239974,-0.358693,-0.209440,-0.252189,-0.048230,0,0.207715,123,0.233828,0.180010,12.665159,-0.006597,8.962745,-0.358693,12.665314,9.040653,-0.358693,0.239974,-0.209440,0.012851,-0.428239,-33.914127,0.077908,0.021000,0.000452,0.002000,0.000630,0.000452,0.233828,0.180010,-9.805561,0.061666,0.027872,-0.188440,-1.714916,0.000688,27.000000,0.013045,12.665314,-0.006597,0.240068,-0.209440,0.078000,0.021000,41,0,1,33,33,0.064974,0.011884,-0.547330,1.385516,0.376155,10.588457,2.997473,0.000688,0.027517,6,1,0,0.000000,0,8.921072,0.000000,-0.252189,0,0.207715,0.000000,-0.048230,8.921072,0.207715,1,1,1,3.752475,0.000000,0.000000,0.000000,0.000000,0.000000,0.000000,0.000000
0.3701,12.661742,0.238464,-0.268998,-0.209440,-0.206361,-0.046397,0,0.207715,133,0.233189,0.180123,12.661742,-0.021991,8.960180,-0.268998,12.662438,9.037054,-0.268998,0.238464,-0.209440,0.012901,-0.428239,-33.914127,0.076874,0.002000,0.002324,0.001987,0.000846,0.002324,0.233189,0.180123,-9.805574,0.009059,0.033543,-0.207440,-1.720024,0.000669,27.000000,0.013045,12.662438,-0.021991,0.238534,-0.209440,0.077000,0.002000,46,0,1,33,33,0.013750,0.025760,-0.476810,1.535769,0.124763,9.265310,2.992365,0.000669,0.027438,7,1,0,0.000000,0,8.920207,0.000000,-0.206361,0,0.207715,0.000000,-0.046397,8.920207,0.207715,1,1,1,3.752307,0.000000,0.000000,0.000000,0.000000,0.000000,0.000000,0.000000
0.3801,12.659728,0.235969,-0.251772,-0.314159,-0.172887,-0.031565,0,0.207715,143,0.233315,0.183962,12.659728,-0.025028,8.957241,-0.251772,12.660137,9.034122,-0.251772,0.235969,-0.314159,0.012685,-0.428239,-33.914127,0.076881,-0.014000,0.002682,0.002000,0.000197,0.002682,0.233315,0.183962,-9.805500,-0.097019,0.065980,-0.328159,-1.725435,0.000007,27.000000,0.013045,12.660137,-0.025028,0.236233,-0.314159,0.077000,-0.014000,51,0,1,33,33,-0.086656,0.071737,-0.580888,0.889422,-0.495211,9.880736,2.986954,0.000007,0.027512,7,1,0,0.000000,0,8.922342,0.000000,-0.172887,0,0.207715,0.000000,-0.031565,8.922342,0.207715,1,1,1,3.752132,0.000000,0.000000,0.000000,0.000000,0.000000,0.000000,0.000000
0.3901,12.655895,0.232976,-0.352994,-0.314159,-0.122350,-0.020585,0,0.207715,153,0.238898,0.189580,12.655895,-0.035186,8.953923,-0.352994,12.656781,9.030822,-0.352994,0.232976,-0.314159,0.012787,-0.428239,-33.914127,0.076900,-0.009000,0.002596,0.001851,-0.000066,0.002596,0.238898,0.189580,-9.805258,0.014498,0.069813,-0.323159,-1.731715,-0.000400,27.000000,0.013045,12.656781,-0.035186,0.233165,-0.314159,0.077000,-0.009000,56,0,1,33,33,0.024330,0.058373,-0.676955,0.724582,0.145706,9.858359,2.980674,-0.000400,0.028160,6,1,0,0.000000,0,8.927477,0.000000,-0.122350,0,0.207715,0.000000,-0.020585,8.927477,0.207715,1,1,1,3.751967,0.000000,0.000000,0.000000,0.000000,0.000000,0.000000,0.000000
0.4001,12.651987,0.230740,-0.495088,-0.209440,-0.054453,-0.023694,0,0.207715,163,0.242635,0.187126,12.651987,-0.035186,8.949479,-0.495088,12.653234,9.026271,-0.495088,0.230740,-0.209440,0.012791,-0.428239,-33.914127,0.076792,0.004000,0.002560,0.001826,0.000440,0.002560,0.242635,0.187126,-9.805214,0.045222,0.036176,-0.205440,-1.738508,-0.000127,27.000000,0.013045,12.653234,-0.035186,0.230864,-0.209440,0.077000,0.004000,61,0,1,33,33,0.049978,0.020293,-0.700845,-0.174389,-0.155222,9.404941,2.973881,-0.000127,0.028444,7,1,0,0.000000,0,8.935611,0.000000,-0.054453,0,0.207715,0.000000,-0.023694,8.935611,0.207715,1,1,1,3.751804,0.000000,0.000000,0.000000,0.000000,0.000000,0.000000,0.000000
0.4101,12.647292,0.229236,-0.506910,-0.314159,0.022006,-0.028002,0,0.207715,173,0.245291,0.190235,12.647292,-0.053617,8.943746,-0.506910,12.648440,9.020462,-0.506910,0.229236,-0.314159,0.012917,-0.428239,-33.914127,0.076716,0.014000,0.002322,0.001993,0.000445,0.002322,0.245291,0.190235,-9.805088,-0.047048,0.031682,-0.300159,-1.745815,-0.000292,27.000000,0.013045,12.648440,-0.053617,0.229330,-0.314159,0.077000,0.014000,66,0,1,33,33,-0.041850,0.027858,-0.807496,-0.297536,-0.141585,9.845237,2.966574,-0.000292,0.028761,7,1,0,0.000000,0,8.946746,0.000000,0.022006,0,0.207715,0.000000,-0.028002,8.946746,0.207715,1,1,1,3.751644,0.000000,0.000000,0.000000,0.000000,0.000000,0.000000,0.000000
0.4201,12.643321,0.226021,-0.566211,-0.314159,0.088960,-0.004457,0,0.207715,184,0.242656,0.191912,12.643321,-0.043459,8.938076,-0.566211,12.643741,9.014897,-0.566211,0.226021,-0.314159,0.012716,-0.428239,-33.914127,0.076822,0.003000,0.000769,0.001993,0.000589,0.000769,0.242656,0.191912,-9.805120,-0.005011,-0.046736,-0.311159,-1.754584,-0.000812,27.000000,0.013045,12.643741,-0.043459,0.226262,-0.314159,0.077000,0.003000,71,0,1,33,33,-0.011896,-0.056626,-0.876722,-0.352952,-0.253867,10.418298,2.957805,-0.000812,0.028494,6,1,0,0.000000,0,8.960881,0.000000,0.088960,0,0.207715,0.000000,-0.004457,8.960881,0.207715,1,1,1,3.751478,0.000000,0.000000,0.000000,0.000000,0.000000,0.000000,0.000000
0.4301,12.643906,0.222951,-0.648158,-0.314159,0.171515,0.000223,0,0.207715,194,0.240940,0.195963,12.643906,-0.000419,8.931949,-0.648158,12.644412,9.008603,-0.648158,0.222951,-0.314159,0.012714,-0.428239,-33.914127,0.076653,-0.011000,0.000774,0.002145,0.002059,0.000774,0.240940,0.195963,-9.805083,-0.001475,0.044980,-0.325159,-1.763936,-0.001343,27.000000,0.013045,12.644412,-0.000419,0.223194,-0.314159,0.077000,-0.011000,76,0,1,33,33,0.005058,0.032342,-0.973807,0.552275,0.014692,9.617670,2.948453,-0.001343,0.028373,7,1,0,0.000000,0,8.977882,0.000000,0.171515,0,0.207715,0.000000,0.000223,8.977882,0.207715,1,1,1,3.751334,0.000000,0.000000,0.000000,0.000000,0.000000,0.000000,0.000000
0.4401,12.648194,0.219739,-0.564734,-0.418879,0.249654,0.008076,0,0.207715,203,0.243326,0.197324,12.648194,0.065973,8.925217,-0.564734,12.649878,9.001878,-0.564734,0.219739,-0.418879,0.012649,-0.428239,-33.914127,0.076662,-0.018000,0.002926,0.001848,0.002686,0.002926,0.243326,0.197324,-9.804996,0.002019,0.022365,-0.436879,-1.773866,-0.001581,27.000000,0.013045,12.649878,0.065973,0.220126,-0.418879,0.077000,-0.018000,81,0,1,33,33,0.005075,0.009204,-1.001809,-0.690235,-0.195279,9.528618,2.938523,-0.001581,0.028596,7,1,0,0.000000,0,8.997082,0.000000,0.249654,0,0.207715,0.000000,0.008076,8.997082,0.207715,1,1,1,3.751224,0.000000,0.000000,0.000000,0.000000,0.000000,0.000000,0.000000
0.4501,12.669747,0.215074,-0.500917,-0.523599,0.305182,0.031935,0,0.207715,213,0.243435,0.200495,12.669747,0.240855,8.919500,-0.500917,12.671162,8.996247,-0.500917,0.215074,-0.523599,0.012676,-0.428239,-33.914127,0.076747,-0.005000,0.002854,0.001994,0.005978,0.002854,0.243435,0.200495,-9.804929,-0.026455,0.013261,-0.528599,-1.784153,-0.002000,27.000000,0.013045,12.671162,0.240855,0.215524,-0.523599,0.077000,-0.005000,86,0,1,33,33,-0.024812,0.003076,-1.029638,-0.314511,-0.725463,9.887210,2.928236,-0.002000,0.028609,7,1,0,0.000000,0,9.017682,0.000000,0.305182,0,0.207715,0.000000,0.031935,9.017682,0.207715,1,1,1,3.751183,0.000000,0.000000,0.000000,0.000000,0.000000,0.000000,0.000000
0.4601,12.712094,0.209897,-0.372505,-0.628319,0.348499,0.047399,0,0.207715,223,0.240958,0.204174,12.712094,0.442336,8.914241,-0.372505,12.712294,8.991976,-0.372505,0.209897,-0.628319,0.012869,-0.428239,-33.914127,0.077735,0.018000,0.000411,0.001993,0.000975,0.000411,0.240958,0.204174,-9.804915,0.017578,0.005677,-0.610319,-1.793594,-0.002375,27.000000,0.013045,12.712294,0.442336,0.210156,-0.628319,0.078000,0.018000,91,0,1,33,33,0.017906,-0.008110,-0.982800,0.484479,0.310370,9.678020,2.918795,-0.002375,0.028364,7,1,0,0.000000,0,9.038881,0.000000,0.348499,0,0.207715,0.000000,0.047399,9.038881,0.207715,1,1,1,3.751281,0.000000,0.000000,0.000000,0.000000,0.000000,0.000000,0.000000
0.4701,12.752266,0.200597,-0.228232,-1.151917,0.369667,0.107242,0,0.207715,233,0.257495,0.203244,12.752266,0.356466,8.913346,-0.228232,12.753232,8.989986,-0.228232,0.200597,-1.151917,0.012913,-0.428239,-33.914127,0.076641,0.023000,0.002455,0.001839,0.002663,0.002455,0.257495,0.203244,-9.804514,0.101153,0.400987,-1.128917,-1.804880,-0.002166,27.000000,0.013045,12.753232,0.356466,0.200952,-1.151917,0.077000,0.023000,96,0,1,33,33,0.107037,0.381898,-1.362194,-4.349882,2.404804,10.231865,2.907509,-0.002166,0.029855,7,1,0,0.000000,0,9.059879,0.000000,0.369667,0,0.207715,0.000000,0.107242,9.059879,0.207715,1,1,1,3.764362,0.000000,0.000000,0.000000,0.000000,0.000000,0.000000,0.000000
0.4801,12.738402,0.189422,0.067173,-1.047198,0.403848,0.148338,0,0.207715,243,0.274458,0.202481,12.738402,-0.114982,8.910754,0.067173,12.738659,8.987978,0.067173,0.189422,-1.047198,0.012721,-0.428239,-33.914127,0.077224,0.015000,0.002603,0.002019,-0.001398,0.002603,0.274458,0.202481,-9.804069,0.158805,-0.230245,-1.032198,-1.818049,-0.002289,27.000000,0.013045,12.738659,-0.114982,0.190214,-1.047198,0.077000,0.015000,101,0,1,33,33,0.154777,-0.245229,-0.961983,-0.784310,-2.264066,7.450126,2.894340,-0.002289,0.031369,7,1,0,0.000000,0,9.079876,0.000000,0.403848,0,0.207715,0.000000,0.148338,9.079876,0.207715,1,1,1,3.764597,0.000000,0.000000,0.000000,0.000000,0.000000,0.000000,0.000000
0.4901,12.736482,0.180290,0.330469,-0.942478,0.375240,0.146171,0,0.207715,253,0.244629,0.259775,12.736482,-0.011729,8.912753,0.330469,12.735591,8.990221,0.330469,0.180290,-0.942478,0.019397,0.382500,27.658140,0.077467,0.009000,0.002617,0.002000,0.000361,0.002617,0.244629,0.259775,-9.803508,-0.087267,-0.128822,-0.933478,-1.824986,-0.002193,27.000000,0.019105,12.735591,-0.011729,0.181010,-0.942478,0.077000,0.009000,106,0,1,33,33,-0.088574,-0.139599,-0.600414,-1.536871,1.658549,13.489712,2.887403,-0.002193,0.029285,7,1,0,0.000000,0,9.098072,0.000000,0.375240,0,0.207715,0.000000,0.146171,9.098072,0.207715,1,1,1,3.764794,0.000000,0.000000,0.000000,0.000000,0.000000,0.000000,0.000000
0.5001,12.741697,0.173882,0.422550,-0.733038,0.380370,0.131749,0,0.207715,7,0.258414,0.207960,12.741697,0.044401,8.914874,0.422550,12.740864,8.992110,0.422550,0.173882,-0.733038,0.012899,-0.473543,-40.941088,0.077236,0.015000,0.002305,0.001993,-0.000202,0.002305,0.258414,0.207960,-9.804391,-0.060837,0.104002,-0.718038,-1.829443,-0.003429,27.000000,0.013045,12.740864,0.044401,0.174107,-0.733038,0.077000,0.015000,111,0,1,33,33,-0.060987,0.100093,-0.296804,-0.800765,0.896916,12.468071,2.882946,-0.003429,0.029617,7,1,0,0.000000,0,9.113684,0.000000,0.380370,0,0.207715,0.000000,0.131749,9.113684,0.207715,1,1,1,3.764990,0.000000,0.000000,0.000000,0.000000,0.000000,0.000000,0.000000
0.5101,12.743330,0.170797,0.327017,-0.314159,0.368927,0.104688,0,0.207715,17,0.263553,0.195217,12.743330,0.011729,8.916916,0.327017,12.742206,8.994258,0.327017,0.170797,-0.314159,0.012680,-0.473543,-40.941088,0.077342,-0.017000,0.002792,0.001790,-0.000672,0.002792,0.263553,0.195217,-9.804516,0.175983,-0.032391,-0.331159,-1.830406,-0.002371,27.000000,0.013045,12.742206,0.011729,0.171039,-0.314159,0.077000,-0.017000,116,0,1,33,33,0.176179,-0.031355,-0.003745,-2.059812,0.802688,9.968424,2.881983,-0.002371,0.029862,6,1,0,0.000000,0,9.126313,0.000000,0.368927,0,0.207715,0.000000,0.104688,9.126313,0.207715,1,1,1,3.765202,0.000000,0.000000,0.000000,0.000000,0.000000,0.000000,0.000000
0.5201,12.744572,0.169408,0.406471,-0.209440,0.354127,0.090496,0,0.207715,27,0.254294,0.248393,12.744572,0.015813,8.919095,0.406471,12.743357,8.996385,0.406471,0.169408,-0.209440,0.019268,0.353711,23.260804,0.077290,-0.032000,0.002618,0.001847,-0.000327,0.002618,0.254294,0.248393,-9.803557,-0.022333,-0.000821,-0.241440,-1.829720,-0.001329,27.000000,0.019105,12.743357,0.015813,0.169505,-0.209440,0.077000,-0.032000,121,0,1,33,33,-0.022325,0.002163,0.165021,-1.272581,-0.133726,9.940385,2.882669,-0.001329,0.029824,7,1,0,0.000000,0,9.135942,0.000000,0.354127,0,0.207715,0.000000,0.090496,9.135942,0.207715,1,1,1,3.765398,0.000000,0.000000,0.000000,0.000000,0.000000,0.000000,0.000000
0.5301,12.747776,0.167908,0.568778,-0.209440,0.309944,0.094616,0,0.207715,37,0.251286,0.253507,12.747776,0.033196,8.923035,0.568778,12.746520,9.000445,0.568778,0.167908,-0.209440,0.019211,0.353711,23.260804,0.077410,-0.019000,0.002308,0.001836,-0.000447,0.002308,0.251286,0.253507,-9.803504,-0.031563,-0.059767,-0.228440,-1.827145,-0.001996,27.000000,0.019105,12.746520,0.033196,0.167971,-0.209440,0.077000,-0.019000,126,0,1,33,33,-0.030753,-0.053638,0.341432,-0.769446,0.372252,9.256726,2.885244,-0.001996,0.029578,7,1,0,0.000000,0,9.142571,0.000000,0.309944,0,0.207715,0.000000,0.094616,9.142571,0.207715,1,1,1,3.765590,0.000000,0.000000,0.000000,0.000000,0.000000,0.000000,0.000000
0.5401,12.751126,0.167971,0.301775,0.000000,0.286621,0.078859,0,0.207715,47,0.254574,0.260957,12.751126,0.039375,8.926490,0.301775,12.750260,9.003876,0.301775,0.167971,0.000000,0.019431,0.353711,23.260804,0.077386,0.007000,0.002936,0.001848,-0.000019,0.002936,0.254574,0.260957,-9.803224,-0.048575,0.093357,0.007000,-1.823636,-0.002468,27.000000,0.019105,12.750260,0.039375,0.167971,0.000000,0.077000,0.007000,131,0,1,33,33,-0.050135,0.098511,0.306919,-2.411000,-0.263492,9.555524,2.888753,-0.002468,0.030037,7,1,0,0.000000,0,9.146200,0.000000,0.286621,0,0.207715,0.000000,0.078859,9.146200,0.207715,1,1,1,3.765797,0.000000,0.000000,0.000000,0.000000,0.000000,0.000000,0.000000
0.5501,12.754302,0.167971,0.406192,0.000000,0.249261,0.079488,0,0.207715,58,0.258226,0.258053,12.754302,0.035186,8.929982,0.406192,12.753999,9.007454,0.406192,0.167971,0.000000,0.019377,0.353711,23.260804,0.077472,0.020000,0.000768,0.001995,-0.000001,0.000768,0.258226,0.258053,-9.803205,0.025970,-0.046305,0.020000,-1.820064,-0.002168,27.000000,0.019105,12.753999,0.035186,0.167971,0.000000,0.077000,0.020000,136,0,1,33,33,0.026889,-0.037511,0.426998,-1.503274,0.135182,9.837663,2.892325,-0.002168,0.030355,7,1,0,0.000000,0,9.146828,0.000000,0.249261,0,0.207715,0.000000,0.079488,9.146828,0.207715,1,1,1,3.765988,0.000000,0.000000,0.000000,0.000000,0.000000,0.000000,0.000000
0.5601,12.758763,0.167971,0.506724,0.000000,0.195039,0.079488,0,0.207715,67,0.251609,0.259267,12.758763,0.045448,8.934527,0.506724,12.757546,9.012058,0.506724,0.167971,0.000000,0.019294,0.353711,23.260804,0.077531,0.010000,0.002528,0.001839,-0.000368,0.002528,0.251609,0.259267,-9.803345,-0.079651,-0.081286,0.010000,-1.815455,-0.002485,27.000000,0.019105,12.757546,0.045448,0.167971,0.000000,0.077000,0.010000,141,0,1,33,33,-0.077642,-0.073222,0.518234,-0.585242,0.069213,9.799315,2.896934,-0.002485,0.029710,7,1,0,0.000000,0,9.144457,0.000000,0.195039,0,0.207715,0.000000,0.079488,9.144457,0.207715,1,1,1,3.766175,0.000000,0.000000,0.000000,0.000000,0.000000,0.000000,0.000000
0.5701,12.763531,0.167971,0.632599,0.000000,0.131042,0.079488,0,0.207715,77,0.256017,0.199578,12.763531,0.044401,8.940298,0.632599,12.761764,9.017834,0.632599,0.167971,0.000000,0.012510,-0.579269,-58.243117,0.077535,-0.004000,0.002916,0.001794,-0.000418,0.002916,0.256017,0.199578,-9.804628,-0.056031,-0.063794,-0.004000,-1.809640,-0.003191,27.000000,0.013045,12.761764,0.044401,0.167971,0.000000,0.077000,-0.004000,146,0,1,33,33,-0.054145,-0.057533,0.629368,0.105885,-0.733267,9.762990,2.902749,-0.003191,0.029136,6,1,0,0.000000,0,9.139086,0.000000,0.131042,0,0.207715,0.000000,0.079488,9.139086,0.207715,1,1,1,3.766374,0.000000,0.000000,0.000000,0.000000,0.000000,0.000000,0.000000
0.5801,12.768488,0.169584,0.710331,0.104720,0.076361,0.060130,0,0.207715,87,0.250332,0.197565,12.768488,0.048485,8.945907,0.710331,12.766366,9.023441,0.710331,0.169584,0.104720,0.012607,-0.579269,-58.243117,0.077534,-0.015000,0.002736,0.001861,-0.000653,0.002736,0.250332,0.197565,-9.804815,0.040687,-0.038905,0.089720,-1.802429,-0.002942,27.000000,0.013045,12.766366,0.048485,0.169505,0.104720,0.077000,-0.015000,151,0,1,33,33,0.041931,-0.027472,0.800461,0.419263,0.236802,10.213181,2.909960,-0.002942,0.028555,6,1,0,0.000000,0,9.130849,0.000000,0.076361,0,0.207715,0.000000,0.060130,9.130849,0.207715,1,1,1,3.766558,0.000000,0.000000,0.000000,0.000000,0.000000,0.000000,0.000000
0.5901,12.774018,0.171968,0.667515,0.209440,0.018898,0.047652,0,0.207715,97,0.252578,0.193072,12.774018,0.059795,8.951786,0.667515,12.772215,9.029331,0.667515,0.171968,0.209440,0.012596,-0.579269,-58.243117,0.077545,-0.003000,0.002757,0.001858,-0.000317,0.002757,0.252578,0.193072,-9.804847,0.044650,0.016679,0.206440,-1.794168,-0.002395,27.000000,0.013045,12.772215,0.059795,0.171806,0.209440,0.077000,-0.003000,156,0,1,33,33,0.044027,0.029267,0.873655,-0.534519,-0.781657,9.781227,2.918221,-0.002395,0.028739,6,1,0,0.000000,0,9.120412,0.000000,0.018898,0,0.207715,0.000000,0.047652,9.120412,0.207715,1,1,1,3.766742,0.000000,0.000000,0.000000,0.000000,0.000000,0.000000,0.000000
0.6001,12.778115,0.174268,0.699306,0.209440,-0.041936,0.043903,0,0.207715,107,0.253731,0.185654,12.778115,0.055711,8.958335,0.699306,12.777584,9.035985,0.699306,0.174268,0.209440,0.012600,-0.579269,-58.243117,0.077650,0.009000,0.000767,0.001983,-0.001364,0.000767,0.253731,0.185654,-9.804961,0.034639,-0.024835,0.218440,-1.785235,-0.001559,27.000000,0.013045,12.777584,0.055711,0.174107,0.209440,0.077000,0.009000,161,0,1,33,33,0.035545,-0.011954,0.917969,0.045009,0.628641,10.216876,2.927154,-0.001559,0.028758,7,1,0,0.000000,0,9.108391,0.000000,-0.041936,0,0.207715,0.000000,0.043903,9.108391,0.207715,1,1,1,3.766924,0.000000,0.000000,0.000000,0.000000,0.000000,0.000000,0.000000
0.6101,12.781736,0.177387,0.673032,0.314159,-0.094295,0.029460,0,0.207715,117,0.250049,0.181502,12.781736,0.017802,8.964809,0.673032,12.779885,9.042514,0.673032,0.177387,0.314159,0.012653,-0.579269,-58.243117,0.077705,0.015000,0.002809,0.001807,-0.001325,0.002809,0.250049,0.181502,-9.805133,0.007705,-0.060374,0.329159,-1.775601,-0.001066,27.000000,0.013045,12.779885,0.017802,0.177175,0.314159,0.077000,0.015000,166,0,1,33,33,0.009992,-0.047353,1.002871,0.466698,-0.025134,9.741630,2.936788,-0.001066,0.028358,7,1,0,0.000000,0,9.094995,0.000000,-0.094295,0,0.207715,0.000000,0.029460,9.094995,0.207715,1,1,1,3.767094,0.000000,0.000000,0.000000,0.000000,0.000000,0.000000,0.000000
0.6201,12.778334,0.180461,0.714890,0.314159,-0.164097,0.023770,0,0.207715,127,0.248951,0.180230,12.778334,-0.039375,8.972031,0.714890,12.776433,9.049620,0.714890,0.180461,0.314159,0.012643,-0.579269,-58.243117,0.077589,0.005000,0.002686,0.001841,-0.002500,0.002686,0.248951,0.180230,-9.805184,-0.012853,0.022869,0.319159,-1.765426,-0.000882,27.000000,0.013045,12.776433,-0.039375,0.180243,0.314159,0.077000,0.005000,171,0,1,33,33,-0.013567,0.035523,1.033683,0.714551,0.176037,9.724670,2.946963,-0.000882,0.028266,6,1,0,0.000000,0,9.079679,0.000000,-0.164097,0,0.207715,0.000000,0.023770,9.079679,0.207715,1,1,1,3.767237,0.000000,0.000000,0.000000,0.000000,0.000000,0.000000,0.000000
0.6301,12.763713,0.185133,0.578249,0.418879,-0.221471,-0.001555,0,0.207715,137,0.251108,0.178724,12.763713,-0.164096,8.977636,0.578249,12.762148,9.055087,0.578249,0.185133,0.418879,0.012646,-0.579269,-58.243117,0.077451,-0.012000,0.002682,0.001992,-0.004332,0.002682,0.251108,0.178724,-9.805157,0.012370,0.027918,0.406879,-1.755293,-0.000554,27.000000,0.013045,12.762148,-0.164096,0.184845,0.418879,0.077000,-0.012000,176,0,1,33,33,0.012029,0.040523,0.984694,0.428249,0.267614,10.041228,2.957096,-0.000554,0.028517,6,1,0,0.000000,0,9.061680,0.000000,-0.221471,0,0.207715,0.000000,-0.001555,9.061680,0.207715,1,1,1,3.767325,0.000000,0.000000,0.000000,0.000000,0.000000,0.000000,0.000000
0.6401,12.731615,0.189711,0.636646,0.314159,-0.301356,-0.009776,0,0.207715,147,0.254923,0.176382,12.731615,-0.340025,8.982811,0.636646,12.729934,9.060306,0.636646,0.189711,0.314159,0.012557,-0.579269,-58.243117,0.077495,-0.023000,0.002839,0.001843,-0.007218,0.002839,0.254923,0.176382,-9.805101,0.008876,0.040549,0.291159,-1.745502,-0.000205,27.000000,0.013045,12.729934,-0.340025,0.189447,0.314159,0.077000,-0.023000,181,0,1,33,33,0.009865,0.051967,0.927226,-0.383638,-0.301474,9.623454,2.966887,-0.000205,0.028914,7,1,0,0.000000,0,9.040688,0.000000,-0.301356,0,0.207715,0.000000,-0.009776,9.040688,0.207715,1,1,1,3.767308,0.000000,0.000000,0.000000,0.000000,0.000000,0.000000,0.000000
0.6501,12.684551,0.195959,0.520456,0.523599,-0.364651,-0.038965,0,0.207715,157,0.249602,0.178652,12.684551,-0.476161,8.985913,0.520456,12.684201,9.063434,0.520456,0.195959,0.523599,0.012629,-0.579269,-58.243117,0.077521,-0.019000,0.000719,0.001992,-0.000901,0.000719,0.249602,0.178652,-9.805197,-0.074609,-0.176246,0.504599,-1.736126,-0.000286,27.000000,0.013045,12.684201,-0.476161,0.195583,0.523599,0.077000,-0.019000,186,0,1,33,33,-0.088077,-0.156958,1.027118,2.055580,-0.257655,10.056150,2.976263,-0.000286,0.028506,7,1,0,0.000000,0,9.016697,0.000000,-0.364651,0,0.207715,0.000000,-0.038965,9.016697,0.207715,1,1,1,3.767128,0.000000,0.000000,0.000000,0.000000,0.000000,0.000000,0.000000
0.6601,12.675120,0.207503,0.155595,1.047198,-0.411805,-0.115011,0,0.207715,168,0.221851,0.180457,12.675120,-0.109956,8.984821,0.155595,12.675093,9.063235,0.155595,0.207503,1.047198,0.012815,-0.579269,-58.243117,0.078414,-0.002000,0.000396,0.001995,-0.000163,0.000396,0.221851,0.180457,-9.805831,0.130513,-0.131953,1.045198,-1.724788,-0.000531,27.000000,0.013045,12.675093,-0.109956,0.207088,1.047198,0.078000,-0.002000,191,0,1,33,33,0.116867,-0.128778,1.202542,2.188217,-0.892361,8.796133,2.987601,-0.000531,0.025922,6,1,0,0.000000,0,8.989970,0.000000,-0.411805,0,0.207715,0.000000,-0.115011,8.989970,0.207715,1,1,1,3.763605,0.000000,0.000000,0.000000,0.000000,0.000000,0.000000,0.000000
0.6701,12.688232,0.214922,-0.104945,0.628319,-0.507743,-0.088602,0,0.207715,177,0.231623,0.191848,12.688232,0.066916,8.986284,-0.104945,12.688515,9.064620,-0.104945,0.214922,0.628319,0.012894,-0.579269,-58.243117,0.078336,0.007000,0.002253,0.001840,0.000524,0.002253,0.231623,0.191848,-9.805389,-0.157120,0.269598,0.635319,-1.715962,-0.001183,27.000000,0.013045,12.688515,0.066916,0.214757,0.628319,0.078000,0.007000,196,0,1,33,33,-0.131388,0.289847,0.526680,-1.339952,1.148637,11.417503,2.996427,-0.001183,0.027242,7,1,0,0.000000,0,8.961254,0.000000,-0.507743,0,0.207715,0.000000,-0.088602,8.961254,0.207715,1,1,1,3.763392,0.000000,0.000000,0.000000,0.000000,0.000000,0.000000,0.000000
0.6801,12.682379,0.223103,-0.474158,0.733038,-0.515912,-0.112593,0,0.207715,187,0.232516,0.184933,12.682379,-0.045448,8.982786,-0.474158,12.683531,9.060479,-0.474158,0.223103,0.733038,0.012511,-0.579269,-58.243117,0.077693,-0.013000,0.002910,0.001823,-0.000038,0.002910,0.232516,0.184933,-9.805500,0.167341,-0.086695,0.720038,-1.711931,-0.000634,27.000000,0.013045,12.683531,-0.045448,0.222427,0.733038,0.078000,-0.013000,0,0,1,33,33,0.157115,-0.101001,0.247163,0.875215,1.822702,11.138604,3.000458,-0.000634,0.027289,7,1,0,0.000000,0,8.931348,0.000000,-0.515912,0,0.207715,0.000000,-0.112593,8.931348,0.207715,1,1,1,3.763169,0.000000,0.000000,0.000000,0.000000,0.000000,0.000000,0.000000
0.6901,12.679658,0.227286,-0.444183,0.418879,-0.584549,-0.080966,0,0.207715,197,0.227903,0.179541,12.679658,-0.020944,8.979552,-0.444183,12.681037,9.057374,-0.444183,0.227286,0.418879,0.012690,-0.579269,-58.243117,0.077822,-0.007000,0.002605,0.001844,0.000909,0.002605,0.227903,0.179541,-9.805709,0.025752,0.047066,0.411879,-1.710873,0.000089,27.000000,0.013045,12.681037,-0.020944,0.227029,0.418879,0.078000,-0.007000,5,0,1,33,33,0.030938,0.043418,-0.032857,1.330159,-1.496994,8.933054,3.001516,0.000089,0.026761,6,1,0,0.000000,0,8.901053,0.000000,-0.584549,0,0.207715,0.000000,-0.080966,8.901053,0.207715,1,1,1,3.762967,0.000000,0.000000,0.000000,0.000000,0.000000,0.000000,0.000000
0.7001,12.679700,0.228563,-0.280926,0.000000,-0.635714,-0.054471,0,0.207715,207,0.228041,0.187349,12.679700,-0.011729,8.976437,-0.280926,12.680272,9.054412,-0.280926,0.228563,0.000000,0.012954,-0.579269,-58.243117,0.077974,0.019000,0.002155,0.001845,0.000470,0.002155,0.228041,0.187349,-9.805560,-0.112335,0.069090,0.019000,-1.712547,-0.000385,27.000000,0.013045,12.680272,-0.011729,0.228563,0.000000,0.078000,0.019000,10,0,1,33,33,-0.103646,0.078148,-0.262960,1.155869,0.659238,10.887836,2.999842,-0.000385,0.026972,7,1,0,0.000000,0,8.871168,0.000000,-0.635714,0,0.207715,0.000000,-0.054471,8.871168,0.207715,1,1,1,3.762772,0.000000,0.000000,0.000000,0.000000,0.000000,0.000000,0.000000
0.7101,12.676190,0.227796,-0.470012,0.000000,-0.673141,-0.032492,0,0.207715,218,0.231759,0.189086,12.676190,-0.031102,8.973466,-0.470012,12.676531,9.051292,-0.470012,0.227796,0.000000,0.012613,-0.579269,-58.243117,0.077826,0.023000,0.000746,0.002054,0.000133,0.000746,0.231759,0.189086,-9.805439,0.065274,0.019743,0.023000,-1.716420,-0.000834,27.000000,0.013045,12.676531,-0.031102,0.227796,0.000000,0.078000,0.023000,15,0,1,33,33,0.067144,0.006284,-0.447127,0.266477,0.141689,10.164273,2.995969,-0.000834,0.027371,7,1,0,0.000000,0,8.842493,0.000000,-0.673141,0,0.207715,0.000000,-0.032492,8.842493,0.207715,1,1,1,3.762561,0.000000,0.000000,0.000000,0.000000,0.000000,0.000000,0.000000
0.7201,12.672290,0.227796,-0.500922,0.000000,-0.680303,-0.040162,0,0.207715,227,0.230479,0.186031,12.672290,-0.035186,8.969670,-0.500922,12.673559,9.046520,-0.500922,0.227796,0.000000,0.012767,-0.579269,-58.243117,0.076850,0.009000,0.002469,0.001993,0.000550,0.002469,0.230479,0.186031,-9.805528,0.035904,0.013264,0.009000,-1.721203,-0.000406,27.000000,0.013045,12.673559,-0.035186,0.227796,0.000000,0.077000,0.009000,20,0,1,33,33,0.037250,0.002519,-0.491995,2.483676,-0.247762,9.271753,2.991186,-0.000406,0.027173,6,1,0,0.000000,0,8.815829,0.000000,-0.680303,0,0.207715,0.000000,-0.040162,8.815829,0.207715,1,1,1,3.762367,0.000000,0.000000,0.000000,0.000000,0.000000,0.000000,0.000000
0.7301,12.669109,0.227029,-0.444834,0.000000,-0.705217,-0.030958,0,0.207715,237,0.228487,0.185287,12.669109,-0.042412,8.966142,-0.444834,12.669724,9.042926,-0.444834,0.227029,0.000000,0.012864,-0.579269,-58.243117,0.076784,-0.009000,0.002314,0.001843,0.000097,0.002314,0.228487,0.185287,-9.805588,-0.002892,-0.003338,-0.009000,-1.725568,-0.000301,27.000000,0.013045,12.669724,-0.042412,0.227029,0.000000,0.077000,-0.009000,25,0,1,33,33,-0.003284,-0.008792,-0.453758,0.880310,0.227741,10.969454,2.986821,-0.000301,0.026948,7,1,0,0.000000,0,8.791916,0.000000,-0.705217,0,0.207715,0.000000,-0.030958,8.791916,0.207715,1,1,1,3.762173,0.000000,0.000000,0.000000,0.000000,0.000000,0.000000,0.000000
0.7401,12.663913,0.226193,-0.456237,-0.104720,-0.695415,-0.028590,0,0.207715,247,0.231773,0.188345,12.663913,-0.044401,8.961317,-0.456237,12.665218,9.038128,-0.456237,0.226193,-0.104720,0.012661,-0.579269,-58.243117,0.076811,-0.014000,0.002824,0.001848,0.000527,0.002824,0.231773,0.188345,-9.805453,0.002190,0.106062,-0.118720,-1.731190,-0.000756,27.000000,0.013045,12.665218,-0.044401,0.226262,-0.104720,0.077000,-0.014000,30,0,1,33,33,0.015779,0.097617,-0.576239,1.220487,0.565993,9.920327,2.981199,-0.000756,0.027334,6,1,0,0.000000,0,8.771001,0.000000,-0.695415,0,0.207715,0.000000,-0.028590,8.771001,0.207715,1,1,1,3.761963,0.000000,0.000000,0.000000,0.000000,0.000000,0.000000,0.000000
0.7501,12.658476,0.225416,-0.575157,-0.104720,-0.681203,-0.027629,0,0.207715,1,0.239526,0.187961,12.658476,-0.055711,8.955734,-0.575157,12.660041,9.032459,-0.575157,0.225416,-0.104720,0.012604,-0.579269,-58.243117,0.076725,-0.005000,0.002767,0.001854,-0.000037,0.002767,0.239526,0.187961,-9.805274,0.045942,0.065347,-0.109720,-1.737634,-0.000619,27.000000,0.013045,12.660041,-0.055711,0.225495,-0.104720,0.077000,-0.005000,35,0,1,33,33,0.054220,0.050024,-0.685562,-0.108008,-0.086838,9.290826,2.974755,-0.000619,0.028085,7,1,0,0.000000,0,8.753086,0.000000,-0.681203,0,0.207715,0.000000,-0.027629,8.753086,0.207715,1,1,1,3.761768,0.000000,0.000000,0.000000,0.000000,0.000000,0.000000,0.000000
0.7601,12.652239,0.224664,-0.697616,-0.104720,-0.658813,-0.026381,0,0.207715,11,0.242758,0.188663,12.652239,-0.064926,8.948213,-0.697616,12.654001,9.025883,-0.697616,0.224664,-0.104720,0.012689,-0.579269,-58.243117,0.077670,0.006000,0.002642,0.001844,0.000807,0.002642,0.242758,0.188663,-9.805181,-0.015276,0.038308,-0.098720,-1.744962,-0.000552,27.000000,0.013045,12.654001,-0.064926,0.224728,-0.104720,0.078000,0.006000,40,0,1,33,33,-0.009829,0.029946,-0.796780,-0.307336,-0.027553,9.903798,2.967427,-0.000552,0.028412,7,1,0,0.000000,0,8.738172,0.000000,-0.658813,0,0.207715,0.000000,-0.026381,8.738172,0.207715,1,1,1,3.761577,0.000000,0.000000,0.000000,0.000000,0.000000,0.000000,0.000000
0.7701,12.647200,0.223098,-0.717272,-0.209440,-0.633257,-0.015103,0,0.207715,21,0.241744,0.193768,12.647200,-0.069010,8.941090,-0.717272,12.647577,9.018788,-0.717272,0.223098,-0.209440,0.012778,-0.579269,-58.243117,0.077697,0.007000,0.000461,0.002013,0.001628,0.000461,0.241744,0.193768,-9.805107,-0.009450,-0.033169,-0.202440,-1.753612,-0.001038,27.000000,0.013045,12.647577,-0.069010,0.223194,-0.209440,0.078000,0.007000,45,0,1,33,33,-0.014057,-0.043243,-0.919234,0.054039,0.442709,9.784344,2.958777,-0.001038,0.028406,6,1,0,0.000000,0,8.726257,0.000000,-0.633257,0,0.207715,0.000000,-0.015103,8.726257,0.207715,1,1,1,3.761390,0.000000,0.000000,0.000000,0.000000,0.000000,0.000000,0.000000
0.7801,12.638103,0.221548,-0.757541,-0.209440,-0.596652,-0.012166,0,0.207715,31,0.235200,0.196880,12.638103,-0.079273,8.934171,-0.757541,12.640003,9.010839,-0.757541,0.221548,-0.209440,0.012734,-0.579269,-58.243117,0.076668,-0.002000,0.002530,0.001959,0.000395,0.002530,0.235200,0.196880,-9.805204,-0.024993,-0.043065,-0.211440,-1.763102,-0.001582,27.000000,0.013045,12.640003,-0.079273,0.221660,-0.209440,0.077000,-0.002000,50,0,1,33,33,-0.031140,-0.051188,-0.968407,0.257862,-0.766366,9.351228,2.949287,-0.001582,0.027803,6,1,0,0.000000,0,8.717342,0.000000,-0.596652,0,0.207715,0.000000,-0.012166,8.717342,0.207715,1,1,1,3.761197,0.000000,0.000000,0.000000,0.000000,0.000000,0.000000,0.000000
0.7901,12.629280,0.220069,-0.872608,-0.104720,-0.556658,-0.009922,0,0.207715,41,0.231191,0.200321,12.629280,-0.092572,8.925833,-0.872608,12.631373,9.002396,-0.872608,0.220069,-0.104720,0.012730,-0.579269,-58.243117,0.076562,-0.014000,0.002687,0.001847,0.000144,0.002687,0.231191,0.200321,-9.805229,-0.012880,0.004716,-0.118720,-1.773015,-0.002059,27.000000,0.013045,12.631373,-0.092572,0.220126,-0.104720,0.077000,-0.014000,55,0,1,33,33,-0.011983,-0.005945,-0.991332,0.791533,0.192727,9.925867,2.939374,-0.002059,0.027460,6,1,0,0.000000,0,8.711427,0.000000,-0.556658,0,0.207715,0.000000,-0.009922,8.711427,0.207715,1,1,1,3.761002,0.000000,0.000000,0.000000,0.000000,0.000000,0.000000,0.000000
0.8001,12.618688,0.220126,-0.996285,0.000000,-0.493740,-0.025392,0,0.207715,52,0.227606,0.203244,12.618688,-0.101683,8.914707,-0.996285,12.619293,8.992131,-0.996285,0.220126,0.000000,0.012692,-0.579269,-58.243117,0.077425,-0.011000,0.000609,0.001950,-0.000365,0.000609,0.227606,0.203244,-9.805253,0.004706,-0.035384,-0.011000,-1.783215,-0.002465,27.000000,0.013045,12.619293,-0.101683,0.220126,0.000000,0.078000,-0.011000,60,0,1,33,33,-0.001270,-0.048455,-1.006751,0.595283,-0.985622,10.086166,2.929174,-0.002465,0.027169,7,1,0,0.000000,0,8.708512,0.000000,-0.493740,0,0.207715,0.000000,-0.025392,8.708512,0.207715,1,1,1,3.760814,0.000000,0.000000,0.000000,0.000000,0.000000,0.000000,0.000000
0.8101,12.608485,0.220893,-1.023993,0.000000,-0.436298,-0.034026,0,0.207715,61,0.221810,0.207334,12.608485,-0.106814,8.903890,-1.023993,12.611048,8.981305,-1.023993,0.220893,0.000000,0.012743,-0.579269,-58.243117,0.077414,0.000000,0.002516,0.002004,0.000651,0.002516,0.221810,0.207334,-9.805300,-0.010271,-0.022444,0.000000,-1.793268,-0.002930,27.000000,0.013045,12.611048,-0.106814,0.220893,0.000000,0.078000,0.000000,65,0,1,33,33,-0.014099,-0.033306,-1.023652,0.640466,-0.361948,9.920196,2.919121,-0.002930,0.026695,7,1,0,0.000000,0,8.708597,0.000000,-0.436298,0,0.207715,0.000000,-0.034026,8.708597,0.207715,1,1,1,3.760628,0.000000,0.000000,0.000000,0.000000,0.000000,0.000000,0.000000
0.8201,12.597187,0.222427,-1.079446,0.000000,-0.364297,-0.044764,0,0.207715,71,0.213533,0.208090,12.597187,-0.114040,8.891782,-1.079446,12.600022,8.969297,-1.079446,0.222427,0.000000,0.012669,-0.579269,-58.243117,0.077514,0.012000,0.002642,0.001843,0.000139,0.002642,0.213533,0.208090,-9.805468,0.025675,-0.049339,0.012000,-1.803742,-0.003224,27.000000,0.013045,12.600022,-0.114040,0.222427,0.000000,0.078000,0.012000,70,0,1,33,33,0.015809,-0.066844,-1.066685,0.994017,-0.379586,9.814974,2.908647,-0.003224,0.025913,6,1,0,0.000000,0,8.711683,0.000000,-0.364297,0,0.207715,0.000000,-0.044764,8.711683,0.207715,1,1,1,3.760439,0.000000,0.000000,0.000000,0.000000,0.000000,0.000000,0.000000
0.8301,12.583956,0.223194,-1.192202,0.000000,-0.296886,-0.038628,0,0.207715,81,0.207930,0.207172,12.583956,-0.136555,8.879733,-1.192202,12.587175,8.957187,-1.192202,0.223194,0.000000,0.012512,-0.579269,-58.243117,0.077454,0.015000,0.002767,0.001979,0.000726,0.002767,0.207930,0.207172,-9.805608,0.005693,-0.002551,0.015000,-1.815085,-0.003396,27.000000,0.013045,12.587175,-0.136555,0.223194,0.000000,0.078000,0.015000,75,0,1,33,33,0.005052,-0.018388,-1.177064,1.463140,-0.607996,9.745991,2.897304,-0.003396,0.025347,6,1,0,0.000000,0,8.717768,0.000000,-0.296886,0,0.207715,0.000000,-0.038628,8.717768,0.207715,1,1,1,3.760251,0.000000,0.000000,0.000000,0.000000,0.000000,0.000000,0.000000
0.8401,12.569334,0.224728,-1.227453,0.000000,-0.213391,-0.049366,0,0.207715,91,0.203011,0.211444,12.569334,-0.150796,8.867877,-1.227453,12.572315,8.944151,-1.227453,0.224728,0.000000,0.012784,-0.579269,-58.243117,0.076275,0.006000,0.002442,0.001821,0.000382,0.002442,0.203011,0.211444,-9.805620,0.011076,0.022204,0.006000,-1.826586,-0.003621,27.000000,0.013045,12.572315,-0.150796,0.224728,0.000000,0.077000,0.006000,80,0,1,33,33,0.015689,0.003607,-1.221599,1.796221,-0.017096,9.924413,2.885803,-0.003621,0.024980,7,1,0,0.000000,0,8.726853,0.000000,-0.213391,0,0.207715,0.000000,-0.049366,8.726853,0.207715,1,1,1,3.760067,0.000000,0.000000,0.000000,0.000000,0.000000,0.000000,0.000000
0.8501,12.555566,0.225495,-1.350004,0.000000,-0.123930,-0.043230,0,0.207715,101,0.202752,0.212111,12.555566,-0.135507,8.854190,-1.350004,12.559180,8.930348,-1.350004,0.225495,0.000000,0.012735,-0.579269,-58.243117,0.076158,-0.005000,0.002535,0.001912,0.000975,0.002535,0.202752,0.212111,-9.805611,0.018963,0.060888,-0.005000,-1.839620,-0.003723,27.000000,0.013045,12.559180,-0.135507,0.225495,0.000000,0.077000,-0.005000,85,0,1,33,33,0.032691,0.037496,-1.355592,0.191721,-0.572199,9.889079,2.872769,-0.003723,0.024982,7,1,0,0.000000,0,8.738938,0.000000,-0.123930,0,0.207715,0.000000,-0.043230,8.738938,0.207715,1,1,1,3.759871,0.000000,0.000000,0.000000,0.000000,0.000000,0.000000,0.000000
0.8601,12.541623,0.226262,-1.507245,0.000000,-0.024379,-0.044764,0,0.207715,111,0.203752,0.214600,12.541623,-0.151844,8.839515,-1.507245,12.544895,8.915563,-1.507245,0.226262,0.000000,0.012923,-0.579269,-58.243117,0.076048,-0.008000,0.002212,0.001907,0.000383,0.002212,0.203752,0.214600,-9.805536,0.018044,0.052508,-0.008000,-1.853637,-0.003740,27.000000,0.013045,12.544895,-0.151844,0.226262,0.000000,0.077000,-0.008000,90,0,1,33,33,0.030520,0.026795,-1.515718,0.781930,-0.089541,9.549779,2.858752,-0.003740,0.025151,7,1,0,0.000000,0,8.754023,0.000000,-0.024379,0,0.207715,0.000000,-0.044764,8.754023,0.207715,1,1,1,3.759687,0.000000,0.000000,0.000000,0.000000,0.000000,0.000000,0.000000
0.8701,12.526108,0.225416,-1.539094,-0.104720,0.081557,-0.026935,0,0.207715,121,0.203582,0.211673,12.526108,-0.150796,8.823905,-1.539094,12.530321,8.899928,-1.539094,0.225416,-0.104720,0.012605,-0.579269,-58.243117,0.076023,-0.007000,0.002622,0.001990,0.000951,0.002622,0.203582,0.211673,-9.805603,0.010874,0.003150,-0.111720,-1.870117,-0.003793,27.000000,0.013045,12.530321,-0.150796,0.225495,-0.104720,0.077000,-0.007000,95,0,1,33,33,0.011319,-0.020623,-1.650685,0.055779,0.143108,10.039735,2.842272,-0.003793,0.025053,7,1,0,0.000000,0,8.772109,0.000000,0.081557,0,0.207715,0.000000,-0.026935,8.772109,0.207715,1,1,1,3.759489,0.000000,0.000000,0.000000,0.000000,0.000000,0.000000,0.000000
0.8801,12.518133,0.223865,-1.612473,-0.209440,0.182399,-0.016798,0,0.207715,132,0.203355,0.218848,12.518133,-0.095609,8.807553,-1.612473,12.518816,8.884510,-1.612473,0.223865,-0.209440,0.012780,-0.579269,-58.243117,0.076957,0.000000,0.000458,0.001841,0.001392,0.000458,0.203355,0.218848,-9.805450,-0.052072,0.061483,-0.209440,-1.887073,-0.004375,27.000000,0.013045,12.518816,-0.095609,0.223961,-0.209440,0.078000,0.000000,100,0,1,33,33,-0.033632,0.049927,-1.822700,-0.039150,-0.123618,9.950860,2.825316,-0.004375,0.025168,7,1,0,0.000000,0,8.793194,0.000000,0.182399,0,0.207715,0.000000,-0.016798,8.793194,0.207715,1,1,1,3.759317,0.000000,0.000000,0.000000,0.000000,0.000000,0.000000,0.000000
0.8901,12.511452,0.219689,-1.412390,-0.523599,0.292668,0.017821,0,0.207715,141,0.207579,0.225016,12.511452,-0.047543,8.791776,-1.412390,12.515557,8.868987,-1.412390,0.219689,-0.523599,0.012561,-0.579269,-58.243117,0.077211,0.005000,0.002770,0.002011,0.003022,0.002770,0.207579,0.225016,-9.805222,-0.041212,0.053670,-0.518599,-1.906750,-0.005219,27.000000,0.013045,12.515557,-0.047543,0.220126,-0.523599,0.078000,0.005000,105,0,1,33,33,-0.025114,0.038576,-1.931625,-0.567126,0.111359,9.483927,2.805639,-0.005219,0.025653,7,1,0,0.000000,0,8.817279,0.000000,0.292668,0,0.207715,0.000000,0.017821,8.817279,0.207715,1,1,1,3.759164,0.000000,0.000000,0.000000,0.000000,0.000000,0.000000,0.000000
0.9001,12.521882,0.215362,-1.505430,-0.523599,0.402540,0.027975,0,0.207715,151,0.209484,0.235880,12.521882,0.121161,8.776999,-1.505430,12.525336,8.853909,-1.505430,0.215362,-0.523599,0.012865,-0.579269,-58.243117,0.076910,0.004000,0.002311,0.001945,0.005567,0.002311,0.209484,0.235880,-9.804926,-0.063757,0.042297,-0.519599,-1.926135,-0.006066,27.000000,0.013045,12.525336,0.121161,0.215524,-0.523599,0.078000,0.004000,110,0,1,33,33,-0.050749,0.031202,-2.025598,-0.830171,-0.653369,10.222565,2.786254,-0.006066,0.026003,7,1,0,0.000000,0,8.844364,0.000000,0.402540,0,0.207715,0.000000,0.027975,8.844364,0.207715,1,1,1,3.759089,0.000000,0.000000,0.000000,0.000000,0.000000,0.000000,0.000000
0.9101,12.554291,0.209697,-1.373717,-0.628319,0.523328,0.052686,0,0.207715,161,0.212671,0.242313,12.554291,0.345156,8.761580,-1.373717,12.558030,8.838737,-1.373717,0.209697,-0.628319,0.012622,-0.579269,-58.243117,0.077157,0.005000,0.002731,0.001996,0.008039,0.002731,0.212671,0.242313,-9.804701,-0.035053,0.060589,-0.623319,-1.946946,-0.007030,27.000000,0.013045,12.558030,0.345156,0.210156,-0.628319,0.078000,0.005000,115,0,1,33,33,-0.020867,0.041604,-1.997720,-1.062226,-0.058295,10.036983,2.765443,-0.007030,0.026350,7,1,0,0.000000,0,8.874393,0.000000,0.523328,0,0.207715,0.000000,0.052686,8.874393,0.207715,1,1,1,3.759140,0.000000,0.000000,0.000000,0.000000,0.000000,0.000000,0.000000
0.9201,12.593832,0.198687,-1.127119,-1.256637,0.574200,0.128151,0,0.207715,171,0.226215,0.248674,12.593832,0.358456,8.752985,-1.127119,12.597050,8.829257,-1.127119,0.198687,-1.256637,0.012708,-0.579269,-58.243117,0.076272,0.006000,0.002591,0.001798,0.004688,0.002591,0.226215,0.248674,-9.804238,-0.026588,0.379509,-1.250637,-1.967408,-0.007597,27.000000,0.013045,12.597050,0.358456,0.199418,-1.256637,0.077000,0.006000,120,0,1,33,33,0.038466,0.348243,-2.382374,-4.625004,0.963963,9.183600,2.744981,-0.007597,0.027614,7,1,0,0.000000,0,8.906821,0.000000,0.574200,0,0.207715,0.000000,0.128151,8.906821,0.207715,1,1,1,3.766965,0.000000,0.000000,0.000000,0.000000,0.000000,0.000000,0.000000
0.9301,12.576165,0.185198,-0.715826,-1.361357,0.684679,0.179930,0,0.207715,181,0.248515,0.253803,12.576165,-0.186611,8.742926,-0.715826,12.577971,8.819157,-0.715826,0.185198,-1.361357,0.012869,-0.579269,-58.243117,0.076231,0.005000,0.002283,0.001870,-0.001951,0.002283,0.248515,0.253803,-9.803567,0.179765,-0.190407,-1.356357,-1.990965,-0.007903,27.000000,0.013045,12.577971,-0.186611,0.185612,-1.361357,0.077000,0.005000,125,0,1,33,33,0.143780,-0.245503,-2.069195,-3.166972,-1.249758,8.071275,2.721424,-0.007903,0.029669,7,1,0,0.000000,0,8.940850,0.000000,0.684679,0,0.207715,0.000000,0.179930,8.940850,0.207715,1,1,1,3.767272,0.000000,0.000000,0.000000,0.000000,0.000000,0.000000,0.000000
0.9401,12.564559,0.172851,-0.402796,-1.256637,0.729713,0.193196,0,0.207715,191,0.211142,0.303036,12.564559,-0.111945,8.736969,-0.402796,12.564741,8.813459,-0.402796,0.172851,-1.256637,0.019258,0.394393,30.395816,0.076490,0.011000,0.000389,0.001991,0.000981,0.000389,0.211142,0.303036,-9.803045,-0.073405,-0.132276,-1.245637,-2.009088,-0.007480,27.000000,0.019105,12.564741,-0.111945,0.173340,-1.256637,0.077000,0.011000,130,0,1,33,33,-0.095274,-0.149230,-1.645865,1.882939,-1.314716,12.016923,2.703301,-0.007480,0.026519,7,1,0,0.000000,0,8.975679,0.000000,0.729713,0,0.207715,0.000000,0.193196,8.975679,0.207715,1,1,1,3.767478,0.000000,0.000000,0.000000,0.000000,0.000000,0.000000,0.000000
0.9501,12.564851,0.162183,-0.183735,-1.151917,0.794524,0.197747,0,0.207715,201,0.223175,0.254686,12.564851,-0.000419,8.732336,-0.183735,12.565699,8.809116,-0.183735,0.162183,-1.151917,0.012876,-0.464226,-38.774265,0.076779,0.031000,0.002372,0.001993,0.000617,0.002372,0.223175,0.254686,-9.804154,0.002133,0.108841,-1.120917,-2.024031,-0.009078,27.000000,0.013045,12.565699,-0.000419,0.162602,-1.151917,0.077000,0.031000,135,0,1,33,33,0.019842,0.090231,-1.305922,-1.490619,0.168504,11.015168,2.688358,-0.009078,0.026648,7,1,0,0.000000,0,9.010509,0.000000,0.794524,0,0.207715,0.000000,0.197747,9.010509,0.207715,1,1,1,3.767690,0.000000,0.000000,0.000000,0.000000,0.000000,0.000000,0.000000
0.9601,12.561393,0.156068,-0.239220,-0.628319,0.868134,0.164441,0,0.207715,211,0.230549,0.242348,12.561393,-0.040317,8.727353,-0.239220,12.561960,8.804368,-0.239220,0.156068,-0.628319,0.012751,-0.464226,-38.774265,0.077014,0.001000,0.002633,0.001982,-0.000509,0.002633,0.230549,0.242348,-9.804296,0.191451,-0.014643,-0.627319,-2.034912,-0.008006,27.000000,0.013045,12.561960,-0.040317,0.156466,-0.628319,0.077000,0.001000,140,0,1,33,33,0.186625,-0.056198,-0.865893,-2.588873,1.268449,9.398534,2.677477,-0.008006,0.027060,7,1,0,0.000000,0,9.044540,0.000000,0.868134,0,0.207715,0.000000,0.164441,9.044540,0.207715,1,1,1,3.767914,0.000000,0.000000,0.000000,0.000000,0.000000,0.000000,0.000000
0.9701,12.557730,0.151011,-0.059312,-0.523599,0.889101,0.163981,0,0.207715,222,0.221430,0.287719,12.557730,-0.035186,8.725832,-0.059312,12.557742,8.802737,-0.059312,0.151011,-0.523599,0.019173,0.411728,32.946226,0.076904,-0.026000,0.000165,0.002002,-0.000311,0.000165,0.221430,0.287719,-9.803279,0.045849,0.029873,-0.549599,-2.041666,-0.006436,27.000000,0.019105,12.557742,-0.035186,0.151097,-0.523599,0.077000,-0.026000,145,0,1,33,33,0.050015,0.010526,-0.609225,-2.388250,0.219384,11.503188,2.670723,-0.006436,0.026731,6,1,0,0.000000,0,9.076972,0.000000,0.889101,0,0.207715,0.000000,0.163981,9.076972,0.207715,1,1,1,3.768118,0.000000,0.000000,0.000000,0.000000,0.000000,0.000000,0.000000
0.9801,12.557537,0.146365,0.182424,-0.418879,0.908215,0.169166,0,0.207715,231,0.221639,0.294692,12.557537,-0.018850,8.725666,0.182424,12.557454,8.802793,0.182424,0.146365,-0.418879,0.019234,0.411728,32.946226,0.077127,-0.024000,0.000312,0.002000,-0.000447,0.000312,0.221639,0.294692,-9.803068,-0.039261,-0.032172,-0.442879,-2.046238,-0.007200,27.000000,0.019105,12.557454,-0.018850,0.146495,-0.418879,0.077000,-0.024000,150,0,1,33,33,-0.043762,-0.030721,-0.259912,-0.818711,0.454024,8.826846,2.666151,-0.007200,0.026737,7,1,0,0.000000,0,9.107007,0.000000,0.908215,0,0.207715,0.000000,0.169166,9.107007,0.207715,1,1,1,3.768334,0.000000,0.000000,0.000000,0.000000,0.000000,0.000000,0.000000
0.9901,12.558187,0.144098,0.103235,-0.209440,0.926474,0.149903,0,0.207715,241,0.223346,0.297306,12.558187,0.001466,8.726176,0.103235,12.557646,8.803380,0.103235,0.144098,-0.209440,0.019295,0.411728,32.946226,0.077204,-0.001000,0.002600,0.001862,-0.000515,0.002600,0.223346,0.297306,-9.802950,-0.009641,0.097402,-0.210440,-2.047911,-0.007438,27.000000,0.019105,12.557646,0.001466,0.144194,-0.209440,0.077000,-0.001000,155,0,1,33,33,0.005246,0.095651,-0.109070,-1.932220,-0.021576,10.122921,2.664478,-0.007438,0.026887,7,1,0,0.000000,0,9.134098,0.000000,0.926474,0,0.207715,0.000000,0.149903,9.134098,0.207715,1,1,1,3.768548,0.000000,0.000000,0.000000,0.000000,0.000000,0.000000,0.000000
1.0001,12.558700,0.143362,0.230746,-0.104720,0.939086,0.136067,0,0.207715,251,0.229981,0.294593,12.558700,0.005550,8.726916,0.230746,12.557934,8.804334,0.230746,0.143362,-0.104720,0.019363,0.411728,32.946226,0.077418,0.022000,0.002619,0.001994,-0.000372,0.002619,0.229981,0.294593,-9.802878,0.030549,-0.064919,-0.082720,-2.047696,-0.007020,27.000000,0.019105,12.557934,0.005550,0.143427,-0.104720,0.077000,0.022000,160,0,1,33,33,0.020434,-0.065898,0.149330,-2.144768,0.552971,10.051992,2.664693,-0.007020,0.027498,6,1,0,0.000000,0,9.158189,0.000000,0.939086,0,0.207715,0.000000,0.136067,9.158189,0.207715,1,1,1,3.768760,0.000000,0.000000,0.000000,0.000000,0.000000,0.000000,0.000000
1.0101,12.559910,0.144194,0.377151,0.000000,0.935814,0.118716,0,0.207715,5,0.220383,0.296203,12.559910,0.010681,8.728922,0.377151,12.558988,8.806416,0.377151,0.144194,0.000000,0.019333,0.411728,32.946226,0.077494,0.014000,0.002715,0.001836,-0.000440,0.002715,0.220383,0.296203,-9.803050,-0.047115,-0.149881,0.014000,-2.044784,-0.007330,27.000000,0.019105,12.558988,0.010681,0.144194,0.000000,0.077000,0.014000,165,0,1,33,33,-0.069077,-0.133524,0.393806,-1.015059,0.255272,10.202864,2.667605,-0.007330,0.026575,7,1,0,0.000000,0,9.179280,0.000000,0.935814,0,0.207715,0.000000,0.118716,9.179280,0.207715,1,1,1,3.768966,0.000000,0.000000,0.000000,0.000000,0.000000,0.000000,0.000000
1.0201,12.561702,0.144961,0.531722,0.000000,0.915393,0.117838,0,0.207715,15,0.210878,0.301693,12.561702,0.014765,8.732872,0.531722,12.560235,8.810369,0.531722,0.144961,0.000000,0.019391,0.411728,32.946226,0.077497,-0.008000,0.002846,0.001847,-0.000696,0.002846,0.210878,0.301693,-9.803092,-0.052447,-0.072831,-0.008000,-2.040061,-0.007944,27.000000,0.019105,12.560235,0.014765,0.144961,0.000000,0.077000,-0.008000,170,0,1,33,33,-0.062718,-0.054031,0.524869,-0.651637,-0.017941,9.884530,2.672328,-0.007944,0.025717,7,1,0,0.000000,0,9.197372,0.000000,0.915393,0,0.207715,0.000000,0.117838,9.197372,0.207715,1,1,1,3.769168,0.000000,0.000000,0.000000,0.000000,0.000000,0.000000,0.000000
1.0301,12.563840,0.149063,0.445411,0.314159,0.925661,0.076290,0,0.207715,25,0.204317,0.303870,12.563840,0.023981,8.735427,0.445411,12.562440,8.812822,0.445411,0.149063,0.314159,0.019454,0.411728,32.946226,0.077395,-0.022000,0.002841,0.002000,-0.000838,0.002841,0.204317,0.303870,-9.803164,0.000737,-0.052322,0.292159,-2.033510,-0.008094,27.000000,0.019105,12.562440,0.023981,0.148796,0.314159,0.077000,-0.022000,175,0,1,33,33,-0.007173,-0.037475,0.738439,-0.011708,0.183205,9.886968,2.678879,-0.008094,0.025200,7,1,0,0.000000,0,9.212463,0.000000,0.925661,0,0.207715,0.000000,0.076290,9.212463,0.207715,1,1,1,3.769366,0.000000,0.000000,0.000000,0.000000,0.000000,0.000000,0.000000
1.0401,12.565720,0.151969,0.625066,0.209440,0.888302,0.082428,0,0.207715,35,0.205297,0.302570,12.565720,0.027018,8.739933,0.625066,12.564261,8.817495,0.625066,0.151969,0.209440,0.019311,0.411728,32.946226,0.077562,-0.016000,0.002446,0.001810,-0.000924,0.002446,0.205297,0.302570,-9.803183,-0.017382,0.009359,0.193440,-2.025930,-0.008018,27.000000,0.019105,12.564261,0.027018,0.151864,0.209440,0.077000,-0.016000,180,0,1,33,33,-0.015757,0.027696,0.818123,-1.078044,-0.976842,10.075596,2.686458,-0.008018,0.025359,7,1,0,0.000000,0,9.224554,0.000000,0.888302,0,0.207715,0.000000,0.082428,9.224554,0.207715,1,1,1,3.769549,0.000000,0.000000,0.000000,0.000000,0.000000,0.000000,0.000000
1.0501,12.571867,0.155092,0.636515,0.209440,0.859459,0.074016,0,0.207715,45,0.204264,0.300457,12.571867,0.050580,8.745196,0.636515,12.570301,8.822808,0.636515,0.155092,0.209440,0.019420,0.411728,32.946226,0.077611,0.005000,0.002740,0.001867,-0.000544,0.002740,0.204264,0.300457,-9.803270,0.058687,-0.036313,0.214440,-2.017504,-0.007633,27.000000,0.019105,12.570301,0.050580,0.154932,0.209440,0.077000,0.005000,185,0,1,33,33,0.052620,-0.028122,0.851662,0.589950,0.685717,10.265656,2.694884,-0.007633,0.025307,7,1,0,0.000000,0,9.233645,0.000000,0.859459,0,0.207715,0.000000,0.074016,9.233645,0.207715,1,1,1,3.769743,0.000000,0.000000,0.000000,0.000000,0.000000,0.000000,0.000000
1.0601,12.576606,0.158886,0.629171,0.314159,0.833350,0.059725,0,0.207715,55,0.203555,0.295581,12.576606,0.047543,8.750197,0.629171,12.575191,8.827926,0.629171,0.158886,0.314159,0.019286,0.479812,43.868207,0.077729,0.019000,0.002360,0.001872,-0.000270,0.002360,0.203555,0.295581,-9.803433,0.027114,-0.027437,0.333159,-2.008603,-0.007191,27.000000,0.019105,12.575191,0.047543,0.158767,0.314159,0.077000,0.019000,190,0,1,33,33,0.022751,-0.012586,0.962752,-0.767484,-0.323768,9.087036,2.703786,-0.007191,0.025259,7,1,0,0.000000,0,9.239736,0.000000,0.833350,0,0.207715,0.000000,0.059725,9.239736,0.207715,1,1,1,3.769924,0.000000,0.000000,0.000000,0.000000,0.000000,0.000000,0.000000
1.0701,12.581636,0.162048,0.658461,0.314159,0.777508,0.059708,0,0.207715,65,0.215141,0.230927,12.581636,0.052674,8.757051,0.658461,12.579889,8.834860,0.658461,0.162048,0.314159,0.012824,-0.326459,-17.860007,0.077809,0.013000,0.002682,0.001833,-0.000515,0.002682,0.215141,0.230927,-9.804922,-0.035431,0.044437,0.327159,-1.998484,-0.006875,27.000000,0.013045,12.579889,0.052674,0.161835,0.314159,0.077000,0.013000,195,0,1,33,33,-0.028551,0.061776,0.984909,0.073120,0.235774,9.504734,2.713905,-0.006875,0.025445,8,1,0,0.000000,0,9.242828,0.000000,0.777508,0,0.207715,0.000000,0.059708,9.242828,0.207715,1,1,1,3.770113,0.000000,0.000000,0.000000,0.000000,0.000000,0.000000,0.000000
1.0801,12.588260,0.164964,0.766752,0.209440,0.739858,0.056344,0,0.207715,76,0.220055,0.230581,12.588260,0.072047,8.763486,0.766752,12.588038,8.841291,0.766752,0.164964,0.209440,0.012924,-0.417015,-32.620235,0.077804,-0.004000,0.000291,0.002065,-0.000045,0.000291,0.220055,0.230581,-9.804821,0.017259,0.024455,0.205440,-1.989138,-0.006584,27.000000,0.013045,12.588038,0.072047,0.164903,0.209440,0.077000,-0.004000,200,0,1,33,33,0.020570,0.034307,0.971829,-0.231866,0.457202,10.147979,2.723251,-0.006584,0.025990,7,1,0,0.000000,0,9.242919,0.000000,0.739858,0,0.207715,0.000000,0.056344,9.242919,0.207715,1,1,1,3.770288,0.000000,0.000000,0.000000,0.000000,0.000000,0.000000,0.000000
1.0901,12.596487,0.167342,0.751136,0.209440,0.679431,0.056970,0,0.207715,85,0.216459,0.290729,12.596487,0.081263,8.771163,0.751136,12.594174,8.848701,0.751136,0.167342,0.209440,0.019423,0.484036,43.357455,0.077537,-0.015000,0.002669,0.001857,-0.000316,0.002669,0.216459,0.290729,-9.803302,-0.003192,0.048342,0.194440,-1.979382,-0.006133,27.000000,0.019105,12.594174,0.081263,0.167204,0.209440,0.077000,-0.015000,4,0,1,33,33,0.003451,0.066680,0.944458,-1.177516,-0.178303,9.681598,2.733007,-0.006133,0.026697,6,1,0,0.000000,0,9.240010,0.000000,0.679431,0,0.207715,0.000000,0.056970,9.240010,0.207715,1,1,1,3.770474,0.000000,0.000000,0.000000,0.000000,0.000000,0.000000,0.000000
1.1001,12.603918,0.167204,0.906593,0.000000,0.601655,0.082399,0,0.207715,95,0.223237,0.287722,12.603918,0.097599,8.780235,0.906593,12.603474,8.857925,0.906593,0.167204,0.000000,0.019343,0.484036,43.357455,0.077689,-0.013000,0.000491,0.002033,-0.001851,0.000491,0.223237,0.287722,-9.803238,-0.016654,0.022425,-0.013000,-1.970297,-0.005800,27.000000,0.019105,12.603474,0.097599,0.167204,0.000000,0.077000,-0.013000,9,0,1,33,33,-0.013615,0.041669,0.892954,-0.770310,0.818600,9.510042,2.742092,-0.005800,0.027324,6,1,0,0.000000,0,9.234154,0.000000,0.601655,0,0.207715,0.000000,0.082399,9.234154,0.207715,1,1,1,3.770654,0.000000,0.000000,0.000000,0.000000,0.000000,0.000000,0.000000
1.1101,12.616248,0.165537,1.115829,-0.209440,0.527147,0.101028,0,0.207715,105,0.228540,0.287576,12.616248,0.106814,8.790496,1.115829,12.613636,8.868433,1.115829,0.165537,-0.209440,0.019413,0.484036,43.357455,0.077937,0.001000,0.002630,0.001840,-0.000171,0.002630,0.228540,0.287576,-9.803120,-0.014162,-0.014209,-0.208440,-1.961454,-0.005672,27.000000,0.019105,12.613636,0.106814,0.165670,-0.209440,0.077000,0.001000,14,0,1,33,33,-0.015707,0.005136,0.907461,-1.014228,-0.256832,9.853183,2.750935,-0.005672,0.027813,7,1,0,0.000000,0,9.225886,0.000000,0.527147,0,0.207715,0.000000,0.101028,9.225886,0.207715,1,1,1,3.770838,0.000000,0.000000,0.000000,0.000000,0.000000,0.000000,0.000000
1.1201,12.626322,0.164845,1.073913,-0.104720,0.475312,0.092659,0,0.207715,115,0.233965,0.287200,12.626322,0.103777,8.800572,1.073913,12.623607,8.878518,1.073913,0.164845,-0.104720,0.019373,0.484036,43.357455,0.077946,0.012000,0.002543,0.001944,-0.000513,0.002543,0.233965,0.287200,-9.803003,-0.031298,0.024730,-0.092720,-1.952057,-0.005603,27.000000,0.019105,12.623607,0.103777,0.164903,-0.104720,0.077000,0.012000,19,0,1,33,33,-0.028537,0.046874,0.980469,-0.931407,0.595524,9.756527,2.760332,-0.005603,0.028335,7,1,0,0.000000,0,9.216005,0.000000,0.475312,0,0.207715,0.000000,0.092659,9.216005,0.207715,1,1,1,3.771021,0.000000,0.000000,0.000000,0.000000,0.000000,0.000000,0.000000
1.1301,12.638174,0.164074,1.212355,-0.104720,0.409150,0.094998,0,0.207715,125,0.237077,0.288360,12.638174,0.122208,8.811931,1.212355,12.635016,8.889976,1.212355,0.164074,-0.104720,0.019394,0.484036,43.357455,0.078045,0.011000,0.002616,0.002002,-0.000477,0.002616,0.237077,0.288360,-9.802895,-0.044138,-0.017182,-0.093720,-1.941366,-0.005669,27.000000,0.019105,12.635016,0.122208,0.164136,-0.104720,0.077000,0.011000,24,0,1,33,33,-0.045533,0.008654,1.118678,-1.664624,-0.256239,9.776202,2.771023,-0.005669,0.028648,7,1,0,0.000000,0,9.205311,0.000000,0.409150,0,0.207715,0.000000,0.094998,9.205311,0.207715,1,1,1,3.771203,0.000000,0.000000,0.000000,0.000000,0.000000,0.000000,0.000000
1.1401,12.648373,0.163289,1.296901,-0.104720,0.353986,0.096694,0,0.207715,135,0.238206,0.291543,12.648373,0.129329,8.824248,1.296901,12.647385,8.902325,1.296901,0.163289,-0.104720,0.019474,0.484036,43.357455,0.078077,-0.001000,0.000762,0.001993,-0.002544,0.000762,0.238206,0.291543,-9.802773,-0.054912,-0.017919,-0.105720,-1.929795,-0.005913,27.000000,0.019105,12.647385,0.129329,0.163369,-0.104720,0.077000,-0.001000,29,0,1,33,33,-0.056186,0.009797,1.191216,-0.727567,-0.218194,9.834617,2.782594,-0.005913,0.028795,7,1,0,0.000000,0,9.194602,0.000000,0.353986,0,0.207715,0.000000,0.096694,9.194602,0.207715,1,1,1,3.771386,0.000000,0.000000,0.000000,0.000000,0.000000,0.000000,0.000000
1.1501,12.663214,0.163369,1.350259,0.000000,0.312048,0.087895,0,0.207715,145,0.249344,0.223941,12.663214,0.126292,8.836991,1.350259,12.659466,8.915112,1.350259,0.163369,0.000000,0.012705,-0.396275,-29.542931,0.078121,-0.009000,0.002842,0.002020,-0.001261,0.002842,0.249344,0.223941,-9.804273,0.023173,-0.067490,-0.009000,-1.916904,-0.005692,27.000000,0.013045,12.659466,0.126292,0.163369,0.000000,0.077000,-0.009000,34,0,1,33,33,0.018635,-0.051836,1.342026,-0.572195,-0.652406,10.155747,2.795485,-0.005692,0.028796,7,1,0,0.000000,0,9.184681,0.000000,0.312048,0,0.207715,0.000000,0.087895,9.184681,0.207715,1,1,1,3.771569,0.000000,0.000000,0.000000,0.000000,0.000000,0.000000,0.000000
1.1601,12.676084,0.163369,1.444330,0.000000,0.275996,0.088692,0,0.207715,155,0.248913,0.219275,12.676084,0.135507,8.850521,1.444330,12.672313,8.928705,1.444330,0.163369,0.000000,0.012782,-0.413510,-32.377589,0.078184,-0.008000,0.002634,0.002002,-0.001136,0.002634,0.248913,0.219275,-9.804390,0.015402,-0.019372,-0.008000,-1.903326,-0.005152,27.000000,0.013045,12.672313,0.135507,0.163369,0.000000,0.077000,-0.008000,39,0,1,33,33,0.014341,-0.001810,1.436471,-0.754461,-0.706340,9.867975,2.809063,-0.005152,0.028675,7,1,0,0.000000,0,9.176345,0.000000,0.275996,0,0.207715,0.000000,0.088692,9.176345,0.207715,1,1,1,3.771746,0.000000,0.000000,0.000000,0.000000,0.000000,0.000000,0.000000
1.1701,12.690587,0.164136,1.540550,0.000000,0.260268,0.079488,0,0.207715,165,0.240091,0.277877,12.690587,0.151844,8.864260,1.540550,12.687077,8.942338,1.540550,0.164136,0.000000,0.019245,0.443481,36.470636,0.078078,0.001000,0.002305,0.002021,-0.001029,0.002305,0.240091,0.277877,-9.803124,-0.002614,-0.003104,0.001000,-1.888962,-0.004711,27.000000,0.019105,12.687077,0.151844,0.164136,0.000000,0.077000,0.001000,44,0,1,33,33,-0.002736,0.026669,1.541322,-0.070593,0.425286,9.640532,2.823427,-0.004711,0.028778,6,1,0,0.000000,0,9.170394,0.000000,0.260268,0,0.207715,0.000000,0.079488,9.170394,0.207715,1,1,1,3.771923,0.000000,0.000000,0.000000,0.000000,0.000000,0.000000,0.000000
1.1801,12.705689,0.164903,1.627766,0.000000,0.228415,0.077954,0,0.207715,175,0.243217,0.274551,12.705689,0.151844,8.879808,1.627766,12.701362,8.958122,1.627766,0.164903,0.000000,0.019407,0.438101,35.651914,0.078314,0.007000,0.002691,0.002003,-0.001452,0.002691,0.243217,0.274551,-9.803141,0.002235,-0.025479,0.007000,-1.872424,-0.004140,27.000000,0.019105,12.701362,0.151844,0.164903,0.000000,0.077000,0.007000,49,0,1,33,33,0.001583,0.006201,1.634954,-0.744819,-0.669030,9.944921,2.839965,-0.004140,0.029055,7,1,0,0.000000,0,9.167203,0.000000,0.228415,0,0.207715,0.000000,0.077954,9.167203,0.207715,1,1,1,3.772111,0.000000,0.000000,0.000000,0.000000,0.000000,0.000000,0.000000
1.1901,12.720317,0.166437,1.670250,0.000000,0.231068,0.067216,0,0.207715,185,0.246027,0.270211,12.720317,0.158965,8.894305,1.670250,12.716320,8.972636,1.670250,0.166437,0.000000,0.019271,0.438101,35.651914,0.078331,0.004000,0.002391,0.001839,-0.000937,0.002391,0.246027,0.270211,-9.803191,-0.019909,0.009449,0.004000,-1.856383,-0.003748,27.000000,0.019105,12.716320,0.158965,0.166437,0.000000,0.077000,0.004000,54,0,1,33,33,-0.019790,0.041958,1.673753,-0.307347,0.179628,10.164281,2.856006,-0.003748,0.029300,7,1,0,0.000000,0,9.166126,0.000000,0.231068,0,0.207715,0.000000,0.067216,9.166126,0.207715,1,1,1,3.772279,0.000000,0.000000,0.000000,0.000000,0.000000,0.000000,0.000000
1.2001,12.736068,0.167971,1.696050,0.000000,0.196380,0.064149,0,0.207715,195,0.260505,0.207190,12.736068,0.158965,8.910382,1.696050,12.731468,8.988756,1.696050,0.167971,0.000000,0.012731,-0.424447,-34.004635,0.078374,-0.001000,0.002752,0.001841,-0.000637,0.002752,0.260505,0.207190,-9.804352,-0.030433,0.003022,-0.001000,-1.838701,-0.003659,27.000000,0.013045,12.731468,0.158965,0.167971,0.000000,0.077000,-0.001000,59,0,1,33,33,-0.030438,0.024548,1.694875,-1.070210,-0.696123,9.800879,2.873688,-0.003659,0.029717,7,1,0,0.000000,0,9.166363,0.000000,0.196380,0,0.207715,0.000000,0.064149,9.166363,0.207715,1,1,1,3.772459,0.000000,0.000000,0.000000,0.000000,0.000000,0.000000,0.000000
1.2101,12.751292,0.167971,1.717656,0.000000,0.165027,0.079488,0,0.207715,205,0.263721,0.206549,12.751292,0.165143,8.926986,1.717656,12.747096,9.005357,1.717656,0.167971,0.000000,0.012863,-0.423638,-33.856624,0.078371,-0.006000,0.002426,0.002007,-0.001152,0.002426,0.263721,0.206549,-9.804279,-0.011486,-0.016682,-0.006000,-1.822105,-0.003407,27.000000,0.013045,12.747096,0.165143,0.167971,0.000000,0.077000,-0.006000,64,0,1,33,33,-0.011201,0.005144,1.711731,-0.858632,-0.899168,9.990385,2.890284,-0.003407,0.030029,7,1,0,0.000000,0,9.167115,0.000000,0.165027,0,0.207715,0.000000,0.079488,9.167115,0.207715,1,1,1,3.772624,0.000000,0.000000,0.000000,0.000000,0.000000,0.000000,0.000000
1.2201,12.769085,0.168738,1.774276,0.000000,0.121499,0.070284,0,0.207715,215,0.266441,0.198126,12.769085,0.177395,8.944249,1.774276,12.764065,9.022658,1.774276,0.168738,0.000000,0.012686,-0.423638,-33.856624,0.078408,-0.005000,0.002841,0.002002,-0.000218,0.002841,0.266441,0.198126,-9.804379,0.035148,-0.019138,-0.005000,-1.804055,-0.002668,27.000000,0.013045,12.764065,0.177395,0.168738,0.000000,0.077000,-0.005000,69,0,1,33,33,0.035778,0.004513,1.769361,-0.001776,0.181560,10.020944,2.908334,-0.002668,0.030171,7,1,0,0.000000,0,9.167581,0.000000,0.121499,0,0.207715,0.000000,0.070284,9.167581,0.207715,1,1,1,3.772800,0.000000,0.000000,0.000000,0.000000,0.000000,0.000000,0.000000
1.2301,12.784835,0.168738,1.801864,0.000000,0.073503,0.077954,0,0.207715,225,0.260227,0.256371,12.784835,0.173311,8.961662,1.801864,12.780268,9.040067,1.801864,0.168738,0.000000,0.019342,0.442497,36.415648,0.078405,0.000000,0.002535,0.002000,-0.001108,0.002535,0.260227,0.256371,-9.803196,0.003478,-0.005390,0.000000,-1.786688,-0.001977,27.000000,0.019105,12.780268,0.173311,0.168738,0.000000,0.077000,0.000000,74,0,1,33,33,0.003742,0.029639,1.801628,-0.937665,-0.435993,9.650454,2.925701,-0.001977,0.030544,7,1,0,0.000000,0,9.166961,0.000000,0.073503,0,0.207715,0.000000,0.077954,9.166961,0.207715,1,1,1,3.772965,0.000000,0.000000,0.000000,0.000000,0.000000,0.000000,0.000000
1.2401,12.803296,0.169505,1.834989,0.000000,0.006627,0.068750,0,0.207715,236,0.275100,0.188780,12.803296,0.186611,8.979689,1.834989,12.801744,9.058158,1.834989,0.169505,0.000000,0.012719,-0.385537,-27.545872,0.078470,0.003000,0.000847,0.001998,0.000189,0.000847,0.275100,0.188780,-9.804325,-0.017451,0.002628,0.003000,-1.767814,-0.001525,27.000000,0.013045,12.801744,0.186611,0.169505,0.000000,0.077000,0.003000,79,0,1,33,33,-0.017589,0.024822,1.837822,-0.559011,0.560305,9.526726,2.944575,-0.001525,0.030892,7,1,0,0.000000,0,9.164456,0.000000,0.006627,0,0.207715,0.000000,0.068750,9.164456,0.207715,1,1,1,3.773136,0.000000,0.000000,0.000000,0.000000,0.000000,0.000000,0.000000
1.2501,12.818166,0.169505,1.888297,0.000000,-0.066319,0.076420,0,0.207715,246,0.277334,0.186950,12.818166,0.167237,8.997742,1.888297,12.817179,9.076240,1.888297,0.169505,0.000000,0.012827,-0.418415,-33.081550,0.078499,0.002000,0.000521,0.001993,-0.000956,0.000521,0.277334,0.186950,-9.804297,-0.033586,-0.038143,0.002000,-1.749740,-0.001195,27.000000,0.013045,12.817179,0.167237,0.169505,0.000000,0.077000,0.002000,84,0,1,33,33,-0.030337,-0.016525,1.890664,-0.877404,-0.872495,10.153337,2.962649,-0.001195,0.031085,7,1,0,0.000000,0,9.159295,0.000000,-0.066319,0,0.207715,0.000000,0.076420,9.159295,0.207715,1,1,1,3.773295,0.000000,0.000000,0.000000,0.000000,0.000000,0.000000,0.000000
1.2601,12.830728,0.171039,1.979953,0.000000,-0.136037,0.058013,0,0.207715,255,0.275262,0.186400,12.830728,0.122208,9.014717,1.979953,12.826287,9.093266,1.979953,0.171039,0.000000,0.012936,-0.424252,-33.947076,0.078549,0.000000,0.002267,0.001994,-0.002721,0.002267,0.275262,0.186400,-9.804366,-0.042326,-0.035292,0.000000,-1.731186,-0.001019,27.000000,0.013045,12.826287,0.122208,0.171039,0.000000,0.077000,0.000000,89,0,1,33,33,-0.038853,-0.013467,1.980293,0.496803,-0.473941,9.689286,2.981203,-0.001019,0.030889,7,1,0,0.000000,0,9.151142,0.000000,-0.136037,0,0.207715,0.000000,0.058013,9.151142,0.207715,1,1,1,3.773437,0.000000,0.000000,0.000000,0.000000,0.000000,0.000000,0.000000
1.2701,12.835376,0.173498,1.875427,0.209440,-0.243281,0.043844,0,0.207715,9,0.272479,0.181997,12.835376,0.030159,9.033590,1.875427,12.829835,9.112033,1.875427,0.173498,0.209440,0.012725,-0.424252,-33.947076,0.078443,-0.003000,0.002851,0.001875,-0.003897,0.002851,0.272479,0.181997,-9.804526,-0.027395,-0.058159,0.206440,-1.709968,-0.000761,27.000000,0.013045,12.829835,0.030159,0.173340,0.209440,0.077000,-0.003000,94,0,1,33,33,-0.021724,-0.034011,2.082468,0.087806,-1.058030,9.731004,3.002421,-0.000761,0.030566,7,1,0,0.000000,0,9.139990,0.000000,-0.243281,0,0.207715,0.000000,0.043844,9.139990,0.207715,1,1,1,3.773552,0.000000,0.000000,0.000000,0.000000,0.000000,0.000000,0.000000
1.2801,12.828246,0.178151,1.741192,0.418879,-0.307922,0.012597,0,0.207715,19,0.269283,0.179247,12.828246,-0.078226,9.049781,1.741192,12.823891,9.128200,1.741192,0.178151,0.418879,0.012833,-0.424252,-33.947076,0.078419,-0.007000,0.002485,0.001845,-0.003368,0.002485,0.269283,0.179247,-9.804665,-0.019781,-0.026815,0.411879,-1.689162,-0.000292,27.000000,0.013045,12.823891,-0.078226,0.177942,0.418879,0.077000,-0.007000,99,0,1,33,33,-0.017469,-0.000744,2.153258,0.747156,-0.792297,9.925510,3.023227,-0.000292,0.030258,7,1,0,0.000000,0,9.125837,0.000000,-0.307922,0,0.207715,0.000000,0.012597,9.125837,0.207715,1,1,1,3.773593,0.000000,0.000000,0.000000,0.000000,0.000000,0.000000,0.000000
1.2901,12.791945,0.184531,1.672889,0.523599,-0.402982,-0.017424,0,0.207715,29,0.269814,0.173298,12.791945,-0.330810,9.066001,1.672889,12.787171,9.144235,1.672889,0.184531,0.523599,0.012678,-0.424252,-33.947076,0.078234,-0.009000,0.002855,0.001833,-0.009194,0.002855,0.269814,0.173298,-9.804757,0.020191,-0.018981,0.514599,-1.666763,0.000353,27.000000,0.013045,12.787171,-0.330810,0.184078,0.523599,0.077000,-0.009000,104,0,1,33,33,0.020953,0.009598,2.187542,0.113023,0.247260,10.126953,3.045626,0.000353,0.030283,7,1,0,0.000000,0,9.108684,0.000000,-0.402982,0,0.207715,0.000000,-0.017424,9.108684,0.207715,1,1,1,3.773503,0.000000,0.000000,0.000000,0.000000,0.000000,0.000000,0.000000
1.3001,12.763807,0.197014,1.224487,1.361357,-0.437215,-0.103435,0,0.207715,39,0.248701,0.173947,12.763807,-0.125245,9.075477,1.224487,12.763107,9.154725,1.224487,0.197014,1.361357,0.012838,-0.424252,-33.947076,0.079248,-0.005000,0.000488,0.001994,-0.002836,0.000488,0.248701,0.173947,-9.805304,-0.057724,-0.334675,1.356357,-1.643797,0.000406,27.000000,0.013045,12.763107,-0.125245,0.196350,1.361357,0.078000,-0.005000,109,0,1,33,33,-0.057583,-0.301540,2.584928,6.203892,-4.415522,7.739307,3.068591,0.000406,0.028336,7,1,0,0.000000,0,9.088665,0.000000,-0.437215,0,0.207715,0.000000,-0.103435,9.088665,0.207715,1,1,1,3.763518,0.000000,0.000000,0.000000,0.000000,0.000000,0.000000,0.000000
1.3101,12.787826,0.211110,1.149710,1.151917,-0.546533,-0.147746,0,0.207715,49,0.231598,0.165166,12.787826,0.195826,9.088196,1.149710,12.784582,9.167041,1.149710,0.211110,1.151917,0.012693,-0.424252,-33.947076,0.078845,0.000000,0.002843,0.001994,-0.000405,0.002843,0.231598,0.165166,-9.805875,-0.184973,0.121282,1.151917,-1.617409,0.001173,27.000000,0.013045,12.784582,0.195826,0.210156,1.151917,0.078000,0.000000,114,0,1,33,33,-0.186218,0.148567,2.299927,2.019053,0.158355,11.218329,3.094980,0.001173,0.026615,7,1,0,0.000000,0,9.066447,0.000000,-0.546533,0,0.207715,0.000000,-0.147746,9.066447,0.207715,1,1,1,3.763285,0.000000,0.000000,0.000000,0.000000,0.000000,0.000000,0.000000
1.3201,12.796793,0.223147,0.622600,1.151917,-0.565243,-0.151238,0,0.207715,59,0.244425,0.175007,12.796793,0.091525,9.095177,0.622600,12.795033,9.173762,0.622600,0.223147,1.151917,0.012780,-0.424252,-33.947076,0.078585,-0.009000,0.002625,0.001999,-0.001370,0.002625,0.244425,0.175007,-9.805393,0.026694,-0.084494,1.142917,-1.598636,0.000891,27.000000,0.013045,12.795033,0.091525,0.222427,1.151917,0.078000,-0.009000,119,0,1,33,33,0.027308,-0.061728,1.766451,0.633097,-2.113477,8.486167,3.113753,0.000891,0.028250,7,1,0,0.000000,0,9.042829,0.000000,-0.565243,0,0.207715,0.000000,-0.151238,9.042829,0.207715,1,1,1,3.763081,0.000000,0.000000,0.000000,0.000000,0.000000,0.000000,0.000000
1.3301,12.795952,0.234291,0.265328,1.151917,-0.600252,-0.164585,0,0.207715,69,0.238734,0.156811,12.795952,0.017802,9.099091,0.265328,12.795224,9.177744,0.265328,0.234291,1.151917,0.012913,-0.424252,-33.947076,0.078653,-0.024000,0.002304,0.001984,-0.000481,0.002304,0.238734,0.156811,-9.805841,0.081205,-0.125548,1.127917,-1.583563,0.003009,27.000000,0.013045,12.795224,0.017802,0.233932,1.151917,0.078000,-0.024000,124,0,1,33,33,0.080613,-0.107928,1.394756,3.242352,-0.761091,9.831744,3.128826,0.003009,0.027385,7,1,0,0.000000,0,9.018612,0.000000,-0.600252,0,0.207715,0.000000,-0.164585,9.018612,0.207715,1,1,1,3.762871,0.000000,0.000000,0.000000,0.000000,0.000000,0.000000,0.000000
1.3401,12.800439,0.243573,0.270340,0.733038,-0.640932,-0.164540,0,0.207715,79,0.234954,0.148611,12.800439,0.050580,9.102252,0.270340,12.799922,9.180617,0.270340,0.243573,0.733038,0.012792,-0.424252,-33.947076,0.078365,0.004000,0.002513,0.001928,-0.000047,0.002513,0.234954,0.148611,-9.806060,-0.069763,0.067068,0.737038,-1.571427,0.003862,27.000000,0.013045,12.799922,0.050580,0.243136,0.733038,0.078000,0.004000,129,0,1,33,33,-0.069123,0.080608,1.006430,2.818322,-0.275797,9.233408,3.140962,0.003862,0.026900,7,1,0,0.000000,0,8.994596,0.000000,-0.640932,0,0.207715,0.000000,-0.164540,8.994596,0.207715,1,1,1,3.762649,0.000000,0.000000,0.000000,0.000000,0.000000,0.000000,0.000000
1.3501,12.803818,0.248744,0.091954,0.523599,-0.680913,-0.133760,0,0.207715,89,0.240076,0.158053,12.803818,0.030159,9.104997,0.091954,12.803470,9.183341,0.091954,0.248744,0.523599,0.012852,-0.424252,-33.947076,0.078344,0.020000,0.002451,0.001961,-0.000288,0.002451,0.240076,0.158053,-9.805788,-0.065442,0.044600,0.543599,-1.563515,0.003256,27.000000,0.013045,12.803470,0.030159,0.248505,0.523599,0.078000,0.020000,134,0,1,33,33,-0.064934,0.053500,0.634917,1.052388,-1.061889,9.310493,-3.134312,0.003256,0.027689,7,1,0,0.000000,0,8.971581,0.000000,-0.680913,0,0.207715,0.000000,-0.133760,8.971581,0.207715,1,1,1,3.762438,0.000000,0.000000,0.000000,0.000000,0.000000,0.000000,0.000000
1.3601,12.804289,0.252584,-0.096966,0.314159,-0.681633,-0.128140,0,0.207715,99,0.242170,0.153658,12.804289,0.013718,9.105546,-0.096966,12.804428,9.183636,-0.096966,0.252584,0.314159,0.012716,-0.424252,-33.947076,0.078090,0.011000,0.002759,0.002017,0.000164,0.002759,0.242170,0.153658,-9.805807,0.057260,-0.036858,0.325159,-1.559389,0.003714,27.000000,0.013045,12.804428,0.013718,0.252340,0.314159,0.078000,0.011000,139,0,1,33,33,0.056713,-0.034789,0.228654,1.930537,0.470536,10.714175,-3.130186,0.003714,0.027821,7,1,0,0.000000,0,8.950367,0.000000,-0.681633,0,0.207715,0.000000,-0.128140,8.950367,0.207715,1,1,1,3.762218,0.000000,0.000000,0.000000,0.000000,0.000000,0.000000,0.000000
1.3701,12.804036,0.254807,-0.264159,0.314159,-0.675755,-0.116417,0,0.207715,109,0.238764,0.150301,12.804036,0.001466,9.104492,-0.264159,12.804620,9.182441,-0.264159,0.254807,0.314159,0.012821,-0.424252,-33.947076,0.077949,-0.003000,0.002531,0.002000,0.000265,0.002531,0.238764,0.150301,-9.805942,0.018721,-0.028503,0.311159,-1.558372,0.004124,27.000000,0.013045,12.804620,0.001466,0.254641,0.314159,0.078000,-0.003000,144,0,1,33,33,0.018230,-0.028215,0.047366,2.792468,-0.165999,10.411657,-3.129168,0.004124,0.027418,7,1,0,0.000000,0,8.931737,0.000000,-0.675755,0,0.207715,0.000000,-0.116417,8.931737,0.207715,1,1,1,3.762014,0.000000,0.000000,0.000000,0.000000,0.000000,0.000000,0.000000
1.3801,12.803537,0.255408,-0.231466,0.000000,-0.670833,-0.101394,0,0.207715,119,0.240257,0.153840,12.803537,-0.004503,9.103000,-0.231466,12.804046,9.180913,-0.231466,0.255408,0.000000,0.012666,-0.424252,-33.947076,0.077912,-0.011000,0.002895,0.001999,0.000009,0.002895,0.240257,0.153840,-9.805851,-0.069026,0.090516,-0.011000,-1.559287,0.003675,27.000000,0.013045,12.804046,-0.004503,0.255408,0.000000,0.078000,-0.011000,149,0,1,33,33,-0.078037,0.094807,-0.224346,1.594431,0.203782,9.840368,-3.129939,0.003718,0.027619,6,1,0,0.000000,0,8.916090,0.000000,-0.670833,0,0.207715,0.000000,-0.101394,8.916090,0.207715,1,1,1,3.761801,0.000000,0.000000,0.000000,0.000000,0.000000,0.000000,0.000000
1.3901,12.801953,0.253713,-0.293777,-0.209440,-0.655267,-0.075045,0,0.207715,129,0.249466,0.159786,12.801953,-0.012776,9.100866,-0.293777,12.802894,9.178734,-0.293777,0.253713,-0.209440,0.012719,-0.424252,-33.947076,0.077868,-0.001000,0.002772,0.001804,0.000453,0.002772,0.249466,0.159786,-9.805526,0.011508,0.118285,-0.210440,-1.563150,0.003330,27.000000,0.013045,12.802894,-0.012776,0.253874,-0.209440,0.078000,-0.001000,154,0,1,33,33,0.013651,0.111634,-0.505678,0.489076,-0.642155,10.146971,-3.133946,0.003330,0.028708,7,1,0,0.000000,0,8.903443,0.000000,-0.655267,0,0.207715,0.000000,-0.075045,8.903443,0.207715,1,1,1,3.761603,0.000000,0.000000,0.000000,0.000000,0.000000,0.000000,0.000000
1.4001,12.800924,0.252215,-0.527399,-0.209440,-0.610730,-0.074021,0,0.207715,139,0.258082,0.159762,12.800924,-0.017802,9.096236,-0.527399,12.801169,9.173966,-0.527399,0.252215,-0.209440,0.012792,-0.424252,-33.947076,0.077730,0.010000,0.000596,0.002038,0.000790,0.000596,0.258082,0.159762,-9.805303,0.050487,0.088575,-0.199440,-1.569421,0.003581,27.000000,0.013045,12.801169,-0.017802,0.252340,-0.209440,0.078000,0.010000,159,0,1,33,33,0.052044,0.078365,-0.727901,0.906270,-0.070822,9.588329,-3.140217,0.003581,0.029544,7,1,0,0.000000,0,8.893663,0.000000,-0.610730,0,0.207715,0.000000,-0.074021,8.893663,0.207715,1,1,1,3.761410,0.000000,0.000000,0.000000,0.000000,0.000000,0.000000,0.000000
1.4101,12.798063,0.246786,-0.359761,-0.523599,-0.622525,-0.023851,0,0.207715,149,0.265203,0.160637,12.798063,-0.025028,9.093729,-0.359761,12.798868,9.171545,-0.359761,0.246786,-0.523599,0.012895,-0.424252,-33.947076,0.077816,0.015000,0.002347,0.001893,0.000405,0.002347,0.265203,0.160637,-9.805099,-0.010797,0.061188,-0.508599,-1.577272,0.003615,27.000000,0.013045,12.798868,-0.025028,0.246971,-0.523599,0.078000,0.015000,164,0,1,33,33,-0.009872,0.050142,-0.869078,-0.635187,0.445874,9.496814,3.135117,0.003615,0.030220,6,1,0,0.000000,0,8.886081,0.000000,-0.622525,0,0.207715,0.000000,-0.023851,8.886081,0.207715,1,1,1,3.761225,0.000000,0.000000,0.000000,0.000000,0.000000,0.000000,0.000000
1.4201,12.794573,0.241350,-0.358433,-0.628319,-0.592785,-0.012904,0,0.207715,159,0.264204,0.165287,12.794573,-0.037280,9.089757,-0.358433,12.795416,9.167451,-0.358433,0.241350,-0.628319,0.012872,-0.429251,-34.720481,0.077695,0.005000,0.002390,0.001987,-0.000056,0.002390,0.264204,0.165287,-9.805049,-0.058414,-0.037097,-0.623319,-1.586785,0.002943,27.000000,0.013045,12.795416,-0.037280,0.241602,-0.628319,0.078000,0.005000,169,0,1,33,33,-0.058896,-0.048960,-0.981203,1.042949,-0.591690,9.956430,3.125604,0.002943,0.030183,7,1,0,0.000000,0,8.880167,0.000000,-0.592785,0,0.207715,0.000000,-0.012904,8.880167,0.207715,1,1,1,3.761037,0.000000,0.000000,0.000000,0.000000,0.000000,0.000000,0.000000
1.4301,12.790489,0.236691,-0.328286,-0.628319,-0.558928,-0.011367,0,0.207715,169,0.263008,0.171071,12.790489,-0.042412,9.085714,-0.328286,12.791294,9.162434,-0.328286,0.236691,-0.628319,0.012834,-0.429251,-34.720481,0.076720,-0.011000,0.002456,0.001847,0.000112,0.002456,0.263008,0.171071,-9.804981,-0.007929,0.016761,-0.639319,-1.596441,0.002162,27.000000,0.013045,12.791294,-0.042412,0.237000,-0.628319,0.077000,-0.011000,174,0,1,33,33,-0.007718,0.004440,-0.967741,0.313364,0.136395,9.819715,3.115948,0.002162,0.030156,7,1,0,0.000000,0,8.876453,0.000000,-0.558928,0,0.207715,0.000000,-0.011367,8.876453,0.207715,1,1,1,3.760848,0.000000,0.000000,0.000000,0.000000,0.000000,0.000000,0.000000
1.4401,12.786022,0.232179,-0.458217,-0.523599,-0.518026,-0.003808,0,0.207715,179,0.261271,0.174533,12.786022,-0.054664,9.079463,-0.458217,12.786212,9.157093,-0.458217,0.232179,-0.523599,0.012865,-0.429251,-34.720481,0.077630,-0.016000,0.000418,0.002020,0.000965,0.000418,0.261271,0.174533,-9.804967,0.002927,0.002783,-0.539599,-1.606284,0.001674,27.000000,0.013045,12.786212,-0.054664,0.232398,-0.523599,0.078000,-0.016000,179,0,1,33,33,0.002961,-0.010091,-0.997769,-0.103055,-1.248076,9.623695,3.106105,0.001674,0.030017,7,1,0,0.000000,0,8.875606,0.000000,-0.518026,0,0.207715,0.000000,-0.003808,8.875606,0.207715,1,1,1,3.760667,0.000000,0.000000,0.000000,0.000000,0.000000,0.000000,0.000000
1.4501,12.778281,0.229140,-0.534978,-0.418879,-0.456057,-0.012455,0,0.207715,189,0.259035,0.176584,12.778281,-0.065973,9.072716,-0.534978,12.779885,9.150336,-0.534978,0.229140,-0.418879,0.012850,-0.429251,-34.720481,0.077620,-0.006000,0.002479,0.001835,0.000292,0.002479,0.259035,0.176584,-9.804989,-0.005281,-0.015482,-0.424879,-1.616072,0.001312,27.000000,0.013045,12.779885,-0.065973,0.229330,-0.418879,0.078000,-0.006000,184,0,1,33,33,-0.005547,-0.027721,-0.959580,0.783359,-0.359515,9.728905,3.096317,0.001312,0.029808,7,1,0,0.000000,0,8.877759,0.000000,-0.456057,0,0.207715,0.000000,-0.012455,8.877759,0.207715,1,1,1,3.760484,0.000000,0.000000,0.000000,0.000000,0.000000,0.000000,0.000000
1.4601,12.771278,0.227687,-0.707890,-0.209440,-0.389527,-0.025421,0,0.207715,199,0.254584,0.176809,12.771278,-0.072047,9.064913,-0.707890,12.773078,9.142520,-0.707890,0.227687,-0.209440,0.012822,-0.429251,-34.720481,0.077607,0.008000,0.002512,0.001864,0.000448,0.002512,0.254584,0.176809,-9.805102,0.027522,-0.043819,-0.201440,-1.625337,0.001116,27.000000,0.013045,12.773078,-0.072047,0.227796,-0.209440,0.078000,0.008000,189,0,1,33,33,0.026517,-0.056090,-0.908685,0.201370,-0.431357,10.101050,3.087052,0.001116,0.029354,7,1,0,0.000000,0,8.882912,0.000000,-0.389527,0,0.207715,0.000000,-0.025421,8.882912,0.207715,1,1,1,3.760302,0.000000,0.000000,0.000000,0.000000,0.000000,0.000000,0.000000
1.4701,12.762077,0.226985,-0.832651,-0.104720,-0.319746,-0.031515,0,0.207715,209,0.249198,0.176315,12.762077,-0.093515,9.056507,-0.832651,12.764065,9.134051,-0.832651,0.226985,-0.104720,0.012863,-0.429251,-34.720481,0.077544,0.014000,0.002407,0.001812,0.000146,0.002407,0.249198,0.176315,-9.805249,0.024568,-0.006928,-0.090720,-1.634511,0.001062,27.000000,0.013045,12.764065,-0.093515,0.227029,-0.104720,0.078000,0.014000,194,0,1,33,33,0.024339,-0.019570,-0.923195,0.859938,-0.293954,9.844459,3.077878,0.001062,0.028800,7,1,0,0.000000,0,8.891065,0.000000,-0.319746,0,0.207715,0.000000,-0.031515,8.891065,0.207715,1,1,1,3.760125,0.000000,0.000000,0.000000,0.000000,0.000000,0.000000,0.000000
1.4801,12.752700,0.227029,-0.965373,0.000000,-0.237374,-0.039071,0,0.207715,219,0.244880,0.176681,12.752700,-0.096656,9.047035,-0.965373,12.755149,9.124488,-0.965373,0.227029,0.000000,0.012850,-0.429251,-34.720481,0.077452,0.005000,0.002542,0.001849,0.000161,0.002542,0.244880,0.176681,-9.805351,0.004506,-0.036576,0.005000,-1.644028,0.000915,27.000000,0.013045,12.755149,-0.096656,0.227029,0.000000,0.078000,0.005000,199,0,1,33,33,0.003014,-0.049066,-0.959822,1.212066,-0.164038,9.405754,3.068361,0.000915,0.028379,7,1,0,0.000000,0,8.902219,0.000000,-0.237374,0,0.207715,0.000000,-0.039071,8.902219,0.207715,1,1,1,3.759943,0.000000,0.000000,0.000000,0.000000,0.000000,0.000000,0.000000
1.4901,12.742985,0.227796,-1.012234,0.000000,-0.147163,-0.047832,0,0.207715,229,0.240924,0.177679,12.742985,-0.100740,9.036461,-1.012234,12.745562,9.113853,-1.012234,0.227796,0.000000,0.012809,-0.429251,-34.720481,0.077392,-0.003000,0.002597,0.001850,0.000391,0.002597,0.240924,0.177679,-9.805431,0.012099,-0.011191,-0.003000,-1.653892,0.000706,27.000000,0.013045,12.745562,-0.100740,0.227796,0.000000,0.078000,-0.003000,3,0,1,33,33,0.011510,-0.024798,-1.015000,0.583638,-0.646835,9.754599,3.058497,0.000706,0.028019,7,1,0,0.000000,0,8.916365,0.000000,-0.147163,0,0.207715,0.000000,-0.047832,8.916365,0.207715,1,1,1,3.759766,0.000000,0.000000,0.000000,0.000000,0.000000,0.000000,0.000000
1.5001,12.731242,0.228563,-1.084981,0.000000,-0.053591,-0.049366,0,0.207715,239,0.237057,0.177819,12.731242,-0.121161,9.025128,-1.084981,12.733865,9.102458,-1.084981,0.228563,0.000000,0.012848,-0.429251,-34.720481,0.077330,-0.007000,0.002451,0.001942,0.000416,0.002451,0.237057,0.177819,-9.805523,0.037643,-0.007295,-0.007000,-1.664521,0.000663,27.000000,0.013045,12.733865,-0.121161,0.228563,0.000000,0.078000,-0.007000,8,0,1,33,33,0.037102,-0.023704,-1.091767,1.211647,0.440386,10.024334,3.047868,0.000663,0.027647,7,1,0,0.000000,0,8.933419,0.000000,-0.053591,0,0.207715,0.000000,-0.049366,8.933419,0.207715,1,1,1,3.759588,0.000000,0.000000,0.000000,0.000000,0.000000,0.000000,0.000000
1.5101,12.718446,0.229330,-1.183571,0.000000,0.051514,-0.050900,0,0.207715,249,0.233427,0.177146,12.718446,-0.122208,9.012763,-1.183571,12.721689,9.090039,-1.183571,0.229330,0.000000,0.012707,-0.429251,-34.720481,0.077276,-0.002000,0.002779,0.001843,0.000568,0.002779,0.233427,0.177146,-9.805622,0.011164,0.004094,-0.002000,-1.676171,0.000526,27.000000,0.013045,12.721689,-0.122208,0.229330,0.000000,0.078000,-0.002000,13,0,1,33,33,0.011447,-0.011845,-1.185516,0.917928,-0.503815,9.804105,3.036218,0.000526,0.027280,7,1,0,0.000000,0,8.953466,0.000000,0.051514,0,0.207715,0.000000,-0.050900,8.953466,0.207715,1,1,1,3.759403,0.000000,0.000000,0.000000,0.000000,0.000000,0.000000,0.000000
1.5201,12.708261,0.229330,-1.336645,0.000000,0.154668,-0.043230,0,0.207715,3,0.233428,0.181063,12.708261,-0.097599,9.000125,-1.336645,12.711910,9.077308,-1.336645,0.229330,0.000000,0.012690,-0.429251,-34.720481,0.077183,0.001000,0.002828,0.002001,0.001457,0.002828,0.233428,0.181063,-9.805551,-0.017561,0.061315,0.001000,-1.688892,0.000120,27.000000,0.013045,12.711910,-0.097599,0.229330,0.000000,0.078000,0.001000,18,0,1,33,33,-0.012139,0.045660,-1.336332,0.694066,0.577510,9.738263,3.023497,0.000120,0.027371,7,1,0,0.000000,0,8.976386,0.000000,0.154668,0,0.207715,0.000000,-0.043230,8.976386,0.207715,1,1,1,3.759224,0.000000,0.000000,0.000000,0.000000,0.000000,0.000000,0.000000
1.5301,12.705185,0.228463,-1.273143,-0.209440,0.253164,-0.032820,0,0.207715,13,0.236895,0.187973,12.705185,-0.022934,8.987373,-1.273143,12.708554,9.064565,-1.273143,0.228463,-0.209440,0.012839,-0.429251,-34.720481,0.077192,0.002000,0.002480,0.001997,0.003092,0.002480,0.236895,0.187973,-9.805338,-0.007664,0.068359,-0.207440,-1.702489,-0.000361,27.000000,0.013045,12.708554,-0.022934,0.228563,-0.209440,0.078000,0.002000,23,0,1,33,33,-0.001513,0.049756,-1.481343,-0.183022,0.066601,10.029241,3.009900,-0.000361,0.027864,7,1,0,0.000000,0,9.001560,0.000000,0.253164,0,0.207715,0.000000,-0.032820,9.001560,0.207715,1,1,1,3.759079,0.000000,0.000000,0.000000,0.000000,0.000000,0.000000,0.000000
1.5401,12.715845,0.225443,-1.307187,-0.314159,0.342160,-0.005262,0,0.207715,23,0.240375,0.196144,12.715845,0.108909,8.975436,-1.307187,12.718621,9.052483,-1.307187,0.225443,-0.314159,0.012974,-0.429251,-34.720481,0.077047,0.000000,0.002167,0.001848,0.004668,0.002167,0.240375,0.196144,-9.805093,-0.043243,0.069483,-0.314159,-1.717572,-0.001043,27.000000,0.013045,12.718621,0.108909,0.225495,-0.314159,0.078000,0.000000,28,0,1,33,33,-0.037844,0.051523,-1.622151,-0.851240,-0.437597,9.784479,2.994817,-0.001043,0.028356,7,1,0,0.000000,0,9.028492,0.000000,0.342160,0,0.207715,0.000000,-0.005262,9.028492,0.207715,1,1,1,3.758986,0.000000,0.000000,0.000000,0.000000,0.000000,0.000000,0.000000
1.5501,12.746278,0.220495,-1.074370,-0.628319,0.452286,0.023921,0,0.207715,33,0.243170,0.203725,12.746278,0.305258,8.962665,-1.074370,12.747096,9.040010,-1.074370,0.220495,-0.628319,0.012773,-0.429251,-34.720481,0.077346,0.002000,0.000634,0.002017,0.002541,0.000634,0.243170,0.203725,-9.804869,-0.050804,0.055157,-0.626319,-1.734965,-0.002076,27.000000,0.013045,12.747096,0.305258,0.220893,-0.628319,0.078000,0.002000,33,0,1,33,33,-0.048524,0.035446,-1.701280,-0.671436,-0.109093,9.519926,2.977424,-0.002076,0.028734,7,1,0,0.000000,0,9.057709,0.000000,0.452286,0,0.207715,0.000000,0.023921,9.057709,0.207715,1,1,1,3.759003,0.000000,0.000000,0.000000,0.000000,0.000000,0.000000,0.000000
1.5601,12.786948,0.212244,-1.114162,-0.837758,0.523023,0.073457,0,0.207715,43,0.249926,0.210910,12.786948,0.432074,8.953967,-1.114162,12.789472,9.031173,-1.114162,0.212244,-0.837758,0.012936,-0.429251,-34.720481,0.077205,0.006000,0.002241,0.001993,0.007652,0.002241,0.249926,0.210910,-9.804548,0.019351,0.234946,-0.831758,-1.752034,-0.002720,27.000000,0.013045,12.789472,0.432074,0.212457,-0.837758,0.078000,0.006000,38,0,1,33,33,0.017393,0.209908,-1.948799,-2.416287,-0.903894,10.305149,2.960355,-0.002720,0.029438,6,1,0,0.000000,0,9.089507,0.000000,0.523023,0,0.207715,0.000000,0.073457,9.089507,0.207715,1,1,1,3.761889,0.000000,0.000000,0.000000,0.000000,0.000000,0.000000,0.000000
1.5701,12.788621,0.196045,-0.713086,-1.466077,0.601660,0.185335,0,0.207715,53,0.285147,0.215410,12.788621,0.009634,8.946778,-0.713086,12.789088,9.024540,-0.713086,0.196045,-1.466077,0.012731,-0.429251,-34.720481,0.077762,0.007000,0.000731,0.002055,0.001380,0.000731,0.285147,0.215410,-9.803489,0.027658,0.145869,-1.459077,-1.774828,-0.003152,27.000000,0.013045,12.789088,0.009634,0.197117,-1.466077,0.078000,0.007000,43,0,1,33,33,0.023826,0.118878,-2.173852,-4.551015,-2.051941,7.918757,2.937561,-0.003152,0.032793,7,1,0,0.000000,0,9.123290,0.000000,0.601660,0,0.207715,0.000000,0.185335,9.123290,0.207715,1,1,1,3.766933,0.000000,0.000000,0.000000,0.000000,0.000000,0.000000,0.000000
1.5801,12.767304,0.185016,-0.425469,-1.151917,0.691643,0.155685,0,0.207715,61,0.254779,0.267809,12.767304,-0.128282,8.941605,-0.425469,12.768380,9.018422,-0.425469,0.185016,-1.151917,0.019363,0.497923,45.750347,0.076817,0.008000,0.002504,0.001848,0.000100,0.002504,0.254779,0.267809,-9.803034,0.008590,-0.186056,-1.143917,-1.792036,-0.002704,27.000000,0.019105,12.768380,-0.128282,0.185612,-1.151917,0.077000,0.008000,48,0,1,33,33,0.011551,-0.216246,-1.565493,0.733222,-3.093811,8.887909,2.920353,-0.002704,0.030555,6,1,0,0.000000,0,9.158350,0.000000,0.691643,0,0.207715,0.000000,0.155685,9.158350,0.207715,1,1,1,3.767151,0.000000,0.000000,0.000000,0.000000,0.000000,0.000000,0.000000
1.5901,12.769198,0.173106,-0.128076,-1.151917,0.734549,0.188318,0,0.207715,71,0.263709,0.215762,12.769198,0.006597,8.938926,-0.128076,12.769338,9.016150,-0.128076,0.173106,-1.151917,0.012712,-0.383265,-27.132158,0.077224,0.027000,0.000869,0.002002,0.000329,0.000869,0.263709,0.215762,-9.804081,-0.063830,0.130698,-1.124917,-1.806150,-0.004330,27.000000,0.013045,12.769338,0.006597,0.174107,-1.151917,0.077000,0.027000,53,0,1,33,33,-0.067686,0.112806,-1.254529,-0.164289,-1.503960,7.879266,2.906239,-0.004330,0.030273,7,1,0,0.000000,0,9.193969,0.000000,0.734549,0,0.207715,0.000000,0.188318,9.193969,0.207715,1,1,1,3.767361,0.000000,0.000000,0.000000,0.000000,0.000000,0.000000,0.000000
1.6001,12.768196,0.165053,-0.104991,-0.733038,0.806652,0.165852,0,0.207715,79,0.267062,0.212188,12.768196,-0.014765,8.936692,-0.104991,12.768188,9.013961,-0.104991,0.165053,-0.733038,0.012722,-0.383265,-27.132158,0.077269,0.008000,0.002819,0.001878,-0.001080,0.002819,0.267062,0.212188,-9.804068,0.180930,-0.042131,-0.725038,-1.816396,-0.004147,27.000000,0.013045,12.768188,-0.014765,0.165670,-0.733038,0.077000,0.008000,58,0,1,33,33,0.182356,-0.046008,-0.829511,-2.144334,1.031205,10.822433,2.895993,-0.004147,0.030412,6,1,0,0.000000,0,9.229364,0.000000,0.806652,0,0.207715,0.000000,0.165852,9.229364,0.207715,1,1,1,3.767572,0.000000,0.000000,0.000000,0.000000,0.000000,0.000000,0.000000
1.6101,12.766033,0.160625,0.085564,-0.628319,0.869767,0.138469,0,0.207715,89,0.258462,0.263038,12.766033,-0.022934,8.934602,0.085564,12.765887,9.011753,0.085564,0.160625,-0.628319,0.019489,0.543188,53.130339,0.077151,-0.019000,0.002679,0.001824,-0.000105,0.002679,0.258462,0.263038,-9.803066,0.102246,0.023440,-0.647319,-1.823097,-0.002777,27.000000,0.019105,12.765887,-0.022934,0.161068,-0.628319,0.077000,-0.019000,63,0,1,33,33,0.101254,0.016460,-0.562182,-1.956342,0.292508,8.690497,2.889292,-0.002777,0.030301,6,1,0,0.000000,0,9.263737,0.000000,0.869767,0,0.207715,0.000000,0.138469,9.263737,0.207715,1,1,1,3.767780,0.000000,0.000000,0.000000,0.000000,0.000000,0.000000,0.000000
1.6201,12.766220,0.156185,0.280948,-0.523599,0.889516,0.147454,0,0.207715,99,0.258257,0.262524,12.766220,-0.000419,8.934953,0.280948,12.765599,9.012173,0.280948,0.156185,-0.523599,0.019397,0.543188,53.130339,0.077219,-0.022000,0.002539,0.002003,-0.000328,0.002539,0.258257,0.262524,-9.803085,-0.112905,-0.016545,-0.545599,-1.827112,-0.002954,27.000000,0.019105,12.765599,-0.000419,0.156466,-0.523599,0.077000,-0.022000,68,0,1,33,33,-0.112075,-0.026586,-0.264185,-1.783137,-0.032388,8.677775,2.885277,-0.002954,0.030173,6,1,0,0.000000,0,9.296286,0.000000,0.889516,0,0.207715,0.000000,0.147454,9.296286,0.207715,1,1,1,3.767988,0.000000,0.000000,0.000000,0.000000,0.000000,0.000000,0.000000
1.6301,12.766137,0.153221,0.156502,-0.209440,0.908477,0.138634,0,0.207715,109,0.254275,0.267659,12.766137,0.002513,8.936536,0.156502,12.765983,9.013764,0.156502,0.153221,-0.209440,0.019566,0.543188,53.130339,0.077228,-0.004000,0.000848,0.002001,-0.000541,0.000848,0.254275,0.267659,-9.803051,0.011653,-0.002770,-0.213440,-1.828476,-0.003454,27.000000,0.019105,12.765983,0.002513,0.153398,-0.209440,0.077000,-0.004000,73,0,1,33,33,0.011769,-0.003338,-0.056883,-0.872604,0.165503,9.733104,2.883913,-0.003454,0.029785,7,1,0,0.000000,0,9.326231,0.000000,0.908477,0,0.207715,0.000000,0.138634,9.326231,0.207715,1,1,1,3.768200,0.000000,0.000000,0.000000,0.000000,0.000000,0.000000,0.000000
1.6401,12.766727,0.152631,0.122523,0.000000,0.938585,0.116062,0,0.207715,119,0.260528,0.263767,12.766727,0.004503,8.937298,0.122523,12.766270,9.014586,0.122523,0.152631,0.000000,0.019402,0.557901,55.197010,0.077288,0.015000,0.002534,0.001847,-0.000459,0.002534,0.260528,0.263767,-9.802992,0.063183,0.001370,0.015000,-1.828246,-0.003146,27.000000,0.019105,12.766270,0.004503,0.152631,0.000000,0.077000,0.015000,78,0,1,33,33,0.063046,0.007050,0.137412,-1.439369,0.459363,9.142321,2.884143,-0.003146,0.030341,7,1,0,0.000000,0,9.353191,0.000000,0.938585,0,0.207715,0.000000,0.116062,9.353191,0.207715,1,1,1,3.768397,0.000000,0.000000,0.000000,0.000000,0.000000,0.000000,0.000000
1.6501,12.768290,0.152631,0.347184,0.000000,0.933047,0.110168,0,0.207715,129,0.255974,0.259830,12.768290,0.008692,8.939799,0.347184,12.767517,9.017226,0.347184,0.152631,0.000000,0.019362,0.557901,55.197010,0.077427,0.011000,0.002462,0.002006,-0.000359,0.002462,0.255974,0.259830,-9.803217,-0.046430,-0.101452,0.011000,-1.825618,-0.002859,27.000000,0.019105,12.767517,0.008692,0.152631,0.000000,0.077000,0.011000,83,0,1,33,33,-0.041375,-0.096662,0.360123,-1.244913,0.266242,10.078408,2.886771,-0.002859,0.029821,7,1,0,0.000000,0,9.377150,0.000000,0.933047,0,0.207715,0.000000,0.110168,9.377150,0.207715,1,1,1,3.768597,0.000000,0.000000,0.000000,0.000000,0.000000,0.000000,0.000000
1.6601,12.769910,0.154248,0.402937,0.104720,0.936686,0.090772,0,0.207715,139,0.245841,0.266810,12.769910,0.013718,8.942777,0.402937,12.768859,9.020115,0.402937,0.154248,0.104720,0.019544,0.557901,55.197010,0.077338,-0.008000,0.002768,0.002018,-0.000521,0.002768,0.245841,0.266810,-9.803289,-0.070970,-0.079344,0.096720,-1.821103,-0.003491,27.000000,0.019105,12.768859,0.013718,0.154165,0.104720,0.077000,-0.008000,88,0,1,33,33,-0.066974,-0.072964,0.501178,-0.215075,0.467581,9.305898,2.891286,-0.003491,0.028945,6,1,0,0.000000,0,9.398110,0.000000,0.936686,0,0.207715,0.000000,0.090772,9.398110,0.207715,1,1,1,3.768799,0.000000,0.000000,0.000000,0.000000,0.000000,0.000000,0.000000
1.6701,12.771664,0.156659,0.352192,0.314159,0.931448,0.077996,0,0.207715,150,0.240179,0.267607,12.771664,0.029112,8.946153,0.352192,12.771448,9.023453,0.352192,0.156659,0.314159,0.019420,0.512325,47.322417,0.077300,-0.018000,0.000614,0.002008,-0.001288,0.000614,0.240179,0.267607,-9.803408,-0.015457,-0.037508,0.296159,-1.815351,-0.003715,27.000000,0.019105,12.771448,0.029112,0.156466,0.314159,0.077000,-0.018000,93,0,1,33,33,-0.013616,-0.025618,0.648971,-0.497582,-0.342729,9.862226,2.897038,-0.003715,0.028443,6,1,0,0.000000,0,9.416069,0.000000,0.931448,0,0.207715,0.000000,0.077996,9.416069,0.207715,1,1,1,3.768985,0.000000,0.000000,0.000000,0.000000,0.000000,0.000000,0.000000
1.6801,12.775422,0.159681,0.393552,0.314159,0.920172,0.065845,0,0.207715,160,0.249299,0.204657,12.775422,0.035186,8.949680,0.393552,12.775187,9.027168,0.393552,0.159681,0.314159,0.012842,-0.432422,-36.166299,0.077488,-0.011000,0.000469,0.001992,-0.000317,0.000469,0.249299,0.204657,-9.804696,-0.006550,0.014321,0.303159,-1.808589,-0.003720,27.000000,0.013045,12.775187,0.035186,0.159534,0.314159,0.077000,-0.011000,98,0,1,33,33,-0.007249,0.022926,0.696474,-0.323346,-1.048808,9.740399,2.903799,-0.003720,0.028411,7,1,0,0.000000,0,9.431029,0.000000,0.920172,0,0.207715,0.000000,0.065845,9.431029,0.207715,1,1,1,3.769171,0.000000,0.000000,0.000000,0.000000,0.000000,0.000000,0.000000
1.6901,12.779202,0.161900,0.532163,0.209440,0.892129,0.069439,0,0.207715,169,0.251180,0.203250,12.779202,0.038327,8.953541,0.532163,12.777967,9.032093,0.532163,0.161900,0.209440,0.012910,-0.432422,-36.166299,0.078552,0.006000,0.002327,0.001838,-0.000657,0.002327,0.251180,0.203250,-9.804677,0.022628,-0.001295,0.215440,-1.801451,-0.003416,27.000000,0.013045,12.777967,0.038327,0.161835,0.209440,0.078000,0.006000,103,0,1,33,33,0.022665,0.009510,0.747542,-0.396255,0.408815,9.410464,2.910938,-0.003416,0.028613,6,1,0,0.000000,0,9.442988,0.000000,0.892129,0,0.207715,0.000000,0.069439,9.442988,0.207715,1,1,1,3.769357,0.000000,0.000000,0.000000,0.000000,0.000000,0.000000,0.000000
1.7001,12.784931,0.164935,0.575045,0.209440,0.874113,0.055211,0,0.207715,179,0.250653,0.201059,12.784931,0.059795,8.958046,0.575045,12.783720,9.036692,0.575045,0.164935,0.209440,0.012978,-0.432422,-36.166299,0.078646,0.020000,0.002155,0.001860,-0.000630,0.002155,0.250653,0.201059,-9.804736,0.008308,-0.030004,0.229440,-1.793826,-0.003050,27.000000,0.013045,12.783720,0.059795,0.164903,0.209440,0.078000,0.020000,108,0,1,33,33,0.009904,-0.019073,0.804800,-0.209652,-0.648675,9.868909,2.918563,-0.003050,0.028573,6,1,0,0.000000,0,9.451948,0.000000,0.874113,0,0.207715,0.000000,0.055211,9.451948,0.207715,1,1,1,3.769544,0.000000,0.000000,0.000000,0.000000,0.000000,0.000000,0.000000
1.7101,12.790909,0.166437,0.805537,0.000000,0.816110,0.067539,0,0.207715,189,0.253752,0.196491,12.790909,0.057701,8.966088,0.805537,12.788609,9.043852,0.805537,0.166437,0.000000,0.012708,-0.385768,-28.163133,0.077764,0.013000,0.002866,0.001838,-0.001097,0.002866,0.253752,0.196491,-9.804749,0.013226,0.020917,0.013000,-1.785169,-0.002766,27.000000,0.013045,12.788609,0.057701,0.166437,0.000000,0.077000,0.013000,113,0,1,33,33,0.011989,0.032050,0.818196,-0.404675,0.592037,10.063088,2.927220,-0.002766,0.028832,7,1,0,0.000000,0,9.457907,0.000000,0.816110,0,0.207715,0.000000,0.067539,9.457907,0.207715,1,1,1,3.769743,0.000000,0.000000,0.000000,0.000000,0.000000,0.000000,0.000000
1.7201,12.797351,0.167971,0.814654,0.000000,0.786263,0.064149,0,0.207715,199,0.256955,0.192980,12.797351,0.066916,8.972590,0.814654,12.795320,9.050299,0.814654,0.167971,0.000000,0.012643,-0.485515,-44.314906,0.077709,-0.005000,0.002803,0.001865,-0.000156,0.002803,0.256955,0.192980,-9.804735,0.025201,0.005429,-0.005000,-1.777196,-0.002378,27.000000,0.013045,12.795320,0.066916,0.167971,0.000000,0.077000,-0.005000,118,0,1,33,33,0.024809,0.017241,0.809500,-0.527133,-0.160007,9.777909,2.935193,-0.002378,0.029118,7,1,0,0.000000,0,9.460867,0.000000,0.786263,0,0.207715,0.000000,0.064149,9.460867,0.207715,1,1,1,3.769924,0.000000,0.000000,0.000000,0.000000,0.000000,0.000000,0.000000
1.7301,12.805329,0.167971,0.850038,0.000000,0.723331,0.079488,0,0.207715,209,0.252266,0.255662,12.805329,0.079273,8.980747,0.850038,12.803086,9.058409,0.850038,0.167971,0.000000,0.019426,0.457263,39.005208,0.077661,-0.016000,0.002705,0.001844,-0.000390,0.002705,0.252266,0.255662,-9.803423,-0.002919,0.030850,-0.016000,-1.769119,-0.001979,27.000000,0.019105,12.803086,0.079273,0.167971,0.000000,0.077000,-0.016000,123,0,1,33,33,-0.005099,0.046761,0.833287,-0.909614,-0.207198,9.710193,2.943270,-0.001979,0.029715,7,1,0,0.000000,0,9.460826,0.000000,0.723331,0,0.207715,0.000000,0.079488,9.460826,0.207715,1,1,1,3.770102,0.000000,0.000000,0.000000,0.000000,0.000000,0.000000,0.000000
1.7401,12.813419,0.167971,0.886701,0.000000,0.666792,0.079488,0,0.207715,219,0.256144,0.252424,12.813419,0.087441,8.989257,0.886701,12.811139,9.066872,0.886701,0.167971,0.000000,0.019393,0.457263,39.005208,0.077615,-0.013000,0.002619,0.001851,-0.000543,0.002619,0.256144,0.252424,-9.803406,0.014232,0.000432,-0.013000,-1.760662,-0.001621,27.000000,0.019105,12.811139,0.087441,0.167971,0.000000,0.077000,-0.013000,128,0,1,33,33,0.014154,0.018497,0.873506,-0.576835,0.667497,10.140297,2.951727,-0.001621,0.030049,6,1,0,0.000000,0,9.457785,0.000000,0.666792,0,0.207715,0.000000,0.079488,9.457785,0.207715,1,1,1,3.770279,0.000000,0.000000,0.000000,0.000000,0.000000,0.000000,0.000000
1.7501,12.823198,0.167156,0.996377,-0.104720,0.593157,0.089270,0,0.207715,229,0.261050,0.249960,12.823198,0.100740,8.997843,0.996377,12.820727,9.076554,0.996377,0.167156,-0.104720,0.019338,0.506912,46.772950,0.078711,0.000000,0.002466,0.001914,-0.000889,0.002466,0.261050,0.249960,-9.803340,-0.012929,0.032152,-0.104720,-1.751799,-0.001370,27.000000,0.019105,12.820727,0.100740,0.167204,-0.104720,0.078000,0.000000,133,0,1,33,33,-0.015757,0.048102,0.890894,-1.407463,-0.185749,9.499535,2.960590,-0.001370,0.030484,6,1,0,0.000000,0,9.451745,0.000000,0.593157,0,0.207715,0.000000,0.089270,9.451745,0.207715,1,1,1,3.770462,0.000000,0.000000,0.000000,0.000000,0.000000,0.000000,0.000000
1.7601,12.833466,0.166341,1.142164,-0.209440,0.521933,0.090901,0,0.207715,239,0.266065,0.250734,12.833466,0.108909,9.007734,1.142164,12.831177,9.086551,1.142164,0.166341,-0.209440,0.019338,0.506912,46.772950,0.078816,0.010000,0.002441,0.002036,-0.000532,0.002441,0.266065,0.250734,-9.803185,-0.053301,0.032469,-0.199440,-1.742614,-0.001388,27.000000,0.019105,12.831177,0.108909,0.166437,-0.209440,0.078000,0.010000,138,0,1,33,33,-0.056296,0.045168,0.942028,-0.913178,0.665414,9.517981,2.969775,-0.001388,0.030984,6,1,0,0.000000,0,9.442704,0.000000,0.521933,0,0.207715,0.000000,0.090901,9.442704,0.207715,1,1,1,3.770647,0.000000,0.000000,0.000000,0.000000,0.000000,0.000000,0.000000
1.7701,12.843835,0.165622,1.145542,-0.104720,0.438032,0.091379,0,0.207715,250,0.268939,0.251567,12.843835,0.105767,9.019556,1.145542,12.843355,9.097366,1.145542,0.165622,-0.104720,0.019340,0.506912,46.772950,0.077810,0.009000,0.000463,0.002007,-0.000024,0.000463,0.268939,0.251567,-9.803086,-0.040107,-0.025638,-0.095720,-1.732514,-0.001445,27.000000,0.019105,12.843355,0.105767,0.165670,-0.104720,0.077000,0.009000,143,0,1,33,33,-0.036995,-0.009646,1.050205,-1.404200,-0.586273,10.184584,2.979875,-0.001445,0.031273,6,1,0,0.000000,0,9.430664,0.000000,0.438032,0,0.207715,0.000000,0.091379,9.430664,0.207715,1,1,1,3.770828,0.000000,0.000000,0.000000,0.000000,0.000000,0.000000,0.000000
1.7801,12.854604,0.165670,1.161022,0.000000,0.351772,0.083606,0,0.207715,4,0.268431,0.252327,12.854604,0.107861,9.030744,1.161022,12.853901,9.108561,1.161022,0.165670,0.000000,0.019414,0.506912,46.772950,0.077818,0.000000,0.000610,0.001997,0.000114,0.000610,0.268431,0.252327,-9.803080,-0.035266,-0.018797,0.000000,-1.721271,-0.001453,27.000000,0.019105,12.853901,0.107861,0.165670,0.000000,0.077000,0.000000,148,0,1,33,33,-0.032703,-0.000424,1.161249,-0.527461,0.161564,10.068253,2.991117,-0.001453,0.031235,6,1,0,0.000000,0,9.415623,0.000000,0.351772,0,0.207715,0.000000,0.083606,9.415623,0.207715,1,1,1,3.771007,0.000000,0.000000,0.000000,0.000000,0.000000,0.000000,0.000000
1.7901,12.866988,0.165670,1.277702,0.000000,0.248087,0.084090,0,0.207715,13,0.278135,0.186341,12.866988,0.127339,9.042999,1.277702,12.863584,9.121024,1.277702,0.165670,0.000000,0.012788,-0.371488,-25.616062,0.078025,-0.006000,0.002719,0.001844,-0.000658,0.002719,0.278135,0.186341,-9.804286,-0.002956,-0.032925,-0.006000,-1.708790,-0.001278,27.000000,0.013045,12.863584,0.127339,0.165670,0.000000,0.077000,-0.006000,153,0,1,33,33,0.001500,-0.016759,1.272020,-0.889321,-0.560744,9.687512,3.003599,-0.001278,0.031102,7,1,0,0.000000,0,9.397583,0.000000,0.248087,0,0.207715,0.000000,0.084090,9.397583,0.207715,1,1,1,3.771182,0.000000,0.000000,0.000000,0.000000,0.000000,0.000000,0.000000
1.8001,12.878957,0.165670,1.374880,0.000000,0.148467,0.084090,0,0.207715,23,0.277369,0.181948,12.878957,0.128282,9.055638,1.374880,12.875664,9.133723,1.374880,0.165670,0.000000,0.012879,-0.371488,-25.616062,0.078085,-0.007000,0.002423,0.001978,-0.001301,0.002423,0.277369,0.181948,-9.804390,0.010212,-0.028875,-0.007000,-1.696106,-0.000758,27.000000,0.013045,12.875664,0.128282,0.165670,0.000000,0.077000,-0.007000,158,0,1,33,33,0.014329,-0.009450,1.368115,-0.133582,-0.533773,9.860543,3.016283,-0.000758,0.030951,7,1,0,0.000000,0,9.376561,0.000000,0.148467,0,0.207715,0.000000,0.084090,9.376561,0.207715,1,1,1,3.771350,0.000000,0.000000,0.000000,0.000000,0.000000,0.000000,0.000000
1.8101,12.890911,0.168129,1.275639,0.209440,0.052923,0.054582,0,0.207715,33,0.266556,0.239376,12.890911,0.125245,9.068180,1.275639,12.887456,9.146198,1.275639,0.168129,0.209440,0.019468,0.481310,42.390982,0.078018,0.000000,0.002748,0.001883,-0.001049,0.002748,0.266556,0.239376,-9.803456,0.021288,-0.039413,0.209440,-1.681215,-0.000053,27.000000,0.019105,12.887456,0.125245,0.167971,0.209440,0.077000,0.000000,163,0,1,33,33,0.027168,-0.006699,1.485491,0.017267,0.031289,9.799326,3.031174,-0.000053,0.030877,7,1,0,0.000000,0,9.352974,0.000000,0.052923,0,0.207715,0.000000,0.054582,9.352974,0.207715,1,1,1,3.771528,0.000000,0.000000,0.000000,0.000000,0.000000,0.000000,0.000000
1.8201,12.904077,0.168738,1.513084,0.000000,-0.058448,0.071865,0,0.207715,43,0.269166,0.234360,12.904077,0.138544,9.082142,1.513084,12.900305,9.160163,1.513084,0.168738,0.000000,0.019298,0.400426,28.931445,0.078021,0.003000,0.002484,0.001812,-0.001330,0.002484,0.269166,0.234360,-9.803506,-0.017104,0.004931,0.003000,-1.666650,0.000345,27.000000,0.019105,12.900305,0.138544,0.168738,0.000000,0.077000,0.003000,168,0,1,33,33,-0.017690,0.031240,1.515763,-0.994822,-0.474626,9.678739,3.045739,0.000345,0.031065,6,1,0,0.000000,0,9.327605,0.000000,-0.058448,0,0.207715,0.000000,0.071865,9.327605,0.207715,1,1,1,3.771689,0.000000,0.000000,0.000000,0.000000,0.000000,0.000000,0.000000
1.8301,12.916361,0.171233,1.368938,0.209440,-0.140419,0.048016,0,0.207715,53,0.281459,0.168125,12.916361,0.117077,9.095332,1.368938,12.912289,9.173422,1.368938,0.171233,0.209440,0.012587,-0.494612,-45.045931,0.078090,0.003000,0.002916,0.001857,-0.001323,0.002916,0.281459,0.168125,-9.804520,-0.008585,-0.020360,0.212440,-1.650879,0.000582,27.000000,0.013045,12.912289,0.117077,0.171039,0.209440,0.077000,0.003000,173,0,1,33,33,-0.004829,-0.001656,1.581524,0.550873,0.359865,9.544574,3.061510,0.000582,0.031197,7,1,0,0.000000,0,9.301256,0.000000,-0.140419,0,0.207715,0.000000,0.048016,9.301256,0.207715,1,1,1,3.771861,0.000000,0.000000,0.000000,0.000000,0.000000,0.000000,0.000000
1.8401,12.919290,0.173471,1.414853,0.209440,-0.224391,0.046104,0,0.207715,63,0.270527,0.231514,12.919290,0.019897,9.108800,1.414853,12.915357,9.186897,1.414853,0.173471,0.209440,0.019344,0.380434,26.810315,0.078097,-0.001000,0.002644,0.001847,-0.003118,0.002644,0.270527,0.231514,-9.803536,-0.030586,-0.046056,0.208440,-1.635196,0.000847,27.000000,0.019105,12.915357,0.019897,0.173340,0.209440,0.077000,-0.001000,178,0,1,33,33,-0.021874,-0.019367,1.623971,-0.715273,-0.654014,10.280056,3.077193,0.000847,0.031241,7,1,0,0.000000,0,9.274726,0.000000,-0.224391,0,0.207715,0.000000,0.046104,9.274726,0.207715,1,1,1,3.771998,0.000000,0.000000,0.000000,0.000000,0.000000,0.000000,0.000000
1.8501,12.908788,0.177412,1.387513,0.314159,-0.295606,0.021194,0,0.207715,73,0.277867,0.166245,12.908788,-0.114982,9.122163,1.387513,12.904715,9.200258,1.387513,0.177412,0.314159,0.012690,-0.469520,-40.734422,0.078095,-0.005000,0.002774,0.002004,-0.005389,0.002774,0.277867,0.166245,-9.804655,-0.022488,-0.014859,0.309159,-1.617875,0.001002,27.000000,0.013045,12.904715,-0.114982,0.177175,0.314159,0.077000,-0.005000,183,0,1,33,33,-0.019742,0.003181,1.696768,0.907588,-0.104928,10.028227,3.094514,0.001002,0.030876,7,1,0,0.000000,0,9.248815,0.000000,-0.295606,0,0.207715,0.000000,0.021194,9.248815,0.207715,1,1,1,3.772074,0.000000,0.000000,0.000000,0.000000,0.000000,0.000000,0.000000
1.8601,12.881079,0.181272,1.312472,0.418879,-0.353298,0.014289,0,0.207715,83,0.276576,0.163036,12.881079,-0.293006,9.134999,1.312472,12.877581,9.213033,1.312472,0.181272,0.418879,0.012751,-0.469520,-40.734422,0.078034,-0.009000,0.002613,0.001846,-0.006913,0.002613,0.276576,0.163036,-9.804745,0.022625,-0.020044,0.409879,-1.601253,0.001480,27.000000,0.013045,12.877581,-0.293006,0.181010,0.418879,0.077000,-0.009000,188,0,1,33,33,0.025090,0.005106,1.722426,0.246966,-0.289688,9.470856,3.111136,0.001480,0.030732,7,1,0,0.000000,0,9.224055,0.000000,-0.353298,0,0.207715,0.000000,0.014289,9.224055,0.207715,1,1,1,3.772038,0.000000,0.000000,0.000000,0.000000,0.000000,0.000000,0.000000
1.8701,12.840153,0.189700,0.976792,0.942478,-0.371240,-0.048243,0,0.207715,93,0.268521,0.159686,12.840153,-0.398354,9.142497,0.976792,12.837602,9.221665,0.976792,0.189700,0.942478,0.012919,-0.469520,-40.734422,0.079168,-0.008000,0.002282,0.001886,-0.007194,0.002282,0.268521,0.159686,-9.805024,-0.045055,-0.226630,0.934478,-1.584211,0.002089,27.000000,0.013045,12.837602,-0.398354,0.189447,0.942478,0.078000,-0.008000,193,0,1,33,33,-0.025863,-0.204903,1.914077,3.142740,-1.623826,10.770482,3.128178,0.002089,0.029955,7,1,0,0.000000,0,9.199914,0.000000,-0.371240,0,0.207715,0.000000,-0.048243,9.199914,0.207715,1,1,1,3.768986,0.000000,0.000000,0.000000,0.000000,0.000000,0.000000,0.000000
1.8801,12.845585,0.204945,0.793949,1.361357,-0.420085,-0.146914,0,0.207715,103,0.239833,0.147653,12.845585,0.088383,9.150074,0.793949,12.843355,9.228723,0.793949,0.204945,1.361357,0.012726,-0.469520,-40.734422,0.078649,-0.003000,0.002687,0.001831,0.001728,0.002687,0.239833,0.147653,-9.805956,0.167150,-0.166551,1.358357,-1.561934,0.002960,27.000000,0.013045,12.843355,0.088383,0.204020,1.361357,0.078000,-0.003000,198,0,1,33,33,0.179048,-0.126288,2.154087,2.545801,0.512567,11.987864,-3.132730,0.002960,0.027003,7,1,0,0.000000,0,9.175590,0.000000,-0.420085,0,0.207715,0.000000,-0.146914,9.175590,0.207715,1,1,1,3.764012,0.000000,0.000000,0.000000,0.000000,0.000000,0.000000,0.000000
1.8901,12.857505,0.216703,0.453929,1.047198,-0.479845,-0.135555,0,0.207715,113,0.248199,0.156198,12.857505,0.105767,9.155843,0.453929,12.856489,9.234548,0.453929,0.216703,1.047198,0.012860,-0.469520,-40.734422,0.078705,-0.003000,0.002376,0.001848,-0.000489,0.002376,0.248199,0.156198,-9.805616,-0.063844,0.246203,1.044198,-1.544341,0.002745,27.000000,0.013045,12.856489,0.105767,0.216291,1.047198,0.078000,-0.003000,2,0,1,33,33,-0.081976,0.260020,1.494906,-1.685369,0.711294,10.417560,-3.115138,0.002745,0.028136,7,1,0,0.000000,0,9.150283,0.000000,-0.479845,0,0.207715,0.000000,-0.135555,9.150283,0.207715,1,1,1,3.763803,0.000000,0.000000,0.000000,0.000000,0.000000,0.000000,0.000000
1.9001,12.854412,0.229263,-0.003538,1.151917,-0.501616,-0.168693,0,0.207715,123,0.245913,0.147647,12.854412,-0.014765,9.157225,-0.003538,12.854284,9.235216,-0.003538,0.229263,1.151917,0.012760,-0.469520,-40.734422,0.077991,-0.024000,0.002564,0.001986,-0.000553,0.002564,0.245913,0.147647,-9.805806,0.149527,-0.138199,1.127917,-1.531137,0.003795,27.000000,0.013045,12.854284,-0.014765,0.228563,1.151917,0.078000,-0.024000,7,0,1,33,33,0.157388,-0.114819,1.125936,2.188121,1.188783,11.420202,-3.101933,0.003795,0.027836,6,1,0,0.000000,0,9.123195,0.000000,-0.501616,0,0.207715,0.000000,-0.168693,9.123195,0.207715,1,1,1,3.763582,0.000000,0.000000,0.000000,0.000000,0.000000,0.000000,0.000000
1.9101,12.855354,0.238198,-0.081596,0.837758,-0.584782,-0.150314,0,0.207715,133,0.226104,0.200307,12.855354,0.011729,9.157487,-0.081596,12.855435,9.235624,-0.081596,0.238198,0.837758,0.019290,0.360597,23.955443,0.078138,-0.007000,0.000514,0.002126,0.000270,0.000514,0.226104,0.200307,-9.805348,0.014274,0.045658,0.830758,-1.521846,0.004879,27.000000,0.019105,12.855435,0.011729,0.237767,0.837758,0.078000,-0.007000,12,0,1,33,33,0.011938,0.060765,0.748130,1.073007,-1.200341,9.682362,-3.092642,0.004879,0.027219,7,1,0,0.000000,0,9.093541,0.000000,-0.584782,0,0.207715,0.000000,-0.150314,9.093541,0.207715,1,1,1,3.763361,0.000000,0.000000,0.000000,0.000000,0.000000,0.000000,0.000000
1.9201,12.855053,0.244155,-0.184183,0.523599,-0.660920,-0.132450,0,0.207715,143,0.241859,0.145887,12.855053,0.004503,9.156552,-0.184183,12.855435,9.234666,-0.184183,0.244155,0.523599,0.012778,-0.555047,-54.475517,0.078114,0.017000,0.002506,0.001835,0.000509,0.002506,0.241859,0.145887,-9.805933,-0.109067,0.068138,0.540599,-1.516805,0.004303,27.000000,0.013045,12.855435,0.004503,0.243903,0.523599,0.078000,0.017000,17,0,1,33,33,-0.111992,0.067764,0.355579,2.095375,-0.433991,10.398940,-3.087602,0.004303,0.027522,7,1,0,0.000000,0,9.061186,0.000000,-0.660920,0,0.207715,0.000000,-0.132450,9.061186,0.207715,1,1,1,3.763147,0.000000,0.000000,0.000000,0.000000,0.000000,0.000000,0.000000
1.9301,12.854467,0.247142,-0.243166,0.209440,-0.741140,-0.108720,0,0.207715,153,0.248813,0.152262,12.854467,-0.002513,9.155214,-0.243166,12.855051,9.233192,-0.243166,0.247142,0.209440,0.012593,-0.555047,-54.475517,0.077978,0.017000,0.002844,0.001836,0.000318,0.002844,0.248813,0.152262,-9.805662,0.012473,0.070703,0.226440,-1.515276,0.003743,27.000000,0.013045,12.855051,-0.002513,0.246971,0.209440,0.078000,0.017000,22,0,1,33,33,0.009568,0.070938,-0.017621,0.391585,0.081674,10.383872,-3.086072,0.003743,0.028394,6,1,0,0.000000,0,9.026864,0.000000,-0.741140,0,0.207715,0.000000,-0.108720,9.026864,0.207715,1,1,1,3.762926,0.000000,0.000000,0.000000,0.000000,0.000000,0.000000,0.000000
1.9401,12.853221,0.247738,-0.367622,0.000000,-0.804627,-0.086010,0,0.207715,163,0.251325,0.151894,12.853221,-0.010681,9.152492,-0.367622,12.854092,9.230365,-0.367622,0.247738,0.000000,0.012714,-0.555047,-54.475517,0.077873,0.004000,0.002628,0.001810,0.000319,0.002628,0.251325,0.151894,-9.805604,0.025244,0.019392,0.004000,-1.517512,0.003980,27.000000,0.013045,12.854092,-0.010681,0.247738,0.000000,0.078000,0.004000,27,0,1,33,33,0.024466,0.015740,-0.363851,1.856821,-0.332709,10.706056,-3.088308,0.003980,0.028638,6,1,0,0.000000,0,8.991373,0.000000,-0.804627,0,0.207715,0.000000,-0.086010,8.991373,0.207715,1,1,1,3.762720,0.000000,0.000000,0.000000,0.000000,0.000000,0.000000,0.000000
1.9501,12.852137,0.246915,-0.321372,-0.104720,-0.870187,-0.070174,0,0.207715,174,0.250747,0.151746,12.852137,-0.016860,9.149362,-0.321372,12.852367,9.227190,-0.321372,0.246915,-0.104720,0.012750,-0.555047,-54.475517,0.077828,-0.009000,0.000531,0.002077,0.000474,0.000531,0.250747,0.151746,-9.805621,0.016239,0.064383,-0.113720,-1.521510,0.003993,27.000000,0.013045,12.852367,-0.016860,0.246971,-0.104720,0.078000,-0.009000,32,0,1,33,33,0.013726,0.059412,-0.435885,1.805116,0.296569,10.080698,-3.092307,0.003993,0.028570,7,1,0,0.000000,0,8.955514,0.000000,-0.870187,0,0.207715,0.000000,-0.070174,8.955514,0.207715,1,1,1,3.762518,0.000000,0.000000,0.000000,0.000000,0.000000,0.000000,0.000000
1.9601,12.849804,0.243783,-0.338873,-0.314159,-0.939922,-0.040807,0,0.207715,183,0.256561,0.157955,12.849804,-0.020944,9.147065,-0.338873,12.850545,9.224811,-0.338873,0.243783,-0.314159,0.012832,-0.555047,-54.475517,0.077746,-0.001000,0.002372,0.001803,0.000113,0.002372,0.256561,0.157955,-9.805372,-0.020791,0.101444,-0.315159,-1.527009,0.003514,27.000000,0.013045,12.850545,-0.020944,0.243903,-0.314159,0.078000,-0.001000,37,0,1,33,33,-0.024796,0.092139,-0.655268,0.555058,-0.760298,9.648166,-3.097806,0.003514,0.029271,7,1,0,0.000000,0,8.920087,0.000000,-0.939922,0,0.207715,0.000000,-0.040807,8.920087,0.207715,1,1,1,3.762323,0.000000,0.000000,0.000000,0.000000,0.000000,0.000000,0.000000
1.9701,12.848046,0.239690,-0.330917,-0.418879,-0.978704,-0.023028,0,0.207715,193,0.266265,0.155850,12.848046,-0.023981,9.143447,-0.330917,12.849011,9.221387,-0.330917,0.239690,-0.418879,0.012545,-0.555047,-54.475517,0.077941,0.010000,0.002906,0.001826,0.000587,0.002906,0.266265,0.155850,-9.805147,0.072481,0.078487,-0.408879,-1.534523,0.003550,27.000000,0.013045,12.849011,-0.023981,0.240068,-0.418879,0.078000,0.010000,42,0,1,33,33,0.069123,0.072174,-0.740759,0.665619,0.501117,9.727905,-3.105320,0.003550,0.030143,6,1,0,0.000000,0,8.885893,0.000000,-0.978704,0,0.207715,0.000000,-0.023028,8.885893,0.207715,1,1,1,3.762118,0.000000,0.000000,0.000000,0.000000,0.000000,0.000000,0.000000
1.9801,12.843733,0.236676,-0.419184,-0.418879,-0.999509,-0.027771,0,0.207715,203,0.272055,0.153215,12.843733,-0.036233,9.138794,-0.419184,12.845080,9.216601,-0.419184,0.236676,-0.418879,0.012615,-0.555047,-54.475517,0.077807,0.014000,0.002774,0.001835,0.000129,0.002774,0.272055,0.153215,-9.805030,0.049335,0.036764,-0.404879,-1.542334,0.003928,27.000000,0.013045,12.845080,-0.036233,0.237000,-0.418879,0.078000,0.014000,47,0,1,33,33,0.047799,0.028342,-0.824486,-0.363213,0.069350,10.574666,-3.113130,0.003928,0.030626,7,1,0,0.000000,0,8.853730,0.000000,-0.999509,0,0.207715,0.000000,-0.027771,8.853730,0.207715,1,1,1,3.761931,0.000000,0.000000,0.000000,0.000000,0.000000,0.000000,0.000000
1.9901,12.838563,0.233613,-0.454826,-0.418879,-1.000000,-0.021175,0,0.207715,213,0.273073,0.155084,12.838563,-0.049532,9.133381,-0.454826,12.839999,9.211288,-0.454826,0.233613,-0.418879,0.012711,-0.439434,-34.967045,0.077907,0.002000,0.002774,0.001817,-0.001047,0.002774,0.273073,0.155084,-9.804972,-0.015747,0.012700,-0.416879,-1.550706,0.003769,27.000000,0.013045,12.839999,-0.049532,0.233932,-0.418879,0.078000,0.002000,52,0,1,33,33,-0.016225,0.001002,-0.871788,-0.318556,0.497642,9.966492,-3.121503,0.003769,0.030745,6,1,0,0.000000,0,8.824334,0.000000,-1.000000,0,0.207715,0.000000,-0.021175,8.824334,0.207715,1,1,1,3.761742,0.000000,0.000000,0.000000,0.000000,0.000000,0.000000,0.000000
2.0001,12.835936,0.229767,-0.510417,-0.418879,-1.000000,-0.005636,0,0.207715,223,0.268300,0.160092,12.835936,-0.046496,9.128370,-0.510417,12.837410,9.206096,-0.510417,0.229767,-0.418879,0.012701,-0.436490,-34.795243,0.077725,-0.014000,0.002639,0.001984,0.000944,0.002639,0.268300,0.160092,-9.805024,-0.045315,-0.033537,-0.432879,-1.559727,0.003033,27.000000,0.013045,12.837410,-0.046496,0.230097,-0.418879,0.078000,-0.014000,57,0,1,33,33,-0.043945,-0.047291,-0.942772,0.132043,-0.213607,9.500257,-3.130524,0.003033,0.030352,7,1,0,0.000000,0,8.797936,0.000000,-1.000000,0,0.207715,0.000000,-0.005636,8.797936,0.207715,1,1,1,3.761557,0.000000,0.000000,0.000000,0.000000,0.000000,0.000000,0.000000
2.0101,12.827537,0.226836,-0.619089,-0.314159,-1.000000,-0.008934,0,0.207715,234,0.263803,0.164372,12.827537,-0.065973,9.121878,-0.619089,12.827917,9.199492,-0.619089,0.226836,-0.314159,0.012776,-0.436490,-34.795243,0.077614,-0.020000,0.000615,0.002039,-0.000165,0.000615,0.263803,0.164372,-9.805075,-0.003660,-0.006953,-0.334159,-1.569249,0.002492,27.000000,0.013045,12.827917,-0.065973,0.227029,-0.314159,0.078000,-0.020000,62,0,1,33,33,-0.003420,-0.019253,-0.953080,0.697769,-0.380452,9.872195,-3.140046,0.002492,0.029975,7,1,0,0.000000,0,8.774538,0.000000,-1.000000,0,0.207715,0.000000,-0.008934,8.774538,0.207715,1,1,1,3.761374,0.000000,0.000000,0.000000,0.000000,0.000000,0.000000,0.000000
2.0201,12.820917,0.225331,-0.733324,-0.209440,-0.998290,-0.020185,0,0.207715,243,0.262212,0.164798,12.820917,-0.067963,9.113889,-0.733324,12.822932,9.191460,-0.733324,0.225331,-0.209440,0.012703,-0.436490,-34.795243,0.077571,-0.010000,0.002724,0.001899,0.000447,0.002724,0.262212,0.164798,-9.805110,0.016120,0.011673,-0.219440,-1.578782,0.002295,27.000000,0.013045,12.822932,-0.067963,0.225495,-0.209440,0.078000,-0.010000,67,0,1,33,33,0.015772,0.000035,-0.952841,0.601032,0.208214,10.213013,3.133607,0.002295,0.029811,7,1,0,0.000000,0,8.754140,0.000000,-0.998290,0,0.207715,0.000000,-0.020185,8.754140,0.207715,1,1,1,3.761189,0.000000,0.000000,0.000000,0.000000,0.000000,0.000000,0.000000
2.0301,12.812240,0.223895,-0.849546,-0.104720,-0.985835,-0.017993,0,0.207715,253,0.259067,0.169967,12.812240,-0.088383,9.105809,-0.849546,12.814591,9.183328,-0.849546,0.223895,-0.104720,0.012767,-0.436490,-34.795243,0.077519,0.005000,0.002775,0.001817,0.000299,0.002775,0.259067,0.169967,-9.805106,-0.029410,-0.017308,-0.099720,-1.588337,0.001732,27.000000,0.013045,12.814591,-0.088383,0.223961,-0.104720,0.078000,0.005000,72,0,1,33,33,-0.029022,-0.030068,-0.948960,0.010977,-0.915349,9.789809,3.124052,0.001732,0.029601,7,1,0,0.000000,0,8.736743,0.000000,-0.985835,0,0.207715,0.000000,-0.017993,8.736743,0.207715,1,1,1,3.761006,0.000000,0.000000,0.000000,0.000000,0.000000,0.000000,0.000000
2.0401,12.802901,0.223194,-0.969933,0.000000,-0.960624,-0.023954,0,0.207715,7,0.252379,0.173080,12.802901,-0.097599,9.097078,-0.969933,12.805387,9.174552,-0.969933,0.223194,0.000000,0.012706,-0.436490,-34.795243,0.077474,0.016000,0.002624,0.001981,0.000392,0.002624,0.252379,0.173080,-9.805226,-0.014528,-0.034755,0.016000,-1.597803,0.001190,27.000000,0.013045,12.805387,-0.097599,0.223194,0.000000,0.078000,0.016000,77,0,1,33,33,-0.014063,-0.047063,-0.953412,1.183522,0.089524,9.781529,3.114586,0.001190,0.028998,7,1,0,0.000000,0,8.722345,0.000000,-0.960624,0,0.207715,0.000000,-0.023954,8.722345,0.207715,1,1,1,3.760823,0.000000,0.000000,0.000000,0.000000,0.000000,0.000000,0.000000
2.0501,12.792700,0.224728,-0.974290,0.000000,-0.908074,-0.049366,0,0.207715,17,0.245988,0.175189,12.792700,-0.104824,9.086003,-0.974290,12.795320,9.163459,-0.974290,0.224728,0.000000,0.012741,-0.436490,-34.795243,0.077456,0.012000,0.002697,0.001837,0.000341,0.002697,0.245988,0.175189,-9.805351,0.007228,-0.028231,0.012000,-1.607357,0.000915,27.000000,0.013045,12.795320,-0.104824,0.224728,0.000000,0.078000,0.012000,82,0,1,33,33,0.007273,-0.040478,-0.961852,0.728881,-0.833737,10.183485,3.105032,0.000915,0.028428,7,1,0,0.000000,0,8.710947,0.000000,-0.908074,0,0.207715,0.000000,-0.049366,8.710947,0.207715,1,1,1,3.760641,0.000000,0.000000,0.000000,0.000000,0.000000,0.000000,0.000000
2.0601,12.782092,0.225495,-1.013451,0.000000,-0.879454,-0.043230,0,0.207715,27,0.241351,0.178069,12.782092,-0.107861,9.075535,-1.013451,12.784678,9.152931,-1.013451,0.225495,0.000000,0.012785,-0.436490,-34.795243,0.077396,0.003000,0.002609,0.002000,0.000597,0.002609,0.241351,0.178069,-9.805414,0.007128,0.009491,0.003000,-1.617113,0.000588,27.000000,0.013045,12.784678,-0.107861,0.225495,0.000000,0.078000,0.003000,87,0,1,33,33,0.007220,-0.003498,-1.010489,0.698317,-0.599435,9.793431,3.095276,0.000588,0.028042,7,1,0,0.000000,0,8.702550,0.000000,-0.879454,0,0.207715,0.000000,-0.043230,8.702550,0.207715,1,1,1,3.760462,0.000000,0.000000,0.000000,0.000000,0.000000,0.000000,0.000000
2.0701,12.771806,0.227029,-1.062211,0.000000,-0.818228,-0.053968,0,0.207715,37,0.235662,0.177512,12.771806,-0.128282,9.063311,-1.062211,12.772598,9.140655,-1.062211,0.227029,0.000000,0.012719,-0.436490,-34.795243,0.077344,-0.005000,0.000747,0.001982,0.002170,0.000747,0.235662,0.177512,-9.805562,0.050905,-0.043540,-0.005000,-1.627854,0.000490,27.000000,0.013045,12.772598,-0.128282,0.227029,0.000000,0.078000,-0.005000,92,0,1,33,33,0.049953,-0.058199,-1.066558,1.537979,-0.242833,9.606153,3.084535,0.000490,0.027483,7,1,0,0.000000,0,8.697152,0.000000,-0.818228,0,0.207715,0.000000,-0.053968,8.697152,0.207715,1,1,1,3.760284,0.000000,0.000000,0.000000,0.000000,0.000000,0.000000,0.000000
2.0801,12.756392,0.229330,-1.186729,0.000000,-0.749712,-0.066240,0,0.207715,47,0.232943,0.174552,12.756392,-0.132366,9.049567,-1.186729,12.759751,9.126816,-1.186729,0.229330,0.000000,0.012654,-0.436490,-34.795243,0.077249,-0.005000,0.002879,0.001878,0.000655,0.002879,0.232943,0.174552,-9.805680,0.047217,0.013838,-0.005000,-1.639398,0.000720,27.000000,0.013045,12.759751,-0.132366,0.229330,0.000000,0.078000,-0.005000,97,0,1,33,33,0.047724,-0.003109,-1.191785,1.212808,-0.092020,9.770154,3.072991,0.000720,0.027172,7,1,0,0.000000,0,8.694754,0.000000,-0.749712,0,0.207715,0.000000,-0.066240,8.694754,0.207715,1,1,1,3.760101,0.000000,0.000000,0.000000,0.000000,0.000000,0.000000,0.000000
2.0901,12.744218,0.229330,-1.358019,0.000000,-0.710952,-0.043230,0,0.207715,57,0.233664,0.175854,12.744218,-0.127339,9.037506,-1.358019,12.747671,9.114654,-1.358019,0.229330,0.000000,0.012785,-0.436490,-34.795243,0.077148,-0.001000,0.002595,0.001848,0.000941,0.002595,0.233664,0.175854,-9.805640,0.014338,0.066401,-0.001000,-1.651561,0.000738,27.000000,0.013045,12.747671,-0.127339,0.229330,0.000000,0.078000,-0.001000,102,0,1,33,33,0.017736,0.048195,-1.359746,0.723062,0.623215,9.911008,3.060828,0.000738,0.027274,7,1,0,0.000000,0,8.695357,0.000000,-0.710952,0,0.207715,0.000000,-0.043230,8.695357,0.207715,1,1,1,3.759927,0.000000,0.000000,0.000000,0.000000,0.000000,0.000000,0.000000
2.1001,12.729444,0.229330,-1.525058,0.000000,-0.612325,-0.043230,0,0.207715,67,0.235614,0.179241,12.729444,-0.143676,9.022363,-1.525058,12.733865,9.099401,-1.525058,0.229330,0.000000,0.012633,-0.436490,-34.795243,0.077038,-0.001000,0.002931,0.001828,0.000790,0.002931,0.235614,0.179241,-9.805532,-0.010654,0.041220,-0.001000,-1.666802,0.000295,27.000000,0.013045,12.733865,-0.143676,0.229330,0.000000,0.078000,-0.001000,107,0,1,33,33,-0.007901,0.022553,-1.526464,0.447647,-0.166688,9.587068,3.045587,0.000295,0.027546,7,1,0,0.000000,0,8.698959,0.000000,-0.612325,0,0.207715,0.000000,-0.043230,8.698959,0.207715,1,1,1,3.759748,0.000000,0.000000,0.000000,0.000000,0.000000,0.000000,0.000000
2.1101,12.718029,0.228496,-1.536632,-0.104720,-0.549576,-0.033224,0,0.207715,77,0.235938,0.187220,12.718029,-0.152891,9.008029,-1.536632,12.719005,9.085061,-1.536632,0.228496,-0.104720,0.012766,-0.436490,-34.795243,0.077031,0.000000,0.000639,0.002005,0.003020,0.000639,0.235938,0.187220,-9.805375,-0.059978,0.036128,-0.104720,-1.681960,-0.000380,27.000000,0.013045,12.719005,-0.152891,0.228563,-0.104720,0.078000,0.000000,112,0,1,33,33,-0.057028,0.019669,-1.641737,0.130621,0.159898,9.456158,3.030429,-0.000380,0.027752,7,1,0,0.000000,0,8.705561,0.000000,-0.549576,0,0.207715,0.000000,-0.033224,8.705561,0.207715,1,1,1,3.759577,0.000000,0.000000,0.000000,0.000000,0.000000,0.000000,0.000000
2.1201,12.700591,0.226084,-1.526129,-0.209440,-0.460682,-0.012611,0,0.207715,87,0.234195,0.197993,12.700591,-0.146712,8.992778,-1.526129,12.704911,9.069803,-1.526129,0.226084,-0.209440,0.012673,-0.436490,-34.795243,0.077025,0.000000,0.002852,0.001947,0.000909,0.002852,0.234195,0.197993,-9.805205,-0.082741,0.020383,-0.209440,-1.699600,-0.001650,27.000000,0.013045,12.704911,-0.146712,0.226262,-0.209440,0.078000,0.000000,117,0,1,33,33,-0.080522,0.005891,-1.735783,0.031642,-1.195228,9.997560,3.012789,-0.001650,0.027793,7,1,0,0.000000,0,8.715163,0.000000,-0.460682,0,0.207715,0.000000,-0.012611,8.715163,0.207715,1,1,1,3.759399,0.000000,0.000000,0.000000,0.000000,0.000000,0.000000,0.000000
2.1301,12.684826,0.224578,-1.577757,-0.209440,-0.368706,-0.018665,0,0.207715,97,0.231576,0.208033,12.684826,-0.165143,8.977033,-1.577757,12.689186,9.054024,-1.577757,0.224578,-0.209440,0.012731,-0.436490,-34.795243,0.076992,-0.002000,0.002737,0.002001,0.000964,0.002737,0.231576,0.208033,-9.805060,-0.028548,0.011615,-0.211440,-1.716861,-0.002691,27.000000,0.013045,12.689186,-0.165143,0.224728,-0.209440,0.078000,-0.002000,122,0,1,33,33,-0.027158,-0.008206,-1.789237,0.584650,-0.773732,9.963874,2.995528,-0.002691,0.027739,7,1,0,0.000000,0,8.727766,0.000000,-0.368706,0,0.207715,0.000000,-0.018665,8.727766,0.207715,1,1,1,3.759234,0.000000,0.000000,0.000000,0.000000,0.000000,0.000000,0.000000
2.1401,12.672624,0.223135,-1.607745,-0.209440,-0.273117,-0.016411,0,0.207715,107,0.228134,0.213550,12.672624,-0.166190,8.961109,-1.607745,12.673080,9.038010,-1.607745,0.223135,-0.209440,0.012921,-0.436490,-34.795243,0.076901,0.000000,0.000284,0.002011,0.003219,0.000284,0.228134,0.213550,-9.805022,0.025687,0.006011,-0.209440,-1.734310,-0.003167,27.000000,0.013045,12.673080,-0.166190,0.223194,-0.209440,0.078000,0.000000,127,0,1,33,33,0.026213,-0.020506,-1.817071,0.189651,-0.176978,9.634648,2.978079,-0.003167,0.027499,7,1,0,0.000000,0,8.743368,0.000000,-0.273117,0,0.207715,0.000000,-0.016411,8.743368,0.207715,1,1,1,3.759071,0.000000,0.000000,0.000000,0.000000,0.000000,0.000000,0.000000
2.1501,12.658118,0.222256,-1.629075,-0.209440,-0.148481,-0.020294,0,0.207715,118,0.223219,0.213091,12.658118,-0.172264,8.942913,-1.629075,12.659466,9.019879,-1.629075,0.222256,-0.209440,0.012688,-0.436490,-34.795243,0.076966,0.004000,0.000817,0.001940,0.000885,0.000817,0.223219,0.213091,-9.805145,0.016418,-0.005630,-0.205440,-1.753316,-0.003489,27.000000,0.013045,12.659466,-0.172264,0.222427,-0.209440,0.078000,0.004000,132,0,1,33,33,0.015546,-0.030994,-1.834269,0.442775,-1.138460,10.065391,2.959073,-0.003489,0.026986,7,1,0,0.000000,0,8.761970,0.000000,-0.148481,0,0.207715,0.000000,-0.020294,8.761970,0.207715,1,1,1,3.758907,0.000000,0.000000,0.000000,0.000000,0.000000,0.000000,0.000000
2.1601,12.632891,0.222371,-1.758206,-0.104720,-0.041194,-0.030458,0,0.207715,127,0.217718,0.215892,12.632891,-0.187658,8.925054,-1.758206,12.637319,9.001929,-1.758206,0.222371,-0.104720,0.012809,-0.436490,-34.795243,0.076875,0.003000,0.002529,0.002002,0.000217,0.002529,0.217718,0.215892,-9.805207,0.040701,0.006045,-0.101720,-1.771150,-0.003767,27.000000,0.013045,12.637319,-0.187658,0.222427,-0.104720,0.078000,0.003000,137,0,1,33,33,0.041146,-0.024169,-1.859769,0.695739,0.108739,9.752694,2.941239,-0.003767,0.026504,7,1,0,0.000000,0,8.783573,0.000000,-0.041194,0,0.207715,0.000000,-0.030458,8.783573,0.207715,1,1,1,3.758740,0.000000,0.000000,0.000000,0.000000,0.000000,0.000000,0.000000
2.1701,12.613855,0.221660,-1.897681,0.000000,0.083371,-0.020785,0,0.207715,137,0.212495,0.214895,12.613855,-0.196873,8.906396,-1.897681,12.619293,8.983191,-1.897681,0.221660,0.000000,0.012666,-0.436490,-34.795243,0.076795,0.003000,0.002877,0.002000,0.002293,0.002877,0.212495,0.214895,-9.805344,0.030227,-0.020479,0.003000,-1.790599,-0.003947,27.000000,0.013045,12.619293,-0.196873,0.221660,0.000000,0.078000,0.003000,142,0,1,33,33,0.026220,-0.049402,-1.894208,0.192824,-1.019608,9.721888,2.921790,-0.003947,0.025950,7,1,0,0.000000,0,8.808175,0.000000,0.083371,0,0.207715,0.000000,-0.020785,8.808175,0.207715,1,1,1,3.758563,0.000000,0.000000,0.000000,0.000000,0.000000,0.000000,0.000000
2.1801,12.599505,0.221660,-1.932415,0.000000,0.206186,-0.027890,0,0.207715,147,0.206180,0.217741,12.599505,-0.194779,8.887685,-1.932415,12.600598,8.964442,-1.932415,0.221660,0.000000,0.012798,-0.436490,-34.795243,0.076757,0.000000,0.000567,0.002000,0.003834,0.000567,0.206180,0.217741,-9.805416,-0.002206,0.003182,0.000000,-1.809347,-0.004239,27.000000,0.013045,12.600598,-0.194779,0.221660,0.000000,0.078000,0.000000,147,0,1,33,33,-0.001570,-0.021191,-1.932302,1.355873,-0.109181,9.616948,2.903042,-0.004239,0.025386,7,1,0,0.000000,0,8.835777,0.000000,0.206186,0,0.207715,0.000000,-0.027890,8.835777,0.207715,1,1,1,3.758399,0.000000,0.000000,0.000000,0.000000,0.000000,0.000000,0.000000
2.1901,12.589232,0.220833,-1.809264,-0.209440,0.329657,-0.017966,0,0.207715,157,0.206304,0.222018,12.589232,-0.060842,8.869372,-1.809264,12.593024,8.946129,-1.809264,0.220833,-0.209440,0.012920,-0.436490,-34.795243,0.076757,-0.002000,0.002090,0.001987,0.004208,0.002090,0.206304,0.222018,-9.805317,0.003825,0.059358,-0.211440,-1.828481,-0.004561,27.000000,0.013045,12.593024,-0.060842,0.220893,-0.209440,0.078000,-0.002000,152,0,1,33,33,0.015425,0.031335,-2.021277,-0.030424,0.548570,10.503135,2.883908,-0.004561,0.025480,7,1,0,0.000000,0,8.866379,0.000000,0.329657,0,0.207715,0.000000,-0.017966,8.866379,0.207715,1,1,1,3.758257,0.000000,0.000000,0.000000,0.000000,0.000000,0.000000,0.000000
2.2001,12.601920,0.218458,-1.906473,-0.209440,0.475101,0.002269,0,0.207715,167,0.209111,0.225512,12.601920,0.158965,8.850081,-1.906473,12.607117,8.926848,-1.906473,0.218458,-0.209440,0.012765,-0.436490,-34.795243,0.076767,-0.003000,0.002642,0.001847,0.006360,0.002642,0.209111,0.225512,-9.805178,0.002965,0.056899,-0.212440,-1.850123,-0.005062,27.000000,0.013045,12.607117,0.158965,0.218592,-0.209440,0.078000,-0.003000,157,0,1,33,33,0.013265,0.028359,-2.119447,-0.403814,-0.268557,9.279236,2.862266,-0.005062,0.025795,7,1,0,0.000000,0,8.899982,0.000000,0.475101,0,0.207715,0.000000,0.002269,8.899982,0.207715,1,1,1,3.758189,0.000000,0.000000,0.000000,0.000000,0.000000,0.000000,0.000000
2.2101,12.642919,0.215387,-1.813609,-0.418879,0.598864,0.015368,0,0.207715,177,0.210816,0.232636,12.642919,0.375839,8.832357,-1.813609,12.643549,8.909067,-1.813609,0.215387,-0.418879,0.012902,-0.436490,-34.795243,0.076710,0.001000,0.000328,0.003998,0.012474,0.000328,0.210816,0.232636,-9.804975,-0.037848,0.073240,-0.417879,-1.870960,-0.005677,27.000000,0.013045,12.643549,0.375839,0.215524,-0.418879,0.078000,0.001000,162,0,1,33,33,-0.027348,0.048978,-2.232306,-0.499222,0.003504,9.703007,2.841429,-0.005677,0.026065,7,1,0,0.000000,0,8.936584,0.000000,0.598864,0,0.207715,0.000000,0.015368,8.936584,0.207715,1,1,1,3.758276,0.000000,0.000000,0.000000,0.000000,0.000000,0.000000,0.000000
2.2201,12.666761,0.201318,-1.365722,-1.466077,0.675134,0.153483,0,0.207715,187,0.240024,0.239154,12.666761,0.325783,8.819633,-1.365722,12.670970,8.896991,-1.365722,0.201318,-1.466077,0.012697,-0.436490,-34.795243,0.077358,0.009000,0.002783,0.001837,0.003081,0.002783,0.240024,0.239154,-9.804147,-0.035841,0.416239,-1.457077,-1.897059,-0.006303,27.000000,0.013045,12.670970,0.325783,0.202486,-1.466077,0.078000,0.009000,167,0,1,33,33,0.006280,0.381857,-2.827875,-7.673098,4.465071,14.403972,2.815330,-0.006303,0.028852,7,1,0,0.000000,0,8.976184,0.000000,0.675134,0,0.207715,0.000000,0.153483,8.976184,0.207715,1,1,1,3.769267,0.000000,0.000000,0.000000,0.000000,0.000000,0.000000,0.000000
2.2301,12.639125,0.188862,-1.169833,-1.151917,0.835992,0.162260,0,0.207715,197,0.251674,0.246391,12.639125,-0.241903,8.805629,-1.169833,12.642303,8.882852,-1.169833,0.188862,-1.151917,0.012824,-0.436490,-34.795243,0.077222,0.011000,0.002543,0.001821,-0.000559,0.002543,0.251674,0.246391,-9.803675,0.267415,-0.350613,-1.140917,-1.923624,-0.007037,27.000000,0.013045,12.642303,-0.241903,0.189447,-1.151917,0.078000,0.011000,172,0,1,33,33,0.224998,-0.408832,-2.305697,-0.269018,-2.682884,6.537062,2.788765,-0.007037,0.029919,7,1,0,0.000000,0,9.018511,0.000000,0.835992,0,0.207715,0.000000,0.162260,9.018511,0.207715,1,1,1,3.769484,0.000000,0.000000,0.000000,0.000000,0.000000,0.000000,0.000000
2.2401,12.628825,0.175290,-0.715895,-1.361357,0.903484,0.200572,0,0.207715,205,0.222521,0.307760,12.628825,-0.104824,8.796669,-0.715895,12.630703,8.874477,-0.715895,0.175290,-1.361357,0.019459,0.430893,35.543155,0.077808,0.021000,0.002806,0.001938,0.001139,0.002806,0.222521,0.307760,-9.802646,-0.205092,-0.005379,-1.340357,-1.945617,-0.007488,27.000000,0.019105,12.630703,-0.104824,0.176408,-1.361357,0.078000,0.021000,177,0,1,33,33,-0.204394,-0.022265,-2.056208,-2.423193,-0.237825,12.130218,2.766772,-0.007488,0.027811,7,1,0,0.000000,0,9.062817,0.000000,0.903484,0,0.207715,0.000000,0.200572,9.062817,0.207715,1,1,1,3.769699,0.000000,0.000000,0.000000,0.000000,0.000000,0.000000,0.000000
2.2501,12.628005,0.163580,-0.526449,-1.151917,1.000000,0.205375,0,0.207715,215,0.235323,0.259706,12.628005,-0.029112,8.791194,-0.526449,12.629265,8.867850,-0.526449,0.163580,-1.151917,0.012824,-0.457542,-38.462814,0.076656,0.026000,0.002482,0.001941,0.000686,0.002482,0.235323,0.259706,-9.803738,-0.046633,0.021446,-1.125917,-1.963875,-0.009397,27.000000,0.013045,12.629265,-0.029112,0.164136,-1.151917,0.077000,0.026000,182,0,1,33,33,-0.044208,0.004889,-1.652565,-1.287537,0.638598,12.455588,2.748514,-0.009397,0.027984,7,1,0,0.000000,0,9.108301,0.000000,1.000000,0,0.207715,0.000000,0.205375,9.108301,0.207715,1,1,1,3.769909,0.000000,0.000000,0.000000,0.000000,0.000000,0.000000,0.000000
2.2601,12.621879,0.156665,-0.494315,-0.733038,1.000000,0.171244,0,0.207715,226,0.238639,0.249496,12.621879,-0.073094,8.783537,-0.494315,12.622265,8.860310,-0.494315,0.156665,-0.733038,0.012691,-0.457542,-38.462814,0.076773,-0.012000,0.000775,0.002006,0.000918,0.000775,0.238639,0.249496,-9.803923,0.196560,-0.088806,-0.745038,-1.978346,-0.008642,27.000000,0.013045,12.622265,-0.073094,0.157233,-0.733038,0.077000,-0.012000,187,0,1,33,33,0.186588,-0.123920,-1.237880,-3.358369,0.323184,10.020183,2.734043,-0.008642,0.028001,7,1,0,0.000000,0,9.154164,0.000000,1.000000,0,0.207715,0.000000,0.171244,9.154164,0.207715,1,1,1,3.770140,0.000000,0.000000,0.000000,0.000000,0.000000,0.000000,0.000000
2.2701,12.614901,0.149935,-0.180669,-0.733038,1.000000,0.182861,0,0.207715,235,0.225561,0.300956,12.614901,-0.066916,8.779919,-0.180669,12.615459,8.856647,-0.180669,0.149935,-0.733038,0.019301,0.363876,24.808501,0.076728,-0.028000,0.002488,0.001836,-0.000204,0.002488,0.225561,0.300956,-9.802788,-0.027566,0.025984,-0.761038,-1.988799,-0.007609,27.000000,0.019105,12.615459,-0.066916,0.150330,-0.733038,0.077000,-0.028000,192,0,1,33,33,-0.024794,0.010461,-0.942085,-1.064152,0.242131,9.714607,2.723590,-0.007609,0.027322,8,1,0,0.000000,0,9.199605,0.000000,1.000000,0,0.207715,0.000000,0.182861,9.199605,0.207715,1,1,1,3.770352,0.000000,0.000000,0.000000,0.000000,0.000000,0.000000,0.000000
2.2801,12.612648,0.145364,-0.024643,-0.523599,1.000000,0.170422,0,0.207715,245,0.232984,0.244584,12.612648,-0.027018,8.776445,-0.024643,12.612869,8.853526,-0.024643,0.145364,-0.523599,0.012705,-0.487386,-42.992758,0.077080,-0.018000,0.002689,0.001864,-0.000208,0.002689,0.232984,0.244584,-9.804183,0.049837,-0.059463,-0.541599,-1.996445,-0.008530,27.000000,0.013045,12.612869,-0.027018,0.145728,-0.523599,0.077000,-0.018000,197,0,1,33,33,0.043711,-0.071291,-0.565381,-1.278048,1.312250,9.782644,2.715944,-0.008530,0.027115,7,1,0,0.000000,0,9.243824,0.000000,1.000000,0,0.207715,0.000000,0.170422,9.243824,0.207715,1,1,1,3.770572,0.000000,0.000000,0.000000,0.000000,0.000000,0.000000,0.000000
2.2901,12.610893,0.142368,-0.126019,-0.314159,1.000000,0.160647,0,0.207715,255,0.240319,0.242162,12.610893,-0.020944,8.773563,-0.126019,12.611048,8.851738,-0.126019,0.142368,-0.314159,0.012592,-0.487386,-42.992758,0.078176,0.007000,0.002917,0.001988,-0.000112,0.002917,0.240319,0.242162,-9.804066,0.010135,0.145662,-0.307159,-2.001224,-0.008374,27.000000,0.013045,12.611048,-0.020944,0.142660,-0.314159,0.078000,0.007000,1,0,1,33,33,0.039260,0.134392,-0.443526,-3.730434,0.300443,10.297256,2.711470,-0.008383,0.027639,7,1,0,0.000000,0,9.286022,0.000000,1.000000,0,0.207715,0.000000,0.160647,9.286022,0.207715,1,1,1,3.770798,0.000000,0.000000,0.000000,0.000000,0.000000,0.000000,0.000000
2.3001,12.609831,0.140951,0.052576,-0.209440,1.000000,0.147702,0,0.207715,10,0.233164,0.301538,12.609831,-0.006597,8.772194,0.052576,12.609801,8.850438,0.052576,0.140951,-0.209440,0.019438,0.397086,30.240296,0.078243,0.020000,0.000838,0.001975,-0.000141,0.000838,0.233164,0.301538,-9.802592,0.036617,-0.099113,-0.189440,-2.003984,-0.007667,27.000000,0.019105,12.609801,-0.006597,0.141126,-0.209440,0.078000,0.020000,6,0,1,33,33,0.026795,-0.104847,-0.134852,-2.444186,1.884298,10.648973,2.708405,-0.007667,0.027855,6,1,0,0.000000,0,9.325461,0.000000,1.000000,0,0.207715,0.000000,0.147702,9.325461,0.207715,1,1,1,3.771017,0.000000,0.000000,0.000000,0.000000,0.000000,0.000000,0.000000
2.3101,12.609941,0.138706,0.389364,-0.314159,1.000000,0.160464,0,0.207715,19,0.226509,0.302531,12.609941,-0.001466,8.775175,0.389364,12.609801,8.852518,0.389364,0.138706,-0.314159,0.019256,0.397086,30.240296,0.077343,0.008000,0.000379,0.002013,-0.000662,0.000379,0.226509,0.302531,-9.802717,-0.055857,-0.098305,-0.306159,-2.004145,-0.008105,27.000000,0.019105,12.609801,-0.001466,0.138825,-0.314159,0.077000,0.008000,11,0,1,33,33,-0.064943,-0.090935,0.084971,-1.533651,0.707587,9.948668,2.708244,-0.008105,0.027136,7,1,0,0.000000,0,9.361901,0.000000,1.000000,0,0.207715,0.000000,0.160464,9.361901,0.207715,1,1,1,3.771223,0.000000,0.000000,0.000000,0.000000,0.000000,0.000000,0.000000
2.3201,12.610956,0.139592,0.344179,0.000000,1.000000,0.127385,0,0.207715,29,0.226717,0.243450,12.610956,0.003560,8.776282,0.344179,12.610185,8.853653,0.344179,0.139592,0.000000,0.012792,-0.535493,-51.238691,0.077371,-0.008000,0.002576,0.001818,-0.000231,0.002576,0.226717,0.243450,-9.804358,-0.038970,-0.072639,-0.008000,-2.002098,-0.008574,27.000000,0.013045,12.610185,0.003560,0.139592,0.000000,0.077000,-0.008000,16,0,1,33,33,-0.045686,-0.064309,0.337029,0.037296,-0.095127,9.970337,2.710291,-0.008574,0.026343,6,1,0,0.000000,0,9.395342,0.000000,1.000000,0,0.207715,0.000000,0.127385,9.395342,0.207715,1,1,1,3.771436,0.000000,0.000000,0.000000,0.000000,0.000000,0.000000,0.000000
2.3301,12.612863,0.141254,0.430269,0.209440,1.000000,0.116312,0,0.207715,39,0.223976,0.242295,12.612863,0.016860,8.779967,0.430269,12.611527,8.857427,0.430269,0.141254,0.209440,0.012720,-0.535493,-51.238691,0.077460,-0.013000,0.002615,0.001972,-0.000611,0.002615,0.223976,0.242295,-9.804449,0.006711,-0.056392,0.196440,-1.996666,-0.008525,27.000000,0.013045,12.611527,0.016860,0.141126,0.209440,0.077000,-0.013000,21,0,1,33,33,0.001345,-0.048798,0.627380,-1.071258,-0.022998,10.276595,2.715723,-0.008525,0.026085,7,1,0,0.000000,0,9.425782,0.000000,1.000000,0,0.207715,0.000000,0.116312,9.425782,0.207715,1,1,1,3.771644,0.000000,0.000000,0.000000,0.000000,0.000000,0.000000,0.000000
2.3401,12.614566,0.145008,0.461349,0.314159,1.000000,0.087865,0,0.207715,49,0.221699,0.245766,12.614566,0.021991,8.782733,0.461349,12.613636,8.860389,0.461349,0.145008,0.314159,0.012965,-0.535493,-51.238691,0.077657,-0.005000,0.002150,0.001832,-0.000335,0.002150,0.221699,0.245766,-9.804415,-0.005006,-0.022839,0.309159,-1.989951,-0.008565,27.000000,0.013045,12.613636,0.021991,0.144961,0.314159,0.077000,-0.005000,26,0,1,33,33,-0.007190,-0.012257,0.770732,-0.774378,-0.589840,9.725577,2.722438,-0.008565,0.025986,7,1,0,0.000000,0,9.453222,0.000000,1.000000,0,0.207715,0.000000,0.087865,9.453222,0.207715,1,1,1,3.771834,0.000000,0.000000,0.000000,0.000000,0.000000,0.000000,0.000000
2.3501,12.618247,0.148891,0.597890,0.314159,1.000000,0.078818,0,0.207715,59,0.219238,0.240827,12.618247,0.037280,8.786592,0.597890,12.616898,8.865320,0.597890,0.148891,0.314159,0.012883,-0.535493,-51.238691,0.078729,0.005000,0.002327,0.001962,-0.000422,0.002327,0.219238,0.240827,-9.804593,0.029781,-0.048929,0.319159,-1.981150,-0.008085,27.000000,0.013045,12.616898,0.037280,0.148796,0.314159,0.078000,0.005000,31,0,1,33,33,0.024901,-0.039765,0.917637,-0.548574,0.669398,9.987208,2.731239,-0.008085,0.025746,7,1,0,0.000000,0,9.477663,0.000000,1.000000,0,0.207715,0.000000,0.078818,9.477663,0.207715,1,1,1,3.772036,0.000000,0.000000,0.000000,0.000000,0.000000,0.000000,0.000000
2.3601,12.621875,0.153526,0.546028,0.418879,1.000000,0.062037,0,0.207715,69,0.215256,0.237082,12.621875,0.039375,8.791325,0.546028,12.620443,8.870058,0.546028,0.153526,0.418879,0.012882,-0.535493,-51.238691,0.078733,0.008000,0.002304,0.001836,-0.000358,0.002304,0.215256,0.237082,-9.804772,0.021927,-0.033978,0.426879,-1.971792,-0.007651,27.000000,0.013045,12.620443,0.039375,0.153398,0.418879,0.078000,0.008000,36,0,1,33,33,0.018497,-0.023425,0.973289,-0.143652,-0.220826,10.074230,2.740597,-0.007651,0.025384,7,1,0,0.000000,0,9.499103,0.000000,1.000000,0,0.207715,0.000000,0.062037,9.499103,0.207715,1,1,1,3.772229,0.000000,0.000000,0.000000,0.000000,0.000000,0.000000,0.000000
2.3701,12.626032,0.158207,0.555980,0.418879,1.000000,0.052208,0,0.207715,79,0.217388,0.233268,12.626032,0.043459,8.797546,0.555980,12.624663,8.875191,0.555980,0.158207,0.418879,0.012781,-0.535493,-51.238691,0.077645,0.002000,0.002460,0.001818,-0.000634,0.002460,0.217388,0.233268,-9.804817,0.003888,0.039400,0.420879,-1.961984,-0.007215,27.000000,0.013045,12.624663,0.043459,0.158000,0.418879,0.077000,0.002000,41,0,1,33,33,0.007746,0.051309,0.976283,-0.318855,0.433065,9.774434,2.750404,-0.007215,0.025633,7,1,0,0.000000,0,9.517543,0.000000,1.000000,0,0.207715,0.000000,0.052208,9.517543,0.207715,1,1,1,3.772421,0.000000,0.000000,0.000000,0.000000,0.000000,0.000000,0.000000
2.3801,12.631370,0.161970,0.643893,0.314159,1.000000,0.053856,0,0.207715,89,0.222088,0.231710,12.631370,0.058748,8.803522,0.643893,12.629839,8.881109,0.643893,0.161970,0.314159,0.012815,-0.535493,-51.238691,0.077588,-0.007000,0.002441,0.001848,0.000009,0.002441,0.222088,0.231710,-9.804748,-0.005903,0.030457,0.307159,-1.952305,-0.006850,27.000000,0.013045,12.629839,0.058748,0.161835,0.314159,0.077000,-0.007000,46,0,1,33,33,-0.002926,0.043071,0.950579,-0.987462,0.109484,9.617620,2.760084,-0.006850,0.026155,6,1,0,0.000000,0,9.532983,0.000000,1.000000,0,0.207715,0.000000,0.053856,9.532983,0.207715,1,1,1,3.772604,0.000000,0.000000,0.000000,0.000000,0.000000,0.000000,0.000000
2.3901,12.638603,0.164215,0.693324,0.209440,1.000000,0.064553,0,0.207715,99,0.218594,0.295165,12.638603,0.075084,8.810375,0.693324,12.637127,8.888014,0.693324,0.164215,0.209440,0.019235,0.344719,21.624982,0.077639,-0.013000,0.002389,0.001861,0.000024,0.002389,0.218594,0.295165,-9.803122,-0.044835,0.035530,0.196440,-1.943177,-0.006816,27.000000,0.019105,12.637127,0.075084,0.164136,0.209440,0.077000,-0.013000,51,0,1,33,33,-0.041382,0.056604,0.888839,-1.099953,-0.578450,9.562782,2.769212,-0.006816,0.026906,7,1,0,0.000000,0,9.545424,0.000000,1.000000,0,0.207715,0.000000,0.064553,9.545424,0.207715,1,1,1,3.772788,0.000000,0.000000,0.000000,0.000000,0.000000,0.000000,0.000000
2.4001,12.646562,0.165670,0.856065,0.000000,1.000000,0.069537,0,0.207715,110,0.233278,0.233728,12.646562,0.080215,8.816339,0.856065,12.646331,8.895114,0.856065,0.165670,0.000000,0.012910,-0.440690,-35.993141,0.078775,-0.008000,0.000307,0.002079,0.000090,0.000307,0.233278,0.233728,-9.804440,-0.007842,0.007185,-0.008000,-1.934592,-0.006674,27.000000,0.013045,12.646331,0.080215,0.165670,0.000000,0.078000,-0.008000,56,0,1,33,33,-0.007200,0.018776,0.847893,-0.596349,0.622152,9.938850,2.777797,-0.006674,0.027387,7,1,0,0.000000,0,9.554864,0.000000,1.000000,0,0.207715,0.000000,0.069537,9.554864,0.207715,1,1,1,3.772974,0.000000,0.000000,0.000000,0.000000,0.000000,0.000000,0.000000
2.4101,12.655973,0.164903,0.846861,0.000000,1.000000,0.093294,0,0.207715,119,0.226943,0.298141,12.655973,0.088383,8.826213,0.846861,12.653426,8.904947,0.846861,0.164903,0.000000,0.019480,0.406203,31.180422,0.078734,0.002000,0.002981,0.001805,-0.000386,0.002981,0.226943,0.298141,-9.802842,-0.047610,0.024266,0.002000,-1.925550,-0.006712,27.000000,0.019105,12.653426,0.088383,0.164903,0.000000,0.078000,0.002000,61,0,1,33,33,-0.047762,0.024957,0.856466,-1.224034,-0.551245,9.677819,2.786244,-0.006695,0.027773,6,1,0,0.000000,0,9.561304,0.000000,1.000000,0,0.207715,0.000000,0.093294,9.561304,0.207715,1,1,1,3.773175,0.000000,0.000000,0.000000,0.000000,0.000000,0.000000,0.000000
2.4201,12.665326,0.164903,0.932863,0.000000,1.000000,0.085624,0,0.207715,129,0.240462,0.233609,12.665326,0.101683,8.834935,0.932863,12.662725,8.913720,0.932863,0.164903,0.000000,0.012641,-0.479394,-42.244003,0.078785,0.011000,0.002855,0.001839,-0.000196,0.002855,0.240462,0.233609,-9.804270,-0.013481,-0.001753,0.011000,-1.916741,-0.006831,27.000000,0.013045,12.662725,0.101683,0.164903,0.000000,0.078000,0.011000,66,0,1,33,33,-0.013568,0.011071,0.943798,-0.356916,0.281585,9.648472,2.795648,-0.006831,0.028093,6,1,0,0.000000,0,9.564745,0.000000,1.000000,0,0.207715,0.000000,0.085624,9.564745,0.207715,1,1,1,3.773361,0.000000,0.000000,0.000000,0.000000,0.000000,0.000000,0.000000
2.4301,12.675323,0.164114,1.113182,-0.104720,1.000000,0.095092,0,0.207715,139,0.243308,0.235114,12.675323,0.105767,8.844892,1.113182,12.672888,8.923837,1.113182,0.164114,-0.104720,0.012944,-0.479394,-42.244003,0.078944,0.010000,0.002196,0.001977,-0.000541,0.002196,0.243308,0.235114,-9.804164,0.005946,-0.004866,-0.094720,-1.907415,-0.006655,27.000000,0.013045,12.672888,0.105767,0.164136,-0.104720,0.078000,0.010000,71,0,1,33,33,0.005669,0.007997,1.018444,-1.166439,-0.382751,9.976233,2.804974,-0.006655,0.028389,7,1,0,0.000000,0,9.565185,0.000000,1.000000,0,0.207715,0.000000,0.095092,9.565185,0.207715,1,1,1,3.773536,0.000000,0.000000,0.000000,0.000000,0.000000,0.000000,0.000000
2.4401,12.686740,0.164136,1.102074,0.000000,1.000000,0.086938,0,0.207715,149,0.246323,0.231851,12.686740,0.118124,8.856644,1.102074,12.684105,8.934609,1.102074,0.164136,0.000000,0.012847,-0.479394,-42.244003,0.077965,0.002000,0.002411,0.001828,-0.000175,0.002411,0.246323,0.231851,-9.804166,0.003303,0.005645,0.002000,-1.896625,-0.006373,27.000000,0.013045,12.684105,0.118124,0.164136,0.000000,0.077000,0.002000,76,0,1,33,33,0.003547,0.019678,1.103912,-0.488662,-0.217476,9.786926,2.815764,-0.006373,0.028638,7,1,0,0.000000,0,9.562625,0.000000,1.000000,0,0.207715,0.000000,0.086938,9.562625,0.207715,1,1,1,3.773727,0.000000,0.000000,0.000000,0.000000,0.000000,0.000000,0.000000
2.4501,12.698974,0.163369,1.221496,0.000000,1.000000,0.096362,0,0.207715,159,0.249686,0.225299,12.698974,0.118124,8.869392,1.221496,12.695611,8.947420,1.221496,0.163369,0.000000,0.012755,-0.479394,-42.244003,0.078027,-0.005000,0.002594,0.001836,-0.000469,0.002594,0.249686,0.225299,-9.804234,0.036315,-0.021787,-0.005000,-1.884594,-0.005772,27.000000,0.013045,12.695611,0.118124,0.163369,0.000000,0.077000,-0.005000,81,0,1,33,33,0.035628,-0.007376,1.216689,-0.902183,0.197708,9.446295,2.827795,-0.005772,0.028853,7,1,0,0.000000,0,9.557120,0.000000,1.000000,0,0.207715,0.000000,0.096362,9.557120,0.207715,1,1,1,3.773916,0.000000,0.000000,0.000000,0.000000,0.000000,0.000000,0.000000
2.4601,12.709051,0.163369,1.347551,0.000000,0.968082,0.088692,0,0.207715,169,0.250931,0.218372,12.709051,0.124198,8.882343,1.347551,12.705486,8.960456,1.347551,0.163369,0.000000,0.012741,-0.479394,-42.244003,0.078112,-0.005000,0.002701,0.001919,-0.002453,0.002701,0.250931,0.218372,-9.804359,0.010360,-0.015332,-0.005000,-1.871575,-0.005069,27.000000,0.013045,12.705486,0.124198,0.163369,0.000000,0.077000,-0.005000,86,0,1,33,33,0.010040,0.001562,1.342640,-0.307660,0.020963,9.846864,2.840814,-0.005069,0.028863,7,1,0,0.000000,0,9.549213,0.000000,0.968082,0,0.207715,0.000000,0.088692,9.549213,0.207715,1,1,1,3.774101,0.000000,0.000000,0.000000,0.000000,0.000000,0.000000,0.000000
2.4701,12.724444,0.164136,1.415679,0.000000,0.912707,0.079488,0,0.207715,179,0.253175,0.215063,12.724444,0.136555,8.894942,1.415679,12.721018,8.972976,1.415679,0.164136,0.000000,0.012876,-0.399556,-28.979597,0.078034,0.000000,0.002436,0.001824,-0.000242,0.002436,0.253175,0.215063,-9.804374,0.007852,0.008056,0.000000,-1.858300,-0.004542,27.000000,0.013045,12.721018,0.136555,0.164136,0.000000,0.077000,0.000000,91,0,1,33,33,0.007901,0.026236,1.415458,-0.444601,0.994914,9.961836,2.854089,-0.004542,0.029048,6,1,0,0.000000,0,9.539666,0.000000,0.912707,0,0.207715,0.000000,0.079488,9.539666,0.207715,1,1,1,3.774279,0.000000,0.000000,0.000000,0.000000,0.000000,0.000000,0.000000
2.4801,12.738175,0.164136,1.476493,0.000000,0.825785,0.087158,0,0.207715,189,0.246717,0.276345,12.738175,0.137497,8.908895,1.476493,12.734153,8.988071,1.476493,0.164136,0.000000,0.019338,0.399390,30.340783,0.079176,0.001000,0.002749,0.001835,-0.000271,0.002749,0.246717,0.276345,-9.803003,-0.034796,-0.003013,0.001000,-1.843233,-0.004354,27.000000,0.019105,12.734153,0.137497,0.164136,0.000000,0.078000,0.001000,96,0,1,33,33,-0.034772,0.025291,1.477280,-1.147972,-0.464557,9.630889,2.869156,-0.004354,0.029419,7,1,0,0.000000,0,9.529129,0.000000,0.825785,0,0.207715,0.000000,0.087158,9.529129,0.207715,1,1,1,3.774468,0.000000,0.000000,0.000000,0.000000,0.000000,0.000000,0.000000
2.4901,12.751819,0.164903,1.539504,0.000000,0.782378,0.077954,0,0.207715,199,0.258654,0.214262,12.751819,0.148807,8.923697,1.539504,12.748054,9.001953,1.539504,0.164903,0.000000,0.012846,-0.436480,-35.343742,0.078256,0.000000,0.002448,0.001990,-0.001654,0.002448,0.258654,0.214262,-9.804249,-0.068631,0.014556,0.000000,-1.828555,-0.004377,27.000000,0.013045,12.748054,0.148807,0.164903,0.000000,0.077000,0.000000,101,0,1,33,33,-0.068916,0.032918,1.539209,-0.146669,0.282169,9.610332,2.883834,-0.004377,0.029599,7,1,0,0.000000,0,9.518033,0.000000,0.782378,0,0.207715,0.000000,0.077954,9.518033,0.207715,1,1,1,3.774641,0.000000,0.000000,0.000000,0.000000,0.000000,0.000000,0.000000
2.5001,12.767873,0.165670,1.574573,0.000000,0.710019,0.076420,0,0.207715,209,0.263864,0.214964,12.767873,0.160012,8.939248,1.574573,12.763490,9.017524,1.574573,0.165670,0.000000,0.012674,-0.436480,-35.343742,0.078276,-0.001000,0.002802,0.001837,-0.001095,0.002802,0.263864,0.214964,-9.804094,-0.064220,0.012706,-0.001000,-1.812208,-0.004509,27.000000,0.013045,12.763490,0.160012,0.165670,0.000000,0.077000,-0.001000,106,0,1,33,33,-0.064634,0.030340,1.573315,-1.363957,-1.103540,10.255975,2.900181,-0.004509,0.030148,7,1,0,0.000000,0,9.506759,0.000000,0.710019,0,0.207715,0.000000,0.076420,9.506759,0.207715,1,1,1,3.774825,0.000000,0.000000,0.000000,0.000000,0.000000,0.000000,0.000000
2.5101,12.781761,0.165670,1.647731,0.000000,0.658361,0.084090,0,0.207715,219,0.267025,0.215410,12.781761,0.153938,8.954949,1.647731,12.777488,9.033264,1.647731,0.165670,0.000000,0.012788,-0.436480,-35.343742,0.078314,-0.004000,0.002604,0.001835,-0.001001,0.002604,0.267025,0.215410,-9.803999,-0.011329,-0.001585,-0.004000,-1.796470,-0.004388,27.000000,0.013045,12.777488,0.153938,0.165670,0.000000,0.077000,-0.004000,111,0,1,33,33,-0.011236,0.018873,1.643624,-0.640852,-0.371728,9.880982,2.915919,-0.004388,0.030473,7,1,0,0.000000,0,9.495822,0.000000,0.658361,0,0.207715,0.000000,0.084090,9.495822,0.207715,1,1,1,3.774991,0.000000,0.000000,0.000000,0.000000,0.000000,0.000000,0.000000
2.5201,12.797249,0.165670,1.706914,0.000000,0.597028,0.084090,0,0.207715,229,0.268311,0.212362,12.797249,0.171322,8.970112,1.706914,12.793690,9.049471,1.706914,0.165670,0.000000,0.012932,-0.436480,-35.343742,0.079359,-0.002000,0.002106,0.002012,-0.001835,0.002106,0.268311,0.212362,-9.804030,0.014461,-0.032712,-0.002000,-1.780275,-0.003915,27.000000,0.013045,12.793690,0.171322,0.165670,0.000000,0.078000,-0.002000,116,0,1,33,33,0.016562,-0.009650,1.705181,-0.222328,-0.004024,9.549985,2.932114,-0.003915,0.030551,7,1,0,0.000000,0,9.484689,0.000000,0.597028,0,0.207715,0.000000,0.084090,9.484689,0.207715,1,1,1,3.775162,0.000000,0.000000,0.000000,0.000000,0.000000,0.000000,0.000000
2.5301,12.814731,0.166437,1.781284,0.000000,0.516821,0.074886,0,0.207715,239,0.271221,0.204359,12.814731,0.165143,8.987386,1.781284,12.809989,9.066809,1.781284,0.166437,0.000000,0.012750,-0.436480,-35.343742,0.079423,0.003000,0.002692,0.001841,-0.000052,0.002692,0.271221,0.204359,-9.804120,0.008964,-0.015019,0.003000,-1.762187,-0.003220,27.000000,0.013045,12.809989,0.165143,0.166437,0.000000,0.078000,0.003000,121,0,1,33,33,0.010163,0.008515,1.784321,-0.515495,-0.639985,9.926220,2.950202,-0.003220,0.030722,7,1,0,0.000000,0,9.472559,0.000000,0.516821,0,0.207715,0.000000,0.074886,9.472559,0.207715,1,1,1,3.775343,0.000000,0.000000,0.000000,0.000000,0.000000,0.000000,0.000000
2.5401,12.830327,0.167204,1.825302,0.000000,0.442239,0.073352,0,0.207715,249,0.273535,0.199798,12.830327,0.173311,9.004208,1.825302,12.826096,9.083654,1.825302,0.167204,0.000000,0.012912,-0.436480,-35.343742,0.079446,0.002000,0.002306,0.001870,-0.001412,0.002306,0.273535,0.199798,-9.804150,0.014297,-0.002065,0.002000,-1.744593,-0.002537,27.000000,0.013045,12.826096,0.173311,0.167204,0.000000,0.078000,0.002000,126,0,1,33,33,0.014429,0.022919,1.827158,-0.250989,0.457192,10.147966,2.967796,-0.002537,0.030889,7,1,0,0.000000,0,9.458632,0.000000,0.442239,0,0.207715,0.000000,0.073352,9.458632,0.207715,1,1,1,3.775508,0.000000,0.000000,0.000000,0.000000,0.000000,0.000000,0.000000
2.5501,12.849152,0.167971,1.881525,0.000000,0.329673,0.071818,0,0.207715,3,0.276422,0.193437,12.849152,0.184621,9.022692,1.881525,12.843930,9.102170,1.881525,0.167971,0.000000,0.012757,-0.436480,-35.343742,0.079478,0.001000,0.002800,0.001821,-0.000985,0.002800,0.276422,0.193437,-9.804197,-0.001678,-0.010300,0.001000,-1.725323,-0.001980,27.000000,0.013045,12.843930,0.184621,0.167971,0.000000,0.078000,0.001000,131,0,1,33,33,-0.000487,0.013591,1.882505,-0.659779,-0.692721,9.542780,2.987066,-0.001980,0.031083,7,1,0,0.000000,0,9.442124,0.000000,0.329673,0,0.207715,0.000000,0.071818,9.442124,0.207715,1,1,1,3.775687,0.000000,0.000000,0.000000,0.000000,0.000000,0.000000,0.000000
2.5601,12.865059,0.169505,1.916628,0.000000,0.243194,0.061081,0,0.207715,13,0.277951,0.190173,12.865059,0.176348,9.040579,1.916628,12.860516,9.119072,1.916628,0.169505,0.000000,0.012881,-0.436480,-35.343742,0.078493,0.000000,0.002378,0.002010,-0.001628,0.002378,0.277951,0.190173,-9.804217,-0.018901,-0.009241,0.000000,-1.706900,-0.001454,27.000000,0.013045,12.860516,0.176348,0.169505,0.000000,0.077000,0.000000,136,0,1,33,33,-0.017553,0.013088,1.916619,-0.010962,-0.093149,9.807628,3.005489,-0.001454,0.031203,7,1,0,0.000000,0,9.422634,0.000000,0.243194,0,0.207715,0.000000,0.061081,9.422634,0.207715,1,1,1,3.775845,0.000000,0.000000,0.000000,0.000000,0.000000,0.000000,0.000000
2.5701,12.884376,0.169505,1.941204,0.000000,0.096132,0.076420,0,0.207715,23,0.281503,0.183847,12.884376,0.192789,9.060670,1.941204,12.878828,9.139165,1.941204,0.169505,0.000000,0.012656,-0.436480,-35.343742,0.078494,-0.003000,0.002855,0.001981,-0.001357,0.002855,0.281503,0.183847,-9.804237,-0.030191,0.003428,-0.003000,-1.686819,-0.000982,27.000000,0.013045,12.878828,0.192789,0.169505,0.000000,0.077000,-0.003000,141,0,1,33,33,-0.030366,0.023453,1.938063,-0.753632,-0.681778,10.203188,3.025570,-0.000982,0.031451,7,1,0,0.000000,0,9.400144,0.000000,0.096132,0,0.207715,0.000000,0.076420,9.400144,0.207715,1,1,1,3.776008,0.000000,0.000000,0.000000,0.000000,0.000000,0.000000,0.000000
2.5801,12.901946,0.170272,1.951457,0.000000,-0.001242,0.067216,0,0.207715,33,0.284213,0.182468,12.901946,0.190695,9.077774,1.951457,12.896949,9.157274,1.951457,0.170272,0.000000,0.012809,-0.436480,-35.343742,0.079500,-0.002000,0.002543,0.001791,-0.001189,0.002543,0.284213,0.182468,-9.804184,-0.007419,0.023444,-0.002000,-1.667952,-0.000620,27.000000,0.013045,12.896949,0.190695,0.170272,0.000000,0.078000,-0.002000,146,0,1,33,33,-0.011176,0.046872,1.949017,0.056252,-0.273259,9.681446,3.044437,-0.000620,0.031710,7,1,0,0.000000,0,9.374653,0.000000,-0.001242,0,0.207715,0.000000,0.067216,9.374653,0.207715,1,1,1,3.776165,0.000000,0.000000,0.000000,0.000000,0.000000,0.000000,0.000000
2.5901,12.920739,0.171039,1.991122,0.000000,-0.129333,0.065682,0,0.207715,43,0.289450,0.180999,12.920739,0.200957,9.096299,1.991122,12.916412,9.175828,1.991122,0.171039,0.000000,0.012969,-0.436480,-35.343742,0.079528,-0.001000,0.002179,0.001845,0.000246,0.002179,0.289450,0.180999,-9.804058,-0.020771,0.031205,-0.001000,-1.648641,-0.000198,27.000000,0.013045,12.916412,0.200957,0.171039,0.000000,0.078000,-0.001000,151,0,1,33,33,-0.026112,0.052701,1.989606,-0.644486,0.143421,9.206656,3.063748,-0.000198,0.032221,7,1,0,0.000000,0,9.346199,0.000000,-0.129333,0,0.207715,0.000000,0.065682,9.346199,0.207715,1,1,1,3.776322,0.000000,0.000000,0.000000,0.000000,0.000000,0.000000,0.000000
2.6001,12.935817,0.171806,2.062340,0.000000,-0.272655,0.064149,0,0.207715,53,0.292377,0.175893,12.935817,0.132366,9.116423,2.062340,12.930409,9.196001,2.062340,0.171806,0.000000,0.012760,-0.436480,-35.343742,0.079578,0.001000,0.002639,0.001998,-0.002571,0.002639,0.292377,0.175893,-9.804064,-0.038150,-0.025339,0.001000,-1.627710,0.000182,27.000000,0.013045,12.930409,0.132366,0.171806,0.000000,0.078000,0.001000,156,0,1,33,33,-0.032432,-0.006006,2.063585,-0.494737,-0.863788,10.239809,3.084679,0.000182,0.032436,7,1,0,0.000000,0,9.315256,0.000000,-0.272655,0,0.207715,0.000000,0.064149,9.315256,0.207715,1,1,1,3.776481,0.000000,0.000000,0.000000,0.000000,0.000000,0.000000,0.000000
2.6101,12.934550,0.174189,1.940056,0.209440,-0.369719,0.043218,0,0.207715,63,0.289431,0.173936,12.934550,-0.021991,9.134469,1.940056,12.929451,9.214020,1.940056,0.174189,0.209440,0.012873,-0.436480,-35.343742,0.079551,0.003000,0.002394,0.001833,-0.004885,0.002394,0.289431,0.173936,-9.804187,-0.025039,-0.048030,0.212440,-1.607318,0.000517,27.000000,0.013045,12.929451,-0.021991,0.174107,0.209440,0.078000,0.003000,161,0,1,33,33,-0.015310,-0.024244,2.152986,0.793088,-0.106050,10.114275,3.105071,0.000517,0.032136,7,1,0,0.000000,0,9.282589,0.000000,-0.369719,0,0.207715,0.000000,0.043218,9.282589,0.207715,1,1,1,3.776577,0.000000,0.000000,0.000000,0.000000,0.000000,0.000000,0.000000
2.6201,12.912721,0.177453,1.891873,0.314159,-0.498828,0.027891,0,0.207715,73,0.287163,0.167363,12.912721,-0.239808,9.154175,1.891873,12.907112,9.233360,1.891873,0.177453,0.314159,0.012659,-0.436480,-35.343742,0.079185,0.000000,0.002872,0.001839,-0.007747,0.002872,0.287163,0.167363,-9.804368,-0.016221,-0.042188,0.314159,-1.584730,0.001027,27.000000,0.013045,12.907112,-0.239808,0.177175,0.314159,0.078000,0.000000,166,0,1,33,33,-0.008899,-0.016386,2.206416,0.135805,-1.218908,9.595431,3.127659,0.001027,0.031830,6,1,0,0.000000,0,9.248932,0.000000,-0.498828,0,0.207715,0.000000,0.027891,9.248932,0.207715,1,1,1,3.776572,0.000000,0.000000,0.000000,0.000000,0.000000,0.000000,0.000000
2.6301,12.874220,0.183611,1.765385,0.628319,-0.567892,-0.013376,0,0.207715,83,0.280473,0.162923,12.874220,-0.389139,9.169881,1.765385,12.869528,9.249325,1.765385,0.183611,0.628319,0.012836,-0.436480,-35.343742,0.079445,-0.009000,0.002465,0.001833,-0.008654,0.002465,0.280473,0.162923,-9.804636,-0.048954,-0.149274,0.619319,-1.562627,0.001721,27.000000,0.013045,12.869528,-0.389139,0.183311,0.628319,0.078000,-0.009000,171,0,1,33,33,-0.030079,-0.123567,2.386486,2.755775,-0.615432,10.407117,-3.133423,0.001721,0.031147,7,1,0,0.000000,0,9.214977,0.000000,-0.567892,0,0.207715,0.000000,-0.013376,9.214977,0.207715,1,1,1,3.773754,0.000000,0.000000,0.000000,0.000000,0.000000,0.000000,0.000000
2.6401,12.872438,0.198993,1.364287,1.466077,-0.597006,-0.136372,0,0.207715,93,0.248265,0.158701,12.872438,0.092572,9.180152,1.364287,12.872118,9.259850,1.364287,0.198993,1.466077,0.012943,-0.436480,-35.343742,0.079698,-0.012000,0.000233,0.001831,-0.002537,0.000233,0.248265,0.158701,-9.805574,0.149756,-0.244636,1.454077,-1.536737,0.002082,27.000000,0.013045,12.872118,0.092572,0.198651,1.466077,0.078000,-0.012000,176,0,1,33,33,0.175042,-0.190734,2.821068,3.331080,-1.304730,6.610675,-3.107533,0.002082,0.028010,7,1,0,0.000000,0,9.181477,0.000000,-0.597006,0,0.207715,0.000000,-0.136372,9.181477,0.207715,1,1,1,3.766113,0.000000,0.000000,0.000000,0.000000,0.000000,0.000000,0.000000
2.6501,12.897461,0.212518,1.069963,1.151917,-0.704658,-0.144857,0,0.207715,103,0.253852,0.158094,12.897461,0.187658,9.194460,1.069963,12.894359,9.273219,1.069963,0.212518,1.151917,0.012731,-0.436480,-35.343742,0.078759,-0.009000,0.002693,0.001836,-0.000456,0.002693,0.253852,0.158094,-9.805441,-0.055318,0.335981,1.142917,-1.509846,0.002431,27.000000,0.013045,12.894359,0.187658,0.211690,1.151917,0.078000,-0.009000,181,0,1,33,33,-0.094674,0.355223,2.208537,-0.855418,0.673122,9.671223,-3.080643,0.002431,0.028698,7,1,0,0.000000,0,9.149186,0.000000,-0.704658,0,0.207715,0.000000,-0.144857,9.149186,0.207715,1,1,1,3.765879,0.000000,0.000000,0.000000,0.000000,0.000000,0.000000,0.000000
2.6601,12.900050,0.225229,0.589294,1.256637,-0.692839,-0.162139,0,0.207715,113,0.257597,0.156433,12.900050,0.042412,9.201039,0.589294,12.898483,9.279824,0.589294,0.225229,1.256637,0.012871,-0.436480,-35.343742,0.078786,-0.024000,0.002386,0.001805,-0.001588,0.002386,0.257597,0.156433,-9.805370,0.188322,-0.160194,1.232637,-1.490546,0.003186,27.000000,0.013045,12.898483,0.042412,0.224728,1.256637,0.078000,-0.024000,186,0,1,33,33,0.204555,-0.115409,1.823567,1.803424,-0.006604,9.072755,-3.061342,0.003186,0.029161,7,1,0,0.000000,0,9.118727,0.000000,-0.692839,0,0.207715,0.000000,-0.162139,9.118727,0.207715,1,1,1,3.765666,0.000000,0.000000,0.000000,0.000000,0.000000,0.000000,0.000000
2.6701,12.902405,0.237041,0.380266,1.047198,-0.717694,-0.176766,0,0.207715,123,0.249668,0.138349,12.902405,0.045448,9.206342,0.380266,12.901647,9.284646,0.380266,0.237041,1.047198,0.012708,-0.436480,-35.343742,0.078305,-0.010000,0.002626,0.001989,0.000321,0.002626,0.249668,0.138349,-9.805846,0.087742,-0.017427,1.037198,-1.473956,0.004971,27.000000,0.013045,12.901647,0.045448,0.236233,1.047198,0.078000,-0.010000,191,0,1,33,33,0.089035,0.009344,1.417460,2.838729,-1.326559,8.361524,-3.044752,0.004971,0.028054,7,1,0,0.000000,0,9.090591,0.000000,-0.717694,0,0.207715,0.000000,-0.176766,9.090591,0.207715,1,1,1,3.765427,0.000000,0.000000,0.000000,0.000000,0.000000,0.000000,0.000000
2.6801,12.909242,0.244415,0.235003,0.733038,-0.751387,-0.147141,0,0.207715,133,0.252194,0.139122,12.909242,0.064926,9.211113,0.235003,12.908358,9.289465,0.235003,0.244415,0.733038,0.012700,-0.494589,-45.062839,0.078351,0.021000,0.002841,0.001860,0.000189,0.002841,0.252194,0.139122,-9.805771,-0.084044,0.113376,0.754038,-1.461766,0.005155,27.000000,0.013045,12.908358,0.064926,0.243903,0.733038,0.078000,0.021000,196,0,1,33,33,-0.094782,0.117118,0.987634,1.627064,0.223900,11.314437,-3.032562,0.005155,0.028380,7,1,0,0.000000,0,9.065136,0.000000,-0.751387,0,0.207715,0.000000,-0.147141,9.065136,0.207715,1,1,1,3.765201,0.000000,0.000000,0.000000,0.000000,0.000000,0.000000,0.000000
2.6901,12.912259,0.248742,0.254387,0.314159,-0.769772,-0.125325,0,0.207715,143,0.256010,0.146545,12.912259,0.037280,9.214622,0.254387,12.911906,9.292914,0.254387,0.248742,0.314159,0.012672,-0.494589,-45.062839,0.078292,0.020000,0.002772,0.001999,-0.000046,0.002772,0.256010,0.146545,-9.805564,0.022150,0.038530,0.334159,-1.453974,0.004613,27.000000,0.013045,12.911906,0.037280,0.248505,0.314159,0.078000,0.020000,0,0,1,33,33,0.018308,0.047952,0.587986,0.532534,-0.199116,9.117846,-3.024770,0.004613,0.028976,7,1,0,0.000000,0,9.041826,0.000000,-0.769772,0,0.207715,0.000000,-0.125325,9.041826,0.207715,1,1,1,3.764978,0.000000,0.000000,0.000000,0.000000,0.000000,0.000000,0.000000
2.7001,12.913786,0.252537,-0.004035,0.314159,-0.770370,-0.127588,0,0.207715,153,0.254773,0.142766,12.913786,0.022934,9.215209,-0.004035,12.913727,9.293298,-0.004035,0.252537,0.314159,0.012736,-0.494589,-45.062839,0.078089,0.002000,0.002603,0.001836,0.000084,0.002603,0.254773,0.142766,-9.805652,0.038705,-0.011584,0.316159,-1.449808,0.005128,27.000000,0.013045,12.913727,0.022934,0.252340,0.314159,0.078000,0.002000,5,0,1,33,33,0.039628,-0.003890,0.312200,2.447129,-0.641355,9.392191,-3.020604,0.005128,0.028788,7,1,0,0.000000,0,9.019861,0.000000,-0.770370,0,0.207715,0.000000,-0.127588,9.019861,0.207715,1,1,1,3.764759,0.000000,0.000000,0.000000,0.000000,0.000000,0.000000,0.000000
2.7101,12.914427,0.255473,0.014189,0.209440,-0.799389,-0.124882,0,0.207715,163,0.249479,0.140337,12.914427,0.009634,9.214829,0.014189,12.914590,9.292921,0.014189,0.255473,0.209440,0.012891,-0.494589,-45.062839,0.078091,-0.013000,0.002312,0.002001,-0.000016,0.002312,0.249479,0.140337,-9.805823,0.010372,0.030165,0.196440,-1.447258,0.005471,27.000000,0.013045,12.914590,0.009634,0.255408,0.209440,0.078000,-0.013000,10,0,1,33,33,0.007539,0.033707,0.210211,2.534613,-0.685329,9.860756,-3.018054,0.005471,0.028225,6,1,0,0.000000,0,8.998440,0.000000,-0.799389,0,0.207715,0.000000,-0.124882,8.998440,0.207715,1,1,1,3.764548,0.000000,0.000000,0.000000,0.000000,0.000000,0.000000,0.000000
2.7201,12.914060,0.256175,-0.141503,0.000000,-0.842083,-0.103937,0,0.207715,173,0.254288,0.143197,12.914060,0.000419,9.214478,-0.141503,12.914303,9.292409,-0.141503,0.256175,0.000000,0.012669,-0.494589,-45.062839,0.077931,-0.009000,0.002751,0.001836,-0.000081,0.002751,0.254288,0.143197,-9.805658,0.009926,0.097622,-0.009000,-1.447057,0.005111,27.000000,0.013045,12.914303,0.000419,0.256175,0.000000,0.078000,-0.009000,15,0,1,33,33,0.000963,0.096206,-0.151734,1.364938,-0.154041,9.377242,-3.017854,0.005111,0.028778,7,1,0,0.000000,0,8.976835,0.000000,-0.842083,0,0.207715,0.000000,-0.103937,8.976835,0.207715,1,1,1,3.764323,0.000000,0.000000,0.000000,0.000000,0.000000,0.000000,0.000000
2.7301,12.912723,0.256175,-0.421269,0.000000,-0.855466,-0.096919,0,0.207715,183,0.262064,0.142596,12.912723,-0.008692,9.211700,-0.421269,12.913727,9.289479,-0.421269,0.256175,0.000000,0.012743,-0.494589,-45.062839,0.077779,0.002000,0.002632,0.001831,0.000398,0.002632,0.262064,0.142596,-9.805462,0.094833,0.090792,0.002000,-1.449994,0.005445,27.000000,0.013045,12.913727,-0.008692,0.256175,0.000000,0.078000,0.002000,20,0,1,33,33,0.086272,0.093613,-0.420496,1.058635,0.402763,9.966434,-3.020791,0.005445,0.029530,7,1,0,0.000000,0,8.955212,0.000000,-0.855466,0,0.207715,0.000000,-0.096919,8.955212,0.207715,1,1,1,3.764113,0.000000,0.000000,0.000000,0.000000,0.000000,0.000000,0.000000
2.7401,12.912123,0.253754,-0.351410,-0.314159,-0.883457,-0.067870,0,0.207715,193,0.270247,0.139479,12.912123,-0.015813,9.208794,-0.351410,12.912289,9.286537,-0.351410,0.253754,-0.314159,0.012856,-0.494589,-45.062839,0.077743,0.013000,0.000381,0.002002,0.000825,0.000381,0.270247,0.139479,-9.805285,0.051989,0.066296,-0.301159,-1.455372,0.006003,27.000000,0.013045,12.912289,-0.015813,0.253874,-0.314159,0.078000,0.013000,25,0,1,33,33,0.045678,0.062396,-0.653425,0.247565,0.027760,10.096124,-3.026169,0.006003,0.030240,7,1,0,0.000000,0,8.934360,0.000000,-0.883457,0,0.207715,0.000000,-0.067870,8.934360,0.207715,1,1,1,3.763910,0.000000,0.000000,0.000000,0.000000,0.000000,0.000000,0.000000
2.7501,12.909199,0.249137,-0.363753,-0.523599,-0.898455,-0.036675,0,0.207715,203,0.261494,0.201262,12.909199,-0.021991,9.205828,-0.363753,12.910180,9.283430,-0.363753,0.249137,-0.523599,0.019207,0.397705,29.603448,0.077602,0.011000,0.002228,0.001891,0.000286,0.002228,0.261494,0.201262,-9.804449,-0.003158,0.071985,-0.512599,-1.463121,0.005888,27.000000,0.019105,12.910180,-0.021991,0.249272,-0.523599,0.078000,0.011000,30,0,1,33,33,-0.009879,0.054529,-0.877561,0.320312,0.628183,9.489697,-3.033917,0.005888,0.030897,7,1,0,0.000000,0,8.915078,0.000000,-0.898455,0,0.207715,0.000000,-0.036675,8.915078,0.207715,1,1,1,3.763713,0.000000,0.000000,0.000000,0.000000,0.000000,0.000000,0.000000
2.7601,12.906653,0.243740,-0.343337,-0.628319,-0.893278,-0.018076,0,0.207715,213,0.278843,0.148438,12.906653,-0.029112,9.201902,-0.343337,12.907400,9.279565,-0.343337,0.243740,-0.628319,0.012931,-0.439535,-35.998165,0.077663,0.000000,0.002259,0.001847,0.000207,0.002259,0.278843,0.148438,-9.804913,-0.062402,0.033754,-0.628319,-1.472336,0.005100,27.000000,0.013045,12.907400,-0.029112,0.243903,-0.628319,0.078000,0.000000,35,0,1,33,33,-0.065365,0.015016,-0.971931,-0.165031,0.099893,9.656341,-3.043132,0.005100,0.031241,6,1,0,0.000000,0,8.898165,0.000000,-0.893278,0,0.207715,0.000000,-0.018076,8.898165,0.207715,1,1,1,3.763514,0.000000,0.000000,0.000000,0.000000,0.000000,0.000000,0.000000
2.7701,12.904323,0.238352,-0.358129,-0.628319,-0.875270,-0.007395,0,0.207715,224,0.277568,0.156612,12.904323,-0.036233,9.197397,-0.358129,12.904428,9.274960,-0.358129,0.238352,-0.628319,0.012918,-0.439535,-35.998165,0.077563,-0.011000,0.000290,0.001999,0.000721,0.000290,0.277568,0.156612,-9.804822,-0.054583,0.025272,-0.639319,-1.482302,0.004078,27.000000,0.013045,12.904428,-0.036233,0.238534,-0.628319,0.078000,-0.011000,40,0,1,33,33,-0.056825,0.006833,-0.997619,0.382039,-0.436226,9.727873,-3.053098,0.004078,0.031269,7,1,0,0.000000,0,8.884187,0.000000,-0.875270,0,0.207715,0.000000,-0.007395,8.884187,0.207715,1,1,1,3.763320,0.000000,0.000000,0.000000,0.000000,0.000000,0.000000,0.000000
2.7801,12.898732,0.232967,-0.488889,-0.523599,-0.853822,0.003348,0,0.207715,233,0.276512,0.161987,12.898732,-0.045448,9.192468,-0.488889,12.899922,9.270005,-0.488889,0.232967,-0.523599,0.012879,-0.439535,-35.998165,0.077537,-0.011000,0.002468,0.001934,-0.000125,0.002468,0.276512,0.161987,-9.804764,-0.030925,0.004285,-0.534599,-1.492622,0.003313,27.000000,0.013045,12.899922,-0.045448,0.233165,-0.523599,0.078000,-0.011000,45,0,1,33,33,-0.031198,-0.011986,-1.023418,-0.026809,-0.587889,10.376871,-3.063419,0.003313,0.031243,7,1,0,0.000000,0,8.873209,0.000000,-0.853822,0,0.207715,0.000000,0.003348,8.873209,0.207715,1,1,1,3.763129,0.000000,0.000000,0.000000,0.000000,0.000000,0.000000,0.000000
2.7901,12.893432,0.229078,-0.431990,-0.523599,-0.817309,-0.003833,0,0.207715,243,0.273041,0.165004,12.893432,-0.060842,9.186339,-0.431990,12.893688,9.264004,-0.431990,0.229078,-0.523599,0.012833,-0.439535,-35.998165,0.077665,0.000000,0.000482,0.002000,0.001081,0.000482,0.273041,0.165004,-9.804811,-0.002787,-0.015305,-0.523599,-1.502500,0.002767,27.000000,0.013045,12.893688,-0.060842,0.229330,-0.523599,0.078000,0.000000,50,0,1,33,33,-0.001277,-0.027766,-0.955311,0.575517,-1.048678,9.769696,-3.073296,0.002767,0.030930,7,1,0,0.000000,0,8.865232,0.000000,-0.817309,0,0.207715,0.000000,-0.003833,8.865232,0.207715,1,1,1,3.762937,0.000000,0.000000,0.000000,0.000000,0.000000,0.000000,0.000000
2.8001,12.886311,0.226891,-0.587501,-0.314159,-0.775298,-0.016477,0,0.207715,253,0.267832,0.164708,12.886311,-0.064926,9.179546,-0.587501,12.887746,9.257172,-0.587501,0.226891,-0.314159,0.012851,-0.439535,-35.998165,0.077626,0.012000,0.002452,0.001977,0.000297,0.002452,0.267832,0.164708,-9.804960,0.032505,-0.028803,-0.302159,-1.511518,0.002627,27.000000,0.013045,12.887746,-0.064926,0.227029,-0.314159,0.078000,0.012000,55,0,1,33,33,0.035041,-0.037089,-0.889257,0.829692,-0.023407,9.617468,-3.082314,0.002627,0.030384,7,1,0,0.000000,0,8.860254,0.000000,-0.775298,0,0.207715,0.000000,-0.016477,8.860254,0.207715,1,1,1,3.762750,0.000000,0.000000,0.000000,0.000000,0.000000,0.000000,0.000000
2.8101,12.877651,0.226225,-0.778592,-0.104720,-0.721313,-0.030367,0,0.207715,7,0.264364,0.164014,12.877651,-0.086394,9.171523,-0.778592,12.879499,9.249151,-0.778592,0.226225,-0.104720,0.012889,-0.439535,-35.998165,0.077627,0.013000,0.002368,0.001986,0.000937,0.002368,0.264364,0.164014,-9.805066,0.033238,-0.022622,-0.091720,-1.520206,0.002635,27.000000,0.013045,12.879499,-0.086394,0.226262,-0.104720,0.078000,0.013000,60,0,1,33,33,0.035040,-0.030933,-0.869986,0.432942,-1.052525,10.075818,-3.091002,0.002635,0.030017,6,1,0,0.000000,0,8.858276,0.000000,-0.721313,0,0.207715,0.000000,-0.030367,8.858276,0.207715,1,1,1,3.762562,0.000000,0.000000,0.000000,0.000000,0.000000,0.000000,0.000000
2.8201,12.868536,0.226262,-0.893293,0.000000,-0.663992,-0.037465,0,0.207715,17,0.260571,0.162992,12.868536,-0.092572,9.162890,-0.893293,12.870584,9.240360,-0.893293,0.226262,0.000000,0.012919,-0.439535,-35.998165,0.077470,0.004000,0.002322,0.002012,0.001011,0.002322,0.260571,0.162992,-9.805184,0.036246,-0.013423,0.004000,-1.528963,0.002681,27.000000,0.013045,12.870584,-0.092572,0.226262,0.000000,0.078000,0.004000,65,0,1,33,33,0.037160,-0.022124,-0.889081,0.839559,0.107049,9.896327,-3.099759,0.002681,0.029617,7,1,0,0.000000,0,8.859298,0.000000,-0.663992,0,0.207715,0.000000,-0.037465,8.859298,0.207715,1,1,1,3.762373,0.000000,0.000000,0.000000,0.000000,0.000000,0.000000,0.000000
2.8301,12.859120,0.227029,-0.929972,0.000000,-0.594892,-0.046298,0,0.207715,27,0.254797,0.162387,12.859120,-0.098646,9.153029,-0.929972,12.861283,9.230446,-0.929972,0.227029,0.000000,0.012965,-0.439535,-35.998165,0.077417,-0.005000,0.002321,0.001829,0.000919,0.002321,0.254797,0.162387,-9.805346,0.029839,-0.047813,-0.005000,-1.538111,0.002677,27.000000,0.013045,12.861283,-0.098646,0.227029,0.000000,0.078000,-0.005000,70,0,1,33,33,0.032915,-0.057869,-0.934301,1.039628,-0.030853,9.454832,-3.108907,0.002677,0.029037,7,1,0,0.000000,0,8.863320,0.000000,-0.594892,0,0.207715,0.000000,-0.046298,8.863320,0.207715,1,1,1,3.762184,0.000000,0.000000,0.000000,0.000000,0.000000,0.000000,0.000000
2.8401,12.847015,0.227796,-0.995287,0.000000,-0.523668,-0.047832,0,0.207715,38,0.250636,0.160694,12.847015,-0.112993,9.142541,-0.995287,12.847381,9.219920,-0.995287,0.227796,0.000000,0.012883,-0.439535,-35.998165,0.077379,-0.007000,0.000369,0.001988,-0.002347,0.000369,0.250636,0.160694,-9.805481,0.006929,-0.006033,-0.007000,-1.547872,0.002690,27.000000,0.013045,12.847381,-0.112993,0.227796,0.000000,0.078000,-0.007000,75,0,1,33,33,0.007238,-0.018570,-1.002131,1.069669,-0.309901,9.595603,-3.118668,0.002690,0.028592,7,1,0,0.000000,0,8.870343,0.000000,-0.523668,0,0.207715,0.000000,-0.047832,8.870343,0.207715,1,1,1,3.761997,0.000000,0.000000,0.000000,0.000000,0.000000,0.000000,0.000000
2.8501,12.838222,0.229330,-1.095069,0.000000,-0.431226,-0.058570,0,0.207715,47,0.247473,0.161854,12.838222,-0.121161,9.130302,-1.095069,12.838657,9.207614,-1.095069,0.229330,0.000000,0.012870,-0.439535,-35.998165,0.077313,-0.005000,0.000398,0.001987,0.002154,0.000398,0.247473,0.161854,-9.805542,0.003335,0.009569,-0.005000,-1.558639,0.002532,27.000000,0.013045,12.838657,-0.121161,0.229330,0.000000,0.078000,-0.005000,80,0,1,33,33,0.002925,-0.004456,-1.100103,1.259289,0.450563,9.976615,-3.129436,0.002532,0.028321,7,1,0,0.000000,0,8.880365,0.000000,-0.431226,0,0.207715,0.000000,-0.058570,8.880365,0.207715,1,1,1,3.761811,0.000000,0.000000,0.000000,0.000000,0.000000,0.000000,0.000000
2.8601,12.824103,0.229330,-1.271687,0.000000,-0.354430,-0.043230,0,0.207715,57,0.248357,0.166175,12.824103,-0.118124,9.118433,-1.271687,12.827344,9.195631,-1.271687,0.229330,0.000000,0.012765,-0.439535,-35.998165,0.077198,0.000000,0.002637,0.001972,0.000811,0.002637,0.248357,0.166175,-9.805448,-0.033854,0.061967,0.000000,-1.570609,0.002019,27.000000,0.013045,12.827344,-0.118124,0.229330,0.000000,0.078000,0.000000,85,0,1,33,33,-0.035600,0.044742,-1.272362,0.352309,-0.224465,9.615137,-3.141406,0.002019,0.028509,7,1,0,0.000000,0,8.893387,0.000000,-0.354430,0,0.207715,0.000000,-0.043230,8.893387,0.207715,1,1,1,3.761617,0.000000,0.000000,0.000000,0.000000,0.000000,0.000000,0.000000
2.8701,12.810742,0.229330,-1.411108,0.000000,-0.242295,-0.043230,0,0.207715,67,0.248966,0.174234,12.810742,-0.133413,9.104359,-1.411108,12.814783,9.181470,-1.411108,0.229330,0.000000,0.012718,-0.439535,-35.998165,0.077112,0.002000,0.002870,0.001823,0.000398,0.002870,0.248966,0.174234,-9.805292,-0.039475,0.026600,0.002000,-1.584748,0.001186,27.000000,0.013045,12.814783,-0.133413,0.229330,0.000000,0.078000,0.002000,90,0,1,33,33,-0.039871,0.008080,-1.409325,0.781547,0.081631,9.628062,3.127641,0.001186,0.028756,7,1,0,0.000000,0,8.909409,0.000000,-0.242295,0,0.207715,0.000000,-0.043230,8.909409,0.207715,1,1,1,3.761431,0.000000,0.000000,0.000000,0.000000,0.000000,0.000000,0.000000
2.8801,12.797308,0.229330,-1.488555,0.000000,-0.146925,-0.043230,0,0.207715,77,0.247488,0.182451,12.797308,-0.145665,9.090334,-1.488555,12.800977,9.167393,-1.488555,0.229330,0.000000,0.012765,-0.439535,-35.998165,0.077059,0.002000,0.002485,0.001835,0.000563,0.002485,0.247488,0.182451,-9.805180,-0.041999,0.000357,0.002000,-1.598806,0.000383,27.000000,0.013045,12.800977,-0.145665,0.229330,0.000000,0.078000,0.002000,95,0,1,33,33,-0.042000,-0.018685,-1.486438,-0.006438,-1.092423,10.189978,3.113583,0.000383,0.028800,7,1,0,0.000000,0,8.928431,0.000000,-0.146925,0,0.207715,0.000000,-0.043230,8.928431,0.207715,1,1,1,3.761257,0.000000,0.000000,0.000000,0.000000,0.000000,0.000000,0.000000
2.8901,12.784112,0.227760,-1.487867,-0.104720,-0.054718,-0.024384,0,0.207715,87,0.243517,0.190719,12.784112,-0.140639,9.076974,-1.487867,12.787554,9.154148,-1.487867,0.227760,-0.104720,0.012892,-0.439535,-35.998165,0.077174,0.000000,0.002354,0.001855,0.000961,0.002354,0.243517,0.190719,-9.805122,-0.025248,0.026569,-0.104720,-1.613603,-0.000448,27.000000,0.013045,12.787554,-0.140639,0.227796,-0.104720,0.078000,0.000000,100,0,1,33,33,-0.024980,0.006287,-1.592800,0.688240,-0.352361,9.920322,3.098786,-0.000448,0.028576,6,1,0,0.000000,0,8.950454,0.000000,-0.054718,0,0.207715,0.000000,-0.024384,8.950454,0.207715,1,1,1,3.761080,0.000000,0.000000,0.000000,0.000000,0.000000,0.000000,0.000000
2.9001,12.769222,0.226889,-1.440584,-0.209440,0.086602,-0.029637,0,0.207715,97,0.240118,0.194154,12.769222,-0.153938,9.060921,-1.440584,12.773173,9.138004,-1.440584,0.226889,-0.209440,0.012750,-0.439535,-35.998165,0.077083,0.001000,0.002688,0.001973,0.000574,0.002688,0.240118,0.194154,-9.805139,0.037289,-0.013621,-0.208440,-1.630605,-0.001034,27.000000,0.013045,12.773173,-0.153938,0.227029,-0.209440,0.078000,0.001000,105,0,1,33,33,0.036951,-0.035536,-1.648705,0.661828,-1.191000,9.682188,3.081784,-0.001034,0.028305,7,1,0,0.000000,0,8.975476,0.000000,0.086602,0,0.207715,0.000000,-0.029637,8.975476,0.207715,1,1,1,3.760895,0.000000,0.000000,0.000000,0.000000,0.000000,0.000000,0.000000
2.9101,12.755223,0.226215,-1.588250,-0.104720,0.194713,-0.030268,0,0.207715,107,0.237750,0.194740,12.755223,-0.137497,9.045450,-1.588250,12.759080,9.122579,-1.588250,0.226215,-0.104720,0.012848,-0.439535,-35.998165,0.077129,0.000000,0.002463,0.001972,0.001884,0.002463,0.237750,0.194740,-9.805185,0.036091,0.022367,-0.104720,-1.646705,-0.001067,27.000000,0.013045,12.759080,-0.137497,0.226262,-0.104720,0.078000,0.000000,110,0,1,33,33,0.036901,-0.000750,-1.693100,0.249078,-0.515622,9.956678,3.065684,-0.001067,0.028074,6,1,0,0.000000,0,9.003364,0.000000,0.194713,0,0.207715,0.000000,-0.030268,9.003364,0.207715,1,1,1,3.760729,0.000000,0.000000,0.000000,0.000000,0.000000,0.000000,0.000000
2.9201,12.750025,0.224559,-1.589285,-0.209440,0.322529,-0.017127,0,0.207715,117,0.239192,0.194520,12.750025,-0.028065,9.028945,-1.589285,12.754382,9.105920,-1.589285,0.224559,-0.209440,0.012690,-0.439535,-35.998165,0.076975,0.000000,0.002760,0.001837,0.003451,0.002760,0.239192,0.194520,-9.805154,0.021558,0.060722,-0.209440,-1.665015,-0.001217,27.000000,0.013045,12.754382,-0.028065,0.224728,-0.209440,0.078000,0.000000,115,0,1,33,33,0.024023,0.036959,-1.799338,-0.325921,0.073612,10.230198,3.047374,-0.001217,0.028189,7,1,0,0.000000,0,9.033452,0.000000,0.322529,0,0.207715,0.000000,-0.017127,9.033452,0.207715,1,1,1,3.760572,0.000000,0.000000,0.000000,0.000000,0.000000,0.000000,0.000000
2.9301,12.766765,0.220693,-1.600286,-0.314159,0.403851,0.012704,0,0.207715,127,0.241817,0.198633,12.766765,0.179490,9.014510,-1.600286,12.770968,9.091674,-1.600286,0.220693,-0.314159,0.012765,-0.439535,-35.998165,0.077165,0.000000,0.002655,0.001848,0.006247,0.002655,0.241817,0.198633,-9.805007,0.025341,0.039953,-0.314159,-1.683116,-0.001601,27.000000,0.013045,12.770968,0.179490,0.220893,-0.314159,0.078000,0.000000,120,0,1,33,33,0.026146,0.014990,-1.914792,-0.727622,-0.443911,9.526094,3.029273,-0.001601,0.028489,6,1,0,0.000000,0,9.064939,0.000000,0.403851,0,0.207715,0.000000,0.012704,9.064939,0.207715,1,1,1,3.760508,0.000000,0.000000,0.000000,0.000000,0.000000,0.000000,0.000000
2.9401,12.803288,0.216522,-1.365425,-0.628319,0.524198,0.024102,0,0.207715,137,0.243480,0.201036,12.803288,0.386102,8.998403,-1.365425,12.807304,9.075621,-1.365425,0.216522,-0.628319,0.012670,-0.439535,-35.998165,0.077218,0.005000,0.002835,0.002000,0.008810,0.002835,0.243480,0.201036,-9.804917,0.001636,0.056046,-0.623319,-1.703329,-0.002018,27.000000,0.013045,12.807304,0.386102,0.217058,-0.628319,0.078000,0.005000,125,0,1,33,33,0.000493,0.030867,-1.989295,-0.558620,0.605640,9.728159,3.009060,-0.002018,0.028647,7,1,0,0.000000,0,9.097025,0.000000,0.524198,0,0.207715,0.000000,0.024102,9.097025,0.207715,1,1,1,3.760606,0.000000,0.000000,0.000000,0.000000,0.000000,0.000000,0.000000
2.9501,12.836977,0.203816,-0.934230,-1.570796,0.529835,0.134852,0,0.207715,147,0.267851,0.206534,12.836977,0.242845,8.989540,-0.934230,12.837794,9.066921,-0.934230,0.203816,-1.570796,0.012774,-0.439535,-35.998165,0.077381,0.009000,0.000618,0.001988,0.002592,0.000618,0.267851,0.206534,-9.804167,0.098723,0.421065,-1.561796,-1.724711,-0.002324,27.000000,0.013045,12.837794,0.242845,0.204787,-1.570796,0.078000,0.009000,130,0,1,33,33,0.070401,0.394798,-2.501273,-6.361104,4.079998,14.668926,2.987678,-0.002324,0.031005,7,1,0,0.000000,0,9.128910,0.000000,0.529835,0,0.207715,0.000000,0.134852,9.128910,0.207715,1,1,1,3.769004,0.000000,0.000000,0.000000,0.000000,0.000000,0.000000,0.000000
2.9601,12.811854,0.191451,-0.929857,-1.151917,0.629103,0.156186,0,0.207715,157,0.283106,0.215930,12.811854,-0.202947,8.978662,-0.929857,12.813824,9.055712,-0.929857,0.191451,-1.151917,0.012932,-0.439535,-35.998165,0.077049,0.007000,0.002233,0.002006,-0.001136,0.002233,0.283106,0.215930,-9.803536,0.119818,-0.330382,-1.144917,-1.748252,-0.003194,27.000000,0.013045,12.813824,-0.202947,0.191748,-1.151917,0.078000,0.007000,135,0,1,33,33,0.137486,-0.350231,-2.070418,-1.406147,-3.034931,6.341376,2.964137,-0.003194,0.032526,7,1,0,0.000000,0,9.159795,0.000000,0.629103,0,0.207715,0.000000,0.156186,9.159795,0.207715,1,1,1,3.769226,0.000000,0.000000,0.000000,0.000000,0.000000,0.000000,0.000000
2.9701,12.802845,0.177065,-0.429704,-1.361357,0.613180,0.205162,0,0.207715,167,0.254633,0.274374,12.802845,-0.083357,8.973273,-0.429704,12.804046,9.051044,-0.429704,0.177065,-1.361357,0.019381,0.428006,34.480702,0.077771,0.013000,0.002645,0.002009,0.000976,0.002645,0.254633,0.274374,-9.802856,-0.107653,-0.023359,-1.348357,-1.767343,-0.003590,27.000000,0.019105,12.804046,-0.083357,0.177942,-1.361357,0.078000,0.013000,140,0,1,33,33,-0.106076,-0.064163,-1.777151,-1.914069,-0.445776,12.731397,2.945046,-0.003590,0.030482,7,1,0,0.000000,0,9.188878,0.000000,0.613180,0,0.207715,0.000000,0.205162,9.188878,0.207715,1,1,1,3.769437,0.000000,0.000000,0.000000,0.000000,0.000000,0.000000,0.000000
2.9801,12.803704,0.167537,-0.223732,-1.151917,0.665972,0.175628,0,0.207715,177,0.267285,0.226555,12.803704,-0.007645,8.967308,-0.223732,12.804524,9.045019,-0.223732,0.167537,-1.151917,0.012881,-0.435143,-35.312026,0.077710,0.025000,0.002372,0.002008,0.000528,0.002372,0.267285,0.226555,-9.803741,-0.050446,0.064678,-1.126917,-1.782819,-0.005353,27.000000,0.013045,12.804524,-0.007645,0.167971,-1.151917,0.078000,0.025000,145,0,1,33,33,-0.054834,0.043600,-1.351323,-1.583670,0.966745,12.975496,2.929570,-0.005353,0.030721,7,1,0,0.000000,0,9.215378,0.000000,0.665972,0,0.207715,0.000000,0.175628,9.215378,0.207715,1,1,1,3.769646,0.000000,0.000000,0.000000,0.000000,0.000000,0.000000,0.000000
2.9901,12.801045,0.159255,-0.151049,-0.837758,0.659129,0.179748,0,0.207715,187,0.275234,0.219010,12.801045,-0.036233,8.965241,-0.151049,12.801073,9.042000,-0.151049,0.159255,-0.837758,0.012900,-0.435143,-35.312026,0.076760,-0.007000,0.000334,0.002111,0.000154,0.000334,0.275234,0.219010,-9.803692,0.162040,-0.019766,-0.844758,-1.794134,-0.004701,27.000000,0.013045,12.801073,-0.036233,0.159534,-0.837758,0.077000,-0.007000,150,0,1,33,33,0.163069,-0.020345,-0.995628,-4.362030,0.537856,10.404505,2.918255,-0.004701,0.031247,7,1,0,0.000000,0,9.238894,0.000000,0.659129,0,0.207715,0.000000,0.179748,9.238894,0.207715,1,1,1,3.769866,0.000000,0.000000,0.000000,0.000000,0.000000,0.000000,0.000000
