t,theta_big,theta_small,dtheta_big,dtheta_small,tau_big,tau_small,axis,held_target,mcu2_seq,gravity_ax,gravity_ay,theta_big_motor,dtheta_big_motor,theta_big_platform,dtheta_big_platform,theta_big_motor_meas,platform_azimuth,platform_rate,small_joint_angle_est,small_joint_rate_est,pitch_joint_angle,pitch_joint_rate,pitch_acc,chassis_azimuth,chassis_yaw_rate,big_enc_age,big_sample_interval,big_enc_innovation,chassis_imu_age,gravity_a_x,gravity_a_y,gravity_a_z,base_omega_x,base_omega_y,base_omega_z,los_azimuth,los_elevation,mcu_bullet_velocity,mcu_pitch_angle,mcu_yaw_big_angle,mcu_yaw_big_omega,mcu_yaw_small_angle,mcu_yaw_small_omega,mcu_chassis_imu_yaw,mcu_chassis_imu_omega,mcu_mark,mcu_color,mcu_auto_aim_switch,mcu_temp_big,mcu_temp_small,imu_gx,imu_gy,imu_gz,imu_ax,imu_ay,imu_az,imu_euler_yaw,imu_euler_pitch,imu_euler_roll,imu_dt_one_tenth_ms,tx_auto_aim_enable,tx_fire,tx_pitch_target_angle,tx_yaw_big_mode,tx_yaw_big_target_angle,tx_yaw_big_target_velocity,tx_yaw_big_torque,tx_yaw_small_mode,tx_yaw_small_target_angle,tx_yaw_small_target_velocity,tx_yaw_small_torque,target_big,target_small,est_valid,mcu_valid,imu_valid,backlash_center,backlash_beta_true,theta_true_motor,theta_true_platform,theta_true_small,dtheta_true_motor,dtheta_true_platform,dtheta_true_small
0.0002,-2.238246,-0.105078,-0.029108,0.000000,0.019831,-0.023220,1,-3.855928,6,0.059087,0.019018,-2.238246,0.001466,-3.874562,-0.029108,-2.238208,-3.865569,-0.029108,-0.105078,0.000000,0.012432,-0.426606,-34.262041,0.008993,0.000000,0.001437,0.002001,-0.000050,0.001437,0.059087,0.019018,-9.809804,0.000940,-0.003154,0.000000,-2.399909,0.009872,27.000000,0.013045,-2.238208,0.001466,-0.105078,0.000000,0.009000,0.000000,41,0,1,32,30,-0.003169,0.000524,-0.029116,0.265602,0.032601,9.703796,2.312480,0.009872,0.005787,7,1,0,0.000000,0,-3.855928,0.000000,0.019831,0,-0.116688,0.000000,-0.023220,-3.855928,-0.116688,1,1,1,1.629025,0.000000,0.000000,0.000000,0.000000,0.000000,0.000000,0.000000
0.0101,-2.238110,-0.105078,0.005069,0.000000,0.018753,-0.023220,1,-3.855928,16,0.059184,0.018247,-2.238110,0.002513,-3.874541,0.005069,-2.238112,-3.865525,0.005069,-0.105078,0.000000,0.012379,-0.426606,-34.262041,0.009016,0.000000,0.001560,0.001993,0.000092,0.001560,0.059184,0.018247,-9.809804,-0.003559,0.001590,0.000000,-2.399865,0.009897,27.000000,0.013045,-2.238112,0.002513,-0.105078,0.000000,0.009000,0.000000,46,0,1,32,30,0.003243,0.002226,0.005042,0.215797,0.549864,9.632400,2.312524,0.009897,0.005805,6,1,0,0.000000,0,-3.855928,0.000000,0.018753,0,-0.116688,0.000000,-0.023220,-3.855928,-0.116688,1,1,1,1.629078,0.000000,0.000000,0.000000,0.000000,0.000000,0.000000,0.000000
0.0201,-2.238111,-0.105078,0.002678,0.000000,0.019781,-0.023220,1,-3.855928,26,0.059127,0.018185,-2.238111,0.001466,-3.874589,0.002678,-2.238112,-3.865574,0.002678,-0.105078,0.000000,0.012390,-0.426606,-34.262041,0.009015,0.000000,0.001535,0.002135,0.000028,0.001535,0.059127,0.018185,-9.809805,0.006570,0.005462,0.000000,-2.399914,0.009914,27.000000,0.013045,-2.238112,0.001466,-0.105078,0.000000,0.009000,0.000000,51,0,1,32,30,0.001119,-0.008436,0.002783,-0.126115,0.275817,10.127084,2.312475,0.009914,0.005800,6,1,0,0.000000,0,-3.855928,0.000000,0.019781,0,-0.116688,0.000000,-0.023220,-3.855928,-0.116688,1,1,1,1.629118,0.000000,0.000000,0.000000,0.000000,0.000000,0.000000,0.000000
0.0301,-2.238101,-0.105078,-0.003368,0.000000,0.019263,-0.023220,1,-3.855928,36,0.059047,0.017792,-2.238101,-0.000419,-3.874583,-0.003368,-2.238112,-3.865572,-0.003368,-0.105078,0.000000,0.012356,-0.426606,-34.262041,0.009011,0.000000,0.001615,0.001944,-0.000104,0.001615,0.059047,0.017792,-9.809806,-0.001640,-0.009824,-0.000000,-2.399912,0.009921,27.000000,0.013045,-2.238112,-0.000419,-0.105078,0.000000,0.009000,0.000000,56,0,1,32,30,-0.007437,0.006583,-0.003449,0.245094,0.085821,9.264079,2.312477,0.009921,0.005796,6,1,0,0.000000,0,-3.855928,0.000000,0.019263,0,-0.116688,0.000000,-0.023220,-3.855928,-0.116688,1,1,1,1.629203,0.000000,0.000000,0.000000,0.000000,0.000000,0.000000,0.000000
0.0401,-2.237902,-0.105078,0.011206,0.000000,0.018473,-0.023220,1,-3.855928,46,0.059350,0.018088,-2.237902,-0.000419,-3.874525,0.011206,-2.237920,-3.865504,0.011206,-0.105078,0.000000,0.012419,-0.426606,-34.262041,0.009021,0.000000,0.001468,0.001992,0.000072,0.001468,0.059350,0.018088,-9.809804,0.007898,0.003777,0.000000,-2.399845,0.009950,27.000000,0.013045,-2.237920,-0.000419,-0.105078,0.000000,0.009000,0.000000,61,0,1,32,30,-0.001013,-0.008556,0.011313,0.056092,0.339431,10.405386,2.312544,0.009950,0.005823,7,1,0,0.000000,0,-3.855928,0.000000,0.018473,0,-0.116688,0.000000,-0.023220,-3.855928,-0.116688,1,1,1,1.629256,0.000000,0.000000,0.000000,0.000000,0.000000,0.000000,0.000000
0.0501,-2.237930,-0.105845,-0.016309,0.000000,0.009820,-0.014016,1,-3.855928,56,0.059476,0.018042,-2.237930,0.002513,-3.873730,-0.016309,-2.237920,-3.864726,-0.016309,-0.105845,0.000000,0.012420,-0.426606,-34.262041,0.009004,0.000000,0.001466,0.002150,0.000011,0.001466,0.059476,0.018042,-9.809803,-0.001069,0.000632,0.000000,-2.399834,0.009950,27.000000,0.013045,-2.237920,0.002513,-0.105845,0.000000,0.009000,0.000000,66,0,1,32,30,0.001104,0.000367,-0.016315,0.093110,0.053046,9.589045,2.312555,0.009950,0.005835,6,1,0,0.000000,0,-3.855928,0.000000,0.009820,0,-0.116688,0.000000,-0.014016,-3.855928,-0.116688,1,1,1,1.629280,0.000000,0.000000,0.000000,0.000000,0.000000,0.000000,0.000000
0.0601,-2.237802,-0.105078,0.032944,0.000000,0.026172,-0.030890,1,-3.855928,66,0.059445,0.018318,-2.237802,0.003560,-3.874477,0.032944,-2.237824,-3.865441,0.032944,-0.105078,0.000000,0.012454,-0.426606,-34.262041,0.009036,0.000000,0.001386,0.001994,0.000100,0.001386,0.059445,0.018318,-9.809803,-0.007236,-0.003245,0.000000,-2.399782,0.009961,27.000000,0.013045,-2.237824,0.003560,-0.105078,0.000000,0.009000,0.000000,71,0,1,32,30,0.001110,0.008262,0.032844,0.255412,0.214273,9.705615,2.312607,0.009961,0.005831,7,1,0,0.000000,0,-3.855928,0.000000,0.026172,0,-0.116688,0.000000,-0.030890,-3.855928,-0.116688,1,1,1,1.629320,0.000000,0.000000,0.000000,0.000000,0.000000,0.000000,0.000000
0.0701,-2.237920,-0.105078,-0.005395,0.000000,0.017279,-0.023220,1,-3.855928,76,0.060155,0.017586,-2.237920,-0.001466,-3.874306,-0.005395,-2.237920,-3.865295,-0.005395,-0.105078,0.000000,0.012423,-0.426606,-34.262041,0.009010,0.000000,0.001457,0.001857,-0.000034,0.001457,0.060155,0.017586,-9.809800,-0.006444,-0.010331,-0.000000,-2.399637,0.009997,27.000000,0.013045,-2.237920,-0.001466,-0.105078,0.000000,0.009000,0.000000,76,0,1,32,30,-0.005308,0.010891,-0.005531,-0.336510,0.031099,9.799094,2.312752,0.009997,0.005910,6,1,0,0.000000,0,-3.855928,0.000000,0.017279,0,-0.116688,0.000000,-0.023220,-3.855928,-0.116688,1,1,1,1.629344,0.000000,0.000000,0.000000,0.000000,0.000000,0.000000,0.000000
0.0801,-2.237839,-0.105078,-0.007983,0.000000,0.019434,-0.023220,1,-3.855928,86,0.059124,0.018254,-2.237839,0.003560,-3.874361,-0.007983,-2.237824,-3.865354,-0.007983,-0.105078,0.000000,0.012465,-0.426606,-34.262041,0.009008,0.000000,0.001360,0.003999,0.000438,0.001360,0.059124,0.018254,-9.809805,0.005198,0.007114,0.000000,-2.399694,0.009982,27.000000,0.013045,-2.237824,0.003560,-0.105078,0.000000,0.009000,0.000000,81,0,1,32,30,0.003250,-0.008288,-0.007881,0.464695,0.539257,9.728158,2.312695,0.009982,0.005799,7,1,0,0.000000,0,-3.855928,0.000000,0.019434,0,-0.116688,0.000000,-0.023220,-3.855928,-0.116688,1,1,1,1.629366,0.000000,0.000000,0.000000,0.000000,0.000000,0.000000,0.000000
0.0901,-2.237159,-0.105078,-0.014969,0.000000,0.019917,-0.023220,1,-3.855928,96,0.059400,0.017969,-2.237159,0.005550,-3.874447,-0.014969,-2.237153,-3.865442,-0.014969,-0.105078,0.000000,0.012483,-0.426606,-34.262041,0.009005,0.001000,0.001317,0.001993,0.000218,0.001317,0.059400,0.017969,-9.809804,-0.009395,-0.002092,0.001000,-2.399784,0.010026,27.000000,0.013045,-2.237153,0.005550,-0.105078,0.000000,0.009000,0.001000,86,0,1,32,30,0.003230,0.008892,-0.014081,-0.088756,0.260955,9.782424,2.312605,0.010026,0.005830,7,1,0,0.000000,0,-3.855928,0.000000,0.019917,0,-0.116688,0.000000,-0.023220,-3.855928,-0.116688,1,1,1,1.629692,0.000000,0.000000,0.000000,0.000000,0.000000,0.000000,0.000000
0.1001,-2.236864,-0.105078,-0.001926,0.000000,0.019545,-0.023220,1,-3.855928,106,0.059880,0.018334,-2.236864,0.001466,-3.874500,-0.001926,-2.236866,-3.865485,-0.001926,-0.105078,0.000000,0.012520,-0.426606,-34.262041,0.009014,0.001000,0.001231,0.002109,0.000018,0.001231,0.059880,0.018334,-9.809800,-0.011313,-0.018428,0.001000,-2.399827,0.010021,27.000000,0.013045,-2.236866,0.001466,-0.105078,0.000000,0.009000,0.001000,91,0,1,32,30,-0.009585,0.019370,-0.001169,0.226394,-0.029051,9.272483,2.312562,0.010021,0.005875,7,1,0,0.000000,0,-3.855928,0.000000,0.019545,0,-0.116688,0.000000,-0.023220,-3.855928,-0.116688,1,1,1,1.629891,0.000000,0.000000,0.000000,0.000000,0.000000,0.000000,0.000000
0.1101,-2.236947,-0.105078,0.007052,0.000000,0.018185,-0.023220,1,-3.855928,116,0.060213,0.018293,-2.236947,0.000419,-3.874427,0.007052,-2.236962,-3.865408,0.007052,-0.105078,0.000000,0.012512,-0.426606,-34.262041,0.009019,0.000000,0.001249,0.002140,-0.000023,0.001249,0.060213,0.018293,-9.809798,-0.001510,0.010453,0.000000,-2.399750,0.010014,27.000000,0.013045,-2.236962,0.000419,-0.105078,0.000000,0.009000,0.000000,96,0,1,32,30,0.009654,-0.004195,0.007106,0.112700,0.446411,10.262940,2.312639,0.010014,0.005909,7,1,0,0.000000,0,-3.855928,0.000000,0.018185,0,-0.116688,0.000000,-0.023220,-3.855928,-0.116688,1,1,1,1.629916,0.000000,0.000000,0.000000,0.000000,0.000000,0.000000,0.000000
0.1201,-2.236767,-0.105078,0.006944,0.000000,0.017829,-0.023220,1,-3.855928,126,0.060263,0.017501,-2.236767,0.000419,-3.874332,0.006944,-2.236770,-3.865314,0.006944,-0.105078,0.000000,0.012450,-0.426606,-34.262041,0.009018,0.000000,0.001395,0.001995,0.000082,0.001395,0.060263,0.017501,-9.809799,0.005529,0.007317,-0.000000,-2.399656,0.010031,27.000000,0.013045,-2.236770,0.000419,-0.105078,0.000000,0.009000,0.000000,101,0,1,32,30,0.003255,-0.008487,0.007051,-0.030528,-0.062942,9.683503,2.312733,0.010031,0.005922,7,1,0,0.000000,0,-3.855928,0.000000,0.017829,0,-0.116688,0.000000,-0.023220,-3.855928,-0.116688,1,1,1,1.629941,0.000000,0.000000,0.000000,0.000000,0.000000,0.000000,0.000000
0.1301,-2.236683,-0.105078,0.003081,0.000000,0.018818,-0.023220,1,-3.855928,136,0.059946,0.018391,-2.236683,0.002513,-3.874333,0.003081,-2.236674,-3.865318,0.003081,-0.105078,0.000000,0.012551,-0.426606,-34.262041,0.009015,0.000000,0.001158,0.002072,0.000026,0.001158,0.059946,0.018391,-9.809800,-0.002183,-0.012675,-0.000000,-2.399660,0.010045,27.000000,0.013045,-2.236674,0.002513,-0.105078,0.000000,0.009000,0.000000,106,0,1,32,30,-0.009572,0.008628,0.002973,0.398456,0.074809,9.388483,2.312729,0.010045,0.005881,6,1,0,0.000000,0,-3.855928,0.000000,0.018818,0,-0.116688,0.000000,-0.023220,-3.855928,-0.116688,1,1,1,1.629975,0.000000,0.000000,0.000000,0.000000,0.000000,0.000000,0.000000
0.1401,-2.236665,-0.105078,0.019836,0.000000,0.017426,-0.022418,1,-3.855928,146,0.059692,0.018150,-2.236665,-0.000419,-3.874232,0.019836,-2.236674,-3.865205,0.019836,-0.105078,0.000000,0.012524,-0.426606,-34.262041,0.009027,0.000000,0.001222,0.002003,-0.000019,0.001222,0.059692,0.018150,-9.809802,0.005613,-0.000194,0.000000,-2.399547,0.010045,27.000000,0.013045,-2.236674,-0.000419,-0.105078,0.000000,0.009000,0.000000,111,0,1,32,30,-0.003150,-0.004402,0.019893,0.142594,0.036205,10.182275,2.312842,0.010045,0.005858,7,1,0,0.000000,0,-3.855928,0.000000,0.017426,0,-0.116621,0.000000,-0.022418,-3.855928,-0.116621,1,1,1,1.630000,0.000000,0.000000,0.000000,0.000000,0.000000,0.000000,0.000000
0.1501,-2.236638,-0.105078,0.019947,0.000000,0.016566,-0.017479,1,-3.855928,156,0.059468,0.017813,-2.236638,0.000419,-3.874067,0.019947,-2.236674,-3.865039,0.019947,-0.105078,0.000000,0.012470,-0.426606,-34.262041,0.009027,0.000000,0.001347,0.002040,0.000069,0.001347,0.059468,0.017813,-9.809804,-0.002566,0.004747,0.000000,-2.399381,0.010028,27.000000,0.013045,-2.236674,0.000419,-0.105078,0.000000,0.009000,0.000000,116,0,1,32,30,0.005384,-0.000103,0.019950,0.140303,0.215861,9.571571,2.313008,0.010028,0.005838,7,1,0,0.000000,0,-3.855928,0.000000,0.016566,0,-0.116154,0.000000,-0.017479,-3.855928,-0.116154,1,1,1,1.630026,0.000000,0.000000,0.000000,0.000000,0.000000,0.000000,0.000000
0.1601,-2.236756,-0.105078,0.002944,0.000000,0.016498,-0.006940,1,-3.855928,166,0.059359,0.018038,-2.236756,-0.000419,-3.873911,0.002944,-2.236770,-3.864896,0.002944,-0.105078,0.000000,0.012540,-0.426606,-34.262041,0.009015,0.000000,0.001185,0.002051,-0.000140,0.001185,0.059359,0.018038,-9.809804,-0.008165,0.008783,0.000000,-2.399237,0.010076,27.000000,0.013045,-2.236770,-0.000419,-0.105078,0.000000,0.009000,0.000000,121,0,1,32,30,0.011781,0.002279,0.002916,0.065183,0.369772,10.271709,2.313152,0.010076,0.005825,7,1,0,0.000000,0,-3.855928,0.000000,0.016498,0,-0.114886,0.000000,-0.006940,-3.855928,-0.114886,1,1,1,1.630049,0.000000,0.000000,0.000000,0.000000,0.000000,0.000000,0.000000
0.1701,-2.236454,-0.105078,0.030957,0.000000,0.016117,0.009987,1,-3.855928,176,0.059748,0.017241,-2.236454,0.003560,-3.873779,0.030957,-2.236482,-3.864744,0.030957,-0.105078,0.000000,0.012477,-0.426606,-34.262041,0.009035,0.000000,0.001332,0.001970,0.000074,0.001332,0.059748,0.017241,-9.809803,-0.007011,-0.015701,0.000000,-2.399086,0.010090,27.000000,0.013045,-2.236482,0.003560,-0.105078,0.000000,0.009000,0.000000,126,0,1,32,30,-0.009570,0.014671,0.030776,0.131005,0.026384,9.426105,2.313303,0.010090,0.005873,7,1,0,0.000000,0,-3.855928,0.000000,0.016117,0,-0.112419,0.000000,0.009987,-3.855928,-0.112419,1,1,1,1.630074,0.000000,0.000000,0.000000,0.000000,0.000000,0.000000,0.000000
0.1801,-2.236567,-0.104311,0.082149,0.000000,0.020645,0.023381,1,-3.855928,186,0.060533,0.016957,-2.236567,-0.000419,-3.874066,0.082149,-2.236674,-3.864995,0.082149,-0.104311,0.000000,0.012465,-0.426606,-34.262041,0.009071,0.000000,0.001359,0.001993,-0.000138,0.001359,0.060533,0.016957,-9.809799,-0.013881,-0.002366,0.000000,-2.398571,0.010103,27.000000,0.013045,-2.236674,-0.000419,-0.104311,0.000000,0.009000,0.000000,131,0,1,32,30,0.005388,0.014033,0.081981,0.159587,0.554093,10.063074,2.313818,0.010103,0.005957,7,1,0,0.000000,0,-3.855928,0.000000,0.020645,0,-0.108480,0.000000,0.023381,-3.855928,-0.108480,1,1,1,1.630127,0.000000,0.000000,0.000000,0.000000,0.000000,0.000000,0.000000
0.1901,-2.236482,-0.103544,0.146175,0.000000,0.013950,0.047725,1,-3.855928,196,0.061821,0.015835,-2.236482,0.000419,-3.873763,0.146175,-2.236674,-3.864647,0.146175,-0.103544,0.000000,0.012455,-0.426606,-34.262041,0.009116,0.000000,0.001383,0.001979,-0.000246,0.001383,0.061821,0.015835,-9.809792,-0.014303,-0.002622,0.000000,-2.397458,0.010198,27.000000,0.013045,-2.236674,0.000419,-0.103544,0.000000,0.009000,0.000000,136,0,1,32,30,0.005405,0.015319,0.145996,-0.135479,0.105464,9.981811,2.314931,0.010198,0.006102,7,1,0,0.000000,0,-3.855928,0.000000,0.013950,0,-0.103041,0.000000,0.047725,-3.855928,-0.103041,1,1,1,1.630261,0.000000,0.000000,0.000000,0.000000,0.000000,0.000000,0.000000
0.2001,-2.236680,-0.100953,0.010544,0.209440,0.026942,0.053181,1,-3.855928,206,0.063171,0.014856,-2.236680,0.001466,-3.874462,0.010544,-2.236674,-3.865439,0.010544,-0.100953,0.209440,0.012454,-0.426606,-34.262041,0.009024,-0.001000,0.001385,0.001985,-0.000029,0.001385,0.063171,0.014856,-9.809785,-0.020107,-0.013917,0.208440,-2.395661,0.010298,27.000000,0.013045,-2.236674,0.001466,-0.101243,0.209440,0.009000,-0.001000,141,0,1,32,30,-0.000990,0.027159,0.218662,0.427088,0.150378,9.465825,2.316728,0.010298,0.006254,6,1,0,0.000000,0,-3.855928,0.000000,0.026942,0,-0.096102,0.000000,0.053181,-3.855928,-0.096102,1,1,1,1.630438,0.000000,0.000000,0.000000,0.000000,0.000000,0.000000,0.000000
0.2101,-2.236548,-0.096974,0.039080,0.314159,0.030848,0.063232,1,-3.855928,216,0.065425,0.013141,-2.236548,0.001466,-3.875458,0.039080,-2.236578,-3.866424,0.039080,-0.096974,0.314159,0.012457,-0.426606,-34.262041,0.009034,0.000000,0.001379,0.002139,-0.000036,0.001379,0.065425,0.013141,-9.809773,-0.021646,0.002777,0.314159,-2.392672,0.010477,27.000000,0.013045,-2.236578,0.001466,-0.097408,0.314159,0.009000,0.000000,146,0,1,32,30,0.013998,0.021141,0.353004,-0.164248,0.228222,10.107441,2.319717,0.010477,0.006509,6,1,0,0.000000,0,-3.855928,0.000000,0.030848,0,-0.087663,0.000000,0.063232,-3.855928,-0.087663,1,1,1,1.631254,0.000000,0.000000,0.000000,0.000000,0.000000,0.000000,0.000000
0.2201,-2.236449,-0.091394,0.031351,0.418879,0.039128,0.070922,1,-3.855928,226,0.066651,0.011822,-2.236449,0.001466,-3.876945,0.031351,-2.236482,-3.867936,0.031351,-0.091394,0.418879,0.012388,-0.426606,-34.262041,0.009010,0.001000,0.001540,0.002147,-0.000011,0.001540,0.066651,0.011822,-9.809766,-0.015997,0.006364,0.419879,-2.388605,0.010568,27.000000,0.013045,-2.236482,0.001466,-0.092039,0.418879,0.009000,0.001000,151,0,1,32,30,0.014033,0.015563,0.451072,0.064844,0.248883,9.992952,2.323784,0.010568,0.006656,7,1,0,0.000000,0,-3.855928,0.000000,0.039128,0,-0.077724,0.000000,0.070922,-3.855928,-0.077724,1,1,1,1.631738,0.000000,0.000000,0.000000,0.000000,0.000000,0.000000,0.000000
0.2301,-2.235667,-0.086080,0.023565,0.523599,0.030272,0.100839,1,-3.855928,236,0.067365,0.012616,-2.235667,0.007645,-3.877456,0.023565,-2.235715,-3.868457,0.023565,-0.086080,0.523599,0.012564,-0.426606,-34.262041,0.008999,0.002000,0.001127,0.001999,-0.000066,0.001127,0.067365,0.012616,-9.809761,-0.003799,0.004125,0.525599,-2.383814,0.010692,27.000000,0.013045,-2.235715,0.007645,-0.086670,0.523599,0.009000,0.002000,156,0,1,32,30,0.005531,0.007824,0.549109,0.015137,0.473849,9.583652,2.328575,0.010692,0.006731,7,1,0,0.000000,0,-3.855928,0.000000,0.030272,0,-0.066285,0.000000,0.100839,-3.855928,-0.066285,1,1,1,1.632365,0.000000,0.000000,0.000000,0.000000,0.000000,0.000000,0.000000
0.2401,-2.234190,-0.078889,0.072867,0.628319,0.034442,0.108575,1,-3.855928,246,0.067965,0.009888,-2.234190,0.015813,-3.878271,0.072867,-2.234277,-3.869239,0.072867,-0.078889,0.628319,0.012449,-0.426606,-34.262041,0.009032,0.000000,0.001397,0.001937,0.000133,0.001397,0.067965,0.009888,-9.809760,-0.020834,-0.009688,0.628319,-2.377408,0.010898,27.000000,0.013045,-2.234277,0.015813,-0.079767,0.628319,0.009000,0.000000,161,0,1,32,30,0.003416,0.031448,0.700849,0.103474,0.228366,10.107616,2.334981,0.010898,0.006828,7,1,0,0.000000,0,-3.855928,0.000000,0.034442,0,-0.053346,0.000000,0.108575,-3.855928,-0.053346,1,1,1,1.633687,0.000000,0.000000,0.000000,0.000000,0.000000,0.000000,0.000000
0.2501,-2.231388,-0.068207,-0.045955,0.942478,0.053959,0.096171,1,-3.855928,0,0.072195,0.006879,-2.231388,0.030159,-3.880420,-0.045955,-2.231305,-3.871517,-0.045955,-0.068207,0.942478,0.012326,-0.426606,-34.262041,0.008903,0.000000,0.001686,0.001963,0.000642,0.001686,0.072195,0.006879,-9.809732,-0.063410,-0.033407,0.942478,-2.369011,0.011124,27.000000,0.013045,-2.231305,0.030159,-0.069796,0.942478,0.009000,0.000000,166,0,1,32,30,0.007689,0.082303,0.895577,0.206747,0.688810,9.997465,2.343378,0.011124,0.007295,7,1,0,0.000000,0,-3.855928,0.000000,0.053959,0,-0.038907,0.000000,0.096171,-3.855928,-0.038907,1,1,1,1.636234,0.000000,0.000000,0.000000,0.000000,0.000000,0.000000,0.000000
0.2601,-2.228734,-0.057087,-0.005919,1.047198,0.050743,0.116237,1,-3.855928,10,0.078022,0.009296,-2.228734,0.023981,-3.882249,-0.005919,-2.228716,-3.873148,-0.005919,-0.057087,1.047198,0.012554,-0.426606,-34.262041,0.009101,0.000000,0.001150,0.002070,0.000345,0.001150,0.078022,0.009296,-9.809685,-0.043813,-0.036166,1.047198,-2.359528,0.011154,27.000000,0.013045,-2.228716,0.023981,-0.058291,1.047198,0.009000,0.000000,171,0,1,32,30,-0.005063,0.069654,1.040486,-0.796634,0.309091,9.725024,2.352861,0.011154,0.007887,7,1,0,0.000000,0,-3.855928,0.000000,0.050743,0,-0.022983,0.000000,0.116237,-3.855928,-0.022983,1,1,1,1.638371,0.000000,0.000000,0.000000,0.000000,0.000000,0.000000,0.000000
0.2701,-2.227465,-0.045703,0.023128,1.151917,0.032676,0.137700,1,-3.855928,20,0.081865,0.008682,-2.227465,0.013718,-3.882255,0.023128,-2.227470,-3.873001,0.023128,-0.045703,1.151917,0.012360,-0.426606,-34.262041,0.009254,0.000000,0.001606,0.002100,0.000377,0.001606,0.081865,0.008682,-9.809655,-0.017887,-0.026446,1.151917,-2.348001,0.011094,27.000000,0.013045,-2.227470,0.013718,-0.047553,1.151917,0.009000,0.000000,176,0,1,32,30,-0.011400,0.044343,1.174587,0.254948,0.197506,9.514039,2.364388,0.011094,0.008296,8,1,0,0.000000,0,-3.855928,0.000000,0.032676,0,-0.005809,0.000000,0.137700,-3.855928,-0.005809,1,1,1,1.639151,0.000000,0.000000,0.000000,0.000000,0.000000,0.000000,0.000000
0.2801,-2.224299,-0.030088,-0.032761,1.361357,0.073709,0.108762,1,-3.855928,30,0.085337,0.008356,-2.224299,0.036233,-3.885176,-0.032761,-2.224210,-3.876298,-0.032761,-0.030088,1.361357,0.012379,-0.426606,-34.262041,0.008878,0.000000,0.001561,0.002000,0.000826,0.001561,0.085337,0.008356,-9.809625,-0.021872,-0.013936,1.361357,-2.335688,0.011265,27.000000,0.013045,-2.224210,0.036233,-0.032213,1.361357,0.009000,0.000000,181,0,1,32,30,0.001455,0.042338,1.328174,-0.460007,0.206347,10.317578,2.376701,0.011265,0.008670,7,1,0,0.000000,0,-3.855928,0.000000,0.073709,0,0.012221,0.000000,0.108762,-3.855928,0.012221,1,1,1,1.642501,0.000000,0.000000,0.000000,0.000000,0.000000,0.000000,0.000000
0.2901,-2.219909,-0.015532,0.102147,1.361357,0.045027,0.131747,1,-3.855928,40,0.089069,0.008628,-2.219909,0.042412,-3.885657,0.102147,-2.220088,-3.876655,0.102147,-0.015532,1.361357,0.012384,-0.426606,-34.262041,0.009002,0.000000,0.001549,0.001992,0.000300,0.001549,0.089069,0.008628,-9.809592,-0.035356,-0.029445,1.361357,-2.321494,0.011363,27.000000,0.013045,-2.220088,0.042412,-0.017641,1.361357,0.009000,0.000000,186,0,1,32,30,-0.002798,0.064046,1.462823,-1.140492,0.213169,9.733408,2.390895,0.011363,0.009065,7,1,0,0.000000,0,-3.855928,0.000000,0.045027,0,0.030705,0.000000,0.131747,-3.855928,0.030705,1,1,1,1.644999,0.000000,0.000000,0.000000,0.000000,0.000000,0.000000,0.000000
0.3001,-2.217645,0.000174,0.003903,1.570796,0.050839,0.126474,1,-3.855928,50,0.090532,0.011131,-2.217645,0.030159,-3.886566,0.003903,-2.217595,-3.877437,0.003903,0.000174,1.570796,0.012373,-0.426606,-34.262041,0.009129,0.001000,0.001576,0.001992,0.000917,0.001576,0.090532,0.011131,-9.809576,-0.001548,-0.012614,1.571796,-2.306570,0.011239,27.000000,0.013045,-2.217595,0.030159,-0.002301,1.570796,0.009000,0.001000,191,0,1,32,30,-0.009131,0.028334,1.575469,0.235766,0.282493,9.601013,2.405819,0.011239,0.009229,7,1,0,0.000000,0,-3.855928,0.000000,0.050839,0,0.049244,0.000000,0.126474,-3.855928,0.049244,1,1,1,1.646598,0.000000,0.000000,0.000000,0.000000,0.000000,0.000000,0.000000
0.3101,-2.209986,0.016214,0.105698,1.570796,0.040063,0.123981,1,-3.855928,60,0.094530,0.011414,-2.209986,0.078226,-3.886430,0.105698,-2.210117,-3.877191,0.105698,0.016214,1.570796,0.012391,-0.426606,-34.262041,0.009239,0.000000,0.001533,0.001982,0.000900,0.001533,0.094530,0.011414,-9.809538,-0.020626,-0.021981,1.570796,-2.290289,0.011383,27.000000,0.013045,-2.210117,0.078226,0.013806,1.570796,0.009000,0.000000,196,0,1,32,30,-0.004856,0.050520,1.675997,-0.535807,-0.295765,9.929666,2.422100,0.011383,0.009654,7,1,0,0.000000,0,-3.855928,0.000000,0.040063,0,0.067438,0.000000,0.123981,-3.855928,0.067438,1,1,1,1.650456,0.000000,0.000000,0.000000,0.000000,0.000000,0.000000,0.000000
0.3201,-2.205017,0.032530,0.082267,1.675516,0.032251,0.116038,1,-3.855928,70,0.100018,0.010382,-2.205017,0.041364,-3.885426,0.082267,-2.205131,-3.876335,0.082267,0.032530,1.675516,0.012379,-0.426606,-34.262041,0.009092,-0.001000,0.001562,0.001994,0.000056,0.001562,0.100018,0.010382,-9.809485,-0.065432,-0.055003,1.674516,-2.273125,0.011652,27.000000,0.013045,-2.205131,0.041364,0.029913,1.675516,0.009000,-0.001000,0,0,1,32,30,-0.002758,0.107174,1.755591,-0.529055,0.592324,10.034298,2.439264,0.011652,0.010225,7,1,0,0.000000,0,-3.855928,0.000000,0.032251,0,0.084886,0.000000,0.116038,-3.855928,0.084886,1,1,1,1.652601,0.000000,0.000000,0.000000,0.000000,0.000000,0.000000,0.000000
0.3301,-2.204937,0.049304,0.245134,1.570796,0.028280,0.099067,1,-3.855928,80,0.104667,0.012071,-2.204937,0.001466,-3.884389,0.245134,-2.205323,-3.875290,0.245134,0.049304,1.570796,0.012361,-0.426606,-34.262041,0.009099,0.001000,0.001603,0.001991,-0.000727,0.001603,0.104667,0.012071,-9.809434,-0.007336,-0.012163,1.571796,-2.255312,0.011657,27.000000,0.013045,-2.205323,0.001466,0.046787,1.570796,0.009000,0.001000,5,0,1,32,30,-0.004799,0.035827,1.816627,-0.996635,-0.184114,9.384974,2.457077,0.011657,0.010718,7,1,0,0.000000,0,-3.855928,0.000000,0.028280,0,0.101190,0.000000,0.099067,-3.855928,0.101190,1,1,1,1.652692,0.000000,0.000000,0.000000,0.000000,0.000000,0.000000,0.000000
0.3401,-2.204712,0.065182,0.289481,1.570796,0.007997,0.091433,1,-3.855928,90,0.105124,0.013005,-2.204712,0.003560,-3.882110,0.289481,-2.205131,-3.872730,0.289481,0.065182,1.570796,0.012423,-0.426606,-34.262041,0.009380,0.003000,0.001457,0.001992,-0.000587,0.001457,0.105124,0.013005,-9.809428,0.014585,0.000466,1.573796,-2.236874,0.011798,27.000000,0.013045,-2.205131,0.003560,0.062893,1.570796,0.009000,0.003000,10,0,1,32,30,-0.009029,0.011685,1.863276,-0.374911,-0.278928,9.346144,2.475515,0.011798,0.010781,7,1,0,0.000000,0,-3.855928,0.000000,0.007997,0,0.116040,0.000000,0.091433,-3.855928,0.116040,1,1,1,1.652776,0.000000,0.000000,0.000000,0.000000,0.000000,0.000000,0.000000
0.3501,-2.204513,0.082212,0.290261,1.570796,0.016510,0.057563,1,-3.855928,100,0.103228,0.011421,-2.204513,0.004503,-3.880530,0.290261,-2.204939,-3.871305,0.290261,0.082212,1.570796,0.012381,-0.426606,-34.262041,0.009225,0.000000,0.001556,0.002074,-0.000555,0.001556,0.103228,0.011421,-9.809450,0.006451,0.016283,1.570796,-2.218421,0.012084,27.000000,0.013045,-2.204939,0.004503,0.079767,1.570796,0.009000,0.000000,15,0,1,32,30,0.008052,0.007488,1.861107,0.305225,-0.011164,10.153193,2.493968,0.012084,0.010584,7,1,0,0.000000,0,-3.855928,0.000000,0.016510,0,0.129390,0.000000,0.057563,-3.855928,0.129390,1,1,1,1.652855,0.000000,0.000000,0.000000,0.000000,0.000000,0.000000,0.000000
0.3601,-2.204252,0.098231,0.354893,1.466077,0.001526,0.044328,1,-3.855928,110,0.103694,0.011247,-2.204252,0.002513,-3.878125,0.354893,-2.204843,-3.868869,0.354893,0.098231,1.466077,0.012359,-0.426606,-34.262041,0.009256,-0.002000,0.001608,0.002013,-0.000654,0.001608,0.103694,0.011247,-9.809446,-0.010681,-0.001689,1.464077,-2.199967,0.012254,27.000000,0.013045,-2.204843,0.002513,0.095874,1.466077,0.009000,-0.002000,20,0,1,32,30,0.005879,0.031555,1.818719,-0.029677,-0.528061,9.401288,2.512422,0.012254,0.010633,7,1,0,0.000000,0,-3.855928,0.000000,0.001526,0,0.141240,0.000000,0.044328,-3.855928,0.141240,1,1,1,1.652928,0.000000,0.000000,0.000000,0.000000,0.000000,0.000000,0.000000
0.3701,-2.204414,0.111796,0.403973,1.361357,-0.025877,0.047432,1,-3.855928,118,0.103788,0.011667,-2.204414,-0.000419,-3.873773,0.403973,-2.205035,-3.864556,0.403973,0.111796,1.361357,0.012382,-0.426606,-34.262041,0.009217,-0.004000,0.001555,0.005827,-0.001737,0.001555,0.103788,0.011667,-9.809444,-0.001418,-0.010759,1.357357,-2.182089,0.012380,27.000000,0.013045,-2.205035,-0.000419,0.109680,1.361357,0.009000,-0.004000,25,0,1,32,30,-0.006944,0.030147,1.761092,0.686402,0.051244,9.761681,2.530300,0.012380,0.010647,7,1,0,0.000000,0,-3.855928,0.000000,-0.025877,0,0.151590,0.000000,0.047432,-3.855928,0.151590,1,1,1,1.652990,0.000000,0.000000,0.000000,0.000000,0.000000,0.000000,0.000000
0.3801,-2.204375,0.126294,0.396668,1.256637,-0.012812,0.011808,1,-3.855928,128,0.104208,0.010747,-2.204375,-0.002513,-3.871234,0.396668,-2.205035,-3.862051,0.396668,0.126294,1.256637,0.012352,-0.426606,-34.262041,0.009183,-0.003000,0.001625,0.001958,-0.001018,0.001625,0.104208,0.010747,-9.809441,-0.013446,0.007053,1.253637,-2.165087,0.012602,27.000000,0.013045,-2.205035,-0.002513,0.124253,1.256637,0.009000,-0.003000,30,0,1,32,30,0.014375,0.025272,1.650119,0.419857,-0.123607,9.970300,2.547302,0.012602,0.010677,7,1,0,0.000000,0,-3.855928,0.000000,-0.012812,0,0.160440,0.000000,0.011808,-3.855928,0.160440,1,1,1,1.653040,0.000000,0.000000,0.000000,0.000000,0.000000,0.000000,0.000000
0.3901,-2.205767,0.138304,0.376610,1.151917,-0.035852,0.012376,1,-3.855928,138,0.107940,0.009003,-2.205767,-0.013718,-3.867430,0.376610,-2.206377,-3.858042,0.376610,0.138304,1.151917,0.012386,-0.426606,-34.262041,0.009387,-0.003000,0.001545,0.001997,-0.001139,0.001545,0.107940,0.009003,-9.809402,-0.056798,-0.014588,1.148917,-2.149077,0.012993,27.000000,0.013045,-2.206377,-0.013718,0.136524,1.151917,0.009000,-0.003000,35,0,1,32,30,0.029233,0.069726,1.524781,-0.472248,0.604273,9.843048,2.563312,0.012993,0.011026,7,1,0,0.000000,0,-3.855928,0.000000,-0.035852,0,0.167790,0.000000,0.012376,-3.855928,0.167790,1,1,1,1.653075,0.000000,0.000000,0.000000,0.000000,0.000000,0.000000,0.000000
0.4001,-2.210501,0.148886,0.287148,1.047198,-0.039523,0.002186,1,-3.855928,148,0.110070,0.009083,-2.210501,-0.048485,-3.863569,0.287148,-2.210980,-3.854397,0.287148,0.148886,1.047198,0.012384,-0.426606,-34.262041,0.009172,0.002000,0.001551,0.001991,-0.001625,0.001551,0.110070,0.009083,-9.809378,0.012549,-0.003426,1.049198,-2.134852,0.013131,27.000000,0.013045,-2.210980,-0.048485,0.147262,1.047198,0.009000,0.002000,40,0,1,32,30,-0.011317,0.010134,1.336322,0.121424,0.092370,9.503325,2.577537,0.013131,0.011235,7,1,0,0.000000,0,-3.855928,0.000000,-0.039523,0,0.173640,0.000000,0.002186,-3.855928,0.173640,1,1,1,1.653087,0.000000,0.000000,0.000000,0.000000,0.000000,0.000000,0.000000
0.4101,-2.216782,0.156769,0.459478,0.733038,-0.058612,0.007107,1,-3.855928,158,0.109291,0.008031,-2.216782,-0.067963,-3.859080,0.459478,-2.217403,-3.849767,0.459478,0.156769,0.733038,0.012422,-0.426606,-34.262041,0.009312,0.003000,0.001460,0.001947,-0.002420,0.001460,0.109291,0.008031,-9.809388,-0.002282,0.012018,0.736038,-2.122341,0.013352,27.000000,0.013045,-2.217403,-0.067963,0.155699,0.733038,0.009000,0.003000,45,0,1,32,30,0.009990,0.007793,1.195512,0.332777,0.022133,9.780298,2.590048,0.013352,0.011133,7,1,0,0.000000,0,-3.855928,0.000000,-0.058612,0,0.177990,0.000000,0.007107,-3.855928,0.177990,1,1,1,1.653068,0.000000,0.000000,0.000000,0.000000,0.000000,0.000000,0.000000
0.4201,-2.226960,0.164113,0.427080,0.628319,-0.055031,-0.011482,1,-3.855928,168,0.107518,0.006944,-2.226960,-0.105767,-3.855599,0.427080,-2.227470,-3.846208,0.427080,0.164113,0.628319,0.012540,-0.426606,-34.262041,0.009391,0.004000,0.001184,0.002002,-0.003101,0.001184,0.107518,0.006944,-9.809408,-0.014959,-0.001477,0.632319,-2.111438,0.013632,27.000000,0.013045,-2.227470,-0.105767,0.163369,0.628319,0.009000,0.004000,50,0,1,32,30,0.009933,0.024566,1.059174,1.010326,0.668587,10.122200,2.600951,0.013632,0.010930,7,1,0,0.000000,0,-3.855928,0.000000,-0.055031,0,0.180840,0.000000,-0.011482,-3.855928,0.180840,1,1,1,1.653008,0.000000,0.000000,0.000000,0.000000,0.000000,0.000000,0.000000
0.4301,-2.240413,0.168820,0.393049,0.523599,-0.086680,-0.006837,1,-3.855928,178,0.109948,0.005918,-2.240413,-0.141581,-3.849879,0.393049,-2.241084,-3.840605,0.393049,0.168820,0.523599,0.012353,-0.426606,-34.262041,0.009274,0.000000,0.001622,0.001986,-0.004238,0.001622,0.109948,0.005918,-9.809382,0.000519,-0.029339,0.523599,-2.101130,0.013641,27.000000,0.013045,-2.241084,-0.141581,0.167971,0.523599,0.009000,0.000000,55,0,1,32,30,-0.020002,0.032791,0.916312,-0.002174,0.108010,9.780944,2.611259,0.013641,0.011151,7,1,0,0.000000,0,-3.855928,0.000000,-0.086680,0,0.182190,0.000000,-0.006837,-3.855928,0.182190,1,1,1,1.644948,0.000000,0.000000,0.000000,0.000000,0.000000,0.000000,0.000000
0.4401,-2.258653,0.173819,0.398797,0.418879,-0.068155,-0.035038,1,-3.855928,188,0.109824,0.009396,-2.258653,-0.183574,-3.846822,0.398797,-2.259109,-3.837479,0.398797,0.173819,0.418879,0.012558,-0.426606,-34.262041,0.009343,-0.004000,0.001142,0.001981,-0.004348,0.001142,0.109824,0.009396,-9.809381,0.013049,-0.008960,0.414879,-2.093005,0.013550,27.000000,0.013045,-2.259109,-0.183574,0.173340,0.418879,0.009000,-0.004000,60,0,1,32,30,-0.015738,0.008521,0.813633,0.896008,0.214736,9.696466,2.619384,0.013550,0.011193,7,1,0,0.000000,0,-3.855928,0.000000,-0.068155,0,0.182040,0.000000,-0.035038,-3.855928,0.182040,1,1,1,1.634131,0.000000,0.000000,0.000000,0.000000,0.000000,0.000000,0.000000
0.4501,-2.270065,0.178579,0.359264,0.418879,-0.077101,-0.060481,1,-3.855928,196,0.104572,0.007434,-2.270065,-0.122208,-3.843377,0.359264,-2.270614,-3.834129,0.359264,0.178579,0.418879,0.012396,-0.426606,-34.262041,0.009248,-0.005000,0.001520,0.002017,-0.001802,0.001520,0.104572,0.007434,-9.809440,0.063151,0.064917,0.413879,-2.084888,0.013543,27.000000,0.013045,-2.270614,-0.122208,0.177942,0.418879,0.009000,-0.005000,65,0,1,32,30,-0.007117,-0.080696,0.774203,1.176552,-0.637543,9.802930,2.627501,0.013543,0.010626,7,1,0,0.000000,0,-3.855928,0.000000,-0.077101,0,0.180390,0.000000,-0.060481,-3.855928,0.180390,1,1,1,1.626599,0.000000,0.000000,0.000000,0.000000,0.000000,0.000000,0.000000
0.4601,-2.267066,0.183273,0.190959,0.418879,-0.072859,-0.090506,1,-3.855928,206,0.097593,0.006340,-2.267066,0.027018,-3.840868,0.190959,-2.267450,-3.831691,0.190959,0.183273,0.418879,0.012303,-0.426606,-34.262041,0.009178,-0.005000,0.001740,0.001990,0.000426,0.001740,0.097593,0.006340,-9.809512,0.012227,-0.023415,0.413879,-2.077746,0.013480,27.000000,0.013045,-2.267450,0.027018,0.182544,0.418879,0.009000,-0.005000,70,0,1,32,30,-0.024347,0.017685,0.604666,1.297735,0.619164,10.265448,2.634643,0.013480,0.009901,7,1,0,0.000000,0,-3.855928,0.000000,-0.072859,0,0.177240,0.000000,-0.090506,-3.855928,0.177240,1,1,1,1.625486,0.000000,0.000000,0.000000,0.000000,0.000000,0.000000,0.000000
0.4701,-2.265573,0.186747,0.030614,0.314159,-0.059107,-0.109559,1,-3.855928,216,0.097078,0.010567,-2.265573,0.006597,-3.839815,0.030614,-2.265628,-3.830805,0.030614,0.186747,0.314159,0.012545,-0.426606,-34.262041,0.009010,-0.009000,0.001172,0.001990,-0.000579,0.001172,0.097078,0.010567,-9.809514,-0.015804,0.012922,0.305159,-2.073384,0.013323,27.000000,0.013045,-2.265628,0.006597,0.186379,0.314159,0.009000,-0.009000,75,0,1,32,30,0.020415,0.004291,0.335746,0.551904,0.016341,9.483700,2.639005,0.013323,0.009925,7,1,0,0.000000,0,-3.855928,0.000000,-0.059107,0,0.172590,0.000000,-0.109559,-3.855928,0.172590,1,1,1,1.625324,0.000000,0.000000,0.000000,0.000000,0.000000,0.000000,0.000000
0.4801,-2.266219,0.187913,0.036971,0.000000,-0.056658,-0.116103,1,-3.855928,226,0.095306,0.006632,-2.266219,-0.002513,-3.839304,0.036971,-2.266299,-3.830270,0.036971,0.187913,0.000000,0.012484,-0.426606,-34.262041,0.009034,-0.009000,0.001314,0.002025,-0.000012,0.001314,0.095306,0.006632,-9.809535,0.001472,0.027136,-0.009000,-2.071684,0.013634,27.000000,0.013045,-2.266299,-0.002513,0.187913,0.000000,0.009000,-0.009000,80,0,1,32,30,0.016082,-0.021555,0.028242,1.289914,-0.367744,9.643018,2.640705,0.013634,0.009672,7,1,0,0.000000,0,-3.855928,0.000000,-0.056658,0,0.166440,0.000000,-0.116103,-3.855928,0.166440,1,1,1,1.625150,0.000000,0.000000,0.000000,0.000000,0.000000,0.000000,0.000000
0.4901,-2.266091,0.186872,-0.043678,-0.209440,-0.049093,-0.121479,1,-3.855928,236,0.093275,0.004475,-2.266091,0.002513,-3.840431,-0.043678,-2.265916,-3.830456,-0.043678,0.186872,-0.209440,0.012487,-0.426606,-34.262041,0.009976,0.000000,0.001309,0.001964,0.000432,0.001309,0.093275,0.004475,-9.809556,-0.002325,-0.001195,-0.209440,-2.072909,0.013804,27.000000,0.013045,-2.265916,0.002513,0.187146,-0.209440,0.010000,0.000000,85,0,1,32,30,0.001036,-0.000760,-0.253128,1.421947,0.478394,10.053563,2.639480,0.013804,0.009428,7,1,0,0.000000,0,-3.855928,0.000000,-0.049093,0,0.158854,0.000000,-0.121479,-3.855928,0.158854,1,1,1,1.624979,0.000000,0.000000,0.000000,0.000000,0.000000,0.000000,0.000000
0.5001,-2.266018,0.183489,-0.103013,-0.418879,-0.044315,-0.119925,1,-3.855928,246,0.094483,0.004821,-2.266018,-0.001466,-3.840991,-0.103013,-2.265916,-3.831008,-0.103013,0.183489,-0.418879,0.012445,-0.426606,-34.262041,0.009982,0.007000,0.001406,0.002019,0.000179,0.001406,0.094483,0.004821,-9.809544,-0.026775,-0.017463,-0.411879,-2.076846,0.013719,27.000000,0.013045,-2.265916,-0.001466,0.184078,-0.418879,0.010000,0.007000,90,0,1,32,30,0.009471,0.024121,-0.515232,0.514378,-0.184598,9.491226,2.635543,0.013719,0.009560,6,1,0,0.000000,0,-3.855928,0.000000,-0.044315,0,0.150147,0.000000,-0.119925,-3.855928,0.150147,1,1,1,1.624809,0.000000,0.000000,0.000000,0.000000,0.000000,0.000000,0.000000
0.5101,-2.266138,0.177666,-0.181496,-0.628319,-0.036636,-0.111256,1,-3.855928,0,0.097225,0.002079,-2.266138,0.002513,-3.841069,-0.181496,-2.265820,-3.832108,-0.181496,0.177666,-0.628319,0.012337,-0.426606,-34.262041,0.008961,0.011000,0.001660,0.001974,0.000432,0.001660,0.097225,0.002079,-9.809518,-0.031415,-0.006229,-0.617319,-2.083774,0.013879,27.000000,0.013045,-2.265820,0.002513,0.178709,-0.628319,0.009000,0.011000,95,0,1,32,30,0.020070,0.015101,-0.799062,0.703674,0.511407,9.670611,2.628615,0.013879,0.009793,6,1,0,0.000000,0,-3.855928,0.000000,-0.036636,0,0.140610,0.000000,-0.111256,-3.855928,0.140610,1,1,1,1.624640,0.000000,0.000000,0.000000,0.000000,0.000000,0.000000,0.000000
0.5201,-2.266224,0.169980,-0.169390,-0.837758,-0.032995,-0.104194,1,-3.855928,10,0.097213,0.002126,-2.266224,-0.001466,-3.842199,-0.169390,-2.266012,-3.833329,-0.169390,0.169980,-0.837758,0.012506,-0.426606,-34.262041,0.008870,0.011000,0.001264,0.002000,0.000200,0.001264,0.097213,0.002126,-9.809518,0.008684,0.014798,-0.826758,-2.092681,0.013968,27.000000,0.013045,-2.266012,-0.001466,0.171039,-0.837758,0.009000,0.011000,100,0,1,32,30,0.002982,-0.029352,-0.995859,0.610242,0.219195,10.098284,2.619708,0.013968,0.009805,7,1,0,0.000000,0,-3.855928,0.000000,-0.032995,0,0.130417,0.000000,-0.104194,-3.855928,0.130417,1,1,1,1.624481,0.000000,0.000000,0.000000,0.000000,0.000000,0.000000,0.000000
0.5301,-2.265930,0.159906,-0.120122,-1.047198,-0.038432,-0.086165,1,-3.855928,20,0.096271,0.003873,-2.265930,0.001466,-3.842927,-0.120122,-2.265820,-3.833893,-0.120122,0.159906,-1.047198,0.012572,-0.426606,-34.262041,0.009035,0.003000,0.001110,0.002112,0.000418,0.001110,0.096271,0.003873,-9.809527,0.010490,-0.009516,-1.044198,-2.103317,0.013744,27.000000,0.013045,-2.265820,0.001466,0.161068,-1.047198,0.009000,0.003000,105,0,1,32,30,-0.014160,-0.014339,-1.164232,0.379824,0.129107,9.637848,2.609072,0.013744,0.009752,7,1,0,0.000000,0,-3.855928,0.000000,-0.038432,0,0.119757,0.000000,-0.086165,-3.855928,0.119757,1,1,1,1.624323,0.000000,0.000000,0.000000,0.000000,0.000000,0.000000,0.000000
0.5401,-2.266138,0.148481,-0.151051,-1.151917,-0.033237,-0.075233,1,-3.855928,30,0.095213,0.006772,-2.266138,-0.001466,-3.843809,-0.151051,-2.266012,-3.834796,-0.151051,0.148481,-1.151917,0.012644,-0.426606,-34.262041,0.009014,-0.002000,0.000940,0.001982,0.000146,0.000940,0.095213,0.006772,-9.809536,0.013091,-0.022719,-1.153917,-2.115641,0.013397,27.000000,0.013045,-2.266012,-0.001466,0.149563,-1.151917,0.009000,-0.002000,110,0,1,32,30,-0.024881,-0.008225,-1.304969,0.598886,0.293075,9.534364,2.596748,0.013397,0.009702,7,1,0,0.000000,0,-3.855928,0.000000,-0.033237,0,0.108754,0.000000,-0.075233,-3.855928,0.108754,1,1,1,1.624170,0.000000,0.000000,0.000000,0.000000,0.000000,0.000000,0.000000
0.5501,-2.266317,0.136898,-0.123552,-1.256637,-0.017954,-0.074958,1,-3.855928,40,0.096036,0.009568,-2.266317,-0.003560,-3.845694,-0.123552,-2.266203,-3.836821,-0.123552,0.136898,-1.256637,0.012651,-0.426606,-34.262041,0.008873,-0.008000,0.000924,0.001999,0.000097,0.000924,0.096036,0.009568,-9.809525,0.014410,-0.024338,-1.264637,-2.129249,0.013020,27.000000,0.013045,-2.266203,-0.003560,0.138058,-1.256637,0.009000,-0.008000,115,0,1,32,30,-0.027039,-0.009262,-1.388183,0.401819,-0.279083,10.169704,2.583140,0.013020,0.009832,8,1,0,0.000000,0,-3.855928,0.000000,-0.017954,0,0.097545,0.000000,-0.074958,-3.855928,0.097545,1,1,1,1.624018,0.000000,0.000000,0.000000,0.000000,0.000000,0.000000,0.000000
0.5601,-2.266745,0.122913,-0.166096,-1.256637,-0.025017,-0.047223,1,-3.855928,50,0.097731,0.009655,-2.266745,-0.000419,-3.846703,-0.166096,-2.266491,-3.837921,-0.166096,0.122913,-1.256637,0.012330,-0.426606,-34.262041,0.008782,-0.008000,0.001677,0.003938,0.000570,0.001677,0.097731,0.009655,-9.809508,0.006041,-0.023776,-1.264637,-2.144332,0.012574,27.000000,0.013045,-2.266491,-0.000419,0.125020,-1.256637,0.009000,-0.008000,120,0,1,32,30,-0.020652,-0.004403,-1.430788,0.132793,0.037260,10.096145,2.568057,0.012574,0.010009,7,1,0,0.000000,0,-3.855928,0.000000,-0.025017,0,0.086184,0.000000,-0.047223,-3.855928,0.086184,1,1,1,1.623860,0.000000,0.000000,0.000000,0.000000,0.000000,0.000000,0.000000
0.5701,-2.266049,0.112321,-0.301623,-1.151917,-0.000792,-0.080866,1,-3.855928,60,0.097471,0.014634,-2.266049,0.007645,-3.849589,-0.301623,-2.265820,-3.840856,-0.301623,0.112321,-1.151917,0.012603,-0.426606,-34.262041,0.008732,-0.001000,0.001036,0.002000,0.000406,0.001036,0.097471,0.014634,-9.809505,0.007681,-0.006395,-1.152917,-2.157856,0.012234,27.000000,0.013045,-2.265820,0.007645,0.113515,-1.151917,0.009000,-0.001000,125,0,1,32,30,-0.009971,-0.019019,-1.454416,0.170423,-0.063541,9.741051,2.554533,0.012234,0.010041,7,1,0,0.000000,0,-3.855928,0.000000,-0.000792,0,0.074975,0.000000,-0.080866,-3.855928,0.074975,1,1,1,1.623730,0.000000,0.000000,0.000000,0.000000,0.000000,0.000000,0.000000
0.5801,-2.266000,0.099012,-0.087148,-1.361357,-0.017376,-0.043974,1,-3.855928,70,0.098798,0.014659,-2.266000,0.000419,-3.851006,-0.087148,-2.265916,-3.841920,-0.087148,0.099012,-1.361357,0.012586,-0.426606,-34.262041,0.009086,0.005000,0.001075,0.001986,0.000148,0.001075,0.098798,0.014659,-9.809492,-0.011829,-0.008010,-1.356357,-2.172230,0.012094,27.000000,0.013045,-2.265916,0.000419,0.100476,-1.361357,0.009000,0.005000,130,0,1,32,30,0.002824,-0.004165,-1.443567,-0.680097,-0.188422,9.748813,2.540159,0.012094,0.010170,7,1,0,0.000000,0,-3.855928,0.000000,-0.017376,0,0.064226,0.000000,-0.043974,-3.855928,0.064226,1,1,1,1.623597,0.000000,0.000000,0.000000,0.000000,0.000000,0.000000,0.000000
0.5901,-2.266237,0.087744,-0.252759,-1.256637,0.016681,-0.055003,1,-3.855928,80,0.097227,0.015052,-2.266237,0.001466,-3.854405,-0.252759,-2.266012,-3.845645,-0.252759,0.087744,-1.256637,0.012628,-0.426606,-34.262041,0.008760,0.009000,0.000977,0.002118,0.000332,0.000977,0.097227,0.015052,-9.809507,0.026362,0.036319,-1.247637,-2.187220,0.011968,27.000000,0.013045,-2.266012,0.001466,0.088971,-1.256637,0.009000,0.009000,135,0,1,32,30,0.007139,-0.063250,-1.499717,0.667921,0.038962,9.981665,2.525169,0.011968,0.010008,7,1,0,0.000000,0,-3.855928,0.000000,0.016681,0,0.054172,0.000000,-0.055003,-3.855928,0.054172,1,1,1,1.623473,0.000000,0.000000,0.000000,0.000000,0.000000,0.000000,0.000000
0.6001,-2.265046,0.072657,0.003273,-1.466077,-0.025470,0.003023,1,-3.855928,90,0.096823,0.012967,-2.265046,0.007645,-3.854408,0.003273,-2.265053,-3.845236,0.003273,0.072657,-1.466077,0.012538,-0.426606,-34.262041,0.009172,0.006000,0.001188,0.001978,0.000210,0.001188,0.096823,0.012967,-9.809514,-0.007260,0.017703,-1.460077,-2.201898,0.011936,27.000000,0.013045,-2.265053,0.007645,0.074398,-1.466077,0.009000,0.006000,140,0,1,32,30,0.017785,-0.025322,-1.456601,-0.880901,0.093969,10.105625,2.510491,0.011936,0.009941,7,1,0,0.000000,0,-3.855928,0.000000,-0.025470,0,0.044932,0.000000,0.003023,-3.855928,0.044932,1,1,1,1.623355,0.000000,0.000000,0.000000,0.000000,0.000000,0.000000,0.000000
0.6101,-2.265348,0.061545,-0.266869,-1.151917,0.021655,-0.021158,1,-3.855928,100,0.092859,0.011550,-2.265348,0.005550,-3.857762,-0.266869,-2.265053,-3.848823,-0.266869,0.061545,-1.151917,0.012546,-0.426606,-34.262041,0.008939,0.000000,0.001170,0.001962,0.000677,0.001170,0.092859,0.011550,-9.809554,0.008914,0.024088,-1.151917,-2.216592,0.011952,27.000000,0.013045,-2.265053,0.005550,0.062893,-1.151917,0.009000,0.000000,145,0,1,32,30,0.011409,-0.040809,-1.418386,1.497320,0.492827,9.661371,2.495797,0.011952,0.009521,7,1,0,0.000000,0,-3.855928,0.000000,0.021655,0,0.036678,0.000000,-0.021158,-3.855928,0.036678,1,1,1,1.623244,0.000000,0.000000,0.000000,0.000000,0.000000,0.000000,0.000000
0.6201,-2.263018,0.050321,-0.080487,-1.151917,0.007016,-0.001427,1,-3.855928,110,0.095351,0.010887,-2.263018,0.021991,-3.859452,-0.080487,-2.262944,-3.850592,-0.080487,0.050321,-1.151917,0.012650,-0.426606,-34.262041,0.008860,-0.006000,0.000927,0.002139,0.000372,0.000927,0.095351,0.010887,-9.809531,-0.033909,0.001750,-1.157917,-2.229589,0.012030,27.000000,0.013045,-2.262944,0.021991,0.051388,-1.151917,0.009000,-0.006000,150,0,1,32,30,0.024218,0.008132,-1.238607,-0.976450,0.037135,10.057140,2.482800,0.012030,0.009764,7,1,0,0.000000,0,-3.855928,0.000000,0.007016,0,0.029480,0.000000,-0.001427,-3.855928,0.029480,1,1,1,1.623150,0.000000,0.000000,0.000000,0.000000,0.000000,0.000000,0.000000
0.6301,-2.263601,0.040842,-0.168299,-0.942478,0.025084,-0.004420,1,-3.855928,120,0.095720,0.009089,-2.263601,-0.000419,-3.862404,-0.168299,-2.263327,-3.853571,-0.168299,0.040842,-0.942478,0.012437,-0.426606,-34.262041,0.008832,-0.006000,0.001425,0.002107,0.000539,0.001425,0.095720,0.009089,-9.809529,-0.017363,-0.017490,-0.948478,-2.242048,0.011909,27.000000,0.013045,-2.263327,-0.000419,0.042185,-0.942478,0.009000,-0.006000,155,0,1,32,30,-0.001365,0.010717,-1.116997,0.953446,0.572229,10.178617,2.470341,0.011909,0.009788,7,1,0,0.000000,0,-3.855928,0.000000,0.025084,0,0.023105,0.000000,-0.004420,-3.855928,0.023105,1,1,1,1.623062,0.000000,0.000000,0.000000,0.000000,0.000000,0.000000,0.000000
0.6401,-2.260759,0.033414,-0.144011,-0.837758,0.027277,-0.017317,1,-3.855928,130,0.096112,0.010888,-2.260759,0.030159,-3.865216,-0.144011,-2.260547,-3.856237,-0.144011,0.033414,-0.837758,0.012484,-0.426606,-34.262041,0.008979,-0.002000,0.001314,0.002008,0.000879,0.001314,0.096112,0.010888,-9.809523,0.026586,0.021789,-0.839758,-2.252141,0.011702,27.000000,0.013045,-2.260547,0.030159,0.034515,-0.837758,0.009000,-0.002000,160,0,1,32,30,-0.001265,-0.046630,-0.983264,-0.633202,0.022791,9.683972,2.460248,0.011702,0.009830,7,1,0,0.000000,0,-3.855928,0.000000,0.027277,0,0.017190,0.000000,-0.017317,-3.855928,0.017190,1,1,1,1.622992,0.000000,0.000000,0.000000,0.000000,0.000000,0.000000,0.000000
0.6501,-2.257404,0.027362,-0.233196,-0.628319,0.041545,-0.029688,1,-3.855928,140,0.092988,0.008940,-2.257404,0.037280,-3.868657,-0.233196,-2.256999,-3.859648,-0.233196,0.027362,-0.628319,0.012354,-0.426606,-34.262041,0.009009,0.002000,0.001619,0.002004,0.001094,0.001619,0.092988,0.008940,-9.809555,0.010112,0.009930,-0.626319,-2.261600,0.011702,27.000000,0.013045,-2.256999,0.037280,0.028379,-0.628319,0.009000,0.002000,165,0,1,32,30,0.000883,-0.024762,-0.859274,0.063805,0.338240,9.725877,2.450789,0.011702,0.009501,6,1,0,0.000000,0,-3.855928,0.000000,0.041545,0,0.011368,0.000000,-0.029688,-3.855928,0.011368,1,1,1,1.622942,0.000000,0.000000,0.000000,0.000000,0.000000,0.000000,0.000000
0.6601,-2.249925,0.022262,-0.163211,-0.628319,0.042194,-0.039858,1,-3.855928,150,0.089690,0.011034,-2.249925,0.075084,-3.871436,-0.163211,-2.249713,-3.862544,-0.163211,0.022262,-0.628319,0.012537,-0.426606,-34.262041,0.008892,0.004000,0.001191,0.001999,0.003659,0.001191,0.089690,0.011034,-9.809584,0.027839,0.024729,-0.624319,-2.269592,0.011616,27.000000,0.013045,-2.249713,0.075084,0.023010,-0.628319,0.009000,0.004000,170,0,1,32,30,0.000928,-0.047095,-0.787001,0.265835,0.266937,10.088968,2.442797,0.011616,0.009166,7,1,0,0.000000,0,-3.855928,0.000000,0.042194,0,0.005612,0.000000,-0.039858,-3.855928,0.005612,1,1,1,1.622919,0.000000,0.000000,0.000000,0.000000,0.000000,0.000000,0.000000
0.6701,-2.239332,0.016756,-0.132992,-0.628319,0.041938,-0.034412,1,-3.855928,160,0.087578,0.010943,-2.239332,0.116029,-3.873993,-0.132992,-2.239071,-3.864936,-0.132992,0.016756,-0.628319,0.012444,-0.426606,-34.262041,0.009057,0.004000,0.001409,0.001990,0.003273,0.001409,0.087578,0.010943,-9.809603,0.017311,0.015341,-0.624319,-2.277486,0.011478,27.000000,0.013045,-2.239071,0.116029,0.017641,-0.628319,0.009000,0.004000,175,0,1,32,30,0.000921,-0.032534,-0.756965,0.036290,-0.052991,9.654936,2.434903,0.011478,0.008946,6,1,0,0.000000,0,-3.855928,0.000000,0.041938,0,0.000013,0.000000,-0.034412,-3.855928,0.000013,1,1,1,1.622938,0.000000,0.000000,0.000000,0.000000,0.000000,0.000000,0.000000
0.6801,-2.225082,0.012222,-0.247542,-0.523599,0.057685,-0.043692,1,-3.855928,170,0.086561,0.010380,-2.225082,0.146712,-3.877051,-0.247542,-2.224690,-3.868242,-0.247542,0.012222,-0.523599,0.012379,-0.426606,-34.262041,0.008809,0.002000,0.001560,0.002001,0.002895,0.001560,0.086561,0.010380,-9.809613,-0.006553,-0.020337,-0.521599,-2.285324,0.011429,27.000000,0.013045,-2.224690,0.146712,0.013039,-0.523599,0.009000,0.002000,180,0,1,32,30,-0.011933,0.008201,-0.769301,-0.126995,0.364467,9.917425,2.427065,0.011429,0.008837,7,1,0,0.000000,0,-3.855928,0.000000,0.057685,0,-0.005371,0.000000,-0.043692,-3.855928,-0.005371,1,1,1,1.623009,0.000000,0.000000,0.000000,0.000000,0.000000,0.000000,0.000000
0.6901,-2.210692,0.006955,-0.132250,-0.628319,0.047962,-0.033283,1,-3.855928,180,0.089511,0.013823,-2.210692,0.149854,-3.879114,-0.132250,-2.210500,-3.870186,-0.132250,0.006955,-0.628319,0.012560,-0.426606,-34.262041,0.008928,0.000000,0.001138,0.002019,0.003536,0.001138,0.089511,0.013823,-9.809582,0.000448,-0.033340,-0.628319,-2.292537,0.011214,27.000000,0.013045,-2.210500,0.149854,0.007670,-0.628319,0.009000,0.000000,185,0,1,32,30,-0.026875,0.010182,-0.760756,-0.575762,-0.156381,9.481231,2.419852,0.011214,0.009135,7,1,0,0.000000,0,-3.855928,0.000000,0.047962,0,-0.010479,0.000000,-0.033283,-3.855928,-0.010479,1,1,1,1.623132,0.000000,0.000000,0.000000,0.000000,0.000000,0.000000,0.000000
0.7001,-2.198107,0.000519,-0.133377,-0.733038,0.050361,-0.014120,1,-3.855928,190,0.093673,0.015275,-2.198107,0.117077,-3.881012,-0.133377,-2.197941,-3.872007,-0.133377,0.000519,-0.733038,0.012454,-0.426606,-34.262041,0.009006,0.000000,0.001385,0.002000,0.002647,0.001385,0.093673,0.015275,-9.809541,-0.033275,-0.046890,-0.733038,-2.300795,0.010902,27.000000,0.013045,-2.197941,0.117077,0.001534,-0.733038,0.009000,0.000000,190,0,1,32,30,-0.018403,0.043678,-0.867027,-1.196136,0.544408,10.789447,2.411594,0.010902,0.009550,6,1,0,0.000000,0,-3.855928,0.000000,0.050361,0,-0.015186,0.000000,-0.014120,-3.855928,-0.015186,1,1,1,1.628233,0.000000,0.000000,0.000000,0.000000,0.000000,0.000000,0.000000
0.7101,-2.198257,-0.007793,0.073943,-0.942478,0.035296,0.013713,1,-3.855928,200,0.100600,0.020118,-2.198257,0.004503,-3.881270,0.073943,-2.198324,-3.872268,0.073943,-0.007793,-0.942478,0.012642,-0.426606,-34.262041,0.009002,-0.001000,0.000945,0.001976,-0.000679,0.000945,0.100600,0.020118,-9.809464,0.006654,-0.033540,-0.943478,-2.309373,0.010511,27.000000,0.013045,-2.198324,0.004503,-0.006903,-0.942478,0.009000,-0.001000,195,0,1,32,30,-0.031169,0.003068,-0.869643,-1.614963,-0.452754,10.204929,2.403016,0.010511,0.010239,7,1,0,0.000000,0,-3.855928,0.000000,0.035296,0,-0.019738,0.000000,0.013713,-3.855928,-0.019738,1,1,1,1.629104,0.000000,0.000000,0.000000,0.000000,0.000000,0.000000,0.000000
0.7201,-2.198703,-0.016378,0.125038,-0.837758,0.025598,0.021814,1,-3.855928,210,0.096796,0.018844,-2.198703,0.001466,-3.880859,0.125038,-2.198899,-3.871678,0.125038,-0.016378,-0.837758,0.012516,-0.426606,-34.262041,0.009181,0.004000,0.001240,0.002005,-0.000283,0.001240,0.096796,0.018844,-9.809504,0.028957,0.034508,-0.833758,-2.317364,0.010433,27.000000,0.013045,-2.198899,0.001466,-0.015340,-0.837758,0.009000,0.004000,200,0,1,32,30,0.011630,-0.052387,-0.708120,-0.106855,-0.035476,9.779433,2.395025,0.010433,0.009835,7,1,0,0.000000,0,-3.855928,0.000000,0.025598,0,-0.024515,0.000000,0.021814,-3.855928,-0.024515,1,1,1,1.629287,0.000000,0.000000,0.000000,0.000000,0.000000,0.000000,0.000000
0.7301,-2.197350,-0.024957,0.296971,-0.837758,0.003836,0.022621,1,-3.855928,220,0.092796,0.016756,-2.197350,0.007645,-3.878692,0.296971,-2.197749,-3.869373,0.296971,-0.024957,-0.837758,0.012444,-0.426606,-34.262041,0.009319,0.007000,0.001409,0.001985,-0.000416,0.001409,0.092796,0.016756,-9.809547,0.021555,0.049680,-0.830758,-2.323633,0.010500,27.000000,0.013045,-2.197749,0.007645,-0.023777,-0.837758,0.009000,0.007000,4,0,1,32,30,0.028758,-0.052527,-0.533175,-0.306700,-0.030381,10.133460,2.388756,0.010500,0.009414,7,1,0,0.000000,0,-3.855928,0.000000,0.003836,0,-0.029852,0.000000,0.022621,-3.855928,-0.029852,1,1,1,1.629464,0.000000,0.000000,0.000000,0.000000,0.000000,0.000000,0.000000
0.7401,-2.197612,-0.030000,0.197605,-0.523599,0.015508,-0.018973,1,-3.855928,230,0.090163,0.012358,-2.197612,0.000419,-3.877654,0.197605,-2.197941,-3.868424,0.197605,-0.030000,-0.523599,0.012348,-0.426606,-34.262041,0.009230,0.000000,0.001633,0.001987,-0.000530,0.001633,0.090163,0.012358,-9.809578,-0.015236,0.045090,-0.523599,-2.327729,0.010813,27.000000,0.013045,-2.197941,0.000419,-0.029145,-0.523599,0.009000,0.000000,9,0,1,32,30,0.045858,-0.016763,-0.325812,0.158626,0.454802,9.583554,2.384660,0.010813,0.009150,6,1,0,0.000000,0,-3.855928,0.000000,0.015508,0,-0.035661,0.000000,-0.018973,-3.855928,-0.035661,1,1,1,1.629637,0.000000,0.000000,0.000000,0.000000,0.000000,0.000000,0.000000
0.7501,-2.198183,-0.033392,0.246215,-0.418879,0.010836,-0.043573,1,-3.855928,240,0.089728,0.011296,-2.198183,-0.006597,-3.876396,0.246215,-2.198420,-3.867245,0.246215,-0.033392,-0.418879,0.012626,-0.426606,-34.262041,0.009151,-0.006000,0.000983,0.002012,-0.000783,0.000983,0.089728,0.011296,-9.809583,-0.009527,0.028340,-0.424879,-2.329943,0.011169,27.000000,0.013045,-2.198420,-0.006597,-0.032980,-0.418879,0.009000,-0.006000,14,0,1,32,30,0.028817,-0.010221,-0.178549,-0.740575,0.559736,9.564883,2.382446,0.011169,0.009104,7,1,0,0.000000,0,-3.855928,0.000000,0.010836,0,-0.041740,0.000000,-0.043573,-3.855928,-0.041740,1,1,1,1.629792,0.000000,0.000000,0.000000,0.000000,0.000000,0.000000,0.000000
0.7601,-2.198900,-0.036343,0.204719,-0.314159,0.004829,-0.054976,1,-3.855928,250,0.084981,0.011176,-2.198900,-0.003560,-3.874892,0.204719,-2.199091,-3.865761,0.204719,-0.036343,-0.314159,0.012645,-0.426606,-34.262041,0.009131,-0.011000,0.000938,0.002001,-0.000203,0.000938,0.084981,0.011176,-9.809626,0.062946,0.030831,-0.325159,-2.331405,0.011191,27.000000,0.013045,-2.199091,-0.003560,-0.036048,-0.314159,0.009000,-0.011000,19,0,1,32,30,-0.009524,-0.070959,-0.119553,0.436141,0.237383,9.390141,2.380984,0.011191,0.008616,6,1,0,0.000000,0,-3.855928,0.000000,0.004829,0,-0.047881,0.000000,-0.054976,-3.855928,-0.047881,1,1,1,1.629950,0.000000,0.000000,0.000000,0.000000,0.000000,0.000000,0.000000
0.7701,-2.198457,-0.039460,0.187569,-0.314159,-0.003336,-0.057515,1,-3.855928,4,0.080173,0.012183,-2.198457,0.005550,-3.873005,0.187569,-2.198708,-3.863844,0.187569,-0.039460,-0.314159,0.012579,-0.426606,-34.262041,0.009160,-0.010000,0.001093,0.002008,-0.000638,0.001093,0.080173,0.012183,-9.809665,0.047380,-0.015824,-0.324159,-2.332598,0.011015,27.000000,0.013045,-2.198708,0.005550,-0.039116,-0.314159,0.009000,-0.010000,24,0,1,32,30,-0.039454,-0.032353,-0.136194,0.274146,0.470217,9.890038,2.379791,0.011015,0.008118,7,1,0,0.000000,0,-3.855928,0.000000,-0.003336,0,-0.053868,0.000000,-0.057515,-3.855928,-0.053868,1,1,1,1.630101,0.000000,0.000000,0.000000,0.000000,0.000000,0.000000,0.000000
0.7801,-2.198606,-0.042632,0.297953,-0.418879,-0.006106,-0.060121,1,-3.855928,14,0.078045,0.015100,-2.198606,-0.002513,-3.871210,0.297953,-2.198899,-3.862016,0.297953,-0.042632,-0.418879,0.012590,-0.426606,-34.262041,0.009194,0.000000,0.001068,0.002001,-0.000614,0.001068,0.078045,0.015100,-9.809678,0.014445,-0.019865,-0.418879,-2.333937,0.010712,27.000000,0.013045,-2.198899,-0.002513,-0.042184,-0.418879,0.009000,0.000000,29,0,1,32,30,-0.024539,-0.002592,-0.120903,0.295296,0.367068,10.501523,2.378452,0.010712,0.007883,7,1,0,0.000000,0,-3.855928,0.000000,-0.006106,0,-0.059648,0.000000,-0.060121,-3.855928,-0.059648,1,1,1,1.630244,0.000000,0.000000,0.000000,0.000000,0.000000,0.000000,0.000000
0.7901,-2.198980,-0.044716,0.094547,-0.209440,0.001364,-0.077974,1,-3.855928,24,0.079224,0.016475,-2.198980,-0.003560,-3.870208,0.094547,-2.199091,-3.861115,0.094547,-0.044716,-0.209440,0.012575,-0.426606,-34.262041,0.009093,0.005000,0.001102,0.002032,-0.000253,0.001102,0.079224,0.016475,-9.809666,-0.003736,-0.019096,-0.204440,-2.335120,0.010536,27.000000,0.013045,-2.199091,-0.003560,-0.044485,-0.209440,0.009000,0.005000,34,0,1,32,30,-0.013878,0.012256,-0.110055,-0.003208,0.074947,9.359512,2.377269,0.010536,0.007993,6,1,0,0.000000,0,-3.855928,0.000000,0.001364,0,-0.065395,0.000000,-0.077974,-3.855928,-0.065395,1,1,1,1.630383,0.000000,0.000000,0.000000,0.000000,0.000000,0.000000,0.000000
0.8001,-2.199783,-0.047168,0.196995,-0.314159,-0.004146,-0.080444,1,-3.855928,34,0.079484,0.017033,-2.199783,-0.004503,-3.869065,0.196995,-2.199954,-3.859905,0.196995,-0.047168,-0.314159,0.012526,-0.426606,-34.262041,0.009160,0.009000,0.001216,0.001906,-0.000352,0.001216,0.079484,0.017033,-9.809663,0.004661,-0.000748,-0.305159,-2.336362,0.010409,27.000000,0.013045,-2.199954,-0.004503,-0.046786,-0.314159,0.009000,0.009000,39,0,1,32,30,-0.003187,-0.004837,-0.108112,-0.230439,-0.001065,10.085953,2.376027,0.010409,0.008012,6,1,0,0.000000,0,-3.855928,0.000000,-0.004146,0,-0.071104,0.000000,-0.080444,-3.855928,-0.071104,1,1,1,1.630515,0.000000,0.000000,0.000000,0.000000,0.000000,0.000000,0.000000
0.8101,-2.200869,-0.051141,0.234867,-0.418879,-0.021876,-0.070915,1,-3.855928,44,0.077874,0.017353,-2.200869,-0.013718,-3.866600,0.234867,-2.201104,-3.857419,0.234867,-0.051141,-0.418879,0.012515,-0.426606,-34.262041,0.009181,0.007000,0.001241,0.001986,-0.000485,0.001241,0.077874,0.017353,-9.809676,0.017604,0.023008,-0.411879,-2.337847,0.010343,27.000000,0.013045,-2.201104,-0.013718,-0.050621,-0.418879,0.009000,0.007000,44,0,1,32,30,0.009627,-0.029536,-0.176656,0.273971,0.150884,9.417878,2.374542,0.010343,0.007838,6,1,0,0.000000,0,-3.855928,0.000000,-0.021876,0,-0.076997,0.000000,-0.070915,-3.855928,-0.076997,1,1,1,1.630641,0.000000,0.000000,0.000000,0.000000,0.000000,0.000000,0.000000
0.8201,-2.201564,-0.054293,0.218528,-0.418879,-0.011252,-0.088333,1,-3.855928,54,0.075657,0.014925,-2.201564,-0.008692,-3.865452,0.218528,-2.201871,-3.856233,0.218528,-0.054293,-0.418879,0.012430,-0.426606,-34.262041,0.009219,0.000000,0.001441,0.002000,-0.000309,0.001441,0.075657,0.014925,-9.809697,0.005410,0.032809,-0.418879,-2.339811,0.010492,27.000000,0.013045,-2.201871,-0.008692,-0.053689,-0.418879,0.009000,0.000000,49,0,1,32,30,0.024557,-0.024908,-0.200057,0.227304,0.296427,10.022246,2.372578,0.010492,0.007619,7,1,0,0.000000,0,-3.855928,0.000000,-0.011252,0,-0.083200,0.000000,-0.088333,-3.855928,-0.083200,1,1,1,1.630757,0.000000,0.000000,0.000000,0.000000,0.000000,0.000000,0.000000
0.8301,-2.201744,-0.057390,0.210200,-0.418879,-0.012116,-0.098409,1,-3.855928,64,0.074409,0.013343,-2.201744,-0.003560,-3.864262,0.210200,-2.202063,-3.855173,0.210200,-0.057390,-0.418879,0.012401,-0.426606,-34.262041,0.009090,-0.008000,0.001510,0.001882,-0.000422,0.001510,0.074409,0.013343,-9.809709,0.002677,-0.022448,-0.426879,-2.341847,0.010607,27.000000,0.013045,-2.202063,-0.003560,-0.056757,-0.418879,0.009000,-0.008000,54,0,1,32,30,-0.020308,0.007244,-0.216785,-0.032727,0.059813,9.033946,2.370542,0.010607,0.007495,8,1,0,0.000000,0,-3.855928,0.000000,-0.012116,0,-0.089680,0.000000,-0.098409,-3.855928,-0.089680,1,1,1,1.630865,0.000000,0.000000,0.000000,0.000000,0.000000,0.000000,0.000000
0.8401,-2.204179,-0.062082,0.276247,-0.523599,-0.028762,-0.085644,1,-3.855928,74,0.072157,0.016377,-2.204179,-0.023981,-3.862049,0.276247,-2.204556,-3.852902,0.276247,-0.062082,-0.523599,0.012456,-0.426606,-34.262041,0.009148,-0.009000,0.001381,0.002009,-0.000930,0.001381,0.072157,0.016377,-9.809721,0.047850,0.004131,-0.532599,-2.344264,0.010333,27.000000,0.013045,-2.204556,-0.023981,-0.061359,-0.523599,0.009000,-0.009000,59,0,1,32,30,-0.022399,-0.045675,-0.255802,0.314451,0.282198,10.404979,2.368125,0.010333,0.007238,7,1,0,0.000000,0,-3.855928,0.000000,-0.028762,0,-0.096128,0.000000,-0.085644,-3.855928,-0.096128,1,1,1,1.630962,0.000000,0.000000,0.000000,0.000000,0.000000,0.000000,0.000000
0.8501,-2.207854,-0.066521,0.224597,-0.523599,-0.026350,-0.087980,1,-3.855928,82,0.069590,0.019672,-2.207854,-0.032149,-3.860413,0.224597,-2.208103,-3.851210,0.224597,-0.066521,-0.523599,0.012589,-0.426606,-34.262041,0.009203,-0.004000,0.001069,0.001991,-0.001283,0.001069,0.069590,0.019672,-9.809733,0.030878,0.008389,-0.527599,-2.347006,0.010116,27.000000,0.013045,-2.208103,-0.032149,-0.065961,-0.523599,0.009000,-0.004000,64,0,1,32,30,-0.009617,-0.034330,-0.302594,0.258623,-0.035380,10.564447,2.365383,0.010116,0.006945,7,1,0,0.000000,0,-3.855928,0.000000,-0.026350,0,-0.102224,0.000000,-0.087980,-3.855928,-0.102224,1,1,1,1.631040,0.000000,0.000000,0.000000,0.000000,0.000000,0.000000,0.000000
0.8601,-2.212094,-0.071356,0.276856,-0.628319,-0.028077,-0.077512,1,-3.855928,92,0.067864,0.018330,-2.212094,-0.044401,-3.858838,0.276856,-2.212418,-3.849657,0.276856,-0.071356,-0.628319,0.012507,-0.426606,-34.262041,0.009181,0.003000,0.001262,0.001992,-0.001212,0.001262,0.067864,0.018330,-9.809748,-0.025067,-0.017437,-0.625319,-2.350287,0.010149,27.000000,0.013045,-2.212418,-0.044401,-0.070563,-0.628319,0.009000,0.003000,69,0,1,32,30,-0.001155,0.026153,-0.348817,0.752550,-0.039391,9.358855,2.362102,0.010149,0.006767,7,1,0,0.000000,0,-3.855928,0.000000,-0.028077,0,-0.107568,0.000000,-0.077512,-3.855928,-0.107568,1,1,1,1.631104,0.000000,0.000000,0.000000,0.000000,0.000000,0.000000,0.000000
0.8701,-2.218261,-0.075986,0.288043,-0.628319,-0.026259,-0.067180,1,-3.855928,102,0.068860,0.018138,-2.218261,-0.062832,-3.857729,0.288043,-2.218554,-3.848514,0.288043,-0.075986,-0.628319,0.012488,-0.426606,-34.262041,0.009215,0.008000,0.001306,0.002098,-0.001494,0.001306,0.068860,0.018138,-9.809742,0.003542,0.006031,-0.620319,-2.353774,0.010111,27.000000,0.013045,-2.218554,-0.062832,-0.075165,-0.628319,0.009000,0.008000,74,0,1,32,30,0.003157,-0.010390,-0.332172,0.162174,0.024768,10.335299,2.358615,0.010111,0.006859,6,1,0,0.000000,0,-3.855928,0.000000,-0.026259,0,-0.111761,0.000000,-0.067180,-3.855928,-0.111761,1,1,1,1.631143,0.000000,0.000000,0.000000,0.000000,0.000000,0.000000,0.000000
0.8801,-2.224212,-0.080552,0.203005,-0.523599,-0.029134,-0.050400,1,-3.855928,112,0.069708,0.016846,-2.224212,-0.063879,-3.856567,0.203005,-2.224498,-3.847322,0.203005,-0.080552,-0.523599,0.012405,-0.426606,-34.262041,0.009246,0.006000,0.001499,0.002034,-0.001217,0.001499,0.069708,0.016846,-9.809738,-0.021095,-0.002255,-0.517599,-2.357149,0.010122,27.000000,0.013045,-2.224498,-0.063879,-0.079767,-0.523599,0.009000,0.006000,79,0,1,32,30,0.009539,0.015045,-0.314804,0.025047,0.086291,9.216088,2.355240,0.010122,0.006945,6,1,0,0.000000,0,-3.855928,0.000000,-0.029134,0,-0.114564,0.000000,-0.050400,-3.855928,-0.114564,1,1,1,1.631157,0.000000,0.000000,0.000000,0.000000,0.000000,0.000000,0.000000
0.8901,-2.231231,-0.084282,0.108865,-0.418879,-0.022451,-0.043714,1,-3.855928,122,0.069036,0.013262,-2.231231,-0.075084,-3.855970,0.108865,-2.231401,-3.846885,0.108865,-0.084282,-0.418879,0.012353,-0.426606,-34.262041,0.009085,-0.001000,0.001623,0.002006,-0.001344,0.001623,0.069036,0.013262,-9.809748,-0.016942,0.046228,-0.419879,-2.360444,0.010413,27.000000,0.013045,-2.231401,-0.075084,-0.083602,-0.418879,0.009000,-0.001000,84,0,1,32,30,0.047995,-0.014818,-0.310854,0.370405,0.533314,10.206559,2.351945,0.010413,0.006899,6,1,0,0.000000,0,-3.855928,0.000000,-0.022451,0,-0.116268,0.000000,-0.043714,-3.855928,-0.116268,1,1,1,1.631146,0.000000,0.000000,0.000000,0.000000,0.000000,0.000000,0.000000
0.9001,-2.238923,-0.087149,0.185527,-0.418879,-0.022052,-0.041612,1,-3.855928,132,0.068824,0.012413,-2.238923,-0.079273,-3.855651,0.185527,-2.239071,-3.846555,0.185527,-0.087149,-0.418879,0.012556,-0.426606,-34.262041,0.009096,-0.007000,0.001145,0.002000,-0.001176,0.001145,0.068824,0.012413,-9.809751,-0.014651,0.022270,-0.425879,-2.362983,0.010685,27.000000,0.013045,-2.239071,-0.079273,-0.086670,-0.418879,0.009000,-0.007000,89,0,1,32,30,0.026657,-0.002994,-0.240334,0.139720,0.256112,9.409278,2.349406,0.010685,0.006879,7,1,0,0.000000,0,-3.855928,0.000000,-0.022052,0,-0.117273,0.000000,-0.041612,-3.855928,-0.117273,1,1,1,1.631110,0.000000,0.000000,0.000000,0.000000,0.000000,0.000000,0.000000
0.9101,-2.245601,-0.089389,0.130812,-0.314159,-0.020279,-0.041824,1,-3.855928,142,0.068418,0.011765,-2.245601,-0.066916,-3.855538,0.130812,-2.245782,-3.846427,0.130812,-0.089389,-0.314159,0.012476,-0.426606,-34.262041,0.009112,-0.008000,0.001333,0.002007,-0.001227,0.001333,0.068418,0.011765,-9.809754,0.013557,-0.017917,-0.322159,-2.365095,0.010659,27.000000,0.013045,-2.245782,-0.066916,-0.088971,-0.314159,0.009000,-0.008000,94,0,1,32,30,-0.022424,-0.003787,-0.191315,0.215705,0.644423,9.719482,2.347294,0.010659,0.006840,7,1,0,0.000000,0,-3.855928,0.000000,-0.020279,0,-0.117977,0.000000,-0.041824,-3.855928,-0.117977,1,1,1,1.631050,0.000000,0.000000,0.000000,0.000000,0.000000,0.000000,0.000000
0.9201,-2.249834,-0.089982,0.060375,-0.209440,-0.006816,-0.059725,1,-3.855928,152,0.068869,0.014638,-2.249834,-0.042412,-3.856475,0.060375,-2.249905,-3.847443,0.060375,-0.089982,-0.209440,0.012547,-0.426606,-34.262041,0.009033,-0.004000,0.001167,0.002000,-0.000505,0.001167,0.068869,0.014638,-9.809747,0.016788,-0.013164,-0.213440,-2.366702,0.010430,27.000000,0.013045,-2.249905,-0.042412,-0.089738,-0.209440,0.009000,-0.004000,99,0,1,32,30,-0.020273,-0.008565,-0.152969,-0.116190,0.170641,10.126034,2.345687,0.010430,0.006858,7,1,0,0.000000,0,-3.855928,0.000000,-0.006816,0,-0.118783,0.000000,-0.059725,-3.855928,-0.118783,1,1,1,1.630974,0.000000,0.000000,0.000000,0.000000,0.000000,0.000000,0.000000
0.9301,-2.250530,-0.090646,-0.034259,-0.104720,-0.008936,-0.065297,1,-3.855928,162,0.068062,0.014852,-2.250530,-0.003560,-3.857116,-0.034259,-2.250480,-3.848112,-0.034259,-0.090646,-0.104720,0.012468,-0.426606,-34.262041,0.009004,0.001000,0.001353,0.001987,0.000040,0.001353,0.068062,0.014852,-9.809753,0.009408,-0.012963,-0.103720,-2.368034,0.010332,27.000000,0.013045,-2.250480,-0.003560,-0.090505,-0.104720,0.009000,0.001000,104,0,1,32,30,-0.016006,-0.002340,-0.137960,0.101472,0.067798,9.168099,2.344355,0.010332,0.006773,7,1,0,0.000000,0,-3.855928,0.000000,-0.008936,0,-0.120088,0.000000,-0.065297,-3.855928,-0.120088,1,1,1,1.630890,0.000000,0.000000,0.000000,0.000000,0.000000,0.000000,0.000000
0.9401,-2.249781,-0.091409,-0.045630,-0.104720,-0.007220,-0.076071,1,-3.855928,172,0.065631,0.016270,-2.249781,0.005550,-3.857797,-0.045630,-2.249713,-3.848813,-0.045630,-0.091409,-0.104720,0.012487,-0.426606,-34.262041,0.008984,0.005000,0.001308,0.001994,0.000510,0.001308,0.065631,0.016270,-9.809767,0.039446,0.014785,-0.099720,-2.369494,0.010224,27.000000,0.013045,-2.249713,0.005550,-0.091272,-0.104720,0.009000,0.005000,109,0,1,32,30,-0.009561,-0.042838,-0.144826,0.296103,0.231669,10.624578,2.342895,0.010224,0.006511,7,1,0,0.000000,0,-3.855928,0.000000,-0.007220,0,-0.122283,0.000000,-0.076071,-3.855928,-0.122283,1,1,1,1.630812,0.000000,0.000000,0.000000,0.000000,0.000000,0.000000,0.000000
0.9501,-2.248369,-0.092170,-0.080921,-0.104720,-0.003094,-0.090039,1,-3.855928,182,0.064320,0.017550,-2.248369,0.015813,-3.858722,-0.080921,-2.248275,-3.849741,-0.080921,-0.092170,-0.104720,0.012510,-0.426606,-34.262041,0.008981,0.007000,0.001253,0.002090,0.000455,0.001253,0.064320,0.017550,-9.809773,0.007907,-0.001163,-0.097720,-2.371181,0.010125,27.000000,0.013045,-2.248275,0.015813,-0.092039,-0.104720,0.009000,0.007000,114,0,1,32,30,-0.005338,-0.008182,-0.178553,0.073186,0.141332,9.408082,2.341208,0.010125,0.006365,6,1,0,0.000000,0,-3.855928,0.000000,-0.003094,0,-0.125401,0.000000,-0.090039,-3.855928,-0.125401,1,1,1,1.630740,0.000000,0.000000,0.000000,0.000000,0.000000,0.000000,0.000000
0.9601,-2.247468,-0.093878,-0.052127,-0.209440,-0.007170,-0.089966,1,-3.855928,192,0.062662,0.016748,-2.247468,0.005550,-3.859178,-0.052127,-2.247412,-3.850175,-0.052127,-0.093878,-0.209440,0.012423,-0.426606,-34.262041,0.009004,0.006000,0.001457,0.002024,0.000139,0.001457,0.062662,0.016748,-9.809786,0.012809,-0.000528,-0.203440,-2.373321,0.010125,27.000000,0.013045,-2.247412,0.005550,-0.093573,-0.209440,0.009000,0.006000,119,0,1,32,30,-0.007490,-0.013578,-0.255417,0.208686,0.407154,10.348742,2.339068,0.010125,0.006200,7,1,0,0.000000,0,-3.855928,0.000000,-0.007170,0,-0.129068,0.000000,-0.089966,-3.855928,-0.129068,1,1,1,1.630675,0.000000,0.000000,0.000000,0.000000,0.000000,0.000000,0.000000
0.9701,-2.247769,-0.096972,-0.114119,-0.209440,-0.012632,-0.079019,1,-3.855928,202,0.062105,0.017012,-2.247769,0.001466,-3.859039,-0.114119,-2.247604,-3.850081,-0.114119,-0.096972,-0.209440,0.012370,-0.426606,-34.262041,0.008958,0.000000,0.001582,0.001999,0.000124,0.001582,0.062105,0.017012,-9.809789,0.008310,-0.016308,-0.209440,-2.376320,0.010031,27.000000,0.013045,-2.247604,0.001466,-0.096641,-0.209440,0.009000,0.000000,124,0,1,32,30,-0.018195,-0.002017,-0.323558,0.532767,-0.115415,9.310097,2.336069,0.010031,0.006134,7,1,0,0.000000,0,-3.855928,0.000000,-0.012632,0,-0.132882,0.000000,-0.079019,-3.855928,-0.132882,1,1,1,1.630610,0.000000,0.000000,0.000000,0.000000,0.000000,0.000000,0.000000
0.9801,-2.247498,-0.099466,-0.052361,-0.314159,0.001749,-0.084634,1,-3.855928,212,0.062249,0.018160,-2.247498,0.000419,-3.860150,-0.052361,-2.247412,-3.851201,-0.052361,-0.099466,-0.314159,0.012333,-0.426606,-34.262041,0.008949,-0.004000,0.001669,0.001984,0.000188,0.001669,0.062249,0.018160,-9.809786,0.006724,-0.012254,-0.318159,-2.379933,0.009861,27.000000,0.013045,-2.247412,0.000419,-0.098942,-0.314159,0.009000,-0.004000,129,0,1,32,30,-0.013938,-0.003517,-0.370505,0.371190,0.087320,9.924535,2.332456,0.009861,0.006131,7,1,0,0.000000,0,-3.855928,0.000000,0.001749,0,-0.136444,0.000000,-0.084634,-3.855928,-0.136444,1,1,1,1.630550,0.000000,0.000000,0.000000,0.000000,0.000000,0.000000,0.000000
0.9901,-2.247708,-0.103262,-0.021869,-0.418879,-0.009155,-0.063309,1,-3.855928,222,0.063812,0.021186,-2.247708,-0.000419,-3.860246,-0.021869,-2.247700,-3.851226,-0.021869,-0.103262,-0.418879,0.012550,-0.426606,-34.262041,0.009020,-0.004000,0.001160,0.001941,-0.000107,0.001160,0.063812,0.021186,-9.809770,-0.007014,-0.026258,-0.422879,-2.383755,0.009731,27.000000,0.013045,-2.247700,-0.000419,-0.102777,-0.418879,0.009000,-0.004000,134,0,1,32,30,-0.018248,0.014558,-0.444965,-0.277994,0.091937,10.297406,2.328634,0.009731,0.006248,7,1,0,0.000000,0,-3.855928,0.000000,-0.009155,0,-0.139353,0.000000,-0.063309,-3.855928,-0.139353,1,1,1,1.630493,0.000000,0.000000,0.000000,0.000000,0.000000,0.000000,0.000000
1.0001,-2.247584,-0.107938,0.051361,-0.523599,-0.009712,-0.038384,1,-3.855928,232,0.063837,0.023266,-2.247584,0.001466,-3.860205,0.051361,-2.247604,-3.851201,0.051361,-0.107938,-0.523599,0.012589,-0.426606,-34.262041,0.009005,-0.001000,0.001069,0.002129,0.000212,0.001069,0.063837,0.023266,-9.809765,0.014608,-0.002156,-0.524599,-2.388404,0.009530,27.000000,0.013045,-2.247604,0.001466,-0.107379,-0.523599,0.009000,-0.001000,139,0,1,32,30,-0.009685,-0.017103,-0.473060,0.667230,-0.221585,9.395251,2.323985,0.009530,0.006214,7,1,0,0.000000,0,-3.855928,0.000000,-0.009712,0,-0.141212,0.000000,-0.038384,-3.855928,-0.141212,1,1,1,1.630433,0.000000,0.000000,0.000000,0.000000,0.000000,0.000000,0.000000
1.0101,-2.246911,-0.111857,0.099989,-0.523599,-0.001738,-0.027637,1,-3.855928,242,0.063650,0.022260,-2.246911,0.005550,-3.861001,0.099989,-2.247029,-3.851844,0.099989,-0.111857,-0.523599,0.012521,-0.426606,-34.262041,0.009157,0.000000,0.001229,0.002001,-0.000115,0.001229,0.063650,0.022260,-9.809768,-0.012185,-0.001501,-0.523599,-2.392965,0.009541,27.000000,0.013045,-2.247029,0.005550,-0.111213,-0.523599,0.009000,0.000000,144,0,1,32,30,0.005248,0.005794,-0.423715,0.143858,-0.110641,10.458342,2.319424,0.009541,0.006195,6,1,0,0.000000,0,-3.855928,0.000000,-0.001738,0,-0.141889,0.000000,-0.027637,-3.855928,-0.141889,1,1,1,1.630376,0.000000,0.000000,0.000000,0.000000,0.000000,0.000000,0.000000
1.0201,-2.247557,-0.115561,0.044681,-0.418879,-0.004796,-0.013714,1,-3.855928,252,0.063913,0.019197,-2.247557,-0.003560,-3.861138,0.044681,-2.247604,-3.852125,0.044681,-0.115561,-0.418879,0.012523,-0.426606,-34.262041,0.009014,0.002000,0.001223,0.001988,-0.000258,0.001223,0.063913,0.019197,-9.809773,-0.034287,0.019952,-0.416879,-2.396953,0.009828,27.000000,0.013045,-2.247604,-0.003560,-0.115048,-0.418879,0.009000,0.002000,149,0,1,32,30,0.035139,0.013747,-0.372399,0.083490,0.175697,9.724257,2.315436,0.009828,0.006246,7,1,0,0.000000,0,-3.855928,0.000000,-0.004796,0,-0.141730,0.000000,-0.013714,-3.855928,-0.141730,1,1,1,1.630320,0.000000,0.000000,0.000000,0.000000,0.000000,0.000000,0.000000
1.0301,-2.247261,-0.117831,0.042214,-0.314159,0.003767,-0.017969,1,-3.855928,6,0.065189,0.014420,-2.247261,0.002513,-3.862142,0.042214,-2.247316,-3.853072,0.042214,-0.117831,-0.314159,0.012390,-0.426606,-34.262041,0.009069,0.002000,0.001535,0.001994,0.000041,0.001535,0.065189,0.014420,-9.809773,-0.027223,0.021948,-0.312159,-2.400175,0.010149,27.000000,0.013045,-2.247316,0.002513,-0.117349,-0.314159,0.009000,0.002000,154,0,1,32,30,0.033041,0.008106,-0.270066,0.054517,0.553565,10.101282,2.312214,0.010149,0.006427,7,1,0,0.000000,0,-3.855928,0.000000,0.003767,0,-0.141137,0.000000,-0.017969,-3.855928,-0.141137,1,1,1,1.630266,0.000000,0.000000,0.000000,0.000000,0.000000,0.000000,0.000000
1.0401,-2.247219,-0.119043,-0.079387,-0.104720,0.005984,-0.024530,1,-3.855928,16,0.067411,0.012631,-2.247219,0.000419,-3.863014,-0.079387,-2.247125,-3.854047,-0.079387,-0.119043,-0.104720,0.012393,-0.426606,-34.262041,0.008967,0.000000,0.001528,0.002132,-0.000146,0.001528,0.067411,0.012631,-9.809760,-0.029401,-0.014605,-0.104720,-2.402365,0.010299,27.000000,0.013045,-2.247125,0.000419,-0.118883,-0.104720,0.009000,0.000000,159,0,1,32,30,0.003158,0.030393,-0.184497,-0.271871,0.097815,9.043742,2.310024,0.010299,0.006670,7,1,0,0.000000,0,-3.855928,0.000000,0.005984,0,-0.140508,0.000000,-0.024530,-3.855928,-0.140508,1,1,1,1.630216,0.000000,0.000000,0.000000,0.000000,0.000000,0.000000,0.000000
1.0501,-2.247168,-0.119650,-0.150220,0.000000,0.008867,-0.032141,1,-3.855928,26,0.067881,0.012171,-2.247168,0.004503,-3.864007,-0.150220,-2.246933,-3.855100,-0.150220,-0.119650,0.000000,0.012383,-0.426606,-34.262041,0.008908,-0.001000,0.001552,0.002013,0.000451,0.001552,0.067881,0.012171,-9.809758,0.015966,0.011218,-0.001000,-2.404026,0.010325,27.000000,0.013045,-2.246933,0.004503,-0.119650,0.000000,0.009000,-0.001000,164,0,1,32,30,0.001087,-0.021353,-0.150968,-0.214245,0.755753,9.978724,2.308363,0.010325,0.006722,7,1,0,0.000000,0,-3.855928,0.000000,0.008867,0,-0.140216,0.000000,-0.032141,-3.855928,-0.140216,1,1,1,1.630169,0.000000,0.000000,0.000000,0.000000,0.000000,0.000000,0.000000
1.0601,-2.246479,-0.120417,-0.119583,0.000000,0.004165,-0.031735,1,-3.855928,36,0.067003,0.015271,-2.246479,0.005550,-3.864513,-0.119583,-2.246358,-3.855585,-0.119583,-0.120417,0.000000,0.012612,-0.426606,-34.262041,0.008929,-0.002000,0.001015,0.001990,0.000423,0.001015,0.067003,0.015271,-9.809759,0.027254,0.010672,-0.002000,-2.405276,0.010246,27.000000,0.013045,-2.246358,0.005550,-0.120417,0.000000,0.009000,-0.002000,169,0,1,32,30,-0.005298,-0.030317,-0.121210,-0.346552,0.419246,10.118812,2.307113,0.010246,0.006594,7,1,0,0.000000,0,-3.855928,0.000000,0.004165,0,-0.140200,0.000000,-0.031735,-3.855928,-0.140200,1,1,1,1.630128,0.000000,0.000000,0.000000,0.000000,0.000000,0.000000,0.000000
1.0701,-2.245715,-0.120417,-0.101975,0.000000,0.013801,-0.039560,1,-3.855928,46,0.064837,0.016755,-2.245715,0.010681,-3.865742,-0.101975,-2.245591,-3.856792,-0.101975,-0.120417,0.000000,0.012558,-0.426606,-34.262041,0.008950,-0.002000,0.001141,0.002009,0.000423,0.001141,0.064837,0.016755,-9.809771,0.021222,-0.023241,-0.002000,-2.406479,0.010069,27.000000,0.013045,-2.245591,0.010681,-0.120417,0.000000,0.009000,-0.002000,174,0,1,32,30,-0.030933,-0.007111,-0.103894,0.331221,0.094957,9.302509,2.305910,0.010069,0.006357,6,1,0,0.000000,0,-3.855928,0.000000,0.013801,0,-0.140200,0.000000,-0.039560,-3.855928,-0.140200,1,1,1,1.630091,0.000000,0.000000,0.000000,0.000000,0.000000,0.000000,0.000000
1.0801,-2.244247,-0.120417,-0.097721,0.000000,0.012487,-0.039565,1,-3.855928,56,0.064551,0.019519,-2.244247,0.014765,-3.866646,-0.097721,-2.244152,-3.857689,-0.097721,-0.120417,0.000000,0.012618,-0.426606,-34.262041,0.008957,0.000000,0.001001,0.002001,0.000463,0.001001,0.064551,0.019519,-9.809768,0.018888,-0.007122,0.000000,-2.407374,0.009852,27.000000,0.013045,-2.244152,0.014765,-0.120417,0.000000,0.009000,0.000000,179,0,1,32,30,-0.015982,-0.013564,-0.097557,-0.039538,0.169975,10.183501,2.305015,0.009852,0.006294,6,1,0,0.000000,0,-3.855928,0.000000,0.012487,0,-0.140200,0.000000,-0.039565,-3.855928,-0.140200,1,1,1,1.630062,0.000000,0.000000,0.000000,0.000000,0.000000,0.000000,0.000000
1.0901,-2.242130,-0.120417,-0.093256,0.000000,0.013582,-0.039565,1,-3.855928,66,0.063842,0.020089,-2.242130,0.025028,-3.867490,-0.093256,-2.242043,-3.858527,-0.093256,-0.120417,0.000000,0.012553,-0.426606,-34.262041,0.008963,0.002000,0.001154,0.001998,0.000820,0.001154,0.063842,0.020089,-9.809772,0.008218,0.006334,0.002000,-2.408211,0.009738,27.000000,0.013045,-2.242043,0.025028,-0.120417,0.000000,0.009000,0.002000,184,0,1,32,30,0.001095,-0.011463,-0.091119,0.065810,0.037460,10.076962,2.304178,0.009738,0.006215,6,1,0,0.000000,0,-3.855928,0.000000,0.013582,0,-0.140200,0.000000,-0.039565,-3.855928,-0.140200,1,1,1,1.630041,0.000000,0.000000,0.000000,0.000000,0.000000,0.000000,0.000000
1.1001,-2.238484,-0.121184,-0.073648,0.000000,0.005498,-0.030361,1,-3.855928,76,0.063474,0.019641,-2.238484,0.038327,-3.867527,-0.073648,-2.238400,-3.858552,-0.073648,-0.121184,0.000000,0.012544,-0.426606,-34.262041,0.008975,0.002000,0.001175,0.001994,0.001014,0.001175,0.063474,0.019641,-9.809775,-0.007040,-0.000517,0.002000,-2.409003,0.009774,27.000000,0.013045,-2.238400,0.038327,-0.121184,0.000000,0.009000,0.002000,189,0,1,32,30,0.003217,0.005384,-0.071722,0.322819,0.061554,9.684984,2.303386,0.009774,0.006181,6,1,0,0.000000,0,-3.855928,0.000000,0.005498,0,-0.140200,0.000000,-0.030361,-3.855928,-0.140200,1,1,1,1.630031,0.000000,0.000000,0.000000,0.000000,0.000000,0.000000,0.000000
1.1101,-2.233463,-0.121184,-0.042742,0.000000,0.011640,-0.038031,1,-3.855928,86,0.063831,0.019140,-2.233463,0.055711,-3.868076,-0.042742,-2.233414,-3.859085,-0.042742,-0.121184,0.000000,0.012546,-0.426606,-34.262041,0.008991,0.001000,0.001169,0.002040,0.001147,0.001169,0.063831,0.019140,-9.809774,-0.008216,-0.001179,0.001000,-2.409536,0.009823,27.000000,0.013045,-2.233414,0.055711,-0.121184,0.000000,0.009000,0.001000,194,0,1,32,30,0.003224,0.007124,-0.041835,0.123285,0.074678,10.163507,2.302853,0.009823,0.006223,6,1,0,0.000000,0,-3.855928,0.000000,0.011640,0,-0.140200,0.000000,-0.038031,-3.855928,-0.140200,1,1,1,1.630038,0.000000,0.000000,0.000000,0.000000,0.000000,0.000000,0.000000
1.1201,-2.229905,-0.120417,-0.039506,0.000000,0.019865,-0.047235,1,-3.855928,96,0.065153,0.018656,-2.229905,0.038327,-3.869202,-0.039506,-2.229867,-3.860214,-0.039506,-0.120417,0.000000,0.012522,-0.426606,-34.262041,0.008988,0.000000,0.001227,0.001999,0.000335,0.001227,0.065153,0.018656,-9.809766,-0.011836,-0.003323,0.000000,-2.409900,0.009835,27.000000,0.013045,-2.229867,0.038327,-0.120417,0.000000,0.009000,0.000000,199,0,1,32,30,0.003220,0.011369,-0.039652,-0.175214,0.272120,9.648495,2.302489,0.009835,0.006365,7,1,0,0.000000,0,-3.855928,0.000000,0.019865,0,-0.140200,0.000000,-0.047235,-3.855928,-0.140200,1,1,1,1.630063,0.000000,0.000000,0.000000,0.000000,0.000000,0.000000,0.000000
1.1301,-2.230169,-0.121184,-0.010223,0.000000,0.001830,-0.030361,1,-3.855928,106,0.064949,0.019599,-2.230169,-0.002513,-3.868662,-0.010223,-2.230155,-3.859652,-0.010223,-0.121184,0.000000,0.012556,-0.426606,-34.262041,0.009010,0.000000,0.001145,0.002018,-0.000251,0.001145,0.064949,0.019599,-9.809765,0.011184,0.005494,0.000000,-2.410104,0.009773,27.000000,0.013045,-2.230155,-0.002513,-0.121184,0.000000,0.009000,0.000000,3,0,1,32,30,-0.001015,-0.012546,-0.010067,-0.240257,0.254275,10.318203,2.302285,0.009773,0.006331,6,1,0,0.000000,0,-3.855928,0.000000,0.001830,0,-0.140200,0.000000,-0.030361,-3.855928,-0.140200,1,1,1,1.630093,0.000000,0.000000,0.000000,0.000000,0.000000,0.000000,0.000000
1.1401,-2.229949,-0.121184,-0.021736,0.000000,0.010462,-0.038031,1,-3.855928,116,0.063906,0.020614,-2.229949,0.002513,-3.868908,-0.021736,-2.229963,-3.859903,-0.021736,-0.121184,0.000000,0.012558,-0.426606,-34.262041,0.009004,0.001000,0.001142,0.002005,-0.000030,0.001142,0.063906,0.020614,-9.809770,0.008746,-0.003432,0.001000,-2.410354,0.009684,27.000000,0.013045,-2.229963,0.002513,-0.121184,0.000000,0.009000,0.001000,8,0,1,32,30,-0.007429,-0.006012,-0.020663,0.618740,-0.265650,9.088522,2.302035,0.009684,0.006213,6,1,0,0.000000,0,-3.855928,0.000000,0.010462,0,-0.140200,0.000000,-0.038031,-3.855928,-0.140200,1,1,1,1.630120,0.000000,0.000000,0.000000,0.000000,0.000000,0.000000,0.000000
1.1501,-2.229453,-0.121184,0.034357,0.000000,0.006434,-0.038031,1,-3.855928,126,0.064410,0.020387,-2.229453,0.004503,-3.868815,0.034357,-2.229483,-3.859777,0.034357,-0.121184,0.000000,0.012587,-0.426606,-34.262041,0.009038,-0.001000,0.001073,0.001992,0.000054,0.001073,0.064410,0.020387,-9.809767,-0.020884,-0.013661,-0.001000,-2.410228,0.009730,27.000000,0.013045,-2.229483,0.004503,-0.121184,0.000000,0.009000,-0.001000,13,0,1,32,30,-0.001042,0.025351,0.033041,-0.145152,0.266009,10.146114,2.302161,0.009730,0.006267,7,1,0,0.000000,0,-3.855928,0.000000,0.006434,0,-0.140200,0.000000,-0.038031,-3.855928,-0.140200,1,1,1,1.630150,0.000000,0.000000,0.000000,0.000000,0.000000,0.000000,0.000000
1.1601,-2.230096,-0.121184,0.047676,0.000000,0.003098,-0.038031,1,-3.855928,134,0.065504,0.019315,-2.230096,-0.008692,-3.868443,0.047676,-2.230250,-3.859394,0.047676,-0.121184,0.000000,0.012518,-0.426606,-34.262041,0.009049,0.000000,0.003227,0.001944,-0.000262,0.003227,0.065504,0.019315,-9.809762,-0.006243,0.012498,0.000000,-2.409846,0.009756,27.000000,0.013045,-2.230250,-0.008692,-0.121184,0.000000,0.009000,0.000000,18,0,1,32,30,0.013931,-0.000447,0.047686,0.008182,0.066822,10.019796,2.302543,0.009756,0.006391,7,1,0,0.000000,0,-3.855928,0.000000,0.003098,0,-0.140200,0.000000,-0.038031,-3.855928,-0.140200,1,1,1,1.630177,0.000000,0.000000,0.000000,0.000000,0.000000,0.000000,0.000000
1.1701,-2.230005,-0.121951,0.042592,0.000000,-0.007216,-0.028827,1,-3.855928,144,0.066760,0.017998,-2.230005,0.004503,-3.867259,0.042592,-2.230059,-3.858215,0.042592,-0.121951,0.000000,0.012521,-0.426606,-34.262041,0.009044,-0.001000,0.001229,0.001991,0.000013,0.001229,0.066760,0.017998,-9.809756,-0.019575,0.009506,-0.001000,-2.409437,0.009871,27.000000,0.013045,-2.230059,0.004503,-0.121951,0.000000,0.009000,-0.001000,23,0,1,32,30,0.018185,0.012472,0.041439,-0.089486,0.207707,9.446924,2.302952,0.009871,0.006532,7,1,0,0.000000,0,-3.855928,0.000000,-0.007216,0,-0.140200,0.000000,-0.028827,-3.855928,-0.140200,1,1,1,1.630202,0.000000,0.000000,0.000000,0.000000,0.000000,0.000000,0.000000
1.1801,-2.230384,-0.121184,0.044412,0.000000,0.008803,-0.045701,1,-3.855928,154,0.066108,0.015590,-2.230384,-0.003560,-3.867612,0.044412,-2.230442,-3.858567,0.044412,-0.121184,0.000000,0.012521,-0.426606,-34.262041,0.009045,-0.001000,0.001229,0.001951,-0.000164,0.001229,0.066108,0.015590,-9.809765,-0.006341,0.012438,-0.001000,-2.409023,0.010128,27.000000,0.013045,-2.230442,-0.003560,-0.121184,0.000000,0.009000,-0.001000,28,0,1,32,30,0.013930,-0.000391,0.043420,0.093450,0.324570,10.060724,2.303366,0.010128,0.006498,7,1,0,0.000000,0,-3.855928,0.000000,0.008803,0,-0.140200,0.000000,-0.045701,-3.855928,-0.140200,1,1,1,1.630225,0.000000,0.000000,0.000000,0.000000,0.000000,0.000000,0.000000
1.1901,-2.230579,-0.121184,0.046352,0.000000,-0.000790,-0.038031,1,-3.855928,164,0.066681,0.014993,-2.230579,-0.003560,-3.867104,0.046352,-2.230634,-3.858062,0.046352,-0.121184,0.000000,0.012583,-0.426606,-34.262041,0.009043,-0.003000,0.001083,0.002103,-0.000301,0.001083,0.066681,0.014993,-9.809762,-0.000107,0.006219,-0.003000,-2.408519,0.010244,27.000000,0.013045,-2.230634,-0.003560,-0.121184,0.000000,0.009000,-0.003000,33,0,1,32,30,0.005394,-0.002552,0.043388,-0.405995,0.437849,9.382037,2.303870,0.010244,0.006563,7,1,0,0.000000,0,-3.855928,0.000000,-0.000790,0,-0.140200,0.000000,-0.038031,-3.855928,-0.140200,1,1,1,1.630248,0.000000,0.000000,0.000000,0.000000,0.000000,0.000000,0.000000
1.2001,-2.231735,-0.121951,0.037323,0.000000,-0.008897,-0.028827,1,-3.855928,174,0.065109,0.015577,-2.231735,-0.010681,-3.866004,0.037323,-2.231784,-3.856965,0.037323,-0.121951,0.000000,0.012521,-0.426606,-34.262041,0.009039,-0.001000,0.001229,0.001972,-0.000256,0.001229,0.065109,0.015577,-9.809772,0.029442,0.006511,-0.001000,-2.408187,0.010137,27.000000,0.013045,-2.231784,-0.010681,-0.121951,0.000000,0.009000,-0.001000,38,0,1,32,30,-0.009523,-0.028153,0.036678,0.141219,0.531895,10.311670,2.304202,0.010137,0.006395,7,1,0,0.000000,0,-3.855928,0.000000,-0.008897,0,-0.140200,0.000000,-0.028827,-3.855928,-0.140200,1,1,1,1.630265,0.000000,0.000000,0.000000,0.000000,0.000000,0.000000,0.000000
1.2101,-2.231144,-0.121184,0.055027,0.000000,0.006172,-0.045701,1,-3.855928,184,0.064214,0.016783,-2.231144,0.005550,-3.866361,0.055027,-2.231209,-3.857306,0.055027,-0.121184,0.000000,0.012576,-0.426606,-34.262041,0.009055,0.001000,0.001099,0.001992,0.000086,0.001099,0.064214,0.016783,-9.809775,0.013746,-0.007868,0.001000,-2.407760,0.010086,27.000000,0.013045,-2.231209,0.005550,-0.121184,0.000000,0.009000,0.001000,43,0,1,32,30,-0.013809,-0.007051,0.056120,0.283590,-0.122401,9.089744,2.304629,0.010086,0.006291,7,1,0,0.000000,0,-3.855928,0.000000,0.006172,0,-0.140200,0.000000,-0.045701,-3.855928,-0.140200,1,1,1,1.630280,0.000000,0.000000,0.000000,0.000000,0.000000,0.000000,0.000000
1.2201,-2.231225,-0.121184,0.057418,0.000000,-0.005134,-0.037228,1,-3.855928,194,0.063413,0.016947,-2.231225,-0.003560,-3.865705,0.057418,-2.231305,-3.856649,0.057418,-0.121184,0.000000,0.012552,-0.426606,-34.262041,0.009057,0.001000,0.001155,0.002094,-0.000249,0.001155,0.063413,0.016947,-9.809780,0.004632,-0.013334,0.001000,-2.407101,0.010056,27.000000,0.013045,-2.231305,-0.003560,-0.121184,0.000000,0.009000,0.001000,48,0,1,32,30,-0.013820,0.003605,0.058378,0.131340,0.495645,10.148602,2.305288,0.010056,0.006208,7,1,0,0.000000,0,-3.855928,0.000000,-0.005134,0,-0.140133,0.000000,-0.037228,-3.855928,-0.140133,1,1,1,1.630295,0.000000,0.000000,0.000000,0.000000,0.000000,0.000000,0.000000
1.2301,-2.232786,-0.121184,0.051484,0.000000,-0.005059,-0.032290,1,-3.855928,204,0.063071,0.019645,-2.232786,-0.013718,-3.865162,0.051484,-2.232839,-3.856107,0.051484,-0.121184,0.000000,0.012594,-0.426606,-34.262041,0.009055,0.002000,0.001056,0.001991,-0.000379,0.001056,0.063071,0.019645,-9.809778,0.026148,0.004594,0.002000,-2.406557,0.009829,27.000000,0.013045,-2.232839,-0.013718,-0.121184,0.000000,0.009000,0.002000,53,0,1,32,30,-0.009523,-0.024106,0.053792,0.380870,-0.007352,9.847027,2.305832,0.009829,0.006140,7,1,0,0.000000,0,-3.855928,0.000000,-0.005059,0,-0.139666,0.000000,-0.032290,-3.855928,-0.139666,1,1,1,1.630305,0.000000,0.000000,0.000000,0.000000,0.000000,0.000000,0.000000
1.2401,-2.233049,-0.120417,0.078165,0.000000,0.002116,-0.030954,1,-3.855928,214,0.062700,0.019863,-2.233049,-0.000419,-3.865319,0.078165,-2.233127,-3.856254,0.078165,-0.120417,0.000000,0.012537,-0.426606,-34.262041,0.009065,0.002000,0.001190,0.001991,-0.000022,0.001190,0.062700,0.019863,-9.809780,-0.015030,-0.012733,0.002000,-2.405936,0.009759,27.000000,0.013045,-2.233127,-0.000419,-0.120417,0.000000,0.009000,0.002000,58,0,1,32,30,-0.003158,0.020448,0.079915,0.388596,0.010227,9.196420,2.306453,0.009759,0.006102,6,1,0,0.000000,0,-3.855928,0.000000,0.002116,0,-0.138398,0.000000,-0.030954,-3.855928,-0.138398,1,1,1,1.630313,0.000000,0.000000,0.000000,0.000000,0.000000,0.000000,0.000000
1.2501,-2.233323,-0.119650,0.073519,0.000000,0.000916,-0.015561,1,-3.855928,224,0.061956,0.019059,-2.233323,-0.003560,-3.865334,0.073519,-2.233414,-3.856276,0.073519,-0.119650,0.000000,0.012511,-0.426606,-34.262041,0.009059,0.000000,0.001252,0.001996,-0.000339,0.001252,0.061956,0.019059,-9.809786,-0.011558,0.001814,0.000000,-2.405191,0.009828,27.000000,0.013045,-2.233414,-0.003560,-0.119650,0.000000,0.009000,0.000000,63,0,1,32,30,0.007524,0.009879,0.073401,0.410072,0.122171,10.202454,2.307198,0.009828,0.006039,6,1,0,0.000000,0,-3.855928,0.000000,0.000916,0,-0.135931,0.000000,-0.015561,-3.855928,-0.135931,1,1,1,1.630318,0.000000,0.000000,0.000000,0.000000,0.000000,0.000000,0.000000
1.2601,-2.234071,-0.118883,0.093602,0.000000,-0.000240,0.005503,1,-3.855928,234,0.062657,0.019569,-2.234071,-0.006597,-3.865267,0.093602,-2.234181,-3.856198,0.093602,-0.118883,0.000000,0.012516,-0.426606,-34.262041,0.009069,-0.001000,0.001241,0.002017,-0.000373,0.001241,0.062657,0.019569,-9.809780,-0.004155,-0.001194,-0.001000,-2.404346,0.009777,27.000000,0.013045,-2.234181,-0.006597,-0.118883,0.000000,0.009000,-0.001000,68,0,1,32,30,0.001131,0.005331,0.092543,0.485073,-0.012380,9.483368,2.308043,0.009777,0.006106,6,1,0,0.000000,0,-3.855928,0.000000,-0.000240,0,-0.131992,0.000000,0.005503,-3.855928,-0.131992,1,1,1,1.630323,0.000000,0.000000,0.000000,0.000000,0.000000,0.000000,0.000000
1.2701,-2.233691,-0.117349,0.150707,0.000000,0.004246,0.020643,1,-3.855928,244,0.063639,0.018083,-2.233691,0.001466,-3.865612,0.150707,-2.233894,-3.856507,0.150707,-0.117349,0.000000,0.012456,-0.426606,-34.262041,0.009105,0.000000,0.001380,0.001975,-0.000162,0.001380,0.063639,0.018083,-9.809777,-0.028942,0.001229,0.000000,-2.403123,0.009866,27.000000,0.013045,-2.233894,0.001466,-0.117349,0.000000,0.009000,0.000000,73,0,1,32,30,0.016068,0.025978,0.150395,0.047920,0.126118,10.642497,2.309266,0.009866,0.006227,6,1,0,0.000000,0,-3.855928,0.000000,0.004246,0,-0.126553,0.000000,0.020643,-3.855928,-0.126553,1,1,1,1.630326,0.000000,0.000000,0.000000,0.000000,0.000000,0.000000,0.000000
1.2801,-2.233636,-0.114897,0.116665,0.104720,0.007340,0.035437,1,-3.855928,254,0.065437,0.015469,-2.233636,0.002513,-3.866115,0.116665,-2.233798,-3.857022,0.116665,-0.114897,0.104720,0.012430,-0.426606,-34.262041,0.009093,0.000000,0.001442,0.001985,-0.000384,0.001442,0.065437,0.015469,-9.809770,-0.037232,-0.006389,0.104720,-2.401190,0.010098,27.000000,0.013045,-2.233798,0.002513,-0.115048,0.104720,0.009000,0.000000,78,0,1,32,30,0.013942,0.037858,0.220931,0.187884,0.047424,9.273226,2.311199,0.010098,0.006446,7,1,0,0.000000,0,-3.855928,0.000000,0.007340,0,-0.119614,0.000000,0.035437,-3.855928,-0.119614,1,1,1,1.630333,0.000000,0.000000,0.000000,0.000000,0.000000,0.000000,0.000000
1.2901,-2.233748,-0.111505,-0.016402,0.314159,0.011743,0.051132,1,-3.855928,8,0.067591,0.012737,-2.233748,0.001466,-3.866819,-0.016402,-2.233702,-3.857818,-0.016402,-0.111505,0.314159,0.012400,-0.426606,-34.262041,0.009000,0.000000,0.001512,0.002043,0.000176,0.001512,0.067591,0.012737,-9.809759,-0.029986,0.018021,0.314159,-2.398599,0.010343,27.000000,0.013045,-2.233702,0.001466,-0.111980,0.314159,0.009000,0.000000,83,0,1,32,30,0.031060,0.019791,0.297535,-0.202295,0.359123,10.347992,2.313790,0.010343,0.006703,7,1,0,0.000000,0,-3.855928,0.000000,0.011743,0,-0.111175,0.000000,0.051132,-3.855928,-0.111175,1,1,1,1.630340,0.000000,0.000000,0.000000,0.000000,0.000000,0.000000,0.000000
1.3001,-2.233165,-0.107828,0.065761,0.314159,0.009315,0.075801,1,-3.855928,18,0.069368,0.012513,-2.233165,0.005550,-3.867328,0.065761,-2.233222,-3.858279,0.065761,-0.107828,0.314159,0.012614,-0.426606,-34.262041,0.009048,0.001000,0.001010,0.002029,0.000004,0.001010,0.069368,0.012513,-9.809747,-0.023653,0.011872,0.315159,-2.395387,0.010585,27.000000,0.013045,-2.233222,0.005550,-0.108146,0.314159,0.009000,0.001000,88,0,1,32,30,0.022547,0.018660,0.380715,-0.394214,0.437401,10.195528,2.317002,0.010585,0.006893,6,1,0,0.000000,0,-3.855928,0.000000,0.009315,0,-0.101236,0.000000,0.075801,-3.855928,-0.101236,1,1,1,1.630351,0.000000,0.000000,0.000000,0.000000,0.000000,0.000000,0.000000
1.3101,-2.232053,-0.102275,0.078787,0.418879,0.017074,0.083814,1,-3.855928,28,0.070596,0.008908,-2.232053,0.010681,-3.868424,0.078787,-2.232072,-3.859310,0.078787,-0.102275,0.418879,0.012534,-0.426606,-34.262041,0.009114,0.001000,0.001198,0.003993,0.000802,0.001198,0.070596,0.008908,-9.809742,-0.035198,-0.000439,0.419879,-2.390869,0.010896,27.000000,0.013045,-2.232072,0.010681,-0.102777,0.418879,0.009000,0.001000,93,0,1,32,30,0.018294,0.036321,0.498250,0.159110,0.480896,9.794366,2.321520,0.010896,0.007067,7,1,0,0.000000,0,-3.855928,0.000000,0.017074,0,-0.089797,0.000000,0.083814,-3.855928,-0.089797,1,1,1,1.630368,0.000000,0.000000,0.000000,0.000000,0.000000,0.000000,0.000000
1.3201,-2.230256,-0.094213,0.041199,0.628319,0.031665,0.083480,1,-3.855928,38,0.073302,0.005231,-2.230256,0.020944,-3.870282,0.041199,-2.230250,-3.861385,0.041199,-0.094213,0.628319,0.012438,-0.426606,-34.262041,0.008897,0.000000,0.001422,0.002148,0.000610,0.001422,0.073302,0.005231,-9.809725,-0.039421,-0.005819,0.628319,-2.384888,0.011204,27.000000,0.013045,-2.230250,0.020944,-0.095107,0.628319,0.009000,0.000000,98,0,1,32,30,0.016201,0.044731,0.669013,-0.079057,0.137951,9.675920,2.327501,0.011204,0.007389,7,1,0,0.000000,0,-3.855928,0.000000,0.031665,0,-0.076858,0.000000,0.083480,-3.855928,-0.076858,1,1,1,1.630397,0.000000,0.000000,0.000000,0.000000,0.000000,0.000000,0.000000
1.3301,-2.230400,-0.085275,-0.016007,0.837758,0.025936,0.099556,1,-3.855928,48,0.076372,0.003171,-2.230400,0.001466,-3.871491,-0.016007,-2.230346,-3.862637,-0.016007,-0.085275,0.837758,0.012335,-0.426606,-34.262041,0.008854,-0.001000,0.001665,0.002020,0.000017,0.001665,0.076372,0.003171,-9.809702,-0.020332,-0.016679,0.836758,-2.377206,0.011349,27.000000,0.013045,-2.230346,0.001466,-0.086670,0.837758,0.009000,-0.001000,103,0,1,32,30,-0.002957,0.036252,0.820366,-0.262888,0.627634,9.508453,2.335183,0.011349,0.007730,6,1,0,0.000000,0,-3.855928,0.000000,0.025936,0,-0.062516,0.000000,0.099556,-3.855928,-0.062516,1,1,1,1.630433,0.000000,0.000000,0.000000,0.000000,0.000000,0.000000,0.000000
1.3401,-2.229777,-0.074742,0.008311,0.942478,0.036810,0.103773,1,-3.855928,56,0.078629,0.005552,-2.229777,0.008692,-3.873617,0.008311,-2.229771,-3.864587,0.008311,-0.074742,0.942478,0.012507,-0.426606,-34.262041,0.009030,0.000000,0.001262,0.001977,0.000464,0.001262,0.078629,0.005552,-9.809683,-0.017854,-0.010183,0.942478,-2.368625,0.011343,27.000000,0.013045,-2.229771,0.008692,-0.075932,0.942478,0.009000,0.000000,108,0,1,32,30,0.001354,0.032398,0.950458,-0.289500,0.496008,10.100479,2.343764,0.011343,0.007951,8,1,0,0.000000,0,-3.855928,0.000000,0.036810,0,-0.047129,0.000000,0.103773,-3.855928,-0.047129,1,1,1,1.630471,0.000000,0.000000,0.000000,0.000000,0.000000,0.000000,0.000000
1.3501,-2.229047,-0.061634,-0.135221,1.256637,0.045182,0.090328,1,-3.855928,66,0.080434,0.004618,-2.229047,0.010681,-3.875942,-0.135221,-2.228812,-3.866909,-0.135221,-0.061634,1.256637,0.012357,-0.426606,-34.262041,0.009034,0.000000,0.001613,0.001981,0.000444,0.001613,0.080434,0.004618,-9.809669,-0.002771,-0.028569,1.256637,-2.357841,0.011382,27.000000,0.013045,-2.228812,0.010681,-0.063660,1.256637,0.009000,0.000000,113,0,1,32,30,-0.022076,0.032199,1.121104,-0.204891,0.408329,9.458435,2.354548,0.011382,0.008155,7,1,0,0.000000,0,-3.855928,0.000000,0.045182,0,-0.031095,0.000000,0.090328,-3.855928,-0.031095,1,1,1,1.630523,0.000000,0.000000,0.000000,0.000000,0.000000,0.000000,0.000000
1.3601,-2.228338,-0.047985,0.001725,1.256637,0.042631,0.092655,1,-3.855928,76,0.083216,0.006540,-2.228338,0.005550,-3.877568,0.001725,-2.228333,-3.868631,0.001725,-0.047985,1.256637,0.012411,-0.426606,-34.262041,0.008937,0.000000,0.001487,0.002001,0.000138,0.001487,0.083216,0.006540,-9.809645,-0.017707,-0.034056,1.256637,-2.345918,0.011337,27.000000,0.013045,-2.228333,0.005550,-0.049854,1.256637,0.009000,0.000000,118,0,1,32,30,-0.017785,0.049629,1.257843,-0.041681,0.669081,10.035387,2.366471,0.011337,0.008442,7,1,0,0.000000,0,-3.855928,0.000000,0.042631,0,-0.014815,0.000000,0.092655,-3.855928,-0.014815,1,1,1,1.630580,0.000000,0.000000,0.000000,0.000000,0.000000,0.000000,0.000000
1.3701,-2.226694,-0.033140,-0.104684,1.466077,0.047734,0.081698,1,-3.855928,86,0.085324,0.009649,-2.226694,0.020944,-3.879319,-0.104684,-2.226511,-3.870492,-0.104684,-0.033140,1.466077,0.012422,-0.426606,-34.262041,0.008827,0.001000,0.001461,0.002000,0.000687,0.001461,0.085324,0.009649,-9.809624,0.000526,-0.021453,1.467077,-2.332933,0.011150,27.000000,0.013045,-2.226511,0.020944,-0.035281,1.466077,0.009000,0.001000,123,0,1,32,30,-0.017733,0.029008,1.362137,-0.347019,-0.011767,9.396700,2.379456,0.011150,0.008661,7,1,0,0.000000,0,-3.855928,0.000000,0.047734,0,0.001310,0.000000,0.081698,-3.855928,0.001310,1,1,1,1.630647,0.000000,0.000000,0.000000,0.000000,0.000000,0.000000,0.000000
1.3801,-2.221417,-0.018595,-0.056204,1.466077,0.035027,0.081231,1,-3.855928,96,0.088157,0.011068,-2.221417,0.052674,-3.880013,-0.056204,-2.221334,-3.870983,-0.056204,-0.018595,1.466077,0.012430,-0.426606,-34.262041,0.009029,0.000000,0.001441,0.002009,0.001497,0.001441,0.088157,0.011068,-9.809598,-0.017247,-0.034620,1.466077,-2.318883,0.011134,27.000000,0.013045,-2.221334,0.052674,-0.020709,1.466077,0.009000,0.000000,128,0,1,32,30,-0.017743,0.051890,1.409336,0.017551,-0.073539,9.769562,2.393506,0.011134,0.008965,8,1,0,0.000000,0,-3.855928,0.000000,0.035027,0,0.016882,0.000000,0.081231,-3.855928,0.016882,1,1,1,1.630730,0.000000,0.000000,0.000000,0.000000,0.000000,0.000000,0.000000
1.3901,-2.218003,-0.004759,-0.030442,1.466077,0.025667,0.080328,1,-3.855928,104,0.091813,0.011197,-2.218003,0.047543,-3.879521,-0.030442,-2.217882,-3.870613,-0.030442,-0.004759,1.466077,0.012421,-0.426606,-34.262041,0.008908,0.000000,0.003442,0.002038,0.001341,0.003442,0.091813,0.011197,-9.809564,-0.034339,-0.021197,1.466077,-2.304681,0.011235,27.000000,0.013045,-2.217882,0.047543,-0.006903,1.466077,0.009000,0.000000,133,0,1,32,30,0.003604,0.058022,1.435025,-0.460160,0.159951,10.202267,2.407708,0.011235,0.009354,7,1,0,0.000000,0,-3.855928,0.000000,0.025667,0,0.031500,0.000000,0.080328,-3.855928,0.031500,1,1,1,1.630830,0.000000,0.000000,0.000000,0.000000,0.000000,0.000000,0.000000
1.4001,-2.211256,0.009689,0.066467,1.361357,0.030447,0.058508,1,-3.855928,114,0.095278,0.011780,-2.211256,0.061785,-3.879876,0.066467,-2.211363,-3.870703,0.066467,0.009689,1.361357,0.012412,-0.426606,-34.262041,0.009173,0.001000,0.001483,0.001997,0.000787,0.001483,0.095278,0.011780,-9.809530,-0.019424,-0.012905,1.362357,-2.290327,0.011305,27.000000,0.013045,-2.211363,0.061785,0.007670,1.361357,0.009000,0.001000,138,0,1,32,30,0.001485,0.041006,1.428425,-0.335612,-0.311835,9.690373,2.422062,0.011305,0.009724,7,1,0,0.000000,0,-3.855928,0.000000,0.030447,0,0.044781,0.000000,0.058508,-3.855928,0.044781,1,1,1,1.630945,0.000000,0.000000,0.000000,0.000000,0.000000,0.000000,0.000000
1.4101,-2.205791,0.024172,0.190591,1.256637,0.028602,0.037803,1,-3.855928,124,0.097989,0.010756,-2.205791,0.047543,-3.879750,0.190591,-2.206090,-3.870624,0.190591,0.024172,1.256637,0.012390,-0.426606,-34.262041,0.009126,0.001000,0.001535,0.002002,0.000166,0.001535,0.097989,0.010756,-9.809505,-0.030945,-0.011298,1.257637,-2.275770,0.011535,27.000000,0.013045,-2.206090,0.047543,0.022243,1.256637,0.009000,0.001000,143,0,1,32,30,0.010021,0.049323,1.447729,-0.758918,0.273810,9.485435,2.436619,0.011535,0.010013,7,1,0,0.000000,0,-3.855928,0.000000,0.028602,0,0.056565,0.000000,0.037803,-3.855928,0.056565,1,1,1,1.631084,0.000000,0.000000,0.000000,0.000000,0.000000,0.000000,0.000000
1.4201,-2.204262,0.036042,0.328786,1.047198,0.001806,0.045748,1,-3.855928,134,0.099094,0.009393,-2.204262,0.011729,-3.877692,0.328786,-2.204748,-3.868325,0.328786,0.036042,1.047198,0.012423,-0.426606,-34.262041,0.009367,0.001000,0.001459,0.001979,-0.000295,0.001459,0.099094,0.009393,-9.809495,-0.003739,0.009841,1.048198,-2.261605,0.011829,27.000000,0.013045,-2.204748,0.011729,0.034515,1.047198,0.009000,0.001000,148,0,1,32,30,0.010037,0.013930,1.376917,-0.594361,-0.073986,9.778729,2.450784,0.011829,0.010130,7,1,0,0.000000,0,-3.855928,0.000000,0.001806,0,0.066849,0.000000,0.045748,-3.855928,0.066849,1,1,1,1.631225,0.000000,0.000000,0.000000,0.000000,0.000000,0.000000,0.000000
1.4301,-2.204422,0.048449,0.165114,1.151917,0.013054,0.018142,1,-3.855928,144,0.098079,0.007838,-2.204422,0.006597,-3.876390,0.165114,-2.204652,-3.867347,0.165114,0.048449,1.151917,0.012429,-0.426606,-34.262041,0.009043,0.000000,0.001443,0.001995,-0.000242,0.001443,0.098079,0.007838,-9.809507,-0.007554,0.028785,1.151917,-2.248221,0.012115,27.000000,0.013045,-2.204652,0.006597,0.046787,1.151917,0.009000,0.000000,153,0,1,32,30,0.027107,0.004089,1.317083,0.408589,0.279404,9.859497,2.464168,0.012115,0.010026,7,1,0,0.000000,0,-3.855928,0.000000,0.013054,0,0.075633,0.000000,0.018142,-3.855928,0.075633,1,1,1,1.631361,0.000000,0.000000,0.000000,0.000000,0.000000,0.000000,0.000000
1.4401,-2.203623,0.058283,0.236182,1.047198,-0.014372,0.023765,1,-3.855928,154,0.097787,0.005753,-2.203623,0.008692,-3.873360,0.236182,-2.203981,-3.864246,0.236182,0.058283,1.047198,0.012424,-0.426606,-34.262041,0.009114,-0.002000,0.001457,0.001992,-0.000314,0.001457,0.097787,0.005753,-9.809511,-0.015981,-0.003023,1.045198,-2.235288,0.012418,27.000000,0.013045,-2.203981,0.008692,0.056757,1.047198,0.009000,-0.002000,158,0,1,32,30,0.007857,0.030159,1.281104,-0.356427,0.147599,9.656695,2.477101,0.012418,0.009986,7,1,0,0.000000,0,-3.855928,0.000000,-0.014372,0,0.082917,0.000000,0.023765,-3.855928,0.082917,1,1,1,1.631491,0.000000,0.000000,0.000000,0.000000,0.000000,0.000000,0.000000
1.4501,-2.203949,0.067885,0.203501,0.942478,-0.009987,0.003453,1,-3.855928,164,0.097182,0.006505,-2.203949,-0.000419,-3.871013,0.203501,-2.204172,-3.862028,0.203501,0.067885,0.942478,0.012522,-0.426606,-34.262041,0.008986,-0.004000,0.001227,0.002014,-0.000266,0.001227,0.097182,0.006505,-9.809516,0.018339,0.000610,0.938478,-2.223468,0.012531,27.000000,0.013045,-2.204172,-0.000419,0.066728,0.942478,0.009000,-0.004000,163,0,1,32,30,-0.011363,-0.000107,1.142070,0.379194,0.122491,9.398521,2.488921,0.012531,0.009930,6,1,0,0.000000,0,-3.855928,0.000000,-0.009987,0,0.088701,0.000000,0.003453,-3.855928,0.088701,1,1,1,1.631611,0.000000,0.000000,0.000000,0.000000,0.000000,0.000000,0.000000
1.4601,-2.204015,0.075592,0.319795,0.733038,-0.035125,0.000554,1,-3.855928,174,0.098640,0.004265,-2.204015,-0.003560,-3.867388,0.319795,-2.204556,-3.858084,0.319795,0.075592,0.733038,0.012350,-0.426606,-34.262041,0.009304,-0.004000,0.001628,0.001901,-0.000898,0.001628,0.098640,0.004265,-9.809503,-0.015841,-0.006133,0.729038,-2.211819,0.012676,27.000000,0.013045,-2.204556,-0.003560,0.074398,0.733038,0.009000,-0.004000,168,0,1,32,30,0.005656,0.028969,1.048555,-0.757752,0.343943,10.002942,2.500570,0.012676,0.010060,7,1,0,0.000000,0,-3.855928,0.000000,-0.035125,0,0.092985,0.000000,0.000554,-3.855928,0.092985,1,1,1,1.631726,0.000000,0.000000,0.000000,0.000000,0.000000,0.000000,0.000000
1.4701,-2.206323,0.082074,0.272932,0.628319,-0.029785,-0.009594,1,-3.855928,184,0.098872,0.005402,-2.206323,-0.023981,-3.864510,0.272932,-2.206665,-3.855243,0.272932,0.082074,0.628319,0.012520,-0.426606,-34.262041,0.009268,-0.002000,0.001230,0.002000,-0.000988,0.001230,0.098872,0.005402,-9.809500,-0.007469,-0.001888,0.626319,-2.202497,0.012797,27.000000,0.013045,-2.206665,-0.023981,0.081301,0.628319,0.009000,-0.002000,173,0,1,32,30,0.003489,0.018126,0.899094,0.380009,0.090624,9.656602,2.509892,0.012797,0.010091,7,1,0,0.000000,0,-3.855928,0.000000,-0.029785,0,0.095769,0.000000,-0.009594,-3.855928,0.095769,1,1,1,1.631818,0.000000,0.000000,0.000000,0.000000,0.000000,0.000000,0.000000
1.4801,-2.209620,0.086546,0.369177,0.418879,-0.051528,-0.010866,1,-3.855928,194,0.099971,0.003685,-2.209620,-0.037280,-3.860306,0.369177,-2.210212,-3.851063,0.369177,0.086546,0.418879,0.012390,-0.426606,-34.262041,0.009244,0.000000,0.001535,0.002001,-0.001206,0.001535,0.099971,0.003685,-9.809490,-0.002908,0.007762,0.418879,-2.193847,0.012896,27.000000,0.013045,-2.210212,-0.037280,0.085903,0.418879,0.009000,0.000000,178,0,1,32,30,0.007737,0.006791,0.788032,-0.041716,0.452691,9.746100,2.518542,0.012896,0.010186,6,1,0,0.000000,0,-3.855928,0.000000,-0.051528,0,0.097053,0.000000,-0.010866,-3.855928,0.097053,1,1,1,1.631893,0.000000,0.000000,0.000000,0.000000,0.000000,0.000000,0.000000
1.4901,-2.218572,0.089229,0.484015,0.209440,-0.061959,-0.013772,1,-3.855928,204,0.099726,0.004558,-2.218572,-0.091525,-3.856069,0.484015,-2.219129,-3.846711,0.484015,0.089229,0.209440,0.012520,-0.426606,-34.262041,0.009358,0.003000,0.001231,0.001977,-0.003565,0.001231,0.099726,0.004558,-9.809492,-0.002062,-0.002997,0.212440,-2.186813,0.012962,27.000000,0.013045,-2.219129,-0.091525,0.088971,0.209440,0.009000,0.003000,183,0,1,32,30,-0.000834,0.012260,0.696355,0.189991,0.094545,10.106328,2.525576,0.012962,0.010168,7,1,0,0.000000,0,-3.855928,0.000000,-0.061959,0,0.096837,0.000000,-0.013772,-3.855928,0.096837,1,1,1,1.631931,0.000000,0.000000,0.000000,0.000000,0.000000,0.000000,0.000000
1.5001,-2.228590,0.091272,0.582583,0.000000,-0.070657,-0.029590,1,-3.855928,214,0.099449,0.004364,-2.228590,-0.112993,-3.851796,0.582583,-2.229388,-3.842359,0.582583,0.091272,0.000000,0.012475,-0.426606,-34.262041,0.009437,0.001000,0.001335,0.001987,-0.003520,0.001335,0.099449,0.004364,-9.809495,-0.005930,-0.012539,0.001000,-2.180417,0.012956,27.000000,0.013045,-2.229388,-0.112993,0.091272,0.000000,0.009000,0.001000,188,0,1,32,30,-0.005145,0.020161,0.583377,0.532842,0.232604,9.782544,2.531972,0.012956,0.010137,7,1,0,0.000000,0,-3.855928,0.000000,-0.070657,0,0.095146,0.000000,-0.029590,-3.855928,0.095146,1,1,1,1.631926,0.000000,0.000000,0.000000,0.000000,0.000000,0.000000,0.000000
1.5101,-2.245445,0.092806,0.487000,0.000000,-0.073885,-0.045795,1,-3.855928,224,0.099686,0.004537,-2.245445,-0.172264,-3.847783,0.487000,-2.246166,-3.838463,0.487000,0.092806,0.000000,0.012417,-0.426606,-34.262041,0.009320,0.000000,0.001472,0.001987,-0.004633,0.001472,0.099686,0.004537,-9.809492,0.013926,0.000351,0.000000,-2.174987,0.012898,27.000000,0.013045,-2.246166,-0.172264,0.092806,0.000000,0.009000,0.000000,193,0,1,32,30,-0.009416,-0.004218,0.487090,-0.059636,0.089562,9.723298,2.537402,0.012898,0.010162,6,1,0,0.000000,0,-3.855928,0.000000,-0.073885,0,0.092218,0.000000,-0.045795,-3.855928,0.092218,1,1,1,1.631857,0.000000,0.000000,0.000000,0.000000,0.000000,0.000000,0.000000
1.5201,-2.263173,0.093573,0.443818,0.000000,-0.080743,-0.056383,1,-3.855928,234,0.094993,0.005283,-2.263173,-0.187658,-3.843975,0.443818,-2.263807,-3.834645,0.443818,0.093573,0.000000,0.012443,-0.426606,-34.262041,0.009330,-0.003000,0.001412,0.002089,-0.003429,0.001412,0.094993,0.005283,-9.809539,0.062932,0.031621,-0.003000,-2.170396,0.012810,27.000000,0.013045,-2.263807,-0.187658,0.093573,0.000000,0.009000,-0.003000,198,0,1,32,30,-0.022177,-0.061357,0.441616,1.365976,-0.394032,9.451395,2.541993,0.012810,0.009692,7,1,0,0.000000,0,-3.855928,0.000000,-0.080743,0,0.088384,0.000000,-0.056383,-3.855928,0.088384,1,1,1,1.627348,0.000000,0.000000,0.000000,0.000000,0.000000,0.000000,0.000000
1.5301,-2.268182,0.096202,0.234910,0.209440,-0.066182,-0.094481,1,-3.855928,244,0.082746,0.004011,-2.268182,-0.021991,-3.841819,0.234910,-2.268600,-3.832677,0.234910,0.096202,0.209440,0.012377,-0.426606,-34.262041,0.009142,-0.004000,0.001565,0.001993,0.000009,0.001565,0.082746,0.004011,-9.809650,0.044064,0.080164,0.205440,-2.165784,0.012780,27.000000,0.013045,-2.268600,-0.021991,0.095874,0.209440,0.009000,-0.004000,2,0,1,32,30,0.024807,-0.082592,0.441406,2.292776,-0.343485,9.270667,2.546605,0.012780,0.008436,6,1,0,0.000000,0,-3.855928,0.000000,-0.066182,0,0.084005,0.000000,-0.094481,-3.855928,0.084005,1,1,1,1.623328,0.000000,0.000000,0.000000,0.000000,0.000000,0.000000,0.000000
1.5401,-2.264150,0.097408,0.221864,0.000000,-0.073609,-0.093183,1,-3.855928,254,0.079625,0.003826,-2.264150,0.027018,-3.839548,0.221864,-2.264574,-3.830418,0.221864,0.097408,0.000000,0.012322,-0.426606,-34.262041,0.009130,-0.009000,0.001696,0.001992,-0.000232,0.001696,0.079625,0.003826,-9.809676,-0.004316,-0.048283,-0.009000,-2.162314,0.012722,27.000000,0.013045,-2.264574,0.027018,0.097408,0.000000,0.009000,-0.009000,7,0,1,32,30,-0.030890,0.039980,0.212387,1.327573,-0.092076,9.779799,2.550075,0.012722,0.008117,6,1,0,0.000000,0,-3.855928,0.000000,-0.073609,0,0.079478,0.000000,-0.093183,-3.855928,0.079478,1,1,1,1.623166,0.000000,0.000000,0.000000,0.000000,0.000000,0.000000,0.000000
1.5501,-2.265695,0.099120,-0.125868,0.104720,-0.040534,-0.107682,1,-3.855928,8,0.081584,0.003625,-2.265695,-0.005550,-3.840202,-0.125868,-2.265532,-3.831292,-0.125868,0.099120,0.104720,0.012317,-0.426606,-34.262041,0.008910,-0.012000,0.001705,0.001991,0.000099,0.001705,0.081584,0.003625,-9.809660,-0.021211,0.007381,0.092720,-2.161478,0.012772,27.000000,0.013045,-2.265532,-0.005550,0.098942,0.104720,0.009000,-0.012000,12,0,1,32,30,0.020301,0.009196,-0.033264,0.952239,0.408126,9.526179,2.550911,0.012772,0.008313,7,1,0,0.000000,0,-3.855928,0.000000,-0.040534,0,0.075206,0.000000,-0.107682,-3.855928,0.075206,1,1,1,1.623005,0.000000,0.000000,0.000000,0.000000,0.000000,0.000000,0.000000
1.5601,-2.265778,0.098942,-0.221238,0.000000,-0.035035,-0.090499,1,-3.855928,18,0.082917,0.002867,-2.265778,-0.001466,-3.841331,-0.221238,-2.265532,-3.832479,-0.221238,0.098942,0.000000,0.012554,-0.426606,-34.262041,0.008853,-0.006000,0.001151,0.001945,0.000247,0.001151,0.082917,0.002867,-9.809649,-0.035406,0.017220,-0.006000,-2.162847,0.013098,27.000000,0.013045,-2.265532,-0.001466,0.098942,0.000000,0.009000,-0.006000,17,0,1,32,30,0.037321,0.009688,-0.227378,0.495537,0.171912,10.049881,2.549542,0.013098,0.008441,7,1,0,0.000000,0,-3.855928,0.000000,-0.035035,0,0.071471,0.000000,-0.090499,-3.855928,0.071471,1,1,1,1.622856,0.000000,0.000000,0.000000,0.000000,0.000000,0.000000,0.000000
1.5701,-2.265692,0.096978,-0.135191,-0.314159,-0.026628,-0.069518,1,-3.855928,28,0.082670,0.001996,-2.265692,0.003560,-3.844127,-0.135191,-2.265532,-3.834168,-0.135191,0.096978,-0.314159,0.012462,-0.426606,-34.262041,0.009959,0.007000,0.001367,0.002140,0.000545,0.001367,0.082670,0.001996,-9.809651,-0.016210,-0.027220,-0.307159,-2.166500,0.013075,27.000000,0.013045,-2.265532,0.003560,0.097408,-0.314159,0.010000,0.007000,22,0,1,32,30,-0.007586,0.025245,-0.442699,1.315677,0.454953,9.622591,2.545889,0.013075,0.008408,7,1,0,0.000000,0,-3.855928,0.000000,-0.026628,0,0.068293,0.000000,-0.069518,-3.855928,0.068293,1,1,1,1.622698,0.000000,0.000000,0.000000,0.000000,0.000000,0.000000,0.000000
1.5801,-2.264944,0.093700,-0.186115,-0.418879,-0.020567,-0.050348,1,-3.855928,38,0.087064,0.002077,-2.264944,0.005550,-3.846026,-0.186115,-2.264669,-3.836081,-0.186115,0.093700,-0.418879,0.012394,-0.426606,-34.262041,0.009945,0.014000,0.001527,0.001946,0.000576,0.001527,0.087064,0.002077,-9.809613,-0.050693,-0.034563,-0.404879,-2.171695,0.013013,27.000000,0.013045,-2.264669,0.005550,0.094340,-0.418879,0.010000,0.014000,27,0,1,32,30,0.011553,0.052928,-0.591696,0.084253,0.332359,10.204354,2.540694,0.013013,0.008857,6,1,0,0.000000,0,-3.855928,0.000000,-0.020567,0,0.065600,0.000000,-0.050348,-3.855928,0.065600,1,1,1,1.622553,0.000000,0.000000,0.000000,0.000000,0.000000,0.000000,0.000000
1.5901,-2.265191,0.090060,-0.230028,-0.418879,-0.011843,-0.040443,1,-3.855928,48,0.091850,0.002085,-2.265191,-0.000419,-3.847186,-0.230028,-2.264957,-3.838402,-0.230028,0.090060,-0.418879,0.012592,-0.426606,-34.262041,0.008785,0.013000,0.001063,0.001969,0.000444,0.001063,0.091850,0.002085,-9.809570,-0.057758,-0.020225,-0.405879,-2.177665,0.013222,27.000000,0.013045,-2.264957,-0.000419,0.090505,-0.418879,0.009000,0.013000,32,0,1,32,30,0.026488,0.047156,-0.636551,0.208908,0.048395,9.971890,2.534724,0.013222,0.009345,8,1,0,0.000000,0,-3.855928,0.000000,-0.011843,0,0.063273,0.000000,-0.040443,-3.855928,0.063273,1,1,1,1.622424,0.000000,0.000000,0.000000,0.000000,0.000000,0.000000,0.000000
1.6001,-2.265084,0.086219,-0.249646,-0.418879,-0.001794,-0.032612,1,-3.855928,58,0.094429,0.000787,-2.265084,0.001466,-3.850065,-0.249646,-2.264861,-3.841173,-0.249646,0.086219,-0.418879,0.012586,-0.426606,-34.262041,0.008892,0.008000,0.001077,0.001991,0.000297,0.001077,0.094429,0.000787,-9.809545,-0.006822,-0.005468,-0.410879,-2.184282,0.013334,27.000000,0.013045,-2.264861,0.001466,0.086670,-0.418879,0.009000,0.008000,37,0,1,32,30,0.000915,0.000381,-0.660582,0.197099,0.623285,9.881955,2.528107,0.013334,0.009598,6,1,0,0.000000,0,-3.855928,0.000000,-0.001794,0,0.061179,0.000000,-0.032612,-3.855928,0.061179,1,1,1,1.622293,0.000000,0.000000,0.000000,0.000000,0.000000,0.000000,0.000000
1.6101,-2.264928,0.080639,-0.162807,-0.523599,-0.013780,-0.009053,1,-3.855928,68,0.094606,0.002748,-2.264928,0.000419,-3.851439,-0.162807,-2.264765,-3.842484,-0.162807,0.080639,-0.523599,0.012506,-0.426606,-34.262041,0.008955,0.000000,0.001264,0.002151,0.000209,0.001264,0.094606,0.002748,-9.809543,0.027301,-0.025758,-0.523599,-2.191170,0.013003,27.000000,0.013045,-2.264765,0.000419,0.081301,-0.523599,0.009000,0.000000,42,0,1,32,30,-0.037505,-0.010073,-0.686334,0.227203,0.061502,9.684921,2.521219,0.013003,0.009636,7,1,0,0.000000,0,-3.855928,0.000000,-0.013780,0,0.059018,0.000000,-0.009053,-3.855928,0.059018,1,1,1,1.622168,0.000000,0.000000,0.000000,0.000000,0.000000,0.000000,0.000000
1.6201,-2.264833,0.076058,-0.263174,-0.418879,0.002727,-0.017901,1,-3.855928,78,0.095119,0.005113,-2.264833,0.005550,-3.853738,-0.263174,-2.264478,-3.844952,-0.263174,0.076058,-0.418879,0.012392,-0.426606,-34.262041,0.008786,-0.008000,0.001531,0.002009,0.000308,0.001531,0.095119,0.005113,-9.809538,0.007283,-0.042249,-0.426879,-2.198217,0.012608,27.000000,0.013045,-2.264478,0.005550,0.076699,-0.418879,0.009000,-0.008000,47,0,1,32,30,-0.035398,0.015633,-0.690300,0.483453,0.418497,9.439845,2.514172,0.012608,0.009709,7,1,0,0.000000,0,-3.855928,0.000000,0.002727,0,0.056548,0.000000,-0.017901,-3.855928,0.056548,1,1,1,1.622051,0.000000,0.000000,0.000000,0.000000,0.000000,0.000000,0.000000
1.6301,-2.263694,0.072163,-0.231288,-0.418879,0.013235,-0.027329,1,-3.855928,88,0.098520,0.006752,-2.263694,0.011729,-3.856751,-0.231288,-2.263327,-3.847884,-0.231288,0.072163,-0.418879,0.012330,-0.426606,-34.262041,0.008867,-0.012000,0.001675,0.001999,0.000553,0.001675,0.098520,0.006752,-9.809503,-0.005908,-0.036988,-0.430879,-2.205046,0.012367,27.000000,0.013045,-2.263327,0.011729,0.072864,-0.418879,0.009000,-0.012000,52,0,1,32,30,-0.022589,0.021712,-0.662486,-0.420917,-0.286966,9.996821,2.507343,0.012367,0.010067,6,1,0,0.000000,0,-3.855928,0.000000,0.013235,0,0.053627,0.000000,-0.027329,-3.855928,0.053627,1,1,1,1.621948,0.000000,0.000000,0.000000,0.000000,0.000000,0.000000,0.000000
1.6401,-2.263590,0.067622,-0.148060,-0.523599,0.006280,-0.023794,1,-3.855928,98,0.099655,0.011345,-2.263590,0.000419,-3.858686,-0.148060,-2.263423,-3.849748,-0.148060,0.067622,-0.523599,0.012523,-0.426606,-34.262041,0.008938,-0.006000,0.001223,0.001994,0.000256,0.001223,0.099655,0.011345,-9.809487,0.012038,-0.022644,-0.529599,-2.211450,0.012055,27.000000,0.013045,-2.263423,0.000419,0.068262,-0.523599,0.009000,-0.006000,57,0,1,32,30,-0.024703,-0.001602,-0.677692,-0.222083,0.023130,9.674673,2.500939,0.012055,0.010214,6,1,0,0.000000,0,-3.855928,0.000000,0.006280,0,0.050193,0.000000,-0.023794,-3.855928,0.050193,1,1,1,1.621860,0.000000,0.000000,0.000000,0.000000,0.000000,0.000000,0.000000
1.6501,-2.262609,0.062156,-0.167489,-0.523599,0.006274,-0.018109,1,-3.855928,108,0.097943,0.012104,-2.262609,0.011729,-3.860247,-0.167489,-2.262368,-3.851301,-0.167489,0.062156,-0.523599,0.012444,-0.426606,-34.262041,0.008946,0.004000,0.001408,0.001997,0.000427,0.001408,0.097943,0.012104,-9.809504,0.017793,0.026796,-0.519599,-2.218464,0.011832,27.000000,0.013045,-2.262368,0.011729,0.062893,-0.523599,0.009000,0.004000,62,0,1,32,30,0.007353,-0.039862,-0.686645,-0.040091,-0.138265,9.587035,2.493925,0.011832,0.010042,6,1,0,0.000000,0,-3.855928,0.000000,0.006274,0,0.046123,0.000000,-0.018109,-3.855928,0.046123,1,1,1,1.621773,0.000000,0.000000,0.000000,0.000000,0.000000,0.000000,0.000000
1.6601,-2.260134,0.057441,-0.170773,-0.523599,0.019950,-0.030150,1,-3.855928,118,0.095988,0.008479,-2.260134,0.023981,-3.862702,-0.170773,-2.259876,-3.853735,-0.170773,0.057441,-0.523599,0.012352,-0.426606,-34.262041,0.008967,0.010000,0.001624,0.002141,0.000859,0.001624,0.095988,0.008479,-9.809527,-0.012248,0.024828,-0.513599,-2.225613,0.012050,27.000000,0.013045,-2.259876,0.023981,0.058291,-0.523599,0.009000,0.010000,67,0,1,32,30,0.026541,-0.016329,-0.684222,0.227746,0.040257,9.856977,2.486776,0.012050,0.009819,7,1,0,0.000000,0,-3.855928,0.000000,0.019950,0,0.041567,0.000000,-0.030150,-3.855928,0.041567,1,1,1,1.621699,0.000000,0.000000,0.000000,0.000000,0.000000,0.000000,0.000000
1.6701,-2.257935,0.052375,-0.157252,-0.523599,0.011587,-0.031528,1,-3.855928,128,0.096824,0.008055,-2.257935,0.023981,-3.863940,-0.157252,-2.257766,-3.855066,-0.157252,0.052375,-0.523599,0.012599,-0.426606,-34.262041,0.008874,0.010000,0.001045,0.002030,0.000508,0.001045,0.096824,0.008055,-9.809519,-0.036913,0.007994,-0.513599,-2.232014,0.012295,27.000000,0.013045,-2.257766,0.023981,0.052922,-0.523599,0.009000,0.010000,72,0,1,32,30,0.030783,0.013431,-0.671073,-0.242156,0.554583,10.005395,2.480375,0.012295,0.009900,7,1,0,0.000000,0,-3.855928,0.000000,0.011587,0,0.036520,0.000000,-0.031528,-3.855928,0.036520,1,1,1,1.621646,0.000000,0.000000,0.000000,0.000000,0.000000,0.000000,0.000000
1.6801,-2.255346,0.047452,-0.055069,-0.628319,0.021216,-0.039986,1,-3.855928,138,0.097053,0.006038,-2.255346,0.028065,-3.866082,-0.055069,-2.255274,-3.856978,-0.055069,0.047452,-0.628319,0.012455,-0.426606,-34.262041,0.009104,0.003000,0.001382,0.001995,0.000986,0.001382,0.097053,0.006038,-9.809518,0.013261,0.013176,-0.625319,-2.238849,0.012309,27.000000,0.013045,-2.255274,0.028065,0.048320,-0.628319,0.009000,0.003000,77,0,1,32,30,0.000938,-0.027143,-0.680102,-0.289589,0.129218,9.599132,2.473540,0.012309,0.009912,6,1,0,0.000000,0,-3.855928,0.000000,0.021216,0,0.030907,0.000000,-0.039986,-3.855928,0.030907,1,1,1,1.621601,0.000000,0.000000,0.000000,0.000000,0.000000,0.000000,0.000000
1.6901,-2.250767,0.042145,-0.148757,-0.523599,0.020497,-0.045819,1,-3.855928,148,0.094796,0.004383,-2.250767,0.049532,-3.867367,-0.148757,-2.250576,-3.858511,-0.148757,0.042145,-0.523599,0.012388,-0.426606,-34.262041,0.008856,-0.006000,0.001540,0.002002,0.001039,0.001540,0.094796,0.004383,-9.809541,0.016669,0.015940,-0.529599,-2.245687,0.012348,27.000000,0.013045,-2.250576,0.049532,0.042952,-0.523599,0.009000,-0.006000,82,0,1,32,30,0.000943,-0.031446,-0.678019,-0.109851,0.627480,9.527693,2.466702,0.012348,0.009674,7,1,0,0.000000,0,-3.855928,0.000000,0.020497,0,0.024539,0.000000,-0.045819,-3.855928,0.024539,1,1,1,1.621575,0.000000,0.000000,0.000000,0.000000,0.000000,0.000000,0.000000
1.7001,-2.244012,0.036511,-0.029305,-0.628319,0.020648,-0.052270,1,-3.855928,158,0.091605,0.003650,-2.244012,0.070058,-3.868749,-0.029305,-2.243960,-3.859801,-0.029305,0.036511,-0.628319,0.012317,-0.426606,-34.262041,0.008948,-0.008000,0.001706,0.002018,0.001349,0.001706,0.091605,0.003650,-9.809572,0.028536,0.006067,-0.636319,-2.252607,0.012286,27.000000,0.013045,-2.243960,0.070058,0.037583,-0.628319,0.009000,-0.008000,87,0,1,32,30,-0.013993,-0.033796,-0.665258,0.218728,-0.018651,9.980794,2.459782,0.012286,0.009346,7,1,0,0.000000,0,-3.855928,0.000000,0.020648,0,0.017484,0.000000,-0.052270,-3.855928,0.017484,1,1,1,1.621573,0.000000,0.000000,0.000000,0.000000,0.000000,0.000000,0.000000
1.7101,-2.235797,0.032206,-0.065777,-0.628319,0.034915,-0.077490,1,-3.855928,168,0.090725,0.008394,-2.235797,0.081263,-3.870982,-0.065777,-2.235715,-3.862065,-0.065777,0.032206,-0.628319,0.012519,-0.426606,-34.262041,0.008917,-0.005000,0.001233,0.001982,0.002232,0.001233,0.090725,0.008394,-9.809577,0.020317,-0.029132,-0.633319,-2.259172,0.011961,27.000000,0.013045,-2.235715,0.081263,0.032981,-0.628319,0.009000,-0.005000,92,0,1,32,30,-0.035379,-0.005623,-0.699080,0.312880,0.147959,9.657135,2.453217,0.011961,0.009272,7,1,0,0.000000,0,-3.855928,0.000000,0.034915,0,0.009893,0.000000,-0.077490,-3.855928,0.009893,1,1,1,1.621600,0.000000,0.000000,0.000000,0.000000,0.000000,0.000000,0.000000
1.7201,-2.228847,0.024954,-0.023622,-0.733038,0.013073,-0.052670,1,-3.855928,178,0.091970,0.009795,-2.228847,0.077178,-3.871189,-0.023622,-2.228812,-3.862132,-0.023622,0.024954,-0.733038,0.012391,-0.426606,-34.262041,0.009057,0.000000,0.001534,0.002012,0.004806,0.001534,0.091970,0.009795,-9.809564,0.009371,-0.018744,-0.733038,-2.266490,0.011626,27.000000,0.013045,-2.228812,0.077178,0.026078,-0.733038,0.009000,0.000000,97,0,1,32,30,-0.020454,-0.004815,-0.756659,-0.969126,0.329537,9.610272,2.445899,0.011626,0.009398,7,1,0,0.000000,0,-3.855928,0.000000,0.013073,0,0.001970,0.000000,-0.052670,-3.855928,0.001970,1,1,1,1.621656,0.000000,0.000000,0.000000,0.000000,0.000000,0.000000,0.000000
1.7301,-2.223984,0.016247,0.021599,-0.837758,0.006271,-0.037414,1,-3.855928,188,0.089747,0.010283,-2.223984,0.058748,-3.870601,0.021599,-2.224018,-3.861620,0.021599,0.016247,-0.837758,0.012335,-0.426606,-34.262041,0.008981,0.007000,0.001664,0.001970,0.000756,0.001664,0.089747,0.010283,-9.809584,0.042347,0.026536,-0.830758,-2.274681,0.011435,27.000000,0.013045,-2.224018,0.058748,0.017641,-0.837758,0.009000,0.007000,102,0,1,32,30,-0.005469,-0.059652,-0.808485,0.907170,-0.187804,9.768992,2.437708,0.011435,0.009165,7,1,0,0.000000,0,-3.855928,0.000000,0.006271,0,-0.006024,0.000000,-0.037414,-3.855928,-0.006024,1,1,1,1.621734,0.000000,0.000000,0.000000,0.000000,0.000000,0.000000,0.000000
1.7401,-2.219013,0.008917,0.058253,-0.837758,0.013457,-0.049216,1,-3.855928,198,0.088486,0.010534,-2.219013,0.046496,-3.870829,0.058253,-2.219033,-3.861793,0.058253,0.008917,-0.837758,0.012508,-0.426606,-34.262041,0.009036,0.008000,0.001258,0.001988,0.000762,0.001258,0.088486,0.010534,-9.809595,-0.015428,0.008087,-0.829758,-2.282183,0.011514,27.000000,0.013045,-2.219033,0.046496,0.009971,-0.837758,0.009000,0.008000,107,0,1,32,30,0.015827,-0.002375,-0.771535,-0.232205,0.336313,9.869223,2.430206,0.011514,0.009030,7,1,0,0.000000,0,-3.855928,0.000000,0.013457,0,-0.013744,0.000000,-0.049216,-3.855928,-0.013744,1,1,1,1.621823,0.000000,0.000000,0.000000,0.000000,0.000000,0.000000,0.000000
1.7501,-2.218288,0.001004,0.104323,-0.837758,0.007207,-0.036489,1,-3.855928,208,0.089433,0.008486,-2.218288,0.003560,-3.870643,0.104323,-2.218458,-3.861416,0.104323,0.001004,-0.837758,0.012384,-0.426606,-34.262041,0.009227,0.003000,0.001549,0.001993,-0.000514,0.001549,0.089433,0.008486,-9.809589,-0.025410,-0.015483,-0.834758,-2.289721,0.011528,27.000000,0.013045,-2.218458,0.003560,0.002301,-0.837758,0.009000,0.003000,112,0,1,32,30,0.003008,0.020556,-0.730745,-0.413003,-0.044260,9.702582,2.422668,0.011528,0.009118,6,1,0,0.000000,0,-3.855928,0.000000,0.007207,0,-0.020921,0.000000,-0.036489,-3.855928,-0.020921,1,1,1,1.621928,0.000000,0.000000,0.000000,0.000000,0.000000,0.000000,0.000000
1.7601,-2.219221,-0.006787,0.129556,-0.837758,0.006438,-0.031260,1,-3.855928,218,0.089376,0.008351,-2.219221,-0.007645,-3.870150,0.129556,-2.219416,-3.861038,0.129556,-0.006787,-0.837758,0.012323,-0.426606,-34.262041,0.009112,0.000000,0.001693,0.001987,-0.000309,0.001693,0.089376,0.008351,-9.809589,0.012195,0.020935,-0.837758,-2.297133,0.011409,27.000000,0.013045,-2.219416,-0.007645,-0.005369,-0.837758,0.009000,0.000000,117,0,1,32,30,0.009472,-0.031024,-0.707874,0.092699,0.073702,9.464837,2.415256,0.011409,0.009105,6,1,0,0.000000,0,-3.855928,0.000000,0.006438,0,-0.027662,0.000000,-0.031260,-3.855928,-0.027662,1,1,1,1.622027,0.000000,0.000000,0.000000,0.000000,0.000000,0.000000,0.000000
1.7701,-2.219165,-0.014066,0.194755,-0.837758,0.000582,-0.028703,1,-3.855928,228,0.088640,0.010019,-2.219165,0.002513,-3.869378,0.194755,-2.219321,-3.860235,0.194755,-0.014066,-0.837758,0.012522,-0.426606,-34.262041,0.009143,-0.005000,0.001227,0.001992,-0.000133,0.001227,0.088640,0.010019,-9.809594,0.011509,-0.011579,-0.842758,-2.303608,0.011373,27.000000,0.013045,-2.219321,0.002513,-0.013039,-0.837758,0.009000,-0.005000,122,0,1,32,30,-0.016147,-0.010522,-0.647922,-0.116243,0.057900,9.962204,2.408781,0.011373,0.009021,6,1,0,0.000000,0,-3.855928,0.000000,0.000582,0,-0.033855,0.000000,-0.028703,-3.855928,-0.033855,1,1,1,1.622118,0.000000,0.000000,0.000000,0.000000,0.000000,0.000000,0.000000
1.7801,-2.219101,-0.020168,0.174320,-0.733038,0.010484,-0.030794,1,-3.855928,238,0.088647,0.011198,-2.219101,-0.000419,-3.869544,0.174320,-2.219321,-3.860391,0.174320,-0.020168,-0.733038,0.012467,-0.426606,-34.262041,0.009153,-0.008000,0.001355,0.002006,-0.000280,0.001355,0.088647,0.011198,-9.809593,0.009541,-0.023562,-0.741038,-2.309863,0.011143,27.000000,0.013045,-2.219321,-0.000419,-0.019175,-0.733038,0.009000,-0.008000,127,0,1,32,30,-0.024672,-0.000940,-0.566751,0.036445,0.294675,10.156091,2.402525,0.011143,0.009012,6,1,0,0.000000,0,-3.855928,0.000000,0.010484,0,-0.039224,0.000000,-0.030794,-3.855928,-0.039224,1,1,1,1.622213,0.000000,0.000000,0.000000,0.000000,0.000000,0.000000,0.000000
1.7901,-2.219255,-0.025401,0.106584,-0.628319,0.012488,-0.029751,1,-3.855928,248,0.089375,0.013767,-2.219255,-0.000419,-3.869718,0.106584,-2.219416,-3.860688,0.106584,-0.025401,-0.628319,0.012463,-0.426606,-34.262041,0.009031,-0.007000,0.001365,0.002060,-0.000439,0.001365,0.089375,0.013767,-9.809583,0.016586,-0.002655,-0.635319,-2.315392,0.010828,27.000000,0.013045,-2.219416,-0.000419,-0.024544,-0.628319,0.009000,-0.007000,132,0,1,32,30,-0.011834,-0.018509,-0.528545,-0.430998,0.120187,10.326302,2.396997,0.010828,0.009073,7,1,0,0.000000,0,-3.855928,0.000000,0.012488,0,-0.043761,0.000000,-0.029751,-3.855928,-0.043761,1,1,1,1.622307,0.000000,0.000000,0.000000,0.000000,0.000000,0.000000,0.000000
1.8001,-2.219765,-0.031494,0.073883,-0.523599,-0.005533,-0.011434,1,-3.855928,2,0.087660,0.013248,-2.219765,-0.001466,-3.868464,0.073883,-2.219896,-3.859433,0.073883,-0.031494,-0.523599,0.012382,-0.426606,-34.262041,0.009031,0.000000,0.001555,0.001992,-0.000410,0.001555,0.087660,0.013248,-9.809599,0.006076,0.008151,-0.523599,-2.320227,0.010750,27.000000,0.013045,-2.219896,-0.001466,-0.030679,-0.523599,0.009000,0.000000,137,0,1,32,30,0.003128,-0.015241,-0.449562,0.303244,-0.124747,9.281141,2.392162,0.010750,0.008889,7,1,0,0.000000,0,-3.855928,0.000000,-0.005533,0,-0.047746,0.000000,-0.011434,-3.855928,-0.047746,1,1,1,1.622397,0.000000,0.000000,0.000000,0.000000,0.000000,0.000000,0.000000
1.8101,-2.219459,-0.035000,0.054209,-0.418879,0.010325,-0.036404,1,-3.855928,12,0.085206,0.012751,-2.219459,0.003560,-3.868804,0.054209,-2.219512,-3.859709,0.054209,-0.035000,-0.418879,0.012550,-0.426606,-34.262041,0.009094,0.002000,0.001160,0.001996,-0.000013,0.001160,0.085206,0.012751,-9.809622,0.002093,0.047131,-0.416879,-2.324009,0.010947,27.000000,0.013045,-2.219512,0.003560,-0.034514,-0.418879,0.009000,0.002000,142,0,1,32,30,0.037326,-0.033401,-0.362279,0.294673,0.351007,10.252530,2.388380,0.010947,0.008635,7,1,0,0.000000,0,-3.855928,0.000000,0.010325,0,-0.051578,0.000000,-0.036404,-3.855928,-0.051578,1,1,1,1.622480,0.000000,0.000000,0.000000,0.000000,0.000000,0.000000,0.000000
1.8201,-2.219460,-0.038964,0.262223,-0.523599,-0.004411,-0.031348,1,-3.855928,22,0.084070,0.008259,-2.219460,-0.001466,-3.867884,0.262223,-2.219704,-3.858712,0.262223,-0.038964,-0.523599,0.012544,-0.426606,-34.262041,0.009173,0.006000,0.001174,0.001995,-0.000482,0.001174,0.084070,0.008259,-9.809636,-0.017004,0.031054,-0.517599,-2.326978,0.011369,27.000000,0.013045,-2.219704,-0.001466,-0.038349,-0.523599,0.009000,0.006000,147,0,1,32,30,0.035195,-0.007045,-0.255307,-0.510610,0.275239,9.380336,2.385411,0.011369,0.008531,7,1,0,0.000000,0,-3.855928,0.000000,-0.004411,0,-0.055391,0.000000,-0.031348,-3.855928,-0.055391,1,1,1,1.622569,0.000000,0.000000,0.000000,0.000000,0.000000,0.000000,0.000000
1.8301,-2.220788,-0.040957,-0.018360,-0.209440,0.011870,-0.051570,1,-3.855928,32,0.081411,0.004745,-2.220788,-0.008692,-3.868261,-0.018360,-2.220759,-3.859237,-0.018360,-0.040957,-0.209440,0.012420,-0.426606,-34.262041,0.009024,0.002000,0.001466,0.001993,-0.000099,0.001466,0.081411,0.004745,-9.809661,0.007136,0.016682,-0.207440,-2.329495,0.011596,27.000000,0.013045,-2.220759,-0.008692,-0.040650,-0.209440,0.009000,0.002000,152,0,1,32,30,0.009601,-0.018200,-0.225591,0.541540,0.754275,10.132326,2.382894,0.011596,0.008273,7,1,0,0.000000,0,-3.855928,0.000000,0.011870,0,-0.058944,0.000000,-0.051570,-3.855928,-0.058944,1,1,1,1.622656,0.000000,0.000000,0.000000,0.000000,0.000000,0.000000,0.000000
1.8401,-2.220634,-0.043445,0.146326,-0.314159,-0.000504,-0.045001,1,-3.855928,42,0.081131,0.004149,-2.220634,-0.001466,-3.867769,0.146326,-2.220855,-3.858643,0.146326,-0.043445,-0.314159,0.012375,-0.426606,-34.262041,0.009126,0.000000,0.001571,0.001992,-0.000269,0.001571,0.081131,0.004149,-9.809664,0.009017,-0.013236,-0.314159,-2.331389,0.011593,27.000000,0.013045,-2.220855,-0.001466,-0.042951,-0.314159,0.009000,0.000000,157,0,1,32,30,-0.016015,-0.001943,-0.167822,-0.243100,0.163350,9.159265,2.381000,0.011593,0.008245,7,1,0,0.000000,0,-3.855928,0.000000,-0.000504,0,-0.062184,0.000000,-0.045001,-3.855928,-0.062184,1,1,1,1.622738,0.000000,0.000000,0.000000,0.000000,0.000000,0.000000,0.000000
1.8501,-2.221336,-0.045559,0.061345,-0.209440,0.000406,-0.050027,1,-3.855928,52,0.079290,0.006730,-2.221336,-0.004503,-3.867278,0.061345,-2.221430,-3.858225,0.061345,-0.045559,-0.209440,0.012420,-0.426606,-34.262041,0.009053,-0.003000,0.001464,0.001942,-0.000286,0.001464,0.079290,0.006730,-9.809677,0.028420,-0.017963,-0.212440,-2.333080,0.011366,27.000000,0.013045,-2.221430,-0.004503,-0.045252,-0.209440,0.009000,-0.003000,162,0,1,32,30,-0.030938,-0.015035,-0.150919,0.465021,0.641375,9.978016,2.379309,0.011366,0.008043,6,1,0,0.000000,0,-3.855928,0.000000,0.000406,0,-0.065344,0.000000,-0.050027,-3.855928,-0.065344,1,1,1,1.622815,0.000000,0.000000,0.000000,0.000000,0.000000,0.000000,0.000000
1.8601,-2.221488,-0.047122,0.088287,-0.209440,0.002590,-0.061658,1,-3.855928,62,0.079267,0.009622,-2.221488,-0.000419,-3.867124,0.088287,-2.221622,-3.858058,0.088287,-0.047122,-0.209440,0.012361,-0.426606,-34.262041,0.009066,-0.004000,0.001604,0.001995,-0.000151,0.001604,0.079267,0.009622,-9.809675,0.021500,-0.033136,-0.213440,-2.334473,0.011000,27.000000,0.013045,-2.221622,-0.000419,-0.046786,-0.209440,0.009000,-0.004000,167,0,1,32,30,-0.039485,-0.000441,-0.125157,-0.173526,0.161048,10.125900,2.377916,0.011000,0.008026,6,1,0,0.000000,0,-3.855928,0.000000,0.002590,0,-0.068747,0.000000,-0.061658,-3.855928,-0.068747,1,1,1,1.622892,0.000000,0.000000,0.000000,0.000000,0.000000,0.000000,0.000000
1.8701,-2.221950,-0.047878,0.102809,-0.209440,0.009273,-0.078311,1,-3.855928,72,0.079683,0.013811,-2.221950,-0.005550,-3.867563,0.102809,-2.222101,-3.858476,0.102809,-0.047878,-0.209440,0.012383,-0.426606,-34.262041,0.009087,-0.001000,0.001552,0.002000,-0.000291,0.001552,0.079683,0.013811,-9.809667,0.006023,-0.043817,-0.210440,-2.335644,0.010588,27.000000,0.013045,-2.222101,-0.005550,-0.047553,-0.209440,0.009000,-0.001000,172,0,1,32,30,-0.039500,0.018565,-0.107869,0.140890,-0.135104,9.338354,2.376745,0.010588,0.008047,6,1,0,0.000000,0,-3.855928,0.000000,0.009273,0,-0.072425,0.000000,-0.078311,-3.855928,-0.072425,1,1,1,1.622968,0.000000,0.000000,0.000000,0.000000,0.000000,0.000000,0.000000
1.8801,-2.222435,-0.050340,0.176908,-0.314159,-0.009603,-0.069796,1,-3.855928,82,0.080296,0.016335,-2.222435,-0.004503,-3.866373,0.176908,-2.222676,-3.857251,0.176908,-0.050340,-0.314159,0.012386,-0.426606,-34.262041,0.009122,0.001000,0.001546,0.001997,-0.000044,0.001546,0.080296,0.016335,-9.809658,0.020066,0.002144,-0.313159,-2.336879,0.010310,27.000000,0.013045,-2.222676,-0.004503,-0.049854,-0.314159,0.009000,0.001000,177,0,1,32,30,-0.009583,-0.019446,-0.136020,-0.382219,-0.100655,10.400678,2.375510,0.010310,0.008092,7,1,0,0.000000,0,-3.855928,0.000000,-0.009603,0,-0.076612,0.000000,-0.069796,-3.855928,-0.076612,1,1,1,1.623040,0.000000,0.000000,0.000000,0.000000,0.000000,0.000000,0.000000
1.8901,-2.222273,-0.052493,0.108356,-0.314159,-0.001946,-0.083422,1,-3.855928,92,0.078980,0.018479,-2.222273,0.003560,-3.866013,0.108356,-2.222389,-3.856868,0.108356,-0.052493,-0.314159,0.012587,-0.426606,-34.262041,0.009144,0.003000,0.001074,0.002110,-0.000013,0.001074,0.078980,0.018479,-9.809665,0.018805,0.034833,-0.311159,-2.338648,0.010283,27.000000,0.013045,-2.222389,0.003560,-0.052155,-0.314159,0.009000,0.003000,182,0,1,32,30,0.018166,-0.037719,-0.202344,0.114319,-0.022125,10.258233,2.373741,0.010283,0.007942,6,1,0,0.000000,0,-3.855928,0.000000,-0.001946,0,-0.081338,0.000000,-0.083422,-3.855928,-0.081338,1,1,1,1.623106,0.000000,0.000000,0.000000,0.000000,0.000000,0.000000,0.000000
1.9001,-2.222473,-0.055560,0.091310,-0.314159,-0.010093,-0.082689,1,-3.855928,102,0.077420,0.015705,-2.222473,-0.000419,-3.864931,0.091310,-2.222580,-3.855870,0.091310,-0.055560,-0.314159,0.012587,-0.426606,-34.262041,0.009061,0.002000,0.001073,0.002129,-0.000418,0.001073,0.077420,0.015705,-9.809682,-0.025185,0.015117,-0.312159,-2.340718,0.010550,27.000000,0.013045,-2.222580,-0.000419,-0.055223,-0.314159,0.009000,0.002000,187,0,1,32,30,0.026650,0.009573,-0.220988,0.178065,0.152129,9.312554,2.371671,0.010550,0.007791,7,1,0,0.000000,0,-3.855928,0.000000,-0.010093,0,-0.086489,0.000000,-0.082689,-3.855928,-0.086489,1,1,1,1.623172,0.000000,0.000000,0.000000,0.000000,0.000000,0.000000,0.000000
1.9101,-2.223962,-0.058677,0.038957,-0.314159,-0.006667,-0.087542,1,-3.855928,112,0.075920,0.013175,-2.223962,-0.013718,-3.864392,0.038957,-2.224018,-3.855324,0.038957,-0.058677,-0.314159,0.012521,-0.426606,-34.262041,0.009067,0.000000,0.001228,0.001993,-0.000427,0.001228,0.075920,0.013175,-9.809697,0.013896,0.031291,-0.314159,-2.343289,0.010726,27.000000,0.013045,-2.224018,-0.013718,-0.058291,-0.314159,0.009000,0.000000,192,0,1,32,30,0.018140,-0.032482,-0.274817,0.027400,0.348860,10.415032,2.369100,0.010726,0.007648,7,1,0,0.000000,0,-3.855928,0.000000,-0.006667,0,-0.091746,0.000000,-0.087542,-3.855928,-0.091746,1,1,1,1.623234,0.000000,0.000000,0.000000,0.000000,0.000000,0.000000,0.000000
1.9201,-2.224943,-0.062705,0.083394,-0.418879,-0.012536,-0.078392,1,-3.855928,122,0.074910,0.011294,-2.224943,-0.008692,-3.863483,0.083394,-2.225073,-3.854380,0.083394,-0.062705,-0.418879,0.012455,-0.426606,-34.262041,0.009102,-0.001000,0.001382,0.001983,-0.000698,0.001382,0.074910,0.011294,-9.809707,-0.000824,0.008388,-0.419879,-2.346372,0.010828,27.000000,0.013045,-2.225073,-0.008692,-0.062126,-0.418879,0.009000,-0.001000,197,0,1,32,30,0.007423,-0.008184,-0.336409,-0.023171,0.219897,9.236541,2.366017,0.010828,0.007549,7,1,0,0.000000,0,-3.855928,0.000000,-0.012536,0,-0.096795,0.000000,-0.078392,-3.855928,-0.096795,1,1,1,1.623288,0.000000,0.000000,0.000000,0.000000,0.000000,0.000000,0.000000
1.9301,-2.226445,-0.067610,0.154574,-0.523599,-0.017753,-0.062629,1,-3.855928,132,0.072424,0.009494,-2.226445,-0.016860,-3.862313,0.154574,-2.226703,-3.853159,0.154574,-0.067610,-0.523599,0.012326,-0.426606,-34.262041,0.009154,-0.002000,0.001685,0.002001,-0.000693,0.001685,0.072424,0.009494,-9.809728,0.019865,0.006782,-0.525599,-2.350054,0.010861,27.000000,0.013045,-2.226703,-0.016860,-0.066728,-0.523599,0.009000,-0.002000,1,0,1,32,30,-0.005377,-0.024862,-0.370747,0.323683,0.415482,10.454176,2.362335,0.010861,0.007301,7,1,0,0.000000,0,-3.855928,0.000000,-0.017753,0,-0.101238,0.000000,-0.062629,-3.855928,-0.101238,1,1,1,1.623335,0.000000,0.000000,0.000000,0.000000,0.000000,0.000000,0.000000
1.9401,-2.229572,-0.072662,0.138255,-0.523599,-0.022469,-0.047878,1,-3.855928,142,0.072299,0.012612,-2.229572,-0.035186,-3.860818,0.138255,-2.229771,-3.851748,0.138255,-0.072662,-0.523599,0.012585,-0.426606,-34.262041,0.009070,0.000000,0.001079,0.001991,-0.001060,0.001079,0.072299,0.012612,-9.809725,0.002879,-0.014830,-0.523599,-2.353693,0.010767,27.000000,0.013045,-2.229771,-0.035186,-0.072097,-0.523599,0.009000,0.000000,6,0,1,32,30,-0.013947,0.000955,-0.385387,0.474981,-0.010029,9.291977,2.358696,0.010767,0.007258,7,1,0,0.000000,0,-3.855928,0.000000,-0.022469,0,-0.104675,0.000000,-0.047878,-3.855928,-0.104675,1,1,1,1.623366,0.000000,0.000000,0.000000,0.000000,0.000000,0.000000,0.000000
1.9501,-2.234873,-0.076618,0.204576,-0.523599,-0.014002,-0.042521,1,-3.855928,152,0.072218,0.012171,-2.234873,-0.054664,-3.860484,0.204576,-2.235140,-3.851278,0.204576,-0.076618,-0.523599,0.012486,-0.426606,-34.262041,0.009206,0.000000,0.001310,0.002013,-0.001346,0.001310,0.072218,0.012171,-9.809727,-0.008711,-0.009721,-0.523599,-2.357179,0.010685,27.000000,0.013045,-2.235140,-0.054664,-0.075932,-0.523599,0.009000,0.000000,11,0,1,32,30,-0.003263,0.008654,-0.319155,0.332892,0.238169,10.098293,2.355210,0.010685,0.007246,7,1,0,0.000000,0,-3.855928,0.000000,-0.014002,0,-0.106838,0.000000,-0.042521,-3.855928,-0.106838,1,1,1,1.623382,0.000000,0.000000,0.000000,0.000000,0.000000,0.000000,0.000000
1.9601,-2.238763,-0.080320,0.154999,-0.418879,-0.019751,-0.029914,1,-3.855928,160,0.072886,0.012145,-2.238763,-0.037280,-3.859560,0.154999,-2.238975,-3.850407,0.154999,-0.080320,-0.418879,0.012482,-0.426606,-34.262041,0.009153,0.000000,0.001320,0.001985,-0.001171,0.001320,0.072886,0.012145,-9.809722,-0.001621,0.005296,-0.418879,-2.360011,0.010651,27.000000,0.013045,-2.238975,-0.037280,-0.079767,-0.418879,0.009000,0.000000,16,0,1,32,30,0.005306,-0.004880,-0.263839,-0.193198,0.191726,9.963499,2.352378,0.010651,0.007307,7,1,0,0.000000,0,-3.855928,0.000000,-0.019751,0,-0.107997,0.000000,-0.029914,-3.855928,-0.107997,1,1,1,1.623381,0.000000,0.000000,0.000000,0.000000,0.000000,0.000000,0.000000
1.9701,-2.240720,-0.082485,0.138886,-0.314159,-0.011657,-0.036009,1,-3.855928,170,0.072669,0.011625,-2.240720,-0.021991,-3.859439,0.138886,-2.240892,-3.850356,0.138886,-0.082485,-0.314159,0.012479,-0.426606,-34.262041,0.009083,-0.003000,0.001326,0.001983,-0.000340,0.001326,0.072669,0.011625,-9.809724,-0.009278,-0.002352,-0.317159,-2.362124,0.010688,27.000000,0.013045,-2.240892,-0.021991,-0.082068,-0.314159,0.009000,-0.003000,21,0,1,32,30,0.003184,0.006801,-0.178372,0.417376,0.292270,9.591660,2.350265,0.010688,0.007285,7,1,0,0.000000,0,-3.855928,0.000000,-0.011657,0,-0.108549,0.000000,-0.036009,-3.855928,-0.108549,1,1,1,1.623368,0.000000,0.000000,0.000000,0.000000,0.000000,0.000000,0.000000
1.9801,-2.241076,-0.082980,0.004267,-0.104720,-0.002793,-0.048745,1,-3.855928,180,0.072721,0.010351,-2.241076,-0.002513,-3.860068,0.004267,-2.241084,-3.851052,0.004267,-0.082980,-0.104720,0.012454,-0.426606,-34.262041,0.009017,-0.001000,0.001385,0.002007,0.000186,0.001385,0.072721,0.010351,-9.809725,-0.009420,-0.002419,-0.105720,-2.363316,0.010788,27.000000,0.013045,-2.241084,-0.002513,-0.082835,-0.104720,0.009000,-0.001000,26,0,1,32,30,0.003206,0.007918,-0.101559,0.007594,0.267152,10.060092,2.349073,0.010788,0.007300,6,1,0,0.000000,0,-3.855928,0.000000,-0.002793,0,-0.108763,0.000000,-0.048745,-3.855928,-0.108763,1,1,1,1.623353,0.000000,0.000000,0.000000,0.000000,0.000000,0.000000,0.000000
1.9901,-2.241178,-0.082835,-0.065676,0.000000,0.001767,-0.048694,1,-3.855928,190,0.072557,0.011002,-2.241178,0.000419,-3.860989,-0.065676,-2.241084,-3.852012,-0.065676,-0.082835,0.000000,0.012480,-0.426606,-34.262041,0.008977,0.000000,0.001325,0.002056,0.000149,0.001325,0.072557,0.011002,-9.809726,0.015661,-0.003633,0.000000,-2.364131,0.010750,27.000000,0.013045,-2.241084,0.000419,-0.082835,0.000000,0.009000,0.000000,31,0,1,32,30,-0.011705,-0.011840,-0.065534,0.149004,0.389159,9.477613,2.348258,0.010750,0.007279,6,1,0,0.000000,0,-3.855928,0.000000,0.001767,0,-0.108378,0.000000,-0.048694,-3.855928,-0.108378,1,1,1,1.623340,0.000000,0.000000,0.000000,0.000000,0.000000,0.000000,0.000000
2.0001,-2.240792,-0.083602,-0.085224,0.000000,-0.007715,-0.028490,1,-3.855928,200,0.071046,0.012149,-2.240792,0.004503,-3.860978,-0.085224,-2.240701,-3.852021,-0.085224,-0.083602,0.000000,0.012430,-0.426606,-34.262041,0.008957,0.000000,0.001443,0.001835,0.000045,0.001443,0.071046,0.012149,-9.809735,0.025327,0.007910,0.000000,-2.364904,0.010590,27.000000,0.013045,-2.240701,0.004503,-0.083602,0.000000,0.009000,0.000000,36,0,1,32,30,-0.007426,-0.026531,-0.084901,0.141972,0.208438,10.174435,2.347485,0.010590,0.007114,7,1,0,0.000000,0,-3.855928,0.000000,-0.007715,0,-0.107262,0.000000,-0.028490,-3.855928,-0.107262,1,1,1,1.623329,0.000000,0.000000,0.000000,0.000000,0.000000,0.000000,0.000000
2.0101,-2.240014,-0.082835,-0.065029,0.000000,0.009692,-0.036004,1,-3.855928,210,0.069821,0.012961,-2.240014,0.007645,-3.862461,-0.065029,-2.239934,-3.853480,-0.065029,-0.082835,0.000000,0.012457,-0.426606,-34.262041,0.008981,0.002000,0.001378,0.001994,0.000245,0.001378,0.069821,0.012961,-9.809743,-0.002080,-0.015460,0.002000,-2.365594,0.010551,27.000000,0.013045,-2.239934,0.007645,-0.082835,0.000000,0.009000,0.002000,41,0,1,32,30,-0.011727,0.009501,-0.063152,0.419041,-0.204716,9.567526,2.346795,0.010551,0.006984,6,1,0,0.000000,0,-3.855928,0.000000,0.009692,0,-0.105552,0.000000,-0.036004,-3.855928,-0.105552,1,1,1,1.623321,0.000000,0.000000,0.000000,0.000000,0.000000,0.000000,0.000000
2.0201,-2.239696,-0.082068,-0.043391,0.000000,0.008243,-0.027047,1,-3.855928,220,0.071162,0.011678,-2.239696,0.001466,-3.863570,-0.043391,-2.239646,-3.854575,-0.043391,-0.082068,0.000000,0.012338,-0.426606,-34.262041,0.008995,0.002000,0.001658,0.002026,-0.000066,0.001658,0.071162,0.011678,-9.809735,-0.017030,-0.015162,0.002000,-2.365924,0.010556,27.000000,0.013045,-2.239646,0.001466,-0.082068,0.000000,0.009000,0.002000,46,0,1,32,30,-0.003196,0.022064,-0.041666,-0.269644,0.276211,10.088714,2.346465,0.010556,0.007132,6,1,0,0.000000,0,-3.855928,0.000000,0.008243,0,-0.103253,0.000000,-0.027047,-3.855928,-0.103253,1,1,1,1.623321,0.000000,0.000000,0.000000,0.000000,0.000000,0.000000,0.000000
2.0301,-2.239806,-0.082068,-0.040919,0.000000,0.001863,-0.006505,1,-3.855928,230,0.071922,0.013030,-2.239806,-0.000419,-3.863951,-0.040919,-2.239742,-3.854956,-0.040919,-0.082068,0.000000,0.012394,-0.426606,-34.262041,0.008995,0.001000,0.001527,0.002000,0.000174,0.001527,0.071922,0.013030,-9.809728,0.002563,0.005594,0.001000,-2.366305,0.010468,27.000000,0.013045,-2.239742,-0.000419,-0.082068,0.000000,0.009000,0.001000,51,0,1,32,30,0.003238,-0.005726,-0.039851,0.094110,0.058013,9.962342,2.346084,0.010468,0.007198,6,1,0,0.000000,0,-3.855928,0.000000,0.001863,0,-0.100264,0.000000,-0.006505,-3.855928,-0.100264,1,1,1,1.623322,0.000000,0.000000,0.000000,0.000000,0.000000,0.000000,0.000000
2.0401,-2.238101,-0.082068,0.005382,0.000000,-0.001115,0.004071,1,-3.855928,240,0.072359,0.011967,-2.238101,0.015813,-3.864045,0.005382,-2.238112,-3.855025,0.005382,-0.082068,0.000000,0.012387,-0.426606,-34.262041,0.009020,0.000000,0.001542,0.001991,0.000494,0.001542,0.072359,0.011967,-9.809726,-0.017826,-0.000256,0.000000,-2.366375,0.010566,27.000000,0.013045,-2.238112,0.015813,-0.082068,0.000000,0.009000,0.000000,56,0,1,32,30,0.009633,0.015066,0.005196,0.398489,0.027589,9.340157,2.346014,0.010566,0.007252,6,1,0,0.000000,0,-3.855928,0.000000,-0.001115,0,-0.096892,0.000000,0.004071,-3.855928,-0.096892,1,1,1,1.623328,0.000000,0.000000,0.000000,0.000000,0.000000,0.000000,0.000000
2.0501,-2.235948,-0.079615,-0.029881,0.104720,0.021814,-0.018818,1,-3.855928,250,0.072938,0.009935,-2.235948,0.026075,-3.865989,-0.029881,-2.235907,-3.856993,-0.029881,-0.079615,0.104720,0.012427,-0.426606,-34.262041,0.008996,-0.001000,0.001448,0.002099,-0.000036,0.001448,0.072938,0.009935,-9.809724,-0.030600,0.006650,0.103720,-2.365894,0.010826,27.000000,0.013045,-2.235907,0.026075,-0.079767,0.104720,0.009000,-0.001000,61,0,1,32,30,0.022453,0.022743,0.073562,0.112711,0.163912,9.905995,2.346495,0.010826,0.007331,6,1,0,0.000000,0,-3.855928,0.000000,0.021814,0,-0.093537,0.000000,-0.018818,-3.855928,-0.093537,1,1,1,1.623345,0.000000,0.000000,0.000000,0.000000,0.000000,0.000000,0.000000
2.0601,-2.233916,-0.077927,-0.089301,0.209440,0.008723,-0.012844,1,-3.855928,4,0.074354,0.009324,-2.233916,0.019897,-3.866511,-0.089301,-2.233798,-3.857543,-0.089301,-0.077927,0.209440,0.012421,-0.426606,-34.262041,0.008968,-0.002000,0.001462,0.002108,0.000263,0.001462,0.074354,0.009324,-9.809714,-0.000602,-0.001591,0.207440,-2.364757,0.010884,27.000000,0.013045,-2.233798,0.019897,-0.078233,0.209440,0.009000,-0.002000,66,0,1,32,30,-0.000994,0.002848,0.118112,-0.577108,0.452168,9.764887,2.347632,0.010884,0.007483,7,1,0,0.000000,0,-3.855928,0.000000,0.008723,0,-0.090598,0.000000,-0.012844,-3.855928,-0.090598,1,1,1,1.623373,0.000000,0.000000,0.000000,0.000000,0.000000,0.000000,0.000000
2.0701,-2.233614,-0.076541,0.007976,0.104720,0.007533,-0.016513,1,-3.855928,14,0.072810,0.010112,-2.233614,0.003560,-3.866927,0.007976,-2.233606,-3.857901,0.007976,-0.076541,0.104720,0.012401,-0.426606,-34.262041,0.009026,0.000000,0.001509,0.002038,0.000119,0.001509,0.072810,0.010112,-9.809725,0.037839,0.029124,0.104720,-2.363727,0.010806,27.000000,0.013045,-2.233606,0.003560,-0.076699,0.104720,0.009000,0.000000,71,0,1,32,30,0.003326,-0.046232,0.113278,-0.067996,0.376081,10.530088,2.348662,0.010806,0.007322,7,1,0,0.000000,0,-3.855928,0.000000,0.007533,0,-0.088477,0.000000,-0.016513,-3.855928,-0.088477,1,1,1,1.623405,0.000000,0.000000,0.000000,0.000000,0.000000,0.000000,0.000000
2.0801,-2.231334,-0.075932,0.104247,0.000000,-0.001787,-0.018124,1,-3.855928,24,0.070614,0.008353,-2.231334,0.020944,-3.866514,0.104247,-2.231497,-3.857424,0.104247,-0.075932,0.000000,0.012361,-0.426606,-34.262041,0.009091,0.001000,0.001604,0.001954,0.000458,0.001604,0.070614,0.008353,-9.809742,-0.000869,0.005913,0.001000,-2.362639,0.010965,27.000000,0.013045,-2.231497,0.020944,-0.075932,0.000000,0.009000,0.001000,76,0,1,32,30,0.005411,-0.001237,0.105270,0.120317,0.012557,8.995289,2.349750,0.010965,0.007113,7,1,0,0.000000,0,-3.855928,0.000000,-0.001787,0,-0.087389,0.000000,-0.018124,-3.855928,-0.087389,1,1,1,1.623442,0.000000,0.000000,0.000000,0.000000,0.000000,0.000000,0.000000
2.0901,-2.228691,-0.074398,0.076847,0.000000,0.010980,-0.036993,1,-3.855928,34,0.069559,0.007755,-2.228691,0.032149,-3.867165,0.076847,-2.228812,-3.858089,0.076847,-0.074398,0.000000,0.012350,-0.426606,-34.262041,0.009076,0.003000,0.001628,0.001993,0.000133,0.001628,0.069559,0.007755,-9.809750,0.000915,-0.013395,0.003000,-2.361770,0.011035,27.000000,0.013045,-2.228812,0.032149,-0.074398,0.000000,0.009000,0.003000,81,0,1,32,30,-0.011683,0.007602,0.079759,0.179705,0.606172,10.494280,2.350619,0.011035,0.007013,7,1,0,0.000000,0,-3.855928,0.000000,0.010980,0,-0.087028,0.000000,-0.036993,-3.855928,-0.087028,1,1,1,1.623488,0.000000,0.000000,0.000000,0.000000,0.000000,0.000000,0.000000
2.1001,-2.228420,-0.074398,0.058499,0.000000,-0.005191,-0.024858,1,-3.855928,44,0.071430,0.009159,-2.228420,0.001466,-3.866352,0.058499,-2.228525,-3.857297,0.058499,-0.074398,0.000000,0.012354,-0.426606,-34.262041,0.009055,0.002000,0.001620,0.002000,-0.000343,0.001620,0.071430,0.009159,-9.809736,0.007031,-0.011914,0.002000,-2.360978,0.010881,27.000000,0.013045,-2.228525,0.001466,-0.074398,0.000000,0.009000,0.002000,86,0,1,32,30,-0.013817,0.001440,0.060486,-0.327459,-0.032531,9.530489,2.351411,0.010881,0.007192,6,1,0,0.000000,0,-3.855928,0.000000,-0.005191,0,-0.086994,0.000000,-0.024858,-3.855928,-0.086994,1,1,1,1.623537,0.000000,0.000000,0.000000,0.000000,0.000000,0.000000,0.000000
2.1101,-2.229748,-0.073631,0.017604,0.000000,0.008515,-0.034377,1,-3.855928,54,0.071240,0.009855,-2.229748,-0.012776,-3.866806,0.017604,-2.229771,-3.857778,0.017604,-0.073631,0.000000,0.012385,-0.426606,-34.262041,0.009028,0.000000,0.001547,0.001957,-0.000028,0.001547,0.071240,0.009855,-9.809736,0.007943,0.004052,0.000000,-2.360692,0.010849,27.000000,0.013045,-2.229771,-0.012776,-0.073631,0.000000,0.009000,0.000000,91,0,1,32,30,-0.001011,-0.008641,0.017712,0.475187,0.036131,9.426427,2.351697,0.010849,0.007169,7,1,0,0.000000,0,-3.855928,0.000000,0.008515,0,-0.086993,0.000000,-0.034377,-3.855928,-0.086993,1,1,1,1.623582,0.000000,0.000000,0.000000,0.000000,0.000000,0.000000,0.000000
2.1201,-2.229469,-0.074398,0.001903,0.000000,-0.007097,-0.017520,1,-3.855928,64,0.071477,0.008604,-2.229469,0.002513,-3.865893,0.001903,-2.229483,-3.856878,0.001903,-0.074398,0.000000,0.012382,-0.426606,-34.262041,0.009015,-0.001000,0.001553,0.001942,0.000170,0.001553,0.071477,0.008604,-9.809736,-0.004881,-0.004465,-0.001000,-2.360561,0.010966,27.000000,0.013045,-2.229483,0.002513,-0.074398,0.000000,0.009000,-0.001000,96,0,1,32,30,-0.001032,0.006544,0.000822,-0.173618,0.255607,10.212985,2.351828,0.010966,0.007201,7,1,0,0.000000,0,-3.855928,0.000000,-0.007097,0,-0.086993,0.000000,-0.017520,-3.855928,-0.086993,1,1,1,1.623624,0.000000,0.000000,0.000000,0.000000,0.000000,0.000000,0.000000
2.1301,-2.230124,-0.075165,0.019717,0.000000,-0.007460,-0.015986,1,-3.855928,74,0.071651,0.009355,-2.230124,-0.003560,-3.865119,0.019717,-2.230155,-3.856098,0.019717,-0.075165,0.000000,0.012366,-0.426606,-34.262041,0.009021,-0.004000,0.001591,0.001999,-0.000102,0.001591,0.071651,0.009355,-9.809734,0.006092,-0.012553,-0.004000,-2.360547,0.010867,27.000000,0.013045,-2.230155,-0.003560,-0.075165,0.000000,0.009000,-0.004000,101,0,1,32,30,-0.013831,0.002035,0.015693,0.455939,0.253218,9.658286,2.351842,0.010867,0.007212,7,1,0,0.000000,0,-3.855928,0.000000,-0.007460,0,-0.086993,0.000000,-0.015986,-3.855928,-0.086993,1,1,1,1.623664,0.000000,0.000000,0.000000,0.000000,0.000000,0.000000,0.000000
2.1401,-2.229776,-0.075165,0.055173,0.000000,-0.005405,-0.023656,1,-3.855928,84,0.072770,0.009882,-2.229776,0.002513,-3.864673,0.055173,-2.229867,-3.855620,0.055173,-0.075165,0.000000,0.012373,-0.426606,-34.262041,0.009053,-0.001000,0.001575,0.001998,-0.000219,0.001575,0.072770,0.009882,-9.809725,-0.007877,0.006373,-0.001000,-2.360069,0.010811,27.000000,0.013045,-2.229867,0.002513,-0.075165,0.000000,0.009000,-0.001000,106,0,1,32,30,0.009660,0.003729,0.054131,-0.250151,0.086278,9.981543,2.352320,0.010811,0.007322,7,1,0,0.000000,0,-3.855928,0.000000,-0.005405,0,-0.086993,0.000000,-0.023656,-3.855928,-0.086993,1,1,1,1.623701,0.000000,0.000000,0.000000,0.000000,0.000000,0.000000,0.000000
2.1501,-2.230999,-0.074398,0.076641,0.000000,-0.000143,-0.032860,1,-3.855928,94,0.072033,0.009491,-2.230999,-0.012776,-3.864727,0.076641,-2.231113,-3.855659,0.076641,-0.074398,0.000000,0.012388,-0.426606,-34.262041,0.009068,-0.001000,0.001540,0.002001,-0.000441,0.001540,0.072033,0.009491,-9.809731,-0.005662,-0.007535,-0.001000,-2.359341,0.010877,27.000000,0.013045,-2.231113,-0.012776,-0.074398,0.000000,0.009000,-0.001000,111,0,1,32,30,-0.003148,0.009820,0.075525,0.139394,0.078676,9.062959,2.353048,0.010877,0.007251,7,1,0,0.000000,0,-3.855928,0.000000,-0.000143,0,-0.086993,0.000000,-0.032860,-3.855928,-0.086993,1,1,1,1.623737,0.000000,0.000000,0.000000,0.000000,0.000000,0.000000,0.000000
2.1601,-2.233233,-0.074398,0.055642,0.000000,-0.008310,-0.025190,1,-3.855928,104,0.070602,0.008989,-2.233233,-0.021991,-3.864066,0.055642,-2.233318,-3.855011,0.055642,-0.074398,0.000000,0.012376,-0.426606,-34.262041,0.009055,0.000000,0.001568,0.002138,-0.000513,0.001568,0.070602,0.008989,-9.809742,0.012856,0.025348,0.000000,-2.358692,0.010927,27.000000,0.013045,-2.233318,-0.021991,-0.074398,0.000000,0.009000,0.000000,116,0,1,32,30,0.013959,-0.024067,0.055944,0.189748,0.368661,10.367484,2.353697,0.010927,0.007109,7,1,0,0.000000,0,-3.855928,0.000000,-0.008310,0,-0.086993,0.000000,-0.025190,-3.855928,-0.086993,1,1,1,1.623765,0.000000,0.000000,0.000000,0.000000,0.000000,0.000000,0.000000
2.1701,-2.235853,-0.073631,0.046262,0.000000,0.002183,-0.034394,1,-3.855928,114,0.069197,0.008296,-2.235853,-0.027018,-3.864396,0.046262,-2.235907,-3.855346,0.046262,-0.073631,0.000000,0.012334,-0.426606,-34.262041,0.009050,0.001000,0.001666,0.002002,-0.000363,0.001666,0.069197,0.008296,-9.809752,0.010856,0.016381,0.001000,-2.358259,0.010972,27.000000,0.013045,-2.235907,-0.027018,-0.073631,0.000000,0.009000,0.001000,121,0,1,32,30,0.007545,-0.017561,0.047482,0.161267,0.113536,10.116070,2.354130,0.010972,0.006973,7,1,0,0.000000,0,-3.855928,0.000000,0.002183,0,-0.086993,0.000000,-0.034394,-3.855928,-0.086993,1,1,1,1.623783,0.000000,0.000000,0.000000,0.000000,0.000000,0.000000,0.000000
2.1801,-2.237077,-0.073631,0.038678,0.000000,-0.007202,-0.026724,1,-3.855928,124,0.068756,0.007121,-2.237077,-0.011729,-3.863887,0.038678,-2.237153,-3.854843,0.038678,-0.073631,0.000000,0.012318,-0.426606,-34.262041,0.009044,0.003000,0.001705,0.001994,-0.000572,0.001705,0.068756,0.007121,-9.809756,-0.014041,-0.008124,0.003000,-2.357756,0.011078,27.000000,0.013045,-2.237153,-0.011729,-0.073631,0.000000,0.009000,0.003000,126,0,1,32,30,0.001104,0.016696,0.041475,0.254081,0.267267,9.285048,2.354633,0.011078,0.006937,6,1,0,0.000000,0,-3.855928,0.000000,-0.007202,0,-0.086993,0.000000,-0.026724,-3.855928,-0.086993,1,1,1,1.623795,0.000000,0.000000,0.000000,0.000000,0.000000,0.000000,0.000000
2.1901,-2.237426,-0.073631,0.020150,0.000000,-0.004151,-0.026724,1,-3.855928,132,0.069019,0.009914,-2.237426,-0.001466,-3.863707,0.020150,-2.237441,-3.854678,0.020150,-0.073631,0.000000,0.012618,-0.426606,-34.262041,0.009029,0.000000,0.001000,0.002002,0.000172,0.001000,0.069019,0.009914,-9.809752,-0.007400,-0.003653,0.000000,-2.357591,0.011093,27.000000,0.013045,-2.237441,-0.001466,-0.073631,0.000000,0.009000,0.000000,131,0,1,32,30,0.001106,0.008432,0.020046,0.419193,0.528981,10.560653,2.354798,0.011093,0.006943,7,1,0,0.000000,0,-3.855928,0.000000,-0.004151,0,-0.086993,0.000000,-0.026724,-3.855928,-0.086993,1,1,1,1.623804,0.000000,0.000000,0.000000,0.000000,0.000000,0.000000,0.000000
2.2001,-2.236658,-0.073631,0.007609,0.000000,-0.004205,-0.026724,1,-3.855928,142,0.070593,0.007127,-2.236658,0.007645,-3.863556,0.007609,-2.236674,-3.854536,0.007609,-0.073631,0.000000,0.012328,-0.426606,-34.262041,0.009020,0.000000,0.001682,0.002010,-0.000019,0.001682,0.070593,0.007127,-9.809743,-0.016535,-0.009810,0.000000,-2.357451,0.011073,27.000000,0.013045,-2.236674,0.007645,-0.073631,0.000000,0.009000,0.000000,136,0,1,32,30,0.001091,0.019287,0.007372,0.015287,0.218975,9.313120,2.354938,0.011073,0.007124,7,1,0,0.000000,0,-3.855928,0.000000,-0.004205,0,-0.086993,0.000000,-0.026724,-3.855928,-0.086993,1,1,1,1.623814,0.000000,0.000000,0.000000,0.000000,0.000000,0.000000,0.000000
2.2101,-2.236696,-0.073631,-0.006580,0.000000,-0.001956,-0.026724,1,-3.855928,152,0.071570,0.007565,-2.236696,-0.000419,-3.863614,-0.006580,-2.236674,-3.854605,-0.006580,-0.073631,0.000000,0.012326,-0.426606,-34.262041,0.009009,-0.001000,0.001685,0.001960,0.000008,0.001685,0.071570,0.007565,-9.809736,-0.004403,-0.009358,-0.001000,-2.357521,0.011020,27.000000,0.013045,-2.236674,-0.000419,-0.073631,0.000000,0.009000,-0.001000,141,0,1,32,30,-0.005306,0.008782,-0.007689,-0.201626,0.309075,10.529328,2.354868,0.011020,0.007220,6,1,0,0.000000,0,-3.855928,0.000000,-0.001956,0,-0.086993,0.000000,-0.026724,-3.855928,-0.086993,1,1,1,1.623825,0.000000,0.000000,0.000000,0.000000,0.000000,0.000000,0.000000
2.2201,-2.236992,-0.073631,-0.026025,0.000000,-0.000743,-0.026724,1,-3.855928,160,0.071089,0.008506,-2.236992,-0.000419,-3.863761,-0.026025,-2.236962,-3.854763,-0.026025,-0.073631,0.000000,0.012369,-0.426606,-34.262041,0.008998,-0.001000,0.001585,0.001984,-0.000078,0.001585,0.071089,0.008506,-9.809739,0.001655,-0.000129,-0.001000,-2.357678,0.010971,27.000000,0.013045,-2.236962,-0.000419,-0.073631,0.000000,0.009000,-0.001000,146,0,1,32,30,-0.001032,-0.001635,-0.027007,0.236160,-0.133520,9.214017,2.354711,0.010971,0.007164,6,1,0,0.000000,0,-3.855928,0.000000,-0.000743,0,-0.086993,0.000000,-0.026724,-3.855928,-0.086993,1,1,1,1.623836,0.000000,0.000000,0.000000,0.000000,0.000000,0.000000,0.000000
2.2301,-2.236795,-0.073631,-0.015558,0.000000,0.000083,-0.026724,1,-3.855928,170,0.070574,0.008597,-2.236795,0.000419,-3.863967,-0.015558,-2.236770,-3.854965,-0.015558,-0.073631,0.000000,0.012350,-0.426606,-34.262041,0.009002,-0.001000,0.001629,0.002000,0.000049,0.001629,0.070574,0.008597,-9.809742,0.002981,0.013642,-0.001000,-2.357879,0.010947,27.000000,0.013045,-2.236770,0.000419,-0.073631,0.000000,0.009000,-0.001000,151,0,1,32,30,0.009654,-0.010294,-0.016432,0.227345,0.352738,10.108947,2.354510,0.010947,0.007111,7,1,0,0.000000,0,-3.855928,0.000000,0.000083,0,-0.086993,0.000000,-0.026724,-3.855928,-0.086993,1,1,1,1.623847,0.000000,0.000000,0.000000,0.000000,0.000000,0.000000,0.000000
2.2401,-2.236488,-0.073631,-0.005691,0.000000,-0.000644,-0.026724,1,-3.855928,180,0.070195,0.008911,-2.236488,0.003560,-3.864083,-0.005691,-2.236482,-3.855071,-0.005691,-0.073631,0.000000,0.012398,-0.426606,-34.262041,0.009011,0.000000,0.001516,0.002017,0.000109,0.001516,0.070195,0.008911,-9.809745,-0.003876,0.009020,0.000000,-2.357985,0.010966,27.000000,0.013045,-2.236482,0.003560,-0.073631,0.000000,0.009000,0.000000,156,0,1,32,30,0.009648,-0.001888,-0.005668,0.065600,0.264355,10.289792,2.354404,0.010966,0.007070,7,1,0,0.000000,0,-3.855928,0.000000,-0.000644,0,-0.086993,0.000000,-0.026724,-3.855928,-0.086993,1,1,1,1.623858,0.000000,0.000000,0.000000,0.000000,0.000000,0.000000,0.000000
2.2501,-2.236496,-0.073631,-0.007291,0.000000,-0.000506,-0.026724,1,-3.855928,190,0.070467,0.008464,-2.236496,0.002513,-3.864187,-0.007291,-2.236482,-3.855172,-0.007291,-0.073631,0.000000,0.012387,-0.426606,-34.262041,0.009015,0.002000,0.001542,0.002051,-0.000077,0.001542,0.070467,0.008464,-9.809743,-0.010871,-0.011141,0.002000,-2.358087,0.010998,27.000000,0.013045,-2.236482,0.002513,-0.073631,0.000000,0.009000,0.002000,161,0,1,32,30,-0.003178,0.015171,-0.005479,0.388491,0.086015,9.254603,2.354302,0.010998,0.007101,7,1,0,0.000000,0,-3.855928,0.000000,-0.000506,0,-0.086993,0.000000,-0.026724,-3.855928,-0.086993,1,1,1,1.623871,0.000000,0.000000,0.000000,0.000000,0.000000,0.000000,0.000000
2.2601,-2.236323,-0.073631,-0.023519,0.000000,0.000323,-0.026724,1,-3.855928,200,0.070998,0.008005,-2.236323,0.001466,-3.864333,-0.023519,-2.236290,-3.855325,-0.023519,-0.073631,0.000000,0.012396,-0.426606,-34.262041,0.009008,0.003000,0.001522,0.002000,0.000034,0.001522,0.070998,0.008005,-9.809740,-0.005342,0.002879,0.003000,-2.358240,0.011049,27.000000,0.013045,-2.236290,0.001466,-0.073631,0.000000,0.009000,0.003000,166,0,1,32,30,0.005370,0.002572,-0.020553,0.036888,0.151481,10.135511,2.354149,0.011049,0.007158,6,1,0,0.000000,0,-3.855928,0.000000,0.000323,0,-0.086993,0.000000,-0.026724,-3.855928,-0.086993,1,1,1,1.623884,0.000000,0.000000,0.000000,0.000000,0.000000,0.000000,0.000000
2.2701,-2.236417,-0.073631,-0.020473,0.000000,0.001095,-0.026724,1,-3.855928,210,0.071475,0.007892,-2.236417,0.000419,-3.864518,-0.020473,-2.236386,-3.855517,-0.020473,-0.073631,0.000000,0.012405,-0.426606,-34.262041,0.009001,0.000000,0.001499,0.002024,-0.000069,0.001499,0.071475,0.007892,-9.809736,-0.003525,-0.003620,0.000000,-2.358433,0.011067,27.000000,0.013045,-2.236386,0.000419,-0.073631,0.000000,0.009000,0.000000,171,0,1,32,30,-0.001036,0.004691,-0.020533,0.197135,0.152375,9.293428,2.353956,0.011067,0.007207,7,1,0,0.000000,0,-3.855928,0.000000,0.001095,0,-0.086993,0.000000,-0.026724,-3.855928,-0.086993,1,1,1,1.623898,0.000000,0.000000,0.000000,0.000000,0.000000,0.000000,0.000000
2.2801,-2.236293,-0.073631,0.000806,0.000000,0.000354,-0.026724,1,-3.855928,220,0.071715,0.007600,-2.236293,-0.001466,-3.864631,0.000806,-2.236290,-3.855615,0.000806,-0.073631,0.000000,0.012375,-0.426606,-34.262041,0.009016,0.000000,0.001570,0.001990,0.000104,0.001570,0.071715,0.007600,-9.809735,-0.004891,0.003190,0.000000,-2.358531,0.011065,27.000000,0.013045,-2.236290,-0.001466,-0.073631,0.000000,0.009000,0.000000,176,0,1,32,30,0.005376,0.002289,0.000778,0.036545,0.341306,10.252264,2.353858,0.011065,0.007234,7,1,0,0.000000,0,-3.855928,0.000000,0.000354,0,-0.086993,0.000000,-0.026724,-3.855928,-0.086993,1,1,1,1.623913,0.000000,0.000000,0.000000,0.000000,0.000000,0.000000,0.000000
2.2901,-2.236313,-0.073631,-0.021613,0.000000,0.001436,-0.026724,1,-3.855928,230,0.071723,0.008694,-2.236313,0.000419,-3.864788,-0.021613,-2.236290,-3.855787,-0.021613,-0.073631,0.000000,0.012450,-0.426606,-34.262041,0.009001,-0.001000,0.001394,0.001988,0.000022,0.001394,0.071723,0.008694,-9.809734,0.001212,-0.010723,-0.001000,-2.358703,0.011028,27.000000,0.013045,-2.236290,0.000419,-0.073631,0.000000,0.009000,-0.001000,181,0,1,32,30,-0.009575,0.004695,-0.022673,0.179110,0.015670,9.521732,2.353686,0.011028,0.007227,6,1,0,0.000000,0,-3.855928,0.000000,0.001436,0,-0.086993,0.000000,-0.026724,-3.855928,-0.086993,1,1,1,1.623927,0.000000,0.000000,0.000000,0.000000,0.000000,0.000000,0.000000
2.3001,-2.236108,-0.074398,0.005010,0.000000,-0.007865,-0.017520,1,-3.855928,240,0.071939,0.009619,-2.236108,-0.000419,-3.864175,0.005010,-2.236099,-3.855155,0.005010,-0.074398,0.000000,0.012517,-0.426606,-34.262041,0.009020,0.000000,0.001237,0.002161,0.000024,0.001237,0.071939,0.009619,-9.809732,0.002947,-0.004397,0.000000,-2.358838,0.010994,27.000000,0.013045,-2.236099,-0.000419,-0.074398,0.000000,0.009000,0.000000,186,0,1,32,30,-0.005293,0.000065,0.005010,0.207088,0.197716,9.494868,2.353551,0.010994,0.007241,7,1,0,0.000000,0,-3.855928,0.000000,-0.007865,0,-0.086993,0.000000,-0.017520,-3.855928,-0.086993,1,1,1,1.623942,0.000000,0.000000,0.000000,0.000000,0.000000,0.000000,0.000000
2.3101,-2.236087,-0.074398,0.014595,0.000000,-0.000528,-0.025190,1,-3.855928,250,0.071873,0.009724,-2.236087,0.000419,-3.864264,0.014595,-2.236099,-3.855240,0.014595,-0.074398,0.000000,0.012516,-0.426606,-34.262041,0.009025,-0.001000,0.001240,0.002059,0.000077,0.001240,0.071873,0.009724,-9.809732,-0.001033,-0.001926,-0.001000,-2.358923,0.010982,27.000000,0.013045,-2.236099,0.000419,-0.074398,0.000000,0.009000,-0.001000,191,0,1,32,30,-0.001024,0.002100,0.013570,-0.048768,0.300302,10.471916,2.353466,0.010982,0.007233,7,1,0,0.000000,0,-3.855928,0.000000,-0.000528,0,-0.086993,0.000000,-0.025190,-3.855928,-0.086993,1,1,1,1.623957,0.000000,0.000000,0.000000,0.000000,0.000000,0.000000,0.000000
2.3201,-2.236272,-0.073631,0.009640,0.000000,0.005881,-0.034394,1,-3.855928,4,0.072356,0.008916,-2.236272,-0.000419,-3.864867,0.009640,-2.236290,-3.855844,0.009640,-0.073631,0.000000,0.012489,-0.426606,-34.262041,0.009023,0.000000,0.001303,0.002000,-0.000232,0.001303,0.072356,0.008916,-9.809729,-0.011753,-0.009152,0.000000,-2.358761,0.011040,27.000000,0.013045,-2.236290,-0.000419,-0.073631,0.000000,0.009000,0.000000,196,0,1,32,30,-0.001038,0.014979,0.009453,-0.013220,0.001627,9.100367,2.353628,0.011040,0.007289,7,1,0,0.000000,0,-3.855928,0.000000,0.005881,0,-0.086993,0.000000,-0.034394,-3.855928,-0.086993,1,1,1,1.623972,0.000000,0.000000,0.000000,0.000000,0.000000,0.000000,0.000000
2.3301,-2.236877,-0.073631,-0.012318,0.000000,-0.000454,-0.026724,1,-3.855928,14,0.071997,0.008613,-2.236877,-0.003560,-3.864832,-0.012318,-2.236866,-3.855821,-0.012318,-0.073631,0.000000,0.012496,-0.426606,-34.262041,0.009011,0.002000,0.001288,0.001995,0.000006,0.001288,0.071997,0.008613,-9.809732,0.009624,0.015552,0.002000,-2.358738,0.011080,27.000000,0.013045,-2.236866,-0.003560,-0.073631,0.000000,0.009000,0.002000,0,0,1,32,30,0.007528,-0.016796,-0.010109,-0.078378,0.492704,10.378126,2.353651,0.011080,0.007255,7,1,0,0.000000,0,-3.855928,0.000000,-0.000454,0,-0.086993,0.000000,-0.026724,-3.855928,-0.086993,1,1,1,1.623986,0.000000,0.000000,0.000000,0.000000,0.000000,0.000000,0.000000
2.3401,-2.236433,-0.073631,-0.031538,0.000000,0.002784,-0.026724,1,-3.855928,24,0.071051,0.008198,-2.236433,0.005550,-3.865064,-0.031538,-2.236386,-3.856071,-0.031538,-0.073631,0.000000,0.012473,-0.426606,-34.262041,0.008993,0.000000,0.001342,0.001990,0.000258,0.001342,0.071051,0.008198,-9.809739,0.004439,0.014616,0.000000,-2.358987,0.011106,27.000000,0.013045,-2.236386,0.005550,-0.073631,0.000000,0.009000,0.000000,5,0,1,32,30,0.009651,-0.012232,-0.031388,0.294134,0.099197,9.733196,2.353402,0.011106,0.007162,7,1,0,0.000000,0,-3.855928,0.000000,0.002784,0,-0.086993,0.000000,-0.026724,-3.855928,-0.086993,1,1,1,1.623998,0.000000,0.000000,0.000000,0.000000,0.000000,0.000000,0.000000
2.3501,-2.235712,-0.074398,0.001156,0.000000,-0.008850,-0.017520,1,-3.855928,34,0.071261,0.007946,-2.235712,0.007645,-3.864326,0.001156,-2.235715,-3.855309,0.001156,-0.074398,0.000000,0.012479,-0.426606,-34.262041,0.009016,0.000000,0.001326,0.001988,0.000017,0.001326,0.071261,0.007946,-9.809738,-0.010139,-0.015761,0.000000,-2.358993,0.011131,27.000000,0.013045,-2.235715,0.007645,-0.074398,0.000000,0.009000,0.000000,10,0,1,32,30,-0.007447,0.017211,0.000941,0.169318,0.195574,9.667090,2.353396,0.011131,0.007184,7,1,0,0.000000,0,-3.855928,0.000000,-0.008850,0,-0.086993,0.000000,-0.017520,-3.855928,-0.086993,1,1,1,1.624014,0.000000,0.000000,0.000000,0.000000,0.000000,0.000000,0.000000
2.3601,-2.235498,-0.073631,0.030749,0.000000,0.006684,-0.034394,1,-3.855928,44,0.071719,0.008668,-2.235498,0.001466,-3.865007,0.030749,-2.235523,-3.855969,0.030749,-0.073631,0.000000,0.012490,-0.426606,-34.262041,0.009037,0.000000,0.001301,0.001984,0.000076,0.001301,0.071719,0.008668,-9.809734,0.001757,-0.012906,0.000000,-2.358886,0.011071,27.000000,0.013045,-2.235523,0.001466,-0.073631,0.000000,0.009000,0.000000,15,0,1,32,30,-0.011696,0.006117,0.030675,0.265549,0.032837,9.684658,2.353503,0.011071,0.007226,7,1,0,0.000000,0,-3.855928,0.000000,0.006684,0,-0.086993,0.000000,-0.034394,-3.855928,-0.086993,1,1,1,1.624029,0.000000,0.000000,0.000000,0.000000,0.000000,0.000000,0.000000
2.3701,-2.235791,-0.073631,-0.001459,0.000000,-0.002695,-0.027524,1,-3.855928,54,0.072827,0.008760,-2.235791,-0.001466,-3.864749,-0.001459,-2.235811,-3.855738,-0.001459,-0.073631,0.000000,0.012460,-0.426606,-34.262041,0.009011,-0.002000,0.001372,0.001992,-0.000155,0.001372,0.072827,0.008760,-9.809726,-0.004980,0.003130,-0.002000,-2.358655,0.011023,27.000000,0.013045,-2.235811,-0.001466,-0.073631,0.000000,0.009000,-0.002000,20,0,1,32,30,0.005375,0.002346,-0.003488,-0.194675,0.339515,9.610877,2.353734,0.011023,0.007338,7,1,0,0.000000,0,-3.855928,0.000000,-0.002695,0,-0.087059,0.000000,-0.027524,-3.855928,-0.087059,1,1,1,1.624047,0.000000,0.000000,0.000000,0.000000,0.000000,0.000000,0.000000
2.3801,-2.236979,-0.073631,-0.009423,0.000000,0.001602,-0.032457,1,-3.855928,64,0.071909,0.010106,-2.236979,-0.011729,-3.864911,-0.009423,-2.236962,-3.855903,-0.009423,-0.073631,0.000000,0.012562,-0.426606,-34.262041,0.009008,-0.001000,0.001131,0.002016,-0.000152,0.001131,0.071909,0.010106,-9.809731,0.013164,0.017943,-0.001000,-2.358819,0.010996,27.000000,0.013045,-2.236962,-0.011729,-0.073631,0.000000,0.009000,-0.001000,25,0,1,32,30,0.007532,-0.021069,-0.010159,0.171632,0.326514,10.682873,2.353570,0.010996,0.007235,7,1,0,0.000000,0,-3.855928,0.000000,0.001602,0,-0.087526,0.000000,-0.032457,-3.855928,-0.087526,1,1,1,1.624061,0.000000,0.000000,0.000000,0.000000,0.000000,0.000000,0.000000
2.3901,-2.236593,-0.073631,-0.008869,0.000000,0.000906,-0.042990,1,-3.855928,74,0.071551,0.009270,-2.236593,0.002513,-3.864991,-0.008869,-2.236578,-3.855983,-0.008869,-0.073631,0.000000,0.012517,-0.426606,-34.262041,0.009008,-0.001000,0.001237,0.002033,0.000208,0.001237,0.071551,0.009270,-9.809735,0.003257,-0.009342,-0.001000,-2.358899,0.011038,27.000000,0.013045,-2.236578,0.002513,-0.073631,0.000000,0.009000,-0.001000,30,0,1,32,30,-0.009569,0.002388,-0.009900,0.207376,-0.142509,9.166055,2.353490,0.011038,0.007205,7,1,0,0.000000,0,-3.855928,0.000000,0.000906,0,-0.088793,0.000000,-0.042990,-3.855928,-0.088793,1,1,1,1.624073,0.000000,0.000000,0.000000,0.000000,0.000000,0.000000,0.000000
2.4001,-2.236113,-0.074398,-0.020675,0.000000,-0.007935,-0.050707,1,-3.855928,84,0.071060,0.009420,-2.236113,0.004503,-3.864314,-0.020675,-2.236099,-3.855312,-0.020675,-0.074398,0.000000,0.012551,-0.426606,-34.262041,0.009001,0.000000,0.001157,0.002136,0.000013,0.001157,0.071060,0.009420,-9.809738,0.001171,0.004690,0.000000,-2.358995,0.011055,27.000000,0.013045,-2.236099,0.004503,-0.074398,0.000000,0.009000,0.000000,35,0,1,32,30,0.003242,-0.003845,-0.020629,0.093318,0.438135,10.157569,2.353394,0.011055,0.007153,7,1,0,0.000000,0,-3.855928,0.000000,-0.007935,0,-0.091258,0.000000,-0.050707,-3.855928,-0.091258,1,1,1,1.624088,0.000000,0.000000,0.000000,0.000000,0.000000,0.000000,0.000000
2.4101,-2.235791,-0.075165,-0.032489,0.000000,-0.006679,-0.071767,1,-3.855928,94,0.070849,0.009263,-2.235791,0.001466,-3.863857,-0.032489,-2.235811,-3.854858,-0.032489,-0.075165,0.000000,0.012514,-0.426606,-34.262041,0.008998,0.001000,0.001244,0.001907,-0.000169,0.001244,0.070849,0.009263,-9.809740,0.003888,0.011645,0.001000,-2.359308,0.011030,27.000000,0.013045,-2.235811,0.001466,-0.075165,0.000000,0.009000,0.001000,40,0,1,32,30,0.007514,-0.010101,-0.031365,0.160749,0.021687,9.808893,2.353081,0.011030,0.007131,6,1,0,0.000000,0,-3.855928,0.000000,-0.006679,0,-0.095196,0.000000,-0.071767,-3.855928,-0.095196,1,1,1,1.624102,0.000000,0.000000,0.000000,0.000000,0.000000,0.000000,0.000000
2.4201,-2.236164,-0.076067,0.012978,-0.104720,-0.004792,-0.094484,1,-3.855928,104,0.070821,0.008564,-2.236164,-0.003560,-3.863679,0.012978,-2.236195,-3.854637,0.012978,-0.076067,-0.104720,0.012494,-0.426606,-34.262041,0.009042,0.001000,0.001292,0.003937,-0.000505,0.001292,0.070821,0.008564,-9.809741,-0.008583,-0.007016,-0.103720,-2.359989,0.011074,27.000000,0.013045,-2.236195,-0.003560,-0.075932,-0.104720,0.009000,0.001000,45,0,1,32,30,-0.001063,0.009900,-0.090872,0.130536,0.245013,9.533576,2.352400,0.011074,0.007133,6,1,0,0.000000,0,-3.855928,0.000000,-0.004792,0,-0.100633,0.000000,-0.094484,-3.855928,-0.100633,1,1,1,1.624116,0.000000,0.000000,0.000000,0.000000,0.000000,0.000000,0.000000
2.4301,-2.236882,-0.077857,0.107475,-0.314159,-0.005516,-0.110686,1,-3.855928,114,0.069967,0.009795,-2.236882,-0.008692,-3.863455,0.107475,-2.236962,-3.854393,0.107475,-0.077857,-0.314159,0.012514,-0.426606,-34.262041,0.009063,0.000000,0.001244,0.001979,-0.000298,0.001244,0.069967,0.009795,-9.809746,0.025113,-0.005056,-0.314159,-2.361532,0.010964,27.000000,0.013045,-2.236962,-0.008692,-0.077466,-0.314159,0.009000,0.000000,50,0,1,32,30,-0.018141,-0.020671,-0.206442,0.084099,0.210646,9.992580,2.350857,0.010964,0.007033,7,1,0,0.000000,0,-3.855928,0.000000,-0.005516,0,-0.107552,0.000000,-0.110686,-3.855928,-0.107552,1,1,1,1.624126,0.000000,0.000000,0.000000,0.000000,0.000000,0.000000,0.000000
2.4401,-2.237394,-0.081869,0.093523,-0.418879,-0.018654,-0.109107,1,-3.855928,124,0.068362,0.011345,-2.237394,-0.004503,-3.862145,0.093523,-2.237537,-3.853094,0.093523,-0.081869,-0.418879,0.012466,-0.426606,-34.262041,0.009051,-0.001000,0.001357,0.002029,-0.000361,0.001357,0.068362,0.011345,-9.809755,0.029093,0.002591,-0.419879,-2.364243,0.010743,27.000000,0.013045,-2.237537,-0.004503,-0.081301,-0.418879,0.009000,-0.001000,55,0,1,32,30,-0.013897,-0.029756,-0.326011,0.159387,0.385512,9.774267,2.348146,0.010743,0.006851,7,1,0,0.000000,0,-3.855928,0.000000,-0.018654,0,-0.115708,0.000000,-0.109107,-3.855928,-0.115708,1,1,1,1.624131,0.000000,0.000000,0.000000,0.000000,0.000000,0.000000,0.000000
2.4501,-2.236997,-0.086705,0.084378,-0.523599,-0.016953,-0.117588,1,-3.855928,134,0.066102,0.012475,-2.236997,0.004503,-3.861179,0.084378,-2.237153,-3.852154,0.084378,-0.086705,-0.523599,0.012392,-0.426606,-34.262041,0.009025,0.000000,0.001531,0.002048,0.000076,0.001531,0.066102,0.012475,-9.809769,0.020183,-0.000899,-0.523599,-2.368133,0.010541,27.000000,0.013045,-2.237153,0.004503,-0.085903,-0.523599,0.009000,0.000000,60,0,1,32,30,-0.011804,-0.021836,-0.438983,0.361576,0.200526,10.050081,2.344255,0.010541,0.006603,7,1,0,0.000000,0,-3.855928,0.000000,-0.016953,0,-0.124702,0.000000,-0.117588,-3.855928,-0.124702,1,1,1,1.624132,0.000000,0.000000,0.000000,0.000000,0.000000,0.000000,0.000000
2.4601,-2.237231,-0.091956,0.106642,-0.628319,-0.015340,-0.126181,1,-3.855928,144,0.065809,0.015225,-2.237231,-0.002513,-3.860535,0.106642,-2.237345,-3.851505,0.106642,-0.091956,-0.628319,0.012580,-0.426606,-34.262041,0.009031,0.000000,0.001090,0.001973,-0.000433,0.001090,0.065809,0.015225,-9.809767,0.000214,-0.029248,-0.628319,-2.372734,0.010418,27.000000,0.013045,-2.237345,-0.002513,-0.091272,-0.628319,0.009000,0.000000,65,0,1,32,30,-0.024669,0.009150,-0.521833,0.236935,-0.146381,9.481860,2.339655,0.010418,0.006538,7,1,0,0.000000,0,-3.855928,0.000000,-0.015340,0,-0.134136,0.000000,-0.126181,-3.855928,-0.134136,1,1,1,1.624132,0.000000,0.000000,0.000000,0.000000,0.000000,0.000000,0.000000
2.4701,-2.238957,-0.099017,0.082498,-0.733038,-0.021946,-0.113310,1,-3.855928,154,0.064901,0.016699,-2.238957,-0.016860,-3.859417,0.082498,-2.239071,-3.850413,0.082498,-0.099017,-0.733038,0.012555,-0.426606,-34.262041,0.009004,0.000000,0.001149,0.001939,-0.000628,0.001149,0.064901,0.016699,-9.809771,0.019277,0.005855,-0.733038,-2.378701,0.010207,27.000000,0.013045,-2.239071,-0.016860,-0.098175,-0.733038,0.009000,0.000000,70,0,1,32,30,-0.005457,-0.027559,-0.650245,0.200010,0.120762,10.307577,2.333688,0.010207,0.006415,7,1,0,0.000000,0,-3.855928,0.000000,-0.021946,0,-0.143609,0.000000,-0.113310,-3.855928,-0.143609,1,1,1,1.624125,0.000000,0.000000,0.000000,0.000000,0.000000,0.000000,0.000000
2.4801,-2.239915,-0.107779,0.078307,-0.837758,-0.028196,-0.093386,1,-3.855928,164,0.062951,0.016629,-2.239915,-0.009634,-3.858094,0.078307,-2.240030,-3.848983,0.078307,-0.107779,-0.837758,0.012451,-0.426606,-34.262041,0.009111,0.000000,0.001393,0.001991,-0.000368,0.001393,0.062951,0.016629,-9.809784,0.023590,0.005835,-0.837758,-2.386029,0.010075,27.000000,0.013045,-2.240030,-0.009634,-0.106612,-0.837758,0.009000,0.000000,75,0,1,32,30,-0.007618,-0.032530,-0.759105,0.160444,-0.033446,9.626502,2.326360,0.010075,0.006198,7,1,0,0.000000,0,-3.855928,0.000000,-0.028196,0,-0.152721,0.000000,-0.093386,-3.855928,-0.152721,1,1,1,1.624109,0.000000,0.000000,0.000000,0.000000,0.000000,0.000000,0.000000
2.4901,-2.239527,-0.117426,0.229550,-1.047198,-0.030840,-0.074333,1,-3.855928,174,0.059889,0.014833,-2.239527,0.000419,-3.856643,0.229550,-2.239838,-3.847570,0.229550,-0.117426,-1.047198,0.012389,-0.426606,-34.262041,0.009073,0.001000,0.001538,0.002016,-0.000342,0.001538,0.059889,0.014833,-9.809806,-0.002651,0.016953,-1.046198,-2.394262,0.010172,27.000000,0.013045,-2.239838,0.000419,-0.115815,-1.047198,0.009000,0.001000,80,0,1,32,30,0.015829,-0.016738,-0.816502,0.752963,0.241223,9.868908,2.318127,0.010172,0.005886,7,1,0,0.000000,0,-3.855928,0.000000,-0.030840,0,-0.161073,0.000000,-0.074333,-3.855928,-0.161073,1,1,1,1.624088,0.000000,0.000000,0.000000,0.000000,0.000000,0.000000,0.000000
2.5001,-2.239972,-0.124525,0.135502,-0.942478,-0.007934,-0.088398,1,-3.855928,184,0.059180,0.015397,-2.239972,-0.001466,-3.857320,0.135502,-2.240125,-3.848302,0.135502,-0.124525,-0.942478,0.012574,-0.426606,-34.262041,0.009018,-0.001000,0.001103,0.001972,-0.000332,0.001103,0.059180,0.015397,-9.809809,-0.000180,0.000923,-0.943478,-2.402092,0.010267,27.000000,0.013045,-2.240125,-0.001466,-0.123485,-0.942478,0.009000,-0.001000,85,0,1,32,30,0.000883,-0.010484,-0.807908,0.534306,0.179020,10.250957,2.310297,0.010267,0.005791,7,1,0,0.000000,0,-3.855928,0.000000,-0.007934,0,-0.168264,0.000000,-0.088398,-3.855928,-0.168264,1,1,1,1.624066,0.000000,0.000000,0.000000,0.000000,0.000000,0.000000,0.000000
2.5101,-2.240848,-0.133108,0.162845,-0.942478,-0.023349,-0.053256,1,-3.855928,194,0.059960,0.014694,-2.240848,-0.009634,-3.856678,0.162845,-2.241084,-3.847627,0.162845,-0.133108,-0.942478,0.012508,-0.426606,-34.262041,0.009051,0.000000,0.001259,0.002011,-0.000659,0.001259,0.059960,0.014694,-9.809806,-0.022630,-0.009981,-0.942478,-2.410001,0.010212,27.000000,0.013045,-2.241084,-0.009634,-0.131922,-0.942478,0.009000,0.000000,90,0,1,32,30,0.002999,0.014797,-0.779879,0.062678,0.249101,9.198608,2.302388,0.010212,0.005860,7,1,0,0.000000,0,-3.855928,0.000000,-0.023349,0,-0.173995,0.000000,-0.053256,-3.855928,-0.173995,1,1,1,1.624040,0.000000,0.000000,0.000000,0.000000,0.000000,0.000000,0.000000
2.5201,-2.241412,-0.142544,0.168705,-0.942478,-0.033576,-0.019320,1,-3.855928,204,0.058613,0.014413,-2.241412,-0.002513,-3.855279,0.168705,-2.241659,-3.846213,0.168705,-0.142544,-0.942478,0.012403,-0.426606,-34.262041,0.009066,-0.001000,0.001505,0.001990,-0.000110,0.001505,0.058613,0.014413,-9.809814,0.029581,0.028222,-0.943478,-2.418021,0.010100,27.000000,0.013045,-2.241659,-0.002513,-0.141126,-0.942478,0.009000,-0.001000,95,0,1,32,30,0.009472,-0.049378,-0.774220,0.762902,0.230135,9.993218,2.294368,0.010100,0.005706,7,1,0,0.000000,0,-3.855928,0.000000,-0.033576,0,-0.178227,0.000000,-0.019320,-3.855928,-0.178227,1,1,1,1.624007,0.000000,0.000000,0.000000,0.000000,0.000000,0.000000,0.000000
2.5301,-2.240480,-0.149037,0.203252,-0.837758,-0.017408,-0.026230,1,-3.855928,214,0.058310,0.014273,-2.240480,0.007645,-3.855531,0.203252,-2.240701,-3.846381,0.203252,-0.149037,-0.837758,0.012532,-0.426606,-34.262041,0.009150,0.000000,0.001203,0.001965,-0.000206,0.001203,0.058310,0.014273,-9.809816,-0.031820,0.004943,-0.837758,-2.424682,0.010210,27.000000,0.013045,-2.240701,0.007645,-0.148029,-0.837758,0.009000,0.000000,100,0,1,32,30,0.020116,0.017192,-0.634771,0.342858,-0.535655,9.257897,2.287707,0.010210,0.005662,6,1,0,0.000000,0,-3.855928,0.000000,-0.017408,0,-0.180958,0.000000,-0.026230,-3.855928,-0.180958,1,1,1,1.623976,0.000000,0.000000,0.000000,0.000000,0.000000,0.000000,0.000000
2.5401,-2.241697,-0.153270,0.052120,-0.523599,-0.003172,-0.027823,1,-3.855928,224,0.062074,0.012265,-2.241697,-0.008692,-3.856715,0.052120,-2.241755,-3.847708,0.052120,-0.153270,-0.523599,0.012524,-0.426606,-34.262041,0.009006,0.000000,0.001221,0.001999,-0.000342,0.001221,0.062074,0.012265,-9.809796,-0.050704,-0.035191,-0.523599,-2.430247,0.010322,27.000000,0.013045,-2.241755,-0.008692,-0.152631,-0.523599,0.009000,0.000000,105,0,1,32,30,-0.005492,0.055565,-0.472212,0.024613,0.596628,9.709308,2.282142,0.010322,0.006063,7,1,0,0.000000,0,-3.855928,0.000000,-0.003172,0,-0.182190,0.000000,-0.027823,-3.855928,-0.182190,1,1,1,1.623946,0.000000,0.000000,0.000000,0.000000,0.000000,0.000000,0.000000
2.5501,-2.243182,-0.156140,-0.060470,-0.314159,-0.001654,-0.020184,1,-3.855928,234,0.066602,0.013363,-2.243182,-0.013718,-3.857931,-0.060470,-2.243098,-3.848940,-0.060470,-0.156140,-0.314159,0.012446,-0.426606,-34.262041,0.008991,0.000000,0.001403,0.002001,-0.000243,0.001403,0.066602,0.013363,-9.809765,-0.000796,-0.014033,-0.314159,-2.434352,0.010045,27.000000,0.013045,-2.243098,-0.013718,-0.155699,-0.314159,0.009000,0.000000,110,0,1,32,30,-0.011812,0.002956,-0.374695,-0.566556,0.089997,9.665550,2.278037,0.010045,0.006495,6,1,0,0.000000,0,-3.855928,0.000000,-0.001654,0,-0.181921,0.000000,-0.020184,-3.855928,-0.181921,1,1,1,1.623916,0.000000,0.000000,0.000000,0.000000,0.000000,0.000000,0.000000
2.5601,-2.242717,-0.158484,0.003116,-0.314159,-0.000677,-0.002211,1,-3.855928,244,0.065879,0.013112,-2.242717,0.006597,-3.859112,0.003116,-2.242714,-3.850049,0.003116,-0.158484,-0.314159,0.012388,-0.426606,-34.262041,0.009064,0.000000,0.001541,0.002100,0.000319,0.001541,0.065879,0.013112,-9.809770,0.002839,0.017491,-0.314159,-2.437803,0.010008,27.000000,0.013045,-2.242714,0.006597,-0.158000,-0.314159,0.009000,0.000000,115,0,1,32,30,0.013841,-0.014916,-0.310883,0.053494,0.238002,9.322906,2.274586,0.010008,0.006421,6,1,0,0.000000,0,-3.855928,0.000000,-0.000677,0,-0.180153,0.000000,-0.002211,-3.855928,-0.180153,1,1,1,1.623889,0.000000,0.000000,0.000000,0.000000,0.000000,0.000000,0.000000
2.5701,-2.241389,-0.158000,-0.183191,0.000000,0.024497,-0.009924,1,-3.855928,254,0.062337,0.010260,-2.241389,0.017802,-3.861973,-0.183191,-2.241084,-3.853070,-0.183191,-0.158000,0.000000,0.012360,-0.426606,-34.262041,0.008903,0.000000,0.001607,0.002090,0.000638,0.001607,0.062337,0.010260,-9.809797,0.006268,0.026809,0.000000,-2.440339,0.010327,27.000000,0.013045,-2.241084,0.017802,-0.158000,0.000000,0.009000,0.000000,120,0,1,32,30,0.020289,-0.020873,-0.182947,0.503847,0.337534,9.802720,2.272050,0.010327,0.006111,6,1,0,0.000000,0,-3.855928,0.000000,0.024497,0,-0.176884,0.000000,-0.009924,-3.855928,-0.176884,1,1,1,1.623871,0.000000,0.000000,0.000000,0.000000,0.000000,0.000000,0.000000
2.5801,-2.240940,-0.157233,-0.086910,0.000000,0.018205,0.010249,1,-3.855928,8,0.061722,0.010338,-2.240940,0.003560,-3.864015,-0.086910,-2.240797,-3.855063,-0.086910,-0.157233,0.000000,0.012352,-0.426606,-34.262041,0.008952,0.000000,0.001625,0.001923,0.000188,0.001625,0.061722,0.010338,-9.809800,0.018529,-0.020160,0.000000,-2.441565,0.010326,27.000000,0.013045,-2.240797,0.003560,-0.157233,0.000000,0.009000,0.000000,125,0,1,32,30,-0.026659,-0.007325,-0.086826,-0.262095,0.398147,9.506147,2.270824,0.010326,0.006049,7,1,0,0.000000,0,-3.855928,0.000000,0.018205,0,-0.172116,0.000000,0.010249,-3.855928,-0.172116,1,1,1,1.623865,0.000000,0.000000,0.000000,0.000000,0.000000,0.000000,0.000000
2.5901,-2.240450,-0.155699,-0.009189,0.000000,0.022319,0.027048,1,-3.855928,18,0.060250,0.012439,-2.240450,0.005550,-3.866076,-0.009189,-2.240413,-3.857067,-0.009189,-0.155699,0.000000,0.012319,-0.426606,-34.262041,0.009008,0.001000,0.001702,0.001967,0.000513,0.001702,0.060250,0.012439,-9.809807,0.014027,0.009210,0.001000,-2.442032,0.010114,27.000000,0.013045,-2.240413,0.005550,-0.155699,0.000000,0.009000,0.001000,130,0,1,32,30,0.001125,-0.016842,-0.007982,0.400857,0.346586,10.616231,2.270357,0.010114,0.005871,7,1,0,0.000000,0,-3.855928,0.000000,0.022319,0,-0.165847,0.000000,0.027048,-3.855928,-0.165847,1,1,1,1.623867,0.000000,0.000000,0.000000,0.000000,0.000000,0.000000,0.000000
2.6001,-2.236533,-0.152403,-0.123808,0.209440,0.036748,0.033376,1,-3.855928,28,0.060879,0.014187,-2.236533,0.046496,-3.868883,-0.123808,-2.236386,-3.859940,-0.123808,-0.152403,0.209440,0.012581,-0.426606,-34.262041,0.008943,0.001000,0.001088,0.002002,0.001661,0.001088,0.060879,0.014187,-9.809801,-0.026583,0.003442,0.210440,-2.441609,0.010209,27.000000,0.013045,-2.236386,0.046496,-0.152631,0.209440,0.009000,0.001000,135,0,1,32,30,0.016053,0.022555,0.086355,0.217892,-0.146745,9.510555,2.270780,0.010209,0.005915,7,1,0,0.000000,0,-3.855928,0.000000,0.036748,0,-0.158079,0.000000,0.033376,-3.855928,-0.158079,1,1,1,1.623883,0.000000,0.000000,0.000000,0.000000,0.000000,0.000000,0.000000
2.6101,-2.229750,-0.147505,-0.206196,0.418879,0.047611,0.041019,1,-3.855928,38,0.062530,0.012803,-2.229750,0.074142,-3.872146,-0.206196,-2.229388,-3.863239,-0.206196,-0.147505,0.418879,0.012511,-0.426606,-34.262041,0.008908,0.000000,0.001251,0.001973,0.002253,0.001251,0.062530,0.012803,-9.809792,-0.020478,-0.022427,0.418879,-2.440013,0.010283,27.000000,0.013045,-2.229388,0.074142,-0.148029,0.418879,0.009000,0.000000,140,0,1,32,30,-0.009535,0.031493,0.212305,-0.270412,0.317287,9.859436,2.272376,0.010283,0.006113,6,1,0,0.000000,0,-3.855928,0.000000,0.047611,0,-0.148816,0.000000,0.041019,-3.855928,-0.148816,1,1,1,1.623927,0.000000,0.000000,0.000000,0.000000,0.000000,0.000000,0.000000
2.6201,-2.222971,-0.142869,-0.146942,0.418879,0.040622,0.068930,1,-3.855928,48,0.064843,0.013532,-2.222971,0.070058,-3.874308,-0.146942,-2.222772,-3.865405,-0.146942,-0.142869,0.418879,0.012477,-0.426606,-34.262041,0.008903,0.000000,0.001332,0.002106,0.001386,0.001332,0.064843,0.013532,-9.809776,-0.007650,-0.002924,0.418879,-2.437546,0.010170,27.000000,0.013045,-2.222772,0.070058,-0.143427,0.418879,0.009000,0.000000,145,0,1,32,30,0.001177,0.011497,0.271815,-0.373954,0.055758,10.124712,2.274843,0.010170,0.006347,7,1,0,0.000000,0,-3.855928,0.000000,0.040622,0,-0.138218,0.000000,0.068930,-3.855928,-0.138218,1,1,1,1.624006,0.000000,0.000000,0.000000,0.000000,0.000000,0.000000,0.000000
2.6301,-2.215766,-0.137482,-0.043278,0.418879,0.045049,0.083584,1,-3.855928,58,0.065594,0.011967,-2.215766,0.075084,-3.876568,-0.043278,-2.215677,-3.867580,-0.043278,-0.137482,0.418879,0.012458,-0.426606,-34.262041,0.008988,0.001000,0.001375,0.001985,0.001427,0.001375,0.065594,0.011967,-9.809773,-0.021349,0.013929,0.419879,-2.434335,0.010333,27.000000,0.013045,-2.215677,0.075084,-0.138058,0.418879,0.009000,0.001000,150,0,1,32,30,0.022548,0.016580,0.376424,0.007540,0.079094,9.799800,2.278054,0.010333,0.006457,6,1,0,0.000000,0,-3.855928,0.000000,0.045049,0,-0.126641,0.000000,0.083584,-3.855928,-0.126641,1,1,1,1.625145,0.000000,0.000000,0.000000,0.000000,0.000000,0.000000,0.000000
2.6401,-2.207636,-0.130165,-0.105911,0.628319,0.055641,0.080832,1,-3.855928,68,0.067020,0.008091,-2.207636,0.089431,-3.879218,-0.105911,-2.207432,-3.870275,-0.105911,-0.130165,0.628319,0.012373,-0.426606,-34.262041,0.008944,0.002000,0.001576,0.002015,0.001638,0.001576,0.067020,0.008091,-9.809768,-0.041314,0.000436,0.630319,-2.429717,0.010668,27.000000,0.013045,-2.207432,0.089431,-0.131155,0.628319,0.009000,0.002000,155,0,1,32,30,0.020430,0.042398,0.523923,-0.260394,0.192869,9.867763,2.282672,0.010668,0.006667,7,1,0,0.000000,0,-3.855928,0.000000,0.055641,0,-0.114395,0.000000,0.080832,-3.855928,-0.114395,1,1,1,1.630707,0.000000,0.000000,0.000000,0.000000,0.000000,0.000000,0.000000
2.6501,-2.199483,-0.123281,-0.000025,0.628319,0.039839,0.101662,1,-3.855928,78,0.071399,0.006685,-2.199483,0.081263,-3.880279,-0.000025,-2.199475,-3.871204,-0.000025,-0.123281,0.628319,0.012385,-0.426606,-34.262041,0.009076,0.001000,0.001546,0.002124,0.001465,0.001546,0.071399,0.006685,-9.809738,-0.044572,-0.023255,0.629319,-2.423768,0.010814,27.000000,0.013045,-2.199475,0.081263,-0.124252,0.628319,0.009000,0.001000,160,0,1,32,30,0.001233,0.058049,0.628623,-0.749296,0.414770,9.687836,2.288621,0.010814,0.007140,7,1,0,0.000000,0,-3.855928,0.000000,0.039839,0,-0.101667,0.000000,0.101662,-3.855928,-0.101667,1,1,1,1.635562,0.000000,0.000000,0.000000,0.000000,0.000000,0.000000,0.000000
2.6601,-2.196912,-0.115786,0.062946,0.628319,0.046404,0.109205,1,-3.855928,88,0.077004,0.007870,-2.196912,0.020944,-3.881560,0.062946,-2.196982,-3.872525,0.062946,-0.115786,0.628319,0.012504,-0.426606,-34.262041,0.009035,0.002000,0.001268,0.001992,-0.000236,0.001268,0.077004,0.007870,-9.809695,-0.037721,-0.031912,0.630319,-2.417601,0.010800,27.000000,0.013045,-2.196982,0.020944,-0.116582,0.628319,0.009000,0.002000,165,0,1,32,30,-0.009421,0.057168,0.692604,-0.861411,0.327726,10.538656,2.294788,0.010800,0.007705,7,1,0,0.000000,0,-3.855928,0.000000,0.046404,0,-0.088674,0.000000,0.109205,-3.855928,-0.088674,1,1,1,1.637424,0.000000,0.000000,0.000000,0.000000,0.000000,0.000000,0.000000
2.6701,-2.197896,-0.108558,0.026872,0.837758,0.024834,0.125008,1,-3.855928,98,0.081299,0.006325,-2.197896,-0.006597,-3.880832,0.026872,-2.197941,-3.871828,0.026872,-0.108558,0.837758,0.012474,-0.426606,-34.262041,0.009004,0.003000,0.001339,0.002049,-0.000331,0.001339,0.081299,0.006325,-9.809661,-0.025676,-0.000833,0.840758,-2.409683,0.010935,27.000000,0.013045,-2.197941,-0.006597,-0.109679,0.837758,0.009000,0.003000,170,0,1,32,30,0.012002,0.033535,0.867280,-0.816952,0.050772,8.956782,2.302706,0.010935,0.008169,7,1,0,0.000000,0,-3.855928,0.000000,0.024834,0,-0.075547,0.000000,0.125008,-3.855928,-0.075547,1,1,1,1.637580,0.000000,0.000000,0.000000,0.000000,0.000000,0.000000,0.000000
2.6801,-2.197569,-0.098814,0.180902,0.837758,0.039810,0.105356,1,-3.855928,108,0.082186,0.006046,-2.197569,0.004503,-3.881712,0.180902,-2.197749,-3.872496,0.180902,-0.098814,0.837758,0.012589,-0.426606,-34.262041,0.009216,0.002000,0.001068,0.001861,-0.000169,0.001068,0.082186,0.006046,-9.809654,-0.006969,0.017323,0.839758,-2.400609,0.011149,27.000000,0.013045,-2.197749,0.004503,-0.099709,0.837758,0.009000,0.002000,175,0,1,32,30,0.018475,0.010142,1.020613,-0.098596,0.318675,9.754287,2.311780,0.011149,0.008277,7,1,0,0.000000,0,-3.855928,0.000000,0.039810,0,-0.062525,0.000000,0.105356,-3.855928,-0.062525,1,1,1,1.637729,0.000000,0.000000,0.000000,0.000000,0.000000,0.000000,0.000000
2.6901,-2.197589,-0.087188,0.157506,1.047198,0.029992,0.084695,1,-3.855928,118,0.084214,0.002132,-2.197589,-0.002513,-3.881266,0.157506,-2.197845,-3.872234,0.157506,-0.087188,1.047198,0.012319,-0.426606,-34.262041,0.009032,0.000000,0.001703,0.001988,-0.000344,0.001703,0.084214,0.002132,-9.809638,-0.017300,-0.011188,1.047198,-2.388725,0.011354,27.000000,0.013045,-2.197845,-0.002513,-0.088971,1.047198,0.009000,0.000000,180,0,1,32,30,-0.000709,0.035429,1.204358,-1.073313,0.579287,10.292216,2.323664,0.011354,0.008534,7,1,0,0.000000,0,-3.855928,0.000000,0.029992,0,-0.049889,0.000000,0.084695,-3.855928,-0.049889,1,1,1,1.638110,0.000000,0.000000,0.000000,0.000000,0.000000,0.000000,0.000000
2.7001,-2.197786,-0.075312,0.267821,1.047198,0.025111,0.075531,1,-3.855928,128,0.085802,0.003313,-2.197786,-0.000419,-3.880913,0.267821,-2.198132,-3.871609,0.267821,-0.075312,1.047198,0.012480,-0.426606,-34.262041,0.009305,-0.004000,0.001324,0.002150,-0.000454,0.001324,0.085802,0.003313,-9.809624,-0.001517,-0.006725,1.043198,-2.376227,0.011485,27.000000,0.013045,-2.198132,-0.000419,-0.076699,1.047198,0.009000,-0.004000,185,0,1,32,30,-0.004932,0.021177,1.310856,-0.586956,0.293380,9.457031,2.336162,0.011485,0.008697,7,1,0,0.000000,0,-3.855928,0.000000,0.025111,0,-0.037936,0.000000,0.075531,-3.855928,-0.037936,1,1,1,1.638257,0.000000,0.000000,0.000000,0.000000,0.000000,0.000000,0.000000
2.7101,-2.197488,-0.062660,0.124690,1.256637,0.024266,0.054269,1,-3.855928,138,0.085705,0.002985,-2.197488,0.002513,-3.880058,0.124690,-2.197653,-3.871017,0.124690,-0.062660,1.256637,0.012445,-0.426606,-34.262041,0.009041,-0.007000,0.001406,0.001991,-0.000338,0.001406,0.085705,0.002985,-9.809625,0.021072,0.012603,1.249637,-2.362984,0.011594,27.000000,0.013045,-2.197653,0.002513,-0.064427,1.256637,0.009000,-0.007000,190,0,1,32,30,-0.000614,-0.007441,1.374527,-0.317948,0.268980,9.897201,2.349405,0.011594,0.008701,7,1,0,0.000000,0,-3.855928,0.000000,0.024266,0,-0.026991,0.000000,0.054269,-3.855928,-0.026991,1,1,1,1.638406,0.000000,0.000000,0.000000,0.000000,0.000000,0.000000,0.000000
2.7201,-2.197629,-0.049687,0.176123,1.256637,0.017549,0.030485,1,-3.855928,148,0.084044,0.003237,-2.197629,-0.000419,-3.879011,0.176123,-2.197845,-3.869965,0.176123,-0.049687,1.256637,0.012468,-0.426606,-34.262041,0.009046,-0.007000,0.001353,0.002163,-0.000456,0.001353,0.084044,0.003237,-9.809639,0.015422,0.004219,1.249637,-2.348958,0.011712,27.000000,0.013045,-2.197845,-0.000419,-0.051388,1.256637,0.009000,-0.007000,195,0,1,32,30,-0.004879,0.002551,1.425839,-0.250443,0.012257,9.779819,2.363431,0.011712,0.008541,7,1,0,0.000000,0,-3.855928,0.000000,0.017549,0,-0.017423,0.000000,0.030485,-3.855928,-0.017423,1,1,1,1.638550,0.000000,0.000000,0.000000,0.000000,0.000000,0.000000,0.000000
2.7301,-2.197346,-0.037416,0.268861,1.151917,0.002692,0.014092,1,-3.855928,158,0.083683,0.004286,-2.197346,-0.000419,-3.877098,0.268861,-2.197749,-3.867850,0.268861,-0.037416,1.151917,0.012415,-0.426606,-34.262041,0.009249,-0.003000,0.001477,0.001949,-0.000614,0.001477,0.083683,0.004286,-9.809642,0.007513,-0.026554,1.148917,-2.334570,0.011659,27.000000,0.013045,-2.197749,-0.000419,-0.039116,1.151917,0.009000,-0.003000,200,0,1,32,30,-0.026252,0.026109,1.417563,0.245182,0.264316,9.524275,2.377819,0.011659,0.008509,8,1,0,0.000000,0,-3.855928,0.000000,0.002692,0,-0.009354,0.000000,0.014092,-3.855928,-0.009354,1,1,1,1.638689,0.000000,0.000000,0.000000,0.000000,0.000000,0.000000,0.000000
2.7401,-2.197049,-0.026239,0.313406,1.047198,-0.008004,0.000825,1,-3.855928,168,0.083556,0.006899,-2.197049,0.003560,-3.874384,0.313406,-2.197461,-3.865196,0.313406,-0.026239,1.047198,0.012486,-0.426606,-34.262041,0.009188,0.003000,0.001311,0.002000,-0.000497,0.001311,0.083556,0.006899,-9.809642,0.028240,0.005644,1.050198,-2.320737,0.011559,27.000000,0.013045,-2.197461,0.003560,-0.027611,1.047198,0.009000,0.003000,4,0,1,32,30,-0.011288,-0.009467,1.363828,0.332882,-0.166632,9.577423,2.391652,0.011559,0.008497,7,1,0,0.000000,0,-3.855928,0.000000,-0.008004,0,-0.002785,0.000000,0.000825,-3.855928,-0.002785,1,1,1,1.638819,0.000000,0.000000,0.000000,0.000000,0.000000,0.000000,0.000000
2.7501,-2.197407,-0.015628,0.322786,0.942478,-0.011285,-0.019594,1,-3.855928,178,0.081487,0.006711,-2.197407,-0.002513,-3.871891,0.322786,-2.197845,-3.862711,0.322786,-0.015628,0.942478,0.012481,-0.426606,-34.262041,0.009180,0.005000,0.001322,0.002017,-0.000740,0.001322,0.081487,0.006711,-9.809659,-0.006745,0.017920,0.947478,-2.307640,0.011667,27.000000,0.013045,-2.197845,-0.002513,-0.016874,0.942478,0.009000,0.005000,9,0,1,32,30,0.018547,0.011099,1.270224,0.475553,0.232219,9.811213,2.404749,0.011667,0.008296,7,1,0,0.000000,0,-3.855928,0.000000,-0.011285,0,0.002284,0.000000,-0.019594,-3.855928,0.002284,1,1,1,1.638941,0.000000,0.000000,0.000000,0.000000,0.000000,0.000000,0.000000
2.7601,-2.198376,-0.006690,0.333975,0.837758,-0.021601,-0.028608,1,-3.855928,188,0.080457,0.006392,-2.198376,-0.008692,-3.868876,0.333975,-2.198708,-3.859780,0.333975,-0.006690,0.837758,0.012546,-0.426606,-34.262041,0.009096,0.005000,0.001170,0.002000,-0.000665,0.001170,0.080457,0.006392,-9.809668,-0.011748,-0.001398,0.842758,-2.295771,0.011839,27.000000,0.013045,-2.198708,-0.008692,-0.007670,0.837758,0.009000,0.005000,14,0,1,32,30,0.005697,0.025131,1.176510,0.111737,0.234145,9.638729,2.416618,0.011839,0.008198,6,1,0,0.000000,0,-3.855928,0.000000,-0.021601,0,0.005853,0.000000,-0.028608,-3.855928,0.005853,1,1,1,1.639052,0.000000,0.000000,0.000000,0.000000,0.000000,0.000000,0.000000
2.7701,-2.199925,0.001234,0.281652,0.733038,-0.034031,-0.044371,1,-3.855928,198,0.081565,0.005060,-2.199925,-0.017802,-3.865460,0.281652,-2.200433,-3.856302,0.281652,0.001234,0.733038,0.012327,-0.426606,-34.262041,0.009158,0.000000,0.001683,0.001952,-0.001119,0.001683,0.081565,0.005060,-9.809660,-0.001835,-0.026060,0.733038,-2.284371,0.011821,27.000000,0.013045,-2.200433,-0.017802,0.000000,0.733038,0.009000,0.000000,19,0,1,32,30,-0.019970,0.029349,1.014406,0.313343,-0.023567,9.607559,2.428018,0.011821,0.008316,7,1,0,0.000000,0,-3.855928,0.000000,-0.034031,0,0.007988,0.000000,-0.044371,-3.855928,0.007988,1,1,1,1.639151,0.000000,0.000000,0.000000,0.000000,0.000000,0.000000,0.000000
2.7801,-2.202586,0.006779,0.337250,0.523599,-0.040618,-0.040596,1,-3.855928,208,0.082550,0.006597,-2.202586,-0.028065,-3.862146,0.337250,-2.203022,-3.852855,0.337250,0.006779,0.523599,0.012521,-0.426606,-34.262041,0.009291,-0.002000,0.001227,0.001978,-0.001258,0.001227,0.082550,0.006597,-9.809650,-0.020795,0.007497,0.521599,-2.275380,0.011906,27.000000,0.013045,-2.203022,-0.028065,0.006136,0.523599,0.009000,-0.002000,24,0,1,32,30,0.018414,0.022982,0.858629,0.141244,0.230508,9.935394,2.437009,0.011906,0.008420,7,1,0,0.000000,0,-3.855928,0.000000,-0.040618,0,0.009024,0.000000,-0.040596,-3.855928,0.009024,1,1,1,1.639224,0.000000,0.000000,0.000000,0.000000,0.000000,0.000000,0.000000
2.7901,-2.207324,0.010452,0.386256,0.314159,-0.056733,-0.035555,1,-3.855928,218,0.082354,0.003700,-2.207324,-0.052674,-3.857910,0.386256,-2.207911,-3.848640,0.386256,0.010452,0.314159,0.012391,-0.426606,-34.262041,0.009271,-0.004000,0.001532,0.002004,-0.001585,0.001532,0.082354,0.003700,-9.809654,-0.009732,0.010333,0.310159,-2.267492,0.012102,27.000000,0.013045,-2.207911,-0.052674,0.009971,0.314159,0.009000,-0.004000,29,0,1,32,30,0.014111,0.010166,0.696343,0.495826,-0.092995,9.817529,2.444897,0.012102,0.008399,7,1,0,0.000000,0,-3.855928,0.000000,-0.056733,0,0.009361,0.000000,-0.035555,-3.855928,0.009361,1,1,1,1.639278,0.000000,0.000000,0.000000,0.000000,0.000000,0.000000,0.000000
2.8001,-2.215776,0.012622,0.382672,0.209440,-0.065641,-0.027775,1,-3.855928,228,0.083482,0.001673,-2.215776,-0.088383,-3.853589,0.382672,-2.216444,-3.844384,0.382672,0.012622,0.209440,0.012332,-0.426606,-34.262041,0.009205,-0.004000,0.001670,0.001962,-0.001670,0.001670,0.083482,0.001673,-9.809645,-0.022027,-0.010038,0.205440,-2.261070,0.012269,27.000000,0.013045,-2.216444,-0.088383,0.012272,0.209440,0.009000,-0.004000,34,0,1,32,30,0.005519,0.030820,0.587776,0.369826,0.262852,9.648756,2.451319,0.012269,0.008512,6,1,0,0.000000,0,-3.855928,0.000000,-0.065641,0,0.009398,0.000000,-0.027775,-3.855928,0.009398,1,1,1,1.639290,0.000000,0.000000,0.000000,0.000000,0.000000,0.000000,0.000000
2.8101,-2.228369,0.014573,0.497227,0.000000,-0.060942,-0.028215,1,-3.855928,238,0.084659,0.002415,-2.228369,-0.127339,-3.850595,0.497227,-2.228908,-3.841230,0.497227,0.014573,0.000000,0.012585,-0.426606,-34.262041,0.009366,-0.001000,0.001079,0.002013,-0.003538,0.001079,0.084659,0.002415,-9.809634,-0.026258,0.005229,-0.001000,-2.255968,0.012464,27.000000,0.013045,-2.228908,-0.127339,0.014573,0.000000,0.009000,-0.001000,39,0,1,32,30,0.020442,0.023534,0.495970,0.123021,0.188833,10.212507,2.456421,0.012464,0.008633,7,1,0,0.000000,0,-3.855928,0.000000,-0.060942,0,0.009535,0.000000,-0.028215,-3.855928,0.009535,1,1,1,1.639258,0.000000,0.000000,0.000000,0.000000,0.000000,0.000000,0.000000
2.8201,-2.246714,0.014573,0.442449,0.000000,-0.086331,-0.002424,1,-3.855928,248,0.084877,-0.000051,-2.246714,-0.188705,-3.845813,0.442449,-2.247220,-3.836485,0.442449,0.014573,0.000000,0.012553,-0.426606,-34.262041,0.009328,0.000000,0.001154,0.001986,-0.003292,0.001154,0.084877,-0.000051,-9.809633,-0.012603,0.016108,0.000000,-2.251225,0.012683,27.000000,0.013045,-2.247220,-0.188705,0.014573,0.000000,0.009000,0.000000,44,0,1,32,30,0.020445,0.005010,0.442421,0.436969,0.299604,9.773584,2.461164,0.012683,0.008652,7,1,0,0.000000,0,-3.855928,0.000000,-0.086331,0,0.010173,0.000000,-0.002424,-3.855928,0.010173,1,1,1,1.639159,0.000000,0.000000,0.000000,0.000000,0.000000,0.000000,0.000000
2.8301,-2.264720,0.017157,0.323291,0.209440,-0.064338,-0.021634,1,-3.855928,2,0.079516,-0.002388,-2.264720,-0.163049,-3.843540,0.323291,-2.265245,-3.834364,0.323291,0.017157,0.209440,0.012468,-0.426606,-34.262041,0.009176,0.002000,0.001353,0.002018,-0.003081,0.001353,0.079516,-0.002388,-9.809677,0.040165,0.056076,0.211440,-2.246514,0.012850,27.000000,0.013045,-2.265245,-0.163049,0.016874,0.209440,0.009000,0.002000,49,0,1,32,30,0.016272,-0.060357,0.535524,2.033043,0.360073,9.593392,2.465875,0.012850,0.008101,6,1,0,0.000000,0,-3.855928,0.000000,-0.064338,0,0.011687,0.000000,-0.021634,-3.855928,0.011687,1,1,1,1.630824,0.000000,0.000000,0.000000,0.000000,0.000000,0.000000,0.000000
2.8401,-2.264483,0.022266,0.089836,0.523599,-0.056836,-0.043036,1,-3.855928,12,0.073852,-0.005658,-2.264483,-0.001466,-3.842338,0.089836,-2.264669,-3.833222,0.089836,0.022266,0.523599,0.012402,-0.426606,-34.262041,0.009116,-0.002000,0.001508,0.002020,0.000130,0.001508,0.073852,-0.005658,-9.809720,-0.030148,0.009399,0.521599,-2.240258,0.013145,27.000000,0.013045,-2.264669,-0.001466,0.021476,0.523599,0.009000,-0.002000,54,0,1,32,30,0.026879,0.024158,0.611182,1.172872,0.593357,10.025846,2.472131,0.013145,0.007514,7,1,0,0.000000,0,-3.855928,0.000000,-0.056836,0,0.014121,0.000000,-0.043036,-3.855928,0.014121,1,1,1,1.629637,0.000000,0.000000,0.000000,0.000000,0.000000,0.000000,0.000000
2.8501,-2.263512,0.029206,-0.015943,0.523599,-0.028767,-0.061627,1,-3.855928,22,0.078153,-0.005660,-2.263512,0.005550,-3.843619,-0.015943,-2.263519,-3.834609,-0.015943,0.029206,0.523599,0.012371,-0.426606,-34.262041,0.009010,-0.010000,0.001580,0.001965,-0.000043,0.001580,0.078153,-0.005660,-9.809687,-0.068591,-0.038929,0.513599,-2.234710,0.013180,27.000000,0.013045,-2.263519,0.005550,0.028379,0.523599,0.009000,-0.010000,59,0,1,32,30,0.016109,0.083356,0.496662,0.292607,0.473173,9.650820,2.477678,0.013180,0.007947,7,1,0,0.000000,0,-3.855928,0.000000,-0.028767,0,0.017283,0.000000,-0.061627,-3.855928,0.017283,1,1,1,1.629467,0.000000,0.000000,0.000000,0.000000,0.000000,0.000000,0.000000
2.8601,-2.264013,0.034193,-0.082317,0.418879,-0.028752,-0.040220,1,-3.855928,32,0.083431,-0.002197,-2.264013,-0.003560,-3.844671,-0.082317,-2.263902,-3.835766,-0.082317,0.034193,0.418879,0.012591,-0.426606,-34.262041,0.008905,-0.015000,0.001064,0.002083,0.000286,0.001064,0.083431,-0.002197,-9.809645,0.009169,-0.058868,0.403879,-2.230887,0.013105,27.000000,0.013045,-2.263902,-0.003560,0.033748,0.418879,0.009000,-0.015000,64,0,1,32,30,-0.050066,0.036341,0.321130,-0.375897,-0.152149,9.146438,2.481502,0.013105,0.008493,7,1,0,0.000000,0,-3.855928,0.000000,-0.028752,0,0.020906,0.000000,-0.040220,-3.855928,0.020906,1,1,1,1.629311,0.000000,0.000000,0.000000,0.000000,0.000000,0.000000,0.000000
2.8701,-2.263874,0.037946,-0.151850,0.314159,-0.021936,-0.026523,1,-3.855928,42,0.082310,0.000616,-2.263874,0.005550,-3.847278,-0.151850,-2.263711,-3.837298,-0.151850,0.037946,0.314159,0.012552,-0.426606,-34.262041,0.009979,-0.004000,0.001157,0.001989,0.000602,0.001157,0.082310,0.000616,-9.809655,0.038546,-0.024077,0.310159,-2.228662,0.012807,27.000000,0.013045,-2.263711,0.005550,0.037583,0.314159,0.010000,-0.004000,69,0,1,32,30,-0.043660,-0.010635,0.158455,0.924416,0.347794,9.764815,2.483727,0.012807,0.008388,7,1,0,0.000000,0,-3.855928,0.000000,-0.021936,0,0.024663,0.000000,-0.026523,-3.855928,0.024663,1,1,1,1.629152,0.000000,0.000000,0.000000,0.000000,0.000000,0.000000,0.000000
2.8801,-2.263135,0.040907,-0.164205,0.209440,-0.013101,-0.017452,1,-3.855928,52,0.082492,0.003293,-2.263135,0.008692,-3.849242,-0.164205,-2.262944,-3.839312,-0.164205,0.040907,0.209440,0.012523,-0.426606,-34.262041,0.009930,0.007000,0.001224,0.002137,0.000385,0.001224,0.082492,0.003293,-9.809653,-0.005084,-0.011702,0.216440,-2.227712,0.012531,27.000000,0.013045,-2.262944,0.008692,0.040651,0.209440,0.010000,0.007000,74,0,1,32,30,-0.005292,0.012262,0.052085,0.277714,0.011851,10.612787,2.484677,0.012531,0.008416,6,1,0,0.000000,0,-3.855928,0.000000,-0.013101,0,0.028384,0.000000,-0.017452,-3.855928,0.028384,1,1,1,1.629003,0.000000,0.000000,0.000000,0.000000,0.000000,0.000000,0.000000
2.8901,-2.263660,0.043399,-0.375025,0.314159,-0.002733,-0.011993,1,-3.855928,62,0.085724,0.002817,-2.263660,0.000419,-3.851619,-0.375025,-2.263135,-3.841853,-0.375025,0.043399,0.314159,0.012437,-0.426606,-34.262041,0.009766,0.016000,0.001425,0.001948,0.000486,0.001425,0.085724,0.002817,-9.809625,-0.051331,-0.024952,0.330159,-2.227766,0.012529,27.000000,0.013045,-2.263135,0.000419,0.042952,0.314159,0.010000,0.016000,79,0,1,32,30,0.015981,0.054230,-0.045543,0.237950,0.027991,10.076979,2.484623,0.012529,0.008743,7,1,0,0.000000,0,-3.855928,0.000000,-0.002733,0,0.031964,0.000000,-0.011993,-3.855928,0.031964,1,1,1,1.628862,0.000000,0.000000,0.000000,0.000000,0.000000,0.000000,0.000000
2.9001,-2.263184,0.044486,-0.113031,0.000000,-0.006986,0.000827,1,-3.855928,72,0.088893,0.001441,-2.263184,0.000419,-3.852606,-0.113031,-2.263040,-3.843617,-0.113031,0.044486,0.000000,0.012455,-0.426606,-34.262041,0.008989,0.018000,0.001384,0.001991,0.000092,0.001384,0.088893,0.001441,-9.809597,-0.027539,0.016814,0.018000,-2.228448,0.012710,27.000000,0.013045,-2.263040,0.000419,0.044486,0.000000,0.009000,0.018000,84,0,1,32,30,0.030957,0.007912,-0.095137,-0.078891,0.165459,9.771901,2.483941,0.012710,0.009060,6,1,0,0.000000,0,-3.855928,0.000000,-0.006986,0,0.035025,0.000000,0.000827,-3.855928,0.035025,1,1,1,1.628730,0.000000,0.000000,0.000000,0.000000,0.000000,0.000000,0.000000
2.9101,-2.262634,0.045253,-0.129060,0.000000,-0.002275,-0.002393,1,-3.855928,82,0.087901,-0.001454,-2.262634,0.006597,-3.854429,-0.129060,-2.262464,-3.845479,-0.129060,0.045253,0.000000,0.012454,-0.426606,-34.262041,0.008950,0.010000,0.001386,0.001996,0.000358,0.001386,0.087901,-0.001454,-9.809606,-0.006283,0.027481,0.010000,-2.229545,0.013007,27.000000,0.013045,-2.262464,0.006597,0.045253,0.000000,0.009000,0.010000,89,0,1,32,30,0.024571,-0.015301,-0.118879,0.637952,0.138808,9.638114,2.482844,0.013007,0.008945,7,1,0,0.000000,0,-3.855928,0.000000,-0.002275,0,0.037169,0.000000,-0.002393,-3.855928,0.037169,1,1,1,1.628604,0.000000,0.000000,0.000000,0.000000,0.000000,0.000000,0.000000
2.9201,-2.261499,0.046020,-0.144768,0.000000,0.003712,-0.012423,1,-3.855928,92,0.087855,-0.003796,-2.261499,0.013718,-3.856445,-0.144768,-2.261314,-3.847530,-0.144768,0.046020,0.000000,0.012454,-0.426606,-34.262041,0.008915,-0.001000,0.001386,0.002016,0.000452,0.001386,0.087855,-0.003796,-9.809606,-0.026905,-0.014359,-0.001000,-2.230831,0.013252,27.000000,0.013045,-2.261314,0.013718,0.046020,0.000000,0.009000,-0.001000,94,0,1,32,30,0.007441,0.027758,-0.146125,0.264666,0.695811,10.208123,2.481558,0.013252,0.008929,7,1,0,0.000000,0,-3.855928,0.000000,0.003712,0,0.038248,0.000000,-0.012423,-3.855928,0.038248,1,1,1,1.628487,0.000000,0.000000,0.000000,0.000000,0.000000,0.000000,0.000000
2.9301,-2.261005,0.046020,-0.162518,0.000000,0.002800,-0.011269,1,-3.855928,102,0.090385,-0.003521,-2.261005,0.002513,-3.858060,-0.162518,-2.260739,-3.849163,-0.162518,0.046020,0.000000,0.012331,-0.426606,-34.262041,0.008897,-0.011000,0.001674,0.002018,0.000314,0.001674,0.090385,-0.003521,-9.809583,-0.008727,-0.035327,-0.011000,-2.232466,0.013113,27.000000,0.013045,-2.260739,0.002513,0.046020,0.000000,0.009000,-0.011000,99,0,1,32,30,-0.020318,0.028047,-0.173877,-0.040454,0.004575,9.636323,2.479923,0.013113,0.009188,6,1,0,0.000000,0,-3.855928,0.000000,0.002800,0,0.038604,0.000000,-0.011269,-3.855928,0.038604,1,1,1,1.628377,0.000000,0.000000,0.000000,0.000000,0.000000,0.000000,0.000000
2.9401,-2.260664,0.044899,-0.020864,-0.209440,-0.001858,-0.000978,1,-3.855928,112,0.091938,-0.000978,-2.260664,0.002513,-3.859148,-0.020864,-2.260643,-3.850136,-0.020864,0.044899,-0.209440,0.012324,-0.426606,-34.262041,0.009012,-0.014000,0.001691,0.002001,0.000286,0.001691,0.091938,-0.000978,-9.809569,0.005440,-0.028226,-0.223440,-2.234559,0.012843,27.000000,0.013045,-2.260643,0.002513,0.045253,-0.209440,0.009000,-0.014000,104,0,1,32,30,-0.024590,0.011875,-0.244468,0.159538,0.168297,9.551965,2.477830,0.012843,0.009359,6,1,0,0.000000,0,-3.855928,0.000000,-0.001858,0,0.038638,0.000000,-0.000978,-3.855928,0.038638,1,1,1,1.628276,0.000000,0.000000,0.000000,0.000000,0.000000,0.000000,0.000000
2.9501,-2.260565,0.044325,-0.137251,-0.104720,0.011682,-0.005625,1,-3.855928,122,0.091977,0.001193,-2.260565,0.002513,-3.860976,-0.137251,-2.260355,-3.852075,-0.137251,0.044325,-0.104720,0.012391,-0.426606,-34.262041,0.008901,-0.007000,0.001533,0.002165,0.000270,0.001533,0.091977,0.001193,-9.809569,0.012268,-0.010529,-0.111720,-2.237070,0.012685,27.000000,0.013045,-2.260355,0.002513,0.044486,-0.104720,0.009000,-0.007000,109,0,1,32,30,-0.016035,-0.005140,-0.248926,0.134123,-0.204027,10.275559,2.475319,0.012685,0.009373,7,1,0,0.000000,0,-3.855928,0.000000,0.011682,0,0.038639,0.000000,-0.005625,-3.855928,0.038639,1,1,1,1.628179,0.000000,0.000000,0.000000,0.000000,0.000000,0.000000,0.000000
2.9601,-2.260092,0.042855,-0.135683,-0.104720,0.002157,0.006264,1,-3.855928,132,0.093696,0.003994,-2.260092,0.002513,-3.861822,-0.135683,-2.259972,-3.852897,-0.135683,0.042855,-0.104720,0.012653,-0.426606,-34.262041,0.008925,0.003000,0.000919,0.002161,0.000302,0.000919,0.093696,0.003994,-9.809552,-0.033193,-0.014130,-0.101720,-2.239364,0.012655,27.000000,0.013045,-2.259972,0.002513,0.042952,-0.104720,0.009000,0.003000,114,0,1,32,30,0.011680,0.031126,-0.237815,-0.155066,0.051027,9.741990,2.473025,0.012655,0.009561,7,1,0,0.000000,0,-3.855928,0.000000,0.002157,0,0.038639,0.000000,0.006264,-3.855928,0.038639,1,1,1,1.628095,0.000000,0.000000,0.000000,0.000000,0.000000,0.000000,0.000000
2.9701,-2.259941,0.041942,-0.051112,-0.209440,0.012714,0.002532,1,-3.855928,142,0.096466,0.001837,-2.259941,0.001466,-3.863476,-0.051112,-2.259876,-3.854461,-0.051112,0.041942,-0.209440,0.012550,-0.426606,-34.262041,0.009014,0.010000,0.001160,0.002146,0.000200,0.001160,0.096466,0.001837,-9.809526,-0.030889,0.005205,-0.199440,-2.241847,0.012775,27.000000,0.013045,-2.259876,0.001466,0.042185,-0.209440,0.009000,0.010000,119,0,1,32,30,0.024499,0.016374,-0.250777,-0.204038,0.282138,9.610294,2.470542,0.012775,0.009834,6,1,0,0.000000,0,-3.855928,0.000000,0.012714,0,0.038639,0.000000,0.002532,-3.855928,0.038639,1,1,1,1.628008,0.000000,0.000000,0.000000,0.000000,0.000000,0.000000,0.000000
2.9801,-2.258841,0.040376,-0.027709,-0.209440,0.006605,0.012187,1,-3.855928,152,0.099102,-0.001647,-2.258841,0.010681,-3.864263,-0.027709,-2.258821,-3.855256,-0.027709,0.040376,-0.209440,0.012485,-0.426606,-34.262041,0.009007,0.010000,0.001313,0.001993,0.000333,0.001313,0.099102,-0.001647,-9.809499,-0.027398,0.005541,-0.199440,-2.244214,0.013060,27.000000,0.013045,-2.258821,0.010681,0.040651,-0.209440,0.009000,0.010000,124,0,1,32,30,0.022374,0.013919,-0.227340,-0.585553,0.174159,9.819510,2.468175,0.013060,0.010088,7,1,0,0.000000,0,-3.855928,0.000000,0.006605,0,0.038639,0.000000,0.012187,-3.855928,0.038639,1,1,1,1.627929,0.000000,0.000000,0.000000,0.000000,0.000000,0.000000,0.000000
2.9901,-2.258284,0.039736,-0.091729,-0.104720,0.017069,0.004201,1,-3.855928,162,0.099542,-0.003806,-2.258284,0.007645,-3.865749,-0.091729,-2.258150,-3.856791,-0.091729,0.039736,-0.104720,0.012444,-0.426606,-34.262041,0.008958,0.003000,0.001409,0.001985,0.000222,0.001409,0.099542,-0.003806,-9.809494,-0.008285,0.011186,-0.101720,-2.246390,0.013234,27.000000,0.013045,-2.258150,0.007645,0.039884,-0.104720,0.009000,0.003000,129,0,1,32,30,0.013864,-0.003654,-0.193418,-0.013095,0.735441,10.083925,2.465999,0.013234,0.010125,7,1,0,0.000000,0,-3.855928,0.000000,0.017069,0,0.038639,0.000000,0.004201,-3.855928,0.038639,1,1,1,1.627857,0.000000,0.000000,0.000000,0.000000,0.000000,0.000000,0.000000
