t,theta_big,theta_small,dtheta_big,dtheta_small,tau_big,tau_small,axis,held_target,mcu2_seq,gravity_ax,gravity_ay,theta_big_motor,dtheta_big_motor,theta_big_platform,dtheta_big_platform,theta_big_motor_meas,platform_azimuth,platform_rate,small_joint_angle_est,small_joint_rate_est,pitch_joint_angle,pitch_joint_rate,pitch_acc,chassis_azimuth,chassis_yaw_rate,big_enc_age,big_sample_interval,big_enc_innovation,chassis_imu_age,gravity_a_x,gravity_a_y,gravity_a_z,base_omega_x,base_omega_y,base_omega_z,los_azimuth,los_elevation,mcu_bullet_velocity,mcu_pitch_angle,mcu_yaw_big_angle,mcu_yaw_big_omega,mcu_yaw_small_angle,mcu_yaw_small_omega,mcu_chassis_imu_yaw,mcu_chassis_imu_omega,mcu_mark,mcu_color,mcu_auto_aim_switch,mcu_temp_big,mcu_temp_small,imu_gx,imu_gy,imu_gz,imu_ax,imu_ay,imu_az,imu_euler_yaw,imu_euler_pitch,imu_euler_roll,imu_dt_one_tenth_ms,tx_auto_aim_enable,tx_fire,tx_pitch_target_angle,tx_yaw_big_mode,tx_yaw_big_target_angle,tx_yaw_big_target_velocity,tx_yaw_big_torque,tx_yaw_small_mode,tx_yaw_small_target_angle,tx_yaw_small_target_velocity,tx_yaw_small_torque,target_big,target_small,est_valid,mcu_valid,imu_valid,backlash_center,backlash_beta_true,theta_true_motor,theta_true_platform,theta_true_small,dtheta_true_motor,dtheta_true_platform,dtheta_true_small
0.0002,3.865781,0.012272,-0.001282,0.000000,0.050853,0.000000,1,1.310120,34,0.074621,0.008594,3.865781,0.001466,3.239742,-0.001282,3.865786,3.222738,-0.001282,0.012272,0.000000,0.012587,-0.396332,-29.728302,-0.017004,0.000000,0.001155,0.002029,0.000008,0.001155,0.074621,0.008594,-9.809712,-0.000508,-0.005434,0.000000,-1.477468,0.011804,27.000000,0.013045,3.865786,0.001466,0.012272,0.000000,-0.017000,0.000000,115,0,1,31,28,-0.003165,0.004430,-0.001338,0.036164,-0.061846,9.597424,-3.048265,0.011804,0.007617,6,1,0,0.000000,0,3.226976,0.000000,0.050853,0,0.012272,0.000000,0.000000,3.226976,0.012272,1,1,1,0.622930,0.000000,0.000000,0.000000,0.000000,0.000000,0.000000,0.000000
0.0101,3.865698,0.012272,0.019900,0.000000,0.006822,-0.000802,1,1.310120,44,0.074392,0.008890,3.865698,0.001466,3.239731,0.019900,3.865690,3.222742,0.019900,0.012272,0.000000,0.012649,-0.396332,-29.728302,-0.016989,0.000000,0.000999,0.001986,-0.000104,0.000999,0.074392,0.008890,-9.809714,-0.007311,0.009575,0.000000,-1.477464,0.011836,27.000000,0.013045,3.865690,0.001466,0.012272,0.000000,-0.017000,0.000000,120,0,1,31,28,0.011790,-0.002222,0.019930,0.645820,0.485282,9.459763,-3.048260,0.011836,0.007594,7,1,0,0.000000,0,3.226842,0.000000,0.006822,0,0.012205,0.000000,-0.000802,3.226842,0.012205,1,1,1,0.622940,0.000000,0.000000,0.000000,0.000000,0.000000,0.000000,0.000000
0.0201,3.866002,0.013039,0.044032,0.000000,0.000293,-0.014945,1,1.310120,54,0.075945,0.010561,3.866002,0.006597,3.239439,0.044032,3.865978,3.222467,0.044032,0.013039,0.000000,0.012858,-0.396332,-29.728302,-0.016972,0.000000,0.000471,0.001983,0.000091,0.000471,0.075945,0.010561,-9.809700,-0.020166,-0.015180,0.000000,-1.476975,0.011882,27.000000,0.013045,3.865978,0.006597,0.013039,0.000000,-0.017000,0.000000,125,0,1,31,28,0.005365,0.025228,0.043711,-0.097900,0.306168,9.993422,-3.047771,0.011882,0.007756,7,1,0,0.000000,0,3.225908,0.000000,0.000293,0,0.011738,0.000000,-0.014945,3.225908,0.011738,1,1,1,0.622950,0.000000,0.000000,0.000000,0.000000,0.000000,0.000000,0.000000
0.0301,3.871409,0.013806,0.069237,0.000000,-0.022979,-0.027018,1,1.310120,64,0.076585,0.009613,3.871409,0.053617,3.239374,0.069237,3.871347,3.222420,0.069237,0.013806,0.000000,0.012730,-0.396332,-29.728302,-0.016954,0.000000,0.000794,0.001997,0.001474,0.000794,0.076585,0.009613,-9.809696,0.004525,-0.015858,0.000000,-1.476255,0.011858,27.000000,0.013045,3.871347,0.053617,0.013806,0.000000,-0.017000,0.000000,130,0,1,31,28,-0.013823,0.009874,0.069117,-0.405077,-0.008735,9.147860,-3.047052,0.011858,0.007820,7,1,0,0.000000,0,3.223373,0.000000,-0.022979,0,0.010470,0.000000,-0.027018,3.223373,0.010470,1,1,1,0.622970,0.000000,0.000000,0.000000,0.000000,0.000000,0.000000,0.000000
0.0401,3.876722,0.013806,0.005423,0.000000,-0.062070,-0.036228,1,1.310120,74,0.075108,0.010536,3.876722,0.056758,3.239815,0.005423,3.876716,3.222817,0.005423,0.013806,0.000000,0.012847,-0.396332,-29.728302,-0.016998,0.001000,0.000501,0.001993,0.001012,0.000501,0.075108,0.010536,-9.809707,0.012491,0.028863,0.001000,-1.475857,0.011878,27.000000,0.013045,3.876716,0.056758,0.013806,0.000000,-0.017000,0.001000,135,0,1,31,28,0.009681,-0.029838,0.006807,-0.117366,0.458324,10.061932,-3.046653,0.011878,0.007671,7,1,0,0.000000,0,3.218439,0.000000,-0.062070,0,0.008007,0.000000,-0.036228,3.218439,0.008007,1,1,1,0.623007,0.000000,0.000000,0.000000,0.000000,0.000000,0.000000,0.000000
0.0501,3.877712,0.012940,0.077340,-0.104720,-0.111399,-0.046284,1,1.310120,84,0.073483,0.008410,3.877712,0.009634,3.240450,0.077340,3.877675,3.223493,0.077340,0.012940,-0.104720,0.012671,-0.396332,-29.728302,-0.016957,0.000000,0.000943,0.002000,-0.000221,0.000943,0.073483,0.008410,-9.809721,0.003492,0.018549,-0.104720,-1.476045,0.011911,27.000000,0.013045,3.877675,0.009634,0.013039,-0.104720,-0.017000,0.000000,140,0,1,31,28,0.009657,-0.016563,-0.027172,0.180415,-0.074865,9.884500,-3.046841,0.011911,0.007502,6,1,0,0.000000,0,3.210561,0.000000,-0.111399,0,0.004251,0.000000,-0.046284,3.210561,0.004251,1,1,1,0.623057,0.000000,0.000000,0.000000,0.000000,0.000000,0.000000,0.000000
0.0601,3.871927,0.012148,0.048149,-0.104720,-0.161133,-0.064136,1,1.310120,94,0.072459,0.007554,3.871927,-0.067963,3.240864,0.048149,3.871923,3.223887,0.048149,0.012148,-0.104720,0.012576,-0.396332,-29.728302,-0.016977,0.000000,0.001184,0.001993,-0.001929,0.001184,0.072459,0.007554,-9.809729,-0.005686,-0.011353,-0.104720,-1.476442,0.011895,27.000000,0.013045,3.871923,-0.067963,0.012272,-0.104720,-0.017000,0.000000,145,0,1,31,28,-0.003189,0.011578,-0.056721,0.312981,0.307567,9.897999,-3.047238,0.011895,0.007396,7,1,0,0.000000,0,3.199683,0.000000,-0.161133,0,-0.000438,0.000000,-0.064136,3.199683,-0.000438,1,1,1,0.623098,0.000000,0.000000,0.000000,0.000000,0.000000,0.000000,0.000000
0.0701,3.852277,0.010561,0.120357,-0.209440,-0.226982,-0.068784,1,1.310120,104,0.071795,0.009190,3.852277,-0.192789,3.241818,0.120357,3.852172,3.224890,0.120357,0.010561,-0.209440,0.012711,-0.396332,-29.728302,-0.016928,0.000000,0.000843,0.001987,-0.006171,0.000843,0.071795,0.009190,-9.809733,0.012644,0.000139,-0.209440,-1.477024,0.011851,27.000000,0.013045,3.852172,-0.192789,0.010738,-0.209440,-0.017000,0.000000,150,0,1,31,28,-0.009580,-0.009385,-0.088970,0.149996,0.064642,9.426501,-3.047820,0.011851,0.007329,6,1,0,0.000000,0,3.185805,0.000000,-0.226982,0,-0.005659,0.000000,-0.068784,3.185805,-0.005659,1,1,1,0.623093,0.000000,0.000000,0.000000,0.000000,0.000000,0.000000,0.000000
0.0801,3.818861,0.010738,-0.065145,0.000000,-0.268026,-0.098801,1,1.310120,114,0.068887,0.010831,3.818861,-0.343167,3.240877,-0.065145,3.818904,3.223833,-0.065145,0.010738,0.000000,0.012795,-0.396332,-29.728302,-0.017044,-0.002000,0.000631,0.001976,-0.010300,0.000631,0.068887,0.010831,-9.809752,0.056299,0.045835,-0.002000,-1.477900,0.011766,27.000000,0.013045,3.818904,-0.343167,0.010738,0.000000,-0.017000,-0.002000,155,0,1,31,28,-0.015912,-0.071686,-0.066233,0.990729,0.247008,9.409740,-3.048697,0.011766,0.007034,6,1,0,0.000000,0,3.168927,0.000000,-0.268026,0,-0.011012,0.000000,-0.098801,3.168927,-0.011012,1,1,1,0.612619,0.000000,0.000000,0.000000,0.000000,0.000000,0.000000,0.000000
0.0901,3.807649,0.012490,-0.141712,0.209440,-0.334211,-0.125555,1,1.310120,124,0.048783,0.009244,3.807649,-0.102730,3.239740,-0.141712,3.807686,3.222655,-0.141712,0.012490,0.209440,0.012632,-0.396332,-29.728302,-0.017085,-0.002000,0.001041,0.002017,0.000931,0.001041,0.048783,0.009244,-9.809874,0.032169,0.149422,0.207440,-1.477302,0.011752,27.000000,0.013045,3.807686,-0.102730,0.012272,0.209440,-0.017000,-0.002000,160,0,1,31,28,0.065312,-0.137348,0.067468,1.753321,-0.504831,7.593871,-3.048099,0.011752,0.004984,7,1,0,0.000000,0,3.149049,0.000000,-0.334211,0,-0.016098,0.000000,-0.125555,3.149049,-0.016098,1,1,1,0.606737,0.000000,0.000000,0.000000,0.000000,0.000000,0.000000,0.000000
0.1001,3.812259,0.013039,-0.276398,0.000000,-0.402642,-0.116782,1,1.310120,134,0.047662,0.011755,3.812259,0.020944,3.238243,-0.276398,3.812480,3.221063,-0.276398,0.013039,0.000000,0.012697,-0.396332,-29.728302,-0.017180,-0.009000,0.000879,0.002019,0.000213,0.000879,0.047662,0.011755,-9.809877,0.026780,-0.124427,-0.009000,-1.478343,0.011562,27.000000,0.013045,3.812480,0.020944,0.013039,0.000000,-0.017000,-0.009000,165,0,1,31,28,-0.097250,0.078478,-0.286418,0.649832,0.072016,10.403085,-3.049140,0.011562,0.004874,6,1,0,0.000000,0,3.126171,0.000000,-0.402642,0,-0.020516,0.000000,-0.116782,3.126171,-0.020516,1,1,1,0.606622,0.000000,0.000000,0.000000,0.000000,0.000000,0.000000,0.000000
0.1101,3.805979,0.014573,-0.455220,0.000000,-0.434512,-0.125726,1,1.310120,144,0.051167,0.014049,3.805979,-0.058748,3.232928,-0.455220,3.806344,3.215579,-0.455220,0.014573,0.000000,0.012739,-0.396332,-29.728302,-0.017349,-0.020000,0.000773,0.002001,-0.000383,0.000773,0.051167,0.014049,-9.809856,-0.032487,0.032962,-0.020000,-1.482297,0.011383,27.000000,0.013045,3.806344,-0.058748,0.014573,0.000000,-0.017000,-0.020000,170,0,1,31,28,0.045810,-0.012641,-0.475098,0.532347,0.376033,9.783985,-3.053093,0.011383,0.005237,7,1,0,0.000000,0,3.100293,0.000000,-0.434512,0,-0.023867,0.000000,-0.125726,3.100293,-0.023867,1,1,1,0.606515,0.000000,0.000000,0.000000,0.000000,0.000000,0.000000,0.000000
0.1201,3.801191,0.014573,-0.675794,0.000000,-0.506958,-0.101086,1,1.310120,154,0.050880,0.010777,3.801191,-0.041364,3.226151,-0.675794,3.801646,3.209733,-0.675794,0.014573,0.000000,0.012774,-0.396332,-29.728302,-0.016418,-0.009000,0.000684,0.001957,0.000580,0.000684,0.050880,0.010777,-9.809862,-0.004676,0.034410,-0.009000,-1.488144,0.011751,27.000000,0.013045,3.801646,-0.041364,0.014573,0.000000,-0.016000,-0.009000,175,0,1,31,28,0.024424,-0.033430,-0.684423,0.907078,-0.855863,8.881800,-3.058940,0.011751,0.005202,6,1,0,0.000000,0,3.071415,0.000000,-0.506958,0,-0.025884,0.000000,-0.101086,3.071415,-0.025884,1,1,1,0.606406,0.000000,0.000000,0.000000,0.000000,0.000000,0.000000,0.000000
0.1301,3.796850,0.012818,-0.552965,-0.209440,-0.587330,-0.071266,1,1.310120,164,0.049333,0.010754,3.796850,-0.047543,3.220137,-0.552965,3.797427,3.203746,-0.552965,0.012818,-0.209440,0.012626,-0.396332,-29.728302,-0.016391,0.011000,0.001056,0.002145,-0.002488,0.001056,0.049333,0.010754,-9.809870,0.030854,-0.082049,-0.198440,-1.495884,0.011595,27.000000,0.013045,3.797427,-0.047543,0.013039,-0.209440,-0.016000,0.011000,180,0,1,31,28,-0.073863,0.037714,-0.751940,1.910451,0.220601,10.041720,-3.066680,0.011595,0.005043,7,1,0,0.000000,0,3.039537,0.000000,-0.587330,0,-0.026835,0.000000,-0.071266,3.039537,-0.026835,1,1,1,0.606303,0.000000,0.000000,0.000000,0.000000,0.000000,0.000000,0.000000
0.1401,3.790470,0.011399,-0.729863,-0.104720,-0.671140,-0.065708,1,1.310120,174,0.054802,0.013332,3.790470,-0.062832,3.213932,-0.729863,3.791195,3.197428,-0.729863,0.011399,-0.104720,0.012645,-0.396332,-29.728302,-0.016504,0.013000,0.001008,0.002018,-0.000165,0.001008,0.054802,0.013332,-9.809838,-0.054868,-0.026076,-0.091720,-1.503625,0.011350,27.000000,0.013045,3.791195,-0.062832,0.011505,-0.104720,-0.016000,0.013000,185,0,1,31,28,0.028572,0.043218,-0.822195,0.945988,0.129782,10.384716,-3.074421,0.011350,0.005602,7,1,0,0.000000,0,3.004659,0.000000,-0.671140,0,-0.027121,0.000000,-0.065708,3.004659,-0.027121,1,1,1,0.606206,0.000000,0.000000,0.000000,0.000000,0.000000,0.000000,0.000000
0.1501,3.784543,0.011408,-0.766491,-0.104720,-0.739116,-0.077372,1,1.310120,184,0.062389,0.009272,3.784543,-0.060842,3.205450,-0.766491,3.785251,3.189015,-0.766491,0.011408,-0.104720,0.012679,-0.396332,-29.728302,-0.016436,0.016000,0.000924,0.001990,0.000382,0.000924,0.062389,0.009272,-9.809797,-0.087297,-0.027613,-0.088720,-1.512041,0.011806,27.000000,0.013045,3.785251,-0.060842,0.011505,-0.104720,-0.016000,0.016000,190,0,1,31,28,0.054157,0.062977,-0.856078,-0.002635,0.392512,9.975211,-3.082837,0.011806,0.006371,6,1,0,0.000000,0,2.966781,0.000000,-0.739116,0,-0.027139,0.000000,-0.077372,2.966781,-0.027139,1,1,1,0.606112,0.000000,0.000000,0.000000,0.000000,0.000000,0.000000,0.000000
0.1601,3.777168,0.010642,-0.752363,-0.104720,-0.844544,-0.067941,1,1.310120,194,0.061945,0.006397,3.777168,-0.080215,3.198901,-0.752363,3.777869,3.181476,-0.752363,0.010642,-0.104720,0.012683,-0.396332,-29.728302,-0.017424,0.008000,0.000912,0.002015,0.000750,0.000912,0.061945,0.006397,-9.809802,0.029893,0.006482,-0.096720,-1.520346,0.012098,27.000000,0.013045,3.777869,-0.080215,0.010738,-0.104720,-0.017000,0.008000,195,0,1,31,28,-0.020451,-0.033513,-0.848726,-0.069687,0.948502,10.641114,-3.091143,0.012098,0.006322,6,1,0,0.000000,0,2.925903,0.000000,-0.844544,0,-0.027142,0.000000,-0.067941,2.925903,-0.027142,1,1,1,0.606021,0.000000,0.000000,0.000000,0.000000,0.000000,0.000000,0.000000
0.1701,3.772110,0.010650,-0.797250,-0.104720,-0.930626,-0.075656,1,1.310120,204,0.057727,0.010629,3.772110,-0.085347,3.190114,-0.797250,3.772787,3.172555,-0.797250,0.010650,-0.104720,0.012711,-0.396332,-29.728302,-0.017559,-0.003000,0.000844,0.002101,0.001683,0.000844,0.057727,0.010629,-9.809824,0.063311,0.002062,-0.107720,-1.529253,0.011690,27.000000,0.013045,3.772787,-0.085347,0.010738,-0.104720,-0.017000,-0.003000,200,0,1,31,28,-0.050334,-0.049957,-0.904408,1.421137,0.199547,9.399973,-3.100050,0.011690,0.005896,7,1,0,0.000000,0,2.882025,0.000000,-0.930626,0,-0.027142,0.000000,-0.075656,2.882025,-0.027142,1,1,1,0.605931,0.000000,0.000000,0.000000,0.000000,0.000000,0.000000,0.000000
0.1801,3.758130,0.010738,-0.912384,0.000000,-1.000000,-0.076644,1,1.310120,214,0.055429,0.013774,3.758130,-0.100740,3.181084,-0.912384,3.758885,3.163517,-0.912384,0.010738,0.000000,0.012712,-0.396332,-29.728302,-0.017567,-0.013000,0.000841,0.001990,-0.000908,0.000841,0.055429,0.013774,-9.809834,0.017700,-0.010440,-0.013000,-1.538198,0.011368,27.000000,0.013045,3.758885,-0.100740,0.010738,0.000000,-0.017000,-0.013000,4,0,1,31,28,-0.020495,-0.013259,-0.925291,0.820151,0.061232,9.733157,-3.108994,0.011368,0.005665,6,1,0,0.000000,0,2.835147,0.000000,-1.000000,0,-0.027142,0.000000,-0.076644,2.835147,-0.027142,1,1,1,0.605844,0.000000,0.000000,0.000000,0.000000,0.000000,0.000000,0.000000
0.1901,3.747880,0.011505,-0.986955,0.000000,-1.000000,-0.084964,1,1.310120,224,0.055268,0.017227,3.747880,-0.114040,3.170716,-0.986955,3.748627,3.152997,-0.986955,0.011505,0.000000,0.012743,-0.396332,-29.728302,-0.017719,-0.019000,0.000763,0.002142,-0.000135,0.000763,0.055268,0.017227,-9.809829,0.011193,-0.031540,-0.019000,-1.547949,0.011051,27.000000,0.013045,3.748627,-0.114040,0.011505,0.000000,-0.017000,-0.019000,9,0,1,31,28,-0.026944,0.007032,-1.006127,0.612305,-0.317217,10.169458,-3.118746,0.011051,0.005654,7,1,0,0.000000,0,2.785269,0.000000,-1.000000,0,-0.027142,0.000000,-0.084964,2.785269,-0.027142,1,1,1,0.605748,0.000000,0.000000,0.000000,0.000000,0.000000,0.000000,0.000000
0.2001,3.736817,0.011505,-1.096584,0.000000,-1.000000,-0.077295,1,1.310120,234,0.055923,0.019218,3.736817,-0.111945,3.159117,-1.096584,3.737793,3.142333,-1.096584,0.011505,0.000000,0.012689,-0.396332,-29.728302,-0.016784,-0.010000,0.000898,0.002031,-0.000219,0.000898,0.055923,0.019218,-9.809822,0.005290,-0.009917,-0.010000,-1.558613,0.010796,27.000000,0.013045,3.737793,-0.111945,0.011505,0.000000,-0.016000,-0.010000,14,0,1,31,28,-0.009880,-0.008682,-1.106562,0.571954,-0.025431,9.770406,-3.129409,0.010796,0.005723,7,1,0,0.000000,0,2.732391,0.000000,-1.000000,0,-0.027142,0.000000,-0.077295,2.732391,-0.027142,1,1,1,0.605652,0.000000,0.000000,0.000000,0.000000,0.000000,0.000000,0.000000
0.2101,3.726090,0.011505,-1.215230,0.000000,-1.000000,-0.077295,1,1.310120,244,0.055346,0.019450,3.726090,-0.116029,3.147191,-1.215230,3.727247,3.130465,-1.215230,0.011505,0.000000,0.012667,-0.396332,-29.728302,-0.016726,0.002000,0.000953,0.002095,0.000408,0.000953,0.055346,0.019450,-9.809825,-0.023660,0.008047,0.002000,-1.570479,0.010750,27.000000,0.013045,3.727247,-0.116029,0.011505,0.000000,-0.016000,0.002000,19,0,1,31,28,0.024243,-0.009303,-1.213209,0.697405,-0.237612,9.921482,-3.141276,0.010750,0.005665,6,1,0,0.000000,0,2.676513,0.000000,-1.000000,0,-0.027142,0.000000,-0.077295,2.676513,-0.027142,1,1,1,0.605561,0.000000,0.000000,0.000000,0.000000,0.000000,0.000000,0.000000
0.2201,3.712930,0.011505,-1.299672,0.000000,-1.000000,-0.077295,1,1.310120,254,0.055947,0.018516,3.712930,-0.127339,3.135333,-1.299672,3.713824,3.118443,-1.299672,0.011505,0.000000,0.012770,-0.396332,-29.728302,-0.016890,0.014000,0.000694,0.001939,-0.000869,0.000694,0.055947,0.018516,-9.809823,-0.035007,0.009847,0.014000,-1.582504,0.010948,27.000000,0.013045,3.713824,-0.127339,0.011505,0.000000,-0.016000,0.014000,24,0,1,31,28,0.034892,-0.006172,-1.285698,0.638964,-0.138724,9.654466,3.129885,0.010948,0.005725,7,1,0,0.000000,0,2.617635,0.000000,-1.000000,0,-0.027142,0.000000,-0.077295,2.617635,-0.027142,1,1,1,0.605473,0.000000,0.000000,0.000000,0.000000,0.000000,0.000000,0.000000
0.2301,3.700184,0.010738,-1.378928,0.000000,-1.000000,-0.068091,1,1.310120,8,0.056959,0.015728,3.700184,-0.128282,3.122531,-1.378928,3.701552,3.105591,-1.378928,0.010738,0.000000,0.012651,-0.396332,-29.728302,-0.016940,0.015000,0.000995,0.002010,-0.000336,0.000995,0.056959,0.015728,-9.809822,-0.023149,-0.032526,0.015000,-1.596124,0.011110,27.000000,0.013045,3.701552,-0.128282,0.010738,0.000000,-0.016000,0.015000,29,0,1,31,28,0.002819,0.022566,-1.364322,0.331429,0.367070,9.726341,3.116265,0.011110,0.005824,7,1,0,0.000000,0,2.555757,0.000000,-1.000000,0,-0.027142,0.000000,-0.068091,2.555757,-0.027142,1,1,1,0.605380,0.000000,0.000000,0.000000,0.000000,0.000000,0.000000,0.000000
0.2401,3.688286,0.010660,-1.327797,-0.104720,-1.000000,-0.074825,1,1.310120,18,0.058303,0.018189,3.688286,-0.134460,3.108881,-1.327797,3.689280,3.091966,-1.327797,0.010660,-0.104720,0.012750,-0.396332,-29.728302,-0.016916,0.006000,0.000745,0.001989,-0.000317,0.000745,0.058303,0.018189,-9.809810,0.013671,-0.021597,-0.098720,-1.609828,0.010959,27.000000,0.013045,3.689280,-0.134460,0.010738,-0.104720,-0.016000,0.006000,34,0,1,31,28,-0.022783,-0.006603,-1.426549,0.485112,-0.031386,9.473606,3.102561,0.010959,0.005963,7,1,0,0.000000,0,2.490898,0.000000,-1.000000,0,-0.027142,0.000000,-0.074825,2.490898,-0.027142,1,1,1,0.605295,0.000000,0.000000,0.000000,0.000000,0.000000,0.000000,0.000000
0.2501,3.673191,0.008947,-1.240382,-0.209440,-1.000000,-0.055046,1,1.310120,28,0.057215,0.018071,3.673191,-0.153938,3.096504,-1.240382,3.674707,3.078645,-1.240382,0.008947,-0.209440,0.012558,-0.396332,-29.728302,-0.017859,-0.003000,0.001228,0.001997,-0.000528,0.001228,0.057215,0.018071,-9.809817,0.017559,0.010542,-0.212440,-1.624860,0.010768,27.000000,0.013045,3.674707,-0.153938,0.009204,-0.209440,-0.017000,-0.003000,39,0,1,31,28,-0.009952,-0.036143,-1.452482,0.389468,0.467687,10.100636,3.087529,0.010768,0.005849,7,1,0,0.000000,0,2.423477,0.000000,-1.000000,0,-0.027142,0.000000,-0.055046,2.423477,-0.027142,1,1,1,0.605202,0.000000,0.000000,0.000000,0.000000,0.000000,0.000000,0.000000
0.2601,3.658150,0.009204,-1.447628,0.000000,-1.000000,-0.075265,1,1.310120,38,0.054022,0.022738,3.658150,-0.153938,3.082102,-1.447628,3.659079,3.064077,-1.447628,0.009204,0.000000,0.012792,-0.396332,-29.728302,-0.018025,-0.009000,0.000638,0.001993,-0.000777,0.000638,0.054022,0.022738,-9.809825,0.015328,-0.010528,-0.009000,-1.639166,0.010525,27.000000,0.013045,3.659079,-0.153938,0.009204,0.000000,-0.017000,-0.009000,44,0,1,31,28,-0.018512,-0.016878,-1.456531,1.384460,0.032496,9.761947,3.073223,0.010525,0.005528,7,1,0,0.000000,0,2.354279,0.000000,-1.000000,0,-0.027142,0.000000,-0.075265,2.354279,-0.027142,1,1,1,0.605110,0.000000,0.000000,0.000000,0.000000,0.000000,0.000000,0.000000
0.2701,3.643143,0.009204,-1.497916,0.000000,-1.000000,-0.072693,1,1.310120,48,0.056276,0.024589,3.643143,-0.152891,3.065896,-1.497916,3.644890,3.048835,-1.497916,0.009204,0.000000,0.012579,-0.396332,-29.728302,-0.017061,-0.007000,0.001175,0.001984,-0.000362,0.001175,0.056276,0.024589,-9.809808,0.016881,-0.048439,-0.007000,-1.654408,0.010126,27.000000,0.013045,3.644890,-0.152891,0.009204,0.000000,-0.016000,-0.007000,49,0,1,31,28,-0.037772,0.015773,-1.505234,0.266243,-0.130306,9.730872,3.057981,0.010126,0.005760,7,1,0,0.000000,0,2.284104,0.000000,-1.000000,0,-0.027142,0.000000,-0.072693,2.284104,-0.027142,1,1,1,0.605012,0.000000,0.000000,0.000000,0.000000,0.000000,0.000000,0.000000
0.2801,3.627571,0.009204,-1.558797,0.000000,-1.000000,-0.072693,1,1.310120,58,0.057095,0.028804,3.627571,-0.165143,3.051065,-1.558797,3.628975,3.033972,-1.558797,0.009204,0.000000,0.012687,-0.396332,-29.728302,-0.017093,-0.002000,0.000903,0.002001,-0.000576,0.000903,0.057095,0.028804,-9.809792,-0.002772,-0.017896,-0.002000,-1.669270,0.009804,27.000000,0.013045,3.628975,-0.165143,0.009204,0.000000,-0.016000,-0.002000,54,0,1,31,28,-0.005750,-0.002630,-1.560889,0.276626,-0.058636,10.123985,3.043119,0.009804,0.005847,7,1,0,0.000000,0,2.213753,0.000000,-1.000000,0,-0.027142,0.000000,-0.072693,2.213753,-0.027142,1,1,1,0.604921,0.000000,0.000000,0.000000,0.000000,0.000000,0.000000,0.000000
0.2901,3.613238,0.008437,-1.618580,0.000000,-1.000000,-0.063489,1,1.310120,68,0.057548,0.030317,3.613238,-0.158965,3.036237,-1.618580,3.614114,3.019270,-1.618580,0.008437,0.000000,0.012831,-0.396332,-29.728302,-0.016967,0.002000,0.000540,0.002018,0.000042,0.000540,0.057548,0.030317,-9.809784,-0.021454,0.006278,0.002000,-1.684740,0.009790,27.000000,0.013045,3.614114,-0.158965,0.008437,0.000000,-0.016000,0.002000,59,0,1,31,28,0.021998,-0.016772,-1.616498,0.458823,-0.362164,9.929646,3.027649,0.009790,0.005892,6,1,0,0.000000,0,2.144025,0.000000,-1.000000,0,-0.027142,0.000000,-0.063489,2.144025,-0.027142,1,1,1,0.604830,0.000000,0.000000,0.000000,0.000000,0.000000,0.000000,0.000000
0.3001,3.596077,0.008437,-1.672354,0.000000,-1.000000,-0.071159,1,1.310120,78,0.058095,0.028411,3.596077,-0.168180,3.019083,-1.672354,3.597719,3.002090,-1.672354,0.008437,0.000000,0.012654,-0.396332,-29.728302,-0.016994,0.005000,0.000986,0.002167,-0.000427,0.000986,0.058095,0.028411,-9.809787,-0.019709,-0.015042,0.005000,-1.701920,0.009808,27.000000,0.013045,3.597719,-0.168180,0.008437,0.000000,-0.016000,0.005000,64,0,1,31,28,0.011292,0.000973,-1.667500,0.456931,0.004018,9.703633,3.010469,0.009808,0.005947,6,1,0,0.000000,0,2.075719,0.000000,-1.000000,0,-0.027142,0.000000,-0.071159,2.075719,-0.027142,1,1,1,0.604734,0.000000,0.000000,0.000000,0.000000,0.000000,0.000000,0.000000
0.3101,3.580825,0.007523,-1.505774,-0.209440,-1.000000,-0.060190,1,1.310120,88,0.058504,0.029124,3.580825,-0.160012,3.003543,-1.505774,3.581900,2.986480,-1.505774,0.007523,-0.209440,0.012767,-0.396332,-29.728302,-0.017063,0.005000,0.000702,0.002012,-0.000685,0.000702,0.058504,0.029124,-9.809782,-0.012573,-0.010519,-0.204440,-1.718445,0.009843,27.000000,0.013045,3.581900,-0.160012,0.007670,-0.209440,-0.016000,0.005000,69,0,1,31,28,0.007018,-0.007020,-1.710263,0.161590,-0.085616,9.980083,2.993944,0.009843,0.005986,7,1,0,0.000000,0,2.009638,0.000000,-1.000000,0,-0.027142,0.000000,-0.060190,2.009638,-0.027142,1,1,1,0.604648,0.000000,0.000000,0.000000,0.000000,0.000000,0.000000,0.000000
0.3201,3.564977,0.006777,-1.643854,-0.104720,-1.000000,-0.060385,1,1.310120,98,0.058440,0.027085,3.564977,-0.164096,2.986285,-1.643854,3.566943,2.969147,-1.643854,0.006777,-0.104720,0.012570,-0.396332,-29.728302,-0.017138,0.002000,0.001199,0.001992,0.001074,0.001199,0.058440,0.027085,-9.809789,-0.008966,-0.008211,-0.102720,-1.736523,0.009849,27.000000,0.013045,3.566943,-0.164096,0.006903,-0.104720,-0.016000,0.002000,74,0,1,31,28,0.004877,-0.010818,-1.746576,0.570495,0.593033,10.025451,2.975866,0.009849,0.005976,7,1,0,0.000000,0,1.946434,0.000000,-1.000000,0,-0.027142,0.000000,-0.060385,1.946434,-0.027142,1,1,1,0.604555,0.000000,0.000000,0.000000,0.000000,0.000000,0.000000,0.000000
0.3301,3.547238,0.006136,-1.782719,0.000000,-1.000000,-0.060142,1,1.310120,108,0.059873,0.030750,3.547238,-0.173311,2.971041,-1.782719,3.548727,2.952792,-1.782719,0.006136,0.000000,0.012709,-0.396332,-29.728302,-0.018248,-0.002000,0.000848,0.002154,-0.001198,0.000848,0.059873,0.030750,-9.809769,0.010185,-0.029252,-0.002000,-1.753519,0.009612,27.000000,0.013045,3.548727,-0.173311,0.006136,0.000000,-0.017000,-0.002000,79,0,1,31,28,-0.020761,0.000304,-1.784867,-0.031692,0.205853,9.600069,2.958870,0.009612,0.006123,7,1,0,0.000000,0,1.886230,0.000000,-1.000000,0,-0.027142,0.000000,-0.060142,1.886230,-0.027142,1,1,1,0.604477,0.000000,0.000000,0.000000,0.000000,0.000000,0.000000,0.000000
0.3401,3.532632,0.005299,-1.699486,-0.104720,-1.000000,-0.056508,1,1.310120,118,0.060919,0.036223,3.532632,-0.170274,2.954272,-1.699486,3.533770,2.936251,-1.699486,0.005299,-0.104720,0.012779,-0.396332,-29.728302,-0.018020,-0.004000,0.000672,0.002032,-0.000101,0.000672,0.060919,0.036223,-9.809744,0.043978,-0.043351,-0.108720,-1.770896,0.009119,27.000000,0.013045,3.533770,-0.170274,0.005369,-0.104720,-0.017000,-0.004000,84,0,1,31,28,-0.057057,0.000512,-1.808360,0.303785,-0.296627,9.260274,2.941493,0.009119,0.006230,6,1,0,0.000000,0,1.829026,0.000000,-1.000000,0,-0.027142,0.000000,-0.056508,1.829026,-0.027142,1,1,1,0.604392,0.000000,0.000000,0.000000,0.000000,0.000000,0.000000,0.000000
0.3501,3.513835,0.004488,-1.725750,-0.104720,-1.000000,-0.055153,1,1.310120,128,0.061332,0.039764,3.513835,-0.182527,2.935201,-1.725750,3.515650,2.917978,-1.725750,0.004488,-0.104720,0.012613,-0.396332,-29.728302,-0.017223,-0.006000,0.001090,0.002016,-0.001094,0.001090,0.061332,0.039764,-9.809728,0.019134,-0.008059,-0.110720,-1.789977,0.008588,27.000000,0.013045,3.515650,-0.182527,0.004602,-0.104720,-0.016000,-0.006000,89,0,1,31,28,-0.020752,-0.022522,-1.836332,0.152955,-0.165062,10.218541,2.922412,0.008588,0.006270,7,1,0,0.000000,0,1.774822,0.000000,-1.000000,0,-0.027142,0.000000,-0.055153,1.774822,-0.027142,1,1,1,0.604302,0.000000,0.000000,0.000000,0.000000,0.000000,0.000000,0.000000
0.3601,3.497603,0.003753,-1.735133,-0.104720,-1.000000,-0.054442,1,1.310120,138,0.061013,0.043661,3.497603,-0.180537,2.918109,-1.735133,3.498968,2.900883,-1.735133,0.003753,-0.104720,0.012734,-0.396332,-29.728302,-0.017226,-0.003000,0.000784,0.001991,-0.006994,0.000784,0.061013,0.043661,-9.809713,0.003079,-0.002282,-0.107720,-1.807804,0.008307,27.000000,0.013045,3.498968,-0.180537,0.003835,-0.104720,-0.016000,-0.003000,94,0,1,31,28,-0.003678,-0.022388,-1.842717,0.057867,-0.544057,9.927557,2.904585,0.008307,0.006236,7,1,0,0.000000,0,1.723618,0.000000,-1.000000,0,-0.027142,0.000000,-0.054442,1.723618,-0.027142,1,1,1,0.604233,0.000000,0.000000,0.000000,0.000000,0.000000,0.000000,0.000000
0.3701,3.478976,0.003835,-1.858339,0.000000,-1.000000,-0.062776,1,1.310120,148,0.060256,0.042615,3.478976,-0.186611,2.898869,-1.858339,3.481135,2.881574,-1.858339,0.003835,0.000000,0.012584,-0.396332,-29.728302,-0.017295,0.001000,0.001163,0.002143,-0.000578,0.001163,0.060256,0.042615,-9.809722,-0.032773,-0.008087,0.001000,-1.827031,0.008263,27.000000,0.013045,3.481135,-0.186611,0.003835,0.000000,-0.016000,0.001000,99,0,1,31,28,0.028319,-0.005002,-1.857423,0.486297,-0.177879,9.720965,2.885358,0.008263,0.006159,7,1,0,0.000000,0,1.675414,0.000000,-1.000000,0,-0.027142,0.000000,-0.062776,1.675414,-0.027142,1,1,1,0.604148,0.000000,0.000000,0.000000,0.000000,0.000000,0.000000,0.000000
0.3801,3.462027,0.003068,-1.887309,0.000000,-1.000000,-0.052751,1,1.310120,158,0.060418,0.043051,3.462027,-0.189647,2.881389,-1.887309,3.463590,2.864267,-1.887309,0.003068,0.000000,0.012716,-0.396332,-29.728302,-0.017123,0.004000,0.000831,0.002164,0.000616,0.000831,0.060418,0.043051,-9.809719,-0.007963,-0.001874,0.004000,-1.845105,0.008346,27.000000,0.013045,3.463590,-0.189647,0.003068,0.000000,-0.016000,0.004000,104,0,1,31,28,0.006981,-0.019682,-1.883211,0.305427,-0.529884,9.564184,2.867284,0.008346,0.006173,6,1,0,0.000000,0,1.630210,0.000000,-1.000000,0,-0.027142,0.000000,-0.052751,1.630210,-0.027142,1,1,1,0.604072,0.000000,0.000000,0.000000,0.000000,0.000000,0.000000,0.000000
0.3901,3.442891,0.003068,-1.887760,0.000000,-1.000000,-0.060421,1,1.310120,168,0.059551,0.043193,3.442891,-0.196873,2.863095,-1.887760,3.443935,2.845783,-1.887760,0.003068,0.000000,0.012825,-0.396332,-29.728302,-0.017312,0.004000,0.000555,0.002157,-0.000443,0.000555,0.059551,0.043193,-9.809724,-0.022778,0.022376,0.004000,-1.863589,0.008440,27.000000,0.013045,3.443935,-0.196873,0.003068,0.000000,-0.016000,0.004000,109,0,1,31,28,0.028347,-0.038853,-1.883417,0.761027,0.191398,9.255905,2.848800,0.008440,0.006084,7,1,0,0.000000,0,1.588006,0.000000,-1.000000,0,-0.027142,0.000000,-0.060421,1.588006,-0.027142,1,1,1,0.603993,0.000000,0.000000,0.000000,0.000000,0.000000,0.000000,0.000000
0.4001,3.422965,0.003068,-1.912988,0.000000,-1.000000,-0.060421,1,1.310120,178,0.059485,0.041302,3.422965,-0.195826,2.843394,-1.912988,3.424856,2.826063,-1.912988,0.003068,0.000000,0.012653,-0.396332,-29.728302,-0.017331,0.002000,0.000990,0.002017,0.000103,0.000990,0.059485,0.041302,-9.809733,0.001645,-0.007721,0.002000,-1.883309,0.008461,27.000000,0.013045,3.424856,-0.195826,0.003068,0.000000,-0.016000,0.002000,114,0,1,31,28,-0.003703,-0.017207,-1.910924,-0.230403,0.328301,10.519933,2.829080,0.008461,0.006077,7,1,0,0.000000,0,1.548802,0.000000,-1.000000,0,-0.027142,0.000000,-0.060421,1.548802,-0.027142,1,1,1,0.603909,0.000000,0.000000,0.000000,0.000000,0.000000,0.000000,0.000000
0.4101,3.404871,0.003068,-1.925941,0.000000,-1.000000,-0.060421,1,1.310120,188,0.058667,0.044948,3.404871,-0.202004,2.824660,-1.925941,3.406352,2.807316,-1.925941,0.003068,0.000000,0.012739,-0.396332,-29.728302,-0.017343,0.000000,0.000771,0.001999,-0.001022,0.000771,0.058667,0.044948,-9.809722,0.030547,-0.015833,0.000000,-1.902054,0.008176,27.000000,0.013045,3.406352,-0.202004,0.003068,0.000000,-0.016000,0.000000,119,0,1,31,28,-0.033592,-0.017094,-1.925879,0.426935,0.028664,9.254052,2.810335,0.008176,0.005995,7,1,0,0.000000,0,1.512598,0.000000,-1.000000,0,-0.027142,0.000000,-0.060421,1.512598,-0.027142,1,1,1,0.603841,0.000000,0.000000,0.000000,0.000000,0.000000,0.000000,0.000000
0.4201,3.385428,0.003068,-1.966584,0.000000,-1.000000,-0.060421,1,1.310120,198,0.057976,0.047546,3.385428,-0.200957,2.805351,-1.966584,3.387561,2.786976,-1.966584,0.003068,0.000000,0.012615,-0.396332,-29.728302,-0.018375,-0.002000,0.001085,0.001991,-0.000215,0.001085,0.057976,0.047546,-9.809713,0.022357,-0.014068,-0.002000,-1.922391,0.007786,27.000000,0.013045,3.387561,-0.200957,0.003068,0.000000,-0.017000,-0.002000,124,0,1,31,28,-0.025067,-0.016503,-1.968532,0.133324,0.110221,10.383991,2.789998,0.007786,0.005925,7,1,0,0.000000,0,1.479394,0.000000,-1.000000,0,-0.027142,0.000000,-0.060421,1.479394,-0.027142,1,1,1,0.603760,0.000000,0.000000,0.000000,0.000000,0.000000,0.000000,0.000000
0.4301,3.363945,0.002301,-1.992322,0.000000,-1.000000,-0.051217,1,1.310120,208,0.058075,0.052043,3.363945,-0.217294,2.785674,-1.992322,3.365797,2.768281,-1.992322,0.002301,0.000000,0.012678,-0.396332,-29.728302,-0.017393,-0.002000,0.000927,0.001952,-0.001678,0.000927,0.058075,0.052043,-9.809690,0.015534,-0.006276,-0.002000,-1.941851,0.007386,27.000000,0.013045,3.365797,-0.217294,0.002301,0.000000,-0.016000,-0.002000,129,0,1,31,28,-0.016530,-0.022549,-1.994196,0.238596,-0.483288,9.660314,2.770538,0.007386,0.005932,7,1,0,0.000000,0,1.449190,0.000000,-1.000000,0,-0.027142,0.000000,-0.051217,1.449190,-0.027142,1,1,1,0.603681,0.000000,0.000000,0.000000,0.000000,0.000000,0.000000,0.000000
0.4401,3.345106,0.003068,-2.001913,0.000000,-1.000000,-0.068091,1,1.310120,218,0.058192,0.056575,3.345106,-0.210173,2.765512,-2.001913,3.346334,2.748115,-2.001913,0.003068,0.000000,0.012801,-0.396332,-29.728302,-0.017397,0.000000,0.000615,0.002023,-0.000264,0.000615,0.058192,0.056575,-9.809664,0.010039,-0.044544,0.000000,-1.961248,0.007052,27.000000,0.013045,3.346334,-0.210173,0.003068,0.000000,-0.016000,0.000000,134,0,1,31,28,-0.018707,0.016023,-2.002282,0.505909,-0.274195,9.777433,2.751141,0.007052,0.005950,7,1,0,0.000000,0,1.421986,0.000000,-1.000000,0,-0.027142,0.000000,-0.068091,1.421986,-0.027142,1,1,1,0.603602,0.000000,0.000000,0.000000,0.000000,0.000000,0.000000,0.000000
0.4501,3.324088,0.002301,-2.060108,0.000000,-1.000000,-0.051217,1,1.310120,228,0.060307,0.056923,3.324088,-0.213209,2.745157,-2.060108,3.326297,2.727720,-2.060108,0.002301,0.000000,0.012618,-0.396332,-29.728302,-0.017436,0.000000,0.001077,0.001991,-0.000530,0.001077,0.060307,0.056923,-9.809649,0.002716,-0.017956,0.000000,-1.982409,0.006830,27.000000,0.013045,3.326297,-0.213209,0.002301,0.000000,-0.016000,0.000000,139,0,1,31,28,-0.005890,-0.008817,-2.060161,-0.095557,-0.749318,9.504296,2.729980,0.006830,0.006161,7,1,0,0.000000,0,1.397782,0.000000,-1.000000,0,-0.027142,0.000000,-0.051217,1.397782,-0.027142,1,1,1,0.603518,0.000000,0.000000,0.000000,0.000000,0.000000,0.000000,0.000000
0.4601,3.303904,0.002301,-2.111514,0.000000,-1.000000,-0.058887,1,1.310120,238,0.059628,0.057371,3.303904,-0.215304,2.724229,-2.111514,3.306162,2.706758,-2.111514,0.002301,0.000000,0.012620,-0.396332,-29.728302,-0.017472,0.000000,0.001073,0.001991,0.000156,0.001073,0.059628,0.057371,-9.809651,-0.033377,-0.002651,0.000000,-2.003372,0.006785,27.000000,0.013045,3.306162,-0.215304,0.002301,0.000000,-0.016000,0.000000,144,0,1,31,28,0.032528,-0.018711,-2.111446,0.724000,0.148298,9.647836,2.709017,0.006785,0.006092,7,1,0,0.000000,0,1.376578,0.000000,-1.000000,0,-0.027142,0.000000,-0.058887,1.376578,-0.027142,1,1,1,0.603437,0.000000,0.000000,0.000000,0.000000,0.000000,0.000000,0.000000
0.4701,3.281833,0.002301,-2.115991,0.000000,-1.000000,-0.058887,1,1.310120,248,0.059499,0.056070,3.281833,-0.227556,2.703174,-2.115991,3.284399,2.685488,-2.115991,0.002301,0.000000,0.012556,-0.396332,-29.728302,-0.017686,0.000000,0.001234,0.001984,-0.000439,0.001234,0.059499,0.056070,-9.809659,-0.025794,0.004240,0.000000,-2.024641,0.006854,27.000000,0.013045,3.284399,-0.227556,0.002301,0.000000,-0.016000,0.000000,149,0,1,31,28,0.026132,-0.027221,-2.115816,-0.105849,-0.190588,9.950144,2.687748,0.006854,0.006078,8,1,0,0.000000,0,1.358374,0.000000,-1.000000,0,-0.027142,0.000000,-0.058887,1.358374,-0.027142,1,1,1,0.603355,0.000000,0.000000,0.000000,0.000000,0.000000,0.000000,0.000000
0.4801,3.261192,0.001534,-2.132870,0.000000,-1.000000,-0.049683,1,1.310120,2,0.057579,0.056484,3.261192,-0.209125,2.682522,-2.132870,3.263786,2.665036,-2.132870,0.001534,0.000000,0.012561,-0.396332,-29.728302,-0.017486,0.000000,0.001221,0.001992,-0.000468,0.001221,0.057579,0.056484,-9.809668,0.002768,-0.008645,0.000000,-2.045859,0.006812,27.000000,0.013045,3.263786,-0.209125,0.001534,0.000000,-0.016000,0.000000,154,0,1,31,28,-0.003767,-0.018532,-2.132806,0.512896,-0.027365,9.148270,2.666530,0.006812,0.005878,7,1,0,0.000000,0,1.343170,0.000000,-1.000000,0,-0.027142,0.000000,-0.049683,1.343170,-0.027142,1,1,1,0.603274,0.000000,0.000000,0.000000,0.000000,0.000000,0.000000,0.000000
0.4901,3.241494,0.001534,-2.145462,0.000000,-1.000000,-0.057353,1,1.310120,12,0.057727,0.058355,3.241494,-0.206088,2.661031,-2.145462,3.244227,2.643536,-2.145462,0.001534,0.000000,0.012545,-0.396332,-29.728302,-0.017495,0.000000,0.001262,0.001983,-0.000226,0.001262,0.057727,0.058355,-9.809657,0.006332,-0.017797,0.000000,-2.067357,0.006605,27.000000,0.013045,3.244227,-0.206088,0.001534,0.000000,-0.016000,0.000000,159,0,1,31,28,-0.008049,-0.009826,-2.145508,0.200235,0.138590,10.413032,2.645032,0.006605,0.005894,7,1,0,0.000000,0,1.330966,0.000000,-1.000000,0,-0.027142,0.000000,-0.057353,1.330966,-0.027142,1,1,1,0.603197,0.000000,0.000000,0.000000,0.000000,0.000000,0.000000,0.000000
0.5001,3.220812,0.001534,-2.179796,0.000000,-1.000000,-0.057353,1,1.310120,22,0.058954,0.060712,3.220812,-0.222425,2.639437,-2.179796,3.223614,2.621919,-2.179796,0.001534,0.000000,0.012535,-0.396332,-29.728302,-0.017518,0.000000,0.001287,0.001945,-0.000380,0.001287,0.058954,0.060712,-9.809635,0.015811,-0.010638,0.000000,-2.088974,0.006355,27.000000,0.013045,3.223614,-0.222425,0.001534,0.000000,-0.016000,0.000000,164,0,1,31,28,-0.016589,-0.017945,-2.179742,0.008497,-0.348838,9.604092,2.623415,0.006355,0.006019,7,1,0,0.000000,0,1.321762,0.000000,-1.000000,0,-0.027142,0.000000,-0.057353,1.321762,-0.027142,1,1,1,0.603125,0.000000,0.000000,0.000000,0.000000,0.000000,0.000000,0.000000
0.5101,3.200979,0.001534,-2.190458,0.000000,-1.000000,-0.057353,1,1.310120,32,0.057508,0.066640,3.200979,-0.220435,2.619082,-2.190458,3.202138,2.601556,-2.190458,0.001534,0.000000,0.012836,-0.396332,-29.728302,-0.017526,0.000000,0.000527,0.001992,-0.000048,0.000527,0.057508,0.066640,-9.809605,0.018099,-0.011373,0.000000,-2.109334,0.006052,27.000000,0.013045,3.202138,-0.220435,0.001534,0.000000,-0.016000,0.000000,169,0,1,31,28,-0.018727,-0.017809,-2.190409,0.409546,-0.261504,9.519097,2.603055,0.006052,0.005873,7,1,0,0.000000,0,1.315554,0.000000,-1.000000,0,-0.027142,0.000000,-0.057353,1.315554,-0.027142,1,1,1,0.603059,0.000000,0.000000,0.000000,0.000000,0.000000,0.000000,0.000000
0.5201,3.179564,0.001534,-2.239758,0.000000,-1.000000,-0.057353,1,1.310120,42,0.056608,0.069711,3.179564,-0.223472,2.596945,-2.239758,3.180950,2.579385,-2.239758,0.001534,0.000000,0.012799,-0.396332,-29.728302,-0.017561,0.000000,0.000619,0.002009,0.000147,0.000619,0.056608,0.069711,-9.809589,0.010154,-0.001220,0.000000,-2.131503,0.005702,27.000000,0.013045,3.180950,-0.223472,0.001534,0.000000,-0.016000,0.000000,174,0,1,31,28,-0.010192,-0.027817,-2.239586,0.200841,-0.316025,10.054358,2.580886,0.005702,0.005781,7,1,0,0.000000,0,1.312057,0.000000,-1.000000,0,-0.027142,0.000000,-0.057353,1.312057,-0.027142,1,1,1,0.602989,0.000000,0.000000,0.000000,0.000000,0.000000,0.000000,0.000000
0.5301,3.158407,0.001534,-2.261683,0.000000,-1.000000,-0.057353,1,1.310120,52,0.056309,0.072039,3.158407,-0.222425,2.574283,-2.261683,3.159569,2.556706,-2.261683,0.001534,0.000000,0.012841,-0.396332,-29.728302,-0.017577,-0.001000,0.000516,0.002026,-0.008666,0.000516,0.056309,0.072039,-9.809574,-0.000802,-0.022940,-0.001000,-2.154180,0.005506,27.000000,0.013045,3.159569,-0.222425,0.001534,0.000000,-0.016000,-0.001000,179,0,1,31,28,0.000451,-0.006106,-2.262791,0.315009,-0.369918,9.776347,2.558209,0.005506,0.005751,7,1,0,0.000000,0,1.310517,0.000000,-1.000000,0,-0.027142,0.000000,-0.057353,1.310517,-0.027142,1,1,1,0.602934,0.000000,0.000000,0.000000,0.000000,0.000000,0.000000,0.000000
0.5401,3.135424,0.001534,-2.289301,0.000000,-1.000000,-0.057353,1,1.310120,62,0.056054,0.072834,3.135424,-0.234677,2.551653,-2.289301,3.136943,2.534057,-2.289301,0.001534,0.000000,0.012778,-0.396332,-29.728302,-0.017596,-0.001000,0.000674,0.002033,0.000461,0.000674,0.056054,0.072834,-9.809569,-0.002358,-0.027829,-0.001000,-2.176828,0.005362,27.000000,0.013045,3.136943,-0.234677,0.001534,0.000000,-0.016000,-0.001000,184,0,1,31,28,0.002573,-0.001457,-2.290469,0.257535,-0.294160,9.834495,2.535561,0.005362,0.005726,7,1,0,0.000000,0,1.310132,0.000000,-1.000000,0,-0.027142,0.000000,-0.057353,1.310132,-0.027142,1,1,1,0.602870,0.000000,0.000000,0.000000,0.000000,0.000000,0.000000,0.000000
0.5501,3.113231,0.000767,-2.301548,0.000000,-1.000000,-0.048149,1,1.310120,72,0.055577,0.074038,3.113231,-0.232687,2.529539,-2.301548,3.114795,2.511936,-2.301548,0.000767,0.000000,0.012775,-0.396332,-29.728302,-0.017603,0.000000,0.000681,0.001983,0.001590,0.000681,0.055577,0.074038,-9.809563,0.010341,-0.004245,0.000000,-2.199716,0.005232,27.000000,0.013045,3.114795,-0.232687,0.000767,0.000000,-0.016000,0.000000,189,0,1,31,28,-0.010213,-0.024858,-2.301418,0.391267,-0.641871,9.342996,2.512673,0.005232,0.005671,7,1,0,0.000000,0,1.310120,0.000000,-1.000000,0,-0.027142,0.000000,-0.048149,1.310120,-0.027142,1,1,1,0.602806,0.000000,0.000000,0.000000,0.000000,0.000000,0.000000,0.000000
0.5601,3.091502,0.000767,-2.320306,0.000000,-1.000000,-0.055819,1,1.310120,82,0.054885,0.075344,3.091502,-0.232687,2.506411,-2.320306,3.092936,2.488795,-2.320306,0.000767,0.000000,0.012800,-0.396332,-29.728302,-0.017616,0.000000,0.000619,0.001998,-0.005429,0.000619,0.054885,0.075344,-9.809557,-0.007832,-0.022675,0.000000,-2.222855,0.005123,27.000000,0.013045,3.092936,-0.232687,0.000767,0.000000,-0.016000,0.000000,194,0,1,31,28,0.008974,-0.007452,-2.320400,0.410284,0.083570,10.230777,2.489534,0.005123,0.005601,7,1,0,0.000000,0,1.310120,0.000000,-1.000000,0,-0.027142,0.000000,-0.055819,1.310120,-0.027142,1,1,1,0.602749,0.000000,0.000000,0.000000,0.000000,0.000000,0.000000,0.000000
0.5701,3.067871,0.000767,-2.320528,0.000000,-1.000000,-0.055819,1,1.310120,92,0.055658,0.076622,3.067871,-0.244940,2.483214,-2.320528,3.069638,2.465599,-2.320528,0.000767,0.000000,0.012745,-0.396332,-29.728302,-0.017615,0.000000,0.000757,0.002007,-0.000127,0.000757,0.055658,0.076622,-9.809543,0.006950,-0.013052,0.000000,-2.246050,0.004939,27.000000,0.013045,3.069638,-0.244940,0.000767,0.000000,-0.016000,0.000000,199,0,1,31,28,-0.005959,-0.016043,-2.320512,-0.392298,-0.230168,10.045263,2.466339,0.004939,0.005680,7,1,0,0.000000,0,1.310120,0.000000,-1.000000,0,-0.027142,0.000000,-0.055819,1.310120,-0.027142,1,1,1,0.602689,0.000000,0.000000,0.000000,0.000000,0.000000,0.000000,0.000000
0.5801,3.045132,0.000767,-2.358967,0.000000,-1.000000,-0.055819,1,1.310120,102,0.054548,0.079960,3.045132,-0.238761,2.459771,-2.358967,3.046628,2.441893,-2.358967,0.000767,0.000000,0.012794,-0.396332,-29.728302,-0.017878,0.000000,0.000634,0.001998,0.000197,0.000634,0.054548,0.079960,-9.809522,0.011403,-0.011445,0.000000,-2.269755,0.004647,27.000000,0.013045,3.046628,-0.238761,0.000767,0.000000,-0.016000,0.000000,3,0,1,31,28,-0.010238,-0.017682,-2.358934,0.227962,-0.346716,9.441560,2.442634,0.004647,0.005567,8,1,0,0.000000,0,1.310120,0.000000,-1.000000,0,-0.027142,0.000000,-0.055819,1.310120,-0.027142,1,1,1,0.602630,0.000000,0.000000,0.000000,0.000000,0.000000,0.000000,0.000000
0.5901,3.020927,0.000767,-2.392221,0.000000,-1.000000,-0.055819,1,1.310120,112,0.053001,0.082661,3.020927,-0.250071,2.436076,-2.392221,3.022468,2.418173,-2.392221,0.000767,0.000000,0.012788,-0.396332,-29.728302,-0.017904,0.001000,0.000647,0.002114,-0.000332,0.000647,0.053001,0.082661,-9.809509,0.016835,-0.000585,0.001000,-2.293472,0.004366,27.000000,0.013045,3.022468,-0.250071,0.000767,0.000000,-0.016000,0.001000,8,0,1,31,28,-0.016640,-0.027960,-2.391059,0.058206,-0.347851,10.302776,2.418916,0.004366,0.005409,8,1,0,0.000000,0,1.310120,0.000000,-1.000000,0,-0.027142,0.000000,-0.055819,1.310120,-0.027142,1,1,1,0.602571,0.000000,0.000000,0.000000,0.000000,0.000000,0.000000,0.000000
0.6001,2.996933,0.000000,-2.407907,0.000000,-1.000000,-0.046615,1,1.310120,122,0.052373,0.084813,2.996933,-0.254155,2.412855,-2.407907,2.998787,2.395178,-2.407907,0.000000,0.000000,0.012740,-0.396332,-29.728302,-0.017677,0.000000,0.000769,0.001999,-0.000079,0.000769,0.052373,0.084813,-9.809494,0.008511,-0.016884,0.000000,-2.317233,0.004094,27.000000,0.013045,2.998787,-0.254155,0.000000,0.000000,-0.016000,0.000000,13,0,1,31,28,-0.005988,-0.012744,-2.407940,0.172175,-0.495007,9.832420,2.395156,0.004094,0.005339,7,1,0,0.000000,0,1.310120,0.000000,-1.000000,0,-0.027142,0.000000,-0.046615,1.310120,-0.027142,1,1,1,0.602511,0.000000,0.000000,0.000000,0.000000,0.000000,0.000000,0.000000
0.6101,2.970946,0.000000,-2.411852,0.000000,-1.000000,-0.054285,1,1.310120,132,0.052071,0.087992,2.970946,-0.249024,2.388691,-2.411852,2.972421,2.371012,-2.411852,0.000000,0.000000,0.012802,-0.396332,-29.728302,-0.017679,0.000000,0.000613,0.002153,-0.001788,0.000613,0.052071,0.087992,-9.809467,0.004875,-0.030649,0.000000,-2.341397,0.003832,27.000000,0.013045,2.972421,-0.249024,0.000000,0.000000,-0.016000,0.000000,18,0,1,31,28,0.000401,0.000153,-2.412052,0.229094,-0.455315,9.718011,2.370992,0.003832,0.005308,7,1,0,0.000000,0,1.310120,0.000000,-1.000000,0,-0.027142,0.000000,-0.054285,1.310120,-0.027142,1,1,1,0.602449,0.000000,0.000000,0.000000,0.000000,0.000000,0.000000,0.000000
0.6201,2.947932,0.000000,-2.439102,0.000000,-1.000000,-0.054285,1,1.310120,142,0.051964,0.090041,2.947932,-0.250071,2.364484,-2.439102,2.949219,2.346785,-2.439102,0.000000,0.000000,0.012835,-0.396332,-29.728302,-0.017699,-0.001000,0.000529,0.001975,-0.001347,0.000529,0.051964,0.090041,-9.809449,0.007889,-0.009105,-0.001000,-2.365623,0.003656,27.000000,0.013045,2.949219,-0.250071,0.000000,0.000000,-0.016000,-0.001000,23,0,1,31,28,-0.005989,-0.020866,-2.440035,0.037563,-0.670630,9.332906,2.346766,0.003656,0.005297,7,1,0,0.000000,0,1.310120,0.000000,-1.000000,0,-0.027142,0.000000,-0.054285,1.310120,-0.027142,1,1,1,0.602389,0.000000,0.000000,0.000000,0.000000,0.000000,0.000000,0.000000
0.6301,2.923507,0.000000,-2.454169,0.000000,-1.000000,-0.054285,1,1.310120,152,0.050166,0.090592,2.923507,-0.245987,2.339958,-2.454169,2.925250,2.322248,-2.454169,0.000000,0.000000,0.012765,-0.396332,-29.728302,-0.017710,-0.001000,0.000705,0.001838,-0.002092,0.000705,0.050166,0.090592,-9.809453,-0.011977,-0.007077,-0.001000,-2.390159,0.003530,27.000000,0.013045,2.925250,-0.245987,0.000000,0.000000,-0.016000,-0.001000,28,0,1,31,28,0.013224,-0.027023,-2.455024,0.218813,-0.066107,9.951606,2.322230,0.003530,0.005114,7,1,0,0.000000,0,1.310120,0.000000,-1.000000,0,-0.027142,0.000000,-0.054285,1.310120,-0.027142,1,1,1,0.602330,0.000000,0.000000,0.000000,0.000000,0.000000,0.000000,0.000000
0.6401,2.900056,0.000000,-2.488347,0.000000,-1.000000,-0.054285,1,1.310120,162,0.048560,0.091693,2.900056,-0.249024,2.315278,-2.488347,2.901953,2.297544,-2.488347,0.000000,0.000000,0.012742,-0.396332,-29.728302,-0.017734,-0.001000,0.000765,0.002001,-0.001079,0.000765,0.048560,0.091693,-9.809451,-0.005899,-0.004536,-0.001000,-2.414861,0.003395,27.000000,0.013045,2.901953,-0.249024,0.000000,0.000000,-0.016000,-0.001000,33,0,1,31,28,0.006812,-0.028725,-2.489183,0.037852,-0.248236,9.978369,2.297528,0.003395,0.004950,7,1,0,0.000000,0,1.310120,0.000000,-1.000000,0,-0.027142,0.000000,-0.054285,1.310120,-0.027142,1,1,1,0.602272,0.000000,0.000000,0.000000,0.000000,0.000000,0.000000,0.000000
0.6501,2.876581,0.000000,-2.510474,0.000000,-1.000000,-0.054285,1,1.310120,172,0.047006,0.093300,2.876581,-0.250071,2.290329,-2.510474,2.878463,2.272581,-2.510474,0.000000,0.000000,0.012749,-0.396332,-29.728302,-0.017748,0.000000,0.000748,0.002000,-0.000258,0.000748,0.047006,0.093300,-9.809444,0.008964,-0.010079,0.000000,-2.439823,0.003238,27.000000,0.013045,2.878463,-0.250071,0.000000,0.000000,-0.016000,0.000000,38,0,1,31,28,-0.006011,-0.019930,-2.510424,0.352420,-0.497991,9.306134,2.272566,0.003238,0.004792,7,1,0,0.000000,0,1.310120,0.000000,-1.000000,0,-0.027142,0.000000,-0.054285,1.310120,-0.027142,1,1,1,0.602219,0.000000,0.000000,0.000000,0.000000,0.000000,0.000000,0.000000
0.6601,2.853308,0.000000,-2.542016,0.000000,-1.000000,-0.054285,1,1.310120,182,0.046296,0.095115,2.853308,-0.250071,2.265060,-2.542016,2.855261,2.247292,-2.542016,0.000000,0.000000,0.012740,-0.396332,-29.728302,-0.017767,0.002000,0.000770,0.001991,-0.000099,0.000770,0.046296,0.095115,-9.809430,0.013077,-0.022875,0.002000,-2.465111,0.003044,27.000000,0.013045,2.855261,-0.250071,0.000000,0.000000,-0.016000,0.002000,43,0,1,31,28,-0.006033,-0.006712,-2.540137,0.182652,-0.367262,10.331373,2.247278,0.003044,0.004719,7,1,0,0.000000,0,1.310120,0.000000,-1.000000,0,-0.027142,0.000000,-0.054285,1.310120,-0.027142,1,1,1,0.602170,0.000000,0.000000,0.000000,0.000000,0.000000,0.000000,0.000000
0.6701,2.828295,-0.000767,-2.551292,0.000000,-1.000000,-0.045081,1,1.310120,192,0.045706,0.097824,2.828295,-0.264417,2.240121,-2.551292,2.830046,2.222345,-2.551292,-0.000767,0.000000,0.012773,-0.396332,-29.728302,-0.017776,0.000000,0.000687,0.002134,0.000285,0.000687,0.045706,0.097824,-9.809406,-0.006343,-0.002480,0.000000,-2.490823,0.002797,27.000000,0.013045,2.830046,-0.264417,-0.000767,0.000000,-0.016000,0.000000,48,0,1,31,28,0.006798,-0.032177,-2.551090,0.256759,-0.318958,9.518420,2.221566,0.002797,0.004651,7,1,0,0.000000,0,1.310120,0.000000,-1.000000,0,-0.027142,0.000000,-0.045081,1.310120,-0.027142,1,1,1,0.602121,0.000000,0.000000,0.000000,0.000000,0.000000,0.000000,0.000000
0.6801,2.802919,-0.000767,-2.564568,0.000000,-1.000000,-0.052751,1,1.310120,202,0.043715,0.100563,2.802919,-0.265360,2.214552,-2.564568,2.804351,2.196767,-2.564568,-0.000767,0.000000,0.012823,-0.396332,-29.728302,-0.017785,0.001000,0.000559,0.002164,0.000457,0.000559,0.043715,0.100563,-9.809387,0.005007,-0.021798,0.001000,-2.516401,0.002569,27.000000,0.013045,2.804351,-0.265360,-0.000767,0.000000,-0.016000,0.001000,53,0,1,31,28,0.002502,-0.010649,-2.563643,0.354029,-0.571052,9.803062,2.195988,0.002569,0.004448,7,1,0,0.000000,0,1.310120,0.000000,-1.000000,0,-0.027142,0.000000,-0.052751,1.310120,-0.027142,1,1,1,0.602074,0.000000,0.000000,0.000000,0.000000,0.000000,0.000000,0.000000
0.6901,2.778091,-0.000767,-2.591213,0.000000,-1.000000,-0.052751,1,1.310120,212,0.042892,0.102497,2.778091,-0.258239,2.188877,-2.591213,2.779904,2.171072,-2.591213,-0.000767,0.000000,0.012767,-0.396332,-29.728302,-0.017805,0.000000,0.000701,0.002146,0.000555,0.000701,0.042892,0.102497,-9.809371,0.035190,-0.015514,0.000000,-2.542094,0.002315,27.000000,0.013045,2.779904,-0.258239,-0.000767,0.000000,-0.016000,0.000000,58,0,1,31,28,-0.027395,-0.006093,-2.591347,0.171504,-0.670911,9.361701,2.170295,0.002315,0.004364,7,1,0,0.000000,0,1.310120,0.000000,-1.000000,0,-0.027142,0.000000,-0.052751,1.310120,-0.027142,1,1,1,0.602027,0.000000,0.000000,0.000000,0.000000,0.000000,0.000000,0.000000
0.7001,2.749034,-0.000767,-2.601215,0.000000,-1.000000,-0.052751,1,1.310120,222,0.041702,0.104050,2.749034,-0.273528,2.162900,-2.601215,2.751236,2.145086,-2.601215,-0.000767,0.000000,0.012709,-0.396332,-29.728302,-0.017813,-0.001000,0.000848,0.002000,-0.002853,0.000848,0.041702,0.104050,-9.809360,0.002365,-0.012275,-0.001000,-2.568078,0.002099,27.000000,0.013045,2.751236,-0.273528,-0.000767,0.000000,-0.016000,-0.001000,63,0,1,31,28,0.002502,-0.020824,-2.602161,0.057241,-0.136428,10.218766,2.144311,0.002099,0.004243,7,1,0,0.000000,0,1.310120,0.000000,-1.000000,0,-0.027142,0.000000,-0.052751,1.310120,-0.027142,1,1,1,0.601982,0.000000,0.000000,0.000000,0.000000,0.000000,0.000000,0.000000
0.7101,2.723421,-0.000767,-2.617533,0.000000,-1.000000,-0.052751,1,1.310120,232,0.039374,0.105952,2.723421,-0.282743,2.136752,-2.617533,2.725638,2.118663,-2.617533,-0.000767,0.000000,0.012709,-0.396332,-29.728302,-0.018089,-0.002000,0.000847,0.001850,-0.001773,0.000847,0.039374,0.105952,-9.809349,-0.003426,-0.003725,-0.002000,-2.594500,0.001905,27.000000,0.013045,2.725638,-0.282743,-0.000767,0.000000,-0.016000,-0.002000,68,0,1,31,28,0.004642,-0.031275,-2.619347,0.181928,-0.618247,9.745054,2.117889,0.001905,0.004005,8,1,0,0.000000,0,1.310120,0.000000,-1.000000,0,-0.027142,0.000000,-0.052751,1.310120,-0.027142,1,1,1,0.601934,0.000000,0.000000,0.000000,0.000000,0.000000,0.000000,0.000000
0.7201,2.697605,-0.000767,-2.652198,0.000000,-1.000000,-0.052751,1,1.310120,242,0.037650,0.107635,2.697605,-0.274575,2.110070,-2.652198,2.699847,2.092220,-2.652198,-0.000767,0.000000,0.012709,-0.396332,-29.728302,-0.017851,-0.001000,0.000848,0.001858,-0.001389,0.000848,0.037650,0.107635,-9.809337,0.018805,-0.015524,-0.001000,-2.620943,0.001734,27.000000,0.013045,2.699847,-0.274575,-0.000767,0.000000,-0.016000,-0.001000,73,0,1,31,28,-0.010331,-0.011632,-2.653264,0.400875,-0.632658,9.371805,2.091446,0.001734,0.003830,7,1,0,0.000000,0,1.310120,0.000000,-1.000000,0,-0.027142,0.000000,-0.052751,1.310120,-0.027142,1,1,1,0.601888,0.000000,0.000000,0.000000,0.000000,0.000000,0.000000,0.000000
0.7301,2.670846,-0.000767,-2.672384,0.000000,-1.000000,-0.052751,1,1.310120,252,0.037009,0.109259,2.670846,-0.279706,2.083376,-2.672384,2.672906,2.065514,-2.672384,-0.000767,0.000000,0.012741,-0.396332,-29.728302,-0.017862,0.000000,0.000767,0.001962,-0.001170,0.000767,0.037009,0.109259,-9.809322,0.013782,-0.018449,0.000000,-2.647648,0.001600,27.000000,0.013045,2.672906,-0.279706,-0.000767,0.000000,-0.016000,0.000000,78,0,1,31,28,-0.003933,-0.011359,-2.672456,0.144279,-0.413796,10.225606,2.064741,0.001600,0.003764,7,1,0,0.000000,0,1.310120,0.000000,-1.000000,0,-0.027142,0.000000,-0.052751,1.310120,-0.027142,1,1,1,0.601842,0.000000,0.000000,0.000000,0.000000,0.000000,0.000000,0.000000
0.7401,2.643204,-0.000767,-2.717464,0.000000,-1.000000,-0.052751,1,1.310120,6,0.035920,0.110047,2.643204,-0.289969,2.056500,-2.717464,2.645678,2.038607,-2.717464,-0.000767,0.000000,0.012680,-0.396332,-29.728302,-0.017893,0.000000,0.000921,0.002003,-0.000359,0.000921,0.035920,0.110047,-9.809317,-0.006336,-0.015871,0.000000,-2.674554,0.001459,27.000000,0.013045,2.645678,-0.289969,-0.000767,0.000000,-0.016000,0.000000,83,0,1,31,28,0.013144,-0.023536,-2.717384,0.162453,-0.644940,9.582076,2.037835,0.001459,0.003653,7,1,0,0.000000,0,1.310120,0.000000,-1.000000,0,-0.027142,0.000000,-0.052751,1.310120,-0.027142,1,1,1,0.601792,0.000000,0.000000,0.000000,0.000000,0.000000,0.000000,0.000000
0.7501,2.615871,-0.000767,-2.720509,0.000000,-1.000000,-0.052751,1,1.310120,16,0.033367,0.111985,2.615871,-0.289969,2.029347,-2.720509,2.618257,2.011452,-2.720509,-0.000767,0.000000,0.012698,-0.396332,-29.728302,-0.017895,0.001000,0.000876,0.002143,0.000458,0.000876,0.033367,0.111985,-9.809304,0.012895,-0.010147,0.001000,-2.701708,0.001279,27.000000,0.013045,2.618257,-0.289969,-0.000767,0.000000,-0.016000,0.001000,88,0,1,31,28,-0.006073,-0.019289,-2.719483,0.201091,-0.599584,9.783536,2.010681,0.001279,0.003393,7,1,0,0.000000,0,1.310120,0.000000,-1.000000,0,-0.027142,0.000000,-0.052751,1.310120,-0.027142,1,1,1,0.601740,0.000000,0.000000,0.000000,0.000000,0.000000,0.000000,0.000000
0.7601,2.589648,-0.000767,-2.755005,0.000000,-1.000000,-0.052751,1,1.310120,26,0.030098,0.113737,2.589648,-0.266407,2.002036,-2.755005,2.592180,1.983839,-2.755005,-0.000767,0.000000,0.012681,-0.396332,-29.728302,-0.018197,0.001000,0.000919,0.001988,0.000175,0.000919,0.030098,0.113737,-9.809294,0.018467,0.010078,0.001000,-2.729320,0.001084,27.000000,0.013045,2.592180,-0.266407,-0.000767,0.000000,-0.016000,0.001000,93,0,1,31,28,-0.021010,-0.033836,-2.753798,0.478175,-0.805674,9.446680,1.983069,0.001084,0.003059,8,1,0,0.000000,0,1.310120,0.000000,-1.000000,0,-0.027142,0.000000,-0.052751,1.310120,-0.027142,1,1,1,0.601689,0.000000,0.000000,0.000000,0.000000,0.000000,0.000000,0.000000
0.7701,2.563421,-0.000767,-2.775975,0.000000,-1.000000,-0.052751,1,1.310120,36,0.028689,0.115587,2.563421,-0.278659,1.974136,-2.775975,2.566006,1.956197,-2.775975,-0.000767,0.000000,0.012675,-0.396332,-29.728302,-0.017939,-0.001000,0.000933,0.001988,0.000158,0.000933,0.028689,0.115587,-9.809277,0.009402,-0.018908,-0.001000,-2.756961,0.000890,27.000000,0.013045,2.566006,-0.278659,-0.000767,0.000000,-0.016000,-0.001000,98,0,1,31,28,0.002443,-0.014225,-2.777018,0.038871,-0.309260,10.274441,1.955428,0.000890,0.002915,7,1,0,0.000000,0,1.310120,0.000000,-1.000000,0,-0.027142,0.000000,-0.052751,1.310120,-0.027142,1,1,1,0.601645,0.000000,0.000000,0.000000,0.000000,0.000000,0.000000,0.000000
0.7801,2.533900,-0.000767,-2.806555,0.000000,-0.956885,-0.052751,1,1.310120,46,0.026738,0.117745,2.533900,-0.295100,1.946500,-2.806555,2.536476,1.928258,-2.806555,-0.000767,0.000000,0.012680,-0.396332,-29.728302,-0.018242,-0.001000,0.000920,0.001990,-0.016687,0.000920,0.026738,0.117745,-9.809257,-0.008421,0.004062,-0.001000,-2.784900,0.000675,27.000000,0.013045,2.536476,-0.295100,-0.000767,0.000000,-0.016000,-0.001000,103,0,1,31,28,0.004600,-0.043739,-2.807226,-0.009051,-0.562981,9.908182,1.927489,0.000675,0.002716,8,1,0,0.000000,0,1.310120,0.000000,-0.956885,0,-0.027142,0.000000,-0.052751,1.310120,-0.027142,1,1,1,0.601620,0.000000,0.000000,0.000000,0.000000,0.000000,0.000000,0.000000
0.7901,2.506855,-0.000767,-2.825295,0.000000,-0.901950,-0.052751,1,1.310120,56,0.023286,0.120163,2.506855,-0.282743,1.918374,-2.825295,2.509056,1.900397,-2.825295,-0.000767,0.000000,0.012736,-0.396332,-29.728302,-0.017977,-0.001000,0.000780,0.001994,-0.001762,0.000780,0.023286,0.120163,-9.809236,0.018717,-0.000747,-0.001000,-2.812760,0.000485,27.000000,0.013045,2.509056,-0.282743,-0.000767,0.000000,-0.016000,-0.001000,108,0,1,31,28,-0.014637,-0.024306,-2.826215,0.601026,-0.544960,9.248402,1.899629,0.000485,0.002364,7,1,0,0.000000,0,1.310120,0.000000,-0.901950,0,-0.027142,0.000000,-0.052751,1.310120,-0.027142,1,1,1,0.601579,0.000000,0.000000,0.000000,0.000000,0.000000,0.000000,0.000000
0.8001,2.481033,-0.001534,-2.863156,0.000000,-0.852207,-0.043547,1,1.310120,66,0.022980,0.122366,2.481033,-0.285885,1.891037,-2.863156,2.482977,1.873035,-2.863156,-0.001534,0.000000,0.012776,-0.396332,-29.728302,-0.018002,-0.001000,0.000680,0.002098,0.001752,0.000680,0.022980,0.122366,-9.809210,0.030837,-0.019339,-0.001000,-2.840888,0.000298,27.000000,0.013045,2.482977,-0.285885,-0.001534,0.000000,-0.016000,-0.001000,113,0,1,31,28,-0.012537,-0.002421,-2.864359,-0.160398,-0.447948,10.655733,1.871501,0.000298,0.002323,7,1,0,0.000000,0,1.310120,0.000000,-0.852207,0,-0.027142,0.000000,-0.043547,1.310120,-0.027142,1,1,1,0.601539,0.000000,0.000000,0.000000,0.000000,0.000000,0.000000,0.000000
0.8101,2.452052,-0.000767,-2.877709,0.000000,-0.772112,-0.060421,1,1.310120,76,0.021796,0.123863,2.452052,-0.302221,1.861568,-2.877709,2.453831,1.843558,-2.877709,-0.000767,0.000000,0.012800,-0.396332,-29.728302,-0.018010,0.000000,0.000618,0.002006,-0.000182,0.000618,0.021796,0.123863,-9.809194,-0.010109,-0.011702,0.000000,-2.869598,0.000172,27.000000,0.013045,2.453831,-0.302221,-0.000767,0.000000,-0.016000,0.000000,118,0,1,31,28,0.015243,-0.034225,-2.877507,0.201287,-0.845249,9.541807,1.842791,0.000172,0.002212,7,1,0,0.000000,0,1.310120,0.000000,-0.772112,0,-0.027142,0.000000,-0.060421,1.310120,-0.027142,1,1,1,0.601502,0.000000,0.000000,0.000000,0.000000,0.000000,0.000000,0.000000
0.8201,2.423865,-0.001534,-2.911348,0.000000,-0.733114,-0.043547,1,1.310120,86,0.019106,0.124266,2.423865,-0.299184,1.833777,-2.911348,2.425932,1.815745,-2.911348,-0.001534,0.000000,0.012763,-0.396332,-29.728302,-0.018032,0.002000,0.000711,0.001980,0.002004,0.000711,0.019106,0.124266,-9.809194,0.014986,-0.011134,0.002000,-2.898178,0.000093,27.000000,0.013045,2.425932,-0.299184,-0.001534,0.000000,-0.016000,0.002000,123,0,1,31,28,-0.003994,-0.018896,-2.909344,0.010699,-0.895283,9.713448,1.814211,0.000093,0.001928,7,1,0,0.000000,0,1.310120,0.000000,-0.733114,0,-0.027142,0.000000,-0.043547,1.310120,-0.027142,1,1,1,0.601463,0.000000,0.000000,0.000000,0.000000,0.000000,0.000000,0.000000
0.8301,2.393366,-0.000767,-2.926550,0.000000,-0.629148,-0.060421,1,1.310120,96,0.015462,0.124294,2.393366,-0.300127,1.801946,-2.926550,2.396977,1.783903,-2.926550,-0.000767,0.000000,0.012557,-0.396332,-29.728302,-0.018043,0.002000,0.001231,0.001971,0.001465,0.001231,0.015462,0.124294,-9.809200,0.018845,0.007516,0.002000,-2.929253,-0.000115,27.000000,0.013045,2.396977,-0.300127,-0.000767,0.000000,-0.016000,0.002000,128,0,1,31,28,-0.018930,-0.029425,-2.924411,0.909357,-0.865996,9.704756,1.783136,-0.000115,0.001566,7,1,0,0.000000,0,1.310120,0.000000,-0.629148,0,-0.027142,0.000000,-0.060421,1.310120,-0.027142,1,1,1,0.601425,0.000000,0.000000,0.000000,0.000000,0.000000,0.000000,0.000000
0.8401,2.361149,-0.001534,-2.962401,0.000000,-0.608174,-0.043547,1,1.310120,106,0.015609,0.125746,2.361149,-0.317510,1.773690,-2.962401,2.364763,1.755620,-2.962401,-0.001534,0.000000,0.012561,-0.396332,-29.728302,-0.018070,0.000000,0.001221,0.001957,-0.002298,0.001221,0.015609,0.125746,-9.809182,0.020704,-0.021326,0.000000,-2.958302,-0.000260,27.000000,0.013045,2.364763,-0.317510,-0.001534,0.000000,-0.016000,0.000000,133,0,1,31,28,0.000247,-0.007490,-2.962541,-0.467295,-0.481648,10.272379,1.754087,-0.000260,0.001571,7,1,0,0.000000,0,1.310120,0.000000,-0.608174,0,-0.027142,0.000000,-0.043547,1.310120,-0.027142,1,1,1,0.601390,0.000000,0.000000,0.000000,0.000000,0.000000,0.000000,0.000000
0.8501,2.332466,-0.000767,-2.988671,0.000000,-0.524121,-0.060421,1,1.310120,116,0.011738,0.128220,2.332466,-0.311437,1.743138,-2.988671,2.335809,1.725047,-2.988671,-0.000767,0.000000,0.012601,-0.396332,-29.728302,-0.018091,0.000000,0.001121,0.002031,-0.000170,0.001121,0.011738,0.128220,-9.809155,0.007667,0.004113,0.000000,-2.988108,-0.000471,27.000000,0.013045,2.335809,-0.311437,-0.000767,0.000000,-0.016000,0.000000,138,0,1,31,28,-0.008270,-0.034955,-2.988467,0.344321,-0.664556,9.629849,1.724281,-0.000471,0.001187,7,1,0,0.000000,0,1.310120,0.000000,-0.524121,0,-0.027142,0.000000,-0.060421,1.310120,-0.027142,1,1,1,0.601353,0.000000,0.000000,0.000000,0.000000,0.000000,0.000000,0.000000
0.8601,2.303234,-0.001534,-2.999294,0.000000,-0.483792,-0.043547,1,1.310120,126,0.009684,0.130697,2.303234,-0.318558,1.714307,-2.999294,2.306375,1.696208,-2.999294,-0.001534,0.000000,0.012630,-0.396332,-29.728302,-0.018099,0.000000,0.001048,0.001977,0.000093,0.001048,0.009684,0.130697,-9.809125,0.019384,0.013783,0.000000,-3.017714,-0.000695,27.000000,0.013045,2.306375,-0.318558,-0.001534,0.000000,-0.016000,0.000000,143,0,1,31,28,-0.023218,-0.032719,-2.999120,0.038126,-0.795524,9.379503,1.694675,-0.000695,0.000967,7,1,0,0.000000,0,1.310120,0.000000,-0.483792,0,-0.027142,0.000000,-0.043547,1.310120,-0.027142,1,1,1,0.601314,0.000000,0.000000,0.000000,0.000000,0.000000,0.000000,0.000000
0.8701,2.271113,-0.000767,-3.007837,0.000000,-0.399534,-0.060421,1,1.310120,136,0.005925,0.132707,2.271113,-0.319605,1.683266,-3.007837,2.273970,1.665155,-3.007837,-0.000767,0.000000,0.012670,-0.396332,-29.728302,-0.018111,-0.002000,0.000947,0.001983,-0.001576,0.000947,0.005925,0.132707,-9.809101,0.011515,-0.001674,-0.002000,-3.048001,-0.000859,27.000000,0.013045,2.273970,-0.319605,-0.000767,0.000000,-0.016000,-0.002000,148,0,1,31,28,-0.006149,-0.028254,-3.009721,0.336025,-0.585455,10.195294,1.664388,-0.000859,0.000594,7,1,0,0.000000,0,1.310120,0.000000,-0.399534,0,-0.027142,0.000000,-0.060421,1.310120,-0.027142,1,1,1,0.601272,0.000000,0.000000,0.000000,0.000000,0.000000,0.000000,0.000000
0.8801,2.243322,-0.000767,-3.080472,0.000000,-0.348688,-0.052751,1,1.310120,146,0.003944,0.133787,2.243322,-0.306305,1.653198,-3.080472,2.246453,1.635040,-3.080472,-0.000767,0.000000,0.012640,-0.396332,-29.728302,-0.018158,0.000000,0.001022,0.002011,0.002310,0.001022,0.003944,0.133787,-9.809087,0.007222,0.007579,0.000000,-3.078116,-0.000999,27.000000,0.013045,2.246453,-0.306305,-0.000767,0.000000,-0.016000,0.000000,153,0,1,31,28,-0.010428,-0.038016,-3.080238,0.106698,-0.991087,9.731688,1.634273,-0.000999,0.000392,7,1,0,0.000000,0,1.310120,0.000000,-0.348688,0,-0.027142,0.000000,-0.052751,1.310120,-0.027142,1,1,1,0.601231,0.000000,0.000000,0.000000,0.000000,0.000000,0.000000,0.000000
0.8901,2.225811,-0.000767,-3.104194,0.000000,-0.277174,-0.052751,1,1.310120,156,0.000660,0.135473,2.225811,-0.307352,1.622159,-3.104194,2.228908,1.603984,-3.104194,-0.000767,0.000000,0.012649,-0.396332,-29.728302,-0.018175,0.001000,0.000998,0.001999,0.006232,0.000998,0.000660,0.135473,-9.809065,0.024840,-0.019371,0.001000,-3.109172,-0.001161,27.000000,0.013045,2.228908,-0.307352,-0.000767,0.000000,-0.016000,0.001000,158,0,1,31,28,0.000206,-0.007756,-3.103344,0.489192,-0.962784,9.780073,1.603217,-0.001161,0.000057,7,1,0,0.000000,0,1.310120,0.000000,-0.277174,0,-0.027142,0.000000,-0.052751,1.310120,-0.027142,1,1,1,0.601205,0.000000,0.000000,0.000000,0.000000,0.000000,0.000000,0.000000
0.9001,2.182719,-0.001534,-3.124628,0.000000,-0.229362,-0.043547,1,1.310120,166,-0.000732,0.137385,2.182719,-0.316568,1.592311,-3.124628,2.184901,1.574120,-3.124628,-0.001534,0.000000,0.012768,-0.396332,-29.728302,-0.018190,0.000000,0.000698,0.002149,-0.001530,0.000698,-0.000732,0.137385,-9.809038,0.029020,-0.007629,0.000000,-3.139803,-0.001237,27.000000,0.013045,2.184901,-0.316568,-0.001534,0.000000,-0.016000,0.000000,163,0,1,31,28,-0.010469,-0.011777,-3.124733,0.068982,-0.918146,10.019509,1.572586,-0.001237,-0.000096,7,1,0,0.000000,0,1.310120,0.000000,-0.229362,0,-0.027142,0.000000,-0.043547,1.310120,-0.027142,1,1,1,0.601179,0.000000,0.000000,0.000000,0.000000,0.000000,0.000000,0.000000
0.9101,2.151979,-0.001534,-3.153544,0.000000,-0.153913,-0.051217,1,1.310120,176,-0.001576,0.138520,2.151979,-0.343167,1.561154,-3.153544,2.154030,1.542946,-3.153544,-0.001534,0.000000,0.012787,-0.396332,-29.728302,-0.018207,0.001000,0.000650,0.002006,-0.000493,0.000650,-0.001576,0.138520,-9.809022,0.013402,-0.016747,0.001000,3.112209,-0.001333,27.000000,0.013045,2.154030,-0.343167,-0.001534,0.000000,-0.016000,0.001000,168,0,1,31,28,0.006608,-0.019907,-3.152547,0.306260,-0.665401,9.696809,1.541412,-0.001333,-0.000182,7,1,0,0.000000,0,1.310120,0.000000,-0.153913,0,-0.027142,0.000000,-0.051217,1.310120,-0.027142,1,1,1,0.601148,0.000000,0.000000,0.000000,0.000000,0.000000,0.000000,0.000000
0.9201,2.117865,-0.001534,-3.172896,0.000000,-0.064494,-0.051217,1,1.310120,186,-0.004590,0.136420,2.117865,-0.329867,1.527738,-3.172896,2.121815,1.509516,-3.172896,-0.001534,0.000000,0.012552,-0.396332,-29.728302,-0.018221,0.001000,0.001243,0.002001,-0.000106,0.001243,-0.004590,0.136420,-9.809050,0.008287,-0.012811,0.001000,3.078778,-0.001354,27.000000,0.013045,2.121815,-0.329867,-0.001534,0.000000,-0.016000,0.001000,173,0,1,31,28,0.006609,-0.026063,-3.171819,-0.218312,-0.652687,10.194259,1.507982,-0.001354,-0.000489,7,1,0,0.000000,0,1.310120,0.000000,-0.064494,0,-0.027142,0.000000,-0.051217,1.310120,-0.027142,1,1,1,0.601109,0.000000,0.000000,0.000000,0.000000,0.000000,0.000000,0.000000
0.9301,2.086828,-0.001534,-3.199636,0.000000,-0.019972,-0.051217,1,1.310120,196,-0.008519,0.138052,2.086828,-0.327773,1.496192,-3.199636,2.090656,1.477948,-3.199636,-0.001534,0.000000,0.012570,-0.396332,-29.728302,-0.018244,0.000000,0.001199,0.002044,-0.000463,0.001199,-0.008519,0.138052,-9.809025,0.019865,0.005658,0.000000,3.047209,-0.001502,27.000000,0.013045,2.090656,-0.327773,-0.001534,0.000000,-0.016000,0.000000,178,0,1,31,28,-0.014745,-0.025755,-3.199565,0.219557,-0.681390,9.438190,1.476413,-0.001502,-0.000890,7,1,0,0.000000,0,1.310120,0.000000,-0.019972,0,-0.027142,0.000000,-0.051217,1.310120,-0.027142,1,1,1,0.601076,0.000000,0.000000,0.000000,0.000000,0.000000,0.000000,0.000000
0.9401,2.055135,-0.001534,-3.250497,0.000000,0.046985,-0.051217,1,1.310120,206,-0.011018,0.139513,2.055135,-0.319605,1.464341,-3.250497,2.058634,1.446061,-3.250497,-0.001534,0.000000,0.012616,-0.396332,-29.728302,-0.018280,0.000000,0.001082,0.002006,-0.001189,0.001082,-0.011018,0.139513,-9.809002,0.028363,-0.007926,0.000000,3.015322,-0.001604,27.000000,0.013045,2.058634,-0.319605,-0.001534,0.000000,-0.016000,0.000000,183,0,1,31,28,-0.006236,-0.012229,-3.250601,-0.045329,-0.468189,10.751309,1.444526,-0.001604,-0.001145,7,1,0,0.000000,0,1.310120,0.000000,0.046985,0,-0.027142,0.000000,-0.051217,1.310120,-0.027142,1,1,1,0.601043,0.000000,0.000000,0.000000,0.000000,0.000000,0.000000,0.000000
0.9501,2.032174,-0.001630,-3.207495,-0.104720,0.115626,-0.050060,1,1.310120,216,-0.011066,0.141478,2.032174,-0.253108,1.432028,-3.207495,2.035144,1.413769,-3.207495,-0.001630,-0.104720,0.012680,-0.396332,-29.728302,-0.018260,-0.002000,0.000921,0.002002,0.001964,0.000921,-0.011066,0.141478,-9.808974,0.042624,-0.007116,-0.106720,2.982933,-0.001740,27.000000,0.013045,2.035144,-0.253108,-0.001534,-0.104720,-0.016000,-0.002000,188,0,1,31,28,-0.012671,-0.000712,-3.314472,-0.286504,-0.929566,9.377945,1.412137,-0.001740,-0.001152,7,1,0,0.000000,0,1.310120,0.000000,0.115626,0,-0.027142,0.000000,-0.050060,1.310120,-0.027142,1,1,1,0.601027,0.000000,0.000000,0.000000,0.000000,0.000000,0.000000,0.000000
0.9601,2.016328,-0.004001,-3.187116,-0.209440,0.162897,-0.022579,1,1.310120,226,-0.008825,0.144185,2.016328,-0.165143,1.401466,-3.187116,2.018846,1.382919,-3.187116,-0.004001,-0.209440,0.012731,-0.396332,-29.728302,-0.018547,0.000000,0.000792,0.002050,0.004187,0.000792,-0.008825,0.144185,-9.808936,0.080242,-0.012728,-0.209440,2.949713,-0.001964,27.000000,0.013045,2.018846,-0.165143,-0.003835,-0.209440,-0.016000,0.000000,193,0,1,31,28,-0.023406,0.034554,-3.397271,-0.608551,-1.282219,10.044122,1.378917,-0.001964,-0.000958,8,1,0,0.000000,0,1.310120,0.000000,0.162897,0,-0.027142,0.000000,-0.022579,1.310120,-0.027142,1,1,1,0.601046,0.000000,0.000000,0.000000,0.000000,0.000000,0.000000,0.000000
0.9701,2.017534,-0.007101,-3.140423,-0.314159,0.224677,-0.009074,1,1.310120,236,-0.007011,0.147028,2.017534,0.018850,1.370265,-3.140423,2.019516,1.352063,-3.140423,-0.007101,-0.314159,0.012794,-0.396332,-29.728302,-0.018203,0.004000,0.000633,0.002150,0.008646,0.000633,-0.007011,0.147028,-9.808896,0.049159,-0.012205,-0.310159,2.915756,-0.002188,27.000000,0.013045,2.019516,0.018850,-0.006903,-0.314159,-0.016000,0.004000,198,0,1,31,28,-0.010583,0.005383,-3.450933,-0.600000,-0.929364,10.124235,1.344960,-0.002188,-0.000821,7,1,0,0.000000,0,1.310120,0.000000,0.224677,0,-0.027142,0.000000,-0.009074,1.310120,-0.027142,1,1,1,0.609839,0.000000,0.000000,0.000000,0.000000,0.000000,0.000000,0.000000
0.9801,2.034889,-0.013835,-2.998853,-0.628319,0.275586,0.040715,1,1.310120,246,0.001612,0.144910,2.034889,0.177395,1.340210,-2.998853,2.038692,1.322107,-2.998853,-0.013835,-0.628319,0.012543,-0.396332,-29.728302,-0.018103,0.008000,0.001267,0.002006,0.010377,0.001267,0.001612,0.144910,-9.808930,0.192200,-0.116223,-0.620319,2.879070,-0.002230,27.000000,0.013045,2.038692,0.177395,-0.013039,-0.628319,-0.016000,0.008000,2,0,1,31,28,0.014800,0.178707,-3.621697,-2.208677,-0.223115,10.168569,1.308273,-0.002230,-0.000040,7,1,0,0.000000,0,1.310120,0.000000,0.275586,0,-0.027142,0.000000,0.040715,1.310120,-0.027142,1,1,1,0.634170,0.000000,0.000000,0.000000,0.000000,0.000000,0.000000,0.000000
0.9901,2.017629,-0.026838,-2.375010,-1.466077,0.275707,0.129425,1,1.310120,0,0.031533,0.150363,2.017629,-0.196873,1.314855,-2.375010,2.020188,1.297133,-2.375010,-0.026838,-1.466077,0.012632,-0.396332,-29.728302,-0.017721,0.011000,0.001042,0.002042,-0.004273,0.001042,0.031533,0.150363,-9.808797,0.249028,-0.041051,-1.455077,2.841102,-0.002777,27.000000,0.013045,2.020188,-0.196873,-0.025311,-1.466077,-0.016000,0.011000,7,0,1,31,28,-0.077065,0.191936,-3.832817,-4.856143,-2.084090,8.186207,1.270306,-0.002777,0.002802,7,1,0,0.000000,0,1.310120,0.000000,0.275707,0,-0.027142,0.000000,0.129425,1.310120,-0.027142,1,1,1,0.639614,0.000000,0.000000,0.000000,0.000000,0.000000,0.000000,0.000000
1.0001,1.989659,-0.039613,-1.962920,-1.361357,0.287745,0.152694,1,1.310120,10,0.021108,0.151944,1.989659,-0.281801,1.293696,-1.962920,1.991521,1.275319,-1.962920,-0.039613,-1.361357,0.012677,-0.396332,-29.728302,-0.018377,0.018000,0.000928,0.002017,-0.013029,0.000928,0.021108,0.151944,-9.808801,-0.150982,0.055082,-1.343357,2.806511,-0.002885,27.000000,0.013045,1.991521,-0.281801,-0.038349,-1.361357,-0.017000,0.018000,12,0,1,31,28,0.017429,-0.201668,-3.303986,-1.444204,-2.508555,7.083563,1.235715,-0.002885,0.001537,7,1,0,0.000000,0,1.310120,0.000000,0.287745,0,-0.027142,0.000000,0.152694,1.310120,-0.027142,1,1,1,0.640130,0.000000,0.000000,0.000000,0.000000,0.000000,0.000000,0.000000
1.0101,1.974439,-0.051664,-1.794368,-1.151917,0.291701,0.169556,1,1.310120,20,0.011689,0.150126,1.974439,-0.166190,1.275059,-1.794368,1.976085,1.256810,-1.794368,-0.051664,-1.151917,0.012686,-0.396332,-29.728302,-0.018249,0.028000,0.000906,0.001999,0.001392,0.000906,0.011689,0.150126,-9.808844,0.124784,-0.142024,-1.123917,2.775950,-0.002659,27.000000,0.013045,1.976085,-0.166190,-0.050621,-1.151917,-0.017000,0.028000,17,0,1,31,28,0.072684,0.137490,-2.920264,0.439773,-1.153360,8.945499,1.205153,-0.002659,0.000400,7,1,0,0.000000,0,1.310120,0.000000,0.291701,0,-0.027142,0.000000,0.169556,1.310120,-0.027142,1,1,1,0.640319,0.000000,0.000000,0.000000,0.000000,0.000000,0.000000,0.000000
1.0201,1.957308,-0.061285,-1.525161,-0.942478,0.305982,0.164490,1,1.310120,30,0.026586,0.143900,1.957308,-0.190695,1.258266,-1.525161,1.958444,1.240197,-1.525161,-0.061285,-0.942478,0.012754,-0.396332,-29.728302,-0.018069,0.012000,0.000735,0.002040,-0.000583,0.000735,0.026586,0.143900,-9.808909,0.114918,-0.126524,-0.930478,2.749719,-0.002054,27.000000,0.013045,1.958444,-0.190695,-0.060592,-0.942478,-0.017000,0.012000,22,0,1,31,28,0.064292,0.127039,-2.457459,-3.696363,1.025151,9.692052,1.178922,-0.002054,0.001807,7,1,0,0.000000,0,1.310120,0.000000,0.305982,0,-0.027142,0.000000,0.164490,1.310120,-0.027142,1,1,1,0.640513,0.000000,0.000000,0.000000,0.000000,0.000000,0.000000,0.000000
1.0301,1.939242,-0.066554,-1.390283,-0.733038,0.350478,0.131521,1,1.310120,40,0.032997,0.136374,1.939242,-0.182527,1.240608,-1.390283,1.940419,1.222644,-1.390283,-0.066554,-0.733038,0.012724,-0.396332,-29.728302,-0.017964,0.002000,0.000810,0.002017,0.000005,0.000810,0.032997,0.136374,-9.808997,-0.065298,-0.033830,-0.731038,2.726896,-0.001371,27.000000,0.013045,1.940419,-0.182527,-0.065961,-0.733038,-0.017000,0.002000,27,0,1,31,28,0.058197,-0.071948,-2.120578,-4.446701,0.371604,10.699461,1.156099,-0.001371,0.002432,7,1,0,0.000000,0,1.310120,0.000000,0.350478,0,-0.027142,0.000000,0.131521,1.310120,-0.027142,1,1,1,0.640704,0.000000,0.000000,0.000000,0.000000,0.000000,0.000000,0.000000
1.0401,1.923362,-0.071900,-1.117434,-0.628319,0.340490,0.142974,1,1.310120,50,0.020721,0.135577,1.923362,-0.160012,1.226715,-1.117434,1.924408,1.208849,-1.117434,-0.071900,-0.628319,0.012685,-0.396332,-29.728302,-0.017866,-0.005000,0.000908,0.001999,-0.001454,0.000908,0.020721,0.135577,-9.809041,-0.136143,0.086431,-0.633319,2.707754,-0.001252,27.000000,0.013045,1.924408,-0.160012,-0.071330,-0.628319,-0.017000,-0.005000,32,0,1,31,28,-0.022693,-0.181852,-1.748587,-1.101095,-0.074376,9.787967,1.136957,-0.001252,0.001114,8,1,0,0.000000,0,1.310120,0.000000,0.340490,0,-0.027142,0.000000,0.142974,1.310120,-0.027142,1,1,1,0.640895,0.000000,0.000000,0.000000,0.000000,0.000000,0.000000,0.000000
1.0501,1.909832,-0.074637,-1.139265,-0.314159,0.360137,0.122354,1,1.310120,60,0.011106,0.138871,1.909832,-0.150796,1.213505,-1.139265,1.910698,1.195716,-1.139265,-0.074637,-0.314159,0.012744,-0.396332,-29.728302,-0.017788,-0.007000,0.000760,0.001997,-0.000944,0.000760,0.011106,0.138871,-9.809011,0.026700,0.008520,-0.321159,2.691883,-0.001458,27.000000,0.013045,1.910698,-0.150796,-0.074398,-0.314159,-0.017000,-0.007000,37,0,1,31,28,-0.018534,0.002411,-1.460574,-0.279870,-0.860054,8.392894,1.121087,-0.001458,0.000073,7,1,0,0.000000,0,1.310120,0.000000,0.360137,0,-0.027142,0.000000,0.122354,1.310120,-0.027142,1,1,1,0.641076,0.000000,0.000000,0.000000,0.000000,0.000000,0.000000,0.000000
1.0601,1.897209,-0.076088,-0.978542,-0.209440,0.366552,0.112401,1,1.310120,70,0.018759,0.138207,1.897209,-0.121161,1.201857,-0.978542,1.897947,1.184237,-0.978542,-0.076088,-0.209440,0.012750,-0.396332,-29.728302,-0.017620,0.000000,0.000744,0.002016,-0.003787,0.000744,0.018759,0.138207,-9.809008,0.079392,-0.018312,-0.209440,2.678955,-0.001443,27.000000,0.013045,1.897947,-0.121161,-0.075932,-0.209440,-0.017000,0.000000,42,0,1,31,28,-0.014251,0.065067,-1.188908,-3.764897,0.293018,11.675299,1.108158,-0.001443,0.000836,7,1,0,0.000000,0,1.310120,0.000000,0.366552,0,-0.027142,0.000000,0.112401,1.310120,-0.027142,1,1,1,0.641260,0.000000,0.000000,0.000000,0.000000,0.000000,0.000000,0.000000
1.0701,1.887767,-0.076815,-0.861489,-0.104720,0.376025,0.106613,1,1.310120,80,0.021352,0.140638,1.887767,-0.101683,1.191309,-0.861489,1.888742,1.173882,-0.861489,-0.076815,-0.104720,0.012607,-0.396332,-29.728302,-0.017426,0.015000,0.001105,0.001985,-0.000858,0.001105,0.021352,0.140638,-9.808969,0.011313,0.052165,-0.089720,2.667874,-0.001854,27.000000,0.013045,1.888742,-0.101683,-0.076699,-0.104720,-0.017000,0.015000,47,0,1,31,28,-0.052513,-0.021559,-0.951013,-2.219375,-0.679402,9.168652,1.097078,-0.001854,0.001070,6,1,0,0.000000,0,1.310120,0.000000,0.376025,0,-0.027142,0.000000,0.106613,1.310120,-0.027142,1,1,1,0.641451,0.000000,0.000000,0.000000,0.000000,0.000000,0.000000,0.000000
1.0801,1.879652,-0.077548,-0.697435,-0.104720,0.362133,0.108145,1,1.310120,90,0.020911,0.144484,1.879652,-0.091525,1.183713,-0.697435,1.880210,1.166411,-0.697435,-0.077548,-0.104720,0.012734,-0.396332,-29.728302,-0.017302,0.025000,0.000784,0.002012,0.000339,0.000784,0.020911,0.144484,-9.808914,-0.060403,-0.015621,-0.079720,2.659670,-0.002115,27.000000,0.013045,1.880210,-0.091525,-0.077466,-0.104720,-0.017000,0.025000,52,0,1,31,28,0.037233,-0.059954,-0.776455,-1.956023,-0.165691,11.729289,1.088873,-0.002115,0.000984,6,1,0,0.000000,0,1.310120,0.000000,0.362133,0,-0.027142,0.000000,0.108145,1.310120,-0.027142,1,1,1,0.641627,0.000000,0.000000,0.000000,0.000000,0.000000,0.000000,0.000000
1.0901,1.873239,-0.078233,-0.573622,0.000000,0.359635,0.109030,1,1.310120,100,0.020756,0.138726,1.873239,-0.063879,1.177684,-0.573622,1.873786,1.160393,-0.573622,-0.078233,0.000000,0.012679,-0.396332,-29.728302,-0.017291,0.031000,0.000923,0.001991,0.000181,0.000923,0.020756,0.138726,-9.808997,0.007877,-0.059331,0.031000,2.652966,-0.001585,27.000000,0.013045,1.873786,-0.063879,-0.078233,0.000000,-0.017000,0.031000,57,0,1,31,28,0.052157,0.022475,-0.542951,-1.678680,0.281564,8.814983,1.082169,-0.001585,0.001004,7,1,0,0.000000,0,1.310120,0.000000,0.359635,0,-0.027142,0.000000,0.109030,1.310120,-0.027142,1,1,1,0.641809,0.000000,0.000000,0.000000,0.000000,0.000000,0.000000,0.000000
1.1001,1.869740,-0.078233,-0.372304,0.000000,0.352529,0.102181,1,1.310120,110,0.025123,0.135378,1.869740,-0.044401,1.174088,-0.372304,1.870047,1.155970,-0.372304,-0.078233,0.000000,0.012730,-0.396332,-29.728302,-0.018119,0.030000,0.000795,0.002125,0.000108,0.000795,0.025123,0.135378,-9.809034,0.012531,-0.022104,0.030000,2.648542,-0.001229,27.000000,0.013045,1.870047,-0.044401,-0.078233,0.000000,-0.018000,0.030000,62,0,1,31,28,0.015935,0.015432,-0.342528,-2.742830,-0.031439,10.887929,1.077746,-0.001229,0.001475,6,1,0,0.000000,0,1.310120,0.000000,0.352529,0,-0.027142,0.000000,0.102181,1.310120,-0.027142,1,1,1,0.641990,0.000000,0.000000,0.000000,0.000000,0.000000,0.000000,0.000000
1.1101,1.866817,-0.079767,-0.156786,0.000000,0.318915,0.120589,1,1.310120,120,0.026453,0.134506,1.866817,-0.029112,1.173097,-0.156786,1.866979,1.155085,-0.156786,-0.079767,0.000000,0.012685,-0.396332,-29.728302,-0.018012,0.012000,0.000910,0.001974,-0.000101,0.000910,0.026453,0.134506,-9.809042,-0.012758,0.015339,0.012000,2.646124,-0.001198,27.000000,0.013045,1.866979,-0.029112,-0.079767,0.000000,-0.018000,0.012000,67,0,1,31,28,-0.009586,-0.019332,-0.144553,-2.099849,0.603498,9.057205,1.075328,-0.001198,0.001595,6,1,0,0.000000,0,1.310120,0.000000,0.318915,0,-0.027142,0.000000,0.120589,1.310120,-0.027142,1,1,1,0.642166,0.000000,0.000000,0.000000,0.000000,0.000000,0.000000,0.000000
1.1201,1.866565,-0.079767,0.100914,0.000000,0.314259,0.105249,1,1.310120,130,0.024558,0.135574,1.866565,-0.006597,1.172617,0.100914,1.866500,1.154736,0.100914,-0.079767,0.000000,0.012704,-0.396332,-29.728302,-0.017881,-0.003000,0.000862,0.002088,-0.000137,0.000862,0.024558,0.135574,-9.809032,-0.040792,0.007930,-0.003000,2.645775,-0.001272,27.000000,0.013045,1.866500,-0.006597,-0.079767,0.000000,-0.018000,-0.003000,72,0,1,31,28,0.007584,-0.039611,0.098425,-1.264536,-0.079902,9.452840,1.074978,-0.001272,0.001394,6,1,0,0.000000,0,1.310120,0.000000,0.314259,0,-0.027142,0.000000,0.105249,1.310120,-0.027142,1,1,1,0.642337,0.000000,0.000000,0.000000,0.000000,0.000000,0.000000,0.000000
1.1301,1.867430,-0.078233,0.375001,0.000000,0.297985,0.086841,1,1.310120,140,0.023847,0.135080,1.867430,0.005550,1.173497,0.375001,1.867075,1.155801,0.375001,-0.078233,0.000000,0.012654,-0.396332,-29.728302,-0.017696,-0.012000,0.000985,0.002096,-0.000210,0.000985,0.023847,0.135080,-9.809041,-0.014370,0.018094,-0.012000,2.648374,-0.001263,27.000000,0.013045,1.867075,0.005550,-0.078233,0.000000,-0.018000,-0.012000,77,0,1,31,28,-0.011576,-0.015402,0.363225,-1.616250,0.183773,10.546289,1.077577,-0.001263,0.001347,7,1,0,0.000000,0,1.310120,0.000000,0.297985,0,-0.027142,0.000000,0.086841,1.310120,-0.027142,1,1,1,0.642509,0.000000,0.000000,0.000000,0.000000,0.000000,0.000000,0.000000
1.1401,1.868930,-0.076469,0.398820,0.209440,0.270958,0.081018,1,1.310120,150,0.021077,0.135614,1.868930,0.017802,1.176609,0.398820,1.868513,1.158941,0.398820,-0.076469,0.209440,0.012611,-0.396332,-29.728302,-0.017668,-0.015000,0.001096,0.002006,-0.000156,0.001096,0.021077,0.135614,-9.809040,-0.022703,0.018992,0.194440,2.653277,-0.001338,27.000000,0.013045,1.868513,0.017802,-0.076699,0.209440,-0.018000,-0.015000,82,0,1,31,28,-0.009368,-0.020595,0.593566,-0.635721,-0.154309,8.533740,1.082480,-0.001338,0.001086,7,1,0,0.000000,0,1.310120,0.000000,0.270958,0,-0.027142,0.000000,0.081018,1.310120,-0.027142,1,1,1,0.642676,0.000000,0.000000,0.000000,0.000000,0.000000,0.000000,0.000000
1.1501,1.870935,-0.073406,0.565815,0.209440,0.255609,0.061894,1,1.310120,160,0.018402,0.136052,1.870935,0.020944,1.180393,0.565815,1.870335,1.162837,0.565815,-0.073406,0.209440,0.012619,-0.396332,-29.728302,-0.017556,-0.012000,0.001074,0.002026,-0.000687,0.001074,0.018402,0.136052,-9.809039,-0.058476,0.009969,0.197440,2.660235,-0.001350,27.000000,0.013045,1.870335,0.020944,-0.073631,0.209440,-0.018000,-0.012000,87,0,1,31,28,0.012058,-0.048445,0.763926,-1.259700,-0.120234,11.175115,1.089439,-0.001350,0.000854,7,1,0,0.000000,0,1.310120,0.000000,0.255609,0,-0.027142,0.000000,0.061894,1.310120,-0.027142,1,1,1,0.642839,0.000000,0.000000,0.000000,0.000000,0.000000,0.000000,0.000000
1.1601,1.874189,-0.068500,0.472746,0.418879,0.251674,0.033661,1,1.310120,170,0.016257,0.135416,1.874189,0.034243,1.184059,0.472746,1.873594,1.166411,0.472746,-0.068500,0.418879,0.012545,-0.396332,-29.728302,-0.017648,-0.006000,0.001262,0.002034,-0.000059,0.001262,0.016257,0.135416,-9.809052,-0.024900,0.010515,0.412879,2.668714,-0.001341,27.000000,0.013045,1.873594,0.034243,-0.069029,0.418879,-0.018000,-0.006000,92,0,1,31,28,-0.007155,-0.013788,0.885914,-0.846000,0.155938,8.957820,1.097298,-0.001341,0.000713,7,1,0,0.000000,0,1.310120,0.000000,0.251674,0,-0.027142,0.000000,0.033661,1.310120,-0.027142,1,1,1,0.643000,0.000000,0.000000,0.000000,0.000000,0.000000,0.000000,0.000000
1.1701,1.877582,-0.064070,0.492163,0.418879,0.235344,0.029550,1,1.310120,180,0.014627,0.137853,1.877582,0.039375,1.188314,0.492163,1.877142,1.170750,0.492163,-0.064070,0.418879,0.012707,-0.396332,-29.728302,-0.017564,0.000000,0.000853,0.001984,-0.000246,0.000853,0.014627,0.137853,-9.809020,-0.026268,0.027034,0.418879,2.677484,-0.001412,27.000000,0.013045,1.877142,0.039375,-0.064427,0.418879,-0.018000,0.000000,97,0,1,31,28,-0.015676,-0.022701,0.911404,-1.193791,-0.360443,10.493244,1.106688,-0.001412,0.000588,7,1,0,0.000000,0,1.310120,0.000000,0.235344,0,-0.027142,0.000000,0.029550,1.310120,-0.027142,1,1,1,0.643149,0.000000,0.000000,0.000000,0.000000,0.000000,0.000000,0.000000
1.1801,1.881847,-0.059330,0.497873,0.418879,0.224124,0.016973,1,1.310120,190,0.012287,0.137443,1.881847,0.044401,1.192954,0.497873,1.881264,1.175302,0.497873,-0.059330,0.418879,0.012576,-0.396332,-29.728302,-0.017652,0.003000,0.001183,0.002002,0.000210,0.001183,0.012287,0.137443,-9.809029,-0.028836,0.002829,0.421879,2.686775,-0.001484,27.000000,0.013045,1.881264,0.044401,-0.059825,0.418879,-0.018000,0.003000,102,0,1,31,28,0.007800,-0.016336,0.920030,-0.137125,-0.301477,8.857981,1.115978,-0.001484,0.000420,6,1,0,0.000000,0,1.310120,0.000000,0.224124,0,-0.027142,0.000000,0.016973,1.310120,-0.027142,1,1,1,0.643305,0.000000,0.000000,0.000000,0.000000,0.000000,0.000000,0.000000
1.1901,1.886952,-0.055773,0.601462,0.314159,0.204490,0.021697,1,1.310120,200,0.013086,0.137614,1.886952,0.056758,1.198322,0.601462,1.886537,1.180730,0.601462,-0.055773,0.314159,0.012771,-0.396332,-29.728302,-0.017592,0.003000,0.000690,0.002003,-0.000022,0.000690,0.013086,0.137614,-9.809026,0.001955,-0.029710,0.317159,2.695760,-0.001310,27.000000,0.013045,1.886537,0.056758,-0.055990,0.314159,-0.018000,0.003000,107,0,1,31,28,0.026969,0.024349,0.918385,-0.472872,-0.287382,8.475086,1.124963,-0.001310,0.000550,6,1,0,0.000000,0,1.310120,0.000000,0.204490,0,-0.027142,0.000000,0.021697,1.310120,-0.027142,1,1,1,0.643449,0.000000,0.000000,0.000000,0.000000,0.000000,0.000000,0.000000
1.2001,1.893017,-0.053473,0.713316,0.209440,0.173394,0.029657,1,1.310120,210,0.015471,0.133754,1.893017,0.058748,1.205281,0.713316,1.892290,1.187846,0.713316,-0.053473,0.209440,0.012636,-0.396332,-29.728302,-0.017435,0.002000,0.001033,0.001981,-0.000347,0.001033,0.015471,0.133754,-9.809076,-0.007360,-0.023807,0.211440,2.705175,-0.001064,27.000000,0.013045,1.892290,0.058748,-0.053689,0.209440,-0.018000,0.002000,112,0,1,31,28,0.024847,0.013573,0.924658,-0.630935,0.219840,10.767412,1.134379,-0.001064,0.000846,7,1,0,0.000000,0,1.310120,0.000000,0.173394,0,-0.027142,0.000000,0.029657,1.310120,-0.027142,1,1,1,0.643603,0.000000,0.000000,0.000000,0.000000,0.000000,0.000000,0.000000
1.2101,1.900297,-0.050472,0.748061,0.209440,0.171764,0.016650,1,1.310120,220,0.017054,0.132878,1.900297,0.076131,1.211344,0.748061,1.899769,1.193911,0.748061,-0.050472,0.209440,0.012763,-0.396332,-29.728302,-0.017433,-0.003000,0.000713,0.001991,0.000140,0.000713,0.017054,0.132878,-9.809085,-0.009908,-0.015917,0.206440,2.714241,-0.000854,27.000000,0.013045,1.899769,0.076131,-0.050621,0.209440,-0.018000,-0.003000,117,0,1,31,28,0.018457,0.008884,0.954465,-0.321799,-0.005761,8.133479,1.143445,-0.000854,0.001053,7,1,0,0.000000,0,1.310120,0.000000,0.171764,0,-0.027142,0.000000,0.016650,1.310120,-0.027142,1,1,1,0.643747,0.000000,0.000000,0.000000,0.000000,0.000000,0.000000,0.000000
1.2201,1.908840,-0.049087,0.971537,0.000000,0.129213,0.030042,1,1.310120,230,0.019063,0.131528,1.908840,0.079273,1.219786,0.971537,1.908013,1.202511,0.971537,-0.049087,0.000000,0.012708,-0.396332,-29.728302,-0.017275,-0.004000,0.000851,0.002100,-0.000125,0.000851,0.019063,0.131528,-9.809100,0.007616,0.000023,-0.004000,2.724226,-0.000780,27.000000,0.013045,1.908013,0.079273,-0.049087,0.000000,-0.018000,-0.004000,122,0,1,31,28,-0.002896,0.019337,0.967369,-1.403769,0.277992,11.446995,1.153430,-0.000780,0.001283,7,1,0,0.000000,0,1.310120,0.000000,0.129213,0,-0.027142,0.000000,0.030042,1.310120,-0.027142,1,1,1,0.643899,0.000000,0.000000,0.000000,0.000000,0.000000,0.000000,0.000000
1.2301,1.917346,-0.048320,0.991286,0.000000,0.112972,0.034686,1,1.310120,240,0.020089,0.133095,1.917346,0.093515,1.228288,0.991286,1.916738,1.211032,0.991286,-0.048320,0.000000,0.012800,-0.396332,-29.728302,-0.017257,-0.003000,0.000617,0.001990,0.000266,0.000617,0.020089,0.133095,-9.809077,-0.013870,0.011197,-0.003000,2.733513,-0.000850,27.000000,0.013045,1.916738,0.093515,-0.048320,0.000000,-0.018000,-0.003000,127,0,1,31,28,-0.005000,-0.004458,0.988424,-0.166057,0.283337,9.514627,1.162717,-0.000850,0.001390,7,1,0,0.000000,0,1.310120,0.000000,0.112972,0,-0.027142,0.000000,0.034686,1.310120,-0.027142,1,1,1,0.644043,0.000000,0.000000,0.000000,0.000000,0.000000,0.000000,0.000000
1.2401,1.927166,-0.048320,1.054153,0.000000,0.070588,0.042356,1,1.310120,250,0.022639,0.131467,1.927166,0.097599,1.238873,1.054153,1.926230,1.221664,1.054153,-0.048320,0.000000,0.012692,-0.396332,-29.728302,-0.017209,-0.001000,0.000892,0.002026,0.000590,0.000892,0.022639,0.131467,-9.809093,0.014865,-0.010197,-0.001000,2.744146,-0.000806,27.000000,0.013045,1.926230,0.097599,-0.048320,0.000000,-0.018000,-0.001000,132,0,1,31,28,0.003520,0.031043,1.052844,-0.639178,-0.614547,10.184797,1.173349,-0.000806,0.001658,7,1,0,0.000000,0,1.310120,0.000000,0.070588,0,-0.027142,0.000000,0.042356,1.310120,-0.027142,1,1,1,0.644195,0.000000,0.000000,0.000000,0.000000,0.000000,0.000000,0.000000
1.2501,1.937758,-0.047553,1.140022,0.000000,0.051286,0.033153,1,1.310120,4,0.025804,0.131001,1.937758,0.108909,1.249276,1.140022,1.936393,1.232133,1.140022,-0.047553,0.000000,0.012560,-0.396332,-29.728302,-0.017143,0.001000,0.001224,0.001994,0.000595,0.001224,0.025804,0.131001,-9.809091,0.042376,0.010150,0.001000,2.755382,-0.000904,27.000000,0.013045,1.936393,0.108909,-0.047553,0.000000,-0.018000,0.001000,137,0,1,31,28,-0.026358,0.049027,1.140496,-0.375657,0.072743,9.521945,1.184585,-0.000904,0.001993,7,1,0,0.000000,0,1.310120,0.000000,0.051286,0,-0.027142,0.000000,0.033153,1.310120,-0.027142,1,1,1,0.644344,0.000000,0.000000,0.000000,0.000000,0.000000,0.000000,0.000000
1.2601,1.946945,-0.047553,1.182788,0.000000,0.020641,0.040822,1,1.310120,14,0.030544,0.133020,1.946945,0.096656,1.260515,1.182788,1.945788,1.243410,1.182788,-0.047553,0.000000,0.012655,-0.396332,-29.728302,-0.017105,0.002000,0.000983,0.001878,-0.000565,0.000983,0.030544,0.133020,-9.809051,-0.006386,0.008314,0.002000,2.766660,-0.001038,27.000000,0.013045,1.945788,0.096656,-0.047553,0.000000,-0.018000,0.002000,142,0,1,31,28,-0.004953,0.005755,1.184810,-1.131145,-0.049494,9.319246,1.195864,-0.001038,0.002465,7,1,0,0.000000,0,1.310120,0.000000,0.020641,0,-0.027142,0.000000,0.040822,1.310120,-0.027142,1,1,1,0.644484,0.000000,0.000000,0.000000,0.000000,0.000000,0.000000,0.000000
1.2701,1.955858,-0.046786,1.262331,0.000000,0.000162,0.031618,1,1.310120,24,0.030029,0.134570,1.955858,0.095609,1.271566,1.262331,1.955089,1.254515,1.262331,-0.046786,0.000000,0.012802,-0.396332,-29.728302,-0.017051,0.001000,0.000614,0.001991,-0.000463,0.000614,0.030029,0.134570,-9.809031,-0.026384,0.005817,0.001000,2.778532,-0.001044,27.000000,0.013045,1.955089,0.095609,-0.046786,0.000000,-0.018000,0.001000,147,0,1,31,28,0.005760,-0.010222,1.263566,-0.638320,-0.138199,11.108345,1.207736,-0.001044,0.002416,7,1,0,0.000000,0,1.310120,0.000000,0.000162,0,-0.027142,0.000000,0.031618,1.310120,-0.027142,1,1,1,0.644617,0.000000,0.000000,0.000000,0.000000,0.000000,0.000000,0.000000
1.2801,1.964833,-0.045122,1.255787,0.104720,-0.034867,0.019321,1,1.310120,34,0.028987,0.130880,1.964833,0.082310,1.283759,1.255787,1.963238,1.266688,1.255787,-0.045122,0.104720,0.012553,-0.396332,-29.728302,-0.017071,-0.001000,0.001240,0.001992,-0.001040,0.001240,0.028987,0.130880,-9.809084,-0.020576,0.003279,0.103720,2.792368,-0.000908,27.000000,0.013045,1.963238,0.082310,-0.045252,0.104720,-0.018000,-0.001000,152,0,1,31,28,0.005781,-0.002950,1.359651,0.071911,-0.191940,8.514681,1.221572,-0.000908,0.002350,7,1,0,0.000000,0,1.310120,0.000000,-0.034867,0,-0.027142,0.000000,0.019321,1.310120,-0.027142,1,1,1,0.644751,0.000000,0.000000,0.000000,0.000000,0.000000,0.000000,0.000000
1.2901,1.970519,-0.041941,1.223023,0.209440,-0.041298,-0.002220,1,1.310120,44,0.027325,0.129469,1.970519,0.063879,1.294484,1.223023,1.969086,1.277368,1.223023,-0.041941,0.209440,0.012584,-0.396332,-29.728302,-0.017115,-0.007000,0.001163,0.001986,-0.001501,0.001163,0.027325,0.129469,-9.809108,-0.030679,0.000998,0.202440,2.806229,-0.000719,27.000000,0.013045,1.969086,0.063879,-0.042184,0.209440,-0.018000,-0.007000,157,0,1,31,28,0.012212,-0.010222,1.425704,-0.418263,0.228473,11.628976,1.235433,-0.000719,0.002230,7,1,0,0.000000,0,1.310120,0.000000,-0.041298,0,-0.027142,0.000000,-0.002220,1.310120,-0.027142,1,1,1,0.644861,0.000000,0.000000,0.000000,0.000000,0.000000,0.000000,0.000000
1.3001,1.972108,-0.038159,1.237292,0.209440,-0.059614,-0.015781,1,1.310120,54,0.025729,0.129030,1.972108,0.017802,1.304901,1.237292,1.971004,1.287795,1.237292,-0.038159,0.209440,0.012685,-0.396332,-29.728302,-0.017107,-0.009000,0.000908,0.002001,-0.002756,0.000908,0.025729,0.129030,-9.809118,-0.048653,0.014068,0.200440,2.820436,-0.000559,27.000000,0.013045,1.971004,0.017802,-0.038349,0.209440,-0.018000,-0.009000,162,0,1,31,28,0.007969,-0.031773,1.438250,-0.011127,-0.045340,9.808108,1.249640,-0.000559,0.002119,7,1,0,0.000000,0,1.310120,0.000000,-0.059614,0,-0.027142,0.000000,-0.015781,1.310120,-0.027142,1,1,1,0.644949,0.000000,0.000000,0.000000,0.000000,0.000000,0.000000,0.000000
1.3101,1.965449,-0.034196,1.019603,0.418879,-0.078980,-0.025522,1,1.310120,64,0.021799,0.129035,1.965449,-0.064926,1.315370,1.019603,1.964676,1.298097,1.019603,-0.034196,0.418879,0.012744,-0.396332,-29.728302,-0.017273,-0.007000,0.000760,0.002014,-0.007847,0.000760,0.021799,0.129035,-9.809127,-0.040246,0.016690,0.411879,2.834701,-0.000478,27.000000,0.013045,1.964676,-0.064926,-0.034514,0.418879,-0.018000,-0.007000,167,0,1,31,28,0.001556,-0.025296,1.431921,0.608636,-0.093776,9.109384,1.263905,-0.000478,0.001771,7,1,0,0.000000,0,1.310120,0.000000,-0.078980,0,-0.027142,0.000000,-0.025522,1.310120,-0.027142,1,1,1,0.645001,0.000000,0.000000,0.000000,0.000000,0.000000,0.000000,0.000000
1.3201,1.948939,-0.029671,1.097704,0.314159,-0.090615,-0.040196,1,1.310120,74,0.018508,0.129120,1.948939,-0.168180,1.324725,1.097704,1.948089,1.307652,1.097704,-0.029671,0.314159,0.012740,-0.396332,-29.728302,-0.017073,-0.004000,0.000769,0.001990,-0.006231,0.000769,0.018508,0.129120,-9.809133,-0.043383,0.024024,0.310159,2.848781,-0.000472,27.000000,0.013045,1.948089,-0.168180,-0.029912,0.314159,-0.018000,-0.004000,172,0,1,31,28,-0.004848,-0.031413,1.408378,0.449412,0.183234,10.681614,1.277984,-0.000472,0.001495,8,1,0,0.000000,0,1.310120,0.000000,-0.090615,0,-0.027142,0.000000,-0.040196,1.310120,-0.027142,1,1,1,0.644976,0.000000,0.000000,0.000000,0.000000,0.000000,0.000000,0.000000
1.3301,1.927328,-0.024790,0.966601,0.418879,-0.111298,-0.053508,1,1.310120,84,0.015488,0.126864,1.927328,-0.235724,1.333593,0.966601,1.926134,1.317338,0.966601,-0.024790,0.418879,0.012553,-0.396332,-29.728302,-0.016255,-0.001000,0.001242,0.001972,-0.006771,0.001242,0.015488,0.126864,-9.809167,-0.046731,0.007872,0.417879,2.863347,-0.000415,27.000000,0.013045,1.926134,-0.235724,-0.025311,0.418879,-0.017000,-0.001000,177,0,1,31,28,0.010085,-0.028922,1.384952,0.944750,0.201193,10.021756,1.292550,-0.000415,0.001258,7,1,0,0.000000,0,1.310120,0.000000,-0.111298,0,-0.027142,0.000000,-0.053508,1.310120,-0.027142,1,1,1,0.644850,0.000000,0.000000,0.000000,0.000000,0.000000,0.000000,0.000000
1.3401,1.912962,-0.016609,0.746014,0.837758,-0.091670,-0.102878,1,1.310120,94,0.001042,0.127051,1.912962,-0.127339,1.340153,0.746014,1.911945,1.323774,0.746014,-0.016609,0.837758,0.012557,-0.396332,-29.728302,-0.016379,0.002000,0.001231,0.002005,-0.001793,0.001231,0.001042,0.127051,-9.809177,-0.178009,0.073996,0.839758,2.877963,-0.000394,27.000000,0.013045,1.911945,-0.127339,-0.017641,0.837758,-0.017000,0.002000,182,0,1,31,28,-0.006781,-0.172730,1.588066,3.642680,-1.273115,8.716689,1.307166,-0.000394,-0.000109,7,1,0,0.000000,0,1.310120,0.000000,-0.091670,0,-0.027142,0.000000,-0.102878,1.310120,-0.027142,1,1,1,0.638911,0.000000,0.000000,0.000000,0.000000,0.000000,0.000000,0.000000
1.3501,1.923581,-0.007585,0.561646,0.837758,-0.100742,-0.129361,1,1.310120,104,-0.008016,0.126359,1.923581,0.093515,1.346439,0.561646,1.922970,1.329894,0.561646,-0.007585,0.837758,0.012642,-0.396332,-29.728302,-0.016545,-0.002000,0.001017,0.002001,0.000425,0.001017,-0.008016,0.126359,-9.809183,0.070378,0.047209,0.835758,2.893106,-0.000233,27.000000,0.013045,1.922970,0.093515,-0.008437,0.837758,-0.017000,-0.002000,187,0,1,31,28,-0.068993,0.066872,1.396670,1.432767,0.378655,10.387534,1.322309,-0.000233,-0.000915,7,1,0,0.000000,0,1.310120,0.000000,-0.100742,0,-0.027142,0.000000,-0.129361,1.310120,-0.027142,1,1,1,0.638702,0.000000,0.000000,0.000000,0.000000,0.000000,0.000000,0.000000
1.3601,1.925031,0.001482,0.240677,0.837758,-0.072260,-0.147911,1,1.310120,114,-0.002871,0.130973,1.925031,0.013718,1.349517,0.240677,1.924792,1.332620,0.240677,0.001482,0.837758,0.012707,-0.396332,-29.728302,-0.016898,-0.015000,0.000853,0.001994,-0.000906,0.000853,-0.002871,0.130973,-9.809125,-0.014851,-0.041525,0.822758,2.904897,-0.000645,27.000000,0.013045,1.924792,0.013718,0.000767,0.837758,-0.017000,-0.015000,192,0,1,31,28,0.044099,0.013922,1.063344,0.589575,1.035739,10.575426,1.334101,-0.000645,-0.000273,7,1,0,0.000000,0,1.310120,0.000000,-0.072260,0,-0.027142,0.000000,-0.147911,1.310120,-0.027142,1,1,1,0.638501,0.000000,0.000000,0.000000,0.000000,0.000000,0.000000,0.000000
1.3701,1.924667,0.010044,-0.066151,0.837758,-0.050415,-0.159993,1,1.310120,124,-0.005733,0.127451,1.924667,0.004503,1.350144,-0.066151,1.924696,1.333071,-0.066151,0.010044,0.837758,0.012648,-0.396332,-29.728302,-0.017073,-0.019000,0.001002,0.002001,0.000178,0.001002,-0.005733,0.127451,-9.809170,-0.064929,-0.009962,0.818758,2.913910,-0.000350,27.000000,0.013045,1.924696,0.004503,0.009204,0.837758,-0.017000,-0.019000,197,0,1,31,28,0.031266,-0.048248,0.753277,1.231339,-0.381243,9.183463,1.343114,-0.000350,-0.000454,6,1,0,0.000000,0,1.310120,0.000000,-0.050415,0,-0.027142,0.000000,-0.159993,1.310120,-0.027142,1,1,1,0.638286,0.000000,0.000000,0.000000,0.000000,0.000000,0.000000,0.000000
1.3801,1.925495,0.015097,-0.098381,0.523599,-0.055055,-0.135012,1,1.310120,134,-0.010526,0.125905,1.925495,0.011729,1.350875,-0.098381,1.925559,1.333834,-0.098381,0.015097,0.523599,0.012648,-0.396332,-29.728302,-0.017041,-0.012000,0.001001,0.002002,0.000455,0.001001,-0.010526,0.125905,-9.809186,0.039317,0.027856,0.511599,2.919726,-0.000201,27.000000,0.013045,1.925559,0.011729,0.014573,0.523599,-0.017000,-0.012000,1,0,1,31,28,-0.039362,0.033016,0.412833,2.043773,-0.144113,9.377784,1.348929,-0.000201,-0.000879,7,1,0,0.000000,0,1.310120,0.000000,-0.055055,0,-0.027142,0.000000,-0.135012,1.310120,-0.027142,1,1,1,0.638075,0.000000,0.000000,0.000000,0.000000,0.000000,0.000000,0.000000
1.3901,1.926990,0.018696,-0.246125,0.314159,-0.030639,-0.127672,1,1.310120,144,-0.004657,0.130268,1.926990,0.017802,1.349572,-0.246125,1.927189,1.332434,-0.246125,0.018696,0.314159,0.012681,-0.396332,-29.728302,-0.017138,-0.003000,0.000919,0.001929,0.000792,0.000919,-0.004657,0.130268,-9.809134,0.093016,-0.033726,0.311159,2.921925,-0.000605,27.000000,0.013045,1.927189,0.017802,0.018408,0.314159,-0.017000,-0.003000,6,0,1,31,28,0.001023,0.099753,0.063774,0.821369,-0.057164,10.028650,1.351129,-0.000605,-0.000226,7,1,0,0.000000,0,1.310120,0.000000,-0.030639,0,-0.027142,0.000000,-0.127672,1.310120,-0.027142,1,1,1,0.637869,0.000000,0.000000,0.000000,0.000000,0.000000,0.000000,0.000000
1.4001,1.927179,0.019175,-0.236274,0.000000,-0.027773,-0.097418,1,1.310120,154,0.004065,0.126862,1.927179,0.000419,1.348173,-0.236274,1.927381,1.331030,-0.236274,0.019175,0.000000,0.012680,-0.396332,-29.728302,-0.017143,0.000000,0.000922,0.001989,0.000136,0.000922,0.004065,0.126862,-9.809179,0.056696,-0.077444,0.000000,2.920999,-0.000242,27.000000,0.013045,1.927381,0.000419,0.019175,0.000000,-0.017000,0.000000,11,0,1,31,28,0.054325,0.076124,-0.237258,0.256783,0.142273,10.116421,1.350203,-0.000242,0.000662,7,1,0,0.000000,0,1.310120,0.000000,-0.027773,0,-0.027142,0.000000,-0.097418,1.310120,-0.027142,1,1,1,0.637671,0.000000,0.000000,0.000000,0.000000,0.000000,0.000000,0.000000
1.4101,1.927513,0.018408,-0.446876,0.000000,-0.008236,-0.083431,1,1.310120,164,0.006898,0.121177,1.927513,0.008692,1.345468,-0.446876,1.927860,1.328231,-0.446876,0.018408,0.000000,0.012734,-0.396332,-29.728302,-0.017237,0.005000,0.000785,0.001993,0.001212,0.000785,0.006898,0.121177,-9.809249,0.028803,-0.063171,0.005000,2.917433,0.000396,27.000000,0.013045,1.927860,0.008692,0.018408,0.000000,-0.017000,0.005000,16,0,1,31,28,0.050031,0.042506,-0.442453,1.381782,0.694038,9.625036,1.346637,0.000396,0.000930,6,1,0,0.000000,0,1.310120,0.000000,-0.008236,0,-0.027142,0.000000,-0.083431,1.310120,-0.027142,1,1,1,0.637482,0.000000,0.000000,0.000000,0.000000,0.000000,0.000000,0.000000
1.4201,1.929072,0.015811,-0.242245,-0.314159,-0.007340,-0.059943,1,1.310120,174,0.014598,0.119520,1.929072,0.014765,1.342913,-0.242245,1.929298,1.325824,-0.242245,0.015811,-0.314159,0.012672,-0.396332,-29.728302,-0.017089,0.013000,0.000940,0.002015,0.000862,0.000940,0.014598,0.119520,-9.809261,0.084451,-0.021961,-0.301159,2.912430,0.000514,27.000000,0.013045,1.929298,0.014765,0.016107,-0.314159,-0.017000,0.013000,21,0,1,31,28,-0.007674,0.080029,-0.544462,-0.269975,0.221196,9.896751,1.341634,0.000514,0.001681,7,1,0,0.000000,0,1.310120,0.000000,-0.007340,0,-0.027142,0.000000,-0.059943,1.310120,-0.027142,1,1,1,0.637303,0.000000,0.000000,0.000000,0.000000,0.000000,0.000000,0.000000
1.4301,1.930612,0.011885,-0.245252,-0.418879,-0.005036,-0.038796,1,1.310120,184,0.020899,0.122048,1.930612,0.019897,1.340707,-0.245252,1.930832,1.323626,-0.245252,0.011885,-0.418879,0.012679,-0.396332,-29.728302,-0.017080,0.013000,0.000923,0.001855,0.000915,0.000923,0.020899,0.122048,-9.809218,0.049810,0.005977,-0.405879,2.906307,0.000264,27.000000,0.013045,1.930832,0.019897,0.012272,-0.418879,-0.017000,0.013000,26,0,1,31,28,-0.022601,0.036528,-0.651647,-0.042557,0.484676,9.478449,1.335510,0.000264,0.002278,6,1,0,0.000000,0,1.310120,0.000000,-0.005036,0,-0.027142,0.000000,-0.038796,1.310120,-0.027142,1,1,1,0.637139,0.000000,0.000000,0.000000,0.000000,0.000000,0.000000,0.000000
1.4401,1.933437,0.007194,-0.161100,-0.523599,-0.002891,-0.021754,1,1.310120,194,0.023842,0.123605,1.933437,0.025028,1.338643,-0.161100,1.933612,1.321616,-0.161100,0.007194,-0.523599,0.012684,-0.396332,-29.728302,-0.017027,0.007000,0.000910,0.001999,0.001296,0.000910,0.023842,0.123605,-9.809192,0.008727,0.009447,-0.516599,2.899605,0.000102,27.000000,0.013045,1.933612,0.025028,0.007670,-0.523599,-0.017000,0.007000,31,0,1,31,28,-0.011894,-0.003702,-0.677706,-0.260287,0.343032,10.098962,1.328809,0.000102,0.002521,7,1,0,0.000000,0,1.310120,0.000000,-0.002891,0,-0.027142,0.000000,-0.021754,1.310120,-0.027142,1,1,1,0.636990,0.000000,0.000000,0.000000,0.000000,0.000000,0.000000,0.000000
1.4501,1.934942,0.002587,-0.117227,-0.523599,0.001829,-0.013386,1,1.310120,204,0.024849,0.126108,1.934942,0.015813,1.336623,-0.117227,1.935050,1.319548,-0.117227,0.002587,-0.523599,0.012680,-0.396332,-29.728302,-0.017076,0.002000,0.000920,0.001993,0.000558,0.000920,0.024849,0.126108,-9.809158,0.040576,0.036179,-0.521599,2.892931,-0.000168,27.000000,0.013045,1.935050,0.015813,0.003068,-0.523599,-0.017000,0.002000,36,0,1,31,28,-0.048193,0.017053,-0.639093,0.341807,-0.239117,9.251307,1.322134,-0.000168,0.002566,7,1,0,0.000000,0,1.310120,0.000000,0.001829,0,-0.027142,0.000000,-0.013386,1.310120,-0.027142,1,1,1,0.636858,0.000000,0.000000,0.000000,0.000000,0.000000,0.000000,0.000000
1.4601,1.935135,-0.002015,-0.069357,-0.523599,0.001441,-0.004235,1,1.310120,214,0.028586,0.129621,1.935135,0.002513,1.334900,-0.069357,1.935242,1.317856,-0.069357,-0.002015,-0.523599,0.012681,-0.396332,-29.728302,-0.017044,-0.003000,0.000920,0.002095,0.000320,0.000920,0.028586,0.129621,-9.809102,0.042379,0.019349,-0.526599,2.886639,-0.000539,27.000000,0.013045,1.935242,0.002513,-0.001534,-0.523599,-0.017000,-0.003000,41,0,1,31,28,-0.033246,0.025076,-0.596322,-0.516143,0.257325,10.834857,1.315843,-0.000539,0.002887,7,1,0,0.000000,0,1.310120,0.000000,0.001441,0,-0.027142,0.000000,-0.004235,1.310120,-0.027142,1,1,1,0.636732,0.000000,0.000000,0.000000,0.000000,0.000000,0.000000,0.000000
1.4701,1.935092,-0.005052,-0.130748,-0.418879,0.017392,-0.013816,1,1.310120,224,0.031828,0.130676,1.935092,0.001466,1.332129,-0.130748,1.935242,1.315117,-0.130748,-0.005052,-0.418879,0.012619,-0.396332,-29.728302,-0.017011,-0.004000,0.001074,0.002011,0.000392,0.001074,0.031828,0.130676,-9.809078,0.009057,-0.022822,-0.422879,2.880865,-0.000718,27.000000,0.013045,1.935242,0.001466,-0.004602,-0.418879,-0.017000,-0.004000,46,0,1,31,28,0.018013,0.009697,-0.553793,-0.375414,-0.201372,9.260789,1.310068,-0.000718,0.003177,7,1,0,0.000000,0,1.310120,0.000000,0.017392,0,-0.027142,0.000000,-0.013816,1.310120,-0.027142,1,1,1,0.636613,0.000000,0.000000,0.000000,0.000000,0.000000,0.000000,0.000000
1.4801,1.935414,-0.008898,-0.093440,-0.418879,0.007733,0.001971,1,1.310120,234,0.033569,0.128775,1.935414,0.003560,1.330671,-0.093440,1.935530,1.313640,-0.093440,-0.008898,-0.418879,0.012609,-0.396332,-29.728302,-0.017031,-0.001000,0.001101,0.002001,0.000407,0.001101,0.033569,0.128775,-9.809097,0.000788,-0.017386,-0.419879,2.875541,-0.000548,27.000000,0.013045,1.935530,0.003560,-0.008437,-0.418879,-0.017000,-0.001000,51,0,1,31,28,0.015900,0.000605,-0.513367,-1.348424,0.607135,11.124943,1.304745,-0.000548,0.003305,7,1,0,0.000000,0,1.310120,0.000000,0.007733,0,-0.027142,0.000000,0.001971,1.310120,-0.027142,1,1,1,0.636504,0.000000,0.000000,0.000000,0.000000,0.000000,0.000000,0.000000
1.4901,1.936271,-0.011794,-0.123057,-0.314159,0.016450,-0.001738,1,1.310120,244,0.031708,0.129100,1.936271,0.009634,1.328733,-0.123057,1.936393,1.311682,-0.123057,-0.011794,-0.314159,0.012680,-0.396332,-29.728302,-0.017051,0.002000,0.000920,0.001949,0.000678,0.000920,0.031708,0.129100,-9.809099,-0.022376,0.016958,-0.312159,2.870688,-0.000517,27.000000,0.013045,1.936393,0.009634,-0.011505,-0.314159,-0.017000,0.002000,56,0,1,31,28,-0.007523,-0.032566,-0.434838,0.196687,-0.306970,8.542318,1.299891,-0.000517,0.003077,7,1,0,0.000000,0,1.310120,0.000000,0.016450,0,-0.027142,0.000000,-0.001738,1.310120,-0.027142,1,1,1,0.636404,0.000000,0.000000,0.000000,0.000000,0.000000,0.000000,0.000000
1.5001,1.940473,-0.013998,-0.174937,-0.209440,0.019042,-0.004245,1,1.310120,254,0.030319,0.127600,1.940473,0.045448,1.326911,-0.174937,1.940611,1.309835,-0.174937,-0.013998,-0.209440,0.012681,-0.396332,-29.728302,-0.017076,0.005000,0.000918,0.002012,0.001223,0.000918,0.030319,0.127600,-9.809123,-0.023222,-0.021648,-0.204440,2.866636,-0.000369,27.000000,0.013045,1.940611,0.045448,-0.013806,-0.209440,-0.017000,0.005000,61,0,1,31,28,0.028767,-0.018240,-0.379176,-0.602570,-0.004683,10.363216,1.295839,-0.000369,0.002908,7,1,0,0.000000,0,1.310120,0.000000,0.019042,0,-0.027142,0.000000,-0.004245,1.310120,-0.027142,1,1,1,0.636318,0.000000,0.000000,0.000000,0.000000,0.000000,0.000000,0.000000
1.5101,1.946928,-0.014765,-0.114214,-0.209440,0.032400,-0.017080,1,1.310120,8,0.028167,0.125283,1.946928,0.062832,1.324218,-0.114214,1.947035,1.307183,-0.114214,-0.014765,-0.209440,0.012680,-0.396332,-29.728302,-0.017036,0.006000,0.000920,0.001994,0.002066,0.000920,0.028167,0.125283,-9.809160,-0.022362,-0.003454,-0.203440,2.863215,-0.000132,27.000000,0.013045,1.947035,0.062832,-0.014573,-0.209440,-0.017000,0.006000,66,0,1,31,28,0.011714,-0.023385,-0.317383,-0.241847,0.186027,9.647586,1.292419,-0.000132,0.002682,7,1,0,0.000000,0,1.310120,0.000000,0.032400,0,-0.027142,0.000000,-0.017080,1.310120,-0.027142,1,1,1,0.636257,0.000000,0.000000,0.000000,0.000000,0.000000,0.000000,0.000000
1.5201,1.954546,-0.016300,-0.066322,-0.209440,0.021389,-0.006343,1,1.310120,18,0.027857,0.124452,1.954546,0.079273,1.322900,-0.066322,1.954608,1.305890,-0.066322,-0.016300,-0.209440,0.012680,-0.396332,-29.728302,-0.017011,0.001000,0.000922,0.001991,0.002061,0.000922,0.027857,0.124452,-9.809171,-0.006143,0.010736,-0.208440,2.860388,-0.000051,27.000000,0.013045,1.954608,0.079273,-0.016107,-0.209440,-0.017000,0.001000,71,0,1,31,28,-0.007496,-0.013323,-0.274614,-0.224389,-0.004278,8.793917,1.289591,-0.000051,0.002632,7,1,0,0.000000,0,1.310120,0.000000,0.021389,0,-0.027142,0.000000,-0.006343,1.310120,-0.027142,1,1,1,0.636226,0.000000,0.000000,0.000000,0.000000,0.000000,0.000000,0.000000
1.5301,1.961712,-0.017721,-0.115684,-0.104720,0.020632,-0.004631,1,1.310120,28,0.026778,0.125548,1.961712,0.079273,1.321915,-0.115684,1.961800,1.304875,-0.115684,-0.017721,-0.104720,0.012741,-0.396332,-29.728302,-0.017040,-0.001000,0.000766,0.002129,0.001997,0.000766,0.026778,0.125548,-9.809160,-0.002827,0.016355,-0.105720,2.857952,-0.000103,27.000000,0.013045,1.961800,0.079273,-0.017641,-0.104720,-0.017000,-0.001000,76,0,1,31,28,-0.013886,-0.011913,-0.221270,-0.010118,0.251453,10.557585,1.287156,-0.000103,0.002502,7,1,0,0.000000,0,1.310120,0.000000,0.020632,0,-0.027142,0.000000,-0.004631,1.310120,-0.027142,1,1,1,0.636225,0.000000,0.000000,0.000000,0.000000,0.000000,0.000000,0.000000
1.5401,1.970785,-0.017641,-0.154214,0.000000,0.032959,-0.019806,1,1.310120,38,0.027230,0.125838,1.970785,0.093515,1.320063,-0.154214,1.970908,1.303003,-0.154214,-0.017641,0.000000,0.012741,-0.396332,-29.728302,-0.017060,-0.003000,0.000768,0.001987,0.002142,0.000768,0.027230,0.125838,-9.809155,0.000164,0.005765,-0.003000,2.856160,-0.000134,27.000000,0.013045,1.970908,0.093515,-0.017641,0.000000,-0.017000,-0.003000,81,0,1,31,28,-0.005336,-0.004191,-0.157173,0.015458,0.011087,9.110051,1.285364,-0.000134,0.002549,7,1,0,0.000000,0,1.310120,0.000000,0.032959,0,-0.027142,0.000000,-0.019806,1.310120,-0.027142,1,1,1,0.636255,0.000000,0.000000,0.000000,0.000000,0.000000,0.000000,0.000000
1.5501,1.978533,-0.019257,-0.042916,-0.104720,0.011001,0.000392,1,1.310120,48,0.029955,0.126927,1.978533,0.079273,1.320242,-0.042916,1.978578,1.303272,-0.042916,-0.019257,-0.104720,0.012733,-0.396332,-29.728302,-0.016969,-0.002000,0.000786,0.002015,0.001435,0.000786,0.029955,0.126927,-9.809133,0.052718,0.003038,-0.106720,2.854814,-0.000262,27.000000,0.013045,1.978578,0.079273,-0.019175,-0.104720,-0.017000,-0.002000,86,0,1,31,28,-0.024598,0.044818,-0.150218,-1.317862,0.109222,11.177383,1.284017,-0.000262,0.002804,6,1,0,0.000000,0,1.310120,0.000000,0.011001,0,-0.027142,0.000000,0.000392,1.310120,-0.027142,1,1,1,0.636319,0.000000,0.000000,0.000000,0.000000,0.000000,0.000000,0.000000
1.5601,1.981930,-0.020022,0.006623,-0.104720,0.020899,-0.006589,1,1.310120,58,0.031794,0.128936,1.981930,0.032149,1.319599,0.006623,1.981933,1.302672,0.006623,-0.020022,-0.104720,0.012740,-0.396332,-29.728302,-0.016928,0.001000,0.000768,0.001995,0.000422,0.000768,0.031794,0.128936,-9.809101,0.018789,0.008978,-0.103720,2.853449,-0.000466,27.000000,0.013045,1.981933,0.032149,-0.019942,-0.104720,-0.017000,0.001000,91,0,1,31,28,-0.016009,0.012080,-0.097259,0.084402,-0.073149,9.740898,1.282653,-0.000466,0.002977,7,1,0,0.000000,0,1.310120,0.000000,0.020899,0,-0.027142,0.000000,-0.006589,1.310120,-0.027142,1,1,1,0.636401,0.000000,0.000000,0.000000,0.000000,0.000000,0.000000,0.000000
1.5701,1.982214,-0.021734,0.155810,-0.209440,0.003481,0.006297,1,1.310120,68,0.033684,0.126472,1.982214,-0.000419,1.320461,0.155810,1.982029,1.303623,0.155810,-0.021734,-0.209440,0.012557,-0.396332,-29.728302,-0.016838,0.003000,0.001231,0.001991,-0.000583,0.001231,0.033684,0.126472,-9.809127,-0.009571,-0.003844,-0.206440,2.852689,-0.000407,27.000000,0.013045,1.982029,-0.000419,-0.021476,-0.209440,-0.017000,0.003000,96,0,1,31,28,0.007506,-0.007709,-0.050537,-1.174413,0.071523,11.138814,1.281892,-0.000407,0.003153,6,1,0,0.000000,0,1.310120,0.000000,0.003481,0,-0.027142,0.000000,0.006297,1.310120,-0.027142,1,1,1,0.636492,0.000000,0.000000,0.000000,0.000000,0.000000,0.000000,0.000000
1.5801,1.981557,-0.021476,0.013895,0.000000,0.018568,-0.013913,1,1.310120,78,0.032579,0.126721,1.981557,-0.001466,1.320081,0.013895,1.981550,1.303158,0.013895,-0.021476,0.000000,0.012616,-0.396332,-29.728302,-0.016922,0.006000,0.001083,0.001992,-0.000085,0.001083,0.032579,0.126721,-9.809127,-0.004519,-0.003848,0.006000,2.852482,-0.000371,27.000000,0.013045,1.981550,-0.001466,-0.021476,0.000000,-0.017000,0.006000,101,0,1,31,28,0.005387,-0.002240,0.019925,-0.030626,0.154037,9.924944,1.281686,-0.000371,0.003043,6,1,0,0.000000,0,1.310120,0.000000,0.018568,0,-0.027142,0.000000,-0.013913,1.310120,-0.027142,1,1,1,0.636575,0.000000,0.000000,0.000000,0.000000,0.000000,0.000000,0.000000
1.5901,1.982037,-0.022243,0.070518,0.000000,-0.001757,-0.002130,1,1.310120,88,0.034531,0.126655,1.982037,-0.000419,1.321349,0.070518,1.981933,1.304465,0.070518,-0.022243,0.000000,0.012638,-0.396332,-29.728302,-0.016884,0.003000,0.001026,0.001999,-0.000414,0.001026,0.034531,0.126655,-9.809122,0.005853,-0.008648,0.003000,2.853022,-0.000348,27.000000,0.013045,1.981933,-0.000419,-0.022243,0.000000,-0.017000,0.003000,106,0,1,31,28,0.005390,0.009873,0.073399,-0.701287,-0.141583,9.050628,1.282225,-0.000348,0.003232,7,1,0,0.000000,0,1.310120,0.000000,-0.001757,0,-0.027142,0.000000,-0.002130,1.310120,-0.027142,1,1,1,0.636655,0.000000,0.000000,0.000000,0.000000,0.000000,0.000000,0.000000
1.6001,1.981838,-0.022243,0.099301,0.000000,0.002592,-0.009799,1,1.310120,98,0.033072,0.125706,1.981838,0.002513,1.322078,0.099301,1.981741,1.305191,0.099301,-0.022243,0.000000,0.012619,-0.396332,-29.728302,-0.016886,-0.003000,0.001076,0.002001,0.000129,0.001076,0.033072,0.125706,-9.809139,-0.019918,0.003236,-0.003000,2.853748,-0.000268,27.000000,0.013045,1.981741,0.002513,-0.022243,0.000000,-0.017000,-0.003000,111,0,1,31,28,0.005426,-0.018219,0.096539,-0.076843,0.222259,10.595530,1.282951,-0.000268,0.003085,6,1,0,0.000000,0,1.310120,0.000000,0.002592,0,-0.027142,0.000000,-0.009799,1.310120,-0.027142,1,1,1,0.636733,0.000000,0.000000,0.000000,0.000000,0.000000,0.000000,0.000000
1.6101,1.982450,-0.021476,0.133813,0.000000,0.005333,-0.019003,1,1.310120,108,0.031269,0.125470,1.982450,0.004503,1.322441,0.133813,1.982317,1.305568,0.133813,-0.021476,0.000000,0.012619,-0.396332,-29.728302,-0.016873,-0.006000,0.001075,0.001991,-0.000250,0.001075,0.031269,0.125470,-9.809148,-0.033684,0.021324,-0.006000,2.854891,-0.000237,27.000000,0.013045,1.982317,0.004503,-0.021476,0.000000,-0.017000,-0.006000,116,0,1,31,28,-0.005217,-0.037908,0.128302,0.128660,0.093300,8.651571,1.284095,-0.000237,0.002912,6,1,0,0.000000,0,1.310120,0.000000,0.005333,0,-0.027142,0.000000,-0.019003,1.310120,-0.027142,1,1,1,0.636809,0.000000,0.000000,0.000000,0.000000,0.000000,0.000000,0.000000
1.6201,1.981632,-0.021476,0.165495,0.000000,-0.008260,-0.011333,1,1.310120,118,0.028800,0.126591,1.981632,-0.006597,1.323857,0.165495,1.981454,1.307015,0.165495,-0.021476,0.000000,0.012620,-0.396332,-29.728302,-0.016842,-0.007000,0.001073,0.002000,-0.000797,0.001073,0.028800,0.126591,-9.809141,-0.002466,0.009264,-0.007000,2.856339,-0.000345,27.000000,0.013045,1.981454,-0.006597,-0.021476,0.000000,-0.017000,-0.007000,121,0,1,31,28,-0.007378,-0.004120,0.158560,-0.267116,-0.130457,10.496158,1.285542,-0.000345,0.002658,7,1,0,0.000000,0,1.310120,0.000000,-0.008260,0,-0.027142,0.000000,-0.011333,1.310120,-0.027142,1,1,1,0.636883,0.000000,0.000000,0.000000,0.000000,0.000000,0.000000,0.000000
1.6301,1.981762,-0.019942,0.174037,0.000000,0.006057,-0.029741,1,1.310120,128,0.026738,0.127967,1.981762,0.005550,1.323858,0.174037,1.981646,1.307028,0.174037,-0.019942,0.000000,0.012701,-0.396332,-29.728302,-0.016830,-0.003000,0.000867,0.001990,-0.000029,0.000867,0.026738,0.127967,-9.809129,-0.016049,0.006085,-0.003000,2.857885,-0.000395,27.000000,0.013045,1.981646,0.005550,-0.019942,0.000000,-0.017000,-0.003000,126,0,1,31,28,0.001175,-0.014950,0.171240,0.659425,-0.088176,10.210073,1.287089,-0.000395,0.002465,7,1,0,0.000000,0,1.310120,0.000000,0.006057,0,-0.027142,0.000000,-0.029741,1.310120,-0.027142,1,1,1,0.636951,0.000000,0.000000,0.000000,0.000000,0.000000,0.000000,0.000000
1.6401,1.981498,-0.019175,0.182336,0.000000,-0.006664,-0.023605,1,1.310120,138,0.027348,0.127407,1.981498,-0.002513,1.324936,0.182336,1.981358,1.308098,0.182336,-0.019175,0.000000,0.012734,-0.396332,-29.728302,-0.016838,0.000000,0.000785,0.001991,-0.000655,0.000785,0.027348,0.127407,-9.809134,0.000813,-0.018077,0.000000,2.859722,-0.000305,27.000000,0.013045,1.981358,-0.002513,-0.019175,0.000000,-0.017000,0.000000,131,0,1,31,28,0.016094,0.010594,0.182216,-0.280069,-0.002405,9.415977,1.288926,-0.000305,0.002538,6,1,0,0.000000,0,1.310120,0.000000,-0.006664,0,-0.027142,0.000000,-0.023605,1.310120,-0.027142,1,1,1,0.637019,0.000000,0.000000,0.000000,0.000000,0.000000,0.000000,0.000000
1.6501,1.981194,-0.017562,0.031333,0.104720,0.005121,-0.035288,1,1.310120,148,0.025604,0.127112,1.981194,-0.000419,1.324948,0.031333,1.981167,1.308009,0.031333,-0.017562,0.104720,0.012747,-0.396332,-29.728302,-0.016940,0.003000,0.000752,0.002007,-0.000100,0.000752,0.025604,0.127112,-9.809143,-0.017073,0.001815,0.107720,2.861245,-0.000255,27.000000,0.013045,1.981167,-0.000419,-0.017641,0.104720,-0.017000,0.003000,136,0,1,31,28,0.005435,-0.014513,0.139249,0.381640,0.290500,10.510381,1.290449,-0.000255,0.002382,6,1,0,0.000000,0,1.310120,0.000000,0.005121,0,-0.027142,0.000000,-0.035288,1.310120,-0.027142,1,1,1,0.637083,0.000000,0.000000,0.000000,0.000000,0.000000,0.000000,0.000000
1.6601,1.981816,-0.016874,0.115031,0.000000,-0.003580,-0.027420,1,1.310120,158,0.025472,0.127407,1.981816,0.006597,1.325535,0.115031,1.981741,1.308659,0.115031,-0.016874,0.000000,0.012804,-0.396332,-29.728302,-0.016876,0.003000,0.000607,0.001944,-0.000247,0.000607,0.025472,0.127407,-9.809140,-0.000502,0.006008,0.003000,2.862583,-0.000225,27.000000,0.013045,1.981741,0.006597,-0.016874,0.000000,-0.017000,0.003000,141,0,1,31,28,-0.005258,-0.001438,0.118059,0.168381,-0.205103,8.811295,1.291787,-0.000225,0.002377,6,1,0,0.000000,0,1.310120,0.000000,-0.003580,0,-0.027142,0.000000,-0.027420,1.310120,-0.027142,1,1,1,0.637145,0.000000,0.000000,0.000000,0.000000,0.000000,0.000000,0.000000
1.6701,1.981332,-0.016107,0.067921,0.000000,0.002045,-0.029741,1,1.310120,168,0.023820,0.124684,1.981332,-0.004503,1.325631,0.067921,1.981262,1.308732,0.067921,-0.016107,0.000000,0.012620,-0.396332,-29.728302,-0.016900,0.003000,0.001072,0.001990,-0.000234,0.001072,0.023820,0.124684,-9.809179,-0.012427,-0.002638,0.003000,2.863423,-0.000128,27.000000,0.013045,1.981262,-0.004503,-0.016107,0.000000,-0.017000,0.003000,146,0,1,31,28,0.007544,-0.009325,0.071044,0.382932,0.294171,10.988938,1.292627,-0.000128,0.002223,7,1,0,0.000000,0,1.310120,0.000000,0.002045,0,-0.027142,0.000000,-0.029741,1.310120,-0.027142,1,1,1,0.637211,0.000000,0.000000,0.000000,0.000000,0.000000,0.000000,0.000000
1.6801,1.981588,-0.016107,0.034481,0.000000,-0.003600,-0.022071,1,1.310120,178,0.024607,0.123959,1.981588,0.003560,1.326198,0.034481,1.981550,1.309263,0.034481,-0.016107,0.000000,0.012637,-0.396332,-29.728302,-0.016935,-0.002000,0.001030,0.001990,-0.000077,0.001030,0.024607,0.123959,-9.809186,-0.011706,0.001738,-0.002000,2.863954,-0.000038,27.000000,0.013045,1.981550,0.003560,-0.016107,0.000000,-0.017000,-0.002000,151,0,1,31,28,0.003265,-0.010964,0.032622,0.282651,-0.024072,8.870611,1.293158,-0.000038,0.002305,6,1,0,0.000000,0,1.310120,0.000000,-0.003600,0,-0.027142,0.000000,-0.022071,1.310120,-0.027142,1,1,1,0.637271,0.000000,0.000000,0.000000,0.000000,0.000000,0.000000,0.000000
1.6901,1.981390,-0.016107,0.026855,0.000000,-0.001739,-0.022071,1,1.310120,188,0.025167,0.124929,1.981390,0.000419,1.326491,0.026855,1.981358,1.309551,0.026855,-0.016107,0.000000,0.012743,-0.396332,-29.728302,-0.016940,-0.004000,0.000761,0.001998,0.000024,0.000761,0.025167,0.124929,-9.809172,0.029216,-0.012127,-0.004000,2.864242,-0.000031,27.000000,0.013045,1.981358,0.000419,-0.016107,0.000000,-0.017000,-0.004000,156,0,1,31,28,-0.001052,0.031904,0.022450,0.123210,-0.198023,9.787520,1.293445,-0.000031,0.002360,6,1,0,0.000000,0,1.310120,0.000000,-0.001739,0,-0.027142,0.000000,-0.022071,1.310120,-0.027142,1,1,1,0.637331,0.000000,0.000000,0.000000,0.000000,0.000000,0.000000,0.000000
1.7001,1.981359,-0.015340,0.001938,0.000000,0.009841,-0.031275,1,1.310120,198,0.026934,0.123856,1.981359,-0.000419,1.325783,0.001938,1.981358,1.308825,0.001938,-0.015340,0.000000,0.012560,-0.396332,-29.728302,-0.016958,-0.005000,0.001225,0.001996,-0.000106,0.001225,0.026934,0.123856,-9.809181,0.023414,0.004591,-0.005000,2.864283,-0.000107,27.000000,0.013045,1.981358,-0.000419,-0.015340,0.000000,-0.017000,-0.005000,161,0,1,31,28,-0.013855,0.019386,-0.003306,0.196273,0.024399,8.813620,1.293487,-0.000107,0.002552,7,1,0,0.000000,0,1.310120,0.000000,0.009841,0,-0.027142,0.000000,-0.031275,1.310120,-0.027142,1,1,1,0.637394,0.000000,0.000000,0.000000,0.000000,0.000000,0.000000,0.000000
1.7101,1.981225,-0.015340,-0.053538,0.000000,0.005093,-0.023605,1,1.310120,208,0.028230,0.124506,1.981225,-0.000419,1.325598,-0.053538,1.981262,1.308617,-0.053538,-0.015340,0.000000,0.012581,-0.396332,-29.728302,-0.016982,-0.001000,0.001172,0.002138,-0.000034,0.001172,0.028230,0.124506,-9.809169,0.006814,-0.004282,-0.001000,2.864075,-0.000154,27.000000,0.013045,1.981262,-0.000419,-0.015340,0.000000,-0.017000,-0.001000,166,0,1,31,28,0.001085,0.007288,-0.054634,-0.365089,0.030612,9.837353,1.293279,-0.000154,0.002683,6,1,0,0.000000,0,1.310120,0.000000,0.005093,0,-0.027142,0.000000,-0.023605,1.310120,-0.027142,1,1,1,0.637454,0.000000,0.000000,0.000000,0.000000,0.000000,0.000000,0.000000
1.7201,1.981575,-0.016107,-0.056795,0.000000,0.000757,-0.014401,1,1.310120,218,0.028460,0.124856,1.981575,0.004503,1.325787,-0.056795,1.981646,1.308804,-0.056795,-0.016107,0.000000,0.012589,-0.396332,-29.728302,-0.016983,0.002000,0.001151,0.001991,0.000220,0.001151,0.028460,0.124856,-9.809164,-0.003797,-0.001823,0.002000,2.863495,-0.000184,27.000000,0.013045,1.981646,0.004503,-0.016107,0.000000,-0.017000,0.002000,171,0,1,31,28,0.003231,-0.003391,-0.054757,-0.010164,0.242244,10.528781,1.292699,-0.000184,0.002696,7,1,0,0.000000,0,1.310120,0.000000,0.000757,0,-0.027142,0.000000,-0.014401,1.310120,-0.027142,1,1,1,0.637513,0.000000,0.000000,0.000000,0.000000,0.000000,0.000000,0.000000
1.7301,1.982070,-0.016874,-0.045741,0.000000,0.000317,-0.012867,1,1.310120,228,0.029425,0.125120,1.982070,0.003560,1.325968,-0.045741,1.982125,1.308997,-0.045741,-0.016874,0.000000,0.012619,-0.396332,-29.728302,-0.016971,0.004000,0.001074,0.001992,0.000119,0.001074,0.029425,0.125120,-9.809158,0.005622,-0.006110,0.004000,2.862921,-0.000184,27.000000,0.013045,1.982125,0.003560,-0.016874,0.000000,-0.017000,0.004000,176,0,1,31,28,0.003224,0.007124,-0.041835,0.339596,-0.022156,8.717541,1.292125,-0.000184,0.002784,7,1,0,0.000000,0,1.310120,0.000000,0.000317,0,-0.027142,0.000000,-0.012867,1.310120,-0.027142,1,1,1,0.637576,0.000000,0.000000,0.000000,0.000000,0.000000,0.000000,0.000000
1.7401,1.981701,-0.016107,-0.044462,0.000000,0.016181,-0.029741,1,1.310120,238,0.030959,0.124734,1.981701,-0.001466,1.324799,-0.044462,1.981741,1.307836,-0.044462,-0.016107,0.000000,0.012649,-0.396332,-29.728302,-0.016963,0.005000,0.000998,0.001991,-0.000017,0.000998,0.030959,0.124734,-9.809158,0.015808,0.000998,0.005000,2.862527,-0.000115,27.000000,0.013045,1.981741,-0.001466,-0.016107,0.000000,-0.017000,0.005000,181,0,1,31,28,-0.007455,0.013476,-0.039636,-0.572802,0.451851,11.344007,1.291731,-0.000115,0.002951,6,1,0,0.000000,0,1.310120,0.000000,0.016181,0,-0.027142,0.000000,-0.029741,1.310120,-0.027142,1,1,1,0.637638,0.000000,0.000000,0.000000,0.000000,0.000000,0.000000,0.000000
1.7501,1.981631,-0.016874,-0.045351,0.000000,0.000008,-0.012867,1,1.310120,248,0.031706,0.125538,1.981631,0.000419,1.325184,-0.045351,1.981646,1.308216,-0.045351,-0.016874,0.000000,0.012739,-0.396332,-29.728302,-0.016969,0.001000,0.000773,0.001993,-0.000097,0.000773,0.031706,0.125538,-9.809145,-0.007425,0.011550,0.001000,2.862140,-0.000112,27.000000,0.013045,1.981646,0.000419,-0.016874,0.000000,-0.017000,0.001000,186,0,1,31,28,-0.007429,-0.012111,-0.044200,-0.378294,0.065637,8.545689,1.291344,-0.000112,0.003016,6,1,0,0.000000,0,1.310120,0.000000,0.000008,0,-0.027142,0.000000,-0.012867,1.310120,-0.027142,1,1,1,0.637700,0.000000,0.000000,0.000000,0.000000,0.000000,0.000000,0.000000
1.7601,1.982092,-0.016874,-0.036827,0.000000,0.011019,-0.020537,1,1.310120,2,0.029724,0.125139,1.982092,0.006597,1.324587,-0.036827,1.982125,1.307615,-0.036827,-0.016874,0.000000,0.012734,-0.396332,-29.728302,-0.016973,-0.001000,0.000785,0.001991,0.000493,0.000785,0.029724,0.125139,-9.809157,-0.014252,-0.013483,-0.001000,2.861539,-0.000072,27.000000,0.013045,1.982125,0.006597,-0.016874,0.000000,-0.017000,-0.001000,191,0,1,31,28,0.018183,-0.007849,-0.037730,0.436668,-0.066243,9.195683,1.290743,-0.000072,0.002814,7,1,0,0.000000,0,1.310120,0.000000,0.011019,0,-0.027142,0.000000,-0.020537,1.310120,-0.027142,1,1,1,0.637763,0.000000,0.000000,0.000000,0.000000,0.000000,0.000000,0.000000
1.7701,1.982466,-0.017641,-0.021719,0.000000,-0.000827,-0.011333,1,1.310120,12,0.030344,0.122622,1.982466,0.004503,1.325062,-0.021719,1.982508,1.308101,-0.021719,-0.017641,0.000000,0.012561,-0.396332,-29.728302,-0.016961,-0.001000,0.001221,0.001988,0.000239,0.001221,0.030344,0.122622,-9.809187,0.006392,0.012295,-0.001000,2.861258,0.000008,27.000000,0.013045,1.982508,0.004503,-0.017641,0.000000,-0.017000,-0.001000,196,0,1,31,28,-0.013840,0.000409,-0.022726,0.111887,-0.133705,9.223505,1.290462,0.000008,0.002872,6,1,0,0.000000,0,1.310120,0.000000,-0.000827,0,-0.027142,0.000000,-0.011333,1.310120,-0.027142,1,1,1,0.637832,0.000000,0.000000,0.000000,0.000000,0.000000,0.000000,0.000000
1.7801,1.981827,-0.016874,-0.008700,0.000000,0.015665,-0.028207,1,1.310120,22,0.029833,0.124135,1.981827,-0.003560,1.324086,-0.008700,1.981837,1.307132,-0.008700,-0.016874,0.000000,0.012686,-0.396332,-29.728302,-0.016954,-0.001000,0.000905,0.002128,0.000023,0.000905,0.029833,0.124135,-9.809169,0.005930,-0.008603,-0.001000,2.861056,-0.000018,27.000000,0.013045,1.981837,-0.003560,-0.016874,0.000000,-0.017000,-0.001000,0,0,1,31,28,0.005366,0.008841,-0.009813,0.263946,0.171771,9.274525,1.290260,-0.000018,0.002827,7,1,0,0.000000,0,1.310120,0.000000,0.015665,0,-0.027142,0.000000,-0.028207,1.310120,-0.027142,1,1,1,0.637895,0.000000,0.000000,0.000000,0.000000,0.000000,0.000000,0.000000
1.7901,1.981956,-0.017641,-0.007477,0.000000,-0.004364,-0.011333,1,1.310120,32,0.031830,0.124881,1.981956,-0.002513,1.324941,-0.007477,1.981933,1.307994,-0.007477,-0.017641,0.000000,0.012684,-0.396332,-29.728302,-0.016948,0.000000,0.000911,0.001996,-0.000509,0.000911,0.031830,0.124881,-9.809153,0.015933,0.003249,0.000000,2.861151,-0.000102,27.000000,0.013045,1.981933,-0.002513,-0.017641,0.000000,-0.017000,0.000000,5,0,1,31,28,-0.009580,0.013044,-0.007643,-0.994026,0.435093,11.133015,1.290355,-0.000102,0.003020,6,1,0,0.000000,0,1.310120,0.000000,-0.004364,0,-0.027142,0.000000,-0.011333,1.310120,-0.027142,1,1,1,0.637958,0.000000,0.000000,0.000000,0.000000,0.000000,0.000000,0.000000
1.8001,1.982119,-0.017641,-0.002012,0.000000,0.004444,-0.019003,1,1.310120,42,0.031449,0.124082,1.982119,0.004503,1.324921,-0.002012,1.982125,1.307978,-0.002012,-0.017641,0.000000,0.012559,-0.396332,-29.728302,-0.016944,0.001000,0.001227,0.002134,0.000299,0.001227,0.031449,0.124082,-9.809165,0.009785,-0.015066,0.001000,2.861135,-0.000145,27.000000,0.013045,1.982125,0.004503,-0.017641,0.000000,-0.017000,0.001000,10,0,1,31,28,0.009631,0.015151,-0.001203,0.226353,-0.198338,9.041091,1.290339,-0.000145,0.002982,6,1,0,0.000000,0,1.310120,0.000000,0.004444,0,-0.027142,0.000000,-0.019003,1.310120,-0.027142,1,1,1,0.638025,0.000000,0.000000,0.000000,0.000000,0.000000,0.000000,0.000000
1.8101,1.982145,-0.017641,-0.006805,0.000000,0.002534,-0.019003,1,1.310120,52,0.032538,0.123880,1.982145,-0.002513,1.325069,-0.006805,1.982125,1.308123,-0.006805,-0.017641,0.000000,0.012562,-0.396332,-29.728302,-0.016945,0.001000,0.001218,0.001991,-0.000221,0.001218,0.032538,0.123880,-9.809164,-0.004258,0.005417,0.001000,2.861281,-0.000123,27.000000,0.013045,1.982125,-0.002513,-0.017641,0.000000,-0.017000,0.001000,15,0,1,31,28,-0.003155,-0.006198,-0.005728,-0.458078,0.282507,11.122260,1.290485,-0.000123,0.003094,6,1,0,0.000000,0,1.310120,0.000000,0.002534,0,-0.027142,0.000000,-0.019003,1.310120,-0.027142,1,1,1,0.638090,0.000000,0.000000,0.000000,0.000000,0.000000,0.000000,0.000000
1.8201,1.981370,-0.017641,0.007041,0.000000,0.003050,-0.019003,1,1.310120,62,0.031983,0.124776,1.981370,-0.003560,1.325140,0.007041,1.981358,1.308202,0.007041,-0.017641,0.000000,0.012617,-0.396332,-29.728302,-0.016938,0.000000,0.001081,0.001981,-0.000023,0.001081,0.031983,0.124776,-9.809154,-0.002621,0.004663,0.000000,2.861359,-0.000159,27.000000,0.013045,1.981358,-0.003560,-0.017641,0.000000,-0.017000,0.000000,20,0,1,31,28,-0.003154,-0.004231,0.007095,0.186578,0.024983,8.765767,1.290563,-0.000159,0.003035,7,1,0,0.000000,0,1.310120,0.000000,0.003050,0,-0.027142,0.000000,-0.019003,1.310120,-0.027142,1,1,1,0.638150,0.000000,0.000000,0.000000,0.000000,0.000000,0.000000,0.000000
1.8301,1.981849,-0.017641,0.011630,0.000000,0.002522,-0.019003,1,1.310120,72,0.031818,0.124942,1.981849,0.001466,1.325246,0.011630,1.981837,1.308311,0.011630,-0.017641,0.000000,0.012676,-0.396332,-29.728302,-0.016935,0.000000,0.000930,0.001977,-0.000007,0.000930,0.031818,0.124942,-9.809153,0.002771,-0.014215,0.000000,2.861469,-0.000115,27.000000,0.013045,1.981837,0.001466,-0.017641,0.000000,-0.017000,0.000000,25,0,1,31,28,0.011777,0.008576,0.011522,-0.202344,-0.026672,9.836883,1.290672,-0.000115,0.003018,7,1,0,0.000000,0,1.310120,0.000000,0.002522,0,-0.027142,0.000000,-0.019003,1.310120,-0.027142,1,1,1,0.638211,0.000000,0.000000,0.000000,0.000000,0.000000,0.000000,0.000000
1.8401,1.981642,-0.016874,-0.003360,0.000000,0.012589,-0.028207,1,1.310120,82,0.032164,0.123874,1.981642,-0.000419,1.324509,-0.003360,1.981646,1.307564,-0.003360,-0.016874,0.000000,0.012666,-0.396332,-29.728302,-0.016945,0.000000,0.000956,0.001846,-0.000083,0.000956,0.032164,0.123874,-9.809165,0.006474,-0.001816,0.000000,2.861488,-0.000015,27.000000,0.013045,1.981646,-0.000419,-0.016874,0.000000,-0.017000,0.000000,30,0,1,31,28,-0.001033,0.006601,-0.003444,-0.182266,0.119731,10.374310,1.290691,-0.000015,0.003065,6,1,0,0.000000,0,1.310120,0.000000,0.012589,0,-0.027142,0.000000,-0.028207,1.310120,-0.027142,1,1,1,0.638272,0.000000,0.000000,0.000000,0.000000,0.000000,0.000000,0.000000
1.8501,1.981815,-0.016874,-0.017520,0.000000,0.006655,-0.020537,1,1.310120,92,0.032638,0.123495,1.981815,0.002513,1.324396,-0.017520,1.981837,1.307435,-0.017520,-0.016874,0.000000,0.012612,-0.396332,-29.728302,-0.016961,-0.003000,0.001092,0.001990,0.000209,0.001092,0.032638,0.123495,-9.809168,0.001228,-0.004116,-0.003000,2.861359,-0.000031,27.000000,0.013045,1.981837,0.002513,-0.016874,0.000000,-0.017000,-0.003000,35,0,1,31,28,0.003235,0.002566,-0.020554,-0.384443,0.135194,9.886243,1.290563,-0.000031,0.003114,7,1,0,0.000000,0,1.310120,0.000000,0.006655,0,-0.027142,0.000000,-0.020537,1.310120,-0.027142,1,1,1,0.638337,0.000000,0.000000,0.000000,0.000000,0.000000,0.000000,0.000000
1.8601,1.982021,-0.017641,-0.019726,0.000000,-0.002731,-0.011333,1,1.310120,102,0.031869,0.124228,1.982021,0.004503,1.325067,-0.019726,1.982029,1.308110,-0.019726,-0.017641,0.000000,0.012685,-0.396332,-29.728302,-0.016957,-0.001000,0.000909,0.002100,0.000116,0.000909,0.031869,0.124228,-9.809162,-0.007432,-0.002516,-0.001000,2.861267,-0.000034,27.000000,0.013045,1.982029,0.004503,-0.017641,0.000000,-0.017000,-0.001000,40,0,1,31,28,0.005379,-0.005975,-0.020652,-0.201094,0.532671,11.010096,1.290471,-0.000034,0.003025,6,1,0,0.000000,0,1.310120,0.000000,-0.002731,0,-0.027142,0.000000,-0.011333,1.310120,-0.027142,1,1,1,0.638398,0.000000,0.000000,0.000000,0.000000,0.000000,0.000000,0.000000
1.8701,1.982329,-0.017641,0.015879,0.000000,0.002992,-0.019003,1,1.310120,112,0.032379,0.124213,1.982329,0.000419,1.325129,0.015879,1.982317,1.308196,0.015879,-0.017641,0.000000,0.012741,-0.396332,-29.728302,-0.016934,0.000000,0.000768,0.001995,-0.000018,0.000768,0.032379,0.124213,-9.809160,0.010607,0.003321,0.000000,2.861353,0.000022,27.000000,0.013045,1.982317,0.000419,-0.017641,0.000000,-0.017000,0.000000,45,0,1,31,28,-0.007434,0.008464,0.015773,0.368181,-0.031113,8.669618,1.290556,0.000022,0.003077,6,1,0,0.000000,0,1.310120,0.000000,0.002992,0,-0.027142,0.000000,-0.019003,1.310120,-0.027142,1,1,1,0.638459,0.000000,0.000000,0.000000,0.000000,0.000000,0.000000,0.000000
1.8801,1.981851,-0.016874,0.014951,0.000000,0.010582,-0.028207,1,1.310120,122,0.033449,0.122318,1.981851,-0.004503,1.324563,0.014951,1.981837,1.307634,0.014951,-0.016874,0.000000,0.012566,-0.396332,-29.728302,-0.016929,0.003000,0.001209,0.001990,-0.000116,0.001209,0.033449,0.122318,-9.809180,0.012131,0.012019,0.003000,2.861558,0.000041,27.000000,0.013045,1.981837,-0.004503,-0.016874,0.000000,-0.017000,0.003000,50,0,1,31,28,-0.015969,0.006275,0.017874,-0.697221,0.508802,11.373210,1.290762,0.000041,0.003199,6,1,0,0.000000,0,1.310120,0.000000,0.010582,0,-0.027142,0.000000,-0.028207,1.310120,-0.027142,1,1,1,0.638525,0.000000,0.000000,0.000000,0.000000,0.000000,0.000000,0.000000
1.8901,1.981542,-0.016874,-0.002857,0.000000,0.004771,-0.020537,1,1.310120,132,0.033096,0.124034,1.981542,-0.001466,1.324593,-0.002857,1.981550,1.307651,-0.002857,-0.016874,0.000000,0.012688,-0.396332,-29.728302,-0.016942,0.001000,0.000902,0.002167,-0.000087,0.000902,0.033096,0.124034,-9.809160,-0.014277,0.014650,0.001000,2.861575,-0.000012,27.000000,0.013045,1.981550,-0.001466,-0.016874,0.000000,-0.017000,0.001000,55,0,1,31,28,-0.007410,-0.019089,-0.001615,-0.127089,0.157756,9.618666,1.290779,-0.000012,0.003160,6,1,0,0.000000,0,1.310120,0.000000,0.004771,0,-0.027142,0.000000,-0.020537,1.310120,-0.027142,1,1,1,0.638585,0.000000,0.000000,0.000000,0.000000,0.000000,0.000000,0.000000
1.9001,1.982119,-0.016874,-0.014283,0.000000,0.006287,-0.020537,1,1.310120,142,0.031833,0.125162,1.982119,0.006597,1.324490,-0.014283,1.982125,1.307539,-0.014283,-0.016874,0.000000,0.012804,-0.396332,-29.728302,-0.016952,0.000000,0.000607,0.001953,0.000224,0.000607,0.031833,0.125162,-9.809150,-0.002994,0.002494,0.000000,2.861463,-0.000008,27.000000,0.013045,1.982125,0.006597,-0.016874,0.000000,-0.017000,0.000000,60,0,1,31,28,-0.001025,-0.003942,-0.014233,0.358925,0.061674,8.900233,1.290666,-0.000008,0.003029,6,1,0,0.000000,0,1.310120,0.000000,0.006287,0,-0.027142,0.000000,-0.020537,1.310120,-0.027142,1,1,1,0.638645,0.000000,0.000000,0.000000,0.000000,0.000000,0.000000,0.000000
1.9101,1.982128,-0.016874,0.009418,0.000000,0.005894,-0.020537,1,1.310120,152,0.033058,0.123289,1.982128,-0.000419,1.324415,0.009418,1.982125,1.307478,0.009418,-0.016874,0.000000,0.012618,-0.396332,-29.728302,-0.016937,0.000000,0.001077,0.001991,0.000019,0.001077,0.033058,0.123289,-9.809170,0.014097,0.015815,0.000000,2.861402,-0.000005,27.000000,0.013045,1.982125,-0.000419,-0.016874,0.000000,-0.017000,0.000000,65,0,1,31,28,-0.020241,0.006376,0.009338,0.075822,0.035462,10.239646,1.290605,-0.000005,0.003157,6,1,0,0.000000,0,1.310120,0.000000,0.005894,0,-0.027142,0.000000,-0.020537,1.310120,-0.027142,1,1,1,0.638709,0.000000,0.000000,0.000000,0.000000,0.000000,0.000000,0.000000
1.9201,1.982034,-0.016874,0.001899,0.000000,0.005001,-0.020537,1,1.310120,162,0.034004,0.124829,1.982034,0.001466,1.324442,0.001899,1.982029,1.307501,0.001899,-0.016874,0.000000,0.012673,-0.396332,-29.728302,-0.016941,-0.001000,0.000938,0.001971,-0.000009,0.000938,0.034004,0.124829,-9.809147,0.009014,0.004060,-0.001000,2.861425,-0.000108,27.000000,0.013045,1.982029,0.001466,-0.016874,0.000000,-0.017000,-0.001000,70,0,1,31,28,-0.007436,0.006526,0.000817,0.023913,0.044255,8.746715,1.290629,-0.000108,0.003251,6,1,0,0.000000,0,1.310120,0.000000,0.005001,0,-0.027142,0.000000,-0.020537,1.310120,-0.027142,1,1,1,0.638771,0.000000,0.000000,0.000000,0.000000,0.000000,0.000000,0.000000
1.9301,1.982029,-0.017641,0.004736,0.000000,-0.003644,-0.011333,1,1.310120,172,0.034729,0.125367,1.982029,-0.002513,1.325181,0.004736,1.982029,1.308241,0.004736,-0.017641,0.000000,0.012741,-0.396332,-29.728302,-0.016939,-0.002000,0.000768,0.001992,-0.000096,0.000768,0.034729,0.125367,-9.809137,-0.010636,-0.008100,-0.002000,2.861399,-0.000100,27.000000,0.013045,1.982029,-0.002513,-0.017641,0.000000,-0.017000,-0.002000,75,0,1,31,28,0.011790,-0.006269,0.002816,-0.468151,0.218867,10.853642,1.290602,-0.000100,0.003314,6,1,0,0.000000,0,1.310120,0.000000,-0.003644,0,-0.027142,0.000000,-0.011333,1.310120,-0.027142,1,1,1,0.638832,0.000000,0.000000,0.000000,0.000000,0.000000,0.000000,0.000000
1.9401,1.981927,-0.016874,-0.001177,0.000000,0.013978,-0.028207,1,1.310120,182,0.034572,0.122709,1.981927,-0.002513,1.324332,-0.001177,1.981933,1.307389,-0.001177,-0.016874,0.000000,0.012582,-0.396332,-29.728302,-0.016942,0.000000,0.001169,0.002063,0.000028,0.001169,0.034572,0.122709,-9.809172,0.008368,-0.002680,0.000000,2.861313,0.000015,27.000000,0.013045,1.981933,-0.002513,-0.016874,0.000000,-0.017000,0.000000,80,0,1,31,28,-0.001035,0.008710,-0.001286,0.243907,-0.031298,8.679105,1.290517,0.000015,0.003313,7,1,0,0.000000,0,1.310120,0.000000,0.013978,0,-0.027142,0.000000,-0.028207,1.310120,-0.027142,1,1,1,0.638897,0.000000,0.000000,0.000000,0.000000,0.000000,0.000000,0.000000
1.9501,1.981734,-0.016874,-0.012365,0.000000,0.005284,-0.020537,1,1.310120,192,0.035299,0.123365,1.981734,-0.003560,1.324353,-0.012365,1.981741,1.307404,-0.012365,-0.016874,0.000000,0.012671,-0.396332,-29.728302,-0.016949,0.000000,0.000944,0.001990,-0.000174,0.000944,0.035299,0.123365,-9.809161,-0.007307,0.013832,0.000000,2.861328,0.000036,27.000000,0.013045,1.981741,-0.003560,-0.016874,0.000000,-0.017000,0.000000,85,0,1,31,28,-0.009554,-0.012542,-0.012207,-0.830687,0.281011,11.227278,1.290532,0.000036,0.003386,7,1,0,0.000000,0,1.310120,0.000000,0.005284,0,-0.027142,0.000000,-0.020537,1.310120,-0.027142,1,1,1,0.638957,0.000000,0.000000,0.000000,0.000000,0.000000,0.000000,0.000000
1.9601,1.981822,-0.016874,-0.018462,0.000000,0.007519,-0.020537,1,1.310120,202,0.034283,0.124862,1.981822,0.002513,1.324180,-0.018462,1.981837,1.307230,-0.018462,-0.016874,0.000000,0.012762,-0.396332,-29.728302,-0.016950,0.002000,0.000715,0.001999,0.000128,0.000715,0.034283,0.124862,-9.809145,-0.007530,-0.002479,0.002000,2.861154,-0.000024,27.000000,0.013045,1.981837,0.002513,-0.016874,0.000000,-0.017000,0.002000,90,0,1,31,28,0.005380,-0.006032,-0.016386,0.180238,0.142468,10.097233,1.290358,-0.000024,0.003279,7,1,0,0.000000,0,1.310120,0.000000,0.007519,0,-0.027142,0.000000,-0.020537,1.310120,-0.027142,1,1,1,0.639017,0.000000,0.000000,0.000000,0.000000,0.000000,0.000000,0.000000
1.9701,1.982389,-0.016874,-0.012575,0.000000,0.007995,-0.020537,1,1.310120,212,0.034987,0.122635,1.982389,0.001466,1.323994,-0.012575,1.982413,1.307045,-0.012575,-0.016874,0.000000,0.012589,-0.396332,-29.728302,-0.016948,0.001000,0.001151,0.002000,0.000053,0.001151,0.034987,0.122635,-9.809171,0.015696,-0.013056,0.001000,2.860969,0.000029,27.000000,0.013045,1.982413,0.001466,-0.016874,0.000000,-0.017000,0.001000,95,0,1,31,28,0.005354,0.019554,-0.011822,-0.001646,-0.233275,9.538254,1.290173,0.000029,0.003355,7,1,0,0.000000,0,1.310120,0.000000,0.007995,0,-0.027142,0.000000,-0.020537,1.310120,-0.027142,1,1,1,0.639082,0.000000,0.000000,0.000000,0.000000,0.000000,0.000000,0.000000
1.9801,1.982121,-0.016874,-0.009614,0.000000,0.007046,-0.020537,1,1.310120,222,0.035897,0.123995,1.982121,0.000419,1.323916,-0.009614,1.982125,1.306971,-0.009614,-0.016874,0.000000,0.012746,-0.396332,-29.728302,-0.016945,0.000000,0.000755,0.002004,0.000010,0.000755,0.035897,0.123995,-9.809151,0.018625,0.009069,0.000000,2.860894,0.000046,27.000000,0.013045,1.982125,0.000419,-0.016874,0.000000,-0.017000,0.000000,100,0,1,31,28,-0.015984,0.013054,-0.009781,-0.258605,0.203745,10.537803,1.290098,0.000046,0.003445,6,1,0,0.000000,0,1.310120,0.000000,0.007046,0,-0.027142,0.000000,-0.020537,1.310120,-0.027142,1,1,1,0.639142,0.000000,0.000000,0.000000,0.000000,0.000000,0.000000,0.000000
1.9901,1.982123,-0.017641,-0.003608,0.000000,-0.002742,-0.011333,1,1.310120,232,0.036204,0.122576,1.982123,0.003560,1.324666,-0.003608,1.982125,1.307724,-0.003608,-0.017641,0.000000,0.012573,-0.396332,-29.728302,-0.016942,0.000000,0.001190,0.001987,-0.000193,0.001190,0.036204,0.122576,-9.809167,-0.008541,-0.009053,0.000000,2.860881,0.000015,27.000000,0.013045,1.982125,0.003560,-0.017641,0.000000,-0.017000,0.000000,105,0,1,31,28,0.011785,-0.004047,-0.003558,-0.214553,0.361692,9.362256,1.290084,0.000015,0.003470,6,1,0,0.000000,0,1.310120,0.000000,-0.002742,0,-0.027142,0.000000,-0.011333,1.310120,-0.027142,1,1,1,0.639206,0.000000,0.000000,0.000000,0.000000,0.000000,0.000000,0.000000
2.0001,1.982142,-0.017641,0.026405,0.000000,0.003996,-0.019003,1,1.310120,242,0.035855,0.122618,1.982142,0.000419,1.324712,0.026405,1.982125,1.307790,0.026405,-0.017641,0.000000,0.012637,-0.396332,-29.728302,-0.016922,0.000000,0.001030,0.002036,-0.000110,0.001030,0.035855,0.122618,-9.809168,-0.005182,-0.015287,0.000000,2.860947,0.000074,27.000000,0.013045,1.982125,0.000419,-0.017641,0.000000,-0.017000,0.000000,110,0,1,31,28,0.016057,0.001979,0.026382,-0.363957,0.646973,11.039849,1.290151,0.000074,0.003434,7,1,0,0.000000,0,1.310120,0.000000,0.003996,0,-0.027142,0.000000,-0.019003,1.310120,-0.027142,1,1,1,0.639267,0.000000,0.000000,0.000000,0.000000,0.000000,0.000000,0.000000
2.0101,1.981758,-0.016874,0.016821,0.000000,0.010688,-0.028207,1,1.310120,252,0.036092,0.123034,1.981758,-0.002513,1.324217,0.016821,1.981741,1.307288,0.016821,-0.016874,0.000000,0.012726,-0.396332,-29.728302,-0.016929,-0.001000,0.000806,0.002145,-0.000347,0.000806,0.036092,0.123034,-9.809162,0.011298,0.010054,-0.001000,2.861211,0.000123,27.000000,0.013045,1.981741,-0.002513,-0.016874,0.000000,-0.017000,-0.001000,115,0,1,31,28,-0.013835,0.006309,0.015742,0.081077,0.073443,8.708762,1.290415,0.000123,0.003467,7,1,0,0.000000,0,1.310120,0.000000,0.010688,0,-0.027142,0.000000,-0.028207,1.310120,-0.027142,1,1,1,0.639328,0.000000,0.000000,0.000000,0.000000,0.000000,0.000000,0.000000
2.0201,1.981740,-0.016874,-0.001592,0.000000,0.004585,-0.020537,1,1.310120,6,0.036046,0.123565,1.981740,0.001466,1.324318,-0.001592,1.981741,1.307378,-0.001592,-0.016874,0.000000,0.012736,-0.396332,-29.728302,-0.016940,0.000000,0.000779,0.002001,0.000105,0.000779,0.036046,0.123565,-9.809156,-0.007190,0.004396,0.000000,2.861301,0.000080,27.000000,0.013045,1.981741,0.001466,-0.016874,0.000000,-0.017000,0.000000,120,0,1,31,28,-0.001017,-0.008386,-0.001485,-0.478878,0.186388,10.384358,1.290505,0.000080,0.003461,6,1,0,0.000000,0,1.310120,0.000000,0.004585,0,-0.027142,0.000000,-0.020537,1.310120,-0.027142,1,1,1,0.639387,0.000000,0.000000,0.000000,0.000000,0.000000,0.000000,0.000000
2.0301,1.982111,-0.016874,-0.008936,0.000000,0.006988,-0.020537,1,1.310120,16,0.035588,0.122593,1.982111,0.004503,1.324196,-0.008936,1.982125,1.307252,-0.008936,-0.016874,0.000000,0.012617,-0.396332,-29.728302,-0.016944,0.001000,0.001080,0.002096,0.000038,0.001080,0.035588,0.122593,-9.809169,-0.005093,0.003447,0.001000,2.861176,0.000060,27.000000,0.013045,1.982125,0.004503,-0.016874,0.000000,-0.017000,0.001000,125,0,1,31,28,-0.001021,-0.006164,-0.007859,0.360415,0.007973,9.378217,1.290380,0.000060,0.003416,6,1,0,0.000000,0,1.310120,0.000000,0.006988,0,-0.027142,0.000000,-0.020537,1.310120,-0.027142,1,1,1,0.639450,0.000000,0.000000,0.000000,0.000000,0.000000,0.000000,0.000000
2.0401,1.982129,-0.016874,0.009793,0.000000,0.005917,-0.020537,1,1.310120,26,0.037052,0.123282,1.982129,-0.000419,1.324169,0.009793,1.982125,1.307237,0.009793,-0.016874,0.000000,0.012679,-0.396332,-29.728302,-0.016932,0.000000,0.000923,0.001990,-0.000013,0.000923,0.037052,0.123282,-9.809155,0.022423,-0.002047,0.000000,2.861161,0.000050,27.000000,0.013045,1.982125,-0.000419,-0.016874,0.000000,-0.017000,0.000000,130,0,1,31,28,-0.007449,0.021371,0.009523,-0.021373,-0.277678,9.260253,1.290364,0.000050,0.003564,7,1,0,0.000000,0,1.310120,0.000000,0.005917,0,-0.027142,0.000000,-0.020537,1.310120,-0.027142,1,1,1,0.639510,0.000000,0.000000,0.000000,0.000000,0.000000,0.000000,0.000000
2.0501,1.982116,-0.016874,-0.001140,0.000000,0.005280,-0.020537,1,1.310120,36,0.038218,0.123050,1.982116,0.002513,1.324216,-0.001140,1.982125,1.307277,-0.001140,-0.016874,0.000000,0.012552,-0.396332,-29.728302,-0.016938,0.000000,0.001243,0.001990,0.000009,0.001243,0.038218,0.123050,-9.809154,0.017358,0.011989,-0.000000,2.861202,-0.000055,27.000000,0.013045,1.982125,0.002513,-0.016874,0.000000,-0.017000,0.000000,135,0,1,31,28,-0.018114,0.010798,-0.001275,-0.107365,-0.061452,9.559052,1.290405,-0.000055,0.003684,7,1,0,0.000000,0,1.310120,0.000000,0.005280,0,-0.027142,0.000000,-0.020537,1.310120,-0.027142,1,1,1,0.639573,0.000000,0.000000,0.000000,0.000000,0.000000,0.000000,0.000000
2.0601,1.982116,-0.016874,-0.009158,0.000000,0.006770,-0.020537,1,1.310120,46,0.037995,0.123680,1.982116,0.000419,1.324131,-0.009158,1.982125,1.307187,-0.009158,-0.016874,0.000000,0.012648,-0.396332,-29.728302,-0.016944,-0.001000,0.001001,0.001980,0.000127,0.001001,0.037995,0.123680,-9.809147,-0.015977,-0.010361,-0.001000,2.861111,-0.000023,27.000000,0.013045,1.982125,0.000419,-0.016874,0.000000,-0.017000,-0.001000,140,0,1,31,28,0.016059,-0.010360,-0.010028,-0.099564,0.191170,9.236202,1.290315,-0.000023,0.003660,6,1,0,0.000000,0,1.310120,0.000000,0.006770,0,-0.027142,0.000000,-0.020537,1.310120,-0.027142,1,1,1,0.639632,0.000000,0.000000,0.000000,0.000000,0.000000,0.000000,0.000000
2.0701,1.982113,-0.016874,-0.023574,0.000000,0.007759,-0.020537,1,1.310120,56,0.037878,0.123899,1.982113,0.001466,1.323984,-0.023574,1.982125,1.307029,-0.023574,-0.016874,0.000000,0.012777,-0.396332,-29.728302,-0.016955,-0.001000,0.000676,0.002124,0.000025,0.000676,0.037878,0.123899,-9.809144,0.008229,-0.009647,-0.001000,2.860953,0.000083,27.000000,0.013045,1.982125,0.001466,-0.016874,0.000000,-0.017000,-0.001000,145,0,1,31,28,0.005359,0.011177,-0.024719,-0.516294,0.436881,11.008928,1.290156,0.000083,0.003647,7,1,0,0.000000,0,1.310120,0.000000,0.007759,0,-0.027142,0.000000,-0.020537,1.310120,-0.027142,1,1,1,0.639691,0.000000,0.000000,0.000000,0.000000,0.000000,0.000000,0.000000
2.0801,1.982134,-0.016874,0.003951,0.000000,0.006501,-0.020537,1,1.310120,66,0.037823,0.120685,1.982134,-0.000419,1.323937,0.003951,1.982125,1.307002,0.003951,-0.016874,0.000000,0.012505,-0.396332,-29.728302,-0.016934,0.001000,0.001362,0.002012,0.000002,0.001362,0.037823,0.120685,-9.809185,0.003779,0.013477,0.001000,2.860926,0.000139,27.000000,0.013045,1.982125,-0.000419,-0.016874,0.000000,-0.017000,0.001000,150,0,1,31,28,-0.013829,-0.002097,0.004978,0.291026,-0.028209,8.430336,1.290129,0.000139,0.003647,7,1,0,0.000000,0,1.310120,0.000000,0.006501,0,-0.027142,0.000000,-0.020537,1.310120,-0.027142,1,1,1,0.639755,0.000000,0.000000,0.000000,0.000000,0.000000,0.000000,0.000000
2.0901,1.982114,-0.016874,0.005012,0.000000,0.006951,-0.020537,1,1.310120,76,0.038364,0.121623,1.982114,0.002513,1.323877,0.005012,1.982125,1.306943,0.005012,-0.016874,0.000000,0.012580,-0.396332,-29.728302,-0.016934,0.000000,0.001172,0.001992,0.000045,0.001172,0.038364,0.121623,-9.809171,0.001319,0.002870,0.000000,2.860866,0.000118,27.000000,0.013045,1.982125,0.002513,-0.016874,0.000000,-0.017000,0.000000,155,0,1,31,28,-0.003159,0.000071,0.005012,-0.467813,0.189121,10.939478,1.290070,0.000118,0.003701,7,1,0,0.000000,0,1.310120,0.000000,0.006951,0,-0.027142,0.000000,-0.020537,1.310120,-0.027142,1,1,1,0.639815,0.000000,0.000000,0.000000,0.000000,0.000000,0.000000,0.000000
2.1001,1.981926,-0.017641,-0.004562,0.000000,-0.001959,-0.011333,1,1.310120,86,0.038828,0.121867,1.981926,-0.000419,1.324574,-0.004562,1.981933,1.307635,-0.004562,-0.017641,0.000000,0.012621,-0.396332,-29.728302,-0.016939,0.001000,0.001070,0.001961,-0.000184,0.001070,0.038828,0.121867,-9.809166,-0.003949,-0.004109,0.001000,2.860792,0.000130,27.000000,0.013045,1.981933,-0.000419,-0.017641,0.000000,-0.017000,0.001000,160,0,1,31,28,0.005379,-0.001928,-0.003538,0.006406,-0.113577,9.137504,1.289996,0.000130,0.003738,7,1,0,0.000000,0,1.310120,0.000000,-0.001959,0,-0.027142,0.000000,-0.011333,1.310120,-0.027142,1,1,1,0.639874,0.000000,0.000000,0.000000,0.000000,0.000000,0.000000,0.000000
2.1101,1.982032,-0.016874,0.012651,0.000000,0.014365,-0.028207,1,1.310120,96,0.038946,0.121907,1.982032,0.000419,1.323780,0.012651,1.982029,1.306852,0.012651,-0.016874,0.000000,0.012624,-0.396332,-29.728302,-0.016928,0.001000,0.001062,0.002001,0.000011,0.001062,0.038946,0.121907,-9.809165,0.002363,-0.004643,0.001000,2.860776,0.000132,27.000000,0.013045,1.982029,0.000419,-0.016874,0.000000,-0.017000,0.001000,165,0,1,31,28,0.003243,0.004250,0.013599,0.207005,-0.216177,8.935624,1.289979,0.000132,0.003760,6,1,0,0.000000,0,1.310120,0.000000,0.014365,0,-0.027142,0.000000,-0.028207,1.310120,-0.027142,1,1,1,0.639935,0.000000,0.000000,0.000000,0.000000,0.000000,0.000000,0.000000
2.1201,1.981936,-0.016874,0.013323,0.000000,0.003708,-0.020537,1,1.310120,106,0.039584,0.122599,1.981936,-0.000419,1.324014,0.013323,1.981933,1.307088,0.013323,-0.016874,0.000000,0.012682,-0.396332,-29.728302,-0.016927,0.000000,0.000917,0.001888,-0.000020,0.000917,0.039584,0.122599,-9.809154,-0.001381,0.018167,0.000000,2.861011,0.000117,27.000000,0.013045,1.981933,-0.000419,-0.016874,0.000000,-0.017000,0.000000,170,0,1,31,28,-0.015955,-0.008627,0.013434,-0.592007,0.150924,10.929441,1.290215,0.000117,0.003824,7,1,0,0.000000,0,1.310120,0.000000,0.003708,0,-0.027142,0.000000,-0.020537,1.310120,-0.027142,1,1,1,0.639994,0.000000,0.000000,0.000000,0.000000,0.000000,0.000000,0.000000
2.1301,1.982017,-0.016874,-0.011141,0.000000,0.007026,-0.020537,1,1.310120,116,0.038069,0.123645,1.982017,0.003560,1.323953,-0.011141,1.982029,1.307008,-0.011141,-0.016874,0.000000,0.012769,-0.396332,-29.728302,-0.016945,-0.001000,0.000696,0.002149,0.000204,0.000696,0.038069,0.123645,-9.809147,-0.007449,-0.007206,-0.001000,2.860931,0.000101,27.000000,0.013045,1.982029,0.003560,-0.016874,0.000000,-0.017000,-0.001000,175,0,1,31,28,0.009648,-0.003940,-0.012092,0.415573,0.149647,8.748028,1.290135,0.000101,0.003667,6,1,0,0.000000,0,1.310120,0.000000,0.007026,0,-0.027142,0.000000,-0.020537,1.310120,-0.027142,1,1,1,0.640053,0.000000,0.000000,0.000000,0.000000,0.000000,0.000000,0.000000
2.1401,1.982308,-0.016874,-0.016147,0.000000,0.006510,-0.020537,1,1.310120,126,0.038909,0.120842,1.982308,0.000419,1.323933,-0.016147,1.982317,1.306984,-0.016147,-0.016874,0.000000,0.012527,-0.396332,-29.728302,-0.016949,0.000000,0.001307,0.001999,-0.000115,0.001307,0.038909,0.120842,-9.809179,0.002369,-0.011675,0.000000,2.860907,0.000143,27.000000,0.013045,1.982317,0.000419,-0.016874,0.000000,-0.017000,0.000000,180,0,1,31,28,0.009636,0.006802,-0.016233,-0.297757,0.443127,10.511472,1.290111,0.000143,0.003758,7,1,0,0.000000,0,1.310120,0.000000,0.006510,0,-0.027142,0.000000,-0.020537,1.310120,-0.027142,1,1,1,0.640117,0.000000,0.000000,0.000000,0.000000,0.000000,0.000000,0.000000
2.1501,1.982140,-0.017641,0.020342,0.000000,-0.003867,-0.011333,1,1.310120,136,0.039894,0.121564,1.982140,0.000419,1.324753,0.020342,1.982125,1.307829,0.020342,-0.017641,0.000000,0.012587,-0.396332,-29.728302,-0.016924,0.000000,0.001156,0.002000,0.000176,0.001156,0.039894,0.121564,-9.809166,0.021812,0.007595,0.000000,2.860985,0.000125,27.000000,0.013045,1.982125,0.000419,-0.017641,0.000000,-0.017000,0.000000,185,0,1,31,28,-0.015980,0.016931,0.020131,0.033362,-0.021142,8.621647,1.290189,0.000125,0.003847,6,1,0,0.000000,0,1.310120,0.000000,-0.003867,0,-0.027142,0.000000,-0.011333,1.310120,-0.027142,1,1,1,0.640175,0.000000,0.000000,0.000000,0.000000,0.000000,0.000000,0.000000
2.1601,1.981939,-0.016874,0.011426,0.000000,0.013701,-0.028207,1,1.310120,146,0.040518,0.121782,1.981939,-0.001466,1.323996,0.011426,1.981933,1.307069,0.011426,-0.016874,0.000000,0.012592,-0.396332,-29.728302,-0.016927,0.000000,0.001143,0.001959,-0.000195,0.001143,0.040518,0.121782,-9.809160,-0.006758,-0.014564,0.000000,2.860992,0.000109,27.000000,0.013045,1.981933,-0.001466,-0.016874,0.000000,-0.017000,0.000000,190,0,1,31,28,0.016055,0.000041,0.011427,-0.268703,0.290858,10.452538,1.290196,0.000109,0.003920,7,1,0,0.000000,0,1.310120,0.000000,0.013701,0,-0.027142,0.000000,-0.028207,1.310120,-0.027142,1,1,1,0.640233,0.000000,0.000000,0.000000,0.000000,0.000000,0.000000,0.000000
2.1701,1.981713,-0.017641,-0.032426,0.000000,-0.002068,-0.011333,1,1.310120,156,0.041419,0.122042,1.981713,-0.003560,1.324708,-0.032426,1.981741,1.307750,-0.032426,-0.017641,0.000000,0.012681,-0.396332,-29.728302,-0.016959,-0.001000,0.000919,0.002002,-0.000350,0.000919,0.041419,0.122042,-9.809153,0.001168,0.005296,-0.001000,2.860906,0.000167,27.000000,0.013045,1.981741,-0.003560,-0.017641,0.000000,-0.017000,-0.001000,195,0,1,31,28,-0.005303,-0.001562,-0.033409,-0.403348,0.049480,9.856658,1.290109,0.000167,0.004002,7,1,0,0.000000,0,1.310120,0.000000,-0.002068,0,-0.027142,0.000000,-0.011333,1.310120,-0.027142,1,1,1,0.640292,0.000000,0.000000,0.000000,0.000000,0.000000,0.000000,0.000000
2.1801,1.982135,-0.016874,0.017755,0.000000,0.015662,-0.028207,1,1.310120,166,0.039715,0.122717,1.982135,0.003560,1.323763,0.017755,1.982125,1.306839,0.017755,-0.016874,0.000000,0.012741,-0.396332,-29.728302,-0.016923,0.000000,0.000766,0.001999,0.000392,0.000766,0.039715,0.122717,-9.809152,-0.000931,0.003890,0.000000,2.860763,0.000165,27.000000,0.013045,1.982125,0.003560,-0.016874,0.000000,-0.017000,0.000000,200,0,1,31,28,-0.003152,-0.002236,0.017785,0.606856,0.074197,8.670831,1.289966,0.000165,0.003837,7,1,0,0.000000,0,1.310120,0.000000,0.015662,0,-0.027142,0.000000,-0.028207,1.310120,-0.027142,1,1,1,0.640349,0.000000,0.000000,0.000000,0.000000,0.000000,0.000000,0.000000
2.1901,1.982122,-0.016874,-0.007948,0.000000,0.005964,-0.020537,1,1.310120,176,0.041078,0.122869,1.982122,-0.001466,1.323829,-0.007948,1.982125,1.306889,-0.007948,-0.016874,0.000000,0.012740,-0.396332,-29.728302,-0.016940,0.000000,0.000770,0.001990,-0.000183,0.000770,0.041078,0.122869,-9.809144,0.000193,0.015113,0.000000,2.860812,0.000145,27.000000,0.013045,1.982125,-0.001466,-0.016874,0.000000,-0.017000,0.000000,4,0,1,31,28,-0.013829,-0.006201,-0.007870,-0.687873,0.283798,11.007278,1.290016,0.000145,0.003975,7,1,0,0.000000,0,1.310120,0.000000,0.005964,0,-0.027142,0.000000,-0.020537,1.310120,-0.027142,1,1,1,0.640409,0.000000,0.000000,0.000000,0.000000,0.000000,0.000000,0.000000
2.2001,1.982094,-0.016874,-0.017246,0.000000,0.009004,-0.020537,1,1.310120,186,0.040414,0.121369,1.982094,0.003560,1.323623,-0.017246,1.982125,1.306677,-0.017246,-0.016874,0.000000,0.012555,-0.396332,-29.728302,-0.016946,0.001000,0.001236,0.002152,0.000338,0.001236,0.040414,0.121369,-9.809166,-0.003279,-0.013793,0.001000,2.860601,0.000115,27.000000,0.013045,1.982125,0.003560,-0.016874,0.000000,-0.017000,0.001000,9,0,1,31,28,0.013909,0.002540,-0.016279,0.330240,0.061658,8.900215,1.289804,0.000115,0.003910,7,1,0,0.000000,0,1.310120,0.000000,0.009004,0,-0.027142,0.000000,-0.020537,1.310120,-0.027142,1,1,1,0.640471,0.000000,0.000000,0.000000,0.000000,0.000000,0.000000,0.000000
2.2101,1.982511,-0.017641,-0.001014,0.000000,-0.001824,-0.011333,1,1.310120,196,0.041360,0.121390,1.982511,0.001466,1.324338,-0.001014,1.982508,1.307403,-0.001014,-0.017641,0.000000,0.012611,-0.396332,-29.728302,-0.016936,0.000000,0.001096,0.001990,-0.000089,0.001096,0.041360,0.121390,-9.809162,0.010662,-0.013127,-0.000000,2.860559,0.000164,27.000000,0.013045,1.982508,0.001466,-0.017641,0.000000,-0.017000,0.000000,14,0,1,31,28,0.007497,0.015145,-0.001205,-0.373024,0.465880,10.990172,1.289763,0.000164,0.003997,6,1,0,0.000000,0,1.310120,0.000000,-0.001824,0,-0.027142,0.000000,-0.011333,1.310120,-0.027142,1,1,1,0.640529,0.000000,0.000000,0.000000,0.000000,0.000000,0.000000,0.000000
2.2201,1.982138,-0.016874,0.018901,0.000000,0.013875,-0.028207,1,1.310120,206,0.041929,0.121881,1.982138,0.000419,1.323622,0.018901,1.982125,1.306699,0.018901,-0.016874,0.000000,0.012641,-0.396332,-29.728302,-0.016922,-0.001000,0.001020,0.001991,-0.000030,0.001020,0.041929,0.121881,-9.809153,0.009308,0.010956,-0.001000,2.860623,0.000146,27.000000,0.013045,1.982125,0.000419,-0.016874,0.000000,-0.017000,-0.001000,19,0,1,31,28,-0.013832,0.004144,0.017851,0.081534,-0.050980,8.717083,1.289826,0.000146,0.004064,7,1,0,0.000000,0,1.310120,0.000000,0.013875,0,-0.027142,0.000000,-0.028207,1.310120,-0.027142,1,1,1,0.640588,0.000000,0.000000,0.000000,0.000000,0.000000,0.000000,0.000000
2.2301,1.982110,-0.016874,-0.022893,0.000000,0.005016,-0.020537,1,1.310120,216,0.042327,0.122041,1.982110,-0.003560,1.323804,-0.022893,1.982125,1.306851,-0.022893,-0.016874,0.000000,0.012653,-0.396332,-29.728302,-0.016953,-0.002000,0.000989,0.001943,-0.000125,0.000989,0.042327,0.122041,-9.809150,-0.000798,0.001498,-0.002000,2.860775,0.000141,27.000000,0.013045,1.982125,-0.003560,-0.016874,0.000000,-0.017000,-0.002000,24,0,1,31,28,-0.001031,-0.001663,-0.024874,-0.822006,0.256689,10.872933,1.289978,0.000141,0.004104,7,1,0,0.000000,0,1.310120,0.000000,0.005016,0,-0.027142,0.000000,-0.020537,1.310120,-0.027142,1,1,1,0.640647,0.000000,0.000000,0.000000,0.000000,0.000000,0.000000,0.000000
2.2401,1.982115,-0.016874,-0.016509,0.000000,0.008800,-0.020537,1,1.310120,226,0.040779,0.121862,1.982115,0.004503,1.323609,-0.016509,1.982125,1.306663,-0.016509,-0.016874,0.000000,0.012681,-0.396332,-29.728302,-0.016947,0.000000,0.000918,0.002083,0.000215,0.000918,0.040779,0.121862,-9.809158,-0.011238,-0.005480,0.000000,2.860586,0.000190,27.000000,0.013045,1.982125,0.004503,-0.016874,0.000000,-0.017000,0.000000,29,0,1,31,28,0.009651,-0.008157,-0.016407,0.065442,0.415696,10.425299,1.289790,0.000190,0.003947,7,1,0,0.000000,0,1.310120,0.000000,0.008800,0,-0.027142,0.000000,-0.020537,1.310120,-0.027142,1,1,1,0.640704,0.000000,0.000000,0.000000,0.000000,0.000000,0.000000,0.000000
2.2501,1.982317,-0.016874,-0.003260,0.000000,0.007453,-0.020537,1,1.310120,236,0.041681,0.121780,1.982317,-0.000419,1.323554,-0.003260,1.982317,1.306618,-0.003260,-0.016874,0.000000,0.012711,-0.396332,-29.728302,-0.016937,0.000000,0.000842,0.002091,-0.000198,0.000842,0.041681,0.121780,-9.809156,0.012124,0.000297,0.000000,2.860541,0.000227,27.000000,0.013045,1.982317,-0.000419,-0.016874,0.000000,-0.017000,0.000000,34,0,1,31,28,-0.005307,0.010863,-0.003398,0.196510,-0.089638,8.755052,1.289744,0.000227,0.004039,7,1,0,0.000000,0,1.310120,0.000000,0.007453,0,-0.027142,0.000000,-0.020537,1.310120,-0.027142,1,1,1,0.640762,0.000000,0.000000,0.000000,0.000000,0.000000,0.000000,0.000000
2.2601,1.982312,-0.016874,-0.008790,0.000000,0.007084,-0.020537,1,1.310120,246,0.042704,0.122458,1.982312,0.003560,1.323548,-0.008790,1.982317,1.306611,-0.008790,-0.016874,0.000000,0.012754,-0.396332,-29.728302,-0.016937,0.001000,0.000735,0.002102,0.000198,0.000735,0.042704,0.122458,-9.809143,0.005148,0.010513,0.001000,2.860534,0.000199,27.000000,0.013045,1.982317,0.003560,-0.016874,0.000000,-0.017000,0.001000,39,0,1,31,28,-0.011701,0.000216,-0.007793,-0.428903,0.299172,11.323426,1.289738,0.000199,0.004142,7,1,0,0.000000,0,1.310120,0.000000,0.007084,0,-0.027142,0.000000,-0.020537,1.310120,-0.027142,1,1,1,0.640820,0.000000,0.000000,0.000000,0.000000,0.000000,0.000000,0.000000
2.2701,1.982210,-0.016874,-0.003744,0.000000,0.008165,-0.020537,1,1.310120,0,0.042866,0.120902,1.982210,0.000419,1.323455,-0.003744,1.982221,1.306515,-0.003744,-0.016874,0.000000,0.012553,-0.396332,-29.728302,-0.016939,-0.002000,0.001242,0.001990,0.000018,0.001242,0.042866,0.120902,-9.809161,-0.006723,-0.005193,-0.002000,2.860439,0.000156,27.000000,0.013045,1.982221,0.000419,-0.016874,0.000000,-0.017000,-0.002000,44,0,1,31,28,0.007516,-0.004031,-0.005694,0.090693,0.186189,8.872600,1.289642,0.000156,0.004161,6,1,0,0.000000,0,1.310120,0.000000,0.008165,0,-0.027142,0.000000,-0.020537,1.310120,-0.027142,1,1,1,0.640883,0.000000,0.000000,0.000000,0.000000,0.000000,0.000000,0.000000
2.2801,1.982217,-0.017641,-0.013818,0.000000,-0.001144,-0.011333,1,1.310120,10,0.043322,0.121063,1.982217,0.000419,1.324153,-0.013818,1.982221,1.307211,-0.013818,-0.017641,0.000000,0.012556,-0.396332,-29.728302,-0.016941,0.000000,0.001233,0.002015,-0.000104,0.001233,0.043322,0.121063,-9.809157,0.015381,-0.003539,0.000000,2.860368,0.000139,27.000000,0.013045,1.982221,0.000419,-0.017641,0.000000,-0.017000,0.000000,49,0,1,31,28,-0.003180,0.015284,-0.014011,-0.449259,0.248153,10.806096,1.289571,0.000139,0.004198,6,1,0,0.000000,0,1.310120,0.000000,-0.001144,0,-0.027142,0.000000,-0.011333,1.310120,-0.027142,1,1,1,0.640942,0.000000,0.000000,0.000000,0.000000,0.000000,0.000000,0.000000
2.2901,1.982326,-0.016874,0.007245,0.000000,0.014616,-0.028207,1,1.310120,20,0.043276,0.121492,1.982326,0.000419,1.323406,0.007245,1.982317,1.306478,0.007245,-0.016874,0.000000,0.012618,-0.396332,-29.728302,-0.016928,0.000000,0.001076,0.002003,-0.000020,0.001076,0.043276,0.121492,-9.809152,0.006919,0.005010,0.000000,2.860401,0.000161,27.000000,0.013045,1.982317,0.000419,-0.016874,0.000000,-0.017000,0.000000,54,0,1,31,28,-0.007432,0.004304,0.007191,0.206442,-0.128941,8.840796,1.289605,0.000161,0.004202,6,1,0,0.000000,0,1.310120,0.000000,0.014616,0,-0.027142,0.000000,-0.028207,1.310120,-0.027142,1,1,1,0.641000,0.000000,0.000000,0.000000,0.000000,0.000000,0.000000,0.000000
2.3001,1.982204,-0.016874,-0.024893,0.000000,0.007259,-0.020537,1,1.310120,30,0.043734,0.121155,1.982204,-0.000419,1.323427,-0.024893,1.982221,1.306480,-0.024893,-0.016874,0.000000,0.012629,-0.396332,-29.728302,-0.016947,0.000000,0.001049,0.002000,-0.000087,0.001049,0.043734,0.121155,-9.809154,-0.000799,0.001498,0.000000,2.860403,0.000205,27.000000,0.013045,1.982221,-0.000419,-0.016874,0.000000,-0.017000,0.000000,59,0,1,31,28,-0.001031,-0.001663,-0.024874,-0.536294,0.214807,10.403748,1.289607,0.000205,0.004249,6,1,0,0.000000,0,1.310120,0.000000,0.007259,0,-0.027142,0.000000,-0.020537,1.310120,-0.027142,1,1,1,0.641058,0.000000,0.000000,0.000000,0.000000,0.000000,0.000000,0.000000
2.3101,1.982303,-0.017641,-0.024785,0.000000,0.000580,-0.011333,1,1.310120,40,0.042774,0.121734,1.982303,0.001466,1.323989,-0.024785,1.982317,1.307038,-0.024785,-0.017641,0.000000,0.012690,-0.396332,-29.728302,-0.016950,0.000000,0.000895,0.002018,0.000128,0.000895,0.042774,0.121734,-9.809151,0.001326,-0.004163,0.000000,2.860194,0.000206,27.000000,0.013045,1.982317,0.001466,-0.017641,0.000000,-0.017000,0.000000,64,0,1,31,28,0.003234,0.002623,-0.024820,-0.134421,0.675076,11.097704,1.289398,0.000206,0.004141,7,1,0,0.000000,0,1.310120,0.000000,0.000580,0,-0.027142,0.000000,-0.011333,1.310120,-0.027142,1,1,1,0.641116,0.000000,0.000000,0.000000,0.000000,0.000000,0.000000,0.000000
2.3201,1.982523,-0.016874,0.018065,0.000000,0.014454,-0.028207,1,1.310120,50,0.043720,0.121717,1.982523,-0.000419,1.323267,0.018065,1.982508,1.306347,0.018065,-0.016874,0.000000,0.012691,-0.396332,-29.728302,-0.016919,0.000000,0.000894,0.002007,-0.000119,0.000894,0.043720,0.121717,-9.809147,0.011617,0.000519,0.000000,2.860270,0.000209,27.000000,0.013045,1.982508,-0.000419,-0.016874,0.000000,-0.017000,0.000000,69,0,1,31,28,-0.005301,0.010579,0.017932,0.301588,0.014422,8.851870,1.289474,0.000209,0.004247,7,1,0,0.000000,0,1.310120,0.000000,0.014454,0,-0.027142,0.000000,-0.028207,1.310120,-0.027142,1,1,1,0.641174,0.000000,0.000000,0.000000,0.000000,0.000000,0.000000,0.000000
2.3301,1.982133,-0.016874,-0.005403,0.000000,0.004853,-0.020537,1,1.310120,60,0.045167,0.122025,1.982133,0.000419,1.323506,-0.005403,1.982125,1.306572,-0.005403,-0.016874,0.000000,0.012697,-0.396332,-29.728302,-0.016934,0.000000,0.000878,0.002001,-0.000035,0.000878,0.045167,0.122025,-9.809137,0.017460,0.011944,0.000000,2.860495,0.000182,27.000000,0.013045,1.982125,0.000419,-0.016874,0.000000,-0.017000,0.000000,74,0,1,31,28,-0.018115,0.010854,-0.005542,-1.021422,0.137478,11.225712,1.289698,0.000182,0.004394,7,1,0,0.000000,0,1.310120,0.000000,0.004853,0,-0.027142,0.000000,-0.020537,1.310120,-0.027142,1,1,1,0.641233,0.000000,0.000000,0.000000,0.000000,0.000000,0.000000,0.000000
2.3401,1.982301,-0.016874,-0.011492,0.000000,0.009007,-0.020537,1,1.310120,70,0.043368,0.120503,1.982301,0.003560,1.323356,-0.011492,1.982317,1.306412,-0.011492,-0.016874,0.000000,0.012544,-0.396332,-29.728302,-0.016943,-0.001000,0.001265,0.001988,0.000334,0.001265,0.043368,0.120503,-9.809164,-0.025469,-0.010726,-0.001000,2.860335,0.000187,27.000000,0.013045,1.982317,0.003560,-0.016874,0.000000,-0.017000,-0.001000,79,0,1,31,28,0.020337,-0.018867,-0.012257,0.405377,0.378422,8.807742,1.289539,0.000187,0.004213,7,1,0,0.000000,0,1.310120,0.000000,0.009007,0,-0.027142,0.000000,-0.020537,1.310120,-0.027142,1,1,1,0.641292,0.000000,0.000000,0.000000,0.000000,0.000000,0.000000,0.000000
2.3501,1.982507,-0.016874,0.007523,0.000000,0.008282,-0.020537,1,1.310120,80,0.043801,0.119902,1.982507,0.001466,1.323268,0.007523,1.982508,1.306340,0.007523,-0.016874,0.000000,0.012556,-0.396332,-29.728302,-0.016928,0.000000,0.001233,0.001999,0.000118,0.001233,0.043801,0.119902,-9.809169,0.006944,-0.020805,0.000000,2.860263,0.000260,27.000000,0.013045,1.982508,0.001466,-0.016874,0.000000,-0.017000,0.000000,84,0,1,31,28,0.016038,0.015056,0.007334,0.036329,-0.109656,9.596943,1.289466,0.000260,0.004258,7,1,0,0.000000,0,1.310120,0.000000,0.008282,0,-0.027142,0.000000,-0.020537,1.310120,-0.027142,1,1,1,0.641350,0.000000,0.000000,0.000000,0.000000,0.000000,0.000000,0.000000
2.3601,1.982318,-0.016874,-0.004249,0.000000,0.007271,-0.020537,1,1.310120,90,0.044500,0.120170,1.982318,0.001466,1.323301,-0.004249,1.982317,1.306364,-0.004249,-0.016874,0.000000,0.012593,-0.396332,-29.728302,-0.016937,-0.001000,0.001141,0.001953,-0.000006,0.001141,0.044500,0.120170,-9.809163,0.023294,0.009284,-0.001000,2.860287,0.000268,27.000000,0.013045,1.982317,0.001466,-0.016874,0.000000,-0.017000,-0.001000,89,0,1,31,28,-0.018122,0.017265,-0.005467,0.023629,0.073766,8.680017,1.289490,0.000268,0.004329,6,1,0,0.000000,0,1.310120,0.000000,0.007271,0,-0.027142,0.000000,-0.020537,1.310120,-0.027142,1,1,1,0.641407,0.000000,0.000000,0.000000,0.000000,0.000000,0.000000,0.000000
2.3701,1.982309,-0.016874,-0.012037,0.000000,0.008069,-0.020537,1,1.310120,100,0.044913,0.121245,1.982309,0.000419,1.323256,-0.012037,1.982317,1.306318,-0.012037,-0.016874,0.000000,0.012680,-0.396332,-29.728302,-0.016938,0.000000,0.000921,0.001946,-0.000082,0.000921,0.044913,0.121245,-9.809148,-0.003563,-0.008975,0.000000,2.860240,0.000245,27.000000,0.013045,1.982317,0.000419,-0.016874,0.000000,-0.017000,0.000000,94,0,1,31,28,0.009644,0.000334,-0.012042,-0.127130,0.101445,9.531966,1.289444,0.000245,0.004369,6,1,0,0.000000,0,1.310120,0.000000,0.008069,0,-0.027142,0.000000,-0.020537,1.310120,-0.027142,1,1,1,0.641465,0.000000,0.000000,0.000000,0.000000,0.000000,0.000000,0.000000
2.3801,1.982215,-0.016874,-0.010008,0.000000,0.009057,-0.020537,1,1.310120,110,0.045557,0.121471,1.982215,-0.000419,1.323134,-0.010008,1.982221,1.306196,-0.010008,-0.016874,0.000000,0.012734,-0.396332,-29.728302,-0.016937,0.000000,0.000786,0.001988,-0.000089,0.000786,0.045557,0.121471,-9.809142,-0.007501,-0.007182,0.000000,2.860119,0.000274,27.000000,0.013045,1.982221,-0.000419,-0.016874,0.000000,-0.017000,0.000000,99,0,1,31,28,0.009649,-0.003968,-0.009959,-0.592840,0.399417,10.941509,1.289323,0.000274,0.004434,7,1,0,0.000000,0,1.310120,0.000000,0.009057,0,-0.027142,0.000000,-0.020537,1.310120,-0.027142,1,1,1,0.641522,0.000000,0.000000,0.000000,0.000000,0.000000,0.000000,0.000000
2.3901,1.982318,-0.016874,-0.007263,0.000000,0.007986,-0.020537,1,1.310120,120,0.045872,0.118970,1.982318,0.001466,1.323121,-0.007263,1.982317,1.306185,-0.007263,-0.016874,0.000000,0.012526,-0.396332,-29.728302,-0.016936,0.000000,0.001311,0.001992,0.000002,0.001311,0.045872,0.118970,-9.809171,0.019302,-0.010007,0.000000,2.860107,0.000321,27.000000,0.013045,1.982317,0.001466,-0.016874,0.000000,-0.017000,0.000000,104,0,1,31,28,0.001084,0.021622,-0.007534,-0.126046,-0.242314,9.490230,1.289311,0.000321,0.004471,6,1,0,0.000000,0,1.310120,0.000000,0.007986,0,-0.027142,0.000000,-0.020537,1.310120,-0.027142,1,1,1,0.641583,0.000000,0.000000,0.000000,0.000000,0.000000,0.000000,0.000000
2.4001,1.982304,-0.016874,-0.012255,0.000000,0.008458,-0.020537,1,1.310120,130,0.045891,0.119313,1.982304,-0.001466,1.323076,-0.012255,1.982317,1.306136,-0.012255,-0.016874,0.000000,0.012570,-0.396332,-29.728302,-0.016940,0.000000,0.001200,0.002024,0.000013,0.001200,0.045891,0.119313,-9.809167,-0.006055,0.006233,0.000000,2.860058,0.000330,27.000000,0.013045,1.982317,-0.001466,-0.016874,0.000000,-0.017000,0.000000,109,0,1,31,28,-0.003155,-0.008250,-0.012152,-0.258067,0.455555,11.057137,1.289262,0.000330,0.004472,7,1,0,0.000000,0,1.310120,0.000000,0.008458,0,-0.027142,0.000000,-0.020537,1.310120,-0.027142,1,1,1,0.641640,0.000000,0.000000,0.000000,0.000000,0.000000,0.000000,0.000000
2.4101,1.982216,-0.016874,-0.003826,0.000000,0.009164,-0.020537,1,1.310120,140,0.045740,0.119468,1.982216,-0.000419,1.322970,-0.003826,1.982221,1.306036,-0.003826,-0.016874,0.000000,0.012591,-0.396332,-29.728302,-0.016934,0.000000,0.001146,0.001998,-0.000162,0.001146,0.045740,0.119468,-9.809166,-0.011027,0.006148,-0.000000,2.859958,0.000335,27.000000,0.013045,1.982221,-0.000419,-0.016874,0.000000,-0.017000,0.000000,114,0,1,31,28,-0.001013,-0.012631,-0.003668,0.235386,-0.045342,9.042634,1.289162,0.000335,0.004456,6,1,0,0.000000,0,1.310120,0.000000,0.009164,0,-0.027142,0.000000,-0.020537,1.310120,-0.027142,1,1,1,0.641698,0.000000,0.000000,0.000000,0.000000,0.000000,0.000000,0.000000
2.4201,1.982331,-0.017641,0.009644,0.000000,-0.001663,-0.011333,1,1.310120,150,0.046330,0.119734,1.982331,0.000419,1.323779,0.009644,1.982317,1.306855,0.009644,-0.017641,0.000000,0.012628,-0.396332,-29.728302,-0.016924,0.000000,0.001052,0.001954,-0.000009,0.001052,0.046330,0.119734,-9.809160,0.013060,-0.007182,0.000000,2.860010,0.000341,27.000000,0.013045,1.982317,0.000419,-0.017641,0.000000,-0.017000,0.000000,119,0,1,31,28,0.001096,0.014985,0.009455,-0.105431,-0.145370,10.161146,1.289214,0.000341,0.004507,7,1,0,0.000000,0,1.310120,0.000000,-0.001663,0,-0.027142,0.000000,-0.011333,1.310120,-0.027142,1,1,1,0.641754,0.000000,0.000000,0.000000,0.000000,0.000000,0.000000,0.000000
2.4301,1.982228,-0.016874,0.009325,0.000000,0.014951,-0.028207,1,1.310120,160,0.046726,0.120232,1.982228,-0.000419,1.323077,0.009325,1.982221,1.306153,0.009325,-0.016874,0.000000,0.012653,-0.396332,-29.728302,-0.016923,0.000000,0.000989,0.001991,-0.000120,0.000989,0.046726,0.120232,-9.809152,0.004924,0.005918,0.000000,2.860076,0.000318,27.000000,0.013045,1.982221,-0.000419,-0.016874,0.000000,-0.017000,0.000000,124,0,1,31,28,-0.007429,0.002139,0.009299,0.085332,0.223996,10.461667,1.289279,0.000318,0.004556,7,1,0,0.000000,0,1.310120,0.000000,0.014951,0,-0.027142,0.000000,-0.028207,1.310120,-0.027142,1,1,1,0.641811,0.000000,0.000000,0.000000,0.000000,0.000000,0.000000,0.000000
2.4401,1.982125,-0.016874,-0.003725,0.000000,0.006054,-0.020537,1,1.310120,170,0.047422,0.121360,1.982125,-0.000419,1.323241,-0.003725,1.982125,1.306310,-0.003725,-0.016874,0.000000,0.012779,-0.396332,-29.728302,-0.016931,0.000000,0.000671,0.002021,-0.000011,0.000671,0.047422,0.121360,-9.809135,-0.007138,0.004377,0.000000,2.860232,0.000328,27.000000,0.013045,1.982125,-0.000419,-0.016874,0.000000,-0.017000,0.000000,129,0,1,31,28,-0.001018,-0.008357,-0.003618,-0.252801,0.135719,9.072847,1.289436,0.000328,0.004625,7,1,0,0.000000,0,1.310120,0.000000,0.006054,0,-0.027142,0.000000,-0.020537,1.310120,-0.027142,1,1,1,0.641868,0.000000,0.000000,0.000000,0.000000,0.000000,0.000000,0.000000
2.4501,1.981938,-0.016874,0.005973,0.000000,0.008579,-0.020537,1,1.310120,180,0.046073,0.118607,1.981938,-0.000419,1.323159,0.005973,1.981933,1.306230,0.005973,-0.016874,0.000000,0.012525,-0.396332,-29.728302,-0.016930,-0.001000,0.001313,0.001989,0.000196,0.001313,0.046073,0.118607,-9.809175,-0.006790,-0.009857,-0.001000,2.860152,0.000356,27.000000,0.013045,1.981933,-0.000419,-0.016874,0.000000,-0.017000,-0.001000,134,0,1,31,28,0.011786,-0.002023,0.004999,0.228377,0.235167,10.337457,1.289356,0.000356,0.004492,7,1,0,0.000000,0,1.310120,0.000000,0.008579,0,-0.027142,0.000000,-0.020537,1.310120,-0.027142,1,1,1,0.641925,0.000000,0.000000,0.000000,0.000000,0.000000,0.000000,0.000000
2.4601,1.982699,-0.016874,0.000742,0.000000,0.007670,-0.020537,1,1.310120,190,0.046789,0.119143,1.982699,0.005550,1.323169,0.000742,1.982701,1.306239,0.000742,-0.016874,0.000000,0.012571,-0.396332,-29.728302,-0.016930,0.000000,0.001196,0.002014,0.000096,0.001196,0.046789,0.119143,-9.809165,0.004067,0.008657,0.000000,2.860161,0.000347,27.000000,0.013045,1.982701,0.005550,-0.016874,0.000000,-0.017000,0.000000,139,0,1,31,28,-0.009564,0.000109,0.000740,0.177122,-0.126128,8.611115,1.289365,0.000347,0.004564,7,1,0,0.000000,0,1.310120,0.000000,0.007670,0,-0.027142,0.000000,-0.020537,1.310120,-0.027142,1,1,1,0.641981,0.000000,0.000000,0.000000,0.000000,0.000000,0.000000,0.000000
2.4701,1.982301,-0.016874,-0.013969,0.000000,0.007856,-0.020537,1,1.310120,200,0.047617,0.119377,1.982301,-0.000419,1.323171,-0.013969,1.982317,1.306231,-0.013969,-0.016874,0.000000,0.012611,-0.396332,-29.728302,-0.016939,0.000000,0.001094,0.001998,0.000029,0.001094,0.047617,0.119377,-9.809158,0.007789,-0.004761,0.000000,2.860153,0.000362,27.000000,0.013045,1.982317,-0.000419,-0.016874,0.000000,-0.017000,0.000000,144,0,1,31,28,0.001096,0.008886,-0.014082,-0.409390,0.231542,11.380182,1.289357,0.000362,0.004648,7,1,0,0.000000,0,1.310120,0.000000,0.007856,0,-0.027142,0.000000,-0.020537,1.310120,-0.027142,1,1,1,0.642037,0.000000,0.000000,0.000000,0.000000,0.000000,0.000000,0.000000
2.4801,1.982309,-0.016874,-0.001668,0.000000,0.008832,-0.020537,1,1.310120,210,0.047812,0.119478,1.982309,-0.001466,1.323077,-0.001668,1.982317,1.306143,-0.001668,-0.016874,0.000000,0.012616,-0.396332,-29.728302,-0.016934,-0.002000,0.001083,0.001998,-0.000172,0.001083,0.047812,0.119478,-9.809156,-0.006955,-0.000396,-0.002000,2.860065,0.000355,27.000000,0.013045,1.982317,-0.001466,-0.016874,0.000000,-0.017000,-0.002000,149,0,1,31,28,0.003249,-0.006208,-0.003590,0.159993,-0.144420,9.319133,1.289269,0.000355,0.004668,7,1,0,0.000000,0,1.310120,0.000000,0.008832,0,-0.027142,0.000000,-0.020537,1.310120,-0.027142,1,1,1,0.642094,0.000000,0.000000,0.000000,0.000000,0.000000,0.000000,0.000000
2.4901,1.982337,-0.016874,0.016888,0.000000,0.007112,-0.020537,1,1.310120,220,0.048281,0.120019,1.982337,0.001466,1.323131,0.016888,1.982317,1.306213,0.016888,-0.016874,0.000000,0.012689,-0.396332,-29.728302,-0.016918,-0.001000,0.000897,0.002020,-0.000025,0.000897,0.048281,0.120019,-9.809147,0.006199,-0.006392,-0.001000,2.860135,0.000373,27.000000,0.013045,1.982317,0.001466,-0.016874,0.000000,-0.017000,-0.001000,154,0,1,31,28,0.003239,0.008495,0.015781,-0.144818,-0.215642,9.653183,1.289339,0.000373,0.004715,7,1,0,0.000000,0,1.310120,0.000000,0.007112,0,-0.027142,0.000000,-0.020537,1.310120,-0.027142,1,1,1,0.642148,0.000000,0.000000,0.000000,0.000000,0.000000,0.000000,0.000000
2.5001,1.982315,-0.016874,-0.018552,0.000000,0.007909,-0.020537,1,1.310120,230,0.048320,0.117800,1.982315,0.000419,1.323146,-0.018552,1.982317,1.306205,-0.018552,-0.016874,0.000000,0.012489,-0.396332,-29.728302,-0.016941,0.000000,0.001404,0.001990,0.000000,0.001404,0.048320,0.117800,-9.809174,-0.000254,0.008285,0.000000,2.860127,0.000399,27.000000,0.013045,1.982317,0.000419,-0.016874,0.000000,-0.017000,0.000000,159,0,1,31,28,-0.007431,-0.003903,-0.018505,0.205920,-0.023052,8.784438,1.289331,0.000399,0.004722,6,1,0,0.000000,0,1.310120,0.000000,0.007909,0,-0.027142,0.000000,-0.020537,1.310120,-0.027142,1,1,1,0.642206,0.000000,0.000000,0.000000,0.000000,0.000000,0.000000,0.000000
2.5101,1.982314,-0.016874,0.000651,0.000000,0.008647,-0.020537,1,1.310120,240,0.048046,0.118106,1.982314,0.001466,1.323067,0.000651,1.982317,1.306137,0.000651,-0.016874,0.000000,0.012533,-0.396332,-29.728302,-0.016930,0.000000,0.001293,0.001874,0.000007,0.001293,0.048046,0.118106,-9.809171,-0.005993,-0.003181,-0.000000,2.860059,0.000412,27.000000,0.013045,1.982317,0.001466,-0.016874,0.000000,-0.017000,0.000000,164,0,1,31,28,0.005383,-0.004122,0.000703,-0.173552,0.123507,10.068101,1.289262,0.000412,0.004694,6,1,0,0.000000,0,1.310120,0.000000,0.008647,0,-0.027142,0.000000,-0.020537,1.310120,-0.027142,1,1,1,0.642261,0.000000,0.000000,0.000000,0.000000,0.000000,0.000000,0.000000
2.5201,1.982532,-0.017641,0.016964,0.000000,-0.002411,-0.011333,1,1.310120,250,0.048791,0.118341,1.982532,0.002513,1.323919,0.016964,1.982508,1.307002,0.016964,-0.017641,0.000000,0.012528,-0.396332,-29.728302,-0.016917,0.001000,0.001304,0.001826,0.000158,0.001304,0.048791,0.118341,-9.809165,0.005967,-0.001603,0.001000,2.860157,0.000379,27.000000,0.013045,1.982508,0.002513,-0.017641,0.000000,-0.017000,0.001000,169,0,1,31,28,-0.001027,0.006318,0.017886,-0.469235,0.487309,10.798917,1.289360,0.000379,0.004760,6,1,0,0.000000,0,1.310120,0.000000,-0.002411,0,-0.027142,0.000000,-0.011333,1.310120,-0.027142,1,1,1,0.642315,0.000000,0.000000,0.000000,0.000000,0.000000,0.000000,0.000000
2.5301,1.982322,-0.016874,0.005121,0.000000,0.014803,-0.028207,1,1.310120,4,0.049038,0.118298,1.982322,-0.000419,1.323213,0.005121,1.982317,1.306288,0.005121,-0.016874,0.000000,0.012553,-0.396332,-29.728302,-0.016925,0.000000,0.001243,0.001862,-0.000193,0.001243,0.049038,0.118298,-9.809164,0.002564,-0.004734,0.000000,2.860209,0.000411,27.000000,0.013045,1.982317,-0.000419,-0.016874,0.000000,-0.017000,0.000000,174,0,1,31,28,0.003241,0.004363,0.005067,0.042632,0.017818,8.564623,1.289413,0.000411,0.004795,7,1,0,0.000000,0,1.310120,0.000000,0.014803,0,-0.027142,0.000000,-0.028207,1.310120,-0.027142,1,1,1,0.642370,0.000000,0.000000,0.000000,0.000000,0.000000,0.000000,0.000000
2.5401,1.982209,-0.016874,-0.016265,0.000000,0.007743,-0.020537,1,1.310120,14,0.049921,0.118962,1.982209,-0.003560,1.323218,-0.016265,1.982221,1.306281,-0.016265,-0.016874,0.000000,0.012630,-0.396332,-29.728302,-0.016937,0.000000,0.001047,0.001978,-0.000074,0.001047,0.049921,0.118962,-9.809152,0.005531,0.005650,0.000000,2.860203,0.000419,27.000000,0.013045,1.982221,-0.003560,-0.016874,0.000000,-0.017000,0.000000,179,0,1,31,28,-0.007437,0.002479,-0.016297,-0.697210,0.226303,11.016265,1.289406,0.000419,0.004883,6,1,0,0.000000,0,1.310120,0.000000,0.007743,0,-0.027142,0.000000,-0.020537,1.310120,-0.027142,1,1,1,0.642425,0.000000,0.000000,0.000000,0.000000,0.000000,0.000000,0.000000
2.5501,1.981928,-0.017641,-0.003718,0.000000,0.000732,-0.011333,1,1.310120,24,0.048621,0.120001,1.981928,-0.004503,1.323790,-0.003718,1.981933,1.306860,-0.003718,-0.017641,0.000000,0.012683,-0.396332,-29.728302,-0.016930,0.000000,0.000914,0.002013,0.000025,0.000914,0.048621,0.120001,-9.809146,-0.009781,-0.001451,0.000000,2.860015,0.000364,27.000000,0.013045,1.981933,-0.004503,-0.017641,0.000000,-0.017000,0.000000,184,0,1,31,28,0.005386,-0.008339,-0.003613,0.407058,0.126159,9.101892,1.289219,0.000364,0.004740,6,1,0,0.000000,0,1.310120,0.000000,0.000732,0,-0.027142,0.000000,-0.011333,1.310120,-0.027142,1,1,1,0.642478,0.000000,0.000000,0.000000,0.000000,0.000000,0.000000,0.000000
2.5601,1.982516,-0.016874,0.020253,0.000000,0.015290,-0.028207,1,1.310120,34,0.048931,0.120053,1.982516,0.003560,1.323045,0.020253,1.982508,1.306129,0.020253,-0.016874,0.000000,0.012706,-0.396332,-29.728302,-0.016916,0.000000,0.000854,0.002014,-0.000017,0.000854,0.048931,0.120053,-9.809143,0.011747,-0.004232,0.000000,2.860051,0.000386,27.000000,0.013045,1.982508,0.003560,-0.016874,0.000000,-0.017000,0.000000,189,0,1,31,28,-0.001033,0.012700,0.020094,0.178354,-0.150437,9.031970,1.289254,0.000386,0.004781,6,1,0,0.000000,0,1.310120,0.000000,0.015290,0,-0.027142,0.000000,-0.028207,1.310120,-0.027142,1,1,1,0.642531,0.000000,0.000000,0.000000,0.000000,0.000000,0.000000,0.000000
2.5701,1.982093,-0.016874,-0.024758,0.000000,0.006256,-0.020537,1,1.310120,44,0.050422,0.118026,1.982093,-0.003560,1.323218,-0.024758,1.982125,1.306273,-0.024758,-0.016874,0.000000,0.012522,-0.396332,-29.728302,-0.016945,0.000000,0.001320,0.001992,-0.000053,0.001320,0.050422,0.118026,-9.809160,0.014720,0.020233,0.000000,2.860194,0.000405,27.000000,0.013045,1.982125,-0.003560,-0.016874,0.000000,-0.017000,0.000000,194,0,1,31,28,-0.024518,0.004680,-0.024818,-0.167914,0.027974,8.507165,1.289398,0.000405,0.004936,7,1,0,0.000000,0,1.310120,0.000000,0.006256,0,-0.027142,0.000000,-0.020537,1.310120,-0.027142,1,1,1,0.642589,0.000000,0.000000,0.000000,0.000000,0.000000,0.000000,0.000000
2.5801,1.982297,-0.016874,-0.012133,0.000000,0.010180,-0.020537,1,1.310120,54,0.049425,0.118517,1.982297,0.001466,1.323001,-0.012133,1.982317,1.306066,-0.012133,-0.016874,0.000000,0.012545,-0.396332,-29.728302,-0.016936,0.000000,0.001261,0.001999,0.000052,0.001261,0.049425,0.118517,-9.809160,-0.010978,-0.014980,0.000000,2.859987,0.000380,27.000000,0.013045,1.982317,0.001466,-0.016874,0.000000,-0.017000,0.000000,199,0,1,31,28,0.018187,-0.003915,-0.012084,0.045218,0.251112,9.811124,1.289191,0.000380,0.004834,6,1,0,0.000000,0,1.310120,0.000000,0.010180,0,-0.027142,0.000000,-0.020537,1.310120,-0.027142,1,1,1,0.642643,0.000000,0.000000,0.000000,0.000000,0.000000,0.000000,0.000000
2.5901,1.982406,-0.017641,-0.005746,0.000000,-0.000722,-0.011333,1,1.310120,64,0.050129,0.118551,1.982406,-0.002513,1.323733,-0.005746,1.982413,1.306801,-0.005746,-0.017641,0.000000,0.012590,-0.396332,-29.728302,-0.016932,0.000000,0.001148,0.002004,-0.000187,0.001148,0.050129,0.118551,-9.809156,-0.005845,-0.003243,0.000000,2.859956,0.000417,27.000000,0.013045,1.982413,-0.002513,-0.017641,0.000000,-0.017000,0.000000,3,0,1,31,28,0.005381,-0.004037,-0.005696,-0.479492,0.462153,10.511545,1.289160,0.000417,0.004896,7,1,0,0.000000,0,1.310120,0.000000,-0.000722,0,-0.027142,0.000000,-0.011333,1.310120,-0.027142,1,1,1,0.642698,0.000000,0.000000,0.000000,0.000000,0.000000,0.000000,0.000000
2.6001,1.982430,-0.016874,0.015978,0.000000,0.015445,-0.028207,1,1.310120,74,0.050361,0.118561,1.982430,0.001466,1.322985,0.015978,1.982413,1.306067,0.015978,-0.016874,0.000000,0.012588,-0.396332,-29.728302,-0.016918,0.000000,0.001152,0.001983,-0.000119,0.001152,0.050361,0.118561,-9.809154,0.016258,0.005444,0.000000,2.859989,0.000417,27.000000,0.013045,1.982413,0.001466,-0.016874,0.000000,-0.017000,0.000000,8,0,1,31,28,-0.011707,0.012726,0.015819,0.252978,-0.123260,8.381503,1.289193,0.000417,0.004929,6,1,0,0.000000,0,1.310120,0.000000,0.015445,0,-0.027142,0.000000,-0.028207,1.310120,-0.027142,1,1,1,0.642753,0.000000,0.000000,0.000000,0.000000,0.000000,0.000000,0.000000
2.6101,1.982314,-0.016874,-0.007944,0.000000,0.007182,-0.020537,1,1.310120,84,0.051260,0.119559,1.982314,-0.001466,1.323075,-0.007944,1.982317,1.306144,-0.007944,-0.016874,0.000000,0.012663,-0.396332,-29.728302,-0.016930,0.000000,0.000964,0.001965,-0.000010,0.000964,0.051260,0.119559,-9.809137,-0.001567,0.011225,0.000000,2.860066,0.000389,27.000000,0.013045,1.982317,-0.001466,-0.016874,0.000000,-0.017000,0.000000,13,0,1,31,28,-0.009560,-0.006188,-0.007866,-0.726391,0.256741,10.872995,1.289270,0.000389,0.005019,6,1,0,0.000000,0,1.310120,0.000000,0.007182,0,-0.027142,0.000000,-0.020537,1.310120,-0.027142,1,1,1,0.642807,0.000000,0.000000,0.000000,0.000000,0.000000,0.000000,0.000000
2.6201,1.982492,-0.016874,-0.013479,0.000000,0.009878,-0.020537,1,1.310120,94,0.050513,0.119647,1.982492,0.006597,1.322919,-0.013479,1.982508,1.305984,-0.013479,-0.016874,0.000000,0.012681,-0.396332,-29.728302,-0.016936,-0.001000,0.000918,0.002040,0.000339,0.000918,0.050513,0.119647,-9.809140,-0.016061,-0.005626,-0.001000,2.859905,0.000399,27.000000,0.013045,1.982508,0.006597,-0.016874,0.000000,-0.017000,-0.001000,18,0,1,31,28,0.011791,-0.012453,-0.014322,0.303026,0.073933,9.455405,1.289109,0.000399,0.004943,6,1,0,0.000000,0,1.310120,0.000000,0.009878,0,-0.027142,0.000000,-0.020537,1.310120,-0.027142,1,1,1,0.642861,0.000000,0.000000,0.000000,0.000000,0.000000,0.000000,0.000000
2.6301,1.982506,-0.016874,-0.003144,0.000000,0.009910,-0.020537,1,1.310120,104,0.050997,0.117290,1.982506,-0.001466,1.322777,-0.003144,1.982508,1.305847,-0.003144,-0.016874,0.000000,0.012523,-0.396332,-29.728302,-0.016930,0.000000,0.001317,0.001985,-0.000167,0.001317,0.050997,0.117290,-9.809166,0.008960,-0.017029,0.000000,2.859768,0.000480,27.000000,0.013045,1.982508,-0.001466,-0.016874,0.000000,-0.017000,0.000000,23,0,1,31,28,0.011765,0.015186,-0.003334,-0.153876,-0.217885,9.834993,1.288972,0.000480,0.004996,6,1,0,0.000000,0,1.310120,0.000000,0.009910,0,-0.027142,0.000000,-0.020537,1.310120,-0.027142,1,1,1,0.642918,0.000000,0.000000,0.000000,0.000000,0.000000,0.000000,0.000000
2.6401,1.982510,-0.016874,0.003229,0.000000,0.008979,-0.020537,1,1.310120,114,0.051511,0.118124,1.982510,0.000419,1.322736,0.003229,1.982508,1.305811,0.003229,-0.016874,0.000000,0.012563,-0.396332,-29.728302,-0.016925,0.000000,0.001216,0.001991,0.000007,0.001216,0.051511,0.118124,-9.809154,0.021150,0.010255,0.000000,2.859732,0.000435,27.000000,0.013045,1.982508,0.000419,-0.016874,0.000000,-0.017000,0.000000,28,0,1,31,28,-0.018117,0.015015,0.003040,-0.021590,-0.078998,9.434517,1.288936,0.000435,0.005047,6,1,0,0.000000,0,1.310120,0.000000,0.008979,0,-0.027142,0.000000,-0.020537,1.310120,-0.027142,1,1,1,0.642973,0.000000,0.000000,0.000000,0.000000,0.000000,0.000000,0.000000
2.6501,1.982418,-0.017641,0.000601,0.000000,-0.001155,-0.011333,1,1.310120,124,0.052111,0.118575,1.982418,-0.001466,1.323550,0.000601,1.982413,1.306625,0.000601,-0.017641,0.000000,0.012570,-0.396332,-29.728302,-0.016925,0.000000,0.001198,0.002018,-0.000014,0.001198,0.052111,0.118575,-9.809145,-0.008823,-0.004232,0.000000,2.859780,0.000391,27.000000,0.013045,1.982413,-0.001466,-0.017641,0.000000,-0.017000,0.000000,33,0,1,31,28,0.007520,-0.006253,0.000680,-0.156914,0.087490,9.110706,1.288984,0.000391,0.005098,6,1,0,0.000000,0,1.310120,0.000000,-0.001155,0,-0.027142,0.000000,-0.011333,1.310120,-0.027142,1,1,1,0.643026,0.000000,0.000000,0.000000,0.000000,0.000000,0.000000,0.000000
2.6601,1.982509,-0.016874,0.002839,0.000000,0.015683,-0.028207,1,1.310120,134,0.052337,0.118152,1.982509,0.001466,1.322825,0.002839,1.982508,1.305901,0.002839,-0.016874,0.000000,0.012601,-0.396332,-29.728302,-0.016924,0.000000,0.001120,0.002008,-0.000016,0.001120,0.052337,0.118152,-9.809149,-0.005863,-0.007931,0.000000,2.859822,0.000469,27.000000,0.013045,1.982508,0.001466,-0.016874,0.000000,-0.017000,0.000000,38,0,1,31,28,0.009651,-0.002001,0.002864,-0.440516,0.590739,10.943531,1.289026,0.000469,0.005131,6,1,0,0.000000,0,1.310120,0.000000,0.015683,0,-0.027142,0.000000,-0.028207,1.310120,-0.027142,1,1,1,0.643081,0.000000,0.000000,0.000000,0.000000,0.000000,0.000000,0.000000
2.6701,1.982316,-0.016874,-0.003479,0.000000,0.008498,-0.020537,1,1.310120,144,0.052795,0.118064,1.982316,-0.002513,1.322823,-0.003479,1.982317,1.305896,-0.003479,-0.016874,0.000000,0.012642,-0.396332,-29.728302,-0.016928,0.000000,0.001018,0.001999,0.000004,0.001018,0.052795,0.118064,-9.809147,0.009634,0.015505,0.000000,2.859817,0.000517,27.000000,0.013045,1.982317,-0.002513,-0.016874,0.000000,-0.017000,0.000000,43,0,1,31,28,-0.018106,0.002278,-0.003508,0.023469,0.036814,8.574371,1.289020,0.000517,0.005178,7,1,0,0.000000,0,1.310120,0.000000,0.008498,0,-0.027142,0.000000,-0.020537,1.310120,-0.027142,1,1,1,0.643135,0.000000,0.000000,0.000000,0.000000,0.000000,0.000000,0.000000
2.6801,1.982405,-0.016874,-0.022912,0.000000,0.010055,-0.020537,1,1.310120,154,0.051590,0.118913,1.982405,0.004503,1.322701,-0.022912,1.982413,1.305762,-0.022912,-0.016874,0.000000,0.012687,-0.396332,-29.728302,-0.016940,0.000000,0.000903,0.002003,0.000102,0.000903,0.051590,0.118913,-9.809144,-0.008443,0.000289,0.000000,2.859683,0.000478,27.000000,0.013045,1.982413,0.004503,-0.016874,0.000000,-0.017000,0.000000,48,0,1,31,28,0.003246,-0.008090,-0.022812,0.055568,0.257026,10.107873,1.288887,0.000478,0.005054,6,1,0,0.000000,0,1.310120,0.000000,0.010055,0,-0.027142,0.000000,-0.020537,1.310120,-0.027142,1,1,1,0.643189,0.000000,0.000000,0.000000,0.000000,0.000000,0.000000,0.000000
2.6901,1.982498,-0.017641,-0.001434,0.000000,0.000982,-0.011333,1,1.310120,164,0.052685,0.119259,1.982498,-0.001466,1.323332,-0.001434,1.982508,1.306406,-0.001434,-0.017641,0.000000,0.012724,-0.396332,-29.728302,-0.016925,0.000000,0.000810,0.002000,-0.000263,0.000810,0.052685,0.119259,-9.809134,-0.002236,-0.000198,-0.000000,2.859560,0.000474,27.000000,0.013045,1.982508,-0.001466,-0.017641,0.000000,-0.017000,0.000000,53,0,1,31,28,0.001111,-0.001969,-0.001409,-0.249911,0.273511,10.308820,1.288764,0.000474,0.005155,7,1,0,0.000000,0,1.310120,0.000000,0.000982,0,-0.027142,0.000000,-0.011333,1.310120,-0.027142,1,1,1,0.643243,0.000000,0.000000,0.000000,0.000000,0.000000,0.000000,0.000000
2.7001,1.982611,-0.016874,0.011817,0.000000,0.015874,-0.028207,1,1.310120,174,0.053144,0.119615,1.982611,0.001466,1.322619,0.011817,1.982605,1.305702,0.011817,-0.016874,0.000000,0.012761,-0.396332,-29.728302,-0.016917,0.000000,0.000716,0.001978,0.000267,0.000716,0.053144,0.119615,-9.809127,0.021128,0.005569,0.000000,2.859623,0.000478,27.000000,0.013045,1.982605,0.001466,-0.016874,0.000000,-0.017000,0.000000,58,0,1,31,28,-0.013848,0.017051,0.011601,0.177200,-0.239458,8.495131,1.288827,0.000478,0.005211,6,1,0,0.000000,0,1.310120,0.000000,0.015874,0,-0.027142,0.000000,-0.028207,1.310120,-0.027142,1,1,1,0.643296,0.000000,0.000000,0.000000,0.000000,0.000000,0.000000,0.000000
2.7101,1.982396,-0.016874,-0.020637,0.000000,0.007520,-0.020537,1,1.310120,184,0.054217,0.118157,1.982396,-0.001466,1.322748,-0.020637,1.982413,1.305812,-0.020637,-0.016874,0.000000,0.012590,-0.396332,-29.728302,-0.016936,0.000000,0.001149,0.002002,0.000088,0.001149,0.054217,0.118157,-9.809139,0.003506,0.011264,0.000000,2.859733,0.000453,27.000000,0.013045,1.982413,-0.001466,-0.016874,0.000000,-0.017000,0.000000,63,0,1,31,28,-0.011703,-0.001750,-0.020616,-0.403182,0.039329,9.904408,1.288937,0.000453,0.005323,6,1,0,0.000000,0,1.310120,0.000000,0.007520,0,-0.027142,0.000000,-0.020537,1.310120,-0.027142,1,1,1,0.643354,0.000000,0.000000,0.000000,0.000000,0.000000,0.000000,0.000000
2.7201,1.982478,-0.016874,-0.018788,0.000000,0.011554,-0.020537,1,1.310120,194,0.052679,0.117586,1.982478,0.004503,1.322504,-0.018788,1.982508,1.305567,-0.018788,-0.016874,0.000000,0.012553,-0.396332,-29.728302,-0.016937,0.000000,0.001241,0.001927,0.000135,0.001241,0.052679,0.117586,-9.809154,-0.020550,-0.010616,0.000000,2.859488,0.000478,27.000000,0.013045,1.982508,0.004503,-0.016874,0.000000,-0.017000,0.000000,68,0,1,31,28,0.018196,-0.014515,-0.018608,0.261397,0.305502,8.510233,1.288692,0.000478,0.005167,6,1,0,0.000000,0,1.310120,0.000000,0.011554,0,-0.027142,0.000000,-0.020537,1.310120,-0.027142,1,1,1,0.643407,0.000000,0.000000,0.000000,0.000000,0.000000,0.000000,0.000000
2.7301,1.982621,-0.017641,0.004225,0.000000,0.001033,-0.011333,1,1.310120,204,0.053176,0.117445,1.982621,-0.001466,1.323161,0.004225,1.982605,1.306240,0.004225,-0.017641,0.000000,0.012613,-0.396332,-29.728302,-0.016921,0.001000,0.001090,0.001942,-0.000178,0.001090,0.053176,0.117445,-9.809153,0.006446,-0.006511,0.001000,2.859394,0.000547,27.000000,0.013045,1.982605,-0.001466,-0.017641,0.000000,-0.017000,0.001000,73,0,1,31,28,0.003236,0.008637,0.005116,-0.459210,0.466423,10.942270,1.288597,0.000547,0.005209,6,1,0,0.000000,0,1.310120,0.000000,0.001033,0,-0.027142,0.000000,-0.011333,1.310120,-0.027142,1,1,1,0.643460,0.000000,0.000000,0.000000,0.000000,0.000000,0.000000,0.000000
2.7401,1.982712,-0.016874,0.011864,0.000000,0.015807,-0.028207,1,1.310120,214,0.053827,0.118402,1.982712,0.002513,1.322485,0.011864,1.982701,1.305569,0.011864,-0.016874,0.000000,0.012674,-0.396332,-29.728302,-0.016916,0.000000,0.000937,0.001974,0.000177,0.000937,0.053827,0.118402,-9.809138,0.024837,0.008568,0.000000,2.859490,0.000513,27.000000,0.013045,1.982701,0.002513,-0.016874,0.000000,-0.017000,0.000000,78,0,1,31,28,-0.018119,0.019175,0.011622,0.148571,-0.013757,8.803635,1.288694,0.000513,0.005283,7,1,0,0.000000,0,1.310120,0.000000,0.015807,0,-0.027142,0.000000,-0.028207,1.310120,-0.027142,1,1,1,0.643514,0.000000,0.000000,0.000000,0.000000,0.000000,0.000000,0.000000
2.7501,1.982319,-0.016874,-0.008969,0.000000,0.008363,-0.020537,1,1.310120,224,0.054919,0.118775,1.982319,-0.003560,1.322561,-0.008969,1.982317,1.305631,-0.008969,-0.016874,0.000000,0.012677,-0.396332,-29.728302,-0.016930,-0.001000,0.000928,0.001956,-0.000293,0.000928,0.054919,0.118775,-9.809127,0.000610,0.005543,-0.001000,2.859552,0.000476,27.000000,0.013045,1.982317,-0.003560,-0.016874,0.000000,-0.017000,-0.001000,83,0,1,31,28,-0.005296,-0.001874,-0.009946,-0.670003,0.223472,10.470740,1.288755,0.000476,0.005393,7,1,0,0.000000,0,1.310120,0.000000,0.008363,0,-0.027142,0.000000,-0.020537,1.310120,-0.027142,1,1,1,0.643568,0.000000,0.000000,0.000000,0.000000,0.000000,0.000000,0.000000
2.7601,1.982495,-0.016874,-0.016508,0.000000,0.011645,-0.020537,1,1.310120,234,0.054045,0.117105,1.982495,0.004503,1.322343,-0.016508,1.982508,1.305408,-0.016508,-0.016874,0.000000,0.012550,-0.396332,-29.728302,-0.016935,0.000000,0.001250,0.002145,-0.000073,0.001250,0.054045,0.117105,-9.809152,-0.011242,-0.005475,0.000000,2.859329,0.000521,27.000000,0.013045,1.982508,0.004503,-0.016874,0.000000,-0.017000,0.000000,88,0,1,31,28,0.009651,-0.008157,-0.016407,0.101658,0.142290,9.331546,1.288533,0.000521,0.005307,6,1,0,0.000000,0,1.310120,0.000000,0.011645,0,-0.027142,0.000000,-0.020537,1.310120,-0.027142,1,1,1,0.643624,0.000000,0.000000,0.000000,0.000000,0.000000,0.000000,0.000000
2.7701,1.982489,-0.016874,-0.019237,0.000000,0.010668,-0.020537,1,1.310120,244,0.054464,0.116929,1.982489,-0.003560,1.322241,-0.019237,1.982508,1.305305,-0.019237,-0.016874,0.000000,0.012563,-0.396332,-29.728302,-0.016936,0.001000,0.001217,0.001996,-0.000183,0.001217,0.054464,0.116929,-9.809152,0.008770,-0.002863,0.001000,2.859225,0.000551,27.000000,0.013045,1.982508,-0.003560,-0.016874,0.000000,-0.017000,0.001000,93,0,1,31,28,-0.001040,0.008936,-0.018350,-0.003057,-0.179927,9.088979,1.288429,0.000551,0.005350,7,1,0,0.000000,0,1.310120,0.000000,0.010668,0,-0.027142,0.000000,-0.020537,1.310120,-0.027142,1,1,1,0.643677,0.000000,0.000000,0.000000,0.000000,0.000000,0.000000,0.000000
2.7801,1.982494,-0.017641,-0.009718,0.000000,0.001262,-0.011333,1,1.310120,254,0.054523,0.117142,1.982494,0.002513,1.322933,-0.009718,1.982508,1.306002,-0.009718,-0.017641,0.000000,0.012553,-0.396332,-29.728302,-0.016931,0.000000,0.001242,0.001937,-0.000059,0.001242,0.054523,0.117142,-9.809149,0.013864,0.008880,0.000000,2.859156,0.000515,27.000000,0.013045,1.982508,0.002513,-0.017641,0.000000,-0.017000,0.000000,98,0,1,31,28,-0.013845,0.008786,-0.009829,-0.028937,0.118282,10.498813,1.288359,0.000515,0.005346,7,1,0,0.000000,0,1.310120,0.000000,0.001262,0,-0.027142,0.000000,-0.011333,1.310120,-0.027142,1,1,1,0.643731,0.000000,0.000000,0.000000,0.000000,0.000000,0.000000,0.000000
2.7901,1.982517,-0.016874,0.020908,0.000000,0.017498,-0.028207,1,1.310120,8,0.054765,0.118084,1.982517,-0.000419,1.322140,0.020908,1.982508,1.305230,0.020908,-0.016874,0.000000,0.012644,-0.396332,-29.728302,-0.016910,-0.001000,0.001013,0.001973,-0.000100,0.001013,0.054765,0.118084,-9.809136,-0.010676,-0.017472,-0.001000,2.859151,0.000514,27.000000,0.013045,1.982508,-0.000419,-0.016874,0.000000,-0.017000,-0.001000,103,0,1,31,28,0.020329,-0.002197,0.019937,0.272660,0.137887,8.920084,1.288354,0.000514,0.005379,7,1,0,0.000000,0,1.310120,0.000000,0.017498,0,-0.027142,0.000000,-0.028207,1.310120,-0.027142,1,1,1,0.643783,0.000000,0.000000,0.000000,0.000000,0.000000,0.000000,0.000000
2.8001,1.982311,-0.016874,-0.019422,0.000000,0.008180,-0.020537,1,1.310120,18,0.056327,0.117418,1.982311,-0.001466,1.322301,-0.019422,1.982317,1.305363,-0.019422,-0.016874,0.000000,0.012616,-0.396332,-29.728302,-0.016938,-0.001000,0.001082,0.001951,-0.000114,0.001082,0.056327,0.117418,-9.809136,0.007758,-0.000055,-0.001000,2.859284,0.000551,27.000000,0.013045,1.982317,-0.001466,-0.016874,0.000000,-0.017000,-0.001000,108,0,1,31,28,-0.003173,0.006822,-0.020510,-0.945816,0.273272,11.073998,1.288487,0.000551,0.005539,7,1,0,0.000000,0,1.310120,0.000000,0.008180,0,-0.027142,0.000000,-0.020537,1.310120,-0.027142,1,1,1,0.643838,0.000000,0.000000,0.000000,0.000000,0.000000,0.000000,0.000000
2.8101,1.982500,-0.016874,-0.007894,0.000000,0.011702,-0.020537,1,1.310120,28,0.054789,0.118144,1.982500,0.003560,1.322109,-0.007894,1.982508,1.305181,-0.007894,-0.016874,0.000000,0.012712,-0.396332,-29.728302,-0.016929,0.000000,0.000840,0.001980,0.000220,0.000840,0.054789,0.118144,-9.809136,0.001261,0.012283,0.000000,2.859101,0.000576,27.000000,0.013045,1.982508,0.003560,-0.016874,0.000000,-0.017000,0.000000,113,0,1,31,28,-0.011697,-0.004057,-0.007843,0.502652,0.041566,8.986259,1.288305,0.000576,0.005381,7,1,0,0.000000,0,1.310120,0.000000,0.011702,0,-0.027142,0.000000,-0.020537,1.310120,-0.027142,1,1,1,0.643891,0.000000,0.000000,0.000000,0.000000,0.000000,0.000000,0.000000
2.8201,1.982693,-0.016874,-0.003820,0.000000,0.011410,-0.020537,1,1.310120,38,0.054910,0.115893,1.982693,-0.000419,1.321981,-0.003820,1.982701,1.305053,-0.003820,-0.016874,0.000000,0.012524,-0.396332,-29.728302,-0.016927,0.000000,0.001316,0.002075,0.000037,0.001316,0.054910,0.115893,-9.809162,-0.013670,0.000322,0.000000,2.858973,0.000617,27.000000,0.013045,1.982701,-0.000419,-0.016874,0.000000,-0.017000,0.000000,118,0,1,31,28,0.005391,-0.012613,-0.003662,-0.228603,0.131996,10.929488,1.288177,0.000617,0.005397,7,1,0,0.000000,0,1.310120,0.000000,0.011410,0,-0.027142,0.000000,-0.020537,1.310120,-0.027142,1,1,1,0.643948,0.000000,0.000000,0.000000,0.000000,0.000000,0.000000,0.000000
2.8301,1.982700,-0.017641,0.005209,0.000000,0.000707,-0.011333,1,1.310120,48,0.055945,0.116289,1.982700,0.001466,1.322759,0.005209,1.982701,1.305839,0.005209,-0.017641,0.000000,0.012528,-0.396332,-29.728302,-0.016920,0.000000,0.001304,0.001927,0.000086,0.001304,0.055945,0.116289,-9.809151,0.013513,0.009034,0.000000,2.858992,0.000575,27.000000,0.013045,1.982701,0.001466,-0.017641,0.000000,-0.017000,0.000000,123,0,1,31,28,-0.013841,0.008588,0.005102,-0.088269,-0.136641,9.453035,1.288196,0.000575,0.005493,7,1,0,0.000000,0,1.310120,0.000000,0.000707,0,-0.027142,0.000000,-0.011333,1.310120,-0.027142,1,1,1,0.644001,0.000000,0.000000,0.000000,0.000000,0.000000,0.000000,0.000000
2.8401,1.982708,-0.016874,0.009443,0.000000,0.017399,-0.028207,1,1.310120,58,0.056338,0.116766,1.982708,0.000419,1.322018,0.009443,1.982701,1.305102,0.009443,-0.016874,0.000000,0.012583,-0.396332,-29.728302,-0.016916,0.000000,0.001167,0.001941,-0.000028,0.001167,0.056338,0.116766,-9.809143,0.001760,-0.011408,0.000000,2.859022,0.000584,27.000000,0.013045,1.982701,0.000419,-0.016874,0.000000,-0.017000,0.000000,128,0,1,31,28,0.009644,0.006462,0.009363,0.130096,-0.073142,8.965723,1.288226,0.000584,0.005541,7,1,0,0.000000,0,1.310120,0.000000,0.017399,0,-0.027142,0.000000,-0.028207,1.310120,-0.027142,1,1,1,0.644056,0.000000,0.000000,0.000000,0.000000,0.000000,0.000000,0.000000
2.8501,1.982510,-0.017641,-0.007944,0.000000,-0.000191,-0.011333,1,1.310120,68,0.057330,0.117104,1.982510,-0.000419,1.322881,-0.007944,1.982508,1.305954,-0.007944,-0.017641,0.000000,0.012648,-0.396332,-29.728302,-0.016927,0.000000,0.001001,0.002001,-0.000013,0.001001,0.057330,0.117104,-9.809133,-0.001556,0.011226,0.000000,2.859108,0.000609,27.000000,0.013045,1.982508,-0.000419,-0.017641,0.000000,-0.017000,0.000000,133,0,1,31,28,-0.009560,-0.006188,-0.007866,-0.831250,0.255270,10.987758,1.288311,0.000609,0.005633,7,1,0,0.000000,0,1.310120,0.000000,-0.000191,0,-0.027142,0.000000,-0.011333,1.310120,-0.027142,1,1,1,0.644109,0.000000,0.000000,0.000000,0.000000,0.000000,0.000000,0.000000
2.8601,1.982414,-0.016874,0.002787,0.000000,0.018572,-0.028207,1,1.310120,78,0.055449,0.117169,1.982414,0.001466,1.322022,0.002787,1.982413,1.305101,0.002787,-0.016874,0.000000,0.012658,-0.396332,-29.728302,-0.016922,0.000000,0.000976,0.002038,-0.000008,0.000976,0.055449,0.117169,-9.809144,-0.007807,-0.007046,0.000000,2.859021,0.000620,27.000000,0.013045,1.982413,0.001466,-0.016874,0.000000,-0.017000,0.000000,138,0,1,31,28,0.009653,-0.004138,0.002839,0.559578,0.071815,8.862185,1.288225,0.000620,0.005450,6,1,0,0.000000,0,1.310120,0.000000,0.018572,0,-0.027142,0.000000,-0.028207,1.310120,-0.027142,1,1,1,0.644163,0.000000,0.000000,0.000000,0.000000,0.000000,0.000000,0.000000
2.8701,1.982963,-0.017728,0.096297,-0.104720,-0.002182,-0.010286,1,1.310120,88,0.057013,0.117774,1.982963,0.001466,1.322980,0.096297,1.982892,1.306119,0.096297,-0.017728,-0.104720,0.012715,-0.396332,-29.728302,-0.016861,0.001000,0.000833,0.002001,-0.000226,0.000833,0.057013,0.117774,-9.809127,0.016996,0.000400,-0.103720,2.859185,0.000608,27.000000,0.013045,1.982892,0.001466,-0.017641,-0.104720,-0.017000,0.001000,143,0,1,31,28,-0.007448,0.015187,-0.007616,-0.458844,-0.213083,10.208090,1.288389,0.000608,0.005598,7,1,0,0.000000,0,1.310120,0.000000,-0.002182,0,-0.027142,0.000000,-0.010286,1.310120,-0.027142,1,1,1,0.644216,0.000000,0.000000,0.000000,0.000000,0.000000,0.000000,0.000000
2.8801,1.982692,-0.016874,0.011566,0.000000,0.019648,-0.029080,1,1.310120,98,0.056423,0.118341,1.982692,0.000419,1.322063,0.011566,1.982701,1.305149,0.011566,-0.016874,0.000000,0.012745,-0.396332,-29.728302,-0.016914,0.000000,0.000758,0.001987,0.000118,0.000758,0.056423,0.118341,-9.809124,0.006999,0.000279,0.000000,2.859069,0.000586,27.000000,0.013045,1.982701,0.000419,-0.016874,0.000000,-0.017000,0.000000,148,0,1,31,28,-0.003163,0.006396,0.011485,0.408979,0.098787,9.771548,1.288273,0.000586,0.005547,6,1,0,0.000000,0,1.310120,0.000000,0.019648,0,-0.027142,0.000000,-0.029080,1.310120,-0.027142,1,1,1,0.644269,0.000000,0.000000,0.000000,0.000000,0.000000,0.000000,0.000000
2.8901,1.982610,-0.017641,0.000803,0.000000,-0.000764,-0.011333,1,1.310120,108,0.058004,0.117885,1.982610,-0.003560,1.322960,0.000803,1.982605,1.306041,0.000803,-0.017641,0.000000,0.012736,-0.396332,-29.728302,-0.016920,0.000000,0.000779,0.001999,-0.000320,0.000779,0.058004,0.117885,-9.809120,0.001600,-0.001950,-0.000000,2.859194,0.000617,27.000000,0.013045,1.982605,-0.003560,-0.017641,0.000000,-0.017000,0.000000,153,0,1,31,28,0.001107,0.002277,0.000774,-0.481521,0.264043,9.514229,1.288398,0.000617,0.005700,6,1,0,0.000000,0,1.310120,0.000000,-0.000764,0,-0.027142,0.000000,-0.011333,1.310120,-0.027142,1,1,1,0.644324,0.000000,0.000000,0.000000,0.000000,0.000000,0.000000,0.000000
2.9001,1.982589,-0.016874,-0.005440,0.000000,0.018903,-0.028207,1,1.310120,118,0.057375,0.116067,1.982589,0.004503,1.322071,-0.005440,1.982605,1.305145,-0.005440,-0.016874,0.000000,0.012523,-0.396332,-29.728302,-0.016926,0.000000,0.001316,0.001979,0.000299,0.001316,0.057375,0.116067,-9.809146,0.007585,-0.004674,0.000000,2.859065,0.000594,27.000000,0.013045,1.982605,0.004503,-0.016874,0.000000,-0.017000,0.000000,158,0,1,31,28,0.001098,0.008772,-0.005550,0.150778,0.155313,9.829370,1.288269,0.000594,0.005648,7,1,0,0.000000,0,1.310120,0.000000,0.018903,0,-0.027142,0.000000,-0.028207,1.310120,-0.027142,1,1,1,0.644378,0.000000,0.000000,0.000000,0.000000,0.000000,0.000000,0.000000
2.9101,1.982691,-0.016874,-0.021664,0.000000,0.009640,-0.020537,1,1.310120,128,0.058253,0.116766,1.982691,-0.001466,1.322107,-0.021664,1.982701,1.305171,-0.021664,-0.016874,0.000000,0.012619,-0.396332,-29.728302,-0.016936,-0.001000,0.001076,0.002137,-0.000374,0.001076,0.058253,0.116766,-9.809132,0.006567,0.007524,-0.001000,2.859091,0.000617,27.000000,0.013045,1.982701,-0.001466,-0.016874,0.000000,-0.017000,-0.001000,163,0,1,31,28,-0.009573,0.002558,-0.022698,-0.242176,-0.255020,8.963654,1.288295,0.000617,0.005736,6,1,0,0.000000,0,1.310120,0.000000,0.009640,0,-0.027142,0.000000,-0.020537,1.310120,-0.027142,1,1,1,0.644432,0.000000,0.000000,0.000000,0.000000,0.000000,0.000000,0.000000
2.9201,1.982117,-0.017641,-0.007887,0.000000,0.002719,-0.011333,1,1.310120,138,0.057248,0.116954,1.982117,-0.001466,1.322696,-0.007887,1.982125,1.305769,-0.007887,-0.017641,0.000000,0.012651,-0.396332,-29.728302,-0.016926,0.000000,0.000994,0.002006,0.000017,0.000994,0.057248,0.116954,-9.809136,-0.002264,0.004508,0.000000,2.858922,0.000628,27.000000,0.013045,1.982125,-0.001466,-0.017641,0.000000,-0.017000,0.000000,168,0,1,31,28,-0.003158,-0.004033,-0.007836,-0.017719,0.205070,11.217473,1.288126,0.000628,0.005625,6,1,0,0.000000,0,1.310120,0.000000,0.002719,0,-0.027142,0.000000,-0.011333,1.310120,-0.027142,1,1,1,0.644483,0.000000,0.000000,0.000000,0.000000,0.000000,0.000000,0.000000
2.9301,1.983286,-0.016874,0.007254,0.000000,0.017823,-0.028207,1,1.310120,148,0.057839,0.117559,1.983286,0.011729,1.321925,0.007254,1.983275,1.305009,0.007254,-0.016874,0.000000,0.012720,-0.396332,-29.728302,-0.016916,0.000000,0.000821,0.002001,0.000089,0.000821,0.057839,0.117559,-9.809125,0.002508,-0.004713,0.000000,2.858929,0.000638,27.000000,0.013045,1.983275,0.011729,-0.016874,0.000000,-0.017000,0.000000,173,0,1,31,28,0.003241,0.004335,0.007200,0.304018,-0.212926,9.452523,1.288133,0.000638,0.005693,6,1,0,0.000000,0,1.310120,0.000000,0.017823,0,-0.027142,0.000000,-0.028207,1.310120,-0.027142,1,1,1,0.644536,0.000000,0.000000,0.000000,0.000000,0.000000,0.000000,0.000000
2.9401,1.982703,-0.016874,-0.001073,0.000000,0.008303,-0.020537,1,1.310120,158,0.059692,0.117586,1.982703,-0.003560,1.322088,-0.001073,1.982701,1.305169,-0.001073,-0.016874,0.000000,0.012717,-0.396332,-29.728302,-0.016919,0.000000,0.000829,0.002026,-0.000005,0.000829,0.059692,0.117586,-9.809114,0.013136,-0.002515,0.000000,2.859089,0.000629,27.000000,0.013045,1.982701,-0.003560,-0.016874,0.000000,-0.017000,0.000000,178,0,1,31,28,-0.003174,0.012977,-0.001238,-0.707206,-0.214277,10.294050,1.288292,0.000629,0.005882,6,1,0,0.000000,0,1.310120,0.000000,0.008303,0,-0.027142,0.000000,-0.020537,1.310120,-0.027142,1,1,1,0.644590,0.000000,0.000000,0.000000,0.000000,0.000000,0.000000,0.000000
2.9501,1.982971,-0.016874,-0.014385,0.000000,0.012169,-0.020537,1,1.310120,168,0.058317,0.115662,1.982971,0.002513,1.321912,-0.014385,1.982988,1.304980,-0.014385,-0.016874,0.000000,0.012503,-0.396332,-29.728302,-0.016932,0.000000,0.001368,0.001988,0.000233,0.001368,0.058317,0.115662,-9.809145,-0.006883,0.004272,0.000000,2.858900,0.000613,27.000000,0.013045,1.982988,0.002513,-0.016874,0.000000,-0.017000,0.000000,183,0,1,31,28,-0.001021,-0.008216,-0.014283,0.434477,0.122386,8.632921,1.288104,0.000613,0.005745,7,1,0,0.000000,0,1.310120,0.000000,0.012169,0,-0.027142,0.000000,-0.020537,1.310120,-0.027142,1,1,1,0.644646,0.000000,0.000000,0.000000,0.000000,0.000000,0.000000,0.000000
2.9601,1.983076,-0.017641,0.004975,0.000000,0.001888,-0.011333,1,1.310120,178,0.058736,0.115646,1.983076,0.000419,1.322597,0.004975,1.983084,1.305679,0.004975,-0.017641,0.000000,0.012537,-0.396332,-29.728302,-0.016918,0.000000,0.001282,0.002016,0.000029,0.001282,0.058736,0.115646,-9.809142,-0.007693,-0.011787,0.000000,2.858832,0.000644,27.000000,0.013045,1.983084,0.000419,-0.017641,0.000000,-0.017000,0.000000,188,0,1,31,28,0.013920,-0.002017,0.005001,-0.079076,0.166283,9.704916,1.288036,0.000644,0.005779,6,1,0,0.000000,0,1.310120,0.000000,0.001888,0,-0.027142,0.000000,-0.011333,1.310120,-0.027142,1,1,1,0.644699,0.000000,0.000000,0.000000,0.000000,0.000000,0.000000,0.000000
2.9701,1.982799,-0.017641,0.004184,0.000000,0.008818,-0.019003,1,1.310120,188,0.059242,0.115934,1.982799,-0.001466,1.322604,0.004184,1.982796,1.305684,0.004184,-0.017641,0.000000,0.012545,-0.396332,-29.728302,-0.016920,-0.001000,0.001261,0.002018,-0.000112,0.001261,0.059242,0.115934,-9.809136,0.015683,0.003348,-0.001000,2.858837,0.000622,27.000000,0.013045,1.982796,-0.001466,-0.017641,0.000000,-0.017000,-0.001000,193,0,1,31,28,-0.009577,0.012902,0.003022,-0.088149,-0.043024,9.616673,1.288041,0.000622,0.005830,7,1,0,0.000000,0,1.310120,0.000000,0.008818,0,-0.027142,0.000000,-0.019003,1.310120,-0.027142,1,1,1,0.644751,0.000000,0.000000,0.000000,0.000000,0.000000,0.000000,0.000000
2.9801,1.982706,-0.016874,0.006145,0.000000,0.016738,-0.028207,1,1.310120,198,0.059843,0.116729,1.982706,-0.001466,1.321942,0.006145,1.982701,1.305029,0.006145,-0.016874,0.000000,0.012626,-0.396332,-29.728302,-0.016913,0.001000,0.001058,0.002001,-0.000212,0.001058,0.059843,0.116729,-9.809123,0.001269,0.002892,0.001000,2.858949,0.000625,27.000000,0.013045,1.982701,-0.001466,-0.016874,0.000000,-0.017000,0.001000,198,0,1,31,28,-0.003158,0.000042,0.007145,-0.089946,-0.195091,8.763375,1.288152,0.000625,0.005899,7,1,0,0.000000,0,1.310120,0.000000,0.016738,0,-0.027142,0.000000,-0.028207,1.310120,-0.027142,1,1,1,0.644804,0.000000,0.000000,0.000000,0.000000,0.000000,0.000000,0.000000
2.9901,1.982684,-0.016874,-0.015670,0.000000,0.010776,-0.020537,1,1.310120,208,0.059461,0.116621,1.982684,-0.000419,1.321912,-0.015670,1.982701,1.304979,-0.015670,-0.016874,0.000000,0.012635,-0.396332,-29.728302,-0.016932,-0.001000,0.001035,0.002002,0.000015,0.001035,0.059461,0.116621,-9.809127,-0.014428,0.003017,-0.001000,2.858899,0.000646,27.000000,0.013045,1.982701,-0.000419,-0.016874,0.000000,-0.017000,-0.001000,2,0,1,31,28,0.003254,-0.014586,-0.016487,-0.534769,0.339838,11.122786,1.288103,0.000646,0.005860,7,1,0,0.000000,0,1.310120,0.000000,0.010776,0,-0.027142,0.000000,-0.020537,1.310120,-0.027142,1,1,1,0.644856,0.000000,0.000000,0.000000,0.000000,0.000000,0.000000,0.000000
3.0001,1.982876,-0.016874,-0.007878,0.000000,0.012411,-0.020537,1,1.310120,218,0.058830,0.117168,1.982876,0.001466,1.321727,-0.007878,1.982892,1.304802,-0.007878,-0.016874,0.000000,0.012702,-0.396332,-29.728302,-0.016925,0.000000,0.000866,0.002019,0.000044,0.000866,0.058830,0.117168,-9.809124,-0.006675,-0.005211,0.000000,2.858722,0.000658,27.000000,0.013045,1.982892,0.001466,-0.016874,0.000000,-0.017000,0.000000,7,0,1,31,28,0.007515,-0.004002,-0.007827,0.416168,0.052850,8.842759,1.287925,0.000658,0.005795,7,1,0,0.000000,0,1.310120,0.000000,0.012411,0,-0.027142,0.000000,-0.020537,1.310120,-0.027142,1,1,1,0.644907,0.000000,0.000000,0.000000,0.000000,0.000000,0.000000,0.000000
3.0101,1.983205,-0.016874,-0.011472,0.000000,0.010635,-0.020537,1,1.310120,228,0.059686,0.117007,1.983205,0.002513,1.321729,-0.011472,1.983179,1.304802,-0.011472,-0.016874,0.000000,0.012715,-0.396332,-29.728302,-0.016927,0.000000,0.000834,0.001930,-0.000106,0.000834,0.059686,0.117007,-9.809121,0.021340,-0.010957,0.000000,2.858721,0.000686,27.000000,0.013045,1.983179,0.002513,-0.016874,0.000000,-0.017000,0.000000,12,0,1,31,28,0.001081,0.023816,-0.011776,-0.011553,-0.344724,9.269156,1.287925,0.000686,0.005882,7,1,0,0.000000,0,1.310120,0.000000,0.010635,0,-0.027142,0.000000,-0.020537,1.310120,-0.027142,1,1,1,0.644960,0.000000,0.000000,0.000000,0.000000,0.000000,0.000000,0.000000
3.0201,1.982901,-0.016874,0.005263,0.000000,0.010485,-0.020537,1,1.310120,238,0.060171,0.117773,1.982901,0.000419,1.321729,0.005263,1.982892,1.304814,0.005263,-0.016874,0.000000,0.012743,-0.396332,-29.728302,-0.016914,0.000000,0.000763,0.001988,-0.000112,0.000763,0.060171,0.117773,-9.809108,0.015451,0.008155,0.000000,2.858734,0.000635,27.000000,0.013045,1.982892,0.000419,-0.016874,0.000000,-0.017000,0.000000,17,0,1,31,28,-0.013843,0.010725,0.005127,-0.029282,0.006838,10.229720,1.287938,0.000635,0.005930,7,1,0,0.000000,0,1.310120,0.000000,0.010485,0,-0.027142,0.000000,-0.020537,1.310120,-0.027142,1,1,1,0.645013,0.000000,0.000000,0.000000,0.000000,0.000000,0.000000,0.000000
3.0301,1.982992,-0.017641,0.006106,0.000000,0.000874,-0.011333,1,1.310120,248,0.060560,0.115876,1.982992,-0.001466,1.322539,0.006106,1.982988,1.305626,0.006106,-0.017641,0.000000,0.012584,-0.396332,-29.728302,-0.016913,0.001000,0.001163,0.001996,-0.000108,0.001163,0.060560,0.115876,-9.809129,-0.006858,-0.009822,0.001000,2.858778,0.000664,27.000000,0.013045,1.982988,-0.001466,-0.017641,0.000000,-0.017000,0.001000,22,0,1,31,28,0.011786,-0.002052,0.007132,-0.288826,0.285881,10.079227,1.287982,0.000664,0.005964,7,1,0,0.000000,0,1.310120,0.000000,0.000874,0,-0.027142,0.000000,-0.011333,1.310120,-0.027142,1,1,1,0.645067,0.000000,0.000000,0.000000,0.000000,0.000000,0.000000,0.000000
3.0401,1.982979,-0.016874,0.001596,0.000000,0.018760,-0.028207,1,1.310120,2,0.060645,0.115514,1.982979,0.002513,1.321732,0.001596,1.982988,1.304811,0.001596,-0.016874,0.000000,0.012589,-0.396332,-29.728302,-0.016920,-0.001000,0.001151,0.001999,0.000012,0.001151,0.060645,0.115514,-9.809132,-0.006174,0.001597,-0.001000,2.858731,0.000711,27.000000,0.013045,1.982988,0.002513,-0.016874,0.000000,-0.017000,-0.001000,27,0,1,31,28,0.001116,-0.006271,0.000675,-0.068210,0.113412,10.115920,1.287934,0.000711,0.005982,7,1,0,0.000000,0,1.310120,0.000000,0.018760,0,-0.027142,0.000000,-0.028207,1.310120,-0.027142,1,1,1,0.645119,0.000000,0.000000,0.000000,0.000000,0.000000,0.000000,0.000000
3.0501,1.982875,-0.016874,-0.025859,0.000000,0.010794,-0.020537,1,1.310120,12,0.060695,0.116352,1.982875,0.000419,1.321732,-0.025859,1.982892,1.304796,-0.025859,-0.016874,0.000000,0.012678,-0.396332,-29.728302,-0.016935,0.001000,0.000926,0.002000,0.000205,0.000926,0.060695,0.116352,-9.809122,0.009970,0.020049,0.001000,2.858716,0.000714,27.000000,0.013045,1.982892,0.000419,-0.016874,0.000000,-0.017000,0.001000,32,0,1,31,28,-0.022379,0.000413,-0.024866,0.081300,-0.209999,8.428372,1.287919,0.000714,0.005986,7,1,0,0.000000,0,1.310120,0.000000,0.010794,0,-0.027142,0.000000,-0.020537,1.310120,-0.027142,1,1,1,0.645171,0.000000,0.000000,0.000000,0.000000,0.000000,0.000000,0.000000
3.0601,1.982891,-0.016874,0.007096,0.000000,0.012157,-0.020537,1,1.310120,22,0.059619,0.116452,1.982891,0.005550,1.321586,0.007096,1.982892,1.304671,0.007096,-0.016874,0.000000,0.012667,-0.396332,-29.728302,-0.016915,0.000000,0.000954,0.001998,0.000202,0.000954,0.059619,0.116452,-9.809128,-0.002439,-0.000109,-0.000000,2.858590,0.000695,27.000000,0.013045,1.982892,0.005550,-0.016874,0.000000,-0.017000,0.000000,37,0,1,31,28,0.001113,-0.002082,0.007123,0.028473,0.287600,10.730241,1.287794,0.000695,0.005876,6,1,0,0.000000,0,1.310120,0.000000,0.012157,0,-0.027142,0.000000,-0.020537,1.310120,-0.027142,1,1,1,0.645222,0.000000,0.000000,0.000000,0.000000,0.000000,0.000000,0.000000
3.0701,1.983183,-0.017641,0.009335,0.000000,0.001142,-0.011333,1,1.310120,32,0.060981,0.116991,1.983183,0.000419,1.322395,0.009335,1.983179,1.305484,0.009335,-0.017641,0.000000,0.012739,-0.396332,-29.728302,-0.016911,0.000000,0.000773,0.001999,-0.000086,0.000773,0.060981,0.116991,-9.809113,0.000511,-0.003804,0.000000,2.858636,0.000705,27.000000,0.013045,1.983179,0.000419,-0.017641,0.000000,-0.017000,0.000000,42,0,1,31,28,0.003244,0.002169,0.009308,0.017139,-0.165859,9.500662,1.287840,0.000705,0.006005,7,1,0,0.000000,0,1.310120,0.000000,0.001142,0,-0.027142,0.000000,-0.011333,1.310120,-0.027142,1,1,1,0.645274,0.000000,0.000000,0.000000,0.000000,0.000000,0.000000,0.000000
3.0801,1.983087,-0.016874,0.001271,0.000000,0.018670,-0.028207,1,1.310120,42,0.061735,0.117362,1.983087,0.002513,1.321617,0.001271,1.983084,1.304700,0.001271,-0.016874,0.000000,0.012779,-0.396332,-29.728302,-0.016916,0.000000,0.000672,0.002001,-0.000006,0.000672,0.061735,0.117362,-9.809104,0.019976,-0.007989,0.000000,2.858620,0.000710,27.000000,0.013045,1.983084,0.002513,-0.016874,0.000000,-0.017000,0.000000,47,0,1,31,28,-0.001048,0.021503,0.000996,0.120852,-0.187537,8.935856,1.287823,0.000710,0.006090,7,1,0,0.000000,0,1.310120,0.000000,0.018670,0,-0.027142,0.000000,-0.028207,1.310120,-0.027142,1,1,1,0.645326,0.000000,0.000000,0.000000,0.000000,0.000000,0.000000,0.000000
3.0901,1.982986,-0.016874,-0.003634,0.000000,0.010110,-0.020537,1,1.310120,52,0.062018,0.115075,1.982986,0.000419,1.321682,-0.003634,1.982988,1.304761,-0.003634,-0.016874,0.000000,0.012537,-0.396332,-29.728302,-0.016921,0.000000,0.001281,0.001997,-0.000001,0.001281,0.062018,0.115075,-9.809129,0.003813,0.018159,-0.000000,2.858680,0.000701,27.000000,0.013045,1.982988,0.000419,-0.016874,0.000000,-0.017000,0.000000,52,0,1,31,28,-0.018099,-0.004133,-0.003582,-0.042434,0.079286,9.005424,1.287884,0.000701,0.006123,6,1,0,0.000000,0,1.310120,0.000000,0.010110,0,-0.027142,0.000000,-0.020537,1.310120,-0.027142,1,1,1,0.645382,0.000000,0.000000,0.000000,0.000000,0.000000,0.000000,0.000000
3.1001,1.982974,-0.017641,-0.003597,0.000000,0.003117,-0.011333,1,1.310120,62,0.061201,0.115349,1.982974,0.001466,1.322316,-0.003597,1.982988,1.305394,-0.003597,-0.017641,0.000000,0.012588,-0.396332,-29.728302,-0.016921,0.000000,0.001154,0.001999,0.000120,0.001154,0.061201,0.115349,-9.809131,-0.013853,-0.020704,-0.000000,2.858547,0.000721,27.000000,0.013045,1.982988,0.001466,-0.017641,0.000000,-0.017000,0.000000,57,0,1,31,28,0.024593,-0.004010,-0.003547,0.053494,0.275661,9.371137,1.287750,0.000721,0.006030,6,1,0,0.000000,0,1.310120,0.000000,0.003117,0,-0.027142,0.000000,-0.011333,1.310120,-0.027142,1,1,1,0.645433,0.000000,0.000000,0.000000,0.000000,0.000000,0.000000,0.000000
3.1101,1.983092,-0.016874,0.000962,0.000000,0.018909,-0.028207,1,1.310120,72,0.061486,0.114880,1.983092,-0.000419,1.321525,0.000962,1.983084,1.304606,0.000962,-0.016874,0.000000,0.012610,-0.396332,-29.728302,-0.016919,0.000000,0.001097,0.002016,-0.000188,0.001097,0.061486,0.114880,-9.809135,0.005666,-0.008498,0.000000,2.858525,0.000795,27.000000,0.013045,1.983084,-0.000419,-0.016874,0.000000,-0.017000,0.000000,62,0,1,31,28,0.005369,0.008700,0.000852,-0.288532,0.623513,10.618566,1.287729,0.000795,0.006069,6,1,0,0.000000,0,1.310120,0.000000,0.018909,0,-0.027142,0.000000,-0.028207,1.310120,-0.027142,1,1,1,0.645486,0.000000,0.000000,0.000000,0.000000,0.000000,0.000000,0.000000
3.1201,1.982792,-0.016874,0.000144,0.000000,0.009807,-0.020537,1,1.310120,82,0.062651,0.115422,1.982792,-0.002513,1.321624,0.000144,1.982796,1.304708,0.000144,-0.016874,0.000000,0.012641,-0.396332,-29.728302,-0.016916,0.001000,0.001019,0.001997,-0.000011,0.001019,0.062651,0.115422,-9.809121,0.025794,0.015172,0.001000,2.858627,0.000769,27.000000,0.013045,1.982796,-0.002513,-0.016874,0.000000,-0.017000,0.001000,67,0,1,31,28,-0.024524,0.017162,0.000927,-0.148976,-0.008850,8.391962,1.287830,0.000769,0.006187,7,1,0,0.000000,0,1.310120,0.000000,0.009807,0,-0.027142,0.000000,-0.020537,1.310120,-0.027142,1,1,1,0.645538,0.000000,0.000000,0.000000,0.000000,0.000000,0.000000,0.000000
3.1301,1.982980,-0.016874,-0.014432,0.000000,0.012284,-0.020537,1,1.310120,92,0.062129,0.116123,1.982980,0.001466,1.321514,-0.014432,1.982988,1.304586,-0.014432,-0.016874,0.000000,0.012671,-0.396332,-29.728302,-0.016928,0.000000,0.000944,0.002023,0.000201,0.000944,0.062129,0.116123,-9.809116,-0.011472,-0.000674,0.000000,2.858505,0.000728,27.000000,0.013045,1.982988,0.001466,-0.016874,0.000000,-0.017000,0.000000,72,0,1,31,28,0.005385,-0.010334,-0.014303,-0.171338,0.283133,11.084171,1.287709,0.000728,0.006133,7,1,0,0.000000,0,1.310120,0.000000,0.012284,0,-0.027142,0.000000,-0.020537,1.310120,-0.027142,1,1,1,0.645588,0.000000,0.000000,0.000000,0.000000,0.000000,0.000000,0.000000
3.1401,1.983067,-0.016874,-0.001742,0.000000,0.012319,-0.020537,1,1.310120,102,0.063173,0.115967,1.983067,-0.001466,1.321400,-0.001742,1.983084,1.304482,-0.001742,-0.016874,0.000000,0.012709,-0.396332,-29.728302,-0.016918,0.000000,0.000847,0.001961,-0.000062,0.000847,0.063173,0.115967,-9.809111,-0.015663,0.001236,0.000000,2.858400,0.000781,27.000000,0.013045,1.983084,-0.001466,-0.016874,0.000000,-0.017000,0.000000,77,0,1,31,28,0.005394,-0.014778,-0.001554,-0.230722,0.179080,10.212179,1.287604,0.000781,0.006239,7,1,0,0.000000,0,1.310120,0.000000,0.012319,0,-0.027142,0.000000,-0.020537,1.310120,-0.027142,1,1,1,0.645639,0.000000,0.000000,0.000000,0.000000,0.000000,0.000000,0.000000
3.1501,1.982985,-0.017641,-0.011691,0.000000,0.002478,-0.011333,1,1.310120,112,0.063288,0.115959,1.982985,0.001466,1.322140,-0.011691,1.982988,1.305215,-0.011691,-0.017641,0.000000,0.012713,-0.396332,-29.728302,-0.016925,0.000000,0.000837,0.001987,-0.000088,0.000837,0.063288,0.115959,-9.809110,0.018865,0.004242,0.000000,2.858367,0.000780,27.000000,0.013045,1.982988,0.001466,-0.017641,0.000000,-0.017000,0.000000,82,0,1,31,28,-0.011718,0.015232,-0.011886,-0.021743,-0.238369,9.174514,1.287570,0.000780,0.006242,7,1,0,0.000000,0,1.310120,0.000000,0.002478,0,-0.027142,0.000000,-0.011333,1.310120,-0.027142,1,1,1,0.645691,0.000000,0.000000,0.000000,0.000000,0.000000,0.000000,0.000000
3.1601,1.983110,-0.016874,0.030654,0.000000,0.018099,-0.028207,1,1.310120,122,0.063012,0.114619,1.983110,0.000419,1.321421,0.030654,1.983084,1.304524,0.030654,-0.016874,0.000000,0.012522,-0.396332,-29.728302,-0.016897,0.000000,0.001319,0.001992,-0.000032,0.001319,0.063012,0.114619,-9.809128,0.002661,0.002250,0.000000,2.858443,0.000731,27.000000,0.013045,1.983084,0.000419,-0.016874,0.000000,-0.017000,0.000000,87,0,1,31,28,-0.003153,0.001867,0.030633,0.151155,0.068902,9.857214,1.287647,0.000731,0.006225,7,1,0,0.000000,0,1.310120,0.000000,0.018099,0,-0.027142,0.000000,-0.028207,1.310120,-0.027142,1,1,1,0.645746,0.000000,0.000000,0.000000,0.000000,0.000000,0.000000,0.000000
3.1701,1.982889,-0.016874,-0.005484,0.000000,0.009492,-0.020537,1,1.310120,132,0.064232,0.115201,1.982889,-0.000419,1.321586,-0.005484,1.982892,1.304666,-0.005484,-0.016874,0.000000,0.012612,-0.396332,-29.728302,-0.016920,0.000000,0.001092,0.001998,-0.000026,0.001092,0.064232,0.115201,-9.809113,0.002111,-0.011565,0.000000,2.858584,0.000760,27.000000,0.013045,1.982892,-0.000419,-0.016874,0.000000,-0.017000,0.000000,92,0,1,31,28,0.009639,0.006660,-0.005568,-0.576316,0.109705,9.617890,1.287788,0.000760,0.006349,7,1,0,0.000000,0,1.310120,0.000000,0.009492,0,-0.027142,0.000000,-0.020537,1.310120,-0.027142,1,1,1,0.645797,0.000000,0.000000,0.000000,0.000000,0.000000,0.000000,0.000000
3.1801,1.983057,-0.016874,-0.022649,0.000000,0.014173,-0.020537,1,1.310120,142,0.063054,0.114843,1.983057,0.004503,1.321327,-0.022649,1.983084,1.304393,-0.022649,-0.016874,0.000000,0.012642,-0.396332,-29.728302,-0.016934,0.000000,0.001016,0.001973,0.000436,0.001016,0.063054,0.114843,-9.809125,-0.000491,-0.008027,0.000000,2.858312,0.000828,27.000000,0.013045,1.983084,0.004503,-0.016874,0.000000,-0.017000,0.000000,97,0,1,31,28,0.007504,0.002607,-0.022684,-0.000269,0.485558,10.961902,1.287516,0.000828,0.006229,7,1,0,0.000000,0,1.310120,0.000000,0.014173,0,-0.027142,0.000000,-0.020537,1.310120,-0.027142,1,1,1,0.645848,0.000000,0.000000,0.000000,0.000000,0.000000,0.000000,0.000000
3.1901,1.983273,-0.017641,-0.005717,0.000000,0.002672,-0.011333,1,1.310120,152,0.063646,0.115295,1.983273,0.002513,1.322045,-0.005717,1.983275,1.305125,-0.005717,-0.017641,0.000000,0.012683,-0.396332,-29.728302,-0.016920,0.000000,0.000914,0.002023,-0.000017,0.000914,0.063646,0.115295,-9.809116,0.006710,0.019186,0.000000,2.858277,0.000817,27.000000,0.013045,1.983275,0.002513,-0.017641,0.000000,-0.017000,0.000000,102,0,1,31,28,-0.020237,-0.001973,-0.005692,0.215879,-0.062473,8.879752,1.287480,0.000817,0.006280,6,1,0,0.000000,0,1.310120,0.000000,0.002672,0,-0.027142,0.000000,-0.011333,1.310120,-0.027142,1,1,1,0.645900,0.000000,0.000000,0.000000,0.000000,0.000000,0.000000,0.000000
3.2001,1.983192,-0.016874,0.005120,0.000000,0.017646,-0.028207,1,1.310120,162,0.064273,0.116244,1.983192,0.002513,1.321399,0.005120,1.983179,1.304487,0.005120,-0.016874,0.000000,0.012727,-0.396332,-29.728302,-0.016912,0.000000,0.000803,0.001985,0.000160,0.000803,0.064273,0.116244,-9.809101,0.003442,-0.002792,0.000000,2.858406,0.000768,27.000000,0.013045,1.983179,0.002513,-0.016874,0.000000,-0.017000,0.000000,107,0,1,31,28,0.001106,0.004357,0.005065,-0.286263,0.246237,10.968881,1.287609,0.000768,0.006351,7,1,0,0.000000,0,1.310120,0.000000,0.017646,0,-0.027142,0.000000,-0.028207,1.310120,-0.027142,1,1,1,0.645950,0.000000,0.000000,0.000000,0.000000,0.000000,0.000000,0.000000
3.2101,1.982886,-0.017641,-0.017519,0.000000,0.000685,-0.011333,1,1.310120,172,0.065583,0.115989,1.982886,-0.005550,1.322294,-0.017519,1.982892,1.305369,-0.017519,-0.017641,0.000000,0.012723,-0.396332,-29.728302,-0.016925,0.001000,0.000812,0.002007,-0.000204,0.000812,0.065583,0.115989,-9.809095,-0.006827,0.004252,0.001000,2.858520,0.000783,27.000000,0.013045,1.982892,-0.005550,-0.017641,0.000000,-0.017000,0.001000,112,0,1,31,28,-0.001022,-0.008187,-0.016416,-0.583565,0.240640,10.633667,1.287724,0.000783,0.006476,7,1,0,0.000000,0,1.310120,0.000000,0.000685,0,-0.027142,0.000000,-0.011333,1.310120,-0.027142,1,1,1,0.646002,0.000000,0.000000,0.000000,0.000000,0.000000,0.000000,0.000000
3.2201,1.983163,-0.016874,-0.005374,0.000000,0.021500,-0.028207,1,1.310120,182,0.064189,0.113812,1.983163,0.001466,1.321290,-0.005374,1.983179,1.304369,-0.005374,-0.016874,0.000000,0.012528,-0.396332,-29.728302,-0.016921,0.000000,0.001305,0.002004,0.000321,0.001305,0.064189,0.113812,-9.809130,0.002463,-0.021113,0.000000,2.858287,0.000817,27.000000,0.013045,1.983179,0.001466,-0.016874,0.000000,-0.017000,0.000000,117,0,1,31,28,0.018173,0.010958,-0.005512,0.390734,-0.215825,9.691812,1.287491,0.000817,0.006347,6,1,0,0.000000,0,1.310120,0.000000,0.021500,0,-0.027142,0.000000,-0.028207,1.310120,-0.027142,1,1,1,0.646055,0.000000,0.000000,0.000000,0.000000,0.000000,0.000000,0.000000
3.2301,1.982996,-0.016874,0.007135,0.000000,0.010167,-0.020537,1,1.310120,192,0.064991,0.113981,1.982996,-0.003560,1.321392,0.007135,1.982988,1.304480,0.007135,-0.016874,0.000000,0.012563,-0.396332,-29.728302,-0.016912,0.000000,0.001216,0.002028,-0.000126,0.001216,0.064991,0.113981,-9.809123,0.005683,0.012610,0.000000,2.858398,0.000834,27.000000,0.013045,1.982988,-0.003560,-0.016874,0.000000,-0.017000,0.000000,122,0,1,31,28,-0.013831,0.000012,0.007136,-0.287179,-0.069797,10.228782,1.287602,0.000834,0.006428,7,1,0,0.000000,0,1.310120,0.000000,0.010167,0,-0.027142,0.000000,-0.020537,1.310120,-0.027142,1,1,1,0.646107,0.000000,0.000000,0.000000,0.000000,0.000000,0.000000,0.000000
3.2401,1.983080,-0.016874,-0.020469,0.000000,0.012580,-0.020537,1,1.310120,202,0.064362,0.114815,1.983080,0.006597,1.321303,-0.020469,1.983084,1.304372,-0.020469,-0.016874,0.000000,0.012610,-0.396332,-29.728302,-0.016931,0.000000,0.001097,0.002006,0.000412,0.001097,0.064362,0.114815,-9.809117,0.003167,-0.005004,0.000000,2.858290,0.000797,27.000000,0.013045,1.983084,0.006597,-0.016874,0.000000,-0.017000,0.000000,127,0,1,31,28,0.003233,0.004703,-0.020529,0.252589,0.057357,8.469452,1.287494,0.000797,0.006362,7,1,0,0.000000,0,1.310120,0.000000,0.012580,0,-0.027142,0.000000,-0.020537,1.310120,-0.027142,1,1,1,0.646155,0.000000,0.000000,0.000000,0.000000,0.000000,0.000000,0.000000
3.2501,1.983457,-0.017641,-0.018124,0.000000,0.003782,-0.011333,1,1.310120,212,0.065272,0.115913,1.983457,0.001466,1.321940,-0.018124,1.983467,1.305014,-0.018124,-0.017641,0.000000,0.012729,-0.396332,-29.728302,-0.016926,0.000000,0.000797,0.002050,-0.000066,0.000797,0.065272,0.115913,-9.809098,0.009113,-0.012428,0.000000,2.858166,0.000797,27.000000,0.013045,1.983467,0.001466,-0.017641,0.000000,-0.017000,0.000000,132,0,1,31,28,0.007494,0.013235,-0.018294,-0.249183,0.213783,10.499629,1.287370,0.000797,0.006444,6,1,0,0.000000,0,1.310120,0.000000,0.003782,0,-0.027142,0.000000,-0.011333,1.310120,-0.027142,1,1,1,0.646207,0.000000,0.000000,0.000000,0.000000,0.000000,0.000000,0.000000
3.2601,1.983285,-0.017641,0.013952,0.000000,0.009883,-0.019003,1,1.310120,222,0.066082,0.116327,1.983285,0.001466,1.321946,0.013952,1.983275,1.305042,0.013952,-0.017641,0.000000,0.012774,-0.396332,-29.728302,-0.016904,0.000000,0.000684,0.002000,-0.000021,0.000684,0.066082,0.116327,-9.809088,0.020200,0.003619,0.000000,2.858193,0.000798,27.000000,0.013045,1.983275,0.001466,-0.017641,0.000000,-0.017000,0.000000,137,0,1,31,28,-0.011712,0.017028,0.013735,0.129613,-0.061577,8.803142,1.287397,0.000798,0.006526,7,1,0,0.000000,0,1.310120,0.000000,0.009883,0,-0.027142,0.000000,-0.019003,1.310120,-0.027142,1,1,1,0.646257,0.000000,0.000000,0.000000,0.000000,0.000000,0.000000,0.000000
3.2701,1.983106,-0.016874,0.002677,0.000000,0.016800,-0.028207,1,1.310120,232,0.066955,0.114016,1.983106,-0.001466,1.321401,0.002677,1.983084,1.304488,0.002677,-0.016874,0.000000,0.012536,-0.396332,-29.728302,-0.016913,0.000000,0.001285,0.001998,-0.000148,0.001285,0.066955,0.114016,-9.809109,-0.008168,0.002507,0.000000,2.858406,0.000799,27.000000,0.013045,1.983084,-0.001466,-0.016874,0.000000,-0.017000,0.000000,142,0,1,31,28,0.001119,-0.008436,0.002783,-0.782760,0.261677,11.246256,1.287610,0.000799,0.006628,6,1,0,0.000000,0,1.310120,0.000000,0.016800,0,-0.027142,0.000000,-0.028207,1.310120,-0.027142,1,1,1,0.646312,0.000000,0.000000,0.000000,0.000000,0.000000,0.000000,0.000000
3.2801,1.983049,-0.016874,-0.034858,0.000000,0.012850,-0.020537,1,1.310120,242,0.065933,0.114366,1.983049,0.000419,1.321297,-0.034858,1.983084,1.304356,-0.034858,-0.016874,0.000000,0.012600,-0.396332,-29.728302,-0.016942,-0.001000,0.001122,0.002003,0.000151,0.001122,0.065933,0.114366,-9.809112,-0.015738,-0.001066,-0.001000,2.858274,0.000830,27.000000,0.013045,1.983084,0.000419,-0.016874,0.000000,-0.017000,-0.001000,147,0,1,31,28,0.007518,-0.014318,-0.035681,-0.022754,0.152139,9.302854,1.287478,0.000830,0.006523,7,1,0,0.000000,0,1.310120,0.000000,0.012850,0,-0.027142,0.000000,-0.020537,1.310120,-0.027142,1,1,1,0.646362,0.000000,0.000000,0.000000,0.000000,0.000000,0.000000,0.000000
3.2901,1.983267,-0.017641,0.003198,0.000000,0.005516,-0.011333,1,1.310120,252,0.064729,0.114446,1.983267,0.001466,1.321771,0.003198,1.983275,1.304857,0.003198,-0.017641,0.000000,0.012646,-0.396332,-29.728302,-0.016914,0.000000,0.001008,0.001990,0.000056,0.001008,0.064729,0.114446,-9.809119,0.009493,-0.010258,-0.000000,2.858008,0.000864,27.000000,0.013045,1.983275,0.001466,-0.017641,0.000000,-0.017000,0.000000,152,0,1,31,28,0.005366,0.012945,0.003035,0.522000,-0.015913,8.995264,1.287211,0.000864,0.006392,7,1,0,0.000000,0,1.310120,0.000000,0.005516,0,-0.027142,0.000000,-0.011333,1.310120,-0.027142,1,1,1,0.646412,0.000000,0.000000,0.000000,0.000000,0.000000,0.000000,0.000000
3.3001,1.983379,-0.016874,0.011721,0.000000,0.018771,-0.028207,1,1.310120,6,0.065888,0.114898,1.983379,0.001466,1.321077,0.011721,1.983371,1.304170,0.011721,-0.016874,0.000000,0.012677,-0.396332,-29.728302,-0.016907,0.000000,0.000928,0.001951,-0.000026,0.000928,0.065888,0.114898,-9.809106,0.012830,-0.002389,0.000000,2.858088,0.000853,27.000000,0.013045,1.983371,0.001466,-0.016874,0.000000,-0.017000,0.000000,157,0,1,31,28,-0.003170,0.012807,0.011560,0.047741,0.192816,10.662308,1.287291,0.000853,0.006518,7,1,0,0.000000,0,1.310120,0.000000,0.018771,0,-0.027142,0.000000,-0.028207,1.310120,-0.027142,1,1,1,0.646462,0.000000,0.000000,0.000000,0.000000,0.000000,0.000000,0.000000
3.3101,1.983081,-0.016874,-0.016368,0.000000,0.010514,-0.020537,1,1.310120,16,0.067852,0.115733,1.983081,-0.003560,1.321207,-0.016368,1.983084,1.304285,-0.016368,-0.016874,0.000000,0.012689,-0.396332,-29.728302,-0.016922,0.000000,0.000899,0.001981,-0.000195,0.000899,0.067852,0.115733,-9.809083,0.001649,0.007419,0.000000,2.858203,0.000776,27.000000,0.013045,1.983084,-0.003560,-0.016874,0.000000,-0.017000,0.000000,162,0,1,31,28,-0.007432,-0.001795,-0.016347,-0.396980,0.044853,8.679453,1.287407,0.000776,0.006717,6,1,0,0.000000,0,1.310120,0.000000,0.010514,0,-0.027142,0.000000,-0.020537,1.310120,-0.027142,1,1,1,0.646513,0.000000,0.000000,0.000000,0.000000,0.000000,0.000000,0.000000
3.3201,1.983366,-0.016874,-0.016333,0.000000,0.014244,-0.020537,1,1.310120,26,0.066701,0.116435,1.983366,0.006597,1.320996,-0.016333,1.983371,1.304070,-0.016333,-0.016874,0.000000,0.012763,-0.396332,-29.728302,-0.016925,-0.002000,0.000712,0.001986,0.000325,0.000712,0.066701,0.116435,-9.809082,0.002234,-0.006927,-0.002000,2.857989,0.000780,27.000000,0.013045,1.983371,0.006597,-0.016874,0.000000,-0.017000,-0.002000,167,0,1,31,28,0.005368,0.004681,-0.018395,-0.190555,0.227047,10.978321,1.287193,0.000780,0.006598,6,1,0,0.000000,0,1.310120,0.000000,0.014244,0,-0.027142,0.000000,-0.020537,1.310120,-0.027142,1,1,1,0.646563,0.000000,0.000000,0.000000,0.000000,0.000000,0.000000,0.000000
3.3301,1.983272,-0.017641,0.001568,0.000000,0.003981,-0.011333,1,1.310120,36,0.066949,0.113772,1.983272,-0.003560,1.321659,0.001568,1.983275,1.304747,0.001568,-0.017641,0.000000,0.012555,-0.396332,-29.728302,-0.016912,0.001000,0.001236,0.001991,-0.000077,0.001236,0.066949,0.113772,-9.809112,-0.009398,0.010121,0.001000,2.857898,0.000839,27.000000,0.013045,1.983275,-0.003560,-0.017641,0.000000,-0.017000,0.001000,172,0,1,31,28,-0.005280,-0.012729,0.002728,0.263440,-0.202578,8.610403,1.287102,0.000839,0.006619,6,1,0,0.000000,0,1.310120,0.000000,0.003981,0,-0.027142,0.000000,-0.011333,1.310120,-0.027142,1,1,1,0.646617,0.000000,0.000000,0.000000,0.000000,0.000000,0.000000,0.000000
3.3401,1.983387,-0.017641,0.011618,0.000000,0.010186,-0.019003,1,1.310120,46,0.066906,0.113680,1.983387,0.001466,1.321702,0.011618,1.983371,1.304793,0.011618,-0.017641,0.000000,0.012570,-0.396332,-29.728302,-0.016908,0.000000,0.001199,0.001977,0.000178,0.001199,0.066906,0.113680,-9.809113,0.008059,-0.002564,0.000000,2.857944,0.000863,27.000000,0.013045,1.983371,0.001466,-0.017641,0.000000,-0.017000,0.000000,177,0,1,31,28,-0.001031,0.008540,0.011512,-0.047485,-0.100829,10.429605,1.287148,0.000863,0.006615,6,1,0,0.000000,0,1.310120,0.000000,0.010186,0,-0.027142,0.000000,-0.019003,1.310120,-0.027142,1,1,1,0.646667,0.000000,0.000000,0.000000,0.000000,0.000000,0.000000,0.000000
3.3501,1.983176,-0.016874,-0.003543,0.000000,0.018977,-0.028207,1,1.310120,56,0.067595,0.114281,1.983176,-0.000419,1.321012,-0.003543,1.983179,1.304100,-0.003543,-0.016874,0.000000,0.012626,-0.396332,-29.728302,-0.016913,0.002000,0.001057,0.002004,-0.000008,0.001057,0.067595,0.114281,-9.809101,-0.003475,0.007407,0.002000,2.858017,0.000861,27.000000,0.013045,1.983179,-0.000419,-0.016874,0.000000,-0.017000,0.002000,182,0,1,31,28,-0.005288,-0.006261,-0.001464,-0.211110,0.007447,10.172185,1.287221,0.000861,0.006693,6,1,0,0.000000,0,1.310120,0.000000,0.018977,0,-0.027142,0.000000,-0.028207,1.310120,-0.027142,1,1,1,0.646718,0.000000,0.000000,0.000000,0.000000,0.000000,0.000000,0.000000
3.3601,1.983174,-0.016874,-0.007679,0.000000,0.012682,-0.020537,1,1.310120,66,0.067775,0.114964,1.983174,0.000419,1.320965,-0.007679,1.983179,1.304046,-0.007679,-0.016874,0.000000,0.012698,-0.396332,-29.728302,-0.016919,0.000000,0.000876,0.001964,0.000116,0.000876,0.067775,0.114964,-9.809092,0.005512,0.000960,0.000000,2.857964,0.000863,27.000000,0.013045,1.983179,0.000419,-0.016874,0.000000,-0.017000,0.000000,187,0,1,31,28,-0.003167,0.004515,-0.007737,-0.033232,-0.088583,8.659208,1.287168,0.000863,0.006710,7,1,0,0.000000,0,1.310120,0.000000,0.012682,0,-0.027142,0.000000,-0.020537,1.310120,-0.027142,1,1,1,0.646768,0.000000,0.000000,0.000000,0.000000,0.000000,0.000000,0.000000
3.3701,1.983259,-0.017641,-0.001330,0.000000,0.005385,-0.011333,1,1.310120,76,0.067318,0.113170,1.983259,0.003560,1.321526,-0.001330,1.983275,1.304610,-0.001330,-0.017641,0.000000,0.012527,-0.396332,-29.728302,-0.016916,0.000000,0.001306,0.001984,0.000053,0.001306,0.067318,0.113170,-9.809116,0.001649,-0.001974,0.000000,2.857760,0.000871,27.000000,0.013045,1.983275,0.003560,-0.017641,0.000000,-0.017000,0.000000,192,0,1,31,28,0.001106,0.002305,-0.001359,0.208140,0.127129,9.790843,1.286964,0.000871,0.006658,6,1,0,0.000000,0,1.310120,0.000000,0.005385,0,-0.027142,0.000000,-0.011333,1.310120,-0.027142,1,1,1,0.646822,0.000000,0.000000,0.000000,0.000000,0.000000,0.000000,0.000000
3.3801,1.983368,-0.017641,0.011417,0.000000,0.011472,-0.019003,1,1.310120,86,0.067678,0.113265,1.983368,-0.002513,1.321480,0.011417,1.983371,1.304572,0.011417,-0.017641,0.000000,0.012530,-0.396332,-29.728302,-0.016908,0.000000,0.001298,0.002000,-0.000092,0.001298,0.067678,0.113265,-9.809113,-0.002365,-0.004836,0.000000,2.857723,0.000864,27.000000,0.013045,1.983371,-0.002513,-0.017641,0.000000,-0.017000,0.000000,197,0,1,31,28,0.005382,0.000010,0.011418,0.215079,0.251775,8.988184,1.286926,0.000864,0.006694,6,1,0,0.000000,0,1.310120,0.000000,0.011472,0,-0.027142,0.000000,-0.019003,1.310120,-0.027142,1,1,1,0.646873,0.000000,0.000000,0.000000,0.000000,0.000000,0.000000,0.000000
3.3901,1.983103,-0.016874,0.022264,0.000000,0.018167,-0.028207,1,1.310120,96,0.068704,0.114315,1.983103,-0.003560,1.320880,0.022264,1.983084,1.303983,0.022264,-0.016874,0.000000,0.012592,-0.396332,-29.728302,-0.016897,0.000000,0.001144,0.002002,-0.000225,0.001144,0.068704,0.114315,-9.809093,0.015754,0.015048,0.000000,2.857901,0.000822,27.000000,0.013045,1.983084,-0.003560,-0.016874,0.000000,-0.017000,0.000000,1,0,1,31,28,-0.020239,0.008343,0.022161,-0.792387,0.280795,11.246442,1.287104,0.000822,0.006806,7,1,0,0.000000,0,1.310120,0.000000,0.018167,0,-0.027142,0.000000,-0.028207,1.310120,-0.027142,1,1,1,0.646923,0.000000,0.000000,0.000000,0.000000,0.000000,0.000000,0.000000
3.4001,1.983181,-0.016874,-0.003723,0.000000,0.011228,-0.020537,1,1.310120,106,0.068337,0.113926,1.983181,0.000419,1.320986,-0.003723,1.983179,1.304070,-0.003723,-0.016874,0.000000,0.012585,-0.396332,-29.728302,-0.016916,0.000000,0.001162,0.002011,0.000086,0.001162,0.068337,0.113926,-9.809100,-0.007134,0.004384,0.000000,2.857988,0.000855,27.000000,0.013045,1.983179,0.000419,-0.016874,0.000000,-0.017000,0.000000,6,0,1,31,28,-0.001018,-0.008357,-0.003618,0.032780,0.132085,8.604046,1.287191,0.000855,0.006769,6,1,0,0.000000,0,1.310120,0.000000,0.011228,0,-0.027142,0.000000,-0.020537,1.310120,-0.027142,1,1,1,0.646973,0.000000,0.000000,0.000000,0.000000,0.000000,0.000000,0.000000
3.4101,1.983154,-0.017641,-0.018632,0.000000,0.005773,-0.011333,1,1.310120,116,0.067658,0.113492,1.983154,0.000419,1.321525,-0.018632,1.983179,1.304597,-0.018632,-0.017641,0.000000,0.012616,-0.396332,-29.728302,-0.016928,0.000000,0.001081,0.001986,0.000062,0.001081,0.067658,0.113492,-9.809110,-0.015620,-0.015196,0.000000,2.857747,0.000927,27.000000,0.013045,1.983179,0.000419,-0.017641,0.000000,-0.017000,0.000000,11,0,1,31,28,0.020324,-0.008098,-0.018531,0.053766,0.265038,9.457164,1.286951,0.000927,0.006692,7,1,0,0.000000,0,1.310120,0.000000,0.005773,0,-0.027142,0.000000,-0.011333,1.310120,-0.027142,1,1,1,0.647023,0.000000,0.000000,0.000000,0.000000,0.000000,0.000000,0.000000
3.4201,1.983276,-0.016874,0.010614,0.000000,0.021775,-0.028207,1,1.310120,126,0.068378,0.114073,1.983276,0.000419,1.320608,0.010614,1.983275,1.303703,0.010614,-0.016874,0.000000,0.012676,-0.396332,-29.728302,-0.016906,0.001000,0.000932,0.001996,-0.000189,0.000932,0.068378,0.114073,-9.809098,0.010710,0.003274,0.001000,2.857620,0.000931,27.000000,0.013045,1.983275,0.000419,-0.016874,0.000000,-0.017000,0.001000,16,0,1,31,28,-0.007435,0.008521,0.011506,-0.163923,0.330340,10.357299,1.286824,0.000931,0.006773,6,1,0,0.000000,0,1.310120,0.000000,0.021775,0,-0.027142,0.000000,-0.028207,1.310120,-0.027142,1,1,1,0.647072,0.000000,0.000000,0.000000,0.000000,0.000000,0.000000,0.000000
3.4301,1.983096,-0.017641,0.020129,0.000000,0.001452,-0.011333,1,1.310120,136,0.069659,0.115548,1.983096,-0.001466,1.321550,0.020129,1.983084,1.304651,0.020129,-0.017641,0.000000,0.012766,-0.396332,-29.728302,-0.016899,0.000000,0.000703,0.002018,-0.000146,0.000703,0.069659,0.115548,-9.809072,0.017581,0.018901,0.000000,2.857802,0.000864,27.000000,0.013045,1.983084,-0.001466,-0.017641,0.000000,-0.017000,0.000000,21,0,1,31,28,-0.024509,0.008359,0.020024,-0.329103,-0.213519,8.696042,1.287006,0.000864,0.006892,6,1,0,0.000000,0,1.310120,0.000000,0.001452,0,-0.027142,0.000000,-0.011333,1.310120,-0.027142,1,1,1,0.647122,0.000000,0.000000,0.000000,0.000000,0.000000,0.000000,0.000000
3.4401,1.983460,-0.016874,-0.002507,0.000000,0.020932,-0.028207,1,1.310120,146,0.068991,0.113609,1.983460,0.005550,1.320735,-0.002507,1.983467,1.303818,-0.002507,-0.016874,0.000000,0.012544,-0.396332,-29.728302,-0.016917,-0.001000,0.001263,0.001988,0.000198,0.001263,0.068991,0.113609,-9.809100,-0.003776,-0.008880,-0.001000,2.857736,0.000846,27.000000,0.013045,1.983467,0.005550,-0.016874,0.000000,-0.017000,-0.001000,26,0,1,31,28,0.009646,0.000221,-0.003510,0.076554,0.502956,11.105682,1.286940,0.000846,0.006836,7,1,0,0.000000,0,1.310120,0.000000,0.020932,0,-0.027142,0.000000,-0.028207,1.310120,-0.027142,1,1,1,0.647174,0.000000,0.000000,0.000000,0.000000,0.000000,0.000000,0.000000
3.4501,1.983157,-0.017641,-0.029313,0.000000,0.004775,-0.011333,1,1.310120,156,0.069960,0.113612,1.983157,-0.006597,1.321401,-0.029313,1.983179,1.304471,-0.029313,-0.017641,0.000000,0.012628,-0.396332,-29.728302,-0.016930,0.000000,0.001051,0.002031,-0.000264,0.001051,0.069960,0.113612,-9.809093,-0.006524,0.004120,0.000000,2.857621,0.000923,27.000000,0.013045,1.983179,-0.006597,-0.017641,0.000000,-0.017000,0.000000,31,0,1,31,28,-0.001026,-0.008017,-0.029214,-0.138751,0.101186,8.775891,1.286824,0.000923,0.006926,6,1,0,0.000000,0,1.310120,0.000000,0.004775,0,-0.027142,0.000000,-0.011333,1.310120,-0.027142,1,1,1,0.647224,0.000000,0.000000,0.000000,0.000000,0.000000,0.000000,0.000000
3.4601,1.983372,-0.016874,-0.001021,0.000000,0.022127,-0.028207,1,1.310120,166,0.068491,0.113642,1.983372,0.007645,1.320483,-0.001021,1.983371,1.303568,-0.001021,-0.016874,0.000000,0.012608,-0.396332,-29.728302,-0.016915,0.000000,0.001103,0.001973,0.000298,0.001103,0.068491,0.113642,-9.809103,0.014194,-0.005354,-0.000000,2.857485,0.000907,27.000000,0.013045,1.983371,0.007645,-0.016874,0.000000,-0.017000,0.000000,36,0,1,31,28,-0.001042,0.015120,-0.001212,0.316065,-0.026258,10.602859,1.286689,0.000907,0.006785,7,1,0,0.000000,0,1.310120,0.000000,0.022127,0,-0.027142,0.000000,-0.028207,1.310120,-0.027142,1,1,1,0.647272,0.000000,0.000000,0.000000,0.000000,0.000000,0.000000,0.000000
3.4701,1.983863,-0.017641,0.011449,0.000000,0.001487,-0.011333,1,1.310120,176,0.070235,0.114930,1.983863,0.006597,1.321439,0.011449,1.983851,1.304536,0.011449,-0.017641,0.000000,0.012688,-0.396332,-29.728302,-0.016903,0.000000,0.000900,0.002026,-0.000016,0.000900,0.070235,0.114930,-9.809075,0.009315,0.015640,0.000000,2.857687,0.000848,27.000000,0.013045,1.983851,0.006597,-0.017641,0.000000,-0.017000,0.000000,41,0,1,31,28,-0.018101,0.002080,0.011423,-0.411226,0.136140,10.584876,1.286890,0.000848,0.006952,7,1,0,0.000000,0,1.310120,0.000000,0.001487,0,-0.027142,0.000000,-0.011333,1.310120,-0.027142,1,1,1,0.647323,0.000000,0.000000,0.000000,0.000000,0.000000,0.000000,0.000000
3.4801,1.983466,-0.016874,0.003104,0.000000,0.021216,-0.028207,1,1.310120,186,0.069730,0.112543,1.983466,0.002513,1.320610,0.003104,1.983467,1.303699,0.003104,-0.016874,0.000000,0.012482,-0.396332,-29.728302,-0.016912,0.000000,0.001421,0.001985,0.000110,0.001421,0.069730,0.112543,-9.809107,0.000312,-0.020137,0.000000,2.857616,0.000891,27.000000,0.013045,1.983467,0.002513,-0.016874,0.000000,-0.017000,0.000000,46,0,1,31,28,0.018178,0.008708,0.002996,-0.066274,0.293105,11.055629,1.286820,0.000891,0.006913,7,1,0,0.000000,0,1.310120,0.000000,0.021216,0,-0.027142,0.000000,-0.028207,1.310120,-0.027142,1,1,1,0.647376,0.000000,0.000000,0.000000,0.000000,0.000000,0.000000,0.000000
3.4901,1.983377,-0.017641,0.000543,0.000000,0.002683,-0.011333,1,1.310120,196,0.070810,0.112176,1.983377,-0.002513,1.321458,0.000543,1.983371,1.304545,0.000543,-0.017641,0.000000,0.012486,-0.396332,-29.728302,-0.016913,0.000000,0.001410,0.001996,-0.000219,0.001410,0.070810,0.112176,-9.809103,-0.007230,0.004436,-0.000000,2.857695,0.000925,27.000000,0.013045,1.983371,-0.002513,-0.017641,0.000000,-0.017000,0.000000,51,0,1,31,28,-0.001016,-0.008414,0.000648,-0.364433,-0.000548,10.038018,1.286899,0.000925,0.007015,6,1,0,0.000000,0,1.310120,0.000000,0.002683,0,-0.027142,0.000000,-0.011333,1.310120,-0.027142,1,1,1,0.647427,0.000000,0.000000,0.000000,0.000000,0.000000,0.000000,0.000000
3.5001,1.983464,-0.016874,-0.001068,0.000000,0.021026,-0.028207,1,1.310120,206,0.070021,0.113199,1.983464,0.006597,1.320636,-0.001068,1.983467,1.303722,-0.001068,-0.016874,0.000000,0.012542,-0.396332,-29.728302,-0.016914,0.000000,0.001270,0.001998,0.000400,0.001270,0.070021,0.113199,-9.809097,0.009600,-0.010298,0.000000,2.857639,0.000883,27.000000,0.013045,1.983467,0.006597,-0.016874,0.000000,-0.017000,0.000000,56,0,1,31,28,0.005364,0.013002,-0.001231,0.389130,-0.302843,8.992294,1.286843,0.000883,0.006942,7,1,0,0.000000,0,1.310120,0.000000,0.021026,0,-0.027142,0.000000,-0.028207,1.310120,-0.027142,1,1,1,0.647474,0.000000,0.000000,0.000000,0.000000,0.000000,0.000000,0.000000
3.5101,1.983821,-0.016874,-0.033578,0.000000,0.013783,-0.020537,1,1.310120,216,0.071037,0.113323,1.983821,0.000419,1.320575,-0.033578,1.983851,1.303640,-0.033578,-0.016874,0.000000,0.012610,-0.396332,-29.728302,-0.016935,0.000000,0.001096,0.002079,0.000035,0.001096,0.071037,0.113323,-9.809088,-0.006424,0.004075,0.000000,2.857557,0.000938,27.000000,0.013045,1.983851,0.000419,-0.016874,0.000000,-0.017000,0.000000,61,0,1,31,28,-0.001027,-0.007961,-0.033480,-0.677840,0.404102,11.333889,1.286760,0.000938,0.007045,7,1,0,0.000000,0,1.310120,0.000000,0.013783,0,-0.027142,0.000000,-0.020537,1.310120,-0.027142,1,1,1,0.647524,0.000000,0.000000,0.000000,0.000000,0.000000,0.000000,0.000000
3.5201,1.983550,-0.017641,-0.013173,0.000000,0.005050,-0.011333,1,1.310120,226,0.070119,0.113603,1.983550,0.002513,1.321222,-0.013173,1.983563,1.304299,-0.013173,-0.017641,0.000000,0.012679,-0.396332,-29.728302,-0.016923,-0.001000,0.000923,0.002086,0.000116,0.000923,0.070119,0.113603,-9.809092,-0.001760,-0.005105,-0.001000,2.857449,0.000974,27.000000,0.013045,1.983563,0.002513,-0.017641,0.000000,-0.017000,-0.001000,66,0,1,31,28,0.005374,0.000350,-0.014178,0.386973,0.026858,8.622359,1.286652,0.000974,0.006942,7,1,0,0.000000,0,1.310120,0.000000,0.005050,0,-0.027142,0.000000,-0.011333,1.310120,-0.027142,1,1,1,0.647573,0.000000,0.000000,0.000000,0.000000,0.000000,0.000000,0.000000
3.5301,1.983863,-0.016874,0.028894,0.000000,0.020585,-0.028207,1,1.310120,236,0.070785,0.114940,1.983863,0.000419,1.320444,0.028894,1.983851,1.303554,0.028894,-0.016874,0.000000,0.012774,-0.396332,-29.728302,-0.016890,0.000000,0.000684,0.002118,-0.000025,0.000684,0.070785,0.114940,-9.809071,0.012771,-0.011762,0.000000,2.857471,0.000937,27.000000,0.013045,1.983851,0.000419,-0.016874,0.000000,-0.017000,0.000000,71,0,1,31,28,0.005369,0.016879,0.028681,0.017953,-0.310702,9.614053,1.286674,0.000937,0.007017,7,1,0,0.000000,0,1.310120,0.000000,0.020585,0,-0.027142,0.000000,-0.028207,1.310120,-0.027142,1,1,1,0.647623,0.000000,0.000000,0.000000,0.000000,0.000000,0.000000,0.000000
3.5401,1.983467,-0.016874,-0.008488,0.000000,0.010865,-0.020537,1,1.310120,246,0.072238,0.112763,1.983467,-0.002513,1.320658,-0.008488,1.983467,1.303743,-0.008488,-0.016874,0.000000,0.012536,-0.396332,-29.728302,-0.016915,0.001000,0.001285,0.002018,-0.000126,0.001285,0.072238,0.112763,-9.809086,0.020352,0.012954,0.001000,2.857659,0.000918,27.000000,0.013045,1.983467,-0.002513,-0.016874,0.000000,-0.017000,0.001000,76,0,1,31,28,-0.020253,0.013013,-0.007651,-0.434941,-0.022336,8.697894,1.286863,0.000918,0.007169,7,1,0,0.000000,0,1.310120,0.000000,0.010865,0,-0.027142,0.000000,-0.020537,1.310120,-0.027142,1,1,1,0.647677,0.000000,0.000000,0.000000,0.000000,0.000000,0.000000,0.000000
3.5501,1.983637,-0.016874,-0.009209,0.000000,0.015567,-0.020537,1,1.310120,0,0.070917,0.112586,1.983637,0.002513,1.320428,-0.009209,1.983659,1.303508,-0.009209,-0.016874,0.000000,0.012554,-0.396332,-29.728302,-0.016920,-0.001000,0.001239,0.001999,0.000238,0.001239,0.070917,0.112586,-9.809098,-0.017937,-0.009448,-0.001000,2.857425,0.000956,27.000000,0.013045,1.983659,0.002513,-0.016874,0.000000,-0.017000,-0.001000,81,0,1,31,28,0.016062,-0.012497,-0.010053,-0.058090,0.336895,10.606265,1.286628,0.000956,0.007034,6,1,0,0.000000,0,1.310120,0.000000,0.015567,0,-0.027142,0.000000,-0.020537,1.310120,-0.027142,1,1,1,0.647726,0.000000,0.000000,0.000000,0.000000,0.000000,0.000000,0.000000
3.5601,1.983756,-0.017641,-0.010276,0.000000,0.005156,-0.011333,1,1.310120,10,0.071474,0.112847,1.983756,0.000419,1.321099,-0.010276,1.983755,1.304180,-0.010276,-0.017641,0.000000,0.012622,-0.396332,-29.728302,-0.016919,0.000000,0.001068,0.001998,-0.000271,0.001068,0.071474,0.112847,-9.809091,-0.012803,0.006996,0.000000,2.857330,0.000991,27.000000,0.013045,1.983755,0.000419,-0.017641,0.000000,-0.017000,0.000000,86,0,1,31,28,-0.001013,-0.014683,-0.010092,-0.383751,0.508718,10.617350,1.286533,0.000991,0.007082,7,1,0,0.000000,0,1.310120,0.000000,0.005156,0,-0.027142,0.000000,-0.011333,1.310120,-0.027142,1,1,1,0.647776,0.000000,0.000000,0.000000,0.000000,0.000000,0.000000,0.000000
3.5701,1.983676,-0.016874,0.022582,0.000000,0.020453,-0.028207,1,1.310120,20,0.071851,0.113623,1.983676,-0.000419,1.320361,0.022582,1.983659,1.303466,0.022582,-0.016874,0.000000,0.012676,-0.396332,-29.728302,-0.016895,0.000000,0.000930,0.002144,0.000180,0.000930,0.071851,0.113623,-9.809079,0.024768,0.003882,0.000000,2.857382,0.000971,27.000000,0.013045,1.983659,-0.000419,-0.016874,0.000000,-0.017000,0.000000,91,0,1,31,28,-0.013849,0.021183,0.022315,0.214725,-0.113836,8.391144,1.286586,0.000971,0.007128,7,1,0,0.000000,0,1.310120,0.000000,0.020453,0,-0.027142,0.000000,-0.028207,1.310120,-0.027142,1,1,1,0.647826,0.000000,0.000000,0.000000,0.000000,0.000000,0.000000,0.000000
3.5801,1.983525,-0.017727,0.094699,-0.104720,0.002371,-0.010294,1,1.310120,30,0.072695,0.113724,1.983525,-0.002513,1.321230,0.094699,1.983467,1.304377,0.094699,-0.017727,-0.104720,0.012717,-0.396332,-29.728302,-0.016853,0.000000,0.000827,0.001991,-0.000195,0.000827,0.072695,0.113724,-9.809071,-0.001321,0.006431,-0.104720,2.857440,0.000995,27.000000,0.013045,1.983467,-0.002513,-0.017641,-0.104720,-0.017000,0.000000,96,0,1,31,28,-0.005293,-0.004011,-0.009971,-0.754186,0.459901,11.458816,1.286644,0.000995,0.007204,7,1,0,0.000000,0,1.310120,0.000000,0.002371,0,-0.027142,0.000000,-0.010294,1.310120,-0.027142,1,1,1,0.647876,0.000000,0.000000,0.000000,0.000000,0.000000,0.000000,0.000000
3.5901,1.983655,-0.016874,-0.006005,0.000000,0.023305,-0.029073,1,1.310120,40,0.071966,0.114783,1.983655,0.004503,1.320306,-0.006005,1.983659,1.303392,-0.006005,-0.016874,0.000000,0.012804,-0.396332,-29.728302,-0.016913,0.000000,0.000607,0.001980,0.000206,0.000607,0.071966,0.114783,-9.809064,-0.017328,-0.002686,0.000000,2.857309,0.000981,27.000000,0.013045,1.983659,0.004503,-0.016874,0.000000,-0.017000,0.000000,101,0,1,31,28,0.009661,-0.014709,-0.005817,0.398343,-0.065910,9.166948,1.286512,0.000981,0.007138,7,1,0,0.000000,0,1.310120,0.000000,0.023305,0,-0.027142,0.000000,-0.029073,1.310120,-0.027142,1,1,1,0.647925,0.000000,0.000000,0.000000,0.000000,0.000000,0.000000,0.000000
3.6001,1.983364,-0.017641,-0.020585,0.000000,0.003490,-0.011333,1,1.310120,50,0.073217,0.112125,1.983364,-0.004503,1.321148,-0.020585,1.983371,1.304223,-0.020585,-0.017641,0.000000,0.012557,-0.396332,-29.728302,-0.016925,0.000000,0.001232,0.001991,-0.000280,0.001232,0.073217,0.112125,-9.809086,0.005468,0.010369,0.000000,2.857372,0.000997,27.000000,0.013045,1.983371,-0.004503,-0.017641,0.000000,-0.017000,0.000000,106,0,1,31,28,-0.011705,0.000386,-0.020592,-0.878720,0.187840,11.025331,1.286575,0.000997,0.007261,7,1,0,0.000000,0,1.310120,0.000000,0.003490,0,-0.027142,0.000000,-0.011333,1.310120,-0.027142,1,1,1,0.647978,0.000000,0.000000,0.000000,0.000000,0.000000,0.000000,0.000000
3.6101,1.983662,-0.016874,0.003236,0.000000,0.022678,-0.028207,1,1.310120,60,0.071646,0.112213,1.983662,0.006597,1.320226,0.003236,1.983659,1.303316,0.003236,-0.016874,0.000000,0.012547,-0.396332,-29.728302,-0.016910,0.000000,0.001256,0.001999,0.000402,0.001256,0.071646,0.112213,-9.809097,0.017627,0.002458,0.000000,2.857232,0.000986,27.000000,0.013045,1.983659,0.006597,-0.016874,0.000000,-0.017000,0.000000,111,0,1,31,28,-0.009579,0.015039,0.003047,0.646486,0.058647,9.158792,1.286436,0.000986,0.007109,6,1,0,0.000000,0,1.310120,0.000000,0.022678,0,-0.027142,0.000000,-0.028207,1.310120,-0.027142,1,1,1,0.648026,0.000000,0.000000,0.000000,0.000000,0.000000,0.000000,0.000000
3.6201,1.983752,-0.017641,-0.001226,0.000000,0.003710,-0.011333,1,1.310120,70,0.073204,0.112657,1.983752,-0.003560,1.321051,-0.001226,1.983755,1.304140,-0.001226,-0.017641,0.000000,0.012610,-0.396332,-29.728302,-0.016911,0.000000,0.001099,0.001985,-0.000196,0.001099,0.073204,0.112657,-9.809080,0.005533,-0.003754,0.000000,2.857289,0.000995,27.000000,0.013045,1.983755,-0.003560,-0.017641,0.000000,-0.017000,0.000000,116,0,1,31,28,0.001102,0.006579,-0.001309,-0.585724,0.269071,9.877887,1.286493,0.000995,0.007258,6,1,0,0.000000,0,1.310120,0.000000,0.003710,0,-0.027142,0.000000,-0.011333,1.310120,-0.027142,1,1,1,0.648076,0.000000,0.000000,0.000000,0.000000,0.000000,0.000000,0.000000
3.6301,1.983556,-0.016874,-0.014971,0.000000,0.022643,-0.028207,1,1.310120,80,0.073005,0.113598,1.983556,0.002513,1.320167,-0.014971,1.983563,1.303250,-0.014971,-0.016874,0.000000,0.012672,-0.396332,-29.728302,-0.016917,0.001000,0.000941,0.001988,0.000302,0.000941,0.073005,0.113598,-9.809071,0.008667,-0.002828,0.001000,2.857166,0.000968,27.000000,0.013045,1.983563,0.002513,-0.016874,0.000000,-0.017000,0.001000,121,0,1,31,28,-0.001039,0.008880,-0.014084,-0.277461,0.466167,10.971097,1.286370,0.000968,0.007246,6,1,0,0.000000,0,1.310120,0.000000,0.022643,0,-0.027142,0.000000,-0.028207,1.310120,-0.027142,1,1,1,0.648124,0.000000,0.000000,0.000000,0.000000,0.000000,0.000000,0.000000
3.6401,1.983652,-0.016874,-0.014292,0.000000,0.013904,-0.020537,1,1.310120,90,0.074005,0.114014,1.983652,-0.002513,1.320153,-0.014292,1.983659,1.303236,-0.014292,-0.016874,0.000000,0.012739,-0.396332,-29.728302,-0.016917,0.000000,0.000771,0.002159,-0.000175,0.000771,0.074005,0.114014,-9.809058,0.001428,0.012214,0.000000,2.857152,0.000991,27.000000,0.013045,1.983659,-0.002513,-0.016874,0.000000,-0.017000,0.000000,126,0,1,31,28,-0.011698,-0.003972,-0.014242,-0.204882,-0.062464,8.860338,1.286356,0.000991,0.007347,6,1,0,0.000000,0,1.310120,0.000000,0.013904,0,-0.027142,0.000000,-0.020537,1.310120,-0.027142,1,1,1,0.648175,0.000000,0.000000,0.000000,0.000000,0.000000,0.000000,0.000000
3.6501,1.983661,-0.016874,-0.005697,0.000000,0.015714,-0.020537,1,1.310120,100,0.072884,0.114394,1.983661,0.004503,1.319986,-0.005697,1.983659,1.303074,-0.005697,-0.016874,0.000000,0.012796,-0.396332,-29.728302,-0.016912,0.000000,0.000628,0.001999,0.000290,0.000628,0.072884,0.114394,-9.809062,-0.003018,-0.002185,0.000000,2.856990,0.001011,27.000000,0.013045,1.983659,0.004503,-0.016874,0.000000,-0.017000,0.000000,131,0,1,31,28,0.003244,-0.001906,-0.005673,-0.105158,0.107618,10.584788,1.286194,0.001011,0.007232,6,1,0,0.000000,0,1.310120,0.000000,0.015714,0,-0.027142,0.000000,-0.020537,1.310120,-0.027142,1,1,1,0.648222,0.000000,0.000000,0.000000,0.000000,0.000000,0.000000,0.000000
3.6601,1.983855,-0.017641,0.016579,0.000000,0.004817,-0.011333,1,1.310120,110,0.073802,0.111633,1.983855,-0.002513,1.320748,0.016579,1.983851,1.303847,0.016579,-0.017641,0.000000,0.012525,-0.396332,-29.728302,-0.016901,-0.001000,0.001312,0.001987,-0.000289,0.001312,0.073802,0.111633,-9.809087,-0.006353,-0.003010,-0.001000,2.856996,0.001014,27.000000,0.013045,1.983851,-0.002513,-0.017641,0.000000,-0.017000,-0.001000,136,0,1,31,28,0.005388,-0.004320,0.015634,0.188087,-0.170027,9.070062,1.286199,0.001014,0.007321,7,1,0,0.000000,0,1.310120,0.000000,0.004817,0,-0.027142,0.000000,-0.011333,1.310120,-0.027142,1,1,1,0.648276,0.000000,0.000000,0.000000,0.000000,0.000000,0.000000,0.000000
3.6701,1.983849,-0.016874,-0.007467,0.000000,0.020605,-0.028207,1,1.310120,120,0.074572,0.111990,1.983849,0.001466,1.320090,-0.007467,1.983851,1.303175,-0.007467,-0.016874,0.000000,0.012579,-0.396332,-29.728302,-0.016915,0.000000,0.001177,0.002001,0.000175,0.001177,0.074572,0.111990,-9.809077,0.010631,-0.008426,0.000000,2.857091,0.001036,27.000000,0.013045,1.983851,0.001466,-0.016874,0.000000,-0.017000,0.000000,141,0,1,31,28,0.003228,0.013081,-0.007632,-0.123455,-0.131441,10.582375,1.286294,0.001036,0.007408,7,1,0,0.000000,0,1.310120,0.000000,0.020605,0,-0.027142,0.000000,-0.028207,1.310120,-0.027142,1,1,1,0.648325,0.000000,0.000000,0.000000,0.000000,0.000000,0.000000,0.000000
3.6801,1.983464,-0.016874,-0.001633,0.000000,0.013470,-0.020537,1,1.310120,130,0.075256,0.112993,1.983464,-0.004503,1.320122,-0.001633,1.983467,1.303210,-0.001633,-0.016874,0.000000,0.012670,-0.396332,-29.728302,-0.016912,-0.002000,0.000947,0.001988,-0.000194,0.000947,0.075256,0.112993,-9.809061,0.002938,0.016214,-0.002000,2.857126,0.001023,27.000000,0.013045,1.983467,-0.004503,-0.016874,0.000000,-0.017000,-0.002000,146,0,1,31,28,-0.015964,-0.004126,-0.003581,-0.336139,0.029449,9.933064,1.286329,0.001023,0.007476,6,1,0,0.000000,0,1.310120,0.000000,0.013470,0,-0.027142,0.000000,-0.020537,1.310120,-0.027142,1,1,1,0.648375,0.000000,0.000000,0.000000,0.000000,0.000000,0.000000,0.000000
3.6901,1.983748,-0.017641,0.001946,0.000000,0.005608,-0.011333,1,1.310120,140,0.074046,0.113007,1.983748,0.003560,1.320801,0.001946,1.983755,1.303894,0.001946,-0.017641,0.000000,0.012677,-0.396332,-29.728302,-0.016906,0.001000,0.000930,0.001986,0.000111,0.000930,0.074046,0.113007,-9.809070,-0.003766,-0.013583,0.001000,2.857043,0.001025,27.000000,0.013045,1.983755,0.003560,-0.017641,0.000000,-0.017000,0.001000,151,0,1,31,28,0.013915,0.002285,0.002918,0.347854,0.256678,8.595932,1.286247,0.001025,0.007344,7,1,0,0.000000,0,1.310120,0.000000,0.005608,0,-0.027142,0.000000,-0.011333,1.310120,-0.027142,1,1,1,0.648423,0.000000,0.000000,0.000000,0.000000,0.000000,0.000000,0.000000
3.7001,1.983851,-0.016874,0.007001,0.000000,0.021699,-0.028207,1,1.310120,150,0.075059,0.111505,1.983851,-0.001466,1.320029,0.007001,1.983851,1.303124,0.007001,-0.016874,0.000000,0.012529,-0.396332,-29.728302,-0.016906,0.000000,0.001303,0.002089,0.000014,0.001303,0.075059,0.111505,-9.809079,-0.009860,-0.006102,0.000000,2.857039,0.001034,27.000000,0.013045,1.983851,-0.001466,-0.016874,0.000000,-0.017000,0.000000,156,0,1,31,28,0.009656,-0.006332,0.007081,-0.345645,0.292819,10.289811,1.286243,0.001034,0.007458,6,1,0,0.000000,0,1.310120,0.000000,0.021699,0,-0.027142,0.000000,-0.028207,1.310120,-0.027142,1,1,1,0.648475,0.000000,0.000000,0.000000,0.000000,0.000000,0.000000,0.000000
3.7101,1.983636,-0.017783,0.090679,-0.104720,0.002214,-0.009622,1,1.310120,160,0.075772,0.111119,1.983636,-0.000419,1.320945,0.090679,1.983563,1.304105,0.090679,-0.017783,-0.104720,0.012505,-0.396332,-29.728302,-0.016840,0.000000,0.001362,0.001966,-0.000085,0.001362,0.075772,0.111119,-9.809078,0.014690,0.015534,-0.104720,2.857111,0.001042,27.000000,0.013045,1.983563,-0.000419,-0.017641,-0.104720,-0.017000,0.000000,161,0,1,31,28,-0.020248,0.006688,-0.014125,-0.176304,-0.212612,8.629158,1.286315,0.001042,0.007521,7,1,0,0.000000,0,1.310120,0.000000,0.002214,0,-0.027142,0.000000,-0.009622,1.310120,-0.027142,1,1,1,0.648524,0.000000,0.000000,0.000000,0.000000,0.000000,0.000000,0.000000
3.7201,1.983657,-0.016874,0.004870,0.000000,0.024733,-0.029634,1,1.310120,170,0.074813,0.111663,1.983657,0.002513,1.319953,0.004870,1.983659,1.303046,0.004870,-0.016874,0.000000,0.012565,-0.396332,-29.728302,-0.016906,0.000000,0.001211,0.001949,0.000206,0.001211,0.074813,0.111663,-9.809079,-0.010693,-0.008069,0.000000,2.856962,0.001055,27.000000,0.013045,1.983659,0.002513,-0.016874,0.000000,-0.017000,0.000000,166,0,1,31,28,0.011790,-0.006297,0.004949,0.153629,0.462746,11.268027,1.286166,0.001055,0.007433,7,1,0,0.000000,0,1.310120,0.000000,0.024733,0,-0.027142,0.000000,-0.029634,1.310120,-0.027142,1,1,1,0.648572,0.000000,0.000000,0.000000,0.000000,0.000000,0.000000,0.000000
3.7301,1.983463,-0.017641,-0.006004,0.000000,0.003830,-0.011333,1,1.310120,180,0.076655,0.111548,1.983463,-0.003560,1.320818,-0.006004,1.983467,1.303906,-0.006004,-0.017641,0.000000,0.012613,-0.396332,-29.728302,-0.016912,0.000000,0.001091,0.001991,-0.000315,0.001091,0.076655,0.111548,-9.809066,-0.016446,-0.000733,0.000000,2.857054,0.001105,27.000000,0.013045,1.983467,-0.003560,-0.017641,0.000000,-0.017000,0.000000,171,0,1,31,28,0.007527,-0.014715,-0.005819,-0.364415,-0.292491,9.671409,1.286258,0.001105,0.007612,7,1,0,0.000000,0,1.310120,0.000000,0.003830,0,-0.027142,0.000000,-0.011333,1.310120,-0.027142,1,1,1,0.648622,0.000000,0.000000,0.000000,0.000000,0.000000,0.000000,0.000000
3.7401,1.983646,-0.016874,-0.007416,0.000000,0.023656,-0.028207,1,1.310120,190,0.075288,0.111882,1.983646,0.004503,1.319884,-0.007416,1.983659,1.302970,-0.007416,-0.016874,0.000000,0.012651,-0.396332,-29.728302,-0.016914,0.000000,0.000994,0.002010,0.000214,0.000994,0.075288,0.111882,-9.809073,0.013461,-0.007369,0.000000,2.856885,0.001118,27.000000,0.013045,1.983659,0.004503,-0.016874,0.000000,-0.017000,0.000000,176,0,1,31,28,0.001091,0.015212,-0.007609,0.465134,-0.093500,9.080582,1.286089,0.001118,0.007481,6,1,0,0.000000,0,1.310120,0.000000,0.023656,0,-0.027142,0.000000,-0.028207,1.310120,-0.027142,1,1,1,0.648670,0.000000,0.000000,0.000000,0.000000,0.000000,0.000000,0.000000
3.7501,1.983764,-0.017641,-0.003782,0.000000,0.004593,-0.011333,1,1.310120,200,0.076192,0.112434,1.983764,-0.004503,1.320689,-0.003782,1.983755,1.303779,-0.003782,-0.017641,0.000000,0.012710,-0.396332,-29.728302,-0.016910,0.000000,0.000845,0.001998,-0.000482,0.000845,0.076192,0.112434,-9.809060,-0.006413,0.011111,0.000000,2.856927,0.001113,27.000000,0.013045,1.983755,-0.004503,-0.017641,0.000000,-0.017000,0.000000,181,0,1,31,28,-0.007419,-0.010513,-0.003648,-0.372820,0.173112,10.690547,1.286131,0.001113,0.007563,7,1,0,0.000000,0,1.310120,0.000000,0.004593,0,-0.027142,0.000000,-0.011333,1.310120,-0.027142,1,1,1,0.648719,0.000000,0.000000,0.000000,0.000000,0.000000,0.000000,0.000000
3.7601,1.983876,-0.016874,0.018179,0.000000,0.021523,-0.028207,1,1.310120,210,0.075714,0.110404,1.983876,0.005550,1.319940,0.018179,1.983851,1.303042,0.018179,-0.016874,0.000000,0.012470,-0.396332,-29.728302,-0.016898,0.000000,0.001450,0.001855,0.000356,0.001450,0.075714,0.110404,-9.809087,0.009318,-0.014875,0.000000,2.856957,0.001087,27.000000,0.013045,1.983851,0.005550,-0.016874,0.000000,-0.017000,0.000000,186,0,1,31,28,0.009637,0.014896,0.017994,0.131548,0.042798,9.646390,1.286161,0.001087,0.007527,7,1,0,0.000000,0,1.310120,0.000000,0.021523,0,-0.027142,0.000000,-0.028207,1.310120,-0.027142,1,1,1,0.648769,0.000000,0.000000,0.000000,0.000000,0.000000,0.000000,0.000000
3.7701,1.983844,-0.017641,-0.016626,0.000000,0.005316,-0.011333,1,1.310120,220,0.077261,0.110846,1.983844,-0.003560,1.320699,-0.016626,1.983851,1.303779,-0.016626,-0.017641,0.000000,0.012539,-0.396332,-29.728302,-0.016920,0.000000,0.001278,0.001999,-0.000179,0.001278,0.077261,0.110846,-9.809069,-0.008053,0.011867,0.000000,2.856927,0.001102,27.000000,0.013045,1.983851,-0.003560,-0.017641,0.000000,-0.017000,0.000000,191,0,1,31,28,-0.007421,-0.012480,-0.016471,-0.641014,0.165645,10.508460,1.286130,0.001102,0.007675,7,1,0,0.000000,0,1.310120,0.000000,0.005316,0,-0.027142,0.000000,-0.011333,1.310120,-0.027142,1,1,1,0.648819,0.000000,0.000000,0.000000,0.000000,0.000000,0.000000,0.000000
3.7801,1.983648,-0.016874,-0.009758,0.000000,0.024295,-0.028207,1,1.310120,230,0.076137,0.111443,1.983648,0.002513,1.319726,-0.009758,1.983659,1.302811,-0.009758,-0.016874,0.000000,0.012594,-0.396332,-29.728302,-0.016915,0.000000,0.001137,0.001999,0.000227,0.001137,0.076137,0.111443,-9.809071,0.006622,-0.001896,0.000000,2.856726,0.001104,27.000000,0.013045,1.983659,0.002513,-0.016874,0.000000,-0.017000,0.000000,196,0,1,31,28,-0.001035,0.006686,-0.009843,0.511352,-0.086405,8.506457,1.285930,0.001104,0.007568,6,1,0,0.000000,0,1.310120,0.000000,0.024295,0,-0.027142,0.000000,-0.028207,1.310120,-0.027142,1,1,1,0.648866,0.000000,0.000000,0.000000,0.000000,0.000000,0.000000,0.000000
3.7901,1.983666,-0.017641,-0.003625,0.000000,0.003825,-0.011333,1,1.310120,240,0.077213,0.111854,1.983666,-0.003560,1.320620,-0.003625,1.983659,1.303710,-0.003625,-0.017641,0.000000,0.012645,-0.396332,-29.728302,-0.016910,0.000000,0.001009,0.001973,-0.000410,0.001009,0.077213,0.111854,-9.809058,-0.000587,0.008441,0.000000,2.856858,0.001105,27.000000,0.013045,1.983659,-0.003560,-0.017641,0.000000,-0.017000,0.000000,0,0,1,31,28,-0.007426,-0.004102,-0.003574,-0.745349,0.208921,10.872503,1.286062,0.001105,0.007669,7,1,0,0.000000,0,1.310120,0.000000,0.003825,0,-0.027142,0.000000,-0.011333,1.310120,-0.027142,1,1,1,0.648915,0.000000,0.000000,0.000000,0.000000,0.000000,0.000000,0.000000
3.8001,1.983462,-0.016874,0.004969,0.000000,0.022761,-0.028207,1,1.310120,250,0.076503,0.112694,1.983462,0.003560,1.319786,0.004969,1.983467,1.302882,0.004969,-0.016874,0.000000,0.012704,-0.396332,-29.728302,-0.016904,0.000000,0.000860,0.001972,0.000214,0.000860,0.076503,0.112694,-9.809054,-0.005039,-0.005960,-0.000000,2.856797,0.001086,27.000000,0.013045,1.983467,0.003560,-0.016874,0.000000,-0.017000,0.000000,5,0,1,31,28,0.007517,-0.002036,0.004996,0.408328,-0.067790,9.320065,1.286000,0.001086,0.007604,7,1,0,0.000000,0,1.310120,0.000000,0.022761,0,-0.027142,0.000000,-0.028207,1.310120,-0.027142,1,1,1,0.648962,0.000000,0.000000,0.000000,0.000000,0.000000,0.000000,0.000000
3.8101,1.983736,-0.017641,-0.020521,0.000000,0.005910,-0.011333,1,1.310120,4,0.077785,0.110692,1.983736,-0.000419,1.320518,-0.020521,1.983755,1.303596,-0.020521,-0.017641,0.000000,0.012532,-0.396332,-29.728302,-0.016923,0.000000,0.001293,0.002006,-0.000059,0.001293,0.077785,0.110692,-9.809067,0.001216,-0.004118,0.000000,2.856743,0.001110,27.000000,0.013045,1.983755,-0.000419,-0.017641,0.000000,-0.017000,0.000000,10,0,1,31,28,0.003235,0.002566,-0.020554,-0.659529,-0.100686,10.390927,1.285947,0.001110,0.007729,7,1,0,0.000000,0,1.310120,0.000000,0.005910,0,-0.027142,0.000000,-0.011333,1.310120,-0.027142,1,1,1,0.649013,0.000000,0.000000,0.000000,0.000000,0.000000,0.000000,0.000000
3.8201,1.983653,-0.016874,-0.003314,0.000000,0.023204,-0.028207,1,1.310120,14,0.076715,0.111276,1.983653,0.005550,1.319660,-0.003314,1.983659,1.302749,-0.003314,-0.016874,0.000000,0.012613,-0.396332,-29.728302,-0.016911,0.000000,0.001091,0.001998,0.000202,0.001091,0.076715,0.111276,-9.809069,0.011065,0.003113,0.000000,2.856664,0.001139,27.000000,0.013045,1.983659,0.005550,-0.016874,0.000000,-0.017000,0.000000,15,0,1,31,28,-0.007439,0.008720,-0.003425,0.428063,0.268438,9.974244,1.285867,0.001139,0.007628,7,1,0,0.000000,0,1.310120,0.000000,0.023204,0,-0.027142,0.000000,-0.028207,1.310120,-0.027142,1,1,1,0.649060,0.000000,0.000000,0.000000,0.000000,0.000000,0.000000,0.000000
3.8301,1.984042,-0.016874,-0.007881,0.000000,0.012967,-0.020537,1,1.310120,24,0.078379,0.111346,1.984042,0.000419,1.319809,-0.007881,1.984042,1.302897,-0.007881,-0.016874,0.000000,0.012613,-0.396332,-29.728302,-0.016912,0.000000,0.001089,0.001999,-0.000305,0.001089,0.078379,0.111346,-9.809055,-0.004912,-0.001317,0.000000,2.856811,0.001129,27.000000,0.013045,1.984042,0.000419,-0.016874,0.000000,-0.017000,0.000000,20,0,1,31,28,0.003246,-0.004015,-0.007831,-0.386960,0.184046,9.025393,1.286015,0.001129,0.007797,7,1,0,0.000000,0,1.310120,0.000000,0.012967,0,-0.027142,0.000000,-0.020537,1.310120,-0.027142,1,1,1,0.649110,0.000000,0.000000,0.000000,0.000000,0.000000,0.000000,0.000000
3.8401,1.983845,-0.016874,-0.006591,0.000000,0.015841,-0.020537,1,1.310120,34,0.077387,0.111859,1.983845,0.001466,1.319691,-0.006591,1.983851,1.302781,-0.006591,-0.016874,0.000000,0.012674,-0.396332,-29.728302,-0.016910,0.001000,0.000937,0.002150,0.000034,0.000937,0.077387,0.111859,-9.809057,-0.000018,-0.005904,0.001000,2.856695,0.001139,27.000000,0.013045,1.983851,0.001466,-0.016874,0.000000,-0.017000,0.001000,25,0,1,31,28,0.005374,0.002374,-0.005622,-0.314575,0.395207,11.295754,1.285899,0.001139,0.007695,7,1,0,0.000000,0,1.310120,0.000000,0.015841,0,-0.027142,0.000000,-0.020537,1.310120,-0.027142,1,1,1,0.649156,0.000000,0.000000,0.000000,0.000000,0.000000,0.000000,0.000000
3.8501,1.984050,-0.017641,0.002766,0.000000,0.006805,-0.011333,1,1.310120,44,0.077657,0.112369,1.984050,-0.003560,1.320342,0.002766,1.984042,1.303437,0.002766,-0.017641,0.000000,0.012730,-0.396332,-29.728302,-0.016905,0.000000,0.000794,0.001972,-0.000186,0.000794,0.077657,0.112369,-9.809049,0.001922,0.014335,-0.000000,2.856584,0.001137,27.000000,0.013045,1.984042,-0.003560,-0.017641,0.000000,-0.017000,0.000000,30,0,1,31,28,-0.013828,-0.004205,0.002820,0.274023,-0.075303,9.147633,1.285788,0.001137,0.007713,6,1,0,0.000000,0,1.310120,0.000000,0.006805,0,-0.027142,0.000000,-0.011333,1.310120,-0.027142,1,1,1,0.649204,0.000000,0.000000,0.000000,0.000000,0.000000,0.000000,0.000000
3.8601,1.983963,-0.016874,0.020211,0.000000,0.021095,-0.028207,1,1.310120,54,0.078160,0.112746,1.983963,0.001466,1.319686,0.020211,1.983946,1.302793,0.020211,-0.016874,0.000000,0.012771,-0.396332,-29.728302,-0.016894,0.000000,0.000692,0.001948,0.000081,0.000692,0.078160,0.112746,-9.809041,0.005375,-0.013074,0.000000,2.856707,0.001144,27.000000,0.013045,1.983946,0.001466,-0.016874,0.000000,-0.017000,0.000000,35,0,1,31,28,0.009642,0.010594,0.020077,-0.230862,0.076138,10.029305,1.285911,0.001144,0.007772,6,1,0,0.000000,0,1.310120,0.000000,0.021095,0,-0.027142,0.000000,-0.028207,1.310120,-0.027142,1,1,1,0.649252,0.000000,0.000000,0.000000,0.000000,0.000000,0.000000,0.000000
3.8701,1.983829,-0.017641,-0.007884,0.000000,0.004977,-0.011333,1,1.310120,64,0.079496,0.110582,1.983829,0.000419,1.320511,-0.007884,1.983851,1.303599,-0.007884,-0.017641,0.000000,0.012553,-0.396332,-29.728302,-0.016912,0.000000,0.001240,0.001999,-0.000064,0.001240,0.079496,0.110582,-9.809055,-0.003142,0.002570,0.000000,2.856746,0.001139,27.000000,0.013045,1.983851,0.000419,-0.017641,0.000000,-0.017000,0.000000,40,0,1,31,28,-0.001023,-0.004027,-0.007834,-0.376036,-0.066798,9.204719,1.285950,0.001139,0.007904,7,1,0,0.000000,0,1.310120,0.000000,0.004977,0,-0.027142,0.000000,-0.011333,1.310120,-0.027142,1,1,1,0.649304,0.000000,0.000000,0.000000,0.000000,0.000000,0.000000,0.000000
3.8801,1.984044,-0.016874,0.011681,0.000000,0.023594,-0.028207,1,1.310120,74,0.077812,0.110429,1.984044,0.003560,1.319620,0.011681,1.984042,1.302720,0.011681,-0.016874,0.000000,0.012564,-0.396332,-29.728302,-0.016900,0.000000,0.001215,0.002000,0.000214,0.001215,0.077812,0.110429,-9.809070,0.004695,-0.015108,0.000000,2.856634,0.001174,27.000000,0.013045,1.984042,0.003560,-0.016874,0.000000,-0.017000,0.000000,45,0,1,31,28,0.011774,0.010713,0.011547,0.428530,-0.138484,9.625621,1.285837,0.001174,0.007741,7,1,0,0.000000,0,1.310120,0.000000,0.023594,0,-0.027142,0.000000,-0.028207,1.310120,-0.027142,1,1,1,0.649352,0.000000,0.000000,0.000000,0.000000,0.000000,0.000000,0.000000
3.8901,1.983866,-0.016874,0.007241,0.000000,0.013133,-0.020537,1,1.310120,84,0.079194,0.110727,1.983866,-0.004503,1.319760,0.007241,1.983851,1.302859,0.007241,-0.016874,0.000000,0.012614,-0.396332,-29.728302,-0.016902,0.000000,0.001088,0.002145,-0.000211,0.001088,0.079194,0.110727,-9.809055,0.008696,0.008885,0.000000,2.856772,0.001191,27.000000,0.013045,1.983851,-0.004503,-0.016874,0.000000,-0.017000,0.000000,50,0,1,31,28,-0.011701,0.004292,0.007187,-0.516548,0.268537,10.700983,1.285976,0.001191,0.007881,7,1,0,0.000000,0,1.310120,0.000000,0.013133,0,-0.027142,0.000000,-0.020537,1.310120,-0.027142,1,1,1,0.649401,0.000000,0.000000,0.000000,0.000000,0.000000,0.000000,0.000000
3.9001,1.984030,-0.016874,-0.012038,0.000000,0.015363,-0.020537,1,1.310120,94,0.078437,0.111598,1.984030,0.007645,1.319704,-0.012038,1.984042,1.302788,-0.012038,-0.016874,0.000000,0.012679,-0.396332,-29.728302,-0.016915,0.000000,0.000924,0.002147,0.000403,0.000924,0.078437,0.111598,-9.809052,-0.002694,-0.007026,0.000000,2.856703,0.001169,27.000000,0.013045,1.984042,0.007645,-0.016874,0.000000,-0.017000,0.000000,55,0,1,31,28,0.007509,0.000328,-0.012044,0.167073,0.196145,8.844037,1.285906,0.001169,0.007803,7,1,0,0.000000,0,1.310120,0.000000,0.015363,0,-0.027142,0.000000,-0.020537,1.310120,-0.027142,1,1,1,0.649447,0.000000,0.000000,0.000000,0.000000,0.000000,0.000000,0.000000
3.9101,1.984036,-0.016874,-0.007563,0.000000,0.015990,-0.020537,1,1.310120,104,0.079220,0.111977,1.984036,0.000419,1.319588,-0.007563,1.984042,1.302678,-0.007563,-0.016874,0.000000,0.012743,-0.396332,-29.728302,-0.016910,0.000000,0.000763,0.002155,-0.000178,0.000763,0.079220,0.111977,-9.809041,0.004092,-0.012479,0.000000,2.856592,0.001193,27.000000,0.013045,1.984042,0.000419,-0.016874,0.000000,-0.017000,0.000000,60,0,1,31,28,0.009636,0.008825,-0.007676,-0.401446,0.125758,10.651772,1.285795,0.001193,0.007882,6,1,0,0.000000,0,1.310120,0.000000,0.015990,0,-0.027142,0.000000,-0.020537,1.310120,-0.027142,1,1,1,0.649495,0.000000,0.000000,0.000000,0.000000,0.000000,0.000000,0.000000
3.9201,1.984040,-0.016874,-0.005659,0.000000,0.015125,-0.020537,1,1.310120,114,0.079736,0.111667,1.984040,-0.001466,1.319567,-0.005659,1.984042,1.302658,-0.005659,-0.016874,0.000000,0.012740,-0.396332,-29.728302,-0.016909,0.000000,0.000769,0.002141,0.000097,0.000769,0.079736,0.111667,-9.809040,0.006000,0.012469,0.000000,2.856571,0.001221,27.000000,0.013045,1.984042,-0.001466,-0.016874,0.000000,-0.017000,0.000000,65,0,1,31,28,-0.013835,0.000182,-0.005662,-0.012690,0.036929,9.339983,1.285775,0.001221,0.007935,7,1,0,0.000000,0,1.310120,0.000000,0.015125,0,-0.027142,0.000000,-0.020537,1.310120,-0.027142,1,1,1,0.649543,0.000000,0.000000,0.000000,0.000000,0.000000,0.000000,0.000000
3.9301,1.984029,-0.017641,-0.007989,0.000000,0.005696,-0.011333,1,1.310120,124,0.079915,0.109701,1.984029,0.001466,1.320339,-0.007989,1.984042,1.303427,-0.007989,-0.017641,0.000000,0.012530,-0.396332,-29.728302,-0.016912,0.000000,0.001299,0.002001,0.000031,0.001299,0.079915,0.109701,-9.809061,-0.006140,0.006293,0.000000,2.856573,0.001205,27.000000,0.013045,1.984042,0.001466,-0.017641,0.000000,-0.017000,0.000000,70,0,1,31,28,-0.003154,-0.008307,-0.007886,-0.447451,0.155379,11.350680,1.285777,0.001205,0.007948,6,1,0,0.000000,0,1.310120,0.000000,0.005696,0,-0.027142,0.000000,-0.011333,1.310120,-0.027142,1,1,1,0.649593,0.000000,0.000000,0.000000,0.000000,0.000000,0.000000,0.000000
3.9401,1.984138,-0.016874,0.011213,0.000000,0.023786,-0.028207,1,1.310120,134,0.079588,0.110332,1.984138,0.001466,1.319459,0.011213,1.984138,1.302560,0.011213,-0.016874,0.000000,0.012620,-0.396332,-29.728302,-0.016899,0.000000,0.001072,0.002005,0.000115,0.001072,0.079588,0.110332,-9.809057,-0.011907,-0.005165,0.000000,2.856473,0.001237,27.000000,0.013045,1.984138,0.001466,-0.016874,0.000000,-0.017000,0.000000,75,0,1,31,28,0.009660,-0.008525,0.011322,0.199161,0.011556,9.856669,1.285677,0.001237,0.007922,7,1,0,0.000000,0,1.310120,0.000000,0.023786,0,-0.027142,0.000000,-0.028207,1.310120,-0.027142,1,1,1,0.649641,0.000000,0.000000,0.000000,0.000000,0.000000,0.000000,0.000000
3.9501,1.984029,-0.017641,-0.014818,0.000000,0.004821,-0.011333,1,1.310120,144,0.080479,0.110809,1.984029,-0.001466,1.320333,-0.014818,1.984042,1.303418,-0.014818,-0.017641,0.000000,0.012679,-0.396332,-29.728302,-0.016915,0.001000,0.000925,0.002151,-0.000025,0.000925,0.080479,0.110809,-9.809044,0.016262,-0.001626,0.001000,2.856564,0.001239,27.000000,0.013045,1.984042,-0.001466,-0.017641,0.000000,-0.017000,0.001000,80,0,1,31,28,-0.005315,0.015278,-0.014013,-0.278971,-0.289735,9.451372,1.285768,0.001239,0.008003,7,1,0,0.000000,0,1.310120,0.000000,0.004821,0,-0.027142,0.000000,-0.011333,1.310120,-0.027142,1,1,1,0.649688,0.000000,0.000000,0.000000,0.000000,0.000000,0.000000,0.000000
3.9601,1.984147,-0.016874,0.004966,0.000000,0.023082,-0.028207,1,1.310120,154,0.079679,0.111203,1.984147,-0.000419,1.319514,0.004966,1.984138,1.302612,0.004966,-0.016874,0.000000,0.012681,-0.396332,-29.728302,-0.016903,0.000000,0.000918,0.002012,-0.000015,0.000918,0.079679,0.111203,-9.809046,-0.003273,-0.002071,0.000000,2.856525,0.001210,27.000000,0.013045,1.984138,-0.000419,-0.016874,0.000000,-0.017000,0.000000,85,0,1,31,28,0.003247,-0.002048,0.004992,0.105700,0.218469,10.911434,1.285729,0.001210,0.007930,7,1,0,0.000000,0,1.310120,0.000000,0.023082,0,-0.027142,0.000000,-0.028207,1.310120,-0.027142,1,1,1,0.649735,0.000000,0.000000,0.000000,0.000000,0.000000,0.000000,0.000000
3.9701,1.983837,-0.017641,-0.019445,0.000000,0.006120,-0.011333,1,1.310120,164,0.081172,0.111326,1.983837,-0.006597,1.320268,-0.019445,1.983851,1.303353,-0.019445,-0.017641,0.000000,0.012728,-0.396332,-29.728302,-0.016915,0.001000,0.000799,0.002018,-0.000070,0.000799,0.081172,0.111326,-9.809032,0.001883,0.002619,0.001000,2.856499,0.001235,27.000000,0.013045,1.983851,-0.006597,-0.017641,0.000000,-0.017000,0.001000,90,0,1,31,28,-0.003166,0.000383,-0.018451,-0.203115,-0.286866,9.221761,1.285703,0.001235,0.008073,6,1,0,0.000000,0,1.310120,0.000000,0.006120,0,-0.027142,0.000000,-0.011333,1.310120,-0.027142,1,1,1,0.649783,0.000000,0.000000,0.000000,0.000000,0.000000,0.000000,0.000000
3.9801,1.983853,-0.016874,0.003305,0.000000,0.024074,-0.028207,1,1.310120,174,0.080043,0.111138,1.983853,0.003560,1.319378,0.003305,1.983851,1.302474,0.003305,-0.016874,0.000000,0.012705,-0.396332,-29.728302,-0.016904,0.000000,0.000858,0.001993,0.000094,0.000858,0.080043,0.111138,-9.809044,0.012496,-0.013976,0.000000,2.856388,0.001239,27.000000,0.013045,1.983851,0.003560,-0.016874,0.000000,-0.017000,0.000000,95,0,1,31,28,0.007496,0.017225,0.003086,0.286718,-0.098646,10.267147,1.285591,0.001239,0.007967,7,1,0,0.000000,0,1.310120,0.000000,0.024074,0,-0.027142,0.000000,-0.028207,1.310120,-0.027142,1,1,1,0.649831,0.000000,0.000000,0.000000,0.000000,0.000000,0.000000,0.000000
3.9901,1.984385,-0.017762,0.094799,-0.104720,0.003881,-0.009876,1,1.310120,184,0.081673,0.110152,1.984385,0.000419,1.320273,0.094799,1.984330,1.303425,0.094799,-0.017762,-0.104720,0.012585,-0.396332,-29.728302,-0.016848,0.000000,0.001159,0.001850,-0.000295,0.001159,0.081673,0.110152,-9.809042,0.004341,0.008534,-0.104720,2.856450,0.001210,27.000000,0.013045,1.984330,0.000419,-0.017641,-0.104720,-0.017000,0.000000,100,0,1,31,28,-0.009567,0.000251,-0.009925,-0.261735,-0.196598,8.878094,1.285654,0.001210,0.008125,7,1,0,0.000000,0,1.310120,0.000000,0.003881,0,-0.027142,0.000000,-0.009876,1.310120,-0.027142,1,1,1,0.649881,0.000000,0.000000,0.000000,0.000000,0.000000,0.000000,0.000000
4.0001,1.984243,-0.016874,0.002894,0.000000,0.024801,-0.029421,1,1.310120,194,0.080586,0.110083,1.984243,0.001466,1.319379,0.002894,1.984234,1.302474,0.002894,-0.016874,0.000000,0.012586,-0.396332,-29.728302,-0.016904,0.000000,0.001157,0.001982,0.000206,0.001157,0.080586,0.110083,-9.809051,-0.005704,-0.012695,0.000000,2.856388,0.001227,27.000000,0.013045,1.984234,0.001466,-0.016874,0.000000,-0.017000,0.000000,105,0,1,31,28,0.013918,0.000148,0.002893,0.019699,0.142870,10.834056,1.285591,0.001227,0.008024,7,1,0,0.000000,0,1.310120,0.000000,0.024801,0,-0.027142,0.000000,-0.029421,1.310120,-0.027142,1,1,1,0.649928,0.000000,0.000000,0.000000,0.000000,0.000000,0.000000,0.000000
4.0101,1.983949,-0.017641,-0.001330,0.000000,0.005596,-0.011333,1,1.310120,204,0.081682,0.109880,1.983949,-0.006597,1.320189,-0.001330,1.983946,1.303282,-0.001330,-0.017641,0.000000,0.012632,-0.396332,-29.728302,-0.016907,0.000000,0.001041,0.002042,-0.000300,0.001041,0.081682,0.109880,-9.809045,0.001648,-0.001975,0.000000,2.856428,0.001286,27.000000,0.013045,1.983946,-0.006597,-0.017641,0.000000,-0.017000,0.000000,110,0,1,31,28,0.001106,0.002305,-0.001359,-0.431230,0.149462,10.278744,1.285632,0.001286,0.008128,7,1,0,0.000000,0,1.310120,0.000000,0.005596,0,-0.027142,0.000000,-0.011333,1.310120,-0.027142,1,1,1,0.649975,0.000000,0.000000,0.000000,0.000000,0.000000,0.000000,0.000000
4.0201,1.983473,-0.017641,0.003141,0.000000,0.014558,-0.019003,1,1.310120,214,0.080629,0.110491,1.983473,-0.001466,1.320112,0.003141,1.983467,1.303209,0.003141,-0.017641,0.000000,0.012681,-0.396332,-29.728302,-0.016904,0.000000,0.000917,0.002099,0.000005,0.000917,0.080629,0.110491,-9.809046,0.010203,-0.003543,0.000000,2.856355,0.001274,27.000000,0.013045,1.983467,-0.001466,-0.017641,0.000000,-0.017000,0.000000,115,0,1,31,28,-0.001036,0.010790,0.003005,0.473861,-0.033295,8.851502,1.285558,0.001274,0.008019,7,1,0,0.000000,0,1.310120,0.000000,0.014558,0,-0.027142,0.000000,-0.019003,1.310120,-0.027142,1,1,1,0.650021,0.000000,0.000000,0.000000,0.000000,0.000000,0.000000,0.000000
4.0301,1.984620,-0.016874,-0.003595,0.000000,0.022189,-0.028207,1,1.310120,224,0.082149,0.108501,1.984620,0.008692,1.319416,-0.003595,1.984618,1.302511,-0.003595,-0.016874,0.000000,0.012466,-0.396332,-29.728302,-0.016905,0.002000,0.001461,0.002009,0.000081,0.001461,0.082149,0.108501,-9.809056,-0.004521,0.010244,0.002000,2.856424,0.001265,27.000000,0.013045,1.984618,0.008692,-0.016874,0.000000,-0.017000,0.002000,120,0,1,31,28,-0.007421,-0.008404,-0.001490,-0.268619,-0.057868,10.037504,1.285628,0.001265,0.008186,7,1,0,0.000000,0,1.310120,0.000000,0.022189,0,-0.027142,0.000000,-0.028207,1.310120,-0.027142,1,1,1,0.650072,0.000000,0.000000,0.000000,0.000000,0.000000,0.000000,0.000000
4.0401,1.983922,-0.016874,-0.014177,0.000000,0.016439,-0.020537,1,1.310120,234,0.081876,0.109026,1.983922,-0.004503,1.319326,-0.014177,1.983946,1.302409,-0.014177,-0.016874,0.000000,0.012515,-0.396332,-29.728302,-0.016916,0.000000,0.001337,0.001988,0.000122,0.001337,0.081876,0.109026,-9.809052,0.000008,-0.001219,0.000000,2.856322,0.001261,27.000000,0.013045,1.983946,-0.004503,-0.016874,0.000000,-0.017000,0.000000,125,0,1,31,28,0.001105,0.000338,-0.014182,-0.081773,0.093540,8.622725,1.285526,0.001261,0.008158,7,1,0,0.000000,0,1.310120,0.000000,0.016439,0,-0.027142,0.000000,-0.020537,1.310120,-0.027142,1,1,1,0.650120,0.000000,0.000000,0.000000,0.000000,0.000000,0.000000,0.000000
4.0501,1.984410,-0.017641,-0.016041,0.000000,0.008615,-0.011333,1,1.310120,244,0.081284,0.109517,1.984410,0.005550,1.319894,-0.016041,1.984426,1.302976,-0.016041,-0.017641,0.000000,0.012550,-0.396332,-29.728302,-0.016918,0.000000,0.001248,0.001995,0.000237,0.001248,0.081284,0.109517,-9.809052,0.005333,-0.015405,0.000000,2.856123,0.001242,27.000000,0.013045,1.984426,0.005550,-0.017641,0.000000,-0.017000,0.000000,130,0,1,31,28,0.011766,0.011082,-0.016182,-0.124325,0.324352,10.845356,1.285326,0.001242,0.008088,7,1,0,0.000000,0,1.310120,0.000000,0.008615,0,-0.027142,0.000000,-0.011333,1.310120,-0.027142,1,1,1,0.650167,0.000000,0.000000,0.000000,0.000000,0.000000,0.000000,0.000000
4.0601,1.984341,-0.017641,0.022382,0.000000,0.014320,-0.019003,1,1.310120,254,0.082270,0.109367,1.984341,0.000419,1.319864,0.022382,1.984330,1.302974,0.022382,-0.017641,0.000000,0.012570,-0.396332,-29.728302,-0.016890,0.000000,0.001198,0.002009,0.000093,0.001198,0.082270,0.109367,-9.809045,0.012575,-0.002299,0.000000,2.856119,0.001275,27.000000,0.013045,1.984330,0.000419,-0.017641,0.000000,-0.017000,0.000000,135,0,1,31,28,-0.003167,0.012666,0.022225,0.102325,-0.133710,9.223498,1.285323,0.001275,0.008188,7,1,0,0.000000,0,1.310120,0.000000,0.014320,0,-0.027142,0.000000,-0.019003,1.310120,-0.027142,1,1,1,0.650213,0.000000,0.000000,0.000000,0.000000,0.000000,0.000000,0.000000
4.0701,1.983950,-0.016874,-0.007523,0.000000,0.021981,-0.028207,1,1.310120,8,0.083574,0.110405,1.983950,-0.001466,1.319242,-0.007523,1.983946,1.302333,-0.007523,-0.016874,0.000000,0.012674,-0.396332,-29.728302,-0.016909,0.000000,0.000937,0.002000,-0.000116,0.000937,0.083574,0.110405,-9.809023,0.011341,-0.001710,0.000000,2.856245,0.001276,27.000000,0.013045,1.983946,-0.001466,-0.016874,0.000000,-0.017000,0.000000,140,0,1,31,28,-0.003174,0.010926,-0.007662,-0.622334,0.195873,10.384360,1.285449,0.001276,0.008328,7,1,0,0.000000,0,1.310120,0.000000,0.021981,0,-0.027142,0.000000,-0.028207,1.310120,-0.027142,1,1,1,0.650261,0.000000,0.000000,0.000000,0.000000,0.000000,0.000000,0.000000
4.0801,1.984034,-0.016874,-0.014807,0.000000,0.015961,-0.020537,1,1.310120,18,0.082824,0.111053,1.984034,-0.000419,1.319214,-0.014807,1.984042,1.302301,-0.014807,-0.016874,0.000000,0.012733,-0.396332,-29.728302,-0.016914,0.000000,0.000788,0.002115,0.000110,0.000788,0.082824,0.111053,-9.809022,-0.020649,0.015273,0.000000,2.856213,0.001271,27.000000,0.013045,1.984042,-0.000419,-0.016874,0.000000,-0.017000,0.000000,145,0,1,31,28,-0.005272,-0.025323,-0.014485,-0.487789,0.352960,10.835836,1.285417,0.001271,0.008251,7,1,0,0.000000,0,1.310120,0.000000,0.015961,0,-0.027142,0.000000,-0.020537,1.310120,-0.027142,1,1,1,0.650308,0.000000,0.000000,0.000000,0.000000,0.000000,0.000000,0.000000
4.0901,1.984129,-0.017641,-0.012301,0.000000,0.008741,-0.011333,1,1.310120,28,0.081852,0.110871,1.984129,0.000419,1.319787,-0.012301,1.984138,1.302875,-0.012301,-0.017641,0.000000,0.012740,-0.396332,-29.728302,-0.016912,0.000000,0.000770,0.001988,0.000026,0.000770,0.081852,0.110871,-9.809032,-0.011523,-0.000629,0.000000,2.856021,0.001292,27.000000,0.013045,1.984138,0.000419,-0.017641,0.000000,-0.017000,0.000000,150,0,1,31,28,0.005386,-0.010363,-0.012170,0.530865,-0.154035,8.563213,1.285225,0.001292,0.008143,6,1,0,0.000000,0,1.310120,0.000000,0.008741,0,-0.027142,0.000000,-0.011333,1.310120,-0.027142,1,1,1,0.650356,0.000000,0.000000,0.000000,0.000000,0.000000,0.000000,0.000000
4.1001,1.984332,-0.016874,0.003189,0.000000,0.023870,-0.028207,1,1.310120,38,0.082675,0.108247,1.984332,0.001466,1.318998,0.003189,1.984330,1.302094,0.003189,-0.016874,0.000000,0.012513,-0.396332,-29.728302,-0.016904,0.000000,0.001343,0.002024,-0.000011,0.001343,0.082675,0.108247,-9.809054,0.013031,-0.002491,0.000000,2.856006,0.001337,27.000000,0.013045,1.984330,0.001466,-0.016874,0.000000,-0.017000,0.000000,155,0,1,31,28,-0.003173,0.012921,0.003028,0.086405,0.162737,10.776875,1.285209,0.001337,0.008240,7,1,0,0.000000,0,1.310120,0.000000,0.023870,0,-0.027142,0.000000,-0.028207,1.310120,-0.027142,1,1,1,0.650406,0.000000,0.000000,0.000000,0.000000,0.000000,0.000000,0.000000
4.1101,1.984035,-0.017641,0.000745,0.000000,0.005450,-0.011333,1,1.310120,48,0.084559,0.109110,1.984035,-0.002513,1.319881,0.000745,1.984042,1.302977,0.000745,-0.017641,0.000000,0.012533,-0.396332,-29.728302,-0.016904,0.000000,0.001292,0.002001,-0.000014,0.001292,0.084559,0.109110,-9.809029,0.002313,0.004764,-0.000000,2.856123,0.001259,27.000000,0.013045,1.984042,-0.002513,-0.017641,0.000000,-0.017000,0.000000,160,0,1,31,28,-0.005295,0.000121,0.000744,-0.348947,-0.050269,8.640247,1.285326,0.001259,0.008422,7,1,0,0.000000,0,1.310120,0.000000,0.005450,0,-0.027142,0.000000,-0.011333,1.310120,-0.027142,1,1,1,0.650453,0.000000,0.000000,0.000000,0.000000,0.000000,0.000000,0.000000
4.1201,1.984328,-0.016874,-0.005473,0.000000,0.024605,-0.028207,1,1.310120,58,0.083213,0.109410,1.984328,0.004503,1.319026,-0.005473,1.984330,1.302117,-0.005473,-0.016874,0.000000,0.012568,-0.396332,-29.728302,-0.016909,0.000000,0.001203,0.001981,0.000213,0.001203,0.083213,0.109410,-9.809037,-0.003217,-0.023222,0.000000,2.856030,0.001273,27.000000,0.013045,1.984330,0.004503,-0.016874,0.000000,-0.017000,0.000000,165,0,1,31,28,0.022447,0.006697,-0.005558,-0.047252,0.133507,10.814776,1.285233,0.001273,0.008293,7,1,0,0.000000,0,1.310120,0.000000,0.024605,0,-0.027142,0.000000,-0.028207,1.310120,-0.027142,1,1,1,0.650500,0.000000,0.000000,0.000000,0.000000,0.000000,0.000000,0.000000
4.1301,1.984224,-0.017641,-0.005656,0.000000,0.006749,-0.011333,1,1.310120,68,0.084042,0.109136,1.984224,-0.002513,1.319796,-0.005656,1.984234,1.302888,-0.005656,-0.017641,0.000000,0.012647,-0.396332,-29.728302,-0.016908,0.000000,0.001005,0.001993,-0.000185,0.001005,0.084042,0.109136,-9.809033,0.004238,0.008580,0.000000,2.856033,0.001372,27.000000,0.013045,1.984234,-0.002513,-0.017641,0.000000,-0.017000,0.000000,170,0,1,31,28,-0.009566,0.000194,-0.005659,-0.259232,-0.264220,9.710043,1.285237,0.001372,0.008369,6,1,0,0.000000,0,1.310120,0.000000,0.006749,0,-0.027142,0.000000,-0.011333,1.310120,-0.027142,1,1,1,0.650547,0.000000,0.000000,0.000000,0.000000,0.000000,0.000000,0.000000
4.1401,1.984253,-0.016874,0.021156,0.000000,0.023257,-0.028207,1,1.310120,78,0.082585,0.109573,1.984253,0.003560,1.319048,0.021156,1.984234,1.302155,0.021156,-0.016874,0.000000,0.012678,-0.396332,-29.728302,-0.016892,-0.001000,0.000927,0.001983,0.000366,0.000927,0.082585,0.109573,-9.809040,0.004316,-0.010244,-0.001000,2.856067,0.001367,27.000000,0.013045,1.984234,0.003560,-0.016874,0.000000,-0.017000,-0.001000,175,0,1,31,28,0.007510,0.008451,0.020051,0.370401,0.081410,9.627792,1.285271,0.001367,0.008229,7,1,0,0.000000,0,1.310120,0.000000,0.023257,0,-0.027142,0.000000,-0.028207,1.310120,-0.027142,1,1,1,0.650593,0.000000,0.000000,0.000000,0.000000,0.000000,0.000000,0.000000
4.1501,1.984240,-0.017641,0.002874,0.000000,0.004912,-0.011333,1,1.310120,88,0.084341,0.110335,1.984240,-0.002513,1.319974,0.002874,1.984234,1.303073,0.002874,-0.017641,0.000000,0.012696,-0.396332,-29.728302,-0.016901,0.000000,0.000881,0.002113,-0.000112,0.000881,0.084341,0.110335,-9.809017,0.004036,0.008670,0.000000,2.856219,0.001298,27.000000,0.013045,1.984234,-0.002513,-0.017641,0.000000,-0.017000,0.000000,180,0,1,31,28,-0.009563,0.000081,0.002873,-1.032588,0.700097,11.355773,1.285422,0.001298,0.008398,7,1,0,0.000000,0,1.310120,0.000000,0.004912,0,-0.027142,0.000000,-0.011333,1.310120,-0.027142,1,1,1,0.650641,0.000000,0.000000,0.000000,0.000000,0.000000,0.000000,0.000000
4.1601,1.984137,-0.016874,-0.005438,0.000000,0.023984,-0.028207,1,1.310120,98,0.083802,0.110466,1.984137,0.004503,1.319156,-0.005438,1.984138,1.302249,-0.005438,-0.016874,0.000000,0.012722,-0.396332,-29.728302,-0.016907,0.000000,0.000816,0.002004,0.000304,0.000816,0.083802,0.110466,-9.809020,0.007579,-0.004686,0.000000,2.856161,0.001318,27.000000,0.013045,1.984138,0.004503,-0.016874,0.000000,-0.017000,0.000000,185,0,1,31,28,0.001098,0.008772,-0.005550,0.405884,-0.047506,8.449357,1.285365,0.001318,0.008351,7,1,0,0.000000,0,1.310120,0.000000,0.023984,0,-0.027142,0.000000,-0.028207,1.310120,-0.027142,1,1,1,0.650685,0.000000,0.000000,0.000000,0.000000,0.000000,0.000000,0.000000
4.1701,1.984220,-0.017641,-0.016374,0.000000,0.007289,-0.011333,1,1.310120,108,0.085225,0.108304,1.984220,-0.001466,1.319869,-0.016374,1.984234,1.302953,-0.016374,-0.017641,0.000000,0.012557,-0.396332,-29.728302,-0.016916,0.000000,0.001231,0.001975,-0.000087,0.001231,0.085225,0.108304,-9.809032,0.004320,0.013242,0.000000,2.856098,0.001365,27.000000,0.013045,1.984234,-0.001466,-0.017641,0.000000,-0.017000,0.000000,190,0,1,31,28,-0.013836,-0.001813,-0.016352,-0.564156,0.286457,10.796836,1.285302,0.001365,0.008492,7,1,0,0.000000,0,1.310120,0.000000,0.007289,0,-0.027142,0.000000,-0.011333,1.310120,-0.027142,1,1,1,0.650734,0.000000,0.000000,0.000000,0.000000,0.000000,0.000000,0.000000
4.1801,1.983853,-0.016874,0.006996,0.000000,0.024226,-0.028207,1,1.310120,118,0.084116,0.109985,1.983853,0.000419,1.319027,0.006996,1.983851,1.302129,0.006996,-0.016874,0.000000,0.012647,-0.396332,-29.728302,-0.016899,0.000000,0.001004,0.002161,0.000176,0.001004,0.084116,0.109985,-9.809023,-0.008093,-0.002216,0.000000,2.856041,0.001292,27.000000,0.013045,1.983851,0.000419,-0.016874,0.000000,-0.017000,0.000000,195,0,1,31,28,0.005387,-0.006344,0.007077,0.358832,0.043257,8.842626,1.285245,0.001292,0.008384,7,1,0,0.000000,0,1.310120,0.000000,0.024226,0,-0.027142,0.000000,-0.028207,1.310120,-0.027142,1,1,1,0.650778,0.000000,0.000000,0.000000,0.000000,0.000000,0.000000,0.000000
4.1901,1.984044,-0.017641,0.003094,0.000000,0.005500,-0.011333,1,1.310120,128,0.085252,0.109729,1.984044,0.000419,1.319903,0.003094,1.984042,1.303002,0.003094,-0.017641,0.000000,0.012642,-0.396332,-29.728302,-0.016901,0.000000,0.001017,0.002146,-0.000186,0.001017,0.085252,0.109729,-9.809016,0.005601,-0.008485,0.000000,2.856147,0.001304,27.000000,0.013045,1.984042,0.000419,-0.017641,0.000000,-0.017000,0.000000,200,0,1,31,28,0.005370,0.008671,0.002985,-0.554902,-0.069941,10.228606,1.285351,0.001304,0.008492,7,1,0,0.000000,0,1.310120,0.000000,0.005500,0,-0.027142,0.000000,-0.011333,1.310120,-0.027142,1,1,1,0.650824,0.000000,0.000000,0.000000,0.000000,0.000000,0.000000,0.000000
4.2001,1.984122,-0.016874,0.017043,0.000000,0.024896,-0.028207,1,1.310120,138,0.084395,0.109321,1.984122,0.002513,1.319009,0.017043,1.984138,1.302114,0.017043,-0.016874,0.000000,0.012658,-0.396332,-29.728302,-0.016895,-0.001000,0.000977,0.002035,0.000118,0.000977,0.084395,0.109321,-9.809028,0.012016,-0.009070,-0.001000,2.856026,0.001370,27.000000,0.013045,1.984138,0.002513,-0.016874,0.000000,-0.017000,-0.001000,4,0,1,31,28,0.003233,0.014906,0.015856,0.342565,0.152942,10.030450,1.285229,0.001370,0.008414,6,1,0,0.000000,0,1.310120,0.000000,0.024896,0,-0.027142,0.000000,-0.028207,1.310120,-0.027142,1,1,1,0.650869,0.000000,0.000000,0.000000,0.000000,0.000000,0.000000,0.000000
4.2101,1.984238,-0.017641,-0.003622,0.000000,0.006286,-0.011333,1,1.310120,148,0.086203,0.109725,1.984238,-0.002513,1.319828,-0.003622,1.984234,1.302924,-0.003622,-0.017641,0.000000,0.012694,-0.396332,-29.728302,-0.016904,0.000000,0.000885,0.001993,-0.000009,0.000885,0.086203,0.109725,-9.809008,-0.002355,0.004558,0.000000,2.856069,0.001355,27.000000,0.013045,1.984234,-0.002513,-0.017641,0.000000,-0.017000,0.000000,9,0,1,31,28,-0.003157,-0.004090,-0.003570,-0.539042,0.292934,9.495339,1.285273,0.001355,0.008589,6,1,0,0.000000,0,1.310120,0.000000,0.006286,0,-0.027142,0.000000,-0.011333,1.310120,-0.027142,1,1,1,0.650915,0.000000,0.000000,0.000000,0.000000,0.000000,0.000000,0.000000
4.2201,1.984135,-0.016874,0.009334,0.000000,0.024128,-0.028207,1,1.310120,158,0.085036,0.107959,1.984135,0.003560,1.319011,0.009334,1.984138,1.302113,0.009334,-0.016874,0.000000,0.012487,-0.396332,-29.728302,-0.016898,0.000000,0.001408,0.001993,0.000380,0.001408,0.085036,0.107959,-9.809037,0.000513,-0.003805,0.000000,2.856025,0.001337,27.000000,0.013045,1.984138,0.003560,-0.016874,0.000000,-0.017000,0.000000,14,0,1,31,28,0.003244,0.002169,0.009308,0.218359,0.246609,10.184439,1.285228,0.001337,0.008481,7,1,0,0.000000,0,1.310120,0.000000,0.024128,0,-0.027142,0.000000,-0.028207,1.310120,-0.027142,1,1,1,0.650962,0.000000,0.000000,0.000000,0.000000,0.000000,0.000000,0.000000
4.2301,1.984132,-0.017641,-0.004522,0.000000,0.005307,-0.011333,1,1.310120,168,0.086256,0.107800,1.984132,-0.003560,1.319910,-0.004522,1.984138,1.303005,-0.004522,-0.017641,0.000000,0.012500,-0.396332,-29.728302,-0.016905,0.001000,0.001376,0.001999,-0.000289,0.001376,0.086256,0.107800,-9.809028,0.003300,0.006661,0.001000,2.856150,0.001357,27.000000,0.013045,1.984138,-0.003560,-0.017641,0.000000,-0.017000,0.001000,19,0,1,31,28,-0.007430,0.000172,-0.003524,-0.214622,-0.071088,8.783681,1.285353,0.001357,0.008598,6,1,0,0.000000,0,1.310120,0.000000,0.005307,0,-0.027142,0.000000,-0.011333,1.310120,-0.027142,1,1,1,0.651007,0.000000,0.000000,0.000000,0.000000,0.000000,0.000000,0.000000
4.2401,1.984135,-0.016874,0.005123,0.000000,0.024376,-0.028207,1,1.310120,178,0.085101,0.108932,1.984135,0.003560,1.319060,0.005123,1.984138,1.302159,0.005123,-0.016874,0.000000,0.012630,-0.396332,-29.728302,-0.016900,0.000000,0.001047,0.002162,0.000300,0.001047,0.085101,0.108932,-9.809026,0.001671,-0.006681,0.000000,2.856071,0.001380,27.000000,0.013045,1.984138,0.003560,-0.016874,0.000000,-0.017000,0.000000,24,0,1,31,28,0.005375,0.004369,0.005068,0.010642,0.328919,11.257018,1.285275,0.001380,0.008486,7,1,0,0.000000,0,1.310120,0.000000,0.024376,0,-0.027142,0.000000,-0.028207,1.310120,-0.027142,1,1,1,0.651050,0.000000,0.000000,0.000000,0.000000,0.000000,0.000000,0.000000
4.2501,1.984605,-0.017641,-0.008148,0.000000,0.006760,-0.011333,1,1.310120,188,0.086429,0.109191,1.984605,0.001466,1.319831,-0.008148,1.984618,1.302923,-0.008148,-0.017641,0.000000,0.012645,-0.396332,-29.728302,-0.016908,0.000000,0.001008,0.002149,0.000004,0.001008,0.086429,0.109191,-9.809012,-0.011073,0.010912,0.000000,2.856067,0.001360,27.000000,0.013045,1.984618,0.001466,-0.017641,0.000000,-0.017000,0.000000,29,0,1,31,28,-0.005281,-0.014724,-0.007962,-0.173515,-0.196769,9.672495,1.285271,0.001360,0.008613,7,1,0,0.000000,0,1.310120,0.000000,0.006760,0,-0.027142,0.000000,-0.011333,1.310120,-0.027142,1,1,1,0.651096,0.000000,0.000000,0.000000,0.000000,0.000000,0.000000,0.000000
4.2601,1.984139,-0.016874,0.005385,0.000000,0.023993,-0.028207,1,1.310120,198,0.085590,0.109605,1.984139,0.002513,1.319022,0.005385,1.984138,1.302123,0.005385,-0.016874,0.000000,0.012674,-0.396332,-29.728302,-0.016899,0.000000,0.000936,0.001995,-0.000005,0.000936,0.085590,0.109605,-9.809014,0.010499,-0.013068,0.000000,2.856034,0.001355,27.000000,0.013045,1.984138,0.002513,-0.016874,0.000000,-0.017000,0.000000,34,0,1,31,28,0.007499,0.015060,0.005194,0.266415,-0.187559,9.720725,1.285238,0.001355,0.008535,7,1,0,0.000000,0,1.310120,0.000000,0.023993,0,-0.027142,0.000000,-0.028207,1.310120,-0.027142,1,1,1,0.651140,0.000000,0.000000,0.000000,0.000000,0.000000,0.000000,0.000000
4.2701,1.984332,-0.017641,0.011300,0.000000,0.005592,-0.011333,1,1.310120,208,0.087099,0.109959,1.984332,-0.001466,1.319883,0.011300,1.984330,1.302990,0.011300,-0.017641,0.000000,0.012741,-0.396332,-29.728302,-0.016893,0.000000,0.000766,0.001982,-0.000107,0.000766,0.087099,0.109959,-9.808997,-0.000050,0.010542,0.000000,2.856134,0.001377,27.000000,0.013045,1.984330,-0.001466,-0.017641,0.000000,-0.017000,0.000000,39,0,1,31,28,-0.009556,-0.004307,0.011356,-0.611700,0.172277,10.747807,1.285337,0.001377,0.008680,7,1,0,0.000000,0,1.310120,0.000000,0.005592,0,-0.027142,0.000000,-0.011333,1.310120,-0.027142,1,1,1,0.651187,0.000000,0.000000,0.000000,0.000000,0.000000,0.000000,0.000000
4.2801,1.984331,-0.016874,0.002893,0.000000,0.024955,-0.028207,1,1.310120,218,0.085820,0.108093,1.984331,0.004503,1.319001,0.002893,1.984330,1.302098,0.002893,-0.016874,0.000000,0.012531,-0.396332,-29.728302,-0.016902,0.000000,0.001296,0.002000,0.000106,0.001296,0.085820,0.108093,-9.809029,-0.004820,-0.010752,-0.000000,2.856010,0.001366,27.000000,0.013045,1.984330,0.004503,-0.016874,0.000000,-0.017000,0.000000,44,0,1,31,28,0.011783,0.000142,0.002891,0.191375,0.003657,10.497804,1.285213,0.001366,0.008561,6,1,0,0.000000,0,1.310120,0.000000,0.024955,0,-0.027142,0.000000,-0.028207,1.310120,-0.027142,1,1,1,0.651234,0.000000,0.000000,0.000000,0.000000,0.000000,0.000000,0.000000
4.2901,1.984325,-0.017641,-0.009912,0.000000,0.006859,-0.011333,1,1.310120,228,0.087181,0.108339,1.984325,-0.002513,1.319772,-0.009912,1.984330,1.302864,-0.009912,-0.017641,0.000000,0.012567,-0.396332,-29.728302,-0.016909,0.000000,0.001206,0.002018,-0.000284,0.001206,0.087181,0.108339,-9.809014,-0.000093,-0.001174,0.000000,2.856008,0.001367,27.000000,0.013045,1.984330,-0.002513,-0.017641,0.000000,-0.017000,0.000000,49,0,1,31,28,0.001106,0.000281,-0.009916,-0.727297,0.458484,10.798459,1.285212,0.001367,0.008691,6,1,0,0.000000,0,1.310120,0.000000,0.006859,0,-0.027142,0.000000,-0.011333,1.310120,-0.027142,1,1,1,0.651280,0.000000,0.000000,0.000000,0.000000,0.000000,0.000000,0.000000
4.3001,1.984328,-0.016874,0.006350,0.000000,0.024569,-0.028207,1,1.310120,238,0.085946,0.108507,1.984328,0.003560,1.318924,0.006350,1.984330,1.302026,0.006350,-0.016874,0.000000,0.012612,-0.396332,-29.728302,-0.016898,0.001000,0.001092,0.002000,0.000306,0.001092,0.085946,0.108507,-9.809023,0.009930,0.001275,0.001000,2.855937,0.001405,27.000000,0.013045,1.984330,0.003560,-0.016874,0.000000,-0.017000,0.001000,54,0,1,31,28,-0.005302,0.008584,0.007242,0.558802,-0.028300,8.449650,1.285140,0.001405,0.008573,6,1,0,0.000000,0,1.310120,0.000000,0.024569,0,-0.027142,0.000000,-0.028207,1.310120,-0.027142,1,1,1,0.651323,0.000000,0.000000,0.000000,0.000000,0.000000,0.000000,0.000000
4.3101,1.984846,-0.017641,-0.012098,0.000000,0.007285,-0.011333,1,1.310120,248,0.087748,0.108786,1.984846,0.004503,1.319676,-0.012098,1.984809,1.302767,-0.012098,-0.017641,0.000000,0.012645,-0.396332,-29.728302,-0.016909,0.000000,0.001010,0.001987,-0.000272,0.001010,0.087748,0.108786,-9.809004,-0.001097,0.001636,0.000000,2.855911,0.001399,27.000000,0.013045,1.984809,0.004503,-0.017641,0.000000,-0.017000,0.000000,59,0,1,31,28,-0.001027,-0.001833,-0.012076,-0.831050,0.423851,11.276566,1.285115,0.001399,0.008748,6,1,0,0.000000,0,1.310120,0.000000,0.007285,0,-0.027142,0.000000,-0.011333,1.310120,-0.027142,1,1,1,0.651369,0.000000,0.000000,0.000000,0.000000,0.000000,0.000000,0.000000
4.3201,1.984620,-0.016874,0.007102,0.000000,0.025252,-0.028207,1,1.310120,2,0.086836,0.109787,1.984620,0.000419,1.318786,0.007102,1.984618,1.301888,0.007102,-0.016874,0.000000,0.012736,-0.396332,-29.728302,-0.016897,0.000000,0.000780,0.001986,0.000194,0.000780,0.086836,0.109787,-9.809001,-0.005096,-0.005931,0.000000,2.855800,0.001396,27.000000,0.013045,1.984618,0.000419,-0.016874,0.000000,-0.017000,0.000000,64,0,1,31,28,0.007517,-0.002064,0.007129,0.226449,0.159007,9.532774,1.285003,0.001396,0.008662,6,1,0,0.000000,0,1.310120,0.000000,0.025252,0,-0.027142,0.000000,-0.028207,1.310120,-0.027142,1,1,1,0.651414,0.000000,0.000000,0.000000,0.000000,0.000000,0.000000,0.000000
4.3301,1.984958,-0.017714,0.090847,-0.104720,0.005564,-0.010453,1,1.310120,12,0.088052,0.109997,1.984958,0.003560,1.319642,0.090847,1.984905,1.302797,0.090847,-0.017714,-0.104720,0.012767,-0.396332,-29.728302,-0.016846,0.000000,0.000701,0.002029,0.000026,0.000701,0.088052,0.109997,-9.808988,0.016096,0.003132,-0.104720,2.855867,0.001397,27.000000,0.013045,1.984905,0.003560,-0.017641,-0.104720,-0.017000,0.000000,69,0,1,31,28,-0.009582,0.013129,-0.014042,-0.375255,-0.239738,9.269974,1.285071,0.001397,0.008776,7,1,0,0.000000,0,1.310120,0.000000,0.005564,0,-0.027142,0.000000,-0.010453,1.310120,-0.027142,1,1,1,0.651461,0.000000,0.000000,0.000000,0.000000,0.000000,0.000000,0.000000
4.3401,1.984243,-0.017641,0.001055,0.000000,0.016229,-0.019737,1,1.310120,22,0.086860,0.107277,1.984243,-0.004503,1.319568,0.001055,1.984234,1.302665,0.001055,-0.017641,0.000000,0.012504,-0.396332,-29.728302,-0.016903,0.000000,0.001366,0.002003,-0.000105,0.001366,0.086860,0.107277,-9.809029,0.013966,-0.000581,0.000000,2.855809,0.001413,27.000000,0.013045,1.984234,-0.004503,-0.017641,0.000000,-0.017000,0.000000,74,0,1,31,28,-0.005308,0.012943,0.000893,0.379446,0.102542,9.465313,1.285012,0.001413,0.008660,7,1,0,0.000000,0,1.310120,0.000000,0.016229,0,-0.027142,0.000000,-0.019737,1.310120,-0.027142,1,1,1,0.651508,0.000000,0.000000,0.000000,0.000000,0.000000,0.000000,0.000000
4.3501,1.984914,-0.016874,-0.003509,0.000000,0.023260,-0.028207,1,1.310120,32,0.088243,0.107326,1.984914,0.005550,1.318874,-0.003509,1.984905,1.301969,-0.003509,-0.016874,0.000000,0.012506,-0.396332,-29.728302,-0.016905,0.000000,0.001359,0.001995,-0.000096,0.001359,0.088243,0.107326,-9.809016,-0.002903,-0.006933,-0.000000,2.855879,0.001415,27.000000,0.013045,1.984905,0.005550,-0.016874,0.000000,-0.017000,0.000000,79,0,1,31,28,0.007512,0.000215,-0.003512,-0.385542,0.196572,9.561464,1.285083,0.001415,0.008809,7,1,0,0.000000,0,1.310120,0.000000,0.023260,0,-0.027142,0.000000,-0.028207,1.310120,-0.027142,1,1,1,0.651555,0.000000,0.000000,0.000000,0.000000,0.000000,0.000000,0.000000
4.3601,1.984405,-0.016874,-0.005754,0.000000,0.016767,-0.020537,1,1.310120,42,0.087983,0.107529,1.984405,-0.000419,1.318837,-0.005754,1.984426,1.301930,-0.005754,-0.016874,0.000000,0.012527,-0.396332,-29.728302,-0.016907,0.000000,0.001307,0.001990,0.000221,0.001307,0.087983,0.107529,-9.809016,-0.002308,0.004534,0.000000,2.855841,0.001415,27.000000,0.013045,1.984426,-0.000419,-0.016874,0.000000,-0.017000,0.000000,84,0,1,31,28,-0.003157,-0.004061,-0.005703,-0.582874,0.388211,11.075389,1.285044,0.001415,0.008783,7,1,0,0.000000,0,1.310120,0.000000,0.016767,0,-0.027142,0.000000,-0.020537,1.310120,-0.027142,1,1,1,0.651601,0.000000,0.000000,0.000000,0.000000,0.000000,0.000000,0.000000
4.3701,1.984806,-0.017641,-0.005704,0.000000,0.009153,-0.011333,1,1.310120,52,0.087148,0.107998,1.984806,0.006597,1.319439,-0.005704,1.984809,1.302532,-0.005704,-0.017641,0.000000,0.012586,-0.396332,-29.728302,-0.016907,0.000000,0.001158,0.002001,0.000281,0.001158,0.087148,0.107998,-9.809018,0.000527,0.005586,0.000000,2.855676,0.001422,27.000000,0.013045,1.984809,0.006597,-0.017641,0.000000,-0.017000,0.000000,89,0,1,31,28,-0.005294,-0.001931,-0.005680,0.588229,-0.031584,8.717607,1.284880,0.001422,0.008688,7,1,0,0.000000,0,1.310120,0.000000,0.009153,0,-0.027142,0.000000,-0.011333,1.310120,-0.027142,1,1,1,0.651646,0.000000,0.000000,0.000000,0.000000,0.000000,0.000000,0.000000
4.3801,1.984819,-0.017641,0.018124,0.000000,0.014357,-0.019003,1,1.310120,62,0.088169,0.108290,1.984819,0.001466,1.319491,0.018124,1.984809,1.302600,0.018124,-0.017641,0.000000,0.012638,-0.396332,-29.728302,-0.016891,0.000000,0.001026,0.002126,0.000070,0.001026,0.088169,0.108290,-9.809006,0.010011,-0.008174,0.000000,2.855744,0.001442,27.000000,0.013045,1.984809,0.001466,-0.017641,0.000000,-0.017000,0.000000,94,0,1,31,28,0.003236,0.012741,0.017964,-0.115679,0.196616,10.346416,1.284947,0.001442,0.008792,6,1,0,0.000000,0,1.310120,0.000000,0.014357,0,-0.027142,0.000000,-0.019003,1.310120,-0.027142,1,1,1,0.651691,0.000000,0.000000,0.000000,0.000000,0.000000,0.000000,0.000000
4.3901,1.984512,-0.016874,-0.000291,0.000000,0.022637,-0.028207,1,1.310120,72,0.089730,0.109157,1.984512,-0.000419,1.318868,-0.000291,1.984522,1.301967,-0.000291,-0.016874,0.000000,0.012680,-0.396332,-29.728302,-0.016901,-0.001000,0.000921,0.002146,-0.000086,0.000921,0.089730,0.109157,-9.808982,0.009789,0.010732,-0.001000,2.855878,0.001399,27.000000,0.013045,1.984522,-0.000419,-0.016874,0.000000,-0.017000,-0.001000,99,0,1,31,28,-0.013838,0.004399,-0.001347,-0.308912,0.035945,9.406774,1.285081,0.001399,0.008958,6,1,0,0.000000,0,1.310120,0.000000,0.022637,0,-0.027142,0.000000,-0.028207,1.310120,-0.027142,1,1,1,0.651737,0.000000,0.000000,0.000000,0.000000,0.000000,0.000000,0.000000
4.4001,1.984413,-0.017641,-0.018590,0.000000,0.007308,-0.011333,1,1.310120,82,0.089220,0.108801,1.984413,-0.000419,1.319630,-0.018590,1.984426,1.302717,-0.018590,-0.017641,0.000000,0.012677,-0.396332,-29.728302,-0.016913,0.000000,0.000929,0.001943,0.000007,0.000929,0.089220,0.108801,-9.808991,-0.009262,-0.006359,0.000000,2.855860,0.001427,27.000000,0.013045,1.984426,-0.000419,-0.017641,0.000000,-0.017000,0.000000,104,0,1,31,28,0.009649,-0.005991,-0.018515,-0.137680,-0.073050,8.946408,1.285064,0.001427,0.008898,7,1,0,0.000000,0,1.310120,0.000000,0.007308,0,-0.027142,0.000000,-0.011333,1.310120,-0.027142,1,1,1,0.651782,0.000000,0.000000,0.000000,0.000000,0.000000,0.000000,0.000000
4.4101,1.984519,-0.016874,0.009392,0.000000,0.025724,-0.028207,1,1.310120,92,0.087845,0.107887,1.984519,0.000419,1.318704,0.009392,1.984522,1.301807,0.009392,-0.016874,0.000000,0.012646,-0.396332,-29.728302,-0.016897,0.000000,0.001006,0.001945,0.000023,0.001006,0.087845,0.107887,-9.809013,-0.000204,-0.010521,0.000000,2.855717,0.001498,27.000000,0.013045,1.984522,0.000419,-0.016874,0.000000,-0.017000,0.000000,109,0,1,31,28,0.009646,0.004325,0.009338,0.333808,0.478886,10.741932,1.284921,0.001498,0.008768,6,1,0,0.000000,0,1.310120,0.000000,0.025724,0,-0.027142,0.000000,-0.028207,1.310120,-0.027142,1,1,1,0.651827,0.000000,0.000000,0.000000,0.000000,0.000000,0.000000,0.000000
4.4201,1.984521,-0.016874,-0.009919,0.000000,0.015469,-0.020537,1,1.310120,102,0.089307,0.106704,1.984521,-0.001466,1.318813,-0.009919,1.984522,1.301903,-0.009919,-0.016874,0.000000,0.012521,-0.396332,-29.728302,-0.016910,0.000000,0.001323,0.001996,-0.000107,0.001323,0.089307,0.106704,-9.809013,0.003449,0.006595,0.000000,2.855813,0.001491,27.000000,0.013045,1.984522,-0.001466,-0.016874,0.000000,-0.017000,0.000000,114,0,1,31,28,-0.007432,0.000257,-0.009923,-0.604119,0.134016,9.972222,1.285017,0.001491,0.008919,7,1,0,0.000000,0,1.310120,0.000000,0.015469,0,-0.027142,0.000000,-0.020537,1.310120,-0.027142,1,1,1,0.651875,0.000000,0.000000,0.000000,0.000000,0.000000,0.000000,0.000000
4.4301,1.984682,-0.017641,-0.031240,0.000000,0.009663,-0.011333,1,1.310120,112,0.088947,0.107151,1.984682,0.003560,1.319392,-0.031240,1.984713,1.302467,-0.031240,-0.017641,0.000000,0.012497,-0.396332,-29.728302,-0.016924,0.000000,0.001381,0.001991,0.000519,0.001381,0.088947,0.107151,-9.809012,0.002183,0.002485,0.000000,2.855611,0.001416,27.000000,0.013045,1.984713,0.003560,-0.017641,0.000000,-0.017000,0.000000,119,0,1,31,28,-0.003170,0.000553,-0.031249,-0.105387,0.438163,10.923075,1.284815,0.001416,0.008873,7,1,0,0.000000,0,1.310120,0.000000,0.009663,0,-0.027142,0.000000,-0.011333,1.310120,-0.027142,1,1,1,0.651918,0.000000,0.000000,0.000000,0.000000,0.000000,0.000000,0.000000
4.4401,1.984832,-0.017641,0.028318,0.000000,0.015330,-0.019003,1,1.310120,122,0.089479,0.106855,1.984832,-0.000419,1.319348,0.028318,1.984809,1.302465,0.028318,-0.017641,0.000000,0.012490,-0.396332,-29.728302,-0.016883,0.000000,0.001400,0.002008,-0.000190,0.001400,0.089479,0.106855,-9.809010,-0.006823,0.001905,0.000000,2.855609,0.001438,27.000000,0.013045,1.984809,-0.000419,-0.017641,0.000000,-0.017000,0.000000,124,0,1,31,28,0.001125,-0.006640,0.028404,0.263150,-0.012988,8.746295,1.284812,0.001438,0.008928,7,1,0,0.000000,0,1.310120,0.000000,0.015330,0,-0.027142,0.000000,-0.019003,1.310120,-0.027142,1,1,1,0.651964,0.000000,0.000000,0.000000,0.000000,0.000000,0.000000,0.000000
4.4501,1.984625,-0.017641,0.006167,0.000000,0.012620,-0.019003,1,1.310120,132,0.090869,0.107050,1.984625,-0.000419,1.319589,0.006167,1.984618,1.302689,0.006167,-0.017641,0.000000,0.012555,-0.396332,-29.728302,-0.016899,-0.001000,0.001236,0.001858,0.000071,0.001236,0.090869,0.107050,-9.808995,0.007153,0.000192,-0.001000,2.855832,0.001480,27.000000,0.013045,1.984618,-0.000419,-0.017641,0.000000,-0.017000,-0.001000,129,0,1,31,28,-0.003165,0.006482,0.005086,-0.724193,0.058668,11.426092,1.285036,0.001480,0.009069,6,1,0,0.000000,0,1.310120,0.000000,0.012620,0,-0.027142,0.000000,-0.019003,1.310120,-0.027142,1,1,1,0.652009,0.000000,0.000000,0.000000,0.000000,0.000000,0.000000,0.000000
4.4601,1.984608,-0.016874,-0.008145,0.000000,0.024831,-0.028207,1,1.310120,142,0.089902,0.107929,1.984608,0.000419,1.318764,-0.008145,1.984618,1.301858,-0.008145,-0.016874,0.000000,0.012617,-0.396332,-29.728302,-0.016906,0.000000,0.001080,0.001989,0.000201,0.001080,0.089902,0.107929,-9.808994,-0.011968,0.008962,0.000000,2.855768,0.001461,27.000000,0.013045,1.984618,0.000419,-0.016874,0.000000,-0.017000,0.000000,134,0,1,31,28,-0.003147,-0.014718,-0.007960,0.055566,0.068733,9.866720,1.284972,0.001461,0.008977,6,1,0,0.000000,0,1.310120,0.000000,0.024831,0,-0.027142,0.000000,-0.028207,1.310120,-0.027142,1,1,1,0.652053,0.000000,0.000000,0.000000,0.000000,0.000000,0.000000,0.000000
4.4701,1.984510,-0.017641,-0.020520,0.000000,0.008549,-0.011333,1,1.310120,152,0.089351,0.108024,1.984510,-0.000419,1.319438,-0.020520,1.984522,1.302523,-0.020520,-0.017641,0.000000,0.012672,-0.396332,-29.728302,-0.016916,0.000000,0.000942,0.002143,-0.000056,0.000942,0.089351,0.108024,-9.808998,0.001215,-0.004120,0.000000,2.855666,0.001500,27.000000,0.013045,1.984522,-0.000419,-0.017641,0.000000,-0.017000,0.000000,139,0,1,31,28,0.003235,0.002566,-0.020554,-0.023206,0.003507,8.947252,1.284869,0.001500,0.008913,7,1,0,0.000000,0,1.310120,0.000000,0.008549,0,-0.027142,0.000000,-0.011333,1.310120,-0.027142,1,1,1,0.652098,0.000000,0.000000,0.000000,0.000000,0.000000,0.000000,0.000000
4.4801,1.984911,-0.016874,0.011725,0.000000,0.025542,-0.028207,1,1.310120,162,0.089070,0.107828,1.984911,0.005550,1.318554,0.011725,1.984905,1.301660,0.011725,-0.016874,0.000000,0.012674,-0.396332,-29.728302,-0.016894,0.000000,0.000935,0.001991,0.000112,0.000935,0.089070,0.107828,-9.809003,0.011054,-0.006292,0.000000,2.855570,0.001530,27.000000,0.013045,1.984905,0.005550,-0.016874,0.000000,-0.017000,0.000000,144,0,1,31,28,0.001099,0.012820,0.011563,0.124831,0.322011,11.046474,1.284774,0.001530,0.008893,7,1,0,0.000000,0,1.310120,0.000000,0.025542,0,-0.027142,0.000000,-0.028207,1.310120,-0.027142,1,1,1,0.652142,0.000000,0.000000,0.000000,0.000000,0.000000,0.000000,0.000000
4.4901,1.984997,-0.017641,-0.003423,0.000000,0.006440,-0.011333,1,1.310120,172,0.091263,0.108601,1.984997,0.000419,1.319435,-0.003423,1.985001,1.302534,-0.003423,-0.017641,0.000000,0.012734,-0.396332,-29.728302,-0.016901,0.000000,0.000786,0.001996,0.000001,0.000786,0.091263,0.108601,-9.808974,0.009853,0.010697,0.000000,2.855676,0.001500,27.000000,0.013045,1.985001,0.000419,-0.017641,0.000000,-0.017000,0.000000,149,0,1,31,28,-0.013839,0.004427,-0.003480,-0.338525,-0.072923,8.927138,1.284880,0.001500,0.009106,7,1,0,0.000000,0,1.310120,0.000000,0.006440,0,-0.027142,0.000000,-0.011333,1.310120,-0.027142,1,1,1,0.652187,0.000000,0.000000,0.000000,0.000000,0.000000,0.000000,0.000000
4.5001,1.984624,-0.017641,-0.003663,0.000000,0.016937,-0.019003,1,1.310120,182,0.090583,0.106754,1.984624,-0.003560,1.319291,-0.003663,1.984618,1.302387,-0.003663,-0.017641,0.000000,0.012498,-0.396332,-29.728302,-0.016904,0.000000,0.001381,0.002019,0.000207,0.001381,0.090583,0.106754,-9.809001,-0.008731,-0.004257,-0.000000,2.855529,0.001454,27.000000,0.013045,1.984618,-0.003560,-0.017641,0.000000,-0.017000,0.000000,154,0,1,31,28,0.007518,-0.006196,-0.003586,-0.228759,0.433972,11.257917,1.284733,0.001454,0.009040,7,1,0,0.000000,0,1.310120,0.000000,0.016937,0,-0.027142,0.000000,-0.019003,1.310120,-0.027142,1,1,1,0.652234,0.000000,0.000000,0.000000,0.000000,0.000000,0.000000,0.000000
4.5101,1.984610,-0.016874,-0.016313,0.000000,0.024366,-0.028207,1,1.310120,192,0.091132,0.107246,1.984610,-0.000419,1.318557,-0.016313,1.984618,1.301645,-0.016313,-0.016874,0.000000,0.012602,-0.396332,-29.728302,-0.016912,0.000000,0.001118,0.002017,-0.000110,0.001118,0.091132,0.107246,-9.808990,0.001830,0.002642,0.000000,2.855554,0.001514,27.000000,0.013045,1.984618,-0.000419,-0.016874,0.000000,-0.017000,0.000000,159,0,1,31,28,-0.003165,0.000354,-0.016318,0.033248,-0.161861,8.400113,1.284758,0.001514,0.009104,7,1,0,0.000000,0,1.310120,0.000000,0.024366,0,-0.027142,0.000000,-0.028207,1.310120,-0.027142,1,1,1,0.652278,0.000000,0.000000,0.000000,0.000000,0.000000,0.000000,0.000000
4.5201,1.984495,-0.016874,-0.033478,0.000000,0.018340,-0.020537,1,1.310120,202,0.090799,0.107297,1.984495,0.003560,1.318453,-0.033478,1.984522,1.301529,-0.033478,-0.016874,0.000000,0.012604,-0.396332,-29.728302,-0.016924,0.000000,0.001113,0.002000,0.000129,0.001113,0.090799,0.107297,-9.808993,-0.000766,0.006185,0.000000,2.855438,0.001511,27.000000,0.013045,1.984522,0.003560,-0.016874,0.000000,-0.017000,0.000000,164,0,1,31,28,-0.005301,-0.003699,-0.033434,-0.602006,0.134034,10.747428,1.284642,0.001511,0.009070,7,1,0,0.000000,0,1.310120,0.000000,0.018340,0,-0.027142,0.000000,-0.020537,1.310120,-0.027142,1,1,1,0.652322,0.000000,0.000000,0.000000,0.000000,0.000000,0.000000,0.000000
4.5301,1.984972,-0.017641,-0.016764,0.000000,0.009572,-0.011333,1,1.310120,212,0.089631,0.107248,1.984972,0.005550,1.319075,-0.016764,1.985001,1.302163,-0.016764,-0.017641,0.000000,0.012611,-0.396332,-29.728302,-0.016912,0.000000,0.001094,0.001988,0.000302,0.001094,0.089631,0.107248,-9.809004,-0.022741,-0.004860,0.000000,2.855306,0.001519,27.000000,0.013045,1.985001,0.005550,-0.017641,0.000000,-0.017000,0.000000,169,0,1,31,28,0.013932,-0.018829,-0.016528,0.476280,0.059515,9.857331,1.284509,0.001519,0.008943,6,1,0,0.000000,0,1.310120,0.000000,0.009572,0,-0.027142,0.000000,-0.011333,1.310120,-0.027142,1,1,1,0.652366,0.000000,0.000000,0.000000,0.000000,0.000000,0.000000,0.000000
4.5401,1.984828,-0.016874,0.018169,0.000000,0.024145,-0.028207,1,1.310120,222,0.090715,0.107804,1.984828,-0.003560,1.318365,0.018169,1.984809,1.301477,0.018169,-0.016874,0.000000,0.012670,-0.396332,-29.728302,-0.016888,0.000000,0.000946,0.001988,-0.000223,0.000946,0.090715,0.107804,-9.808988,0.015503,-0.001288,0.000000,2.855386,0.001526,27.000000,0.013045,1.984809,-0.003560,-0.016874,0.000000,-0.017000,0.000000,174,0,1,31,28,-0.005305,0.014853,0.017982,0.205808,0.024522,8.804056,1.284590,0.001526,0.009061,7,1,0,0.000000,0,1.310120,0.000000,0.024145,0,-0.027142,0.000000,-0.028207,1.310120,-0.027142,1,1,1,0.652410,0.000000,0.000000,0.000000,0.000000,0.000000,0.000000,0.000000
4.5501,1.984607,-0.016874,-0.016015,0.000000,0.016180,-0.020537,1,1.310120,232,0.092717,0.108876,1.984607,-0.001466,1.318478,-0.016015,1.984618,1.301569,-0.016015,-0.016874,0.000000,0.012753,-0.396332,-29.728302,-0.016909,0.000000,0.000737,0.002012,-0.000011,0.000737,0.092717,0.108876,-9.808958,0.020571,0.012840,0.000000,2.855478,0.001496,27.000000,0.013045,1.984618,-0.001466,-0.016874,0.000000,-0.017000,0.000000,179,0,1,31,28,-0.020256,0.013127,-0.016183,-0.772828,0.147056,11.235539,1.284682,0.001496,0.009263,7,1,0,0.000000,0,1.310120,0.000000,0.016180,0,-0.027142,0.000000,-0.020537,1.310120,-0.027142,1,1,1,0.652454,0.000000,0.000000,0.000000,0.000000,0.000000,0.000000,0.000000
4.5601,1.984775,-0.017641,-0.023153,0.000000,0.011250,-0.011333,1,1.310120,242,0.091301,0.106238,1.984775,0.003560,1.318974,-0.023153,1.984809,1.302057,-0.023153,-0.017641,0.000000,0.012471,-0.396332,-29.728302,-0.016918,0.000000,0.001448,0.002001,0.000143,0.001448,0.091301,0.106238,-9.809000,-0.025254,-0.010755,0.000000,2.855199,0.001478,27.000000,0.013045,1.984809,0.003560,-0.017641,0.000000,-0.017000,0.000000,184,0,1,31,28,0.020334,-0.018726,-0.022922,0.282414,0.240600,9.122102,1.284403,0.001478,0.009115,7,1,0,0.000000,0,1.310120,0.000000,0.011250,0,-0.027142,0.000000,-0.011333,1.310120,-0.027142,1,1,1,0.652501,0.000000,0.000000,0.000000,0.000000,0.000000,0.000000,0.000000
4.5701,1.984814,-0.017641,0.007368,0.000000,0.017198,-0.019003,1,1.310120,252,0.091140,0.106215,1.984814,0.000419,1.318865,0.007368,1.984809,1.301967,0.007368,-0.017641,0.000000,0.012549,-0.396332,-29.728302,-0.016897,0.000000,0.001251,0.002149,-0.000188,0.001251,0.091140,0.106215,-9.809002,0.001056,-0.018151,0.000000,2.855109,0.001559,27.000000,0.013045,1.984809,0.000419,-0.017641,0.000000,-0.017000,0.000000,189,0,1,31,28,0.016044,0.008645,0.007260,-0.182985,0.471285,10.559681,1.284313,0.001559,0.009098,6,1,0,0.000000,0,1.310120,0.000000,0.017198,0,-0.027142,0.000000,-0.019003,1.310120,-0.027142,1,1,1,0.652546,0.000000,0.000000,0.000000,0.000000,0.000000,0.000000,0.000000
4.5801,1.984635,-0.016874,0.016121,0.000000,0.022529,-0.028207,1,1.310120,6,0.091954,0.106081,1.984635,-0.002513,1.318339,0.016121,1.984618,1.301449,0.016121,-0.016874,0.000000,0.012548,-0.396332,-29.728302,-0.016890,0.000000,0.001254,0.001993,-0.000148,0.001254,0.091954,0.106081,-9.808995,0.027411,0.014391,0.000000,2.855357,0.001577,27.000000,0.013045,1.984618,-0.002513,-0.016874,0.000000,-0.017000,0.000000,194,0,1,31,28,-0.024522,0.019100,0.015883,-0.101612,0.059052,8.316113,1.284561,0.001577,0.009190,7,1,0,0.000000,0,1.310120,0.000000,0.022529,0,-0.027142,0.000000,-0.028207,1.310120,-0.027142,1,1,1,0.652591,0.000000,0.000000,0.000000,0.000000,0.000000,0.000000,0.000000
4.5901,1.984604,-0.016874,-0.023069,0.000000,0.017293,-0.020537,1,1.310120,16,0.091790,0.106830,1.984604,0.000419,1.318367,-0.023069,1.984618,1.301453,-0.023069,-0.016874,0.000000,0.012587,-0.396332,-29.728302,-0.016914,0.000000,0.001154,0.002012,-0.000094,0.001154,0.091790,0.106830,-9.808989,-0.013386,0.004920,0.000000,2.855361,0.001540,27.000000,0.013045,1.984618,0.000419,-0.016874,0.000000,-0.017000,0.000000,199,0,1,31,28,0.001118,-0.014507,-0.022888,-0.554607,0.380667,10.912634,1.284565,0.001540,0.009172,6,1,0,0.000000,0,1.310120,0.000000,0.017293,0,-0.027142,0.000000,-0.020537,1.310120,-0.027142,1,1,1,0.652636,0.000000,0.000000,0.000000,0.000000,0.000000,0.000000,0.000000
4.6001,1.984882,-0.017641,-0.017747,0.000000,0.011193,-0.011333,1,1.310120,26,0.091573,0.107333,1.984882,0.004503,1.318877,-0.017747,1.984905,1.301964,-0.017747,-0.017641,0.000000,0.012658,-0.396332,-29.728302,-0.016912,-0.001000,0.000976,0.002003,0.000245,0.000976,0.091573,0.107333,-9.808985,-0.014202,-0.001737,-0.001000,2.855106,0.001553,27.000000,0.013045,1.984905,0.004503,-0.017641,0.000000,-0.017000,-0.001000,3,0,1,31,28,0.007521,-0.012408,-0.018592,-0.020487,0.273870,10.289832,1.284310,0.001553,0.009140,6,1,0,0.000000,0,1.310120,0.000000,0.011193,0,-0.027142,0.000000,-0.011333,1.310120,-0.027142,1,1,1,0.652680,0.000000,0.000000,0.000000,0.000000,0.000000,0.000000,0.000000
4.6101,1.984821,-0.016874,0.008845,0.000000,0.025464,-0.028207,1,1.310120,36,0.092395,0.107294,1.984821,-0.000419,1.318094,0.008845,1.984809,1.301202,0.008845,-0.016874,0.000000,0.012673,-0.396332,-29.728302,-0.016892,0.001000,0.000938,0.001980,-0.000013,0.000938,0.092395,0.107294,-9.808978,0.024360,-0.002998,0.001000,2.855110,0.001578,27.000000,0.013045,1.984809,-0.000419,-0.016874,0.000000,-0.017000,0.001000,8,0,1,31,28,-0.007451,0.023508,0.009547,0.291926,-0.182849,8.562768,1.284314,0.001578,0.009233,7,1,0,0.000000,0,1.310120,0.000000,0.025464,0,-0.027142,0.000000,-0.028207,1.310120,-0.027142,1,1,1,0.652724,0.000000,0.000000,0.000000,0.000000,0.000000,0.000000,0.000000
4.6201,1.984622,-0.016874,-0.003733,0.000000,0.016519,-0.020537,1,1.310120,46,0.093554,0.107790,1.984622,-0.001466,1.318212,-0.003733,1.984618,1.301311,-0.003733,-0.016874,0.000000,0.012697,-0.396332,-29.728302,-0.016901,0.000000,0.000878,0.002048,-0.000122,0.000878,0.093554,0.107790,-9.808962,-0.002699,0.014106,0.000000,2.855220,0.001549,27.000000,0.013045,1.984618,-0.001466,-0.016874,0.000000,-0.017000,0.000000,13,0,1,31,28,-0.011691,-0.008388,-0.003627,-0.878142,0.382985,11.486673,1.284423,0.001549,0.009350,7,1,0,0.000000,0,1.310120,0.000000,0.016519,0,-0.027142,0.000000,-0.020537,1.310120,-0.027142,1,1,1,0.652769,0.000000,0.000000,0.000000,0.000000,0.000000,0.000000,0.000000
4.6301,1.984914,-0.017641,0.000295,0.000000,0.010473,-0.011333,1,1.310120,56,0.092057,0.108051,1.984914,0.002513,1.318805,0.000295,1.984905,1.301907,0.000295,-0.017641,0.000000,0.012721,-0.396332,-29.728302,-0.016899,0.000000,0.000816,0.002042,0.000232,0.000816,0.092057,0.108051,-9.808973,-0.024032,-0.006623,-0.000000,2.855048,0.001542,27.000000,0.013045,1.984905,0.002513,-0.017641,0.000000,-0.017000,0.000000,18,0,1,31,28,0.016072,-0.019050,0.000538,0.405250,0.256591,8.605539,1.284252,0.001542,0.009188,6,1,0,0.000000,0,1.310120,0.000000,0.010473,0,-0.027142,0.000000,-0.011333,1.310120,-0.027142,1,1,1,0.652813,0.000000,0.000000,0.000000,0.000000,0.000000,0.000000,0.000000
4.6401,1.984913,-0.017641,0.005593,0.000000,0.016717,-0.019003,1,1.310120,66,0.092629,0.105655,1.984913,0.001466,1.318780,0.005593,1.984905,1.301882,0.005593,-0.017641,0.000000,0.012558,-0.396332,-29.728302,-0.016898,0.000000,0.001230,0.001937,-0.000089,0.001230,0.092629,0.105655,-9.808994,0.016469,-0.020535,0.000000,2.855023,0.001622,27.000000,0.013045,1.984905,0.001466,-0.017641,0.000000,-0.017000,0.000000,23,0,1,31,28,0.011759,0.023620,0.005297,0.008011,0.161735,10.078174,1.284227,0.001622,0.009251,7,1,0,0.000000,0,1.310120,0.000000,0.016717,0,-0.027142,0.000000,-0.019003,1.310120,-0.027142,1,1,1,0.652861,0.000000,0.000000,0.000000,0.000000,0.000000,0.000000,0.000000
4.6501,1.984628,-0.016874,0.004252,0.000000,0.024100,-0.028207,1,1.310120,76,0.093814,0.106140,1.984628,-0.000419,1.318142,0.004252,1.984618,1.301247,0.004252,-0.016874,0.000000,0.012576,-0.396332,-29.728302,-0.016895,0.001000,0.001184,0.002140,-0.000122,0.001184,0.093814,0.106140,-9.808977,0.019894,0.017839,0.001000,2.855155,0.001595,27.000000,0.013045,1.984618,-0.000419,-0.016874,0.000000,-0.017000,0.001000,28,0,1,31,28,-0.024516,0.010694,0.005118,-0.195446,-0.033655,8.851064,1.284358,0.001595,0.009379,7,1,0,0.000000,0,1.310120,0.000000,0.024100,0,-0.027142,0.000000,-0.028207,1.310120,-0.027142,1,1,1,0.652906,0.000000,0.000000,0.000000,0.000000,0.000000,0.000000,0.000000
4.6601,1.984605,-0.017641,-0.014483,0.000000,0.009079,-0.011333,1,1.310120,86,0.093265,0.106214,1.984605,0.001466,1.318878,-0.014483,1.984618,1.301969,-0.014483,-0.017641,0.000000,0.012532,-0.396332,-29.728302,-0.016909,0.000000,0.001295,0.002011,0.000022,0.001295,0.093265,0.106214,-9.808982,-0.013417,0.000246,0.000000,2.855111,0.001538,27.000000,0.013045,1.984618,0.001466,-0.017641,0.000000,-0.017000,0.000000,33,0,1,31,28,0.005387,-0.012471,-0.014327,-0.382951,0.232128,10.557148,1.284314,0.001538,0.009315,6,1,0,0.000000,0,1.310120,0.000000,0.009079,0,-0.027142,0.000000,-0.011333,1.310120,-0.027142,1,1,1,0.652950,0.000000,0.000000,0.000000,0.000000,0.000000,0.000000,0.000000
4.6701,1.984788,-0.016874,-0.006687,0.000000,0.027593,-0.028207,1,1.310120,96,0.092742,0.106547,1.984788,0.000419,1.317930,-0.006687,1.984809,1.301028,-0.006687,-0.016874,0.000000,0.012594,-0.396332,-29.728302,-0.016902,0.001000,0.001139,0.002010,0.000115,0.001139,0.092742,0.106547,-9.808983,-0.007452,-0.011892,0.001000,2.854936,0.001574,27.000000,0.013045,1.984809,0.000419,-0.016874,0.000000,-0.017000,0.001000,38,0,1,31,28,0.013917,-0.001875,-0.005664,0.180377,0.170093,10.183645,1.284140,0.001574,0.009269,6,1,0,0.000000,0,1.310120,0.000000,0.027593,0,-0.027142,0.000000,-0.028207,1.310120,-0.027142,1,1,1,0.652993,0.000000,0.000000,0.000000,0.000000,0.000000,0.000000,0.000000
4.6801,1.984610,-0.017641,-0.009515,0.000000,0.008976,-0.011333,1,1.310120,106,0.094364,0.106506,1.984610,-0.001466,1.318701,-0.009515,1.984618,1.301795,-0.009515,-0.017641,0.000000,0.012617,-0.396332,-29.728302,-0.016906,0.000000,0.001079,0.001996,-0.000172,0.001079,0.094364,0.106506,-9.808968,0.024311,0.011110,0.000000,2.854936,0.001592,27.000000,0.013045,1.984618,-0.001466,-0.017641,0.000000,-0.017000,0.000000,43,0,1,31,28,-0.020258,0.017316,-0.009735,-0.252572,-0.232484,8.686331,1.284140,0.001592,0.009426,7,1,0,0.000000,0,1.310120,0.000000,0.008976,0,-0.027142,0.000000,-0.011333,1.310120,-0.027142,1,1,1,0.653038,0.000000,0.000000,0.000000,0.000000,0.000000,0.000000,0.000000
4.6901,1.984999,-0.016874,0.001987,0.000000,0.027670,-0.028207,1,1.310120,116,0.093305,0.108064,1.984999,0.005550,1.317772,0.001987,1.985001,1.300877,0.001987,-0.016874,0.000000,0.012719,-0.396332,-29.728302,-0.016895,0.001000,0.000822,0.002014,0.000321,0.000822,0.093305,0.108064,-9.808961,0.003488,-0.002821,0.001000,2.854785,0.001544,27.000000,0.013045,1.985001,0.005550,-0.016874,0.000000,-0.017000,0.001000,48,0,1,31,28,0.001105,0.004385,0.002932,0.153270,0.332531,10.970034,1.283989,0.001544,0.009324,6,1,0,0.000000,0,1.310120,0.000000,0.027670,0,-0.027142,0.000000,-0.028207,1.310120,-0.027142,1,1,1,0.653083,0.000000,0.000000,0.000000,0.000000,0.000000,0.000000,0.000000
4.7001,1.984995,-0.017641,-0.005799,0.000000,0.008804,-0.011333,1,1.310120,126,0.094976,0.107945,1.984995,-0.002513,1.318584,-0.005799,1.985001,1.301684,-0.005799,-0.017641,0.000000,0.012734,-0.396332,-29.728302,-0.016901,0.000000,0.000785,0.002151,-0.000105,0.000785,0.094976,0.107945,-9.808946,-0.007794,-0.002336,0.000000,2.854825,0.001561,27.000000,0.013045,1.985001,-0.002513,-0.017641,0.000000,-0.017000,0.000000,53,0,1,31,28,0.005383,-0.006174,-0.005721,-0.355390,-0.205368,9.586156,1.284028,0.001561,0.009486,7,1,0,0.000000,0,1.310120,0.000000,0.008804,0,-0.027142,0.000000,-0.011333,1.310120,-0.027142,1,1,1,0.653129,0.000000,0.000000,0.000000,0.000000,0.000000,0.000000,0.000000
4.7101,1.984900,-0.016874,-0.005270,0.000000,0.026586,-0.028207,1,1.310120,136,0.094122,0.106679,1.984900,0.002513,1.317777,-0.005270,1.984905,1.300874,-0.005270,-0.016874,0.000000,0.012706,-0.396332,-29.728302,-0.016903,0.000000,0.000854,0.002001,0.000200,0.000854,0.094122,0.106679,-9.808968,0.007198,-0.020957,0.000000,2.854781,0.001671,27.000000,0.013045,1.984905,0.002513,-0.016874,0.000000,-0.017000,0.000000,58,0,1,31,28,0.016034,0.015226,-0.005464,0.228905,-0.030800,10.191228,1.283985,0.001671,0.009410,7,1,0,0.000000,0,1.310120,0.000000,0.026586,0,-0.027142,0.000000,-0.028207,1.310120,-0.027142,1,1,1,0.653174,0.000000,0.000000,0.000000,0.000000,0.000000,0.000000,0.000000
4.7201,1.985461,-0.017641,-0.014407,0.000000,0.010042,-0.011333,1,1.310120,146,0.095104,0.104820,1.985461,0.004503,1.318489,-0.014407,1.985480,1.301578,-0.014407,-0.017641,0.000000,0.012532,-0.396332,-29.728302,-0.016910,0.000000,0.001294,0.001999,-0.000076,0.001294,0.095104,0.104820,-9.808979,0.003796,0.027583,0.000000,2.854718,0.001677,27.000000,0.013045,1.985480,0.004503,-0.017641,0.000000,-0.017000,0.000000,63,0,1,31,28,-0.026636,-0.008289,-0.014304,-0.023802,-0.050330,8.659598,1.283922,0.001677,0.009505,7,1,0,0.000000,0,1.310120,0.000000,0.010042,0,-0.027142,0.000000,-0.011333,1.310120,-0.027142,1,1,1,0.653223,0.000000,0.000000,0.000000,0.000000,0.000000,0.000000,0.000000
4.7301,1.985382,-0.017641,-0.001112,0.000000,0.018880,-0.019003,1,1.310120,156,0.094515,0.105399,1.985382,0.001466,1.318329,-0.001112,1.985385,1.301428,-0.001112,-0.017641,0.000000,0.012531,-0.396332,-29.728302,-0.016901,0.000000,0.001296,0.001941,0.000205,0.001296,0.094515,0.105399,-9.808978,0.004077,-0.017194,0.000000,2.854569,0.001618,27.000000,0.013045,1.985385,0.001466,-0.017641,0.000000,-0.017000,0.000000,68,0,1,31,28,0.013905,0.010889,-0.001249,0.057925,0.058247,10.718385,1.283773,0.001618,0.009444,7,1,0,0.000000,0,1.310120,0.000000,0.018880,0,-0.027142,0.000000,-0.019003,1.310120,-0.027142,1,1,1,0.653269,0.000000,0.000000,0.000000,0.000000,0.000000,0.000000,0.000000
4.7401,1.985497,-0.017641,0.013540,0.000000,0.015561,-0.019003,1,1.310120,166,0.095951,0.106246,1.985497,0.002513,1.318469,0.013540,1.985480,1.301580,0.013540,-0.017641,0.000000,0.012619,-0.396332,-29.728302,-0.016889,0.000000,0.001074,0.002011,-0.000047,0.001074,0.095951,0.106246,-9.808955,0.002017,0.004896,0.000000,2.854721,0.001617,27.000000,0.013045,1.985480,0.002513,-0.017641,0.000000,-0.017000,0.000000,73,0,1,31,28,-0.005291,-0.000049,0.013542,-0.526613,0.270770,10.519161,1.283924,0.001617,0.009589,7,1,0,0.000000,0,1.310120,0.000000,0.015561,0,-0.027142,0.000000,-0.019003,1.310120,-0.027142,1,1,1,0.653315,0.000000,0.000000,0.000000,0.000000,0.000000,0.000000,0.000000
4.7501,1.984997,-0.016874,0.007250,0.000000,0.025548,-0.028207,1,1.310120,176,0.095695,0.106060,1.984997,-0.001466,1.317768,0.007250,1.985001,1.300874,0.007250,-0.016874,0.000000,0.012647,-0.396332,-29.728302,-0.016894,0.000000,0.001005,0.001994,0.000099,0.001005,0.095695,0.106060,-9.808960,0.004273,-0.000834,0.000000,2.854781,0.001672,27.000000,0.013045,1.985001,-0.001466,-0.016874,0.000000,-0.017000,0.000000,78,0,1,31,28,-0.001028,0.004322,0.007196,0.100159,-0.171152,8.380922,1.283985,0.001672,0.009571,6,1,0,0.000000,0,1.310120,0.000000,0.025548,0,-0.027142,0.000000,-0.028207,1.310120,-0.027142,1,1,1,0.653360,0.000000,0.000000,0.000000,0.000000,0.000000,0.000000,0.000000
4.7601,1.985089,-0.017641,-0.007989,0.000000,0.010851,-0.011333,1,1.310120,186,0.095139,0.106377,1.985089,-0.000419,1.318415,-0.007989,1.985097,1.301511,-0.007989,-0.017641,0.000000,0.012692,-0.396332,-29.728302,-0.016904,0.000000,0.000890,0.002035,-0.000057,0.000890,0.095139,0.106377,-9.808962,-0.007020,0.004358,0.000000,2.854651,0.001678,27.000000,0.013045,1.985097,-0.000419,-0.017641,0.000000,-0.017000,0.000000,83,0,1,31,28,-0.001019,-0.008301,-0.007884,-0.381817,0.424799,11.219444,1.283855,0.001678,0.009506,7,1,0,0.000000,0,1.310120,0.000000,0.010851,0,-0.027142,0.000000,-0.011333,1.310120,-0.027142,1,1,1,0.653406,0.000000,0.000000,0.000000,0.000000,0.000000,0.000000,0.000000
4.7701,1.985293,-0.016874,-0.003507,0.000000,0.027322,-0.028207,1,1.310120,196,0.094334,0.106357,1.985293,0.003560,1.317570,-0.003507,1.985289,1.300669,-0.003507,-0.016874,0.000000,0.012680,-0.396332,-29.728302,-0.016901,0.000000,0.000921,0.001930,0.000091,0.000921,0.094334,0.106357,-9.808970,-0.003792,-0.008874,0.000000,2.854576,0.001677,27.000000,0.013045,1.985289,0.003560,-0.016874,0.000000,-0.017000,0.000000,88,0,1,31,28,0.009646,0.000221,-0.003510,0.446555,-0.039437,9.349085,1.283780,0.001677,0.009432,6,1,0,0.000000,0,1.310120,0.000000,0.027322,0,-0.027142,0.000000,-0.028207,1.310120,-0.027142,1,1,1,0.653450,0.000000,0.000000,0.000000,0.000000,0.000000,0.000000,0.000000
4.7801,1.985360,-0.017641,-0.022458,0.000000,0.009055,-0.011333,1,1.310120,206,0.096693,0.104416,1.985360,0.001466,1.318403,-0.022458,1.985385,1.301489,-0.022458,-0.017641,0.000000,0.012492,-0.396332,-29.728302,-0.016913,0.000000,0.001396,0.001996,0.000017,0.001396,0.096693,0.104416,-9.808968,0.014354,0.003931,0.000000,2.854629,0.001675,27.000000,0.013045,1.985385,0.001466,-0.017641,0.000000,-0.017000,0.000000,93,0,1,31,28,-0.009582,0.011106,-0.022598,-0.792833,0.122720,10.881176,1.283833,0.001675,0.009667,6,1,0,0.000000,0,1.310120,0.000000,0.009055,0,-0.027142,0.000000,-0.011333,1.310120,-0.027142,1,1,1,0.653500,0.000000,0.000000,0.000000,0.000000,0.000000,0.000000,0.000000
4.7901,1.985084,-0.016874,0.013655,0.000000,0.027967,-0.028207,1,1.310120,216,0.095957,0.105027,1.985084,-0.000419,1.317488,0.013655,1.985097,1.300597,0.013655,-0.016874,0.000000,0.012559,-0.396332,-29.728302,-0.016891,0.000000,0.001225,0.002129,0.000117,0.001225,0.095957,0.105027,-9.808968,0.000577,-0.008535,0.000000,2.854504,0.001689,27.000000,0.013045,1.985097,-0.000419,-0.016874,0.000000,-0.017000,0.000000,98,0,1,31,28,0.007513,0.004262,0.013602,0.350066,0.077376,9.177928,1.283707,0.001689,0.009600,6,1,0,0.000000,0,1.310120,0.000000,0.027967,0,-0.027142,0.000000,-0.028207,1.310120,-0.027142,1,1,1,0.653545,0.000000,0.000000,0.000000,0.000000,0.000000,0.000000,0.000000
4.8001,1.985286,-0.017641,-0.005798,0.000000,0.009073,-0.011333,1,1.310120,226,0.097197,0.104933,1.985286,-0.000419,1.318330,-0.005798,1.985289,1.301428,-0.005798,-0.017641,0.000000,0.012619,-0.396332,-29.728302,-0.016902,0.000000,0.001074,0.001990,-0.000200,0.001074,0.097197,0.104933,-9.808957,-0.007795,-0.002333,0.000000,2.854567,0.001749,27.000000,0.013045,1.985289,-0.000419,-0.017641,0.000000,-0.017000,0.000000,103,0,1,31,28,0.005383,-0.006174,-0.005721,-0.690596,0.286489,10.011979,1.283771,0.001749,0.009718,6,1,0,0.000000,0,1.310120,0.000000,0.009073,0,-0.027142,0.000000,-0.011333,1.310120,-0.027142,1,1,1,0.653590,0.000000,0.000000,0.000000,0.000000,0.000000,0.000000,0.000000
4.8101,1.984898,-0.016874,0.000701,0.000000,0.027783,-0.028207,1,1.310120,236,0.095981,0.104822,1.984898,-0.002513,1.317461,0.000701,1.984905,1.300561,0.000701,-0.016874,0.000000,0.012610,-0.396332,-29.728302,-0.016899,0.000000,0.001099,0.001992,0.000107,0.001099,0.095981,0.104822,-9.808970,-0.003173,-0.002114,0.000000,2.854467,0.001760,27.000000,0.013045,1.984905,-0.002513,-0.016874,0.000000,-0.017000,0.000000,108,0,1,31,28,0.003246,-0.001991,0.000726,0.037778,0.429974,10.817811,1.283671,0.001760,0.009602,7,1,0,0.000000,0,1.310120,0.000000,0.027783,0,-0.027142,0.000000,-0.028207,1.310120,-0.027142,1,1,1,0.653634,0.000000,0.000000,0.000000,0.000000,0.000000,0.000000,0.000000
4.8201,1.985199,-0.017641,0.003021,0.000000,0.009742,-0.011333,1,1.310120,246,0.096912,0.105713,1.985199,-0.000419,1.318238,0.003021,1.985193,1.301343,0.003021,-0.017641,0.000000,0.012677,-0.396332,-29.728302,-0.016896,0.000000,0.000927,0.001985,-0.000171,0.000927,0.096912,0.105713,-9.808952,0.014309,0.015693,-0.000000,2.854482,0.001728,27.000000,0.013045,1.985193,-0.000419,-0.017641,0.000000,-0.017000,0.000000,113,0,1,31,28,-0.020243,0.006461,0.002939,-0.167053,-0.107661,8.649359,1.283685,0.001728,0.009687,7,1,0,0.000000,0,1.310120,0.000000,0.009742,0,-0.027142,0.000000,-0.011333,1.310120,-0.027142,1,1,1,0.653680,0.000000,0.000000,0.000000,0.000000,0.000000,0.000000,0.000000
4.8301,1.985295,-0.017641,0.007354,0.000000,0.018420,-0.019003,1,1.310120,0,0.096326,0.106391,1.985295,0.005550,1.318163,0.007354,1.985289,1.301270,0.007354,-0.017641,0.000000,0.012696,-0.396332,-29.728302,-0.016892,0.000000,0.000882,0.002029,0.000286,0.000882,0.096326,0.106391,-9.808950,0.008154,-0.002624,0.000000,2.854410,0.001678,27.000000,0.013045,1.985289,0.005550,-0.017641,0.000000,-0.017000,0.000000,118,0,1,31,28,-0.001032,0.008596,0.007246,-0.095065,0.218243,10.920872,1.283614,0.001678,0.009626,7,1,0,0.000000,0,1.310120,0.000000,0.018420,0,-0.027142,0.000000,-0.019003,1.310120,-0.027142,1,1,1,0.653723,0.000000,0.000000,0.000000,0.000000,0.000000,0.000000,0.000000
4.8401,1.985390,-0.016874,0.002789,0.000000,0.025187,-0.028207,1,1.310120,10,0.098055,0.106095,1.985390,-0.000419,1.317541,0.002789,1.985385,1.300646,0.002789,-0.016874,0.000000,0.012695,-0.396332,-29.728302,-0.016895,0.000000,0.000884,0.001973,-0.000135,0.000884,0.098055,0.106095,-9.808936,-0.008715,-0.008964,0.000000,2.854552,0.001712,27.000000,0.013045,1.985385,-0.000419,-0.016874,0.000000,-0.017000,0.000000,123,0,1,31,28,0.011787,-0.004132,0.002841,-0.555278,0.167105,10.393685,1.283756,0.001712,0.009812,7,1,0,0.000000,0,1.310120,0.000000,0.025187,0,-0.027142,0.000000,-0.028207,1.310120,-0.027142,1,1,1,0.653769,0.000000,0.000000,0.000000,0.000000,0.000000,0.000000,0.000000
4.8501,1.985075,-0.017641,-0.025925,0.000000,0.010735,-0.011333,1,1.310120,20,0.097862,0.103834,1.985075,0.003560,1.318250,-0.025925,1.985097,1.301331,-0.025925,-0.017641,0.000000,0.012525,-0.396332,-29.728302,-0.016920,-0.001000,0.001311,0.002012,0.000110,0.001311,0.097862,0.103834,-9.808962,0.004913,0.003577,-0.001000,2.854469,0.001766,27.000000,0.013045,1.985097,0.003560,-0.017641,0.000000,-0.017000,-0.001000,128,0,1,31,28,-0.005305,0.002627,-0.026960,-0.601329,0.300493,11.208483,1.283673,0.001766,0.009788,7,1,0,0.000000,0,1.310120,0.000000,0.010735,0,-0.027142,0.000000,-0.011333,1.310120,-0.027142,1,1,1,0.653817,0.000000,0.000000,0.000000,0.000000,0.000000,0.000000,0.000000
4.8601,1.985379,-0.017641,0.012262,0.000000,0.020129,-0.019003,1,1.310120,30,0.096408,0.104285,1.985379,0.004503,1.318011,0.012262,1.985385,1.301118,0.012262,-0.017641,0.000000,0.012578,-0.396332,-29.728302,-0.016893,-0.001000,0.001178,0.002127,0.000030,0.001178,0.096408,0.104285,-9.808972,-0.008198,-0.002152,-0.001000,2.854257,0.001775,27.000000,0.013045,1.985385,0.004503,-0.017641,0.000000,-0.017000,-0.001000,133,0,1,31,28,0.005388,-0.006401,0.011343,0.657473,0.174710,9.829895,1.283460,0.001775,0.009639,7,1,0,0.000000,0,1.310120,0.000000,0.020129,0,-0.027142,0.000000,-0.019003,1.310120,-0.027142,1,1,1,0.653861,0.000000,0.000000,0.000000,0.000000,0.000000,0.000000,0.000000
4.8701,1.985199,-0.017641,0.009538,0.000000,0.015972,-0.019003,1,1.310120,40,0.098030,0.104470,1.985199,-0.001466,1.318179,0.009538,1.985193,1.301287,0.009538,-0.017641,0.000000,0.012612,-0.396332,-29.728302,-0.016892,0.000000,0.001093,0.001981,-0.000212,0.001093,0.098030,0.104470,-9.808954,0.010046,-0.003493,0.000000,2.854426,0.001787,27.000000,0.013045,1.985193,-0.001466,-0.017641,0.000000,-0.017000,0.000000,138,0,1,31,28,-0.001034,0.010705,0.009404,-0.367287,0.153368,9.187796,1.283629,0.001787,0.009804,7,1,0,0.000000,0,1.310120,0.000000,0.015972,0,-0.027142,0.000000,-0.019003,1.310120,-0.027142,1,1,1,0.653906,0.000000,0.000000,0.000000,0.000000,0.000000,0.000000,0.000000
4.8801,1.985203,-0.016874,0.009586,0.000000,0.025919,-0.028207,1,1.310120,50,0.098132,0.104869,1.985203,0.002513,1.317491,0.009586,1.985193,1.300599,0.009586,-0.016874,0.000000,0.012618,-0.396332,-29.728302,-0.016891,0.000000,0.001078,0.002000,-0.000010,0.001078,0.098132,0.104869,-9.808949,0.013764,-0.000493,0.000000,2.854505,0.001760,27.000000,0.013045,1.985193,0.002513,-0.016874,0.000000,-0.017000,0.000000,143,0,1,31,28,-0.005305,0.012830,0.009425,-0.496073,0.300197,11.237259,1.283709,0.001760,0.009822,7,1,0,0.000000,0,1.310120,0.000000,0.025919,0,-0.027142,0.000000,-0.028207,1.310120,-0.027142,1,1,1,0.653951,0.000000,0.000000,0.000000,0.000000,0.000000,0.000000,0.000000
4.8901,1.985366,-0.016874,-0.022783,0.000000,0.020103,-0.020537,1,1.310120,60,0.097924,0.104807,1.985366,0.001466,1.317421,-0.022783,1.985385,1.300511,-0.022783,-0.016874,0.000000,0.012641,-0.396332,-29.728302,-0.016911,0.002000,0.001019,0.001874,0.000027,0.001019,0.097924,0.104807,-9.808951,-0.006720,0.004220,0.002000,2.854416,0.001790,27.000000,0.013045,1.985385,0.001466,-0.016874,0.000000,-0.017000,0.002000,148,0,1,31,28,-0.001023,-0.008131,-0.020682,0.167018,0.045746,8.631977,1.283620,0.001790,0.009801,7,1,0,0.000000,0,1.310120,0.000000,0.020103,0,-0.027142,0.000000,-0.020537,1.310120,-0.027142,1,1,1,0.653996,0.000000,0.000000,0.000000,0.000000,0.000000,0.000000,0.000000
4.9001,1.985555,-0.017641,-0.022755,0.000000,0.013041,-0.011333,1,1.310120,70,0.097476,0.105034,1.985555,0.002513,1.317940,-0.022755,1.985576,1.301026,-0.022755,-0.017641,0.000000,0.012681,-0.396332,-29.728302,-0.016914,0.000000,0.000917,0.002001,0.000233,0.000917,0.097476,0.105034,-9.808953,-0.003509,-0.004299,0.000000,2.854164,0.001800,27.000000,0.013045,1.985576,0.002513,-0.017641,0.000000,-0.017000,0.000000,153,0,1,31,28,0.005373,-0.001673,-0.022735,-0.010483,0.093023,10.221028,1.283368,0.001800,0.009746,7,1,0,0.000000,0,1.310120,0.000000,0.013041,0,-0.027142,0.000000,-0.011333,1.310120,-0.027142,1,1,1,0.654041,0.000000,0.000000,0.000000,0.000000,0.000000,0.000000,0.000000
4.9101,1.985505,-0.016874,0.024359,0.000000,0.026783,-0.028207,1,1.310120,80,0.097900,0.103475,1.985505,0.000419,1.317192,0.024359,1.985480,1.300309,0.024359,-0.016874,0.000000,0.012486,-0.396332,-29.728302,-0.016883,0.000000,0.001411,0.002002,-0.000115,0.001411,0.097900,0.103475,-9.808966,0.006701,0.000392,0.000000,2.854215,0.001770,27.000000,0.013045,1.985480,0.000419,-0.016874,0.000000,-0.017000,0.000000,158,0,1,31,28,-0.003159,0.006226,0.024283,0.196471,0.004686,8.861274,1.283418,0.001770,0.009800,7,1,0,0.000000,0,1.310120,0.000000,0.026783,0,-0.027142,0.000000,-0.028207,1.310120,-0.027142,1,1,1,0.654089,0.000000,0.000000,0.000000,0.000000,0.000000,0.000000,0.000000
4.9201,1.985379,-0.017641,-0.009762,0.000000,0.008983,-0.011333,1,1.310120,90,0.099366,0.104368,1.985379,-0.001466,1.318100,-0.009762,1.985385,1.301196,-0.009762,-0.017641,0.000000,0.012544,-0.396332,-29.728302,-0.016905,0.000000,0.001263,0.002001,-0.000015,0.001263,0.099366,0.104368,-9.808942,0.008394,0.001970,0.000000,2.854334,0.001728,27.000000,0.013045,1.985385,-0.001466,-0.017641,0.000000,-0.017000,0.000000,163,0,1,31,28,-0.005305,0.006674,-0.009847,-0.668654,-0.121465,10.524698,1.283538,0.001728,0.009940,7,1,0,0.000000,0,1.310120,0.000000,0.008983,0,-0.027142,0.000000,-0.011333,1.310120,-0.027142,1,1,1,0.654133,0.000000,0.000000,0.000000,0.000000,0.000000,0.000000,0.000000
4.9301,1.985483,-0.017641,0.005872,0.000000,0.018198,-0.019003,1,1.310120,100,0.098136,0.104464,1.985483,0.004503,1.318063,0.005872,1.985480,1.301166,0.005872,-0.017641,0.000000,0.012595,-0.396332,-29.728302,-0.016896,-0.001000,0.001136,0.001988,0.000094,0.001136,0.098136,0.104464,-9.808953,-0.011603,-0.009982,-0.001000,2.854305,0.001771,27.000000,0.013045,1.985480,0.004503,-0.017641,0.000000,-0.017000,-0.001000,168,0,1,31,28,0.013925,-0.006291,0.004951,0.388677,0.160508,9.418050,1.283509,0.001771,0.009814,7,1,0,0.000000,0,1.310120,0.000000,0.018198,0,-0.027142,0.000000,-0.019003,1.310120,-0.027142,1,1,1,0.654176,0.000000,0.000000,0.000000,0.000000,0.000000,0.000000,0.000000
4.9401,1.985198,-0.017641,0.008102,0.000000,0.016541,-0.019003,1,1.310120,110,0.099349,0.103391,1.985198,-0.003560,1.318175,0.008102,1.985193,1.301280,0.008102,-0.017641,0.000000,0.012600,-0.396332,-29.728302,-0.016895,-0.001000,0.001122,0.002005,-0.000310,0.001122,0.099349,0.103391,-9.808952,-0.005103,-0.005925,-0.001000,2.854417,0.001883,27.000000,0.013045,1.985193,-0.003560,-0.017641,0.000000,-0.017000,-0.001000,173,0,1,31,28,0.007517,-0.002064,0.007129,-0.215620,0.300532,8.892690,1.283621,0.001883,0.009940,7,1,0,0.000000,0,1.310120,0.000000,0.016541,0,-0.027142,0.000000,-0.019003,1.310120,-0.027142,1,1,1,0.654222,0.000000,0.000000,0.000000,0.000000,0.000000,0.000000,0.000000
4.9501,1.985188,-0.016874,-0.011851,0.000000,0.026573,-0.028207,1,1.310120,120,0.098910,0.104067,1.985188,0.002513,1.317446,-0.011851,1.985193,1.300539,-0.011851,-0.016874,0.000000,0.012628,-0.396332,-29.728302,-0.016907,0.000000,0.001052,0.001996,0.000189,0.001052,0.098910,0.104067,-9.808949,0.014819,0.010772,0.000000,2.854444,0.001850,27.000000,0.013045,1.985193,0.002513,-0.016874,0.000000,-0.017000,0.000000,178,0,1,31,28,-0.015981,0.008809,-0.011964,-0.353457,0.398014,11.066067,1.283647,0.001850,0.009902,7,1,0,0.000000,0,1.310120,0.000000,0.026573,0,-0.027142,0.000000,-0.028207,1.310120,-0.027142,1,1,1,0.654266,0.000000,0.000000,0.000000,0.000000,0.000000,0.000000,0.000000
4.9601,1.985171,-0.017641,-0.020637,0.000000,0.011615,-0.011333,1,1.310120,130,0.098670,0.104767,1.985171,-0.001466,1.318080,-0.020637,1.985193,1.301168,-0.020637,-0.017641,0.000000,0.012646,-0.396332,-29.728302,-0.016912,0.000000,0.001007,0.001996,-0.000046,0.001007,0.098670,0.104767,-9.808944,0.003547,0.011251,0.000000,2.854306,0.001790,27.000000,0.013045,1.985193,-0.001466,-0.017641,0.000000,-0.017000,0.000000,183,0,1,31,28,-0.011703,-0.001750,-0.020616,0.186816,-0.126712,8.658968,1.283510,0.001790,0.009868,7,1,0,0.000000,0,1.310120,0.000000,0.011615,0,-0.027142,0.000000,-0.011333,1.310120,-0.027142,1,1,1,0.654309,0.000000,0.000000,0.000000,0.000000,0.000000,0.000000,0.000000
4.9701,1.985388,-0.016874,0.003052,0.000000,0.029375,-0.028207,1,1.310120,140,0.098674,0.105529,1.985388,0.003560,1.317107,0.003052,1.985385,1.300212,0.003052,-0.016874,0.000000,0.012711,-0.396332,-29.728302,-0.016895,0.000000,0.000842,0.001993,0.000018,0.000842,0.098674,0.105529,-9.808936,-0.000782,-0.017304,0.000000,2.854117,0.001785,27.000000,0.013045,1.985385,0.003560,-0.016874,0.000000,-0.017000,0.000000,188,0,1,31,28,0.016045,0.006565,0.002969,0.228905,-0.068459,10.142997,1.283321,0.001785,0.009876,7,1,0,0.000000,0,1.310120,0.000000,0.029375,0,-0.027142,0.000000,-0.028207,1.310120,-0.027142,1,1,1,0.654353,0.000000,0.000000,0.000000,0.000000,0.000000,0.000000,0.000000
4.9801,1.985367,-0.017641,-0.019534,0.000000,0.010277,-0.011333,1,1.310120,150,0.100453,0.103364,1.985367,-0.001466,1.317919,-0.019534,1.985385,1.301007,-0.019534,-0.017641,0.000000,0.012495,-0.396332,-29.728302,-0.016912,-0.001000,0.001388,0.002001,-0.000100,0.001388,0.100453,0.103364,-9.808941,0.007428,0.009466,-0.001000,2.854145,0.001779,27.000000,0.013045,1.985385,-0.001466,-0.017641,0.000000,-0.017000,-0.001000,193,0,1,31,28,-0.011707,0.002523,-0.020567,-0.205207,-0.126923,8.658711,1.283348,0.001779,0.010053,6,1,0,0.000000,0,1.310120,0.000000,0.010277,0,-0.027142,0.000000,-0.011333,1.310120,-0.027142,1,1,1,0.654402,0.000000,0.000000,0.000000,0.000000,0.000000,0.000000,0.000000
4.9901,1.985480,-0.016874,-0.005330,0.000000,0.028542,-0.028207,1,1.310120,160,0.099375,0.103463,1.985480,0.003560,1.317050,-0.005330,1.985480,1.300147,-0.005330,-0.016874,0.000000,0.012495,-0.396332,-29.728302,-0.016903,0.000000,0.001388,0.001991,0.000108,0.001388,0.099375,0.103463,-9.808951,0.007905,-0.014245,0.000000,2.854052,0.001778,27.000000,0.013045,1.985480,0.003560,-0.016874,0.000000,-0.017000,0.000000,198,0,1,31,28,0.009632,0.013071,-0.005494,-0.009284,0.078277,10.641979,1.283256,0.001778,0.009951,7,1,0,0.000000,0,1.310120,0.000000,0.028542,0,-0.027142,0.000000,-0.028207,1.310120,-0.027142,1,1,1,0.654446,0.000000,0.000000,0.000000,0.000000,0.000000,0.000000,0.000000
5.0001,1.985480,-0.016874,-0.005330,0.000000,0.019945,-0.020537,1,1.310120,160,0.099375,0.103463,1.985480,0.003560,1.317050,-0.005330,1.985480,1.300147,-0.005330,-0.016874,0.000000,0.012495,-0.396332,-29.728302,-0.016903,0.000000,0.001388,0.001991,0.000108,0.001388,0.099375,0.103463,-9.808951,0.007905,-0.014245,0.000000,2.854052,0.001778,27.000000,0.013045,1.985480,0.003560,-0.016874,0.000000,-0.017000,0.000000,198,0,1,31,28,0.009632,0.013071,-0.005494,-0.009284,0.078277,10.641979,1.283256,0.001778,0.009951,7,1,0,0.000000,0,1.310120,0.000000,0.019945,0,-0.027142,0.000000,-0.020537,1.310120,-0.027142,1,1,1,0.654446,0.000000,0.000000,0.000000,0.000000,0.000000,0.000000,0.000000
5.0101,1.985692,-0.017641,0.013645,0.000000,0.009689,-0.011333,1,1.310120,170,0.100307,0.103562,1.985692,-0.000419,1.317891,0.013645,1.985672,1.301002,0.013645,-0.017641,0.000000,0.012555,-0.396332,-29.728302,-0.016890,0.000000,0.001236,0.002007,-0.000225,0.001236,0.100307,0.103562,-9.808940,0.005011,0.001168,0.000000,2.854139,0.001819,27.000000,0.013045,1.985672,-0.000419,-0.017641,0.000000,-0.017000,0.000000,2,0,1,31,28,-0.003161,0.004231,0.013593,-0.287681,0.120735,10.288119,1.283343,0.001819,0.010037,6,1,0,0.000000,0,1.310120,0.000000,0.009689,0,-0.027142,0.000000,-0.011333,1.310120,-0.027142,1,1,1,0.654492,0.000000,0.000000,0.000000,0.000000,0.000000,0.000000,0.000000
5.0201,1.985382,-0.016874,-0.008507,0.000000,0.027264,-0.028207,1,1.310120,180,0.099797,0.103599,1.985382,-0.000419,1.317151,-0.008507,1.985385,1.300249,-0.008507,-0.016874,0.000000,0.012590,-0.396332,-29.728302,-0.016902,0.001000,0.001147,0.001941,-0.000012,0.001147,0.099797,0.103599,-9.808945,0.003354,-0.019200,0.001000,2.854154,0.001859,27.000000,0.013045,1.985385,-0.000419,-0.016874,0.000000,-0.017000,0.001000,7,0,1,31,28,0.016038,0.010981,-0.007646,0.005693,0.266191,9.361440,1.283357,0.001859,0.009994,6,1,0,0.000000,0,1.310120,0.000000,0.027264,0,-0.027142,0.000000,-0.028207,1.310120,-0.027142,1,1,1,0.654537,0.000000,0.000000,0.000000,0.000000,0.000000,0.000000,0.000000
5.0301,1.985387,-0.016874,-0.003619,0.000000,0.018879,-0.020537,1,1.310120,190,0.100116,0.101512,1.985387,-0.001466,1.317224,-0.003619,1.985385,1.300321,-0.003619,-0.016874,0.000000,0.012399,-0.396332,-29.728302,-0.016903,0.000000,0.001630,0.001993,-0.000113,0.001630,0.100116,0.101512,-9.808964,-0.003241,0.002618,-0.000000,2.854225,0.001880,27.000000,0.013045,1.985385,-0.001466,-0.016874,0.000000,-0.017000,0.000000,12,0,1,31,28,0.005382,-0.004094,-0.001430,-0.651274,0.601837,10.809519,1.283431,0.001879,0.010031,6,1,0,0.000000,0,1.310120,0.000000,0.018879,0,-0.027142,0.000000,-0.020537,1.310120,-0.027142,1,1,1,0.654584,0.000000,0.000000,0.000000,0.000000,0.000000,0.000000,0.000000
5.0401,1.985644,-0.017641,-0.024837,0.000000,0.011960,-0.011333,1,1.310120,200,0.099703,0.102171,1.985644,0.004503,1.317875,-0.024837,1.985672,1.300958,-0.024837,-0.017641,0.000000,0.012436,-0.396332,-29.728302,-0.016917,0.000000,0.001537,0.001992,0.000302,0.001537,0.099703,0.102171,-9.808961,-0.000635,-0.003271,0.000000,2.854095,0.001842,27.000000,0.013045,1.985672,0.004503,-0.017641,0.000000,-0.017000,0.000000,17,0,1,31,28,0.003236,0.000486,-0.024845,0.521191,-0.144125,8.534595,1.283299,0.001842,0.009978,7,1,0,0.000000,0,1.310120,0.000000,0.011960,0,-0.027142,0.000000,-0.011333,1.310120,-0.027142,1,1,1,0.654627,0.000000,0.000000,0.000000,0.000000,0.000000,0.000000,0.000000
5.0501,1.985872,-0.016874,-0.001284,0.000000,0.028164,-0.028207,1,1.310120,210,0.100450,0.102429,1.985872,0.001466,1.317038,-0.001284,1.985864,1.300138,-0.001284,-0.016874,0.000000,0.012484,-0.396332,-29.728302,-0.016900,0.000000,0.001416,0.002038,-0.000082,0.001416,0.100450,0.102429,-9.808951,0.006251,0.002954,0.000000,2.854042,0.001870,27.000000,0.013045,1.985864,0.001466,-0.016874,0.000000,-0.017000,0.000000,22,0,1,31,28,-0.005300,0.004424,-0.001339,-0.267026,0.349308,11.142196,1.283245,0.001870,0.010062,7,1,0,0.000000,0,1.310120,0.000000,0.028164,0,-0.027142,0.000000,-0.028207,1.310120,-0.027142,1,1,1,0.654672,0.000000,0.000000,0.000000,0.000000,0.000000,0.000000,0.000000
5.0601,1.985492,-0.016874,0.006058,0.000000,0.017670,-0.020537,1,1.310120,220,0.101201,0.102841,1.985492,-0.004503,1.317225,0.006058,1.985480,1.300329,0.006058,-0.016874,0.000000,0.012479,-0.396332,-29.728302,-0.016897,-0.001000,0.001428,0.002083,-0.000139,0.001428,0.101201,0.102841,-9.808939,0.005932,0.007798,-0.001000,2.854233,0.001823,27.000000,0.013045,1.985480,-0.004503,-0.016874,0.000000,-0.017000,-0.001000,27,0,1,31,28,-0.009565,0.002189,0.005031,-0.310853,-0.021327,8.621421,1.283437,0.001823,0.010138,6,1,0,0.000000,0,1.310120,0.000000,0.017670,0,-0.027142,0.000000,-0.020537,1.310120,-0.027142,1,1,1,0.654717,0.000000,0.000000,0.000000,0.000000,0.000000,0.000000,0.000000
5.0701,1.985755,-0.016874,-0.004848,0.000000,0.021068,-0.020537,1,1.310120,230,0.100560,0.104631,1.985755,0.003560,1.317106,-0.004848,1.985768,1.300205,-0.004848,-0.016874,0.000000,0.012566,-0.396332,-29.728302,-0.016901,-0.001000,0.001209,0.002015,0.000224,0.001209,0.100560,0.104631,-9.808927,-0.010624,-0.003384,-0.001000,2.854110,0.001728,27.000000,0.013045,1.985768,0.003560,-0.016874,0.000000,-0.017000,-0.001000,32,0,1,31,28,0.007520,-0.008305,-0.005744,0.153391,-0.298812,10.207626,1.283314,0.001728,0.010070,6,1,0,0.000000,0,1.310120,0.000000,0.021068,0,-0.027142,0.000000,-0.020537,1.310120,-0.027142,1,1,1,0.654761,0.000000,0.000000,0.000000,0.000000,0.000000,0.000000,0.000000
5.0801,1.985749,-0.017641,0.007362,0.000000,0.011785,-0.011333,1,1.310120,240,0.100551,0.103186,1.985749,-0.001466,1.317769,0.007362,1.985768,1.300875,0.007362,-0.017641,0.000000,0.012557,-0.396332,-29.728302,-0.016894,0.000000,0.001232,0.001991,-0.000160,0.001232,0.100551,0.103186,-9.808942,0.003707,-0.012331,-0.000000,2.854012,0.001858,27.000000,0.013045,1.985768,-0.001466,-0.017641,0.000000,-0.017000,0.000000,37,0,1,31,28,0.009641,0.008627,0.007255,-0.076738,0.146471,10.537346,1.283216,0.001858,0.010063,6,1,0,0.000000,0,1.310120,0.000000,0.011785,0,-0.027142,0.000000,-0.011333,1.310120,-0.027142,1,1,1,0.654805,0.000000,0.000000,0.000000,0.000000,0.000000,0.000000,0.000000
5.0901,1.985803,-0.016874,0.021249,0.000000,0.027320,-0.028207,1,1.310120,250,0.100732,0.100661,1.985803,0.002513,1.317030,0.021249,1.985768,1.300139,0.021249,-0.016874,0.000000,0.012362,-0.396332,-29.728302,-0.016891,-0.001000,0.001723,0.001992,-0.000021,0.001723,0.100732,0.100661,-9.808966,0.011740,-0.004273,-0.001000,2.854042,0.001928,27.000000,0.013045,1.985768,0.002513,-0.016874,0.000000,-0.017000,-0.001000,42,0,1,31,28,0.003238,0.010604,0.017939,0.119967,0.174168,9.073477,1.283234,0.001927,0.010086,7,1,0,0.000000,0,1.310120,0.000000,0.027320,0,-0.027142,0.000000,-0.028207,1.310120,-0.027142,1,1,1,0.654851,0.000000,0.000000,0.000000,0.000000,0.000000,0.000000,0.000000
5.1001,1.985512,-0.016874,0.009323,0.000000,0.017654,-0.020537,1,1.310120,4,0.101946,0.101517,1.985512,-0.004503,1.317224,0.009323,1.985480,1.300331,0.009323,-0.016874,0.000000,0.012375,-0.396332,-29.728302,-0.016893,0.000000,0.001690,0.001998,-0.000233,0.001690,0.101946,0.101517,-9.808945,0.005833,0.007843,0.000000,2.854235,0.001852,27.000000,0.013045,1.985480,-0.004503,-0.016874,0.000000,-0.017000,0.000000,47,0,1,31,28,-0.007437,0.010658,0.011531,-0.793502,0.135109,10.651610,1.283432,0.001857,0.010211,7,1,0,0.000000,0,1.310120,0.000000,0.017654,0,-0.027142,0.000000,-0.020537,1.310120,-0.027142,1,1,1,0.654896,0.000000,0.000000,0.000000,0.000000,0.000000,0.000000,0.000000
5.1101,1.985450,-0.016874,-0.014432,0.000000,0.022236,-0.020537,1,1.310120,14,0.101088,0.102816,1.985450,0.000419,1.317017,-0.014432,1.985480,1.300110,-0.014432,-0.016874,0.000000,0.012496,-0.396332,-29.728302,-0.016907,0.000000,0.001385,0.001991,0.000056,0.001385,0.101088,0.102816,-9.808940,-0.010589,0.001297,0.000000,2.854014,0.001842,27.000000,0.013045,1.985480,0.000419,-0.016874,0.000000,-0.017000,0.000000,52,0,1,31,28,0.003250,-0.010340,-0.014304,0.396945,-0.069110,8.650113,1.283218,0.001842,0.010126,6,1,0,0.000000,0,1.310120,0.000000,0.022236,0,-0.027142,0.000000,-0.020537,1.310120,-0.027142,1,1,1,0.654939,0.000000,0.000000,0.000000,0.000000,0.000000,0.000000,0.000000
5.1201,1.985758,-0.017641,-0.000483,0.000000,0.012685,-0.011333,1,1.310120,24,0.101225,0.102560,1.985758,0.000419,1.317622,-0.000483,1.985768,1.300721,-0.000483,-0.017641,0.000000,0.012563,-0.396332,-29.728302,-0.016901,-0.001000,0.001216,0.002138,0.000029,0.001216,0.101225,0.102560,-9.808942,-0.005067,-0.001237,-0.001000,2.853857,0.001927,27.000000,0.013045,1.985768,0.000419,-0.017641,0.000000,-0.017000,-0.001000,57,0,1,31,28,0.003248,-0.004100,-0.001432,-0.286249,0.265007,10.997781,1.283061,0.001927,0.010133,7,1,0,0.000000,0,1.310120,0.000000,0.012685,0,-0.027142,0.000000,-0.011333,1.310120,-0.027142,1,1,1,0.654982,0.000000,0.000000,0.000000,0.000000,0.000000,0.000000,0.000000
5.1301,1.985669,-0.016874,0.016671,0.000000,0.027959,-0.028207,1,1.310120,34,0.101471,0.102766,1.985669,-0.000419,1.316846,0.016671,1.985672,1.299957,0.016671,-0.016874,0.000000,0.012533,-0.396332,-29.728302,-0.016888,-0.001000,0.001292,0.001987,0.000105,0.001292,0.101471,0.102766,-9.808937,0.002853,0.006860,-0.001000,2.853861,0.001884,27.000000,0.013045,1.985672,-0.000419,-0.016874,0.000000,-0.017000,-0.001000,62,0,1,31,28,-0.007425,-0.000083,0.015673,0.035965,-0.079791,9.501538,1.283065,0.001884,0.010166,7,1,0,0.000000,0,1.310120,0.000000,0.027959,0,-0.027142,0.000000,-0.028207,1.310120,-0.027142,1,1,1,0.655027,0.000000,0.000000,0.000000,0.000000,0.000000,0.000000,0.000000
5.1401,1.985796,-0.016874,0.022436,0.000000,0.017805,-0.020537,1,1.310120,44,0.102508,0.103786,1.985796,-0.000419,1.317048,0.022436,1.985768,1.300167,0.022436,-0.016874,0.000000,0.012570,-0.396332,-29.728302,-0.016880,0.000000,0.001198,0.002022,-0.000049,0.001198,0.102508,0.103786,-9.808915,0.013627,-0.005141,0.000000,2.854071,0.001815,27.000000,0.013045,1.985768,-0.000419,-0.016874,0.000000,-0.017000,0.000000,67,0,1,31,28,-0.001035,0.014809,0.022251,-0.442563,-0.153363,9.242087,1.283275,0.001815,0.010270,7,1,0,0.000000,0,1.310120,0.000000,0.017805,0,-0.027142,0.000000,-0.020537,1.310120,-0.027142,1,1,1,0.655072,0.000000,0.000000,0.000000,0.000000,0.000000,0.000000,0.000000
5.1501,1.985948,-0.017641,-0.010217,0.000000,0.011370,-0.011333,1,1.310120,54,0.101993,0.103641,1.985948,0.004503,1.317782,-0.010217,1.985960,1.300879,-0.010217,-0.017641,0.000000,0.012600,-0.396332,-29.728302,-0.016904,0.000000,0.001124,0.001987,0.000211,0.001124,0.101993,0.103641,-9.808922,-0.014407,-0.001631,0.000000,2.854015,0.001852,27.000000,0.013045,1.985960,0.004503,-0.017641,0.000000,-0.017000,0.000000,72,0,1,31,28,0.007523,-0.012522,-0.010060,0.106099,0.329678,11.199665,1.283219,0.001852,0.010209,7,1,0,0.000000,0,1.310120,0.000000,0.011370,0,-0.027142,0.000000,-0.011333,1.310120,-0.027142,1,1,1,0.655115,0.000000,0.000000,0.000000,0.000000,0.000000,0.000000,0.000000
5.1601,1.985972,-0.017641,0.015995,0.000000,0.019506,-0.019003,1,1.310120,64,0.102410,0.100734,1.985972,-0.000419,1.317684,0.015995,1.985960,1.300793,0.015995,-0.017641,0.000000,0.012370,-0.396332,-29.728302,-0.016890,0.000000,0.001703,0.001985,0.000007,0.001703,0.102410,0.100734,-9.808948,0.006497,-0.015971,0.000000,2.853929,0.001918,27.000000,0.013045,1.985960,-0.000419,-0.017641,0.000000,-0.017000,0.000000,77,0,1,31,28,0.003245,0.002141,0.011441,0.052638,0.062923,8.785202,1.283124,0.001911,0.010250,7,1,0,0.000000,0,1.310120,0.000000,0.019506,0,-0.027142,0.000000,-0.019003,1.310120,-0.027142,1,1,1,0.655162,0.000000,0.000000,0.000000,0.000000,0.000000,0.000000,0.000000
5.1701,1.985612,-0.016874,0.016078,0.000000,0.025519,-0.028207,1,1.310120,74,0.103139,0.101401,1.985612,0.000419,1.317110,0.016078,1.985576,1.300221,0.016078,-0.016874,0.000000,0.012403,-0.396332,-29.728302,-0.016889,0.000000,0.001621,0.001998,-0.000039,0.001621,0.103139,0.101401,-9.808934,0.020161,0.003607,0.000000,2.854124,0.001889,27.000000,0.013045,1.985576,0.000419,-0.016874,0.000000,-0.017000,0.000000,82,0,1,31,28,-0.011712,0.017000,0.015868,-0.812998,0.711073,11.250751,1.283328,0.001889,0.010338,6,1,0,0.000000,0,1.310120,0.000000,0.025519,0,-0.027142,0.000000,-0.028207,1.310120,-0.027142,1,1,1,0.655206,0.000000,0.000000,0.000000,0.000000,0.000000,0.000000,0.000000
5.1801,1.985737,-0.016874,-0.015513,0.000000,0.020636,-0.020537,1,1.310120,84,0.103042,0.102448,1.985737,0.001466,1.317060,-0.015513,1.985768,1.300151,-0.015513,-0.016874,0.000000,0.012474,-0.396332,-29.728302,-0.016909,-0.001000,0.001442,0.001986,0.000203,0.001442,0.103042,0.102448,-9.808924,-0.008597,0.000386,-0.001000,2.854055,0.001854,27.000000,0.013045,1.985768,0.001466,-0.016874,0.000000,-0.017000,-0.001000,87,0,1,31,28,0.003248,-0.008175,-0.016413,0.127944,0.096481,8.393201,1.283258,0.001854,0.010326,6,1,0,0.000000,0,1.310120,0.000000,0.020636,0,-0.027142,0.000000,-0.020537,1.310120,-0.027142,1,1,1,0.655249,0.000000,0.000000,0.000000,0.000000,0.000000,0.000000,0.000000
5.1901,1.985742,-0.017641,-0.018635,0.000000,0.013804,-0.011333,1,1.310120,94,0.102305,0.102216,1.985742,0.001466,1.317573,-0.018635,1.985768,1.300662,-0.018635,-0.017641,0.000000,0.012529,-0.396332,-29.728302,-0.016911,0.000000,0.001301,0.002000,0.000057,0.001301,0.102305,0.102216,-9.808934,-0.013882,-0.011273,0.000000,2.853798,0.001926,27.000000,0.013045,1.985768,0.001466,-0.017641,0.000000,-0.017000,0.000000,92,0,1,31,28,0.016055,-0.008110,-0.018535,-0.047543,0.134803,10.709515,1.283002,0.001926,0.010243,7,1,0,0.000000,0,1.310120,0.000000,0.013804,0,-0.027142,0.000000,-0.011333,1.310120,-0.027142,1,1,1,0.655291,0.000000,0.000000,0.000000,0.000000,0.000000,0.000000,0.000000
5.2001,1.985957,-0.017641,0.014590,0.000000,0.018937,-0.019003,1,1.310120,104,0.102811,0.102534,1.985957,0.000419,1.317551,0.014590,1.985960,1.300660,0.014590,-0.017641,0.000000,0.012571,-0.396332,-29.728302,-0.016890,-0.001000,0.001197,0.001964,-0.000005,0.001197,0.102811,0.102534,-9.808925,0.004850,0.005941,-0.001000,2.853796,0.001934,27.000000,0.013045,1.985960,0.000419,-0.017641,0.000000,-0.017000,-0.001000,97,0,1,31,28,-0.007427,0.002082,0.013565,0.083613,-0.154376,9.347694,1.283000,0.001934,0.010294,6,1,0,0.000000,0,1.310120,0.000000,0.018937,0,-0.027142,0.000000,-0.019003,1.310120,-0.027142,1,1,1,0.655334,0.000000,0.000000,0.000000,0.000000,0.000000,0.000000,0.000000
5.2101,1.985695,-0.016874,0.007549,0.000000,0.026126,-0.028207,1,1.310120,114,0.103852,0.103591,1.985695,0.000419,1.316951,0.007549,1.985672,1.300060,0.007549,-0.016874,0.000000,0.012591,-0.396332,-29.728302,-0.016891,0.000000,0.001145,0.002169,-0.000148,0.001145,0.103852,0.103591,-9.808903,0.021248,0.005458,0.000000,2.853963,0.001854,27.000000,0.013045,1.985672,0.000419,-0.016874,0.000000,-0.017000,0.000000,102,0,1,31,28,-0.013849,0.017107,0.007335,-0.290525,-0.120824,8.936258,1.283167,0.001854,0.010407,6,1,0,0.000000,0,1.310120,0.000000,0.026126,0,-0.027142,0.000000,-0.028207,1.310120,-0.027142,1,1,1,0.655378,0.000000,0.000000,0.000000,0.000000,0.000000,0.000000,0.000000
5.2201,1.985883,-0.017819,0.105467,-0.104720,0.008878,-0.009190,1,1.310120,124,0.103702,0.101481,1.985883,-0.000419,1.317831,0.105467,1.985768,1.300997,0.105467,-0.017819,-0.104720,0.012369,-0.396332,-29.728302,-0.016835,0.000000,0.001706,0.001996,0.000023,0.001706,0.103702,0.101481,-9.808927,0.001433,0.002819,-0.104720,2.853954,0.001837,27.000000,0.013045,1.985768,-0.000419,-0.017641,-0.104720,-0.017000,0.000000,107,0,1,31,28,0.007532,-0.016994,0.004822,-0.343452,0.367802,11.190186,1.283158,0.001839,0.010386,6,1,0,0.000000,0,1.310120,0.000000,0.008878,0,-0.027142,0.000000,-0.009190,1.310120,-0.027142,1,1,1,0.655423,0.000000,0.000000,0.000000,0.000000,0.000000,0.000000,0.000000
5.2301,1.985754,-0.016874,-0.004703,0.000000,0.031684,-0.029994,1,1.310120,134,0.102751,0.101482,1.985754,0.000419,1.316776,-0.004703,1.985768,1.299877,-0.004703,-0.016874,0.000000,0.012433,-0.396332,-29.728302,-0.016900,0.001000,0.001545,0.002088,-0.000153,0.001545,0.102751,0.101482,-9.808937,-0.016002,-0.015009,0.001000,2.853780,0.001912,27.000000,0.013045,1.985768,0.000419,-0.016874,0.000000,-0.017000,0.001000,112,0,1,31,28,0.020328,-0.008296,-0.003600,0.312084,0.000859,9.177135,1.282983,0.001912,0.010298,7,1,0,0.000000,0,1.310120,0.000000,0.031684,0,-0.027142,0.000000,-0.029994,1.310120,-0.027142,1,1,1,0.655466,0.000000,0.000000,0.000000,0.000000,0.000000,0.000000,0.000000
5.2401,1.985585,-0.016874,0.020344,0.000000,0.018947,-0.020537,1,1.310120,144,0.103946,0.101531,1.985585,-0.001466,1.316889,0.020344,1.985576,1.300005,0.020344,-0.016874,0.000000,0.012463,-0.396332,-29.728302,-0.016884,0.000000,0.001469,0.001938,-0.000325,0.001469,0.103946,0.101531,-9.808924,0.020059,0.003653,0.000000,2.853907,0.001935,27.000000,0.013045,1.985576,-0.001466,-0.016874,0.000000,-0.017000,0.000000,117,0,1,31,28,-0.011710,0.016943,0.020134,-0.936744,0.369604,11.017549,1.283111,0.001935,0.010420,7,1,0,0.000000,0,1.310120,0.000000,0.018947,0,-0.027142,0.000000,-0.020537,1.310120,-0.027142,1,1,1,0.655510,0.000000,0.000000,0.000000,0.000000,0.000000,0.000000,0.000000
5.2501,1.985750,-0.017641,-0.012259,0.000000,0.011920,-0.011333,1,1.310120,154,0.102965,0.102239,1.985750,0.004503,1.317604,-0.012259,1.985768,1.300697,-0.012259,-0.017641,0.000000,0.012471,-0.396332,-29.728302,-0.016906,0.000000,0.001448,0.001995,0.000124,0.001448,0.102965,0.102239,-9.808927,-0.003361,0.012081,0.000000,2.853834,0.001865,27.000000,0.013045,1.985768,0.004503,-0.017641,0.000000,-0.017000,0.000000,122,0,1,31,28,-0.009559,-0.008269,-0.012157,0.596989,-0.018600,8.440202,1.283038,0.001865,0.010311,7,1,0,0.000000,0,1.310120,0.000000,0.011920,0,-0.027142,0.000000,-0.011333,1.310120,-0.027142,1,1,1,0.655551,0.000000,0.000000,0.000000,0.000000,0.000000,0.000000,0.000000
5.2601,1.986433,-0.016874,-0.003189,0.000000,0.029031,-0.028207,1,1.310120,164,0.104096,0.102945,1.986433,0.003560,1.316747,-0.003189,1.986440,1.299849,-0.003189,-0.016874,0.000000,0.012589,-0.396332,-29.728302,-0.016898,0.000000,0.001151,0.001953,-0.000074,0.001151,0.104096,0.102945,-9.808908,0.004285,-0.021992,0.000000,2.853751,0.001917,27.000000,0.013045,1.986440,0.003560,-0.016874,0.000000,-0.017000,0.000000,127,0,1,31,28,0.018171,0.013067,-0.003354,-0.221772,0.031161,9.799170,1.282955,0.001917,0.010433,7,1,0,0.000000,0,1.310120,0.000000,0.029031,0,-0.027142,0.000000,-0.028207,1.310120,-0.027142,1,1,1,0.655594,0.000000,0.000000,0.000000,0.000000,0.000000,0.000000,0.000000
5.2701,1.986067,-0.017641,0.003183,0.000000,0.009703,-0.011333,1,1.310120,174,0.105492,0.102616,1.986067,-0.001466,1.317645,0.003183,1.986056,1.300752,0.003183,-0.017641,0.000000,0.012630,-0.396332,-29.728302,-0.016893,0.000000,0.001047,0.001984,-0.000139,0.001047,0.105492,0.102616,-9.808896,0.016584,0.005237,0.000000,2.853887,0.001981,27.000000,0.013045,1.986056,-0.001466,-0.017641,0.000000,-0.017000,0.000000,132,0,1,31,28,-0.011711,0.012896,0.003021,-0.784825,0.534478,10.837467,1.283090,0.001981,0.010568,7,1,0,0.000000,0,1.310120,0.000000,0.009703,0,-0.027142,0.000000,-0.011333,1.310120,-0.027142,1,1,1,0.655639,0.000000,0.000000,0.000000,0.000000,0.000000,0.000000,0.000000
5.2801,1.986318,-0.016874,-0.018744,0.000000,0.030052,-0.028207,1,1.310120,184,0.104119,0.101346,1.986318,0.003560,1.316718,-0.018744,1.986344,1.299809,-0.018744,-0.016874,0.000000,0.012419,-0.396332,-29.728302,-0.016909,0.000000,0.001579,0.002004,0.000241,0.001579,0.104119,0.101346,-9.808924,-0.014207,-0.001726,0.000000,2.853711,0.001910,27.000000,0.013045,1.986344,0.003560,-0.016874,0.000000,-0.017000,0.000000,137,0,1,31,28,0.007521,-0.012408,-0.018592,0.305219,-0.001720,10.162857,1.282915,0.001910,0.010438,6,1,0,0.000000,0,1.310120,0.000000,0.030052,0,-0.027142,0.000000,-0.028207,1.310120,-0.027142,1,1,1,0.655685,0.000000,0.000000,0.000000,0.000000,0.000000,0.000000,0.000000
5.2901,1.986067,-0.017641,0.007301,0.000000,0.010832,-0.011333,1,1.310120,194,0.104789,0.100599,1.986067,-0.003560,1.317519,0.007301,1.986056,1.300625,0.007301,-0.017641,0.000000,0.012408,-0.396332,-29.728302,-0.016894,0.000000,0.001606,0.002000,-0.000207,0.001606,0.104789,0.100599,-9.808924,0.006214,-0.001737,0.000000,2.853760,0.001966,27.000000,0.013045,1.986056,-0.003560,-0.017641,0.000000,-0.017000,0.000000,142,0,1,31,28,-0.001030,0.006459,0.007221,-0.488322,0.054047,10.258607,1.282963,0.001966,0.010500,6,1,0,0.000000,0,1.310120,0.000000,0.010832,0,-0.027142,0.000000,-0.011333,1.310120,-0.027142,1,1,1,0.655729,0.000000,0.000000,0.000000,0.000000,0.000000,0.000000,0.000000
5.3001,1.986251,-0.016874,0.005073,0.000000,0.028476,-0.028207,1,1.310120,204,0.104088,0.101245,1.986251,0.003560,1.316729,0.005073,1.986247,1.299834,0.005073,-0.016874,0.000000,0.012473,-0.396332,-29.728302,-0.016895,0.000000,0.001443,0.002114,0.000199,0.001443,0.104088,0.101245,-9.808925,-0.001172,-0.007732,0.000000,2.853736,0.001974,27.000000,0.013045,1.986247,0.003560,-0.016874,0.000000,-0.017000,0.000000,147,0,1,31,28,0.007512,0.002238,0.005045,0.406972,0.135956,9.082850,1.282940,0.001974,0.010435,7,1,0,0.000000,0,1.310120,0.000000,0.028476,0,-0.027142,0.000000,-0.028207,1.310120,-0.027142,1,1,1,0.655772,0.000000,0.000000,0.000000,0.000000,0.000000,0.000000,0.000000
5.3101,1.986150,-0.017641,-0.001382,0.000000,0.010633,-0.011333,1,1.310120,214,0.105786,0.101251,1.986150,-0.003560,1.317560,-0.001382,1.986152,1.300662,-0.001382,-0.017641,0.000000,0.012471,-0.396332,-29.728302,-0.016898,0.000000,0.001449,0.002005,-0.000403,0.001449,0.105786,0.101251,-9.808907,-0.000297,-0.001084,0.000000,2.853797,0.001960,27.000000,0.013045,1.986152,-0.003560,-0.017641,0.000000,-0.017000,0.000000,152,0,1,31,28,0.001109,0.000168,-0.001384,-0.908451,0.248966,10.719673,1.283001,0.001960,0.010600,7,1,0,0.000000,0,1.310120,0.000000,0.010633,0,-0.027142,0.000000,-0.011333,1.310120,-0.027142,1,1,1,0.655817,0.000000,0.000000,0.000000,0.000000,0.000000,0.000000,0.000000
5.3201,1.986334,-0.017641,-0.007583,0.000000,0.020284,-0.019003,1,1.310120,224,0.104929,0.102539,1.986334,0.005550,1.317448,-0.007583,1.986344,1.300548,-0.007583,-0.017641,0.000000,0.012590,-0.396332,-29.728302,-0.016900,0.000000,0.001148,0.002024,0.000317,0.001148,0.104929,0.102539,-9.808903,0.012957,0.006909,0.000000,2.853683,0.001950,27.000000,0.013045,1.986344,0.005550,-0.017641,0.000000,-0.017000,0.000000,157,0,1,31,28,-0.011710,0.008764,-0.007694,0.502227,-0.107183,8.640229,1.282887,0.001950,0.010510,6,1,0,0.000000,0,1.310120,0.000000,0.020284,0,-0.027142,0.000000,-0.019003,1.310120,-0.027142,1,1,1,0.655859,0.000000,0.000000,0.000000,0.000000,0.000000,0.000000,0.000000
5.3301,1.986285,-0.016874,0.031883,0.000000,0.025966,-0.028207,1,1.310120,234,0.105891,0.102033,1.986285,-0.000419,1.316855,0.031883,1.986247,1.299979,0.031883,-0.016874,0.000000,0.012588,-0.396332,-29.728302,-0.016875,-0.001000,0.001154,0.002007,-0.000346,0.001154,0.105891,0.102033,-9.808898,-0.000237,-0.024619,-0.001000,2.853881,0.002005,27.000000,0.013045,1.986247,-0.000419,-0.016874,0.000000,-0.017000,-0.001000,162,0,1,31,28,0.022453,0.010489,0.030753,-0.413982,0.110735,9.541443,1.283084,0.002005,0.010617,7,1,0,0.000000,0,1.310120,0.000000,0.025966,0,-0.027142,0.000000,-0.028207,1.310120,-0.027142,1,1,1,0.655904,0.000000,0.000000,0.000000,0.000000,0.000000,0.000000,0.000000
5.3401,1.985947,-0.017641,-0.014289,0.000000,0.010914,-0.011333,1,1.310120,244,0.106280,0.102201,1.985947,0.000419,1.317664,-0.014289,1.985960,1.300760,-0.014289,-0.017641,0.000000,0.012589,-0.396332,-29.728302,-0.016904,0.000000,0.001151,0.002001,0.000010,0.001151,0.106280,0.102201,-9.808892,0.000574,0.010270,0.000000,2.853894,0.001980,27.000000,0.013045,1.985960,0.000419,-0.017641,0.000000,-0.017000,0.000000,167,0,1,31,28,-0.009564,-0.003966,-0.014240,-0.335647,0.196734,10.327133,1.283098,0.001980,0.010649,6,1,0,0.000000,0,1.310120,0.000000,0.010914,0,-0.027142,0.000000,-0.011333,1.310120,-0.027142,1,1,1,0.655947,0.000000,0.000000,0.000000,0.000000,0.000000,0.000000,0.000000
5.3501,1.986420,-0.017641,-0.012187,0.000000,0.021455,-0.019003,1,1.310120,254,0.104739,0.100604,1.986420,0.003560,1.317439,-0.012187,1.986440,1.300532,-0.012187,-0.017641,0.000000,0.012425,-0.396332,-29.728302,-0.016907,0.000000,0.001563,0.001988,0.000143,0.001563,0.104739,0.100604,-9.808925,-0.011211,-0.010151,0.000000,2.853667,0.001983,27.000000,0.013045,1.986440,0.003560,-0.017641,0.000000,-0.017000,0.000000,172,0,1,31,28,0.013920,-0.006064,-0.012113,0.524212,-0.157556,9.625491,1.282870,0.001983,0.010494,7,1,0,0.000000,0,1.310120,0.000000,0.021455,0,-0.027142,0.000000,-0.019003,1.310120,-0.027142,1,1,1,0.655992,0.000000,0.000000,0.000000,0.000000,0.000000,0.000000,0.000000
5.3601,1.986192,-0.016874,0.022681,0.000000,0.026933,-0.028207,1,1.310120,8,0.106000,0.099661,1.986192,-0.003560,1.316769,0.022681,1.986152,1.299885,0.022681,-0.016874,0.000000,0.012399,-0.396332,-29.728302,-0.016883,0.000000,0.001629,0.001981,-0.000223,0.001629,0.106000,0.099661,-9.808921,0.027776,0.000091,0.000000,2.853786,0.002058,27.000000,0.013045,1.986152,-0.003560,-0.016874,0.000000,-0.017000,0.000000,177,0,1,31,28,-0.011719,0.025463,0.022367,-0.202217,0.095159,10.039085,1.282990,0.002058,0.010633,7,1,0,0.000000,0,1.310120,0.000000,0.026933,0,-0.027142,0.000000,-0.028207,1.310120,-0.027142,1,1,1,0.656036,0.000000,0.000000,0.000000,0.000000,0.000000,0.000000,0.000000
5.3701,1.986147,-0.016874,-0.010070,0.000000,0.019400,-0.020537,1,1.310120,18,0.106724,0.101340,1.986147,0.000419,1.316877,-0.010070,1.986152,1.299974,-0.010070,-0.016874,0.000000,0.012494,-0.396332,-29.728302,-0.016902,0.000000,0.001391,0.001929,0.000187,0.001391,0.106724,0.101340,-9.808896,-0.004141,0.005386,0.000000,2.853876,0.001981,27.000000,0.013045,1.986152,0.000419,-0.016874,0.000000,-0.017000,0.000000,182,0,1,31,28,-0.003157,-0.006142,-0.009994,-0.054054,0.304979,8.538734,1.283080,0.001981,0.010703,6,1,0,0.000000,0,1.310120,0.000000,0.019400,0,-0.027142,0.000000,-0.020537,1.310120,-0.027142,1,1,1,0.656078,0.000000,0.000000,0.000000,0.000000,0.000000,0.000000,0.000000
5.3801,1.986509,-0.017641,-0.035701,0.000000,0.014172,-0.011333,1,1.310120,28,0.106531,0.102297,1.986509,0.006597,1.317404,-0.035701,1.986536,1.300484,-0.035701,-0.017641,0.000000,0.012566,-0.396332,-29.728302,-0.016920,0.000000,0.001210,0.002092,0.000279,0.001210,0.106531,0.102297,-9.808888,-0.010815,-0.005624,0.000000,2.853619,0.001947,27.000000,0.013045,1.986536,0.006597,-0.017641,0.000000,-0.017000,0.000000,187,0,1,31,28,0.009646,-0.007902,-0.035604,-0.019331,-0.136115,10.190008,1.282823,0.001947,0.010674,7,1,0,0.000000,0,1.310120,0.000000,0.014172,0,-0.027142,0.000000,-0.011333,1.310120,-0.027142,1,1,1,0.656121,0.000000,0.000000,0.000000,0.000000,0.000000,0.000000,0.000000
5.3901,1.986334,-0.017641,-0.001081,0.000000,0.021873,-0.019003,1,1.310120,38,0.106367,0.101338,1.986334,0.000419,1.317165,-0.001081,1.986344,1.300267,-0.001081,-0.017641,0.000000,0.012559,-0.396332,-29.728302,-0.016897,0.000000,0.001226,0.001939,-0.000244,0.001226,0.106367,0.101338,-9.808900,0.015796,0.003247,0.000000,2.853401,0.002038,27.000000,0.013045,1.986344,0.000419,-0.017641,0.000000,-0.017000,0.000000,192,0,1,31,28,-0.009578,0.012959,-0.001244,0.121726,-0.191425,9.251642,1.282605,0.002038,0.010659,6,1,0,0.000000,0,1.310120,0.000000,0.021873,0,-0.027142,0.000000,-0.019003,1.310120,-0.027142,1,1,1,0.656164,0.000000,0.000000,0.000000,0.000000,0.000000,0.000000,0.000000
5.4001,1.986274,-0.017641,0.022432,0.000000,0.016932,-0.019003,1,1.310120,48,0.107526,0.101740,1.986274,-0.003560,1.317380,0.022432,1.986247,1.300499,0.022432,-0.017641,0.000000,0.012592,-0.396332,-29.728302,-0.016882,0.000000,0.001143,0.001987,-0.000170,0.001143,0.107526,0.101740,-9.808883,0.015401,-0.001278,0.000000,2.853632,0.002028,27.000000,0.013045,1.986247,-0.003560,-0.017641,0.000000,-0.017000,0.000000,197,0,1,31,28,-0.005304,0.014796,0.022248,-0.488923,0.273265,10.318233,1.282836,0.002028,0.010776,6,1,0,0.000000,0,1.310120,0.000000,0.016932,0,-0.027142,0.000000,-0.019003,1.310120,-0.027142,1,1,1,0.656209,0.000000,0.000000,0.000000,0.000000,0.000000,0.000000,0.000000
5.4101,1.986444,-0.017641,0.000442,0.000000,0.018119,-0.019003,1,1.310120,58,0.108097,0.102877,1.986444,0.000419,1.317485,0.000442,1.986440,1.300592,0.000442,-0.017641,0.000000,0.012639,-0.396332,-29.728302,-0.016893,0.000000,0.001025,0.001987,0.000080,0.001025,0.108097,0.102877,-9.808865,-0.012878,0.002368,0.000000,2.853727,0.001958,27.000000,0.013045,1.986440,0.000419,-0.017641,0.000000,-0.017000,0.000000,1,0,1,31,28,0.003257,-0.012676,0.000602,-0.363570,0.240404,10.662519,1.282930,0.001958,0.010833,7,1,0,0.000000,0,1.310120,0.000000,0.018119,0,-0.027142,0.000000,-0.019003,1.310120,-0.027142,1,1,1,0.656252,0.000000,0.000000,0.000000,0.000000,0.000000,0.000000,0.000000
5.4201,1.986235,-0.017641,-0.007614,0.000000,0.019970,-0.019003,1,1.310120,68,0.107252,0.099505,1.986235,-0.001466,1.317418,-0.007614,1.986247,1.300516,-0.007614,-0.017641,0.000000,0.012397,-0.396332,-29.728302,-0.016903,0.000000,0.001636,0.002017,0.000111,0.001636,0.107252,0.099505,-9.808909,0.000332,-0.015475,0.000000,2.853649,0.002061,27.000000,0.013045,1.986247,-0.001466,-0.017641,0.000000,-0.017000,0.000000,6,0,1,31,28,0.013908,0.006701,-0.007698,0.084520,-0.167826,9.663383,1.282853,0.002061,0.010753,6,1,0,0.000000,0,1.310120,0.000000,0.019970,0,-0.027142,0.000000,-0.019003,1.310120,-0.027142,1,1,1,0.656298,0.000000,0.000000,0.000000,0.000000,0.000000,0.000000,0.000000
5.4301,1.986271,-0.016874,0.028824,0.000000,0.027727,-0.028207,1,1.310120,78,0.107336,0.100034,1.986271,0.000419,1.316686,0.028824,1.986247,1.299806,0.028824,-0.016874,0.000000,0.012465,-0.396332,-29.728302,-0.016880,0.000000,0.001463,0.002005,-0.000016,0.001463,0.107336,0.100034,-9.808903,0.017032,0.002681,-0.000000,2.853706,0.002084,27.000000,0.013045,1.986247,0.000419,-0.016874,0.000000,-0.017000,0.000000,11,0,1,31,28,-0.009571,0.014699,0.028643,-0.018924,0.229260,10.806187,1.282910,0.002084,0.010768,6,1,0,0.000000,0,1.310120,0.000000,0.027727,0,-0.027142,0.000000,-0.028207,1.310120,-0.027142,1,1,1,0.656341,0.000000,0.000000,0.000000,0.000000,0.000000,0.000000,0.000000
5.4401,1.986329,-0.017641,-0.010018,0.000000,0.010247,-0.011333,1,1.310120,88,0.107896,0.101253,1.986329,0.000419,1.317572,-0.010018,1.986344,1.300671,-0.010018,-0.017641,0.000000,0.012518,-0.396332,-29.728302,-0.016901,0.000000,0.001330,0.001998,-0.000028,0.001330,0.107896,0.101253,-9.808884,-0.002195,0.004495,0.000000,2.853805,0.002003,27.000000,0.013045,1.986344,0.000419,-0.017641,0.000000,-0.017000,0.000000,16,0,1,31,28,-0.003159,-0.004005,-0.009969,-0.119669,0.007226,8.640974,1.283008,0.002003,0.010815,6,1,0,0.000000,0,1.310120,0.000000,0.010247,0,-0.027142,0.000000,-0.011333,1.310120,-0.027142,1,1,1,0.656384,0.000000,0.000000,0.000000,0.000000,0.000000,0.000000,0.000000
5.4501,1.986508,-0.016874,-0.018283,0.000000,0.030701,-0.028207,1,1.310120,98,0.107279,0.101248,1.986508,0.002513,1.316596,-0.018283,1.986536,1.299687,-0.018283,-0.016874,0.000000,0.012527,-0.396332,-29.728302,-0.016909,0.000000,0.001307,0.001995,0.000066,0.001307,0.107279,0.101248,-9.808891,0.004149,-0.007826,0.000000,2.853588,0.002022,27.000000,0.013045,1.986536,0.002513,-0.016874,0.000000,-0.017000,0.000000,21,0,1,31,28,0.005366,0.006818,-0.018370,0.000775,0.236122,11.026388,1.282792,0.002022,0.010760,7,1,0,0.000000,0,1.310120,0.000000,0.030701,0,-0.027142,0.000000,-0.028207,1.310120,-0.027142,1,1,1,0.656427,0.000000,0.000000,0.000000,0.000000,0.000000,0.000000,0.000000
5.4601,1.986267,-0.017641,0.009530,0.000000,0.010647,-0.011333,1,1.310120,108,0.108649,0.100658,1.986267,-0.004503,1.317429,0.009530,1.986247,1.300539,0.009530,-0.017641,0.000000,0.012561,-0.396332,-29.728302,-0.016890,0.000000,0.001221,0.001986,-0.000124,0.001221,0.108649,0.100658,-9.808882,0.013604,0.004256,0.000000,2.853671,0.002106,27.000000,0.013045,1.986247,-0.004503,-0.017641,0.000000,-0.017000,0.000000,26,0,1,31,28,-0.009572,0.010680,0.009397,-0.308666,0.100758,9.579693,1.282875,0.002106,0.010893,6,1,0,0.000000,0,1.310120,0.000000,0.010647,0,-0.027142,0.000000,-0.011333,1.310120,-0.027142,1,1,1,0.656469,0.000000,0.000000,0.000000,0.000000,0.000000,0.000000,0.000000
5.4701,1.986542,-0.016874,0.005812,0.000000,0.028653,-0.028207,1,1.310120,118,0.108212,0.101845,1.986542,0.007645,1.316640,0.005812,1.986536,1.299748,0.005812,-0.016874,0.000000,0.012589,-0.396332,-29.728302,-0.016892,-0.001000,0.001151,0.002001,0.000389,0.001151,0.108212,0.101845,-9.808874,-0.009989,-0.001323,-0.001000,2.853648,0.002021,27.000000,0.013045,1.986536,0.007645,-0.016874,0.000000,-0.017000,-0.001000,31,0,1,31,28,0.005389,-0.008452,0.004919,-0.021495,0.165372,9.781507,1.282852,0.002021,0.010854,7,1,0,0.000000,0,1.310120,0.000000,0.028653,0,-0.027142,0.000000,-0.028207,1.310120,-0.027142,1,1,1,0.656510,0.000000,0.000000,0.000000,0.000000,0.000000,0.000000,0.000000
5.4801,1.986536,-0.016874,-0.014223,0.000000,0.020051,-0.020537,1,1.310120,128,0.108866,0.102190,1.986536,-0.002513,1.316707,-0.014223,1.986536,1.299805,-0.014223,-0.016874,0.000000,0.012646,-0.396332,-29.728302,-0.016902,0.000000,0.001006,0.001994,-0.000305,0.001006,0.108866,0.102190,-9.808864,-0.004602,-0.006148,0.000000,2.853706,0.002043,27.000000,0.013045,1.986536,-0.002513,-0.016874,0.000000,-0.017000,0.000000,36,0,1,31,28,0.007511,-0.001780,-0.014201,-0.937778,0.336540,10.596117,1.282909,0.002043,0.010920,6,1,0,0.000000,0,1.310120,0.000000,0.020051,0,-0.027142,0.000000,-0.020537,1.310120,-0.027142,1,1,1,0.656554,0.000000,0.000000,0.000000,0.000000,0.000000,0.000000,0.000000
5.4901,1.986617,-0.017641,-0.006294,0.000000,0.012833,-0.011333,1,1.310120,138,0.107671,0.099628,1.986617,0.005550,1.317355,-0.006294,1.986632,1.300455,-0.006294,-0.017641,0.000000,0.012437,-0.396332,-29.728302,-0.016900,0.001000,0.001534,0.001999,0.000414,0.001534,0.107671,0.099628,-9.808903,0.016945,0.000363,0.001000,2.853588,0.002088,27.000000,0.013045,1.986632,0.005550,-0.017641,0.000000,-0.017000,0.001000,41,0,1,31,28,-0.007447,0.015159,-0.005483,0.427854,-0.191968,9.309258,1.282792,0.002088,0.010795,7,1,0,0.000000,0,1.310120,0.000000,0.012833,0,-0.027142,0.000000,-0.011333,1.310120,-0.027142,1,1,1,0.656598,0.000000,0.000000,0.000000,0.000000,0.000000,0.000000,0.000000
5.5001,1.986760,-0.016874,0.022127,0.000000,0.027319,-0.028207,1,1.310120,148,0.108606,0.099996,1.986760,-0.001466,1.316670,0.022127,1.986727,1.299789,0.022127,-0.016874,0.000000,0.012451,-0.396332,-29.728302,-0.016881,0.000000,0.001498,0.001998,-0.000325,0.001498,0.108606,0.099996,-9.808889,0.001092,-0.001731,0.000000,2.853689,0.002072,27.000000,0.013045,1.986727,-0.001466,-0.016874,0.000000,-0.017000,0.000000,46,0,1,31,28,0.001114,0.001993,0.022104,-0.239144,0.249326,10.720112,1.282893,0.002072,0.010898,7,1,0,0.000000,0,1.310120,0.000000,0.027319,0,-0.027142,0.000000,-0.028207,1.310120,-0.027142,1,1,1,0.656642,0.000000,0.000000,0.000000,0.000000,0.000000,0.000000,0.000000
5.5101,1.986618,-0.016874,-0.019347,0.000000,0.019470,-0.020537,1,1.310120,158,0.109795,0.100818,1.986618,-0.000419,1.316795,-0.019347,1.986632,1.299888,-0.019347,-0.016874,0.000000,0.012528,-0.396332,-29.728302,-0.016906,0.001000,0.001303,0.002112,-0.000021,0.001303,0.109795,0.100818,-9.808867,0.008434,0.006650,0.001000,2.853788,0.002063,27.000000,0.013045,1.986632,-0.000419,-0.016874,0.000000,-0.017000,0.001000,51,0,1,31,28,-0.009574,0.004638,-0.018407,-0.444894,0.007640,8.592914,1.282992,0.002063,0.011017,7,1,0,0.000000,0,1.310120,0.000000,0.019470,0,-0.027142,0.000000,-0.020537,1.310120,-0.027142,1,1,1,0.656684,0.000000,0.000000,0.000000,0.000000,0.000000,0.000000,0.000000
5.5201,1.986718,-0.017641,-0.022852,0.000000,0.013574,-0.011333,1,1.310120,168,0.108696,0.101019,1.986718,0.003560,1.317373,-0.022852,1.986727,1.300462,-0.022852,-0.017641,0.000000,0.012530,-0.396332,-29.728302,-0.016911,0.000000,0.001299,0.001984,0.000129,0.001299,0.108696,0.101019,-9.808878,-0.010070,-0.008321,0.000000,2.853596,0.002038,27.000000,0.013045,1.986727,0.003560,-0.017641,0.000000,-0.017000,0.000000,56,0,1,31,28,0.011782,-0.005929,-0.022780,0.095542,0.089309,10.527313,1.282799,0.002038,0.010897,7,1,0,0.000000,0,1.310120,0.000000,0.013574,0,-0.027142,0.000000,-0.011333,1.310120,-0.027142,1,1,1,0.656726,0.000000,0.000000,0.000000,0.000000,0.000000,0.000000,0.000000
5.5301,1.986923,-0.017641,0.002881,0.000000,0.019397,-0.019003,1,1.310120,178,0.109079,0.101421,1.986923,0.000419,1.317348,0.002881,1.986919,1.300455,0.002881,-0.017641,0.000000,0.012624,-0.396332,-29.728302,-0.016892,0.000000,0.001062,0.002152,-0.000086,0.001062,0.109079,0.101421,-9.808869,0.000493,0.000901,0.000000,2.853588,0.002090,27.000000,0.013045,1.986919,0.000419,-0.017641,0.000000,-0.017000,0.000000,61,0,1,31,28,-0.001025,0.000105,0.002880,0.093672,-0.109507,9.587412,1.282792,0.002090,0.010935,7,1,0,0.000000,0,1.310120,0.000000,0.019397,0,-0.027142,0.000000,-0.019003,1.310120,-0.027142,1,1,1,0.656768,0.000000,0.000000,0.000000,0.000000,0.000000,0.000000,0.000000
5.5401,1.986450,-0.016874,0.011619,0.000000,0.026814,-0.028207,1,1.310120,188,0.109635,0.101459,1.986450,-0.002513,1.316719,0.011619,1.986440,1.299832,0.011619,-0.016874,0.000000,0.012646,-0.396332,-29.728302,-0.016887,0.000000,0.001006,0.002163,-0.000142,0.001006,0.109635,0.101459,-9.808863,0.008053,-0.002582,0.000000,2.853731,0.002116,27.000000,0.013045,1.986440,-0.002513,-0.016874,0.000000,-0.017000,0.000000,66,0,1,31,28,-0.001031,0.008540,0.011512,-0.167435,0.176488,8.872334,1.282935,0.002116,0.011000,6,1,0,0.000000,0,1.310120,0.000000,0.026814,0,-0.027142,0.000000,-0.028207,1.310120,-0.027142,1,1,1,0.656811,0.000000,0.000000,0.000000,0.000000,0.000000,0.000000,0.000000
5.5501,1.986626,-0.016874,-0.003773,0.000000,0.020475,-0.020537,1,1.310120,198,0.109085,0.099725,1.986626,0.001466,1.316739,-0.003773,1.986632,1.299840,-0.003773,-0.016874,0.000000,0.012434,-0.396332,-29.728302,-0.016899,0.000000,0.001542,0.002131,0.000091,0.001542,0.109085,0.099725,-9.808887,-0.009060,0.005303,0.000000,2.853740,0.002081,27.000000,0.013045,1.986632,0.001466,-0.016874,0.000000,-0.017000,0.000000,71,0,1,31,28,-0.001015,-0.010494,-0.003643,-0.077989,0.236770,10.193717,1.282944,0.002081,0.010947,7,1,0,0.000000,0,1.310120,0.000000,0.020475,0,-0.027142,0.000000,-0.020537,1.310120,-0.027142,1,1,1,0.656856,0.000000,0.000000,0.000000,0.000000,0.000000,0.000000,0.000000
5.5601,1.986790,-0.017641,-0.016466,0.000000,0.013991,-0.011333,1,1.310120,208,0.108854,0.100473,1.986790,0.003560,1.317293,-0.016466,1.986823,1.300387,-0.016466,-0.017641,0.000000,0.012497,-0.396332,-29.728302,-0.016906,0.000000,0.001382,0.002136,0.000335,0.001382,0.108854,0.100473,-9.808881,-0.004874,0.003385,0.000000,2.853520,0.002060,27.000000,0.013045,1.986823,0.003560,-0.017641,0.000000,-0.017000,0.000000,76,0,1,31,28,-0.001024,-0.006050,-0.016391,0.273710,-0.196310,8.878445,1.282724,0.002060,0.010914,6,1,0,0.000000,0,1.310120,0.000000,0.013991,0,-0.027142,0.000000,-0.011333,1.310120,-0.027142,1,1,1,0.656897,0.000000,0.000000,0.000000,0.000000,0.000000,0.000000,0.000000
5.5701,1.986734,-0.016874,-0.007581,0.000000,0.029106,-0.028207,1,1.310120,218,0.109587,0.099821,1.986734,-0.001466,1.316485,-0.007581,1.986727,1.299584,-0.007581,-0.016874,0.000000,0.012469,-0.396332,-29.728302,-0.016901,0.000000,0.001453,0.001945,-0.000210,0.001453,0.109587,0.099821,-9.808880,0.011174,0.003034,0.000000,2.853483,0.002106,27.000000,0.013045,1.986727,-0.001466,-0.016874,0.000000,-0.017000,0.000000,81,0,1,31,28,-0.007441,0.008776,-0.007691,-0.361841,0.223302,11.274856,1.282687,0.002106,0.010998,7,1,0,0.000000,0,1.310120,0.000000,0.029106,0,-0.027142,0.000000,-0.028207,1.310120,-0.027142,1,1,1,0.656940,0.000000,0.000000,0.000000,0.000000,0.000000,0.000000,0.000000
5.5801,1.986527,-0.016874,-0.006656,0.000000,0.019605,-0.020537,1,1.310120,228,0.110598,0.101012,1.986527,-0.000419,1.316603,-0.006656,1.986536,1.299706,-0.006656,-0.016874,0.000000,0.012557,-0.396332,-29.728302,-0.016896,0.001000,0.001232,0.002000,-0.000205,0.001232,0.110598,0.101012,-9.808856,0.004251,0.008573,0.001000,2.853606,0.002070,27.000000,0.013045,1.986536,-0.000419,-0.016874,0.000000,-0.017000,0.001000,86,0,1,31,28,-0.009566,0.000194,-0.005659,-0.216058,0.170670,8.565990,1.282809,0.002070,0.011099,7,1,0,0.000000,0,1.310120,0.000000,0.019605,0,-0.027142,0.000000,-0.020537,1.310120,-0.027142,1,1,1,0.656982,0.000000,0.000000,0.000000,0.000000,0.000000,0.000000,0.000000
5.5901,1.986800,-0.016874,-0.014321,0.000000,0.022541,-0.020537,1,1.310120,238,0.110046,0.101708,1.986800,0.004503,1.316466,-0.014321,1.986823,1.299563,-0.014321,-0.016874,0.000000,0.012588,-0.396332,-29.728302,-0.016903,0.000000,0.001152,0.002000,0.000411,0.001152,0.110046,0.101708,-9.808855,-0.011155,-0.010179,0.000000,2.853463,0.002032,27.000000,0.013045,1.986823,0.004503,-0.016874,0.000000,-0.017000,0.000000,91,0,1,31,28,0.013919,-0.006036,-0.014246,0.075429,-0.160508,9.845289,1.282667,0.002032,0.011041,7,1,0,0.000000,0,1.310120,0.000000,0.022541,0,-0.027142,0.000000,-0.020537,1.310120,-0.027142,1,1,1,0.657024,0.000000,0.000000,0.000000,0.000000,0.000000,0.000000,0.000000
5.6001,1.987221,-0.016874,0.018016,0.000000,0.020780,-0.020537,1,1.310120,248,0.110273,0.100714,1.987221,0.002513,1.316473,0.018016,1.987207,1.299591,0.018016,-0.016874,0.000000,0.012594,-0.396332,-29.728302,-0.016882,0.000000,0.001137,0.001972,-0.000095,0.001137,0.110273,0.100714,-9.808863,0.007900,-0.002521,0.000000,2.853490,0.002139,27.000000,0.013045,1.987207,0.002513,-0.016874,0.000000,-0.017000,0.000000,96,0,1,31,28,-0.001029,0.008454,0.017911,-0.096690,0.008922,10.057429,1.282693,0.002139,0.011066,7,1,0,0.000000,0,1.310120,0.000000,0.020780,0,-0.027142,0.000000,-0.020537,1.310120,-0.027142,1,1,1,0.657068,0.000000,0.000000,0.000000,0.000000,0.000000,0.000000,0.000000
5.6101,1.986819,-0.017641,-0.005443,0.000000,0.011462,-0.011333,1,1.310120,2,0.110432,0.101089,1.986819,-0.001466,1.317288,-0.005443,1.986823,1.300391,-0.005443,-0.017641,0.000000,0.012677,-0.396332,-29.728302,-0.016898,0.000000,0.000929,0.002000,-0.000077,0.000929,0.110432,0.101089,-9.808858,0.009345,-0.000833,0.000000,2.853522,0.002174,27.000000,0.013045,1.986823,-0.001466,-0.017641,0.000000,-0.017000,0.000000,101,0,1,31,28,-0.003171,0.008760,-0.005554,0.100373,0.166834,8.891552,1.282726,0.002174,0.011074,7,1,0,0.000000,0,1.310120,0.000000,0.011462,0,-0.027142,0.000000,-0.011333,1.310120,-0.027142,1,1,1,0.657109,0.000000,0.000000,0.000000,0.000000,0.000000,0.000000,0.000000
5.6201,1.986936,-0.016874,0.015776,0.000000,0.028101,-0.028207,1,1.310120,12,0.110631,0.100137,1.986936,-0.001466,1.316554,0.015776,1.986919,1.299670,0.015776,-0.016874,0.000000,0.012501,-0.396332,-29.728302,-0.016884,0.000000,0.001374,0.002063,-0.000019,0.001374,0.110631,0.100137,-9.808865,0.005852,0.003127,0.000000,2.853569,0.002103,27.000000,0.013045,1.986919,-0.001466,-0.016874,0.000000,-0.017000,0.000000,106,0,1,31,28,-0.005294,0.004197,0.015725,-0.134125,0.325407,10.759226,1.282773,0.002103,0.011104,7,1,0,0.000000,0,1.310120,0.000000,0.028101,0,-0.027142,0.000000,-0.028207,1.310120,-0.027142,1,1,1,0.657153,0.000000,0.000000,0.000000,0.000000,0.000000,0.000000,0.000000
5.6301,1.986838,-0.016874,0.001053,0.000000,0.019061,-0.020537,1,1.310120,22,0.112003,0.099784,1.986838,-0.002513,1.316717,0.001053,1.986823,1.299823,0.001053,-0.016874,0.000000,0.012488,-0.396332,-29.728302,-0.016894,0.000000,0.001405,0.001995,-0.000040,0.001405,0.112003,0.099784,-9.808853,0.014855,0.001334,0.000000,2.853722,0.002124,27.000000,0.013045,1.986823,-0.002513,-0.016874,0.000000,-0.017000,0.000000,111,0,1,31,28,-0.007443,0.012937,0.000891,-0.244076,-0.105346,8.457924,1.282926,0.002124,0.011244,7,1,0,0.000000,0,1.310120,0.000000,0.019061,0,-0.027142,0.000000,-0.020537,1.310120,-0.027142,1,1,1,0.657196,0.000000,0.000000,0.000000,0.000000,0.000000,0.000000,0.000000
5.6401,1.986909,-0.017641,-0.001950,0.000000,0.012993,-0.011333,1,1.310120,32,0.110893,0.100258,1.986909,0.005550,1.317352,-0.001950,1.986919,1.300457,-0.001950,-0.017641,0.000000,0.012562,-0.396332,-29.728302,-0.016896,0.000000,0.001218,0.002018,0.000233,0.001218,0.110893,0.100258,-9.808861,-0.021633,0.008771,0.000000,2.853588,0.002144,27.000000,0.013045,1.986919,0.005550,-0.017641,0.000000,-0.017000,0.000000,116,0,1,31,28,0.001133,-0.023338,-0.001657,-0.017373,0.391832,11.583026,1.282792,0.002144,0.011122,7,1,0,0.000000,0,1.310120,0.000000,0.012993,0,-0.027142,0.000000,-0.011333,1.310120,-0.027142,1,1,1,0.657237,0.000000,0.000000,0.000000,0.000000,0.000000,0.000000,0.000000
5.6501,1.987098,-0.017641,-0.007884,0.000000,0.021287,-0.019003,1,1.310120,42,0.110867,0.100683,1.987098,-0.000419,1.317193,-0.007884,1.987111,1.300293,-0.007884,-0.017641,0.000000,0.012594,-0.396332,-29.728302,-0.016899,0.000000,0.001138,0.002012,0.000018,0.001138,0.110867,0.100683,-9.808857,-0.003134,0.002580,0.000000,2.853425,0.002132,27.000000,0.013045,1.987111,-0.000419,-0.017641,0.000000,-0.017000,0.000000,121,0,1,31,28,-0.001023,-0.004027,-0.007834,0.246390,-0.258881,9.298898,1.282629,0.002132,0.011119,7,1,0,0.000000,0,1.310120,0.000000,0.021287,0,-0.027142,0.000000,-0.019003,1.310120,-0.027142,1,1,1,0.657279,0.000000,0.000000,0.000000,0.000000,0.000000,0.000000,0.000000
5.6601,1.986761,-0.016874,0.007908,0.000000,0.026843,-0.028207,1,1.310120,52,0.111752,0.098762,1.986761,-0.001466,1.316586,0.007908,1.986727,1.299694,0.007908,-0.016874,0.000000,0.012351,-0.396332,-29.728302,-0.016891,0.000000,0.001750,0.001863,-0.000228,0.001750,0.111752,0.098762,-9.808866,0.033058,-0.004705,0.000000,2.853593,0.002092,27.000000,0.013045,1.986727,-0.001466,-0.016874,0.000000,-0.017000,0.000000,126,0,1,31,28,-0.018128,0.029775,0.018145,-0.222595,-0.228798,9.164907,1.282792,0.002098,0.011198,7,1,0,0.000000,0,1.310120,0.000000,0.026843,0,-0.027142,0.000000,-0.028207,1.310120,-0.027142,1,1,1,0.657323,0.000000,0.000000,0.000000,0.000000,0.000000,0.000000,0.000000
5.6701,1.986811,-0.016874,-0.005492,0.000000,0.019652,-0.020537,1,1.310120,62,0.112220,0.099684,1.986811,0.001466,1.316692,-0.005492,1.986823,1.299794,-0.005492,-0.016874,0.000000,0.012427,-0.396332,-29.728302,-0.016898,0.000000,0.001559,0.002012,-0.000003,0.001559,0.112220,0.099684,-9.808852,0.005624,-0.003811,0.000000,2.853693,0.002073,27.000000,0.013045,1.986823,0.001466,-0.016874,0.000000,-0.017000,0.000000,131,0,1,31,28,0.001101,0.006636,-0.005575,-0.014956,0.028174,8.497696,1.282897,0.002073,0.011267,6,1,0,0.000000,0,1.310120,0.000000,0.019652,0,-0.027142,0.000000,-0.020537,1.310120,-0.027142,1,1,1,0.657365,0.000000,0.000000,0.000000,0.000000,0.000000,0.000000,0.000000
5.6801,1.986966,-0.017641,-0.024181,0.000000,0.014688,-0.011333,1,1.310120,72,0.111401,0.099108,1.986966,0.001466,1.317203,-0.024181,1.987015,1.300291,-0.024181,-0.017641,0.000000,0.012448,-0.396332,-29.728302,-0.016912,-0.001000,0.001507,0.002127,0.000079,0.001507,0.111401,0.099108,-9.808867,-0.022240,-0.014454,-0.001000,2.853422,0.002145,27.000000,0.013045,1.987015,0.001466,-0.017641,0.000000,-0.017000,-0.001000,136,0,1,31,28,0.022463,-0.014417,-0.025003,0.130429,0.170167,9.398838,1.282626,0.002145,0.011176,6,1,0,0.000000,0,1.310120,0.000000,0.014688,0,-0.027142,0.000000,-0.011333,1.310120,-0.027142,1,1,1,0.657405,0.000000,0.000000,0.000000,0.000000,0.000000,0.000000,0.000000
5.6901,1.987036,-0.017641,0.013840,0.000000,0.020170,-0.019003,1,1.310120,82,0.111534,0.098883,1.987036,-0.000419,1.317134,0.013840,1.987015,1.300248,0.013840,-0.017641,0.000000,0.012457,-0.396332,-29.728302,-0.016886,0.000000,0.001485,0.002000,0.000003,0.001485,0.111534,0.098883,-9.808868,0.018123,0.009212,0.000000,2.853379,0.002177,27.000000,0.013045,1.987015,-0.000419,-0.017641,0.000000,-0.017000,0.000000,141,0,1,31,28,-0.015977,0.012742,0.013682,-0.173437,0.490178,10.579018,1.282583,0.002177,0.011190,7,1,0,0.000000,0,1.310120,0.000000,0.020170,0,-0.027142,0.000000,-0.019003,1.310120,-0.027142,1,1,1,0.657447,0.000000,0.000000,0.000000,0.000000,0.000000,0.000000,0.000000
5.7001,1.986752,-0.016874,0.017058,0.000000,0.026212,-0.028207,1,1.310120,92,0.112579,0.099897,1.986752,-0.001466,1.316589,0.017058,1.986727,1.299709,0.017058,-0.016874,0.000000,0.012517,-0.396332,-29.728302,-0.016880,0.001000,0.001332,0.002032,-0.000235,0.001332,0.112579,0.099897,-9.808845,0.014292,0.006290,0.001000,2.853607,0.002141,27.000000,0.013045,1.986727,-0.001466,-0.016874,0.000000,-0.017000,0.001000,146,0,1,31,28,-0.011704,0.010561,0.017927,-0.148016,-0.060194,8.678559,1.282811,0.002141,0.011303,7,1,0,0.000000,0,1.310120,0.000000,0.026212,0,-0.027142,0.000000,-0.028207,1.310120,-0.027142,1,1,1,0.657488,0.000000,0.000000,0.000000,0.000000,0.000000,0.000000,0.000000
5.7101,1.986910,-0.016874,-0.012450,0.000000,0.020153,-0.020537,1,1.310120,102,0.113034,0.100187,1.986910,-0.000419,1.316667,-0.012450,1.986919,1.299765,-0.012450,-0.016874,0.000000,0.012530,-0.396332,-29.728302,-0.016902,0.000000,0.001301,0.001975,0.000194,0.001301,0.113034,0.100187,-9.808837,-0.019128,-0.001802,0.000000,2.853663,0.002123,27.000000,0.013045,1.986919,-0.000419,-0.016874,0.000000,-0.017000,0.000000,151,0,1,31,28,0.009662,-0.016761,-0.012241,-0.573009,0.330373,11.113095,1.282867,0.002123,0.011349,7,1,0,0.000000,0,1.310120,0.000000,0.020153,0,-0.027142,0.000000,-0.020537,1.310120,-0.027142,1,1,1,0.657529,0.000000,0.000000,0.000000,0.000000,0.000000,0.000000,0.000000
5.7201,1.986986,-0.017641,-0.029256,0.000000,0.014265,-0.011333,1,1.310120,112,0.112140,0.100670,1.986986,0.001466,1.317215,-0.029256,1.987015,1.300302,-0.029256,-0.017641,0.000000,0.012616,-0.396332,-29.728302,-0.016914,0.000000,0.001082,0.001999,0.000148,0.001082,0.112140,0.100670,-9.808842,-0.007244,-0.002569,0.000000,2.853433,0.002153,27.000000,0.013045,1.987015,0.001466,-0.017641,0.000000,-0.017000,0.000000,156,0,1,31,28,0.005376,-0.005862,-0.029184,0.236678,-0.004013,9.569424,1.282637,0.002153,0.011249,7,1,0,0.000000,0,1.310120,0.000000,0.014265,0,-0.027142,0.000000,-0.011333,1.310120,-0.027142,1,1,1,0.657569,0.000000,0.000000,0.000000,0.000000,0.000000,0.000000,0.000000
5.7301,1.987030,-0.016874,0.016083,0.000000,0.028210,-0.028207,1,1.310120,122,0.112241,0.100482,1.987030,-0.000419,1.316469,0.016083,1.987015,1.299587,0.016083,-0.016874,0.000000,0.012592,-0.396332,-29.728302,-0.016882,0.000000,0.001143,0.001999,-0.000002,0.001143,0.112241,0.100482,-9.808843,0.019273,0.001640,0.000000,2.853485,0.002157,27.000000,0.013045,1.987015,-0.000419,-0.016874,0.000000,-0.017000,0.000000,161,0,1,31,28,-0.009577,0.017006,0.015870,0.102987,-0.249632,9.318038,1.282689,0.002157,0.011267,7,1,0,0.000000,0,1.310120,0.000000,0.028210,0,-0.027142,0.000000,-0.028207,1.310120,-0.027142,1,1,1,0.657611,0.000000,0.000000,0.000000,0.000000,0.000000,0.000000,0.000000
5.7401,1.986932,-0.016874,0.009429,0.000000,0.018513,-0.020537,1,1.310120,132,0.113513,0.101507,1.986932,-0.000419,1.316685,0.009429,1.986919,1.299800,0.009429,-0.016874,0.000000,0.012689,-0.396332,-29.728302,-0.016885,0.000000,0.000899,0.002156,-0.000153,0.000899,0.113513,0.101507,-9.808818,0.008832,0.004106,0.000000,2.853698,0.002147,27.000000,0.013045,1.986919,-0.000419,-0.016874,0.000000,-0.017000,0.000000,166,0,1,31,28,-0.007433,0.006413,0.009349,-0.516190,0.172799,10.709591,1.282902,0.002147,0.011395,6,1,0,0.000000,0,1.310120,0.000000,0.018513,0,-0.027142,0.000000,-0.020537,1.310120,-0.027142,1,1,1,0.657652,0.000000,0.000000,0.000000,0.000000,0.000000,0.000000,0.000000
5.7501,1.987070,-0.017641,-0.018834,0.000000,0.013930,-0.011333,1,1.310120,142,0.113081,0.098828,1.987070,0.002513,1.317267,-0.018834,1.987111,1.300359,-0.018834,-0.017641,0.000000,0.012401,-0.396332,-29.728302,-0.016908,0.000000,0.001624,0.001932,0.000231,0.001624,0.113081,0.098828,-9.808850,-0.024332,-0.013487,0.000000,2.853490,0.002124,27.000000,0.013045,1.987111,0.002513,-0.017641,0.000000,-0.017000,0.000000,171,0,1,31,28,0.022467,-0.016639,-0.018629,0.036756,0.227388,10.184128,1.282694,0.002124,0.011348,7,1,0,0.000000,0,1.310120,0.000000,0.013930,0,-0.027142,0.000000,-0.011333,1.310120,-0.027142,1,1,1,0.657695,0.000000,0.000000,0.000000,0.000000,0.000000,0.000000,0.000000
5.7601,1.986917,-0.016874,-0.001168,0.000000,0.028997,-0.028207,1,1.310120,152,0.113670,0.098826,1.986917,-0.002513,1.316465,-0.001168,1.986919,1.299569,-0.001168,-0.016874,0.000000,0.012458,-0.396332,-29.728302,-0.016895,0.000000,0.001481,0.001999,-0.000304,0.001481,0.113670,0.098826,-9.808844,0.003903,-0.012422,0.000000,2.853467,0.002189,27.000000,0.013045,1.986919,-0.002513,-0.016874,0.000000,-0.017000,0.000000,176,0,1,31,28,0.009638,0.008740,-0.001277,-0.536252,0.421753,10.683369,1.282670,0.002189,0.011416,6,1,0,0.000000,0,1.310120,0.000000,0.028997,0,-0.027142,0.000000,-0.028207,1.310120,-0.027142,1,1,1,0.657735,0.000000,0.000000,0.000000,0.000000,0.000000,0.000000,0.000000
5.7701,1.986925,-0.016874,-0.003116,0.000000,0.019784,-0.020537,1,1.310120,162,0.114237,0.098307,1.986925,0.000419,1.316576,-0.003116,1.986919,1.299679,-0.003116,-0.016874,0.000000,0.012432,-0.396332,-29.728302,-0.016897,0.000000,0.001547,0.001987,-0.000119,0.001547,0.114237,0.098307,-9.808842,0.021506,0.005319,0.000000,2.853576,0.002215,27.000000,0.013045,1.986919,0.000419,-0.016874,0.000000,-0.017000,0.000000,181,0,1,31,28,-0.013852,0.017249,-0.003330,-0.196023,-0.153483,8.486182,1.282780,0.002215,0.011475,6,1,0,0.000000,0,1.310120,0.000000,0.019784,0,-0.027142,0.000000,-0.020537,1.310120,-0.027142,1,1,1,0.657777,0.000000,0.000000,0.000000,0.000000,0.000000,0.000000,0.000000
5.7801,1.986999,-0.017641,-0.016870,0.000000,0.013350,-0.011333,1,1.310120,172,0.113495,0.099838,1.986999,0.000419,1.317211,-0.016870,1.987015,1.300307,-0.016870,-0.017641,0.000000,0.012540,-0.396332,-29.728302,-0.016905,0.000000,0.001273,0.002020,0.000125,0.001273,0.113495,0.099838,-9.808835,-0.024847,0.000857,0.000000,2.853437,0.002160,27.000000,0.013045,1.987015,0.000419,-0.017641,0.000000,-0.017000,0.000000,186,0,1,31,28,0.009667,-0.023115,-0.016581,-0.113685,0.253653,11.150905,1.282641,0.002160,0.011388,7,1,0,0.000000,0,1.310120,0.000000,0.013350,0,-0.027142,0.000000,-0.011333,1.310120,-0.027142,1,1,1,0.657817,0.000000,0.000000,0.000000,0.000000,0.000000,0.000000,0.000000
5.7901,1.987119,-0.016874,0.015630,0.000000,0.029523,-0.028207,1,1.310120,182,0.113947,0.099328,1.987119,-0.001466,1.316364,0.015630,1.987111,1.299482,0.015630,-0.016874,0.000000,0.012522,-0.396332,-29.728302,-0.016883,0.000000,0.001320,0.001992,-0.000177,0.001320,0.113947,0.099328,-9.808835,-0.004420,-0.003889,0.000000,2.853379,0.002201,27.000000,0.013045,1.987111,-0.001466,-0.016874,0.000000,-0.017000,0.000000,191,0,1,31,28,0.005385,-0.002183,0.015659,-0.517805,0.368280,10.367020,1.282583,0.002201,0.011443,7,1,0,0.000000,0,1.310120,0.000000,0.029523,0,-0.027142,0.000000,-0.028207,1.310120,-0.027142,1,1,1,0.657859,0.000000,0.000000,0.000000,0.000000,0.000000,0.000000,0.000000
5.8001,1.986940,-0.016874,0.009782,0.000000,0.018930,-0.020537,1,1.310120,192,0.114714,0.100221,1.986940,-0.001466,1.316563,0.009782,1.986919,1.299677,0.009782,-0.016874,0.000000,0.012622,-0.396332,-29.728302,-0.016885,0.000000,0.001066,0.001999,-0.000044,0.001066,0.114714,0.100221,-9.808817,0.026865,0.007546,0.000000,2.853574,0.002209,27.000000,0.013045,1.986919,-0.001466,-0.016874,0.000000,-0.017000,0.000000,196,0,1,31,28,-0.018122,0.021340,0.009514,-0.395219,-0.170105,9.050540,1.282778,0.002209,0.011520,7,1,0,0.000000,0,1.310120,0.000000,0.018930,0,-0.027142,0.000000,-0.020537,1.310120,-0.027142,1,1,1,0.657900,0.000000,0.000000,0.000000,0.000000,0.000000,0.000000,0.000000
5.8101,1.987197,-0.017641,-0.011560,0.000000,0.012812,-0.011333,1,1.310120,202,0.114146,0.101166,1.987197,0.003560,1.317251,-0.011560,1.987207,1.300350,-0.011560,-0.017641,0.000000,0.012605,-0.396332,-29.728302,-0.016901,-0.001000,0.001109,0.001999,0.000113,0.001109,0.114146,0.101166,-9.808814,-0.020331,0.005828,-0.001000,2.853481,0.002088,27.000000,0.013045,1.987207,0.003560,-0.017641,0.000000,-0.017000,-0.001000,0,0,1,31,28,0.003262,-0.021053,-0.012296,-0.132648,0.365912,11.353001,1.282685,0.002088,0.011452,7,1,0,0.000000,0,1.310120,0.000000,0.012812,0,-0.027142,0.000000,-0.011333,1.310120,-0.027142,1,1,1,0.657940,0.000000,0.000000,0.000000,0.000000,0.000000,0.000000,0.000000
5.8201,1.987192,-0.016874,-0.005691,0.000000,0.029719,-0.028207,1,1.310120,212,0.114212,0.099098,1.987192,-0.000419,1.316399,-0.005691,1.987207,1.299502,-0.005691,-0.016874,0.000000,0.012425,-0.396332,-29.728302,-0.016897,0.000000,0.001564,0.002001,-0.000183,0.001564,0.114212,0.099098,-9.808835,-0.005700,-0.007994,0.000000,2.853400,0.002128,27.000000,0.013045,1.987207,-0.000419,-0.016874,0.000000,-0.017000,0.000000,5,0,1,31,28,0.009648,-0.001888,-0.005668,0.091428,0.117016,9.053742,1.282603,0.002128,0.011471,6,1,0,0.000000,0,1.310120,0.000000,0.029719,0,-0.027142,0.000000,-0.028207,1.310120,-0.027142,1,1,1,0.657984,0.000000,0.000000,0.000000,0.000000,0.000000,0.000000,0.000000
5.8301,1.986940,-0.016874,0.001411,0.000000,0.019053,-0.020537,1,1.310120,222,0.115114,0.099075,1.986940,-0.002513,1.316576,0.001411,1.986919,1.299683,0.001411,-0.016874,0.000000,0.012479,-0.396332,-29.728302,-0.016893,0.000000,0.001427,0.002002,-0.000234,0.001427,0.115114,0.099075,-9.808824,0.029326,-0.002989,-0.000000,2.853581,0.002182,27.000000,0.013045,1.986919,-0.002513,-0.016874,0.000000,-0.017000,0.000000,10,0,1,31,28,-0.009593,0.027889,0.001063,-0.869541,0.471993,11.248313,1.282784,0.002182,0.011563,6,1,0,0.000000,0,1.310120,0.000000,0.019053,0,-0.027142,0.000000,-0.020537,1.310120,-0.027142,1,1,1,0.658024,0.000000,0.000000,0.000000,0.000000,0.000000,0.000000,0.000000
5.8401,1.987199,-0.017641,-0.012252,0.000000,0.013312,-0.011333,1,1.310120,232,0.114453,0.099902,1.987199,0.005550,1.317214,-0.012252,1.987207,1.300313,-0.012252,-0.017641,0.000000,0.012499,-0.396332,-29.728302,-0.016901,0.000000,0.001377,0.001999,0.000135,0.001377,0.114453,0.099902,-9.808824,-0.006912,0.004329,0.000000,2.853445,0.002110,27.000000,0.013045,1.987207,0.005550,-0.017641,0.000000,-0.017000,0.000000,15,0,1,31,28,-0.001020,-0.008244,-0.012150,0.529780,0.076748,8.460257,1.282648,0.002110,0.011486,7,1,0,0.000000,0,1.310120,0.000000,0.013312,0,-0.027142,0.000000,-0.011333,1.310120,-0.027142,1,1,1,0.658063,0.000000,0.000000,0.000000,0.000000,0.000000,0.000000,0.000000
5.8501,1.987299,-0.016874,-0.000959,0.000000,0.029595,-0.028207,1,1.310120,242,0.114870,0.100016,1.987299,-0.000419,1.316375,-0.000959,1.987303,1.299482,-0.000959,-0.016874,0.000000,0.012560,-0.396332,-29.728302,-0.016893,0.000000,0.001223,0.001986,-0.000190,0.001223,0.114870,0.100016,-9.808818,0.010768,-0.017944,0.000000,2.853379,0.002168,27.000000,0.013045,1.987303,-0.000419,-0.016874,0.000000,-0.017000,0.000000,20,0,1,31,28,0.011764,0.017294,-0.001176,-0.154086,0.009009,10.047821,1.282583,0.002168,0.011536,7,1,0,0.000000,0,1.310120,0.000000,0.029595,0,-0.027142,0.000000,-0.028207,1.310120,-0.027142,1,1,1,0.658105,0.000000,0.000000,0.000000,0.000000,0.000000,0.000000,0.000000
5.8601,1.987121,-0.016874,0.003236,0.000000,0.019168,-0.020537,1,1.310120,252,0.115730,0.099413,1.987121,-0.000419,1.316547,0.003236,1.987111,1.299657,0.003236,-0.016874,0.000000,0.012551,-0.396332,-29.728302,-0.016890,0.000000,0.001247,0.001972,-0.000052,0.001247,0.115730,0.099413,-9.808814,0.017635,0.002397,0.000000,2.853554,0.002218,27.000000,0.013045,1.987111,-0.000419,-0.016874,0.000000,-0.017000,0.000000,25,0,1,31,28,-0.009579,0.015039,0.003047,-0.584265,0.413226,10.597118,1.282758,0.002218,0.011625,7,1,0,0.000000,0,1.310120,0.000000,0.019168,0,-0.027142,0.000000,-0.020537,1.310120,-0.027142,1,1,1,0.658145,0.000000,0.000000,0.000000,0.000000,0.000000,0.000000,0.000000
5.8701,1.987465,-0.016874,-0.007876,0.000000,0.022833,-0.020537,1,1.310120,6,0.115208,0.099147,1.987465,0.007645,1.316396,-0.007876,1.987495,1.299498,-0.007876,-0.016874,0.000000,0.012424,-0.396332,-29.728302,-0.016898,0.000000,0.001566,0.001981,0.000434,0.001566,0.115208,0.099147,-9.808822,-0.006701,-0.005179,0.000000,2.853396,0.002120,27.000000,0.013045,1.987495,0.007645,-0.016874,0.000000,-0.017000,0.000000,30,0,1,31,28,0.007515,-0.004002,-0.007827,0.057460,-0.071497,10.382115,1.282600,0.002120,0.011572,6,1,0,0.000000,0,1.310120,0.000000,0.022833,0,-0.027142,0.000000,-0.020537,1.310120,-0.027142,1,1,1,0.658188,0.000000,0.000000,0.000000,0.000000,0.000000,0.000000,0.000000
5.8801,1.987280,-0.017641,-0.003611,0.000000,0.014264,-0.011333,1,1.310120,16,0.115315,0.098601,1.987280,-0.000419,1.316976,-0.003611,1.987303,1.300080,-0.003611,-0.017641,0.000000,0.012431,-0.396332,-29.728302,-0.016896,0.000000,0.001549,0.002011,-0.000145,0.001549,0.115315,0.098601,-9.808827,-0.006804,-0.005130,0.000000,2.853210,0.002173,27.000000,0.013045,1.987303,-0.000419,-0.017641,0.000000,-0.017000,0.000000,35,0,1,31,28,0.007516,-0.004059,-0.003561,-0.268915,0.291800,10.375983,1.282414,0.002173,0.011576,7,1,0,0.000000,0,1.310120,0.000000,0.014264,0,-0.027142,0.000000,-0.011333,1.310120,-0.027142,1,1,1,0.658229,0.000000,0.000000,0.000000,0.000000,0.000000,0.000000,0.000000
5.8901,1.987321,-0.016874,0.011772,0.000000,0.029021,-0.028207,1,1.310120,26,0.115010,0.098901,1.987321,0.002513,1.316220,0.011772,1.987303,1.299335,0.011772,-0.016874,0.000000,0.012494,-0.396332,-29.728302,-0.016885,0.000000,0.001391,0.001998,-0.000015,0.001391,0.115010,0.098901,-9.808827,0.013871,-0.005275,0.000000,2.853231,0.002215,27.000000,0.013045,1.987303,0.002513,-0.016874,0.000000,-0.017000,0.000000,40,0,1,31,28,-0.001038,0.014950,0.011586,0.176879,0.185646,8.920502,1.282435,0.002215,0.011552,7,1,0,0.000000,0,1.310120,0.000000,0.029021,0,-0.027142,0.000000,-0.028207,1.310120,-0.027142,1,1,1,0.658269,0.000000,0.000000,0.000000,0.000000,0.000000,0.000000,0.000000
5.9001,1.987310,-0.016874,-0.001330,0.000000,0.020105,-0.020537,1,1.310120,36,0.116691,0.099766,1.987310,-0.001466,1.316349,-0.001330,1.987303,1.299457,-0.001330,-0.016874,0.000000,0.012522,-0.396332,-29.728302,-0.016892,0.000000,0.001319,0.002006,-0.000027,0.001319,0.116691,0.099766,-9.808799,0.001643,-0.001979,-0.000000,2.853354,0.002152,27.000000,0.013045,1.987303,-0.001466,-0.016874,0.000000,-0.017000,0.000000,45,0,1,31,28,0.001106,0.002305,-0.001359,-1.061018,0.331760,10.978806,1.282557,0.002152,0.011722,6,1,0,0.000000,0,1.310120,0.000000,0.020105,0,-0.027142,0.000000,-0.020537,1.310120,-0.027142,1,1,1,0.658310,0.000000,0.000000,0.000000,0.000000,0.000000,0.000000,0.000000
5.9101,1.987186,-0.017641,-0.018755,0.000000,0.014102,-0.011333,1,1.310120,46,0.115605,0.099874,1.987186,0.000419,1.316962,-0.018755,1.987207,1.300059,-0.018755,-0.017641,0.000000,0.012521,-0.396332,-29.728302,-0.016903,0.000000,0.001321,0.001988,0.000141,0.001321,0.115605,0.099874,-9.808810,-0.009748,0.007993,0.000000,2.853189,0.002133,27.000000,0.013045,1.987207,0.000419,-0.017641,0.000000,-0.017000,0.000000,50,0,1,31,28,-0.003152,-0.012439,-0.018601,0.435178,-0.050201,8.669469,1.282393,0.002133,0.011603,6,1,0,0.000000,0,1.310120,0.000000,0.014102,0,-0.027142,0.000000,-0.011333,1.310120,-0.027142,1,1,1,0.658351,0.000000,0.000000,0.000000,0.000000,0.000000,0.000000,0.000000
5.9201,1.987326,-0.016874,0.016846,0.000000,0.029160,-0.028207,1,1.310120,56,0.115470,0.099436,1.987326,0.000419,1.316190,0.016846,1.987303,1.299305,0.016846,-0.016874,0.000000,0.012569,-0.396332,-29.728302,-0.016884,-0.001000,0.001202,0.001981,-0.000210,0.001202,0.115470,0.099436,-9.808816,-0.001117,-0.017168,-0.001000,2.853202,0.002234,27.000000,0.013045,1.987303,0.000419,-0.016874,0.000000,-0.017000,-0.001000,55,0,1,31,28,0.016049,0.006395,0.015767,0.073563,0.130239,9.532386,1.282406,0.002234,0.011598,6,1,0,0.000000,0,1.310120,0.000000,0.029160,0,-0.027142,0.000000,-0.028207,1.310120,-0.027142,1,1,1,0.658391,0.000000,0.000000,0.000000,0.000000,0.000000,0.000000,0.000000
5.9301,1.987315,-0.017641,-0.005454,0.000000,0.009795,-0.011333,1,1.310120,66,0.116761,0.097458,1.987315,0.001466,1.317190,-0.005454,1.987303,1.300292,-0.005454,-0.017641,0.000000,0.012378,-0.396332,-29.728302,-0.016898,0.000000,0.001683,0.001999,-0.000051,0.001683,0.116761,0.097458,-9.808821,0.013805,0.008859,0.000000,2.853421,0.002234,27.000000,0.013045,1.987303,0.001466,-0.017641,0.000000,-0.017000,0.000000,60,0,1,31,28,-0.011714,0.015061,0.000912,-0.622527,0.168483,10.278811,1.282628,0.002244,0.011718,6,1,0,0.000000,0,1.310120,0.000000,0.009795,0,-0.027142,0.000000,-0.011333,1.310120,-0.027142,1,1,1,0.658433,0.000000,0.000000,0.000000,0.000000,0.000000,0.000000,0.000000
5.9401,1.987460,-0.016874,-0.010108,0.000000,0.031314,-0.028207,1,1.310120,76,0.115840,0.098707,1.987460,0.003560,1.316220,-0.010108,1.987495,1.299320,-0.010108,-0.016874,0.000000,0.012412,-0.396332,-29.728302,-0.016900,0.000000,0.001598,0.002010,0.000253,0.001598,0.115840,0.098707,-9.808819,-0.012312,-0.007290,0.000000,2.853217,0.002151,27.000000,0.013045,1.987495,0.003560,-0.016874,0.000000,-0.017000,0.000000,65,0,1,31,28,0.011788,-0.008236,-0.010006,0.323950,-0.122362,9.864975,1.282421,0.002151,0.011637,7,1,0,0.000000,0,1.310120,0.000000,0.031314,0,-0.027142,0.000000,-0.028207,1.310120,-0.027142,1,1,1,0.658473,0.000000,0.000000,0.000000,0.000000,0.000000,0.000000,0.000000
5.9501,1.987305,-0.017641,-0.001132,0.000000,0.011657,-0.011333,1,1.310120,86,0.116853,0.098461,1.987305,-0.003560,1.317042,-0.001132,1.987303,1.300149,-0.001132,-0.017641,0.000000,0.012448,-0.396332,-29.728302,-0.016894,0.000000,0.001507,0.002001,-0.000200,0.001507,0.116853,0.098461,-9.808810,0.012967,0.002190,0.000000,2.853278,0.002201,27.000000,0.013045,1.987303,-0.003560,-0.017641,0.000000,-0.017000,0.000000,70,0,1,31,28,-0.007441,0.010828,-0.001267,-0.315963,-0.041127,10.229052,1.282482,0.002201,0.011733,7,1,0,0.000000,0,1.310120,0.000000,0.011657,0,-0.027142,0.000000,-0.011333,1.310120,-0.027142,1,1,1,0.658514,0.000000,0.000000,0.000000,0.000000,0.000000,0.000000,0.000000
5.9601,1.987297,-0.016874,0.000696,0.000000,0.030229,-0.028207,1,1.310120,96,0.116224,0.099739,1.987297,0.004503,1.316182,0.000696,1.987303,1.299291,0.000696,-0.016874,0.000000,0.012524,-0.396332,-29.728302,-0.016891,0.000000,0.001316,0.002138,0.000304,0.001316,0.116224,0.099739,-9.808804,-0.000506,0.003713,-0.000000,2.853189,0.002157,27.000000,0.013045,1.987303,0.004503,-0.016874,0.000000,-0.017000,0.000000,75,0,1,31,28,-0.003158,-0.002009,0.000721,0.301437,0.118661,8.929480,1.282392,0.002157,0.011675,7,1,0,0.000000,0,1.310120,0.000000,0.030229,0,-0.027142,0.000000,-0.028207,1.310120,-0.027142,1,1,1,0.658552,0.000000,0.000000,0.000000,0.000000,0.000000,0.000000,0.000000
5.9701,1.987488,-0.016874,-0.009858,0.000000,0.022155,-0.020537,1,1.310120,106,0.117450,0.100237,1.987488,-0.003560,1.316147,-0.009858,1.987495,1.299250,-0.009858,-0.016874,0.000000,0.012559,-0.396332,-29.728302,-0.016897,0.000000,0.001227,0.002119,-0.000158,0.001227,0.117450,0.100237,-9.808785,0.000952,-0.004009,0.000000,2.853147,0.002139,27.000000,0.013045,1.987495,-0.003560,-0.016874,0.000000,-0.017000,0.000000,80,0,1,31,28,0.003238,0.002425,-0.009889,-0.737134,-0.058120,10.037197,1.282351,0.002139,0.011799,7,1,0,0.000000,0,1.310120,0.000000,0.022155,0,-0.027142,0.000000,-0.020537,1.310120,-0.027142,1,1,1,0.658593,0.000000,0.000000,0.000000,0.000000,0.000000,0.000000,0.000000
5.9801,1.987470,-0.017641,-0.020688,0.000000,0.015019,-0.011333,1,1.310120,116,0.116207,0.099949,1.987470,0.003560,1.316716,-0.020688,1.987495,1.299810,-0.020688,-0.017641,0.000000,0.012570,-0.396332,-29.728302,-0.016906,0.000000,0.001199,0.002003,0.000331,0.001199,0.116207,0.099949,-9.808802,0.001633,0.012141,0.000000,2.852940,0.002173,27.000000,0.013045,1.987495,0.003560,-0.017641,0.000000,-0.017000,0.000000,85,0,1,31,28,-0.011700,-0.003887,-0.020641,0.474001,0.107307,9.082605,1.282143,0.002173,0.011665,7,1,0,0.000000,0,1.310120,0.000000,0.015019,0,-0.027142,0.000000,-0.011333,1.310120,-0.027142,1,1,1,0.658632,0.000000,0.000000,0.000000,0.000000,0.000000,0.000000,0.000000
5.9901,1.987899,-0.017641,0.000701,0.000000,0.020345,-0.019003,1,1.310120,126,0.116956,0.097486,1.987899,-0.000419,1.316726,0.000701,1.987878,1.299833,0.000701,-0.017641,0.000000,0.012355,-0.396332,-29.728302,-0.016894,0.000000,0.001742,0.002008,-0.000110,0.001742,0.116956,0.097486,-9.808818,-0.003181,-0.002102,-0.000000,2.852962,0.002208,27.000000,0.013045,1.987878,-0.000419,-0.017641,0.000000,-0.017000,0.000000,90,0,1,31,28,0.013918,0.004195,0.020006,-0.022833,0.190151,9.322376,1.282165,0.002205,0.011746,7,1,0,0.000000,0,1.310120,0.000000,0.020345,0,-0.027142,0.000000,-0.019003,1.310120,-0.027142,1,1,1,0.658676,0.000000,0.000000,0.000000,0.000000,0.000000,0.000000,0.000000
6.0001,1.987500,-0.016874,0.003081,0.000000,0.027829,-0.028207,1,1.310120,136,0.118311,0.100120,1.987500,-0.002513,1.316116,0.003081,1.987495,1.299228,0.003081,-0.016874,0.000000,0.012592,-0.396332,-29.728302,-0.016888,0.000000,0.001144,0.002009,-0.000135,0.001144,0.118311,0.100120,-9.808776,0.011817,0.005077,0.000000,2.853124,0.002183,27.000000,0.013045,1.987495,-0.002513,-0.016874,0.000000,-0.017000,0.000000,95,0,1,31,28,-0.009572,0.008628,0.002973,-0.746130,0.268884,10.662556,1.282328,0.002183,0.011887,7,1,0,0.000000,0,1.310120,0.000000,0.027829,0,-0.027142,0.000000,-0.028207,1.310120,-0.027142,1,1,1,0.658715,0.000000,0.000000,0.000000,0.000000,0.000000,0.000000,0.000000
6.0101,1.987661,-0.017641,-0.020671,0.000000,0.012971,-0.011333,1,1.310120,146,0.117958,0.098904,1.987661,0.000419,1.316866,-0.020671,1.987686,1.299962,-0.020671,-0.017641,0.000000,0.012436,-0.396332,-29.728302,-0.016904,0.000000,0.001537,0.002154,0.000018,0.001537,0.117958,0.098904,-9.808792,-0.006405,-0.005308,0.000000,2.853092,0.002142,27.000000,0.013045,1.987686,0.000419,-0.017641,0.000000,-0.017000,0.000000,100,0,1,31,28,0.007511,-0.003832,-0.020625,-0.220619,-0.030453,10.143085,1.282296,0.002142,0.011845,6,1,0,0.000000,0,1.310120,0.000000,0.012971,0,-0.027142,0.000000,-0.011333,1.310120,-0.027142,1,1,1,0.658757,0.000000,0.000000,0.000000,0.000000,0.000000,0.000000,0.000000
6.0201,1.987860,-0.017641,-0.000601,0.000000,0.022141,-0.019003,1,1.310120,156,0.116908,0.098685,1.987860,0.003560,1.316701,-0.000601,1.987878,1.299810,-0.000601,-0.017641,0.000000,0.012477,-0.396332,-29.728302,-0.016891,0.001000,0.001434,0.002012,0.000232,0.001434,0.116908,0.098685,-9.808807,-0.018387,-0.004470,0.001000,2.852940,0.002207,27.000000,0.013045,1.987878,0.003560,-0.017641,0.000000,-0.017000,0.001000,105,0,1,31,28,0.011798,-0.014788,0.000584,0.229648,0.116536,10.652089,1.282143,0.002207,0.011738,6,1,0,0.000000,0,1.310120,0.000000,0.022141,0,-0.027142,0.000000,-0.019003,1.310120,-0.027142,1,1,1,0.658797,0.000000,0.000000,0.000000,0.000000,0.000000,0.000000,0.000000
6.0301,1.987515,-0.017641,0.001263,0.000000,0.019402,-0.019003,1,1.310120,166,0.118091,0.097294,1.987515,-0.003560,1.316804,0.001263,1.987495,1.299911,0.001263,-0.017641,0.000000,0.012422,-0.396332,-29.728302,-0.016893,0.000000,0.001572,0.002021,-0.000422,0.001572,0.118091,0.097294,-9.808807,0.019934,-0.008093,-0.000000,2.853040,0.002292,27.000000,0.013045,1.987495,-0.003560,-0.017641,0.000000,-0.017000,0.000000,110,0,1,31,28,-0.001048,0.021503,0.000996,-0.244008,0.101483,8.747115,1.282243,0.002292,0.011861,7,1,0,0.000000,0,1.310120,0.000000,0.019402,0,-0.027142,0.000000,-0.019003,1.310120,-0.027142,1,1,1,0.658839,0.000000,0.000000,0.000000,0.000000,0.000000,0.000000,0.000000
6.0401,1.987597,-0.016874,0.005106,0.000000,0.029379,-0.028207,1,1.310120,176,0.118052,0.099313,1.987597,0.004503,1.316052,0.005106,1.987590,1.299165,0.005106,-0.016874,0.000000,0.012530,-0.396332,-29.728302,-0.016887,0.000000,0.001299,0.002111,0.000084,0.001299,0.118052,0.099313,-9.808787,0.009671,0.010769,0.000000,2.853061,0.002204,27.000000,0.013045,1.987590,0.004503,-0.016874,0.000000,-0.017000,0.000000,115,0,1,31,28,-0.013836,0.004314,0.005052,-0.314092,0.308325,11.361875,1.282264,0.002204,0.011862,7,1,0,0.000000,0,1.310120,0.000000,0.029379,0,-0.027142,0.000000,-0.028207,1.310120,-0.027142,1,1,1,0.658878,0.000000,0.000000,0.000000,0.000000,0.000000,0.000000,0.000000
6.0501,1.987478,-0.017641,-0.005855,0.000000,0.013473,-0.011333,1,1.310120,186,0.118422,0.099382,1.987478,-0.002513,1.316762,-0.005855,1.987495,1.299868,-0.005855,-0.017641,0.000000,0.012514,-0.396332,-29.728302,-0.016894,0.000000,0.001341,0.001849,0.000006,0.001341,0.118422,0.099382,-9.808782,-0.007061,0.004398,0.000000,2.852997,0.002170,27.000000,0.013045,1.987495,-0.002513,-0.017641,0.000000,-0.017000,0.000000,120,0,1,31,28,-0.001018,-0.008329,-0.005751,0.036832,-0.149553,9.730529,1.282201,0.002170,0.011891,6,1,0,0.000000,0,1.310120,0.000000,0.013473,0,-0.027142,0.000000,-0.011333,1.310120,-0.027142,1,1,1,0.658919,0.000000,0.000000,0.000000,0.000000,0.000000,0.000000,0.000000
6.0601,1.987773,-0.017641,0.000921,0.000000,0.022133,-0.019003,1,1.310120,196,0.117929,0.099700,1.987773,0.004503,1.316622,0.000921,1.987782,1.299732,0.000921,-0.017641,0.000000,0.012611,-0.396332,-29.728302,-0.016890,0.000000,0.001096,0.002001,0.000137,0.001096,0.117929,0.099700,-9.808784,-0.001679,-0.019263,-0.000000,2.852861,0.002236,27.000000,0.013045,1.987782,0.004503,-0.017641,0.000000,-0.017000,0.000000,125,0,1,31,28,0.018179,0.006599,0.000838,0.123186,0.141023,10.212027,1.282064,0.002236,0.011840,7,1,0,0.000000,0,1.310120,0.000000,0.022133,0,-0.027142,0.000000,-0.019003,1.310120,-0.027142,1,1,1,0.658959,0.000000,0.000000,0.000000,0.000000,0.000000,0.000000,0.000000
6.0701,1.988079,-0.017641,0.007249,0.000000,0.020021,-0.019003,1,1.310120,206,0.118871,0.097529,1.988079,0.002513,1.316683,0.007249,1.988070,1.299795,0.007249,-0.017641,0.000000,0.012432,-0.396332,-29.728302,-0.016889,0.000000,0.001547,0.001997,0.000173,0.001547,0.118871,0.097529,-9.808795,0.004272,-0.000851,0.000000,2.852923,0.002277,27.000000,0.013045,1.988070,0.002513,-0.017641,0.000000,-0.017000,0.000000,130,0,1,31,28,-0.001028,0.004322,0.007196,-0.165846,0.169418,9.446489,1.282126,0.002277,0.011940,6,1,0,0.000000,0,1.310120,0.000000,0.020021,0,-0.027142,0.000000,-0.019003,1.310120,-0.027142,1,1,1,0.659003,0.000000,0.000000,0.000000,0.000000,0.000000,0.000000,0.000000
6.0801,1.987687,-0.016874,0.000797,0.000000,0.029522,-0.028207,1,1.310120,216,0.118488,0.097649,1.987687,0.001466,1.315948,0.000797,1.987686,1.299055,0.000797,-0.016874,0.000000,0.012395,-0.396332,-29.728302,-0.016893,0.000000,0.001640,0.002029,0.000160,0.001640,0.118488,0.097649,-9.808798,0.004267,0.003861,-0.000000,2.852951,0.002237,27.000000,0.013045,1.987686,0.001466,-0.016874,0.000000,-0.017000,0.000000,135,0,1,31,28,-0.005297,0.002258,0.000769,-0.002552,-0.031531,9.463717,1.282155,0.002237,0.011909,7,1,0,0.000000,0,1.310120,0.000000,0.029522,0,-0.027142,0.000000,-0.028207,1.310120,-0.027142,1,1,1,0.659043,0.000000,0.000000,0.000000,0.000000,0.000000,0.000000,0.000000
6.0901,1.987683,-0.016874,-0.007827,0.000000,0.022697,-0.020537,1,1.310120,226,0.118740,0.098912,1.987683,0.001466,1.315904,-0.007827,1.987686,1.299008,-0.007827,-0.016874,0.000000,0.012523,-0.396332,-29.728302,-0.016896,0.000000,0.001316,0.002001,-0.000001,0.001316,0.118740,0.098912,-9.808783,-0.003870,-0.004135,0.000000,2.852904,0.002237,27.000000,0.013045,1.987686,0.001466,-0.016874,0.000000,-0.017000,0.000000,140,0,1,31,28,0.005378,-0.001872,-0.007804,-0.381937,0.255865,10.959345,1.282107,0.002237,0.011932,6,1,0,0.000000,0,1.310120,0.000000,0.022697,0,-0.027142,0.000000,-0.020537,1.310120,-0.027142,1,1,1,0.659084,0.000000,0.000000,0.000000,0.000000,0.000000,0.000000,0.000000
6.1001,1.987943,-0.017641,-0.020775,0.000000,0.015336,-0.011333,1,1.310120,236,0.118612,0.098912,1.987943,0.004503,1.316485,-0.020775,1.987974,1.299582,-0.020775,-0.017641,0.000000,0.012564,-0.396332,-29.728302,-0.016904,0.000000,0.001215,0.002153,0.000243,0.001215,0.118612,0.098912,-9.808784,-0.010281,-0.003511,0.000000,2.852710,0.002268,27.000000,0.013045,1.987974,0.004503,-0.017641,0.000000,-0.017000,0.000000,145,0,1,31,28,0.007515,-0.008106,-0.020675,0.330815,-0.157442,8.831020,1.281914,0.002268,0.011911,6,1,0,0.000000,0,1.310120,0.000000,0.015336,0,-0.027142,0.000000,-0.011333,1.310120,-0.027142,1,1,1,0.659124,0.000000,0.000000,0.000000,0.000000,0.000000,0.000000,0.000000
6.1101,1.987885,-0.016874,0.005583,0.000000,0.031465,-0.028207,1,1.310120,246,0.119347,0.100011,1.987885,-0.001466,1.315602,0.005583,1.987878,1.298716,0.005583,-0.016874,0.000000,0.012643,-0.396332,-29.728302,-0.016885,0.000000,0.001015,0.001999,0.000022,0.001015,0.119347,0.100011,-9.808764,0.022668,-0.006996,0.000000,2.852611,0.002243,27.000000,0.013045,1.987878,-0.001466,-0.016874,0.000000,-0.017000,0.000000,150,0,1,31,28,-0.003183,0.023577,0.005285,-0.105327,-0.334135,9.958272,1.281815,0.002243,0.011992,7,1,0,0.000000,0,1.310120,0.000000,0.031465,0,-0.027142,0.000000,-0.028207,1.310120,-0.027142,1,1,1,0.659164,0.000000,0.000000,0.000000,0.000000,0.000000,0.000000,0.000000
6.1201,1.987612,-0.016874,0.005316,0.000000,0.020616,-0.020537,1,1.310120,0,0.120314,0.097394,1.987612,-0.003560,1.315788,0.005316,1.987590,1.298899,0.005316,-0.016874,0.000000,0.012377,-0.396332,-29.728302,-0.016889,0.000000,0.001685,0.001999,-0.000236,0.001685,0.120314,0.097394,-9.808779,0.014756,0.001367,0.000000,2.852794,0.002243,27.000000,0.013045,1.987590,-0.003560,-0.016874,0.000000,-0.017000,0.000000,155,0,1,31,28,-0.003168,0.010670,0.011535,-0.479381,0.263944,10.299004,1.281994,0.002247,0.012087,7,1,0,0.000000,0,1.310120,0.000000,0.020616,0,-0.027142,0.000000,-0.020537,1.310120,-0.027142,1,1,1,0.659207,0.000000,0.000000,0.000000,0.000000,0.000000,0.000000,0.000000
6.1301,1.988036,-0.017641,-0.001966,0.000000,0.014707,-0.011333,1,1.310120,10,0.119613,0.097641,1.988036,0.006597,1.316441,-0.001966,1.988070,1.299543,-0.001966,-0.017641,0.000000,0.012435,-0.396332,-29.728302,-0.016898,-0.002000,0.001540,0.001999,0.000232,0.001540,0.119613,0.097641,-9.808785,-0.023059,-0.004654,-0.002000,2.852671,0.002267,27.000000,0.013045,1.988070,0.006597,-0.017641,0.000000,-0.017000,-0.002000,160,0,1,31,28,0.013936,-0.018999,-0.003730,0.036795,0.170723,10.126134,1.281875,0.002267,0.012016,7,1,0,0.000000,0,1.310120,0.000000,0.014707,0,-0.027142,0.000000,-0.011333,1.310120,-0.027142,1,1,1,0.659248,0.000000,0.000000,0.000000,0.000000,0.000000,0.000000,0.000000
6.1401,1.988370,-0.017641,0.004915,0.000000,0.021611,-0.019003,1,1.310120,20,0.119871,0.097689,1.988370,0.002513,1.316394,0.004915,1.988357,1.299505,0.004915,-0.017641,0.000000,0.012485,-0.396332,-29.728302,-0.016889,0.000000,0.001413,0.002000,0.000096,0.001413,0.119871,0.097689,-9.808781,-0.005221,-0.001156,0.000000,2.852632,0.002312,27.000000,0.013045,1.988357,0.002513,-0.017641,0.000000,-0.017000,0.000000,165,0,1,31,28,0.003250,-0.004185,0.004967,-0.173723,0.369054,10.319400,1.281836,0.002312,0.012042,6,1,0,0.000000,0,1.310120,0.000000,0.021611,0,-0.027142,0.000000,-0.019003,1.310120,-0.027142,1,1,1,0.659289,0.000000,0.000000,0.000000,0.000000,0.000000,0.000000,0.000000
6.1501,1.987814,-0.017641,0.024654,0.000000,0.018539,-0.019003,1,1.310120,30,0.120614,0.098439,1.987814,-0.002513,1.316603,0.024654,1.987782,1.299729,0.024654,-0.017641,0.000000,0.012523,-0.396332,-29.728302,-0.016873,0.000000,0.001317,0.002002,-0.000160,0.001317,0.120614,0.098439,-9.808765,0.025481,0.010496,0.000000,2.852857,0.002272,27.000000,0.013045,1.987782,-0.002513,-0.017641,0.000000,-0.017000,0.000000,170,0,1,31,28,-0.020250,0.018999,0.024418,-0.177356,-0.029050,8.477875,1.282061,0.002272,0.012116,7,1,0,0.000000,0,1.310120,0.000000,0.018539,0,-0.027142,0.000000,-0.019003,1.310120,-0.027142,1,1,1,0.659329,0.000000,0.000000,0.000000,0.000000,0.000000,0.000000,0.000000
6.1601,1.987802,-0.016874,0.012189,0.000000,0.027869,-0.028207,1,1.310120,40,0.120558,0.099512,1.987802,0.002513,1.316017,0.012189,1.987782,1.299138,0.012189,-0.016874,0.000000,0.012592,-0.396332,-29.728302,-0.016879,0.001000,0.001144,0.002000,0.000077,0.001144,0.120558,0.099512,-9.808754,-0.016902,-0.000471,0.001000,2.853034,0.002241,27.000000,0.013045,1.987782,0.002513,-0.016874,0.000000,-0.017000,0.001000,175,0,1,31,28,0.007533,-0.014971,0.013378,-0.295472,0.348232,11.228302,1.282237,0.002241,0.012117,7,1,0,0.000000,0,1.310120,0.000000,0.027869,0,-0.027142,0.000000,-0.028207,1.310120,-0.027142,1,1,1,0.659369,0.000000,0.000000,0.000000,0.000000,0.000000,0.000000,0.000000
6.1701,1.987873,-0.017641,-0.008136,0.000000,0.012863,-0.011333,1,1.310120,50,0.120551,0.098693,1.987873,0.001466,1.316792,-0.008136,1.987878,1.299897,-0.008136,-0.017641,0.000000,0.012588,-0.396332,-29.728302,-0.016896,0.000000,0.001154,0.001990,0.000005,0.001154,0.120551,0.098693,-9.808763,-0.016399,-0.000683,0.000000,2.853024,0.002311,27.000000,0.013045,1.987878,0.001466,-0.017641,0.000000,-0.017000,0.000000,180,0,1,31,28,0.007526,-0.014687,-0.007952,-0.070782,-0.025794,8.994780,1.282228,0.002311,0.012110,7,1,0,0.000000,0,1.310120,0.000000,0.012863,0,-0.027142,0.000000,-0.011333,1.310120,-0.027142,1,1,1,0.659410,0.000000,0.000000,0.000000,0.000000,0.000000,0.000000,0.000000
6.1801,1.988064,-0.016874,-0.003415,0.000000,0.032234,-0.028207,1,1.310120,60,0.119615,0.097286,1.988064,0.002513,1.315810,-0.003415,1.988070,1.298914,-0.003415,-0.016874,0.000000,0.012436,-0.396332,-29.728302,-0.016895,0.000000,0.001537,0.002013,0.000138,0.001537,0.119615,0.097286,-9.808788,0.005415,0.000979,0.000000,2.852809,0.002314,27.000000,0.013045,1.988070,0.002513,-0.016874,0.000000,-0.017000,0.000000,185,0,1,31,28,-0.003166,0.004458,-0.003471,-0.047064,0.396294,11.219376,1.282012,0.002314,0.012024,7,1,0,0.000000,0,1.310120,0.000000,0.032234,0,-0.027142,0.000000,-0.028207,1.310120,-0.027142,1,1,1,0.659452,0.000000,0.000000,0.000000,0.000000,0.000000,0.000000,0.000000
6.1901,1.987797,-0.016874,0.004129,0.000000,0.020875,-0.020537,1,1.310120,70,0.120950,0.097355,1.987797,-0.004503,1.315934,0.004129,1.987782,1.299042,0.004129,-0.016874,0.000000,0.012415,-0.396332,-29.728302,-0.016892,-0.001000,0.001589,0.002020,-0.000320,0.001589,0.120950,0.097355,-9.808771,0.014650,0.006117,-0.001000,2.852937,0.002284,27.000000,0.013045,1.987782,-0.004503,-0.016874,0.000000,-0.017000,-0.001000,190,0,1,31,28,-0.011709,0.010759,0.002996,-0.165980,-0.131262,9.012798,1.282140,0.002284,0.012160,6,1,0,0.000000,0,1.310120,0.000000,0.020875,0,-0.027142,0.000000,-0.020537,1.310120,-0.027142,1,1,1,0.659492,0.000000,0.000000,0.000000,0.000000,0.000000,0.000000,0.000000
6.2001,1.988154,-0.017641,-0.013114,0.000000,0.013485,-0.011333,1,1.310120,80,0.120705,0.097745,1.988154,0.008692,1.316666,-0.013114,1.988166,1.299765,-0.013114,-0.017641,0.000000,0.012455,-0.396332,-29.728302,-0.016901,-0.001000,0.001488,0.001996,0.000308,0.001488,0.120705,0.097745,-9.808770,-0.003424,-0.013747,-0.001000,2.852892,0.002275,27.000000,0.013045,1.988166,0.008692,-0.017641,0.000000,-0.017000,-0.001000,195,0,1,31,28,0.013910,0.002512,-0.014146,0.150288,0.138664,9.628224,1.282096,0.002275,0.012127,6,1,0,0.000000,0,1.310120,0.000000,0.013485,0,-0.027142,0.000000,-0.011333,1.310120,-0.027142,1,1,1,0.659531,0.000000,0.000000,0.000000,0.000000,0.000000,0.000000,0.000000
6.2101,1.988353,-0.017641,-0.001168,0.000000,0.021698,-0.019003,1,1.310120,90,0.121388,0.097386,1.988353,0.000419,1.316575,-0.001168,1.988357,1.299682,-0.001168,-0.017641,0.000000,0.012513,-0.396332,-29.728302,-0.016892,0.000000,0.001343,0.001982,-0.000060,0.001343,0.121388,0.097386,-9.808766,0.003876,-0.012431,0.000000,2.852809,0.002368,27.000000,0.013045,1.988357,0.000419,-0.017641,0.000000,-0.017000,0.000000,200,0,1,31,28,0.009638,0.008740,-0.001277,-0.335393,0.553372,10.876231,1.282012,0.002368,0.012197,6,1,0,0.000000,0,1.310120,0.000000,0.021698,0,-0.027142,0.000000,-0.019003,1.310120,-0.027142,1,1,1,0.659571,0.000000,0.000000,0.000000,0.000000,0.000000,0.000000,0.000000
6.2201,1.987975,-0.016874,0.005463,0.000000,0.028917,-0.028207,1,1.310120,100,0.122251,0.098000,1.987975,-0.002513,1.315899,0.005463,1.987974,1.299012,0.005463,-0.016874,0.000000,0.012588,-0.396332,-29.728302,-0.016886,0.000000,0.001153,0.002013,-0.000021,0.001153,0.122251,0.098000,-9.808749,0.025926,0.010308,0.000000,2.852905,0.002388,27.000000,0.013045,1.987974,-0.002513,-0.016874,0.000000,-0.017000,0.000000,4,0,1,31,28,-0.020256,0.019254,0.005221,-0.053268,0.084936,8.546094,1.282109,0.002388,0.012292,7,1,0,0.000000,0,1.310120,0.000000,0.028917,0,-0.027142,0.000000,-0.028207,1.310120,-0.027142,1,1,1,0.659611,0.000000,0.000000,0.000000,0.000000,0.000000,0.000000,0.000000
6.2301,1.987951,-0.016874,-0.012257,0.000000,0.022129,-0.020537,1,1.310120,110,0.121546,0.096892,1.987951,-0.000419,1.315919,-0.012257,1.987974,1.299019,-0.012257,-0.016874,0.000000,0.012403,-0.396332,-29.728302,-0.016899,0.000000,0.001619,0.002000,0.000197,0.001619,0.121546,0.096892,-9.808768,-0.004237,0.010147,0.000000,2.852913,0.002318,27.000000,0.013045,1.987974,-0.000419,-0.016874,0.000000,-0.017000,0.000000,9,0,1,31,28,0.003261,-0.020997,-0.016562,-0.314873,0.368288,11.151926,1.282124,0.002321,0.012227,7,1,0,0.000000,0,1.310120,0.000000,0.022129,0,-0.027142,0.000000,-0.020537,1.310120,-0.027142,1,1,1,0.659654,0.000000,0.000000,0.000000,0.000000,0.000000,0.000000,0.000000
6.2401,1.988037,-0.017641,-0.023006,0.000000,0.015348,-0.011333,1,1.310120,120,0.121026,0.097356,1.988037,0.003560,1.316496,-0.023006,1.988070,1.299590,-0.023006,-0.017641,0.000000,0.012448,-0.396332,-29.728302,-0.016906,0.000000,0.001506,0.002016,0.000010,0.001506,0.121026,0.097356,-9.808770,-0.015899,-0.005613,0.000000,2.852718,0.002307,27.000000,0.013045,1.988070,0.003560,-0.017641,0.000000,-0.017000,0.000000,14,0,1,31,28,0.011789,-0.012339,-0.022854,0.397792,-0.110539,8.908099,1.281921,0.002307,0.012160,6,1,0,0.000000,0,1.310120,0.000000,0.015348,0,-0.027142,0.000000,-0.011333,1.310120,-0.027142,1,1,1,0.659693,0.000000,0.000000,0.000000,0.000000,0.000000,0.000000,0.000000
6.2501,1.988087,-0.017641,0.012136,0.000000,0.022113,-0.019003,1,1.310120,130,0.121928,0.097013,1.988087,-0.003560,1.316387,0.012136,1.988070,1.299502,0.012136,-0.017641,0.000000,0.012455,-0.396332,-29.728302,-0.016885,0.000000,0.001488,0.001993,-0.000078,0.001488,0.121928,0.097013,-9.808763,0.025645,-0.015461,0.000000,2.852629,0.002347,27.000000,0.013045,1.988070,-0.003560,-0.017641,0.000000,-0.017000,0.000000,19,0,1,31,28,0.003216,0.029921,0.011764,-0.229517,0.117231,10.575233,1.281833,0.002347,0.012253,6,1,0,0.000000,0,1.310120,0.000000,0.022113,0,-0.027142,0.000000,-0.019003,1.310120,-0.027142,1,1,1,0.659733,0.000000,0.000000,0.000000,0.000000,0.000000,0.000000,0.000000
6.2601,1.987997,-0.016874,0.018111,0.000000,0.027793,-0.028207,1,1.310120,140,0.123017,0.097779,1.987997,-0.000419,1.315833,0.018111,1.987974,1.298956,0.018111,-0.016874,0.000000,0.012504,-0.396332,-29.728302,-0.016877,0.000000,0.001365,0.002008,-0.000035,0.001365,0.123017,0.097779,-9.808741,0.015347,0.003436,0.000000,2.852849,0.002326,27.000000,0.013045,1.987974,-0.000419,-0.016874,0.000000,-0.017000,0.000000,24,0,1,31,28,-0.009572,0.012704,0.017953,-0.146882,0.094818,9.292626,1.282053,0.002326,0.012370,7,1,0,0.000000,0,1.310120,0.000000,0.027793,0,-0.027142,0.000000,-0.028207,1.310120,-0.027142,1,1,1,0.659774,0.000000,0.000000,0.000000,0.000000,0.000000,0.000000,0.000000
6.2701,1.987953,-0.017641,-0.018995,0.000000,0.013679,-0.011333,1,1.310120,150,0.123106,0.098514,1.987953,-0.000419,1.316577,-0.018995,1.987974,1.299677,-0.018995,-0.017641,0.000000,0.012551,-0.396332,-29.728302,-0.016900,0.000000,0.001246,0.002006,-0.000076,0.001246,0.123106,0.098514,-9.808733,-0.028370,-0.006896,0.000000,2.852804,0.002288,27.000000,0.013045,1.987974,-0.000419,-0.017641,0.000000,-0.017000,0.000000,29,0,1,31,28,0.018205,-0.023062,-0.018707,-0.167666,0.394056,9.065928,1.282007,0.002288,0.012370,6,1,0,0.000000,0,1.310120,0.000000,0.013679,0,-0.027142,0.000000,-0.011333,1.310120,-0.027142,1,1,1,0.659813,0.000000,0.000000,0.000000,0.000000,0.000000,0.000000,0.000000
6.2801,1.988242,-0.016874,-0.012297,0.000000,0.032620,-0.028207,1,1.310120,160,0.121643,0.098190,1.988242,0.001466,1.315596,-0.012297,1.988261,1.298699,-0.012297,-0.016874,0.000000,0.012584,-0.396332,-29.728302,-0.016898,0.000000,0.001163,0.001986,0.000048,0.001163,0.121643,0.098190,-9.808754,-0.012420,-0.002529,0.000000,2.852592,0.002366,27.000000,0.013045,1.988261,0.001466,-0.016874,0.000000,-0.017000,0.000000,34,0,1,31,28,0.007520,-0.010356,-0.012168,0.009955,0.520276,11.249370,1.281796,0.002366,0.012230,6,1,0,0.000000,0,1.310120,0.000000,0.032620,0,-0.027142,0.000000,-0.028207,1.310120,-0.027142,1,1,1,0.659853,0.000000,0.000000,0.000000,0.000000,0.000000,0.000000,0.000000
6.2901,1.988272,-0.017641,0.005419,0.000000,0.012800,-0.011333,1,1.310120,170,0.122400,0.097389,1.988272,-0.000419,1.316423,0.005419,1.988261,1.299536,0.005419,-0.017641,0.000000,0.012588,-0.396332,-29.728302,-0.016887,0.000000,0.001154,0.002000,-0.000022,0.001154,0.122400,0.097389,-9.808753,0.020422,0.003426,0.000000,2.852661,0.002441,27.000000,0.013045,1.988261,-0.000419,-0.017641,0.000000,-0.017000,0.000000,39,0,1,31,28,-0.011715,0.017142,0.005203,-0.081563,-0.095696,8.458126,1.281864,0.002441,0.012300,7,1,0,0.000000,0,1.310120,0.000000,0.012800,0,-0.027142,0.000000,-0.011333,1.310120,-0.027142,1,1,1,0.659893,0.000000,0.000000,0.000000,0.000000,0.000000,0.000000,0.000000
6.3001,1.988437,-0.017641,-0.003369,0.000000,0.021693,-0.019003,1,1.310120,180,0.122217,0.096391,1.988437,0.006597,1.316386,-0.003369,1.988453,1.299492,-0.003369,-0.017641,0.000000,0.012392,-0.396332,-29.728302,-0.016894,0.000000,0.001648,0.002003,0.000296,0.001648,0.122217,0.096391,-9.808765,0.010038,0.005888,0.000000,2.852618,0.002347,27.000000,0.013045,1.988453,0.006597,-0.017641,0.000000,-0.017000,0.000000,44,0,1,31,28,-0.009572,0.006577,-0.003451,0.220241,0.351220,11.008547,1.281822,0.002347,0.012283,6,1,0,0.000000,0,1.310120,0.000000,0.021693,0,-0.027142,0.000000,-0.019003,1.310120,-0.027142,1,1,1,0.659934,0.000000,0.000000,0.000000,0.000000,0.000000,0.000000,0.000000
6.3101,1.988172,-0.017641,-0.005795,0.000000,0.020017,-0.019003,1,1.310120,190,0.123792,0.096080,1.988172,-0.004503,1.316490,-0.005795,1.988166,1.299595,-0.005795,-0.017641,0.000000,0.012400,-0.396332,-29.728302,-0.016895,0.000000,0.001628,0.002008,-0.000224,0.001628,0.123792,0.096080,-9.808748,-0.008697,-0.004249,0.000000,2.852720,0.002383,27.000000,0.013045,1.988166,-0.004503,-0.017641,0.000000,-0.017000,0.000000,49,0,1,31,28,0.007518,-0.006168,-0.005719,-0.214536,-0.005569,8.899185,1.281924,0.002383,0.012445,6,1,0,0.000000,0,1.310120,0.000000,0.020017,0,-0.027142,0.000000,-0.019003,1.310120,-0.027142,1,1,1,0.660038,0.000000,0.000000,0.000000,0.000000,0.000000,0.000000,0.000000
6.3201,1.988065,-0.016874,-0.001286,0.000000,0.029893,-0.028207,1,1.310120,200,0.123411,0.096926,1.988065,0.000419,1.315750,-0.001286,1.988070,1.298858,-0.001286,-0.016874,0.000000,0.012510,-0.396332,-29.728302,-0.016892,0.000000,0.001349,0.002001,0.000203,0.001349,0.123411,0.096926,-9.808745,0.007150,0.004880,0.000000,2.852750,0.002418,27.000000,0.013045,1.988070,0.000419,-0.016874,0.000000,-0.017000,0.000000,54,0,1,31,28,-0.007434,0.004417,-0.001341,-0.114501,0.021909,10.555210,1.281954,0.002418,0.012412,7,1,0,0.000000,0,1.310120,0.000000,0.029893,0,-0.027142,0.000000,-0.028207,1.310120,-0.027142,1,1,1,0.660077,0.000000,0.000000,0.000000,0.000000,0.000000,0.000000,0.000000
6.3301,1.988161,-0.016874,-0.000745,0.000000,0.022809,-0.020537,1,1.310120,210,0.123041,0.097603,1.988161,-0.000419,1.315727,-0.000745,1.988166,1.298834,-0.000745,-0.016874,0.000000,0.012520,-0.396332,-29.728302,-0.016892,-0.001000,0.001326,0.002000,0.000105,0.001326,0.123041,0.097603,-9.808743,-0.012980,0.007133,-0.001000,2.852727,0.002359,27.000000,0.013045,1.988166,-0.000419,-0.016874,0.000000,-0.017000,-0.001000,59,0,1,31,28,-0.001010,-0.014797,-0.001560,-0.010609,0.084168,10.163515,1.281931,0.002359,0.012373,6,1,0,0.000000,0,1.310120,0.000000,0.022809,0,-0.027142,0.000000,-0.020537,1.310120,-0.027142,1,1,1,0.660117,0.000000,0.000000,0.000000,0.000000,0.000000,0.000000,0.000000
6.3401,1.988342,-0.017641,-0.007980,0.000000,0.014867,-0.011333,1,1.310120,220,0.122459,0.098257,1.988342,0.004503,1.316370,-0.007980,1.988357,1.299476,-0.007980,-0.017641,0.000000,0.012576,-0.396332,-29.728302,-0.016894,0.000000,0.001184,0.001987,0.000132,0.001184,0.122459,0.098257,-9.808744,-0.010584,-0.003371,0.000000,2.852603,0.002340,27.000000,0.013045,1.988357,0.004503,-0.017641,0.000000,-0.017000,0.000000,64,0,1,31,28,0.007519,-0.008276,-0.007877,0.272705,0.071778,8.852427,1.281806,0.002340,0.012305,6,1,0,0.000000,0,1.310120,0.000000,0.014867,0,-0.027142,0.000000,-0.011333,1.310120,-0.027142,1,1,1,0.660155,0.000000,0.000000,0.000000,0.000000,0.000000,0.000000,0.000000
6.3501,1.988264,-0.016874,-0.003096,0.000000,0.031612,-0.028207,1,1.310120,230,0.123125,0.097697,1.988264,-0.002513,1.315508,-0.003096,1.988261,1.298616,-0.003096,-0.016874,0.000000,0.012607,-0.396332,-29.728302,-0.016892,0.000000,0.001104,0.001946,-0.000191,0.001104,0.123125,0.097697,-9.808741,0.013479,-0.012160,0.000000,2.852508,0.002437,27.000000,0.013045,1.988261,-0.002513,-0.016874,0.000000,-0.017000,0.000000,69,0,1,31,28,0.005359,0.017304,-0.003315,-0.286653,0.276219,10.863907,1.281711,0.002437,0.012382,6,1,0,0.000000,0,1.310120,0.000000,0.031612,0,-0.027142,0.000000,-0.028207,1.310120,-0.027142,1,1,1,0.660194,0.000000,0.000000,0.000000,0.000000,0.000000,0.000000,0.000000
6.3601,1.988169,-0.016874,-0.003061,0.000000,0.022035,-0.020537,1,1.310120,240,0.124792,0.098492,1.988169,-0.002513,1.315587,-0.003061,1.988166,1.298697,-0.003061,-0.016874,0.000000,0.012708,-0.396332,-29.728302,-0.016890,0.000000,0.000849,0.001998,-0.000307,0.000849,0.124792,0.098492,-9.808712,0.024345,0.006334,0.000000,2.852588,0.002454,27.000000,0.013045,1.988166,-0.002513,-0.016874,0.000000,-0.017000,0.000000,74,0,1,31,28,-0.015989,0.019380,-0.003307,-0.291782,0.167212,8.843448,1.281792,0.002454,0.012550,6,1,0,0.000000,0,1.310120,0.000000,0.022035,0,-0.027142,0.000000,-0.020537,1.310120,-0.027142,1,1,1,0.660235,0.000000,0.000000,0.000000,0.000000,0.000000,0.000000,0.000000
6.3701,1.988037,-0.016874,-0.021091,0.000000,0.024126,-0.020537,1,1.310120,250,0.124218,0.097212,1.988037,0.000419,1.315495,-0.021091,1.988070,1.298590,-0.021091,-0.016874,0.000000,0.012502,-0.396332,-29.728302,-0.016905,0.000000,0.001371,0.002139,0.000027,0.001371,0.124218,0.097212,-9.808732,-0.018346,0.009618,0.000000,2.852483,0.002379,27.000000,0.013045,1.988070,0.000419,-0.016874,0.000000,-0.017000,0.000000,79,0,1,31,28,-0.001009,-0.020952,-0.020831,-0.104043,0.328622,11.276082,1.281686,0.002379,0.012494,7,1,0,0.000000,0,1.310120,0.000000,0.024126,0,-0.027142,0.000000,-0.020537,1.310120,-0.027142,1,1,1,0.660276,0.000000,0.000000,0.000000,0.000000,0.000000,0.000000,0.000000
6.3801,1.988408,-0.017641,-0.018455,0.000000,0.016428,-0.011333,1,1.310120,4,0.124040,0.096201,1.988408,0.004503,1.316041,-0.018455,1.988453,1.299143,-0.018455,-0.017641,0.000000,0.012503,-0.396332,-29.728302,-0.016899,0.002000,0.001369,0.001973,0.000057,0.001369,0.124040,0.096201,-9.808744,-0.010235,-0.008236,0.002000,2.852267,0.002473,27.000000,0.013045,1.988453,0.004503,-0.017641,0.000000,-0.017000,0.002000,84,0,1,31,28,0.011784,-0.006014,-0.016381,0.025714,-0.114392,9.204502,1.281471,0.002473,0.012470,6,1,0,0.000000,0,1.310120,0.000000,0.016428,0,-0.027142,0.000000,-0.011333,1.310120,-0.027142,1,1,1,0.660315,0.000000,0.000000,0.000000,0.000000,0.000000,0.000000,0.000000
6.3901,1.988292,-0.017641,0.015131,0.000000,0.022897,-0.019003,1,1.310120,14,0.123752,0.095942,1.988292,-0.001466,1.315945,0.015131,1.988261,1.299064,0.015131,-0.017641,0.000000,0.012493,-0.396332,-29.728302,-0.016881,0.001000,0.001393,0.002001,-0.000187,0.001393,0.123752,0.095942,-9.808750,0.022110,0.002640,0.001000,2.852188,0.002491,27.000000,0.013045,1.988261,-0.001466,-0.017641,0.000000,-0.017000,0.001000,89,0,1,31,28,-0.011714,0.019137,0.015893,0.200498,-0.163858,10.122878,1.281392,0.002491,0.012441,6,1,0,0.000000,0,1.310120,0.000000,0.022897,0,-0.027142,0.000000,-0.019003,1.310120,-0.027142,1,1,1,0.660355,0.000000,0.000000,0.000000,0.000000,0.000000,0.000000,0.000000
6.4001,1.988294,-0.017641,0.015979,0.000000,0.019698,-0.019003,1,1.310120,24,0.125030,0.097123,1.988294,-0.001466,1.316144,0.015979,1.988261,1.299265,0.015979,-0.017641,0.000000,0.012521,-0.396332,-29.728302,-0.016878,0.000000,0.001321,0.001987,-0.000049,0.001321,0.125030,0.097123,-9.808722,0.015400,0.003397,0.000000,2.852390,0.002397,27.000000,0.013045,1.988261,-0.001466,-0.017641,0.000000,-0.017000,0.000000,94,0,1,31,28,-0.009573,0.012732,0.015820,-0.363894,0.251262,10.557353,1.281594,0.002397,0.012569,7,1,0,0.000000,0,1.310120,0.000000,0.019698,0,-0.027142,0.000000,-0.019003,1.310120,-0.027142,1,1,1,0.660501,0.000000,0.000000,0.000000,0.000000,0.000000,0.000000,0.000000
6.4101,1.988268,-0.016874,0.010134,0.000000,0.029865,-0.028207,1,1.310120,34,0.125063,0.098167,1.988268,0.000419,1.315469,0.010134,1.988261,1.298585,0.010134,-0.016874,0.000000,0.012624,-0.396332,-29.728302,-0.016884,-0.001000,0.001063,0.001987,0.000008,0.001063,0.125063,0.098167,-9.808712,-0.010831,-0.007974,-0.001000,2.852477,0.002402,27.000000,0.013045,1.988261,0.000419,-0.016874,0.000000,-0.017000,-0.001000,99,0,1,31,28,0.011792,-0.006354,0.009215,0.013731,0.254141,8.787098,1.281681,0.002402,0.012578,6,1,0,0.000000,0,1.310120,0.000000,0.029865,0,-0.027142,0.000000,-0.028207,1.310120,-0.027142,1,1,1,0.660541,0.000000,0.000000,0.000000,0.000000,0.000000,0.000000,0.000000
6.4201,1.988239,-0.017641,-0.012297,0.000000,0.015177,-0.011333,1,1.310120,44,0.124396,0.095289,1.988239,0.001466,1.316144,-0.012297,1.988261,1.299243,-0.012297,-0.017641,0.000000,0.012420,-0.396332,-29.728302,-0.016901,0.000000,0.001576,0.002133,0.000121,0.001576,0.124396,0.095289,-9.808748,-0.011529,-0.000580,0.000000,2.852367,0.002484,27.000000,0.013045,1.988261,0.001466,-0.017641,0.000000,-0.017000,0.000000,104,0,1,31,28,0.005386,-0.010363,-0.012170,-0.248858,0.240584,10.653025,1.281571,0.002484,0.012508,7,1,0,0.000000,0,1.310120,0.000000,0.015177,0,-0.027142,0.000000,-0.011333,1.310120,-0.027142,1,1,1,0.660582,0.000000,0.000000,0.000000,0.000000,0.000000,0.000000,0.000000
6.4301,1.988442,-0.017641,-0.005711,0.000000,0.023390,-0.019003,1,1.310120,54,0.123642,0.095664,1.988442,0.002513,1.316003,-0.005711,1.988453,1.299107,-0.005711,-0.017641,0.000000,0.012413,-0.396332,-29.728302,-0.016897,0.000000,0.001594,0.002004,0.000127,0.001594,0.123642,0.095664,-9.808754,0.004124,0.013337,0.000000,2.852232,0.002439,27.000000,0.013045,1.988453,0.002513,-0.017641,0.000000,-0.017000,0.000000,109,0,1,31,28,-0.013833,-0.001955,-0.005687,0.645909,-0.098840,8.745681,1.281435,0.002439,0.012430,7,1,0,0.000000,0,1.310120,0.000000,0.023390,0,-0.027142,0.000000,-0.019003,1.310120,-0.027142,1,1,1,0.660621,0.000000,0.000000,0.000000,0.000000,0.000000,0.000000,0.000000
6.4401,1.988190,-0.017641,0.008645,0.000000,0.019218,-0.019003,1,1.310120,64,0.124982,0.096106,1.988190,-0.003560,1.316224,0.008645,1.988166,1.299341,0.008645,-0.017641,0.000000,0.012488,-0.396332,-29.728302,-0.016883,0.001000,0.001404,0.002007,-0.000156,0.001404,0.124982,0.096106,-9.808733,0.011231,-0.011136,0.001000,2.852465,0.002467,27.000000,0.013045,1.988166,-0.003560,-0.017641,0.000000,-0.017000,0.001000,114,0,1,31,28,0.005365,0.014997,0.009459,-0.706541,0.084047,10.919125,1.281668,0.002467,0.012566,7,1,0,0.000000,0,1.310120,0.000000,0.019218,0,-0.027142,0.000000,-0.019003,1.310120,-0.027142,1,1,1,0.660668,0.000000,0.000000,0.000000,0.000000,0.000000,0.000000,0.000000
6.4501,1.988351,-0.016874,-0.009910,0.000000,0.030098,-0.028207,1,1.310120,74,0.125450,0.096133,1.988351,0.001466,1.315527,-0.009910,1.988357,1.298629,-0.009910,-0.016874,0.000000,0.012524,-0.396332,-29.728302,-0.016898,0.000000,0.001313,0.002002,0.000179,0.001313,0.125450,0.096133,-9.808727,-0.000990,-0.003113,0.000000,2.852519,0.002509,27.000000,0.013045,1.988357,0.001466,-0.016874,0.000000,-0.017000,0.000000,119,0,1,31,28,0.003241,0.000288,-0.009914,-0.079183,0.053779,9.521948,1.281723,0.002509,0.012621,7,1,0,0.000000,0,1.310120,0.000000,0.030098,0,-0.027142,0.000000,-0.028207,1.310120,-0.027142,1,1,1,0.660707,0.000000,0.000000,0.000000,0.000000,0.000000,0.000000,0.000000
6.4601,1.988069,-0.017641,-0.018441,0.000000,0.014391,-0.011333,1,1.310120,84,0.125624,0.096402,1.988069,-0.002513,1.316246,-0.018441,1.988070,1.299345,-0.018441,-0.017641,0.000000,0.012581,-0.396332,-29.728302,-0.016901,0.000000,0.001171,0.001991,-0.000194,0.001171,0.125624,0.096402,-9.808722,0.000104,-0.001265,0.000000,2.852468,0.002528,27.000000,0.013045,1.988070,-0.002513,-0.017641,0.000000,-0.017000,0.000000,124,0,1,31,28,0.001103,0.000395,-0.018448,-0.099772,-0.156259,8.715907,1.281672,0.002528,0.012631,6,1,0,0.000000,0,1.310120,0.000000,0.014391,0,-0.027142,0.000000,-0.011333,1.310120,-0.027142,1,1,1,0.660745,0.000000,0.000000,0.000000,0.000000,0.000000,0.000000,0.000000
6.4701,1.988517,-0.016874,-0.022560,0.000000,0.033985,-0.028207,1,1.310120,94,0.124568,0.096825,1.988517,0.001466,1.315212,-0.022560,1.988549,1.298308,-0.022560,-0.016874,0.000000,0.012596,-0.396332,-29.728302,-0.016904,0.000000,0.001132,0.001998,0.000256,0.001132,0.124568,0.096825,-9.808731,0.010488,0.005691,0.000000,2.852199,0.002512,27.000000,0.013045,1.988549,0.001466,-0.016874,0.000000,-0.017000,0.000000,129,0,1,31,28,-0.009578,0.006832,-0.022648,0.039612,0.299424,11.323733,1.281403,0.002512,0.012530,6,1,0,0.000000,0,1.310120,0.000000,0.033985,0,-0.027142,0.000000,-0.028207,1.310120,-0.027142,1,1,1,0.660830,0.000000,0.000000,0.000000,0.000000,0.000000,0.000000,0.000000
6.4801,1.988283,-0.017641,0.004379,0.000000,0.013185,-0.011333,1,1.310120,104,0.125767,0.094795,1.988283,-0.002513,1.316065,0.004379,1.988261,1.299178,0.004379,-0.017641,0.000000,0.012405,-0.396332,-29.728302,-0.016887,0.001000,0.001615,0.002001,-0.000130,0.001615,0.125767,0.094795,-9.808736,0.011330,-0.011182,0.001000,2.852302,0.002516,27.000000,0.013045,1.988261,-0.002513,-0.017641,0.000000,-0.017000,0.001000,134,0,1,31,28,0.005364,0.015054,0.005193,-0.339231,0.222084,9.044948,1.281505,0.002516,0.012648,7,1,0,0.000000,0,1.310120,0.000000,0.013185,0,-0.027142,0.000000,-0.011333,1.310120,-0.027142,1,1,1,0.660955,0.000000,0.000000,0.000000,0.000000,0.000000,0.000000,0.000000
6.4901,1.988631,-0.016874,-0.007775,0.000000,0.033124,-0.028207,1,1.310120,114,0.125769,0.095631,1.988631,0.007645,1.315138,-0.007775,1.988645,1.298241,-0.007775,-0.016874,0.000000,0.012457,-0.396332,-29.728302,-0.016897,0.000000,0.001485,0.001991,0.000314,0.001485,0.125769,0.095631,-9.808728,-0.001935,-0.005028,0.000000,2.852132,0.002492,27.000000,0.013045,1.988645,0.007645,-0.016874,0.000000,-0.017000,0.000000,139,0,1,31,28,0.005376,0.000265,-0.007779,-0.124596,0.485609,10.952250,1.281336,0.002492,0.012655,7,1,0,0.000000,0,1.310120,0.000000,0.033124,0,-0.027142,0.000000,-0.028207,1.310120,-0.027142,1,1,1,0.661007,0.000000,0.000000,0.000000,0.000000,0.000000,0.000000,0.000000
6.5001,1.988460,-0.017641,0.000891,0.000000,0.013628,-0.011333,1,1.310120,124,0.127128,0.096079,1.988460,-0.004503,1.315975,0.000891,1.988453,1.299085,0.000891,-0.017641,0.000000,0.012518,-0.396332,-29.728302,-0.016889,0.000000,0.001331,0.001991,-0.000210,0.001331,0.127128,0.096079,-9.808706,0.012622,0.011747,0.000000,2.852209,0.002495,27.000000,0.013045,1.988453,-0.004503,-0.017641,0.000000,-0.017000,0.000000,144,0,1,31,28,-0.015974,0.006502,0.000810,-0.215669,-0.009946,8.478042,1.281412,0.002495,0.012785,6,1,0,0.000000,0,1.310120,0.000000,0.013628,0,-0.027142,0.000000,-0.011333,1.310120,-0.027142,1,1,1,0.661194,0.000000,0.000000,0.000000,0.000000,0.000000,0.000000,0.000000
6.5101,1.988643,-0.017641,-0.015458,0.000000,0.022568,-0.019003,1,1.310120,134,0.126078,0.096010,1.988643,0.005550,1.315947,-0.015458,1.988645,1.299044,-0.015458,-0.017641,0.000000,0.012533,-0.396332,-29.728302,-0.016903,-0.001000,0.001291,0.002001,0.000293,0.001291,0.126078,0.096010,-9.808720,-0.008447,-0.004358,-0.001000,2.852167,0.002520,27.000000,0.013045,1.988645,0.005550,-0.017641,0.000000,-0.017000,-0.001000,149,0,1,31,28,0.007515,-0.006026,-0.016384,0.180364,0.226640,10.251205,1.281371,0.002520,0.012678,7,1,0,0.000000,0,1.310120,0.000000,0.022568,0,-0.027142,0.000000,-0.019003,1.310120,-0.027142,1,1,1,0.661230,0.000000,0.000000,0.000000,0.000000,0.000000,0.000000,0.000000
6.5201,1.988573,-0.016874,0.019899,0.000000,0.029993,-0.028207,1,1.310120,144,0.126991,0.096722,1.988573,-0.004503,1.315265,0.019899,1.988549,1.298390,0.019899,-0.016874,0.000000,0.012625,-0.396332,-29.728302,-0.016875,0.000000,0.001060,0.002002,-0.000224,0.001060,0.126991,0.096722,-9.808701,-0.006315,-0.007714,0.000000,2.852280,0.002547,27.000000,0.013045,1.988549,-0.004503,-0.016874,0.000000,-0.017000,0.000000,154,0,1,31,28,0.009656,-0.002228,0.019928,-0.364339,0.130845,10.240318,1.281484,0.002547,0.012777,7,1,0,0.000000,0,1.310120,0.000000,0.029993,0,-0.027142,0.000000,-0.028207,1.310120,-0.027142,1,1,1,0.661312,0.000000,0.000000,0.000000,0.000000,0.000000,0.000000,0.000000
6.5301,1.988356,-0.017641,-0.005287,0.000000,0.013205,-0.011333,1,1.310120,154,0.126851,0.094186,1.988356,0.001466,1.316141,-0.005287,1.988357,1.299245,-0.005287,-0.017641,0.000000,0.012385,-0.396332,-29.728302,-0.016896,0.000000,0.001665,0.002001,0.000079,0.001665,0.126851,0.094186,-9.808728,0.013368,-0.007419,0.000000,2.852367,0.002556,27.000000,0.013045,1.988357,0.001466,-0.017641,0.000000,-0.017000,0.000000,159,0,1,31,28,0.001092,0.015183,-0.005476,-0.154373,-0.300408,9.547050,1.281571,0.002556,0.012760,6,1,0,0.000000,0,1.310120,0.000000,0.013205,0,-0.027142,0.000000,-0.011333,1.310120,-0.027142,1,1,1,0.661351,0.000000,0.000000,0.000000,0.000000,0.000000,0.000000,0.000000
6.5401,1.988457,-0.016874,0.009037,0.000000,0.032492,-0.028207,1,1.310120,164,0.126099,0.094223,1.988457,0.002513,1.315236,0.009037,1.988453,1.298350,0.009037,-0.016874,0.000000,0.012400,-0.396332,-29.728302,-0.016887,0.000000,0.001626,0.001989,0.000058,0.001626,0.126099,0.094223,-9.808737,-0.016495,-0.010056,0.000000,2.852239,0.002579,27.000000,0.013045,1.988453,0.002513,-0.016874,0.000000,-0.017000,0.000000,164,0,1,31,28,0.016065,-0.010616,0.009169,0.486968,0.035683,10.239916,1.281443,0.002579,0.012691,7,1,0,0.000000,0,1.310120,0.000000,0.032492,0,-0.027142,0.000000,-0.028207,1.310120,-0.027142,1,1,1,0.661388,0.000000,0.000000,0.000000,0.000000,0.000000,0.000000,0.000000
6.5501,1.988453,-0.017641,-0.003206,0.000000,0.013309,-0.011333,1,1.310120,174,0.127417,0.094934,1.988453,-0.004503,1.316096,-0.003206,1.988453,1.299202,-0.003206,-0.017641,0.000000,0.012523,-0.396332,-29.728302,-0.016894,0.000000,0.001316,0.002002,-0.000013,0.001316,0.127417,0.094934,-9.808713,0.012274,-0.004561,0.000000,2.852324,0.002617,27.000000,0.013045,1.988453,-0.004503,-0.017641,0.000000,-0.017000,0.000000,169,0,1,31,28,-0.001040,0.013012,-0.003370,-0.349165,0.035435,8.669819,1.281527,0.002617,0.012816,7,1,0,0.000000,0,1.310120,0.000000,0.013309,0,-0.027142,0.000000,-0.011333,1.310120,-0.027142,1,1,1,0.661427,0.000000,0.000000,0.000000,0.000000,0.000000,0.000000,0.000000
6.5601,1.988636,-0.016874,0.009430,0.000000,0.032274,-0.028207,1,1.310120,184,0.126758,0.096302,1.988636,0.005550,1.315216,0.009430,1.988645,1.298332,0.009430,-0.016874,0.000000,0.012563,-0.396332,-29.728302,-0.016884,0.000000,0.001217,0.002001,0.000213,0.001217,0.126758,0.096302,-9.808708,0.007946,0.002152,0.000000,2.852222,0.002528,27.000000,0.013045,1.988645,0.005550,-0.016874,0.000000,-0.017000,0.000000,174,0,1,31,28,-0.005299,0.006419,0.009350,-0.017487,0.175795,11.265032,1.281426,0.002528,0.012754,6,1,0,0.000000,0,1.310120,0.000000,0.032274,0,-0.027142,0.000000,-0.028207,1.310120,-0.027142,1,1,1,0.661463,0.000000,0.000000,0.000000,0.000000,0.000000,0.000000,0.000000
6.5701,1.988458,-0.017641,0.009434,0.000000,0.012424,-0.011333,1,1.310120,194,0.127685,0.096828,1.988458,-0.002513,1.316144,0.009434,1.988453,1.299261,0.009434,-0.017641,0.000000,0.012615,-0.396332,-29.728302,-0.016883,0.000000,0.001085,0.001969,-0.000216,0.001085,0.127685,0.096828,-9.808691,0.006158,-0.001728,0.000000,2.852384,0.002515,27.000000,0.013045,1.988453,-0.002513,-0.017641,0.000000,-0.017000,0.000000,179,0,1,31,28,-0.001029,0.006431,0.009354,-0.223263,-0.103432,9.080034,1.281588,0.002515,0.012840,6,1,0,0.000000,0,1.310120,0.000000,0.012424,0,-0.027142,0.000000,-0.011333,1.310120,-0.027142,1,1,1,0.661501,0.000000,0.000000,0.000000,0.000000,0.000000,0.000000,0.000000
6.5801,1.988633,-0.016874,-0.014214,0.000000,0.032331,-0.028207,1,1.310120,204,0.126676,0.097191,1.988633,0.003560,1.315274,-0.014214,1.988645,1.298377,-0.014214,-0.016874,0.000000,0.012685,-0.396332,-29.728302,-0.016897,0.000000,0.000908,0.002028,0.000135,0.000908,0.126676,0.097191,-9.808701,-0.009082,-0.015831,0.000000,2.852266,0.002560,27.000000,0.013045,1.988645,0.003560,-0.016874,0.000000,-0.017000,0.000000,184,0,1,31,28,0.018184,-0.001750,-0.014193,0.256253,0.219947,10.021497,1.281470,0.002560,0.012744,6,1,0,0.000000,0,1.310120,0.000000,0.032331,0,-0.027142,0.000000,-0.028207,1.310120,-0.027142,1,1,1,0.661537,0.000000,0.000000,0.000000,0.000000,0.000000,0.000000,0.000000
6.5901,1.988644,-0.017641,0.004759,0.000000,0.013755,-0.011333,1,1.310120,214,0.127546,0.093684,1.988644,-0.002513,1.316077,0.004759,1.988645,1.299188,0.004759,-0.017641,0.000000,0.012415,-0.396332,-29.728302,-0.016890,0.000000,0.001589,0.002008,-0.000019,0.001589,0.127546,0.093684,-9.808723,-0.010140,0.003481,0.000000,2.852309,0.002636,27.000000,0.013045,1.988645,-0.002513,-0.017641,0.000000,-0.017000,0.000000,189,0,1,31,28,0.007518,-0.004144,0.002838,-0.555906,0.386441,10.443741,1.281509,0.002636,0.012838,6,1,0,0.000000,0,1.310120,0.000000,0.013755,0,-0.027142,0.000000,-0.011333,1.310120,-0.027142,1,1,1,0.661590,0.000000,0.000000,0.000000,0.000000,0.000000,0.000000,0.000000
6.6001,1.988249,-0.016874,-0.004362,0.000000,0.031957,-0.028207,1,1.310120,224,0.126859,0.094506,1.988249,0.001466,1.315240,-0.004362,1.988261,1.298347,-0.004362,-0.016874,0.000000,0.012465,-0.396332,-29.728302,-0.016893,0.001000,0.001464,0.002147,0.000223,0.001464,0.126859,0.094506,-9.808724,0.006462,-0.001858,0.001000,2.852235,0.002613,27.000000,0.013045,1.988261,0.001466,-0.016874,0.000000,-0.017000,0.001000,194,0,1,31,28,-0.001033,0.006601,-0.003444,0.292709,-0.054520,9.013868,1.281439,0.002613,0.012768,6,1,0,0.000000,0,1.310120,0.000000,0.031957,0,-0.027142,0.000000,-0.028207,1.310120,-0.027142,1,1,1,0.661625,0.000000,0.000000,0.000000,0.000000,0.000000,0.000000,0.000000
6.6101,1.988748,-0.017641,-0.001228,0.000000,0.012516,-0.011333,1,1.310120,234,0.127890,0.094984,1.988748,0.007645,1.316157,-0.001228,1.988741,1.299266,-0.001228,-0.017641,0.000000,0.012563,-0.396332,-29.728302,-0.016892,0.000000,0.001217,0.001995,-0.000043,0.001217,0.127890,0.094984,-9.808706,0.006409,-0.001844,-0.000000,2.852387,0.002651,27.000000,0.013045,1.988741,0.007645,-0.017641,0.000000,-0.017000,0.000000,199,0,1,31,28,-0.001033,0.006573,-0.001311,-0.697560,0.312596,10.997991,1.281590,0.002651,0.012864,6,1,0,0.000000,0,1.310120,0.000000,0.012516,0,-0.027142,0.000000,-0.011333,1.310120,-0.027142,1,1,1,0.661662,0.000000,0.000000,0.000000,0.000000,0.000000,0.000000,0.000000
6.6201,1.988448,-0.016874,-0.005650,0.000000,0.032636,-0.028207,1,1.310120,244,0.127297,0.095829,1.988448,0.004503,1.315249,-0.005650,1.988453,1.298355,-0.005650,-0.016874,0.000000,0.012588,-0.396332,-29.728302,-0.016894,0.000000,0.001153,0.001981,0.000221,0.001153,0.127297,0.095829,-9.808706,0.001588,0.002749,0.000000,2.852244,0.002601,27.000000,0.013045,1.988453,0.004503,-0.016874,0.000000,-0.017000,0.000000,3,0,1,31,28,-0.003162,0.000213,-0.005653,0.387377,0.015647,8.756233,1.281447,0.002601,0.012810,6,1,0,0.000000,0,1.310120,0.000000,0.032636,0,-0.027142,0.000000,-0.028207,1.310120,-0.027142,1,1,1,0.661697,0.000000,0.000000,0.000000,0.000000,0.000000,0.000000,0.000000
6.6301,1.988476,-0.017641,0.022544,0.000000,0.013540,-0.011333,1,1.310120,254,0.128674,0.096308,1.988476,-0.001466,1.316060,0.022544,1.988453,1.299187,0.022544,-0.017641,0.000000,0.012625,-0.396332,-29.728302,-0.016873,0.000000,0.001060,0.002001,-0.000315,0.001060,0.128674,0.096308,-9.808683,0.015695,-0.010862,0.000000,2.852309,0.002576,27.000000,0.013045,1.988453,-0.001466,-0.017641,0.000000,-0.017000,0.000000,8,0,1,31,28,0.003230,0.019095,0.022305,-0.393942,-0.335839,9.307279,1.281513,0.002576,0.012942,7,1,0,0.000000,0,1.310120,0.000000,0.013540,0,-0.027142,0.000000,-0.011333,1.310120,-0.027142,1,1,1,0.661735,0.000000,0.000000,0.000000,0.000000,0.000000,0.000000,0.000000
6.6401,1.988802,-0.016874,-0.011993,0.000000,0.032271,-0.028207,1,1.310120,8,0.127627,0.094544,1.988802,0.008692,1.315221,-0.011993,1.988837,1.298320,-0.011993,-0.016874,0.000000,0.012445,-0.396332,-29.728302,-0.016900,0.000000,0.001514,0.002000,0.000385,0.001514,0.127627,0.094544,-9.808714,0.001890,-0.002094,0.000000,2.852209,0.002588,27.000000,0.013045,1.988837,0.008692,-0.016874,0.000000,-0.017000,0.000000,13,0,1,31,28,0.001103,0.002447,-0.012024,0.492235,-0.133518,8.448549,1.281413,0.002588,0.012846,7,1,0,0.000000,0,1.310120,0.000000,0.032271,0,-0.027142,0.000000,-0.028207,1.310120,-0.027142,1,1,1,0.661773,0.000000,0.000000,0.000000,0.000000,0.000000,0.000000,0.000000
6.6501,1.988784,-0.017787,0.100167,-0.104720,0.012141,-0.009582,1,1.310120,18,0.128436,0.093945,1.988784,-0.005550,1.316103,0.100167,1.988645,1.299275,0.100167,-0.017787,-0.104720,0.012492,-0.396332,-29.728302,-0.016828,0.001000,0.001394,0.002012,-0.000211,0.001394,0.128436,0.093945,-9.808709,-0.008456,-0.013770,-0.103720,2.852249,0.002684,27.000000,0.013045,1.988645,-0.005550,-0.017641,-0.104720,-0.017000,0.001000,18,0,1,31,28,0.016052,-0.001898,-0.003529,-0.536148,0.157671,10.384032,1.281453,0.002684,0.012920,7,1,0,0.000000,0,1.310120,0.000000,0.012141,0,-0.027142,0.000000,-0.009582,1.310120,-0.027142,1,1,1,0.661848,0.000000,0.000000,0.000000,0.000000,0.000000,0.000000,0.000000
6.6601,1.988651,-0.016874,0.005058,0.000000,0.033331,-0.029667,1,1.310120,28,0.127430,0.094456,1.988651,0.004503,1.315193,0.005058,1.988645,1.298305,0.005058,-0.016874,0.000000,0.012504,-0.396332,-29.728302,-0.016889,0.000000,0.001366,0.001983,0.000189,0.001366,0.127430,0.094456,-9.808718,0.005957,0.007780,0.000000,2.852193,0.002656,27.000000,0.013045,1.988645,0.004503,-0.016874,0.000000,-0.017000,0.000000,23,0,1,31,28,-0.009565,0.002189,0.005031,0.114348,0.316686,10.701878,1.281396,0.002656,0.012826,7,1,0,0.000000,0,1.310120,0.000000,0.033331,0,-0.027142,0.000000,-0.029667,1.310120,-0.027142,1,1,1,0.661883,0.000000,0.000000,0.000000,0.000000,0.000000,0.000000,0.000000
6.6701,1.988464,-0.017641,0.009482,0.000000,0.012732,-0.011333,1,1.310120,38,0.129303,0.095284,1.988464,-0.006597,1.316096,0.009482,1.988453,1.299213,0.009482,-0.017641,0.000000,0.012554,-0.396332,-29.728302,-0.016883,0.000000,0.001239,0.001972,-0.000412,0.001239,0.129303,0.095284,-9.808685,0.009886,0.001249,0.000000,2.852334,0.002609,27.000000,0.013045,1.988453,-0.006597,-0.017641,0.000000,-0.017000,0.000000,28,0,1,31,28,-0.005301,0.008556,0.009375,-0.415455,-0.165166,8.648620,1.281538,0.002609,0.013008,7,1,0,0.000000,0,1.310120,0.000000,0.012732,0,-0.027142,0.000000,-0.011333,1.310120,-0.027142,1,1,1,0.661926,0.000000,0.000000,0.000000,0.000000,0.000000,0.000000,0.000000
6.6801,1.988431,-0.016874,-0.010376,0.000000,0.033280,-0.028207,1,1.310120,48,0.128065,0.095590,1.988431,0.000419,1.315154,-0.010376,1.988453,1.298257,-0.010376,-0.016874,0.000000,0.012623,-0.396332,-29.728302,-0.016896,0.000000,0.001066,0.002001,0.000351,0.001066,0.128065,0.095590,-9.808698,-0.018440,0.004963,0.000000,2.852145,0.002658,27.000000,0.013045,1.988453,0.000419,-0.016874,0.000000,-0.017000,0.000000,33,0,1,31,28,0.003261,-0.018945,-0.010138,0.106642,0.308433,11.371719,1.281349,0.002658,0.012889,6,1,0,0.000000,0,1.310120,0.000000,0.033280,0,-0.027142,0.000000,-0.028207,1.310120,-0.027142,1,1,1,0.661960,0.000000,0.000000,0.000000,0.000000,0.000000,0.000000,0.000000
6.6901,1.988550,-0.016874,0.000653,0.000000,0.024599,-0.020537,1,1.310120,58,0.128910,0.095147,1.988550,-0.000419,1.315074,0.000653,1.988549,1.298184,0.000653,-0.016874,0.000000,0.012641,-0.396332,-29.728302,-0.016890,0.000000,0.001019,0.001848,-0.000292,0.001019,0.128910,0.095147,-9.808692,-0.006906,-0.005082,-0.000000,2.852071,0.002721,27.000000,0.013045,1.988549,-0.000419,-0.016874,0.000000,-0.017000,0.000000,38,0,1,31,28,0.007518,-0.004116,0.000705,-0.138917,0.111337,8.728141,1.281275,0.002721,0.012976,7,1,0,0.000000,0,1.310120,0.000000,0.024599,0,-0.027142,0.000000,-0.020537,1.310120,-0.027142,1,1,1,0.661998,0.000000,0.000000,0.000000,0.000000,0.000000,0.000000,0.000000
6.7001,1.988833,-0.017641,-0.008714,0.000000,0.014849,-0.011333,1,1.310120,68,0.128401,0.093248,1.988833,0.007645,1.315838,-0.008714,1.988837,1.298936,-0.008714,-0.017641,0.000000,0.012394,-0.396332,-29.728302,-0.016902,-0.001000,0.001643,0.001882,0.000364,0.001643,0.128401,0.093248,-9.808716,0.011232,0.002979,-0.001000,2.852057,0.002658,27.000000,0.013045,1.988837,0.007645,-0.017641,0.000000,-0.017000,-0.001000,43,0,1,31,28,-0.007441,0.008805,-0.009824,-0.285956,0.489664,11.392426,1.281261,0.002658,0.012919,7,1,0,0.000000,0,1.310120,0.000000,0.014849,0,-0.027142,0.000000,-0.011333,1.310120,-0.027142,1,1,1,0.662036,0.000000,0.000000,0.000000,0.000000,0.000000,0.000000,0.000000
6.7101,1.989132,-0.016874,0.012693,0.000000,0.031868,-0.028207,1,1.310120,78,0.129189,0.094278,1.989132,-0.001466,1.315026,0.012693,1.989124,1.298144,0.012693,-0.016874,0.000000,0.012433,-0.396332,-29.728302,-0.016882,0.001000,0.001545,0.001999,-0.000001,0.001545,0.129189,0.094278,-9.808696,0.008743,0.004131,0.001000,2.852033,0.002600,27.000000,0.013045,1.989124,-0.001466,-0.016874,0.000000,-0.017000,0.001000,48,0,1,31,28,-0.007432,0.006356,0.013615,0.178857,-0.190334,9.165555,1.281236,0.002600,0.013005,6,1,0,0.000000,0,1.310120,0.000000,0.031868,0,-0.027142,0.000000,-0.028207,1.310120,-0.027142,1,1,1,0.662207,0.000000,0.000000,0.000000,0.000000,0.000000,0.000000,0.000000
6.7201,1.988840,-0.017641,-0.005389,0.000000,0.013028,-0.011333,1,1.310120,88,0.129911,0.094813,1.988840,-0.001466,1.315949,-0.005389,1.988837,1.299055,-0.005389,-0.017641,0.000000,0.012529,-0.396332,-29.728302,-0.016894,0.000000,0.001301,0.001996,-0.000035,0.001301,0.129911,0.094813,-9.808682,0.009490,-0.005627,0.000000,2.852175,0.002631,27.000000,0.013045,1.988837,-0.001466,-0.017641,0.000000,-0.017000,0.000000,53,0,1,31,28,0.001096,0.010909,-0.005526,-0.460479,-0.064587,9.798052,1.281379,0.002631,0.013071,7,1,0,0.000000,0,1.310120,0.000000,0.013028,0,-0.027142,0.000000,-0.011333,1.310120,-0.027142,1,1,1,0.662243,0.000000,0.000000,0.000000,0.000000,0.000000,0.000000,0.000000
6.7301,1.988825,-0.016874,-0.003723,0.000000,0.033117,-0.028207,1,1.310120,98,0.129380,0.095876,1.988825,0.000419,1.315030,-0.003723,1.988837,1.298139,-0.003723,-0.016874,0.000000,0.012560,-0.396332,-29.728302,-0.016891,0.000000,0.001225,0.001999,0.000026,0.001225,0.129380,0.095876,-9.808678,-0.007109,0.004425,0.000000,2.852028,0.002564,27.000000,0.013045,1.988837,0.000419,-0.016874,0.000000,-0.017000,0.000000,58,0,1,31,28,-0.001018,-0.008357,-0.003618,-0.086072,0.465563,11.028637,1.281231,0.002564,0.013022,7,1,0,0.000000,0,1.310120,0.000000,0.033117,0,-0.027142,0.000000,-0.028207,1.310120,-0.027142,1,1,1,0.662280,0.000000,0.000000,0.000000,0.000000,0.000000,0.000000,0.000000
6.7401,1.988637,-0.017641,-0.009806,0.000000,0.013604,-0.011333,1,1.310120,108,0.130214,0.095259,1.988637,-0.004503,1.315898,-0.009806,1.988645,1.299002,-0.009806,-0.017641,0.000000,0.012616,-0.396332,-29.728302,-0.016896,0.000000,0.001082,0.002060,-0.000200,0.001082,0.130214,0.095259,-9.808673,0.002883,-0.004911,0.000000,2.852122,0.002672,27.000000,0.013045,1.988645,-0.004503,-0.017641,0.000000,-0.017000,0.000000,63,0,1,31,28,0.003236,0.004561,-0.009864,-0.206028,-0.047953,8.458526,1.281326,0.002672,0.013101,7,1,0,0.000000,0,1.310120,0.000000,0.013604,0,-0.027142,0.000000,-0.011333,1.310120,-0.027142,1,1,1,0.662316,0.000000,0.000000,0.000000,0.000000,0.000000,0.000000,0.000000
6.7501,1.988808,-0.016874,-0.004626,0.000000,0.034006,-0.028207,1,1.310120,118,0.128835,0.092921,1.988808,0.007645,1.314916,-0.004626,1.988837,1.298021,-0.004626,-0.016874,0.000000,0.012403,-0.396332,-29.728302,-0.016895,0.001000,0.001620,0.002003,0.000233,0.001620,0.128835,0.092921,-9.808714,0.000343,0.010383,0.001000,2.851908,0.002709,27.000000,0.013045,1.988837,0.007645,-0.016874,0.000000,-0.017000,0.001000,68,0,1,31,28,-0.009561,-0.004108,-0.003575,0.410578,0.383543,10.721884,1.281112,0.002709,0.012972,7,1,0,0.000000,0,1.310120,0.000000,0.034006,0,-0.027142,0.000000,-0.028207,1.310120,-0.027142,1,1,1,0.662354,0.000000,0.000000,0.000000,0.000000,0.000000,0.000000,0.000000
6.7601,1.988656,-0.017641,0.019839,0.000000,0.013847,-0.011333,1,1.310120,128,0.130151,0.093506,1.988656,-0.006597,1.315762,0.019839,1.988645,1.298884,0.019839,-0.017641,0.000000,0.012431,-0.396332,-29.728302,-0.016878,0.000000,0.001549,0.001984,-0.000407,0.001549,0.130151,0.093506,-9.808691,-0.003781,0.002879,0.000000,2.852004,0.002666,27.000000,0.013045,1.988645,-0.006597,-0.017641,0.000000,-0.017000,0.000000,73,0,1,31,28,-0.001015,-0.004395,0.019895,-0.261596,-0.131314,9.012735,1.281207,0.002666,0.013097,7,1,0,0.000000,0,1.310120,0.000000,0.013847,0,-0.027142,0.000000,-0.011333,1.310120,-0.027142,1,1,1,0.662455,0.000000,0.000000,0.000000,0.000000,0.000000,0.000000,0.000000
6.7701,1.988924,-0.016874,0.001212,0.000000,0.032155,-0.028207,1,1.310120,138,0.130205,0.094659,1.988924,0.004503,1.314966,0.001212,1.988933,1.298077,0.001212,-0.016874,0.000000,0.012466,-0.396332,-29.728302,-0.016890,0.000000,0.001462,0.001937,0.000321,0.001462,0.130205,0.094659,-9.808679,0.017991,-0.007207,0.000000,2.851965,0.002593,27.000000,0.013045,1.988933,0.004503,-0.016874,0.000000,-0.017000,0.000000,78,0,1,31,28,-0.001046,0.019366,0.000971,-0.104165,0.009053,10.823060,1.281168,0.002593,0.013108,7,1,0,0.000000,0,1.310120,0.000000,0.032155,0,-0.027142,0.000000,-0.028207,1.310120,-0.027142,1,1,1,0.662489,0.000000,0.000000,0.000000,0.000000,0.000000,0.000000,0.000000
6.7801,1.988838,-0.016874,-0.004748,0.000000,0.023792,-0.020537,1,1.310120,148,0.130542,0.093987,1.988838,-0.003560,1.314998,-0.004748,1.988837,1.298101,-0.004748,-0.016874,0.000000,0.012489,-0.396332,-29.728302,-0.016896,-0.001000,0.001402,0.001963,-0.000302,0.001402,0.130542,0.093987,-9.808681,-0.004970,-0.001271,-0.001000,2.851988,0.002684,27.000000,0.013045,1.988837,-0.003560,-0.016874,0.000000,-0.017000,-0.001000,83,0,1,31,28,0.003246,-0.004043,-0.005698,-0.089301,0.093906,9.369217,1.281192,0.002684,0.013144,7,1,0,0.000000,0,1.310120,0.000000,0.023792,0,-0.027142,0.000000,-0.020537,1.310120,-0.027142,1,1,1,0.662557,0.000000,0.000000,0.000000,0.000000,0.000000,0.000000,0.000000
6.7901,1.989011,-0.017641,-0.003721,0.000000,0.016078,-0.011333,1,1.310120,158,0.129780,0.095148,1.989011,0.005550,1.315656,-0.003721,1.989029,1.298764,-0.003721,-0.017641,0.000000,0.012591,-0.396332,-29.728302,-0.016892,0.000000,0.001144,0.002164,0.000414,0.001144,0.129780,0.095148,-9.808680,-0.008000,0.002494,0.000000,2.851885,0.002659,27.000000,0.013045,1.989029,0.005550,-0.017641,0.000000,-0.017000,0.000000,88,0,1,31,28,0.001117,-0.008351,-0.003616,0.254001,0.192303,9.159879,1.281088,0.002659,0.013057,6,1,0,0.000000,0,1.310120,0.000000,0.016078,0,-0.027142,0.000000,-0.011333,1.310120,-0.027142,1,1,1,0.662591,0.000000,0.000000,0.000000,0.000000,0.000000,0.000000,0.000000
6.8001,1.989139,-0.017641,0.018686,0.000000,0.022051,-0.019003,1,1.310120,168,0.130365,0.093958,1.989139,-0.000419,1.315695,0.018686,1.989124,1.298819,0.018686,-0.017641,0.000000,0.012440,-0.396332,-29.728302,-0.016876,0.001000,0.001525,0.002044,-0.000227,0.001525,0.130365,0.093958,-9.808684,-0.010488,0.003644,0.001000,2.851940,0.002629,27.000000,0.013045,1.989124,-0.000419,-0.017641,0.000000,-0.017000,0.001000,93,0,1,31,28,0.001126,-0.010800,0.019822,-0.048624,0.017214,10.162817,1.281144,0.002629,0.013118,7,1,0,0.000000,0,1.310120,0.000000,0.022051,0,-0.027142,0.000000,-0.019003,1.310120,-0.027142,1,1,1,0.662629,0.000000,0.000000,0.000000,0.000000,0.000000,0.000000,0.000000
6.8101,1.988853,-0.016874,0.009736,0.000000,0.029492,-0.028207,1,1.310120,178,0.131209,0.093648,1.988853,-0.001466,1.315130,0.009736,1.988837,1.298245,0.009736,-0.016874,0.000000,0.012440,-0.396332,-29.728302,-0.016884,0.000000,0.001527,0.002161,-0.000042,0.001527,0.131209,0.093648,-9.808675,0.020473,-0.001300,0.000000,2.852132,0.002668,27.000000,0.013045,1.988837,-0.001466,-0.016874,0.000000,-0.017000,0.000000,98,0,1,31,28,-0.007447,0.019234,0.009498,-0.138602,-0.229005,8.408898,1.281335,0.002668,0.013212,7,1,0,0.000000,0,1.310120,0.000000,0.029492,0,-0.027142,0.000000,-0.028207,1.310120,-0.027142,1,1,1,0.662666,0.000000,0.000000,0.000000,0.000000,0.000000,0.000000,0.000000
6.8201,1.988827,-0.016874,-0.005951,0.000000,0.024054,-0.020537,1,1.310120,188,0.130780,0.094414,1.988827,0.001466,1.315113,-0.005951,1.988837,1.298220,-0.005951,-0.016874,0.000000,0.012515,-0.396332,-29.728302,-0.016894,0.000000,0.001337,0.002154,-0.000088,0.001337,0.130780,0.094414,-9.808674,-0.014511,-0.001555,0.000000,2.852107,0.002666,27.000000,0.013045,1.988837,0.001466,-0.016874,0.000000,-0.017000,0.000000,103,0,1,31,28,0.007525,-0.012578,-0.005794,-0.343438,0.461889,11.315547,1.281310,0.002666,0.013167,6,1,0,0.000000,0,1.310120,0.000000,0.024054,0,-0.027142,0.000000,-0.020537,1.310120,-0.027142,1,1,1,0.662701,0.000000,0.000000,0.000000,0.000000,0.000000,0.000000,0.000000
6.8301,1.989095,-0.017641,-0.014481,0.000000,0.016895,-0.011333,1,1.310120,198,0.130327,0.094606,1.989095,0.003560,1.315695,-0.014481,1.989124,1.298795,-0.014481,-0.017641,0.000000,0.012553,-0.396332,-29.728302,-0.016900,0.000000,0.001242,0.002138,0.000241,0.001242,0.130327,0.094606,-9.808678,-0.014312,-0.001631,0.000000,2.851915,0.002675,27.000000,0.013045,1.989124,0.003560,-0.017641,0.000000,-0.017000,0.000000,108,0,1,31,28,0.007522,-0.012465,-0.014326,0.312447,-0.141981,9.127847,1.281119,0.002675,0.013113,7,1,0,0.000000,0,1.310120,0.000000,0.016895,0,-0.027142,0.000000,-0.011333,1.310120,-0.027142,1,1,1,0.662736,0.000000,0.000000,0.000000,0.000000,0.000000,0.000000,0.000000
6.8401,1.989029,-0.017641,0.007617,0.000000,0.022769,-0.019003,1,1.310120,208,0.130787,0.094084,1.989029,-0.002513,1.315671,0.007617,1.989029,1.298785,0.007617,-0.017641,0.000000,0.012557,-0.396332,-29.728302,-0.016886,0.000000,0.001231,0.001842,-0.000002,0.001231,0.130787,0.094084,-9.808677,0.015146,-0.012968,0.000000,2.851904,0.002732,27.000000,0.013045,1.989029,-0.002513,-0.017641,0.000000,-0.017000,0.000000,113,0,1,31,28,0.005360,0.019299,0.007375,0.045446,-0.230068,9.279915,1.281108,0.002732,0.013161,6,1,0,0.000000,0,1.310120,0.000000,0.022769,0,-0.027142,0.000000,-0.019003,1.310120,-0.027142,1,1,1,0.662771,0.000000,0.000000,0.000000,0.000000,0.000000,0.000000,0.000000
6.8501,1.988833,-0.016874,-0.011808,0.000000,0.031016,-0.028207,1,1.310120,218,0.131893,0.093086,1.988833,-0.001466,1.314989,-0.011808,1.988837,1.298090,-0.011808,-0.016874,0.000000,0.012404,-0.396332,-29.728302,-0.016900,0.000000,0.001617,0.002010,-0.000018,0.001617,0.131893,0.093086,-9.808672,0.019476,0.015637,0.000000,2.851976,0.002689,27.000000,0.013045,1.988837,-0.001466,-0.016874,0.000000,-0.017000,0.000000,118,0,1,31,28,-0.020245,0.006546,-0.003460,-0.316663,0.282095,10.385426,1.281188,0.002704,0.013277,7,1,0,0.000000,0,1.310120,0.000000,0.031016,0,-0.027142,0.000000,-0.028207,1.310120,-0.027142,1,1,1,0.662809,0.000000,0.000000,0.000000,0.000000,0.000000,0.000000,0.000000
6.8601,1.988827,-0.016874,-0.012395,0.000000,0.024394,-0.020537,1,1.310120,228,0.132197,0.094490,1.988827,0.000419,1.314958,-0.012395,1.988837,1.298062,-0.012395,-0.016874,0.000000,0.012436,-0.396332,-29.728302,-0.016897,0.000000,0.001537,0.001947,0.000197,0.001537,0.132197,0.094490,-9.808654,-0.018088,-0.004602,0.000000,2.851949,0.002577,27.000000,0.013045,1.988837,0.000419,-0.016874,0.000000,-0.017000,0.000000,123,0,1,31,28,0.011794,-0.014618,-0.012214,-0.404341,0.110386,9.570157,1.281153,0.002577,0.013312,6,1,0,0.000000,0,1.310120,0.000000,0.024394,0,-0.027142,0.000000,-0.020537,1.310120,-0.027142,1,1,1,0.662843,0.000000,0.000000,0.000000,0.000000,0.000000,0.000000,0.000000
6.8701,1.989084,-0.017641,-0.031645,0.000000,0.017510,-0.011333,1,1.310120,238,0.131120,0.094537,1.989084,0.002513,1.315524,-0.031645,1.989124,1.298612,-0.031645,-0.017641,0.000000,0.012512,-0.396332,-29.728302,-0.016912,0.000000,0.001346,0.002007,0.000149,0.001346,0.131120,0.094537,-9.808668,-0.016890,0.001925,0.000000,2.851732,0.002639,27.000000,0.013045,1.989124,0.002513,-0.017641,0.000000,-0.017000,0.000000,128,0,1,31,28,0.005387,-0.016518,-0.031441,0.152268,0.139271,10.355584,1.280936,0.002639,0.013194,7,1,0,0.000000,0,1.310120,0.000000,0.017510,0,-0.027142,0.000000,-0.011333,1.310120,-0.027142,1,1,1,0.662878,0.000000,0.000000,0.000000,0.000000,0.000000,0.000000,0.000000
6.8801,1.989115,-0.017641,0.001155,0.000000,0.024980,-0.019003,1,1.310120,248,0.131513,0.094043,1.989115,-0.000419,1.315338,0.001155,1.989124,1.298448,0.001155,-0.017641,0.000000,0.012531,-0.396332,-29.728302,-0.016890,0.000000,0.001298,0.002162,-0.000151,0.001298,0.131513,0.094043,-9.808668,0.019630,0.001426,0.000000,2.851568,0.002708,27.000000,0.013045,1.989124,-0.000419,-0.017641,0.000000,-0.017000,0.000000,133,0,1,31,28,-0.009582,0.017205,0.000939,0.349593,-0.268876,8.561941,1.280771,0.002708,0.013235,7,1,0,0.000000,0,1.310120,0.000000,0.024980,0,-0.027142,0.000000,-0.019003,1.310120,-0.027142,1,1,1,0.663030,0.000000,0.000000,0.000000,0.000000,0.000000,0.000000,0.000000
6.8901,1.988957,-0.016874,0.015901,0.000000,0.030708,-0.028207,1,1.310120,2,0.132648,0.094974,1.988957,-0.000419,1.314708,0.015901,1.988933,1.297835,0.015901,-0.016874,0.000000,0.012575,-0.396332,-29.728302,-0.016873,0.002000,0.001185,0.002169,-0.000044,0.001185,0.132648,0.094974,-9.808643,0.009384,0.010892,0.002000,2.851721,0.002666,27.000000,0.013045,1.988933,-0.000419,-0.016874,0.000000,-0.017000,0.002000,138,0,1,31,28,-0.013832,0.004144,0.017851,-0.620392,0.328462,11.266174,1.280925,0.002666,0.013357,7,1,0,0.000000,0,1.310120,0.000000,0.030708,0,-0.027142,0.000000,-0.028207,1.310120,-0.027142,1,1,1,0.663067,0.000000,0.000000,0.000000,0.000000,0.000000,0.000000,0.000000
6.9001,1.989119,-0.016874,-0.005794,0.000000,0.023489,-0.020537,1,1.310120,12,0.133055,0.095609,1.989119,0.003560,1.314816,-0.005794,1.989124,1.297925,-0.005794,-0.016874,0.000000,0.012588,-0.396332,-29.728302,-0.016891,0.000000,0.001152,0.001958,0.000081,0.001152,0.133055,0.095609,-9.808632,-0.009591,-0.006186,0.000000,2.851812,0.002613,27.000000,0.013045,1.989124,0.003560,-0.016874,0.000000,-0.017000,0.000000,143,0,1,31,28,0.009652,-0.006162,-0.005717,-0.060578,-0.038060,9.214784,1.281015,0.002613,0.013397,7,1,0,0.000000,0,1.310120,0.000000,0.023489,0,-0.027142,0.000000,-0.020537,1.310120,-0.027142,1,1,1,0.663102,0.000000,0.000000,0.000000,0.000000,0.000000,0.000000,0.000000
6.9101,1.989085,-0.017641,-0.034535,0.000000,0.017672,-0.011333,1,1.310120,22,0.132221,0.093934,1.989085,0.001466,1.315401,-0.034535,1.989124,1.298485,-0.034535,-0.017641,0.000000,0.012533,-0.396332,-29.728302,-0.016916,-0.001000,0.001293,0.001991,0.000055,0.001293,0.132221,0.093934,-9.808659,-0.010392,-0.019921,-0.001000,2.851603,0.002720,27.000000,0.013045,1.989124,0.001466,-0.017641,0.000000,-0.017000,-0.001000,148,0,1,31,28,0.022446,-0.001454,-0.035519,0.227890,-0.205172,9.596108,1.280807,0.002720,0.013308,7,1,0,0.000000,0,1.310120,0.000000,0.017672,0,-0.027142,0.000000,-0.011333,1.310120,-0.027142,1,1,1,0.663136,0.000000,0.000000,0.000000,0.000000,0.000000,0.000000,0.000000
6.9201,1.989131,-0.017641,0.013740,0.000000,0.024420,-0.019003,1,1.310120,32,0.132211,0.093933,1.989131,-0.001466,1.315269,0.013740,1.989124,1.298389,0.013740,-0.017641,0.000000,0.012587,-0.396332,-29.728302,-0.016881,0.000000,0.001157,0.001995,-0.000001,0.001157,0.132211,0.093933,-9.808659,0.013369,0.009038,0.000000,2.851507,0.002774,27.000000,0.013045,1.989124,-0.001466,-0.017641,0.000000,-0.017000,0.000000,153,0,1,31,28,-0.013838,0.008474,0.013634,0.000358,0.190905,10.815384,1.280710,0.002774,0.013307,7,1,0,0.000000,0,1.310120,0.000000,0.024420,0,-0.027142,0.000000,-0.019003,1.310120,-0.027142,1,1,1,0.663171,0.000000,0.000000,0.000000,0.000000,0.000000,0.000000,0.000000
6.9301,1.989074,-0.016874,0.022379,0.000000,0.028611,-0.028207,1,1.310120,42,0.133433,0.093185,1.989074,0.000419,1.314835,0.022379,1.989029,1.297960,0.022379,-0.016874,0.000000,0.012443,-0.396332,-29.728302,-0.016875,0.000000,0.001519,0.002168,-0.000091,0.001519,0.133433,0.093185,-9.808650,0.013463,-0.000412,0.000000,2.851845,0.002714,27.000000,0.013045,1.989029,0.000419,-0.016874,0.000000,-0.017000,0.000000,158,0,1,31,28,-0.005301,0.012659,0.022223,-0.584830,0.199192,10.116446,1.281049,0.002714,0.013440,7,1,0,0.000000,0,1.310120,0.000000,0.028611,0,-0.027142,0.000000,-0.028207,1.310120,-0.027142,1,1,1,0.663209,0.000000,0.000000,0.000000,0.000000,0.000000,0.000000,0.000000
6.9401,1.989017,-0.017641,-0.014478,0.000000,0.014176,-0.011333,1,1.310120,52,0.133677,0.093339,1.989017,0.001466,1.315704,-0.014478,1.989029,1.298805,-0.014478,-0.017641,0.000000,0.012449,-0.396332,-29.728302,-0.016899,0.000000,0.001503,0.002000,-0.000012,0.001503,0.133677,0.093339,-9.808645,-0.015208,-0.003569,0.000000,2.851924,0.002695,27.000000,0.013045,1.989029,0.001466,-0.017641,0.000000,-0.017000,0.000000,163,0,1,31,28,0.009657,-0.012459,-0.014324,-0.555216,0.421036,10.740772,1.281127,0.002695,0.013457,6,1,0,0.000000,0,1.310120,0.000000,0.014176,0,-0.027142,0.000000,-0.011333,1.310120,-0.027142,1,1,1,0.663244,0.000000,0.000000,0.000000,0.000000,0.000000,0.000000,0.000000
6.9501,1.989094,-0.016874,-0.020681,0.000000,0.034342,-0.028207,1,1.310120,62,0.132428,0.093304,1.989094,0.002513,1.314734,-0.020681,1.989124,1.297829,-0.020681,-0.016874,0.000000,0.012475,-0.396332,-29.728302,-0.016905,0.000000,0.001437,0.001994,0.000041,0.001437,0.132428,0.093304,-9.808662,-0.001936,0.004387,0.000000,2.851714,0.002737,27.000000,0.013045,1.989124,0.002513,-0.016874,0.000000,-0.017000,0.000000,168,0,1,31,28,-0.003162,-0.003863,-0.020634,0.607497,-0.051051,8.746137,1.280918,0.002737,0.013337,7,1,0,0.000000,0,1.310120,0.000000,0.034342,0,-0.027142,0.000000,-0.028207,1.310120,-0.027142,1,1,1,0.663279,0.000000,0.000000,0.000000,0.000000,0.000000,0.000000,0.000000
6.9601,1.988844,-0.017641,-0.002183,0.000000,0.014745,-0.011333,1,1.310120,72,0.133347,0.093377,1.988844,-0.004503,1.315538,-0.002183,1.988837,1.298648,-0.002183,-0.017641,0.000000,0.012518,-0.396332,-29.728302,-0.016890,0.001000,0.001330,0.002005,-0.000036,0.001330,0.133347,0.093377,-9.808649,0.011033,0.003069,0.001000,2.851766,0.002760,27.000000,0.013045,1.988837,-0.004503,-0.017641,0.000000,-0.017000,0.001000,173,0,1,31,28,-0.007439,0.008691,-0.001292,-0.687524,0.084528,10.880860,1.280970,0.002760,0.013423,6,1,0,0.000000,0,1.310120,0.000000,0.014745,0,-0.027142,0.000000,-0.011333,1.310120,-0.027142,1,1,1,0.663314,0.000000,0.000000,0.000000,0.000000,0.000000,0.000000,0.000000
6.9701,1.989119,-0.016874,-0.005861,0.000000,0.032652,-0.028207,1,1.310120,82,0.133197,0.094754,1.989119,0.004503,1.314731,-0.005861,1.989124,1.297839,-0.005861,-0.016874,0.000000,0.012564,-0.396332,-29.728302,-0.016892,0.000000,0.001215,0.001994,0.000204,0.001215,0.133197,0.094754,-9.808638,-0.004374,0.010219,0.000000,2.851725,0.002676,27.000000,0.013045,1.989124,0.004503,-0.016874,0.000000,-0.017000,0.000000,178,0,1,31,28,-0.007422,-0.008347,-0.005756,0.285241,0.011485,9.866295,1.280929,0.002676,0.013413,6,1,0,0.000000,0,1.310120,0.000000,0.032652,0,-0.027142,0.000000,-0.028207,1.310120,-0.027142,1,1,1,0.663348,0.000000,0.000000,0.000000,0.000000,0.000000,0.000000,0.000000
6.9801,1.989019,-0.017641,-0.011931,0.000000,0.014542,-0.011333,1,1.310120,92,0.134388,0.094123,1.989019,-0.004503,1.315571,-0.011931,1.989029,1.298674,-0.011931,-0.017641,0.000000,0.012589,-0.396332,-29.728302,-0.016897,0.000000,0.001150,0.002003,-0.000192,0.001150,0.134388,0.094123,-9.808628,-0.000651,-0.012685,0.000000,2.851792,0.002753,27.000000,0.013045,1.989029,-0.004503,-0.017641,0.000000,-0.017000,0.000000,183,0,1,31,28,0.011774,0.004614,-0.011990,-0.501230,-0.109962,8.821385,1.280996,0.002753,0.013528,7,1,0,0.000000,0,1.310120,0.000000,0.014542,0,-0.027142,0.000000,-0.011333,1.310120,-0.027142,1,1,1,0.663406,0.000000,0.000000,0.000000,0.000000,0.000000,0.000000,0.000000
6.9901,1.988924,-0.016874,-0.003316,0.000000,0.033774,-0.028207,1,1.310120,102,0.133019,0.092079,1.988924,0.003560,1.314662,-0.003316,1.988933,1.297767,-0.003316,-0.016874,0.000000,0.012417,-0.396332,-29.728302,-0.016895,0.000000,0.001584,0.002072,0.000221,0.001584,0.133019,0.092079,-9.808666,0.011081,0.003054,0.000000,2.851652,0.002802,27.000000,0.013045,1.988933,0.003560,-0.016874,0.000000,-0.017000,0.000000,188,0,1,31,28,-0.007439,0.008720,-0.003425,0.561347,0.148682,9.609451,1.280855,0.002802,0.013400,7,1,0,0.000000,0,1.310120,0.000000,0.033774,0,-0.027142,0.000000,-0.028207,1.310120,-0.027142,1,1,1,0.663441,0.000000,0.000000,0.000000,0.000000,0.000000,0.000000,0.000000
7.0001,1.988865,-0.016874,0.017975,0.000000,0.022478,-0.020537,1,1.310120,112,0.134153,0.093019,1.988865,-0.003560,1.314832,0.017975,1.988837,1.297953,0.017975,-0.016874,0.000000,0.012497,-0.396332,-29.728302,-0.016880,0.000000,0.001382,0.002013,-0.000425,0.001382,0.134153,0.093019,-9.808642,0.000595,-0.013267,0.000000,2.851837,0.002785,27.000000,0.013045,1.988837,-0.003560,-0.016874,0.000000,-0.017000,0.000000,193,0,1,31,28,0.011781,0.006354,0.017897,-0.434435,0.352012,9.362016,1.281041,0.002785,0.013514,6,1,0,0.000000,0,1.310120,0.000000,0.022478,0,-0.027142,0.000000,-0.020537,1.310120,-0.027142,1,1,1,0.663475,0.000000,0.000000,0.000000,0.000000,0.000000,0.000000,0.000000
7.0101,1.989177,-0.016874,-0.024896,0.000000,0.025954,-0.020537,1,1.310120,122,0.133649,0.092636,1.989177,0.006597,1.314724,-0.024896,1.989220,1.297818,-0.024896,-0.016874,0.000000,0.012423,-0.396332,-29.728302,-0.016906,0.000000,0.001570,0.001831,0.000422,0.001570,0.133649,0.092636,-9.808652,0.000996,0.005382,0.000000,2.851703,0.002750,27.000000,0.013045,1.989220,0.006597,-0.016874,0.000000,-0.017000,0.000000,198,0,1,31,28,-0.005300,-0.001675,-0.024877,-0.343881,0.529766,11.239665,1.280906,0.002750,0.013463,6,1,0,0.000000,0,1.310120,0.000000,0.025954,0,-0.027142,0.000000,-0.020537,1.310120,-0.027142,1,1,1,0.663510,0.000000,0.000000,0.000000,0.000000,0.000000,0.000000,0.000000
7.0201,1.989308,-0.017641,-0.014289,0.000000,0.017360,-0.011333,1,1.310120,132,0.133812,0.093200,1.989308,-0.003560,1.315322,-0.014289,1.989316,1.298421,-0.014289,-0.017641,0.000000,0.012537,-0.396332,-29.728302,-0.016900,0.000000,0.001283,0.002081,0.000039,0.001283,0.133812,0.093200,-9.808645,0.000607,0.010269,0.000000,2.851539,0.002796,27.000000,0.013045,1.989316,-0.003560,-0.017641,0.000000,-0.017000,0.000000,2,0,1,31,28,-0.009564,-0.003966,-0.014240,0.234333,0.025244,8.746660,1.280742,0.002796,0.013471,7,1,0,0.000000,0,1.310120,0.000000,0.017360,0,-0.027142,0.000000,-0.011333,1.310120,-0.027142,1,1,1,0.663617,0.000000,0.000000,0.000000,0.000000,0.000000,0.000000,0.000000
7.0301,1.989331,-0.017641,0.018112,0.000000,0.022639,-0.019003,1,1.310120,142,0.134388,0.093861,1.989331,0.002513,1.315361,0.018112,1.989316,1.298484,0.018112,-0.017641,0.000000,0.012585,-0.396332,-29.728302,-0.016876,0.000000,0.001162,0.002019,0.000074,0.001162,0.134388,0.093861,-9.808630,0.015353,0.003405,0.000000,2.851602,0.002775,27.000000,0.013045,1.989316,0.002513,-0.017641,0.000000,-0.017000,0.000000,7,0,1,31,28,-0.009572,0.012704,0.017953,-0.315862,0.231457,10.614608,1.280805,0.002775,0.013529,7,1,0,0.000000,0,1.310120,0.000000,0.022639,0,-0.027142,0.000000,-0.019003,1.310120,-0.027142,1,1,1,0.663655,0.000000,0.000000,0.000000,0.000000,0.000000,0.000000,0.000000
7.0401,1.989231,-0.016874,0.017920,0.000000,0.030078,-0.028207,1,1.310120,152,0.135805,0.094712,1.989231,0.000419,1.314791,0.017920,1.989220,1.297917,0.017920,-0.016874,0.000000,0.012621,-0.396332,-29.728302,-0.016874,0.000000,0.001070,0.002017,-0.000030,0.001070,0.135805,0.094712,-9.808603,0.000440,-0.008491,0.000000,2.851802,0.002733,27.000000,0.013045,1.989220,0.000419,-0.016874,0.000000,-0.017000,0.000000,12,0,1,31,28,0.007514,0.004205,0.017868,-0.564589,0.071834,10.364011,1.281005,0.002733,0.013679,7,1,0,0.000000,0,1.310120,0.000000,0.030078,0,-0.027142,0.000000,-0.028207,1.310120,-0.027142,1,1,1,0.663690,0.000000,0.000000,0.000000,0.000000,0.000000,0.000000,0.000000
7.0501,1.988991,-0.017641,-0.024933,0.000000,0.015683,-0.011333,1,1.310120,162,0.134997,0.091935,1.988991,0.000419,1.315550,-0.024933,1.989029,1.298644,-0.024933,-0.017641,0.000000,0.012392,-0.396332,-29.728302,-0.016907,0.000000,0.001647,0.001997,-0.000064,0.001647,0.134997,0.091935,-9.808640,-0.008104,-0.009219,0.000000,2.851761,0.002778,27.000000,0.013045,1.989029,0.000419,-0.017641,0.000000,-0.017000,0.000000,17,0,1,31,28,0.011779,-0.003763,-0.024888,-0.335165,0.034534,10.296792,1.280965,0.002778,0.013594,6,1,0,0.000000,0,1.310120,0.000000,0.015683,0,-0.027142,0.000000,-0.011333,1.310120,-0.027142,1,1,1,0.663725,0.000000,0.000000,0.000000,0.000000,0.000000,0.000000,0.000000
7.0601,1.989303,-0.016874,0.006840,0.000000,0.033941,-0.028207,1,1.310120,172,0.133484,0.092171,1.989303,0.003560,1.314616,0.006840,1.989316,1.297728,0.006840,-0.016874,0.000000,0.012450,-0.396332,-29.728302,-0.016888,0.000000,0.001501,0.001894,0.000121,0.001501,0.133484,0.092171,-9.808659,-0.012128,0.004401,0.000000,2.851612,0.002825,27.000000,0.013045,1.989316,0.003560,-0.016874,0.000000,-0.017000,0.000000,22,0,1,31,28,0.001125,-0.012767,0.006999,0.449173,0.184295,10.595490,1.280816,0.002825,0.013447,6,1,0,0.000000,0,1.310120,0.000000,0.033941,0,-0.027142,0.000000,-0.028207,1.310120,-0.027142,1,1,1,0.663758,0.000000,0.000000,0.000000,0.000000,0.000000,0.000000,0.000000
7.0701,1.989049,-0.017641,0.007713,0.000000,0.013494,-0.011333,1,1.310120,182,0.135175,0.092269,1.989049,-0.003560,1.315555,0.007713,1.989029,1.298669,0.007713,-0.017641,0.000000,0.012460,-0.396332,-29.728302,-0.016886,0.000000,0.001477,0.002015,-0.000138,0.001477,0.135175,0.092269,-9.808635,0.021709,-0.008955,0.000000,2.851785,0.002811,27.000000,0.013045,1.989029,-0.003560,-0.017641,0.000000,-0.017000,0.000000,27,0,1,31,28,-0.001048,0.023555,0.007420,-0.511406,0.090481,8.852105,1.280989,0.002811,0.013612,6,1,0,0.000000,0,1.310120,0.000000,0.013494,0,-0.027142,0.000000,-0.011333,1.310120,-0.027142,1,1,1,0.663792,0.000000,0.000000,0.000000,0.000000,0.000000,0.000000,0.000000
7.0801,1.989306,-0.016874,-0.003311,0.000000,0.033107,-0.028207,1,1.310120,192,0.135187,0.093483,1.989306,0.004503,1.314710,-0.003311,1.989316,1.297818,-0.003311,-0.016874,0.000000,0.012532,-0.396332,-29.728302,-0.016891,0.000000,0.001294,0.001998,0.000136,0.001294,0.135187,0.093483,-9.808623,0.009293,-0.000826,0.000000,2.851703,0.002770,27.000000,0.013045,1.989316,0.004503,-0.016874,0.000000,-0.017000,0.000000,32,0,1,31,28,-0.003170,0.008732,-0.003421,-0.189685,0.420896,11.544925,1.280906,0.002770,0.013618,6,1,0,0.000000,0,1.310120,0.000000,0.033107,0,-0.027142,0.000000,-0.028207,1.310120,-0.027142,1,1,1,0.663824,0.000000,0.000000,0.000000,0.000000,0.000000,0.000000,0.000000
7.0901,1.989125,-0.017641,0.001898,0.000000,0.015276,-0.011333,1,1.310120,202,0.136080,0.093039,1.989125,-0.004503,1.315486,0.001898,1.989124,1.298596,0.001898,-0.017641,0.000000,0.012554,-0.396332,-29.728302,-0.016890,-0.001000,0.001238,0.002000,-0.000203,0.001238,0.136080,0.093039,-9.808615,0.009046,0.003989,-0.001000,2.851712,0.002826,27.000000,0.013045,1.989124,-0.004503,-0.017641,0.000000,-0.017000,-0.001000,37,0,1,31,28,-0.007436,0.006526,0.000817,-0.319203,-0.017308,9.071267,1.280915,0.002826,0.013703,7,1,0,0.000000,0,1.310120,0.000000,0.015276,0,-0.027142,0.000000,-0.011333,1.310120,-0.027142,1,1,1,0.663910,0.000000,0.000000,0.000000,0.000000,0.000000,0.000000,0.000000
7.1001,1.989331,-0.016874,0.002878,0.000000,0.032488,-0.028207,1,1.310120,212,0.135202,0.094060,1.989331,0.005550,1.314695,0.002878,1.989316,1.297809,0.002878,-0.016874,0.000000,0.012612,-0.396332,-29.728302,-0.016887,0.000000,0.001093,0.002011,0.000279,0.001093,0.135202,0.094060,-9.808617,0.002284,0.004776,-0.000000,2.851693,0.002791,27.000000,0.013045,1.989316,0.005550,-0.016874,0.000000,-0.017000,0.000000,42,0,1,31,28,-0.005294,0.000093,0.002877,0.114539,0.118123,10.518044,1.280896,0.002791,0.013619,6,1,0,0.000000,0,1.310120,0.000000,0.032488,0,-0.027142,0.000000,-0.028207,1.310120,-0.027142,1,1,1,0.663942,0.000000,0.000000,0.000000,0.000000,0.000000,0.000000,0.000000
7.1101,1.989113,-0.017641,0.002579,0.000000,0.015084,-0.011333,1,1.310120,222,0.136129,0.092218,1.989113,-0.006597,1.315493,0.002579,1.989124,1.298604,0.002579,-0.017641,0.000000,0.012430,-0.396332,-29.728302,-0.016889,0.000000,0.001551,0.002006,-0.000285,0.001551,0.136129,0.092218,-9.808622,-0.013817,0.000488,0.000000,2.851720,0.002785,27.000000,0.013045,1.989124,-0.006597,-0.017641,0.000000,-0.017000,0.000000,47,0,1,31,28,0.005393,-0.012698,0.002737,-0.280082,0.016483,9.435308,1.280924,0.002785,0.013709,6,1,0,0.000000,0,1.310120,0.000000,0.015084,0,-0.027142,0.000000,-0.011333,1.310120,-0.027142,1,1,1,0.664011,0.000000,0.000000,0.000000,0.000000,0.000000,0.000000,0.000000
7.1201,1.989307,-0.017641,0.001267,0.000000,0.024933,-0.019003,1,1.310120,232,0.135251,0.092433,1.989307,0.005550,1.315335,0.001267,1.989316,1.298445,0.001267,-0.017641,0.000000,0.012451,-0.396332,-29.728302,-0.016890,0.000000,0.001498,0.002047,0.000419,0.001498,0.135251,0.092433,-9.808632,0.018127,-0.012003,0.000000,2.851562,0.002786,27.000000,0.013045,1.989316,0.005550,-0.017641,0.000000,-0.017000,0.000000,52,0,1,31,28,0.003221,0.021515,0.000999,0.333101,-0.101701,9.740773,1.280766,0.002786,0.013619,6,1,0,0.000000,0,1.310120,0.000000,0.024933,0,-0.027142,0.000000,-0.019003,1.310120,-0.027142,1,1,1,0.664044,0.000000,0.000000,0.000000,0.000000,0.000000,0.000000,0.000000
7.1301,1.989143,-0.017641,0.007099,0.000000,0.021566,-0.019003,1,1.310120,242,0.136576,0.092210,1.989143,-0.001466,1.315479,0.007099,1.989124,1.298594,0.007099,-0.017641,0.000000,0.012456,-0.396332,-29.728302,-0.016885,0.000000,0.001486,0.002034,-0.000230,0.001486,0.136576,0.092210,-9.808616,-0.003334,-0.002030,0.000000,2.851710,0.002811,27.000000,0.013045,1.989124,-0.001466,-0.017641,0.000000,-0.017000,0.000000,57,0,1,31,28,0.003248,-0.002076,0.007125,-0.382846,0.156339,10.498964,1.280914,0.002811,0.013755,7,1,0,0.000000,0,1.310120,0.000000,0.021566,0,-0.027142,0.000000,-0.019003,1.310120,-0.027142,1,1,1,0.664195,0.000000,0.000000,0.000000,0.000000,0.000000,0.000000,0.000000
7.1401,1.989137,-0.016874,0.002778,0.000000,0.032477,-0.028207,1,1.310120,252,0.136800,0.093812,1.989137,0.002513,1.314694,0.002778,1.989124,1.297808,0.002778,-0.016874,0.000000,0.012593,-0.396332,-29.728302,-0.016886,0.000000,0.001140,0.002146,0.000321,0.001140,0.136800,0.093812,-9.808598,-0.003382,0.002698,0.000000,2.851692,0.002795,27.000000,0.013045,1.989124,0.002513,-0.016874,0.000000,-0.017000,0.000000,62,0,1,31,28,-0.001020,-0.004169,0.002831,-0.005062,0.120853,8.737895,1.280895,0.002795,0.013782,6,1,0,0.000000,0,1.310120,0.000000,0.032477,0,-0.027142,0.000000,-0.028207,1.310120,-0.027142,1,1,1,0.664227,0.000000,0.000000,0.000000,0.000000,0.000000,0.000000,0.000000
7.1501,1.989038,-0.017641,0.002996,0.000000,0.016473,-0.011333,1,1.310120,6,0.136520,0.093161,1.989038,-0.003560,1.315374,0.002996,1.989029,1.298487,0.002996,-0.017641,0.000000,0.012550,-0.396332,-29.728302,-0.016887,0.000000,0.001249,0.001985,-0.000291,0.001249,0.136520,0.093161,-9.808608,-0.001004,-0.012526,0.000000,2.851604,0.002808,27.000000,0.013045,1.989029,-0.003560,-0.017641,0.000000,-0.017000,0.000000,67,0,1,31,28,0.011778,0.004416,0.002941,-0.181889,0.033320,10.402155,1.280807,0.002808,0.013747,7,1,0,0.000000,0,1.310120,0.000000,0.016473,0,-0.027142,0.000000,-0.011333,1.310120,-0.027142,1,1,1,0.664260,0.000000,0.000000,0.000000,0.000000,0.000000,0.000000,0.000000
7.1601,1.989314,-0.017641,0.009321,0.000000,0.024020,-0.019003,1,1.310120,16,0.135768,0.093811,1.989314,0.001466,1.315307,0.009321,1.989316,1.298424,0.009321,-0.017641,0.000000,0.012609,-0.396332,-29.728302,-0.016883,0.000000,0.001100,0.001987,0.000011,0.001100,0.135768,0.093811,-9.808612,0.006763,0.009754,0.000000,2.851541,0.002802,27.000000,0.013045,1.989316,0.001466,-0.017641,0.000000,-0.017000,0.000000,72,0,1,31,28,-0.011698,0.002126,0.009295,0.381446,-0.038159,10.018985,1.280745,0.002802,0.013669,6,1,0,0.000000,0,1.310120,0.000000,0.024020,0,-0.027142,0.000000,-0.019003,1.310120,-0.027142,1,1,1,0.664291,0.000000,0.000000,0.000000,0.000000,0.000000,0.000000,0.000000
7.1701,1.989137,-0.016874,0.000909,0.000000,0.031603,-0.028207,1,1.310120,26,0.137119,0.092211,1.989137,-0.003560,1.314630,0.000909,1.989124,1.297740,0.000909,-0.016874,0.000000,0.012464,-0.396332,-29.728302,-0.016890,0.000000,0.001466,0.002139,-0.000232,0.001466,0.137119,0.092211,-9.808608,0.003676,-0.007633,-0.000000,2.851623,0.002828,27.000000,0.013045,1.989124,-0.003560,-0.016874,0.000000,-0.017000,0.000000,77,0,1,31,28,0.005372,0.006563,0.000827,-0.773669,0.216700,11.016119,1.280826,0.002828,0.013817,6,1,0,0.000000,0,1.310120,0.000000,0.031603,0,-0.027142,0.000000,-0.028207,1.310120,-0.027142,1,1,1,0.664326,0.000000,0.000000,0.000000,0.000000,0.000000,0.000000,0.000000
7.1801,1.988912,-0.016874,-0.018499,0.000000,0.024961,-0.020537,1,1.310120,36,0.136907,0.092158,1.988912,0.001466,1.314625,-0.018499,1.988933,1.297723,-0.018499,-0.016874,0.000000,0.012447,-0.396332,-29.728302,-0.016901,0.000000,0.001508,0.001996,-0.000184,0.001508,0.136907,0.092158,-9.808612,0.000845,0.005450,0.000000,2.851606,0.002817,27.000000,0.013045,1.988933,0.001466,-0.016874,0.000000,-0.017000,0.000000,82,0,1,31,28,-0.005298,-0.001760,-0.018478,-0.136490,0.345338,9.917227,1.280810,0.002817,0.013796,6,1,0,0.000000,0,1.310120,0.000000,0.024961,0,-0.027142,0.000000,-0.020537,1.310120,-0.027142,1,1,1,0.664358,0.000000,0.000000,0.000000,0.000000,0.000000,0.000000,0.000000
7.1901,1.989394,-0.017641,-0.003510,0.000000,0.017484,-0.011333,1,1.310120,46,0.136591,0.092906,1.989394,0.003560,1.315224,-0.003510,1.989412,1.298332,-0.003510,-0.017641,0.000000,0.012498,-0.396332,-29.728302,-0.016892,0.000000,0.001379,0.001852,0.000135,0.001379,0.136591,0.092906,-9.808609,-0.002043,-0.004980,0.000000,2.851449,0.002782,27.000000,0.013045,1.989412,0.003560,-0.017641,0.000000,-0.017000,0.000000,87,0,1,31,28,0.005377,0.000209,-0.003513,0.264930,-0.218620,9.136616,1.280652,0.002782,0.013755,7,1,0,0.000000,0,1.310120,0.000000,0.017484,0,-0.027142,0.000000,-0.011333,1.310120,-0.027142,1,1,1,0.664389,0.000000,0.000000,0.000000,0.000000,0.000000,0.000000,0.000000
7.2001,1.989319,-0.016874,0.002931,0.000000,0.032873,-0.028207,1,1.310120,56,0.136864,0.093134,1.989319,-0.000419,1.314444,0.002931,1.989316,1.297557,0.002931,-0.016874,0.000000,0.012567,-0.396332,-29.728302,-0.016887,0.000000,0.001206,0.002003,-0.000008,0.001206,0.136864,0.093134,-9.808603,0.003328,0.001939,0.000000,2.851440,0.002838,27.000000,0.013045,1.989316,-0.000419,-0.016874,0.000000,-0.017000,0.000000,92,0,1,31,28,-0.003162,0.002236,0.002903,-0.400842,0.245468,11.026220,1.280644,0.002838,0.013790,7,1,0,0.000000,0,1.310120,0.000000,0.032873,0,-0.027142,0.000000,-0.028207,1.310120,-0.027142,1,1,1,0.664422,0.000000,0.000000,0.000000,0.000000,0.000000,0.000000,0.000000
7.2101,1.989113,-0.017641,0.013496,0.000000,0.015858,-0.011333,1,1.310120,66,0.137936,0.093527,1.989113,-0.002513,1.315208,0.013496,1.989124,1.298330,0.013496,-0.017641,0.000000,0.012604,-0.396332,-29.728302,-0.016878,0.000000,0.001112,0.002029,-0.000090,0.001112,0.137936,0.093527,-9.808584,-0.003486,-0.001962,-0.000000,2.851445,0.002822,27.000000,0.013045,1.989124,-0.002513,-0.017641,0.000000,-0.017000,0.000000,97,0,1,31,28,0.003250,-0.002161,0.013524,-0.244061,0.064060,8.679746,1.280649,0.002822,0.013891,7,1,0,0.000000,0,1.310120,0.000000,0.015858,0,-0.027142,0.000000,-0.011333,1.310120,-0.027142,1,1,1,0.664454,0.000000,0.000000,0.000000,0.000000,0.000000,0.000000,0.000000
7.2201,1.989409,-0.017641,-0.001476,0.000000,0.024780,-0.019003,1,1.310120,76,0.137347,0.094398,1.989409,0.004503,1.315117,-0.001476,1.989412,1.298230,-0.001476,-0.017641,0.000000,0.012651,-0.396332,-29.728302,-0.016887,0.000000,0.000994,0.002106,0.000320,0.000994,0.137347,0.094398,-9.808584,-0.008657,-0.008968,0.000000,2.851346,0.002781,27.000000,0.013045,1.989412,0.004503,-0.017641,0.000000,-0.017000,0.000000,102,0,1,31,28,0.011786,-0.004075,-0.001425,0.191004,-0.032352,10.315603,1.280550,0.002781,0.013829,7,1,0,0.000000,0,1.310120,0.000000,0.024780,0,-0.027142,0.000000,-0.019003,1.310120,-0.027142,1,1,1,0.664486,0.000000,0.000000,0.000000,0.000000,0.000000,0.000000,0.000000
7.2301,1.989039,-0.017641,0.000850,0.000000,0.022913,-0.019003,1,1.310120,86,0.138216,0.090787,1.989039,-0.003560,1.315193,0.000850,1.989029,1.298302,0.000850,-0.017641,0.000000,0.012412,-0.396332,-29.728302,-0.016891,0.000000,0.001596,0.002011,-0.000306,0.001596,0.138216,0.090787,-9.808606,0.005317,0.001015,0.000000,2.851416,0.002909,27.000000,0.013045,1.989029,-0.003560,-0.017641,0.000000,-0.017000,0.000000,107,0,1,31,28,-0.003164,0.004401,0.000795,-0.109473,-0.146231,8.677720,1.280620,0.002909,0.013924,6,1,0,0.000000,0,1.310120,0.000000,0.022913,0,-0.027142,0.000000,-0.019003,1.310120,-0.027142,1,1,1,0.664556,0.000000,0.000000,0.000000,0.000000,0.000000,0.000000,0.000000
7.2401,1.989129,-0.016874,0.000745,0.000000,0.032232,-0.028207,1,1.310120,96,0.137447,0.091313,1.989129,0.001466,1.314476,0.000745,1.989124,1.297585,0.000745,-0.016874,0.000000,0.012467,-0.396332,-29.728302,-0.016891,0.000000,0.001458,0.001975,-0.000022,0.001458,0.137447,0.091313,-9.808612,0.002334,0.004754,0.000000,2.851467,0.002923,27.000000,0.013045,1.989124,0.001466,-0.016874,0.000000,-0.017000,0.000000,112,0,1,31,28,-0.005295,0.000121,0.000744,-0.209830,0.293617,11.007688,1.280670,0.002923,0.013852,6,1,0,0.000000,0,1.310120,0.000000,0.032232,0,-0.027142,0.000000,-0.028207,1.310120,-0.027142,1,1,1,0.664587,0.000000,0.000000,0.000000,0.000000,0.000000,0.000000,0.000000
7.2501,1.989200,-0.017641,-0.014385,0.000000,0.016859,-0.011333,1,1.310120,106,0.137713,0.093215,1.989200,0.001466,1.315168,-0.014385,1.989220,1.298269,-0.014385,-0.017641,0.000000,0.012557,-0.396332,-29.728302,-0.016898,0.000000,0.001232,0.002026,-0.000077,0.001232,0.137713,0.093215,-9.808590,-0.006853,0.004319,0.000000,2.851385,0.002807,27.000000,0.013045,1.989220,0.001466,-0.017641,0.000000,-0.017000,0.000000,117,0,1,31,28,-0.001021,-0.008216,-0.014283,-0.172333,0.155746,10.556518,1.280589,0.002807,0.013869,7,1,0,0.000000,0,1.310120,0.000000,0.016859,0,-0.027142,0.000000,-0.011333,1.310120,-0.027142,1,1,1,0.664619,0.000000,0.000000,0.000000,0.000000,0.000000,0.000000,0.000000
7.2601,1.989397,-0.016874,0.007507,0.000000,0.034054,-0.028207,1,1.310120,116,0.137256,0.093986,1.989397,0.000419,1.314290,0.007507,1.989412,1.297407,0.007507,-0.016874,0.000000,0.012589,-0.396332,-29.728302,-0.016883,0.000000,0.001150,0.002000,0.000128,0.001150,0.137256,0.093986,-9.808589,0.014855,-0.003411,0.000000,2.851290,0.002773,27.000000,0.013045,1.989412,0.000419,-0.016874,0.000000,-0.017000,0.000000,122,0,1,31,28,-0.003174,0.015001,0.007319,0.455227,-0.242608,8.763253,1.280494,0.002773,0.013828,6,1,0,0.000000,0,1.310120,0.000000,0.034054,0,-0.027142,0.000000,-0.028207,1.310120,-0.027142,1,1,1,0.664651,0.000000,0.000000,0.000000,0.000000,0.000000,0.000000,0.000000
7.2701,1.989316,-0.017641,0.001000,0.000000,0.015133,-0.011333,1,1.310120,126,0.139153,0.090811,1.989316,-0.001466,1.315155,0.001000,1.989316,1.298264,0.001000,-0.017641,0.000000,0.012344,-0.396332,-29.728302,-0.016891,0.000000,0.001768,0.001926,-0.000217,0.001768,0.139153,0.090811,-9.808593,0.012922,0.002186,0.000000,2.851379,0.002837,27.000000,0.013045,1.989316,-0.001466,-0.017641,0.000000,-0.017000,0.000000,127,0,1,31,28,0.005373,0.004454,-0.001331,-0.888507,0.170007,10.919870,1.280582,0.002842,0.014010,6,1,0,0.000000,0,1.310120,0.000000,0.015133,0,-0.027142,0.000000,-0.011333,1.310120,-0.027142,1,1,1,0.664717,0.000000,0.000000,0.000000,0.000000,0.000000,0.000000,0.000000
7.2801,1.989489,-0.016874,-0.005837,0.000000,0.034900,-0.028207,1,1.310120,136,0.138360,0.091570,1.989489,0.004503,1.314226,-0.005837,1.989508,1.297332,-0.005837,-0.016874,0.000000,0.012407,-0.396332,-29.728302,-0.016894,0.000000,0.001611,0.001945,0.000030,0.001611,0.138360,0.091570,-9.808597,-0.015112,-0.013034,0.000000,2.851214,0.002834,27.000000,0.013045,1.989508,0.004503,-0.016874,0.000000,-0.017000,0.000000,132,0,1,31,28,0.018193,-0.008274,-0.005735,0.176636,0.422102,9.133427,1.280418,0.002834,0.013945,6,1,0,0.000000,0,1.310120,0.000000,0.034900,0,-0.027142,0.000000,-0.028207,1.310120,-0.027142,1,1,1,0.664784,0.000000,0.000000,0.000000,0.000000,0.000000,0.000000,0.000000
7.2901,1.989233,-0.017641,-0.001120,0.000000,0.015787,-0.011333,1,1.310120,146,0.139055,0.090598,1.989233,-0.003560,1.315040,-0.001120,1.989220,1.298148,-0.001120,-0.017641,0.000000,0.012387,-0.396332,-29.728302,-0.016892,0.000000,0.001661,0.001999,-0.000114,0.001661,0.139055,0.090598,-9.808596,0.006699,-0.011397,-0.000000,2.851262,0.002902,27.000000,0.013045,1.989220,-0.003560,-0.017641,0.000000,-0.017000,0.000000,137,0,1,31,28,0.007501,0.010871,-0.001254,-0.822298,0.295644,10.815902,1.280465,0.002902,0.014010,7,1,0,0.000000,0,1.310120,0.000000,0.015787,0,-0.027142,0.000000,-0.011333,1.310120,-0.027142,1,1,1,0.664925,0.000000,0.000000,0.000000,0.000000,0.000000,0.000000,0.000000
7.3001,1.989501,-0.016874,-0.009667,0.000000,0.033959,-0.028207,1,1.310120,156,0.137936,0.091503,1.989501,0.003560,1.314211,-0.009667,1.989508,1.297313,-0.009667,-0.016874,0.000000,0.012458,-0.396332,-29.728302,-0.016898,0.000000,0.001481,0.002138,0.000215,0.001481,0.137936,0.091503,-9.808603,0.015856,0.007894,0.000000,2.851195,0.002893,27.000000,0.013045,1.989508,0.003560,-0.016874,0.000000,-0.017000,0.000000,142,0,1,31,28,-0.013848,0.010923,-0.009804,0.587646,-0.028992,8.507084,1.280398,0.002893,0.013902,7,1,0,0.000000,0,1.310120,0.000000,0.033959,0,-0.027142,0.000000,-0.028207,1.310120,-0.027142,1,1,1,0.664956,0.000000,0.000000,0.000000,0.000000,0.000000,0.000000,0.000000
7.3101,1.989330,-0.017641,0.011476,0.000000,0.016219,-0.011333,1,1.310120,166,0.139623,0.091232,1.989330,-0.003560,1.314978,0.011476,1.989316,1.298096,0.011476,-0.017641,0.000000,0.012451,-0.396332,-29.728302,-0.016882,0.000000,0.001500,0.001957,-0.000211,0.001500,0.139623,0.091232,-9.808582,-0.004041,-0.013472,0.000000,2.851210,0.002900,27.000000,0.013045,1.989316,-0.003560,-0.017641,0.000000,-0.017000,0.000000,147,0,1,31,28,0.013918,0.002172,0.011450,-0.500135,0.177033,9.589905,1.280413,0.002900,0.014067,7,1,0,0.000000,0,1.310120,0.000000,0.016219,0,-0.027142,0.000000,-0.011333,1.310120,-0.027142,1,1,1,0.665100,0.000000,0.000000,0.000000,0.000000,0.000000,0.000000,0.000000
7.3201,1.989396,-0.017641,0.002773,0.000000,0.025385,-0.019003,1,1.310120,176,0.138721,0.091891,1.989396,0.003560,1.314872,0.002773,1.989412,1.297984,0.002773,-0.017641,0.000000,0.012515,-0.396332,-29.728302,-0.016888,0.000000,0.001337,0.002004,0.000122,0.001337,0.138721,0.091891,-9.808589,-0.000690,0.008513,0.000000,2.851099,0.002899,27.000000,0.013045,1.989412,0.003560,-0.017641,0.000000,-0.017000,0.000000,152,0,1,31,28,-0.007424,-0.004187,0.002825,0.028699,0.343087,10.883925,1.280302,0.002899,0.013974,7,1,0,0.000000,0,1.310120,0.000000,0.025385,0,-0.027142,0.000000,-0.019003,1.310120,-0.027142,1,1,1,0.665130,0.000000,0.000000,0.000000,0.000000,0.000000,0.000000,0.000000
7.3301,1.989428,-0.016874,0.009479,0.000000,0.032016,-0.028207,1,1.310120,186,0.139745,0.092866,1.989428,-0.003560,1.314220,0.009479,1.989412,1.297339,0.009479,-0.016874,0.000000,0.012603,-0.396332,-29.728302,-0.016881,0.000000,0.001114,0.002068,-0.000318,0.001114,0.139745,0.092866,-9.808565,0.011676,0.005123,0.000000,2.851220,0.002897,27.000000,0.013045,1.989412,-0.003560,-0.016874,0.000000,-0.017000,0.000000,157,0,1,31,28,-0.009570,0.008543,0.009372,-0.100520,-0.030540,8.602324,1.280424,0.002897,0.014084,7,1,0,0.000000,0,1.310120,0.000000,0.032016,0,-0.027142,0.000000,-0.028207,1.310120,-0.027142,1,1,1,0.665163,0.000000,0.000000,0.000000,0.000000,0.000000,0.000000,0.000000
7.3401,1.989213,-0.016874,-0.014239,0.000000,0.025222,-0.020537,1,1.310120,196,0.139675,0.093694,1.989213,0.000419,1.314263,-0.014239,1.989220,1.297367,-0.014239,-0.016874,0.000000,0.012619,-0.396332,-29.728302,-0.016896,0.000000,0.001075,0.001944,0.000203,0.001075,0.139675,0.093694,-9.808558,0.003432,0.011308,0.000000,2.851249,0.002828,27.000000,0.013045,1.989220,0.000419,-0.016874,0.000000,-0.017000,0.000000,162,0,1,31,28,-0.011701,-0.001836,-0.014217,-0.381150,0.148799,11.111396,1.280453,0.002828,0.014075,7,1,0,0.000000,0,1.310120,0.000000,0.025222,0,-0.027142,0.000000,-0.020537,1.310120,-0.027142,1,1,1,0.665194,0.000000,0.000000,0.000000,0.000000,0.000000,0.000000,0.000000
7.3501,1.989501,-0.017641,-0.001896,0.000000,0.018263,-0.011333,1,1.310120,206,0.138735,0.094113,1.989501,0.002513,1.314858,-0.001896,1.989508,1.297971,-0.001896,-0.017641,0.000000,0.012615,-0.396332,-29.728302,-0.016887,0.000000,0.001085,0.002006,0.000030,0.001085,0.138735,0.094113,-9.808567,-0.021466,0.004051,0.000000,2.851087,0.002772,27.000000,0.013045,1.989508,0.002513,-0.017641,0.000000,-0.017000,0.000000,167,0,1,31,28,0.005400,-0.021189,-0.001629,0.552445,-0.230855,9.366371,1.280290,0.002772,0.013971,7,1,0,0.000000,0,1.310120,0.000000,0.018263,0,-0.027142,0.000000,-0.011333,1.310120,-0.027142,1,1,1,0.665225,0.000000,0.000000,0.000000,0.000000,0.000000,0.000000,0.000000
7.3601,1.989517,-0.017641,-0.002894,0.000000,0.024374,-0.019003,1,1.310120,216,0.139446,0.091463,1.989517,-0.000419,1.314857,-0.002894,1.989508,1.297964,-0.002894,-0.017641,0.000000,0.012421,-0.396332,-29.728302,-0.016892,0.000000,0.001575,0.002014,-0.000000,0.001575,0.139446,0.091463,-9.808582,0.021203,-0.015791,-0.000000,2.851079,0.002847,27.000000,0.013045,1.989508,-0.000419,-0.017641,0.000000,-0.017000,0.000000,172,0,1,31,28,0.005350,0.025852,-0.003215,-0.115298,-0.238167,9.930518,1.280283,0.002847,0.014049,7,1,0,0.000000,0,1.310120,0.000000,0.024374,0,-0.027142,0.000000,-0.019003,1.310120,-0.027142,1,1,1,0.665257,0.000000,0.000000,0.000000,0.000000,0.000000,0.000000,0.000000
7.3701,1.989337,-0.016874,0.012819,0.000000,0.032091,-0.028207,1,1.310120,226,0.140950,0.091132,1.989337,-0.002513,1.314199,0.012819,1.989316,1.297316,0.012819,-0.016874,0.000000,0.012432,-0.396332,-29.728302,-0.016883,-0.001000,0.001548,0.002000,-0.000133,0.001548,0.140950,0.091132,-9.808564,0.017589,-0.002327,-0.001000,2.851196,0.002899,27.000000,0.013045,1.989316,-0.002513,-0.016874,0.000000,-0.017000,-0.001000,177,0,1,31,28,-0.005309,0.017075,0.011608,-0.282824,0.122825,8.565466,1.280400,0.002899,0.014210,7,1,0,0.000000,0,1.310120,0.000000,0.032091,0,-0.027142,0.000000,-0.028207,1.310120,-0.027142,1,1,1,0.665290,0.000000,0.000000,0.000000,0.000000,0.000000,0.000000,0.000000
7.3801,1.989294,-0.017641,-0.025399,0.000000,0.016631,-0.011333,1,1.310120,236,0.140619,0.091168,1.989294,0.000419,1.314971,-0.025399,1.989316,1.298064,-0.025399,-0.017641,0.000000,0.012492,-0.396332,-29.728302,-0.016907,0.000000,0.001394,0.002001,0.000089,0.001394,0.140619,0.091168,-9.808568,-0.024645,0.000824,0.000000,2.851177,0.002946,27.000000,0.013045,1.989316,0.000419,-0.017641,0.000000,-0.017000,0.000000,182,0,1,31,28,0.009665,-0.023002,-0.025113,-0.318775,0.432711,9.803142,1.280381,0.002946,0.014169,7,1,0,0.000000,0,1.310120,0.000000,0.016631,0,-0.027142,0.000000,-0.011333,1.310120,-0.027142,1,1,1,0.665321,0.000000,0.000000,0.000000,0.000000,0.000000,0.000000,0.000000
7.3901,1.989477,-0.017641,-0.008035,0.000000,0.027270,-0.019003,1,1.310120,246,0.139545,0.091352,1.989477,0.003560,1.314696,-0.008035,1.989508,1.297801,-0.008035,-0.017641,0.000000,0.012497,-0.396332,-29.728302,-0.016895,0.000000,0.001384,0.001945,0.000243,0.001384,0.139545,0.091352,-9.808582,-0.010733,0.001416,0.000000,2.850914,0.002934,27.000000,0.013045,1.989508,0.003560,-0.017641,0.000000,-0.017000,0.000000,187,0,1,31,28,0.003252,-0.010425,-0.007905,-0.000814,0.356168,10.596925,1.280118,0.002934,0.014059,6,1,0,0.000000,0,1.310120,0.000000,0.027270,0,-0.027142,0.000000,-0.019003,1.310120,-0.027142,1,1,1,0.665352,0.000000,0.000000,0.000000,0.000000,0.000000,0.000000,0.000000
7.4001,1.989342,-0.016874,0.011866,0.000000,0.032507,-0.028207,1,1.310120,0,0.140280,0.091255,1.989342,-0.003560,1.314028,0.011866,1.989316,1.297145,0.011866,-0.016874,0.000000,0.012507,-0.396332,-29.728302,-0.016883,0.000000,0.001356,0.001862,-0.000212,0.001356,0.140280,0.091255,-9.808572,0.022211,0.002588,0.000000,2.851025,0.002964,27.000000,0.013045,1.989316,-0.003560,-0.016874,0.000000,-0.017000,0.000000,192,0,1,31,28,-0.011715,0.019194,0.011627,-0.167319,-0.144141,8.505436,1.280228,0.002964,0.014141,6,1,0,0.000000,0,1.310120,0.000000,0.032507,0,-0.027142,0.000000,-0.028207,1.310120,-0.027142,1,1,1,0.665431,0.000000,0.000000,0.000000,0.000000,0.000000,0.000000,0.000000
7.4101,1.989489,-0.017641,-0.012249,0.000000,0.016742,-0.011333,1,1.310120,10,0.140798,0.092224,1.989489,0.004503,1.314808,-0.012249,1.989508,1.297912,-0.012249,-0.017641,0.000000,0.012557,-0.396332,-29.728302,-0.016895,0.000000,0.001231,0.001999,0.000329,0.001231,0.140798,0.092224,-9.808556,-0.008695,0.000470,0.000000,2.851026,0.002903,27.000000,0.013045,1.989508,0.004503,-0.017641,0.000000,-0.017000,0.000000,197,0,1,31,28,0.003249,-0.008232,-0.012147,-0.504793,0.230548,11.456673,1.280229,0.002903,0.014185,6,1,0,0.000000,0,1.310120,0.000000,0.016742,0,-0.027142,0.000000,-0.011333,1.310120,-0.027142,1,1,1,0.665462,0.000000,0.000000,0.000000,0.000000,0.000000,0.000000,0.000000
7.4201,1.989489,-0.017641,-0.014530,0.000000,0.026355,-0.019003,1,1.310120,20,0.140215,0.093189,1.989489,0.001466,1.314646,-0.014530,1.989508,1.297751,-0.014530,-0.017641,0.000000,0.012647,-0.396332,-29.728302,-0.016895,0.000000,0.001003,0.002000,-0.000064,0.001003,0.140215,0.093189,-9.808555,-0.018041,-0.004600,0.000000,2.850864,0.002896,27.000000,0.013045,1.989508,0.001466,-0.017641,0.000000,-0.017000,0.000000,1,0,1,31,28,0.011793,-0.014590,-0.014347,0.467134,-0.121225,9.778946,1.280068,0.002896,0.014124,6,1,0,0.000000,0,1.310120,0.000000,0.026355,0,-0.027142,0.000000,-0.019003,1.310120,-0.027142,1,1,1,0.665492,0.000000,0.000000,0.000000,0.000000,0.000000,0.000000,0.000000
7.4301,1.989332,-0.016874,-0.005091,0.000000,0.032525,-0.028207,1,1.310120,30,0.141400,0.090409,1.989332,-0.004503,1.313996,-0.005091,1.989316,1.297102,-0.005091,-0.016874,0.000000,0.012404,-0.396332,-29.728302,-0.016894,0.000000,0.001618,0.002013,-0.000220,0.001618,0.141400,0.090409,-9.808564,0.025593,-0.001328,0.000000,2.850981,0.002945,27.000000,0.013045,1.989316,-0.004503,-0.016874,0.000000,-0.017000,0.000000,6,0,1,31,28,-0.009590,0.023700,-0.005385,-0.754553,0.113178,10.881105,1.280185,0.002945,0.014257,7,1,0,0.000000,0,1.310120,0.000000,0.032525,0,-0.027142,0.000000,-0.028207,1.310120,-0.027142,1,1,1,0.665558,0.000000,0.000000,0.000000,0.000000,0.000000,0.000000,0.000000
7.4401,1.989310,-0.017641,-0.003525,0.000000,0.016405,-0.011333,1,1.310120,40,0.141202,0.091127,1.989310,0.004503,1.314796,-0.003525,1.989316,1.297904,-0.003525,-0.017641,0.000000,0.012434,-0.396332,-29.728302,-0.016892,0.000000,0.001542,0.002000,-0.000105,0.001542,0.141202,0.091127,-9.808560,0.005127,0.010518,0.000000,2.851018,0.002891,27.000000,0.013045,1.989316,0.004503,-0.017641,0.000000,-0.017000,0.000000,11,0,1,31,28,-0.011700,0.000160,-0.003527,-0.098075,0.024493,9.569492,1.280221,0.002891,0.014228,7,1,0,0.000000,0,1.310120,0.000000,0.016405,0,-0.027142,0.000000,-0.011333,1.310120,-0.027142,1,1,1,0.665589,0.000000,0.000000,0.000000,0.000000,0.000000,0.000000,0.000000
7.4501,1.989661,-0.017641,-0.024183,0.000000,0.027503,-0.019003,1,1.310120,50,0.140484,0.091455,1.989661,0.003560,1.314557,-0.024183,1.989700,1.297648,-0.024183,-0.017641,0.000000,0.012469,-0.396332,-29.728302,-0.016908,-0.001000,0.001453,0.001999,0.000134,0.001453,0.140484,0.091455,-9.808568,-0.021382,-0.012457,-0.001000,2.850762,0.002894,27.000000,0.013045,1.989700,0.003560,-0.017641,0.000000,-0.017000,-0.001000,16,0,1,31,28,0.020329,-0.014423,-0.025005,0.378983,0.236410,9.466658,1.279966,0.002894,0.014154,7,1,0,0.000000,0,1.310120,0.000000,0.027503,0,-0.027142,0.000000,-0.019003,1.310120,-0.027142,1,1,1,0.665647,0.000000,0.000000,0.000000,0.000000,0.000000,0.000000,0.000000
7.4601,1.989627,-0.017641,0.024668,0.000000,0.023629,-0.019003,1,1.310120,60,0.141907,0.090187,1.989627,-0.000419,1.314631,0.024668,1.989604,1.297758,0.024668,-0.017641,0.000000,0.012470,-0.396332,-29.728302,-0.016874,0.000000,0.001450,0.002000,-0.000137,0.001450,0.141907,0.090187,-9.808559,0.018326,-0.005048,0.000000,2.850869,0.003022,27.000000,0.013045,1.989604,-0.000419,-0.017641,0.000000,-0.017000,0.000000,21,0,1,31,28,-0.003173,0.019048,0.024432,-0.746149,0.410193,10.836244,1.280073,0.003022,0.014302,7,1,0,0.000000,0,1.310120,0.000000,0.023629,0,-0.027142,0.000000,-0.019003,1.310120,-0.027142,1,1,1,0.665728,0.000000,0.000000,0.000000,0.000000,0.000000,0.000000,0.000000
7.4701,1.989532,-0.016874,0.015872,0.000000,0.031951,-0.028207,1,1.310120,70,0.142108,0.090812,1.989532,0.000419,1.314036,0.015872,1.989508,1.297155,0.015872,-0.016874,0.000000,0.012519,-0.396332,-29.728302,-0.016880,0.000000,0.001327,0.002136,0.000157,0.001327,0.142108,0.090812,-9.808550,0.013317,0.009065,0.000000,2.851034,0.003017,27.000000,0.013045,1.989508,0.000419,-0.016874,0.000000,-0.017000,0.000000,26,0,1,31,28,-0.013837,0.008446,0.015767,0.147683,0.046678,8.555410,1.280238,0.003017,0.014328,6,1,0,0.000000,0,1.310120,0.000000,0.031951,0,-0.027142,0.000000,-0.028207,1.310120,-0.027142,1,1,1,0.665759,0.000000,0.000000,0.000000,0.000000,0.000000,0.000000,0.000000
7.4801,1.989383,-0.017641,-0.023118,0.000000,0.017774,-0.011333,1,1.310120,80,0.142540,0.091881,1.989383,0.001466,1.314739,-0.023118,1.989412,1.297835,-0.023118,-0.017641,0.000000,0.012574,-0.396332,-29.728302,-0.016904,0.000000,0.001188,0.001962,-0.000070,0.001188,0.142540,0.091881,-9.808534,-0.016193,0.003958,0.000000,2.850947,0.002952,27.000000,0.013045,1.989412,0.001466,-0.017641,0.000000,-0.017000,0.000000,31,0,1,31,28,0.003255,-0.016638,-0.022911,-0.507523,0.280342,10.519270,1.280151,0.002952,0.014363,7,1,0,0.000000,0,1.310120,0.000000,0.017774,0,-0.027142,0.000000,-0.011333,1.310120,-0.027142,1,1,1,0.665789,0.000000,0.000000,0.000000,0.000000,0.000000,0.000000,0.000000
7.4901,1.989589,-0.016874,0.000590,0.000000,0.035687,-0.028207,1,1.310120,90,0.141274,0.092584,1.989589,0.002513,1.313795,0.000590,1.989604,1.296908,0.000590,-0.016874,0.000000,0.012600,-0.396332,-29.728302,-0.016887,0.000000,0.001123,0.001997,0.000034,0.001123,0.141274,0.092584,-9.808546,-0.003478,0.007451,-0.000000,2.850789,0.002919,27.000000,0.013045,1.989604,0.002513,-0.016874,0.000000,-0.017000,0.000000,36,0,1,31,28,-0.005288,-0.006289,0.000669,0.436714,-0.094693,9.176255,1.279992,0.002919,0.014240,6,1,0,0.000000,0,1.310120,0.000000,0.035687,0,-0.027142,0.000000,-0.028207,1.310120,-0.027142,1,1,1,0.665820,0.000000,0.000000,0.000000,0.000000,0.000000,0.000000,0.000000
7.5001,1.989527,-0.017641,0.009847,0.000000,0.015345,-0.011333,1,1.310120,100,0.142330,0.092567,1.989527,-0.001466,1.314712,0.009847,1.989508,1.297831,0.009847,-0.017641,0.000000,0.012616,-0.396332,-29.728302,-0.016881,0.000000,0.001081,0.002000,-0.000233,0.001081,0.142330,0.092567,-9.808531,0.022550,-0.007005,0.000000,2.850944,0.002925,27.000000,0.013045,1.989508,-0.001466,-0.017641,0.000000,-0.017000,0.000000,41,0,1,31,28,-0.003182,0.023520,0.009551,-0.319032,-0.262855,8.819967,1.280148,0.002925,0.014341,6,1,0,0.000000,0,1.310120,0.000000,0.015345,0,-0.027142,0.000000,-0.011333,1.310120,-0.027142,1,1,1,0.665851,0.000000,0.000000,0.000000,0.000000,0.000000,0.000000,0.000000
7.5101,1.989407,-0.016874,0.002718,0.000000,0.035030,-0.028207,1,1.310120,110,0.141942,0.090829,1.989407,-0.000419,1.313848,0.002718,1.989412,1.296960,0.002718,-0.016874,0.000000,0.012380,-0.396332,-29.728302,-0.016888,0.000000,0.001678,0.001880,0.000127,0.001678,0.141942,0.090829,-9.808553,-0.000844,0.013287,0.000000,2.850841,0.002877,27.000000,0.013045,1.989412,-0.000419,-0.016874,0.000000,-0.017000,0.000000,46,0,1,31,28,-0.011691,-0.006336,0.002797,0.473623,0.043083,8.861840,1.280045,0.002877,0.014311,7,1,0,0.000000,0,1.310120,0.000000,0.035030,0,-0.027142,0.000000,-0.028207,1.310120,-0.027142,1,1,1,0.665882,0.000000,0.000000,0.000000,0.000000,0.000000,0.000000,0.000000
7.5201,1.989331,-0.017641,0.009502,0.000000,0.015347,-0.011333,1,1.310120,120,0.143219,0.091295,1.989331,-0.001466,1.314756,0.009502,1.989316,1.297875,0.009502,-0.017641,0.000000,0.012508,-0.396332,-29.728302,-0.016882,0.000000,0.001356,0.002155,-0.000322,0.001356,0.143219,0.091295,-9.808530,0.000028,-0.020071,0.000000,2.850987,0.002944,27.000000,0.013045,1.989316,-0.001466,-0.017641,0.000000,-0.017000,0.000000,51,0,1,31,28,0.018180,0.008623,0.009395,-0.367168,0.096349,9.158510,1.280190,0.002944,0.014433,7,1,0,0.000000,0,1.310120,0.000000,0.015347,0,-0.027142,0.000000,-0.011333,1.310120,-0.027142,1,1,1,0.665912,0.000000,0.000000,0.000000,0.000000,0.000000,0.000000,0.000000
7.5301,1.989695,-0.017641,-0.009806,0.000000,0.025383,-0.019003,1,1.310120,130,0.142529,0.091340,1.989695,0.005550,1.314696,-0.009806,1.989700,1.297800,-0.009806,-0.017641,0.000000,0.012552,-0.396332,-29.728302,-0.016895,0.000000,0.001244,0.001995,0.000412,0.001244,0.142529,0.091340,-9.808539,0.002877,-0.004913,0.000000,2.850912,0.002985,27.000000,0.013045,1.989700,0.005550,-0.017641,0.000000,-0.017000,0.000000,56,0,1,31,28,0.003236,0.004561,-0.009864,-0.161874,0.537776,11.373849,1.280116,0.002985,0.014363,7,1,0,0.000000,0,1.310120,0.000000,0.025383,0,-0.027142,0.000000,-0.019003,1.310120,-0.027142,1,1,1,0.665940,0.000000,0.000000,0.000000,0.000000,0.000000,0.000000,0.000000
7.5401,1.989527,-0.016874,0.009273,0.000000,0.032728,-0.028207,1,1.310120,140,0.143450,0.091273,1.989527,-0.005550,1.314008,0.009273,1.989508,1.297126,0.009273,-0.016874,0.000000,0.012554,-0.396332,-29.728302,-0.016882,0.000000,0.001240,0.001939,-0.000207,0.001240,0.143450,0.091273,-9.808526,0.003030,0.006781,0.000000,2.851004,0.003003,27.000000,0.013045,1.989508,-0.005550,-0.016874,0.000000,-0.017000,0.000000,61,0,1,31,28,-0.007427,0.000002,0.009274,-0.138315,-0.032564,8.764977,1.280208,0.003003,0.014464,7,1,0,0.000000,0,1.310120,0.000000,0.032728,0,-0.027142,0.000000,-0.028207,1.310120,-0.027142,1,1,1,0.666011,0.000000,0.000000,0.000000,0.000000,0.000000,0.000000,0.000000
7.5501,1.989396,-0.017641,-0.022812,0.000000,0.017236,-0.011333,1,1.310120,150,0.143219,0.092286,1.989396,0.002513,1.314758,-0.022812,1.989412,1.297855,-0.022812,-0.017641,0.000000,0.012686,-0.396332,-29.728302,-0.016903,0.000000,0.000906,0.002004,0.000124,0.000906,0.143219,0.092286,-9.808520,-0.002773,0.002427,0.000000,2.850966,0.003021,27.000000,0.013045,1.989412,0.002513,-0.017641,0.000000,-0.017000,0.000000,66,0,1,31,28,-0.001028,-0.003828,-0.022765,-0.460012,0.441743,10.616627,1.280170,0.003021,0.014432,7,1,0,0.000000,0,1.310120,0.000000,0.017236,0,-0.027142,0.000000,-0.011333,1.310120,-0.027142,1,1,1,0.666040,0.000000,0.000000,0.000000,0.000000,0.000000,0.000000,0.000000
7.5601,1.989600,-0.016874,0.000604,0.000000,0.035202,-0.028207,1,1.310120,160,0.142623,0.090277,1.989600,0.001466,1.313856,0.000604,1.989604,1.296966,0.000604,-0.016874,0.000000,0.012469,-0.396332,-29.728302,-0.016890,0.000000,0.001452,0.002155,-0.000060,0.001452,0.142623,0.090277,-9.808548,-0.009745,-0.006113,0.000000,2.850844,0.003021,27.000000,0.013045,1.989604,0.001466,-0.016874,0.000000,-0.017000,0.000000,71,0,1,31,28,0.009654,-0.006247,0.000682,0.472981,0.130672,8.738304,1.280048,0.003021,0.014382,6,1,0,0.000000,0,1.310120,0.000000,0.035202,0,-0.027142,0.000000,-0.028207,1.310120,-0.027142,1,1,1,0.666071,0.000000,0.000000,0.000000,0.000000,0.000000,0.000000,0.000000
7.5701,1.989511,-0.017641,0.001359,0.000000,0.016443,-0.011333,1,1.310120,170,0.144117,0.090081,1.989511,-0.001466,1.314677,0.001359,1.989508,1.297788,0.001359,-0.017641,0.000000,0.012462,-0.396332,-29.728302,-0.016889,0.000000,0.001470,0.001987,-0.000099,0.001470,0.144117,0.090081,-9.808528,0.027379,-0.002186,0.000000,2.850899,0.003021,27.000000,0.013045,1.989508,-0.001466,-0.017641,0.000000,-0.017000,0.000000,76,0,1,31,28,-0.009591,0.025752,0.001039,-0.556136,-0.309244,9.470137,1.280102,0.003021,0.014527,6,1,0,0.000000,0,1.310120,0.000000,0.016443,0,-0.027142,0.000000,-0.011333,1.310120,-0.027142,1,1,1,0.666100,0.000000,0.000000,0.000000,0.000000,0.000000,0.000000,0.000000
7.5801,1.989696,-0.017641,0.000580,0.000000,0.025714,-0.019003,1,1.310120,180,0.143321,0.091344,1.989696,0.005550,1.314588,0.000580,1.989700,1.297700,0.000580,-0.017641,0.000000,0.012493,-0.396332,-29.728302,-0.016888,0.000000,0.001392,0.001989,0.000207,0.001392,0.143321,0.091344,-9.808528,0.001911,0.019077,0.000000,2.850813,0.002924,27.000000,0.013045,1.989700,0.005550,-0.017641,0.000000,-0.017000,0.000000,81,0,1,31,28,-0.018095,-0.006326,0.000659,0.325038,0.061100,10.498468,1.280016,0.002924,0.014444,6,1,0,0.000000,0,1.310120,0.000000,0.025714,0,-0.027142,0.000000,-0.019003,1.310120,-0.027142,1,1,1,0.666129,0.000000,0.000000,0.000000,0.000000,0.000000,0.000000,0.000000
7.5901,1.989518,-0.017641,0.009187,0.000000,0.023133,-0.019003,1,1.310120,190,0.144198,0.091629,1.989518,-0.004503,1.314724,0.009187,1.989508,1.297842,0.009187,-0.017641,0.000000,0.012553,-0.396332,-29.728302,-0.016882,0.000000,0.001240,0.001985,-0.000208,0.001240,0.144198,0.091629,-9.808512,-0.008909,-0.008854,0.000000,2.850954,0.002954,27.000000,0.013045,1.989508,-0.004503,-0.017641,0.000000,-0.017000,0.000000,86,0,1,31,28,0.011789,-0.004217,0.009240,-0.281830,0.137236,8.948428,1.280158,0.002954,0.014533,6,1,0,0.000000,0,1.310120,0.000000,0.023133,0,-0.027142,0.000000,-0.019003,1.310120,-0.027142,1,1,1,0.666268,0.000000,0.000000,0.000000,0.000000,0.000000,0.000000,0.000000
7.6001,1.989526,-0.016874,0.008409,0.000000,0.032536,-0.028207,1,1.310120,200,0.143814,0.091328,1.989526,0.003560,1.314061,0.008409,1.989508,1.297177,0.008409,-0.016874,0.000000,0.012591,-0.396332,-29.728302,-0.016884,-0.001000,0.001147,0.001939,0.000261,0.001147,0.143814,0.091328,-9.808521,0.008293,-0.007428,-0.001000,2.851055,0.003033,27.000000,0.013045,1.989508,0.003560,-0.016874,0.000000,-0.017000,-0.001000,91,0,1,31,28,0.003235,0.010745,0.007274,-0.381447,0.272515,11.160493,1.280259,0.003033,0.014501,7,1,0,0.000000,0,1.310120,0.000000,0.032536,0,-0.027142,0.000000,-0.028207,1.310120,-0.027142,1,1,1,0.666296,0.000000,0.000000,0.000000,0.000000,0.000000,0.000000,0.000000
7.6101,1.989505,-0.017641,-0.005863,0.000000,0.017076,-0.011333,1,1.310120,210,0.143751,0.091708,1.989505,0.001466,1.314803,-0.005863,1.989508,1.297911,-0.005863,-0.017641,0.000000,0.012649,-0.396332,-29.728302,-0.016891,0.000000,0.001000,0.002139,0.000009,0.001000,0.143751,0.091708,-9.808518,-0.003465,0.012161,0.000000,2.851022,0.003042,27.000000,0.013045,1.989508,0.001466,-0.017641,0.000000,-0.017000,0.000000,96,0,1,31,28,-0.009557,-0.008354,-0.005758,0.262580,-0.066943,8.468209,1.280226,0.003042,0.014487,7,1,0,0.000000,0,1.310120,0.000000,0.017076,0,-0.027142,0.000000,-0.011333,1.310120,-0.027142,1,1,1,0.666324,0.000000,0.000000,0.000000,0.000000,0.000000,0.000000,0.000000
7.6201,1.989653,-0.017641,-0.020368,0.000000,0.027330,-0.019003,1,1.310120,220,0.143644,0.089448,1.989653,0.005550,1.314574,-0.020368,1.989700,1.297669,-0.020368,-0.017641,0.000000,0.012433,-0.396332,-29.728302,-0.016905,0.000000,0.001544,0.002131,0.000083,0.001544,0.143644,0.089448,-9.808540,0.007898,-0.004891,0.000000,2.850779,0.003057,27.000000,0.013045,1.989700,0.005550,-0.017641,0.000000,-0.017000,0.000000,101,0,1,31,28,0.001094,0.008971,-0.020482,-0.094926,0.283527,11.055514,1.279983,0.003057,0.014480,7,1,0,0.000000,0,1.310120,0.000000,0.027330,0,-0.027142,0.000000,-0.019003,1.310120,-0.027142,1,1,1,0.666354,0.000000,0.000000,0.000000,0.000000,0.000000,0.000000,0.000000
7.6301,1.989341,-0.017641,0.010536,0.000000,0.023376,-0.019003,1,1.310120,230,0.144924,0.089523,1.989341,-0.002513,1.314681,0.010536,1.989316,1.297796,0.010536,-0.017641,0.000000,0.012463,-0.396332,-29.728302,-0.016885,-0.001000,0.001468,0.002087,-0.000238,0.001468,0.144924,0.089523,-9.808521,0.010032,-0.003536,-0.001000,2.850905,0.003077,27.000000,0.013045,1.989316,-0.002513,-0.017641,0.000000,-0.017000,-0.001000,106,0,1,31,28,-0.001034,0.010705,0.009404,-0.308488,0.071719,9.608111,1.280109,0.003077,0.014610,7,1,0,0.000000,0,1.310120,0.000000,0.023376,0,-0.027142,0.000000,-0.019003,1.310120,-0.027142,1,1,1,0.666384,0.000000,0.000000,0.000000,0.000000,0.000000,0.000000,0.000000
7.6401,1.989604,-0.016874,-0.005595,0.000000,0.033208,-0.028207,1,1.310120,240,0.145112,0.090475,1.989604,0.004503,1.313975,-0.005595,1.989604,1.297082,-0.005595,-0.016874,0.000000,0.012499,-0.396332,-29.728302,-0.016893,0.000000,0.001377,0.002001,0.000275,0.001377,0.145112,0.090475,-9.808509,0.001738,-0.002028,0.000000,2.850960,0.003027,27.000000,0.013045,1.989604,0.004503,-0.016874,0.000000,-0.017000,0.000000,111,0,1,31,28,0.001105,0.002362,-0.005625,-0.260078,-0.034498,9.693210,1.280163,0.003027,0.014635,7,1,0,0.000000,0,1.310120,0.000000,0.033208,0,-0.027142,0.000000,-0.028207,1.310120,-0.027142,1,1,1,0.666412,0.000000,0.000000,0.000000,0.000000,0.000000,0.000000,0.000000
7.6501,1.989588,-0.017641,-0.014640,0.000000,0.018098,-0.011333,1,1.310120,250,0.145035,0.090848,1.989588,0.000419,1.314644,-0.014640,1.989604,1.297747,-0.014640,-0.017641,0.000000,0.012559,-0.396332,-29.728302,-0.016897,0.000000,0.001227,0.001997,0.000009,0.001227,0.145035,0.090848,-9.808507,-0.018330,0.004953,0.000000,2.850857,0.003037,27.000000,0.013045,1.989604,0.000419,-0.017641,0.000000,-0.017000,0.000000,116,0,1,31,28,0.003259,-0.018888,-0.014404,-0.296752,0.250356,10.633951,1.280061,0.003037,0.014619,6,1,0,0.000000,0,1.310120,0.000000,0.018098,0,-0.027142,0.000000,-0.011333,1.310120,-0.027142,1,1,1,0.666441,0.000000,0.000000,0.000000,0.000000,0.000000,0.000000,0.000000
7.6601,1.989697,-0.017641,-0.005743,0.000000,0.026648,-0.019003,1,1.310120,4,0.143961,0.090815,1.989697,0.003560,1.314481,-0.005743,1.989700,1.297588,-0.005743,-0.017641,0.000000,0.012595,-0.396332,-29.728302,-0.016892,0.000000,0.001137,0.002002,0.000030,0.001137,0.143961,0.090815,-9.808523,-0.007662,-0.007074,0.000000,2.850698,0.003078,27.000000,0.013045,1.989700,0.003560,-0.017641,0.000000,-0.017000,0.000000,121,0,1,31,28,0.009650,-0.004025,-0.005693,0.531357,0.050908,9.005512,1.279902,0.003078,0.014510,6,1,0,0.000000,0,1.310120,0.000000,0.026648,0,-0.027142,0.000000,-0.019003,1.310120,-0.027142,1,1,1,0.666469,0.000000,0.000000,0.000000,0.000000,0.000000,0.000000,0.000000
7.6701,1.989634,-0.017641,0.013942,0.000000,0.023166,-0.019003,1,1.310120,14,0.145514,0.088476,1.989634,-0.003560,1.314630,0.013942,1.989604,1.297746,0.013942,-0.017641,0.000000,0.012332,-0.396332,-29.728302,-0.016883,0.000000,0.001798,0.001857,-0.000133,0.001798,0.145514,0.088476,-9.808522,0.021125,0.005425,0.000000,2.850856,0.003052,27.000000,0.013045,1.989604,-0.003560,-0.017641,0.000000,-0.017000,0.000000,126,0,1,31,28,-0.013847,0.017022,0.013734,-0.764783,0.238539,10.796225,1.280060,0.003052,0.014672,6,1,0,0.000000,0,1.310120,0.000000,0.023166,0,-0.027142,0.000000,-0.019003,1.310120,-0.027142,1,1,1,0.666500,0.000000,0.000000,0.000000,0.000000,0.000000,0.000000,0.000000
7.6801,1.989620,-0.016874,0.003140,0.000000,0.032924,-0.028207,1,1.310120,24,0.145675,0.089564,1.989620,0.002513,1.313953,0.003140,1.989604,1.297065,0.003140,-0.016874,0.000000,0.012403,-0.396332,-29.728302,-0.016888,0.000000,0.001619,0.002001,0.000083,0.001619,0.145675,0.089564,-9.808509,0.009289,-0.005536,0.000000,2.850942,0.003023,27.000000,0.013045,1.989604,0.002513,-0.016874,0.000000,-0.017000,0.000000,131,0,1,31,28,0.001099,0.010796,0.003006,0.148510,-0.192371,8.553009,1.280146,0.003023,0.014694,7,1,0,0.000000,0,1.310120,0.000000,0.032924,0,-0.027142,0.000000,-0.028207,1.310120,-0.027142,1,1,1,0.666528,0.000000,0.000000,0.000000,0.000000,0.000000,0.000000,0.000000
7.6901,1.989507,-0.016874,-0.023107,0.000000,0.026437,-0.020537,1,1.310120,34,0.145733,0.089223,1.989507,-0.000419,1.313944,-0.023107,1.989508,1.297038,-0.023107,-0.016874,0.000000,0.012440,-0.396332,-29.728302,-0.016907,0.000000,0.001526,0.002153,-0.000188,0.001526,0.145733,0.089223,-9.808512,-0.020674,-0.005741,0.000000,2.850914,0.003094,27.000000,0.013045,1.989508,-0.000419,-0.016874,0.000000,-0.017000,0.000000,136,0,1,31,28,0.013928,-0.016607,-0.022902,-0.400757,0.122695,10.900572,1.280117,0.003094,0.014701,7,1,0,0.000000,0,1.310120,0.000000,0.026437,0,-0.027142,0.000000,-0.020537,1.310120,-0.027142,1,1,1,0.666558,0.000000,0.000000,0.000000,0.000000,0.000000,0.000000,0.000000
7.7001,1.989658,-0.017641,-0.027078,0.000000,0.019708,-0.011333,1,1.310120,44,0.145050,0.088797,1.989658,0.002513,1.314486,-0.027078,1.989700,1.297576,-0.027078,-0.017641,0.000000,0.012438,-0.396332,-29.728302,-0.016910,0.000000,0.001532,0.002003,0.000066,0.001532,0.145050,0.088797,-9.808526,-0.001781,0.004322,0.000000,2.850684,0.003125,27.000000,0.013045,1.989700,0.002513,-0.017641,0.000000,-0.017000,0.000000,141,0,1,31,28,-0.003164,-0.003778,-0.027033,0.379147,-0.037352,9.176794,1.279888,0.003125,0.014625,7,1,0,0.000000,0,1.310120,0.000000,0.019708,0,-0.027142,0.000000,-0.011333,1.310120,-0.027142,1,1,1,0.666586,0.000000,0.000000,0.000000,0.000000,0.000000,0.000000,0.000000
7.7101,1.989710,-0.017641,0.009788,0.000000,0.025925,-0.019003,1,1.310120,54,0.145496,0.090367,1.989710,-0.000419,1.314389,0.009788,1.989700,1.297506,0.009788,-0.017641,0.000000,0.012556,-0.396332,-29.728302,-0.016883,0.000000,0.001233,0.002158,0.000011,0.001233,0.145496,0.090367,-9.808505,0.023304,-0.000297,0.000000,2.850615,0.003083,27.000000,0.013045,1.989700,-0.000419,-0.017641,0.000000,-0.017000,0.000000,146,0,1,31,28,-0.009584,0.021365,0.009521,0.130890,-0.264970,9.011648,1.279819,0.003083,0.014667,6,1,0,0.000000,0,1.310120,0.000000,0.025925,0,-0.027142,0.000000,-0.019003,1.310120,-0.027142,1,1,1,0.666614,0.000000,0.000000,0.000000,0.000000,0.000000,0.000000,0.000000
7.7201,1.989620,-0.016874,0.006319,0.000000,0.032054,-0.028207,1,1.310120,64,0.146696,0.090941,1.989620,-0.001466,1.313822,0.006319,1.989604,1.296937,0.006319,-0.016874,0.000000,0.012610,-0.396332,-29.728302,-0.016885,-0.001000,0.001096,0.001993,-0.000055,0.001096,0.146696,0.090941,-9.808482,0.014757,0.001338,-0.001000,2.850813,0.003088,27.000000,0.013045,1.989604,-0.001466,-0.016874,0.000000,-0.017000,-0.001000,151,0,1,31,28,-0.007441,0.012880,0.005157,-0.726443,0.407611,11.046780,1.280017,0.003088,0.014796,7,1,0,0.000000,0,1.310120,0.000000,0.032054,0,-0.027142,0.000000,-0.028207,1.310120,-0.027142,1,1,1,0.666642,0.000000,0.000000,0.000000,0.000000,0.000000,0.000000,0.000000
7.7301,1.989599,-0.017641,-0.008140,0.000000,0.016861,-0.011333,1,1.310120,74,0.146615,0.090830,1.989599,0.000419,1.314622,-0.008140,1.989604,1.297729,-0.008140,-0.017641,0.000000,0.012594,-0.396332,-29.728302,-0.016893,0.000000,0.001138,0.002083,0.000024,0.001138,0.146615,0.090830,-9.808484,-0.014606,0.003219,0.000000,2.850838,0.003071,27.000000,0.013045,1.989604,0.000419,-0.017641,0.000000,-0.017000,0.000000,156,0,1,31,28,0.003257,-0.014699,-0.007955,-0.072661,0.246183,8.652976,1.280042,0.003071,0.014780,7,1,0,0.000000,0,1.310120,0.000000,0.016861,0,-0.027142,0.000000,-0.011333,1.310120,-0.027142,1,1,1,0.666671,0.000000,0.000000,0.000000,0.000000,0.000000,0.000000,0.000000
7.7401,1.989675,-0.017641,-0.001583,0.000000,0.026597,-0.019003,1,1.310120,84,0.145146,0.088515,1.989675,0.000419,1.314471,-0.001583,1.989700,1.297578,-0.001583,-0.017641,0.000000,0.012380,-0.396332,-29.728302,-0.016893,0.000000,0.001677,0.002012,0.000131,0.001677,0.145146,0.088515,-9.808527,-0.009843,-0.001352,0.000000,2.850687,0.003096,27.000000,0.013045,1.989700,0.000419,-0.017641,0.000000,-0.017000,0.000000,161,0,1,31,28,0.005387,-0.008367,-0.001480,-0.009235,0.388755,11.056627,1.279890,0.003096,0.014635,7,1,0,0.000000,0,1.310120,0.000000,0.026597,0,-0.027142,0.000000,-0.019003,1.310120,-0.027142,1,1,1,0.666701,0.000000,0.000000,0.000000,0.000000,0.000000,0.000000,0.000000
7.7501,1.989514,-0.016874,0.015021,0.000000,0.033224,-0.028207,1,1.310120,94,0.145750,0.088826,1.989514,-0.002513,1.313778,0.015021,1.989508,1.296899,0.015021,-0.016874,0.000000,0.012415,-0.396332,-29.728302,-0.016878,0.001000,0.001589,0.001997,-0.000095,0.001589,0.145750,0.088826,-9.808515,0.020922,0.010242,0.001000,2.850775,0.003110,27.000000,0.013045,1.989508,-0.002513,-0.016874,0.000000,-0.017000,0.001000,166,0,1,31,28,-0.018113,0.014845,0.015838,-0.033377,-0.069105,8.630692,1.279979,0.003110,0.014703,7,1,0,0.000000,0,1.310120,0.000000,0.033224,0,-0.027142,0.000000,-0.028207,1.310120,-0.027142,1,1,1,0.666733,0.000000,0.000000,0.000000,0.000000,0.000000,0.000000,0.000000
7.7601,1.989615,-0.016874,-0.009812,0.000000,0.025579,-0.020537,1,1.310120,104,0.146106,0.090696,1.989615,0.002513,1.313866,-0.009812,1.989604,1.296971,-0.009812,-0.016874,0.000000,0.012543,-0.396332,-29.728302,-0.016895,0.000000,0.001266,0.002182,0.000071,0.001266,0.146106,0.090696,-9.808493,0.005567,0.000902,0.000000,2.850848,0.003046,27.000000,0.013045,1.989604,0.002513,-0.016874,0.000000,-0.017000,0.000000,171,0,1,31,28,-0.003168,0.004543,-0.009870,-0.421449,0.214398,10.442100,1.280051,0.003046,0.014736,7,1,0,0.000000,0,1.310120,0.000000,0.025579,0,-0.027142,0.000000,-0.020537,1.310120,-0.027142,1,1,1,0.666760,0.000000,0.000000,0.000000,0.000000,0.000000,0.000000,0.000000
7.7701,1.989774,-0.017641,-0.008234,0.000000,0.019625,-0.011333,1,1.310120,114,0.146188,0.089947,1.989774,0.002513,1.314422,-0.008234,1.989795,1.297527,-0.008234,-0.017641,0.000000,0.012490,-0.396332,-29.728302,-0.016895,0.000000,0.001399,0.001992,0.000044,0.001399,0.146188,0.089947,-9.808498,-0.022069,-0.002723,0.000000,2.850636,0.003059,27.000000,0.013045,1.989795,0.002513,-0.017641,0.000000,-0.017000,0.000000,176,0,1,31,28,0.011800,-0.018949,-0.007998,0.132859,-0.094840,9.951262,1.279840,0.003059,0.014739,7,1,0,0.000000,0,1.310120,0.000000,0.019625,0,-0.027142,0.000000,-0.011333,1.310120,-0.027142,1,1,1,0.666788,0.000000,0.000000,0.000000,0.000000,0.000000,0.000000,0.000000
7.7801,1.989711,-0.017641,0.005324,0.000000,0.025846,-0.019003,1,1.310120,124,0.146313,0.088915,1.989711,0.000419,1.314359,0.005324,1.989700,1.297472,0.005324,-0.017641,0.000000,0.012517,-0.396332,-29.728302,-0.016887,0.000000,0.001332,0.001920,-0.000097,0.001332,0.146313,0.088915,-9.808506,0.012068,-0.004486,0.000000,2.850579,0.003190,27.000000,0.013045,1.989700,0.000419,-0.017641,0.000000,-0.017000,0.000000,181,0,1,31,28,-0.001038,0.012898,0.005162,0.263784,-0.241768,8.686573,1.279783,0.003190,0.014753,7,1,0,0.000000,0,1.310120,0.000000,0.025846,0,-0.027142,0.000000,-0.019003,1.310120,-0.027142,1,1,1,0.666835,0.000000,0.000000,0.000000,0.000000,0.000000,0.000000,0.000000
7.7901,1.989723,-0.016874,0.017029,0.000000,0.032889,-0.028207,1,1.310120,134,0.147176,0.089782,1.989723,0.000419,1.313718,0.017029,1.989700,1.296839,0.017029,-0.016874,0.000000,0.012596,-0.396332,-29.728302,-0.016879,-0.001000,0.001132,0.002020,0.000056,0.001132,0.147176,0.089782,-9.808485,0.018235,0.004426,-0.001000,2.850713,0.003191,27.000000,0.013045,1.989700,0.000419,-0.016874,0.000000,-0.017000,-0.001000,186,0,1,31,28,-0.011710,0.014863,0.015844,-0.401112,0.406726,11.133116,1.279917,0.003191,0.014847,7,1,0,0.000000,0,1.310120,0.000000,0.032889,0,-0.027142,0.000000,-0.028207,1.310120,-0.027142,1,1,1,0.666865,0.000000,0.000000,0.000000,0.000000,0.000000,0.000000,0.000000
7.8001,1.989602,-0.017641,-0.006897,0.000000,0.016634,-0.011333,1,1.310120,144,0.147299,0.088152,1.989602,0.001466,1.314559,-0.006897,1.989604,1.297666,-0.006897,-0.017641,0.000000,0.012346,-0.396332,-29.728302,-0.016893,0.001000,0.001762,0.001924,0.000089,0.001762,0.147299,0.088152,-9.808498,-0.012577,-0.002434,0.001000,2.850775,0.003096,27.000000,0.013045,1.989604,0.001466,-0.017641,0.000000,-0.017000,0.001000,191,0,1,31,28,-0.001006,-0.019042,-0.003742,-0.052063,-0.052230,8.812688,1.279982,0.003089,0.014861,7,1,0,0.000000,0,1.310120,0.000000,0.016634,0,-0.027142,0.000000,-0.011333,1.310120,-0.027142,1,1,1,0.666894,0.000000,0.000000,0.000000,0.000000,0.000000,0.000000,0.000000
7.8101,1.989859,-0.017641,-0.018537,0.000000,0.027436,-0.019003,1,1.310120,154,0.146364,0.088389,1.989859,0.004503,1.314358,-0.018537,1.989891,1.297456,-0.018537,-0.017641,0.000000,0.012441,-0.396332,-29.728302,-0.016903,0.000000,0.001525,0.002150,0.000237,0.001525,0.146364,0.088389,-9.808510,-0.007364,-0.007208,0.000000,2.850563,0.003167,27.000000,0.013045,1.989891,0.004503,-0.017641,0.000000,-0.017000,0.000000,196,0,1,31,28,0.009646,-0.003854,-0.018491,-0.240035,0.695792,10.963858,1.279767,0.003167,0.014759,6,1,0,0.000000,0,1.310120,0.000000,0.027436,0,-0.027142,0.000000,-0.019003,1.310120,-0.027142,1,1,1,0.666955,0.000000,0.000000,0.000000,0.000000,0.000000,0.000000,0.000000
7.8201,1.989514,-0.017641,0.006541,0.000000,0.024740,-0.019003,1,1.310120,164,0.147106,0.087660,1.989514,-0.002513,1.314391,0.006541,1.989508,1.297505,0.006541,-0.017641,0.000000,0.012410,-0.396332,-29.728302,-0.016886,0.001000,0.001602,0.002015,-0.000207,0.001602,0.147106,0.087660,-9.808505,0.023964,0.011172,0.001000,2.850611,0.003210,27.000000,0.013045,1.989508,-0.002513,-0.017641,0.000000,-0.017000,0.001000,0,0,1,31,28,-0.020253,0.017089,0.007329,-0.052600,-0.078089,8.582738,1.279815,0.003210,0.014836,6,1,0,0.000000,0,1.310120,0.000000,0.024740,0,-0.027142,0.000000,-0.019003,1.310120,-0.027142,1,1,1,0.667007,0.000000,0.000000,0.000000,0.000000,0.000000,0.000000,0.000000
7.8301,1.989611,-0.016874,0.011356,0.000000,0.034232,-0.028207,1,1.310120,174,0.147476,0.089793,1.989611,0.002513,1.313636,0.011356,1.989604,1.296754,0.011356,-0.016874,0.000000,0.012500,-0.396332,-29.728302,-0.016882,0.000000,0.001376,0.002121,0.000111,0.001376,0.147476,0.089793,-9.808480,0.000147,0.005765,0.000000,2.850630,0.003093,27.000000,0.013045,1.989604,0.002513,-0.016874,0.000000,-0.017000,0.000000,5,0,1,31,28,-0.005289,-0.002157,0.011384,-0.259831,0.143291,10.010820,1.279834,0.003093,0.014877,6,1,0,0.000000,0,1.310120,0.000000,0.034232,0,-0.027142,0.000000,-0.028207,1.310120,-0.027142,1,1,1,0.667034,0.000000,0.000000,0.000000,0.000000,0.000000,0.000000,0.000000
7.8401,1.989479,-0.017641,-0.020873,0.000000,0.017727,-0.011333,1,1.310120,184,0.147792,0.090023,1.989479,-0.000419,1.314407,-0.020873,1.989508,1.297505,-0.020873,-0.017641,0.000000,0.012529,-0.396332,-29.728302,-0.016903,0.000000,0.001301,0.001871,-0.000164,0.001301,0.147792,0.090023,-9.808474,-0.016852,-0.007505,0.000000,2.850613,0.003087,27.000000,0.013045,1.989508,-0.000419,-0.017641,0.000000,-0.017000,0.000000,10,0,1,31,28,0.013924,-0.012362,-0.020719,-0.306778,0.158266,10.345906,1.279817,0.003087,0.014902,7,1,0,0.000000,0,1.310120,0.000000,0.017727,0,-0.027142,0.000000,-0.011333,1.310120,-0.027142,1,1,1,0.667062,0.000000,0.000000,0.000000,0.000000,0.000000,0.000000,0.000000
7.8501,1.989663,-0.016874,-0.018547,0.000000,0.037955,-0.028207,1,1.310120,194,0.146585,0.089640,1.989663,0.001466,1.313347,-0.018547,1.989700,1.296444,-0.018547,-0.016874,0.000000,0.012559,-0.396332,-29.728302,-0.016902,0.000000,0.001226,0.002017,0.000266,0.001226,0.146585,0.089640,-9.808495,-0.002878,0.002472,0.000000,2.850319,0.003169,27.000000,0.013045,1.989700,0.001466,-0.016874,0.000000,-0.017000,0.000000,15,0,1,31,28,-0.001027,-0.003885,-0.018499,0.646159,-0.231765,8.667782,1.279523,0.003169,0.014787,7,1,0,0.000000,0,1.310120,0.000000,0.037955,0,-0.027142,0.000000,-0.028207,1.310120,-0.027142,1,1,1,0.667092,0.000000,0.000000,0.000000,0.000000,0.000000,0.000000,0.000000
7.8601,1.989509,-0.017641,0.000843,0.000000,0.017369,-0.011333,1,1.310120,204,0.147630,0.089240,1.989509,-0.004503,1.314165,0.000843,1.989508,1.297276,0.000843,-0.017641,0.000000,0.012582,-0.396332,-29.728302,-0.016889,0.000000,0.001168,0.001996,-0.000204,0.001168,0.147630,0.089240,-9.808483,0.008903,0.008761,0.000000,2.850383,0.003220,27.000000,0.013045,1.989508,-0.004503,-0.017641,0.000000,-0.017000,0.000000,20,0,1,31,28,-0.011703,0.004377,0.000788,-0.755234,0.295091,10.863792,1.279586,0.003220,0.014887,7,1,0,0.000000,0,1.310120,0.000000,0.017369,0,-0.027142,0.000000,-0.011333,1.310120,-0.027142,1,1,1,0.667196,0.000000,0.000000,0.000000,0.000000,0.000000,0.000000,0.000000
7.8701,1.989887,-0.016874,-0.003615,0.000000,0.035355,-0.028207,1,1.310120,214,0.147488,0.088174,1.989887,0.006597,1.313364,-0.003615,1.989891,1.296470,-0.003615,-0.016874,0.000000,0.012376,-0.396332,-29.728302,-0.016894,0.000000,0.001688,0.001991,0.000202,0.001688,0.147488,0.088174,-9.808495,-0.005021,-0.001243,0.000000,2.850345,0.003134,27.000000,0.013045,1.989891,0.006597,-0.016874,0.000000,-0.017000,0.000000,25,0,1,31,28,0.003247,-0.004071,-0.003565,0.243201,0.226050,8.748684,1.279549,0.003134,0.014881,7,1,0,0.000000,0,1.310120,0.000000,0.035355,0,-0.027142,0.000000,-0.028207,1.310120,-0.027142,1,1,1,0.667256,0.000000,0.000000,0.000000,0.000000,0.000000,0.000000,0.000000
7.8801,1.989887,-0.017641,-0.008752,0.000000,0.016994,-0.011333,1,1.310120,224,0.148679,0.087551,1.989887,-0.002513,1.314229,-0.008752,1.989891,1.297329,-0.008752,-0.017641,0.000000,0.012408,-0.396332,-29.728302,-0.016900,-0.001000,0.001608,0.001992,-0.000213,0.001608,0.148679,0.087551,-9.808483,0.003017,-0.009689,-0.001000,2.850435,0.003215,27.000000,0.013045,1.989891,-0.002513,-0.017641,0.000000,-0.017000,-0.001000,30,0,1,31,28,0.007503,0.006711,-0.009836,-0.889148,0.408231,10.989257,1.279639,0.003215,0.014997,7,1,0,0.000000,0,1.310120,0.000000,0.016994,0,-0.027142,0.000000,-0.011333,1.310120,-0.027142,1,1,1,0.667468,0.000000,0.000000,0.000000,0.000000,0.000000,0.000000,0.000000
7.8901,1.989875,-0.016874,-0.011960,0.000000,0.036368,-0.028207,1,1.310120,234,0.147217,0.088483,1.989875,0.004503,1.313328,-0.011960,1.989891,1.296430,-0.011960,-0.016874,0.000000,0.012468,-0.396332,-29.728302,-0.016898,0.000000,0.001456,0.002122,0.000229,0.001456,0.147217,0.088483,-9.808496,0.012784,0.016379,0.000000,2.850304,0.003195,27.000000,0.013045,1.989891,0.004503,-0.016874,0.000000,-0.017000,0.000000,35,0,1,31,28,-0.020245,0.004522,-0.012017,0.550149,0.108879,8.958256,1.279508,0.003195,0.014853,6,1,0,0.000000,0,1.310120,0.000000,0.036368,0,-0.027142,0.000000,-0.028207,1.310120,-0.027142,1,1,1,0.667494,0.000000,0.000000,0.000000,0.000000,0.000000,0.000000,0.000000
7.9001,1.989928,-0.017780,0.105625,-0.104720,0.015382,-0.009664,1,1.310120,244,0.148477,0.089762,1.989928,-0.004503,1.314255,0.105625,1.989795,1.297430,0.105625,-0.017780,-0.104720,0.012519,-0.396332,-29.728302,-0.016825,0.000000,0.001328,0.001985,-0.000330,0.001328,0.148477,0.089762,-9.808466,0.005459,-0.003766,-0.104720,2.850399,0.003099,27.000000,0.013045,1.989795,-0.004503,-0.017641,-0.104720,-0.017000,0.000000,40,0,1,31,28,0.001103,0.006550,0.000824,-0.508326,0.067369,9.952474,1.279602,0.003099,0.014971,6,1,0,0.000000,0,1.310120,0.000000,0.015382,0,-0.027142,0.000000,-0.009664,1.310120,-0.027142,1,1,1,0.667562,0.000000,0.000000,0.000000,0.000000,0.000000,0.000000,0.000000
7.9101,1.989878,-0.016874,-0.012042,0.000000,0.037150,-0.029598,1,1.310120,254,0.147893,0.091061,1.989878,0.005550,1.313344,-0.012042,1.989891,1.296449,-0.012042,-0.016874,0.000000,0.012613,-0.396332,-29.728302,-0.016895,0.000000,0.001090,0.001999,0.000212,0.001090,0.147893,0.091061,-9.808462,-0.000944,-0.003134,0.000000,2.850325,0.003076,27.000000,0.013045,1.989891,0.005550,-0.016874,0.000000,-0.017000,0.000000,45,0,1,31,28,0.003240,0.000316,-0.012047,-0.095800,0.325074,10.787959,1.279528,0.003076,0.014918,7,1,0,0.000000,0,1.310120,0.000000,0.037150,0,-0.027142,0.000000,-0.029598,1.310120,-0.027142,1,1,1,0.667588,0.000000,0.000000,0.000000,0.000000,0.000000,0.000000,0.000000
7.9201,1.989714,-0.017641,-0.007620,0.000000,0.017509,-0.011333,1,1.310120,8,0.148479,0.089389,1.989714,-0.004503,1.314163,-0.007620,1.989700,1.297268,-0.007620,-0.017641,0.000000,0.012588,-0.396332,-29.728302,-0.016894,0.000000,0.001152,0.002000,-0.000407,0.001152,0.148479,0.089389,-9.808469,0.003867,-0.007729,0.000000,2.850375,0.003209,27.000000,0.013045,1.989700,-0.004503,-0.017641,0.000000,-0.017000,0.000000,50,0,1,31,28,0.005369,0.006676,-0.007705,-0.014943,-0.066032,8.381905,1.279578,0.003209,0.014973,7,1,0,0.000000,0,1.310120,0.000000,0.017509,0,-0.027142,0.000000,-0.011333,1.310120,-0.027142,1,1,1,0.667617,0.000000,0.000000,0.000000,0.000000,0.000000,0.000000,0.000000
7.9301,1.989680,-0.016874,0.005109,0.000000,0.035930,-0.028207,1,1.310120,18,0.147397,0.087799,1.989680,0.002513,1.313305,0.005109,1.989700,1.296416,0.005109,-0.016874,0.000000,0.012415,-0.396332,-29.728302,-0.016889,0.000000,0.001590,0.002009,0.000305,0.001590,0.147397,0.087799,-9.808500,0.007903,0.006873,-0.000000,2.850290,0.003211,27.000000,0.013045,1.989700,0.002513,-0.016874,0.000000,-0.017000,0.000000,55,0,1,31,28,-0.009567,0.004326,0.005056,0.315041,0.307821,10.654067,1.279493,0.003211,0.014873,7,1,0,0.000000,0,1.310120,0.000000,0.035930,0,-0.027142,0.000000,-0.028207,1.310120,-0.027142,1,1,1,0.667644,0.000000,0.000000,0.000000,0.000000,0.000000,0.000000,0.000000
7.9401,1.989779,-0.017641,-0.008807,0.000000,0.017690,-0.011333,1,1.310120,28,0.148911,0.088332,1.989779,-0.000419,1.314124,-0.008807,1.989795,1.297226,-0.008807,-0.017641,0.000000,0.012442,-0.396332,-29.728302,-0.016898,-0.001000,0.001521,0.002012,-0.000298,0.001521,0.148911,0.088332,-9.808472,0.002876,-0.004913,-0.001000,2.850333,0.003170,27.000000,0.013045,1.989795,-0.000419,-0.017641,0.000000,-0.017000,-0.001000,60,0,1,31,28,0.003236,0.004561,-0.009864,-0.138765,0.044757,8.698761,1.279536,0.003170,0.015019,6,1,0,0.000000,0,1.310120,0.000000,0.017690,0,-0.027142,0.000000,-0.011333,1.310120,-0.027142,1,1,1,0.667671,0.000000,0.000000,0.000000,0.000000,0.000000,0.000000,0.000000
7.9501,1.990060,-0.016874,-0.001177,0.000000,0.037568,-0.028207,1,1.310120,38,0.147923,0.088845,1.990060,0.005550,1.313135,-0.001177,1.990083,1.296244,-0.001177,-0.016874,0.000000,0.012511,-0.396332,-29.728302,-0.016891,0.000000,0.001347,0.002031,0.000444,0.001347,0.147923,0.088845,-9.808482,0.008346,-0.002748,0.000000,2.850118,0.003200,27.000000,0.013045,1.990083,0.005550,-0.016874,0.000000,-0.017000,0.000000,65,0,1,31,28,-0.001035,0.008710,-0.001286,0.162352,-0.079588,10.267258,1.279321,0.003200,0.014924,6,1,0,0.000000,0,1.310120,0.000000,0.037568,0,-0.027142,0.000000,-0.028207,1.310120,-0.027142,1,1,1,0.667697,0.000000,0.000000,0.000000,0.000000,0.000000,0.000000,0.000000
7.9601,1.989900,-0.017641,0.009430,0.000000,0.017624,-0.011333,1,1.310120,48,0.149222,0.089132,1.989900,-0.003560,1.313971,0.009430,1.989891,1.297088,0.009430,-0.017641,0.000000,0.012565,-0.396332,-29.728302,-0.016883,0.000000,0.001211,0.002005,-0.000389,0.001211,0.149222,0.089132,-9.808460,0.007951,0.002136,0.000000,2.850194,0.003211,27.000000,0.013045,1.989891,-0.003560,-0.017641,0.000000,-0.017000,0.000000,70,0,1,31,28,-0.005299,0.006419,0.009350,-0.250403,0.030910,9.818289,1.279398,0.003211,0.015049,6,1,0,0.000000,0,1.310120,0.000000,0.017624,0,-0.027142,0.000000,-0.011333,1.310120,-0.027142,1,1,1,0.667918,0.000000,0.000000,0.000000,0.000000,0.000000,0.000000,0.000000
7.9701,1.989697,-0.016874,0.000803,0.000000,0.035873,-0.028207,1,1.310120,58,0.148522,0.090102,1.989697,0.002513,1.313158,0.000803,1.989700,1.296270,0.000803,-0.016874,0.000000,0.012586,-0.396332,-29.728302,-0.016887,0.000000,0.001159,0.002104,0.000035,0.001159,0.148522,0.090102,-9.808462,0.001588,-0.001960,-0.000000,2.850145,0.003145,27.000000,0.013045,1.989700,0.002513,-0.016874,0.000000,-0.017000,0.000000,75,0,1,31,28,0.001107,0.002277,0.000774,0.321448,0.208871,9.370640,1.279349,0.003145,0.014983,7,1,0,0.000000,0,1.310120,0.000000,0.035873,0,-0.027142,0.000000,-0.028207,1.310120,-0.027142,1,1,1,0.667944,0.000000,0.000000,0.000000,0.000000,0.000000,0.000000,0.000000
7.9801,1.990365,-0.017641,-0.009913,0.000000,0.019106,-0.011333,1,1.310120,68,0.149882,0.088278,1.990365,0.005550,1.313882,-0.009913,1.990371,1.296986,-0.009913,-0.017641,0.000000,0.012437,-0.396332,-29.728302,-0.016896,0.000000,0.001535,0.002094,-0.000089,0.001535,0.149882,0.088278,-9.808458,0.000797,0.000763,0.000000,2.850093,0.003168,27.000000,0.013045,1.990371,0.005550,-0.017641,0.000000,-0.017000,0.000000,80,0,1,31,28,-0.001029,0.000275,-0.009918,-0.489646,0.097597,9.828374,1.279297,0.003168,0.015118,6,1,0,0.000000,0,1.310120,0.000000,0.019106,0,-0.027142,0.000000,-0.011333,1.310120,-0.027142,1,1,1,0.667983,0.000000,0.000000,0.000000,0.000000,0.000000,0.000000,0.000000
7.9901,1.990163,-0.017641,-0.004606,0.000000,0.028267,-0.019003,1,1.310120,78,0.148604,0.088822,1.990163,0.001466,1.313715,-0.004606,1.990179,1.296820,-0.004606,-0.017641,0.000000,0.012466,-0.396332,-29.728302,-0.016895,-0.001000,0.001460,0.002010,0.000142,0.001460,0.148604,0.088822,-9.808472,0.007123,0.009589,-0.001000,2.849927,0.003145,27.000000,0.013045,1.990179,0.001466,-0.017641,0.000000,-0.017000,-0.001000,85,0,1,31,28,-0.011703,0.002325,-0.005636,0.416505,-0.089873,8.783903,1.279131,0.003145,0.014987,7,1,0,0.000000,0,1.310120,0.000000,0.028267,0,-0.027142,0.000000,-0.019003,1.310120,-0.027142,1,1,1,0.668011,0.000000,0.000000,0.000000,0.000000,0.000000,0.000000,0.000000
