t,theta_big,theta_small,dtheta_big,dtheta_small,tau_big,tau_small,axis,held_target,mcu2_seq,gravity_ax,gravity_ay,theta_big_motor,dtheta_big_motor,theta_big_platform,dtheta_big_platform,theta_big_motor_meas,platform_azimuth,platform_rate,small_joint_angle_est,small_joint_rate_est,pitch_joint_angle,pitch_joint_rate,pitch_acc,chassis_azimuth,chassis_yaw_rate,big_enc_age,big_sample_interval,big_enc_innovation,chassis_imu_age,gravity_a_x,gravity_a_y,gravity_a_z,base_omega_x,base_omega_y,base_omega_z,los_azimuth,los_elevation,mcu_bullet_velocity,mcu_pitch_angle,mcu_yaw_big_angle,mcu_yaw_big_omega,mcu_yaw_small_angle,mcu_yaw_small_omega,mcu_chassis_imu_yaw,mcu_chassis_imu_omega,mcu_mark,mcu_color,mcu_auto_aim_switch,mcu_temp_big,mcu_temp_small,imu_gx,imu_gy,imu_gz,imu_ax,imu_ay,imu_az,imu_euler_yaw,imu_euler_pitch,imu_euler_roll,imu_dt_one_tenth_ms,tx_auto_aim_enable,tx_fire,tx_pitch_target_angle,tx_yaw_big_mode,tx_yaw_big_target_angle,tx_yaw_big_target_velocity,tx_yaw_big_torque,tx_yaw_small_mode,tx_yaw_small_target_angle,tx_yaw_small_target_velocity,tx_yaw_small_torque,target_big,target_small,est_valid,mcu_valid,imu_valid,backlash_center,backlash_beta_true,theta_true_motor,theta_true_platform,theta_true_small,dtheta_true_motor,dtheta_true_platform,dtheta_true_small
0.0002,12.248922,0.196350,-0.003568,0.000000,0.018737,0.021353,1,8.026385,100,-0.007662,0.254562,12.248922,-0.000419,7.927243,-0.003568,12.248928,8.017195,-0.003568,0.196350,0.000000,0.012680,-0.478477,-41.652303,0.089951,0.000000,0.000763,0.002163,-0.000008,0.000763,-0.007662,0.254562,-9.806694,0.000042,-0.002160,-0.000000,-2.782039,-0.012926,27.000000,0.013045,12.248928,-0.000419,0.196350,0.000000,0.090000,0.000000,47,0,1,34,33,-0.001024,-0.001947,-0.003543,0.282814,0.540102,9.651485,1.930349,-0.012926,0.004297,7,1,0,0.000000,0,8.026385,0.000000,0.018737,0,0.207026,0.000000,0.021353,8.026385,0.207026,1,1,1,4.311272,0.000000,0.000000,0.000000,0.000000,0.000000,0.000000,0.000000
0.0101,12.248937,0.196350,0.011204,0.000000,0.018627,0.020551,1,8.026385,110,-0.007596,0.253666,12.248937,0.001466,7.927212,0.011204,12.248928,8.017174,0.011204,0.196350,0.000000,0.012627,-0.478477,-41.652303,0.089962,0.000000,0.000873,0.002027,-0.000005,0.000873,-0.007596,0.253666,-9.806717,0.003393,-0.008073,0.000000,-2.782060,-0.012888,27.000000,0.013045,12.248928,0.001466,0.196350,0.000000,0.090000,0.000000,52,0,1,34,33,0.001124,-0.010687,0.011290,0.055937,0.067083,10.000690,1.930321,-0.012884,0.004290,7,1,0,0.000000,0,8.026385,0.000000,0.018627,0,0.206959,0.000000,0.020551,8.026385,0.206959,1,1,1,4.311308,0.000000,0.000000,0.000000,0.000000,0.000000,0.000000,0.000000
0.0201,12.248928,0.196350,0.002216,0.000000,0.018701,0.015612,1,8.026385,120,-0.006958,0.254142,12.248928,0.001466,7.927196,0.002216,12.248928,8.017151,0.002216,0.196350,0.000000,0.012638,-0.478477,-41.652303,0.089955,-0.001000,0.000850,0.001995,-0.000000,0.000850,-0.006958,0.254142,-9.806705,-0.010422,0.016340,-0.001000,-2.782082,-0.012912,27.000000,0.013045,12.248928,0.001466,0.196350,0.000000,0.090000,-0.001000,57,0,1,34,33,-0.001046,0.019366,0.000971,0.149833,0.413722,9.812825,1.930307,-0.012912,0.004359,6,1,0,0.000000,0,8.026385,0.000000,0.018701,0,0.206492,0.000000,0.015612,8.026385,0.206492,1,1,1,4.311342,0.000000,0.000000,0.000000,0.000000,0.000000,0.000000,0.000000
0.0301,12.249005,0.196350,-0.012349,0.000000,0.019701,0.005073,1,8.026385,130,-0.006882,0.253451,12.249005,0.001466,7.927099,-0.012349,12.249024,8.017048,-0.012349,0.196350,0.000000,0.012596,-0.478477,-41.652303,0.089949,0.000000,0.000938,0.001856,0.000121,0.000938,-0.006882,0.253451,-9.806723,0.012615,-0.007049,0.000000,-2.782185,-0.012883,27.000000,0.013045,12.249024,0.001466,0.196350,0.000000,0.090000,0.000000,62,0,1,34,33,0.007523,-0.012493,-0.012193,-0.078932,-0.003829,9.540509,1.930204,-0.012883,0.004353,6,1,0,0.000000,0,8.026385,0.000000,0.019701,0,0.205224,0.000000,0.005073,8.026385,0.205224,1,1,1,4.311377,0.000000,0.000000,0.000000,0.000000,0.000000,0.000000,0.000000
0.0401,12.248914,0.196350,-0.022514,0.000000,0.020456,-0.011848,1,8.026385,140,-0.006878,0.253745,12.248914,0.001466,7.926960,-0.022514,12.248928,8.016900,-0.022514,0.196350,0.000000,0.012643,-0.478477,-41.652303,0.089940,0.000000,0.000840,0.002027,0.000038,0.000840,-0.006878,0.253745,-9.806715,-0.018459,0.000187,0.000000,-2.782333,-0.012865,27.000000,0.013045,12.248928,0.001466,0.196350,0.000000,0.090000,0.000000,67,0,1,34,33,-0.015984,0.008950,-0.022629,-0.028741,-0.278018,10.064160,1.930056,-0.012865,0.004359,7,1,0,0.000000,0,8.026385,0.000000,0.020456,0,0.202758,0.000000,-0.011848,8.026385,0.202758,1,1,1,4.311412,0.000000,0.000000,0.000000,0.000000,0.000000,0.000000,0.000000
0.0501,12.248871,0.195583,-0.062473,0.000000,0.015375,-0.024212,1,8.026385,150,-0.006951,0.253742,12.248871,0.000419,7.927289,-0.062473,12.248928,8.017200,-0.062473,0.195583,0.000000,0.012609,-0.478477,-41.652303,0.089911,-0.001000,0.000911,0.001974,0.000005,0.000911,-0.006951,0.253742,-9.806715,0.014609,-0.001943,-0.001000,-2.782801,-0.012904,27.000000,0.013045,12.248928,0.000419,0.195583,0.000000,0.090000,-0.001000,72,0,1,34,33,0.011774,-0.009664,-0.063356,-0.030758,0.267602,10.021790,1.929588,-0.012904,0.004332,7,1,0,0.000000,0,8.026385,0.000000,0.015375,0,0.198905,0.000000,-0.024212,8.026385,0.198905,1,1,1,4.311449,0.000000,0.000000,0.000000,0.000000,0.000000,0.000000,0.000000
0.0601,12.249175,0.193918,0.079846,-0.209440,0.010026,-0.034178,1,8.026385,160,-0.008077,0.255233,12.249175,0.003560,7.927903,0.079846,12.249120,8.017895,0.079846,0.193918,-0.209440,0.012747,-0.478477,-41.652303,0.089992,0.000000,0.000624,0.002000,-0.000183,0.000624,-0.008077,0.255233,-9.806676,0.000729,-0.007819,-0.209440,-2.783771,-0.012945,27.000000,0.013045,12.249120,0.003560,0.194049,-0.209440,0.090000,0.000000,77,0,1,34,33,-0.003189,-0.008828,-0.129492,-0.344572,-0.568717,9.582512,1.928617,-0.012945,0.004206,7,1,0,0.000000,0,8.026385,0.000000,0.010026,0,0.193839,0.000000,-0.034178,8.026385,0.193839,1,1,1,4.311481,0.000000,0.000000,0.000000,0.000000,0.000000,0.000000,0.000000
0.0701,12.249230,0.191600,0.012650,-0.209440,0.008878,-0.048509,1,8.026385,170,-0.009503,0.254511,12.249230,0.002513,7.928611,0.012650,12.249216,8.018570,0.012650,0.191600,-0.209440,0.012708,-0.478477,-41.652303,0.089959,-0.001000,0.000704,0.002166,-0.000175,0.000704,-0.009503,0.254511,-9.806693,-0.010519,-0.009646,-0.210440,-2.785416,-0.012949,27.000000,0.013045,12.249216,0.002513,0.191748,-0.209440,0.090000,-0.001000,82,0,1,34,33,-0.013885,-0.005814,-0.197732,0.569601,0.587595,9.690431,1.926973,-0.012949,0.003990,6,1,0,0.000000,0,8.026385,0.000000,0.008878,0,0.187492,0.000000,-0.048509,8.026385,0.187492,1,1,1,4.311514,0.000000,0.000000,0.000000,0.000000,0.000000,0.000000,0.000000
0.0801,12.249164,0.188439,0.039298,-0.314159,0.005144,-0.058493,1,8.026385,180,-0.010105,0.253758,12.249164,-0.000419,7.929467,0.039298,12.249120,8.019444,0.039298,0.188439,-0.314159,0.012678,-0.478477,-41.652303,0.089977,0.000000,0.000767,0.002019,-0.000124,0.000767,-0.010105,0.253758,-9.806712,0.004011,-0.013897,-0.314159,-2.787704,-0.012927,27.000000,0.013045,12.249120,-0.000419,0.188680,-0.314159,0.090000,0.000000,87,0,1,34,33,-0.003222,-0.017584,-0.274660,-0.276726,-0.440941,10.081502,1.924685,-0.012927,0.003834,6,1,0,0.000000,0,8.026385,0.000000,0.005144,0,0.180140,0.000000,-0.058493,8.026385,0.180140,1,1,1,4.311544,0.000000,0.000000,0.000000,0.000000,0.000000,0.000000,0.000000
0.0901,12.248993,0.185203,0.046248,-0.418879,0.013446,-0.074993,1,8.026385,190,-0.010900,0.252748,12.248993,-0.000419,7.929515,0.046248,12.248928,8.019480,0.046248,0.185203,-0.418879,0.012578,-0.478477,-41.652303,0.089965,0.000000,0.000977,0.002000,-0.000240,0.000977,-0.010900,0.252748,-9.806737,0.009620,0.006738,-0.418879,-2.790905,-0.012953,27.000000,0.013045,12.248928,-0.000419,0.185612,-0.418879,0.090000,0.000000,92,0,1,34,33,0.001009,-0.003673,-0.355562,0.017886,-0.366896,9.517783,1.921782,-0.012965,0.003660,7,1,0,0.000000,0,8.026385,0.000000,0.013446,0,0.172038,0.000000,-0.074993,8.026385,0.172038,1,1,1,4.311572,0.000000,0.000000,0.000000,0.000000,0.000000,0.000000,0.000000
0.1001,12.248809,0.179726,0.068120,-0.523599,-0.003181,-0.066936,1,8.026385,200,-0.011714,0.252732,12.248809,-0.001466,7.930906,0.068120,12.248736,8.020896,0.068120,0.179726,-0.523599,0.012572,-0.478477,-41.652303,0.089990,-0.001000,0.000988,0.001988,-0.000174,0.000988,-0.011714,0.252732,-9.806737,0.012517,-0.020950,-0.524599,-2.794967,-0.012992,27.000000,0.013045,12.248736,-0.001466,0.180243,-0.523599,0.090000,-0.001000,97,0,1,34,33,-0.001137,-0.019527,-0.449615,0.196944,0.388596,9.525492,1.917741,-0.012991,0.003453,6,1,0,0.000000,0,8.026385,0.000000,-0.003181,0,0.163177,0.000000,-0.066936,8.026385,0.163177,1,1,1,4.311595,0.000000,0.000000,0.000000,0.000000,0.000000,0.000000,0.000000
0.1101,12.249165,0.173800,0.081643,-0.628319,-0.002142,-0.074734,1,8.026385,210,-0.014354,0.255421,12.249165,0.002513,7.932129,0.081643,12.249120,8.021990,0.081643,0.173800,-0.628319,0.012811,-0.478477,-41.652303,0.089860,0.000000,0.000489,0.002008,0.000101,0.000489,-0.014354,0.255421,-9.806664,0.023319,-0.041479,-0.628319,-2.799804,-0.013089,27.000000,0.013045,12.249120,0.002513,0.174107,-0.628319,0.090000,0.000000,102,0,1,34,33,0.001006,-0.054573,-0.546021,0.135873,-0.936763,9.981084,1.912585,-0.013089,0.003062,7,1,0,0.000000,0,8.026385,0.000000,-0.002142,0,0.153781,0.000000,-0.074734,8.026385,0.153781,1,1,1,4.311614,0.000000,0.000000,0.000000,0.000000,0.000000,0.000000,0.000000
0.1201,12.248972,0.166829,0.078907,-0.733038,-0.002418,-0.073984,1,8.026385,220,-0.015358,0.254739,12.248972,-0.002513,7.933074,0.078907,12.248928,8.022924,0.078907,0.166829,-0.733038,0.012800,-0.478477,-41.652303,0.089849,0.000000,0.000512,0.002013,-0.000409,0.000512,-0.015358,0.254739,-9.806680,-0.008884,0.005102,-0.733038,-2.805842,-0.013070,27.000000,0.013045,12.248928,-0.002513,0.167204,-0.733038,0.090000,0.000000,107,0,1,34,33,-0.005487,0.000278,-0.654188,0.598598,0.708616,9.959638,1.906547,-0.013070,0.002768,7,1,0,0.000000,0,8.026385,0.000000,-0.002418,0,0.143981,0.000000,-0.073984,8.026385,0.143981,1,1,1,4.311631,0.000000,0.000000,0.000000,0.000000,0.000000,0.000000,0.000000
0.1301,12.247945,0.158971,0.111340,-0.837758,-0.001829,-0.070036,1,8.026385,230,-0.016693,0.253914,12.247945,-0.007645,7.933725,0.111340,12.247873,8.023653,0.111340,0.158971,-0.837758,0.012723,-0.478477,-41.652303,0.089928,-0.001000,0.000673,0.002003,-0.000326,0.000673,-0.016693,0.253914,-9.806699,0.003149,-0.022651,-0.838758,-2.812972,-0.013106,27.000000,0.013045,12.247873,-0.007645,0.159534,-0.837758,0.090000,-0.001000,112,0,1,34,33,-0.007610,-0.030818,-0.727085,0.487836,-0.721379,9.591090,1.899417,-0.013106,0.002417,7,1,0,0.000000,0,8.026385,0.000000,-0.001829,0,0.134095,0.000000,-0.070036,8.026385,0.134095,1,1,1,4.311643,0.000000,0.000000,0.000000,0.000000,0.000000,0.000000,0.000000
0.1401,12.247323,0.149590,0.145307,-0.942478,-0.014853,-0.052401,1,8.026385,240,-0.016270,0.254830,12.247323,-0.005550,7.935217,0.145307,12.247202,8.025346,0.145307,0.149590,-0.942478,0.012669,-0.478477,-41.652303,0.090129,0.000000,0.000786,0.001988,-0.000442,0.000786,-0.016270,0.254830,-9.806676,-0.015185,-0.001140,-0.942478,-2.820659,-0.013268,27.000000,0.013045,12.247202,-0.005550,0.150330,-0.942478,0.090000,0.000000,117,0,1,34,33,-0.014063,-0.004258,-0.797181,0.397762,0.275610,9.390501,1.891730,-0.013268,0.002232,6,1,0,0.000000,0,8.026385,0.000000,-0.014853,0,0.124493,0.000000,-0.052401,8.026385,0.124493,1,1,1,4.311648,0.000000,0.000000,0.000000,0.000000,0.000000,0.000000,0.000000
0.1501,12.247338,0.141620,0.146826,-0.942478,-0.000711,-0.061561,1,8.026385,250,-0.017093,0.257298,12.247338,0.001466,7.936015,0.146826,12.247298,8.025579,0.146826,0.141620,-0.942478,0.012906,-0.478477,-41.652303,0.089564,0.000000,0.000290,0.002008,-0.000258,0.000290,-0.017093,0.257298,-9.806610,0.011443,-0.016217,-0.942478,-2.828398,-0.013308,27.000000,0.013045,12.247298,0.001466,0.141893,-0.942478,0.090000,0.000000,122,0,1,34,33,0.003042,-0.029880,-0.795332,0.485896,0.209919,10.069398,1.883991,-0.013308,0.001977,8,1,0,0.000000,0,8.026385,0.000000,-0.000711,0,0.115576,0.000000,-0.061561,8.026385,0.115576,1,1,1,4.311648,0.000000,0.000000,0.000000,0.000000,0.000000,0.000000,0.000000
0.1601,12.247076,0.132118,0.095082,-0.942478,-0.011734,-0.033076,1,8.026385,4,-0.016408,0.255890,12.247076,-0.003560,7.936786,0.095082,12.247010,8.026691,0.095082,0.132118,-0.942478,0.012755,-0.478477,-41.652303,0.089905,-0.001000,0.000607,0.002001,-0.000412,0.000607,-0.016408,0.255890,-9.806648,-0.009140,0.001265,-0.943478,-2.836787,-0.013326,27.000000,0.013045,12.247010,-0.003560,0.132689,-0.942478,0.090000,-0.001000,127,0,1,34,33,-0.007672,-0.005696,-0.848393,-0.842195,-0.416465,9.622001,1.875602,-0.013326,0.001778,7,1,0,0.000000,0,8.026385,0.000000,-0.011734,0,0.107658,0.000000,-0.033076,8.026385,0.107658,1,1,1,4.311647,0.000000,0.000000,0.000000,0.000000,0.000000,0.000000,0.000000
0.1701,12.245104,0.123705,0.031338,-0.837758,0.000643,-0.027972,1,8.026385,14,-0.018513,0.256549,12.245104,-0.018850,7.936720,0.031338,12.245092,8.026586,0.031338,0.123705,-0.837758,0.012732,-0.478477,-41.652303,0.089867,0.000000,0.000653,0.002170,-0.000546,0.000653,-0.018513,0.256549,-9.806627,0.007196,-0.022898,-0.837758,-2.845307,-0.013455,27.000000,0.013045,12.245092,-0.018850,0.124253,-0.837758,0.090000,0.000000,132,0,1,34,33,-0.003361,-0.034031,-0.806052,0.628865,-0.164588,9.424510,1.867082,-0.013455,0.001354,7,1,0,0.000000,0,8.026385,0.000000,0.000643,0,0.100992,0.000000,-0.027972,8.026385,0.100992,1,1,1,4.311640,0.000000,0.000000,0.000000,0.000000,0.000000,0.000000,0.000000
0.1801,12.242161,0.116326,0.010091,-0.733038,-0.002297,-0.019067,1,8.026385,24,-0.018203,0.257784,12.242161,-0.029112,7.937071,0.010091,12.242120,8.026744,0.010091,0.116326,-0.733038,0.012878,-0.478477,-41.652303,0.089673,0.000000,0.000350,0.001843,-0.001078,0.000350,-0.018203,0.257784,-9.806596,-0.001339,-0.015024,-0.733038,-2.852528,-0.013441,27.000000,0.013045,12.242120,-0.029112,0.116583,-0.733038,0.090000,0.000000,137,0,1,34,33,-0.007618,-0.022327,-0.722719,-0.055396,-0.804884,10.135411,1.859861,-0.013441,0.001207,7,1,0,0.000000,0,8.026385,0.000000,-0.002297,0,0.095809,0.000000,-0.019067,8.026385,0.095809,1,1,1,4.311627,0.000000,0.000000,0.000000,0.000000,0.000000,0.000000,0.000000
0.1901,12.238073,0.110888,-0.037069,-0.628319,0.018508,-0.020761,1,8.026385,34,-0.017788,0.256886,12.238073,-0.040317,7.935292,-0.037069,12.238093,8.025142,-0.037069,0.110888,-0.628319,0.012797,-0.478477,-41.652303,0.089850,-0.001000,0.000519,0.001986,-0.000681,0.000519,-0.017788,0.256886,-9.806620,-0.000529,0.033341,-0.629319,-2.859568,-0.013432,27.000000,0.013045,12.238093,-0.040317,0.111214,-0.628319,0.090000,-0.001000,142,0,1,34,33,0.013698,0.021873,-0.666722,0.455975,0.582584,10.092264,1.852821,-0.013432,0.001096,6,1,0,0.000000,0,8.026385,0.000000,0.018508,0,0.092060,0.000000,-0.020761,8.026385,0.092060,1,1,1,4.311602,0.000000,0.000000,0.000000,0.000000,0.000000,0.000000,0.000000
0.2001,12.237351,0.105478,0.054763,-0.628319,0.012482,-0.004534,1,8.026385,44,-0.017155,0.256864,12.237351,-0.005550,7.934417,0.054763,12.237326,8.024309,0.054763,0.105478,-0.628319,0.012765,-0.478477,-41.652303,0.089892,0.000000,0.000584,0.001992,0.000045,0.000584,-0.017155,0.256864,-9.806622,0.012017,-0.008396,-0.628319,-2.865810,-0.013460,27.000000,0.013045,12.237326,-0.005550,0.105845,-0.628319,0.090000,0.000000,147,0,1,34,33,0.007366,-0.019995,-0.573347,-0.603765,-0.262991,9.594986,1.846579,-0.013460,0.001018,7,1,0,0.000000,0,8.026385,0.000000,0.012482,0,0.089410,0.000000,-0.004534,8.026385,0.089410,1,1,1,4.311571,0.000000,0.000000,0.000000,0.000000,0.000000,0.000000,0.000000
0.2101,12.238805,0.101006,-0.092380,-0.418879,0.016464,-0.001877,1,8.026385,54,-0.018280,0.257003,12.238805,0.016860,7.933481,-0.092380,12.238860,8.023283,-0.092380,0.101006,-0.418879,0.012775,-0.478477,-41.652303,0.089803,0.000000,0.000565,0.002124,0.000781,0.000565,-0.018280,0.257003,-9.806616,-0.010869,0.000418,-0.418879,-2.871309,-0.013481,27.000000,0.013045,12.238860,0.016860,0.101243,-0.418879,0.090000,0.000000,152,0,1,34,33,-0.009712,-0.001634,-0.511280,0.466011,0.241540,9.830441,1.841080,-0.013481,0.000788,7,1,0,0.000000,0,8.026385,0.000000,0.016464,0,0.087460,0.000000,-0.001877,8.026385,0.087460,1,1,1,4.311545,0.000000,0.000000,0.000000,0.000000,0.000000,0.000000,0.000000
0.2201,12.242444,0.097964,-0.089065,-0.314159,0.023041,-0.010388,1,8.026385,64,-0.018819,0.255702,12.242444,0.042412,7.932048,-0.089065,12.242504,8.021880,-0.089065,0.097964,-0.314159,0.012723,-0.478477,-41.652303,0.089832,0.000000,0.000672,0.002134,0.001167,0.000672,-0.018819,0.255702,-9.806649,0.010390,-0.025857,-0.314159,-2.875755,-0.013408,27.000000,0.013045,12.242504,0.042412,0.098175,-0.314159,0.090000,0.000000,157,0,1,34,33,-0.001109,-0.032972,-0.402838,0.046990,-0.095711,10.018188,1.836634,-0.013408,0.000640,7,1,0,0.000000,0,8.026385,0.000000,0.023041,0,0.085810,0.000000,-0.010388,8.026385,0.085810,1,1,1,4.311533,0.000000,0.000000,0.000000,0.000000,0.000000,0.000000,0.000000
0.2301,12.246447,0.095697,-0.123328,-0.209440,0.025012,-0.018120,1,8.026385,74,-0.019139,0.254882,12.246447,0.043459,7.930723,-0.123328,12.246530,8.020547,-0.123328,0.095697,-0.209440,0.012641,-0.478477,-41.652303,0.089824,0.001000,0.000844,0.002021,0.001107,0.000844,-0.019139,0.254882,-9.806670,-0.013011,0.010811,-0.208440,-2.879356,-0.013411,27.000000,0.013045,12.246530,0.043459,0.095874,-0.209440,0.090000,0.001000,162,0,1,34,33,-0.007538,0.010949,-0.331932,-0.230553,-0.141784,9.864419,1.833033,-0.013411,0.000541,7,1,0,0.000000,0,8.026385,0.000000,0.025012,0,0.084059,0.000000,-0.018120,8.026385,0.084059,1,1,1,4.311538,0.000000,0.000000,0.000000,0.000000,0.000000,0.000000,0.000000
0.2401,12.252098,0.093512,-0.080141,-0.209440,0.019942,-0.024069,1,8.026385,84,-0.020146,0.257891,12.252098,0.052674,7.930079,-0.080141,12.252092,8.019858,-0.080141,0.093512,-0.209440,0.012905,-0.478477,-41.652303,0.089779,0.000000,0.000292,0.002012,0.001113,0.000292,-0.020146,0.257891,-9.806589,0.001010,-0.005114,-0.209440,-2.882231,-0.013463,27.000000,0.013045,12.252092,0.052674,0.093573,-0.209440,0.090000,0.000000,167,0,1,34,33,-0.001101,-0.008832,-0.289490,0.206626,0.444559,9.640905,1.830158,-0.013463,0.000410,7,1,0,0.000000,0,8.026385,0.000000,0.019942,0,0.081807,0.000000,-0.024069,8.026385,0.081807,1,1,1,4.311972,0.000000,0.000000,0.000000,0.000000,0.000000,0.000000,0.000000
0.2501,12.256464,0.092706,-0.056991,-0.209440,0.037719,-0.051558,1,8.026385,94,-0.021211,0.256305,12.256464,0.046496,7.927970,-0.056991,12.256502,8.017803,-0.056991,0.092706,-0.209440,0.012816,-0.478477,-41.652303,0.089832,0.000000,0.000478,0.001930,0.001122,0.000478,-0.021211,0.256305,-9.806628,0.012160,-0.014966,-0.209440,-2.885094,-0.013401,27.000000,0.013045,12.256502,0.046496,0.092806,-0.209440,0.090000,0.000000,172,0,1,34,33,0.005323,-0.021947,-0.266171,-0.506269,-0.384281,10.129774,1.827295,-0.013401,0.000266,7,1,0,0.000000,0,8.026385,0.000000,0.037719,0,0.078656,0.000000,-0.051558,8.026385,0.078656,1,1,1,4.315135,0.000000,0.000000,0.000000,0.000000,0.000000,0.000000,0.000000
0.2601,12.258325,0.089567,0.003933,-0.314159,0.015047,-0.043758,1,8.026385,104,-0.020305,0.255329,12.258325,0.014765,7.928105,0.003933,12.258324,8.017979,0.003933,0.089567,-0.314159,0.012785,-0.478477,-41.652303,0.089874,0.000000,0.000544,0.001936,-0.000188,0.000544,-0.020305,0.255329,-9.806656,-0.010031,0.020949,-0.314159,-2.888055,-0.013327,27.000000,0.013045,12.258324,0.014765,0.089738,-0.314159,0.090000,0.000000,177,0,1,34,33,-0.001137,0.019232,-0.310497,-0.462621,0.585154,9.842862,1.824334,-0.013327,0.000267,7,1,0,0.000000,0,8.026385,0.000000,0.015047,0,0.074212,0.000000,-0.043758,8.026385,0.074212,1,1,1,4.316241,0.000000,0.000000,0.000000,0.000000,0.000000,0.000000,0.000000
0.2701,12.257719,0.086537,-0.066192,-0.314159,0.023671,-0.065580,1,8.026385,114,-0.022082,0.256609,12.257719,-0.000419,7.927586,-0.066192,12.257748,8.017408,-0.066192,0.086537,-0.314159,0.012843,-0.478477,-41.652303,0.089822,0.000000,0.000423,0.001984,0.000416,0.000423,-0.022082,0.256609,-9.806618,0.013087,-0.050806,-0.314159,-2.891659,-0.013415,27.000000,0.013045,12.257748,-0.000419,0.086670,-0.314159,0.090000,0.000000,182,0,1,34,33,-0.007481,-0.056809,-0.379653,-0.432703,-0.126439,9.385921,1.820730,-0.013415,0.000018,6,1,0,0.000000,0,8.026385,0.000000,0.023671,0,0.068276,0.000000,-0.065580,8.026385,0.068276,1,1,1,4.316286,0.000000,0.000000,0.000000,0.000000,0.000000,0.000000,0.000000
0.2801,12.258007,0.081730,0.097443,-0.523599,0.007451,-0.068058,1,8.026385,124,-0.022698,0.255687,12.258007,-0.002513,7.928284,0.097443,12.257940,8.018283,0.097443,0.081730,-0.523599,0.012736,-0.478477,-41.652303,0.089999,0.002000,0.000646,0.001937,-0.000218,0.000646,-0.022698,0.255687,-9.806641,-0.020835,-0.019667,-0.521599,-2.895592,-0.013433,27.000000,0.013045,12.257940,-0.002513,0.082068,-0.523599,0.090000,0.002000,187,0,1,34,33,-0.026749,-0.015667,-0.423990,-0.297663,-0.188098,9.739494,1.816797,-0.013433,-0.000178,6,1,0,0.000000,0,8.026385,0.000000,0.007451,0,0.060841,0.000000,-0.068058,8.026385,0.060841,1,1,1,4.316333,0.000000,0.000000,0.000000,0.000000,0.000000,0.000000,0.000000
0.2901,12.257628,0.076156,0.242584,-0.733038,0.006351,-0.082113,1,8.026385,134,-0.026472,0.255498,12.257628,-0.001466,7.929032,0.242584,12.257461,8.019104,0.242584,0.076156,-0.733038,0.012690,-0.478477,-41.652303,0.090072,0.001000,0.000741,0.002027,-0.000196,0.000741,-0.026472,0.255498,-9.806637,0.027004,-0.058204,-0.732038,-2.900350,-0.013487,27.000000,0.013045,12.257461,-0.001466,0.076699,-0.733038,0.090000,0.001000,192,0,1,34,33,0.003174,-0.070291,-0.488602,0.010902,-0.387774,10.436330,1.812039,-0.013487,-0.000709,6,1,0,0.000000,0,8.026385,0.000000,0.006351,0,0.051906,0.000000,-0.082113,8.026385,0.051906,1,1,1,4.316375,0.000000,0.000000,0.000000,0.000000,0.000000,0.000000,0.000000
0.3001,12.258181,0.068439,0.170250,-0.733038,-0.014616,-0.081009,1,8.026385,144,-0.027615,0.255672,12.258181,0.004503,7.931583,0.170250,12.258036,8.021536,0.170250,0.068439,-0.733038,0.012660,-0.478477,-41.652303,0.089952,0.000000,0.000805,0.001878,-0.000463,0.000805,-0.027615,0.255672,-9.806629,0.010062,-0.005418,-0.733038,-2.905636,-0.013537,27.000000,0.013045,12.258036,0.004503,0.069029,-0.733038,0.090000,0.000000,197,0,1,34,33,0.007365,-0.015863,-0.562632,-0.155271,0.042526,9.655770,1.806753,-0.013537,-0.001026,7,1,0,0.000000,0,8.026385,0.000000,-0.014616,0,0.041480,0.000000,-0.081009,8.026385,0.041480,1,1,1,4.316413,0.000000,0.000000,0.000000,0.000000,0.000000,0.000000,0.000000
0.3101,12.257087,0.061372,0.231824,-0.837758,-0.002886,-0.110156,1,8.026385,154,-0.030129,0.255075,12.257087,-0.007645,7.932548,0.231824,12.256885,8.022584,0.231824,0.061372,-0.837758,0.012614,-0.478477,-41.652303,0.090037,-0.002000,0.000901,0.001999,-0.000647,0.000901,-0.030129,0.255075,-9.806637,0.013050,-0.019138,-0.839758,-2.911659,-0.013530,27.000000,0.013045,12.256885,-0.007645,0.062126,-0.837758,0.090000,-0.002000,1,0,1,34,33,0.005232,-0.030232,-0.607601,0.685906,0.194674,9.763122,1.800730,-0.013530,-0.001471,6,1,0,0.000000,0,8.026385,0.000000,-0.002886,0,0.029726,0.000000,-0.110156,8.026385,0.029726,1,1,1,4.316445,0.000000,0.000000,0.000000,0.000000,0.000000,0.000000,0.000000
0.3201,12.255678,0.052791,0.268199,-0.942478,-0.022706,-0.114427,1,8.026385,164,-0.029561,0.258518,12.255678,-0.014765,7.935560,0.268199,12.255639,8.025110,0.268199,0.052791,-0.942478,0.012978,-0.478477,-41.652303,0.089550,-0.004000,0.000139,0.002139,-0.001090,0.000139,-0.029561,0.258518,-9.806549,-0.008535,-0.022954,-0.946478,-2.917713,-0.013500,27.000000,0.013045,12.255639,-0.014765,0.052922,-0.942478,0.090000,-0.004000,6,0,1,34,33,-0.016138,-0.027221,-0.677983,-0.543960,-0.537411,10.137781,1.794676,-0.013500,-0.001619,7,1,0,0.000000,0,8.026385,0.000000,-0.022706,0,0.016884,0.000000,-0.114427,8.026385,0.016884,1,1,1,4.316464,0.000000,0.000000,0.000000,0.000000,0.000000,0.000000,0.000000
0.3301,12.253140,0.043159,0.263360,-1.047198,-0.023342,-0.121144,1,8.026385,174,-0.030895,0.257578,12.253140,-0.027018,7.937368,0.263360,12.253051,8.027268,0.263360,0.043159,-1.047198,0.012789,-0.478477,-41.652303,0.089900,-0.001000,0.000535,0.001985,-0.000931,0.000535,-0.030895,0.257578,-9.806569,-0.000410,-0.014664,-1.048198,-2.925190,-0.013582,27.000000,0.013045,12.253051,-0.027018,0.043719,-1.047198,0.090000,-0.001000,11,0,1,34,33,-0.005500,-0.023636,-0.784600,0.437931,0.398894,10.253104,1.787199,-0.013582,-0.002014,7,1,0,0.000000,0,8.026385,0.000000,-0.023342,0,0.003141,0.000000,-0.121144,8.026385,0.003141,1,1,1,4.316470,0.000000,0.000000,0.000000,0.000000,0.000000,0.000000,0.000000
0.3401,12.250108,0.032106,0.278964,-1.151917,-0.033392,-0.119933,1,8.026385,184,-0.032131,0.256642,12.250108,-0.033196,7.939911,0.278964,12.249887,8.029903,0.278964,0.032106,-1.151917,0.012682,-0.478477,-41.652303,0.089993,0.002000,0.000759,0.001875,-0.001423,0.000759,-0.032131,0.256642,-9.806590,0.024453,-0.039642,-1.149917,-2.933608,-0.013574,27.000000,0.013045,12.249887,-0.033196,0.032981,-1.151917,0.090000,0.002000,16,0,1,34,33,0.009452,-0.056650,-0.870305,-0.356205,-0.211160,9.279844,1.778781,-0.013574,-0.002434,7,1,0,0.000000,0,8.026385,0.000000,-0.033392,0,-0.011236,0.000000,-0.119933,8.026385,-0.011236,1,1,1,4.316460,0.000000,0.000000,0.000000,0.000000,0.000000,0.000000,0.000000
0.3501,12.242775,0.021820,0.208946,-1.151917,-0.026021,-0.140051,1,8.026385,194,-0.035360,0.258561,12.242775,-0.072047,7.941846,0.208946,12.242695,8.031485,0.208946,0.021820,-1.151917,0.012869,-0.478477,-41.652303,0.089639,0.000000,0.000367,0.002014,-0.002236,0.000367,-0.035360,0.258561,-9.806528,-0.015741,-0.029344,-1.151917,-2.942317,-0.013563,27.000000,0.013045,12.242695,-0.072047,0.022243,-1.151917,0.090000,0.000000,21,0,1,34,33,-0.024747,-0.034414,-0.942607,0.792272,-0.224817,9.663271,1.770072,-0.013563,-0.003029,7,1,0,0.000000,0,8.026385,0.000000,-0.026021,0,-0.025970,0.000000,-0.140051,8.026385,-0.025970,1,1,1,4.315753,0.000000,0.000000,0.000000,0.000000,0.000000,0.000000,0.000000
0.3601,12.234557,0.009869,0.247363,-1.256637,-0.035828,-0.130900,1,8.026385,204,-0.036626,0.258518,12.234557,-0.091525,7.943485,0.247363,12.234450,8.033621,0.247363,0.009869,-1.256637,0.012714,-0.478477,-41.652303,0.090136,0.000000,0.000692,0.002009,-0.002254,0.000692,-0.036626,0.258518,-9.806525,-0.003479,-0.032253,-1.256637,-2.952135,-0.013677,27.000000,0.013045,12.234450,-0.091525,0.010738,-1.256637,0.090000,0.000000,26,0,1,34,33,-0.014085,-0.042052,-1.008821,-0.020803,0.501236,10.464383,1.760254,-0.013677,-0.003474,6,1,0,0.000000,0,8.026385,0.000000,-0.035828,0,-0.040864,0.000000,-0.130900,8.026385,-0.040864,1,1,1,4.310768,0.000000,0.000000,0.000000,0.000000,0.000000,0.000000,0.000000
0.3701,12.225298,-0.002688,0.148069,-1.256637,-0.032368,-0.129656,1,8.026385,214,-0.039745,0.259734,12.225298,-0.090478,7.945249,0.148069,12.225151,8.035112,0.148069,-0.002688,-1.256637,0.012605,-0.478477,-41.652303,0.089864,-0.003000,0.000919,0.001977,-0.001965,0.000919,-0.039745,0.259734,-9.806480,0.004888,-0.024268,-1.259637,-2.963206,-0.013863,27.000000,0.013045,12.225151,-0.090478,-0.001534,-1.256637,0.090000,-0.003000,31,0,1,34,33,-0.003446,-0.038524,-1.111171,0.487079,-0.087208,10.123836,1.749183,-0.013863,-0.004123,7,1,0,0.000000,0,8.026385,0.000000,-0.032368,0,-0.055771,0.000000,-0.129656,8.026385,-0.055771,1,1,1,4.304940,0.000000,0.000000,0.000000,0.000000,0.000000,0.000000,0.000000
0.3801,12.216582,-0.014818,0.194475,-1.361357,-0.030289,-0.136103,1,8.026385,224,-0.042182,0.260659,12.216582,-0.089431,7.946134,0.194475,12.216522,8.036182,0.194475,-0.014818,-1.361357,0.012689,-0.478477,-41.652303,0.090048,-0.002000,0.000743,0.001990,-0.002029,0.000743,-0.042182,0.260659,-9.806446,0.006785,-0.010582,-1.363357,-2.974270,-0.013818,27.000000,0.013045,12.216522,-0.089431,-0.013806,-1.361357,0.090000,-0.002000,36,0,1,34,33,0.002929,-0.027055,-1.168633,1.011563,0.408882,10.244007,1.738119,-0.013818,-0.004694,7,1,0,0.000000,0,8.026385,0.000000,-0.030289,0,-0.070395,0.000000,-0.136103,8.026385,-0.070395,1,1,1,4.300300,0.000000,0.000000,0.000000,0.000000,0.000000,0.000000,0.000000
0.3901,12.206545,-0.027561,0.164394,-1.361357,-0.034180,-0.126481,1,8.026385,234,-0.045197,0.260708,12.206545,-0.102730,7.947671,0.164394,12.206455,8.037398,0.164394,-0.027561,-1.361357,0.012793,-0.478477,-41.652303,0.089726,0.000000,0.000526,0.002019,-0.002547,0.000526,-0.045197,0.260708,-9.806431,0.019429,-0.021128,-1.361357,-2.985801,-0.013649,27.000000,0.013045,12.206455,-0.102730,-0.026845,-1.361357,0.090000,0.000000,41,0,1,34,33,0.011475,-0.041621,-1.196529,0.313843,-0.440051,9.258839,1.726588,-0.013649,-0.005338,7,1,0,0.000000,0,8.026385,0.000000,-0.034180,0,-0.084415,0.000000,-0.126481,8.026385,-0.084415,1,1,1,4.294411,0.000000,0.000000,0.000000,0.000000,0.000000,0.000000,0.000000
0.4001,12.197100,-0.041219,0.143736,-1.361357,-0.033097,-0.106428,1,8.026385,244,-0.048922,0.259156,12.197100,-0.093515,7.948281,0.143736,12.196963,8.038320,0.143736,-0.041219,-1.361357,0.012575,-0.478477,-41.652303,0.090039,0.001000,0.000981,0.001998,-0.002208,0.000981,-0.048922,0.259156,-9.806454,0.019416,-0.041265,-1.360357,-2.998542,-0.013617,27.000000,0.013045,12.196963,-0.093515,-0.039883,-1.361357,0.090000,0.001000,46,0,1,34,33,0.005085,-0.060616,-1.215955,1.135863,0.408949,10.244089,1.713847,-0.013617,-0.006072,7,1,0,0.000000,0,8.026385,0.000000,-0.033097,0,-0.097467,0.000000,-0.106428,8.026385,-0.097467,1,1,1,4.288918,0.000000,0.000000,0.000000,0.000000,0.000000,0.000000,0.000000
0.4101,12.193004,-0.052095,0.007291,-1.151917,-0.016723,-0.122423,1,8.026385,254,-0.052932,0.260530,12.193004,-0.040317,7.947879,0.007291,12.192936,8.037725,0.007291,-0.052095,-1.151917,0.012751,-0.478477,-41.652303,0.089846,-0.001000,0.000614,0.001987,-0.000464,0.000614,-0.052932,0.260530,-9.806397,0.017617,-0.016569,-1.152917,-3.010019,-0.013492,27.000000,0.013045,12.192936,-0.040317,-0.051388,-1.151917,0.090000,-0.001000,51,0,1,34,33,0.011484,-0.035890,-1.145262,0.991463,0.064859,9.446192,1.702370,-0.013492,-0.006772,6,1,0,0.000000,0,8.026385,0.000000,-0.016723,0,-0.109170,0.000000,-0.122423,8.026385,-0.109170,1,1,1,4.286769,0.000000,0.000000,0.000000,0.000000,0.000000,0.000000,0.000000
0.4201,12.193518,-0.063349,0.018080,-1.151917,-0.025595,-0.102325,1,8.026385,8,-0.052745,0.260753,12.193518,0.004503,7.948480,0.018080,12.193511,8.037968,0.018080,-0.063349,-1.151917,0.012856,-0.478477,-41.652303,0.089488,0.000000,0.000395,0.001999,0.000059,0.000395,-0.052745,0.260753,-9.806392,-0.021266,0.019956,-1.151917,-3.021028,-0.013334,27.000000,0.013045,12.193511,0.004503,-0.062893,-1.151917,0.090000,0.000000,56,0,1,34,33,-0.014178,0.010907,-1.134071,0.085268,-0.255887,9.825195,1.691361,-0.013334,-0.007049,7,1,0,0.000000,0,8.026385,0.000000,-0.025595,0,-0.119438,0.000000,-0.102325,8.026385,-0.119438,1,1,1,4.286633,0.000000,0.000000,0.000000,0.000000,0.000000,0.000000,0.000000
0.4301,12.194267,-0.073753,0.018668,-1.151917,-0.004395,-0.094038,1,8.026385,18,-0.053814,0.259485,12.194267,0.008692,7.946661,0.018668,12.194278,8.036404,0.018668,-0.073753,-1.151917,0.012676,-0.478477,-41.652303,0.089742,-0.004000,0.000772,0.001996,0.000594,0.000772,-0.053814,0.259485,-9.806420,0.021255,-0.022753,-1.155917,-3.032999,-0.013303,27.000000,0.013045,12.194278,0.008692,-0.072864,-1.151917,0.090000,-0.004000,61,0,1,34,33,0.013628,-0.042409,-1.136803,0.779932,0.239453,9.237260,1.679390,-0.013303,-0.007421,7,1,0,0.000000,0,8.026385,0.000000,-0.004395,0,-0.128331,0.000000,-0.094038,8.026385,-0.128331,1,1,1,4.286496,0.000000,0.000000,0.000000,0.000000,0.000000,0.000000,0.000000
0.4401,12.193947,-0.083332,-0.090496,-1.047198,-0.002441,-0.082974,1,8.026385,28,-0.053448,0.260747,12.193947,-0.001466,7.945414,-0.090496,12.193991,8.034937,-0.090496,-0.083332,-1.047198,0.012818,-0.478477,-41.652303,0.089523,-0.003000,0.000475,0.001983,-0.000006,0.000475,-0.053448,0.260747,-9.806388,-0.001081,0.006380,-1.050198,-3.044043,-0.013219,27.000000,0.013045,12.193991,-0.001466,-0.082835,-1.047198,0.090000,-0.003000,66,0,1,34,33,0.000783,-0.008198,-1.140682,-0.153585,-0.369816,9.747333,1.668346,-0.013219,-0.007643,7,1,0,0.000000,0,8.026385,0.000000,-0.002441,0,-0.135728,0.000000,-0.082974,8.026385,-0.135728,1,1,1,4.286373,0.000000,0.000000,0.000000,0.000000,0.000000,0.000000,0.000000
0.4501,12.193953,-0.092243,-0.175497,-0.942478,0.006479,-0.069426,1,8.026385,38,-0.054169,0.262683,12.193953,0.001466,7.943725,-0.175497,12.193991,8.032972,-0.175497,-0.092243,-0.942478,0.012942,-0.478477,-41.652303,0.089247,0.003000,0.000216,0.002011,0.000444,0.000216,-0.054169,0.262683,-9.806333,-0.035443,0.002502,-0.939478,-3.054920,-0.013216,27.000000,0.013045,12.193991,0.001466,-0.092039,-0.942478,0.090000,0.003000,71,0,1,34,33,-0.033370,-0.002225,-1.115039,0.390407,0.256382,10.175077,1.657469,-0.013216,-0.007966,7,1,0,0.000000,0,8.026385,0.000000,0.006479,0,-0.141691,0.000000,-0.069426,8.026385,-0.141691,1,1,1,4.286256,0.000000,0.000000,0.000000,0.000000,0.000000,0.000000,0.000000
0.4601,12.195357,-0.101726,-0.144782,-0.942478,0.009165,-0.043441,1,8.026385,48,-0.053612,0.263785,12.195357,0.012776,7.941556,-0.144782,12.195429,8.031111,-0.144782,-0.101726,-0.942478,0.012800,-0.478477,-41.652303,0.089555,0.006000,0.000513,0.002152,0.000503,0.000513,-0.053612,0.263785,-9.806306,-0.014112,-0.010001,-0.936478,-3.066266,-0.013399,27.000000,0.013045,12.195429,0.012776,-0.101243,-0.942478,0.090000,0.006000,76,0,1,34,33,-0.016264,-0.019725,-1.081096,-0.250024,-0.554509,9.209471,1.646123,-0.013399,-0.008168,7,1,0,0.000000,0,8.026385,0.000000,0.009165,0,-0.146553,0.000000,-0.043441,8.026385,-0.146553,1,1,1,4.286137,0.000000,0.000000,0.000000,0.000000,0.000000,0.000000,0.000000
0.4701,12.197089,-0.109959,-0.203919,-0.837758,0.014847,-0.037781,1,8.026385,58,-0.055333,0.265699,12.197089,0.018850,7.939711,-0.203919,12.197155,8.029086,-0.203919,-0.109959,-0.837758,0.012885,-0.478477,-41.652303,0.089375,0.005000,0.000334,0.002013,0.000578,0.000334,-0.055333,0.265699,-9.806245,0.000649,-0.015839,-0.832758,-3.076526,-0.013420,27.000000,0.013045,12.197155,0.018850,-0.109679,-0.837758,0.090000,0.005000,81,0,1,34,33,-0.003434,-0.028832,-1.036392,0.238395,0.073090,10.297553,1.635863,-0.013420,-0.008580,7,1,0,0.000000,0,8.026385,0.000000,0.014847,0,-0.150464,0.000000,-0.037781,8.026385,-0.150464,1,1,1,4.286040,0.000000,0.000000,0.000000,0.000000,0.000000,0.000000,0.000000
0.4801,12.200084,-0.117098,-0.042715,-0.837758,0.025938,-0.027020,1,8.026385,68,-0.056747,0.263833,12.200084,0.032149,7.936757,-0.042715,12.200127,8.026474,-0.042715,-0.117098,-0.837758,0.012751,-0.478477,-41.652303,0.089717,0.000000,0.000615,0.002005,0.000825,0.000615,-0.056747,0.263833,-9.806287,0.008682,0.003996,-0.837758,-3.086278,-0.013287,27.000000,0.013045,12.200127,0.032149,-0.116582,-0.837758,0.090000,0.000000,86,0,1,34,33,0.009399,-0.009495,-0.880423,0.121378,0.120820,9.522752,1.626111,-0.013287,-0.008888,7,1,0,0.000000,0,8.026385,0.000000,0.025938,0,-0.153103,0.000000,-0.027020,8.026385,-0.153103,1,1,1,4.285953,0.000000,0.000000,0.000000,0.000000,0.000000,0.000000,0.000000
0.4901,12.202865,-0.122516,-0.143277,-0.628319,0.035490,-0.023787,1,8.026385,78,-0.057762,0.262088,12.202865,0.034243,7.933774,-0.143277,12.203003,8.023502,-0.143277,-0.122516,-0.628319,0.012615,-0.478477,-41.652303,0.089727,-0.002000,0.000898,0.002029,0.000812,0.000898,-0.057762,0.262088,-9.806328,0.000659,0.009958,-0.630319,-3.094669,-0.013185,27.000000,0.013045,12.203003,0.034243,-0.121951,-0.628319,0.090000,-0.002000,91,0,1,34,33,0.003017,-0.000247,-0.773654,0.419051,0.124768,9.991936,1.617720,-0.013185,-0.009110,7,1,0,0.000000,0,8.026385,0.000000,0.035490,0,-0.154502,0.000000,-0.023787,8.026385,-0.154502,1,1,1,4.285885,0.000000,0.000000,0.000000,0.000000,0.000000,0.000000,0.000000
0.5001,12.207641,-0.127521,-0.144564,-0.523599,0.026708,-0.010472,1,8.026385,88,-0.057374,0.262740,12.207641,0.049532,7.932209,-0.144564,12.207701,8.021757,-0.144564,-0.127521,-0.523599,0.012862,-0.478477,-41.652303,0.089548,-0.003000,0.000383,0.001986,0.001279,0.000383,-0.057374,0.262740,-9.806313,0.023706,0.015063,-0.526599,-3.101417,-0.012963,27.000000,0.013045,12.207701,0.049532,-0.127320,-0.523599,0.090000,-0.003000,96,0,1,34,33,0.026527,0.000597,-0.671226,0.312929,0.496096,10.120013,1.610972,-0.012963,-0.009208,7,1,0,0.000000,0,8.026385,0.000000,0.026708,0,-0.155049,0.000000,-0.010472,8.026385,-0.155049,1,1,1,4.285843,0.000000,0.000000,0.000000,0.000000,0.000000,0.000000,0.000000
0.5101,12.216446,-0.129792,-0.234948,-0.314159,0.055377,-0.028930,1,8.026385,98,-0.059585,0.259033,12.216446,0.091525,7.928253,-0.234948,12.216522,8.017913,-0.234948,-0.129792,-0.314159,0.012784,-0.478477,-41.652303,0.089660,0.001000,0.000544,0.001955,0.002656,0.000544,-0.059585,0.259033,-9.806399,0.028167,-0.013876,-0.313159,-3.107533,-0.012616,27.000000,0.013045,12.216522,0.091525,-0.129621,-0.314159,0.090000,0.001000,101,0,1,34,33,0.024457,-0.026697,-0.547811,-0.088785,0.035121,9.483472,1.604856,-0.012616,-0.009441,6,1,0,0.000000,0,8.026385,0.000000,0.055377,0,-0.155143,0.000000,-0.028930,8.026385,-0.155143,1,1,1,4.285828,0.000000,0.000000,0.000000,0.000000,0.000000,0.000000,0.000000
0.5201,12.230200,-0.131270,-0.244727,-0.209440,0.057715,-0.033021,1,8.026385,108,-0.059740,0.257551,12.230200,0.149854,7.924900,-0.244727,12.230328,8.014516,-0.244727,-0.131270,-0.209440,0.012783,-0.478477,-41.652303,0.089616,0.001000,0.000547,0.002013,0.003865,0.000547,-0.059740,0.257551,-9.806437,-0.020819,0.020949,-0.208440,-3.112407,-0.012451,27.000000,0.013045,12.230328,0.149854,-0.131155,-0.209440,0.090000,0.001000,106,0,1,34,33,-0.016121,0.018952,-0.453446,-0.317695,0.474983,10.253377,1.599982,-0.012451,-0.009475,7,1,0,0.000000,0,8.026385,0.000000,0.057715,0,-0.155147,0.000000,-0.033021,8.026385,-0.155147,1,1,1,4.285859,0.000000,0.000000,0.000000,0.000000,0.000000,0.000000,0.000000
0.5301,12.247107,-0.132756,-0.302166,-0.104720,0.057265,-0.029919,1,8.026385,118,-0.060497,0.259180,12.247107,0.175406,7.922123,-0.302166,12.247298,8.011722,-0.302166,-0.132756,-0.104720,0.012739,-0.478477,-41.652303,0.089599,0.000000,0.000640,0.002013,0.004589,0.000640,-0.060497,0.259180,-9.806389,-0.023791,-0.006684,-0.104720,-3.116689,-0.012636,27.000000,0.013045,12.247298,0.175406,-0.132689,-0.104720,0.090000,0.000000,111,0,1,34,33,-0.024618,-0.007340,-0.406825,-0.146413,-0.123811,9.185154,1.595700,-0.012636,-0.009611,7,1,0,0.000000,0,8.026385,0.000000,0.057265,0,-0.155147,0.000000,-0.029919,8.026385,-0.155147,1,1,1,4.285956,0.000000,0.000000,0.000000,0.000000,0.000000,0.000000,0.000000
0.5401,12.265205,-0.135204,-0.176202,-0.314159,0.051701,-0.015409,1,8.026385,128,-0.056890,0.260976,12.265205,0.180537,7.920163,-0.176202,12.265322,8.009857,-0.176202,-0.135204,-0.314159,0.012719,-0.478477,-41.652303,0.089695,0.000000,0.000681,0.002017,0.003069,0.000681,-0.056890,0.260976,-9.806363,-0.034641,0.070076,-0.314159,-3.120999,-0.012863,27.000000,0.013045,12.265322,0.180537,-0.134990,-0.314159,0.090000,0.000000,116,0,1,34,33,-0.022588,0.068593,-0.491274,-1.024197,0.215723,10.307735,1.591390,-0.012863,-0.009333,7,1,0,0.000000,0,8.026385,0.000000,0.051701,0,-0.155147,0.000000,-0.015409,8.026385,-0.155147,1,1,1,4.295456,0.000000,0.000000,0.000000,0.000000,0.000000,0.000000,0.000000
0.5501,12.268189,-0.139929,-0.007198,-0.523599,0.040363,0.016815,1,8.026385,138,-0.045013,0.263552,12.268189,0.079273,7.919376,-0.007198,12.268199,8.009249,-0.007198,-0.139929,-0.523599,0.012737,-0.478477,-41.652303,0.089873,0.000000,0.000644,0.002031,0.000124,0.000644,-0.045013,0.263552,-9.806356,-0.062348,0.071157,-0.523599,-3.126319,-0.013229,27.000000,0.013045,12.268199,0.079273,-0.139592,-0.523599,0.090000,0.000000,121,0,1,34,33,-0.050355,0.073326,-0.531774,-1.587967,-0.304007,9.775771,1.586070,-0.013229,-0.008291,6,1,0,0.000000,0,8.026385,0.000000,0.040363,0,-0.155147,0.000000,0.016815,8.026385,-0.155147,1,1,1,4.297634,0.000000,0.000000,0.000000,0.000000,0.000000,0.000000,0.000000
0.5601,12.262231,-0.143813,0.216213,-0.523599,0.037062,0.016172,1,8.026385,148,-0.047369,0.264397,12.262231,-0.029112,7.918990,0.216213,12.262159,8.009016,0.216213,-0.143813,-0.523599,0.012692,-0.478477,-41.652303,0.090026,0.003000,0.000737,0.002017,-0.000699,0.000737,-0.047369,0.264397,-9.806322,0.029917,-0.084404,-0.520599,-3.130439,-0.013293,27.000000,0.013045,12.262159,-0.029112,-0.143427,-0.523599,0.090000,0.003000,126,0,1,34,33,0.016059,-0.091953,-0.303243,-0.038403,-0.399972,9.871520,1.581950,-0.013293,-0.008642,7,1,0,0.000000,0,8.026385,0.000000,0.037062,0,-0.155147,0.000000,0.016172,8.026385,-0.155147,1,1,1,4.297794,0.000000,0.000000,0.000000,0.000000,0.000000,0.000000,0.000000
0.5701,12.263124,-0.147504,0.149879,-0.314159,0.018365,0.021619,1,8.026385,158,-0.050512,0.266339,12.263124,0.005550,7.920384,0.149879,12.263021,8.010381,0.149879,-0.147504,-0.314159,0.012677,-0.478477,-41.652303,0.089997,0.013000,0.000770,0.002002,-0.000329,0.000770,-0.050512,0.266339,-9.806254,0.002315,-0.021481,-0.301159,-3.132771,-0.013425,27.000000,0.013045,12.263021,0.005550,-0.147262,-0.314159,0.090000,0.013000,131,0,1,34,33,-0.001045,-0.023497,-0.150994,0.229142,-0.295471,9.939736,1.579618,-0.013425,-0.009084,6,1,0,0.000000,0,8.026385,0.000000,0.018365,0,-0.155147,0.000000,0.021619,8.026385,-0.155147,1,1,1,4.297944,0.000000,0.000000,0.000000,0.000000,0.000000,0.000000,0.000000
0.5801,12.263111,-0.149721,0.216143,-0.209440,0.011840,0.011325,1,8.026385,168,-0.050711,0.264189,12.263111,0.000419,7.922080,0.216143,12.262926,8.012061,0.216143,-0.149721,-0.209440,0.012683,-0.478477,-41.652303,0.089981,0.007000,0.000757,0.001952,-0.000587,0.000757,-0.050711,0.264189,-9.806311,0.061621,0.013834,-0.202440,-3.133306,-0.013179,27.000000,0.013045,12.262926,0.000419,-0.149563,-0.209440,0.090000,0.007000,136,0,1,34,33,0.063012,0.004421,0.013648,-0.250981,-0.126577,9.405179,1.579083,-0.013179,-0.009129,7,1,0,0.000000,0,8.026385,0.000000,0.011840,0,-0.155147,0.000000,0.011325,8.026385,-0.155147,1,1,1,4.298089,0.000000,0.000000,0.000000,0.000000,0.000000,0.000000,0.000000
0.5901,12.262493,-0.148796,0.198153,0.000000,0.025316,-0.021958,1,8.026385,178,-0.052435,0.255184,12.262493,-0.004503,7.922375,0.198153,12.262350,8.012339,0.198153,-0.148796,0.000000,0.012652,-0.478477,-41.652303,0.089965,-0.010000,0.000822,0.002000,-0.000531,0.000822,-0.052435,0.255184,-9.806540,0.067120,-0.007093,-0.010000,-3.132099,-0.012284,27.000000,0.013045,12.262350,-0.004503,-0.148796,0.000000,0.090000,-0.010000,141,0,1,34,33,0.065219,-0.014993,0.188357,-0.328452,0.866311,10.314726,1.580290,-0.012284,-0.009143,7,1,0,0.000000,0,8.026385,0.000000,0.025316,0,-0.155147,0.000000,-0.021958,8.026385,-0.155147,1,1,1,4.298233,0.000000,0.000000,0.000000,0.000000,0.000000,0.000000,0.000000
0.6001,12.262671,-0.147262,0.280292,0.000000,0.018338,-0.031111,1,8.026385,188,-0.055365,0.253708,12.262671,0.001466,7.923149,0.280292,12.262446,8.013152,0.280292,-0.147262,0.000000,0.012639,-0.478477,-41.652303,0.090003,-0.018000,0.000849,0.002002,-0.000250,0.000849,-0.055365,0.253708,-9.806562,-0.024708,-0.041025,-0.018000,-3.129755,-0.012119,27.000000,0.013045,12.262446,0.001466,-0.147262,0.000000,0.090000,-0.018000,146,0,1,34,33,-0.030798,-0.033357,0.262734,-0.328422,-0.320114,8.809816,1.582634,-0.012119,-0.009378,7,1,0,0.000000,0,8.026385,0.000000,0.018338,0,-0.155147,0.000000,-0.031111,8.026385,-0.155147,1,1,1,4.298373,0.000000,0.000000,0.000000,0.000000,0.000000,0.000000,0.000000
0.6101,12.262998,-0.146495,0.269852,0.000000,0.002503,-0.024975,1,8.026385,198,-0.057005,0.257390,12.262998,0.004503,7.925145,0.269852,12.262734,8.015149,0.269852,-0.146495,0.000000,0.012600,-0.478477,-41.652303,0.090004,-0.007000,0.000929,0.001980,-0.000477,0.000929,-0.057005,0.257390,-9.806457,-0.041032,-0.019855,-0.007000,-3.126996,-0.012511,27.000000,0.013045,12.262734,0.004503,-0.146495,0.000000,0.090000,-0.007000,151,0,1,34,33,-0.043630,-0.009887,0.262997,-0.279085,0.407481,10.300576,1.585393,-0.012511,-0.009579,7,1,0,0.000000,0,8.026385,0.000000,0.002503,0,-0.155147,0.000000,-0.024975,8.026385,-0.155147,1,1,1,4.298507,0.000000,0.000000,0.000000,0.000000,0.000000,0.000000,0.000000
0.6201,12.263699,-0.145728,0.230686,0.000000,0.004894,-0.026509,1,8.026385,208,-0.056651,0.259831,12.263699,0.004503,7.926617,0.230686,12.263501,8.016614,0.230686,-0.145728,0.000000,0.012614,-0.478477,-41.652303,0.089997,0.006000,0.000900,0.002083,-0.000435,0.000900,-0.056651,0.259831,-9.806395,0.015578,-0.036034,0.006000,-3.124766,-0.012756,27.000000,0.013045,12.263501,0.004503,-0.145728,0.000000,0.090000,0.006000,156,0,1,34,33,0.009754,-0.035037,0.237147,-0.012354,-0.218769,9.136435,1.587623,-0.012756,-0.009561,7,1,0,0.000000,0,8.026385,0.000000,0.004894,0,-0.155147,0.000000,-0.026509,8.026385,-0.155147,1,1,1,4.298638,0.000000,0.000000,0.000000,0.000000,0.000000,0.000000,0.000000
0.6301,12.263086,-0.144194,0.251636,0.000000,0.009073,-0.036439,1,8.026385,218,-0.059032,0.262663,12.263086,-0.002513,7.927482,0.251636,12.263021,8.017486,0.251636,-0.144194,0.000000,0.012927,-0.478477,-41.652303,0.090004,0.013000,0.000246,0.001991,-0.000786,0.000246,-0.059032,0.262663,-9.806305,-0.011193,-0.030374,0.013000,-3.122362,-0.012709,27.000000,0.013045,12.263021,-0.002513,-0.144194,0.000000,0.090000,0.013000,161,0,1,34,33,-0.015864,-0.024794,0.264979,-0.000992,-0.452728,9.497767,1.590027,-0.012709,-0.009803,7,1,0,0.000000,0,8.026385,0.000000,0.009073,0,-0.155080,0.000000,-0.036439,8.026385,-0.155080,1,1,1,4.298756,0.000000,0.000000,0.000000,0.000000,0.000000,0.000000,0.000000
0.6401,12.262545,-0.142660,0.266132,0.000000,0.004511,-0.034558,1,8.026385,228,-0.060587,0.266445,12.262545,-0.003560,7.928596,0.266132,12.262446,8.018594,0.266132,-0.142660,0.000000,0.012867,-0.478477,-41.652303,0.089997,0.003000,0.000373,0.002001,-0.000616,0.000373,-0.060587,0.266445,-9.806194,-0.050746,-0.026224,0.003000,-3.119726,-0.013143,27.000000,0.013045,12.262446,-0.003560,-0.142660,0.000000,0.090000,0.003000,166,0,1,34,33,-0.054297,-0.014277,0.269338,0.573281,0.156972,10.490022,1.592663,-0.013143,-0.009976,7,1,0,0.000000,0,8.026385,0.000000,0.004511,0,-0.154612,0.000000,-0.034558,8.026385,-0.154612,1,1,1,4.298878,0.000000,0.000000,0.000000,0.000000,0.000000,0.000000,0.000000
0.6501,12.262972,-0.141893,0.280574,0.000000,-0.007373,-0.017871,1,8.026385,238,-0.059873,0.270548,12.262972,0.004503,7.930542,0.280574,12.262830,8.020507,0.280574,-0.141893,0.000000,0.012811,-0.478477,-41.652303,0.089965,-0.009000,0.000489,0.001975,-0.000558,0.000489,-0.059873,0.270548,-9.806086,0.002293,-0.006659,-0.009000,-3.117049,-0.013631,27.000000,0.013045,12.262830,0.004503,-0.141893,0.000000,0.090000,-0.009000,171,0,1,34,33,0.001193,-0.003461,0.271641,0.125000,-0.912106,9.531515,1.595340,-0.013631,-0.009943,6,1,0,0.000000,0,8.026385,0.000000,-0.007373,0,-0.153342,0.000000,-0.017871,8.026385,-0.153342,1,1,1,4.298994,0.000000,0.000000,0.000000,0.000000,0.000000,0.000000,0.000000
0.6601,12.263077,-0.140359,0.263994,0.000000,-0.001587,-0.011668,1,8.026385,248,-0.059941,0.268074,12.263077,0.002513,7.931641,0.263994,12.262926,8.021619,0.263994,-0.140359,0.000000,0.012761,-0.478477,-41.652303,0.089978,-0.011000,0.000594,0.002027,-0.000541,0.000594,-0.059941,0.268074,-9.806153,0.042589,0.024434,-0.011000,-3.114402,-0.013446,27.000000,0.013045,12.262926,0.002513,-0.140359,0.000000,0.090000,-0.011000,176,0,1,34,33,0.045989,0.020429,0.252754,0.526529,-0.412648,10.149302,1.597987,-0.013446,-0.009874,7,1,0,0.000000,0,8.026385,0.000000,-0.001587,0,-0.150872,0.000000,-0.011668,8.026385,-0.150872,1,1,1,4.299107,0.000000,0.000000,0.000000,0.000000,0.000000,0.000000,0.000000
0.6701,12.262709,-0.137978,0.227100,0.104720,0.001749,-0.002294,1,8.026385,2,-0.061855,0.260837,12.262709,-0.003560,7.932307,0.227100,12.262542,8.022267,0.227100,-0.137978,0.104720,0.012679,-0.478477,-41.652303,0.089961,-0.001000,0.000764,0.001987,-0.000525,0.000764,-0.061855,0.260837,-9.806337,0.069266,-0.018467,0.103720,-3.111370,-0.012793,27.000000,0.013045,12.262542,-0.003560,-0.138058,0.104720,0.090000,-0.001000,181,0,1,34,33,0.065272,-0.025441,0.331169,0.399059,0.043885,9.570011,1.601019,-0.012793,-0.009903,7,1,0,0.000000,0,8.026385,0.000000,0.001749,0,-0.146930,0.000000,-0.002294,8.026385,-0.146930,1,1,1,4.299215,0.000000,0.000000,0.000000,0.000000,0.000000,0.000000,0.000000
0.6801,12.262089,-0.135598,0.163381,0.209440,-0.006872,0.018840,1,8.026385,12,-0.063595,0.256513,12.262089,-0.001466,7.933574,0.163381,12.261967,8.023526,0.163381,-0.135598,0.209440,0.012682,-0.478477,-41.652303,0.089952,0.008000,0.000759,0.001981,-0.000396,0.000759,-0.063595,0.256513,-9.806440,0.024834,0.013937,0.217440,-3.107729,-0.012353,27.000000,0.013045,12.261967,-0.001466,-0.135757,0.209440,0.090000,0.008000,186,0,1,34,33,0.026821,0.014399,0.380669,0.885690,0.886560,10.277436,1.604660,-0.012353,-0.009959,7,1,0,0.000000,0,8.026385,0.000000,-0.006872,0,-0.141488,0.000000,0.018840,8.026385,-0.141488,1,1,1,4.299315,0.000000,0.000000,0.000000,0.000000,0.000000,0.000000,0.000000
0.6901,12.262588,-0.131561,0.049174,0.418879,0.003075,0.023077,1,8.026385,22,-0.060677,0.254006,12.262588,0.004503,7.933944,0.049174,12.262542,8.023747,0.049174,-0.131561,0.418879,0.012632,-0.478477,-41.652303,0.089803,0.007000,0.000863,0.001988,-0.000164,0.000863,-0.060677,0.254006,-9.806523,0.009668,0.026256,0.425879,-3.103467,-0.012228,27.000000,0.013045,12.262542,0.004503,-0.131922,0.418879,0.090000,0.007000,191,0,1,34,33,0.014024,0.030210,0.474709,0.387929,0.323886,9.352698,1.608922,-0.012228,-0.009529,6,1,0,0.000000,0,8.026385,0.000000,0.003075,0,-0.134546,0.000000,0.023077,8.026385,-0.134546,1,1,1,4.299414,0.000000,0.000000,0.000000,0.000000,0.000000,0.000000,0.000000
0.7001,12.262083,-0.127206,-0.011574,0.523599,0.001138,0.043076,1,8.026385,32,-0.056266,0.255820,12.262083,-0.004503,7.934023,-0.011574,12.262063,8.024092,-0.011574,-0.127206,0.523599,0.012941,-0.478477,-41.652303,0.090069,0.000000,0.000218,0.002001,-0.000277,0.000218,-0.056266,0.255820,-9.806502,-0.020757,0.050077,0.523599,-3.098760,-0.012202,27.000000,0.013045,12.262063,-0.004503,-0.127320,0.523599,0.090000,0.000000,196,0,1,34,33,-0.011611,0.059571,0.511297,-0.280011,-0.275696,9.087836,1.613629,-0.012202,-0.008998,7,1,0,0.000000,0,8.026385,0.000000,0.001138,0,-0.126104,0.000000,0.043076,8.026385,-0.126104,1,1,1,4.299504,0.000000,0.000000,0.000000,0.000000,0.000000,0.000000,0.000000
0.7101,12.262372,-0.121753,0.078693,0.523599,0.003673,0.056065,1,8.026385,42,-0.052227,0.256400,12.262372,0.003560,7.934118,0.078693,12.262350,8.024168,0.078693,-0.121753,0.523599,0.012863,-0.478477,-41.652303,0.090050,-0.008000,0.000380,0.001983,0.000080,0.000380,-0.052227,0.256400,-9.806510,-0.020278,0.010983,0.515599,-3.093227,-0.012436,27.000000,0.013045,12.262350,0.003560,-0.121951,0.523599,0.090000,-0.008000,0,0,1,34,33,-0.017951,0.022119,0.594056,0.466674,0.351571,10.214366,1.619162,-0.012436,-0.008460,7,1,0,0.000000,0,8.026385,0.000000,0.003673,0,-0.116162,0.000000,0.056065,8.026385,-0.116162,1,1,1,4.299600,0.000000,0.000000,0.000000,0.000000,0.000000,0.000000,0.000000
0.7201,12.262623,-0.114740,0.065933,0.628319,0.010463,0.064336,1,8.026385,52,-0.049302,0.255852,12.262623,0.003560,7.933651,0.065933,12.262542,8.023665,0.065933,-0.114740,0.628319,0.012810,-0.478477,-41.652303,0.090015,-0.006000,0.000491,0.002017,-0.000418,0.000491,-0.049302,0.255852,-9.806539,0.010756,0.018778,0.622319,-3.086713,-0.012527,27.000000,0.013045,12.262542,0.003560,-0.115048,0.628319,0.090000,-0.006000,5,0,1,34,33,0.014092,0.025238,0.687985,-0.641210,-0.388967,9.727682,1.625676,-0.012527,-0.007979,7,1,0,0.000000,0,8.026385,0.000000,0.010463,0,-0.104720,0.000000,0.064336,8.026385,-0.104720,1,1,1,4.299698,0.000000,0.000000,0.000000,0.000000,0.000000,0.000000,0.000000
0.7301,12.262546,-0.106153,0.015381,0.733038,0.021502,0.072303,1,8.026385,62,-0.047869,0.253758,12.262546,0.001466,7.932477,0.015381,12.262542,8.022327,0.015381,-0.106153,0.733038,0.012746,-0.478477,-41.652303,0.089850,0.000000,0.000625,0.001986,0.000385,0.000625,-0.047869,0.253758,-9.806601,-0.003348,0.034116,0.733038,-3.079463,-0.012462,27.000000,0.013045,12.262542,0.001466,-0.106612,0.733038,0.090000,0.000000,10,0,1,34,33,0.003417,0.043646,0.747924,0.150539,0.118715,9.695017,1.632926,-0.012462,-0.007594,6,1,0,0.000000,0,8.026385,0.000000,0.021502,0,-0.091778,0.000000,0.072303,8.026385,-0.091778,1,1,1,4.299798,0.000000,0.000000,0.000000,0.000000,0.000000,0.000000,0.000000
0.7401,12.262560,-0.097549,0.027556,0.837758,0.011505,0.098804,1,8.026385,72,-0.046327,0.252910,12.262560,0.002513,7.932171,0.027556,12.262542,8.022045,0.027556,-0.097549,0.837758,0.012688,-0.478477,-41.652303,0.089873,0.006000,0.000747,0.001975,-0.000007,0.000747,-0.046327,0.252910,-9.806630,-0.004710,-0.002142,0.843758,-3.071139,-0.012514,27.000000,0.013045,12.262542,0.002513,-0.098175,0.837758,0.090000,0.006000,15,0,1,34,33,-0.005049,0.009923,0.871258,0.084414,-0.205014,9.576876,1.641250,-0.012514,-0.007212,6,1,0,0.000000,0,8.026385,0.000000,0.011505,0,-0.077336,0.000000,0.098804,8.026385,-0.077336,1,1,1,4.299900,0.000000,0.000000,0.000000,0.000000,0.000000,0.000000,0.000000
0.7501,12.263004,-0.086205,-0.039004,1.047198,0.036536,0.095601,1,8.026385,82,-0.044440,0.255764,12.263004,0.006597,7.929619,-0.039004,12.263021,8.019723,-0.039004,-0.086205,1.047198,0.012833,-0.478477,-41.652303,0.090104,0.005000,0.000444,0.002024,0.000195,0.000444,-0.044440,0.255764,-9.806565,-0.028582,0.036727,1.052198,-3.062115,-0.012755,27.000000,0.013045,12.263021,0.006597,-0.086670,1.047198,0.090000,0.005000,20,0,1,34,33,-0.019998,0.055021,1.012571,0.190233,-0.292546,9.700480,1.650274,-0.012755,-0.006759,7,1,0,0.000000,0,8.026385,0.000000,0.036536,0,-0.061394,0.000000,0.095601,8.026385,-0.061394,1,1,1,4.300001,0.000000,0.000000,0.000000,0.000000,0.000000,0.000000,0.000000
0.7601,12.263289,-0.074285,0.013873,1.151917,0.018959,0.115671,1,8.026385,92,-0.039000,0.254830,12.263289,0.001466,7.929279,0.013873,12.263309,8.019254,0.013873,-0.074285,1.151917,0.012679,-0.478477,-41.652303,0.089975,0.001000,0.000764,0.001875,0.000050,0.000764,-0.039000,0.254830,-9.806612,-0.014036,0.038180,1.152917,-3.050658,-0.012933,27.000000,0.013045,12.263309,0.001466,-0.075165,1.151917,0.090000,0.001000,25,0,1,34,33,-0.005010,0.055159,1.166185,-0.404447,0.148516,9.580110,1.661731,-0.012933,-0.005893,7,1,0,0.000000,0,8.026385,0.000000,0.018959,0,-0.043970,0.000000,0.115671,8.026385,-0.043970,1,1,1,4.300117,0.000000,0.000000,0.000000,0.000000,0.000000,0.000000,0.000000
0.7701,12.263083,-0.060527,-0.042691,1.361357,0.033416,0.119512,1,8.026385,102,-0.036594,0.255053,12.263083,0.003560,7.927691,-0.042691,12.263117,8.017658,-0.042691,-0.060527,1.361357,0.012753,-0.478477,-41.652303,0.089967,-0.003000,0.000611,0.001960,0.000347,0.000611,-0.036594,0.255053,-9.806616,0.009193,0.022220,1.358357,-3.038493,-0.012976,27.000000,0.013045,12.263117,0.003560,-0.061359,1.361357,0.090000,-0.003000,30,0,1,34,33,0.014265,0.036134,1.315312,-0.131689,-0.674003,10.375937,1.673896,-0.012976,-0.005297,7,1,0,0.000000,0,8.026385,0.000000,0.033416,0,-0.025305,0.000000,0.119512,8.026385,-0.025305,1,1,1,4.300231,0.000000,0.000000,0.000000,0.000000,0.000000,0.000000,0.000000
0.7801,12.263354,-0.044275,-0.071049,1.570796,0.043474,0.109514,1,8.026385,112,-0.032983,0.252908,12.263354,-0.001466,7.925532,-0.071049,12.263405,8.015489,-0.071049,-0.044275,1.570796,0.012747,-0.478477,-41.652303,0.089957,-0.004000,0.000622,0.001856,-0.000199,0.000622,-0.032983,0.252908,-9.806684,0.018762,0.060008,1.566796,-3.024404,-0.012862,27.000000,0.013045,12.263405,-0.001466,-0.045252,1.570796,0.090000,-0.004000,35,0,1,34,33,0.033491,0.072272,1.494947,-0.041742,0.528126,9.832992,1.687985,-0.012862,-0.004500,7,1,0,0.000000,0,8.026385,0.000000,0.043474,0,-0.005798,0.000000,0.109514,8.026385,-0.005798,1,1,1,4.300353,0.000000,0.000000,0.000000,0.000000,0.000000,0.000000,0.000000
0.7901,12.262702,-0.027502,-0.048271,1.675516,0.033578,0.115088,1,8.026385,122,-0.030417,0.250452,12.262702,-0.003560,7.924349,-0.048271,12.262734,8.014507,-0.048271,-0.027502,1.675516,0.012795,-0.478477,-41.652303,0.090159,-0.002000,0.000523,0.002093,0.000139,0.000523,-0.030417,0.250452,-9.806755,0.012816,0.030872,1.673516,-3.008608,-0.012644,27.000000,0.013045,12.262734,-0.003560,-0.028378,1.675516,0.090000,-0.002000,40,0,1,34,33,0.020748,0.047000,1.624777,-0.527120,-0.254213,9.662117,1.703781,-0.012644,-0.003802,7,1,0,0.000000,0,8.026385,0.000000,0.033578,0,0.014153,0.000000,0.115088,8.026385,0.014153,1,1,1,4.300477,0.000000,0.000000,0.000000,0.000000,0.000000,0.000000,0.000000
0.8001,12.263212,-0.009951,-0.003942,1.675516,0.036393,0.112626,1,8.026385,132,-0.027332,0.250119,12.263212,0.004503,7.922994,-0.003942,12.263213,8.013454,-0.003942,-0.009951,1.675516,0.012820,-0.478477,-41.652303,0.090461,0.003000,0.000470,0.002001,0.000107,0.000470,-0.027332,0.250119,-9.806773,-0.025743,0.031505,1.678516,-2.992106,-0.012650,27.000000,0.013045,12.263213,0.004503,-0.010738,1.675516,0.090000,0.003000,45,0,1,34,33,-0.015538,0.059065,1.673955,0.111671,0.215610,9.590691,1.720283,-0.012650,-0.003040,8,1,0,0.000000,0,8.026385,0.000000,0.036393,0,0.034147,0.000000,0.112626,8.026385,0.034147,1,1,1,4.300603,0.000000,0.000000,0.000000,0.000000,0.000000,0.000000,0.000000
0.8101,12.263050,0.006765,0.092309,1.675516,0.020806,0.123255,1,8.026385,142,-0.022078,0.251451,12.263050,-0.004503,7.923343,0.092309,12.263021,8.013876,0.092309,0.006765,1.675516,0.012865,-0.478477,-41.652303,0.090533,0.005000,0.000375,0.001984,-0.000511,0.000375,-0.022078,0.251451,-9.806752,-0.029429,0.034003,1.680516,-2.974963,-0.012784,27.000000,0.013045,12.263021,-0.004503,0.006136,1.675516,0.090000,0.005000,50,0,1,34,33,-0.017650,0.064166,1.772146,-0.641730,0.018191,10.057168,1.737426,-0.012784,-0.002077,7,1,0,0.000000,0,8.026385,0.000000,0.020806,0,0.053785,0.000000,0.123255,8.026385,0.053785,1,1,1,4.300731,0.000000,0.000000,0.000000,0.000000,0.000000,0.000000,0.000000
0.8201,12.263178,0.024503,0.040212,1.780236,0.024150,0.107745,1,8.026385,152,-0.016789,0.253260,12.263178,0.001466,7.923466,0.040212,12.263117,8.013948,0.040212,0.024503,1.780236,0.012850,-0.478477,-41.652303,0.090482,0.002000,0.000408,0.001987,-0.000183,0.000408,-0.016789,0.253260,-9.806716,-0.035173,0.055232,1.782236,-2.957145,-0.013004,27.000000,0.013045,12.263117,0.001466,0.023777,1.780236,0.090000,0.002000,55,0,1,34,33,-0.015525,0.087026,1.821480,-0.821986,-0.534261,9.869660,1.755244,-0.013004,-0.001078,7,1,0,0.000000,0,8.026385,0.000000,0.024150,0,0.072665,0.000000,0.107745,8.026385,0.072665,1,1,1,4.300859,0.000000,0.000000,0.000000,0.000000,0.000000,0.000000,0.000000
0.8301,12.262987,0.041153,0.215739,1.675516,-0.000470,0.109215,1,8.026385,162,-0.010091,0.254890,12.262987,-0.001466,7.925289,0.215739,12.262926,8.016060,0.215739,0.041153,1.675516,0.012902,-0.478477,-41.652303,0.090771,0.001000,0.000300,0.002008,-0.000431,0.000300,-0.010091,0.254890,-9.806683,-0.017427,0.034337,1.676516,-2.938375,-0.013104,27.000000,0.013045,12.262926,-0.001466,0.040651,1.675516,0.090000,0.001000,60,0,1,34,33,-0.004805,0.062615,1.891605,-0.777644,0.234373,9.580730,1.774014,-0.013104,0.000041,7,1,0,0.000000,0,8.026385,0.000000,-0.000470,0,0.090389,0.000000,0.109215,8.026385,0.090389,1,1,1,4.300982,0.000000,0.000000,0.000000,0.000000,0.000000,0.000000,0.000000
0.8401,12.263233,0.060482,0.145924,1.780236,0.010656,0.061715,1,8.026385,172,-0.007945,0.252051,12.263233,0.002513,7.926870,0.145924,12.263117,8.016893,0.145924,0.060482,1.780236,0.012662,-0.478477,-41.652303,0.090023,0.000000,0.000800,0.001998,-0.000078,0.000800,-0.007945,0.252051,-9.806758,-0.012875,0.026378,1.780236,-2.918209,-0.013036,27.000000,0.013045,12.263117,0.002513,0.059058,1.780236,0.090000,0.000000,65,0,1,34,33,-0.002651,0.053619,1.925635,-0.353761,-0.344420,10.005858,1.794180,-0.013036,0.000745,7,1,0,0.000000,0,8.026385,0.000000,0.010656,0,0.106655,0.000000,0.061715,8.026385,0.106655,1,1,1,4.301109,0.000000,0.000000,0.000000,0.000000,0.000000,0.000000,0.000000
0.8501,12.262917,0.078162,0.205476,1.675516,0.000923,0.057376,1,8.026385,182,-0.006647,0.250788,12.262917,-0.003560,7.928150,0.205476,12.262734,8.018398,0.205476,0.078162,1.675516,0.012627,-0.478477,-41.652303,0.090248,-0.005000,0.000873,0.002005,-0.000649,0.000873,-0.006647,0.250788,-9.806792,0.025457,-0.007416,1.670516,-2.899022,-0.012915,27.000000,0.013045,12.262734,-0.003560,0.076699,1.675516,0.090000,-0.005000,70,0,1,34,33,0.020864,0.007326,1.876049,-0.366635,0.470580,9.832202,1.813367,-0.012915,0.001321,7,1,0,0.000000,0,8.026385,0.000000,0.000923,0,0.121421,0.000000,0.057376,8.026385,0.121421,1,1,1,4.301225,0.000000,0.000000,0.000000,0.000000,0.000000,0.000000,0.000000
0.8601,12.262645,0.094907,0.252112,1.570796,-0.003772,0.044775,1,8.026385,192,-0.011344,0.250613,12.262645,-0.001466,7.929965,0.252112,12.262446,8.020044,0.252112,0.094907,1.570796,0.012639,-0.478477,-41.652303,0.090079,-0.003000,0.000849,0.001924,-0.000100,0.000849,-0.011344,0.250613,-9.806792,0.017306,-0.036807,1.567796,-2.880638,-0.012905,27.000000,0.013045,12.262446,-0.001466,0.093573,1.570796,0.090000,-0.003000,75,0,1,34,33,0.001662,-0.017635,1.820277,0.497431,-0.693277,9.639231,1.831751,-0.012905,0.001270,7,1,0,0.000000,0,8.026385,0.000000,-0.003772,0,0.134687,0.000000,0.044775,8.026385,0.134687,1,1,1,4.301334,0.000000,0.000000,0.000000,0.000000,0.000000,0.000000,0.000000
0.8701,12.263034,0.110682,0.279503,1.466077,-0.010901,0.031452,1,8.026385,202,-0.011628,0.251186,12.263034,0.002513,7.931742,0.279503,12.262830,8.022009,0.279503,0.110682,1.466077,0.012718,-0.478477,-41.652303,0.090267,-0.001000,0.000683,0.002002,-0.000525,0.000683,-0.011628,0.251186,-9.806777,-0.020682,0.013841,1.465077,-2.862899,-0.012864,27.000000,0.013045,12.262830,0.002513,0.109680,1.466077,0.090000,-0.001000,80,0,1,34,33,-0.013366,0.043177,1.744172,0.486648,-0.113538,9.932161,1.849490,-0.012864,0.001650,7,1,0,0.000000,0,8.026385,0.000000,-0.010901,0,0.146453,0.000000,0.031452,8.026385,0.146453,1,1,1,4.301435,0.000000,0.000000,0.000000,0.000000,0.000000,0.000000,0.000000
0.8801,12.262582,0.125231,0.330492,1.361357,-0.023004,0.020139,1,8.026385,212,-0.008066,0.252188,12.262582,-0.003560,7.934388,0.330492,12.262350,8.024655,0.330492,0.125231,1.361357,0.012701,-0.478477,-41.652303,0.090267,0.000000,0.000719,0.002005,-0.000507,0.000719,-0.008066,0.252188,-9.806755,-0.021596,0.040638,1.361357,-2.845698,-0.012910,27.000000,0.013045,12.262350,-0.003560,0.124253,1.361357,0.090000,0.000000,85,0,1,34,33,-0.002735,0.067423,1.691129,-0.190891,-0.355190,10.111131,1.866691,-0.012910,0.002395,7,1,0,0.000000,0,8.026385,0.000000,-0.023004,0,0.156719,0.000000,0.020139,8.026385,0.156719,1,1,1,4.301528,0.000000,0.000000,0.000000,0.000000,0.000000,0.000000,0.000000
0.8901,12.262307,0.139015,0.275177,1.256637,-0.023939,0.002768,1,8.026385,222,-0.003232,0.253060,12.262307,-0.001466,7.936861,0.275177,12.262159,8.026939,0.275177,0.139015,1.256637,0.012681,-0.478477,-41.652303,0.090078,0.000000,0.000761,0.002002,-0.000421,0.000761,-0.003232,0.253060,-9.806735,-0.016392,0.042998,1.256637,-2.829625,-0.012915,27.000000,0.013045,12.262159,-0.001466,0.138058,1.256637,0.090000,0.000000,90,0,1,34,33,0.003625,0.065294,1.531109,-0.249955,-0.234704,9.643353,1.882764,-0.012915,0.003248,7,1,0,0.000000,0,8.026385,0.000000,-0.023939,0,0.165485,0.000000,0.002768,8.026385,0.165485,1,1,1,4.301613,0.000000,0.000000,0.000000,0.000000,0.000000,0.000000,0.000000
0.9001,12.261675,0.150367,0.344584,1.047198,-0.038298,0.003904,1,8.026385,232,-0.001213,0.252431,12.261675,-0.009634,7.939903,0.344584,12.261487,8.030038,0.344584,0.150367,1.047198,0.012678,-0.478477,-41.652303,0.090135,-0.002000,0.000768,0.002000,-0.000927,0.000768,-0.001213,0.252431,-9.806752,0.014545,0.002835,1.045198,-2.815171,-0.012785,27.000000,0.013045,12.261487,-0.009634,0.149563,1.047198,0.090000,-0.002000,95,0,1,34,33,0.014310,0.013773,1.389719,0.455053,0.351312,9.458292,1.897218,-0.012785,0.003733,7,1,0,0.000000,0,8.026385,0.000000,-0.038298,0,0.172751,0.000000,0.003904,8.026385,0.172751,1,1,1,4.301687,0.000000,0.000000,0.000000,0.000000,0.000000,0.000000,0.000000
0.9101,12.260022,0.160043,0.295389,0.942478,-0.045211,-0.002154,1,8.026385,242,-0.000949,0.252679,12.260022,-0.022934,7.942875,0.295389,12.259858,8.033197,0.295389,0.160043,0.942478,0.012787,-0.478477,-41.652303,0.090322,-0.002000,0.000540,0.001990,-0.000621,0.000540,-0.000949,0.252679,-9.806745,0.008052,-0.012723,0.940478,-2.802336,-0.012660,27.000000,0.013045,12.259858,-0.022934,0.159534,0.942478,0.090000,-0.002000,100,0,1,34,33,0.001471,0.000819,1.235958,0.518163,-0.803986,10.087942,1.910053,-0.012660,0.004010,7,1,0,0.000000,0,8.026385,0.000000,-0.045211,0,0.178517,0.000000,-0.002154,8.026385,0.178517,1,1,1,4.301744,0.000000,0.000000,0.000000,0.000000,0.000000,0.000000,0.000000
0.9201,12.251050,0.168301,0.255472,0.837758,-0.050725,-0.010955,1,8.026385,252,0.001805,0.252363,12.251050,-0.084299,7.945882,0.255472,12.250941,8.036289,0.255472,0.168301,0.837758,0.012857,-0.478477,-41.652303,0.090407,-0.001000,0.000394,0.001992,-0.002582,0.000394,0.001805,0.252363,-9.806753,-0.008051,0.045816,0.836758,-2.790983,-0.012477,27.000000,0.013045,12.250941,-0.084299,0.167971,0.837758,0.090000,-0.001000,105,0,1,34,33,0.014176,0.058344,1.091570,0.370403,0.345021,9.965406,1.921406,-0.012477,0.004491,7,1,0,0.000000,0,8.026385,0.000000,-0.050725,0,0.182783,0.000000,-0.010955,8.026385,0.182783,1,1,1,4.301775,0.000000,0.000000,0.000000,0.000000,0.000000,0.000000,0.000000
0.9301,12.237728,0.175288,0.307799,0.628319,-0.061825,-0.021685,1,8.026385,6,0.005569,0.249132,12.237728,-0.137497,7.949559,0.307799,12.237518,8.039790,0.307799,0.175288,0.628319,0.012730,-0.478477,-41.652303,0.090231,0.002000,0.000659,0.002010,-0.003862,0.000659,0.005569,0.249132,-9.806834,0.004084,0.030745,0.630319,-2.780490,-0.012180,27.000000,0.013045,12.237518,-0.137497,0.174874,0.628319,0.090000,0.002000,110,0,1,34,33,0.018423,0.036891,0.937724,-0.413170,-0.222402,9.413680,1.931899,-0.012180,0.004988,7,1,0,0.000000,0,8.026385,0.000000,-0.061825,0,0.185549,0.000000,-0.021685,8.026385,0.185549,1,1,1,4.301760,0.000000,0.000000,0.000000,0.000000,0.000000,0.000000,0.000000
0.9401,12.219004,0.180347,0.326224,0.418879,-0.060819,-0.025000,1,8.026385,16,0.008861,0.250712,12.219004,-0.189647,7.952214,0.326224,12.218919,8.042624,0.326224,0.180347,0.418879,0.012926,-0.478477,-41.652303,0.090410,0.003000,0.000249,0.001992,-0.005186,0.000249,0.008861,0.250712,-9.806792,-0.015054,0.015685,0.421879,-2.772593,-0.012057,27.000000,0.013045,12.218919,-0.189647,0.180243,0.418879,0.090000,0.003000,115,0,1,34,33,-0.005108,0.030799,0.747768,-0.172172,-0.381627,9.929039,1.939796,-0.012057,0.005473,7,1,0,0.000000,0,8.026385,0.000000,-0.060819,0,0.186815,0.000000,-0.025000,8.026385,0.186815,1,1,1,4.301686,0.000000,0.000000,0.000000,0.000000,0.000000,0.000000,0.000000
0.9501,12.196259,0.183478,0.297876,0.314159,-0.076551,-0.027446,1,8.026385,26,0.009709,0.249107,12.196259,-0.230593,7.956044,0.297876,12.196100,8.046297,0.297876,0.183478,0.314159,0.012790,-0.478477,-41.652303,0.090253,0.000000,0.000534,0.002015,-0.006292,0.000534,0.009709,0.249107,-9.806832,0.021556,-0.040470,0.314159,-2.765788,-0.011999,27.000000,0.013045,12.196100,-0.230593,0.183311,0.314159,0.090000,0.000000,120,0,1,34,33,-0.002940,-0.037927,0.612570,0.761692,0.565039,9.977442,1.946601,-0.011999,0.005607,7,1,0,0.000000,0,8.026385,0.000000,-0.076551,0,0.186581,0.000000,-0.027446,8.026385,0.186581,1,1,1,4.293570,0.000000,0.000000,0.000000,0.000000,0.000000,0.000000,0.000000
0.9601,12.185382,0.188135,0.222493,0.418879,-0.057675,-0.070479,1,8.026385,36,0.000044,0.248975,12.185382,-0.098646,7.957656,0.222493,12.185266,8.047785,0.222493,0.188135,0.418879,0.012791,-0.478477,-41.652303,0.090129,-0.001000,0.000530,0.001989,-0.000479,0.000530,0.000044,0.248975,-9.806840,0.052463,-0.095248,0.417879,-2.759656,-0.012142,27.000000,0.013045,12.185266,-0.098646,0.187913,0.418879,0.090000,-0.001000,125,0,1,34,33,-0.007135,-0.100307,0.641708,2.046394,-1.370300,8.772097,1.952733,-0.012142,0.004751,6,1,0,0.000000,0,8.026385,0.000000,-0.057675,0,0.184847,0.000000,-0.070479,8.026385,0.184847,1,1,1,4.287089,0.000000,0.000000,0.000000,0.000000,0.000000,0.000000,0.000000
0.9701,12.192101,0.191918,0.135677,0.314159,-0.066200,-0.090787,1,8.026385,46,-0.004753,0.249766,12.192101,0.047543,7.959686,0.135677,12.192073,8.049735,0.135677,0.191918,0.314159,0.012785,-0.478477,-41.652303,0.090049,-0.002000,0.000543,0.002147,0.000768,0.000543,-0.004753,0.249766,-9.806819,-0.084266,0.003463,0.312159,-2.753928,-0.012303,27.000000,0.013045,12.192073,0.047543,0.191748,0.314159,0.090000,-0.002000,130,0,1,34,33,-0.069259,0.053846,0.447185,1.049261,0.665544,10.371026,1.958461,-0.012303,0.004381,6,1,0,0.000000,0,8.026385,0.000000,-0.066200,0,0.181613,0.000000,-0.090787,8.026385,0.181613,1,1,1,4.286898,0.000000,0.000000,0.000000,0.000000,0.000000,0.000000,0.000000
0.9801,12.191881,0.194936,-0.016174,0.209440,-0.045021,-0.113630,1,8.026385,56,-0.002574,0.251494,12.191881,0.000419,7.959650,-0.016174,12.191882,8.049595,-0.016174,0.194936,0.209440,0.012770,-0.478477,-41.652303,0.089945,-0.007000,0.000574,0.002000,-0.000211,0.000574,-0.002574,0.251494,-9.806775,0.045947,0.021455,0.202440,-2.751047,-0.012434,27.000000,0.013045,12.191882,0.000419,0.194816,0.209440,0.090000,-0.007000,135,0,1,34,33,0.050265,-0.004323,0.186336,0.575231,-0.369525,10.532585,1.961342,-0.012434,0.004709,6,1,0,0.000000,0,8.026385,0.000000,-0.045021,0,0.176879,0.000000,-0.113630,8.026385,0.176879,1,1,1,4.286719,0.000000,0.000000,0.000000,0.000000,0.000000,0.000000,0.000000
0.9901,12.191613,0.195583,-0.112206,0.000000,-0.040156,-0.118683,1,8.026385,66,-0.002174,0.246892,12.191613,0.000419,7.959211,-0.112206,12.191690,8.049073,-0.112206,0.195583,0.000000,0.012648,-0.478477,-41.652303,0.089862,-0.013000,0.000829,0.001993,-0.000092,0.000829,-0.002174,0.246892,-9.806892,0.016882,0.007305,-0.013000,-2.750923,-0.012085,27.000000,0.013045,12.191690,0.000419,0.195583,0.000000,0.090000,-0.013000,140,0,1,34,33,0.018154,-0.004549,-0.125159,0.704807,-0.284492,9.069248,1.961466,-0.012085,0.004674,7,1,0,0.000000,0,8.026385,0.000000,-0.040156,0,0.170645,0.000000,-0.118683,8.026385,0.170645,1,1,1,4.286533,0.000000,0.000000,0.000000,0.000000,0.000000,0.000000,0.000000
1.0001,12.192094,0.193003,-0.096452,-0.314159,-0.043233,-0.111725,1,8.026385,76,-0.002883,0.247640,12.192094,0.006597,7.958033,-0.096452,12.192169,8.048894,-0.096452,0.193003,-0.314159,0.012620,-0.478477,-41.652303,0.090862,0.000000,0.000888,0.001981,0.000427,0.000888,-0.002883,0.247640,-9.806873,-0.062835,-0.014775,-0.314159,-2.753682,-0.012214,27.000000,0.013045,12.192169,0.006597,0.193282,-0.314159,0.091000,0.000000,145,0,1,34,33,-0.060932,0.016119,-0.410848,0.372192,-0.444380,9.612940,1.958707,-0.012214,0.004554,7,1,0,0.000000,0,8.026385,0.000000,-0.043233,0,0.162911,0.000000,-0.111725,8.026385,0.162911,1,1,1,4.286356,0.000000,0.000000,0.000000,0.000000,0.000000,0.000000,0.000000
1.0101,12.192165,0.188234,-0.119035,-0.523599,-0.037140,-0.113770,1,8.026385,86,-0.001907,0.252082,12.192165,0.001466,7.957371,-0.119035,12.192265,8.048238,-0.119035,0.188234,-0.523599,0.012638,-0.478477,-41.652303,0.090867,0.012000,0.000851,0.002009,-0.000022,0.000851,-0.001907,0.252082,-9.806760,-0.020824,-0.001262,-0.511599,-2.759104,-0.012644,27.000000,0.013045,12.192265,0.001466,0.188680,-0.523599,0.091000,0.012000,150,0,1,34,33,-0.018290,0.002066,-0.630711,0.562742,-0.224705,9.643982,1.953285,-0.012644,0.004618,8,1,0,0.000000,0,8.026385,0.000000,-0.037140,0,0.153677,0.000000,-0.113770,8.026385,0.153677,1,1,1,4.286182,0.000000,0.000000,0.000000,0.000000,0.000000,0.000000,0.000000
1.0201,12.192143,0.181514,-0.076564,-0.733038,-0.042226,-0.117276,1,8.026385,96,-0.002680,0.252813,12.192143,-0.000419,7.957368,-0.076564,12.192169,8.048115,-0.076564,0.181514,-0.733038,0.012873,-0.478477,-41.652303,0.090747,0.012000,0.000359,0.001958,0.000150,0.000359,-0.002680,0.252813,-9.806741,0.033060,0.005117,-0.721038,-2.765950,-0.012526,27.000000,0.013045,12.192169,-0.000419,0.181777,-0.733038,0.091000,0.012000,155,0,1,34,33,0.030784,-0.023361,-0.797368,0.944273,0.240973,9.897740,1.946439,-0.012526,0.004384,6,1,0,0.000000,0,8.026385,0.000000,-0.042226,0,0.142943,0.000000,-0.117276,8.026385,0.142943,1,1,1,4.286023,0.000000,0.000000,0.000000,0.000000,0.000000,0.000000,0.000000
1.0301,12.192254,0.172769,-0.043529,-0.942478,-0.037740,-0.119008,1,8.026385,106,-0.003922,0.250645,12.192254,0.001466,7.957804,-0.043529,12.192265,8.047638,-0.043529,0.172769,-0.942478,0.012755,-0.478477,-41.652303,0.089835,-0.001000,0.000606,0.002145,0.000172,0.000606,-0.003922,0.250645,-9.806797,-0.011133,0.003451,-0.943478,-2.775173,-0.012486,27.000000,0.013045,12.192265,0.001466,0.173340,-0.942478,0.090000,-0.001000,160,0,1,34,33,-0.007715,-0.003853,-0.987038,0.353672,-0.475314,9.794455,1.937216,-0.012486,0.003999,7,1,0,0.000000,0,8.026385,0.000000,-0.037740,0,0.130709,0.000000,-0.119008,8.026385,0.130709,1,1,1,4.285845,0.000000,0.000000,0.000000,0.000000,0.000000,0.000000,0.000000
1.0401,12.191832,0.162032,0.001146,-1.151917,-0.046455,-0.119372,1,8.026385,116,-0.004417,0.251364,12.191832,-0.001466,7.958260,0.001146,12.191882,8.047967,0.001146,0.162032,-1.151917,0.012808,-0.478477,-41.652303,0.089707,-0.009000,0.000495,0.001993,0.000040,0.000495,-0.004417,0.251364,-9.806778,0.004103,0.015492,-1.160917,-2.785581,-0.012555,27.000000,0.013045,12.191882,-0.001466,0.162602,-1.151917,0.090000,-0.009000,165,0,1,34,33,0.011446,-0.003638,-1.159820,0.435704,0.371132,9.401056,1.926808,-0.012555,0.003690,7,1,0,0.000000,0,8.026385,0.000000,-0.046455,0,0.117035,0.000000,-0.119372,8.026385,0.117035,1,1,1,4.285678,0.000000,0.000000,0.000000,0.000000,0.000000,0.000000,0.000000
1.0501,12.192068,0.150895,-0.058902,-1.256637,-0.030402,-0.134092,1,8.026385,126,-0.005047,0.249367,12.192068,0.000419,7.957675,-0.058902,12.192073,8.046904,-0.058902,0.150895,-1.256637,0.012968,-0.478477,-41.652303,0.089229,-0.007000,0.000161,0.004122,0.000387,0.000161,-0.005047,0.249367,-9.806829,0.050222,0.012759,-1.263637,-2.797783,-0.012243,27.000000,0.013045,12.192073,0.000419,0.151097,-1.256637,0.090000,-0.007000,170,0,1,34,33,0.049850,-0.031290,-1.322245,0.381056,0.142458,10.106934,1.914606,-0.012243,0.003313,7,1,0,0.000000,0,8.026385,0.000000,-0.030402,0,0.102223,0.000000,-0.134092,8.026385,0.102223,1,1,1,4.285511,0.000000,0.000000,0.000000,0.000000,0.000000,0.000000,0.000000
1.0601,12.191758,0.135958,-0.053801,-1.466077,-0.038077,-0.105052,1,8.026385,136,-0.004242,0.242879,12.191758,-0.002513,7.955834,-0.053801,12.191786,8.046657,-0.053801,0.135958,-1.466077,0.012610,-0.478477,-41.652303,0.090823,0.006000,0.000909,0.002011,-0.000071,0.000909,-0.004242,0.242879,-9.806992,-0.007165,0.014159,-1.460077,-2.812965,-0.011981,27.000000,0.013045,12.191786,-0.002513,0.137291,-1.466077,0.091000,0.006000,175,0,1,34,33,0.000668,-0.003236,-1.513958,-0.061777,0.739304,9.768108,1.899424,-0.011981,0.002928,7,1,0,0.000000,0,8.026385,0.000000,-0.038077,0,0.086644,0.000000,-0.105052,8.026385,0.086644,1,1,1,4.285336,0.000000,0.000000,0.000000,0.000000,0.000000,0.000000,0.000000
1.0701,12.191985,0.122060,-0.060723,-1.570796,-0.016115,-0.123643,1,8.026385,146,-0.007169,0.244199,12.191985,0.006597,7.953856,-0.060723,12.192073,8.044621,-0.060723,0.122060,-1.570796,0.012611,-0.478477,-41.652303,0.090765,0.010000,0.000907,0.001983,0.000526,0.000907,-0.007169,0.244199,-9.806958,-0.022670,-0.037396,-1.560796,-2.828902,-0.012188,27.000000,0.013045,12.192073,0.006597,0.123486,-1.570796,0.091000,0.010000,180,0,1,34,33,-0.037745,-0.042530,-1.621112,1.135051,-0.095850,9.301114,1.883487,-0.012188,0.002306,7,1,0,0.000000,0,8.026385,0.000000,-0.016115,0,0.070661,0.000000,-0.123643,8.026385,0.070661,1,1,1,4.285174,0.000000,0.000000,0.000000,0.000000,0.000000,0.000000,0.000000
1.0801,12.191780,0.106084,-0.146262,-1.570796,-0.030004,-0.103627,1,8.026385,156,-0.005872,0.248719,12.191780,-0.002513,7.954131,-0.146262,12.191882,8.044082,-0.146262,0.106084,-1.570796,0.012651,-0.478477,-41.652303,0.089951,0.005000,0.000824,0.002164,0.000036,0.000824,-0.005872,0.248719,-9.806845,-0.083086,-0.010189,-1.565796,-2.845415,-0.012627,27.000000,0.013045,12.191882,-0.002513,0.107379,-1.570796,0.090000,0.005000,185,0,1,34,33,-0.078382,0.007722,-1.712293,-0.430664,-0.323805,9.881600,1.866974,-0.012627,0.002090,7,1,0,0.000000,0,8.026385,0.000000,-0.030004,0,0.054616,0.000000,-0.103627,8.026385,0.054616,1,1,1,4.285014,0.000000,0.000000,0.000000,0.000000,0.000000,0.000000,0.000000
1.0901,12.192080,0.090100,-0.126394,-1.675516,-0.016391,-0.100573,1,8.026385,166,-0.007256,0.254729,12.192080,0.007645,7.952794,-0.126394,12.192169,8.042499,-0.126394,0.090100,-1.675516,0.012710,-0.478477,-41.652303,0.089705,-0.003000,0.000700,0.002127,0.000543,0.000700,-0.007256,0.254729,-9.806690,-0.022304,-0.030344,-1.678516,-2.862985,-0.013220,27.000000,0.013045,12.192169,0.007645,0.091272,-1.675516,0.090000,-0.003000,190,0,1,34,33,-0.033532,-0.040079,-1.804547,0.247453,0.112993,10.163973,1.849404,-0.013220,0.001600,7,1,0,0.000000,0,8.026385,0.000000,-0.016391,0,0.038829,0.000000,-0.100573,8.026385,0.038829,1,1,1,4.284859,0.000000,0.000000,0.000000,0.000000,0.000000,0.000000,0.000000
1.1001,12.192695,0.072109,0.083554,-1.884956,-0.031199,-0.069149,1,8.026385,176,-0.008004,0.258327,12.192695,0.001466,7.952574,0.083554,12.192649,8.042413,0.083554,0.072109,-1.884956,0.012659,-0.478477,-41.652303,0.089839,-0.010000,0.000807,0.001992,-0.000022,0.000807,-0.008004,0.258327,-9.806595,-0.011435,-0.029083,-1.894956,-2.881062,-0.013668,27.000000,0.013045,12.192649,0.001466,0.073631,-1.884956,0.090000,-0.010000,195,0,1,34,33,-0.022857,-0.044238,-1.810987,-0.191516,-0.672520,9.476294,1.831327,-0.013668,0.001083,7,1,0,0.000000,0,8.026385,0.000000,-0.031199,0,0.023621,0.000000,-0.069149,8.026385,0.023621,1,1,1,4.284711,0.000000,0.000000,0.000000,0.000000,0.000000,0.000000,0.000000
1.1101,12.192334,0.055383,-0.008521,-1.780236,-0.012924,-0.068786,1,8.026385,186,-0.013893,0.259413,12.192334,0.002513,7.951043,-0.008521,12.192361,8.040819,-0.008521,0.055383,-1.780236,0.012676,-0.478477,-41.652303,0.089776,-0.004000,0.000772,0.001973,0.000177,0.000772,-0.013893,0.259413,-9.806560,0.023295,-0.039046,-1.784236,-2.899391,-0.013809,27.000000,0.013045,12.192361,0.002513,0.056757,-1.780236,0.090000,-0.004000,200,0,1,34,33,0.004924,-0.067920,-1.792040,1.088146,0.201388,10.012281,1.812998,-0.013809,0.000050,7,1,0,0.000000,0,8.026385,0.000000,-0.012924,0,0.009244,0.000000,-0.068786,8.026385,0.009244,1,1,1,4.284565,0.000000,0.000000,0.000000,0.000000,0.000000,0.000000,0.000000
1.1201,12.192246,0.039432,-0.026518,-1.675516,-0.013590,-0.061520,1,8.026385,196,-0.015864,0.258239,12.192246,-0.003560,7.948588,-0.026518,12.192265,8.039546,-0.026518,0.039432,-1.675516,0.012697,-0.478477,-41.652303,0.090958,0.004000,0.000727,0.002000,-0.000096,0.000727,-0.015864,0.258239,-9.806588,0.020747,-0.003174,-1.671516,-2.916618,-0.013673,27.000000,0.013045,12.192265,-0.003560,0.040651,-1.675516,0.091000,0.004000,4,0,1,34,33,0.017722,-0.032802,-1.697755,-0.561820,-0.797244,10.269146,1.795771,-0.013673,-0.000578,7,1,0,0.000000,0,8.026385,0.000000,-0.013590,0,-0.004144,0.000000,-0.061520,8.026385,-0.004144,1,1,1,4.284426,0.000000,0.000000,0.000000,0.000000,0.000000,0.000000,0.000000
1.1301,12.191800,0.025213,-0.136822,-1.466077,-0.000219,-0.066361,1,8.026385,206,-0.017987,0.257901,12.191800,-0.002513,7.947858,-0.136822,12.191882,8.037371,-0.136822,0.025213,-1.466077,0.012763,-0.478477,-41.652303,0.089513,0.008000,0.000590,0.002000,0.000640,0.000590,-0.017987,0.257901,-9.806593,0.005293,0.022032,-1.458077,-2.933015,-0.013568,27.000000,0.013045,12.191882,-0.002513,0.026078,-1.466077,0.090000,0.008000,9,0,1,34,33,0.013451,-0.002122,-1.595001,0.724920,0.115960,9.944193,1.779374,-0.013568,-0.001170,8,1,0,0.000000,0,8.026385,0.000000,-0.000219,0,-0.016630,0.000000,-0.066361,8.026385,-0.016630,1,1,1,4.284291,0.000000,0.000000,0.000000,0.000000,0.000000,0.000000,0.000000
1.1401,12.192499,0.012149,-0.077895,-1.466077,0.006545,-0.069563,1,8.026385,216,-0.017746,0.257436,12.192499,0.005550,7.945258,-0.077895,12.192553,8.034994,-0.077895,0.012149,-1.466077,0.012754,-0.478477,-41.652303,0.089736,0.004000,0.000607,0.002005,0.000272,0.000607,-0.017746,0.257436,-9.806606,0.018175,0.002448,-1.462077,-2.948455,-0.013511,27.000000,0.013045,12.192553,0.005550,0.013039,-1.466077,0.090000,0.004000,14,0,1,34,33,0.017759,-0.024216,-1.539788,-0.165098,0.006040,9.511842,1.763934,-0.013511,-0.001490,7,1,0,0.000000,0,8.026385,0.000000,0.006545,0,-0.028518,0.000000,-0.069563,8.026385,-0.028518,1,1,1,4.284162,0.000000,0.000000,0.000000,0.000000,0.000000,0.000000,0.000000
1.1501,12.192388,-0.000800,-0.128215,-1.361357,0.007057,-0.066215,1,8.026385,226,-0.020524,0.254817,12.192388,0.001466,7.943446,-0.128215,12.192457,8.032971,-0.128215,-0.000800,-1.361357,0.012764,-0.478477,-41.652303,0.089525,0.000000,0.000588,0.001999,0.000483,0.000588,-0.020524,0.254817,-9.806669,0.032401,-0.028053,-1.361357,-2.963430,-0.013213,27.000000,0.013045,12.192457,0.001466,0.000000,-1.361357,0.090000,0.000000,19,0,1,34,33,0.019944,-0.056944,-1.488967,-0.010029,-0.219693,9.988194,1.748959,-0.013213,-0.002113,8,1,0,0.000000,0,8.026385,0.000000,0.007057,0,-0.040206,0.000000,-0.066215,8.026385,-0.040206,1,1,1,4.284042,0.000000,0.000000,0.000000,0.000000,0.000000,0.000000,0.000000
1.1601,12.193329,-0.012044,-0.293137,-1.151917,0.025585,-0.086491,1,8.026385,236,-0.024890,0.252315,12.193329,0.010681,7.940310,-0.293137,12.193416,8.029742,-0.293137,-0.012044,-1.151917,0.012821,-0.478477,-41.652303,0.089432,-0.004000,0.000469,0.001995,0.000669,0.000469,-0.024890,0.252315,-9.806723,0.036402,-0.027833,-1.155917,-2.977910,-0.012870,27.000000,0.013045,12.193416,0.010681,-0.011505,-1.151917,0.090000,-0.004000,24,0,1,34,33,0.024225,-0.057471,-1.448436,0.483828,0.906410,10.200812,1.734479,-0.012870,-0.002847,7,1,0,0.000000,0,8.026385,0.000000,0.025585,0,-0.052091,0.000000,-0.086491,8.026385,-0.052091,1,1,1,4.283934,0.000000,0.000000,0.000000,0.000000,0.000000,0.000000,0.000000
1.1701,12.195167,-0.023630,-0.147053,-1.256637,0.022195,-0.087793,1,8.026385,246,-0.026688,0.250881,12.195167,0.018850,7.937793,-0.147053,12.195237,8.027333,-0.147053,-0.023630,-1.256637,0.012809,-0.478477,-41.652303,0.089539,-0.002000,0.000493,0.001978,0.000774,0.000493,-0.026688,0.250881,-9.806755,0.008161,-0.007862,-1.258637,-2.991906,-0.012696,27.000000,0.013045,12.195237,0.018850,-0.023010,-1.256637,0.090000,-0.002000,29,0,1,34,33,0.004995,-0.028176,-1.405444,-0.767223,0.061085,9.674700,1.720483,-0.012696,-0.003324,7,1,0,0.000000,0,8.026385,0.000000,0.022195,0,-0.064318,0.000000,-0.087793,8.026385,-0.064318,1,1,1,4.283838,0.000000,0.000000,0.000000,0.000000,0.000000,0.000000,0.000000
1.1801,12.198246,-0.034898,-0.293257,-1.151917,0.034383,-0.094299,1,8.026385,0,-0.029684,0.252370,12.198246,0.035186,7.935038,-0.293257,12.198305,8.024310,-0.293257,-0.034898,-1.151917,0.012886,-0.478477,-41.652303,0.089272,0.003000,0.000333,0.002017,0.001215,0.000333,-0.029684,0.252370,-9.806708,-0.013687,-0.023503,-1.148917,-3.006201,-0.012722,27.000000,0.013045,12.198305,0.035186,-0.034514,-1.151917,0.090000,0.003000,34,0,1,34,33,-0.020622,-0.036315,-1.441826,0.016474,0.260776,9.801632,1.706188,-0.012722,-0.003922,7,1,0,0.000000,0,8.026385,0.000000,0.034383,0,-0.076663,0.000000,-0.094299,8.026385,-0.076663,1,1,1,4.283760,0.000000,0.000000,0.000000,0.000000,0.000000,0.000000,0.000000
1.1901,12.205057,-0.047202,-0.166503,-1.256637,0.025958,-0.083345,1,8.026385,10,-0.032369,0.254400,12.205057,0.071000,7.933179,-0.166503,12.205112,8.022492,-0.166503,-0.047202,-1.256637,0.012887,-0.478477,-41.652303,0.089313,0.004000,0.000331,0.001899,0.004929,0.000331,-0.032369,0.254400,-9.806647,-0.012696,-0.041398,-1.252637,-3.020326,-0.012864,27.000000,0.013045,12.205112,0.071000,-0.046786,-1.256637,0.090000,0.004000,39,0,1,34,33,-0.024866,-0.053735,-1.418565,-0.383963,-0.328275,9.470057,1.692063,-0.012864,-0.004520,7,1,0,0.000000,0,8.026385,0.000000,0.025958,0,-0.088951,0.000000,-0.083345,8.026385,-0.088951,1,1,1,4.283700,0.000000,0.000000,0.000000,0.000000,0.000000,0.000000,0.000000
1.2001,12.214738,-0.058570,-0.237923,-1.151917,0.040262,-0.096791,1,8.026385,20,-0.036496,0.258691,12.214738,0.104824,7.930602,-0.237923,12.214796,8.019786,-0.237923,-0.058570,-1.151917,0.012929,-0.478477,-41.652303,0.089184,0.001000,0.000242,0.002041,0.002794,0.000242,-0.036496,0.258691,-9.806521,-0.047507,-0.032124,-1.150917,-3.034408,-0.013181,27.000000,0.013045,12.214796,0.104824,-0.058291,-1.151917,0.090000,0.001000,44,0,1,34,33,-0.054762,-0.034985,-1.388504,0.134051,-0.062483,10.430108,1.677981,-0.013181,-0.005258,7,1,0,0.000000,0,8.026385,0.000000,0.040262,0,-0.101428,0.000000,-0.096791,8.026385,-0.101428,1,1,1,4.283680,0.000000,0.000000,0.000000,0.000000,0.000000,0.000000,0.000000
1.2101,12.230172,-0.070119,-0.219535,-1.151917,0.037543,-0.098829,1,8.026385,30,-0.037082,0.262846,12.230172,0.156975,7.928520,-0.219535,12.230232,8.017757,-0.219535,-0.070119,-1.151917,0.012911,-0.478477,-41.652303,0.089237,0.000000,0.000281,0.001982,0.003491,0.000281,-0.037082,0.262846,-9.806408,-0.037205,-0.014951,-1.151917,-3.047989,-0.013556,27.000000,0.013045,12.230232,0.156975,-0.069796,-1.151917,0.090000,0.000000,49,0,1,34,33,-0.039828,-0.022347,-1.371279,-0.171991,-0.184714,10.246842,1.664400,-0.013556,-0.005648,7,1,0,0.000000,0,8.026385,0.000000,0.037543,0,-0.114069,0.000000,-0.098829,8.026385,-0.114069,1,1,1,4.283709,0.000000,0.000000,0.000000,0.000000,0.000000,0.000000,0.000000
1.2201,12.246615,-0.083022,-0.255225,-1.151917,0.041001,-0.083122,1,8.026385,40,-0.040273,0.262301,12.246615,0.176348,7.926200,-0.255225,12.246819,8.015779,-0.255225,-0.083022,-1.151917,0.012649,-0.478477,-41.652303,0.089578,-0.001000,0.000829,0.002020,0.003575,0.000829,-0.040273,0.262301,-9.806410,-0.002141,-0.024379,-1.152917,-3.062876,-0.013660,27.000000,0.013045,12.246819,0.176348,-0.082068,-1.151917,0.090000,-0.001000,54,0,1,34,33,-0.007799,-0.041006,-1.407737,-0.133860,-0.476048,9.832412,1.649513,-0.013660,-0.006309,8,1,0,0.000000,0,8.026385,0.000000,0.041001,0,-0.126574,0.000000,-0.083122,8.026385,-0.126574,1,1,1,4.283806,0.000000,0.000000,0.000000,0.000000,0.000000,0.000000,0.000000
1.2301,12.264451,-0.095230,-0.146485,-1.256637,0.041169,-0.085761,1,8.026385,50,-0.041749,0.262176,12.264451,0.181479,7.924470,-0.146485,12.264555,8.014116,-0.146485,-0.095230,-1.256637,0.012706,-0.478477,-41.652303,0.089646,0.000000,0.000709,0.002038,0.003565,0.000709,-0.041749,0.262176,-9.806407,0.024372,0.012038,-1.256637,-3.076749,-0.013497,27.000000,0.013045,12.264555,0.181479,-0.094340,-1.256637,0.090000,0.000000,59,0,1,34,33,0.026324,-0.011048,-1.403095,0.017293,-0.044146,9.712434,1.635640,-0.013497,-0.006778,7,1,0,0.000000,0,8.026385,0.000000,0.041169,0,-0.138671,0.000000,-0.085761,8.026385,-0.138671,1,1,1,4.285145,0.000000,0.000000,0.000000,0.000000,0.000000,0.000000,0.000000
1.2401,12.269516,-0.110050,-0.044600,-1.466077,0.023258,-0.045330,1,8.026385,60,-0.035234,0.261163,12.269516,0.042412,7.924486,-0.044600,12.269541,8.014222,-0.044600,-0.110050,-1.466077,0.012674,-0.478477,-41.652303,0.089736,0.000000,0.000776,0.001986,-0.000512,0.000776,-0.035234,0.261163,-9.806460,-0.035830,0.054991,-1.466077,-3.091452,-0.013396,27.000000,0.013045,12.269541,0.042412,-0.108913,-1.466077,0.090000,0.000000,64,0,1,34,33,-0.024994,0.041538,-1.511324,-1.510813,-0.382229,9.918591,1.620937,-0.013396,-0.006494,7,1,0,0.000000,0,8.026385,0.000000,0.023258,0,-0.150027,0.000000,-0.045330,8.026385,-0.150027,1,1,1,4.287935,0.000000,0.000000,0.000000,0.000000,0.000000,0.000000,0.000000
1.2501,12.266163,-0.125362,0.195321,-1.570796,0.016644,-0.019389,1,8.026385,70,-0.037329,0.262278,12.266163,-0.021991,7.924833,0.195321,12.265994,8.014863,0.195321,-0.125362,-1.570796,0.012707,-0.478477,-41.652303,0.090029,0.003000,0.000707,0.001988,-0.000915,0.000707,-0.037329,0.262278,-9.806422,0.062562,-0.128283,-1.567796,-3.106127,-0.013347,27.000000,0.013045,12.265994,-0.021991,-0.124252,-1.570796,0.090000,0.003000,69,0,1,34,33,0.039293,-0.154639,-1.370621,1.011832,-0.778604,8.825221,1.606262,-0.013347,-0.007119,7,1,0,0.000000,0,8.026385,0.000000,0.016644,0,-0.160293,0.000000,-0.019389,8.026385,-0.160293,1,1,1,4.288120,0.000000,0.000000,0.000000,0.000000,0.000000,0.000000,0.000000
1.2601,12.267017,-0.139631,0.191385,-1.466077,0.009729,-0.004666,1,8.026385,80,-0.039462,0.262363,12.267017,0.006597,7.926182,0.191385,12.266856,8.015972,0.191385,-0.139631,-1.466077,0.012782,-0.478477,-41.652303,0.089790,0.006000,0.000550,0.002150,-0.000406,0.000550,-0.039462,0.262363,-9.806412,0.001637,0.007951,-1.460077,-3.119289,-0.013146,27.000000,0.013045,12.266856,0.006597,-0.138825,-1.466077,0.090000,0.006000,74,0,1,34,33,0.002880,-0.008627,-1.268685,-0.210577,-0.418599,9.823368,1.593100,-0.013146,-0.007707,7,1,0,0.000000,0,8.026385,0.000000,0.009729,0,-0.169129,0.000000,-0.004666,8.026385,-0.169129,1,1,1,4.288295,0.000000,0.000000,0.000000,0.000000,0.000000,0.000000,0.000000
1.2701,12.266907,-0.151566,0.183855,-1.256637,0.011766,-0.004613,1,8.026385,90,-0.039463,0.261505,12.266907,-0.000419,7.927132,0.183855,12.266760,8.016727,0.183855,-0.151566,-1.256637,0.012866,-0.478477,-41.652303,0.089595,0.007000,0.000374,0.002000,-0.000837,0.000374,-0.039463,0.261505,-9.806435,0.013318,0.017403,-1.249637,-3.130467,-0.012881,27.000000,0.013045,12.266760,-0.000419,-0.151097,-1.256637,0.090000,0.007000,79,0,1,34,33,0.015737,0.001538,-1.065890,-0.232053,0.345050,9.936302,1.581922,-0.012881,-0.008002,7,1,0,0.000000,0,8.026385,0.000000,0.011766,0,-0.176532,0.000000,-0.004613,8.026385,-0.176532,1,1,1,4.288464,0.000000,0.000000,0.000000,0.000000,0.000000,0.000000,0.000000
1.2801,12.266797,-0.162527,0.210687,-1.047198,0.002453,0.006930,1,8.026385,100,-0.039217,0.255091,12.266797,-0.000419,7.928076,0.210687,12.266665,8.018133,0.210687,-0.162527,-1.047198,0.012729,-0.478477,-41.652303,0.090057,-0.006000,0.000661,0.002013,-0.000453,0.000661,-0.039217,0.255091,-9.806604,0.064716,-0.009611,-1.053198,-3.140019,-0.012288,27.000000,0.013045,12.266665,-0.000419,-0.161835,-1.047198,0.090000,-0.006000,84,0,1,34,33,0.062796,-0.029085,-0.842209,-0.481605,0.537452,9.832799,1.572370,-0.012288,-0.008153,6,1,0,0.000000,0,8.026385,0.000000,0.002453,0,-0.182754,0.000000,0.006930,8.026385,-0.182754,1,1,1,4.288638,0.000000,0.000000,0.000000,0.000000,0.000000,0.000000,0.000000
1.2901,12.266824,-0.170139,0.229184,-0.837758,0.013873,-0.007503,1,8.026385,110,-0.042305,0.251730,12.266824,-0.000419,7.928346,0.229184,12.266665,8.018352,0.229184,-0.170139,-0.837758,0.012683,-0.478477,-41.652303,0.090006,-0.012000,0.000757,0.002002,-0.000188,0.000757,-0.042305,0.251730,-9.806678,0.007214,-0.014977,-0.849758,3.135772,-0.011880,27.000000,0.013045,12.266665,-0.000419,-0.169505,-0.837758,0.090000,-0.012000,89,0,1,34,33,0.005221,-0.023651,-0.620324,0.178223,0.000787,9.177047,1.564976,-0.011880,-0.008596,6,1,0,0.000000,0,8.026385,0.000000,0.013873,0,-0.187621,0.000000,-0.007503,8.026385,-0.187621,1,1,1,4.288806,0.000000,0.000000,0.000000,0.000000,0.000000,0.000000,0.000000
1.3001,12.266318,-0.174472,0.065117,-0.523599,0.027638,-0.023396,1,8.026385,120,-0.043069,0.251917,12.266318,-0.003560,7.927525,0.065117,12.266281,8.017388,0.065117,-0.174472,-0.523599,0.012712,-0.478477,-41.652303,0.089863,-0.008000,0.000697,0.001970,-0.000254,0.000697,-0.043069,0.251917,-9.806670,-0.014320,0.001910,-0.531599,3.130475,-0.011819,27.000000,0.013045,12.266281,-0.003560,-0.174107,-0.523599,0.090000,-0.008000,94,0,1,34,33,-0.013968,-0.002242,-0.466491,-0.242300,0.762354,10.218033,1.559678,-0.011819,-0.008782,7,1,0,0.000000,0,8.026385,0.000000,0.027638,0,-0.190989,0.000000,-0.023396,8.026385,-0.190989,1,1,1,4.288974,0.000000,0.000000,0.000000,0.000000,0.000000,0.000000,0.000000
1.3101,12.265733,-0.178261,0.041271,-0.418879,0.022481,-0.011126,1,8.026385,130,-0.042821,0.253251,12.265733,-0.004503,7.927145,0.041271,12.265706,8.017014,0.041271,-0.178261,-0.418879,0.012680,-0.478477,-41.652303,0.089869,0.005000,0.000763,0.002002,-0.000142,0.000763,-0.042821,0.253251,-9.806637,-0.022720,0.000579,-0.413879,3.126310,-0.011956,27.000000,0.013045,12.265706,-0.004503,-0.177942,-0.418879,0.090000,0.005000,99,0,1,34,33,-0.022480,-0.001377,-0.372621,-0.862764,0.183100,9.857702,1.555514,-0.011956,-0.008874,7,1,0,0.000000,0,8.026385,0.000000,0.022481,0,-0.192953,0.000000,-0.011126,8.026385,-0.192953,1,1,1,4.289139,0.000000,0.000000,0.000000,0.000000,0.000000,0.000000,0.000000
1.3201,12.266330,-0.181253,0.053289,-0.314159,0.021627,-0.004463,1,8.026385,140,-0.043810,0.256734,12.266330,0.005550,7.926859,0.053289,12.266281,8.016774,0.053289,-0.181253,-0.314159,0.012674,-0.478477,-41.652303,0.089915,0.011000,0.000776,0.001977,0.000039,0.000776,-0.043810,0.256734,-9.806542,-0.030415,-0.042261,-0.303159,3.123075,-0.012266,27.000000,0.013045,12.266281,0.005550,-0.181010,-0.314159,0.090000,0.011000,104,0,1,34,33,-0.035209,-0.041523,-0.249364,0.132172,0.171835,10.040073,1.552278,-0.012266,-0.009111,6,1,0,0.000000,0,8.026385,0.000000,0.021627,0,-0.193868,0.000000,-0.004463,8.026385,-0.193868,1,1,1,4.289306,0.000000,0.000000,0.000000,0.000000,0.000000,0.000000,0.000000
1.3301,12.266134,-0.181940,0.069369,-0.209440,0.033743,-0.020184,1,8.026385,150,-0.044839,0.260691,12.266134,-0.001466,7.925624,0.069369,12.266089,8.015564,0.069369,-0.181940,-0.209440,0.012671,-0.478477,-41.652303,0.089940,0.004000,0.000781,0.002024,-0.000284,0.000781,-0.044839,0.260691,-9.806433,-0.033870,-0.013339,-0.205440,3.121174,-0.012640,27.000000,0.013045,12.266089,-0.001466,-0.181777,-0.209440,0.090000,0.004000,109,0,1,34,33,-0.035208,-0.010971,-0.135942,-0.010939,-0.620489,9.141969,1.550378,-0.012640,-0.009304,6,1,0,0.000000,0,8.026385,0.000000,0.033743,0,-0.194135,0.000000,-0.020184,8.026385,-0.194135,1,1,1,4.289476,0.000000,0.000000,0.000000,0.000000,0.000000,0.000000,0.000000
1.3401,12.265876,-0.182544,-0.024689,0.000000,0.022157,-0.017351,1,8.026385,160,-0.045432,0.265005,12.265876,-0.001466,7.925693,-0.024689,12.265898,8.015521,-0.024689,-0.182544,0.000000,0.012707,-0.478477,-41.652303,0.089828,-0.007000,0.000707,0.001952,0.000239,0.000707,-0.045432,0.265005,-9.806315,-0.039373,-0.021031,-0.007000,3.120524,-0.013021,27.000000,0.013045,12.265898,-0.001466,-0.182544,0.000000,0.090000,-0.007000,114,0,1,34,33,-0.041575,-0.016653,-0.031480,-0.123011,-0.199317,10.658257,1.549728,-0.013021,-0.009459,6,1,0,0.000000,0,8.026385,0.000000,0.022157,0,-0.194152,0.000000,-0.017351,8.026385,-0.194152,1,1,1,4.289643,0.000000,0.000000,0.000000,0.000000,0.000000,0.000000,0.000000
1.3501,12.266136,-0.182544,0.082161,0.000000,0.018098,-0.023253,1,8.026385,170,-0.045958,0.267648,12.266136,0.004503,7.925932,0.082161,12.266089,8.015823,0.082161,-0.182544,0.000000,0.012752,-0.478477,-41.652303,0.089892,-0.005000,0.000611,0.002021,0.000063,0.000611,-0.045958,0.267648,-9.806240,0.009474,-0.015803,-0.005000,3.120825,-0.013230,27.000000,0.013045,12.266089,0.004503,-0.182544,0.000000,0.090000,-0.005000,119,0,1,34,33,0.007552,-0.015821,0.077369,0.075303,-0.169363,9.787777,1.550028,-0.013230,-0.009561,6,1,0,0.000000,0,8.026385,0.000000,0.018098,0,-0.194155,0.000000,-0.023253,8.026385,-0.194155,1,1,1,4.289809,0.000000,0.000000,0.000000,0.000000,0.000000,0.000000,0.000000
1.3601,12.266252,-0.181777,0.154211,0.000000,0.016446,-0.032426,1,8.026385,180,-0.047159,0.266385,12.266252,0.000419,7.926260,0.154211,12.266185,8.016213,0.154211,-0.181777,0.000000,0.012829,-0.478477,-41.652303,0.089954,0.000000,0.000451,0.002001,-0.000369,0.000451,-0.047159,0.266385,-9.806269,0.033900,-0.004089,0.000000,3.121982,-0.013012,27.000000,0.013045,12.266185,0.000419,-0.181777,0.000000,0.090000,0.000000,124,0,1,34,33,0.033180,-0.006084,0.154302,-0.162950,-0.653145,9.457366,1.551185,-0.013012,-0.009638,7,1,0,0.000000,0,8.026385,0.000000,0.016446,0,-0.194155,0.000000,-0.032426,8.026385,-0.194155,1,1,1,4.289975,0.000000,0.000000,0.000000,0.000000,0.000000,0.000000,0.000000
1.3701,12.266208,-0.181010,0.199920,0.000000,0.006860,-0.033960,1,8.026385,190,-0.051047,0.262143,12.266208,0.000419,7.927352,0.199920,12.266089,8.017337,0.199920,-0.181010,0.000000,0.012766,-0.478477,-41.652303,0.089985,0.005000,0.000583,0.002001,-0.000492,0.000583,-0.051047,0.262143,-9.806364,0.034263,-0.024723,0.005000,3.123870,-0.012586,27.000000,0.013045,12.266089,0.000419,-0.181010,0.000000,0.090000,0.005000,129,0,1,34,33,0.031081,-0.026003,0.205269,0.533508,0.606245,10.504082,1.553073,-0.012586,-0.009930,7,1,0,0.000000,0,8.026385,0.000000,0.006860,0,-0.194155,0.000000,-0.033960,8.026385,-0.194155,1,1,1,4.290142,0.000000,0.000000,0.000000,0.000000,0.000000,0.000000,0.000000
1.3801,12.266487,-0.179476,0.230585,0.000000,0.009968,-0.044698,1,8.026385,200,-0.051621,0.261255,12.266487,0.001466,7.928011,0.230585,12.266377,8.018014,0.230585,-0.179476,0.000000,0.012815,-0.478477,-41.652303,0.090004,0.005000,0.000480,0.002010,-0.000347,0.000480,-0.051621,0.261255,-9.806385,0.002717,0.005056,0.005000,3.126082,-0.012452,27.000000,0.013045,12.266377,0.001466,-0.179476,0.000000,0.090000,0.005000,134,0,1,34,33,0.003305,0.007712,0.235506,0.216528,-0.046531,9.138314,1.555285,-0.012452,-0.009933,7,1,0,0.000000,0,8.026385,0.000000,0.009968,0,-0.194155,0.000000,-0.044698,8.026385,-0.194155,1,1,1,4.290301,0.000000,0.000000,0.000000,0.000000,0.000000,0.000000,0.000000
1.3901,12.266375,-0.177859,0.025600,0.209440,0.007075,-0.048757,1,8.026385,210,-0.049321,0.261525,12.266375,0.001466,7.928900,0.025600,12.266281,8.018820,0.025600,-0.177859,0.209440,0.012856,-0.478477,-41.652303,0.089920,-0.003000,0.000394,0.002136,-0.000628,0.000394,-0.049321,0.261525,-9.806389,-0.015806,0.032982,0.206440,3.128507,-0.012496,27.000000,0.013045,12.266281,0.001466,-0.177942,0.209440,0.090000,-0.003000,139,0,1,34,33,-0.011670,0.037643,0.231575,-0.268824,0.084265,10.144207,1.557710,-0.012496,-0.009666,7,1,0,0.000000,0,8.026385,0.000000,0.007075,0,-0.194155,0.000000,-0.048757,8.026385,-0.194155,1,1,1,4.290458,0.000000,0.000000,0.000000,0.000000,0.000000,0.000000,0.000000
1.4001,12.266335,-0.177175,0.186776,0.000000,-0.001159,-0.040804,1,8.026385,220,-0.047690,0.261705,12.266335,0.000419,7.930208,0.186776,12.266281,8.020177,0.186776,-0.177175,0.000000,0.012907,-0.478477,-41.652303,0.089970,-0.007000,0.000289,0.002155,-0.000412,0.000289,-0.047690,0.261705,-9.806393,0.006479,-0.008092,-0.007000,3.130551,-0.012500,27.000000,0.013045,12.266281,0.000419,-0.177175,0.000000,0.090000,-0.007000,144,0,1,34,33,0.005438,-0.006504,0.179875,-0.069792,0.299331,9.773252,1.559755,-0.012500,-0.009488,7,1,0,0.000000,0,8.026385,0.000000,-0.001159,0,-0.194155,0.000000,-0.040804,8.026385,-0.194155,1,1,1,4.290611,0.000000,0.000000,0.000000,0.000000,0.000000,0.000000,0.000000
1.4101,12.266610,-0.177175,0.160872,0.000000,-0.008255,-0.033960,1,8.026385,230,-0.048754,0.259166,12.266610,0.002513,7.931953,0.160872,12.266473,8.021900,0.160872,-0.177175,0.000000,0.012645,-0.478477,-41.652303,0.089947,-0.007000,0.000835,0.002002,-0.000328,0.000835,-0.048754,0.259166,-9.806455,0.001609,-0.020911,-0.007000,3.132272,-0.012487,27.000000,0.013045,12.266473,0.002513,-0.177175,0.000000,0.090000,-0.007000,149,0,1,34,33,-0.000960,-0.019003,0.154125,-0.010727,0.291821,10.385722,1.561475,-0.012487,-0.009549,7,1,0,0.000000,0,8.026385,0.000000,-0.008255,0,-0.194155,0.000000,-0.033960,8.026385,-0.194155,1,1,1,4.290769,0.000000,0.000000,0.000000,0.000000,0.000000,0.000000,0.000000
1.4201,12.266323,-0.177175,0.167282,0.000000,-0.008758,-0.033960,1,8.026385,240,-0.049280,0.262007,12.266323,-0.001466,7.933437,0.167282,12.266281,8.023377,0.167282,-0.177175,0.000000,0.012914,-0.478477,-41.652303,0.089940,0.000000,0.000273,0.002156,-0.000338,0.000273,-0.049280,0.262007,-9.806377,-0.012093,0.002818,0.000000,3.133749,-0.012494,27.000000,0.013045,12.266281,-0.001466,-0.177175,0.000000,0.090000,0.000000,154,0,1,34,33,-0.011656,0.006439,0.167212,0.388933,0.667781,10.160069,1.562952,-0.012494,-0.009653,6,1,0,0.000000,0,8.026385,0.000000,-0.008758,0,-0.194155,0.000000,-0.033960,8.026385,-0.194155,1,1,1,4.290904,0.000000,0.000000,0.000000,0.000000,0.000000,0.000000,0.000000
1.4301,12.265675,-0.176408,0.181415,0.000000,-0.006574,-0.043164,1,8.026385,250,-0.049177,0.260441,12.265675,-0.007645,7.934468,0.181415,12.265514,8.024427,0.181415,-0.176408,0.000000,0.012612,-0.478477,-41.652303,0.089958,0.005000,0.000905,0.001979,-0.000545,0.000905,-0.049177,0.260441,-9.806419,-0.018121,-0.000573,0.005000,3.135563,-0.012648,27.000000,0.013045,12.265514,-0.007645,-0.176408,0.000000,0.090000,0.005000,159,0,1,34,33,-0.018052,0.004029,0.186379,-0.086748,-0.463515,9.593307,1.564767,-0.012648,-0.009595,6,1,0,0.000000,0,8.026385,0.000000,-0.006574,0,-0.194155,0.000000,-0.043164,8.026385,-0.194155,1,1,1,4.291049,0.000000,0.000000,0.000000,0.000000,0.000000,0.000000,0.000000
1.4401,12.264235,-0.175641,0.181162,0.000000,-0.009704,-0.044698,1,8.026385,4,-0.049763,0.261818,12.264235,-0.011729,7.935588,0.181162,12.264076,8.025562,0.181162,-0.175641,0.000000,0.012599,-0.478477,-41.652303,0.089974,0.005000,0.000932,0.002000,-0.000737,0.000932,-0.049763,0.261818,-9.806379,-0.010410,-0.010380,0.005000,3.137463,-0.012796,27.000000,0.013045,12.264076,-0.011729,-0.175641,0.000000,0.090000,0.005000,164,0,1,34,33,-0.011637,-0.006638,0.186260,0.371158,0.247516,10.117553,1.566667,-0.012796,-0.009659,7,1,0,0.000000,0,8.026385,0.000000,-0.009704,0,-0.194155,0.000000,-0.044698,8.026385,-0.194155,1,1,1,4.291179,0.000000,0.000000,0.000000,0.000000,0.000000,0.000000,0.000000
1.4501,12.262891,-0.174874,0.175307,0.000000,-0.010344,-0.046232,1,8.026385,14,-0.051070,0.262966,12.262891,-0.013718,7.936604,0.175307,12.262734,8.026561,0.175307,-0.174874,0.000000,0.012620,-0.478477,-41.652303,0.089957,0.000000,0.000889,0.002027,-0.000754,0.000889,-0.051070,0.262966,-9.806342,0.007608,-0.016368,0.000000,3.139227,-0.012875,27.000000,0.013045,12.262734,-0.013718,-0.174874,0.000000,0.090000,0.000000,169,0,1,34,33,0.005446,-0.014995,0.175510,0.199819,-0.518611,9.420673,1.568431,-0.012875,-0.009791,7,1,0,0.000000,0,8.026385,0.000000,-0.010344,0,-0.194155,0.000000,-0.046232,8.026385,-0.194155,1,1,1,4.291301,0.000000,0.000000,0.000000,0.000000,0.000000,0.000000,0.000000
1.4601,12.261619,-0.174107,0.177854,0.000000,-0.012242,-0.047765,1,8.026385,24,-0.052258,0.262981,12.261619,-0.011729,7.937602,0.177854,12.261487,8.027552,0.177854,-0.174107,0.000000,0.012673,-0.478477,-41.652303,0.089950,-0.004000,0.000777,0.001986,-0.000636,0.000777,-0.052258,0.262981,-9.806335,0.010334,0.012079,-0.004000,3.140984,-0.012810,27.000000,0.013045,12.261487,-0.011729,-0.174107,0.000000,0.090000,-0.004000,174,0,1,34,33,0.011820,0.012832,0.173705,0.602326,-0.287123,10.054909,1.570188,-0.012810,-0.009891,7,1,0,0.000000,0,8.026385,0.000000,-0.012242,0,-0.194155,0.000000,-0.047765,8.026385,-0.194155,1,1,1,4.291413,0.000000,0.000000,0.000000,0.000000,0.000000,0.000000,0.000000
1.4701,12.261230,-0.173340,0.172181,0.000000,-0.012871,-0.049300,1,8.026385,34,-0.052886,0.261032,12.261230,-0.004503,7.938506,0.172181,12.261104,8.028430,0.172181,-0.173340,0.000000,0.012682,-0.478477,-41.652303,0.089924,-0.007000,0.000759,0.001984,-0.000327,0.000759,-0.052886,0.261032,-9.806384,0.025945,0.007962,-0.007000,-3.140555,-0.012602,27.000000,0.013045,12.261104,-0.004503,-0.173340,0.000000,0.090000,-0.007000,179,0,1,34,33,0.026766,0.006578,0.165111,0.609564,-0.097900,9.444308,1.571834,-0.012602,-0.009900,6,1,0,0.000000,0,8.026385,0.000000,-0.012871,0,-0.194155,0.000000,-0.049300,8.026385,-0.194155,1,1,1,4.291520,0.000000,0.000000,0.000000,0.000000,0.000000,0.000000,0.000000
1.4801,12.261221,-0.171806,0.121490,0.000000,-0.004369,-0.060038,1,8.026385,44,-0.052427,0.258592,12.261221,-0.001466,7.938536,0.121490,12.261104,8.028453,0.121490,-0.171806,0.000000,0.012621,-0.478477,-41.652303,0.089917,-0.001000,0.000886,0.001975,-0.000305,0.000886,-0.052427,0.258592,-9.806451,0.010387,0.011366,-0.001000,-3.138996,-0.012441,27.000000,0.013045,12.261104,-0.001466,-0.171806,0.000000,0.090000,-0.001000,184,0,1,34,33,0.011806,0.011404,0.120355,0.170863,0.329931,10.405365,1.573393,-0.012441,-0.009773,7,1,0,0.000000,0,8.026385,0.000000,-0.004369,0,-0.194155,0.000000,-0.060038,8.026385,-0.194155,1,1,1,4.291625,0.000000,0.000000,0.000000,0.000000,0.000000,0.000000,0.000000
1.4901,12.260977,-0.171039,0.082592,0.000000,-0.008790,-0.053902,1,8.026385,54,-0.051152,0.258061,12.260977,-0.002513,7.938944,0.082592,12.260912,8.028841,0.082592,-0.171039,0.000000,0.012654,-0.478477,-41.652303,0.089897,0.002000,0.000818,0.001861,-0.000290,0.000818,-0.051152,0.258061,-9.806472,-0.002353,0.025662,0.002000,-3.137839,-0.012384,27.000000,0.013045,12.260912,-0.002513,-0.171039,0.000000,0.090000,0.002000,189,0,1,34,33,0.001106,0.026814,0.084259,0.083187,0.497151,10.024170,1.574550,-0.012384,-0.009616,7,1,0,0.000000,0,8.026385,0.000000,-0.008790,0,-0.194155,0.000000,-0.053902,8.026385,-0.194155,1,1,1,4.291727,0.000000,0.000000,0.000000,0.000000,0.000000,0.000000,0.000000
1.5001,12.261243,-0.171039,0.039233,0.000000,-0.013534,-0.045434,1,8.026385,64,-0.051161,0.258852,12.261243,0.003560,7.939695,0.039233,12.261200,8.029560,0.039233,-0.171039,0.000000,0.012682,-0.478477,-41.652303,0.089865,0.004000,0.000759,0.002000,0.000085,0.000759,-0.051161,0.258852,-9.806451,-0.010581,-0.008918,0.004000,-3.137121,-0.012435,27.000000,0.013045,12.261200,0.003560,-0.171039,0.000000,0.090000,0.004000,194,0,1,34,33,-0.011679,-0.006875,0.043324,0.332661,-0.382198,9.221151,1.575268,-0.012435,-0.009631,6,1,0,0.000000,0,8.026385,0.000000,-0.013534,0,-0.194088,0.000000,-0.045434,8.026385,-0.194088,1,1,1,4.291827,0.000000,0.000000,0.000000,0.000000,0.000000,0.000000,0.000000
1.5101,12.261986,-0.171883,0.136552,-0.104720,-0.020245,-0.030373,1,8.026385,74,-0.050855,0.259528,12.261986,0.007645,7.940780,0.136552,12.261967,8.030718,0.136552,-0.171883,-0.104720,0.012691,-0.478477,-41.652303,0.089937,0.001000,0.000740,0.002119,0.000124,0.000740,-0.050855,0.259528,-9.806435,-0.009942,0.002247,-0.103720,-3.136807,-0.012491,27.000000,0.013045,12.261967,0.007645,-0.171806,-0.104720,0.090000,0.001000,199,0,1,34,33,-0.009558,0.003958,0.032785,0.600729,0.416691,10.368234,1.575582,-0.012491,-0.009633,7,1,0,0.000000,0,8.026385,0.000000,-0.020245,0,-0.193622,0.000000,-0.030373,8.026385,-0.193622,1,1,1,4.291926,0.000000,0.000000,0.000000,0.000000,0.000000,0.000000,0.000000
1.5201,12.261233,-0.171806,0.045744,0.000000,-0.011985,-0.029219,1,8.026385,84,-0.049865,0.259373,12.261233,-0.007645,7.941124,0.045744,12.261200,8.030995,0.045744,-0.171806,0.000000,0.012686,-0.478477,-41.652303,0.089871,0.000000,0.000750,0.001846,-0.000272,0.000750,-0.049865,0.259373,-9.806444,0.004335,0.008173,0.000000,-3.136452,-0.012498,27.000000,0.013045,12.261200,-0.007645,-0.171806,0.000000,0.090000,0.000000,3,0,1,34,33,0.005383,0.008104,0.045645,0.341893,-0.248914,9.270349,1.575937,-0.012498,-0.009529,7,1,0,0.000000,0,8.026385,0.000000,-0.011985,0,-0.192356,0.000000,-0.029219,8.026385,-0.192356,1,1,1,4.292021,0.000000,0.000000,0.000000,0.000000,0.000000,0.000000,0.000000
1.5301,12.260268,-0.171039,0.035497,0.000000,-0.005754,-0.020735,1,8.026385,94,-0.048066,0.258727,12.260268,-0.010681,7.940837,0.035497,12.260241,8.030706,0.035497,-0.171039,0.000000,0.012743,-0.478477,-41.652303,0.089868,0.000000,0.000632,0.002158,-0.000285,0.000632,-0.048066,0.258727,-9.806470,-0.000153,0.025093,0.000000,-3.135970,-0.012416,27.000000,0.013045,12.260241,-0.010681,-0.171039,0.000000,0.090000,0.000000,8,0,1,34,33,0.003227,0.025335,0.035177,0.056519,-0.010826,10.114752,1.576419,-0.012416,-0.009318,7,1,0,0.000000,0,8.026385,0.000000,-0.005754,0,-0.189892,0.000000,-0.020735,8.026385,-0.189892,1,1,1,4.292113,0.000000,0.000000,0.000000,0.000000,0.000000,0.000000,0.000000
1.5401,12.257610,-0.171039,0.077531,0.000000,-0.015677,0.009525,1,8.026385,104,-0.048305,0.256588,12.257610,-0.027018,7.941401,0.077531,12.257557,8.031292,0.077531,-0.171039,0.000000,0.012693,-0.478477,-41.652303,0.089891,0.000000,0.000736,0.001867,-0.000884,0.000736,-0.048305,0.256588,-9.806525,0.014060,0.000103,0.000000,-3.135383,-0.012246,27.000000,0.013045,12.257557,-0.027018,-0.171039,0.000000,0.090000,0.000000,13,0,1,34,33,0.013941,-0.000844,0.077548,0.350120,0.265433,9.438220,1.577006,-0.012246,-0.009305,6,1,0,0.000000,0,8.026385,0.000000,-0.015677,0,-0.185956,0.000000,0.009525,8.026385,-0.185956,1,1,1,4.292199,0.000000,0.000000,0.000000,0.000000,0.000000,0.000000,0.000000
1.5501,12.253331,-0.169505,0.131741,0.000000,-0.002443,0.016989,1,8.026385,114,-0.049406,0.255305,12.253331,-0.038327,7.940744,0.131741,12.253242,8.030678,0.131741,-0.169505,0.000000,0.012677,-0.478477,-41.652303,0.089934,-0.001000,0.000770,0.002007,-0.002602,0.000770,-0.049406,0.255305,-9.806553,0.017000,-0.005099,-0.001000,-3.134464,-0.012129,27.000000,0.013045,12.253242,-0.038327,-0.169505,0.000000,0.090000,-0.001000,18,0,1,34,33,0.016096,-0.005821,0.130825,0.475678,0.165757,9.772264,1.577925,-0.012129,-0.009355,7,1,0,0.000000,0,8.026385,0.000000,-0.002443,0,-0.180520,0.000000,0.016989,8.026385,-0.180520,1,1,1,4.292276,0.000000,0.000000,0.000000,0.000000,0.000000,0.000000,0.000000
1.5601,12.250948,-0.167095,0.026757,0.209440,-0.001566,0.032281,1,8.026385,124,-0.048699,0.255852,12.250948,-0.026075,7.940193,0.026757,12.250941,8.030093,0.026757,-0.167095,0.209440,0.012796,-0.478477,-41.652303,0.089900,0.000000,0.000521,0.001969,-0.000388,0.000521,-0.048699,0.255852,-9.806542,-0.018123,0.027914,0.209440,-3.132638,-0.012099,27.000000,0.013045,12.250941,-0.026075,-0.167204,0.209440,0.090000,0.000000,23,0,1,34,33,-0.013799,0.033306,0.235790,0.561820,0.419616,10.128977,1.579751,-0.012099,-0.009234,7,1,0,0.000000,0,8.026385,0.000000,-0.001566,0,-0.173584,0.000000,0.032281,8.026385,-0.173584,1,1,1,4.292340,0.000000,0.000000,0.000000,0.000000,0.000000,0.000000,0.000000
1.5701,12.248751,-0.163177,0.028509,0.314159,0.005581,0.041236,1,8.026385,134,-0.047485,0.256200,12.248751,-0.017802,7.939149,0.028509,12.248736,8.029010,0.028509,-0.163177,0.314159,0.012752,-0.478477,-41.652303,0.089861,0.000000,0.000612,0.002058,-0.000391,0.000612,-0.047485,0.256200,-9.806539,-0.010518,0.019745,0.314159,-3.129802,-0.012234,27.000000,0.013045,12.248736,-0.017802,-0.163369,0.314159,0.090000,0.000000,28,0,1,34,33,-0.007356,0.025496,0.342371,0.543321,-0.289293,9.451912,1.582587,-0.012234,-0.009020,6,1,0,0.000000,0,8.026385,0.000000,0.005581,0,-0.165148,0.000000,0.041236,8.026385,-0.165148,1,1,1,4.292400,0.000000,0.000000,0.000000,0.000000,0.000000,0.000000,0.000000
1.5801,12.248857,-0.157531,-0.068612,0.523599,0.013133,0.047540,1,8.026385,144,-0.044480,0.254200,12.248857,0.001466,7.937675,-0.068612,12.248928,8.027478,-0.068612,-0.157531,0.523599,0.012617,-0.478477,-41.652303,0.089804,-0.001000,0.000896,0.001994,0.000359,0.000896,-0.044480,0.254200,-9.806605,0.008180,0.037232,0.522599,-3.125684,-0.012267,27.000000,0.013045,12.248928,0.001466,-0.158000,0.523599,0.090000,-0.001000,33,0,1,34,33,0.014007,0.041178,0.453503,-0.030597,0.530506,10.416820,1.586705,-0.012267,-0.008544,6,1,0,0.000000,0,8.026385,0.000000,0.013133,0,-0.155212,0.000000,0.047540,8.026385,-0.155212,1,1,1,4.292461,0.000000,0.000000,0.000000,0.000000,0.000000,0.000000,0.000000
1.5901,12.249852,-0.150493,-0.060559,0.628319,0.021065,0.057409,1,8.026385,154,-0.043198,0.251634,12.249852,0.007645,7.935720,-0.060559,12.249887,8.025541,-0.060559,-0.150493,0.628319,0.012585,-0.478477,-41.652303,0.089820,-0.001000,0.000962,0.002002,0.000184,0.000962,-0.043198,0.251634,-9.806677,0.022872,0.026035,0.627319,-3.120581,-0.012119,27.000000,0.013045,12.249887,0.007645,-0.151097,0.628319,0.090000,-0.001000,38,0,1,34,33,0.026860,0.029027,0.566439,-0.297127,-0.312875,9.776523,1.591808,-0.012119,-0.008200,6,1,0,0.000000,0,8.026385,0.000000,0.021065,0,-0.143776,0.000000,0.057409,8.026385,-0.143776,1,1,1,4.292530,0.000000,0.000000,0.000000,0.000000,0.000000,0.000000,0.000000
1.6001,12.250369,-0.142400,0.008488,0.628319,0.031101,0.071552,1,8.026385,164,-0.042024,0.252193,12.250369,0.005550,7.933102,0.008488,12.250366,8.023090,0.008488,-0.142400,0.628319,0.012847,-0.478477,-41.652303,0.089988,0.000000,0.000414,0.001993,0.000327,0.000414,-0.042024,0.252193,-9.806668,0.006353,0.008256,0.628319,-3.114936,-0.011996,27.000000,0.013045,12.250366,0.005550,-0.142660,0.628319,0.090000,0.000000,43,0,1,34,33,0.007684,0.015215,0.636663,-0.125861,-0.280798,9.508985,1.597453,-0.011996,-0.007890,6,1,0,0.000000,0,8.026385,0.000000,0.031101,0,-0.130840,0.000000,0.071552,8.026385,-0.130840,1,1,1,4.292601,0.000000,0.000000,0.000000,0.000000,0.000000,0.000000,0.000000
1.6101,12.251745,-0.133824,-0.087732,0.837758,0.024682,0.093441,1,8.026385,174,-0.041287,0.249959,12.251745,0.018850,7.931584,-0.087732,12.251804,8.021582,-0.087732,-0.133824,0.837758,0.012817,-0.478477,-41.652303,0.089998,0.002000,0.000476,0.002017,0.000640,0.000476,-0.041287,0.249959,-9.806728,0.023269,0.010589,0.839758,-3.107866,-0.011877,27.000000,0.013045,12.251804,0.018850,-0.134223,0.837758,0.090000,0.002000,48,0,1,34,33,0.024794,0.015870,0.751884,0.408619,0.655873,10.351372,1.604523,-0.011877,-0.007571,7,1,0,0.000000,0,8.026385,0.000000,0.024682,0,-0.116404,0.000000,0.093441,8.026385,-0.116404,1,1,1,4.292688,0.000000,0.000000,0.000000,0.000000,0.000000,0.000000,0.000000
1.6201,12.257600,-0.123750,-0.098749,0.942478,0.034677,0.105187,1,8.026385,184,-0.039455,0.248263,12.257600,0.062832,7.929610,-0.098749,12.257652,8.019493,-0.098749,-0.123750,0.942478,0.012790,-0.478477,-41.652303,0.089883,0.003000,0.000533,0.002152,0.001933,0.000533,-0.039455,0.248263,-9.806779,0.002301,0.041208,0.945478,-3.099879,-0.011830,27.000000,0.013045,12.257652,0.062832,-0.124252,0.942478,0.090000,0.003000,53,0,1,34,33,0.009842,0.050907,0.846147,0.313786,-0.091443,9.683441,1.612510,-0.011830,-0.007115,6,1,0,0.000000,0,8.026385,0.000000,0.034677,0,-0.100468,0.000000,0.105187,8.026385,-0.100468,1,1,1,4.292792,0.000000,0.000000,0.000000,0.000000,0.000000,0.000000,0.000000
1.6301,12.265966,-0.111835,-0.179070,1.151917,0.042163,0.112322,1,8.026385,194,-0.033776,0.245790,12.265966,0.082310,7.927199,-0.179070,12.266089,8.017128,-0.179070,-0.111835,1.151917,0.012666,-0.478477,-41.652303,0.089929,0.003000,0.000792,0.001982,0.001618,0.000792,-0.033776,0.245790,-9.806862,-0.027422,0.082259,1.154917,-3.090322,-0.011851,27.000000,0.013045,12.266089,0.082310,-0.112747,1.151917,0.090000,0.003000,58,0,1,34,33,-0.011516,0.098294,0.974681,-0.004402,0.616915,9.613789,1.622067,-0.011851,-0.006218,7,1,0,0.000000,0,8.026385,0.000000,0.042163,0,-0.083073,0.000000,0.112322,8.026385,-0.083073,1,1,1,4.292931,0.000000,0.000000,0.000000,0.000000,0.000000,0.000000,0.000000
1.6401,12.267016,-0.099921,-0.068025,1.151917,0.041955,0.137208,1,8.026385,204,-0.025863,0.246785,12.267016,0.007645,7.925059,-0.068025,12.267048,8.015175,-0.068025,-0.099921,1.151917,0.012814,-0.478477,-41.652303,0.090115,0.000000,0.000482,0.001918,-0.000199,0.000482,-0.025863,0.246785,-9.806861,-0.013369,0.051442,1.151917,-3.080351,-0.011956,27.000000,0.013045,12.267048,0.007645,-0.100476,1.151917,0.090000,0.000000,63,0,1,34,33,-0.002913,0.066956,1.083123,-1.013705,-0.249744,10.054234,1.632038,-0.011956,-0.005133,7,1,0,0.000000,0,8.026385,0.000000,0.041955,0,-0.064518,0.000000,0.137208,8.026385,-0.064518,1,1,1,4.293086,0.000000,0.000000,0.000000,0.000000,0.000000,0.000000,0.000000
1.6501,12.265504,-0.086313,-0.041128,1.256637,0.052498,0.139292,1,8.026385,214,-0.021585,0.247521,12.265504,-0.010681,7.922253,-0.041128,12.265514,8.012668,-0.041128,-0.086313,1.256637,0.012909,-0.478477,-41.652303,0.090415,-0.002000,0.000284,0.001985,-0.000053,0.000284,-0.021585,0.247521,-9.806853,-0.005076,0.029950,1.254637,-3.069245,-0.012041,27.000000,0.013045,12.265514,-0.010681,-0.086670,1.256637,0.090000,-0.002000,68,0,1,34,33,0.001417,0.046006,1.213016,-0.374411,0.067205,9.971700,1.643144,-0.012041,-0.004368,7,1,0,0.000000,0,8.026385,0.000000,0.052498,0,-0.045203,0.000000,0.139292,8.026385,-0.045203,1,1,1,4.293247,0.000000,0.000000,0.000000,0.000000,0.000000,0.000000,0.000000
1.6601,12.265553,-0.071622,0.063599,1.361357,0.033795,0.142021,1,8.026385,224,-0.017822,0.244643,12.265553,0.000419,7.922090,0.063599,12.265514,8.012138,0.063599,-0.071622,1.361357,0.012608,-0.478477,-41.652303,0.090048,0.000000,0.000912,0.001998,-0.000148,0.000912,-0.017822,0.244643,-9.806933,-0.032633,0.033586,1.361357,-3.055080,-0.012138,27.000000,0.013045,12.265514,0.000419,-0.072864,1.361357,0.090000,0.000000,73,0,1,34,33,-0.024149,0.058084,1.424337,-0.843478,-0.165969,9.471390,1.657309,-0.012138,-0.003597,8,1,0,0.000000,0,8.026385,0.000000,0.033795,0,-0.025529,0.000000,0.142021,8.026385,-0.025529,1,1,1,4.293667,0.000000,0.000000,0.000000,0.000000,0.000000,0.000000,0.000000
1.6701,12.265796,-0.056385,0.110818,1.466077,0.031083,0.144965,1,8.026385,234,-0.014377,0.246953,12.265796,0.004503,7.921787,0.110818,12.265706,8.011923,0.110818,-0.056385,1.466077,0.012673,-0.478477,-41.652303,0.090136,0.004000,0.000777,0.001985,0.000015,0.000777,-0.014377,0.246953,-9.806881,-0.028471,0.041020,1.470077,-3.040055,-0.012380,27.000000,0.013045,12.265706,0.004503,-0.057524,1.466077,0.090000,0.004000,78,0,1,34,33,-0.017709,0.066717,1.580176,-0.574205,-0.116229,10.103712,1.672334,-0.012380,-0.002882,7,1,0,0.000000,0,8.026385,0.000000,0.031083,0,-0.005894,0.000000,0.144965,8.026385,-0.005894,1,1,1,4.294140,0.000000,0.000000,0.000000,0.000000,0.000000,0.000000,0.000000
1.6801,12.265220,-0.039732,0.093686,1.675516,0.029280,0.131483,1,8.026385,244,-0.010862,0.247838,12.265220,-0.005550,7.921621,0.093686,12.265131,8.011893,0.093686,-0.039732,1.675516,0.012783,-0.478477,-41.652303,0.090272,0.001000,0.000548,0.002136,-0.000709,0.000548,-0.010862,0.247838,-9.806863,0.016900,0.025551,1.676516,-3.023427,-0.012420,27.000000,0.013045,12.265131,-0.005550,-0.040650,1.675516,0.090000,0.001000,83,0,1,34,33,0.022930,0.042941,1.769798,-0.461510,0.354253,9.955387,1.688962,-0.012420,-0.002110,7,1,0,0.000000,0,8.026385,0.000000,0.029280,0,0.013301,0.000000,0.131483,8.026385,0.013301,1,1,1,4.294651,0.000000,0.000000,0.000000,0.000000,0.000000,0.000000,0.000000
1.6901,12.264711,-0.021017,0.213258,1.675516,0.033782,0.101742,1,8.026385,254,-0.008288,0.246713,12.264711,-0.006597,7.921441,0.213258,12.264555,8.011493,0.213258,-0.021017,1.675516,0.012695,-0.478477,-41.652303,0.090052,-0.001000,0.000732,0.002001,-0.000319,0.000732,-0.008288,0.246713,-9.806894,-0.012964,0.027653,1.674516,-3.005108,-0.012433,27.000000,0.013045,12.264555,-0.006597,-0.022243,1.675516,0.090000,-0.001000,88,0,1,34,33,-0.004798,0.054124,1.887239,-0.917366,-0.874301,9.521646,1.707281,-0.012433,-0.001373,7,1,0,0.000000,0,8.026385,0.000000,0.033782,0,0.031656,0.000000,0.101742,8.026385,0.031656,1,1,1,4.294813,0.000000,0.000000,0.000000,0.000000,0.000000,0.000000,0.000000
1.7001,12.264859,-0.003475,0.173611,1.780236,0.011566,0.100253,1,8.026385,8,-0.004749,0.247753,12.264859,0.001466,7.922808,0.173611,12.264747,8.013011,0.173611,-0.003475,1.780236,0.012742,-0.478477,-41.652303,0.090203,-0.002000,0.000633,0.002001,-0.000307,0.000633,-0.004749,0.247753,-9.806870,-0.022323,0.027304,1.778236,-2.986044,-0.012514,27.000000,0.013045,12.264747,0.001466,-0.004602,1.780236,0.090000,-0.002000,93,0,1,34,33,-0.013321,0.057522,1.951272,-0.595881,0.365864,9.783149,1.726345,-0.012514,-0.000572,7,1,0,0.000000,0,8.026385,0.000000,0.011566,0,0.048774,0.000000,0.100253,8.026385,0.048774,1,1,1,4.294970,0.000000,0.000000,0.000000,0.000000,0.000000,0.000000,0.000000
1.7101,12.265313,0.013893,0.269872,1.675516,0.003327,0.083710,1,8.026385,18,-0.002858,0.248221,12.265313,0.006597,7.924487,0.269872,12.265227,8.014963,0.269872,0.013893,1.675516,0.012801,-0.478477,-41.652303,0.090476,-0.001000,0.000510,0.002122,-0.000186,0.000510,-0.002858,0.248221,-9.806859,0.027643,-0.003666,1.674516,-2.966721,-0.012506,27.000000,0.013045,12.265227,0.006597,0.013039,1.675516,0.090000,-0.001000,98,0,1,34,33,0.025147,0.012842,1.944383,-0.534062,-0.717787,10.030701,1.745668,-0.012506,0.000060,7,1,0,0.000000,0,8.026385,0.000000,0.003327,0,0.064410,0.000000,0.083710,8.026385,0.064410,1,1,1,4.295122,0.000000,0.000000,0.000000,0.000000,0.000000,0.000000,0.000000
1.7201,12.265342,0.031718,0.301786,1.675516,0.003585,0.056768,1,8.026385,28,-0.000952,0.245965,12.265342,-0.002513,7.926248,0.301786,12.265227,8.016568,0.301786,0.031718,1.675516,0.012748,-0.478477,-41.652303,0.090320,0.000000,0.000620,0.001987,-0.000379,0.000620,-0.000952,0.245965,-9.806916,0.003259,0.028254,1.675516,-2.947289,-0.012318,27.000000,0.013045,12.265227,-0.002513,0.030680,1.675516,0.090000,0.000000,103,0,1,34,33,0.012309,0.050845,1.976815,-0.031204,-0.003450,9.511833,1.765099,-0.012318,0.000698,7,1,0,0.000000,0,8.026385,0.000000,0.003585,0,0.078546,0.000000,0.056768,8.026385,0.078546,1,1,1,4.295273,0.000000,0.000000,0.000000,0.000000,0.000000,0.000000,0.000000
1.7301,12.264901,0.049177,0.300725,1.675516,-0.007931,0.035778,1,8.026385,38,-0.000202,0.245870,12.264901,-0.004503,7.928362,0.300725,12.264747,8.018865,0.300725,0.049177,1.675516,0.012800,-0.478477,-41.652303,0.090503,0.000000,0.000511,0.001994,-0.000597,0.000511,-0.000202,0.245870,-9.806918,-0.002519,-0.019291,1.675516,-2.927532,-0.012236,27.000000,0.013045,12.264747,-0.004503,0.048320,1.675516,0.090000,0.000000,108,0,1,34,33,-0.008992,0.008045,1.976300,0.027311,-0.130905,9.768991,1.784857,-0.012236,0.001212,7,1,0,0.000000,0,8.026385,0.000000,-0.007931,0,0.091182,0.000000,0.035778,8.026385,0.091182,1,1,1,4.295412,0.000000,0.000000,0.000000,0.000000,0.000000,0.000000,0.000000
1.7401,12.264688,0.065863,0.307398,1.570796,-0.015434,0.017407,1,8.026385,48,-0.000450,0.248060,12.264688,0.000419,7.930785,0.307398,12.264555,8.021405,0.307398,0.065863,1.570796,0.012841,-0.478477,-41.652303,0.090620,0.000000,0.000426,0.002027,-0.000623,0.000426,-0.000450,0.248060,-9.806863,-0.009852,-0.017350,1.570796,-2.908307,-0.012396,27.000000,0.013045,12.264555,0.000419,0.065194,1.570796,0.090000,0.000000,113,0,1,34,33,-0.015428,0.011468,1.878201,-0.208699,-0.841211,9.972250,1.804082,-0.012396,0.001619,7,1,0,0.000000,0,8.026385,0.000000,-0.015434,0,0.102318,0.000000,0.017407,8.026385,0.102318,1,1,1,4.295544,0.000000,0.000000,0.000000,0.000000,0.000000,0.000000,0.000000
1.7501,12.264398,0.081222,0.355778,1.361357,-0.018999,0.004235,1,8.026385,58,-0.001605,0.248616,12.264398,-0.003560,7.933335,0.355778,12.264268,8.023818,0.355778,0.081222,1.361357,0.012803,-0.478477,-41.652303,0.090483,-0.001000,0.000505,0.002004,-0.000652,0.000505,-0.001605,0.248616,-9.806849,-0.003324,-0.010316,1.360357,-2.890537,-0.012472,27.000000,0.013045,12.264268,-0.003560,0.080534,1.361357,0.090000,-0.001000,118,0,1,34,33,-0.006940,0.013647,1.716100,0.101906,0.470714,9.842079,1.821852,-0.012472,0.001893,7,1,0,0.000000,0,8.026385,0.000000,-0.018999,0,0.111954,0.000000,0.004235,8.026385,0.111954,1,1,1,4.295667,0.000000,0.000000,0.000000,0.000000,0.000000,0.000000,0.000000
1.7601,12.262766,0.094968,0.265464,1.361357,-0.030060,-0.005858,1,8.026385,68,-0.002757,0.247958,12.262766,-0.016860,7.936277,0.265464,12.262638,8.026751,0.265464,0.094968,1.361357,0.012824,-0.478477,-41.652303,0.090474,-0.002000,0.000461,0.001999,-0.001036,0.000461,-0.002757,0.247958,-9.806865,0.007759,0.013081,1.359357,-2.873859,-0.012367,27.000000,0.013045,12.262638,-0.016860,0.094340,1.361357,0.090000,-0.002000,123,0,1,34,33,0.012228,0.029880,1.624571,0.764705,-0.540495,9.669651,1.838530,-0.012367,0.002117,7,1,0,0.000000,0,8.026385,0.000000,-0.030060,0,0.120090,0.000000,-0.005858,8.026385,0.120090,1,1,1,4.295777,0.000000,0.000000,0.000000,0.000000,0.000000,0.000000,0.000000
1.7701,12.259753,0.107811,0.323486,1.151917,-0.031336,-0.024245,1,8.026385,78,0.000326,0.247214,12.259753,-0.030159,7.938730,0.323486,12.259666,8.029301,0.323486,0.107811,1.151917,0.012865,-0.478477,-41.652303,0.090571,-0.001000,0.000376,0.002001,-0.001160,0.000376,0.000326,0.247214,-9.806885,-0.018250,0.050427,1.150917,-2.858462,-0.012188,27.000000,0.013045,12.259666,-0.030159,0.107379,1.151917,0.090000,-0.001000,128,0,1,34,33,0.003600,0.072470,1.473593,0.734943,-0.130878,9.798163,1.853927,-0.012188,0.002745,7,1,0,0.000000,0,8.026385,0.000000,-0.031336,0,0.126726,0.000000,-0.024245,8.026385,0.126726,1,1,1,4.295869,0.000000,0.000000,0.000000,0.000000,0.000000,0.000000,0.000000
1.7801,12.254399,0.116941,0.354361,0.942478,-0.060265,-0.010097,1,8.026385,88,0.005936,0.246413,12.254399,-0.057701,7.943302,0.354361,12.254297,8.033837,0.354361,0.116941,0.942478,0.012863,-0.478477,-41.652303,0.090535,0.000000,0.000380,0.001993,-0.002084,0.000380,0.005936,0.246413,-9.806903,-0.005343,0.035666,0.942478,-2.844789,-0.012016,27.000000,0.013045,12.254297,-0.057701,0.116583,0.942478,0.090000,0.000000,133,0,1,34,33,0.009974,0.051336,1.296285,-0.105432,-0.183029,10.112917,1.867599,-0.012016,0.003532,7,1,0,0.000000,0,8.026385,0.000000,-0.060265,0,0.131862,0.000000,-0.010097,8.026385,0.131862,1,1,1,4.295937,0.000000,0.000000,0.000000,0.000000,0.000000,0.000000,0.000000
1.7901,12.244725,0.126383,0.273200,0.837758,-0.050879,-0.039828,1,8.026385,98,0.009707,0.244207,12.244725,-0.098646,7.946602,0.273200,12.244518,8.036835,0.273200,0.126383,0.837758,0.012704,-0.478477,-41.652303,0.090234,0.000000,0.000712,0.002003,-0.002825,0.000712,0.009707,0.244207,-9.806955,0.013609,0.034036,0.837758,-2.832345,-0.011869,27.000000,0.013045,12.244518,-0.098646,0.125787,0.837758,0.090000,0.000000,138,0,1,34,33,0.027010,0.038893,1.110554,0.608567,0.311379,9.601546,1.880044,-0.011869,0.004120,7,1,0,0.000000,0,8.026385,0.000000,-0.050879,0,0.135498,0.000000,-0.039828,8.026385,0.135498,1,1,1,4.295968,0.000000,0.000000,0.000000,0.000000,0.000000,0.000000,0.000000
1.8001,12.231077,0.132204,0.413822,0.523599,-0.071447,-0.025997,1,8.026385,108,0.013351,0.244045,12.231077,-0.144723,7.950671,0.413822,12.230903,8.041048,0.413822,0.132204,0.523599,0.012787,-0.478477,-41.652303,0.090377,0.000000,0.000539,0.002000,-0.004454,0.000539,0.013351,0.244045,-9.806955,-0.003163,-0.004894,0.523599,-2.822308,-0.011696,27.000000,0.013045,12.230903,-0.144723,0.131922,0.523599,0.090000,0.000000,143,0,1,34,33,-0.005029,0.009044,0.937381,-0.280524,0.234994,9.552349,1.890081,-0.011696,0.004629,7,1,0,0.000000,0,8.026385,0.000000,-0.071447,0,0.137634,0.000000,-0.025997,8.026385,0.137634,1,1,1,4.295950,0.000000,0.000000,0.000000,0.000000,0.000000,0.000000,0.000000
1.8101,12.211387,0.136813,0.329376,0.418879,-0.073843,-0.036815,1,8.026385,118,0.013007,0.244132,12.211387,-0.206088,7.954494,0.329376,12.211152,8.044758,0.329376,0.136813,0.418879,0.012715,-0.478477,-41.652303,0.090264,-0.001000,0.000689,0.001995,-0.005208,0.000689,0.013007,0.244132,-9.806953,-0.009654,-0.019841,0.417879,-2.813989,-0.011760,27.000000,0.013045,12.211152,-0.206088,0.136524,0.418879,0.090000,-0.001000,148,0,1,34,33,-0.017879,-0.003428,0.747359,0.956346,-0.485731,9.890446,1.898400,-0.011760,0.004708,7,1,0,0.000000,0,8.026385,0.000000,-0.073843,0,0.138270,0.000000,-0.036815,8.026385,0.138270,1,1,1,4.295860,0.000000,0.000000,0.000000,0.000000,0.000000,0.000000,0.000000
1.8201,12.190273,0.139778,0.469699,0.209440,-0.086120,-0.043029,1,8.026385,128,0.011213,0.243050,12.190273,-0.213209,7.958528,0.469699,12.189868,8.048872,0.469699,0.139778,0.209440,0.012622,-0.478477,-41.652303,0.090344,0.000000,0.000885,0.001959,-0.004927,0.000885,0.011213,0.243050,-9.806982,0.040376,-0.085670,0.209440,-2.806912,-0.011756,27.000000,0.013045,12.189868,-0.213209,0.139592,0.209440,0.090000,0.000000,153,0,1,34,33,-0.007139,-0.085859,0.680276,1.252625,-0.070736,10.373330,1.905477,-0.011756,0.004584,7,1,0,0.000000,0,8.026385,0.000000,-0.086120,0,0.137406,0.000000,-0.043029,8.026385,0.137406,1,1,1,4.287788,0.000000,0.000000,0.000000,0.000000,0.000000,0.000000,0.000000
1.8301,12.189947,0.145119,0.139310,0.523599,-0.059261,-0.097210,1,8.026385,138,-0.000267,0.244830,12.189947,0.008692,7.959856,0.139310,12.189868,8.050063,0.139310,0.145119,0.523599,0.012901,-0.478477,-41.652303,0.090207,0.000000,0.000301,0.002001,0.001349,0.000301,-0.000267,0.244830,-9.806944,0.042144,-0.044911,0.523599,-2.800395,-0.011801,27.000000,0.013045,12.189868,0.008692,0.144961,0.523599,0.090000,0.000000,158,0,1,34,33,0.014166,-0.051380,0.663627,1.538855,-0.821046,9.188815,1.911994,-0.011801,0.003582,6,1,0,0.000000,0,8.026385,0.000000,-0.059261,0,0.135042,0.000000,-0.097210,8.026385,0.135042,1,1,1,4.285325,0.000000,0.000000,0.000000,0.000000,0.000000,0.000000,0.000000
1.8401,12.194117,0.148115,0.162272,0.209440,-0.074565,-0.102480,1,8.026385,148,0.001729,0.245809,12.194117,0.026075,7.962190,0.162272,12.194087,8.052330,0.162272,0.148115,0.209440,0.012848,-0.478477,-41.652303,0.090140,-0.002000,0.000412,0.001999,-0.000423,0.000412,0.001729,0.245809,-9.806920,-0.059271,0.058473,0.207440,-2.795128,-0.011911,27.000000,0.013045,12.194087,0.026075,0.148029,0.209440,0.090000,-0.002000,163,0,1,34,33,-0.022353,0.084947,0.368650,0.494798,-0.173161,9.338202,1.917261,-0.011911,0.003872,7,1,0,0.000000,0,8.026385,0.000000,-0.074565,0,0.131178,0.000000,-0.102480,8.026385,0.131178,1,1,1,4.285145,0.000000,0.000000,0.000000,0.000000,0.000000,0.000000,0.000000
1.8501,12.192889,0.150425,-0.129947,0.209440,-0.050575,-0.125959,1,8.026385,158,0.002189,0.242550,12.192889,-0.001466,7.962300,-0.129947,12.192936,8.052221,-0.129947,0.150425,0.209440,0.012828,-0.478477,-41.652303,0.089920,-0.011000,0.000452,0.002000,0.000315,0.000452,0.002189,0.242550,-9.807001,0.038346,-0.004329,0.198440,-2.792928,-0.011586,27.000000,0.013045,12.192936,-0.001466,0.150330,0.209440,0.090000,-0.011000,168,0,1,34,33,0.031037,-0.022051,0.068781,1.012684,-0.217494,9.854897,1.919461,-0.011586,0.003926,7,1,0,0.000000,0,8.026385,0.000000,-0.050575,0,0.125814,0.000000,-0.125959,8.026385,0.125814,1,1,1,4.284964,0.000000,0.000000,0.000000,0.000000,0.000000,0.000000,0.000000
1.8601,12.193057,0.150330,-0.175613,0.000000,-0.044036,-0.130454,1,8.026385,168,0.002042,0.240427,12.193057,-0.003560,7.960746,-0.175613,12.193128,8.051585,-0.175613,0.150330,0.000000,0.012828,-0.478477,-41.652303,0.090839,-0.009000,0.000453,0.001999,0.000075,0.000453,0.002042,0.240427,-9.807053,-0.001097,0.012529,-0.009000,-2.793660,-0.011375,27.000000,0.013045,12.193128,-0.003560,0.150330,0.000000,0.091000,-0.009000,173,0,1,34,33,0.005315,0.009029,-0.184744,0.695967,-0.372440,9.221486,1.918729,-0.011375,0.003877,7,1,0,0.000000,0,8.026385,0.000000,-0.044036,0,0.118950,0.000000,-0.130454,8.026385,0.118950,1,1,1,4.284788,0.000000,0.000000,0.000000,0.000000,0.000000,0.000000,0.000000
1.8701,12.193319,0.147838,-0.202850,-0.314159,-0.037356,-0.133222,1,8.026385,178,0.001014,0.242828,12.193319,0.006597,7.959688,-0.202850,12.193416,8.050498,-0.202850,0.147838,-0.314159,0.012754,-0.478477,-41.652303,0.090809,0.008000,0.000609,0.002000,0.000538,0.000609,0.001014,0.242828,-9.806994,-0.052841,-0.017506,-0.306159,-2.797239,-0.011717,27.000000,0.013045,12.193416,0.006597,0.148029,-0.314159,0.091000,0.008000,178,0,1,34,33,-0.054545,0.004620,-0.509110,0.867084,0.102804,9.465633,1.915150,-0.011717,0.003749,7,1,0,0.000000,0,8.026385,0.000000,-0.037356,0,0.110586,0.000000,-0.133222,8.026385,0.110586,1,1,1,4.284611,0.000000,0.000000,0.000000,0.000000,0.000000,0.000000,0.000000
1.8801,12.193234,0.141510,-0.155516,-0.628319,-0.046519,-0.116933,1,8.026385,188,0.001316,0.245601,12.193234,-0.000419,7.959530,-0.155516,12.193320,8.050356,-0.155516,0.141510,-0.628319,0.012753,-0.478477,-41.652303,0.090826,0.016000,0.000611,0.001965,0.000095,0.000611,0.001316,0.245601,-9.806925,-0.002368,-0.019981,-0.612319,-2.803709,-0.012016,27.000000,0.013045,12.193320,-0.000419,0.141893,-0.628319,0.091000,0.016000,183,0,1,34,33,-0.011896,-0.026018,-0.767566,0.450888,-0.802490,9.963497,1.908680,-0.012016,0.003664,7,1,0,0.000000,0,8.026385,0.000000,-0.046519,0,0.100722,0.000000,-0.116933,8.026385,0.100722,1,1,1,4.284442,0.000000,0.000000,0.000000,0.000000,0.000000,0.000000,0.000000
1.8901,12.193228,0.135096,-0.209181,-0.733038,-0.017978,-0.140978,1,8.026385,198,-0.001062,0.243694,12.193228,0.003560,7.957978,-0.209181,12.193416,8.047859,-0.209181,0.135096,-0.733038,0.012613,-0.478477,-41.652303,0.089881,0.006000,0.000903,0.001999,0.000370,0.000903,-0.001062,0.243694,-9.806973,0.022273,0.001256,-0.727038,-2.812622,-0.012019,27.000000,0.013045,12.193416,0.003560,0.135757,-0.733038,0.090000,0.006000,188,0,1,34,33,0.020069,-0.021549,-0.936022,1.308274,0.200564,10.088980,1.899767,-0.012019,0.003239,7,1,0,0.000000,0,8.026385,0.000000,-0.017978,0,0.089358,0.000000,-0.140978,8.026385,0.089358,1,1,1,4.284269,0.000000,0.000000,0.000000,0.000000,0.000000,0.000000,0.000000
1.9001,12.193053,0.125246,-0.055164,-1.047198,-0.043697,-0.127642,1,8.026385,208,-0.000219,0.245259,12.193053,-0.003560,7.958191,-0.055164,12.193128,8.047921,-0.055164,0.125246,-1.047198,0.012798,-0.478477,-41.652303,0.089731,-0.004000,0.000517,0.001998,-0.000137,0.000517,-0.000219,0.245259,-9.806934,-0.002289,0.014772,-1.051198,-2.822409,-0.012013,27.000000,0.013045,12.193128,-0.003560,0.125787,-1.047198,0.090000,-0.004000,193,0,1,34,33,0.005054,-0.000091,-1.106451,-0.153176,-0.578765,9.630388,1.889980,-0.012013,0.003101,7,1,0,0.000000,0,8.026385,0.000000,-0.043697,0,0.076494,0.000000,-0.127642,8.026385,0.076494,1,1,1,4.284111,0.000000,0.000000,0.000000,0.000000,0.000000,0.000000,0.000000
1.9101,12.193753,0.114630,-0.134243,-1.151917,-0.026382,-0.142399,1,8.026385,218,-0.000753,0.246338,12.193753,0.008692,7.957058,-0.134243,12.193799,8.046530,-0.134243,0.114630,-1.151917,0.012871,-0.478477,-41.652303,0.089473,-0.010000,0.000363,0.001998,0.000817,0.000363,-0.000753,0.246338,-9.806907,-0.015836,0.013201,-1.161917,-2.834416,-0.012086,27.000000,0.013045,12.193799,0.008692,0.115049,-1.151917,0.090000,-0.010000,198,0,1,34,33,-0.007812,0.002395,-1.296299,0.915257,0.148283,9.657530,1.877973,-0.012086,0.002796,7,1,0,0.000000,0,8.026385,0.000000,-0.026382,0,0.062137,0.000000,-0.142399,8.026385,0.062137,1,1,1,4.283951,0.000000,0.000000,0.000000,0.000000,0.000000,0.000000,0.000000
1.9201,12.194062,0.100829,-0.082114,-1.361357,-0.043179,-0.127470,1,8.026385,228,0.002090,0.244608,12.194062,0.000419,7.957395,-0.082114,12.194087,8.046771,-0.082114,0.100829,-1.361357,0.012900,-0.478477,-41.652303,0.089376,0.000000,0.000304,0.002059,-0.000075,0.000304,0.002090,0.244608,-9.806950,0.026284,0.029805,-1.361357,-2.847972,-0.011889,27.000000,0.013045,12.194087,0.000419,0.101243,-1.361357,0.090000,0.000000,2,0,1,34,33,0.036978,-0.004067,-1.443538,-0.251256,0.307735,9.859352,1.864416,-0.011889,0.002722,7,1,0,0.000000,0,8.026385,0.000000,-0.043179,0,0.046462,0.000000,-0.127470,8.026385,0.046462,1,1,1,4.283796,0.000000,0.000000,0.000000,0.000000,0.000000,0.000000,0.000000
1.9301,12.193669,0.087078,-0.150114,-1.466077,-0.020151,-0.143218,1,8.026385,238,0.000571,0.243111,12.193669,0.000419,7.954845,-0.150114,12.193703,8.045053,-0.150114,0.087078,-1.466077,0.012928,-0.478477,-41.652303,0.090208,0.010000,0.000245,0.001970,0.000454,0.000245,0.000571,0.243111,-9.806987,0.011299,-0.002073,-1.456077,-2.863444,-0.011758,27.000000,0.013045,12.193703,0.000419,0.087437,-1.466077,0.091000,0.010000,7,0,1,34,33,0.009205,-0.027635,-1.605968,0.113046,-0.129445,9.654217,1.848945,-0.011758,0.002213,7,1,0,0.000000,0,8.026385,0.000000,-0.020151,0,0.029838,0.000000,-0.143218,8.026385,0.029838,1,1,1,4.283648,0.000000,0.000000,0.000000,0.000000,0.000000,0.000000,0.000000
1.9401,12.193712,0.070159,0.023778,-1.780236,-0.040602,-0.117884,1,8.026385,248,0.000077,0.244706,12.193712,-0.003560,7.956347,0.023778,12.193703,8.045325,0.023778,0.070159,-1.780236,0.012936,-0.478477,-41.652303,0.088978,0.009000,0.000227,0.001999,-0.000154,0.000227,0.000077,0.244706,-9.806947,-0.036039,-0.042064,-1.771236,-2.880091,-0.011949,27.000000,0.013045,12.193703,-0.003560,0.070563,-1.780236,0.090000,0.009000,12,0,1,34,33,-0.050587,-0.045168,-1.747019,-0.224240,0.428149,9.401200,1.832298,-0.011949,0.001757,8,1,0,0.000000,0,8.026385,0.000000,-0.040602,0,0.012634,0.000000,-0.117884,8.026385,0.012634,1,1,1,4.283499,0.000000,0.000000,0.000000,0.000000,0.000000,0.000000,0.000000
1.9501,12.193451,0.051551,-0.082531,-1.780236,-0.029466,-0.100749,1,8.026385,2,-0.004527,0.246977,12.193451,0.003560,7.954866,-0.082531,12.193511,8.044624,-0.082531,0.051551,-1.780236,0.012676,-0.478477,-41.652303,0.089758,0.000000,0.000770,0.001999,0.000336,0.000770,-0.004527,0.246977,-9.806890,-0.041064,-0.047591,-1.780236,-2.899405,-0.012493,27.000000,0.013045,12.193511,0.003560,0.052922,-1.780236,0.090000,0.000000,17,0,1,34,33,-0.057019,-0.050066,-1.862281,0.948103,-0.557500,10.282108,1.812984,-0.012493,0.000837,7,1,0,0.000000,0,8.026385,0.000000,-0.029466,0,-0.004781,0.000000,-0.100749,8.026385,-0.004781,1,1,1,4.283340,0.000000,0.000000,0.000000,0.000000,0.000000,0.000000,0.000000
1.9601,12.193515,0.033682,-0.097308,-1.780236,-0.026082,-0.104969,1,8.026385,12,-0.003685,0.249581,12.193515,-0.002513,7.954024,-0.097308,12.193607,8.043758,-0.097308,0.033682,-1.780236,0.012615,-0.478477,-41.652303,0.089734,-0.010000,0.000899,0.002014,-0.000234,0.000899,-0.003685,0.249581,-9.806824,-0.019590,-0.001630,-1.790236,-2.918140,-0.012827,27.000000,0.013045,12.193607,-0.002513,0.035282,-1.780236,0.090000,-0.010000,22,0,1,34,33,-0.018638,-0.017562,-1.887473,0.370025,0.318456,9.792871,1.794249,-0.012827,0.000481,7,1,0,0.000000,0,8.026385,0.000000,-0.026082,0,-0.022010,0.000000,-0.104969,8.026385,-0.022010,1,1,1,4.283193,0.000000,0.000000,0.000000,0.000000,0.000000,0.000000,0.000000
1.9701,12.193070,0.017162,-0.078823,-1.780236,-0.009626,-0.112832,1,8.026385,22,-0.004233,0.252323,12.193070,-0.000419,7.951920,-0.078823,12.193128,8.041664,-0.078823,0.017162,-1.780236,0.012710,-0.478477,-41.652303,0.089744,-0.007000,0.000700,0.002000,0.000458,0.000700,-0.004233,0.252323,-9.806754,-0.017968,0.005902,-1.787236,-2.936753,-0.013017,27.000000,0.013045,12.193128,-0.000419,0.018408,-1.780236,0.090000,-0.007000,27,0,1,34,33,-0.014369,-0.011422,-1.866065,-0.390051,-0.918040,9.990500,1.775636,-0.013017,0.000010,7,1,0,0.000000,0,8.026385,0.000000,-0.009626,0,-0.038650,0.000000,-0.112832,8.026385,-0.038650,1,1,1,4.283051,0.000000,0.000000,0.000000,0.000000,0.000000,0.000000,0.000000
1.9801,12.193148,0.000074,-0.090440,-1.780236,-0.014698,-0.094405,1,8.026385,32,-0.006036,0.253703,12.193148,0.002513,7.950350,-0.090440,12.193224,8.040343,-0.090440,0.000074,-1.780236,0.012653,-0.478477,-41.652303,0.089993,-0.001000,0.000820,0.001992,0.000053,0.000820,-0.006036,0.253703,-9.806717,0.000460,-0.046273,-1.781236,-2.955166,-0.013212,27.000000,0.013045,12.193224,0.002513,0.001534,-1.780236,0.090000,-0.001000,32,0,1,34,33,-0.016447,-0.066932,-1.870979,-0.010182,-0.303748,9.824653,1.757223,-0.013212,-0.000613,7,1,0,0.000000,0,8.026385,0.000000,-0.014698,0,-0.054303,0.000000,-0.094405,8.026385,-0.054303,1,1,1,4.282914,0.000000,0.000000,0.000000,0.000000,0.000000,0.000000,0.000000
1.9901,12.193299,-0.016383,-0.174372,-1.675516,-0.002298,-0.082748,1,8.026385,42,-0.013549,0.254655,12.193299,0.005550,7.947519,-0.174372,12.193416,8.038208,-0.174372,-0.016383,-1.675516,0.012747,-0.478477,-41.652303,0.090689,0.007000,0.000623,0.001999,0.000533,0.000623,-0.013549,0.254655,-9.806685,0.049588,-0.076091,-1.668516,-2.973768,-0.013189,27.000000,0.013045,12.193416,0.005550,-0.015340,-1.675516,0.091000,0.007000,37,0,1,34,33,0.019898,-0.112100,-1.841608,0.870168,-0.306338,10.074031,1.738621,-0.013189,-0.001806,7,1,0,0.000000,0,8.026385,0.000000,-0.002298,0,-0.068593,0.000000,-0.082748,8.026385,-0.068593,1,1,1,4.282786,0.000000,0.000000,0.000000,0.000000,0.000000,0.000000,0.000000
2.0001,12.193842,-0.032352,-0.110607,-1.675516,-0.001113,-0.066299,1,8.026385,52,-0.018706,0.253017,12.193842,0.002513,7.946745,-0.110607,12.193895,8.036330,-0.110607,-0.032352,-1.675516,0.012786,-0.478477,-41.652303,0.089585,0.007000,0.000540,0.002115,0.000236,0.000540,-0.018706,0.253017,-9.806719,0.018383,-0.005290,-1.668516,-2.991620,-0.012933,27.000000,0.013045,12.193895,0.002513,-0.031446,-1.675516,0.090000,0.007000,42,0,1,34,33,0.015565,-0.033868,-1.778835,0.649099,-0.395478,9.537047,1.720769,-0.012933,-0.002740,7,1,0,0.000000,0,8.026385,0.000000,-0.001113,0,-0.081385,0.000000,-0.066299,8.026385,-0.081385,1,1,1,4.282664,0.000000,0.000000,0.000000,0.000000,0.000000,0.000000,0.000000
2.0101,12.193823,-0.047817,-0.101062,-1.570796,-0.001483,-0.047987,1,8.026385,62,-0.019898,0.252024,12.193823,0.001466,7.945015,-0.101062,12.193895,8.034796,-0.101062,-0.047817,-1.570796,0.012731,-0.478477,-41.652303,0.089781,0.002000,0.000656,0.002004,0.000331,0.000656,-0.019898,0.252024,-9.806742,-0.001720,0.007094,-1.568796,-3.008621,-0.012836,27.000000,0.013045,12.193895,0.001466,-0.046786,-1.570796,0.090000,0.002000,47,0,1,34,33,0.000634,-0.013988,-1.669816,0.943445,0.254069,9.610759,1.703768,-0.012836,-0.003254,7,1,0,0.000000,0,8.026385,0.000000,-0.001483,0,-0.092677,0.000000,-0.047987,8.026385,-0.092677,1,1,1,4.282549,0.000000,0.000000,0.000000,0.000000,0.000000,0.000000,0.000000
2.0201,12.194384,-0.060518,-0.155690,-1.361357,0.020883,-0.054804,1,8.026385,72,-0.018544,0.251291,12.194384,0.005550,7.942104,-0.155690,12.194470,8.031654,-0.155690,-0.060518,-1.361357,0.012802,-0.478477,-41.652303,0.089551,-0.003000,0.000509,0.002017,0.000434,0.000509,-0.018544,0.251291,-9.806763,0.011278,0.029803,-1.364357,-3.024462,-0.012656,27.000000,0.013045,12.194470,0.005550,-0.059825,-1.361357,0.090000,-0.003000,52,0,1,34,33,0.019869,0.005452,-1.520241,0.029651,-0.687384,9.916528,1.687927,-0.012656,-0.003436,7,1,0,0.000000,0,8.026385,0.000000,0.020883,0,-0.102468,0.000000,-0.054804,8.026385,-0.102468,1,1,1,4.282444,0.000000,0.000000,0.000000,0.000000,0.000000,0.000000,0.000000
2.0301,12.194638,-0.071838,-0.278157,-1.151917,0.026783,-0.047553,1,8.026385,82,-0.017838,0.247775,12.194638,0.003560,7.939112,-0.278157,12.194758,8.028544,-0.278157,-0.071838,-1.151917,0.012834,-0.478477,-41.652303,0.089432,-0.003000,0.000441,0.002002,0.000627,0.000441,-0.017838,0.247775,-9.806854,0.030233,0.012997,-1.154917,-3.038890,-0.012231,27.000000,0.013045,12.194758,0.003560,-0.071330,-1.151917,0.090000,-0.003000,57,0,1,34,33,0.032723,-0.014906,-1.433001,-0.528695,0.797856,10.428752,1.673499,-0.012231,-0.003627,7,1,0,0.000000,0,8.026385,0.000000,0.026783,0,-0.110760,0.000000,-0.047553,8.026385,-0.110760,1,1,1,4.282350,0.000000,0.000000,0.000000,0.000000,0.000000,0.000000,0.000000
2.0401,12.195341,-0.082611,-0.179909,-1.151917,0.031898,-0.030069,1,8.026385,92,-0.020179,0.245777,12.195341,0.007645,7.935990,-0.179909,12.195429,8.025526,-0.179909,-0.082611,-1.151917,0.012819,-0.478477,-41.652303,0.089536,0.000000,0.000472,0.002000,0.000795,0.000472,-0.020179,0.245777,-9.806900,0.029670,-0.037214,-1.151917,-3.052683,-0.011982,27.000000,0.013045,12.195429,0.007645,-0.082068,-1.151917,0.090000,0.000000,62,0,1,34,33,0.017860,-0.061185,-1.331151,-0.213945,0.170689,9.341196,1.659706,-0.011982,-0.004118,7,1,0,0.000000,0,8.026385,0.000000,0.031898,0,-0.117551,0.000000,-0.030069,8.026385,-0.117551,1,1,1,4.282267,0.000000,0.000000,0.000000,0.000000,0.000000,0.000000,0.000000
2.0501,12.199513,-0.092135,-0.265888,-0.942478,0.047711,-0.019098,1,8.026385,102,-0.023704,0.245028,12.199513,0.047543,7.932034,-0.265888,12.199743,8.021694,-0.265888,-0.092135,-0.942478,0.012607,-0.478477,-41.652303,0.089660,0.003000,0.000916,0.001987,0.001636,0.000916,-0.023704,0.245028,-9.806911,-0.020517,-0.026575,-0.939478,-3.066044,-0.012045,27.000000,0.013045,12.199743,0.047543,-0.091272,-0.942478,0.090000,0.003000,67,0,1,34,33,-0.026957,-0.035207,-1.205018,0.580175,0.498361,9.947942,1.646345,-0.012045,-0.004704,7,1,0,0.000000,0,8.026385,0.000000,0.047711,0,-0.122843,0.000000,-0.019098,8.026385,-0.122843,1,1,1,4.282200,0.000000,0.000000,0.000000,0.000000,0.000000,0.000000,0.000000
2.0601,12.208295,-0.100234,-0.343215,-0.733038,0.045780,-0.009723,1,8.026385,112,-0.025776,0.248127,12.208295,0.091525,7.928972,-0.343215,12.208468,8.018661,-0.343215,-0.100234,-0.733038,0.012702,-0.478477,-41.652303,0.089688,0.003000,0.000717,0.001987,0.002771,0.000717,-0.025776,0.248127,-9.806828,-0.012795,-0.031908,-0.730038,-3.077180,-0.012204,27.000000,0.013045,12.208468,0.091525,-0.099709,-0.733038,0.090000,0.003000,72,0,1,34,33,-0.020508,-0.041220,-1.072816,0.303040,0.092703,9.484305,1.635209,-0.012204,-0.005146,7,1,0,0.000000,0,8.026385,0.000000,0.045780,0,-0.126635,0.000000,-0.009723,8.026385,-0.126635,1,1,1,4.282170,0.000000,0.000000,0.000000,0.000000,0.000000,0.000000,0.000000
2.0701,12.223613,-0.105277,-0.305710,-0.628319,0.070795,-0.020266,1,8.026385,122,-0.026919,0.253379,12.223613,0.156975,7.924503,-0.305710,12.223712,8.014048,-0.305710,-0.105277,-0.628319,0.012893,-0.478477,-41.652303,0.089546,0.000000,0.000318,0.001991,0.005534,0.000318,-0.026919,0.253379,-9.806690,-0.029019,-0.012589,-0.628319,-3.086837,-0.012507,27.000000,0.013045,12.223712,0.156975,-0.105078,-0.628319,0.090000,0.000000,77,0,1,34,33,-0.031166,-0.017451,-0.933881,-0.153684,-0.341130,9.747621,1.625552,-0.012507,-0.005443,6,1,0,0.000000,0,8.026385,0.000000,0.070795,0,-0.128966,0.000000,-0.020266,8.026385,-0.128966,1,1,1,4.282189,0.000000,0.000000,0.000000,0.000000,0.000000,0.000000,0.000000
2.0801,12.244333,-0.109965,-0.328643,-0.523599,0.077886,-0.005148,1,8.026385,132,-0.025964,0.255432,12.244333,0.224519,7.920018,-0.328643,12.244518,8.009614,-0.328643,-0.109965,-0.523599,0.012784,-0.478477,-41.652303,0.089596,-0.002000,0.000546,0.002000,0.005764,0.000546,-0.025964,0.255432,-9.806640,-0.038618,0.021088,-0.525599,-3.095960,-0.012809,27.000000,0.013045,12.244518,0.224519,-0.109679,-0.523599,0.090000,-0.002000,82,0,1,34,33,-0.033314,0.017822,-0.854539,-0.459048,0.042026,10.459484,1.616429,-0.012809,-0.005489,7,1,0,0.000000,0,8.026385,0.000000,0.077886,0,-0.130135,0.000000,-0.005148,8.026385,-0.130135,1,1,1,4.282283,0.000000,0.000000,0.000000,0.000000,0.000000,0.000000,0.000000
2.0901,12.268032,-0.115510,-0.309261,-0.523599,0.068009,0.021319,1,8.026385,142,-0.023931,0.254951,12.268032,0.245987,7.917017,-0.309261,12.268294,8.006742,-0.309261,-0.115510,-0.523599,0.012623,-0.478477,-41.652303,0.089725,-0.003000,0.000881,0.001865,0.005057,0.000881,-0.023931,0.254951,-9.806657,-0.011976,0.080850,-0.526599,-3.104375,-0.012914,27.000000,0.013045,12.268294,0.245987,-0.115048,-0.523599,0.090000,-0.003000,87,0,1,34,33,0.002923,0.071123,-0.836824,-0.690637,-0.683075,8.758081,1.608014,-0.012914,-0.005419,7,1,0,0.000000,0,8.026385,0.000000,0.068009,0,-0.130542,0.000000,0.021319,8.026385,-0.130542,1,1,1,4.289932,0.000000,0.000000,0.000000,0.000000,0.000000,0.000000,0.000000
2.1001,12.271110,-0.122174,-0.190776,-0.733038,0.062969,0.049385,1,8.026385,152,-0.008585,0.256764,12.271110,0.017802,7.915238,-0.190776,12.271171,8.004768,-0.190776,-0.122174,-0.733038,0.012900,-0.478477,-41.652303,0.089530,0.000000,0.000304,0.001983,-0.001131,0.000304,-0.008585,0.256764,-9.806635,-0.067269,0.140879,-0.733038,-3.112991,-0.012975,27.000000,0.013045,12.271171,0.017802,-0.121951,-0.733038,0.090000,0.000000,92,0,1,34,33,-0.042001,0.138430,-0.925677,-2.228261,0.136694,10.459284,1.599398,-0.012975,-0.004059,7,1,0,0.000000,0,8.026385,0.000000,0.062969,0,-0.130585,0.000000,0.049385,8.026385,-0.130585,1,1,1,4.293297,0.000000,0.000000,0.000000,0.000000,0.000000,0.000000,0.000000
2.1101,12.265407,-0.129135,0.131787,-0.733038,0.047391,0.066704,1,8.026385,162,-0.011064,0.255012,12.265407,-0.045448,7.914605,0.131787,12.265322,8.004422,0.131787,-0.129135,-0.733038,0.012862,-0.478477,-41.652303,0.089817,0.004000,0.000383,0.001995,-0.001144,0.000383,-0.011064,0.255012,-9.806679,0.068261,-0.100017,-0.729038,-3.120302,-0.012775,27.000000,0.013045,12.265322,-0.045448,-0.128854,-0.733038,0.090000,0.004000,97,0,1,34,33,0.050155,-0.117888,-0.595785,-1.540181,0.336334,10.586153,1.592087,-0.012775,-0.004466,7,1,0,0.000000,0,8.026385,0.000000,0.047391,0,-0.130586,0.000000,0.066704,8.026385,-0.130586,1,1,1,4.293500,0.000000,0.000000,0.000000,0.000000,0.000000,0.000000,0.000000
2.1201,12.266031,-0.135355,0.259389,-0.628319,0.025819,0.071743,1,8.026385,172,-0.018109,0.257308,12.266031,0.005550,7.915838,0.259389,12.265898,8.005931,0.259389,-0.135355,-0.628319,0.012767,-0.478477,-41.652303,0.090093,0.015000,0.000581,0.002006,-0.000230,0.000581,-0.018109,0.257308,-9.806608,-0.010692,-0.020494,-0.613319,-3.125023,-0.012976,27.000000,0.013045,12.265898,0.005550,-0.134990,-0.628319,0.090000,0.015000,102,0,1,34,33,-0.013913,-0.022977,-0.353665,1.494626,-1.599596,9.506357,1.587366,-0.012976,-0.005369,6,1,0,0.000000,0,8.026385,0.000000,0.025819,0,-0.130586,0.000000,0.071743,8.026385,-0.130586,1,1,1,4.293693,0.000000,0.000000,0.000000,0.000000,0.000000,0.000000,0.000000
2.1301,12.265992,-0.138254,0.215062,-0.314159,0.031264,0.044321,1,8.026385,182,-0.017464,0.254541,12.265992,-0.004503,7.916649,0.215062,12.265802,8.006735,0.215062,-0.138254,-0.314159,0.012747,-0.478477,-41.652303,0.090086,0.013000,0.000623,0.001989,-0.000791,0.000623,-0.017464,0.254541,-9.806682,0.068800,0.035551,-0.301159,-3.127116,-0.012710,27.000000,0.013045,12.265802,-0.004503,-0.138058,-0.314159,0.090000,0.013000,107,0,1,34,33,0.073637,0.022880,-0.086396,-0.317359,0.181626,10.001598,1.585273,-0.012710,-0.005340,6,1,0,0.000000,0,8.026385,0.000000,0.031264,0,-0.130586,0.000000,0.044321,8.026385,-0.130586,1,1,1,4.293882,0.000000,0.000000,0.000000,0.000000,0.000000,0.000000,0.000000
2.1401,12.265185,-0.138058,0.111584,0.000000,0.038060,0.012989,1,8.026385,192,-0.017188,0.244949,12.265185,-0.008692,7.916835,0.111584,12.265131,8.006838,0.111584,-0.138058,0.000000,0.012805,-0.478477,-41.652303,0.090003,-0.011000,0.000502,0.002002,-0.000377,0.000502,-0.017188,0.244949,-9.806926,0.093093,-0.006424,-0.011000,-3.126813,-0.011688,27.000000,0.013045,12.265131,-0.008692,-0.138058,0.000000,0.090000,-0.011000,112,0,1,34,33,0.090814,-0.020168,0.100851,-1.399201,0.469671,9.860232,1.585576,-0.011688,-0.005172,7,1,0,0.000000,0,8.026385,0.000000,0.038060,0,-0.130586,0.000000,0.012989,8.026385,-0.130586,1,1,1,4.294063,0.000000,0.000000,0.000000,0.000000,0.000000,0.000000,0.000000
2.1501,12.264743,-0.137291,0.286847,0.000000,0.025442,0.005741,1,8.026385,202,-0.020704,0.243113,12.264743,0.000419,7.917869,0.286847,12.264651,8.007976,0.286847,-0.137291,0.000000,0.012882,-0.478477,-41.652303,0.090107,-0.023000,0.000341,0.002002,-0.000613,0.000341,-0.020704,0.243113,-9.806965,-0.012074,-0.063096,-0.023000,-3.124912,-0.011381,27.000000,0.013045,12.264651,0.000419,-0.137291,0.000000,0.090000,-0.023000,117,0,1,34,33,-0.022234,-0.056867,0.264601,-0.414225,0.460167,9.899059,1.587477,-0.011381,-0.005483,7,1,0,0.000000,0,8.026385,0.000000,0.025442,0,-0.130586,0.000000,0.005741,8.026385,-0.130586,1,1,1,4.294241,0.000000,0.000000,0.000000,0.000000,0.000000,0.000000,0.000000
2.1601,12.266066,-0.136524,0.310386,0.000000,0.013386,0.004207,1,8.026385,212,-0.023884,0.245793,12.266066,0.009634,7.919838,0.310386,12.265898,8.009929,0.310386,-0.136524,0.000000,0.012785,-0.478477,-41.652303,0.090091,-0.013000,0.000543,0.002129,-0.000265,0.000543,-0.023884,0.245793,-9.806891,-0.043535,-0.004202,-0.013000,-3.122197,-0.011708,27.000000,0.013045,12.265898,0.009634,-0.136524,0.000000,0.090000,-0.013000,122,0,1,34,33,-0.043638,0.006755,0.297324,-0.310084,0.050573,8.995391,1.590192,-0.011708,-0.005822,6,1,0,0.000000,0,8.026385,0.000000,0.013386,0,-0.130586,0.000000,0.004207,8.026385,-0.130586,1,1,1,4.294419,0.000000,0.000000,0.000000,0.000000,0.000000,0.000000,0.000000
2.1701,12.266831,-0.135757,0.253879,0.000000,0.010866,0.002673,1,8.026385,222,-0.020172,0.247415,12.266831,0.007645,7.921648,0.253879,12.266665,8.011766,0.253879,-0.135757,0.000000,0.012726,-0.478477,-41.652303,0.090118,0.009000,0.000667,0.001997,-0.000500,0.000667,-0.020172,0.247415,-9.806859,-0.007208,-0.014505,0.009000,-3.119589,-0.011987,27.000000,0.013045,12.266665,0.007645,-0.135757,0.000000,0.090000,0.009000,127,0,1,34,33,-0.009476,-0.009789,0.263025,-0.718150,0.027241,10.095490,1.592800,-0.011987,-0.005451,7,1,0,0.000000,0,8.026385,0.000000,0.010866,0,-0.130586,0.000000,0.002673,8.026385,-0.130586,1,1,1,4.294590,0.000000,0.000000,0.000000,0.000000,0.000000,0.000000,0.000000
2.1801,12.266495,-0.133456,0.310631,0.000000,0.019569,-0.017269,1,8.026385,232,-0.024155,0.247679,12.266495,-0.001466,7.922411,0.310631,12.266281,8.012572,0.310631,-0.133456,0.000000,0.012699,-0.478477,-41.652303,0.090160,0.017000,0.000724,0.002002,-0.000443,0.000724,-0.024155,0.247679,-9.806843,-0.001815,-0.071698,0.017000,-3.116488,-0.012000,27.000000,0.013045,12.266281,-0.001466,-0.133456,0.000000,0.090000,0.017000,132,0,1,34,33,-0.013667,-0.066241,0.328499,-0.318076,0.034173,9.550306,1.595901,-0.012000,-0.005800,7,1,0,0.000000,0,8.026385,0.000000,0.019569,0,-0.130586,0.000000,-0.017269,8.026385,-0.130586,1,1,1,4.294760,0.000000,0.000000,0.000000,0.000000,0.000000,0.000000,0.000000
2.1901,12.266314,-0.131827,0.242404,0.104720,0.004503,-0.013809,1,8.026385,242,-0.028775,0.252366,12.266314,-0.002513,7.924423,0.242404,12.266089,8.014499,0.242404,-0.131827,0.104720,0.012610,-0.478477,-41.652303,0.090076,0.005000,0.000909,0.001999,-0.000689,0.000909,-0.028775,0.252366,-9.806711,-0.076450,-0.039676,0.109720,-3.112940,-0.012510,27.000000,0.013045,12.266089,-0.002513,-0.131922,0.104720,0.090000,0.005000,137,0,1,34,33,-0.082014,-0.021873,0.352427,0.574067,-0.100730,10.449151,1.599449,-0.012510,-0.006290,7,1,0,0.000000,0,8.026385,0.000000,0.004503,0,-0.130586,0.000000,-0.013809,8.026385,-0.130586,1,1,1,4.294922,0.000000,0.000000,0.000000,0.000000,0.000000,0.000000,0.000000
2.2001,12.266680,-0.130388,0.426082,0.000000,-0.003319,-0.014782,1,8.026385,252,-0.030653,0.260705,12.266680,0.006597,7.926577,0.426082,12.266473,8.016756,0.426082,-0.130388,0.000000,0.012813,-0.478477,-41.652303,0.090180,-0.010000,0.000486,0.002040,-0.000752,0.000486,-0.030653,0.260705,-9.806487,-0.027362,-0.035166,-0.010000,-3.109249,-0.013134,27.000000,0.013045,12.266473,0.006597,-0.130388,0.000000,0.090000,-0.010000,142,0,1,34,33,-0.032896,-0.024720,0.416433,0.812653,-0.324551,9.997247,1.603140,-0.013134,-0.006554,7,1,0,0.000000,0,8.026385,0.000000,-0.003319,0,-0.130586,0.000000,-0.014782,8.026385,-0.130586,1,1,1,4.295069,0.000000,0.000000,0.000000,0.000000,0.000000,0.000000,0.000000
2.2101,12.267267,-0.127960,0.207867,0.209440,-0.001483,-0.029529,1,8.026385,6,-0.030842,0.260313,12.267267,0.006597,7.928447,0.207867,12.267144,8.018485,0.207867,-0.127960,0.209440,0.012755,-0.478477,-41.652303,0.090038,-0.015000,0.000606,0.002000,-0.000380,0.000606,-0.030842,0.260313,-9.806497,0.028012,0.020478,0.194440,-3.105093,-0.013165,27.000000,0.013045,12.267144,0.006597,-0.128087,0.209440,0.090000,-0.015000,147,0,1,34,33,0.031090,0.020538,0.402077,0.163876,-0.867811,9.819098,1.607296,-0.013165,-0.006505,7,1,0,0.000000,0,8.026385,0.000000,-0.001483,0,-0.130586,0.000000,-0.029529,8.026385,-0.130586,1,1,1,4.295219,0.000000,0.000000,0.000000,0.000000,0.000000,0.000000,0.000000
2.2201,12.266617,-0.124884,0.230100,0.209440,0.002994,-0.042168,1,8.026385,16,-0.032252,0.254656,12.266617,-0.005550,7.929491,0.230100,12.266473,8.019552,0.230100,-0.124884,0.209440,0.012736,-0.478477,-41.652303,0.090061,-0.006000,0.000647,0.001991,-0.000734,0.000647,-0.032252,0.254656,-9.806641,0.065212,-0.006120,0.203440,-3.100948,-0.012614,27.000000,0.013045,12.266473,-0.005550,-0.125019,0.209440,0.090000,-0.006000,152,0,1,34,33,0.063153,-0.011849,0.433726,0.542956,0.465531,10.282555,1.611441,-0.012614,-0.006496,7,1,0,0.000000,0,8.026385,0.000000,0.002994,0,-0.130586,0.000000,-0.042168,8.026385,-0.130586,1,1,1,4.295362,0.000000,0.000000,0.000000,0.000000,0.000000,0.000000,0.000000
2.2301,12.265696,-0.123485,0.403267,0.000000,-0.020596,-0.028186,1,8.026385,26,-0.034826,0.249697,12.265696,-0.008692,7.931228,0.403267,12.265418,8.022407,0.403267,-0.123485,0.000000,0.012689,-0.478477,-41.652303,0.091179,0.007000,0.000744,0.002001,-0.000511,0.000744,-0.034826,0.249697,-9.806760,0.036291,-0.001909,0.007000,-3.096696,-0.012136,27.000000,0.013045,12.265418,-0.008692,-0.123485,0.000000,0.091000,0.007000,157,0,1,34,33,0.035387,-0.003069,0.410339,0.503836,-0.255561,9.040696,1.615693,-0.012136,-0.006659,7,1,0,0.000000,0,8.026385,0.000000,-0.020596,0,-0.130586,0.000000,-0.028186,8.026385,-0.130586,1,1,1,4.295500,0.000000,0.000000,0.000000,0.000000,0.000000,0.000000,0.000000
2.2401,12.265623,-0.121032,0.139064,0.209440,-0.007991,-0.043643,1,8.026385,36,-0.034189,0.247867,12.265623,0.001466,7.933721,0.139064,12.265514,8.023736,0.139064,-0.121032,0.209440,0.012696,-0.478477,-41.652303,0.090015,0.009000,0.000728,0.001992,-0.000386,0.000728,-0.034189,0.247867,-9.806808,0.004519,0.017620,0.218440,-3.092911,-0.011967,27.000000,0.013045,12.265514,0.001466,-0.121184,0.209440,0.090000,0.009000,162,0,1,34,33,0.007596,0.021066,0.357264,0.877272,0.495457,10.196939,1.619477,-0.011967,-0.006511,7,1,0,0.000000,0,8.026385,0.000000,-0.007991,0,-0.130586,0.000000,-0.043643,8.026385,-0.130586,1,1,1,4.295623,0.000000,0.000000,0.000000,0.000000,0.000000,0.000000,0.000000
2.2501,12.265570,-0.120417,0.308939,0.000000,-0.028612,-0.026481,1,8.026385,46,-0.030300,0.246063,12.265570,-0.003560,7.936445,0.308939,12.265322,8.026562,0.308939,-0.120417,0.000000,0.012665,-0.478477,-41.652303,0.090117,0.002000,0.000794,0.002019,-0.000932,0.000794,-0.030300,0.246063,-9.806867,-0.013118,0.030817,0.002000,-3.089466,-0.011868,27.000000,0.013045,12.265322,-0.003560,-0.120417,0.000000,0.090000,0.002000,167,0,1,34,33,-0.007377,0.036606,0.310500,-0.518469,0.182932,9.886635,1.622923,-0.011868,-0.006080,7,1,0,0.000000,0,8.026385,0.000000,-0.028612,0,-0.130586,0.000000,-0.026481,8.026385,-0.130586,1,1,1,4.295741,0.000000,0.000000,0.000000,0.000000,0.000000,0.000000,0.000000
2.2601,12.263361,-0.118883,0.266420,0.000000,-0.014046,-0.038744,1,8.026385,56,-0.027241,0.246698,12.263361,-0.021991,7.937645,0.266420,12.263117,8.027703,0.266420,-0.118883,0.000000,0.012611,-0.478477,-41.652303,0.090058,-0.005000,0.000907,0.001999,-0.000998,0.000907,-0.027241,0.246698,-9.806860,-0.014139,0.012338,-0.005000,-3.086788,-0.012032,27.000000,0.013045,12.263117,-0.021991,-0.118883,0.000000,0.090000,-0.005000,172,0,1,34,33,-0.011641,0.018013,0.261214,0.189983,-0.046646,9.923071,1.625601,-0.012032,-0.005740,6,1,0,0.000000,0,8.026385,0.000000,-0.014046,0,-0.130586,0.000000,-0.038744,8.026385,-0.130586,1,1,1,4.295848,0.000000,0.000000,0.000000,0.000000,0.000000,0.000000,0.000000
2.2701,12.259645,-0.118883,0.194374,0.000000,-0.030161,-0.024204,1,8.026385,66,-0.024737,0.247220,12.259645,-0.036233,7.939962,0.194374,12.259474,8.029997,0.194374,-0.118883,0.000000,0.012633,-0.478477,-41.652303,0.090034,-0.008000,0.000861,0.001903,-0.001459,0.000861,-0.024737,0.247220,-9.806853,-0.005070,-0.001397,-0.008000,-3.084491,-0.012094,27.000000,0.013045,12.259474,-0.036233,-0.118883,0.000000,0.090000,-0.008000,177,0,1,34,33,-0.005242,0.001928,0.186365,-0.269865,-0.127648,9.491288,1.627898,-0.012094,-0.005493,7,1,0,0.000000,0,8.026385,0.000000,-0.030161,0,-0.130652,0.000000,-0.024204,8.026385,-0.130652,1,1,1,4.295937,0.000000,0.000000,0.000000,0.000000,0.000000,0.000000,0.000000
2.2801,12.253562,-0.118883,0.132617,0.000000,-0.025047,-0.029138,1,8.026385,76,-0.026478,0.246321,12.253562,-0.066916,7.941496,0.132617,12.253434,8.031482,0.132617,-0.118883,0.000000,0.012600,-0.478477,-41.652303,0.089987,0.000000,0.000930,0.001992,-0.001611,0.000930,-0.026478,0.246321,-9.806871,0.021408,-0.014343,0.000000,-3.083008,-0.012015,27.000000,0.013045,12.253434,-0.066916,-0.118883,0.000000,0.090000,0.000000,182,0,1,34,33,0.018243,-0.016528,0.132836,0.322707,0.146786,9.752833,1.629381,-0.012015,-0.005659,6,1,0,0.000000,0,8.026385,0.000000,-0.025047,0,-0.131119,0.000000,-0.029138,8.026385,-0.131119,1,1,1,4.296004,0.000000,0.000000,0.000000,0.000000,0.000000,0.000000,0.000000
2.2901,12.246376,-0.118883,0.145071,0.000000,-0.027947,-0.039671,1,8.026385,86,-0.025801,0.245582,12.246376,-0.075084,7.942959,0.145071,12.246244,8.032962,0.145071,-0.118883,0.000000,0.012579,-0.478477,-41.652303,0.090003,0.005000,0.000974,0.001993,-0.001929,0.000974,-0.025801,0.245582,-9.806892,-0.004823,-0.002631,0.005000,-3.081527,-0.011969,27.000000,0.013045,12.246244,-0.075084,-0.118883,0.000000,0.090000,0.005000,187,0,1,34,33,-0.009530,0.006814,0.139485,0.160603,-0.034153,9.683917,1.630772,-0.011969,-0.005582,7,1,0,0.000000,0,8.026385,0.000000,-0.027947,0,-0.132386,0.000000,-0.039671,8.026385,-0.132386,1,1,1,4.296043,0.000000,0.000000,0.000000,0.000000,0.000000,0.000000,0.000000
2.3001,12.237261,-0.118883,0.141960,0.000000,-0.031373,-0.056592,1,8.026385,96,-0.027038,0.248357,12.237261,-0.092572,7.944468,0.141960,12.237135,8.034480,0.141960,-0.118883,0.000000,0.012639,-0.478477,-41.652303,0.090012,0.006000,0.000848,0.002140,-0.002417,0.000848,-0.027038,0.248357,-9.806818,-0.038638,-0.007763,0.006000,-3.080011,-0.012175,27.000000,0.013045,12.237135,-0.092572,-0.118883,0.000000,0.090000,0.006000,192,0,1,34,33,-0.039407,0.002341,0.147943,0.160725,-0.514861,9.114430,1.632378,-0.012175,-0.005740,7,1,0,0.000000,0,8.026385,0.000000,-0.031373,0,-0.134851,0.000000,-0.056592,8.026385,-0.134851,1,1,1,4.296049,0.000000,0.000000,0.000000,0.000000,0.000000,0.000000,0.000000
2.3101,12.227813,-0.118883,0.074696,0.000000,-0.029318,-0.079186,1,8.026385,106,-0.028255,0.251290,12.227813,-0.096656,7.945623,0.074696,12.227739,8.035574,0.074696,-0.118883,0.000000,0.012617,-0.478477,-41.652303,0.089951,0.000000,0.000894,0.002119,-0.002227,0.000894,-0.028255,0.251290,-9.806740,-0.013241,-0.033325,0.000000,-3.078920,-0.012479,27.000000,0.013045,12.227739,-0.096656,-0.118883,0.000000,0.090000,0.000000,197,0,1,34,33,-0.020189,-0.022368,0.081537,0.096475,0.000424,10.756110,1.633417,-0.012467,-0.005877,6,1,0,0.000000,0,8.026385,0.000000,-0.029318,0,-0.138789,0.000000,-0.079186,8.026385,-0.138789,1,1,1,4.296020,0.000000,0.000000,0.000000,0.000000,0.000000,0.000000,0.000000
2.3201,12.218932,-0.119650,0.038291,0.000000,-0.034385,-0.095783,1,8.026385,116,-0.029112,0.255691,12.218932,-0.092572,7.946995,0.038291,12.218919,8.036908,0.038291,-0.119650,0.000000,0.012922,-0.478477,-41.652303,0.089913,-0.004000,0.000256,0.001980,-0.002119,0.000256,-0.029112,0.255691,-9.806624,0.004516,-0.023868,-0.004000,-3.078354,-0.012604,27.000000,0.013045,12.218919,-0.092572,-0.119650,0.000000,0.090000,-0.004000,1,0,1,34,33,-0.000990,-0.023826,0.034602,0.333732,0.055550,10.173022,1.634035,-0.012604,-0.006058,6,1,0,0.000000,0,8.026385,0.000000,-0.034385,0,-0.144220,0.000000,-0.095783,8.026385,-0.144220,1,1,1,4.295962,0.000000,0.000000,0.000000,0.000000,0.000000,0.000000,0.000000
2.3301,12.210070,-0.120505,0.049318,-0.104720,-0.030064,-0.119763,1,8.026385,126,-0.031984,0.253269,12.210070,-0.093515,7.947741,0.049318,12.210002,8.037660,0.049318,-0.120505,-0.104720,0.012646,-0.478477,-41.652303,0.089918,-0.006000,0.000833,0.002005,-0.002383,0.000833,-0.031984,0.253269,-9.806678,0.003663,-0.010519,-0.110720,-3.078461,-0.012595,27.000000,0.013045,12.210002,-0.093515,-0.120417,-0.104720,0.090000,-0.006000,6,0,1,34,33,0.001104,-0.011860,-0.061257,0.850800,-0.371161,9.901099,1.633928,-0.012595,-0.006341,7,1,0,0.000000,0,8.026385,0.000000,-0.030064,0,-0.150960,0.000000,-0.119763,8.026385,-0.150960,1,1,1,4.295860,0.000000,0.000000,0.000000,0.000000,0.000000,0.000000,0.000000
2.3401,12.202015,-0.122904,0.065431,-0.209440,-0.039711,-0.124026,1,8.026385,136,-0.034352,0.252243,12.202015,-0.082310,7.949187,0.065431,12.201948,8.039090,0.065431,-0.122904,-0.209440,0.012622,-0.478477,-41.652303,0.089903,-0.003000,0.000885,0.001855,-0.001892,0.000885,-0.034352,0.252243,-9.806696,0.010389,-0.019771,-0.212440,-3.079433,-0.012471,27.000000,0.013045,12.201948,-0.082310,-0.122718,-0.209440,0.090000,-0.003000,11,0,1,34,33,0.005360,-0.023535,-0.146723,1.030503,-0.126949,9.492142,1.632956,-0.012471,-0.006628,7,1,0,0.000000,0,8.026385,0.000000,-0.039711,0,-0.158618,0.000000,-0.124026,8.026385,-0.158618,1,1,1,4.295733,0.000000,0.000000,0.000000,0.000000,0.000000,0.000000,0.000000
2.3501,12.197580,-0.126037,0.046989,-0.314159,-0.036631,-0.131966,1,8.026385,146,-0.037066,0.252347,12.197580,-0.041364,7.950149,0.046989,12.197538,8.040025,0.046989,-0.126037,-0.314159,0.012663,-0.478477,-41.652303,0.089876,0.001000,0.000798,0.001984,-0.000608,0.000798,-0.037066,0.252347,-9.806684,0.004983,-0.006903,-0.313159,-3.081634,-0.012384,27.000000,0.013045,12.197538,-0.041364,-0.125786,-0.314159,0.090000,0.001000,16,0,1,34,33,0.003178,-0.011269,-0.266049,1.030901,-0.091057,9.683911,1.630755,-0.012384,-0.006982,7,1,0,0.000000,0,8.026385,0.000000,-0.036631,0,-0.166796,0.000000,-0.131966,8.026385,-0.166796,1,1,1,4.295579,0.000000,0.000000,0.000000,0.000000,0.000000,0.000000,0.000000
2.3601,12.198290,-0.128931,-0.062627,-0.314159,-0.025707,-0.146359,1,8.026385,156,-0.036085,0.254954,12.198290,0.006597,7.950205,-0.062627,12.198305,8.039894,-0.062627,-0.128931,-0.314159,0.012928,-0.478477,-41.652303,0.089689,0.003000,0.000244,0.001994,0.000462,0.000244,-0.036085,0.254954,-9.806620,-0.021455,0.037982,-0.311159,-3.084657,-0.012375,27.000000,0.013045,12.198305,0.006597,-0.128854,-0.314159,0.090000,0.003000,21,0,1,34,33,-0.011848,0.037147,-0.374298,0.601244,0.244930,10.337797,1.627732,-0.012375,-0.006990,7,1,0,0.000000,0,8.026385,0.000000,-0.025707,0,-0.175093,0.000000,-0.146359,8.026385,-0.175093,1,1,1,4.295429,0.000000,0.000000,0.000000,0.000000,0.000000,0.000000,0.000000
2.3701,12.198159,-0.132956,0.000979,-0.523599,-0.020698,-0.140218,1,8.026385,166,-0.034335,0.255118,12.198159,0.001466,7.949586,0.000979,12.198209,8.039367,0.000979,-0.132956,-0.523599,0.012801,-0.478477,-41.652303,0.089781,0.001000,0.000510,0.001993,0.000244,0.000510,-0.034335,0.255118,-9.806622,-0.026105,0.012223,-0.522599,-3.089208,-0.012514,27.000000,0.013045,12.198209,0.001466,-0.132689,-0.523599,0.090000,0.001000,26,0,1,34,33,-0.022537,0.011293,-0.521807,0.409116,-0.174857,9.472116,1.623181,-0.012514,-0.006917,7,1,0,0.000000,0,8.026385,0.000000,-0.020698,0,-0.183110,0.000000,-0.140218,8.026385,-0.183110,1,1,1,4.295269,0.000000,0.000000,0.000000,0.000000,0.000000,0.000000,0.000000
2.3801,12.198473,-0.139161,-0.057170,-0.628319,-0.025392,-0.113876,1,8.026385,176,-0.032847,0.256739,12.198473,0.004503,7.949583,-0.057170,12.198497,8.039320,-0.057170,-0.139161,-0.628319,0.012789,-0.478477,-41.652303,0.089737,-0.001000,0.000535,0.001991,0.000255,0.000535,-0.032847,0.256739,-9.806585,-0.010330,-0.008046,-0.629319,-3.095459,-0.012668,27.000000,0.013045,12.198497,0.004503,-0.138825,-0.628319,0.090000,-0.001000,31,0,1,34,33,-0.011885,-0.014274,-0.686362,0.256783,0.104614,10.068191,1.616930,-0.012668,-0.006947,7,1,0,0.000000,0,8.026385,0.000000,-0.025392,0,-0.190445,0.000000,-0.113876,8.026385,-0.190445,1,1,1,4.295114,0.000000,0.000000,0.000000,0.000000,0.000000,0.000000,0.000000
2.3901,12.198755,-0.146347,-0.026798,-0.733038,-0.022284,-0.091397,1,8.026385,186,-0.033819,0.254443,12.198755,0.003560,7.949039,-0.026798,12.198784,8.039021,-0.026798,-0.146347,-0.733038,0.012641,-0.478477,-41.652303,0.089982,-0.001000,0.000844,0.001998,0.000052,0.000844,-0.033819,0.254443,-9.806641,0.020130,0.011826,-0.734038,-3.102944,-0.012519,27.000000,0.013045,12.198784,0.003560,-0.145728,-0.733038,0.090000,-0.001000,36,0,1,34,33,0.022235,-0.002499,-0.760865,0.876600,0.131260,9.485065,1.609445,-0.012519,-0.007193,6,1,0,0.000000,0,8.026385,0.000000,-0.022284,0,-0.196700,0.000000,-0.091397,8.026385,-0.196700,1,1,1,4.294958,0.000000,0.000000,0.000000,0.000000,0.000000,0.000000,0.000000
2.4001,12.198646,-0.153309,-0.054980,-0.733038,-0.013890,-0.075137,1,8.026385,196,-0.032335,0.252608,12.198646,-0.002513,7.948293,-0.054980,12.198689,8.038072,-0.054980,-0.153309,-0.733038,0.012602,-0.478477,-41.652303,0.089779,0.000000,0.000925,0.002011,-0.000009,0.000925,-0.032335,0.252608,-9.806694,-0.018320,0.027953,-0.733038,-3.110852,-0.012345,27.000000,0.013045,12.198689,-0.002513,-0.152631,-0.733038,0.090000,0.000000,41,0,1,34,33,-0.011952,0.021278,-0.788349,0.268024,-0.222961,10.265885,1.601537,-0.012345,-0.007190,7,1,0,0.000000,0,8.026385,0.000000,-0.013890,0,-0.201532,0.000000,-0.075137,8.026385,-0.201532,1,1,1,4.294810,0.000000,0.000000,0.000000,0.000000,0.000000,0.000000,0.000000
2.4101,12.198451,-0.159037,-0.019152,-0.733038,-0.004982,-0.067684,1,8.026385,206,-0.031431,0.255195,12.198451,-0.001466,7.946906,-0.019152,12.198497,8.036540,-0.019152,-0.159037,-0.733038,0.012868,-0.478477,-41.652303,0.089633,0.002000,0.000369,0.002000,0.000245,0.000369,-0.031431,0.255195,-9.806630,-0.000569,0.006986,-0.731038,-3.118111,-0.012313,27.000000,0.013045,12.198497,-0.001466,-0.158767,-0.733038,0.090000,0.002000,46,0,1,34,33,0.000892,-0.002702,-0.750218,0.571595,0.606972,10.446691,1.594278,-0.012313,-0.007284,7,1,0,0.000000,0,8.026385,0.000000,-0.004982,0,-0.204863,0.000000,-0.067684,8.026385,-0.204863,1,1,1,4.294674,0.000000,0.000000,0.000000,0.000000,0.000000,0.000000,0.000000
2.4201,12.198662,-0.165261,-0.048169,-0.628319,-0.009307,-0.038943,1,8.026385,216,-0.030617,0.255773,12.198662,0.002513,7.945777,-0.048169,12.198689,8.035623,-0.048169,-0.165261,-0.628319,0.012772,-0.478477,-41.652303,0.089846,0.003000,0.000570,0.001999,0.000294,0.000570,-0.030617,0.255773,-9.806617,-0.014281,-0.000175,-0.625319,-3.125252,-0.012435,27.000000,0.013045,12.198689,0.002513,-0.164903,-0.628319,0.090000,0.003000,51,0,1,34,33,-0.014025,-0.005902,-0.673467,-0.211650,-0.357340,9.508160,1.587137,-0.012435,-0.007368,6,1,0,0.000000,0,8.026385,0.000000,-0.009307,0,-0.206695,0.000000,-0.038943,8.026385,-0.206695,1,1,1,4.294531,0.000000,0.000000,0.000000,0.000000,0.000000,0.000000,0.000000
2.4301,12.198780,-0.169890,0.001228,-0.628319,0.004963,-0.031303,1,8.026385,226,-0.030940,0.256784,12.198780,0.003560,7.943771,0.001228,12.198784,8.033670,0.001228,-0.169890,-0.628319,0.012752,-0.478477,-41.652303,0.089899,0.001000,0.000613,0.001988,0.000024,0.000613,-0.030940,0.256784,-9.806590,-0.003179,0.020510,-0.627319,-3.131835,-0.012517,27.000000,0.013045,12.198784,0.003560,-0.169505,-0.628319,0.090000,0.001000,56,0,1,34,33,0.000912,0.012749,-0.626305,0.839043,0.241152,9.878533,1.580554,-0.012517,-0.007535,6,1,0,0.000000,0,8.026385,0.000000,0.004963,0,-0.207026,0.000000,-0.031303,8.026385,-0.207026,1,1,1,4.294395,0.000000,0.000000,0.000000,0.000000,0.000000,0.000000,0.000000
2.4401,12.199010,-0.172870,-0.071799,-0.418879,0.017007,-0.024487,1,8.026385,236,-0.030217,0.254458,12.199010,0.003560,7.941231,-0.071799,12.199072,8.031038,-0.071799,-0.172870,-0.418879,0.012705,-0.478477,-41.652303,0.089808,-0.001000,0.000710,0.001979,0.000279,0.000710,-0.030217,0.254458,-9.806653,0.016032,0.022934,-0.419879,-3.137444,-0.012320,27.000000,0.013045,12.199072,0.003560,-0.172573,-0.418879,0.090000,-0.001000,61,0,1,34,33,0.020162,0.013155,-0.491885,0.188894,-0.380743,9.096656,1.574945,-0.012320,-0.007497,7,1,0,0.000000,0,8.026385,0.000000,0.017007,0,-0.205858,0.000000,-0.024487,8.026385,-0.205858,1,1,1,4.294268,0.000000,0.000000,0.000000,0.000000,0.000000,0.000000,0.000000
2.4501,12.199117,-0.175082,-0.074020,-0.314159,0.017201,-0.007414,1,8.026385,246,-0.029238,0.253421,12.199117,0.004503,7.938976,-0.074020,12.199168,8.028829,-0.074020,-0.175082,-0.314159,0.012728,-0.478477,-41.652303,0.089853,-0.001000,0.000662,0.002002,0.000488,0.000662,-0.029238,0.253421,-9.806683,-0.003455,0.022866,-0.315159,3.141322,-0.012194,27.000000,0.013045,12.199168,0.004503,-0.174874,-0.314159,0.090000,-0.001000,66,0,1,34,33,0.000976,0.018150,-0.389442,0.199322,0.274460,10.251698,1.570526,-0.012194,-0.007435,6,1,0,0.000000,0,8.026385,0.000000,0.017201,0,-0.203189,0.000000,-0.007414,8.026385,-0.203189,1,1,1,4.294151,0.000000,0.000000,0.000000,0.000000,0.000000,0.000000,0.000000
2.4601,12.200750,-0.175641,-0.273533,0.000000,0.028405,0.000515,1,8.026385,0,-0.027956,0.252260,12.200750,0.020944,7.936319,-0.273533,12.200990,8.026055,-0.273533,-0.175641,0.000000,0.012640,-0.478477,-41.652303,0.089736,-0.001000,0.000847,0.001930,0.001036,0.000847,-0.027956,0.252260,-9.806716,0.015922,0.001801,-0.001000,3.137990,-0.012184,27.000000,0.013045,12.200990,0.020944,-0.175641,0.000000,0.090000,-0.001000,71,0,1,34,33,0.015976,-0.004708,-0.274496,0.101713,0.330348,9.591837,1.567194,-0.012184,-0.007300,6,1,0,0.000000,0,8.026385,0.000000,0.028405,0,-0.199021,0.000000,0.000515,8.026385,-0.199021,1,1,1,4.294044,0.000000,0.000000,0.000000,0.000000,0.000000,0.000000,0.000000
2.4701,12.205301,-0.174874,-0.172925,0.000000,0.035925,0.012058,1,8.026385,10,-0.028235,0.251914,12.205301,0.048485,7.933317,-0.172925,12.205401,8.023116,-0.172925,-0.174874,0.000000,0.012766,-0.478477,-41.652303,0.089799,0.001000,0.000584,0.002170,0.001475,0.000584,-0.028235,0.251914,-9.806724,0.001879,0.007248,0.001000,3.135819,-0.012024,27.000000,0.013045,12.205401,0.048485,-0.174874,0.000000,0.090000,0.001000,76,0,1,34,33,0.003188,0.004579,-0.171998,-0.412362,-0.282484,9.633197,1.565023,-0.012024,-0.007303,6,1,0,0.000000,0,8.026385,0.000000,0.035925,0,-0.193352,0.000000,0.012058,8.026385,-0.193352,1,1,1,4.293959,0.000000,0.000000,0.000000,0.000000,0.000000,0.000000,0.000000
2.4801,12.211448,-0.172433,-0.262485,0.209440,0.049737,0.019773,1,8.026385,20,-0.031052,0.250558,12.211448,0.067963,7.929776,-0.262485,12.211632,8.019516,-0.262485,-0.172433,0.209440,0.012725,-0.478477,-41.652303,0.089740,0.002000,0.000669,0.002019,0.002219,0.000669,-0.031052,0.250558,-9.806751,0.013881,-0.021997,0.211440,3.134657,-0.011897,27.000000,0.013045,12.211632,0.067963,-0.172573,0.209440,0.090000,0.002000,81,0,1,34,33,0.009659,-0.024799,-0.050734,0.333000,0.501309,10.474185,1.563861,-0.011897,-0.007501,6,1,0,0.000000,0,8.026385,0.000000,0.049737,0,-0.186184,0.000000,0.019773,8.026385,-0.186184,1,1,1,4.293901,0.000000,0.000000,0.000000,0.000000,0.000000,0.000000,0.000000
2.4901,12.223255,-0.169383,-0.185511,0.209440,0.051050,0.039781,1,8.026385,30,-0.033061,0.250930,12.223255,0.120114,7.926620,-0.185511,12.223425,8.016407,-0.185511,-0.169383,0.209440,0.012767,-0.478477,-41.652303,0.089787,0.002000,0.000582,0.001999,0.003899,0.000582,-0.033061,0.250930,-9.806734,0.010470,-0.016042,0.211440,3.134596,-0.011881,27.000000,0.013045,12.223425,0.120114,-0.169505,0.209440,0.090000,0.002000,86,0,1,34,33,0.007539,-0.017278,0.026152,-0.011698,-0.174612,9.433562,1.563799,-0.011881,-0.007634,6,1,0,0.000000,0,8.026385,0.000000,0.051050,0,-0.177527,0.000000,0.039781,8.026385,-0.177527,1,1,1,4.293882,0.000000,0.000000,0.000000,0.000000,0.000000,0.000000,0.000000
2.5001,12.240551,-0.164712,-0.272174,0.418879,0.064792,0.047022,1,8.026385,40,-0.034491,0.250482,12.240551,0.183574,7.922885,-0.272174,12.240682,8.012671,-0.272174,-0.164712,0.418879,0.012827,-0.478477,-41.652303,0.089786,0.000000,0.000456,0.001998,0.005243,0.000456,-0.034491,0.250482,-9.806741,0.001835,0.035571,0.418879,3.135529,-0.011788,27.000000,0.013045,12.240682,0.183574,-0.164903,0.418879,0.090000,0.000000,91,0,1,34,33,0.007517,0.036695,0.146246,0.762862,0.173824,9.906518,1.564733,-0.011788,-0.007656,6,1,0,0.000000,0,8.026385,0.000000,0.064792,0,-0.167580,0.000000,0.047022,8.026385,-0.167580,1,1,1,4.293922,0.000000,0.000000,0.000000,0.000000,0.000000,0.000000,0.000000
2.5101,12.262434,-0.158571,-0.289480,0.523599,0.077173,0.051269,1,8.026385,50,-0.032610,0.248511,12.262434,0.222425,7.918686,-0.289480,12.262542,8.008525,-0.289480,-0.158571,0.523599,0.012866,-0.478477,-41.652303,0.089839,-0.002000,0.000373,0.001989,0.005137,0.000373,-0.032610,0.248511,-9.806798,0.012678,0.039131,0.521599,3.137528,-0.011626,27.000000,0.013045,12.262542,0.222425,-0.158767,0.523599,0.090000,-0.002000,96,0,1,34,33,0.018212,0.039865,0.231625,-0.183379,0.124680,9.972402,1.566731,-0.011626,-0.007283,6,1,0,0.000000,0,8.026385,0.000000,0.077173,0,-0.156689,0.000000,0.051269,8.026385,-0.156689,1,1,1,4.294032,0.000000,0.000000,0.000000,0.000000,0.000000,0.000000,0.000000
2.5201,12.272016,-0.155578,-0.195350,0.314159,0.050115,0.105738,1,8.026385,60,-0.020029,0.247263,12.272016,0.090478,7.917449,-0.195350,12.272129,8.007326,-0.195350,-0.155578,0.314159,0.012861,-0.478477,-41.652303,0.089876,-0.001000,0.000385,0.002007,0.000562,0.000385,-0.020029,0.247263,-9.806863,-0.072419,0.155143,0.313159,3.139336,-0.011726,27.000000,0.013045,12.272129,0.090478,-0.155699,0.314159,0.090000,-0.001000,101,0,1,34,33,-0.050262,0.165171,0.115694,-2.324584,0.431650,10.577030,1.568540,-0.011726,-0.005923,6,1,0,0.000000,0,8.026385,0.000000,0.050115,0,-0.145198,0.000000,0.105738,8.026385,-0.145198,1,1,1,4.296973,0.000000,0.000000,0.000000,0.000000,0.000000,0.000000,0.000000
2.5301,12.267090,-0.152544,0.127177,0.209440,0.051381,0.126081,1,8.026385,70,-0.012859,0.248393,12.267090,-0.037280,7.916123,0.127177,12.267048,8.006221,0.127177,-0.152544,0.209440,0.012846,-0.478477,-41.652303,0.090098,0.000000,0.000415,0.001991,-0.000812,0.000415,-0.012859,0.248393,-9.806846,0.049180,-0.046739,0.209440,3.141273,-0.011984,27.000000,0.013045,12.267048,-0.037280,-0.152631,0.209440,0.090000,0.000000,106,0,1,34,33,0.041818,-0.049099,0.337276,-0.059660,-0.484644,8.980605,1.570477,-0.011984,-0.005143,7,1,0,0.000000,0,8.026385,0.000000,0.051381,0,-0.133387,0.000000,0.126081,8.026385,-0.133387,1,1,1,4.297161,0.000000,0.000000,0.000000,0.000000,0.000000,0.000000,0.000000
2.5401,12.266786,-0.147863,0.248592,0.314159,0.039909,0.125086,1,8.026385,80,-0.015610,0.248206,12.266786,-0.002513,7.916133,0.248592,12.266665,8.006256,0.248592,-0.147863,0.314159,0.012792,-0.478477,-41.652303,0.090123,0.009000,0.000529,0.001944,-0.000174,0.000529,-0.015610,0.248206,-9.806847,-0.029425,-0.039007,0.323159,-3.137199,-0.012002,27.000000,0.013045,12.266665,-0.002513,-0.148029,0.314159,0.090000,0.009000,111,0,1,34,33,-0.034983,-0.026795,0.572141,-0.075628,-1.110659,9.337981,1.575190,-0.012002,-0.005302,6,1,0,0.000000,0,8.026385,0.000000,0.039909,0,-0.121475,0.000000,0.125086,8.026385,-0.121475,1,1,1,4.297340,0.000000,0.000000,0.000000,0.000000,0.000000,0.000000,0.000000
2.5501,12.266758,-0.140643,0.154394,0.628319,0.042541,0.106959,1,8.026385,90,-0.015026,0.248041,12.266758,0.000419,7.916116,0.154394,12.266569,8.006066,0.154394,-0.140643,0.628319,0.012677,-0.478477,-41.652303,0.089950,0.015000,0.000768,0.001997,-0.000431,0.000768,-0.015026,0.248041,-9.806852,-0.016159,0.041497,0.643319,-3.130170,-0.012145,27.000000,0.013045,12.266569,0.000419,-0.141126,0.628319,0.090000,0.015000,116,0,1,34,33,-0.009386,0.053641,0.797097,-0.461613,0.655994,10.302956,1.582219,-0.012145,-0.005061,6,1,0,0.000000,0,8.026385,0.000000,0.042541,0,-0.109740,0.000000,0.106959,8.026385,-0.109740,1,1,1,4.297521,0.000000,0.000000,0.000000,0.000000,0.000000,0.000000,0.000000
2.5601,12.266783,-0.133279,0.115421,0.837758,0.027415,0.109720,1,8.026385,100,-0.012405,0.245059,12.266783,0.001466,7.916729,0.115421,12.266760,8.007168,0.115421,-0.133279,0.837758,0.012944,-0.478477,-41.652303,0.090439,-0.001000,0.000211,0.001970,-0.000224,0.000211,-0.012405,0.245059,-9.806931,0.104712,0.003530,0.836758,-3.121699,-0.011650,27.000000,0.013045,12.266760,0.001466,-0.133456,0.837758,0.090000,-0.001000,121,0,1,34,33,0.103852,-0.001527,0.952278,-1.340817,-0.156203,9.432882,1.590690,-0.011650,-0.004573,7,1,0,0.000000,0,8.026385,0.000000,0.027415,0,-0.098383,0.000000,0.109720,8.026385,-0.098383,1,1,1,4.297686,0.000000,0.000000,0.000000,0.000000,0.000000,0.000000,0.000000
2.5701,12.267045,-0.122940,0.190148,0.942478,0.034566,0.075720,1,8.026385,110,-0.014719,0.237116,12.267045,0.006597,7.917316,0.190148,12.266952,8.007490,0.190148,-0.122940,0.942478,0.012768,-0.478477,-41.652303,0.090174,-0.016000,0.000578,0.001999,-0.000175,0.000578,-0.014719,0.237116,-9.807123,0.025465,-0.000919,0.926478,-3.111039,-0.011038,27.000000,0.013045,12.266952,0.006597,-0.123485,0.942478,0.090000,-0.016000,126,0,1,34,33,0.024908,0.008885,1.116603,-0.041076,0.139150,9.580253,1.601350,-0.011038,-0.004453,7,1,0,0.000000,0,8.026385,0.000000,0.034566,0,-0.087551,0.000000,0.075720,8.026385,-0.087551,1,1,1,4.297865,0.000000,0.000000,0.000000,0.000000,0.000000,0.000000,0.000000
2.5801,12.267071,-0.113886,0.294650,0.942478,0.007046,0.083919,1,8.026385,120,-0.014722,0.238130,12.267071,-0.000419,7.919654,0.294650,12.266952,8.010052,0.294650,-0.113886,0.942478,0.012844,-0.478477,-41.652303,0.090398,-0.016000,0.000420,0.001993,-0.000698,0.000420,-0.014722,0.238130,-9.807098,-0.020505,-0.010141,0.926478,-3.099422,-0.011105,27.000000,0.013045,12.266952,-0.000419,-0.114281,0.942478,0.090000,-0.016000,131,0,1,34,33,-0.022023,0.009498,1.221107,-0.356933,0.686504,10.159772,1.612966,-0.011105,-0.004250,7,1,0,0.000000,0,8.026385,0.000000,0.007046,0,-0.077401,0.000000,0.083919,8.026385,-0.077401,1,1,1,4.298032,0.000000,0.000000,0.000000,0.000000,0.000000,0.000000,0.000000
2.5901,12.267472,-0.103309,0.168604,1.047198,0.019153,0.061766,1,8.026385,130,-0.012297,0.240264,12.267472,0.005550,7.920613,0.168604,12.267432,8.011178,0.168604,-0.103309,1.047198,0.012938,-0.478477,-41.652303,0.090565,0.000000,0.000224,0.002000,-0.000237,0.000224,-0.012297,0.240264,-9.807050,-0.003649,0.036658,1.047198,-3.087717,-0.011296,27.000000,0.013045,12.267432,0.005550,-0.103544,1.047198,0.090000,0.000000,136,0,1,34,33,0.003545,0.052395,1.215226,-0.699269,-0.423593,9.430614,1.624672,-0.011296,-0.003773,7,1,0,0.000000,0,8.026385,0.000000,0.019153,0,-0.067758,0.000000,0.061766,8.026385,-0.067758,1,1,1,4.298190,0.000000,0.000000,0.000000,0.000000,0.000000,0.000000,0.000000
2.6001,12.267997,-0.091259,0.248221,1.047198,0.012896,0.039780,1,8.026385,140,-0.008933,0.236551,12.267997,-0.000419,7.921533,0.248221,12.267815,8.012638,0.248221,-0.091259,1.047198,0.012689,-0.478477,-41.652303,0.091105,0.013000,0.000745,0.002078,-0.000698,0.000745,-0.008933,0.236551,-9.807144,-0.001799,-0.015327,1.060198,-3.074204,-0.011244,27.000000,0.013045,12.267815,-0.000419,-0.092039,1.047198,0.091000,0.013000,141,0,1,34,33,-0.004913,0.001973,1.308499,-0.529487,0.340042,9.553243,1.638185,-0.011244,-0.003104,7,1,0,0.000000,0,8.026385,0.000000,0.012896,0,-0.058318,0.000000,0.039780,8.026385,-0.058318,1,1,1,4.298362,0.000000,0.000000,0.000000,0.000000,0.000000,0.000000,0.000000
2.6101,12.267612,-0.080599,0.278551,1.047198,-0.001994,0.049470,1,8.026385,150,-0.010779,0.239457,12.267612,-0.000419,7.924905,0.278551,12.267432,8.015095,0.278551,-0.080599,1.047198,0.012724,-0.478477,-41.652303,0.090190,0.008000,0.000670,0.002000,-0.000329,0.000670,-0.010779,0.239457,-9.807071,-0.057925,-0.037484,1.055198,-3.061090,-0.011520,27.000000,0.013045,12.267432,-0.000419,-0.081301,1.047198,0.090000,0.008000,146,0,1,34,33,-0.064665,-0.007086,1.333947,-0.189971,-0.500505,10.262798,1.651299,-0.011520,-0.003061,7,1,0,0.000000,0,8.026385,0.000000,-0.001994,0,-0.049026,0.000000,0.049470,8.026385,-0.049026,1,1,1,4.298513,0.000000,0.000000,0.000000,0.000000,0.000000,0.000000,0.000000
2.6201,12.268387,-0.068395,0.320354,1.047198,0.009351,0.027933,1,8.026385,160,-0.013225,0.245532,12.268387,0.007645,7.925938,0.320354,12.268199,8.016198,0.320354,-0.068395,1.047198,0.012755,-0.478477,-41.652303,0.090260,-0.006000,0.000606,0.001999,-0.000442,0.000606,-0.013225,0.245532,-9.806918,-0.024564,-0.028937,1.041198,-3.047787,-0.012126,27.000000,0.013045,12.268199,0.007645,-0.069029,1.047198,0.090000,-0.006000,151,0,1,34,33,-0.030505,-0.005220,1.361729,1.211505,0.149150,9.600308,1.664602,-0.012126,-0.003056,7,1,0,0.000000,0,8.026385,0.000000,0.009351,0,-0.039756,0.000000,0.027933,8.026385,-0.039756,1,1,1,4.298659,0.000000,0.000000,0.000000,0.000000,0.000000,0.000000,0.000000
2.6301,12.268605,-0.056242,0.278325,1.151917,-0.002939,0.025492,1,8.026385,168,-0.012825,0.247871,12.268605,-0.004503,7.927755,0.278325,12.267719,8.018141,0.278325,-0.056242,1.151917,0.012831,-0.478477,-41.652303,0.090385,-0.014000,0.002427,0.002013,-0.000764,0.002427,-0.012825,0.247871,-9.806860,-0.012331,0.029442,1.137917,-3.033691,-0.012326,27.000000,0.013045,12.267719,-0.004503,-0.056757,1.151917,0.090000,-0.014000,156,0,1,34,33,-0.004931,0.049705,1.415721,-0.209117,-0.924087,9.713015,1.678698,-0.012326,-0.002726,7,1,0,0.000000,0,8.026385,0.000000,-0.002939,0,-0.030252,0.000000,0.025492,8.026385,-0.030252,1,1,1,4.298799,0.000000,0.000000,0.000000,0.000000,0.000000,0.000000,0.000000
2.6401,12.267344,-0.044798,0.265541,1.151917,-0.012853,0.030518,1,8.026385,178,-0.010248,0.247271,12.267344,-0.002513,7.930107,0.265541,12.267240,8.020586,0.265541,-0.044798,1.151917,0.012856,-0.478477,-41.652303,0.090479,-0.008000,0.000394,0.001962,-0.000423,0.000394,-0.010248,0.247271,-9.806878,0.026673,0.022098,1.143917,-3.019799,-0.012280,27.000000,0.013045,12.267240,-0.002513,-0.045252,1.151917,0.090000,-0.008000,161,0,1,34,33,0.031373,0.032799,1.409153,0.784858,-0.884008,9.608790,1.692590,-0.012280,-0.002173,7,1,0,0.000000,0,8.026385,0.000000,-0.012853,0,-0.020597,0.000000,0.030518,8.026385,-0.020597,1,1,1,4.298930,0.000000,0.000000,0.000000,0.000000,0.000000,0.000000,0.000000
2.6501,12.267678,-0.031787,0.170499,1.256637,-0.003021,0.007239,1,8.026385,188,-0.009137,0.243118,12.267678,0.002513,7.930274,0.170499,12.267623,8.021804,0.170499,-0.031787,1.256637,0.012883,-0.478477,-41.652303,0.091530,0.003000,0.000339,0.002024,-0.000326,0.000339,-0.009137,0.243118,-9.806983,0.070941,0.005319,1.259637,-3.005568,-0.011860,27.000000,0.013045,12.267623,0.002513,-0.032213,1.256637,0.091000,0.003000,166,0,1,34,33,0.069832,0.004845,1.430192,0.792590,-0.301549,9.681641,1.706821,-0.011860,-0.001719,7,1,0,0.000000,0,8.026385,0.000000,-0.003021,0,-0.011016,0.000000,0.007239,8.026385,-0.011016,1,1,1,4.299058,0.000000,0.000000,0.000000,0.000000,0.000000,0.000000,0.000000
2.6601,12.266966,-0.020189,0.213426,1.151917,-0.021098,0.014685,1,8.026385,198,-0.006207,0.238383,12.266966,-0.007645,7.932782,0.213426,12.266856,8.024326,0.213426,-0.020189,1.151917,0.012829,-0.478477,-41.652303,0.091544,0.009000,0.000451,0.001992,-0.000784,0.000451,-0.006207,0.238383,-9.807101,-0.001523,0.064711,1.160917,-2.991444,-0.011456,27.000000,0.013045,12.266856,-0.007645,-0.020709,1.151917,0.091000,0.009000,171,0,1,34,33,0.016370,0.080250,1.373427,-0.088057,-0.062266,9.626050,1.720945,-0.011456,-0.001123,8,1,0,0.000000,0,8.026385,0.000000,-0.021098,0,-0.001656,0.000000,0.014685,8.026385,-0.001656,1,1,1,4.299181,0.000000,0.000000,0.000000,0.000000,0.000000,0.000000,0.000000
2.6701,12.265961,-0.008706,0.233729,1.047198,-0.015600,0.011923,1,8.026385,208,-0.002828,0.237876,12.265961,-0.009634,7.935593,0.233729,12.265898,8.025969,0.233729,-0.008706,1.047198,0.012817,-0.478477,-41.652303,0.090376,0.007000,0.000476,0.001932,-0.000470,0.000476,-0.002828,0.237876,-9.807115,-0.012523,0.017055,1.054198,-2.978314,-0.011430,27.000000,0.013045,12.265898,-0.009634,-0.009204,1.047198,0.090000,0.007000,176,0,1,34,33,-0.007090,0.036442,1.287565,0.664647,0.721985,9.653562,1.734075,-0.011430,-0.000499,7,1,0,0.000000,0,8.026385,0.000000,-0.015600,0,0.007732,0.000000,0.011923,8.026385,0.007732,1,1,1,4.299291,0.000000,0.000000,0.000000,0.000000,0.000000,0.000000,0.000000
2.6801,12.265663,0.002419,0.160861,1.047198,-0.023359,0.012058,1,8.026385,218,0.002249,0.236700,12.265663,-0.005550,7.937800,0.160861,12.265514,8.027985,0.160861,0.002419,1.047198,0.012641,-0.478477,-41.652303,0.090185,-0.003000,0.000845,0.002001,-0.000573,0.000845,0.002249,0.236700,-9.807144,-0.027470,0.028194,1.044198,-2.965167,-0.011490,27.000000,0.013045,12.265514,-0.005550,0.001534,1.047198,0.090000,-0.003000,181,0,1,34,33,-0.017802,0.050338,1.204518,-0.343646,-0.685817,9.772744,1.747222,-0.011490,0.000288,7,1,0,0.000000,0,8.026385,0.000000,-0.023359,0,0.017122,0.000000,0.012058,8.026385,0.017122,1,1,1,4.299394,0.000000,0.000000,0.000000,0.000000,0.000000,0.000000,0.000000
2.6901,12.263037,0.012057,0.192996,0.942478,-0.024374,0.021817,1,8.026385,228,0.005223,0.237225,12.263037,-0.026075,7.939529,0.192996,12.262926,8.029750,0.192996,0.012057,0.942478,0.012765,-0.478477,-41.652303,0.090221,-0.007000,0.000586,0.001998,-0.001005,0.000586,0.005223,0.237225,-9.807130,-0.004049,0.044382,0.935478,-2.953762,-0.011411,27.000000,0.013045,12.262926,-0.026075,0.011505,0.942478,0.090000,-0.007000,186,0,1,34,33,0.009918,0.057849,1.127828,0.446353,0.479283,9.938092,1.758627,-0.011411,0.000824,7,1,0,0.000000,0,8.026385,0.000000,-0.024374,0,0.026128,0.000000,0.021817,8.026385,0.026128,1,1,1,4.299479,0.000000,0.000000,0.000000,0.000000,0.000000,0.000000,0.000000
2.7001,12.258129,0.021060,0.137780,0.942478,-0.028498,0.019475,1,8.026385,238,0.008135,0.237586,12.258129,-0.046496,7.941168,0.137780,12.258036,8.031564,0.137780,0.021060,0.942478,0.012867,-0.478477,-41.652303,0.090395,-0.004000,0.000372,0.001987,-0.001648,0.000372,0.008135,0.237586,-9.807119,0.014838,0.007144,0.938478,-2.942942,-0.011331,27.000000,0.013045,12.258036,-0.046496,0.020709,0.942478,0.090000,-0.004000,191,0,1,34,33,0.016351,0.015810,1.076144,-0.031046,-0.117133,9.424558,1.769447,-0.011331,0.001339,7,1,0,0.000000,0,8.026385,0.000000,-0.028498,0,0.034408,0.000000,0.019475,8.026385,0.034408,1,1,1,4.299546,0.000000,0.000000,0.000000,0.000000,0.000000,0.000000,0.000000
2.7101,12.250934,0.029872,0.183784,0.837758,-0.035111,0.008859,1,8.026385,248,0.011228,0.234371,12.250934,-0.076131,7.942554,0.183784,12.250750,8.033627,0.183784,0.029872,0.837758,0.012630,-0.478477,-41.652303,0.091073,0.002000,0.000867,0.001862,-0.002131,0.000867,0.011228,0.234371,-9.807193,-0.022643,0.022835,0.839758,-2.932063,-0.011218,27.000000,0.013045,12.250750,-0.076131,0.029146,0.837758,0.091000,0.002000,196,0,1,34,33,-0.013577,0.042076,1.023092,0.026306,0.174841,9.791204,1.780326,-0.011218,0.001858,7,1,0,0.000000,0,8.026385,0.000000,-0.035111,0,0.041734,0.000000,0.008859,8.026385,0.041734,1,1,1,4.299592,0.000000,0.000000,0.000000,0.000000,0.000000,0.000000,0.000000
2.7201,12.241475,0.037152,0.261962,0.733038,-0.044557,0.011382,1,8.026385,2,0.011180,0.236757,12.241475,-0.092572,7.944767,0.261962,12.241353,8.036133,0.261962,0.037152,0.733038,0.012825,-0.478477,-41.652303,0.091365,0.004000,0.000459,0.001994,-0.003018,0.000459,0.011180,0.236757,-9.807136,0.000736,-0.016057,0.737038,-2.922277,-0.011252,27.000000,0.013045,12.241353,-0.092572,0.036816,0.733038,0.091000,0.004000,0,0,1,34,33,-0.004999,-0.002463,0.999114,0.504332,0.438945,10.109993,1.790112,-0.011252,0.002035,7,1,0,0.000000,0,8.026385,0.000000,-0.044557,0,0.047986,0.000000,0.011382,8.026385,0.047986,1,1,1,4.299602,0.000000,0.000000,0.000000,0.000000,0.000000,0.000000,0.000000
2.7301,12.231070,0.045842,0.203316,0.733038,-0.032217,-0.018659,1,8.026385,12,0.009936,0.238276,12.231070,-0.116029,7.947189,0.203316,12.230903,8.037193,0.203316,0.045842,0.733038,0.012660,-0.478477,-41.652303,0.090004,0.001000,0.000804,0.001848,-0.002976,0.000804,0.009936,0.238276,-9.807101,-0.018654,-0.012872,0.734038,-2.912528,-0.011559,27.000000,0.013045,12.230903,-0.116029,0.045253,0.733038,0.090000,0.001000,5,0,1,34,33,-0.022104,0.006858,0.937342,0.716817,-0.577826,9.592681,1.799861,-0.011559,0.002125,6,1,0,0.000000,0,8.026385,0.000000,-0.032217,0,0.053315,0.000000,-0.018659,8.026385,0.053315,1,1,1,4.299571,0.000000,0.000000,0.000000,0.000000,0.000000,0.000000,0.000000
2.7401,12.218195,0.052358,0.141628,0.733038,-0.048521,-0.012154,1,8.026385,22,0.010556,0.242850,12.218195,-0.133413,7.949031,0.141628,12.218152,8.039435,0.141628,0.052358,0.733038,0.012913,-0.478477,-41.652303,0.090404,-0.003000,0.000276,0.002001,-0.003694,0.000276,0.010556,0.242850,-9.806988,-0.025683,0.003870,0.730038,-2.903770,-0.011755,27.000000,0.013045,12.218152,-0.133413,0.052155,0.733038,0.090000,-0.003000,10,0,1,34,33,-0.022142,0.024832,0.871418,0.466373,-0.014276,9.636464,1.808619,-0.011755,0.002370,7,1,0,0.000000,0,8.026385,0.000000,-0.048521,0,0.057572,0.000000,-0.012154,8.026385,0.057572,1,1,1,4.299499,0.000000,0.000000,0.000000,0.000000,0.000000,0.000000,0.000000
2.7501,12.203738,0.059313,0.140729,0.628319,-0.041709,-0.037931,1,8.026385,32,0.009810,0.242919,12.203738,-0.150796,7.950461,0.140729,12.203674,8.040736,0.140729,0.059313,0.628319,0.012851,-0.478477,-41.652303,0.090275,-0.003000,0.000406,0.002023,-0.003487,0.000406,0.009810,0.242919,-9.806987,0.017647,-0.025574,0.625319,-2.895514,-0.011811,27.000000,0.013045,12.203674,-0.150796,0.059058,0.628319,0.090000,-0.003000,15,0,1,34,33,0.005625,-0.020711,0.766377,0.719709,-0.976700,10.143759,1.816875,-0.011811,0.002466,7,1,0,0.000000,0,8.026385,0.000000,-0.041709,0,0.060498,0.000000,-0.037931,8.026385,0.060498,1,1,1,4.299372,0.000000,0.000000,0.000000,0.000000,0.000000,0.000000,0.000000
2.7601,12.193416,0.065473,0.176478,0.523599,-0.046070,-0.049217,1,8.026385,42,0.008406,0.240199,12.193416,-0.105767,7.950985,0.176478,12.193320,8.042183,0.176478,0.065473,0.523599,0.012790,-0.478477,-41.652303,0.091198,-0.004000,0.000533,0.001983,-0.001796,0.000533,0.008406,0.240199,-9.807055,0.045626,0.006360,0.519599,-2.887909,-0.011589,27.000000,0.013045,12.193320,-0.105767,0.065194,0.523599,0.091000,-0.004000,20,0,1,34,33,0.044011,-0.004707,0.696194,0.705678,0.097651,9.877005,1.824480,-0.011589,0.002457,7,1,0,0.000000,0,8.026385,0.000000,-0.046070,0,0.062359,0.000000,-0.049217,8.026385,0.062359,1,1,1,4.297819,0.000000,0.000000,0.000000,0.000000,0.000000,0.000000,0.000000
2.7701,12.192795,0.072510,0.047328,0.523599,-0.024120,-0.076322,1,8.026385,52,0.003302,0.236707,12.192795,-0.003560,7.950557,0.047328,12.192744,8.041560,0.047328,0.072510,0.523599,0.012667,-0.478477,-41.652303,0.091003,-0.001000,0.000789,0.002002,0.000703,0.000789,0.003302,0.236707,-9.807143,0.024638,-0.013886,0.522599,-2.881501,-0.011376,27.000000,0.013045,12.192744,-0.003560,0.072097,0.523599,0.091000,-0.001000,25,0,1,34,33,0.016236,-0.015935,0.570174,0.906712,-0.214016,9.567750,1.830888,-0.011376,0.002084,6,1,0,0.000000,0,8.026385,0.000000,-0.024120,0,0.063555,0.000000,-0.076322,8.026385,0.063555,1,1,1,4.296577,0.000000,0.000000,0.000000,0.000000,0.000000,0.000000,0.000000
2.7801,12.194209,0.076155,0.012812,0.314159,-0.040593,-0.050474,1,8.026385,62,0.004593,0.236568,12.194209,0.010681,7.951402,0.012812,12.194183,8.042414,0.012812,0.076155,0.314159,0.012705,-0.478477,-41.652303,0.091012,-0.001000,0.000710,0.001983,-0.000210,0.000710,0.004593,0.236568,-9.807146,-0.022487,0.029734,0.313159,-2.877001,-0.011307,27.000000,0.013045,12.194183,0.010681,0.075932,0.314159,0.091000,-0.001000,30,0,1,34,33,-0.007377,0.040681,0.325481,0.418056,0.035040,9.512512,1.835388,-0.011307,0.002302,7,1,0,0.000000,0,8.026385,0.000000,-0.040593,0,0.064486,0.000000,-0.050474,8.026385,0.064486,1,1,1,4.296397,0.000000,0.000000,0.000000,0.000000,0.000000,0.000000,0.000000
2.7901,12.194032,0.079157,-0.059413,0.209440,-0.022186,-0.046563,1,8.026385,72,0.004858,0.234405,12.194032,0.002513,7.950649,-0.059413,12.194087,8.041591,-0.059413,0.079157,0.209440,0.012686,-0.478477,-41.652303,0.090943,-0.002000,0.000750,0.002108,0.000491,0.000750,0.004858,0.234405,-9.807198,0.033389,0.016950,0.207440,-2.874822,-0.011097,27.000000,0.013045,12.194087,0.002513,0.079000,0.209440,0.091000,-0.002000,35,0,1,34,33,0.037438,0.002561,0.148006,1.423733,0.112683,10.241300,1.837567,-0.011097,0.002383,6,1,0,0.000000,0,8.026385,0.000000,-0.022186,0,0.065553,0.000000,-0.046563,8.026385,0.065553,1,1,1,4.296218,0.000000,0.000000,0.000000,0.000000,0.000000,0.000000,0.000000
2.8001,12.194132,0.080534,-0.021154,0.000000,-0.021569,-0.024511,1,8.026385,82,0.009525,0.232761,12.194132,-0.001466,7.949873,-0.021154,12.194183,8.040855,-0.021154,0.080534,0.000000,0.012639,-0.478477,-41.652303,0.090982,0.000000,0.000847,0.002005,0.000079,0.000847,0.009525,0.232761,-9.807234,-0.031265,0.056873,0.000000,-2.874177,-0.010935,27.000000,0.013045,12.194183,-0.001466,0.080534,0.000000,0.091000,0.000000,40,0,1,34,33,-0.003235,0.064547,-0.021972,0.121834,0.034056,9.579302,1.838212,-0.010935,0.002877,6,1,0,0.000000,0,8.026385,0.000000,-0.021569,0,0.067155,0.000000,-0.024511,8.026385,0.067155,1,1,1,4.296045,0.000000,0.000000,0.000000,0.000000,0.000000,0.000000,0.000000
2.8101,12.194184,0.081301,-0.117413,0.000000,-0.010685,-0.005520,1,8.026385,92,0.012683,0.234406,12.194184,0.003560,7.948404,-0.117413,12.194278,8.039333,-0.117413,0.081301,0.000000,0.012638,-0.478477,-41.652303,0.090930,0.006000,0.000850,0.001993,0.000579,0.000850,0.012683,0.234406,-9.807191,-0.041232,0.023626,0.006000,-2.874927,-0.011075,27.000000,0.013045,12.194278,0.003560,0.081301,0.000000,0.091000,0.006000,45,0,1,34,33,-0.026714,0.037891,-0.111901,0.579491,0.303687,9.448324,1.837462,-0.011075,0.003229,7,1,0,0.000000,0,8.026385,0.000000,-0.010685,0,0.069692,0.000000,-0.005520,8.026385,0.069692,1,1,1,4.295875,0.000000,0.000000,0.000000,0.000000,0.000000,0.000000,0.000000
2.8201,12.194623,0.080534,-0.167455,0.000000,-0.017792,0.031597,1,8.026385,102,0.015525,0.235610,12.194623,0.005550,7.947759,-0.167455,12.194758,8.038658,-0.167455,0.080534,0.000000,0.012663,-0.478477,-41.652303,0.090899,0.004000,0.000798,0.001997,0.000351,0.000798,0.015525,0.235610,-9.807158,-0.006719,0.001599,0.004000,-2.876366,-0.011151,27.000000,0.013045,12.194758,0.005550,0.080534,0.000000,0.091000,0.004000,50,0,1,34,33,-0.005345,0.002305,-0.163498,0.229901,-0.553055,9.889297,1.836023,-0.011151,0.003510,7,1,0,0.000000,0,8.026385,0.000000,-0.017792,0,0.073493,0.000000,0.031597,8.026385,0.073493,1,1,1,4.295711,0.000000,0.000000,0.000000,0.000000,0.000000,0.000000,0.000000
2.8301,12.194650,0.081301,-0.122607,0.000000,0.003224,0.035351,1,8.026385,112,0.015743,0.234416,12.194650,0.002513,7.945406,-0.122607,12.194758,8.036344,-0.122607,0.081301,0.000000,0.012641,-0.478477,-41.652303,0.090938,0.000000,0.000845,0.002000,0.000368,0.000845,0.015743,0.234416,-9.807186,0.009212,0.022508,0.000000,-2.877913,-0.011048,27.000000,0.013045,12.194758,0.002513,0.081301,0.000000,0.091000,0.000000,55,0,1,34,33,0.018135,0.014655,-0.122802,1.068270,0.411859,10.004813,1.834476,-0.011048,0.003540,6,1,0,0.000000,0,8.026385,0.000000,0.003224,0,0.078379,0.000000,0.035351,8.026385,0.078379,1,1,1,4.295551,0.000000,0.000000,0.000000,0.000000,0.000000,0.000000,0.000000
2.8401,12.194999,0.081301,-0.062537,0.000000,-0.009194,0.061031,1,8.026385,122,0.018314,0.234797,12.194999,0.000419,7.944473,-0.062537,12.195045,8.035450,-0.062537,0.081301,0.000000,0.012684,-0.478477,-41.652303,0.090977,-0.002000,0.000755,0.001995,0.000148,0.000755,0.018314,0.234797,-9.807173,-0.028231,0.026289,-0.002000,-2.878804,-0.011022,27.000000,0.013045,12.195045,0.000419,0.081301,0.000000,0.091000,-0.002000,60,0,1,34,33,-0.013889,0.035167,-0.064989,-0.431055,-0.406799,9.631935,1.833585,-0.011022,0.003805,6,1,0,0.000000,0,8.026385,0.000000,-0.009194,0,0.083952,0.000000,0.061031,8.026385,0.083952,1,1,1,4.295400,0.000000,0.000000,0.000000,0.000000,0.000000,0.000000,0.000000
2.8501,12.195214,0.083602,-0.016425,0.000000,0.015741,0.048001,1,8.026385,132,0.020852,0.237193,12.195214,0.005550,7.941616,-0.016425,12.195237,8.032628,-0.016425,0.083602,0.000000,0.012671,-0.478477,-41.652303,0.091011,-0.001000,0.000781,0.001996,0.000354,0.000781,0.020852,0.237193,-9.807110,-0.041074,0.028099,-0.001000,-2.879322,-0.011248,27.000000,0.013045,12.195237,0.005550,0.083602,0.000000,0.091000,-0.001000,65,0,1,34,33,-0.024557,0.043060,-0.017972,0.419123,0.020883,9.885617,1.833067,-0.011248,0.004137,7,1,0,0.000000,0,8.026385,0.000000,0.015741,0,0.089811,0.000000,0.048001,8.026385,0.089811,1,1,1,4.295254,0.000000,0.000000,0.000000,0.000000,0.000000,0.000000,0.000000
2.8601,12.196619,0.085215,-0.086031,0.104720,0.004719,0.062007,1,8.026385,142,0.025014,0.237041,12.196619,0.014765,7.940206,-0.086031,12.196675,8.031194,-0.086031,0.085215,0.104720,0.012682,-0.478477,-41.652303,0.090988,0.002000,0.000758,0.001984,0.000247,0.000758,0.025014,0.237041,-9.807104,0.007140,0.036448,0.106720,-2.879137,-0.011178,27.000000,0.013045,12.196675,0.014765,0.085136,0.104720,0.091000,0.002000,70,0,1,34,33,0.022430,0.029863,0.020312,-0.795971,0.381463,10.060718,1.833252,-0.011178,0.004598,7,1,0,0.000000,0,8.026385,0.000000,0.004719,0,0.095557,0.000000,0.062007,8.026385,0.095557,1,1,1,4.295121,0.000000,0.000000,0.000000,0.000000,0.000000,0.000000,0.000000
2.8701,12.197859,0.087528,-0.075617,0.104720,0.015967,0.055713,1,8.026385,152,0.024921,0.235972,12.197859,0.016860,7.938075,-0.075617,12.197922,8.029062,-0.075617,0.087528,0.104720,0.012628,-0.478477,-41.652303,0.090987,0.004000,0.000872,0.001893,0.000640,0.000872,0.024921,0.235972,-9.807130,-0.003374,0.014231,0.108720,-2.878957,-0.011115,27.000000,0.013045,12.197922,0.016860,0.087437,0.104720,0.091000,0.004000,75,0,1,34,33,0.003238,0.014679,0.032920,-0.028914,-0.333740,9.929613,1.833432,-0.011115,0.004634,7,1,0,0.000000,0,8.026385,0.000000,0.015967,0,0.100789,0.000000,0.055713,8.026385,0.100789,1,1,1,4.294997,0.000000,0.000000,0.000000,0.000000,0.000000,0.000000,0.000000
2.8801,12.200807,0.090774,-0.240529,0.314159,0.025082,0.039393,1,8.026385,162,0.025140,0.237219,12.200807,0.030159,7.935630,-0.240529,12.200990,8.026526,-0.240529,0.090774,0.314159,0.012635,-0.478477,-41.652303,0.090896,0.002000,0.000857,0.001993,0.002754,0.000857,0.025140,0.237219,-9.807099,-0.020127,-0.000053,0.316159,-2.878247,-0.011217,27.000000,0.013045,12.200990,0.030159,0.090505,0.314159,0.091000,0.002000,80,0,1,34,33,-0.018090,0.009777,0.075513,-0.070805,0.350911,9.467516,1.834142,-0.011217,0.004744,7,1,0,0.000000,0,8.026385,0.000000,0.025082,0,0.105108,0.000000,0.039393,8.026385,0.105108,1,1,1,4.294887,0.000000,0.000000,0.000000,0.000000,0.000000,0.000000,0.000000
2.8901,12.203773,0.093763,-0.105644,0.209440,0.024188,0.029016,1,8.026385,172,0.024289,0.238251,12.203773,0.033196,7.934539,-0.105644,12.203866,8.024487,-0.105644,0.093763,0.209440,0.012610,-0.478477,-41.652303,0.089948,-0.001000,0.000908,0.002000,0.000979,0.000908,0.024289,0.238251,-9.807076,0.003969,-0.015154,0.208440,-2.877297,-0.011340,27.000000,0.013045,12.203866,0.033196,0.093573,0.209440,0.090000,-0.001000,85,0,1,34,33,-0.003115,-0.014055,0.102981,-0.715147,-0.645159,10.337566,1.835092,-0.011340,0.004739,7,1,0,0.000000,0,8.026385,0.000000,0.024188,0,0.108126,0.000000,0.029016,8.026385,0.108126,1,1,1,4.294793,0.000000,0.000000,0.000000,0.000000,0.000000,0.000000,0.000000
2.9001,12.207892,0.096027,-0.132290,0.209440,0.021898,0.021768,1,8.026385,182,0.022406,0.238410,12.207892,0.045448,7.933023,-0.132290,12.207989,8.022978,-0.132290,0.096027,0.209440,0.012695,-0.478477,-41.652303,0.089956,-0.002000,0.000732,0.002011,0.001116,0.000732,0.022406,0.238410,-9.807077,0.029494,0.000590,0.207440,-2.876544,-0.011279,27.000000,0.013045,12.207989,0.045448,0.095874,0.209440,0.090000,-0.002000,90,0,1,34,33,0.026759,-0.011464,0.075301,0.274787,0.194335,9.772421,1.835845,-0.011279,0.004604,7,1,0,0.000000,0,8.026385,0.000000,0.021898,0,0.109810,0.000000,0.021768,8.026385,0.109810,1,1,1,4.294717,0.000000,0.000000,0.000000,0.000000,0.000000,0.000000,0.000000
2.9101,12.216015,0.098320,-0.175279,0.209440,0.027996,0.008759,1,8.026385,192,0.020259,0.236537,12.216015,0.081263,7.930291,-0.175279,12.216138,8.021213,-0.175279,0.098320,0.209440,0.012713,-0.478477,-41.652303,0.090923,0.000000,0.000694,0.001991,0.001871,0.000694,0.020259,0.236537,-9.807127,0.033547,-0.017818,0.209440,-2.876019,-0.011082,27.000000,0.013045,12.216138,0.081263,0.098175,0.209440,0.091000,0.000000,95,0,1,34,33,0.022497,-0.030170,0.034547,-0.030266,-0.365390,9.393353,1.836370,-0.011082,0.004422,7,1,0,0.000000,0,8.026385,0.000000,0.027996,0,0.110536,0.000000,0.008759,8.026385,0.110536,1,1,1,4.294670,0.000000,0.000000,0.000000,0.000000,0.000000,0.000000,0.000000
2.9201,12.226885,0.099796,-0.118798,0.104720,0.026153,0.008731,1,8.026385,202,0.019253,0.234032,12.226885,0.118124,7.928945,-0.118798,12.226972,8.019896,-0.118798,0.099796,0.104720,0.012646,-0.478477,-41.652303,0.090951,0.000000,0.000834,0.001985,0.002036,0.000834,0.019253,0.234032,-9.807189,-0.006830,0.002063,0.104720,-2.875863,-0.010898,27.000000,0.013045,12.226972,0.118124,0.099709,0.104720,0.091000,0.000000,100,0,1,34,33,-0.005304,0.004594,-0.014137,0.255597,0.175790,9.724370,1.836526,-0.010898,0.004330,7,1,0,0.000000,0,8.026385,0.000000,0.026153,0,0.110703,0.000000,0.008731,8.026385,0.110703,1,1,1,4.294662,0.000000,0.000000,0.000000,0.000000,0.000000,0.000000,0.000000
2.9301,12.240533,0.100476,-0.069474,0.000000,0.026259,0.013667,1,8.026385,212,0.018719,0.233010,12.240533,0.140639,7.927804,-0.069474,12.240586,8.018789,-0.069474,0.100476,0.000000,0.012677,-0.478477,-41.652303,0.090985,0.002000,0.000770,0.002000,0.001942,0.000770,0.018719,0.233010,-9.807214,0.015732,0.009288,0.002000,-2.876291,-0.010767,27.000000,0.013045,12.240586,0.140639,0.100476,0.000000,0.091000,0.002000,105,0,1,34,33,0.018165,0.001096,-0.067493,0.389262,0.496844,10.062648,1.836098,-0.010767,0.004281,6,1,0,0.000000,0,8.026385,0.000000,0.026259,0,0.110704,0.000000,0.013667,8.026385,0.110704,1,1,1,4.294701,0.000000,0.000000,0.000000,0.000000,0.000000,0.000000,0.000000
2.9401,12.253644,0.101243,-0.106203,0.000000,0.035143,0.011253,1,8.026385,222,0.020502,0.233026,12.253644,0.135507,7.926171,-0.106203,12.253722,8.017127,-0.106203,0.101243,0.000000,0.012681,-0.478477,-41.652303,0.090955,0.001000,0.000761,0.002106,0.002041,0.000761,0.020502,0.233026,-9.807211,-0.017235,0.025911,0.001000,-2.877184,-0.010743,27.000000,0.013045,12.253722,0.135507,0.101243,0.000000,0.091000,0.001000,110,0,1,34,33,-0.005357,0.029319,-0.105583,-0.191924,-0.312936,9.786160,1.835205,-0.010743,0.004480,7,1,0,0.000000,0,8.026385,0.000000,0.035143,0,0.110704,0.000000,0.011253,8.026385,0.110704,1,1,1,4.294789,0.000000,0.000000,0.000000,0.000000,0.000000,0.000000,0.000000
2.9501,12.265480,0.100393,-0.040964,-0.104720,0.023460,0.029119,1,8.026385,232,0.023896,0.233752,12.265480,0.119066,7.926700,-0.040964,12.265514,8.016715,-0.040964,0.100393,-0.104720,0.012667,-0.478477,-41.652303,0.090015,0.000000,0.000790,0.002021,0.002956,0.000790,0.023896,0.233752,-9.807186,-0.033865,0.022341,-0.104720,-2.878442,-0.010799,27.000000,0.013045,12.265514,0.119066,0.100476,-0.104720,0.090000,0.000000,115,0,1,34,33,-0.022448,0.031946,-0.146100,-0.071505,0.674132,9.623891,1.833947,-0.010799,0.004812,7,1,0,0.000000,0,8.026385,0.000000,0.023460,0,0.110704,0.000000,0.029119,8.026385,0.110704,1,1,1,4.294916,0.000000,0.000000,0.000000,0.000000,0.000000,0.000000,0.000000
2.9601,12.271012,0.098799,0.049052,-0.209440,0.019925,0.039754,1,8.026385,242,0.028471,0.235838,12.271012,0.055711,7.926601,0.049052,12.270979,8.016666,0.049052,0.098799,-0.209440,0.012718,-0.478477,-41.652303,0.090065,0.000000,0.000683,0.002016,0.000501,0.000683,0.028471,0.235838,-9.807123,-0.023371,0.036610,-0.209440,-2.880079,-0.010921,27.000000,0.013045,12.270979,0.055711,0.098942,-0.209440,0.090000,0.000000,120,0,1,34,33,-0.007519,0.040735,-0.160919,-0.545441,-0.154226,10.084208,1.832310,-0.010921,0.005260,7,1,0,0.000000,0,8.026385,0.000000,0.019925,0,0.110704,0.000000,0.039754,8.026385,0.110704,1,1,1,4.295071,0.000000,0.000000,0.000000,0.000000,0.000000,0.000000,0.000000
2.9701,12.269372,0.095851,0.097597,-0.209440,-0.000406,0.059189,1,8.026385,252,0.032622,0.239505,12.269372,-0.009634,7.928316,0.097597,12.269349,8.018320,0.097597,0.095851,-0.209440,0.012992,-0.478477,-41.652303,0.090004,0.000000,0.000111,0.002014,-0.000764,0.000111,0.032622,0.239505,-9.807022,-0.000845,0.021527,-0.209440,-2.881369,-0.010995,27.000000,0.013045,12.269349,-0.009634,0.095874,-0.209440,0.090000,0.000000,125,0,1,34,33,0.007460,0.018756,-0.112096,-0.793877,-0.428122,9.794182,1.831020,-0.010995,0.005647,7,1,0,0.000000,0,8.026385,0.000000,-0.000406,0,0.110704,0.000000,0.059189,8.026385,0.110704,1,1,1,4.295222,0.000000,0.000000,0.000000,0.000000,0.000000,0.000000,0.000000
2.9801,12.269331,0.095030,0.105560,-0.104720,0.013136,0.039554,1,8.026385,6,0.033358,0.237601,12.269331,0.001466,7.928444,0.105560,12.269253,8.018569,0.105560,0.095030,-0.104720,0.012694,-0.478477,-41.652303,0.090125,0.000000,0.000734,0.002006,-0.000074,0.000734,0.033358,0.237601,-9.807065,-0.016424,-0.002079,-0.104720,-2.881938,-0.011097,27.000000,0.013045,12.269253,0.001466,0.095107,-0.104720,0.090000,0.000000,130,0,1,34,33,-0.015972,0.004365,0.000785,0.045891,-0.109650,9.596950,1.830451,-0.011097,0.005684,7,1,0,0.000000,0,8.026385,0.000000,0.013136,0,0.110704,0.000000,0.039554,8.026385,0.110704,1,1,1,4.295384,0.000000,0.000000,0.000000,0.000000,0.000000,0.000000,0.000000
2.9901,12.269522,0.094252,0.205043,-0.104720,-0.001916,0.039879,1,8.026385,16,0.035092,0.238608,12.269522,-0.000419,7.929814,0.205043,12.269349,8.020032,0.205043,0.094252,-0.104720,0.012645,-0.478477,-41.652303,0.090218,0.001000,0.000837,0.002002,-0.000780,0.000837,0.035092,0.238608,-9.807035,-0.021460,0.004597,-0.103720,-2.881251,-0.011236,27.000000,0.013045,12.269349,-0.000419,0.094340,-0.104720,0.090000,0.001000,135,0,1,34,33,-0.018087,0.013711,0.101158,-0.774177,-0.345942,10.110845,1.831138,-0.011236,0.005851,7,1,0,0.000000,0,8.026385,0.000000,-0.001916,0,0.110637,0.000000,0.039879,8.026385,0.110637,1,1,1,4.295535,0.000000,0.000000,0.000000,0.000000,0.000000,0.000000,0.000000
