t,theta_big,theta_small,dtheta_big,dtheta_small,tau_big,tau_small,axis,held_target,mcu2_seq,gravity_ax,gravity_ay,theta_big_motor,dtheta_big_motor,theta_big_platform,dtheta_big_platform,theta_big_motor_meas,platform_azimuth,platform_rate,small_joint_angle_est,small_joint_rate_est,pitch_joint_angle,pitch_joint_rate,pitch_acc,chassis_azimuth,chassis_yaw_rate,big_enc_age,big_sample_interval,big_enc_innovation,chassis_imu_age,gravity_a_x,gravity_a_y,gravity_a_z,base_omega_x,base_omega_y,base_omega_z,los_azimuth,los_elevation,mcu_bullet_velocity,mcu_pitch_angle,mcu_yaw_big_angle,mcu_yaw_big_omega,mcu_yaw_small_angle,mcu_yaw_small_omega,mcu_chassis_imu_yaw,mcu_chassis_imu_omega,mcu_mark,mcu_color,mcu_auto_aim_switch,mcu_temp_big,mcu_temp_small,imu_gx,imu_gy,imu_gz,imu_ax,imu_ay,imu_az,imu_euler_yaw,imu_euler_pitch,imu_euler_roll,imu_dt_one_tenth_ms,tx_auto_aim_enable,tx_fire,tx_pitch_target_angle,tx_yaw_big_mode,tx_yaw_big_target_angle,tx_yaw_big_target_velocity,tx_yaw_big_torque,tx_yaw_small_mode,tx_yaw_small_target_angle,tx_yaw_small_target_velocity,tx_yaw_small_torque,target_big,target_small,est_valid,mcu_valid,imu_valid,backlash_center,backlash_beta_true,theta_true_motor,theta_true_platform,theta_true_small,dtheta_true_motor,dtheta_true_platform,dtheta_true_small
0.0002,-3.658886,0.003835,0.011251,0.000000,0.046012,0.000000,0,0.234814,35,0.259945,-0.045956,-3.658886,0.000419,-5.438576,0.011251,-3.658888,-5.426806,0.011251,0.003835,0.000000,0.012884,-0.381690,-27.404137,0.011769,0.000000,0.000422,0.001880,-0.000098,0.000422,0.259945,-0.045956,-9.806448,0.001309,0.008335,0.000000,2.430544,0.017666,27.000000,0.013045,-3.658888,0.000419,0.003835,0.000000,0.012000,0.000000,65,0,1,32,30,-0.005285,-0.006431,0.011334,-0.192769,0.067421,9.962250,0.859748,0.017666,0.026487,7,1,0,0.000000,0,-5.422972,0.000000,0.046012,0,0.003835,0.000000,0.000000,-5.422972,0.003835,1,1,1,1.771743,0.000000,0.000000,0.000000,0.000000,0.000000,0.000000,0.000000
0.0101,-3.658792,0.004602,0.002021,0.000000,0.015385,-0.008400,0,0.234814,45,0.260090,-0.045230,-3.658792,0.000419,-5.439346,0.002021,-3.658792,-5.427583,0.002021,0.004602,0.000000,0.012951,-0.381690,-27.404137,0.011763,-0.001000,0.000247,0.001941,-0.000099,0.000247,0.260090,-0.045230,-9.806447,-0.002953,-0.014198,-0.001000,2.430534,0.017679,27.000000,0.013045,-3.658792,0.000419,0.004602,0.000000,0.012000,-0.001000,70,0,1,32,30,0.009636,0.010849,0.000880,-0.012409,0.318132,9.802189,0.859737,0.017679,0.026498,7,1,0,0.000000,0,-5.423106,0.000000,0.015385,0,0.003902,0.000000,-0.008400,-5.423106,0.003902,1,1,1,1.771771,0.000000,0.000000,0.000000,0.000000,0.000000,0.000000,0.000000
0.0201,-3.655627,0.003835,0.012749,0.000000,-0.012371,0.013410,0,0.234814,55,0.260545,-0.045296,-3.655627,0.039375,-5.438510,0.012749,-3.655628,-5.426740,0.012749,0.003835,0.000000,0.012976,-0.381690,-27.404137,0.011770,0.001000,0.000181,0.002045,0.001132,0.000181,0.260545,-0.045296,-9.806435,0.010576,-0.003545,0.001000,2.430608,0.017691,27.000000,0.013045,-3.655628,0.039375,0.003835,0.000000,0.012000,0.001000,75,0,1,32,30,-0.007434,0.008493,0.013640,-0.337527,0.393393,9.888868,0.859812,0.017691,0.026549,6,1,0,0.000000,0,-5.424040,0.000000,-0.012371,0,0.004369,0.000000,0.013410,-5.424040,0.004369,1,1,1,1.771802,0.000000,0.000000,0.000000,0.000000,0.000000,0.000000,0.000000
0.0301,-3.652847,0.004602,0.030538,0.000000,-0.015987,0.007078,0,0.234814,65,0.260418,-0.044059,-3.652847,0.022934,-5.439278,0.030538,-3.652848,-5.427493,0.030538,0.004602,0.000000,0.013038,-0.381690,-27.404137,0.011785,0.000000,0.000018,0.002001,0.000153,0.000018,0.260418,-0.044059,-9.806444,0.012478,0.010343,0.000000,2.430624,0.017647,27.000000,0.013045,-3.652848,0.022934,0.004602,0.000000,0.012000,0.000000,80,0,1,32,30,-0.015956,-0.002443,0.030572,0.303821,0.032740,9.694252,0.859827,0.017647,0.026532,7,1,0,0.000000,0,-5.426575,0.000000,-0.015987,0,0.005637,0.000000,0.007078,-5.426575,0.005637,1,1,1,1.772000,0.000000,0.000000,0.000000,0.000000,0.000000,0.000000,0.000000
0.0401,-3.655430,0.004602,0.054442,0.000000,-0.062663,0.031674,0,0.234814,74,0.262079,-0.044914,-3.655430,-0.016860,-5.438845,0.054442,-3.655436,-5.427052,0.054442,0.004602,0.000000,0.012994,-0.381690,-27.404137,0.011792,0.000000,0.000134,0.001870,-0.000849,0.000134,0.262079,-0.044914,-9.806396,-0.005290,-0.018814,0.000000,2.431060,0.017691,27.000000,0.013045,-3.655436,-0.016860,0.004602,0.000000,0.012000,0.000000,85,0,1,32,30,0.013918,0.014426,0.054259,-0.490035,0.353531,10.012783,0.860264,0.017691,0.026701,6,1,0,0.000000,0,-5.431509,0.000000,-0.062663,0,0.008104,0.000000,0.031674,-5.431509,0.008104,1,1,1,1.772046,0.000000,0.000000,0.000000,0.000000,0.000000,0.000000,0.000000
0.0501,-3.660798,0.006136,0.092129,0.000000,-0.092554,0.035864,0,0.234814,85,0.260915,-0.044580,-3.660798,-0.051627,-5.439787,0.092129,-3.660805,-5.427960,0.092129,0.006136,0.000000,0.013016,-0.381690,-27.404137,0.011826,0.000000,0.000075,0.001847,-0.001504,0.000075,0.260915,-0.044580,-9.806428,-0.006726,0.013564,0.000000,2.431688,0.017719,27.000000,0.013045,-3.660805,-0.051627,0.006136,0.000000,0.012000,0.000000,90,0,1,32,30,-0.000984,-0.013907,0.092317,0.456634,0.052417,9.656268,0.860892,0.017719,0.026576,7,1,0,0.000000,0,-5.439387,0.000000,-0.092554,0,0.012043,0.000000,0.035864,-5.439387,0.012043,1,1,1,1.772077,0.000000,0.000000,0.000000,0.000000,0.000000,0.000000,0.000000
0.0601,-3.673554,0.007674,0.062888,0.104720,-0.151270,0.058621,0,0.234814,95,0.261856,-0.044861,-3.673554,-0.138544,-5.440010,0.062888,-3.673557,-5.428137,0.062888,0.007674,0.104720,0.013029,-0.381690,-27.404137,0.011873,0.000000,0.000042,0.001861,-0.003748,0.000042,0.261856,-0.044861,-9.806402,0.009646,-0.014166,0.104720,2.433047,0.017802,27.000000,0.013045,-3.673557,-0.138544,0.007670,0.104720,0.012000,0.000000,95,0,1,32,30,-0.000997,0.019291,0.167370,-0.031970,0.263578,9.571939,0.862251,0.017802,0.026664,7,1,0,0.000000,0,-5.450265,0.000000,-0.151270,0,0.017482,0.000000,0.058621,-5.450265,0.017482,1,1,1,1.772083,0.000000,0.000000,0.000000,0.000000,0.000000,0.000000,0.000000
0.0701,-3.700777,0.010789,-0.039724,0.314159,-0.200205,0.065508,0,0.234814,105,0.261530,-0.045694,-3.700777,-0.289969,-5.440892,-0.039724,-3.700785,-5.429019,-0.039724,0.010789,0.314159,0.012983,-0.381690,-27.404137,0.011872,-0.001000,0.000163,0.001853,-0.007087,0.000163,0.261530,-0.045694,-9.806407,-0.003404,0.018901,0.313159,2.435278,0.017924,27.000000,0.013045,-3.700785,-0.289969,0.010738,0.314159,0.012000,-0.001000,100,0,1,32,30,-0.007334,-0.014199,0.273642,0.334712,0.013532,10.478854,0.864482,0.017924,0.026615,6,1,0,0.000000,0,-5.464143,0.000000,-0.200205,0,0.024421,0.000000,0.065508,-5.464143,0.024421,1,1,1,1.763174,0.000000,0.000000,0.000000,0.000000,0.000000,0.000000,0.000000
0.0801,-3.730206,0.017009,0.087775,0.523599,-0.248930,0.053894,0,0.234814,115,0.253857,-0.046452,-3.730206,-0.282743,-5.443008,0.087775,-3.730219,-5.431007,0.087775,0.017009,0.523599,0.012947,-0.381690,-27.404137,0.012001,-0.002000,0.000258,0.001822,-0.004058,0.000258,0.253857,-0.046452,-9.806605,-0.108577,0.113025,0.521599,2.439521,0.018117,27.000000,0.013045,-3.730219,-0.282743,0.016874,0.523599,0.012000,-0.002000,105,0,1,32,30,0.024924,-0.146831,0.611326,2.273423,-0.050609,9.560711,0.868725,0.018117,0.025800,6,1,0,0.000000,0,-5.481021,0.000000,-0.248930,0,0.032860,0.000000,0.053894,-5.481021,0.032860,1,1,1,1.749269,0.000000,0.000000,0.000000,0.000000,0.000000,0.000000,0.000000
0.0901,-3.729300,0.030437,-0.425614,1.256637,-0.273136,-0.010170,0,0.234814,125,0.240217,-0.050380,-3.729300,-0.000419,-5.448303,-0.425614,-3.729164,-5.436460,-0.425614,0.030437,1.256637,0.012886,-0.381690,-27.404137,0.011843,-0.002000,0.000417,0.001874,0.001473,0.000417,0.240217,-0.050380,-9.806929,-0.030209,-0.037160,1.254637,2.447511,0.018760,27.000000,0.013045,-3.729164,-0.000419,0.029913,1.256637,0.012000,-0.002000,110,0,1,32,30,0.046155,0.023458,0.828790,2.104137,1.480815,12.552392,0.876715,0.018760,0.024326,7,1,0,0.000000,0,-5.500899,0.000000,-0.273136,0,0.042799,0.000000,-0.010170,-5.500899,0.042799,1,1,1,1.748306,0.000000,0.000000,0.000000,0.000000,0.000000,0.000000,0.000000
0.1001,-3.733766,0.043719,-0.595922,1.361357,-0.336796,0.002614,0,0.234814,135,0.249660,-0.044831,-3.733766,-0.054664,-5.453178,-0.595922,-3.733766,-5.442011,-0.595922,0.043719,1.361357,0.013045,-0.381690,-27.404137,0.011166,-0.010000,0.000000,0.001860,-0.000656,0.000000,0.249660,-0.044831,-9.806720,0.089348,-0.119403,1.351460,2.455230,0.018719,27.000000,0.013045,-3.733766,-0.054664,0.043719,1.361357,0.012000,-0.010000,115,0,1,32,30,-0.000972,0.158971,0.753528,0.225889,-0.215106,8.849514,0.884434,0.018719,0.025233,7,1,0,0.000000,0,-5.523777,0.000000,-0.336796,0,0.054238,0.000000,0.002614,-5.523777,0.054238,1,1,1,1.748216,0.000000,0.000000,0.000000,0.000000,0.000000,0.000000,0.000000
0.1101,-3.744037,0.060012,-0.850225,1.466077,-0.357974,-0.019246,0,0.234814,145,0.256916,-0.041627,-3.744037,-0.097599,-5.463689,-0.850225,-3.743929,-5.451686,-0.850225,0.060012,1.466077,0.012996,-0.381690,-27.404137,0.012003,-0.018000,0.000128,0.001849,-0.000461,0.000128,0.256916,-0.041627,-9.806547,-0.022351,0.002257,1.448077,2.461841,0.018798,27.000000,0.013045,-3.743929,-0.097599,0.059825,1.466077,0.012000,-0.018000,120,0,1,32,30,0.016235,-0.007756,0.598003,0.849155,-0.589809,9.018421,0.891045,0.018798,0.025895,7,1,0,0.000000,0,-5.549655,0.000000,-0.357974,0,0.067175,0.000000,-0.019246,-5.549655,0.067175,1,1,1,1.748117,0.000000,0.000000,0.000000,0.000000,0.000000,0.000000,0.000000
0.1201,-3.752209,0.073854,-0.742908,1.256637,-0.445311,0.019657,0,0.234814,155,0.255608,-0.036077,-3.752209,-0.087441,-5.471648,-0.742908,-3.752078,-5.459783,-0.742908,0.073854,1.256637,0.012977,-0.381690,-27.404137,0.011865,-0.005000,0.000177,0.001997,-0.000449,0.000177,0.255608,-0.036077,-9.806603,0.068543,0.045713,1.251637,2.467599,0.018563,27.000000,0.013045,-3.752078,-0.087441,0.073631,1.256637,0.012000,-0.005000,125,0,1,32,30,-0.082007,0.014522,0.508584,-0.097346,-0.797853,8.786025,0.896803,0.018563,0.025721,6,1,0,0.000000,0,-5.578533,0.000000,-0.445311,0,0.081461,0.000000,0.019657,-5.578533,0.081461,1,1,1,1.748019,0.000000,0.000000,0.000000,0.000000,0.000000,0.000000,0.000000
0.1301,-3.761237,0.087892,-1.018808,1.361357,-0.497986,0.029826,0,0.234814,165,0.256419,-0.027464,-3.761237,-0.096656,-5.481543,-1.018808,-3.760899,-5.469954,-1.018808,0.087892,1.361357,0.012918,-0.381690,-27.404137,0.011589,0.010000,0.000334,0.001908,-0.000105,0.000334,0.256419,-0.027464,-9.806610,0.069851,-0.040712,1.371357,2.471484,0.017997,27.000000,0.013045,-3.760899,-0.096656,0.087437,1.361357,0.012000,0.010000,130,0,1,32,30,-0.026623,0.080887,0.351533,2.171908,-0.302322,10.582150,0.900688,0.017997,0.025799,7,1,0,0.000000,0,-5.610411,0.000000,-0.497986,0,0.096716,0.000000,0.029826,-5.610411,0.096716,1,1,1,1.747924,0.000000,0.000000,0.000000,0.000000,0.000000,0.000000,0.000000
0.1401,-3.771349,0.101983,-1.051808,1.361357,-0.571590,0.038456,0,0.234814,175,0.265775,-0.026126,-3.771349,-0.099693,-5.491883,-1.051808,-3.770774,-5.480609,-1.051808,0.101983,1.361357,0.012838,-0.381690,-27.404137,0.011275,0.013000,0.000544,0.001843,0.000087,0.000544,0.265775,-0.026126,-9.806364,0.005450,-0.087623,1.374357,2.474905,0.018241,27.000000,0.013045,-3.770774,-0.099693,0.101243,1.361357,0.012000,0.013000,135,0,1,32,30,0.054492,0.072969,0.321639,0.144763,-0.350043,10.484648,0.904108,0.018241,0.026688,7,1,0,0.000000,0,-5.645289,0.000000,-0.571590,0,0.112541,0.000000,0.038456,-5.645289,0.112541,1,1,1,1.747830,0.000000,0.000000,0.000000,0.000000,0.000000,0.000000,0.000000
0.1501,-3.781001,0.115129,-1.106044,1.361357,-0.658670,0.055302,0,0.234814,185,0.268890,-0.025586,-3.781001,-0.103777,-5.502902,-1.106044,-3.780937,-5.491017,-1.106044,0.115129,1.361357,0.013023,-0.381690,-27.404137,0.011886,0.011000,0.000059,0.001811,-0.000279,0.000059,0.268890,-0.025586,-9.806281,-0.001149,-0.053426,1.372357,2.477630,0.018757,27.000000,0.013045,-3.780937,-0.103777,0.115049,1.361357,0.012000,0.011000,140,0,1,32,30,0.037432,0.041604,0.265794,0.773526,-0.348897,9.642871,0.906834,0.018757,0.026937,7,1,0,0.000000,0,-5.683140,0.000000,-0.658670,0,0.128536,0.000000,0.055302,-5.683140,0.128536,1,1,1,1.747745,0.000000,0.000000,0.000000,0.000000,0.000000,0.000000,0.000000
0.1601,-3.792268,0.128877,-1.092123,1.361357,-0.736961,0.050999,0,0.234814,195,0.269441,-0.024911,-3.792268,-0.120114,-5.513940,-1.092123,-3.792250,-5.501990,-1.092123,0.128877,1.361357,0.013039,-0.381690,-27.404137,0.011950,0.007000,0.000017,0.001968,-0.000316,0.000017,0.269441,-0.024911,-9.806267,-0.018035,-0.028978,1.368357,2.480402,0.019082,27.000000,0.013045,-3.792250,-0.120114,0.128855,1.361357,0.012000,0.007000,145,0,1,32,30,0.033197,0.011533,0.276107,0.904353,0.446113,9.545671,0.909605,0.019082,0.026920,7,1,0,0.000000,0,-5.723506,0.000000,-0.736961,0,0.144300,0.000000,0.050999,-5.723506,0.144300,1,1,1,1.747655,0.000000,0.000000,0.000000,0.000000,0.000000,0.000000,0.000000
0.1701,-3.805598,0.143573,-1.101942,1.361357,-0.806172,0.036102,0,0.234814,205,0.270712,-0.023211,-3.805598,-0.135507,-5.525611,-1.101942,-3.805481,-5.513821,-1.101942,0.143573,1.361357,0.013004,-0.381690,-27.404137,0.011790,0.000000,0.000107,0.001911,-0.000721,0.000107,0.270712,-0.023211,-9.806237,0.008499,-0.018600,1.361357,2.483266,0.019290,27.000000,0.013045,-3.805481,-0.135507,0.143427,1.361357,0.012000,0.000000,150,0,1,32,30,0.007566,0.022371,0.259146,0.553023,-0.111027,9.731252,0.912470,0.019290,0.026981,6,1,0,0.000000,0,-5.765598,0.000000,-0.806172,0,0.159434,0.000000,0.036102,-5.765598,0.159434,1,1,1,1.747562,0.000000,0.000000,0.000000,0.000000,0.000000,0.000000,0.000000
0.1801,-3.818316,0.158552,-1.242614,1.466077,-0.869843,0.021222,0,0.234814,215,0.273022,-0.021018,-3.818316,-0.129329,-5.537670,-1.242614,-3.817849,-5.526314,-1.242614,0.158552,1.466077,0.012901,-0.381690,-27.404137,0.011355,-0.008000,0.000376,0.001845,-0.000323,0.000376,0.273022,-0.021018,-9.806178,0.040991,-0.035714,1.458077,2.485750,0.019407,27.000000,0.013045,-3.817849,-0.129329,0.158000,1.466077,0.012000,-0.008000,155,0,1,32,30,-0.001023,0.057132,0.214744,0.513965,0.372724,10.051910,0.914954,0.019407,0.027152,6,1,0,0.000000,0,-5.808616,0.000000,-0.869843,0,0.173537,0.000000,0.021222,-5.808616,0.173537,1,1,1,1.747466,0.000000,0.000000,0.000000,0.000000,0.000000,0.000000,0.000000
0.1901,-3.830731,0.173083,-1.282399,1.361357,-0.924496,0.008125,0,0.234814,225,0.277370,-0.016076,-3.830731,-0.132366,-5.550774,-1.282399,-3.830217,-5.539467,-1.282399,0.173083,1.361357,0.012902,-0.381690,-27.404137,0.011308,-0.011000,0.000375,0.001846,-0.000174,0.000375,0.277370,-0.016076,-9.806065,0.032145,-0.028975,1.350357,2.487130,0.019381,27.000000,0.013045,-3.830217,-0.132366,0.172573,1.361357,0.012000,-0.011000,160,0,1,32,30,0.001082,0.044136,0.067394,0.437986,-0.100349,9.635580,0.916333,0.019381,0.027578,6,1,0,0.000000,0,-5.851759,0.000000,-0.924496,0,0.186248,0.000000,0.008125,-5.851759,0.186248,1,1,1,1.747373,0.000000,0.000000,0.000000,0.000000,0.000000,0.000000,0.000000
0.2001,-3.844114,0.185970,-1.332617,1.256637,-0.978064,0.006213,0,0.234814,235,0.282336,-0.010836,-3.844114,-0.138544,-5.563850,-1.332617,-3.843735,-5.552479,-1.332617,0.185970,1.256637,0.012936,-0.381690,-27.404137,0.011371,-0.007000,0.000285,0.001904,-0.000382,0.000285,0.282336,-0.010836,-9.805930,0.056306,-0.036055,1.249637,2.487004,0.019338,27.000000,0.013045,-3.843735,-0.138544,0.185612,1.256637,0.012000,-0.007000,165,0,1,32,30,-0.007523,0.065357,-0.083833,0.274369,0.149117,9.561417,0.916207,0.019338,0.028089,6,1,0,0.000000,0,-5.894228,0.000000,-0.978064,0,0.197459,0.000000,0.006213,-5.894228,0.197459,1,1,1,1.747281,0.000000,0.000000,0.000000,0.000000,0.000000,0.000000,0.000000
0.2101,-3.856946,0.197572,-1.414171,1.151917,-1.000000,0.000295,0,0.234814,245,0.287888,-0.006889,-3.856946,-0.133413,-5.577117,-1.414171,-3.856391,-5.565977,-1.414171,0.197572,1.151917,0.012894,-0.381690,-27.404137,0.011140,0.000000,0.000395,0.001833,0.000080,0.000395,0.287888,-0.006889,-9.805772,0.046736,-0.045428,1.151917,2.485104,0.019338,27.000000,0.013045,-3.856391,-0.133413,0.197117,1.151917,0.012000,0.000000,170,0,1,32,30,0.007371,0.061371,-0.263067,-0.354831,0.055769,10.124724,0.914308,0.019338,0.028647,7,1,0,0.000000,0,-5.935223,0.000000,-1.000000,0,0.207170,0.000000,0.000295,-5.935223,0.207170,1,1,1,1.747188,0.000000,0.000000,0.000000,0.000000,0.000000,0.000000,0.000000
0.2201,-3.870299,0.207598,-1.442686,0.942478,-1.000000,-0.002590,0,0.234814,255,0.293178,-0.002752,-3.870299,-0.140639,-5.591052,-1.442686,-3.869526,-5.580125,-1.442686,0.207598,0.942478,0.012838,-0.381690,-27.404137,0.010927,0.009000,0.000542,0.001848,-0.000026,0.000542,0.293178,-0.002752,-9.805618,0.021747,-0.035715,0.951478,2.480982,0.019267,27.000000,0.013045,-3.869526,-0.140639,0.207088,0.942478,0.012000,0.009000,175,0,1,32,30,0.015873,0.032375,-0.491664,-0.443124,0.046849,9.291951,0.910186,0.019267,0.029196,7,1,0,0.000000,0,-5.973943,0.000000,-1.000000,0,0.215381,0.000000,-0.002590,-5.973943,0.215381,1,1,1,1.747098,0.000000,0.000000,0.000000,0.000000,0.000000,0.000000,0.000000
0.2301,-3.884482,0.215524,-1.392523,0.733038,-1.000000,0.000982,0,0.234814,9,0.292027,0.003175,-3.884482,-0.150796,-5.605032,-1.392523,-3.884482,-5.593439,-1.392523,0.215524,0.733038,0.013045,-0.381690,-27.404137,0.011594,0.009000,0.000000,0.001830,-0.000628,0.000000,0.292027,0.003175,-9.805652,-0.010722,0.014203,0.742026,2.475604,0.019090,27.000000,0.013045,-3.884482,-0.150796,0.215524,0.733038,0.012000,0.009000,180,0,1,32,30,-0.005459,-0.025422,-0.650220,0.111414,0.320320,9.630025,0.904807,0.019090,0.029158,7,1,0,0.000000,0,-6.009763,0.000000,-1.000000,0,0.222092,0.000000,0.000982,-6.009763,0.222092,1,1,1,1.747014,0.000000,0.000000,0.000000,0.000000,0.000000,0.000000,0.000000
0.2401,-3.898457,0.221723,-1.331174,0.523599,-1.000000,0.001285,0,0.234814,19,0.287485,0.007663,-3.898457,-0.142628,-5.618282,-1.331174,-3.898288,-5.607107,-1.331174,0.221723,0.523599,0.012999,-0.381690,-27.404137,0.011175,0.003000,0.000120,0.001849,-0.000423,0.000120,0.287485,0.007663,-9.805784,-0.014715,0.039663,0.526599,2.468153,0.018677,27.000000,0.013045,-3.898288,-0.142628,0.221660,0.523599,0.012000,0.003000,185,0,1,32,30,-0.024695,-0.044805,-0.804061,0.755403,-0.381600,9.967925,0.897357,0.018677,0.028769,7,1,0,0.000000,0,-6.042583,0.000000,-1.000000,0,0.227303,0.000000,0.001285,-6.042583,0.227303,1,1,1,1.746920,0.000000,0.000000,0.000000,0.000000,0.000000,0.000000,0.000000
0.2501,-3.913164,0.227243,-1.461195,0.523599,-1.000000,-0.010548,0,0.234814,29,0.286397,0.011717,-3.913164,-0.149854,-5.632447,-1.461195,-3.912573,-5.621512,-1.461195,0.227243,0.523599,0.012889,-0.381690,-27.404137,0.010935,-0.002000,0.000408,0.001844,-0.000525,0.000408,0.286397,0.011717,-9.805812,0.011817,-0.031428,0.521599,2.459282,0.018298,27.000000,0.013045,-3.912573,-0.149854,0.227029,0.523599,0.012000,-0.002000,190,0,1,32,30,0.020029,0.014835,-0.939865,0.706650,-0.123217,9.951349,0.888486,0.018298,0.028722,7,1,0,0.000000,0,-6.072402,0.000000,-1.000000,0,0.231014,0.000000,-0.010548,-6.072402,0.231014,1,1,1,1.746826,0.000000,0.000000,0.000000,0.000000,0.000000,0.000000,0.000000
0.2601,-3.921894,0.231697,-1.460489,0.418879,-1.000000,-0.018789,0,0.234814,39,0.287184,0.015412,-3.921894,-0.153938,-5.646540,-1.460489,-3.921682,-5.635529,-1.460489,0.231697,0.418879,0.012985,-0.381690,-27.404137,0.011011,-0.007000,0.000157,0.001848,0.000140,0.000157,0.287184,0.015412,-9.805783,0.004558,-0.028964,0.411879,2.449723,0.018173,27.000000,0.013045,-3.921682,-0.153938,0.231631,0.418879,0.012000,-0.007000,195,0,1,32,30,0.022141,0.005603,-1.048771,0.419583,-0.376595,9.546659,0.878927,0.018173,0.028862,7,1,0,0.000000,0,-6.099222,0.000000,-1.000000,0,0.233274,0.000000,-0.018789,-6.099222,0.233274,1,1,1,1.746741,0.000000,0.000000,0.000000,0.000000,0.000000,0.000000,0.000000
0.2701,-3.942826,0.234778,-1.418188,0.209440,-1.000000,-0.020389,0,0.234814,48,0.289129,0.017904,-3.942826,-0.143676,-5.661263,-1.418188,-3.942295,-5.650382,-1.418188,0.234778,0.209440,0.012901,-0.381690,-27.404137,0.010881,-0.006000,0.000378,0.001985,-0.001569,0.000378,0.289129,0.017904,-9.805722,0.024970,-0.020608,0.203440,2.437956,0.017977,27.000000,0.013045,-3.942295,-0.143676,0.234699,0.209440,0.012000,-0.006000,200,0,1,32,30,0.005004,0.016313,-1.215060,0.427705,0.138224,9.676252,0.867159,0.017977,0.029098,7,1,0,0.000000,0,-6.123042,0.000000,-1.000000,0,0.234393,0.000000,-0.020389,-6.123042,0.234393,1,1,1,1.746648,0.000000,0.000000,0.000000,0.000000,0.000000,0.000000,0.000000
0.2801,-3.958659,0.236233,-1.377492,0.000000,-1.000000,-0.013672,0,0.234814,59,0.290971,0.021596,-3.958659,-0.164096,-5.675431,-1.377492,-3.958019,-5.664580,-1.377492,0.236233,0.000000,0.012880,-0.381690,-27.404137,0.010851,0.000000,0.000432,0.001839,-0.001906,0.000432,0.290971,0.021596,-9.805660,0.001709,-0.014076,0.000000,2.425219,0.017676,27.000000,0.013045,-3.958019,-0.164096,0.236233,0.000000,0.012000,0.000000,4,0,1,32,30,0.011388,-0.009294,-1.377486,0.314251,0.113618,10.116171,0.854423,0.017676,0.029361,7,1,0,0.000000,0,-6.143862,0.000000,-1.000000,0,0.234773,0.000000,-0.013672,-6.143862,0.234773,1,1,1,1.746556,0.000000,0.000000,0.000000,0.000000,0.000000,0.000000,0.000000
0.2901,-3.972505,0.236233,-1.540214,0.000000,-0.996712,-0.002444,0,0.234814,69,0.292222,0.025735,-3.972505,-0.158022,-5.689965,-1.540214,-3.972016,-5.679220,-1.540214,0.236233,0.000000,0.012923,-0.381690,-27.404137,0.010745,0.003000,0.000319,0.001840,0.001422,0.000319,0.292222,0.025735,-9.805613,0.012117,-0.022050,0.003000,2.410586,0.017339,27.000000,0.013045,-3.972016,-0.158022,0.236233,0.000000,0.012000,0.003000,9,0,1,32,30,0.013464,0.001387,-1.537360,0.447516,0.022194,9.780374,0.839789,0.017339,0.029584,7,1,0,0.000000,0,-6.161681,0.000000,-0.996712,0,0.234813,0.000000,-0.002444,-6.161681,0.234813,1,1,1,1.746461,0.000000,0.000000,0.000000,0.000000,0.000000,0.000000,0.000000
0.3001,-3.984278,0.236201,-1.531889,-0.104720,-0.954080,-0.002441,0,0.234814,79,0.294583,0.030720,-3.984278,-0.153938,-5.705658,-1.531889,-3.983809,-5.694944,-1.531889,0.236201,-0.104720,0.012928,-0.381690,-27.404137,0.010714,0.004000,0.000307,0.001803,0.002749,0.000307,0.294583,0.030720,-9.805528,0.041356,-0.022843,-0.100720,2.394840,0.016905,27.000000,0.013045,-3.983809,-0.153938,0.236233,-0.104720,0.012000,0.004000,14,0,1,32,30,0.000602,0.026132,-1.633083,0.179417,0.259096,9.945276,0.824043,0.016905,0.029937,7,1,0,0.000000,0,-6.176501,0.000000,-0.954080,0,0.234814,0.000000,-0.002441,-6.176501,0.234814,1,1,1,1.746365,0.000000,0.000000,0.000000,0.000000,0.000000,0.000000,0.000000
0.3101,-4.002317,0.233879,-1.521726,-0.209440,-0.932445,0.025095,0,0.234814,89,0.297474,0.035457,-4.002317,-0.156975,-5.719991,-1.521726,-4.001930,-5.709319,-1.521726,0.233879,-0.209440,0.012947,-0.381690,-27.404137,0.010671,0.004000,0.000256,0.001883,-0.000258,0.000256,0.297474,0.035457,-9.805425,0.014424,-0.015325,-0.205440,2.378150,0.016453,27.000000,0.013045,-4.001930,-0.156975,0.233932,-0.209440,0.012000,0.004000,19,0,1,32,30,0.007008,-0.002519,-1.727278,-0.191664,-0.191694,10.036210,0.807353,0.016453,0.030344,7,1,0,0.000000,0,-6.188321,0.000000,-0.932445,0,0.234814,0.000000,0.025095,-6.188321,0.234814,1,1,1,1.746278,0.000000,0.000000,0.000000,0.000000,0.000000,0.000000,0.000000
0.3201,-4.016685,0.232374,-1.553922,-0.209440,-0.873783,0.019930,0,0.234814,99,0.297810,0.040534,-4.016685,-0.156975,-5.735780,-1.553922,-4.016502,-5.725157,-1.553922,0.232374,-0.209440,0.013000,-0.381690,-27.404137,0.010622,0.000000,0.000117,0.001855,-0.000181,0.000117,0.297810,0.040534,-9.805395,0.016523,-0.018461,-0.209440,2.360819,0.015964,27.000000,0.013045,-4.016502,-0.156975,0.232398,-0.209440,0.012000,0.000000,24,0,1,32,30,0.009130,0.000106,-1.763512,0.323112,0.248551,10.031398,0.790023,0.015964,0.030502,7,1,0,0.000000,0,-6.197141,0.000000,-0.873783,0,0.234814,0.000000,0.019930,-6.197141,0.234814,1,1,1,1.746188,0.000000,0.000000,0.000000,0.000000,0.000000,0.000000,0.000000
0.3301,-4.032968,0.231627,-1.636471,-0.104720,-0.815038,0.013844,0,0.234814,109,0.298589,0.046181,-4.032968,-0.171322,-5.752353,-1.636471,-4.032897,-5.741731,-1.636471,0.231627,-0.104720,0.013028,-0.381690,-27.404137,0.010622,-0.003000,0.000043,0.001878,-0.000382,0.000043,0.298589,0.046181,-9.805346,0.027419,0.005112,-0.107720,2.343512,0.015428,27.000000,0.013045,-4.032897,-0.171322,0.231631,-0.104720,0.012000,-0.003000,29,0,1,32,30,-0.016480,-0.000223,-1.744336,-0.317143,-0.130030,9.682642,0.772716,0.015428,0.030714,7,1,0,0.000000,0,-6.202970,0.000000,-0.815038,0,0.234814,0.000000,0.013844,-6.202970,0.234814,1,1,1,1.746100,0.000000,0.000000,0.000000,0.000000,0.000000,0.000000,0.000000
0.3401,-4.049004,0.230864,-1.647583,-0.104720,-0.759352,0.015524,0,0.234814,119,0.297367,0.053862,-4.049004,-0.168180,-5.770926,-1.647583,-4.049004,-5.758513,-1.647583,0.230864,-0.104720,0.013045,-0.381690,-27.404137,0.012412,-0.003000,0.000000,0.001988,-0.000074,0.000000,0.297367,0.053862,-9.805344,0.023655,0.037778,-0.107716,2.325990,0.014630,27.000000,0.013045,-4.049004,-0.168180,0.230864,-0.104720,0.012000,-0.003000,34,0,1,32,30,-0.044215,-0.017256,-1.755223,0.238425,-0.313058,9.815150,0.755194,0.014630,0.030773,7,1,0,0.000000,0,-6.206158,0.000000,-0.759352,0,0.234814,0.000000,0.015524,-6.206158,0.234814,1,1,1,1.746012,0.000000,0.000000,0.000000,0.000000,0.000000,0.000000,0.000000
0.3501,-4.066142,0.230860,-1.674351,-0.104720,-0.699906,0.007953,0,0.234814,129,0.295012,0.061594,-4.066142,-0.178442,-5.786734,-1.674351,-4.066070,-5.776115,-1.674351,0.230860,-0.104720,0.013029,-0.381690,-27.404137,0.010619,-0.002000,0.000043,0.001879,-0.000632,0.000043,0.295012,0.061594,-9.805370,0.002938,0.012032,-0.106720,2.308409,0.013791,27.000000,0.013045,-4.066070,-0.178442,0.230864,-0.104720,0.012000,-0.002000,39,0,1,32,30,-0.012195,-0.025372,-1.780892,0.363049,-0.286191,9.968629,0.737612,0.013791,0.030719,7,1,0,0.000000,0,-6.207479,0.000000,-0.699906,0,0.234814,0.000000,0.007953,-6.207479,0.234814,1,1,1,1.745928,0.000000,0.000000,0.000000,0.000000,0.000000,0.000000,0.000000
0.3601,-4.083232,0.230864,-1.801240,0.000000,-0.650639,0.007855,0,0.234814,139,0.292645,0.066677,-4.083232,-0.181479,-5.805912,-1.801240,-4.083232,-5.794041,-1.801240,0.230864,0.000000,0.013045,-0.381690,-27.404137,0.011872,0.001000,0.000000,0.002002,0.000049,0.000000,0.292645,0.066677,-9.805407,-0.006640,-0.011760,0.000998,2.290504,0.013248,27.000000,0.013045,-4.083232,-0.181479,0.230864,0.000000,0.012000,0.001000,44,0,1,32,30,0.013415,-0.025043,-1.800068,0.104898,-0.681805,9.466823,0.719708,0.013248,0.030603,8,1,0,0.000000,0,-6.207730,0.000000,-0.650639,0,0.234814,0.000000,0.007855,-6.207730,0.234814,1,1,1,1.745844,0.000000,0.000000,0.000000,0.000000,0.000000,0.000000,0.000000
0.3701,-4.101448,0.230864,-1.844324,0.000000,-0.609437,0.007899,0,0.234814,148,0.291599,0.070719,-4.101448,-0.183574,-5.824052,-1.844324,-4.101448,-5.812174,-1.844324,0.230864,0.000000,0.013045,-0.381690,-27.404137,0.011878,0.002000,0.000000,0.001988,-0.000463,0.000000,0.291599,0.070719,-9.805410,0.015670,-0.022964,0.002015,2.272383,0.012823,27.000000,0.013045,-4.101448,-0.183574,0.230864,0.000000,0.012000,0.002000,49,0,1,32,30,0.015511,-0.000964,-1.842453,0.553273,-0.319269,9.556891,0.701587,0.012823,0.030593,7,1,0,0.000000,0,-6.207702,0.000000,-0.609437,0,0.234814,0.000000,0.007899,-6.207702,0.234814,1,1,1,1.745763,0.000000,0.000000,0.000000,0.000000,0.000000,0.000000,0.000000
0.3801,-4.121002,0.230864,-1.916727,0.000000,-0.550636,0.007899,0,0.234814,159,0.291018,0.073214,-4.121002,-0.193836,-5.842563,-1.916727,-4.120048,-5.832212,-1.916727,0.230864,0.000000,0.012855,-0.381690,-27.404137,0.010351,0.003000,0.000498,0.001838,-0.000338,0.000498,0.291018,0.073214,-9.805409,-0.023974,-0.012126,0.003000,2.252359,0.012372,27.000000,0.013045,-4.120048,-0.193836,0.230864,0.000000,0.012000,0.003000,54,0,1,32,30,0.019804,-0.042754,-1.913335,0.459424,-0.619041,9.821790,0.681563,0.012372,0.030593,8,1,0,0.000000,0,-6.207704,0.000000,-0.550636,0,0.234814,0.000000,0.007899,-6.207704,0.234814,1,1,1,1.745679,0.000000,0.000000,0.000000,0.000000,0.000000,0.000000,0.000000
0.3901,-4.139553,0.230864,-1.932184,0.000000,-0.523082,0.007899,0,0.234814,168,0.290081,0.077707,-4.139553,-0.195826,-5.861738,-1.932184,-4.138935,-5.851204,-1.932184,0.230864,0.000000,0.012923,-0.381690,-27.404137,0.010534,0.000000,0.000320,0.001984,-0.000284,0.000320,0.290081,0.077707,-9.805402,0.004332,-0.024789,0.000000,2.233378,0.011972,27.000000,0.013045,-4.138935,-0.195826,0.230864,0.000000,0.012000,0.000000,59,0,1,32,30,0.021901,-0.012576,-1.932183,0.218595,-0.018062,9.932947,0.662582,0.011972,0.030605,7,1,0,0.000000,0,-6.207704,0.000000,-0.523082,0,0.234814,0.000000,0.007899,-6.207704,0.234814,1,1,1,1.745600,0.000000,0.000000,0.000000,0.000000,0.000000,0.000000,0.000000
0.4001,-4.158672,0.230864,-1.971865,0.000000,-0.477473,0.007899,0,0.234814,179,0.288587,0.081893,-4.158672,-0.198863,-5.881146,-1.971865,-4.158110,-5.870831,-1.971865,0.230864,0.000000,0.012937,-0.381690,-27.404137,0.010315,-0.001000,0.000284,0.001980,-0.000214,0.000284,0.288587,0.081893,-9.805412,0.002447,-0.014904,-0.001000,2.213764,0.011535,27.000000,0.013045,-4.158110,-0.198863,0.230864,0.000000,0.012000,-0.001000,64,0,1,32,30,0.013357,-0.018473,-1.972791,0.218435,-0.205649,9.634379,0.642967,0.011535,0.030554,8,1,0,0.000000,0,-6.207704,0.000000,-0.477473,0,0.234814,0.000000,0.007899,-6.207704,0.234814,1,1,1,1.745521,0.000000,0.000000,0.000000,0.000000,0.000000,0.000000,0.000000
0.4101,-4.178843,0.230864,-2.037063,0.000000,-0.435077,0.007899,0,0.234814,189,0.287937,0.087175,-4.178843,-0.211220,-5.901190,-2.037063,-4.178052,-5.890720,-2.037063,0.230864,0.000000,0.012897,-0.381690,-27.404137,0.010470,-0.004000,0.000389,0.001848,-0.000778,0.000389,0.287937,0.087175,-9.805386,0.010207,-0.003739,-0.004000,2.193891,0.010956,27.000000,0.013045,-4.178052,-0.211220,0.230864,0.000000,0.012000,-0.004000,69,0,1,32,30,0.000526,-0.015465,-2.041034,0.304747,-0.197336,9.739794,0.623095,0.010956,0.030613,7,1,0,0.000000,0,-6.207704,0.000000,-0.435077,0,0.234814,0.000000,0.007899,-6.207704,0.234814,1,1,1,1.745445,0.000000,0.000000,0.000000,0.000000,0.000000,0.000000,0.000000
0.4201,-4.199648,0.230864,-2.063614,0.000000,-0.389006,0.007899,0,0.234814,199,0.286259,0.092074,-4.199648,-0.215304,-5.921389,-2.063614,-4.198857,-5.911134,-2.063614,0.230864,0.000000,0.012898,-0.381690,-27.404137,0.010255,-0.001000,0.000385,0.001831,-0.000663,0.000385,0.286259,0.092074,-9.805390,0.003245,-0.014819,-0.001000,2.173493,0.010432,27.000000,0.013045,-4.198857,-0.215304,0.230864,0.000000,0.012000,-0.001000,74,0,1,32,30,0.013331,-0.019390,-2.064536,0.094885,0.007493,10.181955,0.602696,0.010432,0.030560,8,1,0,0.000000,0,-6.207704,0.000000,-0.389006,0,0.234814,0.000000,0.007899,-6.207704,0.234814,1,1,1,1.745367,0.000000,0.000000,0.000000,0.000000,0.000000,0.000000,0.000000
0.4301,-4.219696,0.230864,-2.098702,0.000000,-0.345886,0.007899,0,0.234814,209,0.284601,0.099110,-4.219696,-0.217294,-5.942185,-2.098702,-4.219183,-5.931738,-2.098702,0.230864,0.000000,0.012951,-0.381690,-27.404137,0.010446,0.000000,0.000245,0.002000,-0.000134,0.000245,0.284601,0.099110,-9.805370,0.013140,0.009210,0.000000,2.152907,0.009749,27.000000,0.013045,-4.219183,-0.217294,0.230864,0.000000,0.012000,0.000000,79,0,1,32,30,-0.012297,-0.016873,-2.098660,0.208964,-0.375530,9.450828,0.582111,0.009749,0.030560,7,1,0,0.000000,0,-6.207704,0.000000,-0.345886,0,0.234814,0.000000,0.007899,-6.207704,0.234814,1,1,1,1.745290,0.000000,0.000000,0.000000,0.000000,0.000000,0.000000,0.000000
0.4401,-4.240174,0.230864,-2.155722,0.000000,-0.296410,0.007899,0,0.234814,219,0.284129,0.106669,-4.240174,-0.215304,-5.963448,-2.155722,-4.239700,-5.953032,-2.155722,0.230864,0.000000,0.012961,-0.381690,-27.404137,0.010416,0.002000,0.000221,0.001848,-0.000254,0.000221,0.284129,0.106669,-9.805304,0.029977,0.000925,0.002000,2.131635,0.008997,27.000000,0.013045,-4.239700,-0.215304,0.230864,0.000000,0.012000,0.002000,84,0,1,32,30,-0.008063,0.000972,-2.153916,-0.183829,0.164342,9.857955,0.560838,0.008997,0.030689,7,1,0,0.000000,0,-6.207704,0.000000,-0.296410,0,0.234814,0.000000,0.007899,-6.207704,0.234814,1,1,1,1.745215,0.000000,0.000000,0.000000,0.000000,0.000000,0.000000,0.000000
0.4501,-4.262078,0.230097,-2.216510,0.000000,-0.258407,0.017103,0,0.234814,228,0.283247,0.113901,-4.262078,-0.229546,-5.984322,-2.216510,-4.261751,-5.973944,-2.216510,0.230097,0.000000,0.012988,-0.381690,-27.404137,0.010378,0.000000,0.000149,0.002012,-0.000081,0.000149,0.283247,0.113901,-9.805248,-0.005937,0.009569,0.000000,2.109976,0.008263,27.000000,0.013045,-4.261751,-0.229546,0.230097,0.000000,0.012000,0.000000,89,0,1,32,30,-0.008041,-0.036671,-2.216220,0.048994,-0.622443,10.079890,0.539180,0.008263,0.030766,7,1,0,0.000000,0,-6.207704,0.000000,-0.258407,0,0.234814,0.000000,0.017103,-6.207704,0.234814,1,1,1,1.745139,0.000000,0.000000,0.000000,0.000000,0.000000,0.000000,0.000000
0.4601,-4.284901,0.230097,-2.238402,0.000000,-0.200981,0.009433,0,0.234814,238,0.280008,0.120846,-4.284901,-0.234677,-6.006528,-2.238402,-4.284761,-5.996155,-2.238402,0.230097,0.000000,0.013021,-0.381690,-27.404137,0.010372,0.001000,0.000063,0.001999,-0.000437,0.000063,0.280008,0.120846,-9.805258,0.008757,-0.006587,0.001000,2.087785,0.007531,27.000000,0.013045,-4.284761,-0.234677,0.230097,0.000000,0.012000,0.001000,94,0,1,32,30,0.004742,-0.019255,-2.237341,0.314658,-0.358942,9.661613,0.516989,0.007531,0.030606,7,1,0,0.000000,0,-6.207704,0.000000,-0.200981,0,0.234814,0.000000,0.009433,-6.207704,0.234814,1,1,1,1.745061,0.000000,0.000000,0.000000,0.000000,0.000000,0.000000,0.000000
0.4701,-4.307987,0.230097,-2.251302,0.000000,-0.157600,0.009433,0,0.234814,249,0.277610,0.127487,-4.307987,-0.235724,-6.028651,-2.251302,-4.307867,-6.018280,-2.251302,0.230097,0.000000,0.013025,-0.381690,-27.404137,0.010370,0.001000,0.000053,0.001980,-0.000428,0.000053,0.277610,0.127487,-9.805242,0.005038,-0.005702,0.001000,2.065680,0.006820,27.000000,0.013045,-4.307867,-0.235724,0.230097,0.000000,0.012000,0.001000,99,0,1,32,30,0.004742,-0.023359,-2.250189,-0.115274,-0.464237,9.650704,0.494884,0.006820,0.030522,7,1,0,0.000000,0,-6.207704,0.000000,-0.157600,0,0.234814,0.000000,0.009433,-6.207704,0.234814,1,1,1,1.744978,0.000000,0.000000,0.000000,0.000000,0.000000,0.000000,0.000000
0.4801,-4.330878,0.230097,-2.287068,0.000000,-0.108165,0.009433,0,0.234814,3,0.274614,0.133565,-4.330878,-0.239808,-6.052793,-2.287068,-4.330878,-6.040837,-2.287068,0.230097,0.000000,0.013045,-0.381690,-27.404137,0.011956,0.000000,0.000000,0.001853,-0.001031,0.000000,0.274614,0.133565,-9.805246,-0.015281,-0.004636,-0.000011,2.043141,0.006167,27.000000,0.013045,-4.330878,-0.239808,0.230097,0.000000,0.012000,0.000000,104,0,1,32,30,0.006888,-0.044240,-2.286696,0.201560,-0.742896,9.772526,0.472344,0.006167,0.030366,7,1,0,0.000000,0,-6.207704,0.000000,-0.108165,0,0.234814,0.000000,0.009433,-6.207704,0.234814,1,1,1,1.744897,0.000000,0.000000,0.000000,0.000000,0.000000,0.000000,0.000000
0.4901,-4.353408,0.230097,-2.332611,0.000000,-0.055611,0.009433,0,0.234814,13,0.270802,0.138775,-4.353408,-0.237819,-6.075976,-2.332611,-4.353408,-6.064014,-2.332611,0.230097,0.000000,0.013045,-0.381690,-27.404137,0.011962,-0.001000,0.000000,0.002018,-0.000199,0.000000,0.270802,0.138775,-9.805280,-0.000991,-0.021854,-0.000999,2.019980,0.005561,27.000000,0.013045,-4.353408,-0.237819,0.230097,0.000000,0.012000,-0.001000,109,0,1,32,30,0.021800,-0.028615,-2.333436,0.267104,-0.152964,10.017756,0.449184,0.005561,0.030108,7,1,0,0.000000,0,-6.207704,0.000000,-0.055611,0,0.234814,0.000000,0.009433,-6.207704,0.234814,1,1,1,1.744814,0.000000,0.000000,0.000000,0.000000,0.000000,0.000000,0.000000
0.5001,-4.376226,0.230864,-2.369728,0.000000,0.001106,0.000229,0,0.234814,23,0.267145,0.145697,-4.376226,-0.239808,-6.100024,-2.369728,-4.376226,-6.088055,-2.369728,0.230864,0.000000,0.013045,-0.381690,-27.404137,0.011969,0.000000,0.000000,0.001843,-0.000535,0.000000,0.267145,0.145697,-9.805280,0.009033,-0.001393,0.000005,1.996726,0.004812,27.000000,0.013045,-4.376226,-0.239808,0.230864,0.000000,0.012000,0.000000,114,0,1,32,30,0.000436,-0.021783,-2.369640,0.162916,-0.778808,9.580731,0.425930,0.004812,0.029913,7,1,0,0.000000,0,-6.207704,0.000000,0.001106,0,0.234814,0.000000,0.000229,-6.207704,0.234814,1,1,1,1.744739,0.000000,0.000000,0.000000,0.000000,0.000000,0.000000,0.000000
0.5101,-4.396086,0.230097,-2.471626,0.000000,0.056571,0.017103,0,0.234814,33,0.267232,0.150866,-4.396086,-0.196873,-6.122948,-2.471626,-4.395114,-6.112711,-2.471626,0.230097,0.000000,0.012895,-0.381690,-27.404137,0.010238,-0.001000,0.000394,0.001841,0.000680,0.000394,0.267232,0.150866,-9.805199,0.073694,-0.025990,-0.001000,1.971322,0.004128,27.000000,0.013045,-4.395114,-0.196873,0.230097,0.000000,0.012000,-0.001000,119,0,1,32,30,0.019548,0.043769,-2.473396,-0.537183,0.049290,9.866139,0.400526,0.004128,0.030035,7,1,0,0.000000,0,-6.207704,0.000000,0.056571,0,0.234814,0.000000,0.017103,-6.207704,0.234814,1,1,1,1.744668,0.000000,0.000000,0.000000,0.000000,0.000000,0.000000,0.000000
0.5201,-4.408728,0.228563,-2.363960,-0.209440,0.084831,0.027841,0,0.234814,43,0.270059,0.157821,-4.408728,-0.139591,-6.147202,-2.363960,-4.408728,-6.135612,-2.363960,0.228563,-0.209440,0.013045,-0.381690,-27.404137,0.011590,0.000000,0.000000,0.002002,0.002444,0.000000,0.270059,0.157821,-9.805012,0.055062,-0.032301,-0.209400,1.946901,0.003607,27.000000,0.013045,-4.408728,-0.139591,0.228563,-0.209440,0.012000,0.000000,124,0,1,32,30,0.028078,0.023757,-2.573889,-0.620946,-0.205729,10.380325,0.376104,0.003607,0.030463,6,1,0,0.000000,0,-6.207704,0.000000,0.084831,0,0.234814,0.000000,0.027841,-6.207704,0.234814,1,1,1,1.744622,0.000000,0.000000,0.000000,0.000000,0.000000,0.000000,0.000000
0.5301,-4.410251,0.225444,-2.301937,-0.314159,0.142319,0.049927,0,0.234814,53,0.272434,0.163164,-4.410251,-0.004503,-6.169686,-2.301937,-4.409879,-6.159487,-2.301937,0.225444,-0.314159,0.012983,-0.381690,-27.404137,0.010198,0.002000,0.000162,0.001991,0.005810,0.000162,0.272434,0.163164,-9.804859,0.047866,-0.025413,-0.312159,1.919924,0.002973,27.000000,0.013045,-4.409879,-0.004503,0.225495,-0.314159,0.012000,0.002000,129,0,1,32,30,0.021671,0.015729,-2.614521,-0.795066,-0.008574,9.894101,0.349128,0.002973,0.030791,7,1,0,0.000000,0,-6.207704,0.000000,0.142319,0,0.234814,0.000000,0.049927,-6.207704,0.234814,1,1,1,1.744628,0.000000,0.000000,0.000000,0.000000,0.000000,0.000000,0.000000
0.5401,-4.393676,0.220893,-2.217339,-0.418879,0.151737,0.073352,0,0.234814,63,0.273140,0.170368,-4.393676,0.171322,-6.192898,-2.217339,-4.393676,-6.180168,-2.217339,0.220893,-0.418879,0.013045,-0.381690,-27.404137,0.012730,0.007000,0.000000,0.002003,0.008854,0.000000,0.273140,0.170368,-9.804717,0.042503,-0.015224,-0.411848,1.894713,0.002194,27.000000,0.013045,-4.393676,0.171322,0.220893,-0.418879,0.012000,0.007000,134,0,1,32,30,0.011000,0.009486,-2.629535,-1.023888,-0.152834,9.949925,0.323916,0.002194,0.030977,7,1,0,0.000000,0,-6.207704,0.000000,0.151737,0,0.234814,0.000000,0.073352,-6.207704,0.234814,1,1,1,1.755740,0.000000,0.000000,0.000000,0.000000,0.000000,0.000000,0.000000
0.5501,-4.371996,0.213821,-2.079864,-0.733038,0.189695,0.112712,0,0.234814,73,0.280360,0.174576,-4.371996,0.208078,-6.210758,-2.079864,-4.371528,-6.200566,-2.079864,0.213821,-0.733038,0.012957,-0.381690,-27.404137,0.010192,0.011000,0.000232,0.001847,0.006292,0.000232,0.280360,0.174576,-9.804439,0.214172,-0.070382,-0.722038,1.867260,0.001624,27.000000,0.013045,-4.371528,0.208078,0.213991,-0.733038,0.012000,0.011000,139,0,1,32,30,0.042783,0.185023,-2.804535,-2.478353,-0.035691,9.691754,0.296464,0.001624,0.031710,7,1,0,0.000000,0,-6.207704,0.000000,0.189695,0,0.234814,0.000000,0.112712,-6.207704,0.234814,1,1,1,1.776537,0.000000,0.000000,0.000000,0.000000,0.000000,0.000000,0.000000
0.5601,-4.392717,0.201719,-1.550416,-1.361357,0.182867,0.187211,0,0.234814,83,0.306809,0.182185,-4.392717,-0.217294,-6.228893,-1.550416,-4.392717,-6.216994,-1.550416,0.201719,-1.361357,0.013045,-0.381690,-27.404137,0.011898,0.008000,0.000000,0.001847,-0.003074,0.000000,0.306809,0.182185,-9.803508,0.159786,-0.029809,-1.353249,1.838753,0.001108,27.000000,0.013045,-4.392717,-0.217294,0.201719,-1.361357,0.012000,0.008000,144,0,1,32,30,0.010798,0.124293,-2.905533,-4.885055,-1.452292,8.910319,0.267957,0.001108,0.034369,7,1,0,0.000000,0,-6.207704,0.000000,0.182867,0,0.234814,0.000000,0.187211,-6.207704,0.234814,1,1,1,1.778216,0.000000,0.000000,0.000000,0.000000,0.000000,0.000000,0.000000
0.5701,-4.412375,0.189854,-1.238213,-1.151917,0.195602,0.208568,0,0.234814,93,0.280208,0.237082,-4.412375,-0.177395,-6.242445,-1.238213,-4.411988,-6.231746,-1.238213,0.189854,-1.151917,0.019235,0.417018,32.322202,0.010699,0.013000,0.000312,0.001847,-0.000287,0.000312,0.280208,0.237082,-9.803131,-0.143973,0.056108,-1.138917,1.812107,0.000881,27.000000,0.019105,-4.411988,-0.177395,0.190214,-1.151917,0.012000,0.013000,149,0,1,32,30,-0.039940,-0.194963,-2.373820,-0.414023,-0.821171,8.335775,0.241310,0.000881,0.032617,7,1,0,0.000000,0,-6.207704,0.000000,0.195602,0,0.234814,0.000000,0.208568,-6.207704,0.234814,1,1,1,1.778399,0.000000,0.000000,0.000000,0.000000,0.000000,0.000000,0.000000
0.5801,-4.418707,0.181003,-1.086929,-0.942478,0.194324,0.196132,0,0.234814,103,0.284705,0.187346,-4.418707,-0.080215,-6.254527,-1.086929,-4.418699,-6.243933,-1.086929,0.181003,-0.942478,0.013041,-0.509596,-47.972486,0.010594,0.023000,0.000007,0.001842,0.000285,0.000007,0.284705,0.187346,-9.804078,0.129946,0.070803,-0.919478,1.791129,-0.000527,27.000000,0.013045,-4.418699,-0.080215,0.181010,-0.942478,0.012000,0.023000,154,0,1,32,30,-0.084965,0.094985,-2.007817,0.351724,-1.323419,7.996261,0.220332,-0.000527,0.031991,7,1,0,0.000000,0,-6.207704,0.000000,0.194324,0,0.234814,0.000000,0.196132,-6.207704,0.234814,1,1,1,1.778575,0.000000,0.000000,0.000000,0.000000,0.000000,0.000000,0.000000
0.5901,-4.429637,0.173166,-0.935204,-0.733038,0.200867,0.201670,0,0.234814,113,0.299469,0.189624,-4.429637,-0.114982,-6.264640,-0.935204,-4.429437,-6.254634,-0.935204,0.173166,-0.733038,0.012924,-0.509596,-47.972486,0.010006,0.007000,0.000238,0.001995,-0.001011,0.000238,0.299469,0.189624,-9.803594,0.086204,-0.087341,-0.726038,1.772607,-0.000865,27.000000,0.013045,-4.429437,-0.114982,0.173340,-0.733038,0.011000,0.007000,159,0,1,32,30,0.077389,0.073762,-1.662335,-5.319541,1.466048,11.092709,0.201811,-0.000865,0.033407,7,1,0,0.000000,0,-6.207704,0.000000,0.200867,0,0.234814,0.000000,0.201670,-6.207704,0.234814,1,1,1,1.778772,0.000000,0.000000,0.000000,0.000000,0.000000,0.000000,0.000000
0.6001,-4.440271,0.167971,-0.752409,-0.628319,0.207017,0.185630,0,0.234814,123,0.290735,0.240932,-4.440271,-0.107861,-6.274699,-0.752409,-4.440271,-6.264064,-0.752409,0.167971,-0.628319,0.019105,0.440661,36.641849,0.010636,-0.008000,0.000000,0.001841,-0.000547,0.000000,0.290735,0.240932,-9.802730,-0.111414,-0.105091,-0.637051,1.757938,-0.000166,27.000000,0.019105,-4.440271,-0.107861,0.167971,-0.628319,0.011000,-0.008000,164,0,1,32,30,0.116104,-0.126411,-1.387298,-2.761483,1.308254,9.264836,0.187141,-0.000166,0.033332,7,1,0,0.000000,0,-6.207704,0.000000,0.207017,0,0.234814,0.000000,0.185630,-6.207704,0.234814,1,1,1,1.778950,0.000000,0.000000,0.000000,0.000000,0.000000,0.000000,0.000000
0.6101,-4.446503,0.162602,-0.343815,-0.523599,0.186952,0.198113,0,0.234814,132,0.278388,0.238773,-4.446503,-0.075084,-6.280818,-0.343815,-4.446503,-6.270250,-0.343815,0.162602,-0.523599,0.019105,0.440661,36.641849,0.010568,-0.012000,0.000000,0.001905,-0.000147,0.000000,0.278388,0.238773,-9.803142,-0.093041,0.058053,-0.640236,1.746380,-0.000331,27.000000,0.019105,-4.446503,-0.075084,0.162602,-0.523599,0.011000,-0.012000,169,0,1,32,30,-0.048152,-0.117312,-0.981989,-0.669996,0.289346,10.557536,0.175583,-0.000331,0.031949,7,1,0,0.000000,0,-6.207704,0.000000,0.186952,0,0.234814,0.000000,0.198113,-6.207704,0.234814,1,1,1,1.779135,0.000000,0.000000,0.000000,0.000000,0.000000,0.000000,0.000000
0.6201,-4.452817,0.160205,-0.471116,-0.209440,0.202121,0.173194,0,0.234814,143,0.285915,0.187465,-4.452817,-0.066916,-6.287348,-0.471116,-4.452639,-6.276669,-0.471116,0.160205,-0.209440,0.012819,-0.489841,-44.431138,0.010679,-0.008000,0.000461,0.001847,-0.000848,0.000461,0.285915,0.187465,-9.804040,0.092614,0.058584,-0.217440,1.737614,-0.001403,27.000000,0.013045,-4.452639,-0.066916,0.160301,-0.209440,0.011000,-0.008000,174,0,1,32,30,-0.067483,0.077512,-0.689606,-1.207240,-0.088962,9.414505,0.166818,-0.001403,0.031826,6,1,0,0.000000,0,-6.207704,0.000000,0.202121,0,0.234814,0.000000,0.173194,-6.207704,0.234814,1,1,1,1.779327,0.000000,0.000000,0.000000,0.000000,0.000000,0.000000,0.000000
0.6301,-4.457921,0.158735,-0.317335,-0.104720,0.183722,0.166857,0,0.234814,153,0.296471,0.190083,-4.457921,-0.052674,-6.291261,-0.317335,-4.457816,-6.280485,-0.317335,0.158735,-0.104720,0.012893,-0.489841,-44.431138,0.010776,-0.005000,0.000310,0.001840,-0.000132,0.000310,0.296471,0.190083,-9.803677,0.039550,-0.043346,-0.109720,1.732336,-0.001470,27.000000,0.013045,-4.457816,-0.052674,0.158767,-0.104720,0.011000,-0.005000,179,0,1,32,30,0.039367,0.038003,-0.427580,-3.910224,0.790987,11.613216,0.161540,-0.001470,0.032910,6,1,0,0.000000,0,-6.207704,0.000000,0.183722,0,0.234814,0.000000,0.166857,-6.207704,0.234814,1,1,1,1.779506,0.000000,0.000000,0.000000,0.000000,0.000000,0.000000,0.000000
0.6401,-4.459376,0.157984,-0.157123,-0.104720,0.176438,0.161169,0,0.234814,163,0.288516,0.250040,-4.459376,-0.015813,-6.294893,-0.157123,-4.459350,-6.283058,-0.157123,0.157984,-0.104720,0.019158,0.337019,19.900723,0.011835,0.000000,0.000156,0.001840,-0.000057,0.000156,0.288516,0.250040,-9.802568,0.000030,0.022540,-0.104720,1.728989,-0.001398,27.000000,0.019105,-4.459350,-0.015813,0.158000,-0.104720,0.012000,0.000000,184,0,1,32,30,-0.022441,-0.007125,-0.261754,-2.549770,0.643272,8.913755,0.158193,-0.001398,0.033060,7,1,0,0.000000,0,-6.207704,0.000000,0.176438,0,0.234814,0.000000,0.161169,-6.207704,0.234814,1,1,1,1.779687,0.000000,0.000000,0.000000,0.000000,0.000000,0.000000,0.000000
0.6501,-4.460788,0.157233,0.121167,-0.104720,0.160920,0.162668,0,0.234814,173,0.296707,0.192378,-4.460788,-0.014765,-6.295561,0.121167,-4.460788,-6.283909,0.121167,0.157233,-0.104720,0.013045,-0.491614,-43.869992,0.011652,0.009000,0.000000,0.001840,-0.000274,0.000000,0.296707,0.192378,-9.803625,-0.044701,0.003091,-0.200477,1.727414,-0.001595,27.000000,0.013045,-4.460788,-0.014765,0.157233,-0.104720,0.012000,0.009000,189,0,1,32,30,0.001134,-0.045824,-0.078719,-2.304702,-0.051876,10.237220,0.156617,-0.001595,0.032949,6,1,0,0.000000,0,-6.207704,0.000000,0.160920,0,0.234814,0.000000,0.162668,-6.207704,0.234814,1,1,1,1.779868,0.000000,0.000000,0.000000,0.000000,0.000000,0.000000,0.000000
0.6601,-4.460432,0.157233,0.221298,0.000000,0.141686,0.155161,0,0.234814,181,0.291486,0.187993,-4.460432,0.002513,-6.294173,0.221298,-4.460788,-6.283016,0.221298,0.157233,0.000000,0.012954,-0.470772,-40.447873,0.011157,0.008000,0.002044,0.002090,-0.000048,0.002044,0.291486,0.187993,-9.803866,-0.081259,-0.025705,0.008000,1.728296,-0.001328,27.000000,0.013045,-4.460788,0.002513,0.157233,0.000000,0.011000,0.008000,194,0,1,32,30,0.033276,-0.075486,0.230295,-1.273123,-0.037163,9.864792,0.157500,-0.001328,0.032353,6,1,0,0.000000,0,-6.207704,0.000000,0.141686,0,0.234814,0.000000,0.155161,-6.207704,0.234814,1,1,1,1.780053,0.000000,0.000000,0.000000,0.000000,0.000000,0.000000,0.000000
0.6701,-4.459445,0.158000,0.467909,0.000000,0.117335,0.145957,0,0.234814,193,0.286360,0.183044,-4.459445,0.011729,-6.291577,0.467909,-4.459446,-6.280242,0.467909,0.158000,0.000000,0.013044,-0.470772,-40.447873,0.011335,0.007000,0.000003,0.001991,-0.000686,0.000003,0.286360,0.183044,-9.804111,-0.074600,-0.045680,0.007000,1.731818,-0.000797,27.000000,0.013045,-4.459446,0.011729,0.158000,0.000000,0.011000,0.007000,199,0,1,32,30,0.052547,-0.063733,0.475781,-0.500262,0.017543,9.339471,0.161022,-0.000797,0.031768,7,1,0,0.000000,0,-6.207704,0.000000,0.117335,0,0.234814,0.000000,0.145957,-6.207704,0.234814,1,1,1,1.780225,0.000000,0.000000,0.000000,0.000000,0.000000,0.000000,0.000000
0.6801,-4.457579,0.161162,0.556201,0.209440,0.104516,0.115690,0,0.234814,203,0.281825,0.175976,-4.457579,0.019897,-6.288229,0.556201,-4.457816,-6.276862,0.556201,0.161162,0.209440,0.012835,-0.470772,-40.447873,0.011367,0.000000,0.000446,0.001861,-0.000558,0.000446,0.281825,0.175976,-9.804372,-0.049118,-0.013919,0.209440,1.738343,-0.000268,27.000000,0.013045,-4.457816,0.019897,0.161068,0.209440,0.011000,0.000000,3,0,1,32,30,0.018451,-0.037770,0.766189,-0.683463,0.626818,9.556024,0.167547,-0.000268,0.031240,6,1,0,0.000000,0,-6.207704,0.000000,0.104516,0,0.234814,0.000000,0.115690,-6.207704,0.234814,1,1,1,1.780404,0.000000,0.000000,0.000000,0.000000,0.000000,0.000000,0.000000
0.6901,-4.455149,0.165734,0.516657,0.418879,0.092053,0.092432,0,0.234814,212,0.280534,0.174410,-4.455149,0.026075,-6.284587,0.516657,-4.455228,-6.273007,0.516657,0.165734,0.418879,0.012984,-0.395761,-28.742743,0.011580,-0.013000,0.000153,0.001861,-0.000385,0.000153,0.280534,0.174410,-9.804437,0.000808,0.015701,0.405879,1.746759,0.000160,27.000000,0.013045,-4.455228,0.026075,0.165670,0.418879,0.011000,-0.013000,8,0,1,32,30,-0.015709,0.011348,0.922466,-0.777901,0.452060,9.764755,0.175963,0.000160,0.031143,7,1,0,0.000000,0,-6.207704,0.000000,0.092053,0,0.234814,0.000000,0.092432,-6.207704,0.234814,1,1,1,1.780564,0.000000,0.000000,0.000000,0.000000,0.000000,0.000000,0.000000
0.7001,-4.451972,0.171103,0.590896,0.418879,0.079691,0.073730,0,0.234814,223,0.280245,0.174293,-4.451972,0.037280,-6.280390,0.590896,-4.452063,-6.268764,0.590896,0.171103,0.418879,0.012990,-0.358216,-23.226483,0.011626,-0.019000,0.000154,0.001841,-0.000224,0.000154,0.280245,0.174293,-9.804447,-0.001020,0.015842,0.399879,1.756367,0.000340,27.000000,0.013045,-4.452063,0.037280,0.171039,0.418879,0.011000,-0.019000,13,0,1,32,30,-0.015688,0.010441,0.990723,-0.549110,0.756516,9.901950,0.185571,0.000340,0.031180,7,1,0,0.000000,0,-6.207704,0.000000,0.079691,0,0.234814,0.000000,0.073730,-6.207704,0.234814,1,1,1,1.780723,0.000000,0.000000,0.000000,0.000000,0.000000,0.000000,0.000000
0.7101,-4.447854,0.175706,0.552667,0.418879,0.059730,0.072195,0,0.234814,233,0.282285,0.176151,-4.447854,0.043459,-6.276164,0.552667,-4.447941,-6.263565,0.552667,0.175706,0.418879,0.012995,-0.323240,-18.180498,0.012599,-0.017000,0.000154,0.001822,-0.000177,0.000154,0.282285,0.176151,-9.804355,0.004979,0.049609,0.401879,1.766171,0.000338,27.000000,0.013045,-4.447941,0.043459,0.175641,0.418879,0.012000,-0.017000,18,0,1,32,30,-0.049855,0.012962,0.954458,-1.083779,0.131384,9.388087,0.195375,0.000338,0.031476,7,1,0,0.000000,0,-6.207704,0.000000,0.059730,0,0.234814,0.000000,0.072195,-6.207704,0.234814,1,1,1,1.780881,0.000000,0.000000,0.000000,0.000000,0.000000,0.000000,0.000000
0.7201,-4.443911,0.180245,0.646570,0.314159,0.053707,0.063748,0,0.234814,243,0.283524,0.178911,-4.443911,0.043459,-6.271300,0.646570,-4.443914,-6.258730,0.646570,0.180245,0.314159,0.013043,-0.323240,-18.180498,0.012570,-0.004000,0.000006,0.001847,-0.000425,0.000006,0.283524,0.178911,-9.804270,0.007158,0.051561,0.310159,1.775549,0.000275,27.000000,0.013045,-4.443914,0.043459,0.180243,0.314159,0.012000,-0.004000,23,0,1,32,30,-0.051991,0.015065,0.956614,-0.375617,0.091396,9.560414,0.204752,0.000275,0.031708,6,1,0,0.000000,0,-6.207704,0.000000,0.053707,0,0.234814,0.000000,0.063748,-6.207704,0.234814,1,1,1,1.781035,0.000000,0.000000,0.000000,0.000000,0.000000,0.000000,0.000000
0.7301,-4.440451,0.183364,0.639160,0.314159,0.025760,0.071702,0,0.234814,253,0.285088,0.180815,-4.440451,0.035186,-6.264889,0.639160,-4.440559,-6.252373,0.639160,0.183364,0.314159,0.012990,-0.323240,-18.180498,0.012516,0.003000,0.000170,0.001848,-0.000316,0.000170,0.285088,0.180815,-9.804189,-0.010896,0.040287,0.317159,1.785031,0.000159,27.000000,0.013045,-4.440559,0.035186,0.183311,0.314159,0.012000,0.003000,28,0,1,32,30,-0.039166,-0.001994,0.956426,-0.572465,-0.453490,10.310875,0.214235,0.000159,0.031940,6,1,0,0.000000,0,-6.207704,0.000000,0.025760,0,0.234814,0.000000,0.071702,-6.207704,0.234814,1,1,1,1.781187,0.000000,0.000000,0.000000,0.000000,0.000000,0.000000,0.000000
0.7401,-4.436423,0.187919,0.646310,0.314159,0.029498,0.048242,0,0.234814,7,0.284651,0.183422,-4.436423,0.043459,-6.260055,0.646310,-4.436436,-6.247386,0.646310,0.187919,0.314159,0.013038,-0.323240,-18.180498,0.012669,0.011000,0.000020,0.001852,-0.000321,0.000020,0.284651,0.183422,-9.804154,-0.004114,0.024685,0.325159,1.794576,0.000084,27.000000,0.013045,-4.436436,0.043459,0.187913,0.314159,0.012000,0.011000,33,0,1,32,30,-0.024228,0.006398,0.971469,-0.334830,-0.334140,9.948552,0.223780,0.000084,0.032004,7,1,0,0.000000,0,-6.207704,0.000000,0.029498,0,0.234814,0.000000,0.048242,-6.207704,0.234814,1,1,1,1.781326,0.000000,0.000000,0.000000,0.000000,0.000000,0.000000,0.000000
0.7501,-4.433560,0.190981,0.655573,0.314159,-0.000399,0.057050,0,0.234814,17,0.286070,0.181915,-4.433560,0.026075,-6.252492,0.655573,-4.433560,-6.240739,0.655573,0.190981,0.314159,0.013045,-0.323240,-18.180498,0.011752,0.006000,0.000000,0.001829,-0.000823,0.000000,0.286070,0.181915,-9.804140,-0.010896,-0.028294,0.320155,1.804278,0.000367,27.000000,0.013045,-4.433560,0.026075,0.190981,0.314159,0.012000,0.006000,38,0,1,32,30,0.029141,0.004357,0.975754,-0.785962,-0.072439,9.644635,0.233482,0.000367,0.032156,7,1,0,0.000000,0,-6.207704,0.000000,-0.000399,0,0.234814,0.000000,0.057050,-6.207704,0.234814,1,1,1,1.781460,0.000000,0.000000,0.000000,0.000000,0.000000,0.000000,0.000000
0.7601,-4.430828,0.195056,0.553443,0.418879,-0.009118,0.038767,0,0.234814,27,0.283304,0.174078,-4.430828,0.028065,-6.246806,0.553443,-4.431163,-6.234474,0.553443,0.195056,0.418879,0.012860,-0.323240,-18.180498,0.012332,-0.002000,0.000573,0.001833,-0.000408,0.000573,0.283304,0.174078,-9.804363,-0.058288,-0.034957,0.416879,1.814599,0.001042,27.000000,0.013045,-4.431163,0.028065,0.194816,0.418879,0.012000,-0.002000,43,0,1,32,30,0.039862,-0.042568,0.970950,0.458207,-0.312351,9.767448,0.243803,0.001042,0.031776,6,1,0,0.000000,0,-6.207704,0.000000,-0.009118,0,0.234814,0.000000,0.038767,-6.207704,0.234814,1,1,1,1.781588,0.000000,0.000000,0.000000,0.000000,0.000000,0.000000,0.000000
0.7701,-4.431277,0.199610,0.591677,0.418879,-0.012858,0.024868,0,0.234814,37,0.280256,0.167537,-4.431277,-0.005550,-6.241334,0.591677,-4.431547,-6.228941,0.591677,0.199610,0.418879,0.012897,-0.323240,-18.180498,0.012394,-0.010000,0.000458,0.001848,-0.001523,0.000458,0.280256,0.167537,-9.804565,-0.045364,-0.053417,0.408879,1.824664,0.001816,27.000000,0.013045,-4.431547,-0.005550,0.199418,0.418879,0.012000,-0.010000,48,0,1,32,30,0.056933,-0.027957,1.001000,0.006497,0.516823,9.976466,0.253868,0.001816,0.031393,6,1,0,0.000000,0,-6.207704,0.000000,-0.012858,0,0.234814,0.000000,0.024868,-6.207704,0.234814,1,1,1,1.781695,0.000000,0.000000,0.000000,0.000000,0.000000,0.000000,0.000000
0.7801,-4.433621,0.204165,0.680877,0.314159,-0.023441,0.015740,0,0.234814,46,0.277158,0.162489,-4.433621,-0.025028,-6.235974,0.680877,-4.433943,-6.223448,0.680877,0.204165,0.314159,0.012895,-0.323240,-18.180498,0.012526,-0.011000,0.000464,0.001849,-0.001621,0.000464,0.277158,0.162489,-9.804738,-0.018049,-0.012901,0.303159,1.834696,0.002397,27.000000,0.013045,-4.433943,-0.025028,0.204020,0.314159,0.012000,-0.011000,53,0,1,32,30,0.014210,-0.004347,0.984174,0.274990,-0.098433,9.472795,0.263900,0.002397,0.031029,7,1,0,0.000000,0,-6.207704,0.000000,-0.023441,0,0.234814,0.000000,0.015740,-6.207704,0.234814,1,1,1,1.781777,0.000000,0.000000,0.000000,0.000000,0.000000,0.000000,0.000000
0.7901,-4.438165,0.207999,0.612697,0.314159,-0.035458,0.015291,0,0.234814,57,0.277868,0.160498,-4.438165,-0.047543,-6.230259,0.612697,-4.438450,-6.217869,0.612697,0.207999,0.314159,0.012896,-0.323240,-18.180498,0.012390,-0.008000,0.000461,0.001847,-0.002302,0.000461,0.277868,0.160498,-9.804750,0.023379,0.003522,0.306159,1.844101,0.002731,27.000000,0.013045,-4.438450,-0.047543,0.207855,0.314159,0.012000,-0.008000,58,0,1,32,30,-0.005062,0.034942,0.918482,0.387488,0.580056,9.517969,0.273304,0.002731,0.031098,6,1,0,0.000000,0,-6.207704,0.000000,-0.035458,0,0.234814,0.000000,0.015291,-6.207704,0.234814,1,1,1,1.781830,0.000000,0.000000,0.000000,0.000000,0.000000,0.000000,0.000000
0.8001,-4.445657,0.211795,0.511809,0.314159,-0.037005,0.008085,0,0.234814,67,0.279787,0.160201,-4.445657,-0.076131,-6.225466,0.511809,-4.445831,-6.213091,0.511809,0.211795,0.314159,0.012937,-0.323240,-18.180498,0.012375,-0.001000,0.000334,0.001857,-0.002802,0.000334,0.279787,0.160201,-9.804701,0.024182,0.014455,0.313159,1.852669,0.002960,27.000000,0.013045,-4.445831,-0.076131,0.211690,0.314159,0.012000,-0.001000,63,0,1,32,30,-0.015761,0.034022,0.824597,0.199288,0.171046,10.107102,0.281873,0.002960,0.031321,6,1,0,0.000000,0,-6.207704,0.000000,-0.037005,0,0.234814,0.000000,0.008085,-6.207704,0.234814,1,1,1,1.781845,0.000000,0.000000,0.000000,0.000000,0.000000,0.000000,0.000000
0.8101,-4.453435,0.215558,0.510349,0.209440,-0.036402,0.000881,0,0.234814,77,0.282574,0.161905,-4.453435,-0.083357,-6.221619,0.510349,-4.453502,-6.209160,0.510349,0.215558,0.209440,0.012994,-0.323240,-18.180498,0.012459,0.005000,0.000159,0.001863,-0.002438,0.000159,0.282574,0.161905,-9.804593,0.029081,0.023093,0.214440,1.860364,0.003026,27.000000,0.013045,-4.453502,-0.083357,0.215524,0.209440,0.012000,0.005000,68,0,1,32,30,-0.024333,0.037467,0.724363,-0.088546,0.034060,9.569595,0.289567,0.003026,0.031674,7,1,0,0.000000,0,-6.207704,0.000000,-0.036402,0,0.234814,0.000000,0.000881,-6.207704,0.234814,1,1,1,1.781820,0.000000,0.000000,0.000000,0.000000,0.000000,0.000000,0.000000
0.8201,-4.461264,0.217058,0.602470,0.000000,-0.057538,0.020505,0,0.234814,87,0.284637,0.165068,-4.461264,-0.082310,-6.216472,0.602470,-4.461268,-6.204123,0.602470,0.217058,0.000000,0.013042,-0.323240,-18.180498,0.012349,0.007000,0.000010,0.001839,-0.002381,0.000010,0.284637,0.165068,-9.804480,0.025789,0.034176,0.007000,1.866908,0.002852,27.000000,0.013045,-4.461268,-0.082310,0.217058,0.000000,0.012000,0.007000,73,0,1,32,30,-0.035035,0.032557,0.609098,-0.222453,0.137756,9.685395,0.296111,0.002852,0.031963,6,1,0,0.000000,0,-6.207704,0.000000,-0.057538,0,0.234814,0.000000,0.020505,-6.207704,0.234814,1,1,1,1.781757,0.000000,0.000000,0.000000,0.000000,0.000000,0.000000,0.000000
0.8301,-4.469843,0.218592,0.497303,0.000000,-0.056730,0.017103,0,0.234814,96,0.284098,0.164361,-4.469843,-0.087441,-6.212277,0.497303,-4.470088,-6.199992,0.497303,0.218592,0.000000,0.012892,-0.323240,-18.180498,0.012285,0.004000,0.000475,0.001838,-0.003153,0.000475,0.284098,0.164361,-9.804508,-0.036515,-0.000414,0.004000,1.872574,0.002809,27.000000,0.013045,-4.470088,-0.087441,0.218592,0.000000,0.012000,0.004000,78,0,1,32,30,0.001288,-0.030030,0.501732,0.487885,-0.410901,10.005738,0.301778,0.002809,0.031910,6,1,0,0.000000,0,-6.207704,0.000000,-0.056730,0,0.234814,0.000000,0.017103,-6.207704,0.234814,1,1,1,1.781645,0.000000,0.000000,0.000000,0.000000,0.000000,0.000000,0.000000
0.8401,-4.477746,0.220126,0.500766,0.000000,-0.057013,0.014035,0,0.234814,105,0.282388,0.162378,-4.477746,-0.110898,-6.208856,0.500766,-4.478621,-6.196526,0.500766,0.220126,0.000000,0.012995,-0.323240,-18.180498,0.012330,-0.001000,0.002000,0.002169,-0.002837,0.002000,0.282388,0.162378,-9.804590,-0.013281,-0.024553,-0.001000,1.877564,0.003121,27.000000,0.013045,-4.478621,-0.110898,0.220126,0.000000,0.012000,-0.001000,83,0,1,32,30,0.024743,-0.006428,0.499892,0.361410,0.210677,10.002332,0.306768,0.003121,0.031711,7,1,0,0.000000,0,-6.207704,0.000000,-0.057013,0,0.234814,0.000000,0.014035,-6.207704,0.234814,1,1,1,1.781498,0.000000,0.000000,0.000000,0.000000,0.000000,0.000000,0.000000
0.8501,-4.482997,0.223365,0.237450,0.314159,-0.049209,-0.009488,0,0.234814,116,0.275481,0.159728,-4.482997,-0.037280,-6.206479,0.237450,-4.483127,-6.194289,0.237450,0.223365,0.314159,0.012869,-0.323240,-18.180498,0.012191,-0.006000,0.000543,0.001823,0.000032,0.000543,0.275481,0.159728,-9.804830,-0.056870,0.005425,0.308159,1.883038,0.003206,27.000000,0.013045,-4.483127,-0.037280,0.223194,0.314159,0.012000,-0.006000,88,0,1,32,30,-0.005082,-0.049876,0.546296,1.242601,-0.774810,9.303932,0.312241,0.003206,0.030996,7,1,0,0.000000,0,-6.207704,0.000000,-0.049209,0,0.234814,0.000000,-0.009488,-6.207704,0.234814,1,1,1,1.781303,0.000000,0.000000,0.000000,0.000000,0.000000,0.000000,0.000000
0.8601,-4.479531,0.227121,0.155938,0.314159,-0.040422,-0.022180,0,0.234814,127,0.273366,0.159490,-4.479531,0.025028,-6.205368,0.155938,-4.479580,-6.193156,0.155938,0.227121,0.314159,0.012950,-0.323240,-18.180498,0.012211,-0.008000,0.000293,0.001846,-0.000056,0.000293,0.273366,0.159490,-9.804893,0.017943,-0.001322,0.306159,1.887922,0.003378,27.000000,0.013045,-4.479580,0.025028,0.227029,0.314159,0.012000,-0.008000,93,0,1,32,30,0.001220,0.023932,0.461826,0.857960,0.119685,9.647635,0.317126,0.003378,0.030816,7,1,0,0.000000,0,-6.207704,0.000000,-0.040422,0,0.234814,0.000000,-0.022180,-6.207704,0.234814,1,1,1,1.781120,0.000000,0.000000,0.000000,0.000000,0.000000,0.000000,0.000000
0.8701,-4.479867,0.230864,0.006144,0.314159,-0.028080,-0.029529,0,0.234814,137,0.274448,0.158441,-4.479867,0.000419,-6.204268,0.006144,-4.479867,-6.193241,0.006144,0.230864,0.314159,0.013045,-0.323240,-18.180498,0.011027,-0.010000,0.000000,0.001846,-0.000038,0.000000,0.274448,0.158441,-9.804880,0.004847,-0.039622,0.304162,1.891572,0.003718,27.000000,0.013045,-4.479867,0.000419,0.230864,0.314159,0.012000,-0.010000,98,0,1,32,30,0.039614,0.008960,0.310216,0.495214,0.408722,10.234099,0.320776,0.003718,0.030935,7,1,0,0.000000,0,-6.207704,0.000000,-0.028080,0,0.234814,0.000000,-0.029529,-6.207704,0.234814,1,1,1,1.780939,0.000000,0.000000,0.000000,0.000000,0.000000,0.000000,0.000000
0.8801,-4.479690,0.234008,-0.063427,0.209440,-0.019535,-0.029823,0,0.234814,147,0.274620,0.155847,-4.479690,0.000419,-6.206028,-0.063427,-4.479676,-6.194024,-0.063427,0.234008,0.209440,0.012928,-0.323240,-18.180498,0.012004,-0.004000,0.000361,0.001847,0.000079,0.000361,0.274620,0.155847,-9.804917,0.017778,0.005297,0.205440,1.893927,0.003960,27.000000,0.013045,-4.479676,0.000419,0.233932,0.209440,0.012000,-0.004000,103,0,1,32,30,-0.005274,0.019619,0.141771,0.599844,0.015778,9.531578,0.323131,0.003960,0.030920,7,1,0,0.000000,0,-6.207704,0.000000,-0.019535,0,0.234814,0.000000,-0.029823,-6.207704,0.234814,1,1,1,1.780748,0.000000,0.000000,0.000000,0.000000,0.000000,0.000000,0.000000
0.8901,-4.479580,0.235466,-0.139893,0.000000,-0.015639,-0.015889,0,0.234814,157,0.275599,0.160606,-4.479580,0.000419,-6.206412,-0.139893,-4.479580,-6.195000,-0.139893,0.235466,0.000000,0.013045,-0.323240,-18.180498,0.011412,0.003000,0.000000,0.001946,0.000275,0.000000,0.275599,0.160606,-9.804813,0.052058,0.043920,0.107751,1.894417,0.003673,27.000000,0.013045,-4.479580,0.000419,0.235466,0.000000,0.012000,0.003000,108,0,1,32,30,-0.043782,0.051751,-0.032820,0.264047,0.369037,9.563621,0.323621,0.003673,0.031143,7,1,0,0.000000,0,-6.207704,0.000000,-0.015639,0,0.234814,0.000000,-0.015889,-6.207704,0.234814,1,1,1,1.780572,0.000000,0.000000,0.000000,0.000000,0.000000,0.000000,0.000000
0.9001,-4.479434,0.235466,-0.212494,0.000000,-0.009519,-0.001305,0,0.234814,167,0.279225,0.163902,-4.479434,0.002513,-6.208166,-0.212494,-4.479388,-6.196325,-0.212494,0.235466,0.000000,0.012970,-0.323240,-18.180498,0.011842,0.009000,0.000231,0.002003,0.000481,0.000231,0.279225,0.163902,-9.804655,0.024726,0.001171,0.009000,1.893103,0.003358,27.000000,0.013045,-4.479388,0.002513,0.235466,0.000000,0.012000,0.009000,113,0,1,32,30,-0.001109,0.022088,-0.203797,0.267937,-0.326140,10.102151,0.322307,0.003358,0.031581,7,1,0,0.000000,0,-6.207704,0.000000,-0.009519,0,0.234814,0.000000,-0.001305,-6.207704,0.234814,1,1,1,1.780393,0.000000,0.000000,0.000000,0.000000,0.000000,0.000000,0.000000
0.9101,-4.479300,0.233915,-0.095565,-0.209440,-0.011344,0.017309,0,0.234814,177,0.282174,0.163486,-4.479300,0.001466,-6.209099,-0.095565,-4.479292,-6.197276,-0.095565,0.233915,-0.209440,0.013018,-0.323240,-18.180498,0.011823,0.010000,0.000082,0.001839,0.000161,0.000082,0.282174,0.163486,-9.804578,0.033671,-0.028713,-0.199440,1.890598,0.003467,27.000000,0.013045,-4.479292,0.001466,0.233932,-0.209440,0.012000,0.010000,118,0,1,32,30,0.028741,0.029804,-0.295417,0.007693,0.163148,9.963343,0.319802,0.003467,0.031849,6,1,0,0.000000,0,-6.207704,0.000000,-0.011344,0,0.234814,0.000000,0.017309,-6.207704,0.234814,1,1,1,1.780226,0.000000,0.000000,0.000000,0.000000,0.000000,0.000000,0.000000
0.9201,-4.479175,0.232286,-0.124411,-0.209440,0.000861,0.021341,0,0.234814,187,0.283696,0.161281,-4.479175,0.002513,-6.210953,-0.124411,-4.479100,-6.199086,-0.124411,0.232286,-0.209440,0.012872,-0.323240,-18.180498,0.011867,0.006000,0.000534,0.001843,0.000457,0.000534,0.283696,0.161281,-9.804571,0.000194,-0.009556,-0.203440,1.887158,0.003524,27.000000,0.013045,-4.479100,0.002513,0.232398,-0.209440,0.012000,0.006000,123,0,1,32,30,0.009556,-0.004017,-0.327826,0.056671,-0.152724,9.988912,0.316362,0.003524,0.031933,7,1,0,0.000000,0,-6.207704,0.000000,0.000861,0,0.234814,0.000000,0.021341,-6.207704,0.234814,1,1,1,1.780054,0.000000,0.000000,0.000000,0.000000,0.000000,0.000000,0.000000
0.9301,-4.479134,0.230034,-0.110778,-0.209440,-0.006810,0.032081,0,0.234814,197,0.283873,0.161432,-4.479134,-0.000419,-6.211776,-0.110778,-4.479100,-6.199955,-0.110778,0.230034,-0.209440,0.012948,-0.323240,-18.180498,0.011822,0.001000,0.000301,0.001842,0.000167,0.000301,0.283873,0.161432,-9.804563,0.004247,-0.007433,-0.208440,1.884037,0.003517,27.000000,0.013045,-4.479100,-0.000419,0.230097,-0.209440,0.012000,0.001000,128,0,1,32,30,0.007419,0.000137,-0.319246,0.045792,-0.043306,9.645469,0.313240,0.003517,0.031933,7,1,0,0.000000,0,-6.207704,0.000000,-0.006810,0,0.234814,0.000000,0.032081,-6.207704,0.234814,1,1,1,1.779899,0.000000,0.000000,0.000000,0.000000,0.000000,0.000000,0.000000
0.9401,-4.478717,0.228563,-0.093769,-0.209440,0.003634,0.027211,0,0.234814,206,0.283193,0.161039,-4.478717,0.006597,-6.213135,-0.093769,-4.478717,-6.201549,-0.093769,0.228563,-0.209440,0.013045,-0.323240,-18.180498,0.011585,-0.003000,0.000000,0.001980,0.000385,0.000000,0.283193,0.161039,-9.804589,0.012443,-0.020286,-0.212432,1.880968,0.003590,27.000000,0.013045,-4.478717,0.006597,0.228563,-0.209440,0.012000,-0.003000,133,0,1,32,30,0.020222,0.008552,-0.306338,0.388787,0.649600,10.083323,0.310172,0.003590,0.031842,6,1,0,0.000000,0,-6.207704,0.000000,0.003634,0,0.234814,0.000000,0.027211,-6.207704,0.234814,1,1,1,1.779746,0.000000,0.000000,0.000000,0.000000,0.000000,0.000000,0.000000
0.9501,-4.478665,0.226933,-0.092192,-0.209440,0.005883,0.032067,0,0.234814,217,0.285505,0.159047,-4.478665,-0.000419,-6.214958,-0.092192,-4.478621,-6.203065,-0.092192,0.226933,-0.209440,0.012896,-0.323240,-18.180498,0.011893,-0.004000,0.000461,0.001994,0.000080,0.000461,0.285505,0.159047,-9.804555,0.035889,-0.014037,-0.213440,1.877821,0.003640,27.000000,0.013045,-4.478621,-0.000419,0.227029,-0.209440,0.012000,-0.004000,138,0,1,32,30,0.013793,0.032039,-0.306070,-0.252560,0.435928,9.544816,0.307024,0.003640,0.032011,6,1,0,0.000000,0,-6.207704,0.000000,0.005883,0,0.234814,0.000000,0.032067,-6.207704,0.234814,1,1,1,1.779593,0.000000,0.000000,0.000000,0.000000,0.000000,0.000000,0.000000
0.9601,-4.478263,0.225428,-0.068730,-0.209440,0.007422,0.033816,0,0.234814,227,0.287555,0.160511,-4.478263,0.005550,-6.216309,-0.068730,-4.478237,-6.204457,-0.068730,0.225428,-0.209440,0.012942,-0.323240,-18.180498,0.011852,-0.002000,0.000320,0.001845,0.000341,0.000320,0.287555,0.160511,-9.804471,0.031094,0.013674,-0.211440,1.874927,0.003539,27.000000,0.013045,-4.478237,0.005550,0.225495,-0.209440,0.012000,-0.002000,143,0,1,32,30,-0.013944,0.027346,-0.280546,-0.291433,0.768220,9.739538,0.304131,0.003539,0.032234,7,1,0,0.000000,0,-6.207704,0.000000,0.007422,0,0.234814,0.000000,0.033816,-6.207704,0.234814,1,1,1,1.779455,0.000000,0.000000,0.000000,0.000000,0.000000,0.000000,0.000000
0.9701,-4.477759,0.224727,-0.087295,-0.209440,0.019445,0.027186,0,0.234814,237,0.289002,0.164035,-4.477759,0.006597,-6.218426,-0.087295,-4.477758,-6.206619,-0.087295,0.224727,-0.209440,0.013043,-0.323240,-18.180498,0.011807,0.001000,0.000006,0.001995,0.000280,0.000006,0.289002,0.164035,-9.804370,0.005971,0.024537,-0.208440,1.872071,0.003300,27.000000,0.013045,-4.477758,0.006597,0.224728,-0.209440,0.012000,0.001000,148,0,1,32,30,-0.024595,0.001870,-0.295785,-0.478907,-0.114764,9.988944,0.301275,0.003300,0.032451,6,1,0,0.000000,0,-6.207704,0.000000,0.019445,0,0.234814,0.000000,0.027186,-6.207704,0.234814,1,1,1,1.779324,0.000000,0.000000,0.000000,0.000000,0.000000,0.000000,0.000000
0.9801,-4.476870,0.223063,-0.116750,-0.209440,0.016292,0.040145,0,0.234814,247,0.290315,0.165379,-4.476870,0.008692,-6.220079,-0.116750,-4.476799,-6.208157,-0.116750,0.223063,-0.209440,0.012842,-0.323240,-18.180498,0.011922,0.003000,0.000628,0.001840,0.000345,0.000628,0.290315,0.165379,-9.804309,0.017299,0.015862,-0.206440,1.868879,0.002941,27.000000,0.013045,-4.476799,0.008692,0.223194,-0.209440,0.012000,0.003000,153,0,1,32,30,-0.016076,0.012948,-0.323382,-0.566428,0.362463,10.060676,0.298083,0.002941,0.032596,6,1,0,0.000000,0,-6.207704,0.000000,0.016292,0,0.234814,0.000000,0.040145,-6.207704,0.234814,1,1,1,1.779193,0.000000,0.000000,0.000000,0.000000,0.000000,0.000000,0.000000
0.9901,-4.475686,0.220811,-0.096236,-0.209440,0.011557,0.050518,0,0.234814,255,0.289031,0.169152,-4.475686,0.019897,-6.220911,-0.096236,-4.475457,-6.209045,-0.096236,0.220811,-0.209440,0.012919,-0.323240,-18.180498,0.011867,0.005000,0.002231,0.001991,0.000519,0.002231,0.289031,0.169152,-9.804282,-0.021689,0.016375,-0.204440,1.865751,0.002540,27.000000,0.013045,-4.475457,0.019897,0.220893,-0.209440,0.012000,0.005000,158,0,1,32,30,-0.016029,-0.025829,-0.300367,-0.345134,-0.330847,9.680606,0.294955,0.002540,0.032530,7,1,0,0.000000,0,-6.207704,0.000000,0.011557,0,0.234814,0.000000,0.050518,-6.207704,0.234814,1,1,1,1.779082,0.000000,0.000000,0.000000,0.000000,0.000000,0.000000,0.000000
1.0001,-4.473008,0.220119,-0.150818,-0.104720,0.026313,0.036315,0,0.234814,9,0.287103,0.170779,-4.473008,0.029112,-6.222858,-0.150818,-4.472773,-6.211014,-0.150818,0.220119,-0.104720,0.013022,-0.323240,-18.180498,0.011844,0.002000,0.001918,0.002156,0.000481,0.001918,0.287103,0.170779,-9.804311,-0.014573,-0.000773,-0.102720,1.863091,0.002417,27.000000,0.013045,-4.472773,0.029112,0.220126,-0.104720,0.012000,0.002000,163,0,1,32,30,0.001054,-0.017856,-0.253327,-0.095945,-0.380408,9.833398,0.292295,0.002417,0.032367,6,1,0,0.000000,0,-6.207704,0.000000,0.026313,0,0.234814,0.000000,0.036315,-6.207704,0.234814,1,1,1,1.778982,0.000000,0.000000,0.000000,0.000000,0.000000,0.000000,0.000000
1.0101,-4.467572,0.220126,-0.182881,0.000000,0.033026,0.029301,0,0.234814,21,0.286525,0.168627,-4.467572,0.048485,-6.225090,-0.182881,-4.467500,-6.213215,-0.182881,0.220126,0.000000,0.012927,-0.323240,-18.180498,0.011875,0.000000,0.000364,0.001846,0.001298,0.000364,0.286525,0.168627,-9.804365,-0.006326,-0.026531,0.000000,1.860895,0.002523,27.000000,0.013045,-4.467500,0.048485,0.220126,0.000000,0.012000,0.000000,168,0,1,32,30,0.026679,-0.008033,-0.182792,-0.517026,0.044705,10.239353,0.290099,0.002523,0.032262,6,1,0,0.000000,0,-6.207704,0.000000,0.033026,0,0.234814,0.000000,0.029301,-6.207704,0.234814,1,1,1,1.778896,0.000000,0.000000,0.000000,0.000000,0.000000,0.000000,0.000000
1.0201,-4.463098,0.219359,-0.163038,0.000000,0.023374,0.038579,0,0.234814,29,0.285024,0.167875,-4.463098,0.059795,-6.226124,-0.163038,-4.463186,-6.214244,-0.163038,0.219359,0.000000,0.012996,-0.323240,-18.180498,0.011880,-0.003000,0.001998,0.002153,0.000838,0.001998,0.285024,0.167875,-9.804421,-0.015270,-0.019842,-0.003000,1.859095,0.002609,27.000000,0.013045,-4.463186,0.059795,0.219359,0.000000,0.012000,-0.003000,173,0,1,32,30,0.020290,-0.016826,-0.165833,-0.164192,-0.158045,9.634609,0.288299,0.002609,0.032088,6,1,0,0.000000,0,-6.207704,0.000000,0.023374,0,0.234814,0.000000,0.038579,-6.207704,0.234814,1,1,1,1.778835,0.000000,0.000000,0.000000,0.000000,0.000000,0.000000,0.000000
1.0301,-4.451743,0.218592,-0.130888,0.000000,0.023585,0.040113,0,0.234814,41,0.284241,0.164156,-4.451743,0.107861,-6.227023,-0.130888,-4.451680,-6.215120,-0.130888,0.218592,0.000000,0.012898,-0.323240,-18.180498,0.011904,-0.003000,0.000456,0.001854,0.002836,0.000456,0.284241,0.164156,-9.804507,-0.010127,-0.024158,-0.003000,1.857446,0.002839,27.000000,0.013045,-4.451680,0.107861,0.218592,0.000000,0.012000,-0.003000,178,0,1,32,30,0.024562,-0.010828,-0.133760,0.072512,0.426777,9.525795,0.286649,0.002839,0.031919,6,1,0,0.000000,0,-6.207704,0.000000,0.023585,0,0.234814,0.000000,0.040113,-6.207704,0.234814,1,1,1,1.778799,0.000000,0.000000,0.000000,0.000000,0.000000,0.000000,0.000000
1.0401,-4.439042,0.218592,-0.113189,0.000000,0.029366,0.032443,0,0.234814,51,0.285051,0.163008,-4.439042,0.133413,-6.228237,-0.113189,-4.439025,-6.216331,-0.113189,0.218592,0.000000,0.012994,-0.323240,-18.180498,0.011905,-0.001000,0.000159,0.001837,0.002898,0.000159,0.285051,0.163008,-9.804503,0.011517,-0.003835,-0.001000,1.856228,0.003067,27.000000,0.013045,-4.439025,0.133413,0.218592,0.000000,0.012000,-0.001000,183,0,1,32,30,0.003199,0.010225,-0.114332,-0.403564,0.361136,10.175613,0.285431,0.003067,0.031975,7,1,0,0.000000,0,-6.207704,0.000000,0.029366,0,0.234814,0.000000,0.032443,-6.207704,0.234814,1,1,1,1.778809,0.000000,0.000000,0.000000,0.000000,0.000000,0.000000,0.000000
1.0501,-4.429788,0.217005,-0.019990,-0.104720,0.013584,0.051492,0,0.234814,61,0.289134,0.162614,-4.429788,0.094562,-6.227977,-0.019990,-4.429725,-6.216025,-0.019990,0.217005,-0.104720,0.012880,-0.323240,-18.180498,0.011951,0.001000,0.000510,0.001812,0.001460,0.000510,0.289134,0.162614,-9.804390,0.059313,0.003646,-0.103720,1.854948,0.003031,27.000000,0.013045,-4.429725,0.094562,0.217058,-0.104720,0.012000,0.001000,188,0,1,32,30,-0.007526,0.057348,-0.124459,-0.768475,0.876344,10.257117,0.284152,0.003031,0.032357,7,1,0,0.000000,0,-6.207704,0.000000,0.013584,0,0.234814,0.000000,0.051492,-6.207704,0.234814,1,1,1,1.778862,0.000000,0.000000,0.000000,0.000000,0.000000,0.000000,0.000000
1.0601,-4.424933,0.217050,-0.024519,-0.104720,0.033181,0.035081,0,0.234814,71,0.290829,0.166373,-4.424933,0.049532,-6.229320,-0.024519,-4.424931,-6.217404,-0.024519,0.217050,-0.104720,0.013018,-0.323240,-18.180498,0.011917,0.000000,0.000083,0.001848,0.000718,0.000083,0.290829,0.166373,-9.804277,0.008884,0.015425,-0.104720,1.853621,0.002834,27.000000,0.013045,-4.424931,0.049532,0.217058,-0.104720,0.012000,0.000000,193,0,1,32,30,-0.016012,0.006094,-0.129329,-0.433085,0.157709,9.608894,0.282825,0.002834,0.032609,6,1,0,0.000000,0,-6.207704,0.000000,0.033181,0,0.234814,0.000000,0.035081,-6.207704,0.234814,1,1,1,1.778934,0.000000,0.000000,0.000000,0.000000,0.000000,0.000000,0.000000
1.0701,-4.425370,0.215445,0.108341,-0.209440,0.011499,0.054785,0,0.234814,81,0.292942,0.166584,-4.425370,-0.004503,-6.228743,0.108341,-4.425411,-6.216745,0.108341,0.215445,-0.209440,0.012922,-0.323240,-18.180498,0.011997,0.004000,0.000379,0.001850,-0.000596,0.000379,0.292942,0.166584,-9.804210,0.014739,0.019274,-0.205440,1.852679,0.002711,27.000000,0.013045,-4.425411,-0.004503,0.215524,-0.209440,0.012000,0.004000,198,0,1,32,30,-0.020278,0.012067,-0.097262,-1.102215,-0.059983,9.395723,0.281882,0.002711,0.032807,7,1,0,0.000000,0,-6.207704,0.000000,0.011499,0,0.234814,0.000000,0.054785,-6.207704,0.234814,1,1,1,1.779020,0.000000,0.000000,0.000000,0.000000,0.000000,0.000000,0.000000
1.0801,-4.425215,0.213983,0.052890,-0.104720,0.009414,0.056280,0,0.234814,91,0.290691,0.168543,-4.425215,0.005550,-6.227987,0.052890,-4.425219,-6.216023,0.052890,0.213983,-0.104720,0.013022,-0.323240,-18.180498,0.011964,0.003000,0.000070,0.001971,0.000108,0.000070,0.290691,0.168543,-9.804244,-0.019372,0.008862,-0.101720,1.851943,0.002519,27.000000,0.013045,-4.425219,0.005550,0.213991,-0.104720,0.012000,0.003000,2,0,1,32,30,-0.007422,-0.020602,-0.048566,0.008086,0.434436,10.454161,0.281147,0.002519,0.032611,6,1,0,0.000000,0,-6.207704,0.000000,0.009414,0,0.234814,0.000000,0.056280,-6.207704,0.234814,1,1,1,1.779097,0.000000,0.000000,0.000000,0.000000,0.000000,0.000000,0.000000
1.0901,-4.425655,0.213224,0.041750,0.000000,0.007189,0.050777,0,0.234814,101,0.289829,0.167668,-4.425655,-0.006597,-6.227245,0.041750,-4.425698,-6.215236,0.041750,0.213224,0.000000,0.012946,-0.323240,-18.180498,0.012009,-0.001000,0.000306,0.001987,-0.000550,0.000306,0.289829,0.167668,-9.804284,-0.022924,-0.008021,-0.001000,1.851971,0.002486,27.000000,0.013045,-4.425698,-0.006597,0.213224,0.000000,0.012000,-0.001000,7,0,1,32,30,0.009683,-0.021744,0.041035,-0.278997,-0.176641,9.586494,0.281175,0.002486,0.032498,6,1,0,0.000000,0,-6.207704,0.000000,0.007189,0,0.234814,0.000000,0.050777,-6.207704,0.234814,1,1,1,1.779178,0.000000,0.000000,0.000000,0.000000,0.000000,0.000000,0.000000
1.1001,-4.426270,0.213991,0.116982,0.000000,0.015289,0.033977,0,0.234814,110,0.288272,0.167138,-4.426270,-0.002513,-6.227308,0.116982,-4.426273,-6.215255,0.116982,0.213991,0.000000,0.013034,-0.323240,-18.180498,0.012054,-0.003000,0.000034,0.001821,-0.000403,0.000034,0.288272,0.167138,-9.804339,0.005603,-0.001543,-0.003000,1.852715,0.002618,27.000000,0.013045,-4.426273,-0.002513,0.213991,0.000000,0.012000,-0.003000,12,0,1,32,30,0.001135,0.007185,0.113898,-0.299738,0.442519,9.784112,0.281919,0.002618,0.032339,6,1,0,0.000000,0,-6.207704,0.000000,0.015289,0,0.234814,0.000000,0.033977,-6.207704,0.234814,1,1,1,1.779249,0.000000,0.000000,0.000000,0.000000,0.000000,0.000000,0.000000
1.1101,-4.426133,0.214757,0.120343,0.000000,0.009965,0.032444,0,0.234814,121,0.286906,0.165502,-4.426133,0.001466,-6.226881,0.120343,-4.426178,-6.214827,0.120343,0.214757,0.000000,0.012923,-0.323240,-18.180498,0.012055,-0.003000,0.000379,0.001904,-0.000248,0.000379,0.286906,0.165502,-9.804407,-0.029846,0.013800,-0.003000,1.853908,0.002665,27.000000,0.013045,-4.426178,0.001466,0.214757,0.000000,0.012000,-0.003000,17,0,1,32,30,-0.011633,-0.029237,0.117731,-0.354428,-0.068419,10.113906,0.283112,0.002665,0.032175,6,1,0,0.000000,0,-6.207704,0.000000,0.009965,0,0.234814,0.000000,0.032444,-6.207704,0.234814,1,1,1,1.779323,0.000000,0.000000,0.000000,0.000000,0.000000,0.000000,0.000000
1.1201,-4.425888,0.215524,0.120781,0.000000,0.010691,0.030909,0,0.234814,131,0.285258,0.165994,-4.425888,0.003560,-6.226587,0.120781,-4.425890,-6.214531,0.120781,0.215524,0.000000,0.013041,-0.323240,-18.180498,0.012057,-0.003000,0.000013,0.001990,-0.000240,0.000013,0.285258,0.165994,-9.804447,-0.014415,-0.010835,-0.003000,1.854969,0.002723,27.000000,0.013045,-4.425890,0.003560,0.215524,0.000000,0.012000,-0.003000,22,0,1,32,30,0.011830,-0.012074,0.117949,-0.069774,0.082705,9.503103,0.284173,0.002723,0.032030,6,1,0,0.000000,0,-6.207704,0.000000,0.010691,0,0.234814,0.000000,0.030909,-6.207704,0.234814,1,1,1,1.779391,0.000000,0.000000,0.000000,0.000000,0.000000,0.000000,0.000000
1.1301,-4.426051,0.215524,0.099949,0.000000,-0.000407,0.038579,0,0.234814,141,0.284999,0.163136,-4.426051,-0.002513,-6.225403,0.099949,-4.426082,-6.213359,0.099949,0.215524,0.000000,0.012950,-0.323240,-18.180498,0.012044,-0.001000,0.000294,0.001999,-0.000215,0.000294,0.284999,0.163136,-9.804502,0.001743,-0.001261,-0.001000,1.856135,0.002911,27.000000,0.013045,-4.426082,-0.002513,0.215524,0.000000,0.012000,-0.001000,27,0,1,32,30,0.001135,0.003109,0.098917,-0.164918,0.127636,9.733183,0.285339,0.002911,0.031942,6,1,0,0.000000,0,-6.207704,0.000000,-0.000407,0,0.234814,0.000000,0.038579,-6.207704,0.234814,1,1,1,1.779462,0.000000,0.000000,0.000000,0.000000,0.000000,0.000000,0.000000
1.1401,-4.425985,0.217058,0.096924,0.000000,0.018633,0.020171,0,0.234814,151,0.284393,0.164781,-4.425985,0.000419,-6.225190,0.096924,-4.425985,-6.213969,0.096924,0.217058,0.000000,0.013045,-0.323240,-18.180498,0.011220,0.002000,0.000000,0.001844,-0.000274,0.000000,0.284393,0.164781,-9.804492,0.003579,0.026430,0.002001,1.857060,0.002878,27.000000,0.013045,-4.425985,0.000419,0.217058,0.000000,0.012000,0.002000,32,0,1,32,30,-0.026615,0.003030,0.098894,0.238670,-0.285904,9.939838,0.286264,0.002878,0.031933,7,1,0,0.000000,0,-6.207704,0.000000,0.018633,0,0.234814,0.000000,0.020171,-6.207704,0.234814,1,1,1,1.779527,0.000000,0.000000,0.000000,0.000000,0.000000,0.000000,0.000000
1.1501,-4.426540,0.217058,0.084517,0.000000,-0.000148,0.035511,0,0.234814,161,0.285777,0.165637,-4.426540,-0.004503,-6.224959,0.084517,-4.426561,-6.212913,0.084517,0.217058,0.000000,0.012965,-0.323240,-18.180498,0.012046,0.002000,0.000247,0.001917,-0.000461,0.000247,0.285777,0.165637,-9.804438,0.017422,0.004101,0.002000,1.858121,0.002744,27.000000,0.013045,-4.426561,-0.004503,0.217058,0.000000,0.012000,0.002000,37,0,1,32,30,-0.005289,0.018220,0.086288,-0.508635,0.285291,10.117360,0.287325,0.002744,0.032089,7,1,0,0.000000,0,-6.207704,0.000000,-0.000148,0,0.234814,0.000000,0.035511,-6.207704,0.234814,1,1,1,1.779595,0.000000,0.000000,0.000000,0.000000,0.000000,0.000000,0.000000
1.1601,-4.425752,0.217058,0.073264,0.000000,0.002395,0.035511,0,0.234814,171,0.284816,0.165038,-4.425752,0.008692,-6.224280,0.073264,-4.425794,-6.212244,0.073264,0.217058,0.000000,0.012850,-0.323240,-18.180498,0.012036,0.000000,0.000604,0.001854,0.000174,0.000604,0.284816,0.165038,-9.804476,-0.002552,-0.011655,0.000000,1.858792,0.002667,27.000000,0.013045,-4.425794,0.008692,0.217058,0.000000,0.012000,0.000000,42,0,1,32,30,0.011805,-0.000794,0.073280,0.284730,-0.127467,9.501222,0.287996,0.002667,0.031981,7,1,0,0.000000,0,-6.207704,0.000000,0.002395,0,0.234814,0.000000,0.035511,-6.207704,0.234814,1,1,1,1.779659,0.000000,0.000000,0.000000,0.000000,0.000000,0.000000,0.000000
1.1701,-4.426450,0.217825,0.058648,0.000000,0.010100,0.026307,0,0.234814,181,0.285074,0.165180,-4.426450,-0.005550,-6.224349,0.058648,-4.426465,-6.212329,0.058648,0.217825,0.000000,0.012950,-0.323240,-18.180498,0.012020,0.000000,0.000294,0.001833,-0.000295,0.000294,0.285074,0.165180,-9.804466,0.010917,-0.008280,0.000000,1.859471,0.002783,27.000000,0.013045,-4.426465,-0.005550,0.217825,0.000000,0.012000,0.000000,47,0,1,32,30,0.007517,0.012214,0.058495,-0.060687,0.310783,9.620247,0.288674,0.002783,0.032017,6,1,0,0.000000,0,-6.207704,0.000000,0.010100,0,0.234814,0.000000,0.026307,-6.207704,0.234814,1,1,1,1.779718,0.000000,0.000000,0.000000,0.000000,0.000000,0.000000,0.000000
1.1801,-4.426849,0.217825,0.066514,0.000000,0.002050,0.033977,0,0.234814,190,0.285359,0.165160,-4.426849,-0.006597,-6.223716,0.066514,-4.426849,-6.211729,0.066514,0.217825,0.000000,0.013045,-0.323240,-18.180498,0.011987,-0.002000,0.000000,0.001865,-0.000013,0.000000,0.285359,0.165160,-9.804458,-0.009740,0.005939,-0.002006,1.860067,0.002886,27.000000,0.013045,-4.426849,-0.006597,0.217825,0.000000,0.012000,-0.002000,52,0,1,32,30,-0.005266,-0.009277,0.064635,-0.288031,0.282346,10.366305,0.289271,0.002886,0.032045,6,1,0,0.000000,0,-6.207704,0.000000,0.002050,0,0.234814,0.000000,0.033977,-6.207704,0.234814,1,1,1,1.779776,0.000000,0.000000,0.000000,0.000000,0.000000,0.000000,0.000000
1.1901,-4.426456,0.217825,0.035834,0.000000,0.004056,0.033977,0,0.234814,201,0.285219,0.163485,-4.426456,0.003560,-6.223405,0.035834,-4.426465,-6.211397,0.035834,0.217825,0.000000,0.012956,-0.323240,-18.180498,0.012009,-0.001000,0.000276,0.001847,-0.000059,0.000276,0.285219,0.163485,-9.804490,-0.004224,-0.020093,-0.001000,1.860398,0.002961,27.000000,0.013045,-4.426465,0.003560,0.217825,0.000000,0.012000,-0.001000,57,0,1,32,30,0.020333,-0.002396,0.034868,0.293606,0.289847,9.782964,0.289602,0.002961,0.031994,7,1,0,0.000000,0,-6.207704,0.000000,0.004056,0,0.234814,0.000000,0.033977,-6.207704,0.234814,1,1,1,1.779834,0.000000,0.000000,0.000000,0.000000,0.000000,0.000000,0.000000
1.2001,-4.426657,0.217825,0.026504,0.000000,0.004412,0.033977,0,0.234814,211,0.286180,0.162889,-4.426657,0.000419,-6.223135,0.026504,-4.426657,-6.211149,0.026504,0.217825,0.000000,0.013045,-0.323240,-18.180498,0.011987,0.000000,0.000000,0.001855,-0.000042,0.000000,0.286180,0.162889,-9.804472,0.005082,-0.012156,0.000003,1.860641,0.003130,27.000000,0.013045,-4.426657,0.000419,0.217825,0.000000,0.012000,0.000000,62,0,1,32,30,0.011783,0.006241,0.026429,-0.300043,0.387386,9.601719,0.289845,0.003130,0.032077,6,1,0,0.000000,0,-6.207704,0.000000,0.004412,0,0.234814,0.000000,0.033977,-6.207704,0.234814,1,1,1,1.779889,0.000000,0.000000,0.000000,0.000000,0.000000,0.000000,0.000000
1.2101,-4.426655,0.217825,0.009527,0.000000,0.004991,0.033977,0,0.234814,221,0.287186,0.161711,-4.426655,0.000419,-6.222980,0.009527,-4.426657,-6.210991,0.009527,0.217825,0.000000,0.012966,-0.323240,-18.180498,0.011990,0.000000,0.000245,0.001839,0.000068,0.000245,0.287186,0.161711,-9.804462,0.011738,0.017354,0.000000,1.860798,0.003191,27.000000,0.013045,-4.426657,0.000419,0.217825,0.000000,0.012000,0.000000,67,0,1,32,30,-0.018111,0.010656,0.009390,-0.126805,0.090587,9.637132,0.290002,0.003191,0.032151,6,1,0,0.000000,0,-6.207704,0.000000,0.004991,0,0.234814,0.000000,0.033977,-6.207704,0.234814,1,1,1,1.779945,0.000000,0.000000,0.000000,0.000000,0.000000,0.000000,0.000000
1.2201,-4.426656,0.217825,-0.000206,0.000000,0.005595,0.033977,0,0.234814,231,0.287657,0.161507,-4.426656,0.001466,-6.222894,-0.000206,-4.426657,-6.210909,-0.000206,0.217825,0.000000,0.012868,-0.323240,-18.180498,0.011985,0.001000,0.000546,0.001848,-0.000021,0.000546,0.287657,0.161507,-9.804451,0.002880,0.009392,0.001000,1.860882,0.003124,27.000000,0.013045,-4.426657,0.001466,0.217825,0.000000,0.012000,0.001000,72,0,1,32,30,-0.009566,0.002246,0.000765,-0.203837,0.563695,10.043793,0.290086,0.003124,0.032194,6,1,0,0.000000,0,-6.207704,0.000000,0.005595,0,0.234814,0.000000,0.033977,-6.207704,0.234814,1,1,1,1.780001,0.000000,0.000000,0.000000,0.000000,0.000000,0.000000,0.000000
1.2301,-4.426659,0.217825,-0.003753,0.000000,0.005478,0.033977,0,0.234814,241,0.286855,0.162946,-4.426659,-0.000419,-6.222815,-0.003753,-4.426657,-6.210832,-0.003753,0.217825,0.000000,0.012952,-0.323240,-18.180498,0.011984,0.002000,0.000288,0.001849,-0.000001,0.000288,0.286855,0.162946,-9.804451,-0.014534,0.004141,0.002000,1.860961,0.003047,27.000000,0.013045,-4.426657,-0.000419,0.217825,0.000000,0.012000,0.002000,77,0,1,32,30,-0.003145,-0.014803,-0.001561,-0.126409,-0.099474,9.539517,0.290165,0.003047,0.032145,6,1,0,0.000000,0,-6.207704,0.000000,0.005478,0,0.234814,0.000000,0.033977,-6.207704,0.234814,1,1,1,1.780053,0.000000,0.000000,0.000000,0.000000,0.000000,0.000000,0.000000
1.2401,-4.426661,0.217825,-0.010607,0.000000,0.006795,0.033977,0,0.234814,251,0.286392,0.162588,-4.426661,-0.000419,-6.222854,-0.010607,-4.426657,-6.210877,-0.010607,0.217825,0.000000,0.012842,-0.323240,-18.180498,0.011978,0.001000,0.000628,0.001830,0.000006,0.000628,0.286392,0.162588,-9.804471,0.013817,0.008663,0.001000,1.860919,0.002962,27.000000,0.013045,-4.426657,-0.000419,0.217825,0.000000,0.012000,0.001000,82,0,1,32,30,-0.018113,0.008717,-0.005566,0.121695,0.081748,9.589352,0.290129,0.002967,0.032084,6,1,0,0.000000,0,-6.207704,0.000000,0.006795,0,0.234814,0.000000,0.033977,-6.207704,0.234814,1,1,1,1.780109,0.000000,0.000000,0.000000,0.000000,0.000000,0.000000,0.000000
1.2501,-4.426658,0.217825,0.021643,0.000000,0.006676,0.033977,0,0.234814,5,0.285560,0.164835,-4.426658,0.000419,-6.222902,0.021643,-4.426657,-6.210904,0.021643,0.217825,0.000000,0.013021,-0.323240,-18.180498,0.011998,0.000000,0.000075,0.001986,-0.000079,0.000075,0.285560,0.164835,-9.804457,-0.016727,0.012838,0.000000,1.860892,0.002899,27.000000,0.013045,-4.426657,0.000419,0.217825,0.000000,0.012000,0.000000,87,0,1,32,30,-0.011674,-0.017276,0.021870,-0.172811,0.007232,10.191349,0.290096,0.002899,0.032058,6,1,0,0.000000,0,-6.207704,0.000000,0.006676,0,0.234814,0.000000,0.033977,-6.207704,0.234814,1,1,1,1.780161,0.000000,0.000000,0.000000,0.000000,0.000000,0.000000,0.000000
1.2601,-4.426574,0.218592,-0.026753,0.000000,0.016148,0.024773,0,0.234814,15,0.285693,0.163787,-4.426574,-0.000419,-6.223685,-0.026753,-4.426561,-6.211717,-0.026753,0.218592,0.000000,0.012867,-0.323240,-18.180498,0.011968,0.000000,0.000552,0.001867,0.000032,0.000552,0.285693,0.163787,-9.804471,0.008620,-0.012372,0.000000,1.860848,0.002877,27.000000,0.013045,-4.426561,-0.000419,0.218592,0.000000,0.012000,0.000000,92,0,1,32,30,0.011765,0.009087,-0.026872,-0.107582,0.174887,9.781548,0.290052,0.002877,0.032056,6,1,0,0.000000,0,-6.207704,0.000000,0.016148,0,0.234814,0.000000,0.024773,-6.207704,0.234814,1,1,1,1.780217,0.000000,0.000000,0.000000,0.000000,0.000000,0.000000,0.000000
1.2701,-4.426565,0.217825,-0.031125,0.000000,0.001158,0.041647,0,0.234814,25,0.285507,0.164502,-4.426565,0.000419,-6.223110,-0.031125,-4.426561,-6.211144,-0.031125,0.217825,0.000000,0.013002,-0.323240,-18.180498,0.011966,0.000000,0.000132,0.001825,0.000053,0.000132,0.285507,0.164502,-9.804465,0.004741,-0.007839,0.000000,1.860652,0.002912,27.000000,0.013045,-4.426561,0.000419,0.217825,0.000000,0.012000,0.000000,97,0,1,32,30,0.007499,0.004857,-0.031191,-0.222916,0.271623,9.686740,0.289855,0.002912,0.032045,6,1,0,0.000000,0,-6.207704,0.000000,0.001158,0,0.234814,0.000000,0.041647,-6.207704,0.234814,1,1,1,1.780269,0.000000,0.000000,0.000000,0.000000,0.000000,0.000000,0.000000
1.2801,-4.425992,0.217825,-0.002039,0.000000,0.009954,0.033977,0,0.234814,35,0.285787,0.162942,-4.425992,0.007645,-6.223382,-0.002039,-4.425985,-6.211401,-0.002039,0.217825,0.000000,0.012904,-0.323240,-18.180498,0.011981,-0.001000,0.000436,0.001868,0.000331,0.000436,0.285787,0.162942,-9.804482,0.019069,-0.006679,-0.001000,1.860394,0.002976,27.000000,0.013045,-4.425985,0.007645,0.217825,0.000000,0.012000,-0.001000,102,0,1,32,30,0.005357,0.019441,-0.003290,0.333385,-0.206529,9.711008,0.289598,0.002976,0.032039,7,1,0,0.000000,0,-6.207704,0.000000,0.009954,0,0.234814,0.000000,0.033977,-6.207704,0.234814,1,1,1,1.780326,0.000000,0.000000,0.000000,0.000000,0.000000,0.000000,0.000000
1.2901,-4.426657,0.217825,-0.006955,0.000000,0.006396,0.033977,0,0.234814,45,0.287804,0.163980,-4.426657,-0.006597,-6.223304,-0.006955,-4.426657,-6.211318,-0.006955,0.217825,0.000000,0.013045,-0.323240,-18.180498,0.011987,0.000000,0.000000,0.002001,-0.000387,0.000000,0.287804,0.163980,-9.804406,0.034246,-0.005542,0.000021,1.860475,0.003058,27.000000,0.013045,-4.426657,-0.006597,0.217825,0.000000,0.012000,0.000000,107,0,1,32,30,0.003205,0.034450,-0.007384,-0.509363,0.495654,10.119473,0.289679,0.003058,0.032263,6,1,0,0.000000,0,-6.207704,0.000000,0.006396,0,0.234814,0.000000,0.033977,-6.207704,0.234814,1,1,1,1.780381,0.000000,0.000000,0.000000,0.000000,0.000000,0.000000,0.000000
1.3001,-4.426471,0.217825,-0.019550,0.000000,0.009139,0.033977,0,0.234814,55,0.288161,0.163141,-4.426471,0.001466,-6.223450,-0.019550,-4.426465,-6.211477,-0.019550,0.217825,0.000000,0.012921,-0.323240,-18.180498,0.011973,0.001000,0.000383,0.001850,0.000045,0.000383,0.288161,0.163141,-9.804410,-0.003428,0.003403,0.001000,1.860317,0.003025,27.000000,0.013045,-4.426465,0.001466,0.217825,0.000000,0.012000,0.001000,112,0,1,32,30,-0.003161,-0.003891,-0.018501,-0.298098,0.020968,9.846869,0.289521,0.003025,0.032280,6,1,0,0.000000,0,-6.207704,0.000000,0.009139,0,0.234814,0.000000,0.033977,-6.207704,0.234814,1,1,1,1.780437,0.000000,0.000000,0.000000,0.000000,0.000000,0.000000,0.000000
1.3101,-4.426380,0.217825,-0.009803,0.000000,0.009339,0.033977,0,0.234814,65,0.288304,0.162358,-4.426380,-0.001466,-6.223604,-0.009803,-4.426369,-6.211627,-0.009803,0.217825,0.000000,0.012853,-0.323240,-18.180498,0.011978,0.000000,0.000595,0.001868,0.000030,0.000595,0.288304,0.162358,-9.804418,0.004317,-0.005678,0.000000,1.860167,0.003038,27.000000,0.013045,-4.426369,-0.001466,0.217825,0.000000,0.012000,0.000000,117,0,1,32,30,-0.001031,0.000389,-0.018450,-0.155595,0.128701,9.647066,0.289377,0.003032,0.032275,7,1,0,0.000000,0,-6.207704,0.000000,0.009339,0,0.234814,0.000000,0.033977,-6.207704,0.234814,1,1,1,1.780494,0.000000,0.000000,0.000000,0.000000,0.000000,0.000000,0.000000
1.3201,-4.426284,0.217058,-0.022818,0.000000,0.000940,0.043181,0,0.234814,75,0.288330,0.162544,-4.426284,0.000419,-6.223021,-0.022818,-4.426273,-6.211051,-0.022818,0.217058,0.000000,0.012925,-0.323240,-18.180498,0.011970,0.000000,0.000372,0.001839,0.000041,0.000372,0.288330,0.162544,-9.804415,-0.003031,0.007659,0.000000,1.859974,0.003067,27.000000,0.013045,-4.426273,0.000419,0.217058,0.000000,0.012000,0.000000,122,0,1,32,30,-0.007432,-0.003847,-0.022771,-0.278895,0.095943,9.972051,0.289178,0.003067,0.032276,6,1,0,0.000000,0,-6.207704,0.000000,0.000940,0,0.234814,0.000000,0.043181,-6.207704,0.234814,1,1,1,1.780548,0.000000,0.000000,0.000000,0.000000,0.000000,0.000000,0.000000
1.3301,-4.426374,0.217058,-0.013761,0.000000,0.008417,0.035511,0,0.234814,85,0.288098,0.162495,-4.426374,-0.000419,-6.223170,-0.013761,-4.426369,-6.211195,-0.013761,0.217058,0.000000,0.012863,-0.323240,-18.180498,0.011975,0.000000,0.000562,0.001849,0.000023,0.000562,0.288098,0.162495,-9.804422,0.017777,0.001962,0.000000,1.859833,0.003006,27.000000,0.013045,-4.426369,-0.000419,0.217058,0.000000,0.012000,0.000000,127,0,1,32,30,-0.005293,-0.004039,-0.007838,0.026781,-0.053232,9.674067,0.289045,0.003006,0.032244,7,1,0,0.000000,0,-6.207704,0.000000,0.008417,0,0.234814,0.000000,0.035511,-6.207704,0.234814,1,1,1,1.780605,0.000000,0.000000,0.000000,0.000000,0.000000,0.000000,0.000000
1.3401,-4.426753,0.217058,0.001011,0.000000,0.006570,0.035511,0,0.234814,95,0.288414,0.164366,-4.426753,-0.003560,-6.223147,0.001011,-4.426753,-6.211161,0.001011,0.217058,0.000000,0.013045,-0.323240,-18.180498,0.011987,0.000000,0.000000,0.002016,-0.000098,0.000000,0.288414,0.164366,-9.804382,0.010431,-0.006096,0.000007,1.859866,0.003008,27.000000,0.013045,-4.426753,-0.003560,0.217058,0.000000,0.012000,0.000000,132,0,1,32,30,0.005367,0.010837,0.000877,-0.433481,0.272453,9.610047,0.289070,0.003008,0.032324,6,1,0,0.000000,0,-6.207704,0.000000,0.006570,0,0.234814,0.000000,0.035511,-6.207704,0.234814,1,1,1,1.780657,0.000000,0.000000,0.000000,0.000000,0.000000,0.000000,0.000000
1.3501,-4.426367,0.217825,0.002881,0.000000,0.015532,0.026307,0,0.234814,105,0.288720,0.162104,-4.426367,0.003560,-6.223864,0.002881,-4.426369,-6.211879,0.002881,0.217825,0.000000,0.012849,-0.323240,-18.180498,0.011985,0.000000,0.000605,0.001850,0.000092,0.000605,0.288720,0.162104,-9.804410,0.000138,0.001018,0.000000,1.859914,0.003069,27.000000,0.013045,-4.426369,0.003560,0.217825,0.000000,0.012000,0.000000,137,0,1,32,30,0.001131,-0.019149,0.004791,-0.115351,-0.200273,9.959610,0.289116,0.003071,0.032314,6,1,0,0.000000,0,-6.207704,0.000000,0.015532,0,0.234814,0.000000,0.026307,-6.207704,0.234814,1,1,1,1.780713,0.000000,0.000000,0.000000,0.000000,0.000000,0.000000,0.000000
1.3601,-4.426470,0.217825,-0.031223,0.000000,0.009318,0.033977,0,0.234814,115,0.287969,0.162620,-4.426470,-0.000419,-6.223925,-0.031223,-4.426465,-6.211960,-0.031223,0.217825,0.000000,0.012982,-0.323240,-18.180498,0.011965,0.000000,0.000194,0.001866,0.000125,0.000194,0.287969,0.162620,-9.804424,-0.000081,-0.016073,0.000000,1.859831,0.003134,27.000000,0.013045,-4.426465,-0.000419,0.217825,0.000000,0.012000,0.000000,142,0,1,32,30,0.016042,0.000608,-0.031234,-0.232442,0.563326,10.072482,0.289035,0.003134,0.032249,6,1,0,0.000000,0,-6.207704,0.000000,0.009318,0,0.234814,0.000000,0.033977,-6.207704,0.234814,1,1,1,1.780766,0.000000,0.000000,0.000000,0.000000,0.000000,0.000000,0.000000
1.3701,-4.425989,0.217058,-0.004986,0.000000,0.001551,0.043181,0,0.234814,124,0.286588,0.161480,-4.425989,0.006597,-6.223361,-0.004986,-4.425985,-6.211380,-0.004986,0.217058,0.000000,0.012906,-0.323240,-18.180498,0.011982,0.001000,0.000429,0.001836,0.000122,0.000429,0.286588,0.161480,-9.804483,-0.019019,0.000190,0.001000,1.859644,0.003116,27.000000,0.013045,-4.425985,0.006597,0.217058,0.000000,0.012000,0.001000,147,0,1,32,30,0.001128,-0.019036,-0.003741,0.083839,-0.098890,9.501378,0.288848,0.003116,0.032079,7,1,0,0.000000,0,-6.207704,0.000000,0.001551,0,0.234814,0.000000,0.043181,-6.207704,0.234814,1,1,1,1.780823,0.000000,0.000000,0.000000,0.000000,0.000000,0.000000,0.000000
1.3801,-4.426176,0.217825,0.026909,0.000000,0.015457,0.026307,0,0.234814,135,0.286632,0.162664,-4.426176,-0.001466,-6.224056,0.026909,-4.426178,-6.212055,0.026909,0.217825,0.000000,0.013018,-0.323240,-18.180498,0.012001,0.000000,0.000083,0.001847,-0.000140,0.000083,0.286632,0.162664,-9.804462,0.023668,0.010122,0.000000,1.859735,0.003136,27.000000,0.013045,-4.426178,-0.001466,0.217825,0.000000,0.012000,0.000000,152,0,1,32,30,-0.011715,0.023269,0.026608,0.226846,0.119581,9.628082,0.288938,0.003136,0.032117,6,1,0,0.000000,0,-6.207704,0.000000,0.015457,0,0.234814,0.000000,0.026307,-6.207704,0.234814,1,1,1,1.780876,0.000000,0.000000,0.000000,0.000000,0.000000,0.000000,0.000000
1.3901,-4.426649,0.217825,0.018951,0.000000,0.004448,0.033977,0,0.234814,145,0.288948,0.162876,-4.426649,-0.004503,-6.223695,0.018951,-4.426657,-6.211701,0.018951,0.217825,0.000000,0.012932,-0.323240,-18.180498,0.011994,-0.001000,0.000348,0.001851,-0.000334,0.000348,0.288948,0.162876,-9.804391,0.007252,0.017652,-0.001000,1.860092,0.003080,27.000000,0.013045,-4.426657,-0.004503,0.217825,0.000000,0.012000,-0.001000,157,0,1,32,30,-0.018104,0.006269,0.017872,-0.679295,-0.126083,10.122685,0.289295,0.003080,0.032352,6,1,0,0.000000,0,-6.207704,0.000000,0.004448,0,0.234814,0.000000,0.033977,-6.207704,0.234814,1,1,1,1.780933,0.000000,0.000000,0.000000,0.000000,0.000000,0.000000,0.000000
1.4001,-4.426091,0.217825,-0.019565,0.000000,0.008658,0.033977,0,0.234814,154,0.288496,0.163282,-4.426091,0.003560,-6.223727,-0.019565,-4.426082,-6.211756,-0.019565,0.217825,0.000000,0.012879,-0.323240,-18.180498,0.011971,-0.001000,0.000513,0.001847,0.000123,0.000513,0.288496,0.163282,-9.804397,-0.000089,-0.011797,-0.001000,1.860039,0.002977,27.000000,0.013045,-4.426082,0.003560,0.217825,0.000000,0.012000,-0.001000,162,0,1,32,30,0.011776,0.000454,-0.020572,0.045343,0.184649,9.772175,0.289243,0.002977,0.032316,6,1,0,0.000000,0,-6.207704,0.000000,0.008658,0,0.234814,0.000000,0.033977,-6.207704,0.234814,1,1,1,1.780988,0.000000,0.000000,0.000000,0.000000,0.000000,0.000000,0.000000
1.4101,-4.426273,0.217825,-0.005750,0.000000,0.008721,0.033977,0,0.234814,165,0.288004,0.163674,-4.426273,-0.001466,-6.223788,-0.005750,-4.426273,-6.211808,-0.005750,0.217825,0.000000,0.012988,-0.323240,-18.180498,0.011980,0.000000,0.000175,0.001840,0.000005,0.000175,0.288004,0.163674,-9.804405,-0.004181,-0.002968,0.000000,1.859986,0.003036,27.000000,0.013045,-4.426273,-0.001466,0.217825,0.000000,0.012000,0.000000,167,0,1,32,30,0.003246,-0.004043,-0.005698,-0.289900,0.271823,9.667558,0.289189,0.003036,0.032276,7,1,0,0.000000,0,-6.207704,0.000000,0.008721,0,0.234814,0.000000,0.033977,-6.207704,0.234814,1,1,1,1.781042,0.000000,0.000000,0.000000,0.000000,0.000000,0.000000,0.000000
1.4201,-4.426277,0.217825,-0.003482,0.000000,0.008424,0.033977,0,0.234814,175,0.288079,0.163036,-4.426277,0.001466,-6.223808,-0.003482,-4.426273,-6.211826,-0.003482,0.217825,0.000000,0.012898,-0.323240,-18.180498,0.011982,0.000000,0.000454,0.001847,0.000010,0.000454,0.288079,0.163036,-9.804414,0.003832,0.022165,-0.000000,1.859969,0.003011,27.000000,0.013045,-4.426273,0.001466,0.217825,0.000000,0.012000,0.000000,172,0,1,32,30,-0.022375,0.002266,-0.003511,-0.038906,-0.247099,9.882626,0.289172,0.003011,0.032269,6,1,0,0.000000,0,-6.207704,0.000000,0.008424,0,0.234814,0.000000,0.033977,-6.207704,0.234814,1,1,1,1.781098,0.000000,0.000000,0.000000,0.000000,0.000000,0.000000,0.000000
1.4301,-4.426274,0.217825,0.007584,0.000000,0.008136,0.033977,0,0.234814,185,0.288310,0.163948,-4.426274,-0.000419,-6.223806,0.007584,-4.426273,-6.211817,0.007584,0.217825,0.000000,0.012999,-0.323240,-18.180498,0.011989,0.000000,0.000143,0.001854,-0.000106,0.000143,0.288310,0.163948,-9.804392,0.015822,-0.019295,-0.000000,1.859977,0.003026,27.000000,0.013045,-4.426273,-0.000419,0.217825,0.000000,0.012000,0.000000,177,0,1,32,30,0.018170,0.017199,0.007361,-0.117711,0.459856,9.937531,0.289181,0.003026,0.032312,6,1,0,0.000000,0,-6.207704,0.000000,0.008136,0,0.234814,0.000000,0.033977,-6.207704,0.234814,1,1,1,1.781150,0.000000,0.000000,0.000000,0.000000,0.000000,0.000000,0.000000
1.4401,-4.426279,0.217825,-0.023646,0.000000,0.009224,0.033977,0,0.234814,195,0.289153,0.162172,-4.426279,-0.000419,-6.223871,-0.023646,-4.426273,-6.211900,-0.023646,0.217825,0.000000,0.012921,-0.323240,-18.180498,0.011970,0.001000,0.000384,0.001843,0.000031,0.000384,0.289153,0.162172,-9.804397,0.002241,-0.009814,0.001000,1.859891,0.003143,27.000000,0.013045,-4.426273,-0.000419,0.217825,0.000000,0.012000,0.001000,182,0,1,32,30,0.009638,0.002613,-0.022682,-0.374718,-0.138563,9.596385,0.289094,0.003143,0.032357,6,1,0,0.000000,0,-6.207704,0.000000,0.009224,0,0.234814,0.000000,0.033977,-6.207704,0.234814,1,1,1,1.781206,0.000000,0.000000,0.000000,0.000000,0.000000,0.000000,0.000000
1.4501,-4.426274,0.217825,-0.020581,0.000000,0.010364,0.033977,0,0.234814,205,0.289567,0.162609,-4.426274,0.001466,-6.224036,-0.020581,-4.426273,-6.212065,-0.020581,0.217825,0.000000,0.013027,-0.323240,-18.180498,0.011972,0.000000,0.000054,0.001851,0.000028,0.000054,0.289567,0.162609,-9.804377,0.001173,0.007373,0.000000,1.859724,0.003215,27.000000,0.013045,-4.426273,0.001466,0.217825,0.000000,0.012000,0.000000,187,0,1,32,30,-0.007436,0.000399,-0.020588,-0.250417,-0.063178,9.692928,0.288928,0.003215,0.032408,6,1,0,0.000000,0,-6.207704,0.000000,0.010364,0,0.234814,0.000000,0.033977,-6.207704,0.234814,1,1,1,1.781259,0.000000,0.000000,0.000000,0.000000,0.000000,0.000000,0.000000
1.4601,-4.426182,0.217825,-0.012357,0.000000,0.009821,0.033977,0,0.234814,215,0.289277,0.161016,-4.426182,0.001466,-6.224133,-0.012357,-4.426178,-6.212156,-0.012357,0.217825,0.000000,0.012923,-0.323240,-18.180498,0.011976,0.000000,0.000377,0.001848,0.000015,0.000377,0.289277,0.161016,-9.804412,-0.012540,-0.002402,0.000000,1.859631,0.003263,27.000000,0.013045,-4.426178,0.001466,0.217825,0.000000,0.012000,0.000000,192,0,1,32,30,0.003253,-0.012506,-0.012196,-0.077990,0.199111,10.145486,0.288835,0.003263,0.032344,6,1,0,0.000000,0,-6.207704,0.000000,0.009821,0,0.234814,0.000000,0.033977,-6.207704,0.234814,1,1,1,1.781316,0.000000,0.000000,0.000000,0.000000,0.000000,0.000000,0.000000
1.4701,-4.426174,0.217058,0.003207,0.000000,0.001157,0.043181,0,0.234814,225,0.288668,0.159970,-4.426174,0.000419,-6.223496,0.003207,-4.426178,-6.211511,0.003207,0.217058,0.000000,0.012866,-0.323240,-18.180498,0.011985,0.000000,0.000554,0.001846,0.000092,0.000554,0.288668,0.159970,-9.804447,0.012079,-0.012634,0.000000,1.859509,0.003272,27.000000,0.013045,-4.426178,0.000419,0.217058,0.000000,0.012000,0.000000,197,0,1,32,30,-0.001021,-0.002088,0.007122,-0.098142,-0.069359,9.424994,0.288711,0.003261,0.032246,6,1,0,0.000000,0,-6.207704,0.000000,0.001157,0,0.234814,0.000000,0.043181,-6.207704,0.234814,1,1,1,1.781371,0.000000,0.000000,0.000000,0.000000,0.000000,0.000000,0.000000
1.4801,-4.426273,0.217825,0.010647,0.000000,0.015936,0.026307,0,0.234814,235,0.288247,0.161710,-4.426273,0.001466,-6.224194,0.010647,-4.426273,-6.212204,0.010647,0.217825,0.000000,0.012995,-0.323240,-18.180498,0.011990,-0.001000,0.000154,0.001847,-0.000019,0.000154,0.288247,0.161710,-9.804431,0.014891,0.000022,-0.001000,1.859583,0.003243,27.000000,0.013045,-4.426273,0.001466,0.217825,0.000000,0.012000,-0.001000,1,0,1,32,30,-0.001038,0.014979,0.009453,-0.004184,0.568869,9.632447,0.288787,0.003243,0.032257,6,1,0,0.000000,0,-6.207704,0.000000,0.015936,0,0.234814,0.000000,0.026307,-6.207704,0.234814,1,1,1,1.781422,0.000000,0.000000,0.000000,0.000000,0.000000,0.000000,0.000000
1.4901,-4.426646,0.217825,0.017895,0.000000,0.006634,0.033977,0,0.234814,245,0.289501,0.161194,-4.426646,-0.005550,-6.224003,0.017895,-4.426657,-6.212007,0.017895,0.217825,0.000000,0.012869,-0.323240,-18.180498,0.011996,0.000000,0.000544,0.001841,-0.000215,0.000544,0.289501,0.161194,-9.804402,0.005399,0.022055,0.000000,1.859782,0.003196,27.000000,0.013045,-4.426657,-0.005550,0.217825,0.000000,0.012000,0.000000,6,0,1,32,30,-0.022371,0.004119,0.017843,-0.450542,-0.263969,9.681210,0.288986,0.003196,0.032370,7,1,0,0.000000,0,-6.207704,0.000000,0.006634,0,0.234814,0.000000,0.033977,-6.207704,0.234814,1,1,1,1.781478,0.000000,0.000000,0.000000,0.000000,0.000000,0.000000,0.000000
1.5001,-4.426467,0.217825,-0.016142,0.000000,0.009825,0.033977,0,0.234814,255,0.288067,0.163026,-4.426467,0.000419,-6.224082,-0.016142,-4.426465,-6.212109,-0.016142,0.217825,0.000000,0.013013,-0.323240,-18.180498,0.011973,0.000000,0.000100,0.001860,0.000033,0.000100,0.288067,0.163026,-9.804414,0.006201,-0.012221,0.000000,1.859682,0.003126,27.000000,0.013045,-4.426465,0.000419,0.217825,0.000000,0.012000,0.000000,11,0,1,32,30,0.011770,0.006808,-0.016232,0.226841,0.279660,9.830669,0.288886,0.003126,0.032268,7,1,0,0.000000,0,-6.207704,0.000000,0.009825,0,0.234814,0.000000,0.033977,-6.207704,0.234814,1,1,1,1.781529,0.000000,0.000000,0.000000,0.000000,0.000000,0.000000,0.000000
1.5101,-4.425794,0.217825,-0.007940,0.000000,0.008897,0.033977,0,0.234814,9,0.288437,0.162289,-4.425794,0.000419,-6.224095,-0.007940,-4.425794,-6.212116,-0.007940,0.217825,0.000000,0.012926,-0.323240,-18.180498,0.011978,0.000000,0.000369,0.001840,0.000009,0.000369,0.288437,0.162289,-9.804416,-0.005837,0.003565,0.000000,1.859675,0.003121,27.000000,0.013045,-4.425794,0.000419,0.217825,0.000000,0.012000,0.000000,16,0,1,32,30,-0.003156,-0.006170,-0.007861,-0.192473,-0.282248,9.623772,0.288879,0.003121,0.032288,7,1,0,0.000000,0,-6.207704,0.000000,0.008897,0,0.234814,0.000000,0.033977,-6.207704,0.234814,1,1,1,1.781586,0.000000,0.000000,0.000000,0.000000,0.000000,0.000000,0.000000
1.5201,-4.426082,0.217825,-0.003217,0.000000,0.008450,0.033977,0,0.234814,19,0.288772,0.163681,-4.426082,-0.000419,-6.224072,-0.003217,-4.426082,-6.212085,-0.003217,0.217825,0.000000,0.013045,-0.323240,-18.180498,0.011987,0.000000,0.000000,0.001973,0.000001,0.000000,0.288772,0.163681,-9.804383,0.013795,0.010794,0.000008,1.859706,0.003109,27.000000,0.013045,-4.426082,-0.000419,0.217825,0.000000,0.012000,0.000000,21,0,1,32,30,-0.011713,0.012981,-0.003378,-0.125681,-0.159202,9.730327,0.288910,0.003109,0.032352,7,1,0,0.000000,0,-6.207704,0.000000,0.008450,0,0.234814,0.000000,0.033977,-6.207704,0.234814,1,1,1,1.781639,0.000000,0.000000,0.000000,0.000000,0.000000,0.000000,0.000000
1.5301,-4.426084,0.217825,0.002833,0.000000,0.009373,0.033977,0,0.234814,29,0.289189,0.163030,-4.426084,-0.000419,-6.224122,0.002833,-4.426082,-6.212136,0.002833,0.217825,0.000000,0.012983,-0.323240,-18.180498,0.011986,0.000000,0.000192,0.001986,0.000014,0.000192,0.289189,0.163030,-9.804381,-0.002274,-0.003098,-0.000000,1.859655,0.003121,27.000000,0.013045,-4.426082,-0.000419,0.217825,0.000000,0.012000,0.000000,26,0,1,32,30,0.003247,-0.002019,0.002859,-0.145125,0.303550,10.203916,0.288859,0.003121,0.032380,6,1,0,0.000000,0,-6.207704,0.000000,0.009373,0,0.234814,0.000000,0.033977,-6.207704,0.234814,1,1,1,1.781694,0.000000,0.000000,0.000000,0.000000,0.000000,0.000000,0.000000
1.5401,-4.426089,0.217825,-0.009536,0.000000,0.009264,0.033977,0,0.234814,39,0.289671,0.161342,-4.426089,0.000419,-6.224147,-0.009536,-4.426082,-6.212170,-0.009536,0.217825,0.000000,0.012868,-0.323240,-18.180498,0.011977,0.000000,0.000549,0.001917,0.000016,0.000549,0.289671,0.161342,-9.804395,0.014554,-0.012789,0.000000,1.859621,0.003184,27.000000,0.013045,-4.426082,0.000419,0.217825,0.000000,0.012000,0.000000,31,0,1,32,30,0.011763,0.015271,-0.009733,-0.193676,0.156188,9.743022,0.288824,0.003184,0.032390,6,1,0,0.000000,0,-6.207704,0.000000,0.009264,0,0.234814,0.000000,0.033977,-6.207704,0.234814,1,1,1,1.781750,0.000000,0.000000,0.000000,0.000000,0.000000,0.000000,0.000000
1.5501,-4.425986,0.217825,-0.009757,0.000000,0.010269,0.033977,0,0.234814,49,0.289789,0.162971,-4.425986,0.000419,-6.224259,-0.009757,-4.425985,-6.212281,-0.009757,0.217825,0.000000,0.013020,-0.323240,-18.180498,0.011978,0.000000,0.000077,0.001983,0.000113,0.000077,0.289789,0.162971,-9.804364,0.007009,0.002696,0.000000,1.859509,0.003177,27.000000,0.013045,-4.425985,0.000419,0.217825,0.000000,0.012000,0.000000,36,0,1,32,30,-0.003170,0.006680,-0.009845,-0.098959,0.386198,9.707112,0.288712,0.003177,0.032438,6,1,0,0.000000,0,-6.207704,0.000000,0.010269,0,0.234814,0.000000,0.033977,-6.207704,0.234814,1,1,1,1.781802,0.000000,0.000000,0.000000,0.000000,0.000000,0.000000,0.000000
1.5601,-4.426089,0.217825,-0.020898,0.000000,0.010503,0.033977,0,0.234814,59,0.289404,0.161769,-4.426089,-0.000419,-6.224365,-0.020898,-4.426082,-6.212394,-0.020898,0.217825,0.000000,0.012924,-0.323240,-18.180498,0.011971,0.000000,0.000375,0.001835,0.000034,0.000375,0.289404,0.161769,-9.804396,-0.011478,0.010366,0.000000,1.859396,0.003192,27.000000,0.013045,-4.426082,-0.000419,0.217825,0.000000,0.012000,0.000000,41,0,1,32,30,-0.009557,-0.012429,-0.020739,-0.067795,-0.217957,9.844619,0.288600,0.003192,0.032373,6,1,0,0.000000,0,-6.207704,0.000000,0.010503,0,0.234814,0.000000,0.033977,-6.207704,0.234814,1,1,1,1.781858,0.000000,0.000000,0.000000,0.000000,0.000000,0.000000,0.000000
1.5701,-4.425984,0.217825,0.002312,0.000000,0.010059,0.033977,0,0.234814,67,0.289135,0.162606,-4.425984,0.002513,-6.224439,0.002312,-4.425985,-6.212450,0.002312,0.217825,0.000000,0.013043,-0.323240,-18.180498,0.011988,0.001000,0.001843,0.002093,0.000086,0.001843,0.289135,0.162606,-9.804390,0.016489,-0.010786,0.001000,1.859338,0.003221,27.000000,0.013045,-4.425985,0.002513,0.217825,0.000000,0.012000,0.001000,46,0,1,32,30,0.009630,0.017231,0.003088,-0.031453,0.317769,9.830884,0.288542,0.003221,0.032365,7,1,0,0.000000,0,-6.207704,0.000000,0.010059,0,0.234814,0.000000,0.033977,-6.207704,0.234814,1,1,1,1.781910,0.000000,0.000000,0.000000,0.000000,0.000000,0.000000,0.000000
1.5801,-4.426083,0.217058,-0.003463,0.000000,-0.000059,0.043181,0,0.234814,79,0.289897,0.161497,-4.426083,-0.001466,-6.223635,-0.003463,-4.426082,-6.211654,-0.003463,0.217058,0.000000,0.012945,-0.323240,-18.180498,0.011981,0.000000,0.000309,0.001839,-0.000001,0.000309,0.289897,0.161497,-9.804386,0.002438,0.000862,0.000000,1.859367,0.003226,27.000000,0.013045,-4.426082,-0.001466,0.217058,0.000000,0.012000,0.000000,51,0,1,32,30,-0.001029,0.002327,-0.003494,-0.356229,0.052569,9.607888,0.288571,0.003226,0.032409,7,1,0,0.000000,0,-6.207704,0.000000,-0.000059,0,0.234814,0.000000,0.043181,-6.207704,0.234814,1,1,1,1.781966,0.000000,0.000000,0.000000,0.000000,0.000000,0.000000,0.000000
1.5901,-4.426085,0.217825,-0.005493,0.000000,0.017966,0.026307,0,0.234814,89,0.289939,0.160814,-4.426085,0.000419,-6.224473,-0.005493,-4.426082,-6.212493,-0.005493,0.217825,0.000000,0.012866,-0.323240,-18.180498,0.011979,0.000000,0.000555,0.001855,0.000009,0.000555,0.289939,0.160814,-9.804396,0.006896,0.002703,0.000000,1.859295,0.003241,27.000000,0.013045,-4.426082,0.000419,0.217825,0.000000,0.012000,0.000000,56,0,1,32,30,-0.003169,0.006623,-0.005579,0.159684,0.261796,9.725171,0.288499,0.003241,0.032405,7,1,0,0.000000,0,-6.207704,0.000000,0.017966,0,0.234814,0.000000,0.026307,-6.207704,0.234814,1,1,1,1.782021,0.000000,0.000000,0.000000,0.000000,0.000000,0.000000,0.000000
1.6001,-4.426465,0.217825,0.005177,0.000000,0.008738,0.033977,0,0.234814,99,0.290132,0.161898,-4.426465,-0.002513,-6.224411,0.005177,-4.426465,-6.212423,0.005177,0.217825,0.000000,0.013019,-0.323240,-18.180498,0.011988,0.000000,0.000080,0.002010,0.000002,0.000080,0.290132,0.161898,-9.804372,0.006059,-0.005799,0.000000,1.859363,0.003290,27.000000,0.013045,-4.426465,-0.002513,0.217825,0.000000,0.012000,0.000000,61,0,1,32,30,0.005373,0.006506,0.005093,-0.489207,0.302776,10.251535,0.288567,0.003290,0.032449,7,1,0,0.000000,0,-6.207704,0.000000,0.008738,0,0.234814,0.000000,0.033977,-6.207704,0.234814,1,1,1,1.782073,0.000000,0.000000,0.000000,0.000000,0.000000,0.000000,0.000000
1.6101,-4.425797,0.217825,-0.014274,0.000000,0.010017,0.033977,0,0.234814,109,0.289087,0.161716,-4.425797,0.009634,-6.224447,-0.014274,-4.425794,-6.212471,-0.014274,0.217825,0.000000,0.012970,-0.323240,-18.180498,0.011975,0.000000,0.000231,0.001990,0.000213,0.000231,0.289087,0.161716,-9.804406,-0.004380,-0.009369,0.000000,1.859317,0.003236,27.000000,0.013045,-4.425794,0.009634,0.217825,0.000000,0.012000,0.000000,66,0,1,32,30,0.009648,-0.003911,-0.014225,0.017425,-0.120053,9.663819,0.288520,0.003236,0.032341,6,1,0,0.000000,0,-6.207704,0.000000,0.010017,0,0.234814,0.000000,0.033977,-6.207704,0.234814,1,1,1,1.782128,0.000000,0.000000,0.000000,0.000000,0.000000,0.000000,0.000000
1.6201,-4.426082,0.217058,-0.001063,0.000000,0.001102,0.043181,0,0.234814,119,0.289378,0.161850,-4.426082,-0.003560,-6.223752,-0.001063,-4.426082,-6.211769,-0.001063,0.217058,0.000000,0.013043,-0.323240,-18.180498,0.011983,0.000000,0.000006,0.001840,-0.000284,0.000006,0.289378,0.161850,-9.804395,0.012756,-0.004122,0.000000,1.859251,0.003278,27.000000,0.013045,-4.426082,-0.003560,0.217058,0.000000,0.012000,0.000000,71,0,1,32,30,0.003230,0.012996,-0.001233,-0.022950,0.435463,9.592813,0.288454,0.003278,0.032365,7,1,0,0.000000,0,-6.207704,0.000000,0.001102,0,0.234814,0.000000,0.043181,-6.207704,0.234814,1,1,1,1.782181,0.000000,0.000000,0.000000,0.000000,0.000000,0.000000,0.000000
1.6301,-4.425982,0.217825,0.002762,0.000000,0.017427,0.026307,0,0.234814,129,0.289758,0.160999,-4.425982,0.001466,-6.224529,0.002762,-4.425985,-6.212544,0.002762,0.217825,0.000000,0.012946,-0.323240,-18.180498,0.011985,0.000000,0.000305,0.001857,0.000084,0.000305,0.289758,0.160999,-9.804398,-0.003004,0.018346,0.000000,1.859243,0.003299,27.000000,0.013045,-4.425985,0.001466,0.217825,0.000000,0.012000,0.000000,76,0,1,32,30,-0.018097,-0.004218,0.002817,0.056908,-0.266760,9.930343,0.288447,0.003299,0.032392,6,1,0,0.000000,0,-6.207704,0.000000,0.017427,0,0.234814,0.000000,0.026307,-6.207704,0.234814,1,1,1,1.782237,0.000000,0.000000,0.000000,0.000000,0.000000,0.000000,0.000000
1.6401,-4.426465,0.217825,0.004455,0.000000,0.007040,0.033977,0,0.234814,139,0.290760,0.162624,-4.426465,-0.003560,-6.224310,0.004455,-4.426465,-6.212324,0.004455,0.217825,0.000000,0.013019,-0.323240,-18.180498,0.011986,-0.001000,0.000081,0.001856,-0.000121,0.000081,0.290760,0.162624,-9.804341,0.024003,0.005833,-0.001000,1.859465,0.003231,27.000000,0.013045,-4.426465,-0.003560,0.217825,0.000000,0.012000,-0.001000,81,0,1,32,30,-0.007453,0.023593,0.003148,-0.614907,0.111216,9.493464,0.288668,0.003231,0.032527,7,1,0,0.000000,0,-6.207704,0.000000,0.007040,0,0.234814,0.000000,0.033977,-6.207704,0.234814,1,1,1,1.782289,0.000000,0.000000,0.000000,0.000000,0.000000,0.000000,0.000000
1.6501,-4.425797,0.217825,-0.015726,0.000000,0.011179,0.033977,0,0.234814,149,0.289925,0.162980,-4.425797,0.005550,-6.224459,-0.015726,-4.425794,-6.212485,-0.015726,0.217825,0.000000,0.012970,-0.323240,-18.180498,0.011974,-0.001000,0.000231,0.001948,0.000137,0.000231,0.289925,0.162980,-9.804360,-0.016833,-0.004245,-0.001000,1.859306,0.003129,27.000000,0.013045,-4.425794,0.005550,0.217825,0.000000,0.012000,-0.001000,86,0,1,32,30,0.005391,-0.016717,-0.016510,-0.002472,0.081092,9.637117,0.288510,0.003129,0.032452,6,1,0,0.000000,0,-6.207704,0.000000,0.011179,0,0.234814,0.000000,0.033977,-6.207704,0.234814,1,1,1,1.782343,0.000000,0.000000,0.000000,0.000000,0.000000,0.000000,0.000000
1.6601,-4.426082,0.217825,-0.023175,0.000000,0.011676,0.033977,0,0.234814,159,0.289064,0.162731,-4.426082,-0.000419,-6.224648,-0.023175,-4.426082,-6.212662,-0.023175,0.217825,0.000000,0.013045,-0.323240,-18.180498,0.011987,0.000000,0.000000,0.002001,-0.000065,0.000000,0.289064,0.162731,-9.804390,-0.018094,0.006535,-0.000012,1.859127,0.003210,27.000000,0.013045,-4.426082,-0.000419,0.217825,0.000000,0.012000,0.000000,91,0,1,32,30,-0.005282,-0.018799,-0.022943,0.075336,-0.291901,9.642990,0.288331,0.003210,0.032361,7,1,0,0.000000,0,-6.207704,0.000000,0.011676,0,0.234814,0.000000,0.033977,-6.207704,0.234814,1,1,1,1.782396,0.000000,0.000000,0.000000,0.000000,0.000000,0.000000,0.000000
1.6701,-4.425891,0.217058,-0.001072,0.000000,0.001444,0.043181,0,0.234814,169,0.289737,0.161614,-4.425891,0.002513,-6.223939,-0.001072,-4.425890,-6.211956,-0.001072,0.217058,0.000000,0.012969,-0.323240,-18.180498,0.011983,0.000000,0.000236,0.001841,0.000197,0.000236,0.289737,0.161614,-9.804388,0.013323,0.004395,0.000000,1.859065,0.003235,27.000000,0.013045,-4.425890,0.002513,0.217058,0.000000,0.012000,0.000000,96,0,1,32,30,-0.005309,0.012971,-0.001240,-0.269934,0.465801,10.224605,0.288269,0.003235,0.032396,7,1,0,0.000000,0,-6.207704,0.000000,0.001444,0,0.234814,0.000000,0.043181,-6.207704,0.234814,1,1,1,1.782449,0.000000,0.000000,0.000000,0.000000,0.000000,0.000000,0.000000
1.6801,-4.425983,0.217825,0.003054,0.000000,0.017252,0.026307,0,0.234814,178,0.290170,0.161644,-4.425983,0.000419,-6.224670,0.003054,-4.425985,-6.212685,0.003054,0.217825,0.000000,0.012935,-0.323240,-18.180498,0.011985,0.000000,0.000341,0.001994,0.000085,0.000341,0.290170,0.161644,-9.804375,0.005411,-0.016455,0.000000,1.859104,0.003232,27.000000,0.013045,-4.425985,0.000419,0.217825,0.000000,0.012000,0.000000,101,0,1,32,30,0.016045,0.006565,0.002969,-0.069449,0.147165,9.704730,0.288307,0.003232,0.032447,6,1,0,0.000000,0,-6.207704,0.000000,0.017252,0,0.234814,0.000000,0.026307,-6.207704,0.234814,1,1,1,1.782504,0.000000,0.000000,0.000000,0.000000,0.000000,0.000000,0.000000
1.6901,-4.426466,0.217825,-0.007444,0.000000,0.008261,0.033977,0,0.234814,189,0.278105,0.220450,-4.426466,-0.004503,-6.224532,-0.007444,-4.426465,-6.212543,-0.007444,0.217825,0.000000,0.019138,0.541578,51.677781,0.011988,0.000000,0.000062,0.001932,-0.000194,0.000062,0.278105,0.220450,-9.803579,0.010704,-0.006107,0.000000,1.859217,0.003313,27.000000,0.019105,-4.426465,-0.004503,0.217825,0.000000,0.012000,0.000000,106,0,1,32,30,0.005365,0.010950,-0.007655,-0.701865,0.538865,9.708255,0.288421,0.003313,0.032541,7,1,0,0.000000,0,-6.207704,0.000000,0.008261,0,0.234814,0.000000,0.033977,-6.207704,0.234814,1,1,1,1.782555,0.000000,0.000000,0.000000,0.000000,0.000000,0.000000,0.000000
1.7001,-4.425605,0.217825,-0.000869,0.000000,0.011245,0.033977,0,0.234814,199,0.289765,0.160795,-4.425605,0.007645,-6.224656,-0.000869,-4.425602,-6.212674,-0.000869,0.217825,0.000000,0.012947,-0.323329,-18.894361,0.011982,-0.001000,0.000302,0.001822,0.000494,0.000302,0.289765,0.160795,-9.804401,-0.017946,0.017226,-0.001000,1.859112,0.003320,27.000000,0.013045,-4.425602,0.007645,0.217825,0.000000,0.012000,-0.001000,111,0,1,32,30,-0.015948,-0.019113,-0.001622,-0.048757,-0.057514,10.018510,0.288316,0.003320,0.032388,6,1,0,0.000000,0,-6.207704,0.000000,0.011245,0,0.234814,0.000000,0.033977,-6.207704,0.234814,1,1,1,1.782609,0.000000,0.000000,0.000000,0.000000,0.000000,0.000000,0.000000
1.7101,-4.426082,0.217825,-0.005697,0.000000,0.009674,0.033977,0,0.234814,209,0.289423,0.161171,-4.426082,-0.001466,-6.224632,-0.005697,-4.426082,-6.212652,-0.005697,0.217825,0.000000,0.013023,-0.323329,-18.894361,0.011980,0.000000,0.000067,0.001840,-0.000198,0.000067,0.289423,0.161171,-9.804405,-0.002050,-0.003111,0.000000,1.859133,0.003351,27.000000,0.013045,-4.426082,-0.001466,0.217825,0.000000,0.012000,0.000000,116,0,1,32,30,0.003244,-0.001906,-0.005673,-0.059854,0.099949,9.656410,0.288336,0.003351,0.032362,7,1,0,0.000000,0,-6.207704,0.000000,0.009674,0,0.234814,0.000000,0.033977,-6.207704,0.234814,1,1,1,1.782661,0.000000,0.000000,0.000000,0.000000,0.000000,0.000000,0.000000
1.7201,-4.425988,0.217058,-0.005601,0.000000,0.001402,0.043181,0,0.234814,219,0.289801,0.160150,-4.425988,0.001466,-6.223924,-0.005601,-4.425985,-6.211944,-0.005601,0.217058,0.000000,0.012949,-0.323329,-18.894361,0.011980,0.000000,0.000298,0.001856,-0.000067,0.000298,0.289801,0.160150,-9.804411,0.002919,0.007249,0.000000,1.859073,0.003362,27.000000,0.013045,-4.425985,0.001466,0.217058,0.000000,0.012000,0.000000,121,0,1,32,30,-0.007433,0.002337,-0.005632,-0.175235,0.187477,9.532799,0.288277,0.003362,0.032370,7,1,0,0.000000,0,-6.207704,0.000000,0.001402,0,0.234814,0.000000,0.043181,-6.207704,0.234814,1,1,1,1.782715,0.000000,0.000000,0.000000,0.000000,0.000000,0.000000,0.000000
1.7301,-4.426082,0.217825,0.015821,0.000000,0.016609,0.026307,0,0.234814,229,0.289924,0.161620,-4.426082,-0.002513,-6.224608,0.015821,-4.426082,-6.212622,0.015821,0.217825,0.000000,0.013045,-0.323329,-18.894361,0.011986,0.000000,0.000000,0.001945,-0.000026,0.000000,0.289924,0.161620,-9.804383,0.006896,0.011255,0.000004,1.859163,0.003339,27.000000,0.013045,-4.426082,-0.002513,0.217825,0.000000,0.012000,0.000000,126,0,1,32,30,-0.011701,0.006315,0.015744,0.113397,-0.178080,9.720721,0.288367,0.003339,0.032422,6,1,0,0.000000,0,-6.207704,0.000000,0.016609,0,0.234814,0.000000,0.026307,-6.207704,0.234814,1,1,1,1.782766,0.000000,0.000000,0.000000,0.000000,0.000000,0.000000,0.000000
1.7401,-4.426370,0.217825,-0.003197,0.000000,0.007867,0.033977,0,0.234814,239,0.291846,0.160952,-4.426370,-0.003560,-6.224439,-0.003197,-4.426369,-6.212458,-0.003197,0.217825,0.000000,0.012924,-0.323329,-18.894361,0.011981,0.000000,0.000374,0.001850,-0.000010,0.000374,0.291846,0.160952,-9.804337,0.012816,-0.004112,0.000000,1.859329,0.003327,27.000000,0.013045,-4.426369,-0.003560,0.217825,0.000000,0.012000,0.000000,131,0,1,32,30,0.003229,0.013024,-0.003366,-0.843765,0.400208,10.089586,0.288532,0.003327,0.032598,6,1,0,0.000000,0,-6.207704,0.000000,0.007867,0,0.234814,0.000000,0.033977,-6.207704,0.234814,1,1,1,1.782819,0.000000,0.000000,0.000000,0.000000,0.000000,0.000000,0.000000
1.7501,-4.425800,0.217825,-0.010276,0.000000,0.011461,0.033977,0,0.234814,249,0.290510,0.160940,-4.425800,0.006597,-6.224597,-0.010276,-4.425794,-6.212621,-0.010276,0.217825,0.000000,0.012887,-0.323329,-18.894361,0.011976,0.000000,0.000489,0.001850,0.000324,0.000489,0.290510,0.160940,-9.804377,-0.014729,-0.002250,0.000000,1.859167,0.003262,27.000000,0.013045,-4.425794,0.006597,0.217825,0.000000,0.012000,0.000000,136,0,1,32,30,0.003256,-0.014671,-0.010088,0.017120,-0.137527,9.529658,0.288371,0.003262,0.032465,7,1,0,0.000000,0,-6.207704,0.000000,0.011461,0,0.234814,0.000000,0.033977,-6.207704,0.234814,1,1,1,1.782872,0.000000,0.000000,0.000000,0.000000,0.000000,0.000000,0.000000
1.7601,-4.426065,0.217058,-0.014069,0.000000,0.002232,0.043181,0,0.234814,3,0.289621,0.161146,-4.426065,-0.004503,-6.223961,-0.014069,-4.426082,-6.211987,-0.014069,0.217058,0.000000,0.012986,-0.323329,-18.894361,0.011974,0.000000,0.000183,0.001823,-0.000357,0.000183,0.289621,0.161146,-9.804400,0.004566,-0.003559,-0.000000,1.859032,0.003296,27.000000,0.013045,-4.426082,-0.004503,0.217058,0.000000,0.012000,0.000000,141,0,1,32,30,0.003235,0.004618,-0.014130,0.092575,0.215482,9.600247,0.288236,0.003296,0.032374,7,1,0,0.000000,0,-6.207704,0.000000,0.002232,0,0.234814,0.000000,0.043181,-6.207704,0.234814,1,1,1,1.782922,0.000000,0.000000,0.000000,0.000000,0.000000,0.000000,0.000000
1.7701,-4.425977,0.217825,0.026479,0.000000,0.016744,0.026307,0,0.234814,13,0.289991,0.160814,-4.425977,0.002513,-6.224668,0.026479,-4.425985,-6.212669,0.026479,0.217825,0.000000,0.012939,-0.323329,-18.894361,0.011999,0.000000,0.000327,0.001999,-0.000032,0.000327,0.289991,0.160814,-9.804394,0.007180,0.019790,0.000000,1.859117,0.003315,27.000000,0.013045,-4.425985,0.002513,0.217825,0.000000,0.012000,0.000000,146,0,1,32,30,-0.020236,0.006149,0.026402,0.105059,-0.418901,9.861853,0.288321,0.003315,0.032411,6,1,0,0.000000,0,-6.207704,0.000000,0.016744,0,0.234814,0.000000,0.026307,-6.207704,0.234814,1,1,1,1.782974,0.000000,0.000000,0.000000,0.000000,0.000000,0.000000,0.000000
1.7801,-4.426369,0.217825,0.001018,0.000000,0.008449,0.033977,0,0.234814,23,0.291427,0.161952,-4.426369,-0.003560,-6.224530,0.001018,-4.426369,-6.212545,0.001018,0.217825,0.000000,0.013021,-0.323329,-18.894361,0.011984,0.000000,0.000073,0.001832,-0.000109,0.000073,0.291427,0.161952,-9.804333,0.010433,-0.006092,0.000000,1.859241,0.003316,27.000000,0.013045,-4.426369,-0.003560,0.217825,0.000000,0.012000,0.000000,151,0,1,32,30,0.005367,0.010837,0.000877,-0.519146,0.054131,9.473812,0.288445,0.003316,0.032579,6,1,0,0.000000,0,-6.207704,0.000000,0.008449,0,0.234814,0.000000,0.033977,-6.207704,0.234814,1,1,1,1.783024,0.000000,0.000000,0.000000,0.000000,0.000000,0.000000,0.000000
1.7901,-4.425796,0.217825,-0.006112,0.000000,0.011147,0.033977,0,0.234814,33,0.290951,0.161304,-4.425796,0.006597,-6.224647,-0.006112,-4.425794,-6.212667,-0.006112,0.217825,0.000000,0.012966,-0.323329,-18.894361,0.011980,0.000000,0.000245,0.001835,0.000208,0.000245,0.290951,0.161304,-9.804358,-0.019525,-0.008344,0.000000,1.859119,0.003314,27.000000,0.013045,-4.425794,0.006597,0.217825,0.000000,0.012000,0.000000,156,0,1,32,30,0.009666,-0.018983,-0.005866,-0.203317,0.081219,9.617846,0.288323,0.003314,0.032517,7,1,0,0.000000,0,-6.207704,0.000000,0.011147,0,0.234814,0.000000,0.033977,-6.207704,0.234814,1,1,1,1.783076,0.000000,0.000000,0.000000,0.000000,0.000000,0.000000,0.000000
1.8001,-4.426091,0.217825,-0.009706,0.000000,0.011302,0.033977,0,0.234814,43,0.290645,0.159387,-4.426091,-0.003560,-6.224759,-0.009706,-4.426082,-6.212782,-0.009706,0.217825,0.000000,0.012864,-0.323329,-18.894361,0.011977,0.000000,0.000560,0.001849,-0.000285,0.000560,0.290645,0.159387,-9.804398,0.009139,0.002553,0.000000,1.859002,0.003396,27.000000,0.013045,-4.426082,-0.003560,0.217825,0.000000,0.012000,0.000000,161,0,1,32,30,-0.001015,-0.014598,-0.016491,-0.125012,-0.246909,9.863431,0.288211,0.003399,0.032440,7,1,0,0.000000,0,-6.207704,0.000000,0.011302,0,0.234814,0.000000,0.033977,-6.207704,0.234814,1,1,1,1.783130,0.000000,0.000000,0.000000,0.000000,0.000000,0.000000,0.000000
1.8101,-4.425985,0.217825,0.002066,0.000000,0.010470,0.033977,0,0.234814,53,0.290540,0.160451,-4.425985,0.002513,-6.224792,0.002066,-4.425985,-6.212808,0.002066,0.217825,0.000000,0.012971,-0.323329,-18.894361,0.011984,-0.001000,0.000228,0.001849,0.000001,0.000228,0.290540,0.160451,-9.804384,0.012843,-0.001980,-0.001000,1.858975,0.003395,27.000000,0.013045,-4.425985,0.002513,0.217825,0.000000,0.012000,-0.001000,166,0,1,32,30,0.001096,0.012961,0.000898,-0.126444,0.484412,10.272738,0.288179,0.003395,0.032457,6,1,0,0.000000,0,-6.207704,0.000000,0.010470,0,0.234814,0.000000,0.033977,-6.207704,0.234814,1,1,1,1.783181,0.000000,0.000000,0.000000,0.000000,0.000000,0.000000,0.000000
1.8201,-4.426077,0.217058,0.011520,0.000000,0.001463,0.043181,0,0.234814,63,0.290810,0.160489,-4.426077,0.000419,-6.224070,0.011520,-4.426082,-6.212080,0.011520,0.217058,0.000000,0.012942,-0.323329,-18.894361,0.011990,0.000000,0.000319,0.002012,0.000002,0.000319,0.290810,0.160489,-9.804375,0.003895,-0.003521,0.000000,1.858939,0.003343,27.000000,0.013045,-4.426082,0.000419,0.217058,0.000000,0.012000,0.000000,171,0,1,32,30,0.003243,0.004278,0.011466,-0.078250,-0.110424,9.654284,0.288142,0.003343,0.032478,6,1,0,0.000000,0,-6.207704,0.000000,0.001463,0,0.234814,0.000000,0.043181,-6.207704,0.234814,1,1,1,1.783234,0.000000,0.000000,0.000000,0.000000,0.000000,0.000000,0.000000
1.8301,-4.426081,0.217825,0.007462,0.000000,0.017201,0.026307,0,0.234814,73,0.291116,0.161236,-4.426081,0.000419,-6.224772,0.007462,-4.426082,-6.212784,0.007462,0.217825,0.000000,0.013015,-0.323329,-18.894361,0.011988,0.000000,0.000093,0.001821,-0.000124,0.000093,0.291116,0.161236,-9.804354,0.012815,0.000160,0.000000,1.859001,0.003373,27.000000,0.013045,-4.426082,0.000419,0.217825,0.000000,0.012000,0.000000,176,0,1,32,30,-0.001037,0.012870,0.007295,0.035431,0.233279,9.705664,0.288204,0.003373,0.032532,6,1,0,0.000000,0,-6.207704,0.000000,0.017201,0,0.234814,0.000000,0.026307,-6.207704,0.234814,1,1,1,1.783283,0.000000,0.000000,0.000000,0.000000,0.000000,0.000000,0.000000
1.8401,-4.426465,0.217825,0.009165,0.000000,0.008447,0.033977,0,0.234814,83,0.292310,0.160735,-4.426465,-0.002513,-6.224631,0.009165,-4.426465,-6.212641,0.009165,0.217825,0.000000,0.012973,-0.323329,-18.894361,0.011990,0.000000,0.000224,0.001873,-0.000198,0.000224,0.292310,0.160735,-9.804327,-0.003598,0.011964,0.000000,1.859143,0.003407,27.000000,0.013045,-4.426465,-0.002513,0.217825,0.000000,0.012000,0.000000,181,0,1,32,30,-0.011691,-0.004284,0.009221,-0.641420,-0.086755,10.036971,0.288346,0.003407,0.032640,7,1,0,0.000000,0,-6.207704,0.000000,0.008447,0,0.234814,0.000000,0.033977,-6.207704,0.234814,1,1,1,1.783335,0.000000,0.000000,0.000000,0.000000,0.000000,0.000000,0.000000
1.8501,-4.425794,0.217825,-0.020832,0.000000,0.012006,0.033977,0,0.234814,93,0.291005,0.161942,-4.425794,0.005550,-6.224790,-0.020832,-4.425794,-6.212819,-0.020832,0.217825,0.000000,0.013044,-0.323329,-18.894361,0.011972,0.000000,0.000002,0.001847,0.000134,0.000002,0.291005,0.161942,-9.804345,-0.010465,-0.006815,0.000000,1.858967,0.003330,27.000000,0.013045,-4.425794,0.005550,0.217825,0.000000,0.012000,0.000000,186,0,1,32,30,0.007518,-0.010243,-0.020700,0.035694,0.043807,9.560204,0.288170,0.003330,0.032537,6,1,0,0.000000,0,-6.207704,0.000000,0.012006,0,0.234814,0.000000,0.033977,-6.207704,0.234814,1,1,1,1.783384,0.000000,0.000000,0.000000,0.000000,0.000000,0.000000,0.000000
1.8601,-4.426084,0.217825,-0.005804,0.000000,0.011662,0.033977,0,0.234814,103,0.290860,0.160585,-4.426084,-0.000419,-6.224918,-0.005804,-4.426082,-6.212938,-0.005804,0.217825,0.000000,0.012997,-0.323329,-18.894361,0.011980,0.000000,0.000149,0.001999,-0.000068,0.000149,0.290860,0.160585,-9.804372,-0.006173,-0.000693,0.000000,1.858845,0.003414,27.000000,0.013045,-4.426082,-0.000419,0.217825,0.000000,0.012000,0.000000,191,0,1,32,30,0.001114,-0.006186,-0.005724,-0.079890,0.311127,9.591526,0.288049,0.003414,0.032492,7,1,0,0.000000,0,-6.207704,0.000000,0.011662,0,0.234814,0.000000,0.033977,-6.207704,0.234814,1,1,1,1.783437,0.000000,0.000000,0.000000,0.000000,0.000000,0.000000,0.000000
1.8701,-4.425785,0.217825,0.009524,0.000000,0.010053,0.033977,0,0.234814,113,0.291496,0.159472,-4.425785,0.003560,-6.224892,0.009524,-4.425794,-6.212904,0.009524,0.217825,0.000000,0.012896,-0.323329,-18.894361,0.011989,0.000000,0.000461,0.001848,0.000280,0.000461,0.291496,0.159472,-9.804371,0.011894,0.019474,0.000000,1.858879,0.003439,27.000000,0.013045,-4.425794,0.003560,0.217825,0.000000,0.012000,0.000000,196,0,1,32,30,-0.020245,0.010650,0.009388,-0.134970,-0.132171,9.864577,0.288083,0.003439,0.032531,6,1,0,0.000000,0,-6.207704,0.000000,0.010053,0,0.234814,0.000000,0.033977,-6.207704,0.234814,1,1,1,1.783489,0.000000,0.000000,0.000000,0.000000,0.000000,0.000000,0.000000
1.8801,-4.425891,0.217825,-0.011568,0.000000,0.010563,0.033977,0,0.234814,123,0.291788,0.160880,-4.425891,0.000419,-6.224894,-0.011568,-4.425890,-6.212917,-0.011568,0.217825,0.000000,0.012995,-0.323329,-18.894361,0.011977,0.000000,0.000155,0.001848,0.000006,0.000155,0.291788,0.160880,-9.804340,0.019433,-0.004564,0.000000,1.858866,0.003404,27.000000,0.013045,-4.425890,0.000419,0.217825,0.000000,0.012000,0.000000,0,0,1,32,30,0.003220,0.019548,-0.011823,-0.126967,0.514984,10.119917,0.288070,0.003404,0.032591,6,1,0,0.000000,0,-6.207704,0.000000,0.010563,0,0.234814,0.000000,0.033977,-6.207704,0.234814,1,1,1,1.783540,0.000000,0.000000,0.000000,0.000000,0.000000,0.000000,0.000000
1.8901,-4.425985,0.217825,-0.002778,0.000000,0.010816,0.033977,0,0.234814,133,0.291937,0.160409,-4.425985,0.000419,-6.224931,-0.002778,-4.425985,-6.212950,-0.002778,0.217825,0.000000,0.012919,-0.323329,-18.894361,0.011981,-0.001000,0.000390,0.001849,0.000010,0.000390,0.291937,0.160409,-9.804343,-0.010352,0.001729,-0.001000,1.858835,0.003378,27.000000,0.013045,-4.425985,0.000419,0.217825,0.000000,0.012000,-0.001000,5,0,1,32,30,-0.001015,-0.010494,-0.003643,-0.221668,-0.232922,9.499832,0.288039,0.003378,0.032596,6,1,0,0.000000,0,-6.207704,0.000000,0.010816,0,0.234814,0.000000,0.033977,-6.207704,0.234814,1,1,1,1.783592,0.000000,0.000000,0.000000,0.000000,0.000000,0.000000,0.000000
1.9001,-4.425986,0.217825,-0.013980,0.000000,0.011194,0.033977,0,0.234814,142,0.291691,0.161215,-4.425986,0.000419,-6.224984,-0.013980,-4.425985,-6.213009,-0.013980,0.217825,0.000000,0.013016,-0.323329,-18.894361,0.011975,0.000000,0.000089,0.001835,0.000010,0.000089,0.291691,0.161215,-9.804337,0.010094,0.015326,0.000000,1.858776,0.003389,27.000000,0.013045,-4.425985,0.000419,0.217825,0.000000,0.012000,0.000000,10,0,1,32,30,-0.015981,0.008837,-0.014097,-0.117350,0.091063,9.598860,0.287979,0.003389,0.032589,6,1,0,0.000000,0,-6.207704,0.000000,0.011194,0,0.234814,0.000000,0.033977,-6.207704,0.234814,1,1,1,1.783642,0.000000,0.000000,0.000000,0.000000,0.000000,0.000000,0.000000
1.9101,-4.425893,0.217825,-0.010232,0.000000,0.011616,0.033977,0,0.234814,153,0.291639,0.160876,-4.425893,0.001466,-6.225070,-0.010232,-4.425890,-6.213093,-0.010232,0.217825,0.000000,0.012972,-0.323329,-18.894361,0.011978,0.000000,0.000227,0.001846,0.000115,0.000227,0.291639,0.160876,-9.804344,-0.012035,0.006125,0.000000,1.858692,0.003377,27.000000,0.013045,-4.425890,0.001466,0.217825,0.000000,0.012000,0.000000,15,0,1,32,30,-0.005284,-0.012558,-0.010070,-0.087115,-0.009961,10.038104,0.287896,0.003377,0.032576,6,1,0,0.000000,0,-6.207704,0.000000,0.011616,0,0.234814,0.000000,0.033977,-6.207704,0.234814,1,1,1,1.783694,0.000000,0.000000,0.000000,0.000000,0.000000,0.000000,0.000000
1.9201,-4.425989,0.217825,-0.001112,0.000000,0.012185,0.033977,0,0.234814,163,0.291949,0.160007,-4.425989,-0.000419,-6.225192,-0.001112,-4.425985,-6.213210,-0.001112,0.217825,0.000000,0.012876,-0.323329,-18.894361,0.011982,0.000000,0.000524,0.001860,0.000019,0.000524,0.291949,0.160007,-9.804349,0.010207,-0.010360,-0.000000,1.858575,0.003375,27.000000,0.013045,-4.425985,-0.000419,0.217825,0.000000,0.012000,0.000000,20,0,1,32,30,0.009636,0.010877,-0.001253,-0.079234,0.279966,9.792192,0.287779,0.003375,0.032588,6,1,0,0.000000,0,-6.207704,0.000000,0.012185,0,0.234814,0.000000,0.033977,-6.207704,0.234814,1,1,1,1.783747,0.000000,0.000000,0.000000,0.000000,0.000000,0.000000,0.000000
1.9301,-4.425889,0.217058,0.002147,0.000000,0.000925,0.043181,0,0.234814,173,0.292201,0.160915,-4.425889,0.001466,-6.224355,0.002147,-4.425890,-6.212369,0.002147,0.217058,0.000000,0.013014,-0.323329,-18.894361,0.011986,0.001000,0.000095,0.001842,0.000091,0.000095,0.292201,0.160915,-9.804327,0.010654,-0.001842,0.001000,1.858647,0.003404,27.000000,0.013045,-4.425890,0.001466,0.217058,0.000000,0.012000,0.001000,25,0,1,32,30,0.001099,0.010796,0.003006,-0.309459,0.405562,9.678459,0.287851,0.003404,0.032626,7,1,0,0.000000,0,-6.207704,0.000000,0.000925,0,0.234814,0.000000,0.043181,-6.207704,0.234814,1,1,1,1.783796,0.000000,0.000000,0.000000,0.000000,0.000000,0.000000,0.000000
1.9401,-4.425888,0.217825,0.002981,0.000000,0.018399,0.026307,0,0.234814,182,0.292348,0.159929,-4.425888,-0.000419,-6.225110,0.002981,-4.425890,-6.213125,0.002981,0.217825,0.000000,0.012911,-0.323329,-18.894361,0.011985,0.000000,0.000414,0.001998,-0.000007,0.000414,0.292348,0.159929,-9.804339,0.004822,0.007119,0.000000,1.858658,0.003427,27.000000,0.013045,-4.425890,-0.000419,0.217825,0.000000,0.012000,0.000000,30,0,1,32,30,-0.007433,0.004361,0.002925,-0.020993,-0.062819,9.673940,0.287862,0.003427,0.032626,6,1,0,0.000000,0,-6.207704,0.000000,0.018399,0,0.234814,0.000000,0.026307,-6.207704,0.234814,1,1,1,1.783849,0.000000,0.000000,0.000000,0.000000,0.000000,0.000000,0.000000
1.9501,-4.426370,0.217825,0.001123,0.000000,0.009819,0.033977,0,0.234814,191,0.292945,0.160414,-4.426370,-0.003560,-6.225024,0.001123,-4.426369,-6.213040,0.001123,0.217825,0.000000,0.012997,-0.323329,-18.894361,0.011984,0.000000,0.000149,0.001845,-0.000099,0.000149,0.292945,0.160414,-9.804313,0.014697,-0.006379,0.000000,1.858742,0.003477,27.000000,0.013045,-4.426369,-0.003560,0.217825,0.000000,0.012000,0.000000,35,0,1,32,30,0.005363,0.015110,0.000927,-0.624346,0.430779,9.946479,0.287946,0.003477,0.032696,6,1,0,0.000000,0,-6.207704,0.000000,0.009819,0,0.234814,0.000000,0.033977,-6.207704,0.234814,1,1,1,1.783898,0.000000,0.000000,0.000000,0.000000,0.000000,0.000000,0.000000
1.9601,-4.425699,0.217825,-0.005173,0.000000,0.011891,0.033977,0,0.234814,201,0.291617,0.159901,-4.425699,0.006597,-6.225121,-0.005173,-4.425698,-6.213142,-0.005173,0.217825,0.000000,0.012945,-0.323329,-18.894361,0.011980,-0.001000,0.000309,0.001839,0.000298,0.000309,0.291617,0.159901,-9.804361,-0.020953,0.002452,-0.001000,1.858641,0.003448,27.000000,0.013045,-4.425698,0.006597,0.217825,0.000000,0.012000,-0.001000,40,0,1,32,30,-0.001005,-0.021151,-0.005900,0.026530,-0.033283,9.607275,0.287845,0.003448,0.032553,6,1,0,0.000000,0,-6.207704,0.000000,0.011891,0,0.234814,0.000000,0.033977,-6.207704,0.234814,1,1,1,1.783948,0.000000,0.000000,0.000000,0.000000,0.000000,0.000000,0.000000
1.9701,-4.425794,0.217825,0.000795,0.000000,0.011949,0.033977,0,0.234814,211,0.291333,0.160547,-4.425794,-0.000419,-6.225217,0.000795,-4.425794,-6.213231,0.000795,0.217825,0.000000,0.013045,-0.323329,-18.894361,0.011986,0.000000,0.000000,0.001942,-0.000002,0.000000,0.291333,0.160547,-9.804359,0.002747,0.007260,0.000001,1.858550,0.003477,27.000000,0.013045,-4.425794,-0.000419,0.217825,0.000000,0.012000,0.000000,45,0,1,32,30,-0.007431,0.002252,0.000767,0.007658,-0.128559,9.577594,0.287754,0.003477,0.032539,6,1,0,0.000000,0,-6.207704,0.000000,0.011949,0,0.234814,0.000000,0.033977,-6.207704,0.234814,1,1,1,1.783999,0.000000,0.000000,0.000000,0.000000,0.000000,0.000000,0.000000
1.9801,-4.425793,0.217825,-0.001385,0.000000,0.011939,0.033977,0,0.234814,221,0.292028,0.159617,-4.425793,0.002513,-6.225287,-0.001385,-4.425794,-6.213305,-0.001385,0.217825,0.000000,0.012971,-0.323329,-18.894361,0.011982,0.000000,0.000229,0.001851,0.000002,0.000229,0.292028,0.159617,-9.804353,0.000391,0.003141,0.000000,1.858476,0.003511,27.000000,0.013045,-4.425794,0.002513,0.217825,0.000000,0.012000,0.000000,50,0,1,32,30,-0.003161,0.000156,-0.001387,-0.106290,0.140899,10.211876,0.287679,0.003511,0.032587,7,1,0,0.000000,0,-6.207704,0.000000,0.011939,0,0.234814,0.000000,0.033977,-6.207704,0.234814,1,1,1,1.784051,0.000000,0.000000,0.000000,0.000000,0.000000,0.000000,0.000000
1.9901,-4.425897,0.217825,-0.005276,0.000000,0.011333,0.033977,0,0.234814,229,0.292537,0.159105,-4.425897,0.001466,-6.225296,-0.005276,-4.425890,-6.213316,-0.005276,0.217825,0.000000,0.012866,-0.323329,-18.894361,0.011980,0.000000,0.002526,0.002009,-0.000003,0.002526,0.292537,0.159105,-9.804346,0.014861,-0.006395,0.000000,1.858467,0.003468,27.000000,0.013045,-4.425890,0.001466,0.217825,0.000000,0.012000,0.000000,55,0,1,32,30,0.005361,0.015196,-0.005472,-0.165453,0.403047,9.889077,0.287670,0.003468,0.032627,6,1,0,0.000000,0,-6.207704,0.000000,0.011333,0,0.234814,0.000000,0.033977,-6.207704,0.234814,1,1,1,1.784104,0.000000,0.000000,0.000000,0.000000,0.000000,0.000000,0.000000
2.0001,-4.425890,0.217825,-0.001385,0.000000,0.011168,0.033977,0,0.234814,241,0.292215,0.160548,-4.425890,-0.000419,-6.225294,-0.001385,-4.425890,-6.213311,-0.001385,0.217825,0.000000,0.012999,-0.323329,-18.894361,0.011983,0.000000,0.000143,0.001792,-0.000094,0.000143,0.292215,0.160548,-9.804332,0.000390,0.003141,0.000000,1.858471,0.003450,27.000000,0.013045,-4.425890,-0.000419,0.217825,0.000000,0.012000,0.000000,60,0,1,32,30,-0.003161,0.000156,-0.001387,-0.175684,0.377773,9.611274,0.287675,0.003450,0.032626,7,1,0,0.000000,0,-6.207704,0.000000,0.011168,0,0.234814,0.000000,0.033977,-6.207704,0.234814,1,1,1,1.784153,0.000000,0.000000,0.000000,0.000000,0.000000,0.000000,0.000000
2.0101,-4.425802,0.217825,-0.022929,0.000000,0.012763,0.033977,0,0.234814,251,0.292165,0.159463,-4.425802,0.001466,-6.225410,-0.022929,-4.425794,-6.213440,-0.022929,0.217825,0.000000,0.012910,-0.323329,-18.894361,0.011970,0.000000,0.000417,0.001823,0.000130,0.000417,0.292165,0.159463,-9.804352,-0.006875,0.014337,0.000000,1.858342,0.003468,27.000000,0.013045,-4.425794,0.001466,0.217825,0.000000,0.012000,0.000000,65,0,1,32,30,-0.013831,-0.008139,-0.022826,-0.030370,-0.176625,9.596227,0.287545,0.003468,0.032597,6,1,0,0.000000,0,-6.207704,0.000000,0.012763,0,0.234814,0.000000,0.033977,-6.207704,0.234814,1,1,1,1.784205,0.000000,0.000000,0.000000,0.000000,0.000000,0.000000,0.000000
2.0201,-4.425985,0.217058,0.001219,0.000000,0.003372,0.043181,0,0.234814,5,0.292037,0.160393,-4.425985,-0.000419,-6.225519,0.001219,-4.425985,-6.212766,0.001219,0.217058,0.000000,0.013045,-0.323329,-18.894361,0.012753,0.000000,0.000000,0.001831,-0.000094,0.000000,0.292037,0.160393,-9.804340,0.018810,-0.008817,0.000011,1.858249,0.003483,27.000000,0.013045,-4.425985,-0.000419,0.217058,0.000000,0.012000,0.000000,70,0,1,32,30,0.007493,0.019390,0.000978,-0.069970,0.366029,9.793063,0.287452,0.003483,0.032598,6,1,0,0.000000,0,-6.207704,0.000000,0.003372,0,0.234814,0.000000,0.043181,-6.207704,0.234814,1,1,1,1.784254,0.000000,0.000000,0.000000,0.000000,0.000000,0.000000,0.000000
2.0301,-4.425884,0.217825,0.021764,0.000000,0.019072,0.026307,0,0.234814,15,0.292283,0.159703,-4.425884,-0.000419,-6.225508,0.021764,-4.425890,-6.213511,0.021764,0.217825,0.000000,0.012947,-0.323329,-18.894361,0.011997,0.000000,0.000303,0.001970,-0.000025,0.000303,0.292283,0.159703,-9.804344,-0.013575,-0.004477,0.000000,1.858270,0.003484,27.000000,0.013045,-4.425890,-0.000419,0.217825,0.000000,0.012000,0.000000,75,0,1,32,30,0.005399,-0.012953,0.021934,-0.088070,-0.043378,9.645381,0.287474,0.003484,0.032614,6,1,0,0.000000,0,-6.207704,0.000000,0.019072,0,0.234814,0.000000,0.026307,-6.207704,0.234814,1,1,1,1.784307,0.000000,0.000000,0.000000,0.000000,0.000000,0.000000,0.000000
2.0401,-4.426178,0.217825,0.003078,0.000000,0.009986,0.033977,0,0.234814,25,0.292859,0.160458,-4.426178,-0.003560,-6.225361,0.003078,-4.426178,-6.213376,0.003078,0.217825,0.000000,0.013045,-0.323329,-18.894361,0.011986,0.000000,0.000000,0.001860,-0.000002,0.000000,0.292859,0.160458,-9.804315,0.009363,0.011093,0.000005,1.858405,0.003519,27.000000,0.013045,-4.426178,-0.003560,0.217825,0.000000,0.012000,0.000000,80,0,1,32,30,-0.011707,0.008622,0.002971,-0.490355,0.128993,9.608569,0.287609,0.003519,0.032688,6,1,0,0.000000,0,-6.207704,0.000000,0.009986,0,0.234814,0.000000,0.033977,-6.207704,0.234814,1,1,1,1.784356,0.000000,0.000000,0.000000,0.000000,0.000000,0.000000,0.000000
2.0501,-4.425606,0.217825,-0.005645,0.000000,0.012906,0.033977,0,0.234814,35,0.292155,0.160100,-4.425606,0.005550,-6.225486,-0.005645,-4.425602,-6.213506,-0.005645,0.217825,0.000000,0.012972,-0.323329,-18.894361,0.011980,0.000000,0.000225,0.001844,0.000023,0.000225,0.292155,0.160100,-9.804342,0.000080,-0.003255,0.000000,1.858276,0.003467,27.000000,0.013045,-4.425602,0.005550,0.217825,0.000000,0.012000,0.000000,85,0,1,32,30,0.003242,0.000231,-0.005648,-0.030565,0.370310,10.223802,0.287480,0.003467,0.032610,6,1,0,0.000000,0,-6.207704,0.000000,0.012906,0,0.234814,0.000000,0.033977,-6.207704,0.234814,1,1,1,1.784407,0.000000,0.000000,0.000000,0.000000,0.000000,0.000000,0.000000
2.0601,-4.425794,0.217825,-0.005534,0.000000,0.012329,0.033977,0,0.234814,45,0.291830,0.159284,-4.425794,-0.003560,-6.225546,-0.005534,-4.425794,-6.213566,-0.005534,0.217825,0.000000,0.012915,-0.323329,-18.894361,0.011979,0.000000,0.000401,0.001839,-0.000089,0.000401,0.291830,0.159284,-9.804365,0.003922,-0.009934,0.000000,1.858215,0.003484,27.000000,0.013045,-4.425794,-0.003560,0.217825,0.000000,0.012000,0.000000,90,0,1,32,30,0.009641,0.004523,-0.005593,-0.098372,0.148210,9.618588,0.287419,0.003484,0.032560,7,1,0,0.000000,0,-6.207704,0.000000,0.012329,0,0.234814,0.000000,0.033977,-6.207704,0.234814,1,1,1,1.784459,0.000000,0.000000,0.000000,0.000000,0.000000,0.000000,0.000000
2.0701,-4.425794,0.217825,0.001221,0.000000,0.011905,0.033977,0,0.234814,55,0.292104,0.160158,-4.425794,0.001466,-6.225566,0.001221,-4.425794,-6.213582,0.001221,0.217825,0.000000,0.013019,-0.323329,-18.894361,0.011984,0.000000,0.000080,0.001845,0.000005,0.000080,0.292104,0.160158,-9.804342,0.019518,0.001843,0.000000,1.858199,0.003507,27.000000,0.013045,-4.425794,0.001466,0.217825,0.000000,0.012000,0.000000,95,0,1,32,30,-0.003180,0.019360,0.000969,-0.299957,0.452906,9.717222,0.287403,0.003507,0.032607,6,1,0,0.000000,0,-6.207704,0.000000,0.011905,0,0.234814,0.000000,0.033977,-6.207704,0.234814,1,1,1,1.784509,0.000000,0.000000,0.000000,0.000000,0.000000,0.000000,0.000000
2.0801,-4.425790,0.217825,0.002664,0.000000,0.011142,0.033977,0,0.234814,65,0.292665,0.159077,-4.425790,-0.000419,-6.225515,0.002664,-4.425794,-6.213531,0.002664,0.217825,0.000000,0.012919,-0.323329,-18.894361,0.011985,0.000000,0.000391,0.001847,0.000084,0.000391,0.292665,0.159077,-9.804343,-0.007825,0.010116,0.000000,1.858250,0.003526,27.000000,0.013045,-4.425794,-0.000419,0.217825,0.000000,0.012000,0.000000,100,0,1,32,30,-0.009554,-0.008467,0.002774,-0.259085,-0.170721,9.883250,0.287454,0.003526,0.032639,6,1,0,0.000000,0,-6.207704,0.000000,0.011142,0,0.234814,0.000000,0.033977,-6.207704,0.234814,1,1,1,1.784561,0.000000,0.000000,0.000000,0.000000,0.000000,0.000000,0.000000
2.0901,-4.425890,0.217825,-0.013951,0.000000,0.011540,0.033977,0,0.234814,75,0.292969,0.159850,-4.425890,0.000419,-6.225496,-0.013951,-4.425890,-6.213521,-0.013951,0.217825,0.000000,0.013028,-0.323329,-18.894361,0.011975,0.000000,0.000054,0.001847,-0.000086,0.000054,0.292969,0.159850,-9.804321,0.007849,-0.018755,0.000000,1.858258,0.003565,27.000000,0.013045,-4.425890,0.000419,0.217825,0.000000,0.012000,0.000000,105,0,1,32,30,0.018173,0.008935,-0.014068,-0.203659,0.384021,9.879291,0.287462,0.003565,0.032686,6,1,0,0.000000,0,-6.207704,0.000000,0.011540,0,0.234814,0.000000,0.033977,-6.207704,0.234814,1,1,1,1.784610,0.000000,0.000000,0.000000,0.000000,0.000000,0.000000,0.000000
2.1001,-4.425797,0.217825,-0.010069,0.000000,0.012207,0.033977,0,0.234814,85,0.292657,0.158648,-4.425797,0.000419,-6.225546,-0.010069,-4.425794,-6.213569,-0.010069,0.217825,0.000000,0.012929,-0.323329,-18.894361,0.011977,0.000000,0.000359,0.001875,0.000022,0.000359,0.292657,0.158648,-9.804350,-0.006062,-0.000698,0.000000,1.858210,0.003579,27.000000,0.013045,-4.425794,0.000419,0.217825,0.000000,0.012000,0.000000,110,0,1,32,30,0.001113,-0.006129,-0.009990,-0.203072,0.033056,9.646074,0.287414,0.003579,0.032628,6,1,0,0.000000,0,-6.207704,0.000000,0.012207,0,0.234814,0.000000,0.033977,-6.207704,0.234814,1,1,1,1.784662,0.000000,0.000000,0.000000,0.000000,0.000000,0.000000,0.000000
2.1101,-4.425794,0.217825,-0.005553,0.000000,0.012000,0.033977,0,0.234814,95,0.292401,0.159858,-4.425794,0.000419,-6.225577,-0.005553,-4.425794,-6.213592,-0.005553,0.217825,0.000000,0.013045,-0.323329,-18.894361,0.011986,0.000000,0.000000,0.001870,0.000096,0.000000,0.292401,0.159858,-9.804338,0.005188,0.009236,0.000003,1.858187,0.003569,27.000000,0.013045,-4.425794,0.000419,0.217825,0.000000,0.012000,0.000000,115,0,1,32,30,-0.009570,0.004468,-0.005609,-0.059405,-0.090347,9.577934,0.287391,0.003569,0.032630,7,1,0,0.000000,0,-6.207704,0.000000,0.012000,0,0.234814,0.000000,0.033977,-6.207704,0.234814,1,1,1,1.784710,0.000000,0.000000,0.000000,0.000000,0.000000,0.000000,0.000000
2.1201,-4.425793,0.217825,-0.003621,0.000000,0.012156,0.033977,0,0.234814,105,0.293011,0.159482,-4.425793,-0.000419,-6.225605,-0.003621,-4.425794,-6.213623,-0.003621,0.217825,0.000000,0.013012,-0.323329,-18.894361,0.011981,0.000000,0.000101,0.001901,-0.000009,0.000101,0.293011,0.159482,-9.804326,-0.003957,0.001297,0.000000,1.858155,0.003587,27.000000,0.013045,-4.425794,-0.000419,0.217825,0.000000,0.012000,0.000000,120,0,1,32,30,-0.001022,-0.004084,-0.003568,-0.289269,0.429074,10.099807,0.287359,0.003587,0.032682,6,1,0,0.000000,0,-6.207704,0.000000,0.012156,0,0.234814,0.000000,0.033977,-6.207704,0.234814,1,1,1,1.784761,0.000000,0.000000,0.000000,0.000000,0.000000,0.000000,0.000000
2.1301,-4.425794,0.217825,-0.005538,0.000000,0.012195,0.033977,0,0.234814,115,0.293285,0.158722,-4.425794,0.001466,-6.225632,-0.005538,-4.425794,-6.213653,-0.005538,0.217825,0.000000,0.012899,-0.323329,-18.894361,0.011979,0.000000,0.000452,0.002014,0.000013,0.000452,0.293285,0.158722,-9.804330,0.004203,-0.005674,0.000000,1.858127,0.003555,27.000000,0.013045,-4.425794,0.001466,0.217825,0.000000,0.012000,0.000000,125,0,1,32,30,0.005372,0.004511,-0.005597,-0.146272,0.167426,9.609179,0.287331,0.003555,0.032693,7,1,0,0.000000,0,-6.207704,0.000000,0.012195,0,0.234814,0.000000,0.033977,-6.207704,0.234814,1,1,1,1.784813,0.000000,0.000000,0.000000,0.000000,0.000000,0.000000,0.000000
2.1401,-4.425796,0.217825,-0.005383,0.000000,0.012526,0.033977,0,0.234814,123,0.293005,0.160123,-4.425796,0.001466,-6.225685,-0.005383,-4.425794,-6.213706,-0.005383,0.217825,0.000000,0.013023,-0.323329,-18.894361,0.011980,0.000000,0.001924,0.002052,0.000017,0.001924,0.293005,0.160123,-9.804316,0.010879,-0.001848,0.000000,1.858075,0.003534,27.000000,0.013045,-4.425794,0.001466,0.217825,0.000000,0.012000,0.000000,130,0,1,32,30,0.001096,0.010909,-0.005526,0.006521,0.290753,9.696651,0.287278,0.003534,0.032696,7,1,0,0.000000,0,-6.207704,0.000000,0.012526,0,0.234814,0.000000,0.033977,-6.207704,0.234814,1,1,1,1.784861,0.000000,0.000000,0.000000,0.000000,0.000000,0.000000,0.000000
2.1501,-4.425795,0.217058,-0.007734,0.000000,0.004369,0.043181,0,0.234814,134,0.293282,0.159567,-4.425795,0.001466,-6.225048,-0.007734,-4.425794,-6.213069,-0.007734,0.217058,0.000000,0.012966,-0.323329,-18.894361,0.011978,0.000000,0.000244,0.001852,0.000024,0.000244,0.293282,0.159567,-9.804317,0.002977,0.007245,0.000000,1.857944,0.003513,27.000000,0.013045,-4.425794,0.001466,0.217058,0.000000,0.012000,0.000000,135,0,1,32,30,-0.007434,0.002366,-0.007765,-0.077145,-0.256563,9.872935,0.287148,0.003513,0.032704,6,1,0,0.000000,0,-6.207704,0.000000,0.004369,0,0.234814,0.000000,0.043181,-6.207704,0.234814,1,1,1,1.784912,0.000000,0.000000,0.000000,0.000000,0.000000,0.000000,0.000000
2.1601,-4.425794,0.217825,0.005435,0.000000,0.019785,0.026307,0,0.234814,144,0.293086,0.160592,-4.425794,0.000419,-6.225810,0.005435,-4.425794,-6.213824,0.005435,0.217825,0.000000,0.013045,-0.323329,-18.894361,0.011986,0.000000,0.000000,0.001827,-0.000008,0.000000,0.293086,0.160592,-9.804306,0.016431,-0.010786,0.000010,1.857957,0.003511,27.000000,0.013045,-4.425794,0.000419,0.217825,0.000000,0.012000,0.000000,140,0,1,32,30,0.009631,0.017203,0.005221,-0.021435,0.193351,9.839211,0.287161,0.003511,0.032714,6,1,0,0.000000,0,-6.207704,0.000000,0.019785,0,0.234814,0.000000,0.026307,-6.207704,0.234814,1,1,1,1.784961,0.000000,0.000000,0.000000,0.000000,0.000000,0.000000,0.000000
2.1701,-4.426081,0.217825,0.011201,0.000000,0.010520,0.033977,0,0.234814,154,0.294397,0.159668,-4.426081,-0.001466,-6.225671,0.011201,-4.426082,-6.213681,0.011201,0.217825,0.000000,0.012971,-0.311717,-17.304452,0.011990,0.000000,0.000238,0.001838,-0.000012,0.000238,0.294397,0.159668,-9.804282,-0.008612,0.001606,-0.000000,1.858099,0.003557,27.000000,0.013045,-4.426082,-0.001466,0.217825,0.000000,0.012000,0.000000,145,0,1,32,30,-0.001013,-0.008556,0.011313,-0.652676,0.071416,9.617456,0.287303,0.003557,0.032824,6,1,0,0.000000,0,-6.207704,0.000000,0.010520,0,0.234814,0.000000,0.033977,-6.207704,0.234814,1,1,1,1.785011,0.000000,0.000000,0.000000,0.000000,0.000000,0.000000,0.000000
2.1801,-4.425610,0.217825,-0.013046,0.000000,0.013457,0.033977,0,0.234814,164,0.293603,0.158295,-4.425610,0.006597,-6.225781,-0.013046,-4.425602,-6.213806,-0.013046,0.217825,0.000000,0.012879,-0.311717,-17.304452,0.011975,0.001000,0.000531,0.001840,0.000116,0.000531,0.293603,0.158295,-9.804328,0.000529,0.000995,0.001000,1.857973,0.003586,27.000000,0.013045,-4.425602,0.006597,0.217825,0.000000,0.012000,0.001000,150,0,1,32,30,-0.001029,0.000304,-0.012051,0.235667,0.311178,9.601302,0.287177,0.003586,0.032715,7,1,0,0.000000,0,-6.207704,0.000000,0.013457,0,0.234814,0.000000,0.033977,-6.207704,0.234814,1,1,1,1.785062,0.000000,0.000000,0.000000,0.000000,0.000000,0.000000,0.000000
2.1901,-4.425892,0.217825,-0.007830,0.000000,0.012743,0.033977,0,0.234814,173,0.293325,0.158655,-4.425892,-0.001466,-6.225829,-0.007830,-4.425890,-6.213851,-0.007830,0.217825,0.000000,0.012990,-0.311717,-17.304452,0.011978,0.000000,0.000177,0.001828,-0.000176,0.000177,0.293325,0.158655,-9.804330,-0.001995,-0.003114,0.000000,1.857926,0.003654,27.000000,0.013045,-4.425890,-0.001466,0.217825,0.000000,0.012000,0.000000,155,0,1,32,30,0.003243,-0.001878,-0.007806,-0.002191,0.475271,10.244015,0.287129,0.003654,0.032695,7,1,0,0.000000,0,-6.207704,0.000000,0.012743,0,0.234814,0.000000,0.033977,-6.207704,0.234814,1,1,1,1.785111,0.000000,0.000000,0.000000,0.000000,0.000000,0.000000,0.000000
2.2001,-4.425698,0.217825,0.001007,0.000000,0.012816,0.033977,0,0.234814,184,0.293320,0.159307,-4.425698,-0.000419,-6.225879,0.001007,-4.425698,-6.213895,0.001007,0.217825,0.000000,0.013009,-0.311717,-17.304452,0.011984,0.000000,0.000114,0.001987,0.000006,0.000114,0.293320,0.159307,-9.804320,0.011274,0.006680,0.000000,1.857883,0.003608,27.000000,0.013045,-4.425698,-0.000419,0.217825,0.000000,0.012000,0.000000,160,0,1,32,30,-0.007440,0.010800,0.000866,-0.307833,-0.034759,9.712317,0.287087,0.003608,0.032709,6,1,0,0.000000,0,-6.207704,0.000000,0.012816,0,0.234814,0.000000,0.033977,-6.207704,0.234814,1,1,1,1.785161,0.000000,0.000000,0.000000,0.000000,0.000000,0.000000,0.000000
2.2101,-4.425794,0.217825,-0.007472,0.000000,0.011940,0.033977,0,0.234814,194,0.293654,0.160224,-4.425794,-0.000419,-6.225844,-0.007472,-4.425794,-6.213858,-0.007472,0.217825,0.000000,0.013045,-0.311717,-17.304452,0.011985,0.000000,0.000000,0.001848,-0.000003,0.000000,0.293654,0.160224,-9.804295,0.013208,0.000134,0.000007,1.857922,0.003560,27.000000,0.013045,-4.425794,-0.000419,0.217825,0.000000,0.012000,0.000000,165,0,1,32,30,-0.001041,0.013069,-0.007636,-0.089742,0.387735,9.582719,0.287125,0.003560,0.032763,7,1,0,0.000000,0,-6.207704,0.000000,0.011940,0,0.234814,0.000000,0.033977,-6.207704,0.234814,1,1,1,1.785209,0.000000,0.000000,0.000000,0.000000,0.000000,0.000000,0.000000
2.2201,-4.425795,0.217825,-0.008100,0.000000,0.013403,0.033977,0,0.234814,204,0.294210,0.159173,-4.425795,0.000419,-6.225927,-0.008100,-4.425794,-6.213949,-0.008100,0.217825,0.000000,0.012948,-0.311717,-17.304452,0.011978,0.000000,0.000311,0.001692,0.000006,0.000311,0.294210,0.159173,-9.804295,-0.012090,0.006129,0.000000,1.857830,0.003580,27.000000,0.013045,-4.425794,0.000419,0.217825,0.000000,0.012000,0.000000,170,0,1,32,30,-0.005284,-0.012587,-0.007937,-0.163510,-0.189323,9.844844,0.287034,0.003580,0.032795,7,1,0,0.000000,0,-6.207704,0.000000,0.013403,0,0.234814,0.000000,0.033977,-6.207704,0.234814,1,1,1,1.785261,0.000000,0.000000,0.000000,0.000000,0.000000,0.000000,0.000000
2.2301,-4.425800,0.217825,-0.007517,0.000000,0.013414,0.033977,0,0.234814,214,0.293913,0.157935,-4.425800,-0.000419,-6.226004,-0.007517,-4.425794,-6.214026,-0.007517,0.217825,0.000000,0.012873,-0.311717,-17.304452,0.011977,0.000000,0.000550,0.001843,-0.000077,0.000550,0.293913,0.157935,-9.804324,0.010934,-0.001851,0.000000,1.857752,0.003622,27.000000,0.013045,-4.425794,-0.000419,0.217825,0.000000,0.012000,0.000000,175,0,1,32,30,0.001095,0.010938,-0.007659,-0.069546,0.439461,10.042631,0.286956,0.003622,0.032738,7,1,0,0.000000,0,-6.207704,0.000000,0.013414,0,0.234814,0.000000,0.033977,-6.207704,0.234814,1,1,1,1.785312,0.000000,0.000000,0.000000,0.000000,0.000000,0.000000,0.000000
2.2401,-4.425794,0.217825,-0.005701,0.000000,0.013056,0.033977,0,0.234814,224,0.293272,0.159175,-4.425794,-0.001466,-6.226041,-0.005701,-4.425794,-6.214061,-0.005701,0.217825,0.000000,0.013002,-0.311717,-17.304452,0.011980,0.000000,0.000139,0.001846,0.000003,0.000139,0.293272,0.159175,-9.804323,-0.001770,0.001149,0.000000,1.857717,0.003613,27.000000,0.013045,-4.425794,-0.001466,0.217825,0.000000,0.012000,0.000000,180,0,1,32,30,-0.001025,-0.001918,-0.005676,-0.174600,0.034014,9.569539,0.286921,0.003613,0.032701,6,1,0,0.000000,0,-6.207704,0.000000,0.013056,0,0.234814,0.000000,0.033977,-6.207704,0.234814,1,1,1,1.785359,0.000000,0.000000,0.000000,0.000000,0.000000,0.000000,0.000000
2.2501,-4.425789,0.217825,0.006457,0.000000,0.012502,0.033977,0,0.234814,233,0.293936,0.158338,-4.425789,0.001466,-6.226031,0.006457,-4.425794,-6.214043,0.006457,0.217825,0.000000,0.012895,-0.311717,-17.304452,0.011988,0.001000,0.000480,0.001849,-0.000016,0.000480,0.293936,0.158338,-9.804317,0.013097,0.004416,0.001000,1.857736,0.003604,27.000000,0.013045,-4.425794,0.001466,0.217825,0.000000,0.012000,0.001000,185,0,1,32,30,-0.005306,0.012858,0.007292,-0.097352,0.049527,9.866428,0.286939,0.003604,0.032749,6,1,0,0.000000,0,-6.207704,0.000000,0.012502,0,0.234814,0.000000,0.033977,-6.207704,0.234814,1,1,1,1.785411,0.000000,0.000000,0.000000,0.000000,0.000000,0.000000,0.000000
2.2601,-4.425698,0.217825,-0.001009,0.000000,0.012674,0.033977,0,0.234814,243,0.294128,0.159573,-4.425698,0.001466,-6.226026,-0.001009,-4.425698,-6.214043,-0.001009,0.217825,0.000000,0.013021,-0.311717,-17.304452,0.011983,0.000000,0.000076,0.001998,0.000101,0.000076,0.294128,0.159573,-9.804291,0.014748,-0.006392,0.000000,1.857735,0.003612,27.000000,0.013045,-4.425698,0.001466,0.217825,0.000000,0.012000,0.000000,190,0,1,32,30,0.005362,0.015139,-0.001206,-0.317801,0.475455,10.215100,0.286939,0.003612,0.032795,7,1,0,0.000000,0,-6.207704,0.000000,0.012674,0,0.234814,0.000000,0.033977,-6.207704,0.234814,1,1,1,1.785459,0.000000,0.000000,0.000000,0.000000,0.000000,0.000000,0.000000
2.2701,-4.425793,0.217825,-0.005437,0.000000,0.013253,0.033977,0,0.234814,253,0.294305,0.158728,-4.425793,-0.000419,-6.226071,-0.005437,-4.425794,-6.214091,-0.005437,0.217825,0.000000,0.012922,-0.311717,-17.304452,0.011980,0.000000,0.000396,0.001999,0.000012,0.000396,0.294305,0.158728,-9.804300,0.008747,-0.001703,0.000000,1.857688,0.003600,27.000000,0.013045,-4.425794,-0.000419,0.217825,0.000000,0.012000,0.000000,195,0,1,32,30,0.001098,0.008772,-0.005550,-0.241492,-0.060345,9.463272,0.286892,0.003600,0.032794,6,1,0,0.000000,0,-6.207704,0.000000,0.013253,0,0.234814,0.000000,0.033977,-6.207704,0.234814,1,1,1,1.785510,0.000000,0.000000,0.000000,0.000000,0.000000,0.000000,0.000000
2.2801,-4.425698,0.217825,-0.012764,0.000000,0.013986,0.033977,0,0.234814,7,0.294087,0.160080,-4.425698,0.000419,-6.226166,-0.012764,-4.425698,-6.214192,-0.012764,0.217825,0.000000,0.013044,-0.311717,-17.304452,0.011974,-0.001000,0.000003,0.001856,0.000122,0.000003,0.294087,0.160080,-9.804284,0.018202,0.008354,-0.001000,1.857587,0.003583,27.000000,0.013045,-4.425698,0.000419,0.217825,0.000000,0.012000,-0.001000,200,0,1,32,30,-0.009586,0.017403,-0.013992,-0.079975,0.433900,9.717175,0.286791,0.003583,0.032802,7,1,0,0.000000,0,-6.207704,0.000000,0.013986,0,0.234814,0.000000,0.033977,-6.207704,0.234814,1,1,1,1.785557,0.000000,0.000000,0.000000,0.000000,0.000000,0.000000,0.000000
2.2901,-4.425704,0.217825,-0.010187,0.000000,0.014324,0.033977,0,0.234814,17,0.294074,0.159094,-4.425704,0.001466,-6.226280,-0.010187,-4.425698,-6.214304,-0.010187,0.217825,0.000000,0.012923,-0.311717,-17.304452,0.011976,0.000000,0.000390,0.001793,0.000037,0.000390,0.294074,0.159094,-9.804301,-0.009340,0.014502,0.000000,1.857476,0.003560,27.000000,0.013045,-4.425698,0.001466,0.217825,0.000000,0.012000,0.000000,4,0,1,32,30,-0.013825,-0.010446,-0.010052,-0.114716,-0.316077,10.044580,0.286679,0.003560,0.032779,7,1,0,0.000000,0,-6.207704,0.000000,0.014324,0,0.234814,0.000000,0.033977,-6.207704,0.234814,1,1,1,1.785608,0.000000,0.000000,0.000000,0.000000,0.000000,0.000000,0.000000
2.3001,-4.425794,0.217825,-0.012042,0.000000,0.013413,0.033977,0,0.234814,27,0.293683,0.160378,-4.425794,0.000419,-6.226308,-0.012042,-4.425794,-6.214322,-0.012042,0.217825,0.000000,0.013045,-0.311717,-17.304452,0.011986,0.000000,0.000000,0.002002,-0.000001,0.000000,0.293683,0.160378,-9.804291,0.000249,-0.003265,0.000000,1.857458,0.003545,27.000000,0.013045,-4.425794,0.000419,0.217825,0.000000,0.012000,0.000000,9,0,1,32,30,0.003240,0.000316,-0.012047,-0.174096,0.031775,9.751355,0.286662,0.003545,0.032769,6,1,0,0.000000,0,-6.207704,0.000000,0.013413,0,0.234814,0.000000,0.033977,-6.207704,0.234814,1,1,1,1.785657,0.000000,0.000000,0.000000,0.000000,0.000000,0.000000,0.000000
2.3101,-4.425797,0.217825,-0.005851,0.000000,0.013877,0.033977,0,0.234814,37,0.294161,0.159631,-4.425797,-0.002513,-6.226355,-0.005851,-4.425794,-6.214376,-0.005851,0.217825,0.000000,0.012973,-0.311717,-17.304452,0.011980,0.000000,0.000230,0.001949,-0.000170,0.000230,0.294161,0.159631,-9.804289,-0.008727,-0.006937,0.000000,1.857404,0.003559,27.000000,0.013045,-4.425794,-0.002513,0.217825,0.000000,0.012000,0.000000,14,0,1,32,30,0.007520,-0.008305,-0.005744,-0.203191,0.090074,9.675358,0.286608,0.003559,0.032800,6,1,0,0.000000,0,-6.207704,0.000000,0.013877,0,0.234814,0.000000,0.033977,-6.207704,0.234814,1,1,1,1.785707,0.000000,0.000000,0.000000,0.000000,0.000000,0.000000,0.000000
2.3201,-4.425602,0.217825,-0.005444,0.000000,0.013415,0.033977,0,0.234814,47,0.294431,0.158742,-4.425602,0.002513,-6.226361,-0.005444,-4.425602,-6.214382,-0.005444,0.217825,0.000000,0.012923,-0.311717,-17.304452,0.011979,0.000000,0.000392,0.001850,0.000177,0.000392,0.294431,0.158742,-9.804296,0.009311,0.006815,0.000000,1.857397,0.003603,27.000000,0.013045,-4.425602,0.002513,0.217825,0.000000,0.012000,0.000000,19,0,1,32,30,-0.007440,0.008748,-0.005558,-0.001751,-0.082168,9.692899,0.286601,0.003603,0.032807,7,1,0,0.000000,0,-6.207704,0.000000,0.013415,0,0.234814,0.000000,0.033977,-6.207704,0.234814,1,1,1,1.785758,0.000000,0.000000,0.000000,0.000000,0.000000,0.000000,0.000000
2.3301,-4.425795,0.217825,-0.002164,0.000000,0.013298,0.033977,0,0.234814,57,0.294260,0.159236,-4.425795,-0.000419,-6.226360,-0.002164,-4.425794,-6.214377,-0.002164,0.217825,0.000000,0.013006,-0.311717,-17.304452,0.011983,0.001000,0.000125,0.001848,-0.000087,0.000125,0.294260,0.159236,-9.804293,0.008073,-0.010217,0.001000,1.857401,0.003633,27.000000,0.013045,-4.425794,-0.000419,0.217825,0.000000,0.012000,0.001000,24,0,1,32,30,0.009638,0.008740,-0.001277,-0.050244,0.410432,10.071064,0.286604,0.003633,0.032801,6,1,0,0.000000,0,-6.207704,0.000000,0.013298,0,0.234814,0.000000,0.033977,-6.207704,0.234814,1,1,1,1.785806,0.000000,0.000000,0.000000,0.000000,0.000000,0.000000,0.000000
2.3401,-4.425598,0.217825,0.003936,0.000000,0.013201,0.033977,0,0.234814,67,0.294356,0.158379,-4.425598,0.000419,-6.226349,0.003936,-4.425602,-6.214365,0.003936,0.217825,0.000000,0.012916,-0.311717,-17.304452,0.011984,-0.001000,0.000413,0.001838,0.000176,0.000413,0.294356,0.158379,-9.804304,0.002129,-0.001257,-0.001000,1.857413,0.003631,27.000000,0.013045,-4.425602,0.000419,0.217825,0.000000,0.012000,-0.001000,29,0,1,32,30,0.001108,0.002248,0.002907,-0.193313,-0.099628,9.549043,0.286617,0.003631,0.032792,6,1,0,0.000000,0,-6.207704,0.000000,0.013201,0,0.234814,0.000000,0.033977,-6.207704,0.234814,1,1,1,1.785857,0.000000,0.000000,0.000000,0.000000,0.000000,0.000000,0.000000
2.3501,-4.425794,0.217825,0.001007,0.000000,0.013967,0.033977,0,0.234814,76,0.294389,0.159684,-4.425794,0.001466,-6.226404,0.001007,-4.425794,-6.214419,0.001007,0.217825,0.000000,0.013045,-0.311717,-17.304452,0.011985,0.000000,0.000000,0.001822,-0.000088,0.000000,0.294389,0.159684,-9.804282,0.010852,0.000292,0.000006,1.857359,0.003630,27.000000,0.013045,-4.425794,0.001466,0.217825,0.000000,0.012000,0.000000,34,0,1,32,30,-0.001037,0.010818,0.000872,-0.011749,0.089235,9.752038,0.286563,0.003630,0.032824,6,1,0,0.000000,0,-6.207704,0.000000,0.013967,0,0.234814,0.000000,0.033977,-6.207704,0.234814,1,1,1,1.785904,0.000000,0.000000,0.000000,0.000000,0.000000,0.000000,0.000000
2.3601,-4.425700,0.217825,0.000485,0.000000,0.013567,0.033977,0,0.234814,87,0.294662,0.158471,-4.425700,0.000419,-6.226414,0.000485,-4.425698,-6.214430,0.000485,0.217825,0.000000,0.012948,-0.311717,-17.304452,0.011983,0.000000,0.000311,0.001829,0.000119,0.000311,0.294662,0.158471,-9.804293,-0.010323,0.003868,0.000000,1.857347,0.003660,27.000000,0.013045,-4.425698,0.000419,0.217825,0.000000,0.012000,0.000000,39,0,1,32,30,-0.003149,-0.010557,0.000621,-0.105756,-0.134512,10.055982,0.286551,0.003660,0.032824,7,1,0,0.000000,0,-6.207704,0.000000,0.013567,0,0.234814,0.000000,0.033977,-6.207704,0.234814,1,1,1,1.785955,0.000000,0.000000,0.000000,0.000000,0.000000,0.000000,0.000000
2.3701,-4.425595,0.217825,0.018241,0.000000,0.012763,0.033977,0,0.234814,97,0.294873,0.157743,-4.425595,0.002513,-6.226366,0.018241,-4.425602,-6.214373,0.018241,0.217825,0.000000,0.012879,-0.311717,-17.304452,0.011994,0.000000,0.000532,0.001836,0.000176,0.000532,0.294873,0.157743,-9.804298,0.015813,-0.015030,0.000000,1.857404,0.003668,27.000000,0.013045,-4.425602,0.002513,0.217825,0.000000,0.012000,0.000000,44,0,1,32,30,0.013904,0.017045,0.018023,-0.088822,0.280079,9.782617,0.286608,0.003668,0.032829,6,1,0,0.000000,0,-6.207704,0.000000,0.012763,0,0.234814,0.000000,0.033977,-6.207704,0.234814,1,1,1,1.786005,0.000000,0.000000,0.000000,0.000000,0.000000,0.000000,0.000000
2.3801,-4.425795,0.217825,-0.014069,0.000000,0.013361,0.033977,0,0.234814,107,0.294744,0.159226,-4.425795,-0.000419,-6.226348,-0.014069,-4.425794,-6.214375,-0.014069,0.217825,0.000000,0.013005,-0.311717,-17.304452,0.011973,0.000000,0.000128,0.001998,0.000022,0.000128,0.294744,0.159226,-9.804278,0.004568,-0.003557,0.000000,1.857403,0.003643,27.000000,0.013045,-4.425794,-0.000419,0.217825,0.000000,0.012000,0.000000,49,0,1,32,30,0.003235,0.004618,-0.014130,-0.261002,0.346213,9.840592,0.286606,0.003643,0.032849,7,1,0,0.000000,0,-6.207704,0.000000,0.013361,0,0.234814,0.000000,0.033977,-6.207704,0.234814,1,1,1,1.786052,0.000000,0.000000,0.000000,0.000000,0.000000,0.000000,0.000000
2.3901,-4.425793,0.217825,0.003031,0.000000,0.013729,0.033977,0,0.234814,117,0.294968,0.157909,-4.425793,0.000419,-6.226392,0.003031,-4.425794,-6.214407,0.003031,0.217825,0.000000,0.012861,-0.311717,-17.304452,0.011984,0.000000,0.000589,0.001838,-0.000202,0.000589,0.294968,0.157909,-9.804293,0.007095,0.009104,0.000000,1.857371,0.003636,27.000000,0.013045,-4.425794,0.000419,0.217825,0.000000,0.012000,0.000000,54,0,1,32,30,-0.009570,0.006492,0.002948,-0.087911,-0.044085,9.702796,0.286575,0.003636,0.032842,6,1,0,0.000000,0,-6.207704,0.000000,0.013729,0,0.234814,0.000000,0.033977,-6.207704,0.234814,1,1,1,1.786102,0.000000,0.000000,0.000000,0.000000,0.000000,0.000000,0.000000
2.4001,-4.425698,0.217825,-0.013851,0.000000,0.013614,0.033977,0,0.234814,127,0.294770,0.159451,-4.425698,0.000419,-6.226398,-0.013851,-4.425698,-6.214425,-0.013851,0.217825,0.000000,0.013037,-0.311717,-17.304452,0.011974,0.000000,0.000027,0.001850,-0.000017,0.000027,0.294770,0.159451,-9.804274,0.012531,-0.012656,0.000000,1.857353,0.003653,27.000000,0.013045,-4.425698,0.000419,0.217825,0.000000,0.012000,0.000000,59,0,1,32,30,0.011764,0.013190,-0.014024,-0.145515,0.371190,10.147171,0.286556,0.003653,0.032857,7,1,0,0.000000,0,-6.207704,0.000000,0.013614,0,0.234814,0.000000,0.033977,-6.207704,0.234814,1,1,1,1.786148,0.000000,0.000000,0.000000,0.000000,0.000000,0.000000,0.000000
2.4101,-4.425698,0.217825,0.000648,0.000000,0.013890,0.033977,0,0.234814,137,0.295191,0.158244,-4.425698,0.001466,-6.226445,0.000648,-4.425698,-6.214462,0.000648,0.217825,0.000000,0.012930,-0.311717,-17.304452,0.011983,0.000000,0.000369,0.001876,0.000105,0.000369,0.295191,0.158244,-9.804281,-0.004350,-0.002956,0.000000,1.857315,0.003676,27.000000,0.013045,-4.425698,0.001466,0.217825,0.000000,0.012000,0.000000,64,0,1,32,30,0.003248,-0.004128,0.000701,-0.154624,-0.167484,9.624949,0.286518,0.003676,0.032872,7,1,0,0.000000,0,-6.207704,0.000000,0.013890,0,0.234814,0.000000,0.033977,-6.207704,0.234814,1,1,1,1.786199,0.000000,0.000000,0.000000,0.000000,0.000000,0.000000,0.000000
2.4201,-4.425602,0.217825,0.005320,0.000000,0.013368,0.033977,0,0.234814,147,0.295031,0.159266,-4.425602,0.002513,-6.226435,0.005320,-4.425602,-6.214450,0.005320,0.217825,0.000000,0.013045,-0.311717,-17.304452,0.011985,0.000000,0.000000,0.001831,0.000179,0.000000,0.295031,0.159266,-9.804269,0.013153,0.004411,0.000007,1.857326,0.003686,27.000000,0.013045,-4.425602,0.002513,0.217825,0.000000,0.012000,0.000000,69,0,1,32,30,-0.005307,0.012886,0.005159,-0.012893,0.292039,9.591377,0.286530,0.003686,0.032878,6,1,0,0.000000,0,-6.207704,0.000000,0.013368,0,0.234814,0.000000,0.033977,-6.207704,0.234814,1,1,1,1.786245,0.000000,0.000000,0.000000,0.000000,0.000000,0.000000,0.000000
2.4301,-4.425793,0.217825,-0.000543,0.000000,0.013972,0.033977,0,0.234814,157,0.294850,0.158424,-4.425793,-0.000419,-6.226472,-0.000543,-4.425794,-6.214490,-0.000543,0.217825,0.000000,0.012993,-0.311717,-17.304452,0.011982,-0.001000,0.000165,0.001930,0.000006,0.000165,0.294850,0.158424,-9.804288,-0.006004,0.003575,-0.001000,1.857286,0.003714,27.000000,0.013045,-4.425794,-0.000419,0.217825,0.000000,0.012000,-0.001000,74,0,1,32,30,-0.003154,-0.006255,-0.001462,-0.163475,0.027068,10.134130,0.286489,0.003714,0.032842,7,1,0,0.000000,0,-6.207704,0.000000,0.013972,0,0.234814,0.000000,0.033977,-6.207704,0.234814,1,1,1,1.786294,0.000000,0.000000,0.000000,0.000000,0.000000,0.000000,0.000000
2.4401,-4.425599,0.217825,0.011682,0.000000,0.013617,0.033977,0,0.234814,167,0.295181,0.157683,-4.425599,0.001466,-6.226483,0.011682,-4.425602,-6.214494,0.011682,0.217825,0.000000,0.012884,-0.311717,-17.304452,0.011990,0.000000,0.000516,0.001846,0.000190,0.000516,0.295181,0.157683,-9.804290,0.009868,-0.010344,0.000000,1.857283,0.003686,27.000000,0.013045,-4.425602,0.001466,0.217825,0.000000,0.012000,0.000000,79,0,1,32,30,0.009640,0.010707,0.011545,-0.203692,0.393583,9.879387,0.286487,0.003686,0.032859,6,1,0,0.000000,0,-6.207704,0.000000,0.013617,0,0.234814,0.000000,0.033977,-6.207704,0.234814,1,1,1,1.786344,0.000000,0.000000,0.000000,0.000000,0.000000,0.000000,0.000000
2.4501,-4.425698,0.217825,0.002932,0.000000,0.013883,0.033977,0,0.234814,177,0.295081,0.159210,-4.425698,0.001466,-6.226505,0.002932,-4.425698,-6.214519,0.002932,0.217825,0.000000,0.013029,-0.311717,-17.304452,0.011986,0.000000,0.000052,0.001993,0.000103,0.000052,0.295081,0.159210,-9.804268,0.002410,0.003003,0.000000,1.857257,0.003676,27.000000,0.013045,-4.425698,0.001466,0.217825,0.000000,0.012000,0.000000,84,0,1,32,30,-0.003162,0.002236,0.002903,-0.223219,0.480101,9.841962,0.286461,0.003676,0.032882,7,1,0,0.000000,0,-6.207704,0.000000,0.013883,0,0.234814,0.000000,0.033977,-6.207704,0.234814,1,1,1,1.786390,0.000000,0.000000,0.000000,0.000000,0.000000,0.000000,0.000000
2.4601,-4.425699,0.217825,0.000642,0.000000,0.013611,0.033977,0,0.234814,187,0.295290,0.158221,-4.425699,0.000419,-6.226501,0.000642,-4.425698,-6.214518,0.000642,0.217825,0.000000,0.012947,-0.311717,-17.304452,0.011983,0.000000,0.000314,0.001994,-0.000004,0.000314,0.295290,0.158221,-9.804278,-0.003928,0.003434,-0.000000,1.857259,0.003697,27.000000,0.013045,-4.425698,0.000419,0.217825,0.000000,0.012000,0.000000,89,0,1,32,30,-0.003155,-0.004146,0.000696,-0.164092,-0.111413,9.730782,0.286462,0.003697,0.032881,6,1,0,0.000000,0,-6.207704,0.000000,0.013611,0,0.234814,0.000000,0.033977,-6.207704,0.234814,1,1,1,1.786439,0.000000,0.000000,0.000000,0.000000,0.000000,0.000000,0.000000
2.4701,-4.425698,0.217825,-0.003189,0.000000,0.013708,0.033977,0,0.234814,197,0.295200,0.158574,-4.425698,0.002513,-6.226505,-0.003189,-4.425698,-6.214524,-0.003189,0.217825,0.000000,0.013026,-0.311717,-17.304452,0.011981,0.000000,0.000061,0.001883,0.000003,0.000061,0.295200,0.158574,-9.804275,0.012250,-0.012640,0.000000,1.857250,0.003739,27.000000,0.013045,-4.425698,0.002513,0.217825,0.000000,0.012000,0.000000,94,0,1,32,30,0.011768,0.013049,-0.003359,-0.183973,0.447430,10.167052,0.286454,0.003739,0.032880,7,1,0,0.000000,0,-6.207704,0.000000,0.013708,0,0.234814,0.000000,0.033977,-6.207704,0.234814,1,1,1,1.786485,0.000000,0.000000,0.000000,0.000000,0.000000,0.000000,0.000000
2.4801,-4.425702,0.217825,-0.014339,0.000000,0.014547,0.033977,0,0.234814,207,0.295370,0.157892,-4.425702,0.000419,-6.226574,-0.014339,-4.425698,-6.214600,-0.014339,0.217825,0.000000,0.012949,-0.311717,-17.304452,0.011974,0.000000,0.000309,0.001970,0.000024,0.000309,0.295370,0.157892,-9.804281,-0.005528,0.005686,0.000000,1.857175,0.003734,27.000000,0.013045,-4.425698,0.000419,0.217825,0.000000,0.012000,0.000000,99,0,1,32,30,-0.005292,-0.006091,-0.014262,-0.202756,-0.118993,9.567983,0.286379,0.003734,0.032882,6,1,0,0.000000,0,-6.207704,0.000000,0.014547,0,0.234814,0.000000,0.033977,-6.207704,0.234814,1,1,1,1.786535,0.000000,0.000000,0.000000,0.000000,0.000000,0.000000,0.000000
2.4901,-4.425702,0.217825,-0.009543,0.000000,0.014958,0.033977,0,0.234814,217,0.295782,0.157046,-4.425702,0.000419,-6.226673,-0.009543,-4.425698,-6.214697,-0.009543,0.217825,0.000000,0.012857,-0.311717,-17.304452,0.011976,0.000000,0.000604,0.001839,0.000012,0.000604,0.295782,0.157046,-9.804282,0.015112,-0.004275,0.000000,1.857078,0.003735,27.000000,0.013045,-4.425698,0.000419,0.217825,0.000000,0.012000,0.000000,104,0,1,32,30,0.003225,0.015246,-0.009740,-0.204143,0.433244,9.764940,0.286282,0.003735,0.032904,7,1,0,0.000000,0,-6.207704,0.000000,0.014958,0,0.234814,0.000000,0.033977,-6.207704,0.234814,1,1,1,1.786583,0.000000,0.000000,0.000000,0.000000,0.000000,0.000000,0.000000
2.5001,-4.425795,0.217825,0.000484,0.000000,0.014588,0.033977,0,0.234814,226,0.295515,0.158054,-4.425795,0.001466,-6.226731,0.000484,-4.425794,-6.214747,0.000484,0.217825,0.000000,0.013002,-0.311717,-17.304452,0.011984,0.000000,0.000138,0.001855,-0.000077,0.000138,0.295515,0.158054,-9.804274,-0.010323,0.003867,0.000000,1.857026,0.003774,27.000000,0.013045,-4.425794,0.001466,0.217825,0.000000,0.012000,0.000000,109,0,1,32,30,-0.003149,-0.010557,0.000621,-0.029659,0.093249,10.201877,0.286230,0.003774,0.032900,7,1,0,0.000000,0,-6.207704,0.000000,0.014588,0,0.234814,0.000000,0.033977,-6.207704,0.234814,1,1,1,1.786629,0.000000,0.000000,0.000000,0.000000,0.000000,0.000000,0.000000
2.5101,-4.425606,0.217825,-0.015883,0.000000,0.014327,0.033977,0,0.234814,237,0.295825,0.157558,-4.425606,-0.000419,-6.226741,-0.015883,-4.425602,-6.214768,-0.015883,0.217825,0.000000,0.012940,-0.311717,-17.304452,0.011973,0.000000,0.000338,0.001834,0.000111,0.000338,0.295825,0.157558,-9.804273,0.017129,-0.008691,0.000000,1.857007,0.003768,27.000000,0.013045,-4.425602,-0.000419,0.217825,0.000000,0.012000,0.000000,114,0,1,32,30,0.007490,0.017480,-0.016111,-0.126607,0.033215,9.636555,0.286210,0.003768,0.032920,6,1,0,0.000000,0,-6.207704,0.000000,0.014327,0,0.234814,0.000000,0.033977,-6.207704,0.234814,1,1,1,1.786678,0.000000,0.000000,0.000000,0.000000,0.000000,0.000000,0.000000
2.5201,-4.425702,0.217825,-0.003675,0.000000,0.014330,0.033977,0,0.234814,247,0.296099,0.156849,-4.425702,0.001466,-6.226765,-0.003675,-4.425698,-6.214785,-0.003675,0.217825,0.000000,0.012849,-0.311717,-17.304452,0.011980,0.000000,0.000628,0.001782,-0.000002,0.000628,0.296099,0.156849,-9.804276,-0.005948,0.003572,0.000000,1.856990,0.003754,27.000000,0.013045,-4.425698,0.001466,0.217825,0.000000,0.012000,0.000000,119,0,1,32,30,-0.003185,0.021610,-0.007538,-0.233238,0.453884,9.640713,0.286196,0.003755,0.032935,7,1,0,0.000000,0,-6.207704,0.000000,0.014330,0,0.234814,0.000000,0.033977,-6.207704,0.234814,1,1,1,1.786727,0.000000,0.000000,0.000000,0.000000,0.000000,0.000000,0.000000
2.5301,-4.425796,0.217825,-0.016265,0.000000,0.014986,0.033977,0,0.234814,1,0.295686,0.158101,-4.425796,-0.001466,-6.226827,-0.016265,-4.425794,-6.214853,-0.016265,0.217825,0.000000,0.012980,-0.311717,-17.304452,0.011973,0.000000,0.000208,0.001871,-0.000078,0.000208,0.295686,0.158101,-9.804268,0.003336,0.009364,0.000000,1.856921,0.003751,27.000000,0.013045,-4.425794,-0.001466,0.217825,0.000000,0.012000,0.000000,124,0,1,32,30,-0.009571,0.002473,-0.016299,-0.096526,-0.189522,9.864026,0.286125,0.003751,0.032918,6,1,0,0.000000,0,-6.207704,0.000000,0.014986,0,0.234814,0.000000,0.033977,-6.207704,0.234814,1,1,1,1.786773,0.000000,0.000000,0.000000,0.000000,0.000000,0.000000,0.000000
2.5401,-4.425695,0.217825,-0.007723,0.000000,0.014278,0.033977,0,0.234814,11,0.296130,0.156922,-4.425695,-0.000419,-6.226830,-0.007723,-4.425698,-6.214852,-0.007723,0.217825,0.000000,0.012867,-0.311717,-17.304452,0.011978,0.000000,0.000572,0.001839,0.000078,0.000572,0.296130,0.156922,-9.804274,0.002126,-0.005533,0.000000,1.856923,0.003765,27.000000,0.013045,-4.425698,-0.000419,0.217825,0.000000,0.012000,0.000000,129,0,1,32,30,0.005366,0.012917,0.005168,-0.126843,0.297886,9.888045,0.286131,0.003760,0.032936,7,1,0,0.000000,0,-6.207704,0.000000,0.014278,0,0.234814,0.000000,0.033977,-6.207704,0.234814,1,1,1,1.786823,0.000000,0.000000,0.000000,0.000000,0.000000,0.000000,0.000000
2.5501,-4.425698,0.217825,0.002729,0.000000,0.015428,0.033977,0,0.234814,21,0.296091,0.158598,-4.425698,-0.000419,-6.226931,0.002729,-4.425698,-6.214946,0.002729,0.217825,0.000000,0.013022,-0.311717,-17.304452,0.011985,0.000000,0.000075,0.001849,-0.000095,0.000075,0.296091,0.158598,-9.804248,-0.006679,-0.004938,0.000000,1.856828,0.003752,27.000000,0.013045,-4.425698,-0.000419,0.217825,0.000000,0.012000,0.000000,134,0,1,32,30,0.005386,-0.006287,0.002811,-0.193332,0.004022,9.674500,0.286032,0.003752,0.032969,6,1,0,0.000000,0,-6.207704,0.000000,0.015428,0,0.234814,0.000000,0.033977,-6.207704,0.234814,1,1,1,1.786869,0.000000,0.000000,0.000000,0.000000,0.000000,0.000000,0.000000
2.5601,-4.425701,0.217825,-0.011784,0.000000,0.014920,0.033977,0,0.234814,31,0.296398,0.157080,-4.425701,-0.000419,-6.226957,-0.011784,-4.425698,-6.214983,-0.011784,0.217825,0.000000,0.012894,-0.311717,-17.304452,0.011974,0.000000,0.000485,0.001846,0.000008,0.000485,0.296398,0.157080,-9.804263,0.011186,0.000271,0.000000,1.856792,0.003782,27.000000,0.013045,-4.425698,-0.000419,0.217825,0.000000,0.012000,0.000000,139,0,1,32,30,-0.001041,0.010988,-0.011926,-0.012879,0.423785,9.764969,0.285995,0.003782,0.032966,7,1,0,0.000000,0,-6.207704,0.000000,0.014920,0,0.234814,0.000000,0.033977,-6.207704,0.234814,1,1,1,1.786919,0.000000,0.000000,0.000000,0.000000,0.000000,0.000000,0.000000
2.5701,-4.425602,0.217825,0.001836,0.000000,0.013937,0.033977,0,0.234814,41,0.295959,0.158118,-4.425602,0.001466,-6.226916,0.001836,-4.425602,-6.214931,0.001836,0.217825,0.000000,0.013039,-0.311717,-17.304452,0.011985,0.001000,0.000018,0.001849,0.000079,0.000018,0.295959,0.158118,-9.804260,-0.002557,-0.007357,0.001000,1.856842,0.003815,27.000000,0.013045,-4.425602,0.001466,0.217825,0.000000,0.012000,0.001000,144,0,1,32,30,0.007516,-0.002007,0.002863,-0.097807,0.324585,10.051029,0.286045,0.003815,0.032946,6,1,0,0.000000,0,-6.207704,0.000000,0.013937,0,0.234814,0.000000,0.033977,-6.207704,0.234814,1,1,1,1.786964,0.000000,0.000000,0.000000,0.000000,0.000000,0.000000,0.000000
2.5801,-4.425603,0.217825,-0.009758,0.000000,0.015095,0.033977,0,0.234814,51,0.296305,0.157514,-4.425603,0.001466,-6.226960,-0.009758,-4.425602,-6.214984,-0.009758,0.217825,0.000000,0.012949,-0.311717,-17.304452,0.011976,0.000000,0.000307,0.001858,0.000007,0.000307,0.296305,0.157514,-9.804259,0.007009,0.002693,0.000000,1.856789,0.003793,27.000000,0.013045,-4.425602,0.001466,0.217825,0.000000,0.012000,0.000000,149,0,1,32,30,-0.003170,0.006680,-0.009845,-0.107576,0.052467,9.627191,0.285993,0.003793,0.032967,7,1,0,0.000000,0,-6.207704,0.000000,0.015095,0,0.234814,0.000000,0.033977,-6.207704,0.234814,1,1,1,1.787013,0.000000,0.000000,0.000000,0.000000,0.000000,0.000000,0.000000
2.5901,-4.425697,0.217825,0.002941,0.000000,0.015458,0.033977,0,0.234814,61,0.296566,0.156998,-4.425697,0.000419,-6.227044,0.002941,-4.425698,-6.215059,0.002941,0.217825,0.000000,0.012904,-0.311717,-17.304452,0.011984,0.000000,0.000452,0.001882,0.000003,0.000452,0.296566,0.156998,-9.804259,0.001707,-0.007647,0.000000,1.856714,0.003804,27.000000,0.013045,-4.425698,0.000419,0.217825,0.000000,0.012000,0.000000,154,0,1,32,30,0.007511,0.002267,0.002912,-0.194284,0.234216,9.619390,0.285918,0.003804,0.032981,6,1,0,0.000000,0,-6.207704,0.000000,0.015458,0,0.234814,0.000000,0.033977,-6.207704,0.234814,1,1,1,1.787062,0.000000,0.000000,0.000000,0.000000,0.000000,0.000000,0.000000
2.6001,-4.425698,0.217825,-0.012158,0.000000,0.014960,0.033977,0,0.234814,71,0.296227,0.157751,-4.425698,0.001466,-6.227055,-0.012158,-4.425698,-6.215080,-0.012158,0.217825,0.000000,0.012995,-0.311717,-17.304452,0.011975,0.000000,0.000159,0.001848,0.000009,0.000159,0.296227,0.157751,-9.804257,-0.003170,0.009805,0.000000,1.856693,0.003813,27.000000,0.013045,-4.425698,0.001466,0.217825,0.000000,0.012000,0.000000,159,0,1,32,30,-0.009563,-0.003995,-0.012107,-0.096242,-0.332009,9.786031,0.285896,0.003813,0.032964,7,1,0,0.000000,0,-6.207704,0.000000,0.014960,0,0.234814,0.000000,0.033977,-6.207704,0.234814,1,1,1,1.787108,0.000000,0.000000,0.000000,0.000000,0.000000,0.000000,0.000000
2.6101,-4.425603,0.217825,-0.003248,0.000000,0.016119,0.033977,0,0.234814,81,0.296313,0.157424,-4.425603,0.000419,-6.227175,-0.003248,-4.425602,-6.215194,-0.003248,0.217825,0.000000,0.012956,-0.311717,-17.304452,0.011981,0.000000,0.000286,0.001848,0.000016,0.000286,0.296313,0.157424,-9.804260,0.010541,-0.006107,0.000000,1.856579,0.003808,27.000000,0.013045,-4.425602,0.000419,0.217825,0.000000,0.012000,0.000000,164,0,1,32,30,0.005366,0.010893,-0.003389,-0.184158,0.448255,10.100068,0.285783,0.003808,0.032966,7,1,0,0.000000,0,-6.207704,0.000000,0.016119,0,0.234814,0.000000,0.033977,-6.207704,0.234814,1,1,1,1.787156,0.000000,0.000000,0.000000,0.000000,0.000000,0.000000,0.000000
2.6201,-4.425698,0.217825,0.001650,0.000000,0.014899,0.033977,0,0.234814,91,0.296081,0.158372,-4.425698,-0.000419,-6.227173,0.001650,-4.425698,-6.215187,0.001650,0.217825,0.000000,0.013045,-0.311717,-17.304452,0.011985,-0.001000,0.000000,0.001985,-0.000102,0.000000,0.296081,0.158372,-9.804252,-0.004351,-0.002956,-0.001002,1.856586,0.003798,27.000000,0.013045,-4.425698,-0.000419,0.217825,0.000000,0.012000,-0.001000,169,0,1,32,30,0.003248,-0.004128,0.000701,-0.212673,0.089716,9.704060,0.285789,0.003798,0.032963,7,1,0,0.000000,0,-6.207704,0.000000,0.014899,0,0.234814,0.000000,0.033977,-6.207704,0.234814,1,1,1,1.787203,0.000000,0.000000,0.000000,0.000000,0.000000,0.000000,0.000000
2.6301,-4.425700,0.217825,-0.009707,0.000000,0.015377,0.033977,0,0.234814,101,0.296374,0.157843,-4.425700,-0.000419,-6.227199,-0.009707,-4.425698,-6.215222,-0.009707,0.217825,0.000000,0.012979,-0.311717,-17.304452,0.011977,0.000000,0.000212,0.001823,-0.000087,0.000212,0.296374,0.157843,-9.804252,0.009282,0.004679,0.000000,1.856552,0.003791,27.000000,0.013045,-4.425698,-0.000419,0.217825,0.000000,0.012000,0.000000,174,0,1,32,30,-0.005307,0.008811,-0.009822,-0.107583,0.061911,9.636856,0.285756,0.003791,0.032981,6,1,0,0.000000,0,-6.207704,0.000000,0.015377,0,0.234814,0.000000,0.033977,-6.207704,0.234814,1,1,1,1.787252,0.000000,0.000000,0.000000,0.000000,0.000000,0.000000,0.000000
2.6401,-4.425698,0.217825,-0.003776,0.000000,0.015424,0.033977,0,0.234814,111,0.296597,0.156646,-4.425698,0.000419,-6.227235,-0.003776,-4.425698,-6.215254,-0.003776,0.217825,0.000000,0.012896,-0.311717,-17.304452,0.011980,0.000000,0.000477,0.001842,0.000004,0.000477,0.296597,0.156646,-9.804264,-0.010493,-0.000398,0.000000,1.856519,0.003832,27.000000,0.013045,-4.425698,0.000419,0.217825,0.000000,0.012000,0.000000,179,0,1,32,30,0.001119,-0.010488,-0.003641,-0.154218,0.047257,10.048205,0.285722,0.003832,0.032977,6,1,0,0.000000,0,-6.207704,0.000000,0.015424,0,0.234814,0.000000,0.033977,-6.207704,0.234814,1,1,1,1.787300,0.000000,0.000000,0.000000,0.000000,0.000000,0.000000,0.000000
2.6501,-4.425693,0.217825,-0.001220,0.000000,0.015616,0.033977,0,0.234814,119,0.296510,0.157641,-4.425693,-0.000419,-6.227279,-0.001220,-4.425698,-6.215297,-0.001220,0.217825,0.000000,0.012977,-0.311717,-17.304452,0.011982,0.000000,0.002064,0.002152,0.000001,0.002064,0.296510,0.157641,-9.804251,0.006222,-0.005813,0.000000,1.856476,0.003812,27.000000,0.013045,-4.425698,-0.000419,0.217825,0.000000,0.012000,0.000000,184,0,1,32,30,0.005371,0.006591,-0.001306,-0.289020,0.032539,9.684295,0.285680,0.003812,0.032990,7,1,0,0.000000,0,-6.207704,0.000000,0.015616,0,0.234814,0.000000,0.033977,-6.207704,0.234814,1,1,1,1.787347,0.000000,0.000000,0.000000,0.000000,0.000000,0.000000,0.000000
2.6601,-4.425696,0.217825,0.005065,0.000000,0.015388,0.033977,0,0.234814,131,0.296871,0.157063,-4.425696,0.000419,-6.227300,0.005065,-4.425698,-6.215314,0.005065,0.217825,0.000000,0.012906,-0.311717,-17.304452,0.011986,0.000000,0.000445,0.001846,-0.000003,0.000445,0.296871,0.157063,-9.804249,0.002355,0.003006,0.000000,1.856459,0.003807,27.000000,0.013045,-4.425698,0.000419,0.217825,0.000000,0.012000,0.000000,189,0,1,32,30,-0.003161,0.002208,0.005036,-0.155872,0.337061,9.811856,0.285663,0.003807,0.033013,6,1,0,0.000000,0,-6.207704,0.000000,0.015388,0,0.234814,0.000000,0.033977,-6.207704,0.234814,1,1,1,1.787396,0.000000,0.000000,0.000000,0.000000,0.000000,0.000000,0.000000
2.6701,-4.425698,0.217825,0.009016,0.000000,0.014928,0.033977,0,0.234814,141,0.296777,0.158357,-4.425698,-0.001466,-6.227275,0.009016,-4.425698,-6.215290,0.009016,0.217825,0.000000,0.013045,-0.311717,-17.304452,0.011985,0.000000,0.000000,0.001995,-0.000101,0.000000,0.296777,0.158357,-9.804231,-0.010265,0.008141,-0.000006,1.856483,0.003815,27.000000,0.013045,-4.425698,-0.001466,0.217825,0.000000,0.012000,0.000000,194,0,1,32,30,-0.007415,-0.010683,0.009150,-0.172118,-0.306545,10.044639,0.285687,0.003815,0.033032,6,1,0,0.000000,0,-6.207704,0.000000,0.014928,0,0.234814,0.000000,0.033977,-6.207704,0.234814,1,1,1,1.787441,0.000000,0.000000,0.000000,0.000000,0.000000,0.000000,0.000000
2.6801,-4.425603,0.217825,-0.005213,0.000000,0.014593,0.033977,0,0.234814,151,0.297083,0.157471,-4.425603,0.001466,-6.227221,-0.005213,-4.425602,-6.215242,-0.005213,0.217825,0.000000,0.012955,-0.311717,-17.304452,0.011979,0.000000,0.000288,0.001881,0.000200,0.000288,0.297083,0.157471,-9.804236,0.016286,-0.017195,0.000000,1.856531,0.003820,27.000000,0.013045,-4.425602,0.001466,0.217825,0.000000,0.012000,0.000000,199,0,1,32,30,0.016032,0.017363,-0.005439,-0.136325,0.335186,9.964977,0.285735,0.003820,0.033043,7,1,0,0.000000,0,-6.207704,0.000000,0.014593,0,0.234814,0.000000,0.033977,-6.207704,0.234814,1,1,1,1.787489,0.000000,0.000000,0.000000,0.000000,0.000000,0.000000,0.000000
2.6901,-4.425609,0.217825,-0.014389,0.000000,0.015649,0.033977,0,0.234814,161,0.297121,0.156515,-4.425609,0.000419,-6.227263,-0.014389,-4.425602,-6.215290,-0.014389,0.217825,0.000000,0.012873,-0.311717,-17.304452,0.011974,0.000000,0.000551,0.001855,0.000021,0.000551,0.297121,0.156515,-9.804250,-0.007801,0.003702,0.000000,1.856483,0.003834,27.000000,0.013045,-4.425602,0.000419,0.217825,0.000000,0.012000,0.000000,3,0,1,32,30,-0.003156,-0.008222,-0.014285,-0.241240,-0.080294,9.530066,0.285687,0.003834,0.033026,6,1,0,0.000000,0,-6.207704,0.000000,0.015649,0,0.234814,0.000000,0.033977,-6.207704,0.234814,1,1,1,1.787537,0.000000,0.000000,0.000000,0.000000,0.000000,0.000000,0.000000
2.7001,-4.425698,0.217825,0.013747,0.000000,0.015873,0.033977,0,0.234814,171,0.297123,0.158253,-4.425698,-0.000419,-6.227340,0.013747,-4.425698,-6.215348,0.013747,0.217825,0.000000,0.013033,-0.311717,-17.304452,0.011991,0.000000,0.000037,0.001987,0.000011,0.000037,0.297123,0.158253,-9.804222,0.008947,0.008974,0.000000,1.856425,0.003821,27.000000,0.013045,-4.425698,-0.000419,0.217825,0.000000,0.012000,0.000000,8,0,1,32,30,-0.009569,0.008487,0.013638,-0.145763,0.042767,9.636639,0.285628,0.003821,0.033064,6,1,0,0.000000,0,-6.207704,0.000000,0.015873,0,0.234814,0.000000,0.033977,-6.207704,0.234814,1,1,1,1.787583,0.000000,0.000000,0.000000,0.000000,0.000000,0.000000,0.000000
2.7101,-4.425799,0.217825,-0.004645,0.000000,0.016166,0.033977,0,0.234814,181,0.297554,0.156653,-4.425799,0.000419,-6.227399,-0.004645,-4.425794,-6.215421,-0.004645,0.217825,0.000000,0.012890,-0.311717,-17.304452,0.011978,-0.001000,0.000497,0.001849,-0.000176,0.000497,0.297554,0.156653,-9.804235,0.000080,-0.003255,-0.001000,1.856351,0.003846,27.000000,0.013045,-4.425794,0.000419,0.217825,0.000000,0.012000,-0.001000,13,0,1,32,30,0.003242,0.000231,-0.005648,-0.192807,0.237062,10.164933,0.285555,0.003846,0.033072,7,1,0,0.000000,0,-6.207704,0.000000,0.016166,0,0.234814,0.000000,0.033977,-6.207704,0.234814,1,1,1,1.787631,0.000000,0.000000,0.000000,0.000000,0.000000,0.000000,0.000000
2.7201,-4.425602,0.217825,-0.003565,0.000000,0.015993,0.033977,0,0.234814,191,0.296804,0.157817,-4.425602,0.000419,-6.227449,-0.003565,-4.425602,-6.215468,-0.003565,0.217825,0.000000,0.013028,-0.311717,-17.304452,0.011981,0.000000,0.000055,0.001847,0.000004,0.000055,0.296804,0.157817,-9.804239,-0.002107,-0.003107,0.000000,1.856304,0.003852,27.000000,0.013045,-4.425602,0.000419,0.217825,0.000000,0.012000,0.000000,18,0,1,32,30,0.003245,-0.001934,-0.003540,-0.221488,-0.148985,9.672944,0.285508,0.003852,0.033023,6,1,0,0.000000,0,-6.207704,0.000000,0.015993,0,0.234814,0.000000,0.033977,-6.207704,0.234814,1,1,1,1.787677,0.000000,0.000000,0.000000,0.000000,0.000000,0.000000,0.000000
2.7301,-4.425510,0.217825,-0.011886,0.000000,0.014614,0.033977,0,0.234814,201,0.297418,0.157255,-4.425510,0.001466,-6.227366,-0.011886,-4.425506,-6.215392,-0.011886,0.217825,0.000000,0.012960,-0.311717,-17.304452,0.011974,0.000000,0.000272,0.001876,0.000096,0.000272,0.297418,0.157255,-9.804229,0.006783,-0.001570,0.000000,1.856380,0.003854,27.000000,0.013045,-4.425506,0.001466,0.217825,0.000000,0.012000,0.000000,23,0,1,32,30,0.001099,0.006721,-0.011974,-0.328839,0.547921,9.766011,0.285584,0.003854,0.033072,7,1,0,0.000000,0,-6.207704,0.000000,0.014614,0,0.234814,0.000000,0.033977,-6.207704,0.234814,1,1,1,1.787725,0.000000,0.000000,0.000000,0.000000,0.000000,0.000000,0.000000
2.7401,-4.425602,0.217825,-0.012256,0.000000,0.015571,0.033977,0,0.234814,211,0.297270,0.157958,-4.425602,0.001466,-6.227393,-0.012256,-4.425602,-6.215408,-0.012256,0.217825,0.000000,0.013045,-0.311717,-17.304452,0.011985,0.000000,0.000000,0.001881,0.000005,0.000000,0.297270,0.157958,-9.804223,-0.007713,0.005835,-0.000004,1.856363,0.003865,27.000000,0.013045,-4.425602,0.001466,0.217825,0.000000,0.012000,0.000000,28,0,1,32,30,-0.005290,-0.008256,-0.012154,-0.201854,-0.010022,10.038029,0.285567,0.003865,0.033073,6,1,0,0.000000,0,-6.207704,0.000000,0.015571,0,0.234814,0.000000,0.033977,-6.207704,0.234814,1,1,1,1.787770,0.000000,0.000000,0.000000,0.000000,0.000000,0.000000,0.000000
2.7501,-4.425699,0.217825,-0.009641,0.000000,0.015633,0.033977,0,0.234814,221,0.297144,0.157584,-4.425699,-0.000419,-6.227403,-0.009641,-4.425698,-6.215427,-0.009641,0.217825,0.000000,0.013016,-0.311717,-17.304452,0.011976,0.000000,0.000094,0.001848,-0.000011,0.000094,0.297144,0.157584,-9.804232,0.010428,-0.010375,0.000000,1.856344,0.003870,27.000000,0.013045,-4.425698,-0.000419,0.217825,0.000000,0.012000,0.000000,33,0,1,32,30,0.009633,0.010991,-0.009785,-0.088848,0.355514,9.869509,0.285548,0.003870,0.033052,7,1,0,0.000000,0,-6.207704,0.000000,0.015633,0,0.234814,0.000000,0.033977,-6.207704,0.234814,1,1,1,1.787817,0.000000,0.000000,0.000000,0.000000,0.000000,0.000000,0.000000
2.7601,-4.425604,0.217825,-0.003518,0.000000,0.015315,0.033977,0,0.234814,231,0.297611,0.157051,-4.425604,0.000419,-6.227397,-0.003518,-4.425602,-6.215416,-0.003518,0.217825,0.000000,0.012931,-0.311717,-17.304452,0.011981,0.000000,0.000366,0.001863,0.000097,0.000366,0.297611,0.157051,-9.804227,0.000447,0.003138,0.000000,1.856356,0.003849,27.000000,0.013045,-4.425602,0.000419,0.217825,0.000000,0.012000,0.000000,38,0,1,32,30,-0.003161,0.000184,-0.003520,-0.288888,-0.005709,9.683910,0.285560,0.003849,0.033087,6,1,0,0.000000,0,-6.207704,0.000000,0.015315,0,0.234814,0.000000,0.033977,-6.207704,0.234814,1,1,1,1.787865,0.000000,0.000000,0.000000,0.000000,0.000000,0.000000,0.000000
2.7701,-4.425698,0.217825,-0.003520,0.000000,0.015721,0.033977,0,0.234814,241,0.297591,0.158129,-4.425698,-0.000419,-6.227422,-0.003520,-4.425698,-6.215441,-0.003520,0.217825,0.000000,0.013038,-0.311717,-17.304452,0.011981,0.000000,0.000024,0.001902,-0.000186,0.000024,0.297591,0.158129,-9.804210,0.000588,0.005268,0.000000,1.856331,0.003848,27.000000,0.013045,-4.425698,-0.000419,0.217825,0.000000,0.012000,0.000000,43,0,1,32,30,-0.005296,0.000178,-0.003522,-0.096559,-0.179960,9.864122,0.285535,0.003848,0.033108,7,1,0,0.000000,0,-6.207704,0.000000,0.015721,0,0.234814,0.000000,0.033977,-6.207704,0.234814,1,1,1,1.787910,0.000000,0.000000,0.000000,0.000000,0.000000,0.000000,0.000000
2.7801,-4.425698,0.217825,0.002887,0.000000,0.015937,0.033977,0,0.234814,251,0.297711,0.157885,-4.425698,0.000419,-6.227465,0.002887,-4.425698,-6.215480,0.002887,0.217825,0.000000,0.013045,-0.311717,-17.304452,0.011985,0.000000,0.000000,0.002040,0.000098,0.000000,0.297711,0.157885,-9.804210,-0.000284,-0.005372,0.000000,1.856291,0.003882,27.000000,0.013045,-4.425698,0.000419,0.217825,0.000000,0.012000,0.000000,48,0,1,32,30,0.005379,0.000124,0.002886,-0.078015,0.312205,10.280609,0.285495,0.003882,0.033115,6,1,0,0.000000,0,-6.207704,0.000000,0.015937,0,0.234814,0.000000,0.033977,-6.207704,0.234814,1,1,1,1.787956,0.000000,0.000000,0.000000,0.000000,0.000000,0.000000,0.000000
2.7901,-4.425595,0.217825,-0.015989,0.000000,0.015233,0.033977,0,0.234814,5,0.298066,0.156405,-4.425595,0.000419,-6.227426,-0.015989,-4.425602,-6.215453,-0.015989,0.217825,0.000000,0.012880,-0.311717,-17.304452,0.011973,0.000000,0.000530,0.001841,-0.000010,0.000530,0.298066,0.156405,-9.804223,0.012865,-0.008401,0.000000,1.856319,0.003872,27.000000,0.013045,-4.425602,0.000419,0.217825,0.000000,0.012000,0.000000,53,0,1,32,30,0.007494,0.013206,-0.016161,-0.194154,0.045333,9.426084,0.285522,0.003872,0.033118,6,1,0,0.000000,0,-6.207704,0.000000,0.015233,0,0.234814,0.000000,0.033977,-6.207704,0.234814,1,1,1,1.788004,0.000000,0.000000,0.000000,0.000000,0.000000,0.000000,0.000000
2.8001,-4.425698,0.217825,-0.003091,0.000000,0.015698,0.033977,0,0.234814,15,0.297881,0.157700,-4.425698,0.001466,-6.227451,-0.003091,-4.425698,-6.215470,-0.003091,0.217825,0.000000,0.012999,-0.311717,-17.304452,0.011981,0.000000,0.000148,0.001836,-0.000097,0.000148,0.297881,0.157700,-9.804208,0.017077,-0.004410,0.000000,1.856302,0.003858,27.000000,0.013045,-4.425698,0.001466,0.217825,0.000000,0.012000,0.000000,58,0,1,32,30,0.003225,0.017298,-0.003316,-0.070275,0.423872,9.755363,0.285506,0.003858,0.033128,6,1,0,0.000000,0,-6.207704,0.000000,0.015698,0,0.234814,0.000000,0.033977,-6.207704,0.234814,1,1,1,1.788048,0.000000,0.000000,0.000000,0.000000,0.000000,0.000000,0.000000
2.8101,-4.425602,0.217825,0.013275,0.000000,0.015888,0.033977,0,0.234814,25,0.298015,0.157367,-4.425602,-0.000419,-6.227492,0.013275,-4.425602,-6.215500,0.013275,0.217825,0.000000,0.012976,-0.311717,-17.304452,0.011992,0.000000,0.000220,0.002008,0.000016,0.000220,0.298015,0.157367,-9.804209,-0.010376,0.008148,-0.000000,1.856272,0.003872,27.000000,0.013045,-4.425602,-0.000419,0.217825,0.000000,0.012000,0.000000,63,0,1,32,30,-0.007414,-0.010740,0.013416,-0.096904,-0.178429,9.739722,0.285476,0.003872,0.033134,7,1,0,0.000000,0,-6.207704,0.000000,0.015888,0,0.234814,0.000000,0.033977,-6.207704,0.234814,1,1,1,1.788095,0.000000,0.000000,0.000000,0.000000,0.000000,0.000000,0.000000
2.8201,-4.425602,0.217825,0.005275,0.000000,0.015599,0.033977,0,0.234814,35,0.297922,0.157876,-4.425602,-0.000419,-6.227486,0.005275,-4.425602,-6.215500,0.005275,0.217825,0.000000,0.013045,-0.311717,-17.304452,0.011985,0.000000,0.000000,0.002010,-0.000003,0.000000,0.297922,0.157876,-9.804204,0.010458,-0.003964,0.000006,1.856271,0.003888,27.000000,0.013045,-4.425602,-0.000419,0.217825,0.000000,0.012000,0.000000,68,0,1,32,30,0.003234,0.010774,0.005141,-0.108051,0.280540,9.744328,0.285474,0.003888,0.033136,7,1,0,0.000000,0,-6.207704,0.000000,0.015599,0,0.234814,0.000000,0.033977,-6.207704,0.234814,1,1,1,1.788140,0.000000,0.000000,0.000000,0.000000,0.000000,0.000000,0.000000
2.8301,-4.425602,0.217825,0.000488,0.000000,0.015459,0.033977,0,0.234814,45,0.298151,0.157067,-4.425602,0.000419,-6.227472,0.000488,-4.425602,-6.215489,0.000488,0.217825,0.000000,0.012954,-0.311717,-17.304452,0.011983,0.000000,0.000291,0.001858,0.000096,0.000291,0.298151,0.157067,-9.804210,-0.010604,-0.000391,0.000000,1.856282,0.003883,27.000000,0.013045,-4.425602,0.000419,0.217825,0.000000,0.012000,0.000000,73,0,1,32,30,0.001120,-0.010545,0.000625,-0.269898,-0.005110,9.636077,0.285486,0.003883,0.033141,7,1,0,0.000000,0,-6.207704,0.000000,0.015459,0,0.234814,0.000000,0.033977,-6.207704,0.234814,1,1,1,1.788186,0.000000,0.000000,0.000000,0.000000,0.000000,0.000000,0.000000
2.8401,-4.425699,0.217825,-0.004444,0.000000,0.015339,0.033977,0,0.234814,55,0.298281,0.156751,-4.425699,-0.000419,-6.227448,-0.004444,-4.425698,-6.215470,-0.004444,0.217825,0.000000,0.012926,-0.311717,-17.304452,0.011978,-0.001000,0.000381,0.001980,-0.000092,0.000381,0.298281,0.156751,-9.804211,0.009310,0.006816,-0.001000,1.856301,0.003889,27.000000,0.013045,-4.425698,-0.000419,0.217825,0.000000,0.012000,-0.001000,78,0,1,32,30,-0.007440,0.008748,-0.005558,-0.135989,0.079488,9.761430,0.285505,0.003889,0.033147,7,1,0,0.000000,0,-6.207704,0.000000,0.015339,0,0.234814,0.000000,0.033977,-6.207704,0.234814,1,1,1,1.788233,0.000000,0.000000,0.000000,0.000000,0.000000,0.000000,0.000000
2.8501,-4.425601,0.217825,0.003096,0.000000,0.015028,0.033977,0,0.234814,65,0.298177,0.157105,-4.425601,0.001466,-6.227413,0.003096,-4.425602,-6.215428,0.003096,0.217825,0.000000,0.012996,-0.311717,-17.304452,0.011985,0.000000,0.000157,0.001858,-0.000018,0.000157,0.298177,0.157105,-9.804209,0.008382,-0.003822,0.000000,1.856342,0.003921,27.000000,0.013045,-4.425602,0.001466,0.217825,0.000000,0.012000,0.000000,83,0,1,32,30,0.003236,0.008665,0.002983,-0.021103,0.323683,10.127633,0.285546,0.003921,0.033144,6,1,0,0.000000,0,-6.207704,0.000000,0.015028,0,0.234814,0.000000,0.033977,-6.207704,0.234814,1,1,1,1.788277,0.000000,0.000000,0.000000,0.000000,0.000000,0.000000,0.000000
2.8601,-4.425602,0.217825,-0.009700,0.000000,0.016078,0.033977,0,0.234814,74,0.298439,0.156669,-4.425602,0.000419,-6.227457,-0.009700,-4.425602,-6.215481,-0.009700,0.217825,0.000000,0.012936,-0.311717,-17.304452,0.011977,0.000000,0.000350,0.001996,0.000007,0.000350,0.298439,0.156669,-9.804208,0.008718,-0.003841,0.000000,1.856290,0.003910,27.000000,0.013045,-4.425602,0.000419,0.217825,0.000000,0.012000,0.000000,88,0,1,32,30,0.003232,0.008835,-0.009815,-0.307813,-0.100750,9.635091,0.285494,0.003910,0.033161,6,1,0,0.000000,0,-6.207704,0.000000,0.016078,0,0.234814,0.000000,0.033977,-6.207704,0.234814,1,1,1,1.788323,0.000000,0.000000,0.000000,0.000000,0.000000,0.000000,0.000000
2.8701,-4.425698,0.217825,-0.007628,0.000000,0.016529,0.033977,0,0.234814,85,0.298437,0.157782,-4.425698,0.000419,-6.227547,-0.007628,-4.425698,-6.215562,-0.007628,0.217825,0.000000,0.013045,-0.311717,-17.304452,0.011985,0.000000,0.000000,0.001849,0.000024,0.000000,0.298437,0.157782,-9.804190,0.006954,0.002697,0.000004,1.856208,0.003908,27.000000,0.013045,-4.425698,0.000419,0.217825,0.000000,0.012000,0.000000,93,0,1,32,30,-0.003169,0.006652,-0.007712,-0.118109,0.386306,9.697531,0.285412,0.003908,0.033185,6,1,0,0.000000,0,-6.207704,0.000000,0.016529,0,0.234814,0.000000,0.033977,-6.207704,0.234814,1,1,1,1.788366,0.000000,0.000000,0.000000,0.000000,0.000000,0.000000,0.000000
2.8801,-4.425602,0.217825,-0.003887,0.000000,0.015956,0.033977,0,0.234814,95,0.298341,0.156382,-4.425602,0.001466,-6.227562,-0.003887,-4.425602,-6.215582,-0.003887,0.217825,0.000000,0.012948,-0.311717,-17.304452,0.011980,0.000000,0.000310,0.001847,0.000007,0.000310,0.298341,0.156382,-9.804215,-0.014333,0.006283,0.000000,1.856187,0.003949,27.000000,0.013045,-4.425602,0.001466,0.217825,0.000000,0.012000,0.000000,98,0,1,32,30,-0.005280,-0.014780,-0.003696,-0.076966,-0.210285,9.997816,0.285391,0.003949,0.033145,6,1,0,0.000000,0,-6.207704,0.000000,0.015956,0,0.234814,0.000000,0.033977,-6.207704,0.234814,1,1,1,1.788413,0.000000,0.000000,0.000000,0.000000,0.000000,0.000000,0.000000
2.8901,-4.425602,0.217825,0.007305,0.000000,0.014997,0.033977,0,0.234814,105,0.298250,0.157510,-4.425602,0.000419,-6.227504,0.007305,-4.425602,-6.215519,0.007305,0.217825,0.000000,0.013045,-0.311717,-17.304452,0.011985,0.000000,0.000000,0.001848,-0.000027,0.000000,0.298250,0.157510,-9.804200,0.006138,-0.003671,0.000003,1.856251,0.003931,27.000000,0.013045,-4.425602,0.000419,0.217825,0.000000,0.012000,0.000000,103,0,1,32,30,0.003239,0.006472,0.007224,-0.241444,0.061839,9.636768,0.285455,0.003931,0.033160,7,1,0,0.000000,0,-6.207704,0.000000,0.014997,0,0.234814,0.000000,0.033977,-6.207704,0.234814,1,1,1,1.788456,0.000000,0.000000,0.000000,0.000000,0.000000,0.000000,0.000000
2.9001,-4.425604,0.217825,-0.014334,0.000000,0.016487,0.033977,0,0.234814,115,0.298755,0.157080,-4.425604,0.001466,-6.227564,-0.014334,-4.425602,-6.215590,-0.014334,0.217825,0.000000,0.012959,-0.311717,-17.304452,0.011974,0.000000,0.000276,0.001840,0.000016,0.000276,0.298755,0.157080,-9.804192,-0.005950,-0.000703,0.000000,1.856181,0.003899,27.000000,0.013045,-4.425602,0.001466,0.217825,0.000000,0.012000,0.000000,108,0,1,32,30,0.001111,-0.006073,-0.014256,-0.347057,0.195532,9.647614,0.285384,0.003899,0.033201,6,1,0,0.000000,0,-6.207704,0.000000,0.016487,0,0.234814,0.000000,0.033977,-6.207704,0.234814,1,1,1,1.788502,0.000000,0.000000,0.000000,0.000000,0.000000,0.000000,0.000000
2.9101,-4.425602,0.217825,-0.012051,0.000000,0.016592,0.033977,0,0.234814,125,0.298565,0.157594,-4.425602,0.000419,-6.227644,-0.012051,-4.425602,-6.215659,-0.012051,0.217825,0.000000,0.013045,-0.311717,-17.304452,0.011985,0.000000,0.000000,0.001994,0.000106,0.000000,0.298565,0.157594,-9.804189,0.000954,0.007385,0.000000,1.856111,0.003930,27.000000,0.013045,-4.425602,0.000419,0.217825,0.000000,0.012000,0.000000,113,0,1,32,30,-0.007433,0.000285,-0.012056,-0.096500,-0.227299,9.825364,0.285315,0.003930,0.033194,7,1,0,0.000000,0,-6.207704,0.000000,0.016592,0,0.234814,0.000000,0.033977,-6.207704,0.234814,1,1,1,1.788546,0.000000,0.000000,0.000000,0.000000,0.000000,0.000000,0.000000
2.9201,-4.425603,0.217825,-0.007559,0.000000,0.016161,0.033977,0,0.234814,135,0.298953,0.157185,-4.425603,0.001466,-6.227658,-0.007559,-4.425602,-6.215680,-0.007559,0.217825,0.000000,0.013022,-0.311717,-17.304452,0.011978,0.000000,0.000075,0.002015,0.000018,0.000075,0.298953,0.157185,-9.804184,0.008098,-0.012358,0.000000,1.856089,0.003956,27.000000,0.013045,-4.425602,0.001466,0.217825,0.000000,0.012000,0.000000,118,0,1,32,30,0.011771,0.008831,-0.007675,-0.145925,0.467163,10.119424,0.285293,0.003956,0.033223,6,1,0,0.000000,0,-6.207704,0.000000,0.016161,0,0.234814,0.000000,0.033977,-6.207704,0.234814,1,1,1,1.788592,0.000000,0.000000,0.000000,0.000000,0.000000,0.000000,0.000000
2.9301,-4.425699,0.217825,-0.005751,0.000000,0.016297,0.033977,0,0.234814,145,0.298993,0.156318,-4.425699,-0.000419,-6.227687,-0.005751,-4.425698,-6.215709,-0.005751,0.217825,0.000000,0.012908,-0.311717,-17.304452,0.011978,0.000000,0.000438,0.001856,-0.000086,0.000438,0.298993,0.156318,-9.804196,-0.004042,-0.000836,0.000000,1.856062,0.003930,27.000000,0.013045,-4.425698,-0.000419,0.217825,0.000000,0.012000,0.000000,123,0,1,32,30,0.001112,-0.004049,-0.005700,-0.183553,-0.044018,9.693164,0.285265,0.003930,0.033208,7,1,0,0.000000,0,-6.207704,0.000000,0.016297,0,0.234814,0.000000,0.033977,-6.207704,0.234814,1,1,1,1.788638,0.000000,0.000000,0.000000,0.000000,0.000000,0.000000,0.000000
2.9401,-4.425615,0.217825,-0.007528,0.000000,0.016596,0.033977,0,0.234814,153,0.298760,0.157565,-4.425615,0.001466,-6.227743,-0.007528,-4.425602,-6.215758,-0.007528,0.217825,0.000000,0.013045,-0.311717,-17.304452,0.011985,0.000000,0.002016,0.001997,0.000009,0.002016,0.298760,0.157565,-9.804184,0.011358,0.004537,0.000007,1.856012,0.003937,27.000000,0.013045,-4.425602,0.001466,0.217825,0.000000,0.012000,0.000000,128,0,1,32,30,-0.005308,0.010919,-0.007664,-0.089994,0.445342,9.564157,0.285216,0.003937,0.033212,6,1,0,0.000000,0,-6.207704,0.000000,0.016596,0,0.234814,0.000000,0.033977,-6.207704,0.234814,1,1,1,1.788681,0.000000,0.000000,0.000000,0.000000,0.000000,0.000000,0.000000
2.9501,-4.425604,0.217825,0.002612,0.000000,0.016453,0.033977,0,0.234814,165,0.299055,0.156592,-4.425604,-0.001466,-6.227771,0.002612,-4.425602,-6.215787,0.002612,0.217825,0.000000,0.012951,-0.311717,-17.304452,0.011984,0.000000,0.000302,0.001979,0.000010,0.000302,0.299055,0.156592,-9.804190,-0.009955,0.010262,0.000000,1.855983,0.003946,27.000000,0.013045,-4.425602,-0.001466,0.217825,0.000000,0.012000,0.000000,133,0,1,32,30,-0.009552,-0.010604,0.002749,-0.191757,-0.172453,10.026833,0.285187,0.003946,0.033220,7,1,0,0.000000,0,-6.207704,0.000000,0.016453,0,0.234814,0.000000,0.033977,-6.207704,0.234814,1,1,1,1.788727,0.000000,0.000000,0.000000,0.000000,0.000000,0.000000,0.000000
2.9601,-4.425601,0.217825,0.001644,0.000000,0.015816,0.033977,0,0.234814,175,0.299148,0.157274,-4.425601,0.000419,-6.227741,0.001644,-4.425602,-6.215758,0.001644,0.217825,0.000000,0.013006,-0.311717,-17.304452,0.011983,-0.001000,0.000124,0.001843,-0.000009,0.000124,0.299148,0.157274,-9.804176,-0.004069,0.001304,-0.001000,1.856012,0.003936,27.000000,0.013045,-4.425602,0.000419,0.217825,0.000000,0.012000,-0.001000,138,0,1,32,30,-0.001021,-0.004140,0.000698,-0.183963,0.014296,9.617188,0.285216,0.003936,0.033245,6,1,0,0.000000,0,-6.207704,0.000000,0.015816,0,0.234814,0.000000,0.033977,-6.207704,0.234814,1,1,1,1.788771,0.000000,0.000000,0.000000,0.000000,0.000000,0.000000,0.000000
2.9701,-4.425606,0.217825,-0.018700,0.000000,0.016238,0.033977,0,0.234814,185,0.285709,0.217649,-4.425606,-0.000419,-6.227751,-0.018700,-4.425602,-6.215769,-0.018700,0.217825,0.000000,0.019343,0.562275,54.177481,0.011982,0.000000,0.000423,0.001903,0.000013,0.000423,0.285709,0.217649,-9.803423,-0.007992,-0.002703,0.000000,1.855974,0.003963,27.000000,0.019105,-4.425602,-0.000419,0.217825,0.000000,0.012000,0.000000,143,0,1,32,30,0.003247,-0.008147,-0.018546,-0.098927,0.263660,9.562325,0.285178,0.003963,0.033237,6,1,0,0.000000,0,-6.207704,0.000000,0.016238,0,0.234814,0.000000,0.033977,-6.207704,0.234814,1,1,1,1.788816,0.000000,0.000000,0.000000,0.000000,0.000000,0.000000,0.000000
2.9801,-4.425588,0.217825,0.007349,0.000000,0.017308,0.033977,0,0.234814,193,0.299271,0.155594,-4.425588,0.001466,-6.227854,0.007349,-4.425602,-6.215867,0.007349,0.217825,0.000000,0.012883,-0.338104,-21.683444,0.011987,0.000000,0.002469,0.001995,0.000007,0.002469,0.299271,0.155594,-9.804199,0.009117,0.008964,0.000000,1.855902,0.003983,27.000000,0.013045,-4.425602,0.001466,0.217825,0.000000,0.012000,0.000000,148,0,1,32,30,-0.005285,-0.006403,0.009201,-0.077410,-0.293044,9.729012,0.285100,0.003989,0.033215,6,1,0,0.000000,0,-6.207704,0.000000,0.017308,0,0.234814,0.000000,0.033977,-6.207704,0.234814,1,1,1,1.788862,0.000000,0.000000,0.000000,0.000000,0.000000,0.000000,0.000000
2.9901,-4.425601,0.217825,0.005341,0.000000,0.015693,0.033977,0,0.234814,205,0.299330,0.156707,-4.425601,0.000419,-6.227800,0.005341,-4.425602,-6.215814,0.005341,0.217825,0.000000,0.012993,-0.338104,-21.683444,0.011986,0.000000,0.000154,0.002000,-0.000014,0.000154,0.299330,0.156707,-9.804180,0.012025,-0.012629,0.000000,1.855954,0.003983,27.000000,0.013045,-4.425602,0.000419,0.217825,0.000000,0.012000,0.000000,153,0,1,32,30,0.011770,0.012935,0.005173,-0.146064,0.477197,10.081244,0.285158,0.003983,0.033250,6,1,0,0.000000,0,-6.207704,0.000000,0.015693,0,0.234814,0.000000,0.033977,-6.207704,0.234814,1,1,1,1.788905,0.000000,0.000000,0.000000,0.000000,0.000000,0.000000,0.000000
3.0001,-4.425603,0.217825,0.000642,0.000000,0.015745,0.033977,0,0.234814,215,0.299760,0.155735,-4.425603,0.000419,-6.227757,0.000642,-4.425602,-6.215775,0.000642,0.217825,0.000000,0.012879,-0.338104,-21.683444,0.011982,0.000000,0.000491,0.001999,0.000009,0.000491,0.299760,0.155735,-9.804182,-0.003928,0.003434,0.000000,1.855995,0.003975,27.000000,0.013045,-4.425602,0.000419,0.217825,0.000000,0.012000,0.000000,158,0,1,32,30,0.003254,-0.010510,-0.001506,-0.145557,0.051268,9.722857,0.285198,0.003979,0.033274,7,1,0,0.000000,0,-6.207704,0.000000,0.015745,0,0.234814,0.000000,0.033977,-6.207704,0.234814,1,1,1,1.788951,0.000000,0.000000,0.000000,0.000000,0.000000,0.000000,0.000000
3.0101,-4.425604,0.217825,-0.005442,0.000000,0.016749,0.033977,0,0.234814,225,0.299648,0.156257,-4.425604,0.000419,-6.227804,-0.005442,-4.425602,-6.215825,-0.005442,0.217825,0.000000,0.012940,-0.338104,-21.683444,0.011979,0.000000,0.000310,0.001851,0.000012,0.000310,0.299648,0.156257,-9.804177,0.009170,0.004685,0.000000,1.855944,0.003982,27.000000,0.013045,-4.425602,0.000419,0.217825,0.000000,0.012000,0.000000,163,0,1,32,30,-0.005306,0.008754,-0.005556,-0.088982,0.243127,9.676970,0.285147,0.003982,0.033272,7,1,0,0.000000,0,-6.207704,0.000000,0.016749,0,0.234814,0.000000,0.033977,-6.207704,0.234814,1,1,1,1.788993,0.000000,0.000000,0.000000,0.000000,0.000000,0.000000,0.000000
3.0201,-4.425697,0.217825,-0.005922,0.000000,0.016735,0.033977,0,0.234814,235,0.299669,0.156178,-4.425697,-0.000419,-6.227845,-0.005922,-4.425698,-6.215866,-0.005922,0.217825,0.000000,0.012948,-0.338104,-21.683444,0.011979,0.000000,0.000286,0.001980,-0.000091,0.000286,0.299669,0.156178,-9.804178,-0.009451,0.014508,0.000000,1.855902,0.003998,27.000000,0.013045,-4.425698,-0.000419,0.217825,0.000000,0.012000,0.000000,168,0,1,32,30,-0.013824,-0.010503,-0.005786,-0.172356,-0.267826,10.006746,0.285106,0.003998,0.033272,6,1,0,0.000000,0,-6.207704,0.000000,0.016735,0,0.234814,0.000000,0.033977,-6.207704,0.234814,1,1,1,1.789038,0.000000,0.000000,0.000000,0.000000,0.000000,0.000000,0.000000
3.0301,-4.425601,0.217825,-0.003574,0.000000,0.016312,0.033977,0,0.234814,245,0.299688,0.157106,-4.425601,0.000419,-6.227846,-0.003574,-4.425602,-6.215865,-0.003574,0.217825,0.000000,0.013021,-0.338104,-21.683444,0.011980,0.000000,0.000071,0.001825,-0.000022,0.000071,0.299688,0.157106,-9.804163,-0.001402,0.007543,-0.000000,1.855903,0.003979,27.000000,0.013045,-4.425602,0.000419,0.217825,0.000000,0.012000,0.000000,173,0,1,32,30,-0.007428,-0.001965,-0.003549,-0.193048,-0.063147,9.692966,0.285107,0.003979,0.033295,7,1,0,0.000000,0,-6.207704,0.000000,0.016312,0,0.234814,0.000000,0.033977,-6.207704,0.234814,1,1,1,1.789080,0.000000,0.000000,0.000000,0.000000,0.000000,0.000000,0.000000
3.0401,-4.425603,0.217825,0.002468,0.000000,0.016892,0.033977,0,0.234814,255,0.299850,0.155862,-4.425603,-0.000419,-6.227897,0.002468,-4.425602,-6.215913,0.002468,0.217825,0.000000,0.012904,-0.338104,-21.683444,0.011984,0.000000,0.000417,0.001850,0.000012,0.000417,0.299850,0.155862,-9.804178,-0.017337,-0.004213,-0.000000,1.855856,0.003989,27.000000,0.013045,-4.425602,-0.000419,0.217825,0.000000,0.012000,0.000000,178,0,1,32,30,0.005397,-0.016972,0.002687,-0.117170,0.137341,9.723741,0.285060,0.003989,0.033283,6,1,0,0.000000,0,-6.207704,0.000000,0.016892,0,0.234814,0.000000,0.033977,-6.207704,0.234814,1,1,1,1.789126,0.000000,0.000000,0.000000,0.000000,0.000000,0.000000,0.000000
3.0501,-4.425600,0.217825,0.003239,0.000000,0.015702,0.033977,0,0.234814,9,0.299941,0.155422,-4.425600,0.000419,-6.227837,0.003239,-4.425602,-6.215853,0.003239,0.217825,0.000000,0.012858,-0.338104,-21.683444,0.011984,0.000000,0.000552,0.001845,-0.000095,0.000552,0.299941,0.155422,-9.804182,0.015764,0.010652,0.000000,1.855916,0.003990,27.000000,0.013045,-4.425602,0.000419,0.217825,0.000000,0.012000,0.000000,183,0,1,32,30,-0.013830,-0.002068,0.002845,-0.144149,-0.265690,9.834519,0.285117,0.003999,0.033274,6,1,0,0.000000,0,-6.207704,0.000000,0.015702,0,0.234814,0.000000,0.033977,-6.207704,0.234814,1,1,1,1.789170,0.000000,0.000000,0.000000,0.000000,0.000000,0.000000,0.000000
3.0601,-4.425604,0.217825,-0.003191,0.000000,0.015878,0.033977,0,0.234814,19,0.299917,0.156738,-4.425604,-0.000419,-6.227799,-0.003191,-4.425602,-6.215818,-0.003191,0.217825,0.000000,0.012999,-0.338104,-21.683444,0.011981,0.000000,0.000135,0.002012,0.000104,0.000135,0.299917,0.156738,-9.804162,0.012390,-0.010512,0.000000,1.855950,0.003999,27.000000,0.013045,-4.425602,-0.000419,0.217825,0.000000,0.012000,0.000000,188,0,1,32,30,0.009633,0.013042,-0.003361,-0.146382,0.478611,9.966413,0.285154,0.003999,0.033309,6,1,0,0.000000,0,-6.207704,0.000000,0.015878,0,0.234814,0.000000,0.033977,-6.207704,0.234814,1,1,1,1.789212,0.000000,0.000000,0.000000,0.000000,0.000000,0.000000,0.000000
3.0701,-4.425602,0.217825,-0.014480,0.000000,0.017071,0.033977,0,0.234814,28,0.299760,0.157112,-4.425602,-0.000419,-6.227874,-0.014480,-4.425602,-6.215889,-0.014480,0.217825,0.000000,0.013045,-0.338104,-21.683444,0.011985,0.000000,0.000000,0.002011,0.000030,0.000000,0.299760,0.157112,-9.804160,-0.012766,-0.006658,-0.000007,1.855879,0.004004,27.000000,0.013045,-4.425602,-0.000419,0.217825,0.000000,0.012000,0.000000,193,0,1,32,30,0.007522,-0.012465,-0.014326,-0.279195,-0.081611,9.635302,0.285083,0.004004,0.033302,7,1,0,0.000000,0,-6.207704,0.000000,0.017071,0,0.234814,0.000000,0.033977,-6.207704,0.234814,1,1,1,1.789255,0.000000,0.000000,0.000000,0.000000,0.000000,0.000000,0.000000
3.0801,-4.425598,0.217825,0.018066,0.000000,0.015944,0.033977,0,0.234814,39,0.299611,0.156261,-4.425598,0.001466,-6.227847,0.018066,-4.425602,-6.215853,0.018066,0.217825,0.000000,0.012972,-0.338104,-21.683444,0.011993,0.000000,0.000217,0.001742,-0.000025,0.000217,0.299611,0.156261,-9.804178,0.010827,0.006705,0.000000,1.855915,0.004012,27.000000,0.013045,-4.425602,0.001466,0.217825,0.000000,0.012000,0.000000,198,0,1,32,30,-0.007435,0.010573,0.017930,-0.146424,0.271665,9.686790,0.285118,0.004012,0.033268,6,1,0,0.000000,0,-6.207704,0.000000,0.015944,0,0.234814,0.000000,0.033977,-6.207704,0.234814,1,1,1,1.789299,0.000000,0.000000,0.000000,0.000000,0.000000,0.000000,0.000000
3.0901,-4.425601,0.217825,0.006937,0.000000,0.015530,0.033977,0,0.234814,49,0.300069,0.155683,-4.425601,-0.000419,-6.227776,0.006937,-4.425602,-6.215789,0.006937,0.217825,0.000000,0.012908,-0.338104,-21.683444,0.011986,0.000000,0.000406,0.001988,0.000005,0.000406,0.300069,0.155683,-9.804174,-0.008499,0.001604,0.000000,1.855979,0.004016,27.000000,0.013045,-4.425602,-0.000419,0.217825,0.000000,0.012000,0.000000,2,0,1,32,30,-0.001014,-0.008499,0.007047,-0.105643,-0.106769,10.132823,0.285182,0.004016,0.033301,6,1,0,0.000000,0,-6.207704,0.000000,0.015530,0,0.234814,0.000000,0.033977,-6.207704,0.234814,1,1,1,1.789343,0.000000,0.000000,0.000000,0.000000,0.000000,0.000000,0.000000
3.1001,-4.425602,0.217825,-0.005429,0.000000,0.016899,0.033977,0,0.234814,59,0.299898,0.156329,-4.425602,0.000419,-6.227829,-0.005429,-4.425602,-6.215850,-0.005429,0.217825,0.000000,0.012980,-0.338104,-21.683444,0.011979,0.000000,0.000193,0.001838,0.000009,0.000193,0.299898,0.156329,-9.804169,0.008183,-0.010225,0.000000,1.855918,0.004020,27.000000,0.013045,-4.425602,0.000419,0.217825,0.000000,0.012000,0.000000,7,0,1,32,30,0.009637,0.008797,-0.005543,-0.069554,0.185295,9.714684,0.285121,0.004020,0.033298,6,1,0,0.000000,0,-6.207704,0.000000,0.016899,0,0.234814,0.000000,0.033977,-6.207704,0.234814,1,1,1,1.789385,0.000000,0.000000,0.000000,0.000000,0.000000,0.000000,0.000000
3.1101,-4.425603,0.217825,-0.003465,0.000000,0.016447,0.033977,0,0.234814,69,0.300127,0.155413,-4.425603,0.001466,-6.227843,-0.003465,-4.425602,-6.215863,-0.003465,0.217825,0.000000,0.012915,-0.338104,-21.683444,0.011980,0.000000,0.000385,0.001950,-0.000008,0.000385,0.300127,0.155413,-9.804176,0.002578,0.002993,0.000000,1.855904,0.004051,27.000000,0.013045,-4.425602,0.001466,0.217825,0.000000,0.012000,0.000000,12,0,1,32,30,-0.003164,0.002321,-0.003496,-0.261221,0.318941,9.725471,0.285108,0.004051,0.033301,6,1,0,0.000000,0,-6.207704,0.000000,0.016447,0,0.234814,0.000000,0.033977,-6.207704,0.234814,1,1,1,1.789429,0.000000,0.000000,0.000000,0.000000,0.000000,0.000000,0.000000
3.1201,-4.425602,0.217825,0.011353,0.000000,0.016373,0.033977,0,0.234814,79,0.300098,0.156837,-4.425602,0.000419,-6.227853,0.011353,-4.425602,-6.215868,0.011353,0.217825,0.000000,0.013045,-0.338104,-21.683444,0.011985,0.000000,0.000000,0.001950,-0.000008,0.000000,0.300098,0.156837,-9.804154,-0.001654,0.009695,-0.000001,1.855899,0.004039,27.000000,0.013045,-4.425602,0.000419,0.217825,0.000000,0.012000,0.000000,17,0,1,32,30,-0.009558,-0.002170,0.011380,-0.086647,-0.266248,9.882402,0.285103,0.004039,0.033330,7,1,0,0.000000,0,-6.207704,0.000000,0.016373,0,0.234814,0.000000,0.033977,-6.207704,0.234814,1,1,1,1.789470,0.000000,0.000000,0.000000,0.000000,0.000000,0.000000,0.000000
3.1301,-4.425600,0.217825,-0.003297,0.000000,0.016446,0.033977,0,0.234814,89,0.300519,0.155608,-4.425600,0.000419,-6.227858,-0.003297,-4.425602,-6.215878,-0.003297,0.217825,0.000000,0.012926,-0.338104,-21.683444,0.011980,0.000000,0.000351,0.001834,0.000002,0.000351,0.300519,0.155608,-9.804161,0.008127,-0.010222,-0.000000,1.855889,0.004052,27.000000,0.013045,-4.425602,0.000419,0.217825,0.000000,0.012000,0.000000,22,0,1,32,30,0.009637,0.008769,-0.003410,-0.164697,0.418519,10.185917,0.285093,0.004052,0.033344,6,1,0,0.000000,0,-6.207704,0.000000,0.016446,0,0.234814,0.000000,0.033977,-6.207704,0.234814,1,1,1,1.789514,0.000000,0.000000,0.000000,0.000000,0.000000,0.000000,0.000000
3.1401,-4.425602,0.217825,0.006992,0.000000,0.015672,0.033977,0,0.234814,99,0.299899,0.156487,-4.425602,-0.000419,-6.227806,0.006992,-4.425602,-6.215822,0.006992,0.217825,0.000000,0.013045,-0.338104,-21.683444,0.011985,0.000000,0.000000,0.001924,0.000002,0.000000,0.299899,0.156487,-9.804166,-0.006369,0.001459,-0.000004,1.855945,0.004069,27.000000,0.013045,-4.425602,-0.000419,0.217825,0.000000,0.012000,0.000000,27,0,1,32,30,-0.001017,-0.006362,0.007072,-0.202775,-0.053001,9.645209,0.285148,0.004069,0.033302,6,1,0,0.000000,0,-6.207704,0.000000,0.015672,0,0.234814,0.000000,0.033977,-6.207704,0.234814,1,1,1,1.789555,0.000000,0.000000,0.000000,0.000000,0.000000,0.000000,0.000000
3.1501,-4.425506,0.217825,0.001112,0.000000,0.015998,0.033977,0,0.234814,109,0.300386,0.156143,-4.425506,0.002513,-6.227785,0.001112,-4.425506,-6.215802,0.001112,0.217825,0.000000,0.012978,-0.338104,-21.683444,0.011983,0.000000,0.000198,0.001888,0.000093,0.000198,0.300386,0.156143,-9.804157,0.015538,0.006388,0.000000,1.855965,0.004048,27.000000,0.013045,-4.425506,0.002513,0.217825,0.000000,0.012000,0.000000,32,0,1,32,30,-0.007445,0.015074,0.000916,-0.012337,0.251906,9.744102,0.285169,0.004048,0.033343,6,1,0,0.000000,0,-6.207704,0.000000,0.015998,0,0.234814,0.000000,0.033977,-6.207704,0.234814,1,1,1,1.789598,0.000000,0.000000,0.000000,0.000000,0.000000,0.000000,0.000000
3.1601,-4.425606,0.217825,-0.005965,0.000000,0.016403,0.033977,0,0.234814,119,0.300702,0.155259,-4.425606,0.002513,-6.227797,-0.005965,-4.425602,-6.215819,-0.005965,0.217825,0.000000,0.012904,-0.338104,-21.683444,0.011978,0.000000,0.000418,0.001982,0.000014,0.000418,0.300702,0.155259,-9.804161,-0.012286,0.004005,0.000000,1.855947,0.004068,27.000000,0.013045,-4.425602,0.002513,0.217825,0.000000,0.012000,0.000000,37,0,1,32,30,-0.003148,-0.012609,-0.005803,-0.230836,0.038361,9.990644,0.285151,0.004068,0.033355,7,1,0,0.000000,0,-6.207704,0.000000,0.016403,0,0.234814,0.000000,0.033977,-6.207704,0.234814,1,1,1,1.789641,0.000000,0.000000,0.000000,0.000000,0.000000,0.000000,0.000000
3.1701,-4.425600,0.217825,0.002938,0.000000,0.016209,0.033977,0,0.234814,129,0.300421,0.155826,-4.425600,0.000419,-6.227802,0.002938,-4.425602,-6.215817,0.002938,0.217825,0.000000,0.012976,-0.338104,-21.683444,0.011984,0.000000,0.000205,0.001897,-0.000018,0.000205,0.300421,0.155826,-9.804161,0.001988,-0.003387,0.000000,1.855949,0.004077,27.000000,0.013045,-4.425602,0.000419,0.217825,0.000000,0.012000,0.000000,42,0,1,32,30,0.003242,0.002254,0.002909,-0.164800,0.032959,9.655668,0.285152,0.004077,0.033339,7,1,0,0.000000,0,-6.207704,0.000000,0.016209,0,0.234814,0.000000,0.033977,-6.207704,0.234814,1,1,1,1.789682,0.000000,0.000000,0.000000,0.000000,0.000000,0.000000,0.000000
3.1801,-4.425602,0.217825,-0.001599,0.000000,0.015968,0.033977,0,0.234814,139,0.300673,0.155611,-4.425602,-0.001466,-6.227777,-0.001599,-4.425602,-6.215796,-0.001599,0.217825,0.000000,0.012943,-0.338104,-21.683444,0.011981,0.000000,0.000300,0.002015,-0.000010,0.000300,0.300673,0.155611,-9.804156,-0.007853,0.007981,0.000000,1.855970,0.004072,27.000000,0.013045,-4.425602,-0.001466,0.217825,0.000000,0.012000,0.000000,47,0,1,32,30,-0.007421,-0.008404,-0.001490,-0.127069,0.204741,9.686131,0.285174,0.004072,0.033360,7,1,0,0.000000,0,-6.207704,0.000000,0.015968,0,0.234814,0.000000,0.033977,-6.207704,0.234814,1,1,1,1.789724,0.000000,0.000000,0.000000,0.000000,0.000000,0.000000,0.000000
3.1901,-4.425602,0.217825,-0.005759,0.000000,0.015928,0.033977,0,0.234814,149,0.300671,0.156085,-4.425602,0.000419,-6.227753,-0.005759,-4.425602,-6.215775,-0.005759,0.217825,0.000000,0.013001,-0.338104,-21.683444,0.011978,0.000000,0.000129,0.001848,0.000000,0.000129,0.300671,0.156085,-9.804149,-0.003478,0.007685,0.000000,1.855991,0.004083,27.000000,0.013045,-4.425602,0.000419,0.217825,0.000000,0.012000,0.000000,52,0,1,32,30,-0.007427,-0.004074,-0.005707,-0.096023,-0.229420,9.997611,0.285195,0.004083,0.033370,7,1,0,0.000000,0,-6.207704,0.000000,0.015928,0,0.234814,0.000000,0.033977,-6.207704,0.234814,1,1,1,1.789765,0.000000,0.000000,0.000000,0.000000,0.000000,0.000000,0.000000
3.2001,-4.425596,0.217825,0.000972,0.000000,0.016113,0.033977,0,0.234814,159,0.300853,0.154778,-4.425596,0.001466,-6.227755,0.000972,-4.425602,-6.215772,0.000972,0.217825,0.000000,0.012908,-0.338104,-21.683444,0.011983,0.000000,0.000406,0.002002,-0.000025,0.000406,0.300853,0.154778,-9.804164,0.007733,-0.014475,-0.000000,1.855993,0.004123,27.000000,0.013045,-4.425602,0.001466,0.217825,0.000000,0.012000,0.000000,57,0,1,32,30,0.013908,0.008724,0.000859,-0.068771,0.388942,10.262245,0.285196,0.004123,0.033359,7,1,0,0.000000,0,-6.207704,0.000000,0.016113,0,0.234814,0.000000,0.033977,-6.207704,0.234814,1,1,1,1.789807,0.000000,0.000000,0.000000,0.000000,0.000000,0.000000,0.000000
3.2101,-4.425602,0.217825,0.002984,0.000000,0.016099,0.033977,0,0.234814,169,0.300613,0.156292,-4.425602,0.001466,-6.227754,0.002984,-4.425602,-6.215769,0.002984,0.217825,0.000000,0.013045,-0.338104,-21.683444,0.011985,0.000000,0.000000,0.001989,0.000002,0.000000,0.300613,0.156292,-9.804147,0.004401,0.000728,0.000003,1.855996,0.004104,27.000000,0.013045,-4.425602,0.001466,0.217825,0.000000,0.012000,0.000000,62,0,1,32,30,-0.001029,0.004379,0.002930,-0.222428,0.024662,9.550273,0.285199,0.004104,0.033369,6,1,0,0.000000,0,-6.207704,0.000000,0.016099,0,0.234814,0.000000,0.033977,-6.207704,0.234814,1,1,1,1.789847,0.000000,0.000000,0.000000,0.000000,0.000000,0.000000,0.000000
3.2201,-4.425601,0.217825,0.007464,0.000000,0.015712,0.033977,0,0.234814,179,0.301028,0.155572,-4.425601,-0.000419,-6.227721,0.007464,-4.425602,-6.215735,0.007464,0.217825,0.000000,0.012971,-0.338104,-21.683444,0.011987,0.000000,0.000218,0.002018,0.000001,0.000218,0.301028,0.155572,-9.804146,0.012674,-0.001976,0.000000,1.856031,0.004112,27.000000,0.013045,-4.425602,-0.000419,0.217825,0.000000,0.012000,0.000000,67,0,1,32,30,0.001098,0.012876,0.007297,-0.107867,0.204398,9.714850,0.285234,0.004112,0.033394,6,1,0,0.000000,0,-6.207704,0.000000,0.015712,0,0.234814,0.000000,0.033977,-6.207704,0.234814,1,1,1,1.789889,0.000000,0.000000,0.000000,0.000000,0.000000,0.000000,0.000000
3.2301,-4.425602,0.217825,-0.001272,0.000000,0.015822,0.033977,0,0.234814,189,0.300756,0.155919,-4.425602,-0.002513,-6.227699,-0.001272,-4.425602,-6.215715,-0.001272,0.217825,0.000000,0.013045,-0.338104,-21.683444,0.011985,0.000000,0.000000,0.001986,-0.000103,0.000000,0.300756,0.155919,-9.804149,0.003808,-0.009929,0.000003,1.856049,0.004145,27.000000,0.013045,-4.425602,-0.002513,0.217825,0.000000,0.012000,0.000000,72,0,1,32,30,0.009643,0.004466,-0.001327,-0.183953,0.419097,10.138057,0.285253,0.004145,0.033375,6,1,0,0.000000,0,-6.207704,0.000000,0.015822,0,0.234814,0.000000,0.033977,-6.207704,0.234814,1,1,1,1.789929,0.000000,0.000000,0.000000,0.000000,0.000000,0.000000,0.000000
3.2401,-4.425600,0.217825,-0.007565,0.000000,0.015677,0.033977,0,0.234814,199,0.300948,0.154909,-4.425600,-0.000419,-6.227663,-0.007565,-4.425602,-6.215686,-0.007565,0.217825,0.000000,0.012928,-0.338104,-21.683444,0.011977,0.000000,0.000346,0.001887,-0.000007,0.000346,0.300948,0.154909,-9.804159,0.008521,-0.005968,0.000000,1.856079,0.004133,27.000000,0.013045,-4.425602,-0.000419,0.217825,0.000000,0.012000,0.000000,77,0,1,32,30,0.005367,0.008813,-0.007680,-0.184088,0.118417,9.704367,0.285282,0.004133,0.033372,6,1,0,0.000000,0,-6.207704,0.000000,0.015677,0,0.234814,0.000000,0.033977,-6.207704,0.234814,1,1,1,1.789970,0.000000,0.000000,0.000000,0.000000,0.000000,0.000000,0.000000
3.2501,-4.425506,0.217825,-0.005441,0.000000,0.016397,0.033977,0,0.234814,208,0.300885,0.156137,-4.425506,0.002513,-6.227707,-0.005441,-4.425506,-6.215722,-0.005441,0.217825,0.000000,0.013045,-0.338104,-21.683444,0.011985,0.000000,0.000000,0.001986,0.000115,0.000000,0.300885,0.156137,-9.804141,0.008747,-0.001706,0.000006,1.856042,0.004126,27.000000,0.013045,-4.425506,0.002513,0.217825,0.000000,0.012000,0.000000,82,0,1,32,30,0.001098,0.008772,-0.005550,-0.223279,0.414464,9.736028,0.285246,0.004126,0.033393,7,1,0,0.000000,0,-6.207704,0.000000,0.016397,0,0.234814,0.000000,0.033977,-6.207704,0.234814,1,1,1,1.790010,0.000000,0.000000,0.000000,0.000000,0.000000,0.000000,0.000000
3.2601,-4.425506,0.217825,0.000535,0.000000,0.015965,0.033977,0,0.234814,219,0.301026,0.155223,-4.425506,0.002513,-6.227699,0.000535,-4.425506,-6.215716,0.000535,0.217825,0.000000,0.012967,-0.338104,-21.683444,0.011982,0.000000,0.000230,0.002006,0.000101,0.000230,0.301026,0.155223,-9.804152,-0.008049,0.005855,-0.000000,1.856048,0.004142,27.000000,0.013045,-4.425506,0.002513,0.217825,0.000000,0.012000,0.000000,87,0,1,32,30,-0.005286,-0.008426,0.000644,-0.144042,-0.190844,9.969256,0.285252,0.004142,0.033386,6,1,0,0.000000,0,-6.207704,0.000000,0.015965,0,0.234814,0.000000,0.033977,-6.207704,0.234814,1,1,1,1.790051,0.000000,0.000000,0.000000,0.000000,0.000000,0.000000,0.000000
3.2701,-4.425608,0.217825,-0.005332,0.000000,0.016642,0.033977,0,0.234814,228,0.301305,0.154819,-4.425608,0.001466,-6.227746,-0.005332,-4.425602,-6.215768,-0.005332,0.217825,0.000000,0.012910,-0.338104,-21.683444,0.011978,0.000000,0.000399,0.001990,0.000014,0.000399,0.301305,0.154819,-9.804149,0.013010,-0.001995,-0.000000,1.855997,0.004132,27.000000,0.013045,-4.425602,0.001466,0.217825,0.000000,0.012000,0.000000,92,0,1,32,30,0.001094,0.013046,-0.005501,-0.146058,0.467753,10.071578,0.285201,0.004132,0.033405,7,1,0,0.000000,0,-6.207704,0.000000,0.016642,0,0.234814,0.000000,0.033977,-6.207704,0.234814,1,1,1,1.790092,0.000000,0.000000,0.000000,0.000000,0.000000,0.000000,0.000000
3.2801,-4.425602,0.217825,-0.001592,0.000000,0.016191,0.033977,0,0.234814,239,0.301165,0.156051,-4.425602,-0.000419,-6.227755,-0.001592,-4.425602,-6.215773,-0.001592,0.217825,0.000000,0.013012,-0.338104,-21.683444,0.011981,0.000000,0.000096,0.001993,-0.000000,0.000096,0.301165,0.156051,-9.804134,-0.008417,-0.000539,0.000000,1.855992,0.004108,27.000000,0.013045,-4.425602,-0.000419,0.217825,0.000000,0.012000,0.000000,97,0,1,32,30,0.001118,-0.008380,-0.001483,-0.136347,0.024591,9.559898,0.285196,0.004108,0.033419,6,1,0,0.000000,0,-6.207704,0.000000,0.016191,0,0.234814,0.000000,0.033977,-6.207704,0.234814,1,1,1,1.790131,0.000000,0.000000,0.000000,0.000000,0.000000,0.000000,0.000000
3.2901,-4.425607,0.217825,-0.011630,0.000000,0.018017,0.033977,0,0.234814,249,0.301377,0.154815,-4.425607,-0.001466,-6.227905,-0.011630,-4.425602,-6.215930,-0.011630,0.217825,0.000000,0.012898,-0.338104,-21.683444,0.011975,0.000000,0.000433,0.001877,0.000021,0.000433,0.301377,0.154815,-9.804147,0.017863,0.004095,0.000000,1.855835,0.004122,27.000000,0.013045,-4.425602,-0.001466,0.217825,0.000000,0.012000,0.000000,102,0,1,32,30,-0.005316,0.017387,-0.011855,-0.012370,0.223809,9.695967,0.285039,0.004122,0.033412,6,1,0,0.000000,0,-6.207704,0.000000,0.018017,0,0.234814,0.000000,0.033977,-6.207704,0.234814,1,1,1,1.790172,0.000000,0.000000,0.000000,0.000000,0.000000,0.000000,0.000000
3.3001,-4.425603,0.217825,-0.005801,0.000000,0.017365,0.033977,0,0.234814,3,0.301271,0.155627,-4.425603,-0.000419,-6.227984,-0.005801,-4.425602,-6.216006,-0.005801,0.217825,0.000000,0.013016,-0.338104,-21.683444,0.011978,0.000000,0.000086,0.001880,0.000013,0.000086,0.301271,0.155627,-9.804138,-0.006455,-0.004950,0.000000,1.855758,0.004156,27.000000,0.013045,-4.425602,-0.000419,0.217825,0.000000,0.012000,0.000000,107,0,1,32,30,0.005383,-0.006174,-0.005721,-0.058568,0.263699,10.337557,0.284962,0.004156,0.033420,7,1,0,0.000000,0,-6.207704,0.000000,0.017365,0,0.234814,0.000000,0.033977,-6.207704,0.234814,1,1,1,1.790212,0.000000,0.000000,0.000000,0.000000,0.000000,0.000000,0.000000
3.3101,-4.425511,0.217825,-0.020416,0.000000,0.016982,0.033977,0,0.234814,13,0.301597,0.155359,-4.425511,0.001466,-6.228007,-0.020416,-4.425506,-6.216038,-0.020416,0.217825,0.000000,0.012943,-0.338104,-21.683444,0.011970,0.000000,0.000302,0.001846,0.000106,0.000302,0.301597,0.155359,-9.804132,0.007006,-0.001583,0.000000,1.855728,0.004117,27.000000,0.013045,-4.425506,0.001466,0.217825,0.000000,0.012000,0.000000,112,0,1,32,30,0.001096,0.006834,-0.020506,-0.241776,0.006824,9.444806,0.284931,0.004117,0.033446,6,1,0,0.000000,0,-6.207704,0.000000,0.016982,0,0.234814,0.000000,0.033977,-6.207704,0.234814,1,1,1,1.790253,0.000000,0.000000,0.000000,0.000000,0.000000,0.000000,0.000000
3.3201,-4.425602,0.217825,-0.018285,0.000000,0.017287,0.033977,0,0.234814,23,0.301461,0.156295,-4.425602,0.001466,-6.228061,-0.018285,-4.425602,-6.216089,-0.018285,0.217825,0.000000,0.013042,-0.338104,-21.683444,0.011972,0.000000,0.000009,0.001845,0.000017,0.000009,0.301461,0.156295,-9.804121,0.007093,0.000551,0.000000,1.855676,0.004120,27.000000,0.013045,-4.425602,0.001466,0.217825,0.000000,0.012000,0.000000,117,0,1,32,30,-0.001038,0.006800,-0.018375,-0.194879,0.481648,9.717580,0.284879,0.004120,0.033453,6,1,0,0.000000,0,-6.207704,0.000000,0.017287,0,0.234814,0.000000,0.033977,-6.207704,0.234814,1,1,1,1.790292,0.000000,0.000000,0.000000,0.000000,0.000000,0.000000,0.000000
3.3301,-4.425602,0.217825,0.009058,0.000000,0.017101,0.033977,0,0.234814,33,0.301312,0.154769,-4.425602,0.000419,-6.228104,0.009058,-4.425602,-6.216117,0.009058,0.217825,0.000000,0.012934,-0.338104,-21.683444,0.011988,0.000000,0.000328,0.001847,0.000008,0.000328,0.301312,0.154769,-9.804150,-0.007709,0.014387,0.000000,1.855647,0.004161,27.000000,0.013045,-4.425602,0.000419,0.217825,0.000000,0.012000,0.000000,122,0,1,32,30,-0.013821,-0.008564,0.009169,-0.019543,-0.172831,10.065223,0.284851,0.004161,0.033405,6,1,0,0.000000,0,-6.207704,0.000000,0.017101,0,0.234814,0.000000,0.033977,-6.207704,0.234814,1,1,1,1.790334,0.000000,0.000000,0.000000,0.000000,0.000000,0.000000,0.000000
3.3401,-4.425506,0.217825,0.013806,0.000000,0.015821,0.033977,0,0.234814,43,0.301303,0.155803,-4.425506,0.000419,-6.228018,0.013806,-4.425506,-6.216033,0.013806,0.217825,0.000000,0.013045,-0.338104,-21.683444,0.011985,0.000000,0.000000,0.001958,0.000068,0.000000,0.301303,0.155803,-9.804134,0.010092,-0.006082,0.000007,1.855730,0.004168,27.000000,0.013045,-4.425506,0.000419,0.217825,0.000000,0.012000,0.000000,127,0,1,32,30,0.005371,0.010666,0.013675,-0.088836,0.185991,9.657255,0.284934,0.004168,0.033427,7,1,0,0.000000,0,-6.207704,0.000000,0.015821,0,0.234814,0.000000,0.033977,-6.207704,0.234814,1,1,1,1.790374,0.000000,0.000000,0.000000,0.000000,0.000000,0.000000,0.000000
3.3501,-4.425412,0.217825,-0.010120,0.000000,0.017100,0.033977,0,0.234814,53,0.301615,0.155518,-4.425412,0.001466,-6.228046,-0.010120,-4.425411,-6.216070,-0.010120,0.217825,0.000000,0.012999,-0.338104,-21.683444,0.011976,0.000000,0.000135,0.001907,0.000213,0.000135,0.301615,0.155518,-9.804129,-0.008334,-0.002680,0.000000,1.855694,0.004158,27.000000,0.013045,-4.425411,0.001466,0.217825,0.000000,0.012000,0.000000,132,0,1,32,30,0.003250,-0.008260,-0.010014,-0.298224,0.012113,9.789358,0.284897,0.004158,0.033452,6,1,0,0.000000,0,-6.207704,0.000000,0.017100,0,0.234814,0.000000,0.033977,-6.207704,0.234814,1,1,1,1.790414,0.000000,0.000000,0.000000,0.000000,0.000000,0.000000,0.000000
3.3601,-4.425605,0.217825,-0.013920,0.000000,0.018106,0.033977,0,0.234814,63,0.301784,0.154442,-4.425605,-0.000419,-6.228158,-0.013920,-4.425602,-6.216185,-0.013920,0.217825,0.000000,0.012908,-0.338104,-21.683444,0.011973,0.000000,0.000406,0.001894,0.000007,0.000406,0.301784,0.154442,-9.804141,0.011524,0.004527,0.000000,1.855579,0.004177,27.000000,0.013045,-4.425602,-0.000419,0.217825,0.000000,0.012000,0.000000,137,0,1,32,30,-0.005310,0.011004,-0.014063,-0.097882,0.051883,9.675043,0.284783,0.004177,0.033445,6,1,0,0.000000,0,-6.207704,0.000000,0.018106,0,0.234814,0.000000,0.033977,-6.207704,0.234814,1,1,1,1.790456,0.000000,0.000000,0.000000,0.000000,0.000000,0.000000,0.000000
3.3701,-4.425602,0.217825,0.013815,0.000000,0.017399,0.033977,0,0.234814,73,0.301749,0.155292,-4.425602,0.001466,-6.228212,0.013815,-4.425602,-6.216221,0.013815,0.217825,0.000000,0.013024,-0.338104,-21.683444,0.011991,0.000000,0.000063,0.001853,-0.000009,0.000063,0.301749,0.155292,-9.804128,0.009951,-0.008211,0.000000,1.855541,0.004208,27.000000,0.013045,-4.425602,0.001466,0.217825,0.000000,0.012000,0.000000,142,0,1,32,30,0.007506,0.010673,0.013677,-0.164307,0.313219,10.194429,0.284745,0.004208,0.033460,6,1,0,0.000000,0,-6.207704,0.000000,0.017399,0,0.234814,0.000000,0.033977,-6.207704,0.234814,1,1,1,1.790495,0.000000,0.000000,0.000000,0.000000,0.000000,0.000000,0.000000
3.3801,-4.425600,0.217825,0.002885,0.000000,0.016468,0.033977,0,0.234814,82,0.301934,0.154640,-4.425600,-0.001466,-6.228158,0.002885,-4.425602,-6.216174,0.002885,0.217825,0.000000,0.012930,-0.338104,-21.683444,0.011984,0.000000,0.000341,0.002002,-0.000007,0.000341,0.301934,0.154640,-9.804133,-0.000144,-0.003242,0.000000,1.855589,0.004183,27.000000,0.013045,-4.425602,-0.001466,0.217825,0.000000,0.012000,0.000000,147,0,1,32,30,0.003245,0.000117,0.002884,-0.145843,-0.032197,9.511470,0.284793,0.004183,0.033464,6,1,0,0.000000,0,-6.207704,0.000000,0.016468,0,0.234814,0.000000,0.033977,-6.207704,0.234814,1,1,1,1.790537,0.000000,0.000000,0.000000,0.000000,0.000000,0.000000,0.000000
3.3901,-4.425506,0.217825,-0.007421,0.000000,0.018249,0.033977,0,0.234814,92,0.301573,0.155593,-4.425506,-0.000419,-6.228268,-0.007421,-4.425506,-6.216283,-0.007421,0.217825,0.000000,0.013045,-0.338104,-21.683444,0.011985,0.000000,0.000000,0.002016,0.000107,0.000000,0.301573,0.155593,-9.804129,0.015339,-0.000015,0.000010,1.855479,0.004195,27.000000,0.013045,-4.425506,-0.000419,0.217825,0.000000,0.012000,0.000000,152,0,1,32,30,-0.001044,0.015206,-0.007611,-0.060608,0.310430,9.648954,0.284683,0.004195,0.033449,6,1,0,0.000000,0,-6.207704,0.000000,0.018249,0,0.234814,0.000000,0.033977,-6.207704,0.234814,1,1,1,1.790576,0.000000,0.000000,0.000000,0.000000,0.000000,0.000000,0.000000
3.4001,-4.425597,0.217825,0.004844,0.000000,0.016497,0.033977,0,0.234814,103,0.301899,0.154371,-4.425597,0.000419,-6.228213,0.004844,-4.425602,-6.216228,0.004844,0.217825,0.000000,0.012911,-0.338104,-21.683444,0.011985,0.000000,0.000396,0.001824,-0.000017,0.000396,0.301899,0.154371,-9.804138,-0.005325,0.016365,0.000000,1.855535,0.004190,27.000000,0.013045,-4.425602,0.000419,0.217825,0.000000,0.012000,0.000000,157,0,1,32,30,-0.015960,-0.006377,0.004926,-0.115086,-0.239110,10.007072,0.284739,0.004190,0.033455,6,1,0,0.000000,0,-6.207704,0.000000,0.016497,0,0.234814,0.000000,0.033977,-6.207704,0.234814,1,1,1,1.790617,0.000000,0.000000,0.000000,0.000000,0.000000,0.000000,0.000000
3.4101,-4.425601,0.217825,-0.009691,0.000000,0.016860,0.033977,0,0.234814,113,0.302551,0.154057,-4.425601,0.000419,-6.228188,-0.009691,-4.425602,-6.216213,-0.009691,0.217825,0.000000,0.012865,-0.338104,-21.683444,0.011976,0.000000,0.000533,0.001845,-0.000001,0.000533,0.302551,0.154057,-9.804123,0.008012,-0.014491,0.000000,1.855551,0.004189,27.000000,0.013045,-4.425602,0.000419,0.217825,0.000000,0.012000,0.000000,162,0,1,32,30,0.013905,0.008866,-0.009806,-0.212922,0.486251,10.119572,0.284755,0.004189,0.033513,6,1,0,0.000000,0,-6.207704,0.000000,0.016860,0,0.234814,0.000000,0.033977,-6.207704,0.234814,1,1,1,1.790658,0.000000,0.000000,0.000000,0.000000,0.000000,0.000000,0.000000
3.4201,-4.425603,0.217825,-0.012200,0.000000,0.018147,0.033977,0,0.234814,123,0.302125,0.155241,-4.425603,0.001466,-6.228282,-0.012200,-4.425602,-6.216307,-0.012200,0.217825,0.000000,0.013003,-0.338104,-21.683444,0.011975,0.000000,0.000124,0.001846,0.000020,0.000124,0.302125,0.155241,-9.804118,-0.006146,-0.002830,0.000000,1.855456,0.004201,27.000000,0.013045,-4.425602,0.001466,0.217825,0.000000,0.012000,0.000000,167,0,1,32,30,0.003247,-0.006095,-0.012122,-0.251581,0.205617,9.609494,0.284660,0.004201,0.033496,6,1,0,0.000000,0,-6.207704,0.000000,0.018147,0,0.234814,0.000000,0.033977,-6.207704,0.234814,1,1,1,1.790696,0.000000,0.000000,0.000000,0.000000,0.000000,0.000000,0.000000
3.4301,-4.425410,0.217825,-0.001129,0.000000,0.018097,0.033977,0,0.234814,133,0.302330,0.153959,-4.425410,0.002513,-6.228362,-0.001129,-4.425411,-6.216381,-0.001129,0.217825,0.000000,0.012895,-0.338104,-21.683444,0.011981,0.000000,0.000444,0.001831,0.000200,0.000444,0.302330,0.153959,-9.804131,0.011473,0.008804,0.000000,1.855381,0.004224,27.000000,0.013045,-4.425411,0.002513,0.217825,0.000000,0.012000,0.000000,172,0,1,32,30,-0.009576,0.010822,-0.001268,-0.127169,0.195768,9.638188,0.284585,0.004224,0.033488,6,1,0,0.000000,0,-6.207704,0.000000,0.018097,0,0.234814,0.000000,0.033977,-6.207704,0.234814,1,1,1,1.790738,0.000000,0.000000,0.000000,0.000000,0.000000,0.000000,0.000000
3.4401,-4.425506,0.217825,0.007096,0.000000,0.017174,0.033977,0,0.234814,143,0.302385,0.155124,-4.425506,-0.000419,-6.228354,0.007096,-4.425506,-6.216366,0.007096,0.217825,0.000000,0.013020,-0.338104,-21.683444,0.011987,0.000000,0.000073,0.001847,-0.000006,0.000073,0.302385,0.155124,-9.804111,-0.002247,-0.000961,0.000000,1.855395,0.004235,27.000000,0.013045,-4.425506,-0.000419,0.217825,0.000000,0.012000,0.000000,177,0,1,32,30,0.001113,-0.002082,0.007123,-0.193362,0.503147,10.301594,0.284599,0.004235,0.033520,7,1,0,0.000000,0,-6.207704,0.000000,0.017174,0,0.234814,0.000000,0.033977,-6.207704,0.234814,1,1,1,1.790777,0.000000,0.000000,0.000000,0.000000,0.000000,0.000000,0.000000
3.4501,-4.425602,0.217825,0.000693,0.000000,0.017449,0.033977,0,0.234814,153,0.302362,0.154337,-4.425602,-0.000419,-6.228359,0.000693,-4.425602,-6.216377,0.000693,0.217825,0.000000,0.012935,-0.338104,-21.683444,0.011982,0.000000,0.000325,0.002001,-0.000088,0.000325,0.302362,0.154337,-9.804125,-0.001655,0.005419,0.000000,1.855385,0.004228,27.000000,0.013045,-4.425602,-0.000419,0.217825,0.000000,0.012000,0.000000,182,0,1,32,30,-0.005292,-0.002016,0.000719,-0.240935,-0.100478,9.615996,0.284589,0.004228,0.033500,6,1,0,0.000000,0,-6.207704,0.000000,0.017449,0,0.234814,0.000000,0.033977,-6.207704,0.234814,1,1,1,1.790818,0.000000,0.000000,0.000000,0.000000,0.000000,0.000000,0.000000
3.4601,-4.425602,0.217825,-0.012583,0.000000,0.018441,0.033977,0,0.234814,163,0.302317,0.155343,-4.425602,-0.000419,-6.228453,-0.012583,-4.425602,-6.216468,-0.012583,0.217825,0.000000,0.013045,-0.338104,-21.683444,0.011984,0.001000,0.000000,0.001871,-0.000077,0.000000,0.302317,0.155343,-9.804110,0.019714,-0.000310,0.001012,1.855293,0.004236,27.000000,0.013045,-4.425602,-0.000419,0.217825,0.000000,0.012000,0.001000,187,0,1,32,30,-0.001050,0.019536,-0.011827,-0.069872,0.186708,9.599853,0.284497,0.004236,0.033518,6,1,0,0.000000,0,-6.207704,0.000000,0.018441,0,0.234814,0.000000,0.033977,-6.207704,0.234814,1,1,1,1.790856,0.000000,0.000000,0.000000,0.000000,0.000000,0.000000,0.000000
3.4701,-4.425510,0.217825,-0.007739,0.000000,0.016423,0.033977,0,0.234814,173,0.302741,0.154415,-4.425510,0.002513,-6.228352,-0.007739,-4.425506,-6.216376,-0.007739,0.217825,0.000000,0.012950,-0.338104,-21.683444,0.011976,0.000000,0.000281,0.001899,0.000071,0.000281,0.302741,0.154415,-9.804112,0.003397,0.013636,0.000000,1.855386,0.004243,27.000000,0.013045,-4.425506,0.002513,0.217825,0.000000,0.012000,0.000000,192,0,1,32,30,-0.013838,0.002347,-0.007770,-0.192015,-0.105401,10.017936,0.284589,0.004243,0.033539,7,1,0,0.000000,0,-6.207704,0.000000,0.016423,0,0.234814,0.000000,0.033977,-6.207704,0.234814,1,1,1,1.790897,0.000000,0.000000,0.000000,0.000000,0.000000,0.000000,0.000000
3.4801,-4.425602,0.217825,-0.016250,0.000000,0.017684,0.033977,0,0.234814,183,0.302588,0.155370,-4.425602,0.001466,-6.228389,-0.016250,-4.425602,-6.216404,-0.016250,0.217825,0.000000,0.013045,-0.338104,-21.683444,0.011984,0.000000,0.000000,0.001847,0.000023,0.000000,0.302588,0.155370,-9.804101,0.002069,-0.009806,0.000002,1.855357,0.004240,27.000000,0.013045,-4.425602,0.001466,0.217825,0.000000,0.012000,0.000000,197,0,1,32,30,0.009640,0.002528,-0.016283,-0.117416,0.034870,9.502591,0.284561,0.004240,0.033545,6,1,0,0.000000,0,-6.207704,0.000000,0.017684,0,0.234814,0.000000,0.033977,-6.207704,0.234814,1,1,1,1.790936,0.000000,0.000000,0.000000,0.000000,0.000000,0.000000,0.000000
3.4901,-4.425603,0.217825,-0.005752,0.000000,0.018094,0.033977,0,0.234814,193,0.302547,0.154316,-4.425603,-0.001466,-6.228440,-0.005752,-4.425602,-6.216462,-0.005752,0.217825,0.000000,0.012955,-0.338104,-21.683444,0.011978,0.000000,0.000266,0.001838,-0.000079,0.000266,0.302547,0.154316,-9.804119,-0.004042,-0.000835,0.000000,1.855299,0.004254,27.000000,0.013045,-4.425602,-0.001466,0.217825,0.000000,0.012000,0.000000,1,0,1,32,30,0.001112,-0.004049,-0.005700,-0.165692,0.328790,9.706492,0.284503,0.004254,0.033518,7,1,0,0.000000,0,-6.207704,0.000000,0.018094,0,0.234814,0.000000,0.033977,-6.207704,0.234814,1,1,1,1.790977,0.000000,0.000000,0.000000,0.000000,0.000000,0.000000,0.000000
3.5001,-4.425404,0.217825,0.009587,0.000000,0.017515,0.033977,0,0.234814,203,0.303034,0.153436,-4.425404,0.001466,-6.228450,0.009587,-4.425411,-6.216462,0.009587,0.217825,0.000000,0.012850,-0.338104,-21.683444,0.011988,0.000000,0.000576,0.001848,0.000177,0.000576,0.303034,0.153436,-9.804118,0.013185,0.006545,0.000000,1.855300,0.004247,27.000000,0.013045,-4.425411,0.001466,0.217825,0.000000,0.012000,0.000000,6,0,1,32,30,-0.011693,-0.002176,0.011379,-0.067312,-0.267181,9.958969,0.284497,0.004252,0.033540,6,1,0,0.000000,0,-6.207704,0.000000,0.017515,0,0.234814,0.000000,0.033977,-6.207704,0.234814,1,1,1,1.791018,0.000000,0.000000,0.000000,0.000000,0.000000,0.000000,0.000000
3.5101,-4.425603,0.217825,-0.003293,0.000000,0.016924,0.033977,0,0.234814,213,0.303177,0.154727,-4.425603,-0.000419,-6.228393,-0.003293,-4.425602,-6.216413,-0.003293,0.217825,0.000000,0.012990,-0.338104,-21.683444,0.011980,0.000000,0.000163,0.001991,-0.000198,0.000163,0.303177,0.154727,-9.804093,0.007845,-0.014482,0.000000,1.855348,0.004261,27.000000,0.013045,-4.425602,-0.000419,0.217825,0.000000,0.012000,0.000000,11,0,1,32,30,0.013907,0.008781,-0.003407,-0.184032,0.457110,10.157579,0.284552,0.004261,0.033590,6,1,0,0.000000,0,-6.207704,0.000000,0.016924,0,0.234814,0.000000,0.033977,-6.207704,0.234814,1,1,1,1.791056,0.000000,0.000000,0.000000,0.000000,0.000000,0.000000,0.000000
3.5201,-4.425602,0.217825,-0.004695,0.000000,0.017702,0.033977,0,0.234814,223,0.303054,0.153326,-4.425602,0.000419,-6.228414,-0.004695,-4.425602,-6.216437,-0.004695,0.217825,0.000000,0.012891,-0.338104,-21.683444,0.011978,-0.001000,0.000456,0.001847,-0.000009,0.000456,0.303054,0.153326,-9.804119,-0.002193,-0.005240,-0.001000,1.855324,0.004299,27.000000,0.013045,-4.425602,0.000419,0.217825,0.000000,0.012000,-0.001000,16,0,1,32,30,0.005379,-0.001900,-0.005671,-0.193704,-0.031987,9.492299,0.284527,0.004299,0.033547,6,1,0,0.000000,0,-6.207704,0.000000,0.017702,0,0.234814,0.000000,0.033977,-6.207704,0.234814,1,1,1,1.791096,0.000000,0.000000,0.000000,0.000000,0.000000,0.000000,0.000000
3.5301,-4.425604,0.217825,-0.001075,0.000000,0.017873,0.033977,0,0.234814,233,0.302790,0.154187,-4.425604,0.001466,-6.228452,-0.001075,-4.425602,-6.216471,-0.001075,0.217825,0.000000,0.012990,-0.338104,-21.683444,0.011981,0.000000,0.000162,0.001843,-0.000082,0.000162,0.302790,0.154187,-9.804114,0.013603,0.008661,0.000000,1.855289,0.004307,27.000000,0.013045,-4.425602,0.001466,0.217825,0.000000,0.012000,0.000000,21,0,1,32,30,-0.009578,0.012959,-0.001244,-0.079731,0.310420,9.648942,0.284493,0.004307,0.033539,7,1,0,0.000000,0,-6.207704,0.000000,0.017873,0,0.234814,0.000000,0.033977,-6.207704,0.234814,1,1,1,1.791134,0.000000,0.000000,0.000000,0.000000,0.000000,0.000000,0.000000
3.5401,-4.425598,0.217825,-0.001393,0.000000,0.015844,0.033977,0,0.234814,243,0.303128,0.153561,-4.425598,0.001466,-6.228311,-0.001393,-4.425602,-6.216330,-0.001393,0.217825,0.000000,0.012896,-0.338104,-21.683444,0.011981,0.000000,0.000440,0.001870,-0.000209,0.000440,0.303128,0.153561,-9.804113,0.000955,0.011661,-0.000000,1.855431,0.004283,27.000000,0.013045,-4.425602,0.001466,0.217825,0.000000,0.012000,0.000000,26,0,1,32,30,-0.011699,0.000131,-0.001394,-0.125383,-0.207601,9.777692,0.284634,0.004283,0.033559,7,1,0,0.000000,0,-6.207704,0.000000,0.015844,0,0.234814,0.000000,0.033977,-6.207704,0.234814,1,1,1,1.791175,0.000000,0.000000,0.000000,0.000000,0.000000,0.000000,0.000000
3.5501,-4.425506,0.217825,-0.010675,0.000000,0.018321,0.033977,0,0.234814,253,0.302704,0.154670,-4.425506,-0.001466,-6.228404,-0.010675,-4.425506,-6.216419,-0.010675,0.217825,0.000000,0.013045,-0.338104,-21.683444,0.011984,-0.001000,0.000000,0.001953,-0.000001,0.000000,0.302704,0.154670,-9.804109,0.014604,-0.012801,-0.000990,1.855340,0.004312,27.000000,0.013045,-4.425506,-0.001466,0.217825,0.000000,0.012000,-0.001000,31,0,1,32,30,0.011763,0.015299,-0.011866,-0.155336,0.249943,9.897116,0.284544,0.004312,0.033541,6,1,0,0.000000,0,-6.207704,0.000000,0.018321,0,0.234814,0.000000,0.033977,-6.207704,0.234814,1,1,1,1.791212,0.000000,0.000000,0.000000,0.000000,0.000000,0.000000,0.000000
3.5601,-4.425606,0.217825,-0.005590,0.000000,0.018806,0.033977,0,0.234814,7,0.302966,0.153880,-4.425606,-0.000419,-6.228512,-0.005590,-4.425602,-6.216534,-0.005590,0.217825,0.000000,0.012974,-0.338104,-21.683444,0.011978,0.000000,0.000209,0.001993,-0.000170,0.000209,0.302966,0.153880,-9.804113,0.002071,-0.005530,0.000000,1.855225,0.004326,27.000000,0.013045,-4.425602,-0.000419,0.217825,0.000000,0.012000,0.000000,36,0,1,32,30,0.005374,0.002374,-0.005622,-0.183856,0.126801,9.800155,0.284429,0.004326,0.033550,7,1,0,0.000000,0,-6.207704,0.000000,0.018806,0,0.234814,0.000000,0.033977,-6.207704,0.234814,1,1,1,1.791252,0.000000,0.000000,0.000000,0.000000,0.000000,0.000000,0.000000
3.5701,-4.425602,0.217825,0.015513,0.000000,0.015956,0.033977,0,0.234814,17,0.302871,0.154622,-4.425602,0.000419,-6.228376,0.015513,-4.425602,-6.216392,0.015513,0.217825,0.000000,0.013045,-0.338104,-21.683444,0.011984,0.000000,0.000000,0.001823,-0.000034,0.000000,0.302871,0.154622,-9.804104,-0.005888,0.012122,-0.000004,1.855367,0.004320,27.000000,0.013045,-4.425602,0.000419,0.217825,0.000000,0.012000,0.000000,41,0,1,32,30,-0.011687,-0.006506,0.015595,-0.144288,-0.217998,9.844568,0.284571,0.004320,0.033557,6,1,0,0.000000,0,-6.207704,0.000000,0.015956,0,0.234814,0.000000,0.033977,-6.207704,0.234814,1,1,1,1.791290,0.000000,0.000000,0.000000,0.000000,0.000000,0.000000,0.000000
3.5801,-4.425508,0.217825,-0.009801,0.000000,0.017253,0.033977,0,0.234814,27,0.303210,0.153868,-4.425508,-0.000419,-6.228357,-0.009801,-4.425506,-6.216382,-0.009801,0.217825,0.000000,0.012993,-0.338104,-21.683444,0.011975,0.000000,0.000155,0.001989,0.000021,0.000155,0.303210,0.153868,-9.804106,0.004172,-0.007812,0.000000,1.855377,0.004351,27.000000,0.013045,-4.425506,-0.000419,0.217825,0.000000,0.012000,0.000000,46,0,1,32,30,0.007505,0.004574,-0.009861,-0.136509,0.486646,10.090915,0.284580,0.004351,0.033574,7,1,0,0.000000,0,-6.207704,0.000000,0.017253,0,0.234814,0.000000,0.033977,-6.207704,0.234814,1,1,1,1.791329,0.000000,0.000000,0.000000,0.000000,0.000000,0.000000,0.000000
3.5901,-4.425600,0.217825,0.000805,0.000000,0.017732,0.033977,0,0.234814,36,0.303057,0.152588,-4.425600,0.001466,-6.228395,0.000805,-4.425602,-6.216413,0.000805,0.217825,0.000000,0.012889,-0.338104,-21.683444,0.011982,0.000000,0.000461,0.002001,-0.000098,0.000461,0.303057,0.152588,-9.804130,0.002044,-0.003391,0.000000,1.855345,0.004371,27.000000,0.013045,-4.425602,0.001466,0.217825,0.000000,0.012000,0.000000,51,0,1,32,30,0.003242,0.002283,0.000776,-0.240737,-0.082533,9.711881,0.284548,0.004371,0.033531,6,1,0,0.000000,0,-6.207704,0.000000,0.017732,0,0.234814,0.000000,0.033977,-6.207704,0.234814,1,1,1,1.791369,0.000000,0.000000,0.000000,0.000000,0.000000,0.000000,0.000000
3.6001,-4.425602,0.217825,0.001113,0.000000,0.017157,0.033977,0,0.234814,47,0.303122,0.154435,-4.425602,-0.000419,-6.228374,0.001113,-4.425602,-6.216392,0.001113,0.217825,0.000000,0.013044,-0.338104,-21.683444,0.011983,0.000000,0.000003,0.002015,-0.000101,0.000003,0.303122,0.154435,-9.804100,0.015538,0.006389,0.000000,1.855367,0.004344,27.000000,0.013045,-4.425602,-0.000419,0.217825,0.000000,0.012000,0.000000,56,0,1,32,30,-0.007445,0.015074,0.000916,-0.012132,0.147431,9.685629,0.284571,0.004344,0.033578,6,1,0,0.000000,0,-6.207704,0.000000,0.017157,0,0.234814,0.000000,0.033977,-6.207704,0.234814,1,1,1,1.791405,0.000000,0.000000,0.000000,0.000000,0.000000,0.000000,0.000000
3.6101,-4.425414,0.217825,-0.001646,0.000000,0.017963,0.033977,0,0.234814,57,0.303454,0.153285,-4.425414,0.001466,-6.228421,-0.001646,-4.425411,-6.216441,-0.001646,0.217825,0.000000,0.012941,-0.338104,-21.683444,0.011981,0.000000,0.000307,0.001850,0.000221,0.000307,0.303454,0.153285,-9.804107,-0.010407,0.001738,0.000000,1.855318,0.004362,27.000000,0.013045,-4.425411,0.001466,0.217825,0.000000,0.012000,0.000000,61,0,1,32,30,-0.001015,-0.010523,-0.001510,-0.087017,-0.076305,9.989586,0.284521,0.004362,0.033586,6,1,0,0.000000,0,-6.207704,0.000000,0.017963,0,0.234814,0.000000,0.033977,-6.207704,0.234814,1,1,1,1.791444,0.000000,0.000000,0.000000,0.000000,0.000000,0.000000,0.000000
3.6201,-4.425411,0.217825,0.002041,0.000000,0.018175,0.033977,0,0.234814,67,0.302961,0.154052,-4.425411,0.001466,-6.228483,0.002041,-4.425411,-6.216499,0.002041,0.217825,0.000000,0.013045,-0.338104,-21.683444,0.011984,0.001000,0.000000,0.002017,0.000206,0.000000,0.302961,0.154052,-9.804110,0.006108,-0.005808,0.001004,1.855258,0.004379,27.000000,0.013045,-4.425411,0.001466,0.217825,0.000000,0.012000,0.001000,66,0,1,32,30,0.005372,0.006534,0.002960,-0.232041,0.137869,9.675819,0.284462,0.004379,0.033553,6,1,0,0.000000,0,-6.207704,0.000000,0.018175,0,0.234814,0.000000,0.033977,-6.207704,0.234814,1,1,1,1.791482,0.000000,0.000000,0.000000,0.000000,0.000000,0.000000,0.000000
3.6301,-4.425601,0.217825,0.013751,0.000000,0.016523,0.033977,0,0.234814,77,0.303135,0.153739,-4.425601,0.000419,-6.228400,0.013751,-4.425602,-6.216410,0.013751,0.217825,0.000000,0.012993,-0.338104,-21.683444,0.011990,0.000000,0.000153,0.001992,-0.000127,0.000153,0.303135,0.153739,-9.804110,0.008666,0.004714,0.000000,1.855348,0.004362,27.000000,0.013045,-4.425602,0.000419,0.217825,0.000000,0.012000,0.000000,71,0,1,32,30,-0.005300,0.008499,0.013641,-0.232391,0.261821,9.705776,0.284551,0.004362,0.033564,6,1,0,0.000000,0,-6.207704,0.000000,0.016523,0,0.234814,0.000000,0.033977,-6.207704,0.234814,1,1,1,1.791520,0.000000,0.000000,0.000000,0.000000,0.000000,0.000000,0.000000
3.6401,-4.425412,0.217825,-0.005502,0.000000,0.017714,0.033977,0,0.234814,87,0.303424,0.153329,-4.425412,0.001466,-6.228413,-0.005502,-4.425411,-6.216436,-0.005502,0.217825,0.000000,0.012889,-0.338104,-21.683444,0.011978,0.000000,0.000461,0.001997,0.000108,0.000461,0.303424,0.153329,-9.804107,0.007605,0.013348,0.000000,1.855325,0.004305,27.000000,0.013045,-4.425411,0.001466,0.217825,0.000000,0.012000,0.000000,76,0,1,32,30,-0.013842,0.006593,-0.005588,-0.097678,-0.052591,9.616571,0.284528,0.004305,0.033584,7,1,0,0.000000,0,-6.207704,0.000000,0.017714,0,0.234814,0.000000,0.033977,-6.207704,0.234814,1,1,1,1.791559,0.000000,0.000000,0.000000,0.000000,0.000000,0.000000,0.000000
3.6501,-4.425603,0.217825,-0.001160,0.000000,0.017603,0.033977,0,0.234814,97,0.303076,0.153908,-4.425603,0.000419,-6.228428,-0.001160,-4.425602,-6.216447,-0.001160,0.217825,0.000000,0.012991,-0.338104,-21.683444,0.011981,0.000000,0.000160,0.001840,0.000011,0.000160,0.303076,0.153908,-9.804109,0.007789,-0.014478,0.000000,1.855311,0.004342,27.000000,0.013045,-4.425602,0.000419,0.217825,0.000000,0.012000,0.000000,81,0,1,32,30,0.013907,0.008753,-0.001274,-0.098052,0.372748,10.022802,0.284515,0.004342,0.033562,6,1,0,0.000000,0,-6.207704,0.000000,0.017603,0,0.234814,0.000000,0.033977,-6.207704,0.234814,1,1,1,1.791595,0.000000,0.000000,0.000000,0.000000,0.000000,0.000000,0.000000
3.6601,-4.425602,0.217825,-0.001333,0.000000,0.017460,0.033977,0,0.234814,107,0.303410,0.152980,-4.425602,-0.000419,-6.228426,-0.001333,-4.425602,-6.216445,-0.001333,0.217825,0.000000,0.012917,-0.338104,-21.683444,0.011981,0.000000,0.000378,0.001838,0.000002,0.000378,0.303410,0.152980,-9.804113,0.002523,0.002996,-0.000000,1.855313,0.004368,27.000000,0.013045,-4.425602,-0.000419,0.217825,0.000000,0.012000,0.000000,86,0,1,32,30,-0.003163,0.002293,-0.001363,-0.259986,-0.129057,9.606126,0.284517,0.004368,0.033574,6,1,0,0.000000,0,-6.207704,0.000000,0.017460,0,0.234814,0.000000,0.033977,-6.207704,0.234814,1,1,1,1.791634,0.000000,0.000000,0.000000,0.000000,0.000000,0.000000,0.000000
3.6701,-4.425602,0.217825,-0.011793,0.000000,0.016893,0.033977,0,0.234814,117,0.303682,0.154588,-4.425602,-0.000419,-6.228380,-0.011793,-4.425602,-6.216396,-0.011793,0.217825,0.000000,0.013045,-0.338104,-21.683444,0.011984,0.000000,0.000000,0.001949,-0.000001,0.000000,0.303682,0.154588,-9.804080,0.011470,0.004530,0.000007,1.855363,0.004342,27.000000,0.013045,-4.425602,-0.000419,0.217825,0.000000,0.012000,0.000000,91,0,1,32,30,-0.005310,0.010976,-0.011930,-0.069105,-0.005002,9.636209,0.284566,0.004342,0.033637,6,1,0,0.000000,0,-6.207704,0.000000,0.016893,0,0.234814,0.000000,0.033977,-6.207704,0.234814,1,1,1,1.791670,0.000000,0.000000,0.000000,0.000000,0.000000,0.000000,0.000000
3.6801,-4.425602,0.217825,-0.001798,0.000000,0.018281,0.033977,0,0.234814,127,0.303535,0.153345,-4.425602,0.000419,-6.228452,-0.001798,-4.425602,-6.216471,-0.001798,0.217825,0.000000,0.012968,-0.338104,-21.683444,0.011981,0.000000,0.000228,0.001947,-0.000084,0.000228,0.303535,0.153345,-9.804104,-0.017225,-0.004219,0.000000,1.855287,0.004385,27.000000,0.013045,-4.425602,0.000419,0.217825,0.000000,0.012000,0.000000,96,0,1,32,30,0.005396,-0.016915,-0.001579,-0.135478,0.180781,10.078272,0.284490,0.004385,0.033595,7,1,0,0.000000,0,-6.207704,0.000000,0.018281,0,0.234814,0.000000,0.033977,-6.207704,0.234814,1,1,1,1.791708,0.000000,0.000000,0.000000,0.000000,0.000000,0.000000,0.000000
3.6901,-4.425601,0.217825,0.003357,0.000000,0.017888,0.033977,0,0.234814,136,0.303362,0.152508,-4.425601,-0.000419,-6.228484,0.003357,-4.425602,-6.216500,0.003357,0.217825,0.000000,0.012893,-0.338104,-21.683444,0.011984,0.000000,0.000450,0.001948,-0.000011,0.000450,0.303362,0.152508,-9.804122,0.019040,-0.004547,0.000000,1.855257,0.004389,27.000000,0.013045,-4.425602,-0.000419,0.217825,0.000000,0.012000,0.000000,101,0,1,32,30,0.003224,0.019350,0.003108,-0.165129,0.279213,9.849551,0.284461,0.004389,0.033559,7,1,0,0.000000,0,-6.207704,0.000000,0.017888,0,0.234814,0.000000,0.033977,-6.207704,0.234814,1,1,1,1.791747,0.000000,0.000000,0.000000,0.000000,0.000000,0.000000,0.000000
3.7001,-4.425506,0.217825,0.001012,0.000000,0.017521,0.033977,0,0.234814,147,0.303713,0.154129,-4.425506,0.000419,-6.228477,0.001012,-4.425506,-6.216495,0.001012,0.217825,0.000000,0.013019,-0.338104,-21.683444,0.011983,0.000000,0.000078,0.001998,-0.000001,0.000078,0.303713,0.154129,-9.804086,0.010852,0.000288,0.000000,1.855264,0.004362,27.000000,0.013045,-4.425506,0.000419,0.217825,0.000000,0.012000,0.000000,106,0,1,32,30,-0.001037,0.010818,0.000872,-0.223253,0.376687,9.697366,0.284467,0.004362,0.033630,7,1,0,0.000000,0,-6.207704,0.000000,0.017521,0,0.234814,0.000000,0.033977,-6.207704,0.234814,1,1,1,1.791783,0.000000,0.000000,0.000000,0.000000,0.000000,0.000000,0.000000
3.7101,-4.425419,0.217825,-0.012201,0.000000,0.018725,0.033977,0,0.234814,157,0.303983,0.152671,-4.425419,0.001466,-6.228564,-0.012201,-4.425411,-6.216590,-0.012201,0.217825,0.000000,0.012891,-0.338104,-21.683444,0.011974,0.000000,0.000456,0.001789,0.000132,0.000456,0.303983,0.152671,-9.804100,-0.006007,-0.000699,0.000000,1.855168,0.004385,27.000000,0.013045,-4.425411,0.001466,0.217825,0.000000,0.012000,0.000000,111,0,1,32,30,0.001112,-0.006101,-0.012123,-0.030019,-0.149942,9.759192,0.284372,0.004385,0.033625,6,1,0,0.000000,0,-6.207704,0.000000,0.018725,0,0.234814,0.000000,0.033977,-6.207704,0.234814,1,1,1,1.791821,0.000000,0.000000,0.000000,0.000000,0.000000,0.000000,0.000000
3.7201,-4.425602,0.217825,-0.012469,0.000000,0.018417,0.033977,0,0.234814,167,0.303737,0.153854,-4.425602,-0.001466,-6.228628,-0.012469,-4.425602,-6.216644,-0.012469,0.217825,0.000000,0.013045,-0.338104,-21.683444,0.011984,0.001000,0.000000,0.001993,-0.000081,0.000000,0.303737,0.153854,-9.804090,0.022990,-0.015509,0.001016,1.855113,0.004416,27.000000,0.013045,-4.425602,-0.001466,0.217825,0.000000,0.012000,0.001000,116,0,1,32,30,0.013888,0.023853,-0.011765,-0.146297,0.393496,9.888993,0.284316,0.004416,0.033626,6,1,0,0.000000,0,-6.207704,0.000000,0.018417,0,0.234814,0.000000,0.033977,-6.207704,0.234814,1,1,1,1.791857,0.000000,0.000000,0.000000,0.000000,0.000000,0.000000,0.000000
3.7301,-4.425502,0.217825,0.009273,0.000000,0.016626,0.033977,0,0.234814,177,0.304097,0.153554,-4.425502,0.000419,-6.228528,0.009273,-4.425506,-6.216539,0.009273,0.217825,0.000000,0.012958,-0.338104,-21.683444,0.011988,0.000000,0.000258,0.002001,-0.000130,0.000258,0.304097,0.153554,-9.804083,0.000394,0.007417,0.000000,1.855219,0.004366,27.000000,0.013045,-4.425506,0.000419,0.217825,0.000000,0.012000,0.000000,121,0,1,32,30,-0.007427,0.000002,0.009274,-0.346053,-0.110215,9.625401,0.284423,0.004366,0.033656,7,1,0,0.000000,0,-6.207704,0.000000,0.016626,0,0.234814,0.000000,0.033977,-6.207704,0.234814,1,1,1,1.791896,0.000000,0.000000,0.000000,0.000000,0.000000,0.000000,0.000000
3.7401,-4.425411,0.217825,-0.007728,0.000000,0.017553,0.033977,0,0.234814,187,0.303836,0.154471,-4.425411,0.001466,-6.228506,-0.007728,-4.425411,-6.216530,-0.007728,0.217825,0.000000,0.013041,-0.338104,-21.683444,0.011977,0.000000,0.000011,0.001848,0.000183,0.000011,0.303836,0.154471,-9.804077,0.002550,0.000856,-0.000000,1.855229,0.004353,27.000000,0.013045,-4.425411,0.001466,0.217825,0.000000,0.012000,0.000000,126,0,1,32,30,-0.001030,0.002384,-0.007760,-0.021681,0.166196,9.714522,0.284432,0.004353,0.033650,7,1,0,0.000000,0,-6.207704,0.000000,0.017553,0,0.234814,0.000000,0.033977,-6.207704,0.234814,1,1,1,1.791931,0.000000,0.000000,0.000000,0.000000,0.000000,0.000000,0.000000
3.7501,-4.425506,0.217825,0.000704,0.000000,0.018386,0.033977,0,0.234814,197,0.303684,0.153325,-4.425506,0.000419,-6.228573,0.000704,-4.425506,-6.216591,0.000704,0.217825,0.000000,0.012992,-0.338104,-21.683444,0.011982,0.000000,0.000157,0.001849,0.000099,0.000157,0.303684,0.153325,-9.804100,-0.002502,-0.007360,-0.000000,1.855166,0.004414,27.000000,0.013045,-4.425506,0.000419,0.217825,0.000000,0.012000,0.000000,131,0,1,32,30,0.007515,-0.001979,0.000730,-0.078108,0.256130,10.174770,0.284369,0.004414,0.033609,7,1,0,0.000000,0,-6.207704,0.000000,0.018386,0,0.234814,0.000000,0.033977,-6.207704,0.234814,1,1,1,1.791969,0.000000,0.000000,0.000000,0.000000,0.000000,0.000000,0.000000
3.7601,-4.425407,0.217825,0.009645,0.000000,0.016812,0.033977,0,0.234814,207,0.304315,0.152583,-4.425407,-0.000419,-6.228499,0.009645,-4.425411,-6.216511,0.009645,0.217825,0.000000,0.012881,-0.338104,-21.683444,0.011988,0.000000,0.000484,0.001847,0.000080,0.000484,0.304315,0.152583,-9.804092,0.014892,0.000009,0.000000,1.855247,0.004392,27.000000,0.013045,-4.425411,-0.000419,0.217825,0.000000,0.012000,0.000000,136,0,1,32,30,-0.001038,0.014979,0.009453,-0.136789,0.243102,9.676939,0.284450,0.004392,0.033656,7,1,0,0.000000,0,-6.207704,0.000000,0.016812,0,0.234814,0.000000,0.033977,-6.207704,0.234814,1,1,1,1.792007,0.000000,0.000000,0.000000,0.000000,0.000000,0.000000,0.000000
3.7701,-4.425410,0.217825,0.008094,0.000000,0.017144,0.033977,0,0.234814,217,0.304406,0.153705,-4.425410,0.002513,-6.228458,0.008094,-4.425411,-6.216472,0.008094,0.217825,0.000000,0.012970,-0.338104,-21.683444,0.011986,-0.001000,0.000221,0.001843,0.000080,0.000221,0.304406,0.153705,-9.804071,-0.002105,0.001169,-0.001000,1.855286,0.004371,27.000000,0.013045,-4.425411,0.002513,0.217825,0.000000,0.012000,-0.001000,141,0,1,32,30,-0.001021,-0.002088,0.007122,-0.271000,0.442299,9.803268,0.284490,0.004371,0.033690,7,1,0,0.000000,0,-6.207704,0.000000,0.017144,0,0.234814,0.000000,0.033977,-6.207704,0.234814,1,1,1,1.792043,0.000000,0.000000,0.000000,0.000000,0.000000,0.000000,0.000000
3.7801,-4.425600,0.217825,0.002663,0.000000,0.018484,0.033977,0,0.234814,227,0.304152,0.152516,-4.425600,0.000419,-6.228534,0.002663,-4.425602,-6.216551,0.002663,0.217825,0.000000,0.012882,-0.338104,-21.683444,0.011983,0.000000,0.000481,0.001838,-0.000078,0.000481,0.304152,0.152516,-9.804098,-0.007682,0.012247,0.000000,1.855207,0.004395,27.000000,0.013045,-4.425602,0.000419,0.217825,0.000000,0.012000,0.000000,146,0,1,32,30,-0.011689,-0.008473,0.002772,-0.010553,-0.302099,9.690683,0.284410,0.004395,0.033638,7,1,0,0.000000,0,-6.207704,0.000000,0.018484,0,0.234814,0.000000,0.033977,-6.207704,0.234814,1,1,1,1.792080,0.000000,0.000000,0.000000,0.000000,0.000000,0.000000,0.000000
3.7901,-4.425602,0.217825,0.007667,0.000000,0.017657,0.033977,0,0.234814,237,0.304005,0.154062,-4.425602,-0.001466,-6.228532,0.007667,-4.425602,-6.216548,0.007667,0.217825,0.000000,0.013045,-0.338104,-21.683444,0.011984,0.000000,0.000000,0.001992,-0.000109,0.000000,0.304005,0.154062,-9.804078,0.020777,-0.008946,0.000014,1.855209,0.004401,27.000000,0.013045,-4.425602,-0.001466,0.217825,0.000000,0.012000,0.000000,151,0,1,32,30,0.007493,0.021442,0.007402,-0.203533,0.392876,9.936802,0.284413,0.004401,0.033658,6,1,0,0.000000,0,-6.207704,0.000000,0.017657,0,0.234814,0.000000,0.033977,-6.207704,0.234814,1,1,1,1.792115,0.000000,0.000000,0.000000,0.000000,0.000000,0.000000,0.000000
3.8001,-4.425507,0.217825,-0.001648,0.000000,0.017342,0.033977,0,0.234814,247,0.304635,0.153687,-4.425507,0.000419,-6.228500,-0.001648,-4.425506,-6.216519,-0.001648,0.217825,0.000000,0.012963,-0.338104,-21.683444,0.011981,0.000000,0.000244,0.001839,-0.000098,0.000244,0.304635,0.153687,-9.804064,-0.010266,0.003867,0.000000,1.855239,0.004370,27.000000,0.013045,-4.425506,0.000419,0.217825,0.000000,0.012000,0.000000,156,0,1,32,30,-0.003149,-0.010529,-0.001512,-0.270030,-0.004521,9.588230,0.284443,0.004370,0.033712,6,1,0,0.000000,0,-6.207704,0.000000,0.017342,0,0.234814,0.000000,0.033977,-6.207704,0.234814,1,1,1,1.792152,0.000000,0.000000,0.000000,0.000000,0.000000,0.000000,0.000000
3.8101,-4.425411,0.217825,-0.015184,0.000000,0.018511,0.033977,0,0.234814,1,0.304249,0.154108,-4.425411,0.001466,-6.228577,-0.015184,-4.425411,-6.216593,-0.015184,0.217825,0.000000,0.013045,-0.338104,-21.683444,0.011984,0.001000,0.000000,0.001983,0.000124,0.000000,0.304249,0.154108,-9.804070,0.001011,0.007382,0.001000,1.855164,0.004402,27.000000,0.013045,-4.425411,0.001466,0.217825,0.000000,0.012000,0.001000,161,0,1,32,30,-0.007434,0.000314,-0.014189,0.055632,-0.025708,9.770067,0.284368,0.004402,0.033683,6,1,0,0.000000,0,-6.207704,0.000000,0.018511,0,0.234814,0.000000,0.033977,-6.207704,0.234814,1,1,1,1.792188,0.000000,0.000000,0.000000,0.000000,0.000000,0.000000,0.000000
3.8201,-4.425411,0.217825,-0.001383,0.000000,0.017723,0.033977,0,0.234814,11,0.304348,0.153906,-4.425411,0.000419,-6.228569,-0.001383,-4.425411,-6.216588,-0.001383,0.217825,0.000000,0.013043,-0.338104,-21.683444,0.011981,0.000000,0.000005,0.001994,0.000001,0.000005,0.304348,0.153906,-9.804070,0.000250,0.001011,0.000000,1.855168,0.004422,27.000000,0.013045,-4.425411,0.000419,0.217825,0.000000,0.012000,0.000000,166,0,1,32,30,-0.001026,0.000162,-0.001386,-0.039961,0.284836,10.175083,0.284372,0.004422,0.033688,7,1,0,0.000000,0,-6.207704,0.000000,0.017723,0,0.234814,0.000000,0.033977,-6.207704,0.234814,1,1,1,1.792224,0.000000,0.000000,0.000000,0.000000,0.000000,0.000000,0.000000
3.8301,-4.425505,0.217825,-0.003190,0.000000,0.018241,0.033977,0,0.234814,21,0.304817,0.153006,-4.425505,-0.000419,-6.228607,-0.003190,-4.425506,-6.216628,-0.003190,0.217825,0.000000,0.012920,-0.338104,-21.683444,0.011979,0.000000,0.000371,0.001847,-0.000091,0.000371,0.304817,0.153006,-9.804069,0.012248,-0.012643,0.000000,1.855130,0.004399,27.000000,0.013045,-4.425506,-0.000419,0.217825,0.000000,0.012000,0.000000,171,0,1,32,30,0.011768,0.013049,-0.003359,-0.222341,0.090182,9.665776,0.284334,0.004399,0.033715,7,1,0,0.000000,0,-6.207704,0.000000,0.018241,0,0.234814,0.000000,0.033977,-6.207704,0.234814,1,1,1,1.792262,0.000000,0.000000,0.000000,0.000000,0.000000,0.000000,0.000000
3.8401,-4.425506,0.217825,0.000954,0.000000,0.018044,0.033977,0,0.234814,30,0.304653,0.154242,-4.425506,0.001466,-6.228628,0.000954,-4.425506,-6.216644,0.000954,0.217825,0.000000,0.013045,-0.338104,-21.683444,0.011984,0.000000,0.000000,0.001995,-0.000089,0.000000,0.304653,0.154242,-9.804055,0.008720,0.000434,0.000005,1.855113,0.004397,27.000000,0.013045,-4.425506,0.001466,0.217825,0.000000,0.012000,0.000000,176,0,1,32,30,-0.001034,0.008681,0.000847,-0.146469,0.375432,9.802678,0.284317,0.004397,0.033726,6,1,0,0.000000,0,-6.207704,0.000000,0.018044,0,0.234814,0.000000,0.033977,-6.207704,0.234814,1,1,1,1.792297,0.000000,0.000000,0.000000,0.000000,0.000000,0.000000,0.000000
3.8501,-4.425409,0.217825,0.002615,0.000000,0.017430,0.033977,0,0.234814,41,0.304682,0.153324,-4.425409,0.001466,-6.228590,0.002615,-4.425411,-6.216607,0.002615,0.217825,0.000000,0.012988,-0.338104,-21.683444,0.011983,0.000000,0.000170,0.001998,0.000086,0.000170,0.304682,0.153324,-9.804069,-0.010236,0.006004,-0.000000,1.855150,0.004432,27.000000,0.013045,-4.425411,0.001466,0.217825,0.000000,0.012000,0.000000,181,0,1,32,30,-0.005283,-0.010592,0.002753,-0.153915,-0.161221,9.892984,0.284353,0.004432,0.033709,6,1,0,0.000000,0,-6.207704,0.000000,0.017430,0,0.234814,0.000000,0.033977,-6.207704,0.234814,1,1,1,1.792333,0.000000,0.000000,0.000000,0.000000,0.000000,0.000000,0.000000
3.8601,-4.425410,0.217825,-0.005534,0.000000,0.017803,0.033977,0,0.234814,51,0.305360,0.152304,-4.425410,0.001466,-6.228584,-0.005534,-4.425411,-6.216607,-0.005534,0.217825,0.000000,0.012864,-0.338104,-21.683444,0.011978,0.000000,0.000536,0.001838,0.000094,0.000536,0.305360,0.152304,-9.804063,0.003918,-0.009936,0.000000,1.855150,0.004425,27.000000,0.013045,-4.425411,0.001466,0.217825,0.000000,0.012000,0.000000,186,0,1,32,30,0.009641,0.004523,-0.005593,-0.251195,0.411031,10.013516,0.284354,0.004425,0.033754,6,1,0,0.000000,0,-6.207704,0.000000,0.017803,0,0.234814,0.000000,0.033977,-6.207704,0.234814,1,1,1,1.792370,0.000000,0.000000,0.000000,0.000000,0.000000,0.000000,0.000000
3.8701,-4.425411,0.217825,0.002724,0.000000,0.018653,0.033977,0,0.234814,61,0.305013,0.153361,-4.425411,0.001466,-6.228661,0.002724,-4.425411,-6.216677,0.002724,0.217825,0.000000,0.012967,-0.338104,-21.683444,0.011984,0.000000,0.000229,0.001850,0.000110,0.000229,0.305013,0.153361,-9.804058,-0.006256,0.001454,-0.000000,1.855080,0.004416,27.000000,0.013045,-4.425411,0.001466,0.217825,0.000000,0.012000,0.000000,191,0,1,32,30,-0.001018,-0.006306,0.002806,-0.375458,0.128347,9.666060,0.284283,0.004416,0.033743,7,1,0,0.000000,0,-6.207704,0.000000,0.018653,0,0.234814,0.000000,0.033977,-6.207704,0.234814,1,1,1,1.792405,0.000000,0.000000,0.000000,0.000000,0.000000,0.000000,0.000000
3.8801,-4.425507,0.217825,-0.007521,0.000000,0.018318,0.033977,0,0.234814,71,0.305021,0.152374,-4.425507,0.000419,-6.228684,-0.007521,-4.425506,-6.216708,-0.007521,0.217825,0.000000,0.012889,-0.338104,-21.683444,0.011976,0.000000,0.000461,0.001839,-0.000093,0.000461,0.305021,0.152374,-9.804073,0.011216,0.002406,0.000000,1.855048,0.004436,27.000000,0.013045,-4.425506,0.000419,0.217825,0.000000,0.012000,0.000000,196,0,1,32,30,-0.003174,0.010926,-0.007662,-0.127101,0.327279,9.830917,0.284252,0.004436,0.033722,7,1,0,0.000000,0,-6.207704,0.000000,0.018318,0,0.234814,0.000000,0.033977,-6.207704,0.234814,1,1,1,1.792442,0.000000,0.000000,0.000000,0.000000,0.000000,0.000000,0.000000
3.8901,-4.425411,0.217825,0.005229,0.000000,0.018424,0.033977,0,0.234814,81,0.304855,0.153780,-4.425411,0.001466,-6.228729,0.005229,-4.425411,-6.216743,0.005229,0.217825,0.000000,0.013043,-0.338104,-21.683444,0.011985,0.000000,0.000006,0.001841,0.000087,0.000006,0.304855,0.153780,-9.804056,0.008325,-0.003821,0.000000,1.855013,0.004446,27.000000,0.013045,-4.425411,0.001466,0.217825,0.000000,0.012000,0.000000,0,0,1,32,30,0.003236,0.008637,0.005116,-0.250440,0.351185,10.213896,0.284216,0.004446,0.033736,7,1,0,0.000000,0,-6.207704,0.000000,0.018424,0,0.234814,0.000000,0.033977,-6.207704,0.234814,1,1,1,1.792476,0.000000,0.000000,0.000000,0.000000,0.000000,0.000000,0.000000
3.9001,-4.425411,0.217825,-0.007779,0.000000,0.018487,0.033977,0,0.234814,90,0.305163,0.153071,-4.425411,0.002513,-6.228754,-0.007779,-4.425411,-6.216777,-0.007779,0.217825,0.000000,0.012941,-0.338104,-21.683444,0.011977,0.000000,0.000308,0.001847,0.000004,0.000308,0.305163,0.153071,-9.804058,0.000276,-0.001128,0.000000,1.854980,0.004421,27.000000,0.013045,-4.425411,0.002513,0.217825,0.000000,0.012000,0.000000,5,0,1,32,30,0.001107,0.000253,-0.007783,-0.183877,-0.070819,9.539768,0.284183,0.004421,0.033751,6,1,0,0.000000,0,-6.207704,0.000000,0.018487,0,0.234814,0.000000,0.033977,-6.207704,0.234814,1,1,1,1.792514,0.000000,0.000000,0.000000,0.000000,0.000000,0.000000,0.000000
3.9101,-4.425506,0.217825,-0.001114,0.000000,0.019075,0.033977,0,0.234814,101,0.304991,0.153877,-4.425506,0.000419,-6.228836,-0.001114,-4.425506,-6.216855,-0.001114,0.217825,0.000000,0.013043,-0.338104,-21.683444,0.011981,0.000000,0.000006,0.001838,-0.000096,0.000006,0.304991,0.153877,-9.804050,0.010484,-0.006105,0.000000,1.854901,0.004439,27.000000,0.013045,-4.425506,0.000419,0.217825,0.000000,0.012000,0.000000,10,0,1,32,30,0.005367,0.010865,-0.001256,0.053958,0.254769,9.514483,0.284105,0.004439,0.033752,7,1,0,0.000000,0,-6.207704,0.000000,0.019075,0,0.234814,0.000000,0.033977,-6.207704,0.234814,1,1,1,1.792549,0.000000,0.000000,0.000000,0.000000,0.000000,0.000000,0.000000
3.9201,-4.425411,0.217825,0.002714,0.000000,0.019139,0.033977,0,0.234814,110,0.304793,0.153222,-4.425411,0.001466,-6.228908,0.002714,-4.425411,-6.216924,0.002714,0.217825,0.000000,0.012991,-0.338104,-21.683444,0.011984,0.000000,0.000159,0.001840,0.000007,0.000159,0.304793,0.153222,-9.804067,-0.005549,0.012103,0.000000,1.854831,0.004448,27.000000,0.013045,-4.425411,0.001466,0.217825,0.000000,0.012000,0.000000,15,0,1,32,30,-0.011691,-0.006336,0.002797,0.018404,-0.275047,9.824960,0.284035,0.004448,0.033718,7,1,0,0.000000,0,-6.207704,0.000000,0.019139,0,0.234814,0.000000,0.033977,-6.207704,0.234814,1,1,1,1.792585,0.000000,0.000000,0.000000,0.000000,0.000000,0.000000,0.000000
3.9301,-4.425415,0.217825,-0.005272,0.000000,0.018569,0.033977,0,0.234814,120,0.305239,0.152685,-4.425415,0.003560,-6.228913,-0.005272,-4.425411,-6.216935,-0.005272,0.217825,0.000000,0.012921,-0.338104,-21.683444,0.011978,0.000000,0.000365,0.001848,0.000113,0.000365,0.305239,0.152685,-9.804061,0.014575,-0.010663,0.000000,1.854821,0.004442,27.000000,0.013045,-4.425411,0.003560,0.217825,0.000000,0.012000,0.000000,20,0,1,32,30,0.009630,0.015208,-0.005469,-0.155937,0.506820,10.004971,0.284025,0.004442,0.033750,6,1,0,0.000000,0,-6.207704,0.000000,0.018569,0,0.234814,0.000000,0.033977,-6.207704,0.234814,1,1,1,1.792622,0.000000,0.000000,0.000000,0.000000,0.000000,0.000000,0.000000
3.9401,-4.425411,0.217825,0.003940,0.000000,0.019516,0.033977,0,0.234814,130,0.305208,0.153779,-4.425411,0.002513,-6.229007,0.003940,-4.425411,-6.217023,0.003940,0.217825,0.000000,0.013045,-0.338104,-21.683444,0.011984,-0.001000,0.000000,0.001952,0.000008,0.000000,0.305208,0.153779,-9.804045,0.001704,-0.007648,-0.000999,1.854732,0.004456,27.000000,0.013045,-4.425411,0.002513,0.217825,0.000000,0.012000,-0.001000,25,0,1,32,30,0.007511,0.002267,0.002912,-0.337224,0.184915,9.733646,0.283936,0.004456,0.033771,7,1,0,0.000000,0,-6.207704,0.000000,0.019516,0,0.234814,0.000000,0.033977,-6.207704,0.234814,1,1,1,1.792658,0.000000,0.000000,0.000000,0.000000,0.000000,0.000000,0.000000
3.9501,-4.425507,0.217825,0.002977,0.000000,0.018338,0.033977,0,0.234814,140,0.305271,0.152701,-4.425507,0.000419,-6.228982,0.002977,-4.425506,-6.216998,0.002977,0.217825,0.000000,0.012943,-0.338104,-21.683444,0.011984,0.000000,0.000300,0.001946,-0.000101,0.000300,0.305271,0.152701,-9.804060,0.005107,0.011377,0.000000,1.854757,0.004463,27.000000,0.013045,-4.425506,0.000419,0.217825,0.000000,0.012000,0.000000,30,0,1,32,30,-0.011702,0.004348,0.002921,-0.021933,0.148486,9.599500,0.283961,0.004463,0.033754,7,1,0,0.000000,0,-6.207704,0.000000,0.018338,0,0.234814,0.000000,0.033977,-6.207704,0.234814,1,1,1,1.792695,0.000000,0.000000,0.000000,0.000000,0.000000,0.000000,0.000000
3.9601,-4.425412,0.217825,-0.007674,0.000000,0.018376,0.033977,0,0.234814,148,0.305468,0.153652,-4.425412,0.002513,-6.228958,-0.007674,-4.425411,-6.216981,-0.007674,0.217825,0.000000,0.013014,-0.338104,-21.683444,0.011977,0.000000,0.001936,0.002147,-0.000002,0.001936,0.305468,0.153652,-9.804039,0.004540,-0.001419,0.000000,1.854775,0.004443,27.000000,0.013045,-4.425411,0.002513,0.217825,0.000000,0.012000,0.000000,35,0,1,32,30,0.001102,0.004527,-0.007733,-0.146045,0.411206,10.004017,0.283979,0.004443,0.033794,6,1,0,0.000000,0,-6.207704,0.000000,0.018376,0,0.234814,0.000000,0.033977,-6.207704,0.234814,1,1,1,1.792730,0.000000,0.000000,0.000000,0.000000,0.000000,0.000000,0.000000
3.9701,-4.425411,0.217825,0.002782,0.000000,0.019123,0.033977,0,0.234814,159,0.305401,0.153256,-4.425411,0.000419,-6.229011,0.002782,-4.425411,-6.217028,0.002782,0.217825,0.000000,0.012993,-0.338104,-21.683444,0.011983,0.000000,0.000153,0.001985,-0.000003,0.000153,0.305401,0.153256,-9.804047,-0.004549,-0.005081,0.000000,1.854727,0.004460,27.000000,0.013045,-4.425411,0.000419,0.217825,0.000000,0.012000,0.000000,40,0,1,32,30,0.005384,-0.004150,0.002836,-0.145293,-0.062886,9.673859,0.283931,0.004460,0.033779,6,1,0,0.000000,0,-6.207704,0.000000,0.019123,0,0.234814,0.000000,0.033977,-6.207704,0.234814,1,1,1,1.792767,0.000000,0.000000,0.000000,0.000000,0.000000,0.000000,0.000000
3.9801,-4.425505,0.217825,0.005965,0.000000,0.018147,0.033977,0,0.234814,169,0.305790,0.152116,-4.425505,0.000419,-6.228970,0.005965,-4.425506,-6.216986,0.005965,0.217825,0.000000,0.012891,-0.338104,-21.683444,0.011984,-0.001000,0.000454,0.001997,-0.000112,0.000454,0.305790,0.152116,-9.804053,-0.002331,-0.003094,-0.001000,1.854769,0.004480,27.000000,0.013045,-4.425506,0.000419,0.217825,0.000000,0.012000,-0.001000,45,0,1,32,30,0.003247,-0.002048,0.004992,-0.232411,0.327812,9.783003,0.283973,0.004480,0.033792,6,1,0,0.000000,0,-6.207704,0.000000,0.018147,0,0.234814,0.000000,0.033977,-6.207704,0.234814,1,1,1,1.792804,0.000000,0.000000,0.000000,0.000000,0.000000,0.000000,0.000000
3.9901,-4.425409,0.217825,0.009166,0.000000,0.018026,0.033977,0,0.234814,179,0.305831,0.153139,-4.425409,0.000419,-6.228930,0.009166,-4.425411,-6.216942,0.009166,0.217825,0.000000,0.012992,-0.338104,-21.683444,0.011988,0.000000,0.000155,0.002020,0.000089,0.000155,0.305831,0.153139,-9.804036,-0.003727,0.009838,0.000000,1.854813,0.004480,27.000000,0.013045,-4.425411,0.000419,0.217825,0.000000,0.012000,0.000000,50,0,1,32,30,-0.009557,-0.004278,0.009223,-0.220455,-0.191239,9.997914,0.284017,0.004480,0.033819,7,1,0,0.000000,0,-6.207704,0.000000,0.018026,0,0.234814,0.000000,0.033977,-6.207704,0.234814,1,1,1,1.792839,0.000000,0.000000,0.000000,0.000000,0.000000,0.000000,0.000000
4.0001,-4.425414,0.217825,-0.004325,0.000000,0.019520,0.033977,0,0.234814,189,0.306174,0.152167,-4.425414,0.000419,-6.229006,-0.004325,-4.425411,-6.217029,-0.004325,0.217825,0.000000,0.012888,-0.338104,-21.683444,0.011977,-0.001000,0.000464,0.001856,0.000014,0.000464,0.306174,0.152167,-9.804040,0.012444,-0.010517,-0.001000,1.854727,0.004481,27.000000,0.013045,-4.425411,0.000419,0.217825,0.000000,0.012000,-0.001000,55,0,1,32,30,0.009632,0.013071,-0.005494,-0.126684,0.372497,10.041922,0.283930,0.004481,0.033832,6,1,0,0.000000,0,-6.207704,0.000000,0.019520,0,0.234814,0.000000,0.033977,-6.207704,0.234814,1,1,1,1.792875,0.000000,0.000000,0.000000,0.000000,0.000000,0.000000,0.000000
4.0101,-4.425507,0.217825,0.000695,0.000000,0.018804,0.033977,0,0.234814,199,0.305838,0.153040,-4.425507,0.000419,-6.229024,0.000695,-4.425506,-6.217042,0.000695,0.217825,0.000000,0.012993,-0.338104,-21.683444,0.011982,0.000000,0.000152,0.001969,-0.000002,0.000152,0.305838,0.153040,-9.804037,-0.001796,0.003289,-0.000000,1.854713,0.004492,27.000000,0.013045,-4.425506,0.000419,0.217825,0.000000,0.012000,0.000000,60,0,1,32,30,-0.003158,-0.002009,0.000721,-0.298911,0.241129,9.829940,0.283917,0.004492,0.033818,7,1,0,0.000000,0,-6.207704,0.000000,0.018804,0,0.234814,0.000000,0.033977,-6.207704,0.234814,1,1,1,1.792910,0.000000,0.000000,0.000000,0.000000,0.000000,0.000000,0.000000
4.0201,-4.425414,0.217825,-0.009502,0.000000,0.018769,0.033977,0,0.234814,209,0.306124,0.152380,-4.425414,0.001466,-6.229025,-0.009502,-4.425411,-6.217050,-0.009502,0.217825,0.000000,0.012889,-0.338104,-21.683444,0.011975,0.000000,0.000460,0.002001,0.000008,0.000460,0.306124,0.152380,-9.804038,0.018091,0.008355,0.000000,1.854706,0.004460,27.000000,0.013045,-4.425411,0.001466,0.217825,0.000000,0.012000,0.000000,65,0,1,32,30,-0.009585,0.017346,-0.009726,-0.212700,0.089834,9.694490,0.283910,0.004460,0.033832,6,1,0,0.000000,0,-6.207704,0.000000,0.018769,0,0.234814,0.000000,0.033977,-6.207704,0.234814,1,1,1,1.792946,0.000000,0.000000,0.000000,0.000000,0.000000,0.000000,0.000000
4.0301,-4.425315,0.217825,-0.013913,0.000000,0.019572,0.033977,0,0.234814,219,0.305946,0.153664,-4.425315,0.001466,-6.229107,-0.013913,-4.425315,-6.217123,-0.013913,0.217825,0.000000,0.013045,-0.338104,-21.683444,0.011984,0.000000,0.000000,0.002024,0.000106,0.000000,0.305946,0.153664,-9.804024,0.010536,-0.010386,0.000008,1.854632,0.004483,27.000000,0.013045,-4.425315,0.001466,0.217825,0.000000,0.012000,0.000000,70,0,1,32,30,0.009632,0.011047,-0.014051,-0.107506,0.522906,10.253996,0.283835,0.004483,0.033842,6,1,0,0.000000,0,-6.207704,0.000000,0.019572,0,0.234814,0.000000,0.033977,-6.207704,0.234814,1,1,1,1.792981,0.000000,0.000000,0.000000,0.000000,0.000000,0.000000,0.000000
4.0401,-4.425409,0.217825,0.000646,0.000000,0.019265,0.033977,0,0.234814,229,0.306195,0.152318,-4.425409,0.001466,-6.229140,0.000646,-4.425411,-6.217159,0.000646,0.217825,0.000000,0.012918,-0.338104,-21.683444,0.011982,0.000000,0.000377,0.001993,0.000000,0.000377,0.306195,0.152318,-9.804037,-0.004210,-0.000825,0.000000,1.854596,0.004496,27.000000,0.013045,-4.425411,0.001466,0.217825,0.000000,0.012000,0.000000,75,0,1,32,30,0.001114,-0.004134,0.000699,-0.289113,0.051780,9.674917,0.283800,0.004496,0.033837,6,1,0,0.000000,0,-6.207704,0.000000,0.019265,0,0.234814,0.000000,0.033977,-6.207704,0.234814,1,1,1,1.793018,0.000000,0.000000,0.000000,0.000000,0.000000,0.000000,0.000000
4.0501,-4.425411,0.217825,-0.000914,0.000000,0.018257,0.033977,0,0.234814,239,0.306039,0.153501,-4.425411,0.000419,-6.229085,-0.000914,-4.425411,-6.217104,-0.000914,0.217825,0.000000,0.013043,-0.338104,-21.683444,0.011981,0.000000,0.000005,0.001923,-0.000006,0.000005,0.306039,0.153501,-9.804024,0.019858,0.006092,0.000000,1.854650,0.004500,27.000000,0.013045,-4.425411,0.000419,0.217825,0.000000,0.012000,0.000000,80,0,1,32,30,-0.007450,0.019376,-0.001167,-0.137180,0.310742,9.620196,0.283854,0.004500,0.033848,7,1,0,0.000000,0,-6.207704,0.000000,0.018257,0,0.234814,0.000000,0.033977,-6.207704,0.234814,1,1,1,1.793052,0.000000,0.000000,0.000000,0.000000,0.000000,0.000000,0.000000
4.0601,-4.425316,0.217825,-0.001383,0.000000,0.019013,0.033977,0,0.234814,249,0.306393,0.152749,-4.425316,0.002513,-6.229103,-0.001383,-4.425315,-6.217122,-0.001383,0.217825,0.000000,0.012968,-0.338104,-21.683444,0.011981,0.000000,0.000229,0.001850,0.000115,0.000229,0.306393,0.152749,-9.804024,0.000250,0.001011,0.000000,1.854632,0.004507,27.000000,0.013045,-4.425315,0.002513,0.217825,0.000000,0.012000,0.000000,85,0,1,32,30,-0.001026,0.000162,-0.001386,-0.125025,-0.115045,10.027452,0.283836,0.004507,0.033866,6,1,0,0.000000,0,-6.207704,0.000000,0.019013,0,0.234814,0.000000,0.033977,-6.207704,0.234814,1,1,1,1.793088,0.000000,0.000000,0.000000,0.000000,0.000000,0.000000,0.000000
4.0701,-4.425411,0.217825,0.005285,0.000000,0.018513,0.033977,0,0.234814,3,0.306550,0.151492,-4.425411,-0.000419,-6.229080,0.005285,-4.425411,-6.217095,0.005285,0.217825,0.000000,0.012865,-0.338104,-21.683444,0.011985,0.000000,0.000534,0.001838,-0.000004,0.000534,0.306550,0.151492,-9.804039,0.010033,-0.010356,0.000000,1.854659,0.004532,27.000000,0.013045,-4.425411,-0.000419,0.217825,0.000000,0.012000,0.000000,90,0,1,32,30,0.009638,0.010792,0.005146,-0.021930,0.487415,10.033574,0.283862,0.004532,0.033854,7,1,0,0.000000,0,-6.207704,0.000000,0.018513,0,0.234814,0.000000,0.033977,-6.207704,0.234814,1,1,1,1.793124,0.000000,0.000000,0.000000,0.000000,0.000000,0.000000,0.000000
4.0801,-4.425410,0.217825,0.000640,0.000000,0.018522,0.033977,0,0.234814,13,0.306118,0.152892,-4.425410,-0.000419,-6.229056,0.000640,-4.425411,-6.217074,0.000640,0.217825,0.000000,0.012992,-0.338104,-21.683444,0.011982,0.000000,0.000158,0.001840,-0.000000,0.000158,0.306118,0.152892,-9.804031,-0.003786,0.005565,-0.000000,1.854681,0.004511,27.000000,0.013045,-4.425411,-0.000419,0.217825,0.000000,0.012000,0.000000,95,0,1,32,30,-0.005290,-0.004153,0.000694,-0.222300,0.184152,9.800706,0.283884,0.004511,0.033842,6,1,0,0.000000,0,-6.207704,0.000000,0.018522,0,0.234814,0.000000,0.033977,-6.207704,0.234814,1,1,1,1.793158,0.000000,0.000000,0.000000,0.000000,0.000000,0.000000,0.000000
4.0901,-4.425414,0.217825,-0.011839,0.000000,0.019271,0.033977,0,0.234814,23,0.306368,0.152598,-4.425414,0.001466,-6.229091,-0.011839,-4.425411,-6.217118,-0.011839,0.217825,0.000000,0.012942,-0.338104,-21.683444,0.011973,0.000000,0.000305,0.002012,0.000026,0.000305,0.306368,0.152598,-9.804027,0.009338,0.004673,0.000000,1.854637,0.004496,27.000000,0.013045,-4.425411,0.001466,0.217825,0.000000,0.012000,0.000000,100,0,1,32,30,-0.005307,0.008839,-0.011955,-0.078442,-0.024838,9.693425,0.283841,0.004496,0.033861,7,1,0,0.000000,0,-6.207704,0.000000,0.019271,0,0.234814,0.000000,0.033977,-6.207704,0.234814,1,1,1,1.793194,0.000000,0.000000,0.000000,0.000000,0.000000,0.000000,0.000000
4.1001,-4.425506,0.217825,-0.000897,0.000000,0.019203,0.033977,0,0.234814,33,0.306540,0.152874,-4.425506,0.000419,-6.229130,-0.000897,-4.425506,-6.217149,-0.000897,0.217825,0.000000,0.012996,-0.338104,-21.683444,0.011981,0.000000,0.000145,0.001855,-0.000103,0.000145,0.306540,0.152874,-9.804018,0.018445,-0.015205,0.000000,1.854604,0.004526,27.000000,0.013045,-4.425506,0.000419,0.217825,0.000000,0.012000,0.000000,105,0,1,32,30,0.013896,0.019437,-0.001150,-0.165134,0.476951,10.100369,0.283808,0.004526,0.033884,7,1,0,0.000000,0,-6.207704,0.000000,0.019203,0,0.234814,0.000000,0.033977,-6.207704,0.234814,1,1,1,1.793228,0.000000,0.000000,0.000000,0.000000,0.000000,0.000000,0.000000
4.1101,-4.425407,0.217825,-0.002646,0.000000,0.018344,0.033977,0,0.234814,43,0.306373,0.152280,-4.425407,0.000419,-6.229084,-0.002646,-4.425411,-6.217104,-0.002646,0.217825,0.000000,0.012947,-0.338104,-21.683444,0.011981,0.001000,0.000290,0.002013,-0.000123,0.000290,0.306373,0.152280,-9.804032,-0.010407,0.001738,0.001000,1.854650,0.004532,27.000000,0.013045,-4.425411,0.000419,0.217825,0.000000,0.012000,0.001000,110,0,1,32,30,-0.001015,-0.010523,-0.001510,-0.241326,-0.070496,9.511023,0.283854,0.004532,0.033854,6,1,0,0.000000,0,-6.207704,0.000000,0.018344,0,0.234814,0.000000,0.033977,-6.207704,0.234814,1,1,1,1.793264,0.000000,0.000000,0.000000,0.000000,0.000000,0.000000,0.000000
4.1201,-4.425412,0.217825,0.005168,0.000000,0.019171,0.033977,0,0.234814,53,0.306612,0.152004,-4.425412,0.000419,-6.229119,0.005168,-4.425411,-6.217135,0.005168,0.217825,0.000000,0.012903,-0.338104,-21.683444,0.011984,0.000000,0.000421,0.002061,0.000098,0.000421,0.306612,0.152004,-9.804029,0.006760,0.004844,-0.000000,1.854619,0.004521,27.000000,0.013045,-4.425411,0.000419,0.217825,0.000000,0.012000,0.000000,115,0,1,32,30,-0.005300,0.006475,0.005084,-0.156467,0.433859,9.717124,0.283823,0.004521,0.033872,6,1,0,0.000000,0,-6.207704,0.000000,0.019171,0,0.234814,0.000000,0.033977,-6.207704,0.234814,1,1,1,1.793299,0.000000,0.000000,0.000000,0.000000,0.000000,0.000000,0.000000
4.1301,-4.425417,0.217825,-0.014392,0.000000,0.019646,0.033977,0,0.234814,63,0.306628,0.152381,-4.425417,0.000419,-6.229173,-0.014392,-4.425411,-6.217200,-0.014392,0.217825,0.000000,0.012964,-0.338104,-21.683444,0.011973,0.000000,0.000239,0.001990,0.000045,0.000239,0.306628,0.152381,-9.804023,-0.007657,0.005833,0.000000,1.854553,0.004545,27.000000,0.013045,-4.425411,0.000419,0.217825,0.000000,0.012000,0.000000,120,0,1,32,30,-0.005290,-0.008228,-0.014287,-0.134354,-0.106666,10.123236,0.283757,0.004545,0.033882,6,1,0,0.000000,0,-6.207704,0.000000,0.019646,0,0.234814,0.000000,0.033977,-6.207704,0.234814,1,1,1,1.793333,0.000000,0.000000,0.000000,0.000000,0.000000,0.000000,0.000000
4.1401,-4.425219,0.217825,0.000907,0.000000,0.018521,0.033977,0,0.234814,73,0.306458,0.153006,-4.425219,0.003560,-6.229145,0.000907,-4.425219,-6.217161,0.000907,0.217825,0.000000,0.013045,-0.338104,-21.683444,0.011984,0.000000,0.000000,0.001847,0.000185,0.000000,0.306458,0.153006,-9.804018,0.006305,-0.003683,0.000004,1.854591,0.004560,27.000000,0.013045,-4.425219,0.003560,0.217825,0.000000,0.012000,0.000000,125,0,1,32,30,0.003237,0.006557,0.000825,-0.126759,0.099795,9.665936,0.283795,0.004560,0.033879,6,1,0,0.000000,0,-6.207704,0.000000,0.018521,0,0.234814,0.000000,0.033977,-6.207704,0.234814,1,1,1,1.793367,0.000000,0.000000,0.000000,0.000000,0.000000,0.000000,0.000000
4.1501,-4.425410,0.217825,0.007098,0.000000,0.019316,0.033977,0,0.234814,83,0.306678,0.152334,-4.425410,0.000419,-6.229181,0.007098,-4.425411,-6.217195,0.007098,0.217825,0.000000,0.012961,-0.338104,-21.683444,0.011986,0.000000,0.000248,0.001847,0.000008,0.000248,0.306678,0.152334,-9.804022,-0.002388,-0.003090,0.000000,1.854559,0.004548,27.000000,0.013045,-4.425411,0.000419,0.217825,0.000000,0.012000,0.000000,130,0,1,32,30,0.003248,-0.002076,0.007125,-0.204077,0.376462,9.716516,0.283762,0.004548,0.033886,7,1,0,0.000000,0,-6.207704,0.000000,0.019316,0,0.234814,0.000000,0.033977,-6.207704,0.234814,1,1,1,1.793402,0.000000,0.000000,0.000000,0.000000,0.000000,0.000000,0.000000
4.1601,-4.425315,0.217825,0.005117,0.000000,0.019768,0.033977,0,0.234814,93,0.306907,0.151627,-4.425315,0.001466,-6.229244,0.005117,-4.425315,-6.217260,0.005117,0.217825,0.000000,0.012891,-0.338104,-21.683444,0.011984,0.000000,0.000455,0.001859,0.000108,0.000455,0.306907,0.151627,-9.804026,0.004488,0.002859,0.000000,1.854493,0.004553,27.000000,0.013045,-4.425315,0.001466,0.217825,0.000000,0.012000,0.000000,135,0,1,32,30,-0.003163,0.004345,0.005061,-0.088043,-0.005837,9.703180,0.283697,0.004553,0.033893,6,1,0,0.000000,0,-6.207704,0.000000,0.019768,0,0.234814,0.000000,0.033977,-6.207704,0.234814,1,1,1,1.793438,0.000000,0.000000,0.000000,0.000000,0.000000,0.000000,0.000000
4.1701,-4.425411,0.217825,0.004197,0.000000,0.018618,0.033977,0,0.234814,103,0.306790,0.152988,-4.425411,-0.000419,-6.229203,0.004197,-4.425411,-6.217219,0.004197,0.217825,0.000000,0.013045,-0.338104,-21.683444,0.011984,-0.001000,0.000000,0.001870,-0.000090,0.000000,0.306790,0.152988,-9.804008,0.012361,-0.008374,-0.000992,1.854533,0.004569,27.000000,0.013045,-4.425411,-0.000419,0.217825,0.000000,0.012000,-0.001000,140,0,1,32,30,0.007500,0.012951,0.003037,-0.011694,0.314951,10.060559,0.283737,0.004569,0.033911,6,1,0,0.000000,0,-6.207704,0.000000,0.018618,0,0.234814,0.000000,0.033977,-6.207704,0.234814,1,1,1,1.793471,0.000000,0.000000,0.000000,0.000000,0.000000,0.000000,0.000000
4.1801,-4.425317,0.217825,-0.003672,0.000000,0.019468,0.033977,0,0.234814,113,0.306928,0.152229,-4.425317,0.000419,-6.229234,-0.003672,-4.425315,-6.217256,-0.003672,0.217825,0.000000,0.012943,-0.338104,-21.683444,0.011979,0.000000,0.000301,0.001946,0.000110,0.000301,0.306928,0.152229,-9.804016,-0.006230,-0.000685,0.000000,1.854498,0.004546,27.000000,0.013045,-4.425315,0.000419,0.217825,0.000000,0.012000,0.000000,145,0,1,32,30,0.001115,-0.006214,-0.003591,-0.221568,-0.186290,9.596005,0.283701,0.004546,0.033908,7,1,0,0.000000,0,-6.207704,0.000000,0.019468,0,0.234814,0.000000,0.033977,-6.207704,0.234814,1,1,1,1.793506,0.000000,0.000000,0.000000,0.000000,0.000000,0.000000,0.000000
4.1901,-4.425411,0.217825,0.009490,0.000000,0.018864,0.033977,0,0.234814,123,0.306867,0.151421,-4.425411,-0.000419,-6.229223,0.009490,-4.425411,-6.217236,0.009490,0.217825,0.000000,0.012900,-0.338104,-21.683444,0.011987,0.000000,0.000429,0.001866,-0.000002,0.000429,0.306867,0.151421,-9.804030,0.008356,-0.001684,0.000000,1.854517,0.004582,27.000000,0.013045,-4.425411,-0.000419,0.217825,0.000000,0.012000,0.000000,150,0,1,32,30,0.001103,0.008574,0.009381,-0.060746,0.433439,9.755465,0.283720,0.004582,0.033884,6,1,0,0.000000,0,-6.207704,0.000000,0.018864,0,0.234814,0.000000,0.033977,-6.207704,0.234814,1,1,1,1.793541,0.000000,0.000000,0.000000,0.000000,0.000000,0.000000,0.000000
4.2001,-4.425410,0.217825,0.000642,0.000000,0.018286,0.033977,0,0.234814,133,0.306890,0.152356,-4.425410,-0.000419,-6.229153,0.000642,-4.425411,-6.217171,0.000642,0.217825,0.000000,0.013004,-0.338104,-21.683444,0.011982,0.000000,0.000123,0.001848,-0.000102,0.000123,0.306890,0.152356,-9.804015,-0.003927,0.003435,0.000000,1.854581,0.004593,27.000000,0.013045,-4.425411,-0.000419,0.217825,0.000000,0.012000,0.000000,155,0,1,32,30,-0.003155,-0.004146,0.000696,-0.202224,0.104603,10.048751,0.283784,0.004593,0.033907,7,1,0,0.000000,0,-6.207704,0.000000,0.018286,0,0.234814,0.000000,0.033977,-6.207704,0.234814,1,1,1,1.793575,0.000000,0.000000,0.000000,0.000000,0.000000,0.000000,0.000000
4.2101,-4.425412,0.217825,-0.003090,0.000000,0.019146,0.033977,0,0.234814,143,0.307285,0.151353,-4.425412,0.002513,-6.229168,-0.003090,-4.425411,-6.217189,-0.003090,0.217825,0.000000,0.012882,-0.338104,-21.683444,0.011979,0.000000,0.000483,0.001895,0.000008,0.000483,0.307285,0.151353,-9.804018,0.016792,-0.008675,0.000000,1.854564,0.004580,27.000000,0.013045,-4.425411,0.002513,0.217825,0.000000,0.012000,0.000000,160,0,1,32,30,0.007494,0.017310,-0.003313,-0.174968,0.412251,9.917874,0.283767,0.004580,0.033925,6,1,0,0.000000,0,-6.207704,0.000000,0.019146,0,0.234814,0.000000,0.033977,-6.207704,0.234814,1,1,1,1.793610,0.000000,0.000000,0.000000,0.000000,0.000000,0.000000,0.000000
4.2201,-4.425411,0.217825,-0.006882,0.000000,0.018881,0.033977,0,0.234814,152,0.306999,0.152269,-4.425411,0.000419,-6.229157,-0.006882,-4.425411,-6.217182,-0.006882,0.217825,0.000000,0.013012,-0.338104,-21.683444,0.011976,-0.001000,0.000099,0.001895,0.000014,0.000099,0.306999,0.152269,-9.804013,-0.004127,-0.002968,-0.001000,1.854570,0.004612,27.000000,0.013045,-4.425411,0.000419,0.217825,0.000000,0.012000,-0.001000,165,0,1,32,30,0.003246,-0.004015,-0.007831,-0.242620,0.500157,9.765587,0.283773,0.004612,0.033916,7,1,0,0.000000,0,-6.207704,0.000000,0.018881,0,0.234814,0.000000,0.033977,-6.207704,0.234814,1,1,1,1.793643,0.000000,0.000000,0.000000,0.000000,0.000000,0.000000,0.000000
4.2301,-4.425409,0.217825,0.000682,0.000000,0.019018,0.033977,0,0.234814,163,0.307126,0.151538,-4.425409,0.000419,-6.229168,0.000682,-4.425411,-6.217187,0.000682,0.217825,0.000000,0.012943,-0.338104,-21.683444,0.011982,0.000000,0.000302,0.001852,-0.000001,0.000302,0.307126,0.151538,-9.804020,-0.000806,0.018199,-0.000000,1.854564,0.004619,27.000000,0.013045,-4.425411,0.000419,0.217825,0.000000,0.012000,0.000000,170,0,1,32,30,-0.018100,-0.002052,0.000708,-0.154438,-0.130650,9.740165,0.283768,0.004619,0.033913,7,1,0,0.000000,0,-6.207704,0.000000,0.019018,0,0.234814,0.000000,0.033977,-6.207704,0.234814,1,1,1,1.793677,0.000000,0.000000,0.000000,0.000000,0.000000,0.000000,0.000000
4.2401,-4.425411,0.217825,-0.007517,0.000000,0.019096,0.033977,0,0.234814,173,0.307149,0.152522,-4.425411,0.000419,-6.229181,-0.007517,-4.425411,-6.217198,-0.007517,0.217825,0.000000,0.013045,-0.338104,-21.683444,0.011984,0.000000,0.000000,0.001848,0.000020,0.000000,0.307149,0.152522,-9.804004,0.010510,-0.008245,0.000007,1.854553,0.004623,27.000000,0.013045,-4.425411,0.000419,0.217825,0.000000,0.012000,0.000000,175,0,1,32,30,0.007499,0.010956,-0.007653,-0.097839,0.447123,10.195818,0.283757,0.004623,0.033937,7,1,0,0.000000,0,-6.207704,0.000000,0.019096,0,0.234814,0.000000,0.033977,-6.207704,0.234814,1,1,1,1.793710,0.000000,0.000000,0.000000,0.000000,0.000000,0.000000,0.000000
4.2501,-4.425219,0.217825,0.004807,0.000000,0.018485,0.033977,0,0.234814,183,0.307109,0.152047,-4.425219,0.002513,-6.229140,0.004807,-4.425219,-6.217156,0.004807,0.217825,0.000000,0.012990,-0.338104,-21.683444,0.011984,0.000000,0.000162,0.001986,0.000180,0.000162,0.307109,0.152047,-9.804013,-0.008727,-0.002656,0.000000,1.854595,0.004615,27.000000,0.013045,-4.425219,0.002513,0.217825,0.000000,0.012000,0.000000,180,0,1,32,30,0.003254,-0.008459,0.004918,-0.173787,-0.223805,9.538238,0.283799,0.004615,0.033922,6,1,0,0.000000,0,-6.207704,0.000000,0.018485,0,0.234814,0.000000,0.033977,-6.207704,0.234814,1,1,1,1.793744,0.000000,0.000000,0.000000,0.000000,0.000000,0.000000,0.000000
4.2601,-4.425506,0.217825,-0.009655,0.000000,0.019170,0.033977,0,0.234814,193,0.307561,0.151508,-4.425506,-0.001466,-6.229152,-0.009655,-4.425506,-6.217178,-0.009655,0.217825,0.000000,0.012910,-0.338104,-21.683444,0.011974,0.000000,0.000399,0.001992,-0.000097,0.000399,0.307561,0.151508,-9.804007,0.011413,0.004532,0.000000,1.854574,0.004599,27.000000,0.013045,-4.425506,-0.001466,0.217825,0.000000,0.012000,0.000000,185,0,1,32,30,-0.005309,0.010948,-0.009797,-0.137206,0.386177,9.707088,0.283777,0.004599,0.033955,7,1,0,0.000000,0,-6.207704,0.000000,0.019170,0,0.234814,0.000000,0.033977,-6.207704,0.234814,1,1,1,1.793778,0.000000,0.000000,0.000000,0.000000,0.000000,0.000000,0.000000
4.2701,-4.425315,0.217825,-0.012044,0.000000,0.019260,0.033977,0,0.234814,203,0.307464,0.152769,-4.425315,0.000419,-6.229188,-0.012044,-4.425315,-6.217204,-0.012044,0.217825,0.000000,0.013045,-0.338104,-21.683444,0.011984,0.000000,0.000000,0.002015,0.000116,0.000000,0.307464,0.152769,-9.803990,0.000389,-0.001135,0.000000,1.854547,0.004606,27.000000,0.013045,-4.425315,0.000419,0.217825,0.000000,0.012000,0.000000,190,0,1,32,30,0.001105,0.000310,-0.012049,-0.078526,0.248571,10.011996,0.283751,0.004606,0.033974,7,1,0,0.000000,0,-6.207704,0.000000,0.019260,0,0.234814,0.000000,0.033977,-6.207704,0.234814,1,1,1,1.793810,0.000000,0.000000,0.000000,0.000000,0.000000,0.000000,0.000000
4.2801,-4.425411,0.217825,-0.009806,0.000000,0.020176,0.033977,0,0.234814,213,0.307244,0.151948,-4.425411,0.000419,-6.229277,-0.009806,-4.425411,-6.217302,-0.009806,0.217825,0.000000,0.012985,-0.338104,-21.683444,0.011974,0.000000,0.000179,0.001999,-0.000086,0.000179,0.307244,0.151948,-9.804010,0.004596,-0.001422,0.000000,1.854449,0.004622,27.000000,0.013045,-4.425411,0.000419,0.217825,0.000000,0.012000,0.000000,195,0,1,32,30,0.001101,0.004555,-0.009866,0.035695,0.156783,9.704895,0.283652,0.004622,0.033934,7,1,0,0.000000,0,-6.207704,0.000000,0.020176,0,0.234814,0.000000,0.033977,-6.207704,0.234814,1,1,1,1.793844,0.000000,0.000000,0.000000,0.000000,0.000000,0.000000,0.000000
4.2901,-4.425315,0.217825,0.007195,0.000000,0.017962,0.033977,0,0.234814,223,0.307539,0.150796,-4.425315,0.000419,-6.229185,0.007195,-4.425315,-6.217200,0.007195,0.217825,0.000000,0.012857,-0.338104,-21.683444,0.011985,0.000000,0.000557,0.001844,0.000085,0.000557,0.307539,0.150796,-9.804019,0.002442,0.005138,0.000000,1.854552,0.004616,27.000000,0.013045,-4.425315,0.000419,0.217825,0.000000,0.012000,0.000000,200,0,1,32,30,-0.007439,0.008691,-0.001292,-0.165791,0.357476,9.706780,0.283751,0.004618,0.033937,6,1,0,0.000000,0,-6.207704,0.000000,0.017962,0,0.234814,0.000000,0.033977,-6.207704,0.234814,1,1,1,1.793879,0.000000,0.000000,0.000000,0.000000,0.000000,0.000000,0.000000
4.3001,-4.425411,0.217825,0.000792,0.000000,0.018752,0.033977,0,0.234814,233,0.307473,0.152235,-4.425411,0.001466,-6.229161,0.000792,-4.425411,-6.217180,0.000792,0.217825,0.000000,0.012990,-0.338104,-21.683444,0.011982,0.000000,0.000163,0.001976,-0.000100,0.000163,0.307473,0.152235,-9.803998,0.003033,0.011519,0.000000,1.854572,0.004604,27.000000,0.013045,-4.425411,0.001466,0.217825,0.000000,0.012000,0.000000,4,0,1,32,30,-0.011701,0.002240,0.000763,-0.182374,-0.181067,9.950190,0.283776,0.004604,0.033963,7,1,0,0.000000,0,-6.207704,0.000000,0.018752,0,0.234814,0.000000,0.033977,-6.207704,0.234814,1,1,1,1.793911,0.000000,0.000000,0.000000,0.000000,0.000000,0.000000,0.000000
4.3101,-4.425416,0.217825,-0.005585,0.000000,0.020020,0.033977,0,0.234814,243,0.307731,0.150945,-4.425416,-0.001466,-6.229246,-0.005585,-4.425411,-6.217269,-0.005585,0.217825,0.000000,0.012885,-0.338104,-21.683444,0.011977,0.000000,0.000473,0.001844,0.000014,0.000473,0.307731,0.150945,-9.804010,0.001645,-0.011920,0.000000,1.854482,0.004633,27.000000,0.013045,-4.425411,-0.001466,0.217825,0.000000,0.012000,0.000000,9,0,1,32,30,0.011778,0.002392,-0.005616,-0.126855,0.429751,10.052067,0.283686,0.004633,0.033960,6,1,0,0.000000,0,-6.207704,0.000000,0.020020,0,0.234814,0.000000,0.033977,-6.207704,0.234814,1,1,1,1.793944,0.000000,0.000000,0.000000,0.000000,0.000000,0.000000,0.000000
4.3201,-4.425315,0.217825,0.004755,0.000000,0.019516,0.033977,0,0.234814,253,0.307104,0.152510,-4.425315,0.001466,-6.229285,0.004755,-4.425315,-6.217301,0.004755,0.217825,0.000000,0.013045,-0.338104,-21.683444,0.011984,0.000000,0.000000,0.001854,0.000108,0.000000,0.307104,0.152510,-9.804006,-0.010433,0.003879,-0.000007,1.854450,0.004624,27.000000,0.013045,-4.425315,0.001466,0.217825,0.000000,0.012000,0.000000,14,0,1,32,30,-0.003147,-0.010614,0.004887,-0.117026,-0.032771,9.559335,0.283653,0.004624,0.033932,6,1,0,0.000000,0,-6.207704,0.000000,0.019516,0,0.234814,0.000000,0.033977,-6.207704,0.234814,1,1,1,1.793976,0.000000,0.000000,0.000000,0.000000,0.000000,0.000000,0.000000
4.3301,-4.425407,0.217825,0.006507,0.000000,0.018758,0.033977,0,0.234814,7,0.307561,0.151613,-4.425407,-0.000419,-6.229251,0.006507,-4.425411,-6.217265,0.006507,0.217825,0.000000,0.012942,-0.338104,-21.683444,0.011986,0.001000,0.000303,0.001855,-0.000105,0.000303,0.307561,0.151613,-9.804005,0.015513,0.008526,0.001000,1.854486,0.004620,27.000000,0.013045,-4.425411,-0.000419,0.217825,0.000000,0.012000,0.001000,19,0,1,32,30,-0.009578,0.014983,0.007313,-0.032360,0.368877,9.563426,0.283690,0.004620,0.033958,6,1,0,0.000000,0,-6.207704,0.000000,0.018758,0,0.234814,0.000000,0.033977,-6.207704,0.234814,1,1,1,1.794010,0.000000,0.000000,0.000000,0.000000,0.000000,0.000000,0.000000
4.3401,-4.425315,0.217825,0.000861,0.000000,0.018884,0.033977,0,0.234814,17,0.307617,0.152390,-4.425315,0.001466,-6.229229,0.000861,-4.425315,-6.217245,0.000861,0.217825,0.000000,0.013045,-0.338104,-21.683444,0.011984,0.000000,0.000000,0.001995,0.000099,0.000000,0.307617,0.152390,-9.803991,0.003749,-0.009926,0.000003,1.854505,0.004647,27.000000,0.013045,-4.425315,0.001466,0.217825,0.000000,0.012000,0.000000,24,0,1,32,30,0.009643,0.004438,0.000806,-0.154819,0.304134,10.156061,0.283709,0.004647,0.033980,6,1,0,0.000000,0,-6.207704,0.000000,0.018884,0,0.234814,0.000000,0.033977,-6.207704,0.234814,1,1,1,1.794042,0.000000,0.000000,0.000000,0.000000,0.000000,0.000000,0.000000
4.3501,-4.425412,0.217825,-0.003403,0.000000,0.019274,0.033977,0,0.234814,26,0.307697,0.151670,-4.425412,-0.001466,-6.229240,-0.003403,-4.425411,-6.217261,-0.003403,0.217825,0.000000,0.012978,-0.338104,-21.683444,0.011979,0.000000,0.000199,0.001891,-0.000001,0.000199,0.307697,0.151670,-9.804000,0.004004,-0.007803,0.000000,1.854489,0.004653,27.000000,0.013045,-4.425411,-0.001466,0.217825,0.000000,0.012000,0.000000,29,0,1,32,30,0.007507,0.004489,-0.003462,-0.116522,0.002649,9.789381,0.283693,0.004653,0.033973,6,1,0,0.000000,0,-6.207704,0.000000,0.019274,0,0.234814,0.000000,0.033977,-6.207704,0.234814,1,1,1,1.794075,0.000000,0.000000,0.000000,0.000000,0.000000,0.000000,0.000000
4.3601,-4.425407,0.217825,0.002780,0.000000,0.018772,0.033977,0,0.234814,37,0.308106,0.150984,-4.425407,0.000419,-6.229215,0.002780,-4.425411,-6.217233,0.002780,0.217825,0.000000,0.012897,-0.338104,-21.683444,0.011982,0.000000,0.000439,0.001999,-0.000002,0.000439,0.308106,0.150984,-9.803998,-0.004407,-0.002952,0.000000,1.854518,0.004649,27.000000,0.013045,-4.425411,0.000419,0.217825,0.000000,0.012000,0.000000,34,0,1,32,30,0.003249,-0.004156,0.002834,-0.290090,0.432727,9.803160,0.283722,0.004649,0.033998,6,1,0,0.000000,0,-6.207704,0.000000,0.018772,0,0.234814,0.000000,0.033977,-6.207704,0.234814,1,1,1,1.794109,0.000000,0.000000,0.000000,0.000000,0.000000,0.000000,0.000000
4.3701,-4.425412,0.217825,-0.015503,0.000000,0.018822,0.033977,0,0.234814,47,0.307955,0.151772,-4.425412,0.000419,-6.229184,-0.015503,-4.425411,-6.217213,-0.015503,0.217825,0.000000,0.012989,-0.338104,-21.683444,0.011971,0.001000,0.000167,0.001983,0.000023,0.000167,0.307955,0.151772,-9.803990,-0.011496,0.012514,0.001000,1.854537,0.004659,27.000000,0.013045,-4.425411,0.000419,0.217825,0.000000,0.012000,0.001000,39,0,1,32,30,-0.011690,-0.012520,-0.014342,-0.162841,-0.201712,10.074410,0.283741,0.004659,0.034000,7,1,0,0.000000,0,-6.207704,0.000000,0.018822,0,0.234814,0.000000,0.033977,-6.207704,0.234814,1,1,1,1.794140,0.000000,0.000000,0.000000,0.000000,0.000000,0.000000,0.000000
4.3801,-4.425315,0.217825,-0.003139,0.000000,0.020240,0.033977,0,0.234814,57,0.308040,0.151021,-4.425315,0.002513,-6.229294,-0.003139,-4.425315,-6.217315,-0.003139,0.217825,0.000000,0.012925,-0.338104,-21.683444,0.011979,0.000000,0.000356,0.001953,0.000112,0.000356,0.308040,0.151021,-9.803999,0.014518,-0.010661,0.000000,1.854435,0.004672,27.000000,0.013045,-4.425315,0.002513,0.217825,0.000000,0.012000,0.000000,44,0,1,32,30,0.009631,0.015179,-0.003336,-0.126796,0.420071,10.061541,0.283638,0.004672,0.033992,6,1,0,0.000000,0,-6.207704,0.000000,0.020240,0,0.234814,0.000000,0.033977,-6.207704,0.234814,1,1,1,1.794173,0.000000,0.000000,0.000000,0.000000,0.000000,0.000000,0.000000
4.3901,-4.425315,0.217825,0.020048,0.000000,0.018800,0.033977,0,0.234814,67,0.307874,0.152396,-4.425315,0.000419,-6.229275,0.020048,-4.425315,-6.217280,0.020048,0.217825,0.000000,0.013043,-0.338104,-21.683444,0.011995,0.000000,0.000007,0.002006,0.000087,0.000007,0.307874,0.152396,-9.803983,0.003811,-0.001378,0.000000,1.854470,0.004650,27.000000,0.013045,-4.425315,0.000419,0.217825,0.000000,0.012000,0.000000,49,0,1,32,30,0.001111,0.004158,0.019996,-0.327478,0.108778,9.704176,0.283674,0.004650,0.034006,7,1,0,0.000000,0,-6.207704,0.000000,0.018800,0,0.234814,0.000000,0.033977,-6.207704,0.234814,1,1,1,1.794205,0.000000,0.000000,0.000000,0.000000,0.000000,0.000000,0.000000
4.4001,-4.425313,0.217825,-0.001177,0.000000,0.019462,0.033977,0,0.234814,77,0.308608,0.151592,-4.425313,0.000419,-6.229286,-0.001177,-4.425315,-6.217306,-0.001177,0.217825,0.000000,0.012924,-0.338104,-21.683444,0.011980,0.000000,0.000358,0.001864,0.000095,0.000358,0.308608,0.151592,-9.803973,0.009059,0.004689,-0.000000,1.854445,0.004627,27.000000,0.013045,-4.425315,0.000419,0.217825,0.000000,0.012000,0.000000,54,0,1,32,30,-0.005304,0.008697,-0.001290,-0.184253,0.241544,9.801308,0.283649,0.004627,0.034062,6,1,0,0.000000,0,-6.207704,0.000000,0.019462,0,0.234814,0.000000,0.033977,-6.207704,0.234814,1,1,1,1.794238,0.000000,0.000000,0.000000,0.000000,0.000000,0.000000,0.000000
4.4101,-4.425410,0.217825,0.013179,0.000000,0.019564,0.033977,0,0.234814,87,0.308602,0.150435,-4.425410,-0.000419,-6.229325,0.013179,-4.425411,-6.217336,0.013179,0.217825,0.000000,0.012856,-0.338104,-21.683444,0.011989,0.000000,0.000559,0.001846,-0.000083,0.000559,0.308602,0.150435,-9.803991,-0.015201,-0.000079,0.000000,1.854414,0.004674,27.000000,0.013045,-4.425411,-0.000419,0.217825,0.000000,0.012000,0.000000,59,0,1,32,30,0.005386,-0.006287,0.002811,-0.222232,0.466298,10.186359,0.283610,0.004674,0.034046,7,1,0,0.000000,0,-6.207704,0.000000,0.019564,0,0.234814,0.000000,0.033977,-6.207704,0.234814,1,1,1,1.794271,0.000000,0.000000,0.000000,0.000000,0.000000,0.000000,0.000000
4.4201,-4.425313,0.217825,0.017807,0.000000,0.018451,0.033977,0,0.234814,97,0.308187,0.151835,-4.425313,0.001466,-6.229260,0.017807,-4.425315,-6.217268,0.017807,0.217825,0.000000,0.013000,-0.338104,-21.683444,0.011992,0.000000,0.000133,0.001862,-0.000013,0.000133,0.308187,0.151835,-9.803982,-0.000112,0.003170,0.000000,1.854481,0.004670,27.000000,0.013045,-4.425315,0.001466,0.217825,0.000000,0.012000,0.000000,64,0,1,32,30,-0.003155,-0.000099,0.017810,-0.203364,-0.003307,9.492581,0.283685,0.004670,0.034025,6,1,0,0.000000,0,-6.207704,0.000000,0.018451,0,0.234814,0.000000,0.033977,-6.207704,0.234814,1,1,1,1.794302,0.000000,0.000000,0.000000,0.000000,0.000000,0.000000,0.000000
4.4301,-4.425410,0.217825,-0.001436,0.000000,0.018648,0.033977,0,0.234814,107,0.308689,0.150636,-4.425410,-0.000419,-6.229208,-0.001436,-4.425411,-6.217228,-0.001436,0.217825,0.000000,0.012864,-0.338104,-21.683444,0.011980,0.000000,0.000536,0.001832,0.000003,0.000536,0.308689,0.150636,-9.803985,-0.001881,0.001157,0.000000,1.854522,0.004664,27.000000,0.013045,-4.425411,-0.000419,0.217825,0.000000,0.012000,0.000000,69,0,1,32,30,-0.001024,-0.001975,-0.001410,-0.280047,0.232873,9.724595,0.283726,0.004664,0.034049,7,1,0,0.000000,0,-6.207704,0.000000,0.018648,0,0.234814,0.000000,0.033977,-6.207704,0.234814,1,1,1,1.794335,0.000000,0.000000,0.000000,0.000000,0.000000,0.000000,0.000000
4.4401,-4.425411,0.217825,-0.002732,0.000000,0.019663,0.033977,0,0.234814,117,0.308223,0.151914,-4.425411,0.001466,-6.229259,-0.002732,-4.425411,-6.217280,-0.002732,0.217825,0.000000,0.013028,-0.338104,-21.683444,0.011979,-0.001000,0.000050,0.001975,0.000017,0.000050,0.308223,0.151914,-9.803980,-0.007795,0.007979,-0.001000,1.854469,0.004691,27.000000,0.013045,-4.425411,0.001466,0.217825,0.000000,0.012000,-0.001000,74,0,1,32,30,-0.007422,-0.008376,-0.003623,-0.019524,-0.276481,9.939765,0.283673,0.004691,0.034030,6,1,0,0.000000,0,-6.207704,0.000000,0.019663,0,0.234814,0.000000,0.033977,-6.207704,0.234814,1,1,1,1.794365,0.000000,0.000000,0.000000,0.000000,0.000000,0.000000,0.000000
4.4501,-4.425408,0.217825,-0.000853,0.000000,0.018903,0.033977,0,0.234814,127,0.308436,0.150744,-4.425408,-0.001466,-6.229239,-0.000853,-4.425411,-6.217259,-0.000853,0.217825,0.000000,0.012943,-0.338104,-21.683444,0.011980,0.000000,0.000301,0.001986,-0.000108,0.000301,0.308436,0.150744,-9.803991,0.021141,-0.006833,0.000000,1.854489,0.004727,27.000000,0.013045,-4.425411,-0.001466,0.217825,0.000000,0.012000,0.000000,79,0,1,32,30,0.005355,0.021550,-0.001132,-0.089086,0.507210,9.976307,0.283693,0.004727,0.034026,6,1,0,0.000000,0,-6.207704,0.000000,0.018903,0,0.234814,0.000000,0.033977,-6.207704,0.234814,1,1,1,1.794398,0.000000,0.000000,0.000000,0.000000,0.000000,0.000000,0.000000
4.4601,-4.425411,0.217825,0.003961,0.000000,0.018827,0.033977,0,0.234814,137,0.308443,0.152179,-4.425411,0.000419,-6.229219,0.003961,-4.425411,-6.217236,0.003961,0.217825,0.000000,0.013045,-0.338104,-21.683444,0.011983,0.001000,0.000000,0.001850,0.000005,0.000000,0.308443,0.152179,-9.803969,-0.001908,0.003296,0.000999,1.854514,0.004686,27.000000,0.013045,-4.425411,0.000419,0.217825,0.000000,0.012000,0.001000,84,0,1,32,30,-0.003156,-0.002066,0.004987,-0.307931,0.031586,9.760836,0.283717,0.004686,0.034058,7,1,0,0.000000,0,-6.207704,0.000000,0.018827,0,0.234814,0.000000,0.033977,-6.207704,0.234814,1,1,1,1.794428,0.000000,0.000000,0.000000,0.000000,0.000000,0.000000,0.000000
4.4701,-4.425412,0.217825,-0.005492,0.000000,0.020242,0.033977,0,0.234814,147,0.308572,0.151533,-4.425412,-0.001466,-6.229312,-0.005492,-4.425411,-6.217334,-0.005492,0.217825,0.000000,0.012992,-0.338104,-21.683444,0.011978,0.000000,0.000158,0.002017,-0.000075,0.000158,0.308572,0.151533,-9.803975,0.006898,0.002698,0.000000,1.854415,0.004700,27.000000,0.013045,-4.425411,-0.001466,0.217825,0.000000,0.012000,0.000000,89,0,1,32,30,-0.003169,0.006623,-0.005579,-0.060417,0.224844,9.609812,0.283619,0.004700,0.034057,6,1,0,0.000000,0,-6.207704,0.000000,0.020242,0,0.234814,0.000000,0.033977,-6.207704,0.234814,1,1,1,1.794460,0.000000,0.000000,0.000000,0.000000,0.000000,0.000000,0.000000
4.4801,-4.425420,0.217825,-0.020785,0.000000,0.020400,0.033977,0,0.234814,157,0.308561,0.150327,-4.425420,0.000419,-6.229397,-0.020785,-4.425411,-6.217429,-0.020785,0.217825,0.000000,0.012896,-0.338104,-21.683444,0.011968,0.000000,0.000440,0.001877,-0.000070,0.000440,0.308561,0.150327,-9.803994,-0.007774,0.001564,0.000000,1.854319,0.004724,27.000000,0.013045,-4.425411,0.000419,0.217825,0.000000,0.012000,0.000000,94,0,1,32,30,-0.001023,-0.008131,-0.020682,-0.192285,0.018197,10.076601,0.283523,0.004724,0.034029,6,1,0,0.000000,0,-6.207704,0.000000,0.020400,0,0.234814,0.000000,0.033977,-6.207704,0.234814,1,1,1,1.794493,0.000000,0.000000,0.000000,0.000000,0.000000,0.000000,0.000000
4.4901,-4.425410,0.217825,0.011411,0.000000,0.018971,0.033977,0,0.234814,167,0.308539,0.151864,-4.425410,0.000419,-6.229377,0.011411,-4.425411,-6.217389,0.011411,0.217825,0.000000,0.013012,-0.338104,-21.683444,0.011988,0.000000,0.000097,0.001975,-0.000116,0.000097,0.308539,0.151864,-9.803971,-0.000086,0.001030,0.000000,1.854360,0.004687,27.000000,0.013045,-4.425411,0.000419,0.217825,0.000000,0.012000,0.000000,99,0,1,32,30,-0.001022,-0.000008,0.011412,-0.307813,-0.063091,9.683321,0.283564,0.004687,0.034061,6,1,0,0.000000,0,-6.207704,0.000000,0.018971,0,0.234814,0.000000,0.033977,-6.207704,0.234814,1,1,1,1.794524,0.000000,0.000000,0.000000,0.000000,0.000000,0.000000,0.000000
4.5001,-4.425223,0.217825,-0.016254,0.000000,0.019874,0.033977,0,0.234814,177,0.309029,0.151222,-4.425223,0.000419,-6.229401,-0.016254,-4.425219,-6.217431,-0.016254,0.217825,0.000000,0.012937,-0.338104,-21.683444,0.011969,0.000000,0.000319,0.001999,0.000101,0.000319,0.309029,0.151222,-9.803965,0.002489,-0.003417,0.000000,1.854318,0.004686,27.000000,0.013045,-4.425219,0.000419,0.217825,0.000000,0.012000,0.000000,104,0,1,32,30,0.003236,0.002510,-0.016288,-0.232384,0.290035,9.744342,0.283522,0.004686,0.034095,7,1,0,0.000000,0,-6.207704,0.000000,0.019874,0,0.234814,0.000000,0.033977,-6.207704,0.234814,1,1,1,1.794556,0.000000,0.000000,0.000000,0.000000,0.000000,0.000000,0.000000
4.5101,-4.425321,0.217825,0.003620,0.000000,0.020624,0.033977,0,0.234814,185,0.308813,0.151625,-4.425321,0.001466,-6.229510,0.003620,-4.425315,-6.217529,0.003620,0.217825,0.000000,0.013034,-0.338104,-21.683444,0.011981,-0.001000,0.001883,0.002131,0.000107,0.001883,0.308813,0.151625,-9.803966,-0.010661,-0.000384,-0.001000,1.854219,0.004738,27.000000,0.013045,-4.425315,0.001466,0.217825,0.000000,0.012000,-0.001000,109,0,1,32,30,0.001121,-0.010573,0.002758,-0.183101,0.104613,10.048763,0.283423,0.004738,0.034083,6,1,0,0.000000,0,-6.207704,0.000000,0.020624,0,0.234814,0.000000,0.033977,-6.207704,0.234814,1,1,1,1.794587,0.000000,0.000000,0.000000,0.000000,0.000000,0.000000,0.000000
4.5201,-4.425311,0.217825,0.026974,0.000000,0.019335,0.033977,0,0.234814,197,0.309108,0.150750,-4.425311,0.000419,-6.229502,0.026974,-4.425315,-6.217503,0.026974,0.217825,0.000000,0.012947,-0.338104,-21.683444,0.011999,0.000000,0.000290,0.001925,-0.000127,0.000290,0.309108,0.150750,-9.803970,0.024677,-0.007084,0.000000,1.854245,0.004745,27.000000,0.013045,-4.425315,0.000419,0.217825,0.000000,0.012000,0.000000,114,0,1,32,30,0.005359,0.025455,0.026647,-0.193740,0.438923,10.080828,0.283449,0.004745,0.034093,7,1,0,0.000000,0,-6.207704,0.000000,0.019335,0,0.234814,0.000000,0.033977,-6.207704,0.234814,1,1,1,1.794620,0.000000,0.000000,0.000000,0.000000,0.000000,0.000000,0.000000
4.5301,-4.425222,0.217825,-0.014279,0.000000,0.019353,0.033977,0,0.234814,207,0.309140,0.150826,-4.425222,-0.000419,-6.229455,-0.014279,-4.425219,-6.217482,-0.014279,0.217825,0.000000,0.012917,-0.338104,-21.683444,0.011972,0.000000,0.000379,0.001984,0.000114,0.000379,0.309140,0.150826,-9.803968,-0.003961,-0.002976,0.000000,1.854267,0.004708,27.000000,0.013045,-4.425219,-0.000419,0.217825,0.000000,0.012000,0.000000,119,0,1,32,30,0.003244,-0.003930,-0.014230,-0.203053,-0.070594,9.520617,0.283470,0.004708,0.034098,6,1,0,0.000000,0,-6.207704,0.000000,0.019353,0,0.234814,0.000000,0.033977,-6.207704,0.234814,1,1,1,1.794652,0.000000,0.000000,0.000000,0.000000,0.000000,0.000000,0.000000
4.5401,-4.425315,0.217825,-0.009706,0.000000,0.020375,0.033977,0,0.234814,216,0.308835,0.151595,-4.425315,0.001466,-6.229525,-0.009706,-4.425315,-6.217551,-0.009706,0.217825,0.000000,0.013038,-0.338104,-21.683444,0.011974,0.000000,0.000021,0.001987,-0.000092,0.000021,0.308835,0.151595,-9.803966,0.009284,0.004676,0.000000,1.854197,0.004746,27.000000,0.013045,-4.425315,0.001466,0.217825,0.000000,0.012000,0.000000,124,0,1,32,30,-0.005307,0.008811,-0.009822,0.045760,0.079232,9.790257,0.283400,0.004746,0.034084,7,1,0,0.000000,0,-6.207704,0.000000,0.020375,0,0.234814,0.000000,0.033977,-6.207704,0.234814,1,1,1,1.794683,0.000000,0.000000,0.000000,0.000000,0.000000,0.000000,0.000000
4.5501,-4.425312,0.217825,0.011460,0.000000,0.019164,0.033977,0,0.234814,227,0.309173,0.150410,-4.425312,-0.000419,-6.229494,0.011460,-4.425315,-6.217507,0.011460,0.217825,0.000000,0.012914,-0.338104,-21.683444,0.011988,0.000000,0.000387,0.001998,-0.000022,0.000387,0.309173,0.150410,-9.803973,0.002330,0.005145,0.000000,1.854241,0.004747,27.000000,0.013045,-4.425315,-0.000419,0.217825,0.000000,0.012000,0.000000,129,0,1,32,30,-0.005294,0.002116,0.011434,-0.077626,0.093930,10.144428,0.283445,0.004747,0.034092,6,1,0,0.000000,0,-6.207704,0.000000,0.019164,0,0.234814,0.000000,0.033977,-6.207704,0.234814,1,1,1,1.794716,0.000000,0.000000,0.000000,0.000000,0.000000,0.000000,0.000000
4.5601,-4.425219,0.217825,0.003727,0.000000,0.018836,0.033977,0,0.234814,237,0.309184,0.152084,-4.425219,0.001466,-6.229426,0.003727,-4.425219,-6.217443,0.003727,0.217825,0.000000,0.013038,-0.376996,-27.857432,0.011983,-0.001000,0.000019,0.001996,0.000090,0.000019,0.309184,0.152084,-9.803947,-0.006539,-0.002805,-0.001000,1.854306,0.004705,27.000000,0.013045,-4.425219,0.001466,0.217825,0.000000,0.012000,-0.001000,134,0,1,32,30,0.003251,-0.006293,0.002809,-0.269521,-0.129180,9.615689,0.283510,0.004705,0.034130,7,1,0,0.000000,0,-6.207704,0.000000,0.018836,0,0.234814,0.000000,0.033977,-6.207704,0.234814,1,1,1,1.794747,0.000000,0.000000,0.000000,0.000000,0.000000,0.000000,0.000000
4.5701,-4.425412,0.217825,-0.001275,0.000000,0.020033,0.033977,0,0.234814,247,0.309112,0.150922,-4.425412,0.000419,-6.229469,-0.001275,-4.425411,-6.217489,-0.001275,0.217825,0.000000,0.012926,-0.376996,-27.857432,0.011980,0.000000,0.000316,0.001965,-0.000098,0.000316,0.309112,0.150922,-9.803967,0.004230,-0.003539,0.000000,1.854260,0.004707,27.000000,0.013045,-4.425411,0.000419,0.217825,0.000000,0.012000,0.000000,139,0,1,32,30,0.003239,0.004448,-0.001332,-0.194714,0.396180,9.668869,0.283464,0.004707,0.034097,6,1,0,0.000000,0,-6.207704,0.000000,0.020033,0,0.234814,0.000000,0.033977,-6.207704,0.234814,1,1,1,1.794779,0.000000,0.000000,0.000000,0.000000,0.000000,0.000000,0.000000
4.5801,-4.425411,0.217825,-0.003567,0.000000,0.020448,0.033977,0,0.234814,1,0.308889,0.152081,-4.425411,0.000419,-6.229546,-0.003567,-4.425411,-6.217562,-0.003567,0.217825,0.000000,0.013045,-0.376996,-27.857432,0.011983,0.000000,0.000000,0.001978,-0.000083,0.000000,0.308889,0.152081,-9.803956,-0.001825,0.001153,-0.000001,1.854186,0.004706,27.000000,0.013045,-4.425411,0.000419,0.217825,0.000000,0.012000,0.000000,144,0,1,32,30,-0.001024,-0.001947,-0.003543,-0.250475,0.210112,10.021069,0.283390,0.004706,0.034100,6,1,0,0.000000,0,-6.207704,0.000000,0.020448,0,0.234814,0.000000,0.033977,-6.207704,0.234814,1,1,1,1.794809,0.000000,0.000000,0.000000,0.000000,0.000000,0.000000,0.000000
4.5901,-4.425315,0.217825,0.003099,0.000000,0.019714,0.033977,0,0.234814,11,0.309404,0.151443,-4.425315,0.000419,-6.229545,0.003099,-4.425315,-6.217562,0.003099,0.217825,0.000000,0.012978,-0.376996,-27.857432,0.011983,0.000000,0.000177,0.001978,0.000006,0.000177,0.309404,0.151443,-9.803950,0.008098,-0.008084,0.000000,1.854187,0.004714,27.000000,0.013045,-4.425315,0.000419,0.217825,0.000000,0.012000,0.000000,149,0,1,32,30,0.007505,0.008677,0.002987,-0.175028,0.384272,9.860171,0.283390,0.004714,0.034138,6,1,0,0.000000,0,-6.207704,0.000000,0.019714,0,0.234814,0.000000,0.033977,-6.207704,0.234814,1,1,1,1.794841,0.000000,0.000000,0.000000,0.000000,0.000000,0.000000,0.000000
4.6001,-4.425319,0.217825,-0.010176,0.000000,0.019766,0.033977,0,0.234814,21,0.309279,0.150440,-4.425319,-0.000419,-6.229540,-0.010176,-4.425315,-6.217566,-0.010176,0.217825,0.000000,0.012928,-0.376996,-27.857432,0.011974,0.000000,0.000310,0.001984,0.000116,0.000310,0.309279,0.150440,-9.803969,-0.010184,0.001726,0.000000,1.854181,0.004761,27.000000,0.013045,-4.425315,-0.000419,0.217825,0.000000,0.012000,0.000000,154,0,1,32,30,-0.001017,-0.010409,-0.010042,-0.202921,-0.071183,9.568463,0.283385,0.004761,0.034103,7,1,0,0.000000,0,-6.207704,0.000000,0.019766,0,0.234814,0.000000,0.033977,-6.207704,0.234814,1,1,1,1.794873,0.000000,0.000000,0.000000,0.000000,0.000000,0.000000,0.000000
4.6101,-4.425217,0.217825,0.013642,0.000000,0.019736,0.033977,0,0.234814,31,0.308906,0.150791,-4.425217,0.001466,-6.229558,0.013642,-4.425219,-6.217567,0.013642,0.217825,0.000000,0.012992,-0.376996,-27.857432,0.011991,0.000000,0.000141,0.001855,0.000080,0.000141,0.308906,0.150791,-9.803976,0.004689,0.009262,0.000000,1.854179,0.004781,27.000000,0.013045,-4.425219,0.001466,0.217825,0.000000,0.012000,0.000000,159,0,1,32,30,-0.009564,0.004213,0.013588,-0.029926,-0.131525,9.816800,0.283383,0.004781,0.034074,7,1,0,0.000000,0,-6.207704,0.000000,0.019736,0,0.234814,0.000000,0.033977,-6.207704,0.234814,1,1,1,1.794903,0.000000,0.000000,0.000000,0.000000,0.000000,0.000000,0.000000
4.6201,-4.425412,0.217825,0.000852,0.000000,0.019120,0.033977,0,0.234814,41,0.309408,0.150894,-4.425412,-0.002513,-6.229498,0.000852,-4.425411,-6.217517,0.000852,0.217825,0.000000,0.012967,-0.376996,-27.857432,0.011981,0.000000,0.000207,0.001999,-0.000187,0.000207,0.309408,0.150894,-9.803958,0.004599,0.002854,0.000000,1.854230,0.004757,27.000000,0.013045,-4.425411,-0.002513,0.217825,0.000000,0.012000,0.000000,164,0,1,32,30,-0.003164,0.004401,0.000795,-0.173525,0.198706,10.174131,0.283434,0.004757,0.034126,7,1,0,0.000000,0,-6.207704,0.000000,0.019120,0,0.234814,0.000000,0.033977,-6.207704,0.234814,1,1,1,1.794935,0.000000,0.000000,0.000000,0.000000,0.000000,0.000000,0.000000
4.6301,-4.425315,0.217825,-0.014228,0.000000,0.020715,0.033977,0,0.234814,51,0.309112,0.151826,-4.425315,-0.000419,-6.229591,-0.014228,-4.425315,-6.217608,-0.014228,0.217825,0.000000,0.013045,-0.376996,-27.857432,0.011984,0.000000,0.000000,0.002001,0.000027,0.000000,0.309112,0.151826,-9.803953,-0.001686,-0.000993,-0.000001,1.854140,0.004736,27.000000,0.013045,-4.425315,-0.000419,0.217825,0.000000,0.012000,0.000000,169,0,1,32,30,0.001107,-0.001799,-0.014207,-0.193757,-0.069410,9.424931,0.283344,0.004736,0.034117,6,1,0,0.000000,0,-6.207704,0.000000,0.020715,0,0.234814,0.000000,0.033977,-6.207704,0.234814,1,1,1,1.794965,0.000000,0.000000,0.000000,0.000000,0.000000,0.000000,0.000000
4.6401,-4.425429,0.217825,-0.001175,0.000000,0.020843,0.033977,0,0.234814,59,0.309055,0.151415,-4.425429,-0.001466,-6.229674,-0.001175,-4.425411,-6.217694,-0.001175,0.217825,0.000000,0.013009,-0.376996,-27.857432,0.011980,0.000000,0.002082,0.001994,-0.000150,0.002082,0.309055,0.151415,-9.803961,0.008918,0.002560,0.000000,1.854054,0.004740,27.000000,0.013045,-4.425411,-0.001466,0.217825,0.000000,0.012000,0.000000,174,0,1,32,30,-0.003170,0.008704,-0.001288,-0.185053,0.442816,9.765048,0.283257,0.004740,0.034102,7,1,0,0.000000,0,-6.207704,0.000000,0.020843,0,0.234814,0.000000,0.033977,-6.207704,0.234814,1,1,1,1.794997,0.000000,0.000000,0.000000,0.000000,0.000000,0.000000,0.000000
4.6501,-4.425404,0.217825,0.004951,0.000000,0.018760,0.033977,0,0.234814,71,0.309630,0.150305,-4.425404,-0.001466,-6.229576,0.004951,-4.425411,-6.217592,0.004951,0.217825,0.000000,0.012873,-0.376996,-27.857432,0.011983,0.000000,0.000457,0.002012,-0.000206,0.000457,0.309630,0.150305,-9.803960,-0.001200,0.013946,0.000000,1.854156,0.004727,27.000000,0.013045,-4.425411,-0.001466,0.217825,0.000000,0.012000,0.000000,179,0,1,32,30,-0.013829,-0.002097,0.004978,-0.144142,-0.237475,9.873084,0.283360,0.004727,0.034135,6,1,0,0.000000,0,-6.207704,0.000000,0.018760,0,0.234814,0.000000,0.033977,-6.207704,0.234814,1,1,1,1.795029,0.000000,0.000000,0.000000,0.000000,0.000000,0.000000,0.000000
4.6601,-4.425220,0.217825,-0.009958,0.000000,0.019776,0.033977,0,0.234814,81,0.309482,0.151197,-4.425220,0.000419,-6.229568,-0.009958,-4.425219,-6.217593,-0.009958,0.217825,0.000000,0.012987,-0.376996,-27.857432,0.011975,0.000000,0.000154,0.001966,0.000014,0.000154,0.309482,0.151197,-9.803951,-0.002224,-0.007376,0.000000,1.854155,0.004749,27.000000,0.013045,-4.425219,0.000419,0.217825,0.000000,0.012000,0.000000,184,0,1,32,30,0.007512,-0.001837,-0.009935,-0.203812,0.299966,9.715748,0.283359,0.004749,0.034140,6,1,0,0.000000,0,-6.207704,0.000000,0.019776,0,0.234814,0.000000,0.033977,-6.207704,0.234814,1,1,1,1.795058,0.000000,0.000000,0.000000,0.000000,0.000000,0.000000,0.000000
4.6701,-4.425222,0.217825,0.002569,0.000000,0.021182,0.033977,0,0.234814,91,0.309560,0.150089,-4.425222,0.001466,-6.229692,0.002569,-4.425219,-6.217710,0.002569,0.217825,0.000000,0.012905,-0.376996,-27.857432,0.011983,0.000000,0.000371,0.001985,0.000028,0.000371,0.309560,0.150089,-9.803966,-0.012792,-0.000238,0.000000,1.854037,0.004779,27.000000,0.013045,-4.425219,0.001466,0.217825,0.000000,0.012000,0.000000,189,0,1,32,30,0.001123,-0.012710,0.002733,-0.221911,0.003535,9.712757,0.283241,0.004779,0.034123,7,1,0,0.000000,0,-6.207704,0.000000,0.021182,0,0.234814,0.000000,0.033977,-6.207704,0.234814,1,1,1,1.795090,0.000000,0.000000,0.000000,0.000000,0.000000,0.000000,0.000000
4.6801,-4.425219,0.217825,0.009268,0.000000,0.018589,0.033977,0,0.234814,100,0.309368,0.151354,-4.425219,0.002513,-6.229578,0.009268,-4.425219,-6.217591,0.009268,0.217825,0.000000,0.013041,-0.376996,-27.857432,0.011987,0.000000,0.000011,0.002004,-0.000014,0.000011,0.309368,0.151354,-9.803952,0.000821,0.013807,0.000000,1.854155,0.004784,27.000000,0.013045,-4.425219,0.002513,0.217825,0.000000,0.012000,0.000000,194,0,1,32,30,-0.013830,-0.000017,0.009269,-0.097287,-0.044915,9.769774,0.283359,0.004784,0.034132,6,1,0,0.000000,0,-6.207704,0.000000,0.018589,0,0.234814,0.000000,0.033977,-6.207704,0.234814,1,1,1,1.795120,0.000000,0.000000,0.000000,0.000000,0.000000,0.000000,0.000000
4.6901,-4.425328,0.217825,-0.009857,0.000000,0.019391,0.033977,0,0.234814,109,0.309735,0.150177,-4.425328,-0.000419,-6.229534,-0.009857,-4.425315,-6.217559,-0.009857,0.217825,0.000000,0.012918,-0.418302,-34.332882,0.011975,0.000000,0.002293,0.002001,-0.000111,0.002293,0.309735,0.150177,-9.803959,0.002322,-0.003407,0.000000,1.854187,0.004787,27.000000,0.013045,-4.425315,-0.000419,0.217825,0.000000,0.012000,0.000000,199,0,1,32,30,0.003238,0.002425,-0.009889,-0.117473,0.421136,9.975424,0.283391,0.004787,0.034143,6,1,0,0.000000,0,-6.207704,0.000000,0.019391,0,0.234814,0.000000,0.033977,-6.207704,0.234814,1,1,1,1.795151,0.000000,0.000000,0.000000,0.000000,0.000000,0.000000,0.000000
4.7001,-4.425219,0.217825,-0.001535,0.000000,0.020421,0.033977,0,0.234814,121,0.309273,0.151353,-4.425219,-0.000419,-6.229602,-0.001535,-4.425219,-6.217619,-0.001535,0.217825,0.000000,0.013045,-0.418302,-34.332882,0.011984,0.000000,0.000000,0.002000,0.000198,0.000000,0.309273,0.151353,-9.803955,-0.006286,-0.000681,-0.000005,1.854128,0.004787,27.000000,0.013045,-4.425219,-0.000419,0.217825,0.000000,0.012000,0.000000,3,0,1,32,30,0.001115,-0.006243,-0.001458,-0.250703,-0.146644,9.481540,0.283331,0.004787,0.034123,6,1,0,0.000000,0,-6.207704,0.000000,0.020421,0,0.234814,0.000000,0.033977,-6.207704,0.234814,1,1,1,1.795181,0.000000,0.000000,0.000000,0.000000,0.000000,0.000000,0.000000
4.7101,-4.425217,0.217825,-0.005230,0.000000,0.018947,0.033977,0,0.234814,131,0.309683,0.150531,-4.425217,-0.000419,-6.229522,-0.005230,-4.425219,-6.217545,-0.005230,0.217825,0.000000,0.012952,-0.418302,-34.332882,0.011977,0.000000,0.000222,0.002000,-0.000033,0.000222,0.309683,0.150531,-9.803955,0.017556,0.001968,0.000000,1.854201,0.004784,27.000000,0.013045,-4.425219,-0.000419,0.217825,0.000000,0.012000,0.000000,8,0,1,32,30,-0.003180,0.017308,-0.005455,-0.108713,0.396462,9.649787,0.283405,0.004784,0.034145,7,1,0,0.000000,0,-6.207704,0.000000,0.018947,0,0.234814,0.000000,0.033977,-6.207704,0.234814,1,1,1,1.795212,0.000000,0.000000,0.000000,0.000000,0.000000,0.000000,0.000000
4.7201,-4.425216,0.217825,0.008965,0.000000,0.019776,0.033977,0,0.234814,140,0.309937,0.149634,-4.425216,-0.000419,-6.229540,0.008965,-4.425219,-6.217553,0.008965,0.217825,0.000000,0.012854,-0.418302,-34.332882,0.011987,0.000000,0.000457,0.001986,0.000081,0.000457,0.309937,0.149634,-9.803961,-0.012817,0.001902,0.000000,1.854194,0.004781,27.000000,0.013045,-4.425219,-0.000419,0.217825,0.000000,0.012000,0.000000,13,0,1,32,30,-0.001009,-0.012801,0.009130,-0.182209,-0.191218,9.997939,0.283398,0.004781,0.034151,7,1,0,0.000000,0,-6.207704,0.000000,0.019776,0,0.234814,0.000000,0.033977,-6.207704,0.234814,1,1,1,1.795243,0.000000,0.000000,0.000000,0.000000,0.000000,0.000000,0.000000
4.7301,-4.425219,0.217825,0.003261,0.000000,0.019664,0.033977,0,0.234814,151,0.309581,0.150735,-4.425219,0.001466,-6.229533,0.003261,-4.425219,-6.217550,0.003261,0.217825,0.000000,0.012987,-0.418302,-34.332882,0.011983,0.000000,0.000139,0.001985,0.000001,0.000139,0.309581,0.150735,-9.803955,0.014208,-0.012782,0.000000,1.854196,0.004797,27.000000,0.013045,-4.425219,0.001466,0.217825,0.000000,0.012000,0.000000,18,0,1,32,30,0.011767,0.015100,0.003065,-0.184325,0.307771,9.859396,0.283399,0.004797,0.034140,6,1,0,0.000000,0,-6.207704,0.000000,0.019664,0,0.234814,0.000000,0.033977,-6.207704,0.234814,1,1,1,1.795272,0.000000,0.000000,0.000000,0.000000,0.000000,0.000000,0.000000
4.7401,-4.425220,0.217825,0.002827,0.000000,0.020249,0.033977,0,0.234814,161,0.309853,0.149601,-4.425220,0.001466,-6.229579,0.002827,-4.425219,-6.217597,0.002827,0.217825,0.000000,0.012889,-0.418302,-34.332882,0.011982,0.000000,0.000373,0.002015,0.000011,0.000373,0.309853,0.149601,-9.803964,-0.001851,0.003293,0.000000,1.854149,0.004818,27.000000,0.013045,-4.425219,0.001466,0.217825,0.000000,0.012000,0.000000,23,0,1,32,30,-0.003157,-0.002038,0.002854,-0.308527,0.166042,9.714334,0.283353,0.004818,0.034142,6,1,0,0.000000,0,-6.207704,0.000000,0.020249,0,0.234814,0.000000,0.033977,-6.207704,0.234814,1,1,1,1.795303,0.000000,0.000000,0.000000,0.000000,0.000000,0.000000,0.000000
4.7501,-4.425219,0.217825,0.000847,0.000000,0.019026,0.033977,0,0.234814,171,0.309734,0.150837,-4.425219,0.000419,-6.229515,0.000847,-4.425219,-6.217534,0.000847,0.217825,0.000000,0.013007,-0.418302,-34.332882,0.011981,0.000000,0.000092,0.002000,-0.000004,0.000092,0.309734,0.150837,-9.803949,0.005025,0.009242,0.000000,1.854212,0.004810,27.000000,0.013045,-4.425219,0.000419,0.217825,0.000000,0.012000,0.000000,28,0,1,32,30,-0.009568,0.004383,0.000790,-0.096897,-0.225531,9.681826,0.283416,0.004810,0.034157,7,1,0,0.000000,0,-6.207704,0.000000,0.019026,0,0.234814,0.000000,0.033977,-6.207704,0.234814,1,1,1,1.795332,0.000000,0.000000,0.000000,0.000000,0.000000,0.000000,0.000000
4.7601,-4.425218,0.217825,0.002995,0.000000,0.020045,0.033977,0,0.234814,181,0.310215,0.149239,-4.425218,-0.002513,-6.229548,0.002995,-4.425219,-6.217566,0.002995,0.217825,0.000000,0.012886,-0.418302,-34.332882,0.011982,0.000000,0.000380,0.002002,-0.000003,0.000380,0.310215,0.149239,-9.803958,0.003693,-0.009924,0.000000,1.854179,0.004859,27.000000,0.013045,-4.425219,-0.002513,0.217825,0.000000,0.012000,0.000000,33,0,1,32,30,0.009644,0.004410,0.002939,-0.183305,0.322064,10.251928,0.283382,0.004859,0.034170,6,1,0,0.000000,0,-6.207704,0.000000,0.020045,0,0.234814,0.000000,0.033977,-6.207704,0.234814,1,1,1,1.795363,0.000000,0.000000,0.000000,0.000000,0.000000,0.000000,0.000000
4.7701,-4.425219,0.217825,-0.007991,0.000000,0.019682,0.033977,0,0.234814,191,0.309872,0.150499,-4.425219,0.000419,-6.229539,-0.007991,-4.425219,-6.217562,-0.007991,0.217825,0.000000,0.013011,-0.418302,-34.332882,0.011976,0.000000,0.000081,0.001987,0.000109,0.000081,0.309872,0.150499,-9.803950,-0.008107,0.001585,0.000000,1.854182,0.004851,27.000000,0.013045,-4.425219,0.000419,0.217825,0.000000,0.012000,0.000000,38,0,1,32,30,-0.001019,-0.008301,-0.007884,-0.307654,-0.026140,9.788967,0.283386,0.004851,0.034163,6,1,0,0.000000,0,-6.207704,0.000000,0.019682,0,0.234814,0.000000,0.033977,-6.207704,0.234814,1,1,1,1.795392,0.000000,0.000000,0.000000,0.000000,0.000000,0.000000,0.000000
4.7801,-4.425213,0.217825,0.009541,0.000000,0.018897,0.033977,0,0.234814,201,0.310258,0.149396,-4.425213,0.000419,-6.229480,0.009541,-4.425219,-6.217494,0.009541,0.217825,0.000000,0.012878,-0.418302,-34.332882,0.011986,0.000000,0.000398,0.001855,0.000071,0.000398,0.310258,0.149396,-9.803954,0.010629,0.000298,0.000000,1.854251,0.004837,27.000000,0.013045,-4.425219,0.000419,0.217825,0.000000,0.012000,0.000000,43,0,1,32,30,-0.001034,0.010705,0.009404,-0.165804,0.414023,9.774342,0.283455,0.004837,0.034178,6,1,0,0.000000,0,-6.207704,0.000000,0.018897,0,0.234814,0.000000,0.033977,-6.207704,0.234814,1,1,1,1.795422,0.000000,0.000000,0.000000,0.000000,0.000000,0.000000,0.000000
4.7901,-4.425315,0.217825,-0.000588,0.000000,0.019752,0.033977,0,0.234814,211,0.309749,0.150942,-4.425315,0.001466,-6.229492,-0.000588,-4.425315,-6.217509,-0.000588,0.217825,0.000000,0.013045,-0.418302,-34.332882,0.011984,-0.001000,0.000000,0.002000,0.000025,0.000000,0.309749,0.150942,-9.803947,-0.008275,0.001593,-0.001007,1.854236,0.004838,27.000000,0.013045,-4.425315,0.001466,0.217825,0.000000,0.012000,-0.001000,48,0,1,32,30,-0.001017,-0.008386,-0.001485,-0.135207,0.057183,10.019607,0.283440,0.004838,0.034161,6,1,0,0.000000,0,-6.207704,0.000000,0.019752,0,0.234814,0.000000,0.033977,-6.207704,0.234814,1,1,1,1.795451,0.000000,0.000000,0.000000,0.000000,0.000000,0.000000,0.000000
4.8001,-4.425217,0.217825,-0.001382,0.000000,0.019572,0.033977,0,0.234814,221,0.309795,0.149739,-4.425217,-0.000419,-6.229485,-0.001382,-4.425219,-6.217506,-0.001382,0.217825,0.000000,0.012946,-0.418302,-34.332882,0.011980,0.000000,0.000237,0.001977,-0.000012,0.000237,0.309795,0.149739,-9.803964,0.000109,-0.001119,-0.000000,1.854239,0.004860,27.000000,0.013045,-4.425219,-0.000419,0.217825,0.000000,0.012000,0.000000,53,0,1,32,30,0.001109,0.000168,-0.001384,-0.088843,0.157777,9.618690,0.283442,0.004860,0.034139,7,1,0,0.000000,0,-6.207704,0.000000,0.019572,0,0.234814,0.000000,0.033977,-6.207704,0.234814,1,1,1,1.795481,0.000000,0.000000,0.000000,0.000000,0.000000,0.000000,0.000000
4.8101,-4.425215,0.217825,0.004963,0.000000,0.019569,0.033977,0,0.234814,231,0.310279,0.148812,-4.425215,-0.000419,-6.229486,0.004963,-4.425219,-6.217503,0.004963,0.217825,0.000000,0.012845,-0.418302,-34.332882,0.011983,0.000000,0.000478,0.001985,-0.000018,0.000478,0.310279,0.148812,-9.803963,-0.002190,-0.000963,0.000000,1.854242,0.004862,27.000000,0.013045,-4.425219,-0.000419,0.217825,0.000000,0.012000,0.000000,58,0,1,32,30,0.001113,-0.002054,0.004990,-0.384721,0.117602,9.761650,0.283445,0.004862,0.034167,6,1,0,0.000000,0,-6.207704,0.000000,0.019569,0,0.234814,0.000000,0.033977,-6.207704,0.234814,1,1,1,1.795510,0.000000,0.000000,0.000000,0.000000,0.000000,0.000000,0.000000
4.8201,-4.425314,0.217825,-0.001545,0.000000,0.020121,0.033977,0,0.234814,241,0.310025,0.150068,-4.425314,-0.002513,-6.229526,-0.001545,-4.425315,-6.217547,-0.001545,0.217825,0.000000,0.012990,-0.418302,-34.332882,0.011980,0.000000,0.000131,0.002010,-0.000088,0.000131,0.310025,0.150068,-9.803951,-0.005861,0.005708,0.000000,1.854197,0.004876,27.000000,0.013045,-4.425315,-0.002513,0.217825,0.000000,0.012000,0.000000,63,0,1,32,30,-0.005288,-0.006261,-0.001464,-0.163040,-0.219658,9.978525,0.283401,0.004876,0.034169,7,1,0,0.000000,0,-6.207704,0.000000,0.020121,0,0.234814,0.000000,0.033977,-6.207704,0.234814,1,1,1,1.795539,0.000000,0.000000,0.000000,0.000000,0.000000,0.000000,0.000000
4.8301,-4.425319,0.217825,-0.016195,0.000000,0.020909,0.033977,0,0.234814,251,0.310252,0.148977,-4.425319,0.001466,-6.229619,-0.016195,-4.425315,-6.217649,-0.016195,0.217825,0.000000,0.012923,-0.418302,-34.332882,0.011971,0.000000,0.000292,0.001986,0.000026,0.000292,0.310252,0.148977,-9.803961,0.004054,-0.012082,0.000000,1.854094,0.004923,27.000000,0.013045,-4.425315,0.001466,0.217825,0.000000,0.012000,0.000000,68,0,1,32,30,0.011773,0.004671,-0.016256,-0.088126,0.418206,10.214675,0.283298,0.004923,0.034168,6,1,0,0.000000,0,-6.207704,0.000000,0.020909,0,0.234814,0.000000,0.033977,-6.207704,0.234814,1,1,1,1.795568,0.000000,0.000000,0.000000,0.000000,0.000000,0.000000,0.000000
4.8401,-4.425410,0.217825,-0.000596,0.000000,0.019555,0.033977,0,0.234814,5,0.309947,0.150132,-4.425410,-0.002513,-6.229601,-0.000596,-4.425411,-6.217621,-0.000596,0.217825,0.000000,0.013025,-0.418302,-34.332882,0.011980,-0.001000,0.000048,0.001868,-0.000204,0.000048,0.309947,0.150132,-9.803953,-0.008134,0.003723,-0.001000,1.854122,0.004903,27.000000,0.013045,-4.425411,-0.002513,0.217825,0.000000,0.012000,-0.001000,73,0,1,32,30,-0.003152,-0.008392,-0.001487,-0.193486,-0.117691,9.462728,0.283326,0.004903,0.034163,6,1,0,0.000000,0,-6.207704,0.000000,0.019555,0,0.234814,0.000000,0.033977,-6.207704,0.234814,1,1,1,1.795597,0.000000,0.000000,0.000000,0.000000,0.000000,0.000000,0.000000
4.8501,-4.425219,0.217825,-0.000962,0.000000,0.020024,0.033977,0,0.234814,15,0.310490,0.149267,-4.425219,-0.001466,-6.229616,-0.000962,-4.425219,-6.217637,-0.000962,0.217825,0.000000,0.012913,-0.418302,-34.332882,0.011980,0.000000,0.000315,0.001991,-0.000010,0.000315,0.310490,0.149267,-9.803949,0.017160,-0.002285,-0.000000,1.854107,0.004889,27.000000,0.013045,-4.425219,-0.001466,0.217825,0.000000,0.012000,0.000000,78,0,1,32,30,0.001091,0.017264,-0.001185,-0.204321,0.462284,9.736521,0.283310,0.004889,0.034198,7,1,0,0.000000,0,-6.207704,0.000000,0.020024,0,0.234814,0.000000,0.033977,-6.207704,0.234814,1,1,1,1.795627,0.000000,0.000000,0.000000,0.000000,0.000000,0.000000,0.000000
4.8601,-4.425219,0.217825,-0.013389,0.000000,0.020713,0.033977,0,0.234814,25,0.310233,0.150289,-4.425219,-0.000419,-6.229680,-0.013389,-4.425219,-6.217707,-0.013389,0.217825,0.000000,0.013040,-0.418302,-34.332882,0.011972,-0.001000,0.000011,0.001848,0.000023,0.000011,0.310233,0.150289,-9.803941,-0.007939,0.001575,-0.001000,1.854035,0.004909,27.000000,0.013045,-4.425219,-0.000419,0.217825,0.000000,0.012000,-0.001000,83,0,1,32,30,-0.001021,-0.008216,-0.014283,-0.192245,0.112167,10.211532,0.283239,0.004909,0.034195,6,1,0,0.000000,0,-6.207704,0.000000,0.020713,0,0.234814,0.000000,0.033977,-6.207704,0.234814,1,1,1,1.795655,0.000000,0.000000,0.000000,0.000000,0.000000,0.000000,0.000000
4.8701,-4.425219,0.217825,0.000964,0.000000,0.020404,0.033977,0,0.234814,35,0.310431,0.149229,-4.425219,0.001466,-6.229722,0.000964,-4.425219,-6.217741,0.000964,0.217825,0.000000,0.012928,-0.418302,-34.332882,0.011981,0.000000,0.000280,0.001850,-0.000010,0.000280,0.310431,0.149229,-9.803951,0.008295,-0.005959,0.000000,1.854002,0.004906,27.000000,0.013045,-4.425219,0.001466,0.217825,0.000000,0.012000,0.000000,88,0,1,32,30,0.005369,0.008700,0.000852,-0.173753,-0.082732,9.731064,0.283206,0.004906,0.034191,7,1,0,0.000000,0,-6.207704,0.000000,0.020404,0,0.234814,0.000000,0.033977,-6.207704,0.234814,1,1,1,1.795685,0.000000,0.000000,0.000000,0.000000,0.000000,0.000000,0.000000
4.8801,-4.425219,0.217825,-0.013975,0.000000,0.021436,0.033977,0,0.234814,45,0.310165,0.150618,-4.425219,-0.001466,-6.229838,-0.013975,-4.425219,-6.217854,-0.013975,0.217825,0.000000,0.013045,-0.418302,-34.332882,0.011984,0.000000,0.000000,0.002000,0.000024,0.000000,0.310165,0.150618,-9.803939,0.009113,0.000408,0.000007,1.853889,0.004879,27.000000,0.013045,-4.425219,-0.001466,0.217825,0.000000,0.012000,0.000000,93,0,1,32,30,-0.001039,0.008880,-0.014084,-0.223299,0.442796,9.765023,0.283093,0.004879,0.034195,6,1,0,0.000000,0,-6.207704,0.000000,0.021436,0,0.234814,0.000000,0.033977,-6.207704,0.234814,1,1,1,1.795714,0.000000,0.000000,0.000000,0.000000,0.000000,0.000000,0.000000
4.8901,-4.425220,0.217825,-0.000494,0.000000,0.020604,0.033977,0,0.234814,55,0.310334,0.149149,-4.425220,-0.000419,-6.229859,-0.000494,-4.425219,-6.217880,-0.000494,0.217825,0.000000,0.012916,-0.418302,-34.332882,0.011979,-0.001000,0.000309,0.001860,-0.000083,0.000309,0.310334,0.149149,-9.803956,-0.003587,0.007692,-0.001000,1.853864,0.004900,27.000000,0.013045,-4.425219,-0.000419,0.217825,0.000000,0.012000,-0.001000,98,0,1,32,30,-0.007425,-0.004130,-0.001441,-0.116066,-0.159433,9.749471,0.283067,0.004900,0.034180,6,1,0,0.000000,0,-6.207704,0.000000,0.020604,0,0.234814,0.000000,0.033977,-6.207704,0.234814,1,1,1,1.795744,0.000000,0.000000,0.000000,0.000000,0.000000,0.000000,0.000000
4.9001,-4.425219,0.217825,0.005227,0.000000,0.020824,0.033977,0,0.234814,65,0.310597,0.148533,-4.425219,0.001466,-6.229903,0.005227,-4.425219,-6.217919,0.005227,0.217825,0.000000,0.012855,-0.418302,-34.332882,0.011984,0.000000,0.000453,0.002016,0.000011,0.000453,0.310597,0.148533,-9.803957,0.008326,-0.003822,0.000000,1.853824,0.004907,27.000000,0.013045,-4.425219,0.001466,0.217825,0.000000,0.012000,0.000000,103,0,1,32,30,0.003227,0.015133,-0.001208,-0.127089,0.270732,9.763357,0.283024,0.004902,0.034188,6,1,0,0.000000,0,-6.207704,0.000000,0.020824,0,0.234814,0.000000,0.033977,-6.207704,0.234814,1,1,1,1.795775,0.000000,0.000000,0.000000,0.000000,0.000000,0.000000,0.000000
4.9101,-4.425218,0.217825,0.010253,0.000000,0.019991,0.033977,0,0.234814,75,0.310316,0.150355,-4.425218,0.000419,-6.229870,0.010253,-4.425219,-6.217883,0.010253,0.217825,0.000000,0.013024,-0.418302,-34.332882,0.011988,0.001000,0.000051,0.001986,-0.000019,0.000051,0.310316,0.150355,-9.803938,-0.006480,0.001468,0.001000,1.853861,0.004887,27.000000,0.013045,-4.425219,0.000419,0.217825,0.000000,0.012000,0.001000,108,0,1,32,30,-0.001015,-0.006419,0.011338,-0.288968,-0.043015,9.606972,0.283064,0.004887,0.034204,6,1,0,0.000000,0,-6.207704,0.000000,0.019991,0,0.234814,0.000000,0.033977,-6.207704,0.234814,1,1,1,1.795803,0.000000,0.000000,0.000000,0.000000,0.000000,0.000000,0.000000
4.9201,-4.425218,0.217825,0.003196,0.000000,0.019902,0.033977,0,0.234814,85,0.310598,0.148882,-4.425218,0.000419,-6.229827,0.003196,-4.425219,-6.217845,0.003196,0.217825,0.000000,0.012906,-0.418302,-34.332882,0.011982,0.000000,0.000332,0.002000,0.000013,0.000332,0.310598,0.148882,-9.803951,0.012928,0.000143,0.000000,1.853898,0.004923,27.000000,0.013045,-4.425219,0.000419,0.217825,0.000000,0.012000,0.000000,113,0,1,32,30,-0.001038,0.012927,0.003029,-0.156176,0.432563,9.822386,0.283102,0.004923,0.034200,6,1,0,0.000000,0,-6.207704,0.000000,0.019902,0,0.234814,0.000000,0.033977,-6.207704,0.234814,1,1,1,1.795833,0.000000,0.000000,0.000000,0.000000,0.000000,0.000000,0.000000
4.9301,-4.425219,0.217825,0.000960,0.000000,0.020491,0.033977,0,0.234814,95,0.310517,0.150046,-4.425219,-0.000419,-6.229846,0.000960,-4.425219,-6.217862,0.000960,0.217825,0.000000,0.013045,-0.418302,-34.332882,0.011984,0.000000,0.000000,0.002002,-0.000085,0.000000,0.310517,0.150046,-9.803936,0.008153,-0.008088,0.000007,1.853879,0.004944,27.000000,0.013045,-4.425219,-0.000419,0.217825,0.000000,0.012000,0.000000,118,0,1,32,30,0.007504,0.008706,0.000854,-0.211982,0.350263,10.290475,0.283083,0.004944,0.034218,6,1,0,0.000000,0,-6.207704,0.000000,0.020491,0,0.234814,0.000000,0.033977,-6.207704,0.234814,1,1,1,1.795862,0.000000,0.000000,0.000000,0.000000,0.000000,0.000000,0.000000
4.9401,-4.425196,0.217825,0.009547,0.000000,0.019693,0.033977,0,0.234814,103,0.310466,0.149517,-4.425196,0.000419,-6.229798,0.009547,-4.425219,-6.217810,0.009547,0.217825,0.000000,0.012975,-0.418302,-34.332882,0.011987,0.000000,0.002015,0.002156,-0.000112,0.002015,0.310466,0.149517,-9.803946,0.010203,-0.006092,0.000000,1.853932,0.004925,27.000000,0.013045,-4.425219,0.000419,0.217825,0.000000,0.012000,0.000000,123,0,1,32,30,0.005370,0.010723,0.009409,-0.260281,0.220612,9.944604,0.283136,0.004925,0.034201,7,1,0,0.000000,0,-6.207704,0.000000,0.019693,0,0.234814,0.000000,0.033977,-6.207704,0.234814,1,1,1,1.795891,0.000000,0.000000,0.000000,0.000000,0.000000,0.000000,0.000000
4.9501,-4.425121,0.217825,-0.001544,0.000000,0.020444,0.033977,0,0.234814,115,0.310655,0.148298,-4.425121,0.000419,-6.229809,-0.001544,-4.425123,-6.217830,-0.001544,0.217825,0.000000,0.012838,-0.418302,-34.332882,0.011979,0.000000,0.000494,0.001844,0.000099,0.000494,0.310655,0.148298,-9.803958,-0.005860,0.005709,0.000000,1.853913,0.004914,27.000000,0.013045,-4.425123,0.000419,0.217825,0.000000,0.012000,0.000000,128,0,1,32,30,0.003236,0.008665,0.002983,-0.146581,0.423006,9.822296,0.283118,0.004917,0.034198,6,1,0,0.000000,0,-6.207704,0.000000,0.020444,0,0.234814,0.000000,0.033977,-6.207704,0.234814,1,1,1,1.795921,0.000000,0.000000,0.000000,0.000000,0.000000,0.000000,0.000000
4.9601,-4.425220,0.217825,-0.003572,0.000000,0.021542,0.033977,0,0.234814,125,0.310335,0.149862,-4.425220,0.001466,-6.229916,-0.003572,-4.425219,-6.217937,-0.003572,0.217825,0.000000,0.013013,-0.418302,-34.332882,0.011978,0.000000,0.000077,0.001972,0.000119,0.000077,0.310335,0.149862,-9.803945,-0.001541,0.005413,0.000000,1.853805,0.004926,27.000000,0.013045,-4.425219,0.001466,0.217825,0.000000,0.012000,0.000000,133,0,1,32,30,-0.005294,-0.001959,-0.003547,-0.057956,-0.275677,9.872756,0.283008,0.004926,0.034195,7,1,0,0.000000,0,-6.207704,0.000000,0.021542,0,0.234814,0.000000,0.033977,-6.207704,0.234814,1,1,1,1.795949,0.000000,0.000000,0.000000,0.000000,0.000000,0.000000,0.000000
4.9701,-4.425221,0.217825,0.009704,0.000000,0.020849,0.033977,0,0.234814,135,0.310955,0.147865,-4.425221,0.002513,-6.229956,0.009704,-4.425219,-6.217969,0.009704,0.217825,0.000000,0.012822,-0.418302,-34.332882,0.011987,0.000000,0.000534,0.001834,0.000004,0.000534,0.310955,0.147865,-9.803955,0.016457,-0.008659,0.000000,1.853773,0.004948,27.000000,0.013045,-4.425219,0.002513,0.217825,0.000000,0.012000,0.000000,138,0,1,32,30,0.007498,0.017140,0.009485,-0.097899,0.456802,10.186345,0.282976,0.004948,0.034213,7,1,0,0.000000,0,-6.207704,0.000000,0.020849,0,0.234814,0.000000,0.033977,-6.207704,0.234814,1,1,1,1.795980,0.000000,0.000000,0.000000,0.000000,0.000000,0.000000,0.000000
4.9801,-4.425123,0.217825,-0.005898,0.000000,0.021121,0.033977,0,0.234814,145,0.310242,0.149865,-4.425123,-0.000419,-6.230002,-0.005898,-4.425123,-6.218019,-0.005898,0.217825,0.000000,0.013045,-0.418302,-34.332882,0.011983,0.000000,0.000000,0.001852,0.000012,0.000000,0.310242,0.149865,-9.803948,-0.010720,-0.004655,-0.000008,1.853722,0.004956,27.000000,0.013045,-4.425123,-0.000419,0.217825,0.000000,0.012000,0.000000,143,0,1,32,30,0.005388,-0.010448,-0.005771,-0.173925,-0.025478,9.741209,0.282926,0.004956,0.034186,7,1,0,0.000000,0,-6.207704,0.000000,0.021121,0,0.234814,0.000000,0.033977,-6.207704,0.234814,1,1,1,1.796008,0.000000,0.000000,0.000000,0.000000,0.000000,0.000000,0.000000
4.9901,-4.425236,0.217825,0.001270,0.000000,0.021441,0.033977,0,0.234814,153,0.310512,0.148584,-4.425236,0.000419,-6.230067,0.001270,-4.425219,-6.218086,0.001270,0.217825,0.000000,0.012928,-0.418302,-34.332882,0.011981,0.000000,0.002299,0.001997,0.000110,0.002299,0.310512,0.148584,-9.803959,0.021793,0.003817,0.000000,1.853655,0.004973,27.000000,0.013045,-4.425219,0.000419,0.217825,0.000000,0.012000,0.000000,148,0,1,32,30,-0.005317,0.021491,0.000992,-0.012291,0.223455,9.724674,0.282858,0.004973,0.034185,6,1,0,0.000000,0,-6.207704,0.000000,0.021441,0,0.234814,0.000000,0.033977,-6.207704,0.234814,1,1,1,1.796038,0.000000,0.000000,0.000000,0.000000,0.000000,0.000000,0.000000
5.0001,-4.425236,0.217825,0.001270,0.000000,0.020764,0.033977,0,0.234814,153,0.310512,0.148584,-4.425236,0.000419,-6.230067,0.001270,-4.425219,-6.218086,0.001270,0.217825,0.000000,0.012928,-0.418302,-34.332882,0.011981,0.000000,0.002299,0.001997,0.000110,0.002299,0.310512,0.148584,-9.803959,0.021793,0.003817,0.000000,1.853655,0.004973,27.000000,0.013045,-4.425219,0.000419,0.217825,0.000000,0.012000,0.000000,148,0,1,32,30,-0.005317,0.021491,0.000992,-0.012291,0.223455,9.724674,0.282858,0.004973,0.034185,6,1,0,0.000000,0,-6.207704,0.000000,0.020764,0,0.234814,0.000000,0.033977,-6.207704,0.234814,1,1,1,1.796038,0.000000,0.000000,0.000000,0.000000,0.000000,0.000000,0.000000
5.0101,-4.425218,0.217825,-0.001546,0.000000,0.020758,0.033977,0,0.234814,165,0.310983,0.147480,-4.425218,-0.001466,-6.230065,-0.001546,-4.425219,-6.218086,-0.001546,0.217825,0.000000,0.012804,-0.418302,-34.332882,0.011979,0.000000,0.000575,0.002033,-0.000001,0.000575,0.310983,0.147480,-9.803960,-0.005719,0.007838,0.000000,1.853656,0.004969,27.000000,0.013045,-4.425219,-0.001466,0.217825,0.000000,0.012000,0.000000,153,0,1,32,30,-0.007423,-0.006267,-0.001465,-0.134506,-0.002428,10.200848,0.282859,0.004969,0.034207,6,1,0,0.000000,0,-6.207704,0.000000,0.020758,0,0.234814,0.000000,0.033977,-6.207704,0.234814,1,1,1,1.796068,0.000000,0.000000,0.000000,0.000000,0.000000,0.000000,0.000000
5.0201,-4.425219,0.217825,-0.005541,0.000000,0.020982,0.033977,0,0.234814,175,0.310608,0.149202,-4.425219,0.000419,-6.230081,-0.005541,-4.425219,-6.218104,-0.005541,0.217825,0.000000,0.012978,-0.418302,-34.332882,0.011977,0.000000,0.000159,0.001950,-0.000001,0.000159,0.310608,0.149202,-9.803946,0.004484,-0.001417,0.000000,1.853637,0.004964,27.000000,0.013045,-4.425219,0.000419,0.217825,0.000000,0.012000,0.000000,158,0,1,32,30,0.001103,0.004499,-0.005600,-0.126931,0.044073,9.531389,0.282841,0.004964,0.034208,6,1,0,0.000000,0,-6.207704,0.000000,0.020982,0,0.234814,0.000000,0.033977,-6.207704,0.234814,1,1,1,1.796097,0.000000,0.000000,0.000000,0.000000,0.000000,0.000000,0.000000
5.0301,-4.425312,0.217825,0.000801,0.000000,0.021313,0.033977,0,0.234814,183,0.310820,0.148227,-4.425312,-0.001466,-6.230128,0.000801,-4.425315,-6.218147,0.000801,0.217825,0.000000,0.012871,-0.418302,-34.332882,0.011981,0.000000,0.002344,0.002009,-0.000193,0.002344,0.310820,0.148227,-9.803954,0.002326,0.000869,0.000000,1.853595,0.004958,27.000000,0.013045,-4.425315,-0.001466,0.217825,0.000000,0.012000,0.000000,163,0,1,32,30,-0.001028,0.002271,0.000772,-0.127657,0.405071,9.726424,0.282798,0.004958,0.034208,6,1,0,0.000000,0,-6.207704,0.000000,0.021313,0,0.234814,0.000000,0.033977,-6.207704,0.234814,1,1,1,1.796126,0.000000,0.000000,0.000000,0.000000,0.000000,0.000000,0.000000
5.0401,-4.425124,0.217825,-0.003788,0.000000,0.021905,0.033977,0,0.234814,195,0.310540,0.149344,-4.425124,0.001466,-6.230210,-0.003788,-4.425123,-6.218232,-0.003788,0.217825,0.000000,0.012982,-0.418302,-34.332882,0.011979,0.000000,0.000149,0.001847,0.000014,0.000149,0.310540,0.149344,-9.803946,-0.009640,0.012387,0.000000,1.853510,0.004952,27.000000,0.013045,-4.425123,0.001466,0.217825,0.000000,0.012000,0.000000,168,0,1,32,30,-0.011688,-0.010525,-0.003652,-0.028550,-0.325946,10.073249,0.282713,0.004952,0.034204,6,1,0,0.000000,0,-6.207704,0.000000,0.021905,0,0.234814,0.000000,0.033977,-6.207704,0.234814,1,1,1,1.796155,0.000000,0.000000,0.000000,0.000000,0.000000,0.000000,0.000000
5.0501,-4.425122,0.217825,-0.007459,0.000000,0.021091,0.033977,0,0.234814,204,0.310787,0.148704,-4.425122,0.000419,-6.230211,-0.007459,-4.425123,-6.218235,-0.007459,0.217825,0.000000,0.012913,-0.418302,-34.332882,0.011976,0.000000,0.000315,0.002045,0.000090,0.000315,0.310787,0.148704,-9.803948,0.012639,-0.008394,0.000000,1.853507,0.004952,27.000000,0.013045,-4.425123,0.000419,0.217825,0.000000,0.012000,0.000000,173,0,1,32,30,0.007497,0.013093,-0.007628,-0.021474,0.362991,10.041894,0.282710,0.004952,0.034215,6,1,0,0.000000,0,-6.207704,0.000000,0.021091,0,0.234814,0.000000,0.033977,-6.207704,0.234814,1,1,1,1.796186,0.000000,0.000000,0.000000,0.000000,0.000000,0.000000,0.000000
5.0601,-4.425118,0.217825,0.004854,0.000000,0.020917,0.033977,0,0.234814,215,0.310973,0.147938,-4.425118,0.000419,-6.230206,0.004854,-4.425123,-6.218223,0.004854,0.217825,0.000000,0.012824,-0.418302,-34.332882,0.011983,0.000000,0.000529,0.001985,-0.000014,0.000529,0.310973,0.147938,-9.803954,-0.006027,0.005718,0.000000,1.853519,0.004943,27.000000,0.013045,-4.425123,0.000419,0.217825,0.000000,0.012000,0.000000,178,0,1,32,30,-0.005287,-0.006346,0.004935,-0.335698,-0.302038,9.671331,0.282723,0.004943,0.034217,6,1,0,0.000000,0,-6.207704,0.000000,0.020917,0,0.234814,0.000000,0.033977,-6.207704,0.234814,1,1,1,1.796216,0.000000,0.000000,0.000000,0.000000,0.000000,0.000000,0.000000
5.0701,-4.425219,0.217825,0.007355,0.000000,0.021626,0.033977,0,0.234814,225,0.310551,0.149334,-4.425219,-0.001466,-6.230257,0.007355,-4.425219,-6.218272,0.007355,0.217825,0.000000,0.012970,-0.418302,-34.332882,0.011985,0.000000,0.000180,0.001847,-0.000095,0.000180,0.310551,0.149334,-9.803946,0.008694,0.002571,0.000000,1.853470,0.004940,27.000000,0.013045,-4.425219,-0.001466,0.217825,0.000000,0.012000,0.000000,183,0,1,32,30,-0.003167,0.008590,0.007244,0.016049,0.225003,9.600293,0.282674,0.004940,0.034205,6,1,0,0.000000,0,-6.207704,0.000000,0.021626,0,0.234814,0.000000,0.033977,-6.207704,0.234814,1,1,1,1.796245,0.000000,0.000000,0.000000,0.000000,0.000000,0.000000,0.000000
5.0801,-4.425127,0.217825,-0.003617,0.000000,0.021689,0.033977,0,0.234814,235,0.311010,0.147965,-4.425127,0.001466,-6.230296,-0.003617,-4.425123,-6.218318,-0.003617,0.217825,0.000000,0.012864,-0.418302,-34.332882,0.011978,0.000000,0.000432,0.002001,0.000106,0.000432,0.311010,0.147965,-9.803952,-0.004241,-0.002960,0.000000,1.853423,0.004981,27.000000,0.013045,-4.425123,0.001466,0.217825,0.000000,0.012000,0.000000,188,0,1,32,30,0.003247,-0.004071,-0.003565,-0.048749,0.158994,10.298229,0.282626,0.004981,0.034221,6,1,0,0.000000,0,-6.207704,0.000000,0.021689,0,0.234814,0.000000,0.033977,-6.207704,0.234814,1,1,1,1.796275,0.000000,0.000000,0.000000,0.000000,0.000000,0.000000,0.000000
5.0901,-4.425026,0.217825,0.000862,0.000000,0.021429,0.033977,0,0.234814,245,0.311174,0.147079,-4.425026,0.002513,-6.230315,0.000862,-4.425027,-6.218335,0.000862,0.217825,0.000000,0.012765,-0.418302,-34.332882,0.011980,0.000000,0.000668,0.001972,0.000187,0.000668,0.311174,0.147079,-9.803960,0.003747,-0.009928,0.000000,1.853406,0.004974,27.000000,0.013045,-4.425027,0.002513,0.217825,0.000000,0.012000,0.000000,193,0,1,32,30,-0.005288,-0.006289,0.000669,-0.173925,-0.100796,9.644748,0.282610,0.004966,0.034217,6,1,0,0.000000,0,-6.207704,0.000000,0.021429,0,0.234814,0.000000,0.033977,-6.207704,0.234814,1,1,1,1.796305,0.000000,0.000000,0.000000,0.000000,0.000000,0.000000,0.000000
5.1001,-4.425128,0.217825,-0.010803,0.000000,0.022170,0.033977,0,0.234814,255,0.310681,0.149006,-4.425128,0.000419,-6.230385,-0.010803,-4.425123,-6.218411,-0.010803,0.217825,0.000000,0.012956,-0.418302,-34.332882,0.011974,0.001000,0.000212,0.001998,0.000124,0.000212,0.310681,0.149006,-9.803947,0.004311,-0.005683,0.001000,1.853330,0.004962,27.000000,0.013045,-4.425123,0.000419,0.217825,0.000000,0.012000,0.001000,198,0,1,32,30,0.005371,0.004568,-0.009863,-0.194806,0.490739,9.755954,0.282534,0.004962,0.034211,7,1,0,0.000000,0,-6.207704,0.000000,0.022170,0,0.234814,0.000000,0.033977,-6.207704,0.234814,1,1,1,1.796334,0.000000,0.000000,0.000000,0.000000,0.000000,0.000000,0.000000
5.1101,-4.425028,0.217825,-0.001497,0.000000,0.021959,0.033977,0,0.234814,9,0.310954,0.148117,-4.425028,0.000419,-6.230436,-0.001497,-4.425027,-6.218456,-0.001497,0.217825,0.000000,0.012856,-0.418302,-34.332882,0.011979,0.000000,0.000451,0.001982,0.000010,0.000451,0.310954,0.148117,-9.803952,-0.003301,0.011953,0.000000,1.853285,0.004957,27.000000,0.013045,-4.425027,0.000419,0.217825,0.000000,0.012000,0.000000,2,0,1,32,30,-0.011695,-0.004143,-0.001444,-0.087157,-0.179248,9.806713,0.282489,0.004957,0.034219,6,1,0,0.000000,0,-6.207704,0.000000,0.021959,0,0.234814,0.000000,0.033977,-6.207704,0.234814,1,1,1,1.796364,0.000000,0.000000,0.000000,0.000000,0.000000,0.000000,0.000000
5.1201,-4.425124,0.217825,-0.005320,0.000000,0.021408,0.033977,0,0.234814,19,0.310940,0.149322,-4.425124,-0.000419,-6.230426,-0.005320,-4.425123,-6.218448,-0.005320,0.217825,0.000000,0.012994,-0.418302,-34.332882,0.011978,0.000000,0.000123,0.002000,-0.000089,0.000123,0.310940,0.149322,-9.803934,0.012157,-0.014781,0.000000,1.853293,0.004974,27.000000,0.013045,-4.425123,-0.000419,0.217825,0.000000,0.012000,0.000000,7,0,1,32,30,0.013901,0.013083,-0.005490,-0.175478,0.386275,9.697494,0.282496,0.004974,0.034244,6,1,0,0.000000,0,-6.207704,0.000000,0.021408,0,0.234814,0.000000,0.033977,-6.207704,0.234814,1,1,1,1.796393,0.000000,0.000000,0.000000,0.000000,0.000000,0.000000,0.000000
5.1301,-4.425217,0.217825,0.004644,0.000000,0.021289,0.033977,0,0.234814,29,0.310938,0.148148,-4.425217,-0.001466,-6.230415,0.004644,-4.425219,-6.218432,0.004644,0.217825,0.000000,0.012880,-0.418302,-34.332882,0.011983,0.000000,0.000393,0.001991,-0.000209,0.000393,0.310938,0.148148,-9.803952,-0.014553,0.006301,0.000000,1.853309,0.004978,27.000000,0.013045,-4.425219,-0.001466,0.217825,0.000000,0.012000,0.000000,12,0,1,32,30,-0.005278,-0.014894,0.004836,-0.250252,-0.073329,9.740679,0.282513,0.004978,0.034218,6,1,0,0.000000,0,-6.207704,0.000000,0.021289,0,0.234814,0.000000,0.033977,-6.207704,0.234814,1,1,1,1.796424,0.000000,0.000000,0.000000,0.000000,0.000000,0.000000,0.000000
5.1401,-4.425031,0.217825,-0.007522,0.000000,0.021191,0.033977,0,0.234814,39,0.311328,0.147083,-4.425031,0.000419,-6.230385,-0.007522,-4.425027,-6.218410,-0.007522,0.217825,0.000000,0.012759,-0.418302,-34.332882,0.011975,0.000000,0.000683,0.001990,-0.000001,0.000683,0.311328,0.147083,-9.803955,0.011216,0.002400,0.000000,1.853332,0.004971,27.000000,0.013045,-4.425027,0.000419,0.217825,0.000000,0.012000,0.000000,17,0,1,32,30,-0.007436,0.004502,-0.007740,-0.145862,0.071453,9.636927,0.282540,0.004971,0.034228,7,1,0,0.000000,0,-6.207704,0.000000,0.021191,0,0.234814,0.000000,0.033977,-6.207704,0.234814,1,1,1,1.796454,0.000000,0.000000,0.000000,0.000000,0.000000,0.000000,0.000000
5.1501,-4.425029,0.217825,-0.003512,0.000000,0.021817,0.033977,0,0.234814,49,0.311045,0.148892,-4.425029,0.001466,-6.230422,-0.003512,-4.425027,-6.218444,-0.003512,0.217825,0.000000,0.012963,-0.418302,-34.332882,0.011979,0.000000,0.000195,0.002038,0.000014,0.000195,0.311045,0.148892,-9.803937,0.000022,-0.003252,0.000000,1.853297,0.004989,27.000000,0.013045,-4.425027,0.001466,0.217825,0.000000,0.012000,0.000000,22,0,1,32,30,0.003243,0.000203,-0.003515,-0.135491,0.274987,10.194064,0.282500,0.004989,0.034245,6,1,0,0.000000,0,-6.207704,0.000000,0.021817,0,0.234814,0.000000,0.033977,-6.207704,0.234814,1,1,1,1.796483,0.000000,0.000000,0.000000,0.000000,0.000000,0.000000,0.000000
5.1601,-4.425215,0.217825,0.007359,0.000000,0.021508,0.033977,0,0.234814,59,0.310995,0.147396,-4.425215,-0.001466,-6.230431,0.007359,-4.425219,-6.218446,0.007359,0.217825,0.000000,0.012821,-0.418302,-34.332882,0.011984,0.000000,0.000537,0.002000,-0.000012,0.000537,0.310995,0.147396,-9.803961,0.008270,-0.003819,0.000000,1.853295,0.004994,27.000000,0.013045,-4.425219,-0.001466,0.217825,0.000000,0.012000,0.000000,27,0,1,32,30,0.003237,0.008608,0.007249,-0.108033,0.139232,9.570640,0.282498,0.004994,0.034207,6,1,0,0.000000,0,-6.207704,0.000000,0.021508,0,0.234814,0.000000,0.033977,-6.207704,0.234814,1,1,1,1.796513,0.000000,0.000000,0.000000,0.000000,0.000000,0.000000,0.000000
5.1701,-4.425124,0.217825,-0.001121,0.000000,0.020943,0.033977,0,0.234814,69,0.310880,0.148839,-4.425124,-0.000419,-6.230381,-0.001121,-4.425123,-6.218401,-0.001121,0.217825,0.000000,0.012964,-0.418302,-34.332882,0.011980,0.000000,0.000195,0.002009,0.000004,0.000195,0.310880,0.148839,-9.803943,0.010908,0.000281,-0.000000,1.853339,0.004991,27.000000,0.013045,-4.425123,-0.000419,0.217825,0.000000,0.012000,0.000000,32,0,1,32,30,-0.001037,0.010847,-0.001261,-0.185258,0.434315,9.678829,0.282543,0.004991,0.034227,7,1,0,0.000000,0,-6.207704,0.000000,0.020943,0,0.234814,0.000000,0.033977,-6.207704,0.234814,1,1,1,1.796542,0.000000,0.000000,0.000000,0.000000,0.000000,0.000000,0.000000
5.1801,-4.425126,0.217825,0.000525,0.000000,0.021385,0.033977,0,0.234814,79,0.311266,0.147904,-4.425126,0.000419,-6.230381,0.000525,-4.425123,-6.218400,0.000525,0.217825,0.000000,0.012858,-0.418302,-34.332882,0.011981,0.000000,0.000447,0.001839,-0.000083,0.000447,0.311266,0.147904,-9.803945,-0.007195,0.018637,-0.000000,1.853340,0.004987,27.000000,0.013045,-4.425123,0.000419,0.217825,0.000000,0.012000,0.000000,37,0,1,32,30,-0.018093,-0.008463,0.000634,-0.240121,-0.207663,9.777617,0.282544,0.004987,0.034245,6,1,0,0.000000,0,-6.207704,0.000000,0.021385,0,0.234814,0.000000,0.033977,-6.207704,0.234814,1,1,1,1.796571,0.000000,0.000000,0.000000,0.000000,0.000000,0.000000,0.000000
5.1901,-4.425027,0.217825,-0.009590,0.000000,0.022352,0.033977,0,0.234814,89,0.310937,0.149518,-4.425027,0.001466,-6.230456,-0.009590,-4.425027,-6.218480,-0.009590,0.217825,0.000000,0.013032,-0.418302,-34.332882,0.011975,0.000000,0.000030,0.001988,0.000018,0.000030,0.310937,0.149518,-9.803931,0.012695,-0.008399,0.000000,1.853260,0.004993,27.000000,0.013045,-4.425027,0.001466,0.217825,0.000000,0.012000,0.000000,42,0,1,32,30,0.007496,0.013121,-0.009761,-0.145992,0.373311,9.974925,0.282463,0.004993,0.034248,6,1,0,0.000000,0,-6.207704,0.000000,0.022352,0,0.234814,0.000000,0.033977,-6.207704,0.234814,1,1,1,1.796599,0.000000,0.000000,0.000000,0.000000,0.000000,0.000000,0.000000
5.2001,-4.425024,0.217825,0.006989,0.000000,0.021514,0.033977,0,0.234814,99,0.311132,0.148018,-4.425024,0.001466,-6.230463,0.006989,-4.425027,-6.218477,0.006989,0.217825,0.000000,0.012875,-0.418302,-34.332882,0.011985,0.000000,0.000406,0.001849,-0.000013,0.000406,0.311132,0.148018,-9.803948,-0.006367,0.001463,0.000000,1.853263,0.004990,27.000000,0.013045,-4.425027,0.001466,0.217825,0.000000,0.012000,0.000000,47,0,1,32,30,-0.001017,-0.006362,0.007072,-0.202728,0.031524,9.770474,0.282467,0.004990,0.034234,7,1,0,0.000000,0,-6.207704,0.000000,0.021514,0,0.234814,0.000000,0.033977,-6.207704,0.234814,1,1,1,1.796630,0.000000,0.000000,0.000000,0.000000,0.000000,0.000000,0.000000
5.2101,-4.425126,0.217825,0.000950,0.000000,0.021534,0.033977,0,0.234814,109,0.311481,0.147228,-4.425126,-0.001466,-6.230457,0.000950,-4.425123,-6.218476,0.000950,0.217825,0.000000,0.012794,-0.418302,-34.332882,0.011981,0.000000,0.000600,0.001853,-0.000096,0.000600,0.311481,0.147228,-9.803948,0.009289,0.008950,0.000000,1.853265,0.004995,27.000000,0.013045,-4.425123,-0.001466,0.217825,0.000000,0.012000,0.000000,52,0,1,32,30,-0.009573,0.008657,0.000840,-0.041352,0.309851,9.696813,0.282468,0.004995,0.034251,7,1,0,0.000000,0,-6.207704,0.000000,0.021534,0,0.234814,0.000000,0.033977,-6.207704,0.234814,1,1,1,1.796660,0.000000,0.000000,0.000000,0.000000,0.000000,0.000000,0.000000
5.2201,-4.425027,0.217825,0.009335,0.000000,0.021336,0.033977,0,0.234814,119,0.311469,0.148508,-4.425027,-0.001466,-6.230445,0.009335,-4.425027,-6.218459,0.009335,0.217825,0.000000,0.012962,-0.418302,-34.332882,0.011986,0.000000,0.000197,0.001958,-0.000008,0.000197,0.311469,0.148508,-9.803929,0.001818,-0.003379,0.000000,1.853280,0.005035,27.000000,0.013045,-4.425027,-0.001466,0.217825,0.000000,0.012000,0.000000,57,0,1,32,30,0.003244,0.002169,0.009308,-0.145390,0.342387,10.156451,0.282484,0.005035,0.034279,6,1,0,0.000000,0,-6.207704,0.000000,0.021336,0,0.234814,0.000000,0.033977,-6.207704,0.234814,1,1,1,1.796688,0.000000,0.000000,0.000000,0.000000,0.000000,0.000000,0.000000
5.2301,-4.425023,0.217825,0.002991,0.000000,0.021085,0.033977,0,0.234814,129,0.311644,0.147200,-4.425023,0.000419,-6.230405,0.002991,-4.425027,-6.218424,0.002991,0.217825,0.000000,0.012811,-0.418302,-34.332882,0.011982,0.000000,0.000558,0.001986,-0.000110,0.000558,0.311644,0.147200,-9.803944,0.003975,-0.005665,0.000000,1.853316,0.005019,27.000000,0.013045,-4.425027,0.000419,0.217825,0.000000,0.012000,0.000000,62,0,1,32,30,0.005375,0.004397,0.002935,-0.146015,-0.012602,9.473385,0.282520,0.005019,0.034267,6,1,0,0.000000,0,-6.207704,0.000000,0.021085,0,0.234814,0.000000,0.033977,-6.207704,0.234814,1,1,1,1.796718,0.000000,0.000000,0.000000,0.000000,0.000000,0.000000,0.000000
5.2401,-4.425027,0.217825,0.003199,0.000000,0.021528,0.033977,0,0.234814,139,0.311226,0.148619,-4.425027,0.000419,-6.230414,0.003199,-4.425027,-6.218431,0.003199,0.217825,0.000000,0.012974,-0.418302,-34.332882,0.011983,0.000000,0.000170,0.001828,-0.000002,0.000170,0.311226,0.148619,-9.803935,0.012785,-0.001990,0.000000,1.853308,0.005030,27.000000,0.013045,-4.425027,0.000419,0.217825,0.000000,0.012000,0.000000,67,0,1,32,30,0.001096,0.012933,0.003031,-0.070070,0.357056,9.745121,0.282512,0.005030,0.034257,7,1,0,0.000000,0,-6.207704,0.000000,0.021528,0,0.234814,0.000000,0.033977,-6.207704,0.234814,1,1,1,1.796745,0.000000,0.000000,0.000000,0.000000,0.000000,0.000000,0.000000
5.2501,-4.424931,0.217825,0.011251,0.000000,0.020806,0.033977,0,0.234814,149,0.311544,0.147244,-4.424931,0.003560,-6.230365,0.011251,-4.424931,-6.218377,0.011251,0.217825,0.000000,0.012847,-0.418302,-34.332882,0.011988,0.000000,0.000474,0.001844,0.000098,0.000474,0.311544,0.147244,-9.803946,-0.006193,0.005729,0.000000,1.853362,0.005047,27.000000,0.013045,-4.424931,0.003560,0.217825,0.000000,0.012000,0.000000,72,0,1,32,30,-0.005285,-0.006431,0.011334,-0.173085,-0.208098,9.815937,0.282566,0.005047,0.034258,7,1,0,0.000000,0,-6.207704,0.000000,0.020806,0,0.234814,0.000000,0.033977,-6.207704,0.234814,1,1,1,1.796775,0.000000,0.000000,0.000000,0.000000,0.000000,0.000000,0.000000
5.2601,-4.425028,0.217825,-0.003088,0.000000,0.020572,0.033977,0,0.234814,159,0.311778,0.148516,-4.425028,-0.000419,-6.230291,-0.003088,-4.425027,-6.218313,-0.003088,0.217825,0.000000,0.012980,-0.418302,-34.332882,0.011978,0.000000,0.000155,0.001841,-0.000002,0.000155,0.311778,0.148516,-9.803919,0.016789,-0.008681,0.000000,1.853426,0.005059,27.000000,0.013045,-4.425027,-0.000419,0.217825,0.000000,0.012000,0.000000,77,0,1,32,30,0.007494,0.017310,-0.003313,-0.079108,0.326480,9.897934,0.282629,0.005059,0.034310,7,1,0,0.000000,0,-6.207704,0.000000,0.020572,0,0.234814,0.000000,0.033977,-6.207704,0.234814,1,1,1,1.796803,0.000000,0.000000,0.000000,0.000000,0.000000,0.000000,0.000000
5.2701,-4.425024,0.217825,0.007047,0.000000,0.021949,0.033977,0,0.234814,169,0.311706,0.147612,-4.425024,0.002513,-6.230358,0.007047,-4.425027,-6.218374,0.007047,0.217825,0.000000,0.012882,-0.418302,-34.332882,0.011984,0.000000,0.000390,0.001843,0.000097,0.000390,0.311706,0.147612,-9.803935,-0.004662,-0.005073,0.000000,1.853365,0.005049,27.000000,0.013045,-4.425027,0.002513,0.217825,0.000000,0.012000,0.000000,82,0,1,32,30,0.005385,-0.004207,0.007102,-0.231473,-0.109446,9.568060,0.282569,0.005049,0.034282,6,1,0,0.000000,0,-6.207704,0.000000,0.021949,0,0.234814,0.000000,0.033977,-6.207704,0.234814,1,1,1,1.796832,0.000000,0.000000,0.000000,0.000000,0.000000,0.000000,0.000000
5.2801,-4.425035,0.217825,-0.013022,0.000000,0.023336,0.033977,0,0.234814,179,0.311880,0.146663,-4.425035,-0.000419,-6.230510,-0.013022,-4.425027,-6.218540,-0.013022,0.217825,0.000000,0.012784,-0.418302,-34.332882,0.011969,-0.001000,0.000624,0.001900,0.000034,0.000624,0.311880,0.146663,-9.803944,0.006978,0.000553,-0.001000,1.853199,0.005050,27.000000,0.013045,-4.425027,-0.000419,0.217825,0.000000,0.012000,-0.001000,87,0,1,32,30,-0.001037,0.006743,-0.014109,-0.117626,0.261765,9.715421,0.282403,0.005050,0.034279,7,1,0,0.000000,0,-6.207704,0.000000,0.023336,0,0.234814,0.000000,0.033977,-6.207704,0.234814,1,1,1,1.796861,0.000000,0.000000,0.000000,0.000000,0.000000,0.000000,0.000000
5.2901,-4.425123,0.217825,0.005063,0.000000,0.021731,0.033977,0,0.234814,189,0.311835,0.148482,-4.425123,-0.001466,-6.230529,0.005063,-4.425123,-6.218545,0.005063,0.217825,0.000000,0.012981,-0.418302,-34.332882,0.011984,0.000000,0.000154,0.001995,-0.000093,0.000154,0.311835,0.148482,-9.803918,0.002498,0.005135,0.000000,1.853193,0.005064,27.000000,0.013045,-4.425123,-0.001466,0.217825,0.000000,0.012000,0.000000,92,0,1,32,30,-0.005296,0.002202,0.005035,-0.145575,0.343212,10.089467,0.282397,0.005064,0.034314,7,1,0,0.000000,0,-6.207704,0.000000,0.021731,0,0.234814,0.000000,0.033977,-6.207704,0.234814,1,1,1,1.796888,0.000000,0.000000,0.000000,0.000000,0.000000,0.000000,0.000000
5.3001,-4.425025,0.217825,0.002833,0.000000,0.021515,0.033977,0,0.234814,199,0.312083,0.146937,-4.425025,0.001466,-6.230513,0.002833,-4.425027,-6.218531,0.002833,0.217825,0.000000,0.012828,-0.418302,-34.332882,0.011982,0.000000,0.000518,0.001844,0.000017,0.000518,0.312083,0.146937,-9.803934,-0.002277,-0.003096,0.000000,1.853207,0.005071,27.000000,0.013045,-4.425027,0.001466,0.217825,0.000000,0.012000,0.000000,97,0,1,32,30,0.003247,-0.002019,0.002859,-0.164562,-0.043419,9.645330,0.282411,0.005071,0.034305,7,1,0,0.000000,0,-6.207704,0.000000,0.021515,0,0.234814,0.000000,0.033977,-6.207704,0.234814,1,1,1,1.796918,0.000000,0.000000,0.000000,0.000000,0.000000,0.000000,0.000000
5.3101,-4.425028,0.217825,-0.005438,0.000000,0.022336,0.033977,0,0.234814,209,0.311599,0.148647,-4.425028,-0.001466,-6.230566,-0.005438,-4.425027,-6.218588,-0.005438,0.217825,0.000000,0.013012,-0.418302,-34.332882,0.011977,0.000000,0.000079,0.001945,-0.000080,0.000079,0.311599,0.148647,-9.803923,0.008889,0.000420,0.000000,1.853150,0.005074,27.000000,0.013045,-4.425027,-0.001466,0.217825,0.000000,0.012000,0.000000,102,0,1,32,30,-0.001036,0.008766,-0.005552,0.044410,0.348852,9.639838,0.282353,0.005074,0.034295,6,1,0,0.000000,0,-6.207704,0.000000,0.022336,0,0.234814,0.000000,0.033977,-6.207704,0.234814,1,1,1,1.796946,0.000000,0.000000,0.000000,0.000000,0.000000,0.000000,0.000000
5.3201,-4.424928,0.217825,0.009432,0.000000,0.021299,0.033977,0,0.234814,219,0.312105,0.147278,-4.424928,0.001466,-6.230535,0.009432,-4.424931,-6.218549,0.009432,0.217825,0.000000,0.012877,-0.418302,-34.332882,0.011986,0.000000,0.000401,0.001996,0.000089,0.000401,0.312105,0.147278,-9.803928,0.006651,0.004848,0.000000,1.853189,0.005087,27.000000,0.013045,-4.424931,0.001466,0.217825,0.000000,0.012000,0.000000,107,0,1,32,30,-0.005299,0.006419,0.009350,-0.163509,-0.151664,9.893074,0.282392,0.005087,0.034315,6,1,0,0.000000,0,-6.207704,0.000000,0.021299,0,0.234814,0.000000,0.033977,-6.207704,0.234814,1,1,1,1.796975,0.000000,0.000000,0.000000,0.000000,0.000000,0.000000,0.000000
5.3301,-4.424941,0.217825,-0.013910,0.000000,0.021890,0.033977,0,0.234814,229,0.312777,0.146199,-4.424941,0.001466,-6.230536,-0.013910,-4.424931,-6.218566,-0.013910,0.217825,0.000000,0.012751,-0.418302,-34.332882,0.011970,0.000000,0.000702,0.001839,0.000019,0.000702,0.312777,0.146199,-9.803922,0.010671,-0.008260,0.000000,1.853172,0.005083,27.000000,0.013045,-4.424931,0.001466,0.217825,0.000000,0.012000,0.000000,112,0,1,32,30,0.003230,0.008892,-0.014081,-0.298608,0.107969,9.771180,0.282386,0.005075,0.034351,6,1,0,0.000000,0,-6.207704,0.000000,0.021890,0,0.234814,0.000000,0.033977,-6.207704,0.234814,1,1,1,1.797005,0.000000,0.000000,0.000000,0.000000,0.000000,0.000000,0.000000
5.3401,-4.425033,0.217825,-0.012405,0.000000,0.022935,0.033977,0,0.234814,239,0.312311,0.147293,-4.425033,0.000419,-6.230640,-0.012405,-4.425027,-6.218667,-0.012405,0.217825,0.000000,0.012897,-0.418302,-34.332882,0.011973,0.000000,0.000355,0.002003,-0.000158,0.000355,0.312311,0.147293,-9.803921,-0.014959,-0.006501,0.000000,1.853070,0.005109,27.000000,0.013045,-4.425027,0.000419,0.217825,0.000000,0.012000,0.000000,117,0,1,32,30,0.007525,-0.014630,-0.012218,-0.136201,0.118089,9.733106,0.282274,0.005109,0.034336,6,1,0,0.000000,0,-6.207704,0.000000,0.022935,0,0.234814,0.000000,0.033977,-6.207704,0.234814,1,1,1,1.797033,0.000000,0.000000,0.000000,0.000000,0.000000,0.000000,0.000000
5.3501,-4.424929,0.217825,-0.003256,0.000000,0.022026,0.033977,0,0.234814,249,0.312423,0.146716,-4.424929,-0.000419,-6.230653,-0.003256,-4.424931,-6.218675,-0.003256,0.217825,0.000000,0.012842,-0.418302,-34.332882,0.011978,0.000000,0.000484,0.001996,-0.000010,0.000484,0.312423,0.146716,-9.803926,0.011106,0.002406,0.000000,1.853062,0.005115,27.000000,0.013045,-4.424931,-0.000419,0.217825,0.000000,0.012000,0.000000,122,0,1,32,30,-0.003173,0.010869,-0.003396,-0.068973,0.032068,9.732285,0.282265,0.005115,0.034334,6,1,0,0.000000,0,-6.207704,0.000000,0.022026,0,0.234814,0.000000,0.033977,-6.207704,0.234814,1,1,1,1.797062,0.000000,0.000000,0.000000,0.000000,0.000000,0.000000,0.000000
5.3601,-4.424932,0.217825,-0.003191,0.000000,0.021839,0.033977,0,0.234814,3,0.312463,0.148181,-4.424932,0.001466,-6.230645,-0.003191,-4.424931,-6.218667,-0.003191,0.217825,0.000000,0.012980,-0.418302,-34.332882,0.011979,0.000000,0.000157,0.002001,0.000001,0.000157,0.312463,0.148181,-9.803903,0.012383,-0.010520,0.000000,1.853070,0.005107,27.000000,0.013045,-4.424931,0.001466,0.217825,0.000000,0.012000,0.000000,127,0,1,32,30,0.009633,0.013042,-0.003361,-0.174636,0.504925,10.158066,0.282274,0.005107,0.034370,6,1,0,0.000000,0,-6.207704,0.000000,0.021839,0,0.234814,0.000000,0.033977,-6.207704,0.234814,1,1,1,1.797090,0.000000,0.000000,0.000000,0.000000,0.000000,0.000000,0.000000
5.3701,-4.425031,0.217825,-0.010906,0.000000,0.022745,0.033977,0,0.234814,13,0.312578,0.146475,-4.425031,0.000419,-6.230710,-0.010906,-4.425027,-6.218735,-0.010906,0.217825,0.000000,0.012819,-0.418302,-34.332882,0.011974,0.001000,0.000539,0.001848,0.000021,0.000539,0.312578,0.146475,-9.803925,-0.000096,-0.007521,0.001000,1.853002,0.005119,27.000000,0.013045,-4.425027,0.000419,0.217825,0.000000,0.012000,0.001000,132,0,1,32,30,0.007510,0.000300,-0.009911,-0.221785,-0.025268,9.722038,0.282206,0.005119,0.034344,6,1,0,0.000000,0,-6.207704,0.000000,0.022745,0,0.234814,0.000000,0.033977,-6.207704,0.234814,1,1,1,1.797119,0.000000,0.000000,0.000000,0.000000,0.000000,0.000000,0.000000
5.3801,-4.424932,0.217825,-0.011629,0.000000,0.022333,0.033977,0,0.234814,23,0.312408,0.147922,-4.424932,0.001466,-6.230730,-0.011629,-4.424931,-6.218758,-0.011629,0.217825,0.000000,0.012981,-0.418302,-34.332882,0.011972,0.000000,0.000154,0.001971,0.000001,0.000154,0.312408,0.147922,-9.803908,0.017867,0.004083,0.000000,1.852978,0.005133,27.000000,0.013045,-4.424931,0.001466,0.217825,0.000000,0.012000,0.000000,137,0,1,32,30,-0.005316,0.017387,-0.011855,0.005793,0.388140,9.554074,0.282182,0.005133,0.034359,7,1,0,0.000000,0,-6.207704,0.000000,0.022333,0,0.234814,0.000000,0.033977,-6.207704,0.234814,1,1,1,1.797147,0.000000,0.000000,0.000000,0.000000,0.000000,0.000000,0.000000
5.3901,-4.425024,0.217825,0.002612,0.000000,0.022261,0.033977,0,0.234814,33,0.312707,0.147361,-4.425024,0.001466,-6.230753,0.002612,-4.425027,-6.218771,0.002612,0.217825,0.000000,0.012911,-0.418302,-34.332882,0.011982,0.000000,0.000320,0.001860,-0.000091,0.000320,0.312707,0.147361,-9.803907,-0.009949,0.010268,0.000000,1.852966,0.005125,27.000000,0.013045,-4.425027,0.001466,0.217825,0.000000,0.012000,0.000000,142,0,1,32,30,-0.009552,-0.010604,0.002749,-0.143956,-0.238300,9.940068,0.282170,0.005125,0.034377,7,1,0,0.000000,0,-6.207704,0.000000,0.022261,0,0.234814,0.000000,0.033977,-6.207704,0.234814,1,1,1,1.797176,0.000000,0.000000,0.000000,0.000000,0.000000,0.000000,0.000000
5.4001,-4.425027,0.217825,-0.007828,0.000000,0.022150,0.033977,0,0.234814,43,0.312081,0.148485,-4.425027,-0.000419,-6.230755,-0.007828,-4.425027,-6.218772,-0.007828,0.217825,0.000000,0.013045,-0.418302,-34.332882,0.011983,0.000000,0.000000,0.001851,-0.000093,0.000000,0.312081,0.148485,-9.803910,-0.001997,-0.003112,-0.000001,1.852964,0.005134,27.000000,0.013045,-4.425027,-0.000419,0.217825,0.000000,0.012000,0.000000,147,0,1,32,30,0.003243,-0.001878,-0.007806,-0.069509,0.081527,9.598796,0.282167,0.005134,0.034339,7,1,0,0.000000,0,-6.207704,0.000000,0.022150,0,0.234814,0.000000,0.033977,-6.207704,0.234814,1,1,1,1.797204,0.000000,0.000000,0.000000,0.000000,0.000000,0.000000,0.000000
5.4101,-4.424837,0.217825,0.002775,0.000000,0.022375,0.033977,0,0.234814,52,0.312454,0.146885,-4.424837,0.001466,-6.230774,0.002775,-4.424835,-6.218792,0.002775,0.217825,0.000000,0.012878,-0.418302,-34.332882,0.011982,0.000000,0.000399,0.001971,0.000109,0.000399,0.312454,0.146885,-9.803923,-0.003981,0.003441,0.000000,1.852944,0.005134,27.000000,0.013045,-4.424835,0.001466,0.217825,0.000000,0.012000,0.000000,152,0,1,32,30,-0.003155,-0.004175,0.002829,-0.184498,0.176731,9.628389,0.282148,0.005134,0.034341,6,1,0,0.000000,0,-6.207704,0.000000,0.022375,0,0.234814,0.000000,0.033977,-6.207704,0.234814,1,1,1,1.797233,0.000000,0.000000,0.000000,0.000000,0.000000,0.000000,0.000000
5.4201,-4.425021,0.217825,-0.001132,0.000000,0.022449,0.033977,0,0.234814,63,0.312983,0.146292,-4.425021,0.000419,-6.230794,-0.001132,-4.425027,-6.218815,-0.001132,0.217825,0.000000,0.012770,-0.418302,-34.332882,0.011979,0.000000,0.000657,0.002015,0.000010,0.000657,0.312983,0.146292,-9.803915,0.011619,0.010929,0.000000,1.852923,0.005097,27.000000,0.013045,-4.425027,0.000419,0.217825,0.000000,0.012000,0.000000,157,0,1,32,30,-0.011710,0.010816,-0.001270,-0.088247,0.136296,9.809883,0.282127,0.005097,0.034380,6,1,0,0.000000,0,-6.207704,0.000000,0.022449,0,0.234814,0.000000,0.033977,-6.207704,0.234814,1,1,1,1.797263,0.000000,0.000000,0.000000,0.000000,0.000000,0.000000,0.000000
5.4301,-4.424838,0.217825,-0.011826,0.000000,0.023204,0.033977,0,0.234814,73,0.312626,0.147599,-4.424838,0.002513,-6.230870,-0.011826,-4.424835,-6.218897,-0.011826,0.217825,0.000000,0.012943,-0.418302,-34.332882,0.011973,0.000000,0.000245,0.001840,0.000208,0.000245,0.312626,0.147599,-9.803906,0.008343,-0.010241,0.000000,1.852839,0.005132,27.000000,0.013045,-4.424835,0.002513,0.217825,0.000000,0.012000,0.000000,162,0,1,32,30,0.009635,0.008882,-0.011942,-0.193812,0.467491,10.090685,0.282043,0.005132,0.034374,6,1,0,0.000000,0,-6.207704,0.000000,0.023204,0,0.234814,0.000000,0.033977,-6.207704,0.234814,1,1,1,1.797290,0.000000,0.000000,0.000000,0.000000,0.000000,0.000000,0.000000
5.4401,-4.425034,0.217825,-0.011971,0.000000,0.023874,0.033977,0,0.234814,83,0.312457,0.147293,-4.425034,-0.000419,-6.230995,-0.011971,-4.425027,-6.219021,-0.011971,0.217825,0.000000,0.012914,-0.418302,-34.332882,0.011974,0.002000,0.000313,0.001991,0.000040,0.000313,0.312457,0.147293,-9.803916,-0.001231,0.007534,0.002000,1.852715,0.005130,27.000000,0.013045,-4.425027,-0.000419,0.217825,0.000000,0.012000,0.002000,167,0,1,32,30,-0.007430,-0.001880,-0.009948,-0.117370,-0.031239,9.434935,0.281919,0.005130,0.034350,7,1,0,0.000000,0,-6.207704,0.000000,0.023874,0,0.234814,0.000000,0.033977,-6.207704,0.234814,1,1,1,1.797319,0.000000,0.000000,0.000000,0.000000,0.000000,0.000000,0.000000
5.4501,-4.424839,0.217825,0.007359,0.000000,0.022725,0.033977,0,0.234814,93,0.313175,0.146082,-4.424839,0.000419,-6.231013,0.007359,-4.424835,-6.219029,0.007359,0.217825,0.000000,0.012757,-0.418302,-34.332882,0.011985,0.000000,0.000688,0.001990,-0.000005,0.000688,0.313175,0.146082,-9.803912,0.008269,-0.003822,0.000000,1.852709,0.005109,27.000000,0.013045,-4.424835,0.000419,0.217825,0.000000,0.012000,0.000000,172,0,1,32,30,0.003237,0.008608,0.007249,-0.233039,0.434171,9.688367,0.281913,0.005109,0.034395,7,1,0,0.000000,0,-6.207704,0.000000,0.022725,0,0.234814,0.000000,0.033977,-6.207704,0.234814,1,1,1,1.797350,0.000000,0.000000,0.000000,0.000000,0.000000,0.000000,0.000000
5.4601,-4.424923,0.217825,0.004649,0.000000,0.022475,0.033977,0,0.234814,101,0.312989,0.147162,-4.424923,-0.000419,-6.230997,0.004649,-4.424931,-6.219014,0.004649,0.217825,0.000000,0.012879,-0.418302,-34.332882,0.011983,0.000000,0.002377,0.002170,-0.000095,0.002377,0.312989,0.147162,-9.803901,-0.014979,-0.000084,0.000000,1.852723,0.005120,27.000000,0.013045,-4.424931,-0.000419,0.217825,0.000000,0.012000,0.000000,177,0,1,32,30,0.001126,-0.014876,0.004841,-0.172528,-0.135255,10.113353,0.281926,0.005120,0.034400,6,1,0,0.000000,0,-6.207704,0.000000,0.022475,0,0.234814,0.000000,0.033977,-6.207704,0.234814,1,1,1,1.797378,0.000000,0.000000,0.000000,0.000000,0.000000,0.000000,0.000000
5.4701,-4.424747,0.217825,-0.011775,0.000000,0.023643,0.033977,0,0.234814,113,0.312836,0.146267,-4.424747,-0.000419,-6.231071,-0.011775,-4.424739,-6.219099,-0.011775,0.217825,0.000000,0.012812,-0.418302,-34.332882,0.011972,0.000000,0.000556,0.001991,0.000123,0.000556,0.312836,0.146267,-9.803920,0.010472,-0.010388,0.000000,1.852637,0.005139,27.000000,0.013045,-4.424739,-0.000419,0.217825,0.000000,0.012000,0.000000,182,0,1,32,30,0.009633,0.011019,-0.011918,-0.069327,0.391416,10.061291,0.281841,0.005139,0.034365,7,1,0,0.000000,0,-6.207704,0.000000,0.023643,0,0.234814,0.000000,0.033977,-6.207704,0.234814,1,1,1,1.797408,0.000000,0.000000,0.000000,0.000000,0.000000,0.000000,0.000000
5.4801,-4.424833,0.217825,0.012520,0.000000,0.022187,0.033977,0,0.234814,123,0.312712,0.147498,-4.424833,0.000419,-6.231036,0.012520,-4.424835,-6.219049,0.012520,0.217825,0.000000,0.012941,-0.418302,-34.332882,0.011987,-0.001000,0.000249,0.001901,-0.000019,0.000249,0.312712,0.147498,-9.803905,0.003893,-0.003522,-0.001000,1.852687,0.005142,27.000000,0.013045,-4.424835,0.000419,0.217825,0.000000,0.012000,-0.001000,187,0,1,32,30,0.003243,0.004278,0.011466,-0.279683,0.203009,9.819999,0.281890,0.005142,0.034380,6,1,0,0.000000,0,-6.207704,0.000000,0.022187,0,0.234814,0.000000,0.033977,-6.207704,0.234814,1,1,1,1.797436,0.000000,0.000000,0.000000,0.000000,0.000000,0.000000,0.000000
5.4901,-4.424925,0.217825,-0.001387,0.000000,0.021556,0.033977,0,0.234814,133,0.313068,0.146286,-4.424925,0.000419,-6.230933,-0.001387,-4.424931,-6.218955,-0.001387,0.217825,0.000000,0.012808,-0.418302,-34.332882,0.011979,0.000000,0.000566,0.001835,-0.000121,0.000566,0.313068,0.146286,-9.803912,0.000536,0.005271,0.000000,1.852782,0.005138,27.000000,0.013045,-4.424931,0.000419,0.217825,0.000000,0.012000,0.000000,192,0,1,32,30,-0.005295,0.000150,-0.001389,-0.222328,0.033635,9.598215,0.281986,0.005138,0.034389,7,1,0,0.000000,0,-6.207704,0.000000,0.021556,0,0.234814,0.000000,0.033977,-6.207704,0.234814,1,1,1,1.797466,0.000000,0.000000,0.000000,0.000000,0.000000,0.000000,0.000000
5.5001,-4.424836,0.217825,-0.003458,0.000000,0.024058,0.033977,0,0.234814,143,0.312639,0.147651,-4.424836,0.000419,-6.231063,-0.003458,-4.424835,-6.219085,-0.003458,0.217825,0.000000,0.012979,-0.418302,-34.332882,0.011979,0.000000,0.000159,0.002020,0.000027,0.000159,0.312639,0.147651,-9.803905,0.002010,-0.005528,0.000000,1.852651,0.005163,27.000000,0.013045,-4.424835,0.000419,0.217825,0.000000,0.012000,0.000000,197,0,1,32,30,0.005375,0.002346,-0.003488,0.026361,0.400558,10.099726,0.281854,0.005163,0.034376,6,1,0,0.000000,0,-6.207704,0.000000,0.024058,0,0.234814,0.000000,0.033977,-6.207704,0.234814,1,1,1,1.797494,0.000000,0.000000,0.000000,0.000000,0.000000,0.000000,0.000000
5.5101,-4.424831,0.217825,0.000592,0.000000,0.022654,0.033977,0,0.234814,153,0.312726,0.146541,-4.424831,0.001466,-6.231056,0.000592,-4.424835,-6.219076,0.000592,0.217825,0.000000,0.012847,-0.418302,-34.332882,0.011980,0.000000,0.000473,0.002000,0.000074,0.000473,0.312726,0.146541,-9.803919,-0.006199,0.001454,-0.000000,1.852661,0.005143,27.000000,0.013045,-4.424835,0.001466,0.217825,0.000000,0.012000,0.000000,1,0,1,32,30,-0.001019,-0.006277,0.000673,-0.107603,-0.022732,9.521160,0.281864,0.005143,0.034360,7,1,0,0.000000,0,-6.207704,0.000000,0.022654,0,0.234814,0.000000,0.033977,-6.207704,0.234814,1,1,1,1.797524,0.000000,0.000000,0.000000,0.000000,0.000000,0.000000,0.000000
5.5201,-4.424931,0.217825,-0.007463,0.000000,0.022288,0.033977,0,0.234814,163,0.312784,0.148260,-4.424931,-0.002513,-6.231014,-0.007463,-4.424931,-6.219038,-0.007463,0.217825,0.000000,0.013013,-0.418302,-34.332882,0.011976,0.000000,0.000076,0.001964,-0.000101,0.000076,0.312784,0.148260,-9.803891,0.013065,-0.002007,0.000000,1.852698,0.005140,27.000000,0.013045,-4.424931,-0.002513,0.217825,0.000000,0.012000,0.000000,6,0,1,32,30,0.001093,0.013075,-0.007634,-0.127049,0.214067,9.705364,0.281902,0.005140,0.034404,6,1,0,0.000000,0,-6.207704,0.000000,0.022288,0,0.234814,0.000000,0.033977,-6.207704,0.234814,1,1,1,1.797552,0.000000,0.000000,0.000000,0.000000,0.000000,0.000000,0.000000
5.5301,-4.424834,0.217825,-0.003889,0.000000,0.023061,0.033977,0,0.234814,173,0.312841,0.146931,-4.424834,-0.000419,-6.231049,-0.003889,-4.424835,-6.219071,-0.003889,0.217825,0.000000,0.012918,-0.418302,-34.332882,0.011978,0.000000,0.000303,0.002000,0.000006,0.000303,0.312841,0.146931,-9.803910,-0.014185,0.008424,0.000000,1.852664,0.005178,27.000000,0.013045,-4.424835,-0.000419,0.217825,0.000000,0.012000,0.000000,11,0,1,32,30,-0.007415,-0.014787,-0.003698,-0.134916,0.055887,10.124868,0.281868,0.005178,0.034380,6,1,0,0.000000,0,-6.207704,0.000000,0.023061,0,0.234814,0.000000,0.033977,-6.207704,0.234814,1,1,1,1.797581,0.000000,0.000000,0.000000,0.000000,0.000000,0.000000,0.000000
5.5401,-4.424827,0.217825,0.009602,0.000000,0.022712,0.033977,0,0.234814,183,0.313387,0.145099,-4.424827,0.000419,-6.231054,0.009602,-4.424835,-6.219069,0.009602,0.217825,0.000000,0.012748,-0.418302,-34.332882,0.011985,0.000000,0.000710,0.001816,-0.000013,0.000710,0.313387,0.145099,-9.803919,0.011906,-0.012632,0.000000,1.852666,0.005203,27.000000,0.013045,-4.424835,0.000419,0.217825,0.000000,0.012000,0.000000,16,0,1,32,30,0.001106,0.006409,0.011489,-0.261295,0.196875,9.542408,0.281864,0.005194,0.034388,7,1,0,0.000000,0,-6.207704,0.000000,0.022712,0,0.234814,0.000000,0.033977,-6.207704,0.234814,1,1,1,1.797611,0.000000,0.000000,0.000000,0.000000,0.000000,0.000000,0.000000
5.5501,-4.424836,0.217825,-0.001552,0.000000,0.021912,0.033977,0,0.234814,193,0.313072,0.146915,-4.424836,0.000419,-6.230980,-0.001552,-4.424835,-6.219001,-0.001552,0.217825,0.000000,0.012886,-0.418302,-34.332882,0.011979,0.000000,0.000381,0.001844,-0.000008,0.000381,0.313072,0.146915,-9.803902,-0.005288,0.014230,0.000000,1.852735,0.005153,27.000000,0.013045,-4.424835,0.000419,0.217825,0.000000,0.012000,0.000000,21,0,1,32,30,-0.013827,-0.006286,-0.001471,-0.222757,0.270916,9.744156,0.281939,0.005153,0.034403,7,1,0,0.000000,0,-6.207704,0.000000,0.021912,0,0.234814,0.000000,0.033977,-6.207704,0.234814,1,1,1,1.797639,0.000000,0.000000,0.000000,0.000000,0.000000,0.000000,0.000000
5.5601,-4.425031,0.217825,-0.003411,0.000000,0.023879,0.033977,0,0.234814,203,0.313225,0.146285,-4.425031,-0.000419,-6.231086,-0.003411,-4.425027,-6.219108,-0.003411,0.217825,0.000000,0.012824,-0.418302,-34.332882,0.011978,0.000000,0.000528,0.002008,-0.000164,0.000528,0.313225,0.146285,-9.803907,0.004569,0.000715,0.000000,1.852628,0.005157,27.000000,0.013045,-4.425027,-0.000419,0.217825,0.000000,0.012000,0.000000,26,0,1,32,30,-0.001031,0.004464,-0.003469,-0.116053,-0.178321,9.730141,0.281832,0.005157,0.034404,6,1,0,0.000000,0,-6.207704,0.000000,0.023879,0,0.234814,0.000000,0.033977,-6.207704,0.234814,1,1,1,1.797668,0.000000,0.000000,0.000000,0.000000,0.000000,0.000000,0.000000
5.5701,-4.424930,0.217825,0.007522,0.000000,0.023441,0.033977,0,0.234814,213,0.313144,0.147450,-4.424930,-0.001466,-6.231146,0.007522,-4.424931,-6.219161,0.007522,0.217825,0.000000,0.012976,-0.418302,-34.332882,0.011985,0.000000,0.000165,0.001818,-0.000100,0.000165,0.313144,0.147450,-9.803892,0.014377,-0.008520,0.000000,1.852574,0.005191,27.000000,0.013045,-4.424931,-0.001466,0.217825,0.000000,0.012000,0.000000,31,0,1,32,30,0.007499,0.015032,0.007327,-0.145528,0.465396,10.262963,0.281777,0.005191,0.034422,6,1,0,0.000000,0,-6.207704,0.000000,0.023441,0,0.234814,0.000000,0.033977,-6.207704,0.234814,1,1,1,1.797695,0.000000,0.000000,0.000000,0.000000,0.000000,0.000000,0.000000
5.5801,-4.424737,0.217825,0.009281,0.000000,0.022370,0.033977,0,0.234814,223,0.313597,0.146244,-4.424737,0.000419,-6.231101,0.009281,-4.424739,-6.219116,0.009281,0.217825,0.000000,0.012828,-0.418302,-34.332882,0.011985,0.000000,0.000518,0.001847,0.000084,0.000518,0.313597,0.146244,-9.803896,-0.000170,-0.001103,0.000000,1.852620,0.005173,27.000000,0.013045,-4.424739,0.000419,0.217825,0.000000,0.012000,0.000000,36,0,1,32,30,0.001112,0.000026,0.009281,-0.241035,-0.071792,9.616284,0.281823,0.005173,0.034441,6,1,0,0.000000,0,-6.207704,0.000000,0.022370,0,0.234814,0.000000,0.033977,-6.207704,0.234814,1,1,1,1.797725,0.000000,0.000000,0.000000,0.000000,0.000000,0.000000,0.000000
5.5901,-4.424845,0.217825,-0.016212,0.000000,0.023208,0.033977,0,0.234814,233,0.313700,0.145627,-4.424845,0.001466,-6.231116,-0.016212,-4.424835,-6.219148,-0.016212,0.217825,0.000000,0.012755,-0.418302,-34.332882,0.011968,0.000000,0.000693,0.001847,0.000012,0.000693,0.313700,0.145627,-9.803902,0.005330,0.007085,0.000000,1.852588,0.005164,27.000000,0.013045,-4.424835,0.001466,0.217825,0.000000,0.012000,0.000000,41,0,1,32,30,-0.003169,0.004600,-0.014136,-0.107642,0.109250,9.675612,0.281803,0.005167,0.034435,6,1,0,0.000000,0,-6.207704,0.000000,0.023208,0,0.234814,0.000000,0.033977,-6.207704,0.234814,1,1,1,1.797754,0.000000,0.000000,0.000000,0.000000,0.000000,0.000000,0.000000
5.6001,-4.424740,0.217825,0.009067,0.000000,0.023644,0.033977,0,0.234814,243,0.312972,0.146810,-4.424740,0.003560,-6.231198,0.009067,-4.424739,-6.219211,0.009067,0.217825,0.000000,0.012928,-0.418302,-34.332882,0.011987,0.000000,0.000279,0.002007,0.000106,0.000279,0.312972,0.146810,-9.803907,-0.008411,0.003744,0.000000,1.852523,0.005203,27.000000,0.013045,-4.424739,0.003560,0.217825,0.000000,0.012000,0.000000,46,0,1,32,30,-0.003148,-0.008534,0.009178,-0.059251,0.219659,10.030859,0.281727,0.005203,0.034391,7,1,0,0.000000,0,-6.207704,0.000000,0.023644,0,0.234814,0.000000,0.033977,-6.207704,0.234814,1,1,1,1.797782,0.000000,0.000000,0.000000,0.000000,0.000000,0.000000,0.000000
5.6101,-4.424834,0.217825,0.005381,0.000000,0.023910,0.033977,0,0.234814,253,0.313694,0.145674,-4.424834,0.002513,-6.231268,0.005381,-4.424835,-6.219286,0.005381,0.217825,0.000000,0.012765,-0.418302,-34.332882,0.011983,0.000000,0.000670,0.001847,0.000017,0.000670,0.313694,0.145674,-9.803901,0.014861,-0.002135,0.000000,1.852450,0.005169,27.000000,0.013045,-4.424835,0.002513,0.217825,0.000000,0.012000,0.000000,51,0,1,32,30,0.001095,0.015042,0.005189,-0.145993,0.297994,9.878464,0.281654,0.005169,0.034438,6,1,0,0.000000,0,-6.207704,0.000000,0.023910,0,0.234814,0.000000,0.033977,-6.207704,0.234814,1,1,1,1.797811,0.000000,0.000000,0.000000,0.000000,0.000000,0.000000,0.000000
5.6201,-4.424738,0.217825,0.003090,0.000000,0.022335,0.033977,0,0.234814,7,0.313820,0.147956,-4.424738,0.001466,-6.231199,0.003090,-4.424739,-6.219217,0.003090,0.217825,0.000000,0.012961,-0.418302,-34.332882,0.011983,0.000000,0.000201,0.001998,-0.000010,0.000201,0.313820,0.147956,-9.803863,0.008808,0.002560,0.000000,1.852519,0.005141,27.000000,0.013045,-4.424739,0.001466,0.217825,0.000000,0.012000,0.000000,56,0,1,32,30,-0.003168,0.008647,0.002978,-0.232497,0.337609,9.763961,0.281723,0.005141,0.034501,7,1,0,0.000000,0,-6.207704,0.000000,0.022335,0,0.234814,0.000000,0.033977,-6.207704,0.234814,1,1,1,1.797839,0.000000,0.000000,0.000000,0.000000,0.000000,0.000000,0.000000
5.6301,-4.424756,0.217825,-0.001436,0.000000,0.024315,0.033977,0,0.234814,17,0.313796,0.145526,-4.424756,0.003560,-6.231303,-0.001436,-4.424739,-6.219324,-0.001436,0.217825,0.000000,0.012776,-0.418302,-34.332882,0.011979,0.000000,0.000642,0.001847,-0.000059,0.000642,0.313796,0.145526,-9.803900,-0.001881,0.001158,0.000000,1.852411,0.005197,27.000000,0.013045,-4.424739,0.003560,0.217825,0.000000,0.012000,0.000000,61,0,1,32,30,-0.001024,-0.001975,-0.001410,-0.115987,-0.159786,9.778178,0.281614,0.005197,0.034445,6,1,0,0.000000,0,-6.207704,0.000000,0.024315,0,0.234814,0.000000,0.033977,-6.207704,0.234814,1,1,1,1.797868,0.000000,0.000000,0.000000,0.000000,0.000000,0.000000,0.000000
5.6401,-4.424739,0.217825,-0.005167,0.000000,0.024022,0.033977,0,0.234814,27,0.313203,0.147578,-4.424739,-0.000419,-6.231367,-0.005167,-4.424739,-6.219389,-0.005167,0.217825,0.000000,0.012999,-0.418302,-34.332882,0.011977,0.000000,0.000110,0.001842,0.000008,0.000110,0.313203,0.147578,-9.803888,0.018974,-0.008836,0.000000,1.852345,0.005203,27.000000,0.013045,-4.424739,-0.000419,0.217825,0.000000,0.012000,0.000000,66,0,1,32,30,0.007491,0.019476,-0.005421,-0.145773,0.400583,10.090044,0.281548,0.005203,0.034431,6,1,0,0.000000,0,-6.207704,0.000000,0.024022,0,0.234814,0.000000,0.033977,-6.207704,0.234814,1,1,1,1.797896,0.000000,0.000000,0.000000,0.000000,0.000000,0.000000,0.000000
5.6501,-4.424738,0.217825,0.000697,0.000000,0.022955,0.033977,0,0.234814,37,0.313663,0.146973,-4.424738,0.000419,-6.231335,0.000697,-4.424739,-6.219355,0.000697,0.217825,0.000000,0.012882,-0.418302,-34.332882,0.011981,0.000000,0.000388,0.001999,-0.000095,0.000388,0.313663,0.146973,-9.803883,-0.001936,0.001161,0.000000,1.852381,0.005157,27.000000,0.013045,-4.424739,0.000419,0.217825,0.000000,0.012000,0.000000,71,0,1,32,30,-0.001023,-0.002003,0.000723,-0.269977,-0.004756,9.607368,0.281585,0.005157,0.034463,6,1,0,0.000000,0,-6.207704,0.000000,0.022955,0,0.234814,0.000000,0.033977,-6.207704,0.234814,1,1,1,1.797926,0.000000,0.000000,0.000000,0.000000,0.000000,0.000000,0.000000
5.6601,-4.424750,0.217825,-0.022447,0.000000,0.024112,0.033977,0,0.234814,47,0.314139,0.145805,-4.424750,0.000419,-6.231387,-0.022447,-4.424739,-6.219422,-0.022447,0.217825,0.000000,0.012784,-0.418302,-34.332882,0.011964,0.000000,0.000623,0.001839,0.000117,0.000623,0.314139,0.145805,-9.803885,0.011463,0.000245,0.000000,1.852313,0.005185,27.000000,0.013045,-4.424739,0.000419,0.217825,0.000000,0.012000,0.000000,76,0,1,32,30,-0.001044,0.011130,-0.022591,-0.088769,0.279843,9.801755,0.281517,0.005185,0.034485,7,1,0,0.000000,0,-6.207704,0.000000,0.024112,0,0.234814,0.000000,0.033977,-6.207704,0.234814,1,1,1,1.797955,0.000000,0.000000,0.000000,0.000000,0.000000,0.000000,0.000000
5.6701,-4.424645,0.217825,-0.001703,0.000000,0.024564,0.033977,0,0.234814,57,0.313689,0.147300,-4.424645,0.000419,-6.231496,-0.001703,-4.424644,-6.219517,-0.001703,0.217825,0.000000,0.012980,-0.418302,-34.332882,0.011980,0.000000,0.000155,0.001982,0.000205,0.000155,0.313689,0.147300,-9.803877,-0.012251,0.006153,-0.000000,1.852217,0.005222,27.000000,0.013045,-4.424644,0.000419,0.217825,0.000000,0.012000,0.000000,81,0,1,32,30,-0.005282,-0.012672,-0.001538,-0.134466,-0.059092,10.142854,0.281421,0.005222,0.034473,6,1,0,0.000000,0,-6.207704,0.000000,0.024564,0,0.234814,0.000000,0.033977,-6.207704,0.234814,1,1,1,1.797984,0.000000,0.000000,0.000000,0.000000,0.000000,0.000000,0.000000
5.6801,-4.424743,0.217825,-0.003253,0.000000,0.024029,0.033977,0,0.234814,67,0.314148,0.146015,-4.424743,0.002513,-6.231528,-0.003253,-4.424739,-6.219550,-0.003253,0.217825,0.000000,0.012818,-0.418302,-34.332882,0.011977,0.000000,0.000544,0.001987,0.000106,0.000544,0.314148,0.146015,-9.803881,0.010821,-0.001856,0.000000,1.852185,0.005198,27.000000,0.013045,-4.424739,0.002513,0.217825,0.000000,0.012000,0.000000,86,0,1,32,30,0.001097,0.010881,-0.003393,-0.126738,0.146780,9.733400,0.281388,0.005198,0.034490,7,1,0,0.000000,0,-6.207704,0.000000,0.024029,0,0.234814,0.000000,0.033977,-6.207704,0.234814,1,1,1,1.798014,0.000000,0.000000,0.000000,0.000000,0.000000,0.000000,0.000000
5.6901,-4.424740,0.217825,-0.007672,0.000000,0.023691,0.033977,0,0.234814,77,0.313581,0.147597,-4.424740,-0.000419,-6.231526,-0.007672,-4.424739,-6.219550,-0.007672,0.217825,0.000000,0.012992,-0.418302,-34.332882,0.011976,0.000000,0.000126,0.002000,-0.000087,0.000126,0.313581,0.147597,-9.803876,0.004396,-0.003552,0.000000,1.852184,0.005202,27.000000,0.013045,-4.424739,-0.000419,0.217825,0.000000,0.012000,0.000000,91,0,1,32,30,0.003237,0.004533,-0.007731,-0.060793,0.348913,9.630200,0.281388,0.005202,0.034469,6,1,0,0.000000,0,-6.207704,0.000000,0.023691,0,0.234814,0.000000,0.033977,-6.207704,0.234814,1,1,1,1.798042,0.000000,0.000000,0.000000,0.000000,0.000000,0.000000,0.000000
5.7001,-4.424739,0.217825,-0.001281,0.000000,0.024351,0.033977,0,0.234814,87,0.313857,0.145105,-4.424739,-0.000419,-6.231584,-0.001281,-4.424739,-6.219605,-0.001281,0.217825,0.000000,0.012778,-0.418302,-34.332882,0.011979,0.000000,0.000638,0.001807,0.000008,0.000638,0.313857,0.145105,-9.803904,0.004656,0.002847,0.000000,1.852128,0.005243,27.000000,0.013045,-4.424739,-0.000419,0.217825,0.000000,0.012000,0.000000,96,0,1,32,30,-0.003165,0.004430,-0.001338,-0.116059,-0.093559,9.836267,0.281332,0.005243,0.034441,6,1,0,0.000000,0,-6.207704,0.000000,0.024351,0,0.234814,0.000000,0.033977,-6.207704,0.234814,1,1,1,1.798073,0.000000,0.000000,0.000000,0.000000,0.000000,0.000000,0.000000
5.7101,-4.424738,0.217825,0.003253,0.000000,0.023092,0.033977,0,0.234814,97,0.313838,0.147340,-4.424738,0.001466,-6.231529,0.003253,-4.424739,-6.219546,0.003253,0.217825,0.000000,0.012992,-0.418302,-34.332882,0.011982,0.000000,0.000128,0.002001,-0.000110,0.000128,0.313838,0.147340,-9.803872,0.014773,-0.004270,0.000000,1.852187,0.005233,27.000000,0.013045,-4.424739,0.001466,0.217825,0.000000,0.012000,0.000000,101,0,1,32,30,0.003229,0.015076,0.003058,-0.098397,0.336621,9.850172,0.281391,0.005233,0.034489,6,1,0,0.000000,0,-6.207704,0.000000,0.023092,0,0.234814,0.000000,0.033977,-6.207704,0.234814,1,1,1,1.798101,0.000000,0.000000,0.000000,0.000000,0.000000,0.000000,0.000000
5.7201,-4.424641,0.217825,0.000545,0.000000,0.023829,0.033977,0,0.234814,107,0.314197,0.146210,-4.424641,0.001466,-6.231539,0.000545,-4.424644,-6.219558,0.000545,0.217825,0.000000,0.012864,-0.418302,-34.332882,0.011980,0.000000,0.000434,0.001906,0.000092,0.000434,0.314197,0.146210,-9.803877,-0.008759,-0.004787,0.000000,1.852176,0.005225,27.000000,0.013045,-4.424644,0.001466,0.217825,0.000000,0.012000,0.000000,106,0,1,32,30,0.005387,-0.008396,0.000653,-0.231182,-0.148401,9.625092,0.281379,0.005225,0.034500,7,1,0,0.000000,0,-6.207704,0.000000,0.023829,0,0.234814,0.000000,0.033977,-6.207704,0.234814,1,1,1,1.798130,0.000000,0.000000,0.000000,0.000000,0.000000,0.000000,0.000000
5.7301,-4.424659,0.217825,-0.011940,0.000000,0.025815,0.033977,0,0.234814,117,0.314154,0.144679,-4.424659,-0.000419,-6.231705,-0.011940,-4.424644,-6.219734,-0.011940,0.217825,0.000000,0.012754,-0.418302,-34.332882,0.011971,0.000000,0.000695,0.001846,0.000133,0.000695,0.314154,0.144679,-9.803901,0.004648,-0.001429,0.000000,1.851999,0.005267,27.000000,0.013045,-4.424644,-0.000419,0.217825,0.000000,0.012000,0.000000,111,0,1,32,30,0.001101,0.004584,-0.011999,-0.041061,0.270896,9.753844,0.281203,0.005267,0.034462,7,1,0,0.000000,0,-6.207704,0.000000,0.025815,0,0.234814,0.000000,0.033977,-6.207704,0.234814,1,1,1,1.798160,0.000000,0.000000,0.000000,0.000000,0.000000,0.000000,0.000000
5.7401,-4.424739,0.217825,0.009329,0.000000,0.023264,0.033977,0,0.234814,127,0.314042,0.146226,-4.424739,0.000419,-6.231653,0.009329,-4.424739,-6.219668,0.009329,0.217825,0.000000,0.012923,-0.418302,-34.332882,0.011986,0.000000,0.000291,0.001984,0.000083,0.000291,0.314042,0.146226,-9.803882,0.002246,0.003010,0.000000,1.852064,0.005280,27.000000,0.013045,-4.424739,0.000419,0.217825,0.000000,0.012000,0.000000,116,0,1,32,30,-0.003160,0.002151,0.009302,-0.164221,0.341080,10.261702,0.281268,0.005280,0.034485,6,1,0,0.000000,0,-6.207704,0.000000,0.023264,0,0.234814,0.000000,0.033977,-6.207704,0.234814,1,1,1,1.798189,0.000000,0.000000,0.000000,0.000000,0.000000,0.000000,0.000000
5.7501,-4.424650,0.217825,-0.007568,0.000000,0.023809,0.033977,0,0.234814,137,0.314413,0.145669,-4.424650,0.001466,-6.231632,-0.007568,-4.424644,-6.219658,-0.007568,0.217825,0.000000,0.012823,-0.418302,-34.332882,0.011974,0.000000,0.000532,0.001956,0.000009,0.000532,0.314413,0.145669,-9.803878,0.008657,-0.003846,0.000000,1.852076,0.005243,27.000000,0.013045,-4.424644,0.001466,0.217825,0.000000,0.012000,0.000000,121,0,1,32,30,0.003232,0.008807,-0.007682,-0.251026,0.052508,9.617527,0.281279,0.005243,0.034509,7,1,0,0.000000,0,-6.207704,0.000000,0.023809,0,0.234814,0.000000,0.033977,-6.207704,0.234814,1,1,1,1.798219,0.000000,0.000000,0.000000,0.000000,0.000000,0.000000,0.000000
5.7601,-4.424549,0.217825,-0.009646,0.000000,0.024436,0.033977,0,0.234814,147,0.313846,0.147119,-4.424549,0.001466,-6.231677,-0.009646,-4.424548,-6.219702,-0.009646,0.217825,0.000000,0.013003,-0.418302,-34.332882,0.011975,0.000000,0.000100,0.001986,0.000106,0.000100,0.313846,0.147119,-9.803875,0.010845,-0.003998,0.000000,1.852030,0.005267,27.000000,0.013045,-4.424548,0.001466,0.217825,0.000000,0.012000,0.000000,126,0,1,32,30,0.003229,0.010972,-0.009790,-0.137669,0.444727,9.611971,0.281234,0.005267,0.034485,6,1,0,0.000000,0,-6.207704,0.000000,0.024436,0,0.234814,0.000000,0.033977,-6.207704,0.234814,1,1,1,1.798247,0.000000,0.000000,0.000000,0.000000,0.000000,0.000000,0.000000
5.7701,-4.424647,0.217825,0.000688,0.000000,0.024120,0.033977,0,0.234814,157,0.314220,0.145247,-4.424647,-0.001466,-6.231693,0.000688,-4.424644,-6.219712,0.000688,0.217825,0.000000,0.012847,-0.418302,-34.332882,0.011980,0.000000,0.000472,0.002008,-0.000188,0.000472,0.314220,0.145247,-9.803890,-0.001221,0.011810,-0.000000,1.852019,0.005306,27.000000,0.013045,-4.424644,-0.001466,0.217825,0.000000,0.012000,0.000000,131,0,1,32,30,-0.011696,-0.002034,0.000714,-0.096632,-0.226710,9.777518,0.281223,0.005306,0.034481,7,1,0,0.000000,0,-6.207704,0.000000,0.024120,0,0.234814,0.000000,0.033977,-6.207704,0.234814,1,1,1,1.798277,0.000000,0.000000,0.000000,0.000000,0.000000,0.000000,0.000000
5.7801,-4.424643,0.217825,-0.003197,0.000000,0.023688,0.033977,0,0.234814,167,0.314332,0.146608,-4.424643,-0.001466,-6.231663,-0.003197,-4.424644,-6.219685,-0.003197,0.217825,0.000000,0.012963,-0.418302,-34.332882,0.011978,0.000000,0.000196,0.001995,-0.000100,0.000196,0.314332,0.146608,-9.803867,0.012809,-0.004134,0.000000,1.852046,0.005288,27.000000,0.013045,-4.424644,-0.001466,0.217825,0.000000,0.012000,0.000000,136,0,1,32,30,0.003229,0.013024,-0.003366,-0.164839,0.089624,9.713660,0.281250,0.005288,0.034522,6,1,0,0.000000,0,-6.207704,0.000000,0.023688,0,0.234814,0.000000,0.033977,-6.207704,0.234814,1,1,1,1.798306,0.000000,0.000000,0.000000,0.000000,0.000000,0.000000,0.000000
5.7901,-4.424648,0.217825,-0.001746,0.000000,0.025120,0.033977,0,0.234814,177,0.314331,0.145795,-4.424648,-0.000419,-6.231761,-0.001746,-4.424644,-6.219782,-0.001746,0.217825,0.000000,0.012882,-0.418302,-34.332882,0.011979,0.000000,0.000389,0.001834,0.000024,0.000389,0.314331,0.145795,-9.803879,-0.014955,-0.002220,0.000000,1.851950,0.005288,27.000000,0.013045,-4.424644,-0.000419,0.217825,0.000000,0.012000,0.000000,141,0,1,32,30,0.003259,-0.014784,-0.001556,-0.145154,-0.035261,9.760270,0.281154,0.005288,0.034504,7,1,0,0.000000,0,-6.207704,0.000000,0.025120,0,0.234814,0.000000,0.033977,-6.207704,0.234814,1,1,1,1.798336,0.000000,0.000000,0.000000,0.000000,0.000000,0.000000,0.000000
5.8001,-4.424648,0.217825,-0.000921,0.000000,0.024395,0.033977,0,0.234814,187,0.314128,0.144461,-4.424648,-0.001466,-6.231781,-0.000921,-4.424644,-6.219802,-0.000921,0.217825,0.000000,0.012784,-0.418302,-34.332882,0.011979,0.000000,0.000625,0.002001,-0.000005,0.000625,0.314128,0.144461,-9.803905,0.020005,0.008207,-0.000000,1.851929,0.005318,27.000000,0.013045,-4.424644,-0.001466,0.217825,0.000000,0.012000,0.000000,146,0,1,32,30,-0.009585,0.019370,-0.001169,0.024963,0.359700,9.534660,0.281133,0.005318,0.034454,6,1,0,0.000000,0,-6.207704,0.000000,0.024395,0,0.234814,0.000000,0.033977,-6.207704,0.234814,1,1,1,1.798366,0.000000,0.000000,0.000000,0.000000,0.000000,0.000000,0.000000
5.8101,-4.424451,0.217825,0.005280,0.000000,0.024487,0.033977,0,0.234814,197,0.314412,0.146253,-4.424451,0.001466,-6.231810,0.005280,-4.424451,-6.219826,0.005280,0.217825,0.000000,0.012956,-0.418302,-34.332882,0.011984,0.000000,0.000213,0.001838,0.000097,0.000213,0.314412,0.146253,-9.803869,0.010453,-0.003976,-0.000000,1.851905,0.005318,27.000000,0.013045,-4.424451,0.001466,0.217825,0.000000,0.012000,0.000000,151,0,1,32,30,0.003234,0.010774,0.005141,-0.241269,0.381172,10.108928,0.281108,0.005318,0.034522,7,1,0,0.000000,0,-6.207704,0.000000,0.024487,0,0.234814,0.000000,0.033977,-6.207704,0.234814,1,1,1,1.798394,0.000000,0.000000,0.000000,0.000000,0.000000,0.000000,0.000000
5.8201,-4.424551,0.217825,-0.003408,0.000000,0.024001,0.033977,0,0.234814,207,0.315043,0.145490,-4.424551,-0.000419,-6.231783,-0.003408,-4.424548,-6.219806,-0.003408,0.217825,0.000000,0.012860,-0.418302,-34.332882,0.011977,0.000000,0.000442,0.002016,0.000097,0.000442,0.315043,0.145490,-9.803860,0.004283,-0.003546,0.000000,1.851925,0.005312,27.000000,0.013045,-4.424548,-0.000419,0.217825,0.000000,0.012000,0.000000,156,0,1,32,30,0.003238,0.004476,-0.003465,-0.298443,-0.052817,9.626008,0.281129,0.005312,0.034568,7,1,0,0.000000,0,-6.207704,0.000000,0.024001,0,0.234814,0.000000,0.033977,-6.207704,0.234814,1,1,1,1.798424,0.000000,0.000000,0.000000,0.000000,0.000000,0.000000,0.000000
5.8301,-4.424645,0.217825,-0.020418,0.000000,0.025059,0.033977,0,0.234814,217,0.314405,0.146502,-4.424645,0.001466,-6.231843,-0.020418,-4.424644,-6.219877,-0.020418,0.217825,0.000000,0.013011,-0.418302,-34.332882,0.011966,0.000000,0.000081,0.001960,0.000032,0.000081,0.314405,0.146502,-9.803866,0.007149,0.000541,0.000000,1.851852,0.005348,27.000000,0.013045,-4.424644,0.001466,0.217825,0.000000,0.012000,0.000000,161,0,1,32,30,-0.001039,0.006828,-0.020508,-0.070195,0.423519,9.784070,0.281056,0.005348,0.034527,7,1,0,0.000000,0,-6.207704,0.000000,0.025059,0,0.234814,0.000000,0.033977,-6.207704,0.234814,1,1,1,1.798453,0.000000,0.000000,0.000000,0.000000,0.000000,0.000000,0.000000
5.8401,-4.424547,0.217825,0.002720,0.000000,0.024953,0.033977,0,0.234814,227,0.314454,0.145714,-4.424547,0.000419,-6.231910,0.002720,-4.424548,-6.219928,0.002720,0.217825,0.000000,0.012929,-0.418302,-34.332882,0.011982,0.000000,0.000276,0.001866,-0.000000,0.000276,0.314454,0.145714,-9.803876,-0.005968,0.005719,0.000000,1.851802,0.005346,27.000000,0.013045,-4.424548,0.000419,0.217825,0.000000,0.012000,0.000000,166,0,1,32,30,-0.005287,-0.006318,0.002802,-0.096063,-0.248072,9.959143,0.281006,0.005346,0.034514,6,1,0,0.000000,0,-6.207704,0.000000,0.024953,0,0.234814,0.000000,0.033977,-6.207704,0.234814,1,1,1,1.798483,0.000000,0.000000,0.000000,0.000000,0.000000,0.000000,0.000000
5.8501,-4.424557,0.217825,-0.026546,0.000000,0.025209,0.033977,0,0.234814,237,0.315215,0.145012,-4.424557,-0.001466,-6.231955,-0.026546,-4.424548,-6.219991,-0.026546,0.217825,0.000000,0.012825,-0.418302,-34.332882,0.011964,0.000000,0.000525,0.002012,0.000024,0.000525,0.315215,0.145012,-9.803862,0.017253,-0.010855,0.000000,1.851739,0.005329,27.000000,0.013045,-4.424548,-0.001466,0.217825,0.000000,0.012000,0.000000,171,0,1,32,30,0.009621,0.017628,-0.026774,-0.165439,0.459476,9.966208,0.280943,0.005329,0.034575,6,1,0,0.000000,0,-6.207704,0.000000,0.025209,0,0.234814,0.000000,0.033977,-6.207704,0.234814,1,1,1,1.798513,0.000000,0.000000,0.000000,0.000000,0.000000,0.000000,0.000000
5.8601,-4.424550,0.217825,-0.007937,0.000000,0.025264,0.033977,0,0.234814,247,0.314876,0.145984,-4.424550,-0.000419,-6.232024,-0.007937,-4.424548,-6.220049,-0.007937,0.217825,0.000000,0.012954,-0.418302,-34.332882,0.011976,0.000000,0.000219,0.001855,0.000016,0.000219,0.314876,0.145984,-9.803858,-0.006118,-0.000687,0.000000,1.851681,0.005353,27.000000,0.013045,-4.424548,-0.000419,0.217825,0.000000,0.012000,0.000000,176,0,1,32,30,0.001113,-0.006158,-0.007857,-0.174473,0.118187,9.723511,0.280884,0.005353,0.034562,6,1,0,0.000000,0,-6.207704,0.000000,0.025264,0,0.234814,0.000000,0.033977,-6.207704,0.234814,1,1,1,1.798541,0.000000,0.000000,0.000000,0.000000,0.000000,0.000000,0.000000
5.8701,-4.424640,0.217825,-0.003048,0.000000,0.024257,0.033977,0,0.234814,1,0.315228,0.144440,-4.424640,-0.001466,-6.231990,-0.003048,-4.424644,-6.220013,-0.003048,0.217825,0.000000,0.012817,-0.418302,-34.332882,0.011977,0.000000,0.000544,0.001834,-0.000205,0.000544,0.315228,0.144440,-9.803870,0.019632,0.001814,0.000000,1.851716,0.005378,27.000000,0.013045,-4.424644,-0.001466,0.217825,0.000000,0.012000,0.000000,181,0,1,32,30,-0.003181,0.019417,-0.003297,-0.021542,0.118504,9.704473,0.280920,0.005378,0.034563,7,1,0,0.000000,0,-6.207704,0.000000,0.024257,0,0.234814,0.000000,0.033977,-6.207704,0.234814,1,1,1,1.798572,0.000000,0.000000,0.000000,0.000000,0.000000,0.000000,0.000000
5.8801,-4.424551,0.217825,-0.001748,0.000000,0.024840,0.033977,0,0.234814,11,0.315631,0.143568,-4.424551,-0.000419,-6.232010,-0.001748,-4.424548,-6.220031,-0.001748,0.217825,0.000000,0.012710,-0.418302,-34.332882,0.011979,0.000000,0.000800,0.001823,0.000008,0.000800,0.315631,0.143568,-9.803870,-0.014669,0.002041,0.000000,1.851699,0.005367,27.000000,0.013045,-4.424548,-0.000419,0.217825,0.000000,0.012000,0.000000,186,0,1,32,30,0.001099,0.008744,-0.003417,-0.269702,0.474184,10.320394,0.280903,0.005367,0.034594,6,1,0,0.000000,0,-6.207704,0.000000,0.024840,0,0.234814,0.000000,0.033977,-6.207704,0.234814,1,1,1,1.798603,0.000000,0.000000,0.000000,0.000000,0.000000,0.000000,0.000000
5.8901,-4.424453,0.217825,-0.016410,0.000000,0.025304,0.033977,0,0.234814,21,0.315156,0.144786,-4.424453,0.002513,-6.232054,-0.016410,-4.424451,-6.220086,-0.016410,0.217825,0.000000,0.012856,-0.418302,-34.332882,0.011968,0.000000,0.000452,0.001929,0.000109,0.000452,0.315156,0.144786,-9.803867,-0.004052,-0.005106,0.000000,1.851644,0.005381,27.000000,0.013045,-4.424451,0.002513,0.217825,0.000000,0.012000,0.000000,191,0,1,32,30,0.005378,-0.003895,-0.016361,-0.174500,0.042987,9.617481,0.280847,0.005381,0.034564,7,1,0,0.000000,0,-6.207704,0.000000,0.025304,0,0.234814,0.000000,0.033977,-6.207704,0.234814,1,1,1,1.798631,0.000000,0.000000,0.000000,0.000000,0.000000,0.000000,0.000000
5.9001,-4.424540,0.217825,0.013804,0.000000,0.024698,0.033977,0,0.234814,30,0.315466,0.143661,-4.424540,-0.000419,-6.232068,0.013804,-4.424548,-6.220080,0.013804,0.217825,0.000000,0.012760,-0.418302,-34.332882,0.011988,0.000000,0.000681,0.001975,-0.000110,0.000681,0.315466,0.143661,-9.803874,0.010519,0.000297,0.000000,1.851648,0.005403,27.000000,0.013045,-4.424548,-0.000419,0.217825,0.000000,0.012000,0.000000,196,0,1,32,30,-0.001033,0.010648,0.013670,-0.204136,0.423800,9.755275,0.280852,0.005403,0.034570,6,1,0,0.000000,0,-6.207704,0.000000,0.024698,0,0.234814,0.000000,0.033977,-6.207704,0.234814,1,1,1,1.798662,0.000000,0.000000,0.000000,0.000000,0.000000,0.000000,0.000000
5.9101,-4.424453,0.217825,-0.003784,0.000000,0.024248,0.033977,0,0.234814,40,0.315345,0.145310,-4.424453,-0.000419,-6.232016,-0.003784,-4.424451,-6.220038,-0.003784,0.217825,0.000000,0.012909,-0.418302,-34.332882,0.011977,0.000000,0.000325,0.002012,0.000100,0.000325,0.315345,0.145310,-9.803853,-0.009919,0.008134,0.000000,1.851691,0.005386,27.000000,0.013045,-4.424451,-0.000419,0.217825,0.000000,0.012000,0.000000,0,0,1,32,30,-0.007419,-0.010513,-0.003648,-0.172945,-0.180473,9.902349,0.280894,0.005386,0.034594,7,1,0,0.000000,0,-6.207704,0.000000,0.024248,0,0.234814,0.000000,0.033977,-6.207704,0.234814,1,1,1,1.798691,0.000000,0.000000,0.000000,0.000000,0.000000,0.000000,0.000000
5.9201,-4.424467,0.217825,-0.020196,0.000000,0.026170,0.033977,0,0.234814,51,0.315734,0.144145,-4.424467,0.000419,-6.232129,-0.020196,-4.424451,-6.220163,-0.020196,0.217825,0.000000,0.012790,-0.418302,-34.332882,0.011965,0.000000,0.000609,0.001839,0.000124,0.000609,0.315734,0.144145,-9.803858,0.014523,-0.017088,0.000000,1.851566,0.005392,27.000000,0.013045,-4.424451,0.000419,0.217825,0.000000,0.012000,0.000000,5,0,1,32,30,0.016029,0.015425,-0.020395,-0.117328,0.288683,9.859248,0.280769,0.005392,0.034607,7,1,0,0.000000,0,-6.207704,0.000000,0.026170,0,0.234814,0.000000,0.033977,-6.207704,0.234814,1,1,1,1.798721,0.000000,0.000000,0.000000,0.000000,0.000000,0.000000,0.000000
5.9301,-4.424549,0.217825,0.001992,0.000000,0.025454,0.033977,0,0.234814,61,0.315444,0.145577,-4.424549,0.000419,-6.232190,0.001992,-4.424548,-6.220208,0.001992,0.217825,0.000000,0.012946,-0.418302,-34.332882,0.011982,0.001000,0.000237,0.001844,-0.000086,0.000237,0.315444,0.145577,-9.803846,0.003972,-0.005666,0.001000,1.851520,0.005398,27.000000,0.013045,-4.424548,0.000419,0.217825,0.000000,0.012000,0.001000,10,0,1,32,30,0.005375,0.004397,0.002935,-0.222552,0.204101,9.733914,0.280724,0.005398,0.034610,6,1,0,0.000000,0,-6.207704,0.000000,0.025454,0,0.234814,0.000000,0.033977,-6.207704,0.234814,1,1,1,1.798750,0.000000,0.000000,0.000000,0.000000,0.000000,0.000000,0.000000
5.9401,-4.424455,0.217825,-0.014184,0.000000,0.025796,0.033977,0,0.234814,71,0.315717,0.145117,-4.424455,-0.001466,-6.232245,-0.014184,-4.424451,-6.220274,-0.014184,0.217825,0.000000,0.012881,-0.418302,-34.332882,0.011971,0.000000,0.000392,0.001960,0.000019,0.000392,0.315717,0.145117,-9.803844,0.001016,0.007381,0.000000,1.851455,0.005385,27.000000,0.013045,-4.424451,-0.001466,0.217825,0.000000,0.012000,0.000000,15,0,1,32,30,-0.007434,0.000314,-0.014189,-0.106795,-0.045155,9.788907,0.280659,0.005385,0.034627,6,1,0,0.000000,0,-6.207704,0.000000,0.025796,0,0.234814,0.000000,0.033977,-6.207704,0.234814,1,1,1,1.798780,0.000000,0.000000,0.000000,0.000000,0.000000,0.000000,0.000000
5.9501,-4.424461,0.217825,-0.005693,0.000000,0.026269,0.033977,0,0.234814,81,0.315974,0.144347,-4.424461,0.003560,-6.232344,-0.005693,-4.424451,-6.220368,-0.005693,0.217825,0.000000,0.012819,-0.418302,-34.332882,0.011976,0.000000,0.000541,0.001836,-0.000072,0.000541,0.315974,0.144347,-9.803847,-0.002343,-0.007367,-0.000000,1.851361,0.005405,27.000000,0.013045,-4.424451,0.003560,0.217825,0.000000,0.012000,0.000000,20,0,1,32,30,0.007513,-0.001894,-0.005669,-0.049059,0.263940,10.318424,0.280564,0.005405,0.034636,7,1,0,0.000000,0,-6.207704,0.000000,0.026269,0,0.234814,0.000000,0.033977,-6.207704,0.234814,1,1,1,1.798811,0.000000,0.000000,0.000000,0.000000,0.000000,0.000000,0.000000
5.9601,-4.424454,0.217825,-0.014231,0.000000,0.026167,0.033977,0,0.234814,91,0.315661,0.145604,-4.424454,-0.000419,-6.232410,-0.014231,-4.424451,-6.220438,-0.014231,0.217825,0.000000,0.012922,-0.418302,-34.332882,0.011972,0.000000,0.000295,0.001849,-0.000182,0.000295,0.315661,0.145604,-9.803839,-0.001545,0.001139,0.000000,1.851291,0.005376,27.000000,0.013045,-4.424451,-0.000419,0.217825,0.000000,0.012000,0.000000,25,0,1,32,30,-0.001028,-0.001805,-0.014209,-0.260337,-0.118081,9.491391,0.280495,0.005376,0.034632,6,1,0,0.000000,0,-6.207704,0.000000,0.026167,0,0.234814,0.000000,0.033977,-6.207704,0.234814,1,1,1,1.798841,0.000000,0.000000,0.000000,0.000000,0.000000,0.000000,0.000000
5.9701,-4.424451,0.217825,0.001166,0.000000,0.025762,0.033977,0,0.234814,101,0.316020,0.145312,-4.424451,-0.001466,-6.232443,0.001166,-4.424451,-6.220463,0.001166,0.217825,0.000000,0.012881,-0.418302,-34.332882,0.011981,0.000000,0.000392,0.001890,-0.000095,0.000392,0.316020,0.145312,-9.803832,0.017390,0.001965,0.000000,1.851267,0.005372,27.000000,0.013045,-4.424451,-0.001466,0.217825,0.000000,0.012000,0.000000,30,0,1,32,30,-0.003178,0.017223,0.000944,-0.175822,0.463124,9.669554,0.280470,0.005372,0.034661,7,1,0,0.000000,0,-6.207704,0.000000,0.025762,0,0.234814,0.000000,0.033977,-6.207704,0.234814,1,1,1,1.798872,0.000000,0.000000,0.000000,0.000000,0.000000,0.000000,0.000000
5.9801,-4.424270,0.217825,-0.011157,0.000000,0.025864,0.033977,0,0.234814,111,0.316252,0.144179,-4.424270,-0.000419,-6.232463,-0.011157,-4.424260,-6.220492,-0.011157,0.217825,0.000000,0.012764,-0.418302,-34.332882,0.011972,-0.001000,0.000671,0.001851,0.000027,0.000671,0.316252,0.144179,-9.803841,-0.003159,0.009809,-0.001000,1.851238,0.005373,27.000000,0.013045,-4.424260,-0.000419,0.217825,0.000000,0.012000,-0.001000,35,0,1,32,30,-0.011697,-0.006081,-0.016400,-0.106621,0.161202,10.116375,0.280449,0.005381,0.034663,6,1,0,0.000000,0,-6.207704,0.000000,0.025864,0,0.234814,0.000000,0.033977,-6.207704,0.234814,1,1,1,1.798904,0.000000,0.000000,0.000000,0.000000,0.000000,0.000000,0.000000
5.9901,-4.424256,0.217825,0.015897,0.000000,0.025828,0.033977,0,0.234814,121,0.315892,0.145694,-4.424256,-0.000419,-6.232504,0.015897,-4.424260,-6.220513,0.015897,0.217825,0.000000,0.012948,-0.418302,-34.332882,0.011991,0.000000,0.000232,0.001997,-0.000027,0.000232,0.315892,0.145694,-9.803830,0.007466,-0.012333,0.000000,1.851216,0.005398,27.000000,0.013045,-4.424260,-0.000419,0.217825,0.000000,0.012000,0.000000,40,0,1,32,30,0.011778,0.008520,0.015788,-0.193542,0.306234,9.983790,0.280419,0.005398,0.034657,7,1,0,0.000000,0,-6.207704,0.000000,0.025828,0,0.234814,0.000000,0.033977,-6.207704,0.234814,1,1,1,1.798934,0.000000,0.000000,0.000000,0.000000,0.000000,0.000000,0.000000
6.0001,-4.424351,0.217825,-0.001542,0.000000,0.024822,0.033977,0,0.234814,131,0.316421,0.143855,-4.424351,-0.001466,-6.232425,-0.001542,-4.424356,-6.220447,-0.001542,0.217825,0.000000,0.012757,-0.418302,-34.332882,0.011979,0.000000,0.000689,0.001982,-0.000198,0.000689,0.316421,0.143855,-9.803840,-0.005999,0.003584,-0.000000,1.851282,0.005402,27.000000,0.013045,-4.424356,-0.001466,0.217825,0.000000,0.012000,0.000000,45,0,1,32,30,-0.005302,0.008584,0.007242,-0.356915,0.394561,9.793162,0.280487,0.005405,0.034673,7,1,0,0.000000,0,-6.207704,0.000000,0.024822,0,0.234814,0.000000,0.033977,-6.207704,0.234814,1,1,1,1.798966,0.000000,0.000000,0.000000,0.000000,0.000000,0.000000,0.000000
6.0101,-4.424261,0.217825,-0.004652,0.000000,0.026127,0.033977,0,0.234814,141,0.315806,0.145459,-4.424261,0.000419,-6.232477,-0.004652,-4.424260,-6.220500,-0.004652,0.217825,0.000000,0.012930,-0.418302,-34.332882,0.011976,-0.001000,0.000275,0.001966,0.000013,0.000275,0.315806,0.145459,-9.803836,0.000651,0.005264,-0.001000,1.851228,0.005402,27.000000,0.013045,-4.424260,0.000419,0.217825,0.000000,0.012000,-0.001000,50,0,1,32,30,-0.005297,0.000206,-0.005655,-0.048997,-0.244747,9.691235,0.280432,0.005402,0.034643,6,1,0,0.000000,0,-6.207704,0.000000,0.026127,0,0.234814,0.000000,0.033977,-6.207704,0.234814,1,1,1,1.798995,0.000000,0.000000,0.000000,0.000000,0.000000,0.000000,0.000000
6.0201,-4.424361,0.217825,-0.018333,0.000000,0.026570,0.033977,0,0.234814,150,0.316109,0.144602,-4.424361,0.000419,-6.232549,-0.018333,-4.424356,-6.220582,-0.018333,0.217825,0.000000,0.012858,-0.418302,-34.332882,0.011967,0.000000,0.000448,0.001840,-0.000073,0.000448,0.316109,0.144602,-9.803839,0.004528,-0.005700,0.000000,1.851146,0.005421,27.000000,0.013045,-4.424356,0.000419,0.217825,0.000000,0.012000,0.000000,55,0,1,32,30,0.005368,0.004681,-0.018395,-0.116811,0.305215,10.069963,0.280350,0.005421,0.034655,7,1,0,0.000000,0,-6.207704,0.000000,0.026570,0,0.234814,0.000000,0.033977,-6.207704,0.234814,1,1,1,1.799026,0.000000,0.000000,0.000000,0.000000,0.000000,0.000000,0.000000
6.0301,-4.424455,0.217825,-0.001229,0.000000,0.026490,0.033977,0,0.234814,161,0.316235,0.143901,-4.424455,-0.002513,-6.232622,-0.001229,-4.424451,-6.220643,-0.001229,0.217825,0.000000,0.012772,-0.418302,-34.332882,0.011979,0.000000,0.000653,0.001872,-0.000181,0.000653,0.316235,0.143901,-9.803846,0.006789,0.002698,0.000000,1.851086,0.005408,27.000000,0.013045,-4.424451,-0.002513,0.217825,0.000000,0.012000,0.000000,60,0,1,32,30,-0.003167,0.006567,-0.001313,-0.269871,-0.005228,9.645646,0.280289,0.005408,0.034652,6,1,0,0.000000,0,-6.207704,0.000000,0.026490,0,0.234814,0.000000,0.033977,-6.207704,0.234814,1,1,1,1.799058,0.000000,0.000000,0.000000,0.000000,0.000000,0.000000,0.000000
6.0401,-4.424259,0.217825,0.001116,0.000000,0.025258,0.033977,0,0.234814,171,0.316010,0.145036,-4.424259,-0.000419,-6.232572,0.001116,-4.424260,-6.220591,0.001116,0.217825,0.000000,0.012880,-0.418302,-34.332882,0.011981,0.000000,0.000395,0.001988,-0.000022,0.000395,0.316010,0.145036,-9.803836,0.015115,-0.000021,0.000000,1.851137,0.005398,27.000000,0.013045,-4.424260,-0.000419,0.217825,0.000000,0.012000,0.000000,65,0,1,32,30,-0.001041,0.015092,0.000921,-0.223100,0.385424,9.764447,0.280341,0.005398,0.034654,7,1,0,0.000000,0,-6.207704,0.000000,0.025258,0,0.234814,0.000000,0.033977,-6.207704,0.234814,1,1,1,1.799088,0.000000,0.000000,0.000000,0.000000,0.000000,0.000000,0.000000
6.0501,-4.424259,0.217825,-0.003730,0.000000,0.026160,0.033977,0,0.234814,181,0.315980,0.143500,-4.424259,0.000419,-6.232601,-0.003730,-4.424260,-6.220624,-0.003730,0.217825,0.000000,0.012763,-0.418302,-34.332882,0.011977,0.000000,0.000675,0.001872,-0.000002,0.000675,0.315980,0.143500,-9.803860,-0.007787,0.007988,0.000000,1.851104,0.005433,27.000000,0.013045,-4.424260,0.000419,0.217825,0.000000,0.012000,0.000000,70,0,1,32,30,0.007518,-0.004116,0.000705,-0.115945,0.084819,10.106030,0.280310,0.005440,0.034624,6,1,0,0.000000,0,-6.207704,0.000000,0.026160,0,0.234814,0.000000,0.033977,-6.207704,0.234814,1,1,1,1.799120,0.000000,0.000000,0.000000,0.000000,0.000000,0.000000,0.000000
6.0601,-4.424259,0.217825,-0.003246,0.000000,0.026816,0.033977,0,0.234814,191,0.315872,0.145113,-4.424259,0.000419,-6.232683,-0.003246,-4.424260,-6.220705,-0.003246,0.217825,0.000000,0.012914,-0.418302,-34.332882,0.011978,0.000000,0.000314,0.001858,-0.000097,0.000314,0.315872,0.145113,-9.803839,0.010388,-0.008251,0.000000,1.851023,0.005421,27.000000,0.013045,-4.424260,0.000419,0.217825,0.000000,0.012000,0.000000,75,0,1,32,30,0.007501,0.010899,-0.003387,-0.241629,0.175640,9.714474,0.280226,0.005421,0.034642,6,1,0,0.000000,0,-6.207704,0.000000,0.026816,0,0.234814,0.000000,0.033977,-6.207704,0.234814,1,1,1,1.799150,0.000000,0.000000,0.000000,0.000000,0.000000,0.000000,0.000000
6.0701,-4.424065,0.217825,0.011255,0.000000,0.025248,0.033977,0,0.234814,201,0.316176,0.144314,-4.424065,0.001466,-6.232629,0.011255,-4.424068,-6.220642,0.011255,0.217825,0.000000,0.012808,-0.418302,-34.332882,0.011987,0.000000,0.000567,0.001994,0.000187,0.000567,0.316176,0.144314,-9.803841,-0.006476,0.001475,0.000000,1.851086,0.005402,27.000000,0.013045,-4.424068,0.001466,0.217825,0.000000,0.012000,0.000000,80,0,1,32,30,-0.001015,-0.006419,0.011338,-0.318512,0.130263,9.512990,0.280290,0.005402,0.034655,6,1,0,0.000000,0,-6.207704,0.000000,0.025248,0,0.234814,0.000000,0.033977,-6.207704,0.234814,1,1,1,1.799181,0.000000,0.000000,0.000000,0.000000,0.000000,0.000000,0.000000
6.0801,-4.424162,0.217825,-0.003730,0.000000,0.025624,0.033977,0,0.234814,211,0.315553,0.145575,-4.424162,0.000419,-6.232600,-0.003730,-4.424164,-6.220621,-0.003730,0.217825,0.000000,0.012976,-0.418302,-34.332882,0.011978,0.000000,0.000165,0.001858,-0.000100,0.000165,0.315553,0.145575,-9.803843,-0.007929,0.005859,0.000000,1.851106,0.005431,27.000000,0.013045,-4.424164,0.000419,0.217825,0.000000,0.012000,0.000000,85,0,1,32,30,-0.005287,-0.008370,-0.003622,-0.173071,-0.151669,9.893068,0.280310,0.005431,0.034621,6,1,0,0.000000,0,-6.207704,0.000000,0.025624,0,0.234814,0.000000,0.033977,-6.207704,0.234814,1,1,1,1.799211,0.000000,0.000000,0.000000,0.000000,0.000000,0.000000,0.000000
6.0901,-4.424166,0.217825,-0.013965,0.000000,0.026446,0.033977,0,0.234814,221,0.315969,0.144240,-4.424166,-0.000419,-6.232642,-0.013965,-4.424164,-6.220672,-0.013965,0.217825,0.000000,0.012845,-0.418302,-34.332882,0.011970,0.000000,0.000478,0.001981,-0.000096,0.000478,0.315969,0.144240,-9.803849,0.008822,-0.003860,0.000000,1.851055,0.005442,27.000000,0.013045,-4.424164,-0.000419,0.217825,0.000000,0.012000,0.000000,90,0,1,32,30,0.003230,0.008892,-0.014081,-0.164592,0.380389,10.175962,0.280259,0.005442,0.034633,7,1,0,0.000000,0,-6.207704,0.000000,0.026446,0,0.234814,0.000000,0.033977,-6.207704,0.234814,1,1,1,1.799243,0.000000,0.000000,0.000000,0.000000,0.000000,0.000000,0.000000
6.1001,-4.424259,0.217825,-0.000599,0.000000,0.025839,0.033977,0,0.234814,231,0.315660,0.145953,-4.424259,-0.001466,-6.232644,-0.000599,-4.424260,-6.220664,-0.000599,0.217825,0.000000,0.012990,-0.418302,-34.332882,0.011979,-0.001000,0.000131,0.001924,-0.000004,0.000131,0.315660,0.145953,-9.803834,-0.007842,0.007991,-0.001000,1.851064,0.005410,27.000000,0.013045,-4.424260,-0.001466,0.217825,0.000000,0.012000,-0.001000,95,0,1,32,30,-0.007421,-0.008404,-0.001490,-0.193121,-0.072238,9.654593,0.280267,0.005410,0.034640,6,1,0,0.000000,0,-6.207704,0.000000,0.025839,0,0.234814,0.000000,0.033977,-6.207704,0.234814,1,1,1,1.799273,0.000000,0.000000,0.000000,0.000000,0.000000,0.000000,0.000000
6.1101,-4.424170,0.217825,0.005280,0.000000,0.026222,0.033977,0,0.234814,240,0.315852,0.145125,-4.424170,-0.000419,-6.232673,0.005280,-4.424164,-6.220690,0.005280,0.217825,0.000000,0.012903,-0.418302,-34.332882,0.011984,0.000000,0.000339,0.001848,0.000012,0.000339,0.315852,0.145125,-9.803840,0.010453,-0.003979,0.000000,1.851039,0.005409,27.000000,0.013045,-4.424164,-0.000419,0.217825,0.000000,0.012000,0.000000,100,0,1,32,30,0.003234,0.010774,0.005141,-0.051033,0.291547,9.629630,0.280242,0.005409,0.034641,7,1,0,0.000000,0,-6.207704,0.000000,0.026222,0,0.234814,0.000000,0.033977,-6.207704,0.234814,1,1,1,1.799304,0.000000,0.000000,0.000000,0.000000,0.000000,0.000000,0.000000
6.1201,-4.424069,0.217825,-0.016256,0.000000,0.026532,0.033977,0,0.234814,251,0.315809,0.145981,-4.424069,0.002513,-6.232707,-0.016256,-4.424068,-6.220736,-0.016256,0.217825,0.000000,0.013014,-0.418302,-34.332882,0.011971,0.000000,0.000074,0.001861,0.000121,0.000074,0.315809,0.145981,-9.803829,0.002631,-0.001290,0.000000,1.850991,0.005434,27.000000,0.013045,-4.424068,0.002513,0.217825,0.000000,0.012000,0.000000,105,0,1,32,30,0.001102,0.002503,-0.016290,-0.078148,0.237477,10.136300,0.280194,0.005434,0.034655,6,1,0,0.000000,0,-6.207704,0.000000,0.026532,0,0.234814,0.000000,0.033977,-6.207704,0.234814,1,1,1,1.799334,0.000000,0.000000,0.000000,0.000000,0.000000,0.000000,0.000000
6.1301,-4.424165,0.217825,-0.003295,0.000000,0.026979,0.033977,0,0.234814,4,0.316037,0.145455,-4.424165,-0.000419,-6.232790,-0.003295,-4.424164,-6.220813,-0.003295,0.217825,0.000000,0.012951,-0.418302,-34.332882,0.011978,0.000000,0.000226,0.001870,0.000101,0.000226,0.316037,0.145455,-9.803829,0.007968,-0.012363,0.000000,1.850915,0.005428,27.000000,0.013045,-4.424164,-0.000419,0.217825,0.000000,0.012000,0.000000,110,0,1,32,30,0.011772,0.008775,-0.003409,-0.183996,0.023858,9.617283,0.280119,0.005428,0.034666,7,1,0,0.000000,0,-6.207704,0.000000,0.026979,0,0.234814,0.000000,0.033977,-6.207704,0.234814,1,1,1,1.799365,0.000000,0.000000,0.000000,0.000000,0.000000,0.000000,0.000000
6.1401,-4.424171,0.217825,-0.010018,0.000000,0.025976,0.033977,0,0.234814,15,0.316335,0.144389,-4.424171,-0.000419,-6.232766,-0.010018,-4.424164,-6.220793,-0.010018,0.217825,0.000000,0.012851,-0.418302,-34.332882,0.011974,0.000000,0.000464,0.001933,-0.000079,0.000464,0.316335,0.144389,-9.803835,-0.003788,0.001294,0.000000,1.850935,0.005441,27.000000,0.013045,-4.424164,-0.000419,0.217825,0.000000,0.012000,0.000000,115,0,1,32,30,-0.001024,-0.003999,-0.009967,-0.289615,0.242312,9.734255,0.280138,0.005441,0.034672,6,1,0,0.000000,0,-6.207704,0.000000,0.025976,0,0.234814,0.000000,0.033977,-6.207704,0.234814,1,1,1,1.799397,0.000000,0.000000,0.000000,0.000000,0.000000,0.000000,0.000000
6.1501,-4.423973,0.217825,-0.008000,0.000000,0.026923,0.033977,0,0.234814,25,0.315901,0.145520,-4.423973,0.003560,-6.232831,-0.008000,-4.423972,-6.220855,-0.008000,0.217825,0.000000,0.012987,-0.418302,-34.332882,0.011976,0.000000,0.000138,0.001984,0.000116,0.000138,0.315901,0.145520,-9.803832,-0.007383,0.012243,0.000000,1.850872,0.005455,27.000000,0.013045,-4.423972,0.003560,0.217825,0.000000,0.012000,0.000000,120,0,1,32,30,-0.011692,-0.008331,-0.007893,-0.211297,-0.180022,9.864047,0.280075,0.005455,0.034654,6,1,0,0.000000,0,-6.207704,0.000000,0.026923,0,0.234814,0.000000,0.033977,-6.207704,0.234814,1,1,1,1.799427,0.000000,0.000000,0.000000,0.000000,0.000000,0.000000,0.000000
6.1601,-4.424076,0.217825,-0.011671,0.000000,0.027224,0.033977,0,0.234814,35,0.316513,0.144091,-4.424076,-0.001466,-6.232905,-0.011671,-4.424068,-6.220932,-0.011671,0.217825,0.000000,0.012828,-0.418302,-34.332882,0.011973,0.000000,0.000519,0.001843,0.000036,0.000519,0.316513,0.144091,-9.803834,0.014727,-0.010692,0.000000,1.850795,0.005451,27.000000,0.013045,-4.424068,-0.001466,0.217825,0.000000,0.012000,0.000000,125,0,1,32,30,0.009628,0.015293,-0.011868,-0.165280,0.534087,10.120084,0.279999,0.005451,0.034684,6,1,0,0.000000,0,-6.207704,0.000000,0.027224,0,0.234814,0.000000,0.033977,-6.207704,0.234814,1,1,1,1.799459,0.000000,0.000000,0.000000,0.000000,0.000000,0.000000,0.000000
6.1701,-4.423976,0.217825,-0.003667,0.000000,0.027064,0.033977,0,0.234814,45,0.316615,0.143650,-4.423976,0.001466,-6.232960,-0.003667,-4.423972,-6.220983,-0.003667,0.217825,0.000000,0.012784,-0.418302,-34.332882,0.011977,0.000000,0.000623,0.001908,0.000116,0.000623,0.316615,0.143650,-9.803837,-0.006520,-0.004936,0.000000,1.850745,0.005454,27.000000,0.013045,-4.423972,0.001466,0.217825,0.000000,0.012000,0.000000,130,0,1,32,30,0.005384,-0.006202,-0.003588,-0.250404,-0.119725,9.625367,0.279948,0.005454,0.034684,6,1,0,0.000000,0,-6.207704,0.000000,0.027064,0,0.234814,0.000000,0.033977,-6.207704,0.234814,1,1,1,1.799491,0.000000,0.000000,0.000000,0.000000,0.000000,0.000000,0.000000
6.1801,-4.424067,0.217825,-0.005390,0.000000,0.026655,0.033977,0,0.234814,55,0.316197,0.144504,-4.424067,0.000419,-6.232967,-0.005390,-4.424068,-6.220991,-0.005390,0.217825,0.000000,0.012903,-0.418302,-34.332882,0.011976,0.000000,0.000339,0.001740,-0.000207,0.000339,0.316197,0.144504,-9.803838,0.011308,0.004522,0.000000,1.850735,0.005479,27.000000,0.013045,-4.424068,0.000419,0.217825,0.000000,0.012000,0.000000,135,0,1,32,30,-0.005308,0.010891,-0.005531,-0.175155,0.224782,9.609736,0.279939,0.005479,0.034661,7,1,0,0.000000,0,-6.207704,0.000000,0.026655,0,0.234814,0.000000,0.033977,-6.207704,0.234814,1,1,1,1.799521,0.000000,0.000000,0.000000,0.000000,0.000000,0.000000,0.000000
6.1901,-4.424065,0.217825,0.004908,0.000000,0.026245,0.033977,0,0.234814,65,0.316533,0.143116,-4.424065,-0.003560,-6.232946,0.004908,-4.424068,-6.220963,0.004908,0.217825,0.000000,0.012776,-0.418302,-34.332882,0.011983,0.000000,0.000643,0.001823,-0.000194,0.000643,0.316533,0.143116,-9.803847,-0.004033,0.003447,0.000000,1.850762,0.005497,27.000000,0.013045,-4.424068,-0.003560,0.217825,0.000000,0.012000,0.000000,140,0,1,32,30,-0.003154,-0.004203,0.004962,-0.191915,-0.058770,10.114109,0.279966,0.005497,0.034664,6,1,0,0.000000,0,-6.207704,0.000000,0.026245,0,0.234814,0.000000,0.033977,-6.207704,0.234814,1,1,1,1.799554,0.000000,0.000000,0.000000,0.000000,0.000000,0.000000,0.000000
6.2001,-4.424069,0.217825,-0.001169,0.000000,0.027246,0.033977,0,0.234814,75,0.316278,0.145543,-4.424069,-0.001466,-6.233004,-0.001169,-4.424068,-6.221024,-0.001169,0.217825,0.000000,0.013001,-0.418302,-34.332882,0.011980,0.000000,0.000104,0.001832,0.000019,0.000104,0.316278,0.145543,-9.803820,0.008488,-0.003842,0.000000,1.850702,0.005475,27.000000,0.013045,-4.424068,-0.001466,0.217825,0.000000,0.012000,0.000000,145,0,1,32,30,0.003234,0.008722,-0.001283,-0.164548,0.013010,9.722461,0.279905,0.005475,0.034692,6,1,0,0.000000,0,-6.207704,0.000000,0.027246,0,0.234814,0.000000,0.033977,-6.207704,0.234814,1,1,1,1.799584,0.000000,0.000000,0.000000,0.000000,0.000000,0.000000,0.000000
6.2101,-4.424062,0.217825,0.011411,0.000000,0.025938,0.033977,0,0.234814,85,0.316548,0.144414,-4.424062,0.000419,-6.232953,0.011411,-4.424068,-6.220966,0.011411,0.217825,0.000000,0.012881,-0.418302,-34.332882,0.011987,0.000000,0.000392,0.001847,-0.000122,0.000392,0.316548,0.144414,-9.803828,-0.000083,0.001030,0.000000,1.850761,0.005473,27.000000,0.013045,-4.424068,0.000419,0.217825,0.000000,0.012000,0.000000,150,0,1,32,30,-0.001022,-0.000008,0.011412,-0.251560,0.327919,9.773421,0.279964,0.005473,0.034694,6,1,0,0.000000,0,-6.207704,0.000000,0.025938,0,0.234814,0.000000,0.033977,-6.207704,0.234814,1,1,1,1.799616,0.000000,0.000000,0.000000,0.000000,0.000000,0.000000,0.000000
6.2201,-4.423973,0.217825,-0.004628,0.000000,0.026925,0.033977,0,0.234814,95,0.316426,0.145012,-4.423973,0.000419,-6.232978,-0.004628,-4.423972,-6.220999,-0.004628,0.217825,0.000000,0.012955,-0.418302,-34.332882,0.011978,0.001000,0.000214,0.001833,-0.000089,0.000214,0.316426,0.145012,-9.803823,-0.003377,0.009823,0.001000,1.850726,0.005485,27.000000,0.013045,-4.423972,0.000419,0.217825,0.000000,0.012000,0.001000,155,0,1,32,30,-0.009561,-0.004108,-0.003575,-0.144407,-0.236297,9.777391,0.279930,0.005485,0.034695,6,1,0,0.000000,0,-6.207704,0.000000,0.026925,0,0.234814,0.000000,0.033977,-6.207704,0.234814,1,1,1,1.799646,0.000000,0.000000,0.000000,0.000000,0.000000,0.000000,0.000000
6.2301,-4.424068,0.217825,-0.005276,0.000000,0.026629,0.033977,0,0.234814,105,0.316833,0.144065,-4.424068,-0.000419,-6.232979,-0.005276,-4.424068,-6.221003,-0.005276,0.217825,0.000000,0.012876,-0.418302,-34.332882,0.011977,0.000000,0.000405,0.001835,-0.000109,0.000405,0.316833,0.144065,-9.803824,0.014849,-0.006423,0.000000,1.850723,0.005509,27.000000,0.013045,-4.424068,-0.000419,0.217825,0.000000,0.012000,0.000000,160,0,1,32,30,0.005361,0.015196,-0.005472,-0.155666,0.420880,9.994537,0.279926,0.005509,0.034715,6,1,0,0.000000,0,-6.207704,0.000000,0.026629,0,0.234814,0.000000,0.033977,-6.207704,0.234814,1,1,1,1.799678,0.000000,0.000000,0.000000,0.000000,0.000000,0.000000,0.000000
6.2401,-4.424068,0.217825,-0.002537,0.000000,0.026325,0.033977,0,0.234814,115,0.316407,0.145715,-4.424068,-0.001466,-6.232963,-0.002537,-4.424068,-6.220980,-0.002537,0.217825,0.000000,0.013045,-0.418302,-34.332882,0.011983,0.001000,0.000000,0.001909,-0.000109,0.000000,0.316407,0.145715,-9.803813,-0.006142,0.001456,0.000995,1.850745,0.005505,27.000000,0.013045,-4.424068,-0.001466,0.217825,0.000000,0.012000,0.001000,165,0,1,32,30,-0.001019,-0.006249,-0.001460,-0.222388,0.043315,9.588741,0.279949,0.005505,0.034709,7,1,0,0.000000,0,-6.207704,0.000000,0.026325,0,0.234814,0.000000,0.033977,-6.207704,0.234814,1,1,1,1.799708,0.000000,0.000000,0.000000,0.000000,0.000000,0.000000,0.000000
6.2501,-4.423975,0.217825,-0.006525,0.000000,0.026409,0.033977,0,0.234814,124,0.316729,0.143911,-4.423975,-0.000419,-6.232942,-0.006525,-4.423972,-6.220968,-0.006525,0.217825,0.000000,0.012863,-0.418302,-34.332882,0.011974,-0.001000,0.000434,0.001848,-0.000093,0.000434,0.316729,0.143911,-9.803829,0.011509,0.006648,-0.001000,1.850757,0.005510,27.000000,0.013045,-4.423972,-0.000419,0.217825,0.000000,0.012000,-0.001000,170,0,1,32,30,-0.007443,0.010913,-0.007666,-0.050438,0.194749,9.724361,0.279961,0.005510,0.034701,7,1,0,0.000000,0,-6.207704,0.000000,0.026409,0,0.234814,0.000000,0.033977,-6.207704,0.234814,1,1,1,1.799740,0.000000,0.000000,0.000000,0.000000,0.000000,0.000000,0.000000
6.2601,-4.424076,0.217825,-0.001703,0.000000,0.026493,0.033977,0,0.234814,134,0.316952,0.142817,-4.424076,0.000419,-6.232944,-0.001703,-4.424068,-6.220965,-0.001703,0.217825,0.000000,0.012750,-0.418302,-34.332882,0.011978,0.000000,0.000706,0.001834,-0.000086,0.000706,0.316952,0.142817,-9.803838,-0.011959,0.010419,0.000000,1.850760,0.005510,27.000000,0.013045,-4.424068,0.000419,0.217825,0.000000,0.012000,0.000000,175,0,1,32,30,-0.009551,-0.012684,-0.001542,-0.029852,0.065859,10.096326,0.279964,0.005510,0.034699,7,1,0,0.000000,0,-6.207704,0.000000,0.026493,0,0.234814,0.000000,0.033977,-6.207704,0.234814,1,1,1,1.799772,0.000000,0.000000,0.000000,0.000000,0.000000,0.000000,0.000000
6.2701,-4.423974,0.217825,-0.009801,0.000000,0.027200,0.033977,0,0.234814,144,0.316329,0.144902,-4.423974,0.000419,-6.232995,-0.009801,-4.423972,-6.221022,-0.009801,0.217825,0.000000,0.012957,-0.418302,-34.332882,0.011973,0.000000,0.000210,0.001881,0.000008,0.000210,0.316329,0.144902,-9.803828,0.004160,-0.007818,0.000000,1.850704,0.005496,27.000000,0.013045,-4.423972,0.000419,0.217825,0.000000,0.012000,0.000000,180,0,1,32,30,0.007505,0.004574,-0.009861,-0.231711,-0.033068,9.578398,0.279907,0.005496,0.034683,7,1,0,0.000000,0,-6.207704,0.000000,0.027200,0,0.234814,0.000000,0.033977,-6.207704,0.234814,1,1,1,1.799802,0.000000,0.000000,0.000000,0.000000,0.000000,0.000000,0.000000
6.2801,-4.423970,0.217825,0.005014,0.000000,0.027014,0.033977,0,0.234814,155,0.316843,0.143301,-4.423970,0.000419,-6.233037,0.005014,-4.423972,-6.221053,0.005014,0.217825,0.000000,0.012791,-0.418302,-34.332882,0.011983,0.000000,0.000608,0.001772,0.000092,0.000608,0.316843,0.143301,-9.803835,0.000085,0.001021,0.000000,1.850672,0.005500,27.000000,0.013045,-4.423972,0.000419,0.217825,0.000000,0.012000,0.000000,185,0,1,32,30,-0.001024,0.000077,0.005013,-0.270835,0.394489,9.802789,0.279876,0.005500,0.034699,7,1,0,0.000000,0,-6.207704,0.000000,0.027014,0,0.234814,0.000000,0.033977,-6.207704,0.234814,1,1,1,1.799833,0.000000,0.000000,0.000000,0.000000,0.000000,0.000000,0.000000
6.2901,-4.423877,0.217825,-0.006022,0.000000,0.025903,0.033977,0,0.234814,165,0.316425,0.145035,-4.423877,0.001466,-6.232963,-0.006022,-4.423877,-6.220987,-0.006022,0.217825,0.000000,0.012970,-0.418302,-34.332882,0.011976,0.000000,0.000178,0.001847,0.000005,0.000178,0.316425,0.145035,-9.803823,-0.014121,0.008434,0.000000,1.850738,0.005498,27.000000,0.013045,-4.423877,0.001466,0.217825,0.000000,0.012000,0.000000,190,0,1,32,30,-0.007415,-0.014758,-0.005831,-0.144009,-0.200406,9.969161,0.279942,0.005498,0.034696,7,1,0,0.000000,0,-6.207704,0.000000,0.025903,0,0.234814,0.000000,0.033977,-6.207704,0.234814,1,1,1,1.799863,0.000000,0.000000,0.000000,0.000000,0.000000,0.000000,0.000000
6.3001,-4.423876,0.217825,0.003203,0.000000,0.027198,0.033977,0,0.234814,175,0.316804,0.144605,-4.423876,0.000419,-6.233022,0.003203,-4.423877,-6.221040,0.003203,0.217825,0.000000,0.012910,-0.418302,-34.332882,0.011982,0.000000,0.000322,0.001848,-0.000009,0.000322,0.316804,0.144605,-9.803817,0.012349,-0.008393,0.000000,1.850686,0.005489,27.000000,0.013045,-4.423877,0.000419,0.217825,0.000000,0.012000,0.000000,195,0,1,32,30,0.007500,0.012951,0.003037,-0.193561,0.447543,10.157477,0.279890,0.005489,0.034724,6,1,0,0.000000,0,-6.207704,0.000000,0.027198,0,0.234814,0.000000,0.033977,-6.207704,0.234814,1,1,1,1.799894,0.000000,0.000000,0.000000,0.000000,0.000000,0.000000,0.000000
6.3101,-4.424069,0.217825,-0.001642,0.000000,0.027478,0.033977,0,0.234814,185,0.316762,0.143131,-4.424069,-0.001466,-6.233086,-0.001642,-4.424068,-6.221107,-0.001642,0.217825,0.000000,0.012774,-0.418302,-34.332882,0.011979,0.000000,0.000649,0.001861,-0.000185,0.000649,0.316762,0.143131,-9.803840,-0.010549,-0.000378,0.000000,1.850619,0.005498,27.000000,0.013045,-4.424068,-0.001466,0.217825,0.000000,0.012000,0.000000,200,0,1,32,30,0.001120,-0.010517,-0.001508,-0.250656,-0.099777,9.558575,0.279822,0.005498,0.034687,7,1,0,0.000000,0,-6.207704,0.000000,0.027478,0,0.234814,0.000000,0.033977,-6.207704,0.234814,1,1,1,1.799926,0.000000,0.000000,0.000000,0.000000,0.000000,0.000000,0.000000
6.3201,-4.423877,0.217825,-0.003204,0.000000,0.027036,0.033977,0,0.234814,195,0.316628,0.145148,-4.423877,0.001466,-6.233105,-0.003204,-4.423877,-6.221126,-0.003204,0.217825,0.000000,0.012976,-0.418302,-34.332882,0.011978,0.000000,0.000165,0.001905,0.000193,0.000165,0.316628,0.145148,-9.803814,0.013385,0.004375,0.000000,1.850599,0.005497,27.000000,0.013045,-4.423877,0.001466,0.217825,0.000000,0.012000,0.000000,4,0,1,32,30,-0.005309,0.013000,-0.003373,-0.117269,0.203686,9.772260,0.279803,0.005497,0.034718,6,1,0,0.000000,0,-6.207704,0.000000,0.027036,0,0.234814,0.000000,0.033977,-6.207704,0.234814,1,1,1,1.799955,0.000000,0.000000,0.000000,0.000000,0.000000,0.000000,0.000000
6.3301,-4.423779,0.217825,0.000548,0.000000,0.026588,0.033977,0,0.234814,205,0.317113,0.142938,-4.423779,0.001466,-6.233085,0.000548,-4.423781,-6.221105,0.000548,0.217825,0.000000,0.012780,-0.418302,-34.332882,0.011980,0.000000,0.000633,0.001803,0.000190,0.000633,0.317113,0.142938,-9.803831,-0.008908,-0.006909,0.000000,1.850620,0.005532,27.000000,0.013045,-4.423781,0.001466,0.217825,0.000000,0.012000,0.000000,9,0,1,32,30,0.007522,-0.008390,0.000655,-0.202964,0.333854,10.070195,0.279823,0.005532,0.034718,6,1,0,0.000000,0,-6.207704,0.000000,0.026588,0,0.234814,0.000000,0.033977,-6.207704,0.234814,1,1,1,1.799987,0.000000,0.000000,0.000000,0.000000,0.000000,0.000000,0.000000
6.3401,-4.423881,0.217825,-0.029156,0.000000,0.027832,0.033977,0,0.234814,215,0.316504,0.144709,-4.423881,0.001466,-6.233154,-0.029156,-4.423877,-6.221191,-0.029156,0.217825,0.000000,0.012959,-0.418302,-34.332882,0.011963,0.000000,0.000206,0.001849,0.000037,0.000206,0.316504,0.144709,-9.803825,-0.001297,-0.001013,0.000000,1.850534,0.005521,27.000000,0.013045,-4.423877,0.001466,0.217825,0.000000,0.012000,0.000000,14,0,1,32,30,0.001102,-0.001600,-0.029138,-0.222216,-0.013939,9.578596,0.279737,0.005521,0.034696,6,1,0,0.000000,0,-6.207704,0.000000,0.027832,0,0.234814,0.000000,0.033977,-6.207704,0.234814,1,1,1,1.800016,0.000000,0.000000,0.000000,0.000000,0.000000,0.000000,0.000000
6.3501,-4.423974,0.217825,0.003145,0.000000,0.028153,0.033977,0,0.234814,225,0.316764,0.143865,-4.423974,-0.001466,-6.233271,0.003145,-4.423972,-6.221289,0.003145,0.217825,0.000000,0.012853,-0.418302,-34.332882,0.011982,0.000000,0.000460,0.001982,-0.000089,0.000460,0.316764,0.143865,-9.803829,0.010652,-0.001855,0.000000,1.850436,0.005504,27.000000,0.013045,-4.423972,-0.001466,0.217825,0.000000,0.012000,0.000000,19,0,1,32,30,0.001099,0.010796,0.003006,-0.270842,0.328616,9.715992,0.279640,0.005504,0.034704,6,1,0,0.000000,0,-6.207704,0.000000,0.028153,0,0.234814,0.000000,0.033977,-6.207704,0.234814,1,1,1,1.800049,0.000000,0.000000,0.000000,0.000000,0.000000,0.000000,0.000000
6.3601,-4.423686,0.217825,-0.007890,0.000000,0.027674,0.033977,0,0.234814,234,0.317243,0.142606,-4.423686,0.002513,-6.233305,-0.007890,-4.423685,-6.221331,-0.007890,0.217825,0.000000,0.012729,-0.418302,-34.332882,0.011974,0.000000,0.000756,0.001859,0.000101,0.000756,0.317243,0.142606,-9.803832,-0.003409,0.007688,0.000000,1.850394,0.005516,27.000000,0.013045,-4.423685,0.002513,0.217825,0.000000,0.012000,0.000000,24,0,1,32,30,0.001115,-0.006243,-0.001458,-0.153842,-0.114471,9.979589,0.279603,0.005524,0.034728,6,1,0,0.000000,0,-6.207704,0.000000,0.027674,0,0.234814,0.000000,0.033977,-6.207704,0.234814,1,1,1,1.800130,0.000000,0.000000,0.000000,0.000000,0.000000,0.000000,0.000000
6.3701,-4.423687,0.217825,-0.003247,0.000000,0.026537,0.033977,0,0.234814,245,0.317118,0.143627,-4.423687,0.001466,-6.233250,-0.003247,-4.423685,-6.221272,-0.003247,0.217825,0.000000,0.012863,-0.418302,-34.332882,0.011978,0.000000,0.000435,0.001846,-0.000011,0.000435,0.317118,0.143627,-9.803821,0.010383,-0.008257,0.000000,1.850453,0.005546,27.000000,0.013045,-4.423685,0.001466,0.217825,0.000000,0.012000,0.000000,29,0,1,32,30,0.007501,0.010899,-0.003387,-0.069268,0.419395,10.118994,0.279656,0.005546,0.034734,6,1,0,0.000000,0,-6.207704,0.000000,0.026537,0,0.234814,0.000000,0.033977,-6.207704,0.234814,1,1,1,1.800161,0.000000,0.000000,0.000000,0.000000,0.000000,0.000000,0.000000
6.3801,-4.423692,0.217825,-0.007885,0.000000,0.027050,0.033977,0,0.234814,255,0.317208,0.142716,-4.423692,-0.000419,-6.233239,-0.007885,-4.423685,-6.221265,-0.007885,0.217825,0.000000,0.012761,-0.418302,-34.332882,0.011975,0.000000,0.000678,0.001762,0.000026,0.000678,0.317208,0.142716,-9.803831,-0.003844,0.001299,0.000000,1.850460,0.005537,27.000000,0.013045,-4.423685,-0.000419,0.217825,0.000000,0.012000,0.000000,34,0,1,32,30,-0.001023,-0.004027,-0.007834,-0.183745,-0.109067,9.539384,0.279664,0.005537,0.034722,6,1,0,0.000000,0,-6.207704,0.000000,0.027050,0,0.234814,0.000000,0.033977,-6.207704,0.234814,1,1,1,1.800193,0.000000,0.000000,0.000000,0.000000,0.000000,0.000000,0.000000
6.3901,-4.423685,0.217825,-0.011686,0.000000,0.027560,0.033977,0,0.234814,9,0.317156,0.143858,-4.423685,0.001466,-6.233274,-0.011686,-4.423685,-6.221301,-0.011686,0.217825,0.000000,0.012892,-0.418302,-34.332882,0.011973,0.000000,0.000366,0.001854,0.000002,0.000366,0.317156,0.143858,-9.803816,0.016030,0.008469,0.000000,1.850423,0.005553,27.000000,0.013045,-4.423685,0.001466,0.217825,0.000000,0.012000,0.000000,39,0,1,32,30,-0.009583,0.015238,-0.011884,-0.001572,-0.035890,9.817780,0.279626,0.005553,0.034743,6,1,0,0.000000,0,-6.207704,0.000000,0.027560,0,0.234814,0.000000,0.033977,-6.207704,0.234814,1,1,1,1.800223,0.000000,0.000000,0.000000,0.000000,0.000000,0.000000,0.000000
6.4001,-4.423586,0.217825,0.009221,0.000000,0.027318,0.033977,0,0.234814,18,0.317572,0.143145,-4.423586,0.000419,-6.233297,0.009221,-4.423589,-6.221312,0.009221,0.217825,0.000000,0.012821,-0.418302,-34.332882,0.011985,0.000000,0.000535,0.002004,0.000088,0.000535,0.317572,0.143145,-9.803813,-0.001721,0.007565,0.000000,1.850412,0.005562,27.000000,0.013045,-4.423589,0.000419,0.217825,0.000000,0.012000,0.000000,44,0,1,32,30,-0.007424,-0.002135,0.009249,-0.163574,0.055754,10.134418,0.279616,0.005562,0.034768,6,1,0,0.000000,0,-6.207704,0.000000,0.027318,0,0.234814,0.000000,0.033977,-6.207704,0.234814,1,1,1,1.800300,0.000000,0.000000,0.000000,0.000000,0.000000,0.000000,0.000000
6.4101,-4.423684,0.217825,-0.003567,0.000000,0.026247,0.033977,0,0.234814,29,0.317235,0.144075,-4.423684,0.000419,-6.233209,-0.003567,-4.423685,-6.221231,-0.003567,0.217825,0.000000,0.012924,-0.418302,-34.332882,0.011978,0.000000,0.000288,0.001862,-0.000105,0.000288,0.317235,0.144075,-9.803811,-0.001968,-0.000973,-0.000000,1.850492,0.005566,27.000000,0.013045,-4.423685,0.000419,0.217825,0.000000,0.012000,0.000000,49,0,1,32,30,0.001110,-0.001941,-0.003542,-0.278778,-0.149369,9.701613,0.279696,0.005566,0.034755,7,1,0,0.000000,0,-6.207704,0.000000,0.026247,0,0.234814,0.000000,0.033977,-6.207704,0.234814,1,1,1,1.800331,0.000000,0.000000,0.000000,0.000000,0.000000,0.000000,0.000000
6.4201,-4.423686,0.217825,-0.001123,0.000000,0.028056,0.033977,0,0.234814,39,0.317642,0.142698,-4.423686,0.000419,-6.233293,-0.001123,-4.423685,-6.221315,-0.001123,0.217825,0.000000,0.012787,-0.418302,-34.332882,0.011979,0.000000,0.000617,0.001825,-0.000077,0.000617,0.317642,0.142698,-9.803818,0.010908,0.000265,0.000000,1.850409,0.005574,27.000000,0.013045,-4.423685,0.000419,0.217825,0.000000,0.012000,0.000000,54,0,1,32,30,-0.001037,0.010847,-0.001261,-0.156825,0.491938,9.660286,0.279613,0.005574,0.034765,7,1,0,0.000000,0,-6.207704,0.000000,0.028056,0,0.234814,0.000000,0.033977,-6.207704,0.234814,1,1,1,1.800363,0.000000,0.000000,0.000000,0.000000,0.000000,0.000000,0.000000
6.4301,-4.423684,0.217825,0.004902,0.000000,0.027385,0.033977,0,0.234814,49,0.317054,0.144041,-4.423684,-0.000419,-6.233312,0.004902,-4.423685,-6.221328,0.004902,0.217825,0.000000,0.012945,-0.418302,-34.332882,0.011984,0.000000,0.000239,0.001770,-0.000005,0.000239,0.317054,0.144041,-9.803817,-0.003598,0.009837,0.000000,1.850394,0.005586,27.000000,0.013045,-4.423685,-0.000419,0.217825,0.000000,0.012000,0.000000,59,0,1,32,30,-0.009558,-0.004221,0.004957,-0.163324,-0.114830,10.008289,0.279598,0.005586,0.034736,7,1,0,0.000000,0,-6.207704,0.000000,0.027385,0,0.234814,0.000000,0.033977,-6.207704,0.234814,1,1,1,1.800401,0.000000,0.000000,0.000000,0.000000,0.000000,0.000000,0.000000
6.4401,-4.423678,0.217825,0.016097,0.000000,0.026723,0.033977,0,0.234814,58,0.317496,0.143358,-4.423678,0.000419,-6.233274,0.016097,-4.423685,-6.221285,0.016097,0.217825,0.000000,0.012857,-0.418302,-34.332882,0.011989,0.000000,0.000450,0.001842,-0.000030,0.000450,0.317496,0.143358,-9.803813,0.016711,-0.002285,0.000000,1.850439,0.005575,27.000000,0.013045,-4.423685,0.000419,0.217825,0.000000,0.012000,0.000000,64,0,1,32,30,0.001096,0.017037,0.015879,-0.117514,0.289508,9.792263,0.279642,0.005575,0.034765,6,1,0,0.000000,0,-6.207704,0.000000,0.026723,0,0.234814,0.000000,0.033977,-6.207704,0.234814,1,1,1,1.800434,0.000000,0.000000,0.000000,0.000000,0.000000,0.000000,0.000000
6.4501,-4.423688,0.217825,-0.007937,0.000000,0.026970,0.033977,0,0.234814,69,0.317912,0.142595,-4.423688,0.001466,-6.233243,-0.007937,-4.423685,-6.221269,-0.007937,0.217825,0.000000,0.012776,-0.418302,-34.332882,0.011974,0.000000,0.000642,0.001834,0.000004,0.000642,0.317912,0.142595,-9.803810,-0.005975,0.001448,0.000000,1.850455,0.005580,27.000000,0.013045,-4.423685,0.001466,0.217825,0.000000,0.012000,0.000000,69,0,1,32,30,-0.001021,-0.006164,-0.007859,-0.269196,-0.064720,9.817315,0.279658,0.005580,0.034790,7,1,0,0.000000,0,-6.207704,0.000000,0.026970,0,0.234814,0.000000,0.033977,-6.207704,0.234814,1,1,1,1.800465,0.000000,0.000000,0.000000,0.000000,0.000000,0.000000,0.000000
6.4601,-4.423686,0.217825,0.000740,0.000000,0.027861,0.033977,0,0.234814,79,0.317466,0.144427,-4.423686,0.001466,-6.233310,0.000740,-4.423685,-6.221330,0.000740,0.217825,0.000000,0.012986,-0.418302,-34.332882,0.011981,0.000000,0.000142,0.001835,-0.000090,0.000142,0.317466,0.144427,-9.803798,0.000922,0.011662,-0.000000,1.850392,0.005597,27.000000,0.013045,-4.423685,0.001466,0.217825,0.000000,0.012000,0.000000,74,0,1,32,30,-0.011698,0.000103,0.000739,-0.077601,-0.132140,9.864615,0.279596,0.005597,0.034786,6,1,0,0.000000,0,-6.207704,0.000000,0.027861,0,0.234814,0.000000,0.033977,-6.207704,0.234814,1,1,1,1.800494,0.000000,0.000000,0.000000,0.000000,0.000000,0.000000,0.000000
6.4701,-4.423688,0.217825,-0.001434,0.000000,0.028307,0.033977,0,0.234814,88,0.317976,0.143185,-4.423688,-0.000419,-6.233397,-0.001434,-4.423685,-6.221418,-0.001434,0.217825,0.000000,0.012868,-0.418302,-34.332882,0.011979,0.000000,0.000424,0.001871,0.000015,0.000424,0.317976,0.143185,-9.803800,-0.002024,-0.000970,0.000000,1.850304,0.005614,27.000000,0.013045,-4.423685,-0.000419,0.217825,0.000000,0.012000,0.000000,79,0,1,32,30,0.001111,-0.001969,-0.001409,-0.086988,0.149529,10.288539,0.279508,0.005614,0.034809,6,1,0,0.000000,0,-6.207704,0.000000,0.028307,0,0.234814,0.000000,0.033977,-6.207704,0.234814,1,1,1,1.800582,0.000000,0.000000,0.000000,0.000000,0.000000,0.000000,0.000000
6.4801,-4.423592,0.217825,-0.007886,0.000000,0.027111,0.033977,0,0.234814,99,0.317896,0.144053,-4.423592,0.000419,-6.233366,-0.007886,-4.423589,-6.221391,-0.007886,0.217825,0.000000,0.012941,-0.418302,-34.332882,0.011975,0.000000,0.000249,0.001860,0.000023,0.000249,0.317896,0.144053,-9.803790,-0.003843,0.001299,0.000000,1.850331,0.005599,27.000000,0.013045,-4.423589,0.000419,0.217825,0.000000,0.012000,0.000000,84,0,1,32,30,-0.001023,-0.004027,-0.007834,-0.241247,-0.070850,9.539730,0.279535,0.005599,0.034821,7,1,0,0.000000,0,-6.207704,0.000000,0.027111,0,0.234814,0.000000,0.033977,-6.207704,0.234814,1,1,1,1.800612,0.000000,0.000000,0.000000,0.000000,0.000000,0.000000,0.000000
6.4901,-4.423401,0.217825,-0.003306,0.000000,0.028879,0.033977,0,0.234814,109,0.318395,0.143421,-4.423401,0.002513,-6.233495,-0.003306,-4.423397,-6.221517,-0.003306,0.217825,0.000000,0.012872,-0.418302,-34.332882,0.011978,0.000000,0.000412,0.001847,0.000109,0.000412,0.318395,0.143421,-9.803783,0.008833,0.000409,0.000000,1.850206,0.005604,27.000000,0.013045,-4.423397,0.002513,0.217825,0.000000,0.012000,0.000000,89,0,1,32,30,-0.001036,0.008738,-0.003419,-0.204480,0.538308,9.775566,0.279409,0.005604,0.034856,6,1,0,0.000000,0,-6.207704,0.000000,0.028879,0,0.234814,0.000000,0.033977,-6.207704,0.234814,1,1,1,1.800772,0.000000,0.000000,0.000000,0.000000,0.000000,0.000000,0.000000
6.5001,-4.423589,0.217825,-0.000575,0.000000,0.027353,0.033977,0,0.234814,119,0.318262,0.143846,-4.423589,-0.001466,-6.233475,-0.000575,-4.423589,-6.221494,-0.000575,0.217825,0.000000,0.012951,-0.418302,-34.332882,0.011981,0.001000,0.000225,0.001842,-0.000189,0.000225,0.318262,0.143846,-9.803781,-0.011865,0.012558,0.001000,1.850227,0.005638,27.000000,0.013045,-4.423589,-0.001466,0.217825,0.000000,0.012000,0.001000,94,0,1,32,30,-0.011685,-0.012719,0.000589,-0.105199,-0.136986,10.256936,0.279431,0.005638,0.034852,6,1,0,0.000000,0,-6.207704,0.000000,0.027353,0,0.234814,0.000000,0.033977,-6.207704,0.234814,1,1,1,1.800802,0.000000,0.000000,0.000000,0.000000,0.000000,0.000000,0.000000
6.5101,-4.423495,0.217825,0.001074,0.000000,0.027766,0.033977,0,0.234814,129,0.318574,0.142805,-4.423495,0.000419,-6.233490,0.001074,-4.423493,-6.221510,0.001074,0.217825,0.000000,0.012840,-0.418302,-34.332882,0.011980,0.000000,0.000489,0.001838,0.000001,0.000489,0.318574,0.142805,-9.803786,0.012111,-0.012661,0.000000,1.850212,0.005637,27.000000,0.013045,-4.423493,0.000419,0.217825,0.000000,0.012000,0.000000,99,0,1,32,30,0.011769,0.012992,0.000907,-0.175015,0.327725,9.792609,0.279415,0.005637,0.034861,6,1,0,0.000000,0,-6.207704,0.000000,0.027766,0,0.234814,0.000000,0.033977,-6.207704,0.234814,1,1,1,1.800834,0.000000,0.000000,0.000000,0.000000,0.000000,0.000000,0.000000
6.5201,-4.423401,0.217825,-0.005909,0.000000,0.028981,0.033977,0,0.234814,139,0.318600,0.142173,-4.423401,0.002513,-6.233599,-0.005909,-4.423397,-6.221624,-0.005909,0.217825,0.000000,0.012775,-0.418302,-34.332882,0.011975,0.000000,0.000646,0.001923,0.000120,0.000646,0.318600,0.142173,-9.803794,-0.010293,0.001752,0.000000,1.850098,0.005635,27.000000,0.013045,-4.423397,0.002513,0.217825,0.000000,0.012000,0.000000,104,0,1,32,30,-0.001016,-0.010466,-0.005776,-0.221865,-0.024915,9.693331,0.279301,0.005635,0.034849,7,1,0,0.000000,0,-6.207704,0.000000,0.028981,0,0.234814,0.000000,0.033977,-6.207704,0.234814,1,1,1,1.800917,0.000000,0.000000,0.000000,0.000000,0.000000,0.000000,0.000000
6.5301,-4.423497,0.217825,-0.018137,0.000000,0.028601,0.033977,0,0.234814,149,0.318161,0.144296,-4.423497,-0.001466,-6.233655,-0.018137,-4.423493,-6.221688,-0.018137,0.217825,0.000000,0.012981,-0.418302,-34.332882,0.011967,0.000000,0.000153,0.001974,0.000030,0.000153,0.318161,0.144296,-9.803777,0.014214,0.010736,0.000000,1.850034,0.005620,27.000000,0.013045,-4.423493,-0.001466,0.217825,0.000000,0.012000,0.000000,109,0,1,32,30,-0.011718,0.013180,-0.018309,-0.135844,-0.015307,9.693483,0.279238,0.005620,0.034852,7,1,0,0.000000,0,-6.207704,0.000000,0.028601,0,0.234814,0.000000,0.033977,-6.207704,0.234814,1,1,1,1.801003,0.000000,0.000000,0.000000,0.000000,0.000000,0.000000,0.000000
6.5401,-4.423293,0.217825,0.009389,0.000000,0.027999,0.033977,0,0.234814,159,0.318626,0.142547,-4.423293,0.002513,-6.233675,0.009389,-4.423301,-6.221690,0.009389,0.217825,0.000000,0.012803,-0.418302,-34.332882,0.011985,0.000000,0.000579,0.001866,0.000064,0.000579,0.318626,0.142547,-9.803788,0.003799,-0.005662,0.000000,1.850032,0.005626,27.000000,0.013045,-4.423301,0.002513,0.217825,0.000000,0.012000,0.000000,114,0,1,32,30,0.005377,0.004312,0.009334,-0.087716,0.284575,10.194192,0.279235,0.005626,0.034860,6,1,0,0.000000,0,-6.207704,0.000000,0.027999,0,0.234814,0.000000,0.033977,-6.207704,0.234814,1,1,1,1.801090,0.000000,0.000000,0.000000,0.000000,0.000000,0.000000,0.000000
6.5501,-4.423297,0.217825,0.004856,0.000000,0.028177,0.033977,0,0.234814,167,0.318295,0.143990,-4.423297,0.001466,-6.233690,0.004856,-4.423301,-6.221707,0.004856,0.217825,0.000000,0.012957,-0.418302,-34.332882,0.011983,0.000000,0.002014,0.002196,-0.000097,0.002014,0.318295,0.143990,-9.803778,-0.006309,0.001470,0.000000,1.850014,0.005630,27.000000,0.013045,-4.423301,0.001466,0.217825,0.000000,0.012000,0.000000,119,0,1,32,30,-0.001017,-0.006334,0.004939,-0.174098,-0.194177,9.461971,0.279218,0.005630,0.034859,6,1,0,0.000000,0,-6.207704,0.000000,0.028177,0,0.234814,0.000000,0.033977,-6.207704,0.234814,1,1,1,1.801154,0.000000,0.000000,0.000000,0.000000,0.000000,0.000000,0.000000
6.5601,-4.423211,0.217825,-0.007312,0.000000,0.028876,0.033977,0,0.234814,177,0.318869,0.142857,-4.423211,0.000419,-6.233754,-0.007312,-4.423206,-6.221780,-0.007312,0.217825,0.000000,0.012834,-0.418302,-34.332882,0.011974,0.000000,0.002394,0.002143,0.000109,0.002394,0.318869,0.142857,-9.803776,0.019746,0.001780,0.000000,1.849942,0.005632,27.000000,0.013045,-4.423206,0.000419,0.217825,0.000000,0.012000,0.000000,124,0,1,32,30,-0.003183,0.019473,-0.007563,-0.108197,0.300017,9.715811,0.279145,0.005632,0.034891,7,1,0,0.000000,0,-6.207704,0.000000,0.028876,0,0.234814,0.000000,0.033977,-6.207704,0.234814,1,1,1,1.801234,0.000000,0.000000,0.000000,0.000000,0.000000,0.000000,0.000000
6.5701,-4.423199,0.217825,0.005746,0.000000,0.027674,0.033977,0,0.234814,189,0.319217,0.141876,-4.423199,0.000419,-6.233722,0.005746,-4.423206,-6.221740,0.005746,0.217825,0.000000,0.012747,-0.418302,-34.332882,0.011982,-0.001000,0.000712,0.001977,-0.000009,0.000712,0.319217,0.141876,-9.803778,-0.009985,0.010289,-0.001000,1.849981,0.005651,27.000000,0.013045,-4.423206,0.000419,0.217825,0.000000,0.012000,-0.001000,129,0,1,32,30,-0.001016,-0.006391,0.009205,-0.125301,0.130974,10.240475,0.279182,0.005658,0.034911,6,1,0,0.000000,0,-6.207704,0.000000,0.027674,0,0.234814,0.000000,0.033977,-6.207704,0.234814,1,1,1,1.801296,0.000000,0.000000,0.000000,0.000000,0.000000,0.000000,0.000000
6.5801,-4.423200,0.217825,0.012683,0.000000,0.027954,0.033977,0,0.234814,199,0.319080,0.143231,-4.423200,0.001466,-6.233718,0.012683,-4.423206,-6.221730,0.012683,0.217825,0.000000,0.012897,-0.418302,-34.332882,0.011988,-0.001000,0.000353,0.001849,-0.000216,0.000353,0.319080,0.143231,-9.803763,0.009843,-0.010368,-0.001000,1.849990,0.005663,27.000000,0.013045,-4.423206,0.001466,0.217825,0.000000,0.012000,-0.001000,134,0,1,32,30,0.009640,0.010707,0.011545,-0.088696,0.326593,9.888358,0.279194,0.005663,0.034920,7,1,0,0.000000,0,-6.207704,0.000000,0.027954,0,0.234814,0.000000,0.033977,-6.207704,0.234814,1,1,1,1.801368,0.000000,0.000000,0.000000,0.000000,0.000000,0.000000,0.000000
6.5901,-4.423114,0.217825,0.000544,0.000000,0.028452,0.033977,0,0.234814,209,0.319255,0.142443,-4.423114,0.000419,-6.233744,0.000544,-4.423110,-6.221764,0.000544,0.217825,0.000000,0.012819,-0.418302,-34.332882,0.011980,0.000000,0.000540,0.001944,-0.000090,0.000540,0.319255,0.142443,-9.803769,-0.008620,-0.002644,0.000000,1.849957,0.005667,27.000000,0.013045,-4.423110,0.000419,0.217825,0.000000,0.012000,0.000000,139,0,1,32,30,0.003253,-0.008402,0.000651,-0.289735,0.148696,9.570616,0.279161,0.005667,0.034920,6,1,0,0.000000,0,-6.207704,0.000000,0.028452,0,0.234814,0.000000,0.033977,-6.207704,0.234814,1,1,1,1.801400,0.000000,0.000000,0.000000,0.000000,0.000000,0.000000,0.000000
6.6001,-4.423110,0.217825,-0.010026,0.000000,0.027682,0.033977,0,0.234814,219,0.319236,0.143494,-4.423110,-0.000419,-6.233700,-0.010026,-4.423110,-6.221727,-0.010026,0.217825,0.000000,0.012928,-0.418302,-34.332882,0.011973,0.000000,0.000280,0.001678,-0.000095,0.000280,0.319236,0.143494,-9.803754,-0.003201,0.009816,0.000000,1.849993,0.005671,27.000000,0.013045,-4.423110,-0.000419,0.217825,0.000000,0.012000,0.000000,144,0,1,32,30,-0.009563,-0.004023,-0.009974,-0.240849,-0.072617,9.683269,0.279197,0.005671,0.034942,7,1,0,0.000000,0,-6.207704,0.000000,0.027682,0,0.234814,0.000000,0.033977,-6.207704,0.234814,1,1,1,1.801430,0.000000,0.000000,0.000000,0.000000,0.000000,0.000000,0.000000
6.6101,-4.423017,0.217825,0.002826,0.000000,0.028519,0.033977,0,0.234814,229,0.319595,0.142004,-4.423017,-0.000419,-6.233748,0.002826,-4.423014,-6.221767,0.002826,0.217825,0.000000,0.012764,-0.418302,-34.332882,0.011981,0.000000,0.000671,0.001848,0.000006,0.000671,0.319595,0.142004,-9.803764,-0.001697,0.005427,-0.000000,1.849954,0.005664,27.000000,0.013045,-4.423014,-0.000419,0.217825,0.000000,0.012000,0.000000,149,0,1,32,30,-0.005292,-0.002044,0.002852,-0.183206,0.218061,10.155178,0.279158,0.005664,0.034945,7,1,0,0.000000,0,-6.207704,0.000000,0.028519,0,0.234814,0.000000,0.033977,-6.207704,0.234814,1,1,1,1.801464,0.000000,0.000000,0.000000,0.000000,0.000000,0.000000,0.000000
6.6201,-4.423110,0.217825,-0.003670,0.000000,0.028688,0.033977,0,0.234814,239,0.319163,0.144162,-4.423110,-0.001466,-6.233792,-0.003670,-4.423110,-6.221814,-0.003670,0.217825,0.000000,0.012973,-0.418302,-34.332882,0.011978,0.000000,0.000173,0.001958,-0.000076,0.000173,0.319163,0.144162,-9.803747,-0.006377,-0.002801,0.000000,1.849907,0.005647,27.000000,0.013045,-4.423110,-0.001466,0.217825,0.000000,0.012000,0.000000,154,0,1,32,30,0.003249,-0.006208,-0.003590,-0.279460,-0.118091,9.491379,0.279111,0.005647,0.034949,6,1,0,0.000000,0,-6.207704,0.000000,0.028688,0,0.234814,0.000000,0.033977,-6.207704,0.234814,1,1,1,1.801506,0.000000,0.000000,0.000000,0.000000,0.000000,0.000000,0.000000
6.6301,-4.422815,0.217825,0.007462,0.000000,0.027416,0.033977,0,0.234814,248,0.319744,0.142869,-4.422815,0.000419,-6.233732,0.007462,-4.422822,-6.221747,0.007462,0.217825,0.000000,0.012854,-0.418302,-34.332882,0.011985,0.000000,0.000456,0.001826,0.000166,0.000456,0.319744,0.142869,-9.803747,0.012670,-0.002011,0.000000,1.849974,0.005670,27.000000,0.013045,-4.422822,0.000419,0.217825,0.000000,0.012000,0.000000,159,0,1,32,30,0.001098,0.012876,0.007297,-0.117778,0.366003,9.793032,0.279177,0.005670,0.034978,7,1,0,0.000000,0,-6.207704,0.000000,0.027416,0,0.234814,0.000000,0.033977,-6.207704,0.234814,1,1,1,1.801632,0.000000,0.000000,0.000000,0.000000,0.000000,0.000000,0.000000
6.6401,-4.422838,0.217825,-0.018596,0.000000,0.028373,0.033977,0,0.234814,1,0.319438,0.144669,-4.422838,-0.000419,-6.233754,-0.018596,-4.422822,-6.221771,-0.018596,0.217825,0.000000,0.013045,-0.418302,-34.332882,0.011983,0.000000,0.001972,0.002038,0.000009,0.001972,0.319438,0.144669,-9.803730,-0.005692,0.001436,-0.000005,1.849949,0.005675,27.000000,0.013045,-4.422822,-0.000419,0.217825,0.000000,0.012000,0.000000,164,0,1,32,30,-0.001025,-0.006022,-0.018524,-0.288237,0.236186,10.231856,0.279153,0.005675,0.034988,7,1,0,0.000000,0,-6.207704,0.000000,0.028373,0,0.234814,0.000000,0.033977,-6.207704,0.234814,1,1,1,1.801662,0.000000,0.000000,0.000000,0.000000,0.000000,0.000000,0.000000
6.6501,-4.422822,0.217825,-0.003143,0.000000,0.029007,0.033977,0,0.234814,13,0.319443,0.143589,-4.422822,-0.000419,-6.233821,-0.003143,-4.422822,-6.221844,-0.003143,0.217825,0.000000,0.012957,-0.418302,-34.332882,0.011978,0.000000,0.000210,0.002001,0.000003,0.000210,0.319443,0.143589,-9.803746,0.014786,-0.006438,0.000000,1.849876,0.005695,27.000000,0.013045,-4.422822,-0.000419,0.217825,0.000000,0.012000,0.000000,169,0,1,32,30,0.005361,0.015167,-0.003339,-0.174354,0.174144,9.838920,0.279079,0.005695,0.034964,7,1,0,0.000000,0,-6.207704,0.000000,0.029007,0,0.234814,0.000000,0.033977,-6.207704,0.234814,1,1,1,1.801719,0.000000,0.000000,0.000000,0.000000,0.000000,0.000000,0.000000
6.6601,-4.422822,0.217825,-0.009653,0.000000,0.028503,0.033977,0,0.234814,22,0.319446,0.144546,-4.422822,0.000419,-6.233836,-0.009653,-4.422822,-6.221862,-0.009653,0.217825,0.000000,0.013029,-0.418302,-34.332882,0.011974,0.000000,0.000039,0.001855,0.000004,0.000039,0.319446,0.144546,-9.803732,0.011427,0.004502,0.000000,1.849858,0.005671,27.000000,0.013045,-4.422822,0.000419,0.217825,0.000000,0.012000,0.000000,174,0,1,32,30,-0.005309,0.010948,-0.009797,-0.280642,0.367330,9.678094,0.279061,0.005671,0.034986,7,1,0,0.000000,0,-6.207704,0.000000,0.028503,0,0.234814,0.000000,0.033977,-6.207704,0.234814,1,1,1,1.801756,0.000000,0.000000,0.000000,0.000000,0.000000,0.000000,0.000000
6.6701,-4.422632,0.217825,-0.002469,0.000000,0.028602,0.033977,0,0.234814,33,0.319691,0.143690,-4.422632,0.003560,-6.233864,-0.002469,-4.422630,-6.221886,-0.002469,0.217825,0.000000,0.012916,-0.418302,-34.332882,0.011977,-0.001000,0.000309,0.001838,0.000281,0.000309,0.319691,0.143690,-9.803737,0.002882,0.007244,-0.001000,1.849835,0.005649,27.000000,0.013045,-4.422630,0.003560,0.217825,0.000000,0.012000,-0.001000,179,0,1,32,30,-0.007433,0.002309,-0.003499,-0.105797,-0.266141,9.872821,0.279038,0.005649,0.034991,6,1,0,0.000000,0,-6.207704,0.000000,0.028602,0,0.234814,0.000000,0.033977,-6.207704,0.234814,1,1,1,1.801898,0.000000,0.000000,0.000000,0.000000,0.000000,0.000000,0.000000
6.6801,-4.422641,0.217825,-0.018277,0.000000,0.029608,0.033977,0,0.234814,43,0.319758,0.142130,-4.422641,0.002513,-6.233958,-0.018277,-4.422630,-6.221990,-0.018277,0.217825,0.000000,0.012797,-0.418302,-34.332882,0.011968,0.000000,0.000592,0.001827,0.000130,0.000592,0.319758,0.142130,-9.803757,0.006354,-0.010118,0.000000,1.849730,0.005688,27.000000,0.013045,-4.422630,0.002513,0.217825,0.000000,0.012000,0.000000,184,0,1,32,30,0.009635,0.006830,-0.018366,-0.212492,0.437263,10.214786,0.278934,0.005688,0.034964,6,1,0,0.000000,0,-6.207704,0.000000,0.029608,0,0.234814,0.000000,0.033977,-6.207704,0.234814,1,1,1,1.801977,0.000000,0.000000,0.000000,0.000000,0.000000,0.000000,0.000000
6.6901,-4.422724,0.217825,-0.001696,0.000000,0.028559,0.033977,0,0.234814,51,0.319227,0.143312,-4.422724,-0.000419,-6.233968,-0.001696,-4.422726,-6.221989,-0.001696,0.217825,0.000000,0.012923,-0.418302,-34.332882,0.011979,0.000000,0.002079,0.002076,-0.000107,0.002079,0.319227,0.143312,-9.803757,-0.012681,-0.000212,0.000000,1.849731,0.005684,27.000000,0.013045,-4.422726,-0.000419,0.217825,0.000000,0.012000,0.000000,189,0,1,32,30,0.001122,-0.012654,-0.001533,-0.231500,-0.109328,9.558491,0.278934,0.005684,0.034937,6,1,0,0.000000,0,-6.207704,0.000000,0.028559,0,0.234814,0.000000,0.033977,-6.207704,0.234814,1,1,1,1.802027,0.000000,0.000000,0.000000,0.000000,0.000000,0.000000,0.000000
6.7001,-4.422442,0.217825,0.007402,0.000000,0.028027,0.033977,0,0.234814,63,0.319841,0.142315,-4.422442,0.002513,-6.233928,0.007402,-4.422438,-6.221944,0.007402,0.217825,0.000000,0.012770,-0.418302,-34.332882,0.011984,0.000000,0.000658,0.001851,-0.000106,0.000658,0.319841,0.142315,-9.803752,0.011130,0.006654,-0.000000,1.849778,0.005643,27.000000,0.013045,-4.422438,0.002513,0.217825,0.000000,0.012000,0.000000,194,0,1,32,30,-0.007438,0.010715,0.007265,-0.117725,0.328109,9.763940,0.278981,0.005643,0.034976,6,1,0,0.000000,0,-6.207704,0.000000,0.028027,0,0.234814,0.000000,0.033977,-6.207704,0.234814,1,1,1,1.802171,0.000000,0.000000,0.000000,0.000000,0.000000,0.000000,0.000000
6.7101,-4.422255,0.217825,-0.001549,0.000000,0.029381,0.033977,0,0.234814,73,0.319904,0.141851,-4.422255,-0.000419,-6.233997,-0.001549,-4.422247,-6.222019,-0.001549,0.217825,0.000000,0.012722,-0.418302,-34.332882,0.011978,0.000000,0.000773,0.001843,0.000017,0.000773,0.319904,0.141851,-9.803756,-0.005399,0.012114,-0.000000,1.849703,0.005643,27.000000,0.013045,-4.422247,-0.000419,0.217825,0.000000,0.012000,0.000000,199,0,1,32,30,0.001119,-0.012512,-0.012198,-0.193225,0.191844,9.953930,0.278907,0.005653,0.034978,6,1,0,0.000000,0,-6.207704,0.000000,0.029381,0,0.234814,0.000000,0.033977,-6.207704,0.234814,1,1,1,1.802279,0.000000,0.000000,0.000000,0.000000,0.000000,0.000000,0.000000
6.7201,-4.422244,0.217825,0.012681,0.000000,0.028123,0.033977,0,0.234814,83,0.319473,0.143523,-4.422244,0.001466,-6.233963,0.012681,-4.422247,-6.221977,0.012681,0.217825,0.000000,0.012915,-0.418302,-34.332882,0.011987,-0.001000,0.000312,0.001838,-0.000011,0.000312,0.319473,0.143523,-9.803746,0.009981,-0.008248,-0.001000,1.849744,0.005660,27.000000,0.013045,-4.422247,0.001466,0.217825,0.000000,0.012000,-0.001000,3,0,1,32,30,0.007505,0.010701,0.011544,-0.078600,0.013528,9.684240,0.278948,0.005660,0.034966,6,1,0,0.000000,0,-6.207704,0.000000,0.028123,0,0.234814,0.000000,0.033977,-6.207704,0.234814,1,1,1,1.802356,0.000000,0.000000,0.000000,0.000000,0.000000,0.000000,0.000000
6.7301,-4.422152,0.217825,-0.000095,0.000000,0.027611,0.033977,0,0.234814,92,0.319809,0.144479,-4.422152,0.003560,-6.233880,-0.000095,-4.422151,-6.221899,-0.000095,0.217825,0.000000,0.012988,-0.418302,-34.332882,0.011981,0.001000,0.000136,0.001845,-0.000101,0.000136,0.319809,0.144479,-9.803721,0.006739,0.002686,0.001000,1.849822,0.005646,27.000000,0.013045,-4.422151,0.003560,0.217825,0.000000,0.012000,0.001000,8,0,1,32,30,-0.003167,0.006538,0.000820,-0.184987,0.348375,9.668395,0.279026,0.005646,0.035020,7,1,0,0.000000,0,-6.207704,0.000000,0.027611,0,0.234814,0.000000,0.033977,-6.207704,0.234814,1,1,1,1.802386,0.000000,0.000000,0.000000,0.000000,0.000000,0.000000,0.000000
6.7401,-4.421867,0.217825,-0.010081,0.000000,0.029335,0.033977,0,0.234814,102,0.319997,0.143090,-4.421867,0.003560,-6.233952,-0.010081,-4.421863,-6.221978,-0.010081,0.217825,0.000000,0.012857,-0.418302,-34.332882,0.011974,0.000000,0.000449,0.001846,0.000026,0.000449,0.319997,0.143090,-9.803735,-0.005023,0.014232,0.000000,1.849743,0.005657,27.000000,0.013045,-4.421863,0.003560,0.217825,0.000000,0.012000,0.000000,13,0,1,32,30,-0.013830,-0.006172,-0.010003,-0.010585,-0.179560,9.835471,0.278947,0.005657,0.035009,6,1,0,0.000000,0,-6.207704,0.000000,0.029335,0,0.234814,0.000000,0.033977,-6.207704,0.234814,1,1,1,1.802545,0.000000,0.000000,0.000000,0.000000,0.000000,0.000000,0.000000
6.7501,-4.421865,0.217825,-0.001162,0.000000,0.029153,0.033977,0,0.234814,113,0.320248,0.141930,-4.421865,0.001466,-6.234007,-0.001162,-4.421863,-6.222028,-0.001162,0.217825,0.000000,0.012766,-0.418302,-34.332882,0.011978,0.000000,0.000668,0.001959,0.000004,0.000668,0.320248,0.141930,-9.803744,0.007735,-0.014507,0.000000,1.849692,0.005687,27.000000,0.013045,-4.421863,0.001466,0.217825,0.000000,0.012000,0.000000,18,0,1,32,30,0.013907,0.008753,-0.001274,-0.069214,0.456818,10.186364,0.278896,0.005687,0.035008,7,1,0,0.000000,0,-6.207704,0.000000,0.029153,0,0.234814,0.000000,0.033977,-6.207704,0.234814,1,1,1,1.802613,0.000000,0.000000,0.000000,0.000000,0.000000,0.000000,0.000000
6.7601,-4.421671,0.217825,0.009275,0.000000,0.027506,0.033977,0,0.234814,123,0.320109,0.144174,-4.421671,0.002513,-6.233920,0.009275,-4.421671,-6.221933,0.009275,0.217825,0.000000,0.012951,-0.418302,-34.332882,0.011986,0.000000,0.000224,0.001880,0.000088,0.000224,0.320109,0.144174,-9.803716,0.000273,0.005286,0.000000,1.849788,0.005646,27.000000,0.013045,-4.421671,0.002513,0.217825,0.000000,0.012000,0.000000,23,0,1,32,30,-0.005292,0.000008,0.009276,-0.231426,-0.024920,9.693325,0.278992,0.005646,0.035044,7,1,0,0.000000,0,-6.207704,0.000000,0.027506,0,0.234814,0.000000,0.033977,-6.207704,0.234814,1,1,1,1.802688,0.000000,0.000000,0.000000,0.000000,0.000000,0.000000,0.000000
6.7701,-4.421387,0.217825,-0.018236,0.000000,0.028273,0.033977,0,0.234814,133,0.320540,0.143297,-4.421387,0.003560,-6.233885,-0.018236,-4.421384,-6.221918,-0.018236,0.217825,0.000000,0.012848,-0.418302,-34.332882,0.011967,0.000000,0.000471,0.001952,0.000095,0.000471,0.320540,0.143297,-9.803715,0.009373,0.002496,0.000000,1.849804,0.005639,27.000000,0.013045,-4.421384,0.003560,0.217825,0.000000,0.012000,0.000000,28,0,1,32,30,-0.003175,0.008930,-0.018352,-0.166267,0.434914,9.630996,0.279008,0.005639,0.035067,7,1,0,0.000000,0,-6.207704,0.000000,0.028273,0,0.234814,0.000000,0.033977,-6.207704,0.234814,1,1,1,1.802848,0.000000,0.000000,0.000000,0.000000,0.000000,0.000000,0.000000
6.7801,-4.421288,0.217825,-0.001592,0.000000,0.029222,0.033977,0,0.234814,143,0.320002,0.144411,-4.421288,0.002513,-6.233964,-0.001592,-4.421287,-6.221984,-0.001592,0.217825,0.000000,0.013014,-0.418302,-34.332882,0.011979,0.000000,0.000074,0.001946,-0.000184,0.000074,0.320002,0.144411,-9.803716,-0.008419,-0.000503,0.000000,1.849736,0.005683,27.000000,0.013045,-4.421287,0.002513,0.217825,0.000000,0.012000,0.000000,33,0,1,32,30,0.001118,-0.008380,-0.001483,-0.087841,0.388696,10.281372,0.278939,0.005683,0.035038,6,1,0,0.000000,0,-6.207704,0.000000,0.029222,0,0.234814,0.000000,0.033977,-6.207704,0.234814,1,1,1,1.803057,0.000000,0.000000,0.000000,0.000000,0.000000,0.000000,0.000000
6.7901,-4.420895,0.217825,0.017915,0.000000,0.027712,0.033977,0,0.234814,153,0.320351,0.142730,-4.420895,0.002513,-6.233904,0.017915,-4.420904,-6.221913,0.017915,0.217825,0.000000,0.012848,-0.418302,-34.332882,0.011990,0.000000,0.000472,0.001893,0.000160,0.000472,0.320351,0.142730,-9.803729,0.003864,-0.001398,0.000000,1.849806,0.005691,27.000000,0.013045,-4.420904,0.002513,0.217825,0.000000,0.012000,0.000000,38,0,1,32,30,0.001110,0.004187,0.017863,-0.136598,0.119857,9.589566,0.279010,0.005691,0.035036,6,1,0,0.000000,0,-6.207704,0.000000,0.027712,0,0.234814,0.000000,0.033977,-6.207704,0.234814,1,1,1,1.803165,0.000000,0.000000,0.000000,0.000000,0.000000,0.000000,0.000000
6.8001,-4.420521,0.217825,0.003202,0.000000,0.027539,0.033977,0,0.234814,163,0.320413,0.144983,-4.420521,0.004503,-6.233822,0.003202,-4.420521,-6.221840,0.003202,0.217825,0.000000,0.013043,-0.418302,-34.332882,0.011982,0.000000,0.000005,0.001850,0.000181,0.000005,0.320413,0.144983,-9.803694,0.012624,-0.004176,0.000000,1.849880,0.005664,27.000000,0.013045,-4.420521,0.004503,0.217825,0.000000,0.012000,0.000000,43,0,1,32,30,0.003231,0.012939,0.003033,-0.290316,0.414899,9.697706,0.279084,0.005664,0.035092,6,1,0,0.000000,0,-6.207704,0.000000,0.027539,0,0.234814,0.000000,0.033977,-6.207704,0.234814,1,1,1,1.803344,0.000000,0.000000,0.000000,0.000000,0.000000,0.000000,0.000000
6.8101,-4.420040,0.217825,-0.005757,0.000000,0.028021,0.033977,0,0.234814,172,0.320493,0.143324,-4.420040,0.007645,-6.233795,-0.005757,-4.420041,-6.221819,-0.005757,0.217825,0.000000,0.012906,-0.418302,-34.332882,0.011976,0.000000,0.000333,0.001836,0.000004,0.000333,0.320493,0.143324,-9.803716,-0.003588,0.005575,0.000000,1.849900,0.005693,27.000000,0.013045,-4.420041,0.007645,0.217825,0.000000,0.012000,0.000000,48,0,1,32,30,-0.005292,-0.004067,-0.005705,-0.077258,-0.246648,9.844324,0.279104,0.005693,0.035063,7,1,0,0.000000,0,-6.207704,0.000000,0.028021,0,0.234814,0.000000,0.033977,-6.207704,0.234814,1,1,1,1.803605,0.000000,0.000000,0.000000,0.000000,0.000000,0.000000,0.000000
6.8201,-4.419557,0.217825,0.006360,0.000000,0.027032,0.033977,0,0.234814,183,0.321066,0.141435,-4.419557,0.004503,-6.233704,0.006360,-4.419562,-6.221720,0.006360,0.217825,0.000000,0.012755,-0.418302,-34.332882,0.011985,0.001000,0.000694,0.001829,0.000083,0.000694,0.321066,0.141435,-9.803724,0.008095,-0.005995,0.001000,1.849999,0.005743,27.000000,0.013045,-4.419562,0.004503,0.217825,0.000000,0.012000,0.001000,53,0,1,32,30,0.005371,0.008615,0.007251,-0.117002,0.428460,10.157335,0.279203,0.005743,0.035079,7,1,0,0.000000,0,-6.207704,0.000000,0.027032,0,0.234814,0.000000,0.033977,-6.207704,0.234814,1,1,1,1.803837,0.000000,0.000000,0.000000,0.000000,0.000000,0.000000,0.000000
6.8301,-4.419078,0.217825,0.013435,0.000000,0.026481,0.033977,0,0.234814,193,0.320893,0.143393,-4.419078,0.007645,-6.233578,0.013435,-4.419083,-6.221590,0.013435,0.217825,0.000000,0.012929,-0.418302,-34.332882,0.011988,0.000000,0.000277,0.002000,0.000243,0.000277,0.320893,0.143393,-9.803702,-0.004085,0.005610,0.000000,1.850129,0.005719,27.000000,0.013045,-4.419083,0.007645,0.217825,0.000000,0.012000,0.000000,58,0,1,32,30,-0.005286,-0.004323,0.013492,-0.289160,0.004913,9.597882,0.279332,0.005719,0.035104,6,1,0,0.000000,0,-6.207704,0.000000,0.026481,0,0.234814,0.000000,0.033977,-6.207704,0.234814,1,1,1,1.804046,0.000000,0.000000,0.000000,0.000000,0.000000,0.000000,0.000000
6.8401,-4.419081,0.217825,0.003197,0.000000,0.027112,0.033977,0,0.234814,203,0.321246,0.142617,-4.419081,0.002513,-6.233517,0.003197,-4.419083,-6.221535,0.003197,0.217825,0.000000,0.012840,-0.418302,-34.332882,0.011981,0.000000,0.000489,0.002008,-0.000008,0.000489,0.321246,0.142617,-9.803701,0.012774,-0.002066,0.000000,1.850184,0.005715,27.000000,0.013045,-4.419083,0.002513,0.217825,0.000000,0.012000,0.000000,63,0,1,32,30,0.001096,0.012933,0.003031,-0.117726,0.290450,9.715709,0.279388,0.005715,0.035122,7,1,0,0.000000,0,-6.207704,0.000000,0.027112,0,0.234814,0.000000,0.033977,-6.207704,0.234814,1,1,1,1.804082,0.000000,0.000000,0.000000,0.000000,0.000000,0.000000,0.000000
6.8501,-4.419078,0.217825,0.030504,0.000000,0.026233,0.033977,0,0.234814,213,0.320796,0.143457,-4.419078,-0.000419,-6.233414,0.030504,-4.419083,-6.221416,0.030504,0.217825,0.000000,0.012972,-0.418302,-34.332882,0.011998,0.000000,0.000175,0.001988,-0.000048,0.000175,0.320796,0.143457,-9.803704,-0.005308,-0.005006,0.000000,1.850301,0.005752,27.000000,0.013045,-4.419083,-0.000419,0.217825,0.000000,0.012000,0.000000,68,0,1,32,30,0.005392,-0.004519,0.030565,-0.115997,0.198030,10.231585,0.279505,0.005752,0.035096,6,1,0,0.000000,0,-6.207704,0.000000,0.026233,0,0.234814,0.000000,0.033977,-6.207704,0.234814,1,1,1,1.804115,0.000000,0.000000,0.000000,0.000000,0.000000,0.000000,0.000000
6.8601,-4.418878,0.217825,0.024372,0.000000,0.024554,0.033977,0,0.234814,223,0.320658,0.142258,-4.418878,0.001466,-6.233171,0.024372,-4.418891,-6.221177,0.024372,0.217825,0.000000,0.012836,-0.418302,-34.332882,0.011994,0.000000,0.000499,0.001938,0.000050,0.000499,0.320658,0.142258,-9.803726,0.005204,-0.010070,0.000000,1.850542,0.005734,27.000000,0.013045,-4.418891,0.001466,0.217825,0.000000,0.012000,0.000000,73,0,1,32,30,0.009648,0.006263,0.024294,-0.155523,0.024816,9.540748,0.279745,0.005734,0.035056,6,1,0,0.000000,0,-6.207704,0.000000,0.024554,0,0.234814,0.000000,0.033977,-6.207704,0.234814,1,1,1,1.804150,0.000000,0.000000,0.000000,0.000000,0.000000,0.000000,0.000000
6.8701,-4.418890,0.217825,0.015836,0.000000,0.024595,0.033977,0,0.234814,233,0.320424,0.143561,-4.418890,0.002513,-6.232970,0.015836,-4.418891,-6.220981,0.015836,0.217825,0.000000,0.012978,-0.418302,-34.332882,0.011989,0.000000,0.000159,0.001846,-0.000034,0.000159,0.320424,0.143561,-9.803715,0.006046,-0.001569,0.000000,1.850737,0.005741,27.000000,0.013045,-4.418891,0.002513,0.217825,0.000000,0.012000,0.000000,78,0,1,32,30,0.001107,0.006352,0.015755,-0.146641,0.395027,9.764593,0.279940,0.005741,0.035061,6,1,0,0.000000,0,-6.207704,0.000000,0.024595,0,0.234814,0.000000,0.033977,-6.207704,0.234814,1,1,1,1.804182,0.000000,0.000000,0.000000,0.000000,0.000000,0.000000,0.000000
6.8801,-4.418789,0.217825,0.013546,0.000000,0.025727,0.033977,0,0.234814,242,0.320597,0.141720,-4.418789,-0.001466,-6.232899,0.013546,-4.418795,-6.220912,0.013546,0.217825,0.000000,0.012836,-0.418302,-34.332882,0.011987,0.000000,0.000499,0.001867,0.000085,0.000499,0.320597,0.141720,-9.803736,-0.000288,-0.001095,0.000000,1.850805,0.005786,27.000000,0.013045,-4.418795,-0.001466,0.217825,0.000000,0.012000,0.000000,83,0,1,32,30,0.001113,-0.000030,0.013547,-0.039283,-0.160688,9.854783,0.280008,0.005786,0.035038,6,1,0,0.000000,0,-6.207704,0.000000,0.025727,0,0.234814,0.000000,0.033977,-6.207704,0.234814,1,1,1,1.804216,0.000000,0.000000,0.000000,0.000000,0.000000,0.000000,0.000000
6.8901,-4.418678,0.217825,0.015736,0.000000,0.024241,0.033977,0,0.234814,253,0.320995,0.140626,-4.418678,0.000419,-6.232719,0.015736,-4.418699,-6.220731,0.015736,0.217825,0.000000,0.012739,-0.418302,-34.332882,0.011988,0.000000,0.000731,0.001862,-0.000134,0.000731,0.320995,0.140626,-9.803738,0.001321,-0.007638,0.000000,1.850986,0.005806,27.000000,0.013045,-4.418699,0.000419,0.217825,0.000000,0.012000,0.000000,88,0,1,32,30,0.007515,0.002097,0.015710,-0.116916,0.493980,10.272840,0.280189,0.005806,0.035054,6,1,0,0.000000,0,-6.207704,0.000000,0.024241,0,0.234814,0.000000,0.033977,-6.207704,0.234814,1,1,1,1.804250,0.000000,0.000000,0.000000,0.000000,0.000000,0.000000,0.000000
6.9001,-4.418599,0.217825,0.020732,0.000000,0.024667,0.033977,0,0.234814,7,0.320791,0.142543,-4.418599,0.002513,-6.232606,0.020732,-4.418603,-6.220616,0.020732,0.217825,0.000000,0.012892,-0.418302,-34.332882,0.011991,-0.001000,0.000367,0.001849,0.000067,0.000367,0.320791,0.142543,-9.803717,-0.008822,0.001685,-0.001000,1.851102,0.005763,27.000000,0.013045,-4.418603,0.002513,0.217825,0.000000,0.012000,-0.001000,93,0,1,32,30,-0.001010,-0.008669,0.019845,-0.250589,-0.043583,9.654843,0.280306,0.005763,0.035076,6,1,0,0.000000,0,-6.207704,0.000000,0.024667,0,0.234814,0.000000,0.033977,-6.207704,0.234814,1,1,1,1.804281,0.000000,0.000000,0.000000,0.000000,0.000000,0.000000,0.000000
6.9101,-4.418498,0.217825,0.011570,0.000000,0.025229,0.033977,0,0.234814,16,0.320847,0.141507,-4.418498,-0.000419,-6.232552,0.011570,-4.418507,-6.220566,0.011570,0.217825,0.000000,0.012798,-0.418302,-34.332882,0.011986,0.000000,0.000589,0.001871,-0.000023,0.000589,0.320847,0.141507,-9.803731,0.006159,-0.001578,0.000000,1.851151,0.005775,27.000000,0.013045,-4.418507,-0.000419,0.217825,0.000000,0.012000,0.000000,98,0,1,32,30,0.001106,0.006409,0.011489,-0.079089,0.185172,9.724246,0.280355,0.005775,0.035058,6,1,0,0.000000,0,-6.207704,0.000000,0.025229,0,0.234814,0.000000,0.033977,-6.207704,0.234814,1,1,1,1.804315,0.000000,0.000000,0.000000,0.000000,0.000000,0.000000,0.000000
6.9201,-4.418410,0.217825,0.005121,0.000000,0.024611,0.033977,0,0.234814,27,0.320690,0.142232,-4.418410,0.000419,-6.232456,0.005121,-4.418411,-6.220474,0.005121,0.217825,0.000000,0.012906,-0.418302,-34.332882,0.011982,0.000000,0.000331,0.001923,-0.000011,0.000331,0.320690,0.142232,-9.803725,0.004195,-0.001429,0.000000,1.851243,0.005807,27.000000,0.013045,-4.418411,0.000419,0.217825,0.000000,0.012000,0.000000,103,0,1,32,30,0.001106,0.004357,0.005065,-0.087907,0.370161,10.233333,0.280446,0.005807,0.035059,6,1,0,0.000000,0,-6.207704,0.000000,0.024611,0,0.234814,0.000000,0.033977,-6.207704,0.234814,1,1,1,1.804346,0.000000,0.000000,0.000000,0.000000,0.000000,0.000000,0.000000
6.9301,-4.418319,0.217825,-0.005639,0.000000,0.024765,0.033977,0,0.234814,37,0.320840,0.141397,-4.418319,0.001466,-6.232384,-0.005639,-4.418316,-6.220409,-0.005639,0.217825,0.000000,0.012793,-0.418302,-34.332882,0.011975,0.000000,0.000603,0.001900,0.000093,0.000603,0.320840,0.141397,-9.803732,-0.000414,-0.009642,0.000000,1.851308,0.005780,27.000000,0.013045,-4.418316,0.001466,0.217825,0.000000,0.012000,0.000000,108,0,1,32,30,0.009646,0.000249,-0.005643,-0.155827,0.195635,9.647738,0.280512,0.005780,0.035055,6,1,0,0.000000,0,-6.207704,0.000000,0.024765,0,0.234814,0.000000,0.033977,-6.207704,0.234814,1,1,1,1.804380,0.000000,0.000000,0.000000,0.000000,0.000000,0.000000,0.000000
6.9401,-4.418322,0.217825,-0.009913,0.000000,0.026199,0.033977,0,0.234814,47,0.320916,0.141121,-4.418322,0.001466,-6.232447,-0.009913,-4.418316,-6.220475,-0.009913,0.217825,0.000000,0.012763,-0.418302,-34.332882,0.011972,0.000000,0.000674,0.002004,-0.000014,0.000674,0.320916,0.141121,-9.803734,0.000479,0.000995,0.000000,1.851243,0.005779,27.000000,0.013045,-4.418316,0.001466,0.217825,0.000000,0.012000,0.000000,113,0,1,32,30,-0.001040,0.010960,-0.009793,-0.108210,0.318906,9.735143,0.280453,0.005778,0.035057,6,1,0,0.000000,0,-6.207704,0.000000,0.026199,0,0.234814,0.000000,0.033977,-6.207704,0.234814,1,1,1,1.804413,0.000000,0.000000,0.000000,0.000000,0.000000,0.000000,0.000000
6.9501,-4.418120,0.217825,0.009223,0.000000,0.025323,0.033977,0,0.234814,57,0.320735,0.142178,-4.418120,0.003560,-6.232441,0.009223,-4.418123,-6.220457,0.009223,0.217825,0.000000,0.012869,-0.418302,-34.332882,0.011984,0.000000,0.000421,0.001677,0.000088,0.000421,0.320735,0.142178,-9.803725,-0.001837,0.005446,0.000000,1.851261,0.005776,27.000000,0.013045,-4.418123,0.003560,0.217825,0.000000,0.012000,0.000000,118,0,1,32,30,-0.005290,-0.002129,0.009251,-0.115596,-0.152109,9.931382,0.280464,0.005776,0.035062,6,1,0,0.000000,0,-6.207704,0.000000,0.025323,0,0.234814,0.000000,0.033977,-6.207704,0.234814,1,1,1,1.804444,0.000000,0.000000,0.000000,0.000000,0.000000,0.000000,0.000000
6.9601,-4.418125,0.217825,0.005332,0.000000,0.024945,0.033977,0,0.234814,67,0.321407,0.141464,-4.418125,0.000419,-6.232392,0.005332,-4.418123,-6.220410,0.005332,0.217825,0.000000,0.012775,-0.418302,-34.332882,0.011982,0.000000,0.000646,0.001854,-0.000011,0.000646,0.321407,0.141464,-9.803713,0.012402,-0.006332,0.000000,1.851308,0.005768,27.000000,0.013045,-4.418123,0.000419,0.217825,0.000000,0.012000,0.000000,123,0,1,32,30,0.005366,0.012917,0.005168,-0.145693,0.437889,10.166982,0.280512,0.005768,0.035113,7,1,0,0.000000,0,-6.207704,0.000000,0.024945,0,0.234814,0.000000,0.033977,-6.207704,0.234814,1,1,1,1.804478,0.000000,0.000000,0.000000,0.000000,0.000000,0.000000,0.000000
6.9701,-4.417931,0.217825,0.004802,0.000000,0.024993,0.033977,0,0.234814,77,0.321105,0.142781,-4.417931,0.001466,-6.232357,0.004802,-4.417932,-6.220375,0.004802,0.217825,0.000000,0.012917,-0.418302,-34.332882,0.011982,0.000000,0.000307,0.002013,-0.000010,0.000307,0.321105,0.142781,-9.803704,-0.008274,0.003794,0.000000,1.851342,0.005772,27.000000,0.013045,-4.417932,0.001466,0.217825,0.000000,0.012000,0.000000,128,0,1,32,30,-0.003150,-0.008477,0.004912,-0.117534,0.167205,9.628337,0.280546,0.005772,0.035112,6,1,0,0.000000,0,-6.207704,0.000000,0.024993,0,0.234814,0.000000,0.033977,-6.207704,0.234814,1,1,1,1.804509,0.000000,0.000000,0.000000,0.000000,0.000000,0.000000,0.000000
6.9801,-4.418026,0.217825,-0.003417,0.000000,0.024873,0.033977,0,0.234814,87,0.321277,0.141032,-4.418026,0.001466,-6.232312,-0.003417,-4.418028,-6.220336,-0.003417,0.217825,0.000000,0.012766,-0.418302,-34.332882,0.011976,0.000000,0.000667,0.001950,0.000075,0.000667,0.321277,0.141032,-9.803723,0.005045,0.007070,0.000000,1.851381,0.005799,27.000000,0.013045,-4.418028,0.001466,0.217825,0.000000,0.012000,0.000000,133,0,1,32,30,-0.007435,0.004446,-0.003474,-0.021647,0.194293,9.762657,0.280584,0.005799,0.035091,7,1,0,0.000000,0,-6.207704,0.000000,0.024873,0,0.234814,0.000000,0.033977,-6.207704,0.234814,1,1,1,1.804543,0.000000,0.000000,0.000000,0.000000,0.000000,0.000000,0.000000
6.9901,-4.418032,0.217825,0.005012,0.000000,0.025558,0.033977,0,0.234814,96,0.321097,0.142213,-4.418032,0.000419,-6.232343,0.005012,-4.418028,-6.220361,0.005012,0.217825,0.000000,0.012888,-0.418302,-34.332882,0.011982,0.000000,0.000376,0.001856,0.000108,0.000376,0.321097,0.142213,-9.803712,0.000248,0.003149,-0.000000,1.851356,0.005799,27.000000,0.013045,-4.418028,0.000419,0.217825,0.000000,0.012000,0.000000,138,0,1,32,30,-0.003159,0.000071,0.005012,-0.164955,0.485570,10.177019,0.280559,0.005799,0.035099,6,1,0,0.000000,0,-6.207704,0.000000,0.025558,0,0.234814,0.000000,0.033977,-6.207704,0.234814,1,1,1,1.804574,0.000000,0.000000,0.000000,0.000000,0.000000,0.000000,0.000000
7.0001,-4.417927,0.217825,0.002941,0.000000,0.025432,0.033977,0,0.234814,106,0.321221,0.142025,-4.417927,0.000419,-6.232351,0.002941,-4.417932,-6.220371,0.002941,0.217825,0.000000,0.012854,-0.418302,-34.332882,0.011981,0.000000,0.000457,0.001838,0.000013,0.000457,0.321221,0.142025,-9.803711,0.001647,-0.007660,-0.000000,1.851346,0.005787,27.000000,0.013045,-4.417932,0.000419,0.217825,0.000000,0.012000,0.000000,143,0,1,32,30,0.007511,0.002267,0.002912,-0.260858,0.138442,9.627954,0.280550,0.005787,0.035107,7,1,0,0.000000,0,-6.207704,0.000000,0.025432,0,0.234814,0.000000,0.033977,-6.207704,0.234814,1,1,1,1.804607,0.000000,0.000000,0.000000,0.000000,0.000000,0.000000,0.000000
7.0101,-4.418028,0.217825,-0.000405,0.000000,0.024587,0.033977,0,0.234814,117,0.321380,0.141035,-4.418028,0.000419,-6.232288,-0.000405,-4.418028,-6.220309,-0.000405,0.217825,0.000000,0.012754,-0.418302,-34.332882,0.011980,0.001000,0.000696,0.001987,-0.000021,0.000696,0.321380,0.141035,-9.803720,-0.006346,-0.000633,0.001000,1.851409,0.005789,27.000000,0.013045,-4.418028,0.000419,0.217825,0.000000,0.012000,0.001000,148,0,1,32,30,0.001116,-0.006271,0.000675,-0.194575,0.310829,9.610589,0.280612,0.005789,0.035101,7,1,0,0.000000,0,-6.207704,0.000000,0.024587,0,0.234814,0.000000,0.033977,-6.207704,0.234814,1,1,1,1.804640,0.000000,0.000000,0.000000,0.000000,0.000000,0.000000,0.000000
7.0201,-4.418028,0.217825,0.004896,0.000000,0.025652,0.033977,0,0.234814,127,0.320945,0.142380,-4.418028,0.000419,-6.232327,0.004896,-4.418028,-6.220346,0.004896,0.217825,0.000000,0.012902,-0.418302,-34.332882,0.011982,0.000000,0.000343,0.001931,-0.000090,0.000343,0.320945,0.142380,-9.803715,-0.003070,0.016244,0.000000,1.851371,0.005793,27.000000,0.013045,-4.418028,0.000419,0.217825,0.000000,0.012000,0.000000,153,0,1,32,30,-0.015962,-0.004240,0.004951,-0.000586,-0.162670,10.017485,0.280575,0.005793,0.035087,6,1,0,0.000000,0,-6.207704,0.000000,0.025652,0,0.234814,0.000000,0.033977,-6.207704,0.234814,1,1,1,1.804672,0.000000,0.000000,0.000000,0.000000,0.000000,0.000000,0.000000
7.0301,-4.417934,0.217825,-0.003250,0.000000,0.024921,0.033977,0,0.234814,137,0.321312,0.140747,-4.417934,0.000419,-6.232292,-0.003250,-4.417932,-6.220315,-0.003250,0.217825,0.000000,0.012738,-0.418302,-34.332882,0.011976,0.000000,0.000733,0.001892,-0.000009,0.000733,0.321312,0.140747,-9.803726,0.010493,-0.006187,0.000000,1.851401,0.005800,27.000000,0.013045,-4.417932,0.000419,0.217825,0.000000,0.012000,0.000000,158,0,1,32,30,0.005366,0.010893,-0.003389,-0.155646,0.467865,10.062002,0.280605,0.005800,0.035088,6,1,0,0.000000,0,-6.207704,0.000000,0.024921,0,0.234814,0.000000,0.033977,-6.207704,0.234814,1,1,1,1.804705,0.000000,0.000000,0.000000,0.000000,0.000000,0.000000,0.000000
7.0401,-4.417935,0.217825,-0.010065,0.000000,0.025847,0.033977,0,0.234814,146,0.320895,0.142181,-4.417935,0.002513,-6.232340,-0.010065,-4.417932,-6.220368,-0.010065,0.217825,0.000000,0.012888,-0.418302,-34.332882,0.011973,0.000000,0.000376,0.001866,0.000020,0.000376,0.320895,0.142181,-9.803719,-0.006382,-0.004908,0.000000,1.851349,0.005798,27.000000,0.013045,-4.417932,0.002513,0.217825,0.000000,0.012000,0.000000,163,0,1,32,30,0.005382,-0.006117,-0.009987,-0.251581,0.243276,9.657725,0.280553,0.005798,0.035078,6,1,0,0.000000,0,-6.207704,0.000000,0.025847,0,0.234814,0.000000,0.033977,-6.207704,0.234814,1,1,1,1.804736,0.000000,0.000000,0.000000,0.000000,0.000000,0.000000,0.000000
7.0501,-4.417834,0.217825,-0.002420,0.000000,0.026162,0.033977,0,0.234814,157,0.320873,0.142138,-4.417834,0.001466,-6.232414,-0.002420,-4.417836,-6.220437,-0.002420,0.217825,0.000000,0.012877,-0.418302,-34.332882,0.011976,-0.001000,0.000403,0.001989,0.000106,0.000403,0.320873,0.142138,-9.803721,0.005362,0.011327,-0.001000,1.851280,0.005791,27.000000,0.013045,-4.417836,0.001466,0.217825,0.000000,0.012000,-0.001000,168,0,1,32,30,-0.011704,0.004434,-0.003478,-0.040281,0.060298,9.770869,0.280483,0.005791,0.035075,6,1,0,0.000000,0,-6.207704,0.000000,0.026162,0,0.234814,0.000000,0.033977,-6.207704,0.234814,1,1,1,1.804818,0.000000,0.000000,0.000000,0.000000,0.000000,0.000000,0.000000
7.0601,-4.417933,0.217825,-0.003242,0.000000,0.025134,0.033977,0,0.234814,166,0.320977,0.142526,-4.417933,0.000419,-6.232386,-0.003242,-4.417932,-6.220410,-0.003242,0.217825,0.000000,0.012949,-0.418302,-34.332882,0.011977,0.000000,0.000229,0.001969,0.000012,0.000229,0.320977,0.142526,-9.803712,0.010021,-0.012574,0.000000,1.851306,0.005827,27.000000,0.013045,-4.417932,0.000419,0.217825,0.000000,0.012000,0.000000,173,0,1,32,30,0.011770,0.010912,-0.003384,-0.222133,0.399953,10.137839,0.280510,0.005827,0.035094,7,1,0,0.000000,0,-6.207704,0.000000,0.025134,0,0.234814,0.000000,0.033977,-6.207704,0.234814,1,1,1,1.804850,0.000000,0.000000,0.000000,0.000000,0.000000,0.000000,0.000000
7.0701,-4.417740,0.217825,0.004907,0.000000,0.025923,0.033977,0,0.234814,177,0.321243,0.141730,-4.417740,0.002513,-6.232434,0.004907,-4.417740,-6.220452,0.004907,0.217825,0.000000,0.012858,-0.418302,-34.332882,0.011982,0.000000,0.000446,0.001844,0.000001,0.000446,0.321243,0.141730,-9.803714,-0.004012,0.003472,0.000000,1.851264,0.005821,27.000000,0.013045,-4.417740,0.002513,0.217825,0.000000,0.012000,0.000000,178,0,1,32,30,-0.003154,-0.004203,0.004962,-0.250596,-0.034139,9.664509,0.280467,0.005821,0.035103,7,1,0,0.000000,0,-6.207704,0.000000,0.025923,0,0.234814,0.000000,0.033977,-6.207704,0.234814,1,1,1,1.804941,0.000000,0.000000,0.000000,0.000000,0.000000,0.000000,0.000000
7.0801,-4.417824,0.217825,-0.005598,0.000000,0.025092,0.033977,0,0.234814,185,0.321761,0.141185,-4.417824,0.000419,-6.232393,-0.005598,-4.417836,-6.220419,-0.005598,0.217825,0.000000,0.012778,-0.418302,-34.332882,0.011975,0.000000,0.002487,0.002117,0.000085,0.002487,0.321761,0.141185,-9.803705,0.002657,0.002969,0.000000,1.851298,0.005806,27.000000,0.013045,-4.417836,0.000419,0.217825,0.000000,0.012000,0.000000,183,0,1,32,30,-0.003164,0.002349,-0.005629,-0.251845,0.395089,9.754955,0.280502,0.005806,0.035142,7,1,0,0.000000,0,-6.207704,0.000000,0.025092,0,0.234814,0.000000,0.033977,-6.207704,0.234814,1,1,1,1.804974,0.000000,0.000000,0.000000,0.000000,0.000000,0.000000,0.000000
7.0901,-4.417933,0.217825,-0.008204,0.000000,0.025586,0.033977,0,0.234814,197,0.321297,0.142564,-4.417933,-0.000419,-6.232406,-0.008204,-4.417932,-6.220432,-0.008204,0.217825,0.000000,0.012931,-0.418302,-34.332882,0.011974,0.000000,0.000272,0.001954,-0.000093,0.000272,0.321297,0.142564,-9.803701,-0.016303,0.006547,0.000000,1.851284,0.005812,27.000000,0.013045,-4.417932,-0.000419,0.217825,0.000000,0.012000,0.000000,188,0,1,32,30,-0.005279,-0.016861,-0.007987,-0.086308,-0.145360,10.161160,0.280488,0.005812,0.035126,6,1,0,0.000000,0,-6.207704,0.000000,0.025586,0,0.234814,0.000000,0.033977,-6.207704,0.234814,1,1,1,1.805005,0.000000,0.000000,0.000000,0.000000,0.000000,0.000000,0.000000
7.1001,-4.417834,0.217825,-0.001004,0.000000,0.025002,0.033977,0,0.234814,207,0.321388,0.141682,-4.417834,0.000419,-6.232372,-0.001004,-4.417836,-6.220394,-0.001004,0.217825,0.000000,0.012860,-0.418302,-34.332882,0.011978,0.000000,0.000442,0.001869,0.000074,0.000442,0.321388,0.141682,-9.803710,0.014067,-0.015023,0.000000,1.851322,0.005831,27.000000,0.013045,-4.417836,0.000419,0.217825,0.000000,0.012000,0.000000,193,0,1,32,30,0.013901,0.015163,-0.001199,-0.126684,0.372497,10.041922,0.280525,0.005831,0.035116,6,1,0,0.000000,0,-6.207704,0.000000,0.025002,0,0.234814,0.000000,0.033977,-6.207704,0.234814,1,1,1,1.805037,0.000000,0.000000,0.000000,0.000000,0.000000,0.000000,0.000000
7.1101,-4.417837,0.217825,-0.010018,0.000000,0.025488,0.033977,0,0.234814,217,0.321437,0.142921,-4.417837,0.000419,-6.232376,-0.010018,-4.417836,-6.220403,-0.010018,0.217825,0.000000,0.012957,-0.418302,-34.332882,0.011973,0.000000,0.000210,0.001869,-0.000089,0.000210,0.321437,0.142921,-9.803691,-0.003779,0.001318,0.000000,1.851313,0.005806,27.000000,0.013045,-4.417836,0.000419,0.217825,0.000000,0.012000,0.000000,198,0,1,32,30,-0.001024,-0.003999,-0.009967,-0.213064,0.119698,9.599086,0.280517,0.005806,0.035148,6,1,0,0.000000,0,-6.207704,0.000000,0.025488,0,0.234814,0.000000,0.033977,-6.207704,0.234814,1,1,1,1.805068,0.000000,0.000000,0.000000,0.000000,0.000000,0.000000,0.000000
7.1201,-4.417931,0.217825,-0.003366,0.000000,0.026688,0.033977,0,0.234814,227,0.321465,0.141846,-4.417931,0.000419,-6.232487,-0.003366,-4.417932,-6.220511,-0.003366,0.217825,0.000000,0.012860,-0.418302,-34.332882,0.011977,0.000000,0.000442,0.001993,-0.000087,0.000442,0.321465,0.141846,-9.803705,0.007334,0.009037,0.000000,1.851205,0.005816,27.000000,0.013045,-4.417932,0.000419,0.217825,0.000000,0.012000,0.000000,2,0,1,32,30,-0.009572,0.006577,-0.003451,-0.002148,-0.005084,9.645822,0.280409,0.005816,0.035127,6,1,0,0.000000,0,-6.207704,0.000000,0.026688,0,0.234814,0.000000,0.033977,-6.207704,0.234814,1,1,1,1.805100,0.000000,0.000000,0.000000,0.000000,0.000000,0.000000,0.000000
7.1301,-4.417743,0.217825,-0.009912,0.000000,0.025997,0.033977,0,0.234814,237,0.321810,0.140324,-4.417743,0.001466,-6.232515,-0.009912,-4.417740,-6.220543,-0.009912,0.217825,0.000000,0.012729,-0.418302,-34.332882,0.011972,0.000000,0.000755,0.001880,0.000003,0.000755,0.321810,0.140324,-9.803716,0.000322,-0.001134,0.000000,1.851173,0.005844,27.000000,0.013045,-4.417740,0.001466,0.217825,0.000000,0.012000,0.000000,7,0,1,32,30,0.007500,0.010928,-0.005520,-0.145760,0.381695,10.070713,0.280383,0.005844,0.035129,7,1,0,0.000000,0,-6.207704,0.000000,0.025997,0,0.234814,0.000000,0.033977,-6.207704,0.234814,1,1,1,1.805172,0.000000,0.000000,0.000000,0.000000,0.000000,0.000000,0.000000
7.1401,-4.417836,0.217825,-0.005808,0.000000,0.026117,0.033977,0,0.234814,247,0.321748,0.142465,-4.417836,0.001466,-6.232555,-0.005808,-4.417836,-6.220579,-0.005808,0.217825,0.000000,0.012915,-0.418302,-34.332882,0.011975,0.000000,0.000311,0.002000,-0.000097,0.000311,0.321748,0.142465,-9.803687,-0.005864,0.003615,0.000000,1.851137,0.005816,27.000000,0.013045,-4.417836,0.001466,0.217825,0.000000,0.012000,0.000000,12,0,1,32,30,-0.003155,-0.006198,-0.005728,-0.250841,-0.098952,9.491590,0.280340,0.005816,0.035169,6,1,0,0.000000,0,-6.207704,0.000000,0.026117,0,0.234814,0.000000,0.033977,-6.207704,0.234814,1,1,1,1.805226,0.000000,0.000000,0.000000,0.000000,0.000000,0.000000,0.000000
7.1501,-4.417751,0.217825,-0.007721,0.000000,0.026305,0.033977,0,0.234814,1,0.322163,0.140649,-4.417751,0.002513,-6.232599,-0.007721,-4.417740,-6.220626,-0.007721,0.217825,0.000000,0.012753,-0.418302,-34.332882,0.011974,0.000000,0.000699,0.001868,0.000012,0.000699,0.322163,0.140649,-9.803700,0.001924,-0.007678,0.000000,1.851090,0.005843,27.000000,0.013045,-4.417740,0.002513,0.217825,0.000000,0.012000,0.000000,17,0,1,32,30,0.007508,0.002408,-0.007753,-0.117666,0.318429,9.773413,0.280294,0.005843,0.035170,6,1,0,0.000000,0,-6.207704,0.000000,0.026305,0,0.234814,0.000000,0.033977,-6.207704,0.234814,1,1,1,1.805275,0.000000,0.000000,0.000000,0.000000,0.000000,0.000000,0.000000
7.1601,-4.417642,0.217825,0.009168,0.000000,0.025419,0.033977,0,0.234814,11,0.321770,0.141998,-4.417642,0.002513,-6.232576,0.009168,-4.417644,-6.220590,0.009168,0.217825,0.000000,0.012921,-0.418302,-34.332882,0.011985,0.000000,0.000296,0.001854,0.000073,0.000296,0.321770,0.141998,-9.803693,-0.003808,0.007738,0.000000,1.851124,0.005869,27.000000,0.013045,-4.417644,0.002513,0.217825,0.000000,0.012000,0.000000,22,0,1,32,30,-0.007422,-0.004272,0.009224,-0.144848,0.095190,10.039123,0.280328,0.005869,0.035161,7,1,0,0.000000,0,-6.207704,0.000000,0.025419,0,0.234814,0.000000,0.033977,-6.207704,0.234814,1,1,1,1.805347,0.000000,0.000000,0.000000,0.000000,0.000000,0.000000,0.000000
7.1701,-4.417703,0.217825,0.005542,0.000000,0.024483,0.033977,0,0.234814,19,0.322343,0.141448,-4.417703,0.001466,-6.232465,0.005542,-4.417740,-6.220483,0.005542,0.217825,0.000000,0.012818,-0.418302,-34.332882,0.011982,0.000000,0.002394,0.002149,-0.000034,0.002394,0.322343,0.141448,-9.803682,0.020921,-0.006984,0.000000,1.851233,0.005833,27.000000,0.013045,-4.417740,0.001466,0.217825,0.000000,0.012000,0.000000,27,0,1,32,30,0.005357,0.021465,0.005267,-0.155958,0.309200,9.744584,0.280437,0.005833,0.035206,6,1,0,0.000000,0,-6.207704,0.000000,0.024483,0,0.234814,0.000000,0.033977,-6.207704,0.234814,1,1,1,1.805380,0.000000,0.000000,0.000000,0.000000,0.000000,0.000000,0.000000
7.1801,-4.417647,0.217825,-0.018650,0.000000,0.025940,0.033977,0,0.234814,31,0.321855,0.143086,-4.417647,0.000419,-6.232483,-0.018650,-4.417644,-6.220515,-0.018650,0.217825,0.000000,0.012984,-0.418302,-34.332882,0.011968,0.000000,0.000146,0.001868,0.000125,0.000146,0.321855,0.143086,-9.803675,-0.008131,-0.002630,0.000000,1.851201,0.005825,27.000000,0.013045,-4.417644,0.000419,0.217825,0.000000,0.012000,0.000000,32,0,1,32,30,0.003247,-0.008147,-0.018546,-0.194251,0.262312,9.667524,0.280404,0.005825,0.035194,6,1,0,0.000000,0,-6.207704,0.000000,0.025940,0,0.234814,0.000000,0.033977,-6.207704,0.234814,1,1,1,1.805410,0.000000,0.000000,0.000000,0.000000,0.000000,0.000000,0.000000
7.1901,-4.417734,0.217825,0.013540,0.000000,0.024752,0.033977,0,0.234814,41,0.321715,0.141799,-4.417734,0.000419,-6.232429,0.013540,-4.417740,-6.220442,0.013540,0.217825,0.000000,0.012878,-0.418302,-34.332882,0.011987,0.000000,0.000399,0.001825,-0.000027,0.000399,0.321715,0.141799,-9.803698,0.000184,0.005292,0.000000,1.851273,0.005844,27.000000,0.013045,-4.417740,0.000419,0.217825,0.000000,0.012000,0.000000,37,0,1,32,30,-0.005291,-0.000049,0.013542,-0.020544,-0.140140,9.740157,0.280476,0.005844,0.035151,6,1,0,0.000000,0,-6.207704,0.000000,0.024752,0,0.234814,0.000000,0.033977,-6.207704,0.234814,1,1,1,1.805442,0.000000,0.000000,0.000000,0.000000,0.000000,0.000000,0.000000
7.2001,-4.417643,0.217825,0.005167,0.000000,0.024515,0.033977,0,0.234814,51,0.322204,0.141213,-4.417643,0.002513,-6.232344,0.005167,-4.417644,-6.220362,0.005167,0.217825,0.000000,0.012814,-0.418302,-34.332882,0.011982,0.000000,0.000553,0.001997,-0.000112,0.000553,0.322204,0.141213,-9.803690,0.006798,0.004792,0.000000,1.851353,0.005849,27.000000,0.013045,-4.417644,0.002513,0.217825,0.000000,0.012000,0.000000,42,0,1,32,30,-0.005300,0.006475,0.005084,-0.106667,0.264969,10.232264,0.280556,0.005849,0.035187,7,1,0,0.000000,0,-6.207704,0.000000,0.024515,0,0.234814,0.000000,0.033977,-6.207704,0.234814,1,1,1,1.805474,0.000000,0.000000,0.000000,0.000000,0.000000,0.000000,0.000000
7.2101,-4.417646,0.217825,-0.005851,0.000000,0.025110,0.033977,0,0.234814,61,0.321879,0.142427,-4.417646,0.001466,-6.232321,-0.005851,-4.417644,-6.220345,-0.005851,0.217825,0.000000,0.012946,-0.418302,-34.332882,0.011975,0.000000,0.000236,0.001993,0.000092,0.000236,0.321879,0.142427,-9.803683,-0.008783,-0.006865,0.000000,1.851369,0.005853,27.000000,0.013045,-4.417644,0.001466,0.217825,0.000000,0.012000,0.000000,47,0,1,32,30,0.007520,-0.008305,-0.005744,-0.174329,-0.051926,9.559105,0.280573,0.005853,0.035181,6,1,0,0.000000,0,-6.207704,0.000000,0.025110,0,0.234814,0.000000,0.033977,-6.207704,0.234814,1,1,1,1.805503,0.000000,0.000000,0.000000,0.000000,0.000000,0.000000,0.000000
7.2201,-4.417741,0.217825,0.005273,0.000000,0.025224,0.033977,0,0.234814,71,0.322106,0.140929,-4.417741,0.000419,-6.232323,0.005273,-4.417740,-6.220341,0.005273,0.217825,0.000000,0.012801,-0.418302,-34.332882,0.011982,0.000000,0.000584,0.001843,-0.000014,0.000584,0.322106,0.140929,-9.803698,0.010901,0.002340,0.000000,1.851374,0.005862,27.000000,0.013045,-4.417740,0.000419,0.217825,0.000000,0.012000,0.000000,52,0,1,32,30,-0.003170,0.010755,0.005136,-0.261876,0.500736,9.717728,0.280578,0.005862,0.035171,7,1,0,0.000000,0,-6.207704,0.000000,0.025224,0,0.234814,0.000000,0.033977,-6.207704,0.234814,1,1,1,1.805755,0.000000,0.000000,0.000000,0.000000,0.000000,0.000000,0.000000
7.2301,-4.417739,0.217825,0.000483,0.000000,0.025052,0.033977,0,0.234814,81,0.321813,0.142470,-4.417739,-0.001466,-6.232302,0.000483,-4.417740,-6.220322,0.000483,0.217825,0.000000,0.012952,-0.418302,-34.332882,0.011979,0.000000,0.000223,0.001849,-0.000004,0.000223,0.321813,0.142470,-9.803685,-0.010134,0.006079,0.000000,1.851393,0.005853,27.000000,0.013045,-4.417740,-0.001466,0.217825,0.000000,0.012000,0.000000,57,0,1,32,30,-0.005283,-0.010563,0.000620,-0.307916,0.313967,10.127349,0.280596,0.005853,0.035176,7,1,0,0.000000,0,-6.207704,0.000000,0.025052,0,0.234814,0.000000,0.033977,-6.207704,0.234814,1,1,1,1.805784,0.000000,0.000000,0.000000,0.000000,0.000000,0.000000,0.000000
7.2401,-4.417740,0.218592,0.002996,0.000000,0.035220,0.024773,0,0.234814,91,0.321847,0.142452,-4.417740,-0.002513,-6.233135,0.002996,-4.417740,-6.221154,0.002996,0.218592,0.000000,0.012929,-0.418302,-34.332882,0.011981,0.000000,0.000278,0.001993,0.000011,0.000278,0.321847,0.142452,-9.803684,0.003626,-0.009948,0.000000,1.851328,0.005860,27.000000,0.013045,-4.417740,-0.002513,0.218592,0.000000,0.012000,0.000000,62,0,1,32,30,0.009644,0.004410,0.002939,-0.145986,0.250891,9.820567,0.280531,0.005860,0.035184,6,1,0,0.000000,0,-6.207704,0.000000,0.035220,0,0.234814,0.000000,0.024773,-6.207704,0.234814,1,1,1,1.805828,0.000000,0.000000,0.000000,0.000000,0.000000,0.000000,0.000000
7.2501,-4.417551,0.217825,0.002518,0.000000,0.018621,0.041647,0,0.234814,101,0.322114,0.140711,-4.417551,0.002513,-6.232444,0.002518,-4.417549,-6.220464,0.002518,0.217825,0.000000,0.012782,-0.418302,-34.332882,0.011980,0.000000,0.000629,0.001988,0.000217,0.000629,0.322114,0.140711,-9.803700,-0.014923,0.000023,0.000000,1.851250,0.005865,27.000000,0.013045,-4.417549,0.002513,0.217825,0.000000,0.012000,0.000000,67,0,1,32,30,-0.005296,0.000178,-0.003522,-0.299229,0.242543,9.715109,0.280453,0.005865,0.035176,7,1,0,0.000000,0,-6.207704,0.000000,0.018621,0,0.234814,0.000000,0.041647,-6.207704,0.234814,1,1,1,1.805860,0.000000,0.000000,0.000000,0.000000,0.000000,0.000000,0.000000
7.2601,-4.416975,0.217825,-0.001541,0.000000,0.026517,0.033977,0,0.234814,111,0.321349,0.142027,-4.416975,0.008692,-6.232526,-0.001541,-4.416973,-6.220547,-0.001541,0.217825,0.000000,0.012923,-0.418302,-34.332882,0.011978,0.000000,0.000293,0.001849,0.000215,0.000293,0.321349,0.142027,-9.803707,-0.006132,0.001499,0.000000,1.851167,0.005858,27.000000,0.013045,-4.416973,0.008692,0.217825,0.000000,0.012000,0.000000,72,0,1,32,30,-0.001019,-0.006249,-0.001460,0.276241,-0.151074,9.864655,0.280371,0.005858,0.035120,6,1,0,0.000000,0,-6.207704,0.000000,0.026517,0,0.234814,0.000000,0.033977,-6.207704,0.234814,1,1,1,1.805969,0.000000,0.000000,0.000000,0.000000,0.000000,0.000000,0.000000
7.2701,-4.417261,0.217825,0.009594,0.000000,0.024126,0.033977,0,0.234814,120,0.323525,0.140983,-4.417261,-0.001466,-6.232401,0.009594,-4.417261,-6.220417,0.009594,0.217825,0.000000,0.012819,-0.418302,-34.332882,0.011984,0.000000,0.000540,0.001982,-0.000103,0.000540,0.323525,0.140983,-9.803650,0.012603,-0.002078,0.000000,1.851296,0.005906,27.000000,0.013045,-4.417261,-0.001466,0.217825,0.000000,0.012000,0.000000,77,0,1,32,30,0.001098,0.012848,0.009430,-0.355167,0.273808,10.280044,0.280500,0.005906,0.035314,6,1,0,0.000000,0,-6.207704,0.000000,0.024126,0,0.234814,0.000000,0.033977,-6.207704,0.234814,1,1,1,1.806091,0.000000,0.000000,0.000000,0.000000,0.000000,0.000000,0.000000
7.2801,-4.417064,0.217825,0.004801,0.000000,0.024384,0.033977,0,0.234814,131,0.323298,0.141842,-4.417064,0.002513,-6.232312,0.004801,-4.417069,-6.220331,0.004801,0.217825,0.000000,0.012887,-0.418302,-34.332882,0.011981,0.000000,0.000379,0.001857,-0.000109,0.000379,0.323298,0.141842,-9.803645,-0.008111,0.005930,-0.000000,1.851383,0.005883,27.000000,0.013045,-4.417069,0.002513,0.217825,0.000000,0.012000,0.000000,82,0,1,32,30,-0.005284,-0.008483,0.004910,-0.240803,-0.101067,9.663842,0.280587,0.005883,0.035310,6,1,0,0.000000,0,-6.207704,0.000000,0.024384,0,0.234814,0.000000,0.033977,-6.207704,0.234814,1,1,1,1.806121,0.000000,0.000000,0.000000,0.000000,0.000000,0.000000,0.000000
7.2901,-4.417158,0.217825,0.005176,0.000000,0.025209,0.033977,0,0.234814,140,0.323012,0.141101,-4.417158,-0.000419,-6.232308,0.005176,-4.417165,-6.220327,0.005176,0.217825,0.000000,0.012837,-0.418302,-34.332882,0.011981,0.000000,0.000498,0.001987,-0.000108,0.000498,0.323012,0.141101,-9.803665,0.006005,-0.005855,-0.000000,1.851387,0.005901,27.000000,0.013045,-4.417165,-0.000419,0.217825,0.000000,0.012000,0.000000,87,0,1,32,30,0.005373,0.006506,0.005093,-0.089451,0.386439,9.687981,0.280590,0.005901,0.035265,6,1,0,0.000000,0,-6.207704,0.000000,0.025209,0,0.234814,0.000000,0.033977,-6.207704,0.234814,1,1,1,1.806152,0.000000,0.000000,0.000000,0.000000,0.000000,0.000000,0.000000
7.3001,-4.417163,0.217825,0.011148,0.000000,0.023387,0.033977,0,0.234814,150,0.322527,0.142087,-4.417163,0.000419,-6.232159,0.011148,-4.417165,-6.220172,0.011148,0.217825,0.000000,0.012972,-0.418302,-34.332882,0.011987,0.000000,0.000175,0.001847,-0.000124,0.000175,0.322527,0.142087,-9.803667,-0.010728,0.001846,0.000000,1.851540,0.005927,27.000000,0.013045,-4.417165,0.000419,0.217825,0.000000,0.012000,0.000000,92,0,1,32,30,-0.001011,-0.010693,0.011288,-0.087201,0.075154,10.115522,0.280744,0.005927,0.035239,7,1,0,0.000000,0,-6.207704,0.000000,0.023387,0,0.234814,0.000000,0.033977,-6.207704,0.234814,1,1,1,1.806181,0.000000,0.000000,0.000000,0.000000,0.000000,0.000000,0.000000
7.3101,-4.416972,0.217825,0.009701,0.000000,0.025293,0.033977,0,0.234814,161,0.322497,0.140981,-4.416972,0.002513,-6.232186,0.009701,-4.416973,-6.220202,0.009701,0.217825,0.000000,0.012846,-0.418302,-34.332882,0.011984,0.000000,0.000475,0.001847,0.000106,0.000475,0.322497,0.140981,-9.803684,0.016703,-0.004537,0.000000,1.851511,0.005911,27.000000,0.013045,-4.416973,0.002513,0.217825,0.000000,0.012000,0.000000,97,0,1,32,30,0.003229,0.017128,0.009482,0.026319,0.155953,9.771873,0.280715,0.005911,0.035211,6,1,0,0.000000,0,-6.207704,0.000000,0.025293,0,0.234814,0.000000,0.033977,-6.207704,0.234814,1,1,1,1.806212,0.000000,0.000000,0.000000,0.000000,0.000000,0.000000,0.000000
7.3201,-4.417069,0.217825,0.022394,0.000000,0.022909,0.033977,0,0.234814,171,0.322267,0.142906,-4.417069,0.000419,-6.232021,0.022394,-4.417069,-6.220028,0.022394,0.217825,0.000000,0.013042,-0.418302,-34.332882,0.011993,0.000000,0.000007,0.001995,-0.000141,0.000007,0.322267,0.142906,-9.803664,0.012105,-0.004187,0.000000,1.851684,0.005910,27.000000,0.013045,-4.417069,0.000419,0.217825,0.000000,0.012000,0.000000,102,0,1,32,30,0.003237,0.012684,0.022230,-0.271232,0.471574,9.755711,0.280888,0.005910,0.035231,6,1,0,0.000000,0,-6.207704,0.000000,0.022909,0,0.234814,0.000000,0.033977,-6.207704,0.234814,1,1,1,1.806240,0.000000,0.000000,0.000000,0.000000,0.000000,0.000000,0.000000
7.3301,-4.416970,0.217825,0.012511,0.000000,0.023103,0.033977,0,0.234814,181,0.322871,0.142128,-4.416970,0.000419,-6.231885,0.012511,-4.416973,-6.219899,0.012511,0.217825,0.000000,0.012950,-0.418302,-34.332882,0.011985,-0.001000,0.000226,0.001964,0.000169,0.000226,0.322871,0.142128,-9.803655,0.004662,0.007090,-0.001000,1.851814,0.005909,27.000000,0.013045,-4.416973,0.000419,0.217825,0.000000,0.012000,-0.001000,107,0,1,32,30,-0.007430,0.004247,0.011457,-0.173355,-0.084500,9.874602,0.281017,0.005909,0.035274,6,1,0,0.000000,0,-6.207704,0.000000,0.023103,0,0.234814,0.000000,0.033977,-6.207704,0.234814,1,1,1,1.806269,0.000000,0.000000,0.000000,0.000000,0.000000,0.000000,0.000000
7.3401,-4.417071,0.217825,-0.009856,0.000000,0.024733,0.033977,0,0.234814,191,0.323202,0.140274,-4.417071,0.000419,-6.231900,-0.009856,-4.417069,-6.219928,-0.009856,0.217825,0.000000,0.012784,-0.418302,-34.332882,0.011972,0.000000,0.000625,0.001849,0.000100,0.000625,0.323202,0.140274,-9.803671,0.002133,-0.005555,0.000000,1.851785,0.005934,27.000000,0.013045,-4.417069,0.000419,0.217825,0.000000,0.012000,0.000000,112,0,1,32,30,0.005373,0.002431,-0.009888,-0.116897,0.390330,10.147382,0.280988,0.005934,0.035266,6,1,0,0.000000,0,-6.207704,0.000000,0.024733,0,0.234814,0.000000,0.033977,-6.207704,0.234814,1,1,1,1.806299,0.000000,0.000000,0.000000,0.000000,0.000000,0.000000,0.000000
7.3501,-4.417067,0.217825,0.007096,0.000000,0.024537,0.033977,0,0.234814,201,0.322661,0.141785,-4.417067,0.000419,-6.231918,0.007096,-4.417069,-6.219936,0.007096,0.217825,0.000000,0.012964,-0.418302,-34.332882,0.011983,0.000000,0.000194,0.001943,-0.000018,0.000194,0.322661,0.141785,-9.803667,-0.002254,-0.000942,0.000000,1.851776,0.005952,27.000000,0.013045,-4.417069,0.000419,0.217825,0.000000,0.012000,0.000000,117,0,1,32,30,0.001113,-0.002082,0.007123,-0.221316,-0.168580,9.711028,0.280980,0.005952,0.035245,6,1,0,0.000000,0,-6.207704,0.000000,0.024537,0,0.234814,0.000000,0.033977,-6.207704,0.234814,1,1,1,1.806327,0.000000,0.000000,0.000000,0.000000,0.000000,0.000000,0.000000
7.3601,-4.417064,0.217825,0.015982,0.000000,0.022784,0.033977,0,0.234814,211,0.322912,0.141154,-4.417064,0.000419,-6.231785,0.015982,-4.417069,-6.219796,0.015982,0.217825,0.000000,0.012903,-0.418302,-34.332882,0.011989,0.000000,0.000340,0.002090,-0.000038,0.000340,0.322912,0.141154,-9.803668,0.013390,0.010703,0.000000,1.851916,0.005959,27.000000,0.013045,-4.417069,0.000419,0.217825,0.000000,0.012000,0.000000,122,0,1,32,30,-0.011707,0.012726,0.015819,-0.213002,0.373629,9.946173,0.281119,0.005959,0.035256,7,1,0,0.000000,0,-6.207704,0.000000,0.022784,0,0.234814,0.000000,0.033977,-6.207704,0.234814,1,1,1,1.806356,0.000000,0.000000,0.000000,0.000000,0.000000,0.000000,0.000000
7.3701,-4.417073,0.217825,-0.010334,0.000000,0.025640,0.033977,0,0.234814,221,0.323340,0.139741,-4.417073,0.000419,-6.231888,-0.010334,-4.417069,-6.219917,-0.010334,0.217825,0.000000,0.012765,-0.418302,-34.332882,0.011971,0.000000,0.000670,0.001977,0.000020,0.000670,0.323340,0.139741,-9.803674,-0.016243,0.006557,0.000000,1.851794,0.005971,27.000000,0.013045,-4.417069,0.000419,0.217825,0.000000,0.012000,0.000000,127,0,1,32,30,-0.005280,-0.016832,-0.010120,-0.163085,-0.115890,10.094413,0.280998,0.005971,0.035268,7,1,0,0.000000,0,-6.207704,0.000000,0.025640,0,0.234814,0.000000,0.033977,-6.207704,0.234814,1,1,1,1.806385,0.000000,0.000000,0.000000,0.000000,0.000000,0.000000,0.000000
7.3801,-4.417168,0.217825,-0.008676,0.000000,0.024886,0.033977,0,0.234814,231,0.323160,0.140890,-4.417168,-0.001466,-6.231930,-0.008676,-4.417165,-6.219956,-0.008676,0.217825,0.000000,0.012895,-0.418302,-34.332882,0.011974,0.001000,0.000358,0.001997,-0.000093,0.000358,0.323160,0.140890,-9.803663,0.004686,0.000672,0.001000,1.851755,0.005984,27.000000,0.013045,-4.417165,-0.001466,0.217825,0.000000,0.012000,0.001000,132,0,1,32,30,-0.001032,0.004521,-0.007735,-0.222580,0.053584,9.531423,0.280959,0.005984,0.035275,6,1,0,0.000000,0,-6.207704,0.000000,0.024886,0,0.234814,0.000000,0.033977,-6.207704,0.234814,1,1,1,1.806412,0.000000,0.000000,0.000000,0.000000,0.000000,0.000000,0.000000
7.3901,-4.417072,0.217825,0.000745,0.000000,0.023975,0.033977,0,0.234814,241,0.323525,0.140185,-4.417072,0.000419,-6.231890,0.000745,-4.417069,-6.219912,0.000745,0.217825,0.000000,0.012811,-0.418302,-34.332882,0.011978,0.000000,0.000559,0.001947,-0.000197,0.000559,0.323525,0.140185,-9.803662,0.000521,0.005270,0.000000,1.851800,0.005978,27.000000,0.013045,-4.417069,0.000419,0.217825,0.000000,0.012000,0.000000,137,0,1,32,30,-0.005295,0.000121,0.000744,-0.194668,0.330071,9.601212,0.281003,0.005978,0.035296,6,1,0,0.000000,0,-6.207704,0.000000,0.023975,0,0.234814,0.000000,0.033977,-6.207704,0.234814,1,1,1,1.806441,0.000000,0.000000,0.000000,0.000000,0.000000,0.000000,0.000000
7.4001,-4.416878,0.217825,-0.010079,0.000000,0.024570,0.033977,0,0.234814,251,0.322924,0.142641,-4.416878,0.002513,-6.231896,-0.010079,-4.416877,-6.219925,-0.010079,0.217825,0.000000,0.013034,-0.418302,-34.332882,0.011972,0.000000,0.000026,0.001994,0.000116,0.000026,0.322924,0.142641,-9.803646,-0.005269,0.009999,0.000000,1.851787,0.005943,27.000000,0.013045,-4.416877,0.002513,0.217825,0.000000,0.012000,0.000000,142,0,1,32,30,-0.009560,-0.006160,-0.009999,-0.086713,-0.171807,9.979055,0.280991,0.005943,0.035290,7,1,0,0.000000,0,-6.207704,0.000000,0.024570,0,0.234814,0.000000,0.033977,-6.207704,0.234814,1,1,1,1.806468,0.000000,0.000000,0.000000,0.000000,0.000000,0.000000,0.000000
7.4101,-4.417070,0.217825,-0.001060,0.000000,0.025316,0.033977,0,0.234814,4,0.323106,0.141146,-4.417070,0.001466,-6.231975,-0.001060,-4.417069,-6.219998,-0.001060,0.217825,0.000000,0.012896,-0.418302,-34.332882,0.011978,0.000000,0.000355,0.001994,-0.000100,0.000355,0.323106,0.141146,-9.803662,0.012244,-0.010613,0.000000,1.851714,0.005958,27.000000,0.013045,-4.417069,0.001466,0.217825,0.000000,0.012000,0.000000,147,0,1,32,30,0.009634,0.013014,-0.001228,-0.203168,0.475988,10.176898,0.280918,0.005958,0.035275,6,1,0,0.000000,0,-6.207704,0.000000,0.025316,0,0.234814,0.000000,0.033977,-6.207704,0.234814,1,1,1,1.806497,0.000000,0.000000,0.000000,0.000000,0.000000,0.000000,0.000000
7.4201,-4.416968,0.217825,0.013544,0.000000,0.024868,0.033977,0,0.234814,12,0.323379,0.140618,-4.416968,0.001466,-6.232007,0.013544,-4.416973,-6.220021,0.013544,0.217825,0.000000,0.012848,-0.418302,-34.332882,0.011986,0.000000,0.000472,0.001951,0.000094,0.000472,0.323379,0.140618,-9.803660,-0.000131,0.001035,0.000000,1.851690,0.005968,27.000000,0.013045,-4.416973,0.001466,0.217825,0.000000,0.012000,0.000000,152,0,1,32,30,-0.001021,-0.000037,0.013545,-0.173436,-0.234781,9.652972,0.280894,0.005968,0.035291,6,1,0,0.000000,0,-6.207704,0.000000,0.024868,0,0.234814,0.000000,0.033977,-6.207704,0.234814,1,1,1,1.806526,0.000000,0.000000,0.000000,0.000000,0.000000,0.000000,0.000000
7.4301,-4.416973,0.217825,-0.001126,0.000000,0.024046,0.033977,0,0.234814,22,0.323246,0.141927,-4.416973,0.000419,-6.231950,-0.001126,-4.416973,-6.219972,-0.001126,0.217825,0.000000,0.012985,-0.418302,-34.332882,0.011978,0.000000,0.000144,0.001988,-0.000007,0.000144,0.323246,0.141927,-9.803646,0.011388,0.006578,0.000000,1.851739,0.005972,27.000000,0.013045,-4.416973,0.000419,0.217825,0.000000,0.012000,0.000000,157,0,1,32,30,-0.007441,0.010828,-0.001267,-0.060391,0.111750,9.474689,0.280942,0.005972,0.035307,7,1,0,0.000000,0,-6.207704,0.000000,0.024046,0,0.234814,0.000000,0.033977,-6.207704,0.234814,1,1,1,1.806553,0.000000,0.000000,0.000000,0.000000,0.000000,0.000000,0.000000
7.4401,-4.416983,0.217825,-0.005803,0.000000,0.025257,0.033977,0,0.234814,33,0.323677,0.139915,-4.416983,0.001466,-6.232006,-0.005803,-4.416973,-6.220032,-0.005803,0.217825,0.000000,0.012825,-0.418302,-34.332882,0.011974,0.000000,0.000526,0.001994,0.000035,0.000526,0.323677,0.139915,-9.803660,-0.006180,-0.000637,0.000000,1.851678,0.006022,27.000000,0.013045,-4.416973,0.001466,0.217825,0.000000,0.012000,0.000000,162,0,1,32,30,0.001114,-0.006186,-0.005724,-0.087049,0.046233,10.134373,0.280881,0.006022,0.035305,7,1,0,0.000000,0,-6.207704,0.000000,0.025257,0,0.234814,0.000000,0.033977,-6.207704,0.234814,1,1,1,1.806582,0.000000,0.000000,0.000000,0.000000,0.000000,0.000000,0.000000
7.4501,-4.417069,0.217825,0.002878,0.000000,0.024533,0.033977,0,0.234814,43,0.323003,0.141815,-4.417069,-0.000419,-6.232003,0.002878,-4.417069,-6.220022,0.002878,0.217825,0.000000,0.013023,-0.418302,-34.332882,0.011981,0.000000,0.000053,0.001996,0.000008,0.000053,0.323003,0.141815,-9.803655,0.000465,0.005274,-0.000000,1.851687,0.006016,27.000000,0.013045,-4.417069,-0.000419,0.217825,0.000000,0.012000,0.000000,167,0,1,32,30,-0.005294,0.000093,0.002877,-0.193518,-0.032812,9.559284,0.280891,0.006016,0.035280,7,1,0,0.000000,0,-6.207704,0.000000,0.024533,0,0.234814,0.000000,0.033977,-6.207704,0.234814,1,1,1,1.806609,0.000000,0.000000,0.000000,0.000000,0.000000,0.000000,0.000000
7.4601,-4.416975,0.217825,-0.000249,0.000000,0.024721,0.033977,0,0.234814,53,0.323646,0.140499,-4.416975,0.001466,-6.232008,-0.000249,-4.416973,-6.220029,-0.000249,0.217825,0.000000,0.012866,-0.418302,-34.332882,0.011979,0.001000,0.000428,0.001825,0.000002,0.000428,0.323646,0.140499,-9.803653,0.000044,-0.001116,0.001000,1.851681,0.006004,27.000000,0.013045,-4.416973,0.001466,0.217825,0.000000,0.012000,0.001000,172,0,1,32,30,0.001109,0.000140,0.000749,-0.270511,0.270655,9.763263,0.280885,0.006004,0.035315,6,1,0,0.000000,0,-6.207704,0.000000,0.024721,0,0.234814,0.000000,0.033977,-6.207704,0.234814,1,1,1,1.806638,0.000000,0.000000,0.000000,0.000000,0.000000,0.000000,0.000000
7.4701,-4.416975,0.217825,0.002717,0.000000,0.024622,0.033977,0,0.234814,62,0.323589,0.139764,-4.416975,-0.000419,-6.232007,0.002717,-4.416973,-6.220027,0.002717,0.217825,0.000000,0.012817,-0.418302,-34.332882,0.011980,0.000000,0.000545,0.001998,0.000106,0.000545,0.323589,0.139764,-9.803665,-0.005606,0.010021,0.000000,1.851683,0.006027,27.000000,0.013045,-4.416973,-0.000419,0.217825,0.000000,0.012000,0.000000,177,0,1,32,30,-0.009556,-0.006330,0.002799,-0.125654,-0.084003,9.836357,0.280886,0.006027,0.035293,7,1,0,0.000000,0,-6.207704,0.000000,0.024622,0,0.234814,0.000000,0.033977,-6.207704,0.234814,1,1,1,1.806666,0.000000,0.000000,0.000000,0.000000,0.000000,0.000000,0.000000
7.4801,-4.416974,0.217825,-0.003295,0.000000,0.025320,0.033977,0,0.234814,73,0.323335,0.140818,-4.416974,0.001466,-6.232060,-0.003295,-4.416973,-6.220083,-0.003295,0.217825,0.000000,0.012949,-0.418302,-34.332882,0.011976,0.000000,0.000229,0.001994,0.000003,0.000229,0.323335,0.140818,-9.803659,0.007879,-0.012420,0.000000,1.851625,0.006048,27.000000,0.013045,-4.416973,0.001466,0.217825,0.000000,0.012000,0.000000,182,0,1,32,30,0.011772,0.008775,-0.003409,-0.184384,0.430427,9.994615,0.280829,0.006048,0.035291,6,1,0,0.000000,0,-6.207704,0.000000,0.025320,0,0.234814,0.000000,0.033977,-6.207704,0.234814,1,1,1,1.806693,0.000000,0.000000,0.000000,0.000000,0.000000,0.000000,0.000000
7.4901,-4.417071,0.217825,-0.016632,0.000000,0.025329,0.033977,0,0.234814,83,0.323465,0.139949,-4.417071,0.000419,-6.232097,-0.016632,-4.417069,-6.220131,-0.016632,0.217825,0.000000,0.012819,-0.418302,-34.332882,0.011966,0.000000,0.000541,0.002002,-0.000182,0.000541,0.323465,0.139949,-9.803667,-0.011497,0.010477,0.000000,1.851579,0.006008,27.000000,0.013045,-4.417069,0.000419,0.217825,0.000000,0.012000,0.000000,187,0,1,32,30,-0.009556,-0.012486,-0.016473,-0.193426,-0.127371,9.472200,0.280783,0.006008,0.035285,7,1,0,0.000000,0,-6.207704,0.000000,0.025329,0,0.234814,0.000000,0.033977,-6.207704,0.234814,1,1,1,1.806722,0.000000,0.000000,0.000000,0.000000,0.000000,0.000000,0.000000
7.5001,-4.416874,0.217825,-0.001078,0.000000,0.025011,0.033977,0,0.234814,93,0.323167,0.141046,-4.416874,0.001466,-6.232122,-0.001078,-4.416877,-6.220144,-0.001078,0.217825,0.000000,0.012930,-0.418302,-34.332882,0.011978,0.000000,0.000274,0.001863,0.000171,0.000274,0.323167,0.141046,-9.803661,0.013838,0.010671,-0.000000,1.851566,0.006003,27.000000,0.013045,-4.416877,0.001466,0.217825,0.000000,0.012000,0.000000,192,0,1,32,30,-0.011713,0.012953,-0.001245,-0.107708,0.090715,9.627575,0.280770,0.006003,0.035279,6,1,0,0.000000,0,-6.207704,0.000000,0.025011,0,0.234814,0.000000,0.033977,-6.207704,0.234814,1,1,1,1.806749,0.000000,0.000000,0.000000,0.000000,0.000000,0.000000,0.000000
7.5101,-4.416976,0.217825,-0.007934,0.000000,0.025247,0.033977,0,0.234814,103,0.323648,0.140305,-4.416976,0.000419,-6.232148,-0.007934,-4.416973,-6.220175,-0.007934,0.217825,0.000000,0.012876,-0.418302,-34.332882,0.011973,0.000000,0.000404,0.001991,0.000108,0.000404,0.323648,0.140305,-9.803656,-0.006283,-0.002769,0.000000,1.851535,0.006034,27.000000,0.013045,-4.416973,0.000419,0.217825,0.000000,0.012000,0.000000,197,0,1,32,30,0.003248,-0.006152,-0.007856,-0.125202,0.064629,10.191957,0.280738,0.006034,0.035311,6,1,0,0.000000,0,-6.207704,0.000000,0.025247,0,0.234814,0.000000,0.033977,-6.207704,0.234814,1,1,1,1.806778,0.000000,0.000000,0.000000,0.000000,0.000000,0.000000,0.000000
7.5201,-4.417077,0.217825,-0.016095,0.000000,0.026771,0.033977,0,0.234814,113,0.324050,0.139535,-4.417077,0.000419,-6.232294,-0.016095,-4.417069,-6.220327,-0.016095,0.217825,0.000000,0.012779,-0.418302,-34.332882,0.011966,0.000000,0.000635,0.001865,-0.000170,0.000635,0.324050,0.139535,-9.803653,0.008531,-0.008184,0.000000,1.851383,0.006022,27.000000,0.013045,-4.417069,0.000419,0.217825,0.000000,0.012000,0.000000,1,0,1,32,30,0.007499,0.008933,-0.016210,-0.088492,0.146801,9.733426,0.280586,0.006022,0.035334,7,1,0,0.000000,0,-6.207704,0.000000,0.026771,0,0.234814,0.000000,0.033977,-6.207704,0.234814,1,1,1,1.806986,0.000000,0.000000,0.000000,0.000000,0.000000,0.000000,0.000000
7.5301,-4.416974,0.217793,0.099232,-0.104720,0.025562,0.034362,0,0.234814,123,0.323741,0.140713,-4.416974,0.000419,-6.232361,0.099232,-4.416973,-6.220354,0.099232,0.217793,-0.104720,0.012917,-0.418302,-34.332882,0.012007,0.000000,0.000306,0.001983,0.000001,0.000306,0.323741,0.140713,-9.803647,0.006442,-0.003746,-0.104720,1.851323,0.006035,27.000000,0.013045,-4.416973,0.000419,0.217825,-0.104720,0.012000,0.000000,6,0,1,32,30,0.003235,0.006642,-0.005574,-0.146602,0.338363,9.706601,0.280527,0.006035,0.035329,6,1,0,0.000000,0,-6.207704,0.000000,0.025562,0,0.234814,0.000000,0.034362,-6.207704,0.234814,1,1,1,1.807013,0.000000,0.000000,0.000000,0.000000,0.000000,0.000000,0.000000
7.5401,-4.416882,0.217825,-0.007790,0.000000,0.025243,0.033657,0,0.234814,132,0.323725,0.139494,-4.416882,0.001466,-6.232321,-0.007790,-4.416877,-6.220349,-0.007790,0.217825,0.000000,0.012800,-0.418302,-34.332882,0.011972,0.000000,0.000587,0.001887,-0.000005,0.000587,0.323725,0.139494,-9.803665,0.001223,0.011641,0.000000,1.851360,0.006039,27.000000,0.013045,-4.416877,0.001466,0.217825,0.000000,0.012000,0.000000,11,0,1,32,30,-0.011701,0.000216,-0.007793,-0.116099,-0.074553,9.846028,0.280564,0.006039,0.035301,7,1,0,0.000000,0,-6.207704,0.000000,0.025243,0,0.234814,0.000000,0.033657,-6.207704,0.234814,1,1,1,1.807041,0.000000,0.000000,0.000000,0.000000,0.000000,0.000000,0.000000
7.5501,-4.416876,0.217825,0.007524,0.000000,0.024435,0.033977,0,0.234814,143,0.323795,0.141420,-4.416876,-0.000419,-6.232261,0.007524,-4.416877,-6.220278,0.007524,0.217825,0.000000,0.012987,-0.418302,-34.332882,0.011983,0.000000,0.000138,0.001847,-0.000029,0.000138,0.323795,0.141420,-9.803635,0.014148,-0.010764,0.000000,1.851431,0.006037,27.000000,0.013045,-4.416877,-0.000419,0.217825,0.000000,0.012000,0.000000,16,0,1,32,30,0.009634,0.015038,0.007329,-0.079148,0.345486,9.907695,0.280635,0.006037,0.035350,6,1,0,0.000000,0,-6.207704,0.000000,0.024435,0,0.234814,0.000000,0.033977,-6.207704,0.234814,1,1,1,1.807068,0.000000,0.000000,0.000000,0.000000,0.000000,0.000000,0.000000
7.5601,-4.416882,0.217825,-0.014652,0.000000,0.025334,0.033977,0,0.234814,152,0.323949,0.139904,-4.416882,0.002513,-6.232261,-0.014652,-4.416877,-6.220293,-0.014652,0.217825,0.000000,0.012824,-0.418302,-34.332882,0.011968,0.000000,0.000529,0.001979,0.000011,0.000529,0.323949,0.139904,-9.803652,-0.018260,0.006716,0.000000,1.851416,0.006028,27.000000,0.013045,-4.416877,0.002513,0.217825,0.000000,0.012000,0.000000,21,0,1,32,30,-0.005279,-0.018913,-0.014411,-0.288855,-0.015271,9.683814,0.280620,0.006028,0.035332,7,1,0,0.000000,0,-6.207704,0.000000,0.025334,0,0.234814,0.000000,0.033977,-6.207704,0.234814,1,1,1,1.807097,0.000000,0.000000,0.000000,0.000000,0.000000,0.000000,0.000000
7.5701,-4.417067,0.217825,0.002823,0.000000,0.025050,0.033977,0,0.234814,163,0.323485,0.141043,-4.417067,-0.001466,-6.232263,0.002823,-4.417069,-6.220283,0.002823,0.217825,0.000000,0.012977,-0.418302,-34.332882,0.011980,0.000000,0.000161,0.001840,-0.000112,0.000161,0.323485,0.141043,-9.803651,-0.001506,0.007566,-0.000000,1.851425,0.006058,27.000000,0.013045,-4.417069,-0.001466,0.217825,0.000000,0.012000,0.000000,26,0,1,32,30,-0.007426,-0.002050,0.002850,-0.106902,-0.082343,9.702399,0.280629,0.006058,0.035311,6,1,0,0.000000,0,-6.207704,0.000000,0.025050,0,0.234814,0.000000,0.033977,-6.207704,0.234814,1,1,1,1.807123,0.000000,0.000000,0.000000,0.000000,0.000000,0.000000,0.000000
7.5801,-4.416884,0.217825,-0.012046,0.000000,0.025945,0.033977,0,0.234814,173,0.323961,0.140498,-4.416884,0.002513,-6.232318,-0.012046,-4.416877,-6.220348,-0.012046,0.217825,0.000000,0.012903,-0.418302,-34.332882,0.011970,0.000000,0.000339,0.001840,0.000023,0.000339,0.323961,0.140498,-9.803643,0.000538,0.000991,0.000000,1.851360,0.006048,27.000000,0.013045,-4.416877,0.002513,0.217825,0.000000,0.012000,0.000000,31,0,1,32,30,-0.001029,0.000304,-0.012051,-0.135716,0.219500,10.040379,0.280564,0.006048,0.035346,7,1,0,0.000000,0,-6.207704,0.000000,0.025945,0,0.234814,0.000000,0.033977,-6.207704,0.234814,1,1,1,1.807151,0.000000,0.000000,0.000000,0.000000,0.000000,0.000000,0.000000
7.5901,-4.416878,0.217825,-0.016149,0.000000,0.025153,0.033977,0,0.234814,183,0.324040,0.138960,-4.416878,0.000419,-6.232304,-0.016149,-4.416877,-6.220337,-0.016149,0.217825,0.000000,0.012752,-0.418302,-34.332882,0.011966,0.000000,0.000700,0.001840,-0.000001,0.000700,0.324040,0.138960,-9.803662,0.006558,-0.005893,0.000000,1.851372,0.006052,27.000000,0.013045,-4.416877,0.000419,0.217825,0.000000,0.012000,0.000000,36,0,1,32,30,0.005366,0.006790,-0.016237,-0.117290,0.043725,9.560103,0.280575,0.006052,0.035320,7,1,0,0.000000,0,-6.207704,0.000000,0.025153,0,0.234814,0.000000,0.033977,-6.207704,0.234814,1,1,1,1.807180,0.000000,0.000000,0.000000,0.000000,0.000000,0.000000,0.000000
7.6001,-4.416879,0.217825,-0.003258,0.000000,0.025562,0.033977,0,0.234814,193,0.323692,0.140096,-4.416879,0.000419,-6.232338,-0.003258,-4.416877,-6.220362,-0.003258,0.217825,0.000000,0.012887,-0.418302,-34.332882,0.011976,0.000000,0.000378,0.001847,0.000001,0.000378,0.323692,0.140096,-9.803657,0.011285,0.004445,0.000000,1.851346,0.006066,27.000000,0.013045,-4.416877,0.000419,0.217825,0.000000,0.012000,0.000000,41,0,1,32,30,-0.005307,0.010863,-0.003398,-0.213374,0.337620,9.763973,0.280550,0.006066,0.035311,6,1,0,0.000000,0,-6.207704,0.000000,0.025562,0,0.234814,0.000000,0.033977,-6.207704,0.234814,1,1,1,1.807207,0.000000,0.000000,0.000000,0.000000,0.000000,0.000000,0.000000
7.6101,-4.416877,0.217825,0.000693,0.000000,0.025267,0.033977,0,0.234814,203,0.324117,0.139143,-4.416877,0.001466,-6.232336,0.000693,-4.416877,-6.220358,0.000693,0.217825,0.000000,0.012780,-0.418302,-34.332882,0.011978,0.000000,0.000633,0.001999,0.000090,0.000633,0.324117,0.139143,-9.803657,-0.001608,0.005433,0.000000,1.851351,0.006064,27.000000,0.013045,-4.416877,0.001466,0.217825,0.000000,0.012000,0.000000,46,0,1,32,30,-0.005292,-0.002016,0.000719,-0.144420,-0.217409,9.796721,0.280554,0.006064,0.035332,7,1,0,0.000000,0,-6.207704,0.000000,0.025267,0,0.234814,0.000000,0.033977,-6.207704,0.234814,1,1,1,1.807235,0.000000,0.000000,0.000000,0.000000,0.000000,0.000000,0.000000
7.6201,-4.416904,0.217825,0.001068,0.000000,0.025760,0.033977,0,0.234814,211,0.323881,0.140612,-4.416904,0.001466,-6.232375,0.001068,-4.416877,-6.220396,0.001068,0.217825,0.000000,0.012935,-0.418302,-34.332882,0.011979,0.000000,0.002279,0.002014,0.000018,0.002279,0.323881,0.140612,-9.803644,0.012665,-0.004226,-0.000000,1.851312,0.006066,27.000000,0.013045,-4.416877,0.001466,0.217825,0.000000,0.012000,0.000000,51,0,1,32,30,0.003230,0.012967,0.000900,-0.050325,0.222492,9.801204,0.280516,0.006066,0.035341,6,1,0,0.000000,0,-6.207704,0.000000,0.025760,0,0.234814,0.000000,0.033977,-6.207704,0.234814,1,1,1,1.807365,0.000000,0.000000,0.000000,0.000000,0.000000,0.000000,0.000000
7.6301,-4.416882,0.217825,0.004861,0.000000,0.025640,0.033977,0,0.234814,222,0.323746,0.139856,-4.416882,0.000419,-6.232398,0.004861,-4.416877,-6.220417,0.004861,0.217825,0.000000,0.012855,-0.418302,-34.332882,0.011981,0.000000,0.000453,0.001999,0.000019,0.000453,0.323746,0.139856,-9.803659,-0.006618,-0.002747,-0.000000,1.851291,0.006060,27.000000,0.013045,-4.416877,0.000419,0.217825,0.000000,0.012000,0.000000,56,0,1,32,30,0.003252,-0.006322,0.004942,-0.164562,-0.043419,9.645330,0.280495,0.006060,0.035311,6,1,0,0.000000,0,-6.207704,0.000000,0.025640,0,0.234814,0.000000,0.033977,-6.207704,0.234814,1,1,1,1.807393,0.000000,0.000000,0.000000,0.000000,0.000000,0.000000,0.000000
7.6401,-4.416876,0.217825,-0.001128,0.000000,0.025123,0.033977,0,0.234814,233,0.323623,0.141076,-4.416876,0.000419,-6.232370,-0.001128,-4.416877,-6.220392,-0.001128,0.217825,0.000000,0.012957,-0.418302,-34.332882,0.011978,0.000000,0.000210,0.002023,-0.000010,0.000210,0.323623,0.141076,-9.803646,0.011548,0.008706,-0.000000,1.851317,0.006037,27.000000,0.013045,-4.416877,0.000419,0.217825,0.000000,0.012000,0.000000,61,0,1,32,30,-0.009576,0.010822,-0.001268,0.026299,0.071310,9.656178,0.280521,0.006037,0.035325,7,1,0,0.000000,0,-6.207704,0.000000,0.025123,0,0.234814,0.000000,0.033977,-6.207704,0.234814,1,1,1,1.807419,0.000000,0.000000,0.000000,0.000000,0.000000,0.000000,0.000000
7.6501,-4.416998,0.217825,-0.005430,0.000000,0.025401,0.033977,0,0.234814,241,0.324138,0.139980,-4.416998,0.000419,-6.232368,-0.005430,-4.416973,-6.220394,-0.005430,0.217825,0.000000,0.012863,-0.418302,-34.332882,0.011974,0.000000,0.002436,0.002026,-0.000089,0.002436,0.324138,0.139980,-9.803644,0.008094,-0.010295,0.000000,1.851314,0.006063,27.000000,0.013045,-4.416973,0.000419,0.217825,0.000000,0.012000,0.000000,66,0,1,32,30,0.009637,0.008797,-0.005543,-0.174590,0.401157,10.042178,0.280518,0.006063,0.035352,7,1,0,0.000000,0,-6.207704,0.000000,0.025401,0,0.234814,0.000000,0.033977,-6.207704,0.234814,1,1,1,1.807446,0.000000,0.000000,0.000000,0.000000,0.000000,0.000000,0.000000
7.6601,-4.416976,0.217825,0.000965,0.000000,0.025636,0.033977,0,0.234814,253,0.324231,0.139084,-4.416976,-0.000419,-6.232394,0.000965,-4.416973,-6.220415,0.000965,0.217825,0.000000,0.012774,-0.418302,-34.332882,0.011978,0.000000,0.000647,0.002012,0.000007,0.000647,0.324231,0.139084,-9.803654,0.008086,-0.008155,-0.000000,1.851293,0.006066,27.000000,0.013045,-4.416973,-0.000419,0.217825,0.000000,0.012000,0.000000,71,0,1,32,30,0.007504,0.008706,0.000854,-0.231307,0.031038,9.808732,0.280497,0.006066,0.035342,7,1,0,0.000000,0,-6.207704,0.000000,0.025636,0,0.234814,0.000000,0.033977,-6.207704,0.234814,1,1,1,1.807473,0.000000,0.000000,0.000000,0.000000,0.000000,0.000000,0.000000
7.6701,-4.416780,0.217825,-0.001071,0.000000,0.025650,0.033977,0,0.234814,7,0.324231,0.140385,-4.416780,0.001466,-6.232412,-0.001071,-4.416782,-6.220434,-0.001071,0.217825,0.000000,0.012893,-0.418302,-34.332882,0.011978,0.000000,0.000364,0.001992,0.000085,0.000364,0.324231,0.140385,-9.803635,0.013200,0.002155,-0.000000,1.851274,0.006055,27.000000,0.013045,-4.416782,0.001466,0.217825,0.000000,0.012000,0.000000,76,0,1,32,30,-0.003174,0.012977,-0.001238,-0.118003,0.385834,9.735808,0.280478,0.006055,0.035371,6,1,0,0.000000,0,-6.207704,0.000000,0.025650,0,0.234814,0.000000,0.033977,-6.207704,0.234814,1,1,1,1.807499,0.000000,0.000000,0.000000,0.000000,0.000000,0.000000,0.000000
7.6801,-4.416882,0.217825,0.002669,0.000000,0.025896,0.033977,0,0.234814,17,0.324325,0.139469,-4.416882,0.001466,-6.232450,0.002669,-4.416877,-6.220471,0.002669,0.217825,0.000000,0.012804,-0.418302,-34.332882,0.011980,0.000000,0.000577,0.001865,0.000009,0.000577,0.324325,0.139469,-9.803645,-0.008054,0.005928,0.000000,1.851238,0.006059,27.000000,0.013045,-4.416877,0.001466,0.217825,0.000000,0.012000,0.000000,81,0,1,32,30,-0.005285,-0.008455,0.002777,-0.086627,-0.256922,9.901637,0.280442,0.006059,0.035360,6,1,0,0.000000,0,-6.207704,0.000000,0.025896,0,0.234814,0.000000,0.033977,-6.207704,0.234814,1,1,1,1.807527,0.000000,0.000000,0.000000,0.000000,0.000000,0.000000,0.000000
7.6901,-4.416880,0.217825,-0.009803,0.000000,0.026083,0.033977,0,0.234814,27,0.323866,0.140604,-4.416880,-0.000419,-6.232489,-0.009803,-4.416877,-6.220517,-0.009803,0.217825,0.000000,0.012924,-0.418302,-34.332882,0.011973,0.000000,0.000289,0.002020,0.000024,0.000289,0.323866,0.140604,-9.803644,0.004264,-0.005719,0.000000,1.851192,0.006056,27.000000,0.013045,-4.416877,-0.000419,0.217825,0.000000,0.012000,0.000000,86,0,1,32,30,0.005371,0.004568,-0.009863,-0.059920,0.232049,9.801293,0.280395,0.006056,0.035339,6,1,0,0.000000,0,-6.207704,0.000000,0.026083,0,0.234814,0.000000,0.033977,-6.207704,0.234814,1,1,1,1.807553,0.000000,0.000000,0.000000,0.000000,0.000000,0.000000,0.000000
7.7001,-4.416872,0.217825,0.006941,0.000000,0.024877,0.033977,0,0.234814,37,0.323880,0.140009,-4.416872,-0.000419,-6.232437,0.006941,-4.416877,-6.220454,0.006941,0.217825,0.000000,0.012853,-0.418302,-34.332882,0.011983,0.000000,0.000460,0.002021,-0.000121,0.000460,0.323880,0.140009,-9.803652,-0.008804,-0.002579,0.000000,1.851255,0.006045,27.000000,0.013045,-4.416877,-0.000419,0.217825,0.000000,0.012000,0.000000,91,0,1,32,30,0.003255,-0.008487,0.007051,-0.117641,0.092359,9.493598,0.280458,0.006045,0.035327,7,1,0,0.000000,0,-6.207704,0.000000,0.024877,0,0.234814,0.000000,0.033977,-6.207704,0.234814,1,1,1,1.807580,0.000000,0.000000,0.000000,0.000000,0.000000,0.000000,0.000000
7.7101,-4.416974,0.217825,-0.003469,0.000000,0.025718,0.033977,0,0.234814,47,0.323855,0.141233,-4.416974,-0.001466,-6.232449,-0.003469,-4.416973,-6.220473,-0.003469,0.217825,0.000000,0.012975,-0.418302,-34.332882,0.011977,0.000000,0.000168,0.002015,-0.000081,0.000168,0.323855,0.141233,-9.803636,0.002923,0.007228,0.000000,1.851236,0.006044,27.000000,0.013045,-4.416973,-0.001466,0.217825,0.000000,0.012000,0.000000,96,0,1,32,30,-0.007433,0.002309,-0.003499,-0.125806,-0.130399,9.721045,0.280440,0.006044,0.035352,6,1,0,0.000000,0,-6.207704,0.000000,0.025718,0,0.234814,0.000000,0.033977,-6.207704,0.234814,1,1,1,1.807606,0.000000,0.000000,0.000000,0.000000,0.000000,0.000000,0.000000
7.7201,-4.416881,0.217825,-0.003250,0.000000,0.026342,0.033977,0,0.234814,57,0.324441,0.139997,-4.416881,0.001466,-6.232516,-0.003250,-4.416877,-6.220540,-0.003250,0.217825,0.000000,0.012871,-0.418302,-34.332882,0.011976,0.000000,0.000417,0.001985,0.000020,0.000417,0.324441,0.139997,-9.803634,0.010646,-0.004070,0.000000,1.851168,0.006076,27.000000,0.013045,-4.416877,0.001466,0.217825,0.000000,0.012000,0.000000,101,0,1,32,30,0.003231,0.010887,-0.003391,-0.136634,0.590767,10.178095,0.280372,0.006076,0.035383,7,1,0,0.000000,0,-6.207704,0.000000,0.026342,0,0.234814,0.000000,0.033977,-6.207704,0.234814,1,1,1,1.807633,0.000000,0.000000,0.000000,0.000000,0.000000,0.000000,0.000000
7.7301,-4.416875,0.217825,0.005913,0.000000,0.026344,0.033977,0,0.234814,66,0.324356,0.139849,-4.416875,-0.001466,-6.232576,0.005913,-4.416877,-6.220596,0.005913,0.217825,0.000000,0.012837,-0.418302,-34.332882,0.011981,-0.001000,0.000498,0.001999,-0.000003,0.000498,0.324356,0.139849,-9.803639,-0.004488,-0.002910,-0.001000,1.851113,0.006055,27.000000,0.013045,-4.416877,-0.001466,0.217825,0.000000,0.012000,-0.001000,106,0,1,32,30,0.003250,-0.004185,0.004967,-0.269957,0.004570,9.626604,0.280317,0.006055,0.035371,6,1,0,0.000000,0,-6.207704,0.000000,0.026344,0,0.234814,0.000000,0.033977,-6.207704,0.234814,1,1,1,1.807660,0.000000,0.000000,0.000000,0.000000,0.000000,0.000000,0.000000
7.7401,-4.416781,0.217825,0.009695,0.000000,0.025831,0.033977,0,0.234814,77,0.324213,0.140744,-4.416781,0.003560,-6.232584,0.009695,-4.416782,-6.220600,0.009695,0.217825,0.000000,0.012925,-0.418302,-34.332882,0.011984,0.000000,0.000287,0.002002,0.000080,0.000287,0.324213,0.140744,-9.803631,0.017341,0.003974,0.000000,1.851109,0.006051,27.000000,0.013045,-4.416782,0.003560,0.217825,0.000000,0.012000,0.000000,111,0,1,32,30,-0.005310,0.017103,0.009475,-0.184775,0.309774,9.696718,0.280312,0.006051,0.035377,6,1,0,0.000000,0,-6.207704,0.000000,0.025831,0,0.234814,0.000000,0.033977,-6.207704,0.234814,1,1,1,1.807686,0.000000,0.000000,0.000000,0.000000,0.000000,0.000000,0.000000
7.7501,-4.416783,0.217825,-0.001593,0.000000,0.026174,0.033977,0,0.234814,87,0.324359,0.139864,-4.416783,0.001466,-6.232609,-0.001593,-4.416782,-6.220632,-0.001593,0.217825,0.000000,0.012855,-0.418302,-34.332882,0.011977,0.000000,0.000455,0.001989,0.000208,0.000455,0.324359,0.139864,-9.803639,-0.008262,0.001664,0.000000,1.851076,0.006072,27.000000,0.013045,-4.416782,0.001466,0.217825,0.000000,0.012000,0.000000,116,0,1,32,30,-0.001017,-0.008386,-0.001485,-0.096002,-0.107117,10.161537,0.280280,0.006072,0.035372,6,1,0,0.000000,0,-6.207704,0.000000,0.026174,0,0.234814,0.000000,0.033977,-6.207704,0.234814,1,1,1,1.807714,0.000000,0.000000,0.000000,0.000000,0.000000,0.000000,0.000000
7.7601,-4.416877,0.217825,0.007359,0.000000,0.025952,0.033977,0,0.234814,97,0.323886,0.141582,-4.416877,-0.000419,-6.232623,0.007359,-4.416877,-6.220640,0.007359,0.217825,0.000000,0.013040,-0.418302,-34.332882,0.011983,0.000000,0.000012,0.002002,0.000001,0.000012,0.323886,0.141582,-9.803630,0.008396,-0.001759,0.000000,1.851068,0.006076,27.000000,0.013045,-4.416877,-0.000419,0.217825,0.000000,0.012000,0.000000,121,0,1,32,30,0.001102,0.008602,0.007248,-0.155786,0.251946,9.734439,0.280271,0.006076,0.035363,6,1,0,0.000000,0,-6.207704,0.000000,0.025952,0,0.234814,0.000000,0.033977,-6.207704,0.234814,1,1,1,1.807740,0.000000,0.000000,0.000000,0.000000,0.000000,0.000000,0.000000
7.7701,-4.416971,0.217825,0.013594,0.000000,0.024875,0.033977,0,0.234814,106,0.324552,0.140290,-4.416971,0.001466,-6.232545,0.013594,-4.416973,-6.220557,0.013594,0.217825,0.000000,0.012887,-0.418302,-34.332882,0.011988,0.000000,0.000378,0.001979,-0.000101,0.000378,0.324552,0.140290,-9.803626,0.002158,0.003000,0.000000,1.851151,0.006065,27.000000,0.013045,-4.416973,0.001466,0.217825,0.000000,0.012000,0.000000,126,0,1,32,30,-0.003158,0.002094,0.013568,-0.317843,0.193191,9.839017,0.280355,0.006065,0.035401,7,1,0,0.000000,0,-6.207704,0.000000,0.024875,0,0.234814,0.000000,0.033977,-6.207704,0.234814,1,1,1,1.807767,0.000000,0.000000,0.000000,0.000000,0.000000,0.000000,0.000000
7.7801,-4.416882,0.217825,-0.009868,0.000000,0.026158,0.033977,0,0.234814,117,0.324450,0.139809,-4.416882,0.000419,-6.232567,-0.009868,-4.416877,-6.220595,-0.009868,0.217825,0.000000,0.012828,-0.418302,-34.332882,0.011972,0.000000,0.000518,0.001952,0.000007,0.000518,0.324450,0.139809,-9.803636,0.003250,0.009345,0.000000,1.851114,0.006053,27.000000,0.013045,-4.416877,0.000419,0.217825,0.000000,0.012000,0.000000,131,0,1,32,30,-0.009569,0.002388,-0.009900,-0.107239,0.022721,9.713025,0.280318,0.006053,0.035380,6,1,0,0.000000,0,-6.207704,0.000000,0.026158,0,0.234814,0.000000,0.033977,-6.207704,0.234814,1,1,1,1.807794,0.000000,0.000000,0.000000,0.000000,0.000000,0.000000,0.000000
7.7901,-4.416881,0.217825,-0.002302,0.000000,0.026086,0.033977,0,0.234814,127,0.324124,0.140859,-4.416881,0.001466,-6.232596,-0.002302,-4.416877,-6.220620,-0.002302,0.217825,0.000000,0.012943,-0.418302,-34.332882,0.011976,-0.001000,0.000245,0.002000,0.000004,0.000245,0.324124,0.140859,-9.803632,0.008516,-0.003906,-0.001000,1.851088,0.006055,27.000000,0.013045,-4.416877,0.001466,0.217825,0.000000,0.012000,-0.001000,136,0,1,32,30,0.003234,0.008750,-0.003416,-0.126849,0.457965,10.090632,0.280292,0.006055,0.035370,7,1,0,0.000000,0,-6.207704,0.000000,0.026086,0,0.234814,0.000000,0.033977,-6.207704,0.234814,1,1,1,1.807819,0.000000,0.000000,0.000000,0.000000,0.000000,0.000000,0.000000
7.8001,-4.416782,0.217825,0.005012,0.000000,0.026031,0.033977,0,0.234814,137,0.324095,0.140136,-4.416782,0.001466,-6.232618,0.005012,-4.416782,-6.220637,0.005012,0.217825,0.000000,0.012837,-0.418302,-34.332882,0.011981,0.000000,0.000496,0.001913,0.000105,0.000496,0.324095,0.140136,-9.803643,0.000252,0.003149,0.000000,1.851073,0.006021,27.000000,0.013045,-4.416782,0.001466,0.217825,0.000000,0.012000,0.000000,141,0,1,32,30,-0.003159,0.000071,0.005012,-0.194041,-0.002241,9.406465,0.280277,0.006021,0.035352,6,1,0,0.000000,0,-6.207704,0.000000,0.026031,0,0.234814,0.000000,0.033977,-6.207704,0.234814,1,1,1,1.807846,0.000000,0.000000,0.000000,0.000000,0.000000,0.000000,0.000000
7.8101,-4.416879,0.217825,-0.011786,0.000000,0.025361,0.033977,0,0.234814,147,0.324034,0.141576,-4.416879,0.001466,-6.232566,-0.011786,-4.416877,-6.220595,-0.011786,0.217825,0.000000,0.013003,-0.418302,-34.332882,0.011972,0.000000,0.000100,0.001976,0.000008,0.000100,0.324034,0.141576,-9.803625,0.011509,0.004430,0.000000,1.851114,0.006042,27.000000,0.013045,-4.416877,0.001466,0.217825,0.000000,0.012000,0.000000,146,0,1,32,30,-0.005310,0.010976,-0.011930,0.007215,0.089952,9.694634,0.280317,0.006042,0.035377,6,1,0,0.000000,0,-6.207704,0.000000,0.025361,0,0.234814,0.000000,0.033977,-6.207704,0.234814,1,1,1,1.807872,0.000000,0.000000,0.000000,0.000000,0.000000,0.000000,0.000000
7.8201,-4.416879,0.217825,-0.012420,0.000000,0.026135,0.033977,0,0.234814,156,0.324261,0.140093,-4.416879,-0.000419,-6.232594,-0.012420,-4.416877,-6.220624,-0.012420,0.217825,0.000000,0.012882,-0.418302,-34.332882,0.011970,0.000000,0.000389,0.001984,0.000008,0.000389,0.324261,0.140093,-9.803639,-0.013735,0.010650,0.000000,1.851084,0.006074,27.000000,0.013045,-4.416877,-0.000419,0.217825,0.000000,0.012000,0.000000,151,0,1,32,30,-0.009552,-0.014679,-0.012232,-0.115615,-0.123777,9.960379,0.280287,0.006074,0.035367,7,1,0,0.000000,0,-6.207704,0.000000,0.026135,0,0.234814,0.000000,0.033977,-6.207704,0.234814,1,1,1,1.807899,0.000000,0.000000,0.000000,0.000000,0.000000,0.000000,0.000000
7.8301,-4.416876,0.217825,0.001177,0.000000,0.026405,0.033977,0,0.234814,166,0.324685,0.138723,-4.416876,0.000419,-6.232650,0.001177,-4.416877,-6.220671,0.001177,0.217825,0.000000,0.012754,-0.418302,-34.332882,0.011978,0.000000,0.000696,0.001946,0.000000,0.000696,0.324685,0.138723,-9.803644,0.016287,-0.013068,0.000000,1.851036,0.006092,27.000000,0.013045,-4.416877,0.000419,0.217825,0.000000,0.012000,0.000000,156,0,1,32,30,0.011764,0.017266,0.000957,-0.117525,0.459031,10.004516,0.280240,0.006092,0.035379,6,1,0,0.000000,0,-6.207704,0.000000,0.026405,0,0.234814,0.000000,0.033977,-6.207704,0.234814,1,1,1,1.807925,0.000000,0.000000,0.000000,0.000000,0.000000,0.000000,0.000000
7.8401,-4.416877,0.217825,-0.005590,0.000000,0.025411,0.033977,0,0.234814,177,0.324365,0.140593,-4.416877,0.001466,-6.232603,-0.005590,-4.416877,-6.220628,-0.005590,0.217825,0.000000,0.012945,-0.418302,-34.332882,0.011975,0.000000,0.000240,0.001974,0.000001,0.000240,0.324365,0.140593,-9.803628,0.002022,-0.005548,0.000000,1.851080,0.006089,27.000000,0.013045,-4.416877,0.001466,0.217825,0.000000,0.012000,0.000000,161,0,1,32,30,0.005374,0.002374,-0.005622,-0.261314,0.338183,9.716095,0.280283,0.006089,0.035389,6,1,0,0.000000,0,-6.207704,0.000000,0.025411,0,0.234814,0.000000,0.033977,-6.207704,0.234814,1,1,1,1.807951,0.000000,0.000000,0.000000,0.000000,0.000000,0.000000,0.000000
7.8501,-4.416684,0.217825,-0.005604,0.000000,0.026724,0.033977,0,0.234814,187,0.324390,0.139031,-4.416684,0.002513,-6.232676,-0.005604,-4.416685,-6.220701,-0.005604,0.217825,0.000000,0.012809,-0.418302,-34.332882,0.011975,0.000000,0.000565,0.001962,0.000197,0.000565,0.324390,0.139031,-9.803649,0.003140,0.009352,-0.000000,1.851006,0.006109,27.000000,0.013045,-4.416685,0.002513,0.217825,0.000000,0.012000,0.000000,166,0,1,32,30,-0.009568,0.002331,-0.005634,-0.059048,-0.073109,9.731235,0.280210,0.006109,0.035357,6,1,0,0.000000,0,-6.207704,0.000000,0.026724,0,0.234814,0.000000,0.033977,-6.207704,0.234814,1,1,1,1.807978,0.000000,0.000000,0.000000,0.000000,0.000000,0.000000,0.000000
7.8601,-4.416877,0.217825,-0.003197,0.000000,0.025214,0.033977,0,0.234814,196,0.324384,0.140426,-4.416877,0.001466,-6.232612,-0.003197,-4.416877,-6.220636,-0.003197,0.217825,0.000000,0.012964,-0.418302,-34.332882,0.011976,0.000000,0.000194,0.001918,-0.000113,0.000194,0.324384,0.140426,-9.803630,0.012777,-0.004233,0.000000,1.851070,0.006125,27.000000,0.013045,-4.416877,0.001466,0.217825,0.000000,0.012000,0.000000,171,0,1,32,30,0.003229,0.013024,-0.003366,-0.165062,0.410724,10.042280,0.280274,0.006125,0.035387,7,1,0,0.000000,0,-6.207704,0.000000,0.025214,0,0.234814,0.000000,0.033977,-6.207704,0.234814,1,1,1,1.808003,0.000000,0.000000,0.000000,0.000000,0.000000,0.000000,0.000000
7.8701,-4.416684,0.217825,0.009068,0.000000,0.025124,0.033977,0,0.234814,207,0.324678,0.139738,-4.416684,0.001466,-6.232558,0.009068,-4.416685,-6.220574,0.009068,0.217825,0.000000,0.012858,-0.418302,-34.332882,0.011984,0.000000,0.000446,0.001864,0.000097,0.000446,0.324678,0.139738,-9.803630,-0.008380,0.003812,0.000000,1.851133,0.006095,27.000000,0.013045,-4.416685,0.001466,0.217825,0.000000,0.012000,0.000000,176,0,1,32,30,-0.003148,-0.008534,0.009178,-0.269759,-0.128119,9.529566,0.280337,0.006095,0.035401,6,1,0,0.000000,0,-6.207704,0.000000,0.025124,0,0.234814,0.000000,0.033977,-6.207704,0.234814,1,1,1,1.808029,0.000000,0.000000,0.000000,0.000000,0.000000,0.000000,0.000000
7.8801,-4.416784,0.217825,-0.011946,0.000000,0.026417,0.033977,0,0.234814,216,0.324446,0.140587,-4.416784,0.000419,-6.232601,-0.011946,-4.416782,-6.220631,-0.011946,0.217825,0.000000,0.012979,-0.418302,-34.332882,0.011970,0.000000,0.000159,0.001847,0.000130,0.000159,0.324446,0.140587,-9.803625,0.005278,0.007049,0.000000,1.851075,0.006125,27.000000,0.013045,-4.416782,0.000419,0.217825,0.000000,0.012000,0.000000,181,0,1,32,30,-0.007438,0.004559,-0.012006,-0.098279,0.204285,9.724425,0.280279,0.006125,0.035397,7,1,0,0.000000,0,-6.207704,0.000000,0.026417,0,0.234814,0.000000,0.033977,-6.207704,0.234814,1,1,1,1.808054,0.000000,0.000000,0.000000,0.000000,0.000000,0.000000,0.000000
7.8901,-4.416882,0.217825,-0.007728,0.000000,0.025975,0.033977,0,0.234814,227,0.324714,0.139328,-4.416882,0.000419,-6.232615,-0.007728,-4.416877,-6.220641,-0.007728,0.217825,0.000000,0.012886,-0.418302,-34.332882,0.011974,0.000000,0.000379,0.001988,0.000011,0.000379,0.324714,0.139328,-9.803634,0.002556,0.000834,0.000000,1.851064,0.006164,27.000000,0.013045,-4.416877,0.000419,0.217825,0.000000,0.012000,0.000000,186,0,1,32,30,-0.001030,0.002384,-0.007760,-0.049094,0.122867,10.125597,0.280268,0.006164,0.035396,6,1,0,0.000000,0,-6.207704,0.000000,0.025975,0,0.234814,0.000000,0.033977,-6.207704,0.234814,1,1,1,1.808081,0.000000,0.000000,0.000000,0.000000,0.000000,0.000000,0.000000
7.9001,-4.416782,0.217825,-0.005745,0.000000,0.025698,0.033977,0,0.234814,237,0.324533,0.141078,-4.416782,0.000419,-6.232608,-0.005745,-4.416782,-6.220626,-0.005745,0.217825,0.000000,0.013045,-0.418302,-34.332882,0.011981,0.000000,0.000000,0.001833,0.000004,0.000000,0.324533,0.141078,-9.803615,-0.004368,-0.005057,-0.000003,1.851079,0.006145,27.000000,0.013045,-4.416782,0.000419,0.217825,0.000000,0.012000,0.000000,191,0,1,32,30,0.005381,-0.004037,-0.005696,-0.288915,-0.005591,9.674341,0.280282,0.006145,0.035416,7,1,0,0.000000,0,-6.207704,0.000000,0.025698,0,0.234814,0.000000,0.033977,-6.207704,0.234814,1,1,1,1.808106,0.000000,0.000000,0.000000,0.000000,0.000000,0.000000,0.000000
7.9101,-4.416877,0.217825,-0.012207,0.000000,0.026462,0.033977,0,0.234814,247,0.324540,0.140206,-4.416877,-0.000419,-6.232649,-0.012207,-4.416877,-6.220678,-0.012207,0.217825,0.000000,0.012954,-0.418302,-34.332882,0.011971,0.000000,0.000217,0.001862,-0.000089,0.000217,0.324540,0.140206,-9.803628,-0.005533,0.005738,0.000000,1.851028,0.006141,27.000000,0.013045,-4.416877,-0.000419,0.217825,0.000000,0.012000,0.000000,196,0,1,32,30,-0.005292,-0.006119,-0.012129,-0.194978,0.472675,9.669638,0.280231,0.006141,0.035397,6,1,0,0.000000,0,-6.207704,0.000000,0.026462,0,0.234814,0.000000,0.033977,-6.207704,0.234814,1,1,1,1.808132,0.000000,0.000000,0.000000,0.000000,0.000000,0.000000,0.000000
7.9201,-4.416781,0.217825,-0.002469,0.000000,0.026358,0.033977,0,0.234814,1,0.324800,0.138743,-4.416781,0.001466,-6.232687,-0.002469,-4.416782,-6.220712,-0.002469,0.217825,0.000000,0.012828,-0.418302,-34.332882,0.011975,-0.001000,0.000518,0.001975,0.000111,0.000518,0.324800,0.138743,-9.803640,0.002924,0.007227,-0.001000,1.850993,0.006167,27.000000,0.013045,-4.416782,0.001466,0.217825,0.000000,0.012000,-0.001000,0,0,1,32,30,-0.007433,0.002309,-0.003499,-0.164363,-0.063132,9.692985,0.280197,0.006167,0.035391,7,1,0,0.000000,0,-6.207704,0.000000,0.026358,0,0.234814,0.000000,0.033977,-6.207704,0.234814,1,1,1,1.808351,0.000000,0.000000,0.000000,0.000000,0.000000,0.000000,0.000000
7.9301,-4.416876,0.217825,0.007578,0.000000,0.025798,0.033977,0,0.234814,11,0.325039,0.140204,-4.416876,-0.002513,-6.232677,0.007578,-4.416877,-6.220694,0.007578,0.217825,0.000000,0.012977,-0.418302,-34.332882,0.011983,0.000000,0.000162,0.001991,-0.000115,0.000162,0.325039,0.140204,-9.803611,0.016119,-0.013057,0.000000,1.851010,0.006175,27.000000,0.013045,-4.416877,-0.002513,0.217825,0.000000,0.012000,0.000000,5,0,1,32,30,0.011766,0.017181,0.007356,-0.154686,0.341203,10.252139,0.280214,0.006175,0.035447,6,1,0,0.000000,0,-6.207704,0.000000,0.025798,0,0.234814,0.000000,0.033977,-6.207704,0.234814,1,1,1,1.808443,0.000000,0.000000,0.000000,0.000000,0.000000,0.000000,0.000000
7.9401,-4.416687,0.217825,-0.001745,0.000000,0.026037,0.033977,0,0.234814,21,0.324936,0.139476,-4.416687,0.002513,-6.232676,-0.001745,-4.416685,-6.220699,-0.001745,0.217825,0.000000,0.012908,-0.418302,-34.332882,0.011977,0.000000,0.000328,0.002005,0.000200,0.000328,0.324936,0.139476,-9.803625,-0.015132,-0.004229,-0.000000,1.851006,0.006176,27.000000,0.013045,-4.416685,0.002513,0.217825,0.000000,0.012000,0.000000,10,0,1,32,30,0.005394,-0.014778,-0.001554,-0.106988,-0.147863,9.586896,0.280209,0.006176,0.035421,6,1,0,0.000000,0,-6.207704,0.000000,0.026037,0,0.234814,0.000000,0.033977,-6.207704,0.234814,1,1,1,1.808468,0.000000,0.000000,0.000000,0.000000,0.000000,0.000000,0.000000
7.9501,-4.416694,0.217825,-0.007419,0.000000,0.027211,0.033977,0,0.234814,31,0.325102,0.138125,-4.416694,0.001466,-6.232773,-0.007419,-4.416685,-6.220801,-0.007419,0.217825,0.000000,0.012793,-0.418302,-34.332882,0.011973,0.000000,0.000602,0.002011,0.000020,0.000602,0.325102,0.138125,-9.803639,0.015656,0.004107,0.000000,1.850903,0.006200,27.000000,0.013045,-4.416685,0.001466,0.217825,0.000000,0.012000,0.000000,15,0,1,32,30,-0.005313,0.015193,-0.007614,-0.099283,0.472373,9.698408,0.280107,0.006200,0.035408,7,1,0,0.000000,0,-6.207704,0.000000,0.027211,0,0.234814,0.000000,0.033977,-6.207704,0.234814,1,1,1,1.808493,0.000000,0.000000,0.000000,0.000000,0.000000,0.000000,0.000000
7.9601,-4.416779,0.217825,0.002880,0.000000,0.026251,0.033977,0,0.234814,40,0.325205,0.139332,-4.416779,0.001466,-6.232786,0.002880,-4.416782,-6.220806,0.002880,0.217825,0.000000,0.012892,-0.418302,-34.332882,0.011980,0.000000,0.000366,0.001936,-0.000101,0.000366,0.325205,0.139332,-9.803618,0.000307,0.003145,-0.000000,1.850899,0.006180,27.000000,0.013045,-4.416782,0.001466,0.217825,0.000000,0.012000,0.000000,20,0,1,32,30,-0.003159,0.000099,0.002879,-0.269148,0.170440,10.135503,0.280103,0.006180,0.035444,6,1,0,0.000000,0,-6.207704,0.000000,0.026251,0,0.234814,0.000000,0.033977,-6.207704,0.234814,1,1,1,1.808518,0.000000,0.000000,0.000000,0.000000,0.000000,0.000000,0.000000
7.9701,-4.416693,0.217825,-0.013119,0.000000,0.027194,0.033977,0,0.234814,51,0.325290,0.138789,-4.416693,0.002513,-6.232857,-0.013119,-4.416685,-6.220888,-0.013119,0.217825,0.000000,0.012817,-0.418302,-34.332882,0.011969,-0.001000,0.000545,0.001972,0.000023,0.000545,0.325290,0.138789,-9.803623,0.002083,-0.007692,-0.001000,1.850817,0.006162,27.000000,0.013045,-4.416685,0.002513,0.217825,0.000000,0.012000,-0.001000,25,0,1,32,30,0.007506,0.002493,-0.014152,-0.136095,0.117618,9.771382,0.280021,0.006162,0.035441,6,1,0,0.000000,0,-6.207704,0.000000,0.027194,0,0.234814,0.000000,0.033977,-6.207704,0.234814,1,1,1,1.808544,0.000000,0.000000,0.000000,0.000000,0.000000,0.000000,0.000000
7.9801,-4.416881,0.217825,-0.002462,0.000000,0.026725,0.033977,0,0.234814,60,0.324833,0.139405,-4.416881,-0.000419,-6.232894,-0.002462,-4.416877,-6.220918,-0.002462,0.217825,0.000000,0.012924,-0.418302,-34.332882,0.011976,-0.001000,0.000289,0.001925,-0.000096,0.000289,0.324833,0.139405,-9.803629,0.002285,-0.001287,-0.001000,1.850786,0.006197,27.000000,0.013045,-4.416877,-0.000419,0.217825,0.000000,0.012000,-0.001000,30,0,1,32,30,0.001106,0.002333,-0.003492,-0.079955,0.443227,9.736410,0.279990,0.006197,0.035409,6,1,0,0.000000,0,-6.207704,0.000000,0.026725,0,0.234814,0.000000,0.033977,-6.207704,0.234814,1,1,1,1.808568,0.000000,0.000000,0.000000,0.000000,0.000000,0.000000,0.000000
7.9901,-4.416685,0.217825,-0.003475,0.000000,0.025729,0.033977,0,0.234814,70,0.325201,0.138639,-4.416685,-0.000419,-6.232836,-0.003475,-4.416685,-6.220860,-0.003475,0.217825,0.000000,0.012832,-0.418302,-34.332882,0.011976,0.000000,0.000509,0.001848,0.000094,0.000509,0.325201,0.138639,-9.803628,0.003405,0.013613,0.000000,1.850845,0.006190,27.000000,0.013045,-4.416685,-0.000419,0.217825,0.000000,0.012000,0.000000,35,0,1,32,30,-0.013837,0.002290,-0.003504,-0.125396,-0.188713,9.797023,0.280048,0.006190,0.035429,6,1,0,0.000000,0,-6.207704,0.000000,0.025729,0,0.234814,0.000000,0.033977,-6.207704,0.234814,1,1,1,1.808594,0.000000,0.000000,0.000000,0.000000,0.000000,0.000000,0.000000
