t,theta_big,theta_small,dtheta_big,dtheta_small,tau_big,tau_small,axis,held_target,mcu2_seq,gravity_ax,gravity_ay,theta_big_motor,dtheta_big_motor,theta_big_platform,dtheta_big_platform,theta_big_motor_meas,platform_azimuth,platform_rate,small_joint_angle_est,small_joint_rate_est,pitch_joint_angle,pitch_joint_rate,pitch_acc,chassis_azimuth,chassis_yaw_rate,big_enc_age,big_sample_interval,big_enc_innovation,chassis_imu_age,gravity_a_x,gravity_a_y,gravity_a_z,base_omega_x,base_omega_y,base_omega_z,los_azimuth,los_elevation,mcu_bullet_velocity,mcu_pitch_angle,mcu_yaw_big_angle,mcu_yaw_big_omega,mcu_yaw_small_angle,mcu_yaw_small_omega,mcu_chassis_imu_yaw,mcu_chassis_imu_omega,mcu_mark,mcu_color,mcu_auto_aim_switch,mcu_temp_big,mcu_temp_small,imu_gx,imu_gy,imu_gz,imu_ax,imu_ay,imu_az,imu_euler_yaw,imu_euler_pitch,imu_euler_roll,imu_dt_one_tenth_ms,tx_auto_aim_enable,tx_fire,tx_pitch_target_angle,tx_yaw_big_mode,tx_yaw_big_target_angle,tx_yaw_big_target_velocity,tx_yaw_big_torque,tx_yaw_small_mode,tx_yaw_small_target_angle,tx_yaw_small_target_velocity,tx_yaw_small_torque,target_big,target_small,est_valid,mcu_valid,imu_valid,backlash_center,backlash_beta_true,theta_true_motor,theta_true_platform,theta_true_small,dtheta_true_motor,dtheta_true_platform,dtheta_true_small
0.0002,3.937037,0.119651,0.015614,0.000000,0.025847,-0.003172,1,3.053734,14,0.058784,-0.134573,3.937037,-0.001466,3.054864,0.015614,3.937022,3.043868,0.015614,0.119651,0.000000,0.012580,-0.317554,-17.639212,-0.010996,0.000000,0.001463,0.002006,-0.000200,0.001463,0.058784,-0.134573,-9.808901,0.012311,-0.006749,0.000000,-1.548996,0.026916,27.000000,0.013045,3.937022,-0.001466,0.119651,0.000000,-0.011000,0.000000,158,0,1,31,29,-0.013826,-0.002239,0.015643,0.237108,-0.053001,9.664637,-3.119793,0.026916,0.004314,7,1,0,0.000000,0,3.053734,0.000000,0.025847,0,0.121900,0.000000,-0.003172,3.053734,0.121900,1,1,1,0.872049,0.000000,0.000000,0.000000,0.000000,0.000000,0.000000,0.000000
0.0101,3.936749,0.119651,0.004757,0.000000,0.017410,0.003696,1,3.053734,24,0.058895,-0.135469,3.936749,-0.002513,3.055065,0.004757,3.936734,3.044062,0.004757,0.119651,0.000000,0.012464,-0.317554,-17.639212,-0.011004,0.000000,0.001831,0.001988,0.000066,0.001831,0.058895,-0.135469,-9.808888,0.007461,0.007692,0.000000,-1.548803,0.026891,27.000000,0.013045,3.936734,-0.002513,0.119651,0.000000,-0.011000,0.000000,163,0,1,31,29,-0.001013,-0.010608,0.004889,-0.212189,0.191127,10.011333,-3.119599,0.026891,0.004314,7,1,0,0.000000,0,3.053734,0.000000,0.017410,0,0.121833,0.000000,0.003696,3.053734,0.121833,1,1,1,0.872083,0.000000,0.000000,0.000000,0.000000,0.000000,0.000000,0.000000
0.0201,3.937178,0.118884,-0.020781,0.000000,0.012442,0.007961,1,3.053734,34,0.056866,-0.134383,3.937178,0.007645,3.055658,-0.020781,3.937214,3.044637,-0.020781,0.118884,0.000000,0.012580,-0.317554,-17.639212,-0.011021,0.000000,0.001465,0.001989,0.000241,0.001465,0.056866,-0.134383,-9.808915,0.004058,0.006827,0.000000,-1.548990,0.026869,27.000000,0.013045,3.937214,0.007645,0.118884,0.000000,-0.011000,0.000000,168,0,1,31,29,0.001112,-0.008124,-0.020680,0.428326,-0.034009,9.684093,-3.119786,0.026869,0.004133,7,1,0,0.000000,0,3.053734,0.000000,0.012442,0,0.121366,0.000000,0.007961,3.053734,0.121366,1,1,1,0.872114,0.000000,0.000000,0.000000,0.000000,0.000000,0.000000,0.000000
0.0301,3.937889,0.118884,0.006224,0.000000,0.018880,-0.010247,1,3.053734,44,0.057217,-0.134905,3.937889,0.004503,3.055585,0.006224,3.937885,3.044580,0.006224,0.118884,0.000000,0.012531,-0.317554,-17.639212,-0.011005,-0.001000,0.001617,0.001992,0.000009,0.001617,0.057217,-0.134905,-9.808905,-0.007894,-0.004651,-0.001000,-1.549048,0.026878,27.000000,0.013045,3.937885,0.004503,0.118884,0.000000,-0.011000,-0.001000,173,0,1,31,29,0.003236,0.008637,0.005116,0.197639,0.263112,9.619936,-3.119844,0.026878,0.004162,7,1,0,0.000000,0,3.053734,0.000000,0.018880,0,0.120098,0.000000,-0.010247,3.053734,0.120098,1,1,1,0.872148,0.000000,0.000000,0.000000,0.000000,0.000000,0.000000,0.000000
0.0401,3.937306,0.118884,-0.001232,0.000000,0.017317,-0.026065,1,3.053734,54,0.058351,-0.134193,3.937306,-0.005550,3.055670,-0.001232,3.937309,3.044662,-0.001232,0.118884,0.000000,0.012578,-0.317554,-17.639212,-0.011007,0.000000,0.001472,0.002001,-0.000220,0.001472,0.058351,-0.134193,-9.808909,0.000014,-0.008448,-0.000000,-1.548968,0.026866,27.000000,0.013045,3.937309,-0.005550,0.118884,0.000000,-0.011000,0.000000,178,0,1,31,29,-0.005302,0.006560,-0.001315,-0.354798,0.083865,10.172859,-3.119764,0.026866,0.004285,6,1,0,0.000000,0,3.053734,0.000000,0.017317,0,0.117724,0.000000,-0.026065,3.053734,0.117724,1,1,1,0.872309,0.000000,0.000000,0.000000,0.000000,0.000000,0.000000,0.000000
0.0501,3.937715,0.117721,0.159014,-0.209440,0.007789,-0.028837,1,3.053734,64,0.057772,-0.135183,3.937715,0.002513,3.056399,0.159014,3.937501,3.045525,0.159014,0.117721,-0.209440,0.012445,-0.317554,-17.639212,-0.010874,0.000000,0.001891,0.002022,0.000170,0.001891,0.057772,-0.135183,-9.808898,-0.005092,0.002229,-0.209440,-1.549267,0.026821,27.000000,0.013045,3.937501,0.002513,0.118117,-0.209440,-0.011000,0.000000,183,0,1,31,29,0.005363,0.000832,-0.050439,0.006437,0.564161,10.015223,-3.120063,0.026821,0.004231,6,1,0,0.000000,0,3.053734,0.000000,0.007789,0,0.114351,0.000000,-0.028837,3.053734,0.114351,1,1,1,0.872342,0.000000,0.000000,0.000000,0.000000,0.000000,0.000000,0.000000
0.0601,3.937682,0.117196,-0.005982,-0.104720,0.020778,-0.050114,1,3.053734,74,0.056672,-0.133964,3.937682,0.001466,3.056171,-0.005982,3.937693,3.045162,-0.005982,0.117196,-0.104720,0.012580,-0.317554,-17.639212,-0.011009,0.000000,0.001465,0.001998,0.000091,0.001465,0.056672,-0.133964,-9.808922,0.007022,0.020653,-0.104720,-1.550152,0.026818,27.000000,0.013045,3.937693,0.001466,0.117350,-0.104720,-0.011000,0.000000,188,0,1,31,29,0.007504,-0.021874,-0.110435,-0.003101,0.112134,9.446020,-3.120948,0.026818,0.004142,6,1,0,0.000000,0,3.053734,0.000000,0.020778,0,0.110212,0.000000,-0.050114,3.053734,0.110212,1,1,1,0.872371,0.000000,0.000000,0.000000,0.000000,0.000000,0.000000,0.000000
0.0701,3.937413,0.115455,0.057686,-0.209440,0.012778,-0.049662,1,3.053734,84,0.056175,-0.134842,3.937413,-0.003560,3.056496,0.057686,3.937309,3.045526,0.057686,0.115455,-0.209440,0.012499,-0.317554,-17.639212,-0.010971,-0.001000,0.001721,0.002051,-0.000336,0.001721,0.056175,-0.134842,-9.808912,0.010227,-0.016217,-0.210440,-1.551528,0.026812,27.000000,0.013045,3.937309,-0.003560,0.115816,-0.209440,-0.011000,-0.001000,193,0,1,31,29,-0.018152,0.004263,-0.152818,0.092376,0.235195,9.552593,-3.122324,0.026812,0.004106,6,1,0,0.000000,0,3.053734,0.000000,0.012778,0,0.105497,0.000000,-0.049662,3.053734,0.105497,1,1,1,0.872402,0.000000,0.000000,0.000000,0.000000,0.000000,0.000000,0.000000
0.0801,3.937853,0.112013,0.186720,-0.418879,-0.000057,-0.040496,1,3.053734,94,0.054355,-0.133990,3.937853,0.005550,3.057744,0.186720,3.937597,3.046899,0.186720,0.112013,-0.418879,0.012488,-0.317554,-17.639212,-0.010845,0.000000,0.001753,0.001994,0.000122,0.001753,0.054355,-0.133990,-9.808934,0.012437,0.006789,-0.418879,-1.553593,0.026681,27.000000,0.013045,3.937597,0.005550,0.112748,-0.418879,-0.011000,0.000000,198,0,1,31,29,-0.005346,-0.016021,-0.231977,0.428467,0.257227,10.108118,-3.124389,0.026681,0.003981,7,1,0,0.000000,0,3.053734,0.000000,-0.000057,0,0.100340,0.000000,-0.040496,3.053734,0.100340,1,1,1,0.872428,0.000000,0.000000,0.000000,0.000000,0.000000,0.000000,0.000000
0.0901,3.938128,0.109253,0.039373,-0.314159,0.011108,-0.055184,1,3.053734,104,0.053519,-0.132654,3.938128,0.003560,3.058116,0.039373,3.938076,3.047112,0.039373,0.109253,-0.314159,0.012614,-0.317554,-17.639212,-0.011004,0.000000,0.001358,0.002031,-0.000179,0.001358,0.053519,-0.132654,-9.808957,-0.009752,0.023411,-0.314159,-1.556138,0.026651,27.000000,0.013045,3.938076,0.003560,0.109680,-0.314159,-0.011000,0.000000,2,0,1,31,29,0.022391,-0.015374,-0.274614,0.113026,-0.176430,9.586752,-3.126934,0.026651,0.003950,7,1,0,0.000000,0,3.053734,0.000000,0.011108,0,0.094926,0.000000,-0.055184,3.053734,0.094926,1,1,1,0.872454,0.000000,0.000000,0.000000,0.000000,0.000000,0.000000,0.000000
0.1001,3.937539,0.105775,0.091674,-0.418879,0.008491,-0.053253,1,3.053734,114,0.054491,-0.135902,3.937539,-0.004503,3.058417,0.091674,3.937405,3.047508,0.091674,0.105775,-0.418879,0.012411,-0.317554,-17.639212,-0.010909,0.000000,0.001998,0.002002,-0.000227,0.001998,0.054491,-0.135902,-9.808907,-0.005262,-0.031644,-0.418879,-1.559224,0.026773,27.000000,0.013045,3.937405,-0.004503,0.106612,-0.418879,-0.011000,0.000000,7,0,1,31,29,-0.016089,0.023689,-0.327524,0.015528,0.481526,9.736856,-3.130020,0.026773,0.004062,7,1,0,0.000000,0,3.053734,0.000000,0.008491,0,0.089398,0.000000,-0.053253,3.053734,0.089398,1,1,1,0.872480,0.000000,0.000000,0.000000,0.000000,0.000000,0.000000,0.000000
0.1101,3.937166,0.102044,0.055427,-0.418879,0.010240,-0.053952,1,3.053734,124,0.054577,-0.133632,3.937166,-0.001466,3.058697,0.055427,3.937118,3.047693,0.055427,0.102044,-0.418879,0.012490,-0.317554,-17.639212,-0.011005,0.001000,0.001749,0.002012,-0.000079,0.001749,0.054577,-0.133632,-9.808938,0.020778,0.006566,-0.417879,-1.562771,0.026608,27.000000,0.013045,3.937118,-0.001466,0.102777,-0.418879,-0.011000,0.001000,12,0,1,31,29,-0.011781,-0.022857,-0.362195,0.046004,-0.006590,9.770253,-3.133568,0.026608,0.004148,7,1,0,0.000000,0,3.053734,0.000000,0.010240,0,0.083901,0.000000,-0.053952,3.053734,0.083901,1,1,1,0.872500,0.000000,0.000000,0.000000,0.000000,0.000000,0.000000,0.000000
0.1201,3.938138,0.097375,0.101755,-0.523599,0.002595,-0.044320,1,3.053734,134,0.053809,-0.132218,3.938138,0.006597,3.059348,0.101755,3.937981,3.048483,0.101755,0.097375,-0.523599,0.012560,-0.317554,-17.639212,-0.010865,0.000000,0.001527,0.001977,-0.000115,0.001527,0.053809,-0.132218,-9.808961,0.003391,0.002262,-0.523599,-1.566648,0.026508,27.000000,0.013045,3.937981,0.006597,0.098175,-0.523599,-0.011000,0.000000,17,0,1,31,29,-0.001140,-0.009211,-0.421761,0.207777,0.269970,9.840131,-3.137445,0.026508,0.004150,6,1,0,0.000000,0,3.053734,0.000000,0.002595,0,0.078563,0.000000,-0.044320,3.053734,0.078563,1,1,1,0.872520,0.000000,0.000000,0.000000,0.000000,0.000000,0.000000,0.000000
0.1301,3.937868,0.092586,0.094279,-0.523599,0.006455,-0.041824,1,3.053734,144,0.051630,-0.133974,3.937868,-0.000419,3.059773,0.094279,3.937693,3.048821,0.094279,0.092586,-0.523599,0.012446,-0.317554,-17.639212,-0.010952,-0.001000,0.001885,0.001970,-0.000424,0.001885,0.051630,-0.133974,-9.808949,0.000280,0.001860,-0.524599,-1.571096,0.026532,27.000000,0.013045,3.937693,-0.000419,0.093573,-0.523599,-0.011000,-0.001000,22,0,1,31,29,0.000990,-0.006955,-0.430267,0.312636,0.309099,9.773599,3.141293,0.026532,0.003979,6,1,0,0.000000,0,3.053734,0.000000,0.006455,0,0.073423,0.000000,-0.041824,3.053734,0.073423,1,1,1,0.872540,0.000000,0.000000,0.000000,0.000000,0.000000,0.000000,0.000000
0.1401,3.937864,0.087339,0.089305,-0.523599,-0.002692,-0.034929,1,3.053734,154,0.051593,-0.132614,3.937864,-0.002513,3.060849,0.089305,3.937693,3.049864,0.089305,0.087339,-0.523599,0.012521,-0.317554,-17.639212,-0.010985,0.000000,0.001652,0.002044,-0.000402,0.001652,0.051593,-0.132614,-9.808968,0.008105,-0.021840,-0.523599,-1.575301,0.026446,27.000000,0.013045,3.937693,-0.002513,0.088204,-0.523599,-0.011000,0.000000,27,0,1,31,29,-0.020371,0.005862,-0.434401,0.122497,0.106428,9.914994,3.137088,0.026446,0.004061,7,1,0,0.000000,0,3.053734,0.000000,-0.002692,0,0.068460,0.000000,-0.034929,3.053734,0.068460,1,1,1,0.872558,0.000000,0.000000,0.000000,0.000000,0.000000,0.000000,0.000000
0.1501,3.937657,0.083565,0.104458,-0.523599,0.012354,-0.049611,1,3.053734,164,0.051953,-0.131134,3.937657,-0.001466,3.060467,0.104458,3.937501,3.049479,0.104458,0.083565,-0.523599,0.012557,-0.317554,-17.639212,-0.010988,0.000000,0.001536,0.001926,-0.000213,0.001536,0.051953,-0.131134,-9.808986,-0.013507,-0.014150,-0.523599,-1.579461,0.026320,27.000000,0.013045,3.937501,-0.001466,0.084369,-0.523599,-0.011000,0.000000,32,0,1,31,29,0.000971,0.014273,-0.419353,0.093530,0.437192,10.234124,3.132928,0.026320,0.004163,7,1,0,0.000000,0,3.053734,0.000000,0.012354,0,0.063698,0.000000,-0.049611,3.053734,0.063698,1,1,1,0.872574,0.000000,0.000000,0.000000,0.000000,0.000000,0.000000,0.000000
0.1601,3.937350,0.078914,-0.007271,-0.418879,0.003675,-0.041545,1,3.053734,174,0.052417,-0.132612,3.937350,0.000419,3.060879,-0.007271,3.937309,3.049882,-0.007271,0.078914,-0.418879,0.012398,-0.317554,-17.639212,-0.010997,0.000000,0.002037,0.002004,-0.000449,0.002037,0.052417,-0.132612,-9.808964,-0.003260,0.010771,-0.418879,-1.583711,0.026296,27.000000,0.013045,3.937309,0.000419,0.079767,-0.418879,-0.011000,0.000000,37,0,1,31,29,0.013809,-0.013527,-0.415400,-0.451579,0.051339,9.703518,3.128934,0.026292,0.004261,7,1,0,0.000000,0,3.053734,0.000000,0.003675,0,0.058896,0.000000,-0.041545,3.053734,0.058896,1,1,1,0.872590,0.000000,0.000000,0.000000,0.000000,0.000000,0.000000,0.000000
0.1701,3.937446,0.074349,-0.027721,-0.418879,0.004089,-0.045084,1,3.053734,184,0.050927,-0.132210,3.937446,0.004503,3.061141,-0.027721,3.937501,3.050184,-0.027721,0.074349,-0.418879,0.012426,-0.317554,-17.639212,-0.010957,0.001000,0.001950,0.001976,0.000367,0.001950,0.050927,-0.132210,-9.808977,0.003508,0.018430,-0.417879,-1.587973,0.026252,27.000000,0.013045,3.937501,0.004503,0.075165,-0.418879,-0.011000,0.001000,42,0,1,31,29,0.009540,-0.021690,-0.445365,0.550927,0.397288,9.611942,3.124416,0.026252,0.004177,6,1,0,0.000000,0,3.053734,0.000000,0.004089,0,0.053910,0.000000,-0.045084,3.053734,0.053910,1,1,1,0.872603,0.000000,0.000000,0.000000,0.000000,0.000000,0.000000,0.000000
0.1801,3.937962,0.070447,0.069711,-0.523599,0.013165,-0.056049,1,3.053734,194,0.050112,-0.131539,3.937962,0.004503,3.060613,0.069711,3.937885,3.049678,0.069711,0.070447,-0.523599,0.012509,-0.317554,-17.639212,-0.010935,0.000000,0.001687,0.002022,-0.000033,0.001687,0.050112,-0.131539,-9.808990,0.009141,-0.001076,-0.523599,-1.592378,0.026245,27.000000,0.013045,3.937885,0.004503,0.071330,-0.523599,-0.011000,0.000000,47,0,1,31,29,-0.007551,-0.010941,-0.453787,0.093771,-0.100534,9.635354,3.120011,0.026245,0.004153,7,1,0,0.000000,0,3.053734,0.000000,0.013165,0,0.048744,0.000000,-0.056049,3.053734,0.048744,1,1,1,0.872618,0.000000,0.000000,0.000000,0.000000,0.000000,0.000000,0.000000
0.1903,3.937400,0.065965,0.034496,-0.523599,0.008648,-0.053095,1,3.053734,204,0.048722,-0.130759,3.937400,-0.004503,3.060602,0.034496,3.937309,3.049634,0.034496,0.065965,-0.523599,0.012582,-0.317554,-17.639212,-0.010968,0.001000,0.001457,0.001982,-0.000311,0.001457,0.048722,-0.130759,-9.809008,0.003405,0.008480,-0.522599,-1.596902,0.026210,27.000000,0.013045,3.937309,-0.004503,0.066728,-0.523599,-0.011000,0.001000,52,0,1,31,29,0.003116,-0.014731,-0.487956,0.161267,0.151194,10.164300,3.115487,0.026210,0.004079,7,1,0,0.000000,0,3.053734,0.000000,0.008648,0,0.043455,0.000000,-0.053095,3.053734,0.043455,1,1,1,0.872632,0.000000,0.000000,0.000000,0.000000,0.000000,0.000000,0.000000
0.2001,3.937792,0.061370,-0.087634,-0.418879,0.014448,-0.054128,1,3.053734,214,0.047578,-0.131562,3.937792,0.005550,3.060197,-0.087634,3.937885,3.049113,-0.087634,0.061370,-0.418879,0.012472,-0.317554,-17.639212,-0.011084,0.001000,0.001805,0.002001,0.000138,0.001805,0.047578,-0.131562,-9.809002,0.005269,0.026413,-0.417879,-1.602016,0.026155,27.000000,0.013045,3.937885,0.005550,0.062126,-0.418879,-0.011000,0.001000,57,0,1,31,29,0.013800,-0.029432,-0.505185,0.073624,0.271194,9.734781,3.110373,0.026155,0.004020,7,1,0,0.000000,0,3.053734,0.000000,0.014448,0,0.038101,0.000000,-0.054128,3.053734,0.038101,1,1,1,0.872647,0.000000,0.000000,0.000000,0.000000,0.000000,0.000000,0.000000
0.2101,3.937998,0.055921,0.006300,-0.523599,0.003483,-0.047391,1,3.053734,224,0.046907,-0.131235,3.937998,0.000419,3.060596,0.006300,3.937981,3.049593,0.006300,0.055921,-0.523599,0.012538,-0.317554,-17.639212,-0.011003,0.000000,0.001598,0.002007,-0.000234,0.001598,0.046907,-0.131235,-9.809010,-0.004661,-0.022687,-0.523599,-1.606985,0.026162,27.000000,0.013045,3.937981,0.000419,0.056757,-0.523599,-0.011000,0.000000,62,0,1,31,29,-0.011865,0.013404,-0.517507,0.236030,0.130680,9.503784,3.105404,0.026162,0.004028,7,1,0,0.000000,0,3.053734,0.000000,0.003483,0,0.032580,0.000000,-0.047391,3.053734,0.032580,1,1,1,0.872663,0.000000,0.000000,0.000000,0.000000,0.000000,0.000000,0.000000
0.2201,3.938136,0.051129,0.039906,-0.523599,0.013560,-0.058380,1,3.053734,234,0.046698,-0.132220,3.938136,0.002513,3.060189,0.039906,3.938076,3.049153,0.039906,0.051129,-0.523599,0.012423,-0.317554,-17.639212,-0.011036,0.000000,0.001960,0.002032,-0.000036,0.001960,0.046698,-0.132220,-9.808998,0.008757,-0.004810,-0.523599,-1.612217,0.026127,27.000000,0.013045,3.938076,0.002513,0.052155,-0.523599,-0.011000,0.000000,67,0,1,31,29,-0.009697,-0.008413,-0.483626,0.169625,0.401342,10.042404,3.100172,0.026127,0.004067,7,1,0,0.000000,0,3.053734,0.000000,0.013560,0,0.026814,0.000000,-0.058380,3.053734,0.026814,1,1,1,0.872679,0.000000,0.000000,0.000000,0.000000,0.000000,0.000000,0.000000
0.2301,3.938125,0.046412,0.148990,-0.628319,0.008005,-0.064369,1,3.053734,244,0.047539,-0.130698,3.938125,-0.002513,3.060103,0.148990,3.937885,3.049250,0.148990,0.046412,-0.628319,0.012468,-0.317554,-17.639212,-0.010854,0.000000,0.001817,0.002012,-0.000291,0.001817,0.047539,-0.130698,-9.809014,0.009015,-0.010817,-0.628319,-1.616841,0.026002,27.000000,0.013045,3.937885,-0.002513,0.047554,-0.628319,-0.011000,0.000000,72,0,1,31,29,-0.013969,-0.004208,-0.479314,-0.413293,0.070013,9.742013,3.095548,0.026002,0.004224,7,1,0,0.000000,0,3.053734,0.000000,0.008005,0,0.020785,0.000000,-0.064369,3.053734,0.020785,1,1,1,0.872696,0.000000,0.000000,0.000000,0.000000,0.000000,0.000000,0.000000
0.2401,3.937692,0.041540,-0.081981,-0.418879,0.008019,-0.069018,1,3.053734,254,0.046366,-0.128631,3.937692,0.003560,3.060384,-0.081981,3.937789,3.049329,-0.081981,0.041540,-0.418879,0.012556,-0.317554,-17.639212,-0.011056,0.000000,0.001538,0.001994,-0.000170,0.001538,0.046366,-0.128631,-9.809047,0.014412,-0.005061,-0.418879,-1.621631,0.025854,27.000000,0.013045,3.937789,0.003560,0.042185,-0.418879,-0.011000,0.000000,77,0,1,31,29,-0.013967,-0.012473,-0.500743,0.131352,0.401439,10.032810,3.090758,0.025854,0.004179,6,1,0,0.000000,0,3.053734,0.000000,0.008019,0,0.014433,0.000000,-0.069018,3.053734,0.014433,1,1,1,0.872711,0.000000,0.000000,0.000000,0.000000,0.000000,0.000000,0.000000
0.2501,3.938227,0.035947,0.109736,-0.628319,0.002089,-0.068233,1,3.053734,8,0.044994,-0.127396,3.938227,0.001466,3.060730,0.109736,3.938076,3.049889,0.109736,0.035947,-0.628319,0.012606,-0.317554,-17.639212,-0.010841,0.000000,0.001383,0.002000,-0.000307,0.001383,0.044994,-0.127396,-9.809070,0.023887,0.023451,-0.628319,-1.626662,0.025749,27.000000,0.013045,3.938076,0.001466,0.036816,-0.628319,-0.011000,0.000000,82,0,1,31,29,-0.001135,-0.039989,-0.518120,-0.068635,-0.035337,9.769890,3.085727,0.025749,0.004118,6,1,0,0.000000,0,3.053734,0.000000,0.002089,0,0.007671,0.000000,-0.068233,3.053734,0.007671,1,1,1,0.872727,0.000000,0.000000,0.000000,0.000000,0.000000,0.000000,0.000000
0.2601,3.938024,0.030280,0.084767,-0.628319,0.008153,-0.074764,1,3.053734,18,0.042334,-0.128742,3.938024,0.000419,3.060848,0.084767,3.937885,3.049850,0.084767,0.030280,-0.628319,0.012455,-0.317554,-17.639212,-0.010997,0.000000,0.001857,0.002017,0.000034,0.001857,0.042334,-0.128742,-9.809064,0.007403,0.002927,-0.628319,-1.632362,0.025704,27.000000,0.013045,3.937885,0.000419,0.031447,-0.628319,-0.011000,0.000000,87,0,1,31,29,-0.003305,-0.014012,-0.543419,0.150665,0.165229,9.800758,3.080027,0.025704,0.003917,7,1,0,0.000000,0,3.053734,0.000000,0.008153,0,0.000487,0.000000,-0.074764,3.053734,0.000487,1,1,1,0.872743,0.000000,0.000000,0.000000,0.000000,0.000000,0.000000,0.000000
0.2701,3.937815,0.025053,0.073957,-0.628319,0.008863,-0.087484,1,3.053734,28,0.041423,-0.127823,3.937815,-0.001466,3.060617,0.073957,3.937693,3.049759,0.073957,0.025053,-0.628319,0.012527,-0.317554,-17.639212,-0.010858,0.000000,0.001631,0.001985,-0.000304,0.001631,0.041423,-0.127823,-9.809080,0.005523,0.013197,-0.628319,-1.637679,0.025659,27.000000,0.013045,3.937693,-0.001466,0.026078,-0.628319,-0.011000,0.000000,92,0,1,31,29,0.005237,-0.020256,-0.554152,-0.078326,0.341834,10.204343,3.074710,0.025659,0.003896,6,1,0,0.000000,0,3.053734,0.000000,0.008863,0,-0.007065,0.000000,-0.087484,3.053734,-0.007065,1,1,1,0.872758,0.000000,0.000000,0.000000,0.000000,0.000000,0.000000,0.000000
0.2801,3.937740,0.019195,0.033940,-0.628319,0.004634,-0.090455,1,3.053734,38,0.040691,-0.126372,3.937740,0.001466,3.061076,0.033940,3.937693,3.050035,0.033940,0.019195,-0.628319,0.012668,-0.317554,-17.639212,-0.011041,0.000000,0.001189,0.002127,-0.000020,0.001189,0.040691,-0.126372,-9.809102,0.003591,-0.016330,-0.628319,-1.643260,0.025627,27.000000,0.013045,3.937693,0.001466,0.019942,-0.628319,-0.011000,0.000000,97,0,1,31,29,-0.014009,0.001597,-0.594446,0.216403,0.019932,9.177264,3.069129,0.025627,0.003901,7,1,0,0.000000,0,3.053734,0.000000,0.004634,0,-0.015108,0.000000,-0.090455,3.053734,-0.015108,1,1,1,0.872771,0.000000,0.000000,0.000000,0.000000,0.000000,0.000000,0.000000
0.2901,3.937811,0.012642,-0.041658,-0.628319,0.007827,-0.091754,1,3.053734,48,0.039860,-0.128205,3.937811,0.001466,3.060923,-0.041658,3.937885,3.050000,-0.041658,0.012642,-0.628319,0.012457,-0.317554,-17.639212,-0.010924,0.000000,0.001853,0.002008,0.000038,0.001853,0.039860,-0.128205,-9.809081,0.015687,0.026167,-0.628319,-1.649848,0.025576,27.000000,0.013045,3.937885,0.001466,0.013806,-0.628319,-0.011000,0.000000,102,0,1,31,29,0.007356,-0.037952,-0.669556,-0.201389,0.157380,10.422529,3.062541,0.025576,0.003899,6,1,0,0.000000,0,3.053734,0.000000,0.007827,0,-0.023590,0.000000,-0.091754,3.053734,-0.023590,1,1,1,0.872785,0.000000,0.000000,0.000000,0.000000,0.000000,0.000000,0.000000
0.3001,3.937739,0.005669,0.018372,-0.733038,0.005414,-0.093392,1,3.053734,58,0.037824,-0.127730,3.937739,-0.003560,3.061131,0.018372,3.937693,3.050171,0.018372,0.005669,-0.733038,0.012510,-0.317554,-17.639212,-0.010960,0.000000,0.001684,0.002001,-0.000172,0.001684,0.037824,-0.127730,-9.809095,0.019526,0.014637,-0.733038,-1.656646,0.025553,27.000000,0.013045,3.937693,-0.003560,0.006903,-0.733038,-0.011000,0.000000,107,0,1,31,29,-0.003335,-0.033113,-0.714308,-0.088368,-0.032638,9.549785,3.055743,0.025553,0.003783,7,1,0,0.000000,0,3.053734,0.000000,0.005414,0,-0.032307,0.000000,-0.093392,3.053734,-0.032307,1,1,1,0.872799,0.000000,0.000000,0.000000,0.000000,0.000000,0.000000,0.000000
0.3101,3.937769,-0.001020,-0.028341,-0.733038,0.013727,-0.101063,1,3.053734,68,0.035097,-0.126733,3.937769,0.002513,3.060727,-0.028341,3.937789,3.049621,-0.028341,-0.001020,-0.733038,0.012603,-0.317554,-17.639212,-0.011106,0.000000,0.001391,0.001987,-0.000071,0.001391,0.035097,-0.126733,-9.809119,0.015602,0.004576,-0.733038,-1.663879,0.025519,27.000000,0.013045,3.937789,0.002513,0.000000,-0.733038,-0.011000,0.000000,112,0,1,31,29,-0.007628,-0.023954,-0.761138,0.427289,0.431934,9.899323,3.048510,0.025519,0.003592,7,1,0,0.000000,0,3.053734,0.000000,0.013727,0,-0.041088,0.000000,-0.101063,3.053734,-0.041088,1,1,1,0.872811,0.000000,0.000000,0.000000,0.000000,0.000000,0.000000,0.000000
0.3201,3.937937,-0.010131,0.027279,-0.837758,-0.001886,-0.075687,1,3.053734,78,0.032582,-0.127690,3.937937,0.000419,3.061524,0.027279,3.937885,3.050464,0.027279,-0.010131,-0.837758,0.012403,-0.317554,-17.639212,-0.011060,0.000000,0.002023,0.001833,-0.000055,0.002023,0.032582,-0.127690,-9.809115,0.019359,0.002061,-0.837758,-1.672144,0.025385,27.000000,0.013045,3.937885,0.000419,-0.008437,-0.837758,-0.011000,0.000000,117,0,1,31,29,-0.011910,-0.025451,-0.810226,0.245572,0.121358,9.484556,3.040245,0.025385,0.003454,7,1,0,0.000000,0,3.053734,0.000000,-0.001886,0,-0.049829,0.000000,-0.075687,3.053734,-0.049829,1,1,1,0.872824,0.000000,0.000000,0.000000,0.000000,0.000000,0.000000,0.000000
0.3301,3.938081,-0.017767,0.007945,-0.837758,0.015523,-0.090593,1,3.053734,88,0.030592,-0.126568,3.938081,0.001466,3.060656,0.007945,3.938076,3.049715,0.007945,-0.017767,-0.837758,0.012416,-0.317554,-17.639212,-0.010940,0.000000,0.001982,0.002004,-0.000179,0.001982,0.030592,-0.126568,-9.809136,0.013380,0.016801,-0.837758,-1.680524,0.025260,27.000000,0.013045,3.938076,0.001466,-0.016107,-0.837758,-0.011000,0.000000,122,0,1,31,29,0.003034,-0.031563,-0.829485,0.896260,0.270104,9.859721,3.031865,0.025260,0.003348,7,1,0,0.000000,0,3.053734,0.000000,0.015523,0,-0.058398,0.000000,-0.090593,3.053734,-0.058398,1,1,1,0.872838,0.000000,0.000000,0.000000,0.000000,0.000000,0.000000,0.000000
0.3401,3.938196,-0.026213,0.143700,-0.942478,0.000490,-0.079635,1,3.053734,98,0.030825,-0.126288,3.938196,-0.001466,3.061245,0.143700,3.937981,3.050344,0.143700,-0.026213,-0.942478,0.012483,-0.317554,-17.639212,-0.010901,0.000000,0.001771,0.001982,-0.000289,0.001771,0.030825,-0.126288,-9.809139,-0.019033,-0.019403,-0.942478,-1.688344,0.025269,27.000000,0.013045,3.937981,-0.001466,-0.024544,-0.942478,-0.011000,0.000000,127,0,1,31,29,-0.001278,0.017177,-0.799055,-0.327753,0.467773,10.061890,3.024045,0.025269,0.003480,6,1,0,0.000000,0,3.053734,0.000000,0.000490,0,-0.066708,0.000000,-0.079635,3.053734,-0.066708,1,1,1,0.872853,0.000000,0.000000,0.000000,0.000000,0.000000,0.000000,0.000000
0.3501,3.937894,-0.033626,0.005851,-0.837758,0.016421,-0.088697,1,3.053734,108,0.030342,-0.124265,3.937894,0.003560,3.060614,0.005851,3.937885,3.049541,0.005851,-0.033626,-0.837758,0.012510,-0.317554,-17.639212,-0.011073,0.000000,0.001686,0.002011,0.000138,0.001686,0.030342,-0.124265,-9.809166,0.020641,0.005630,-0.837758,-1.696560,0.025066,27.000000,0.013045,3.937885,0.003560,-0.032213,-0.837758,-0.011000,0.000000,132,0,1,31,29,-0.009777,-0.029435,-0.831604,0.560195,0.134978,9.169072,3.015829,0.025066,0.003518,7,1,0,0.000000,0,3.053734,0.000000,0.016421,0,-0.074763,0.000000,-0.088697,3.053734,-0.074763,1,1,1,0.872866,0.000000,0.000000,0.000000,0.000000,0.000000,0.000000,0.000000
0.3601,3.938622,-0.041388,0.113223,-0.942478,0.011848,-0.081987,1,3.053734,118,0.030946,-0.123483,3.938622,0.003560,3.060053,0.113223,3.938460,3.049252,0.113223,-0.041388,-0.942478,0.012538,-0.317554,-17.639212,-0.010801,0.000000,0.001597,0.001994,-0.000125,0.001597,0.030946,-0.123483,-9.809174,0.001976,-0.005660,-0.942478,-1.704613,0.024984,27.000000,0.013045,3.938460,0.003560,-0.039883,-0.942478,-0.011000,0.000000,137,0,1,31,29,-0.005530,-0.008082,-0.829219,-0.298713,0.221416,9.877595,3.007775,0.024984,0.003674,6,1,0,0.000000,0,3.053734,0.000000,0.011848,0,-0.082502,0.000000,-0.081987,3.053734,-0.082502,1,1,1,0.872883,0.000000,0.000000,0.000000,0.000000,0.000000,0.000000,0.000000
0.3701,3.938040,-0.049480,-0.082103,-0.733038,0.012488,-0.073037,1,3.053734,128,0.027775,-0.123413,3.938040,0.002513,3.060096,-0.082103,3.938172,3.048959,-0.082103,-0.049480,-0.733038,0.012543,-0.317554,-17.639212,-0.011138,0.000000,0.001582,0.001940,0.000083,0.001582,0.027775,-0.123413,-9.809184,0.017842,0.028431,-0.733038,-1.712993,0.024968,27.000000,0.013045,3.938172,0.002513,-0.048320,-0.733038,-0.011000,0.000000,142,0,1,31,29,0.009453,-0.042428,-0.814673,0.485353,0.306481,9.993805,2.999396,0.024968,0.003451,7,1,0,0.000000,0,3.053734,0.000000,0.012488,0,-0.089827,0.000000,-0.073037,3.053734,-0.089827,1,1,1,0.872899,0.000000,0.000000,0.000000,0.000000,0.000000,0.000000,0.000000
0.3801,3.939025,-0.057242,0.064003,-0.837758,0.010796,-0.068457,1,3.053734,138,0.027410,-0.122345,3.939025,0.006597,3.059883,0.064003,3.938939,3.048855,0.064003,-0.057242,-0.837758,0.012571,-0.317554,-17.639212,-0.011028,0.000000,0.001494,0.002000,-0.000099,0.001494,0.027410,-0.122345,-9.809199,-0.001488,-0.002946,-0.837758,-1.720859,0.024862,27.000000,0.013045,3.938939,0.006597,-0.055990,-0.837758,-0.011000,0.000000,147,0,1,31,29,-0.001246,-0.006670,-0.773732,0.302655,0.037924,9.273205,2.991530,0.024862,0.003504,7,1,0,0.000000,0,3.053734,0.000000,0.010796,0,-0.096570,0.000000,-0.068457,3.053734,-0.096570,1,1,1,0.872919,0.000000,0.000000,0.000000,0.000000,0.000000,0.000000,0.000000
0.3901,3.938815,-0.064433,0.083704,-0.837758,0.019263,-0.063586,1,3.053734,148,0.027075,-0.123194,3.938815,-0.001466,3.058993,0.083704,3.938652,3.048063,0.083704,-0.064433,-0.837758,0.012461,-0.317554,-17.639212,-0.010930,0.000000,0.001838,0.002025,-0.000267,0.001838,0.027075,-0.123194,-9.809189,-0.013089,-0.021332,-0.837758,-1.728843,0.024816,27.000000,0.013045,3.938652,-0.001466,-0.062893,-0.837758,-0.011000,0.000000,152,0,1,31,29,-0.007666,0.014426,-0.754292,0.046369,0.038864,9.962119,2.983546,0.024816,0.003564,6,1,0,0.000000,0,3.053734,0.000000,0.019263,0,-0.102505,0.000000,-0.063586,3.053734,-0.102505,1,1,1,0.872941,0.000000,0.000000,0.000000,0.000000,0.000000,0.000000,0.000000
0.4001,3.938765,-0.071126,0.014520,-0.733038,0.017566,-0.056830,1,3.053734,158,0.028169,-0.122576,3.938765,-0.000419,3.058418,0.014520,3.938748,3.047544,0.014520,-0.071126,-0.733038,0.012469,-0.317554,-17.639212,-0.010874,0.000000,0.001815,0.001992,-0.000092,0.001815,0.028169,-0.122576,-9.809194,0.007512,0.001964,-0.733038,-1.736059,0.024728,27.000000,0.013045,3.938748,-0.000419,-0.069796,-0.733038,-0.011000,0.000000,157,0,1,31,29,-0.003354,-0.015961,-0.718375,-0.213704,0.433239,9.764934,2.976330,0.024728,0.003753,6,1,0,0.000000,0,3.053734,0.000000,0.017566,0,-0.107589,0.000000,-0.056830,3.053734,-0.107589,1,1,1,0.872965,0.000000,0.000000,0.000000,0.000000,0.000000,0.000000,0.000000
0.4101,3.939027,-0.077816,0.057182,-0.733038,0.014803,-0.041313,1,3.053734,168,0.027945,-0.121759,3.939027,0.001466,3.058305,0.057182,3.938939,3.047342,0.057182,-0.077816,-0.733038,0.012561,-0.317554,-17.639212,-0.010963,0.000000,0.001524,0.001998,0.000106,0.001524,0.027945,-0.121759,-9.809205,-0.001295,0.014030,-0.733038,-1.742951,0.024714,27.000000,0.013045,3.938939,0.001466,-0.076699,-0.733038,-0.011000,0.000000,162,0,1,31,29,0.011601,-0.016485,-0.675703,-0.203883,0.629804,10.111450,2.969438,0.024714,0.003806,6,1,0,0.000000,0,3.053734,0.000000,0.014803,0,-0.111644,0.000000,-0.041313,3.053734,-0.111644,1,1,1,0.872988,0.000000,0.000000,0.000000,0.000000,0.000000,0.000000,0.000000
0.4201,3.939164,-0.083051,0.014297,-0.628319,0.026616,-0.040365,1,3.053734,178,0.027369,-0.122330,3.939164,0.003560,3.057186,0.014297,3.939131,3.046190,0.014297,-0.083051,-0.628319,0.012548,-0.317554,-17.639212,-0.010997,0.000000,0.001565,0.001995,-0.000190,0.001565,0.027369,-0.122330,-9.809199,0.005462,0.008506,-0.628319,-1.749339,0.024744,27.000000,0.013045,3.939131,0.003560,-0.082068,-0.628319,-0.011000,0.000000,167,0,1,31,29,0.003082,-0.017332,-0.613853,0.197896,0.083085,9.484140,2.963050,0.024744,0.003816,7,1,0,0.000000,0,3.053734,0.000000,0.026616,0,-0.114605,0.000000,-0.040365,3.053734,-0.114605,1,1,1,0.873016,0.000000,0.000000,0.000000,0.000000,0.000000,0.000000,0.000000
0.4301,3.939000,-0.088407,0.005753,-0.523599,0.021848,-0.023288,1,3.053734,188,0.027546,-0.123957,3.939000,-0.000419,3.056674,0.005753,3.939035,3.045626,0.005753,-0.088407,-0.523599,0.012457,-0.317554,-17.639212,-0.011048,0.000000,0.001852,0.001982,0.000011,0.001852,0.027546,-0.123957,-9.809178,-0.004588,0.011283,-0.523599,-1.755260,0.024796,27.000000,0.013045,3.939035,-0.000419,-0.087437,-0.523599,-0.011000,0.000000,172,0,1,31,29,0.011641,-0.010035,-0.517761,0.035738,0.552023,10.225670,2.957129,0.024796,0.003914,7,1,0,0.000000,0,3.053734,0.000000,0.021848,0,-0.116642,0.000000,-0.023288,3.053734,-0.116642,1,1,1,0.873142,0.000000,0.000000,0.000000,0.000000,0.000000,0.000000,0.000000
0.4401,3.939071,-0.092754,-0.033075,-0.418879,0.020355,-0.021510,1,3.053734,198,0.026916,-0.123376,3.939071,0.002513,3.056347,-0.033075,3.939131,3.045281,-0.033075,-0.092754,-0.418879,0.012502,-0.317554,-17.639212,-0.011065,0.000000,0.001709,0.001987,0.000037,0.001709,0.026916,-0.123376,-9.809187,0.010132,0.009486,-0.418879,-1.759952,0.024771,27.000000,0.013045,3.939131,0.002513,-0.092039,-0.418879,-0.011000,0.000000,177,0,1,31,29,0.000997,-0.019493,-0.451746,0.293803,0.081840,9.589465,2.952437,0.024771,0.003898,7,1,0,0.000000,0,3.053734,0.000000,0.020355,0,-0.118077,0.000000,-0.021510,3.053734,-0.118077,1,1,1,0.873655,0.000000,0.000000,0.000000,0.000000,0.000000,0.000000,0.000000
0.4501,3.940214,-0.095758,0.091488,-0.418879,0.023877,-0.028697,1,3.053734,208,0.027780,-0.123035,3.940214,0.009634,3.055615,0.091488,3.940090,3.044700,0.091488,-0.095758,-0.418879,0.012551,-0.317554,-17.639212,-0.010915,0.000000,0.001556,0.001995,0.000023,0.001556,0.027780,-0.123035,-9.809189,-0.017017,-0.009644,-0.418879,-1.763540,0.024765,27.000000,0.013045,3.940090,0.009634,-0.095107,-0.418879,-0.011000,0.000000,182,0,1,31,29,0.003132,0.015197,-0.327608,-0.213779,0.235855,9.485408,2.948849,0.024765,0.004019,7,1,0,0.000000,0,3.053734,0.000000,0.023877,0,-0.119252,0.000000,-0.028697,3.053734,-0.119252,1,1,1,0.874256,0.000000,0.000000,0.000000,0.000000,0.000000,0.000000,0.000000
0.4601,3.940475,-0.097982,0.067384,-0.314159,0.026464,-0.031389,1,3.053734,218,0.027614,-0.124194,3.940475,0.001466,3.054988,0.067384,3.940377,3.044001,0.067384,-0.097982,-0.314159,0.012465,-0.317554,-17.639212,-0.010987,0.000000,0.001828,0.001994,-0.000092,0.001828,0.027614,-0.124194,-9.809175,0.001952,-0.002574,-0.314159,-1.766463,0.024789,27.000000,0.013045,3.940377,0.001466,-0.097408,-0.314159,-0.011000,0.000000,187,0,1,31,29,-0.003229,-0.002994,-0.246757,-0.107609,0.062029,9.627287,2.945926,0.024789,0.004041,7,1,0,0.000000,0,3.053734,0.000000,0.026464,0,-0.120175,0.000000,-0.031389,3.053734,-0.120175,1,1,1,0.874865,0.000000,0.000000,0.000000,0.000000,0.000000,0.000000,0.000000
0.4701,3.940431,-0.100253,0.109459,-0.314159,0.018743,-0.027778,1,3.053734,228,0.027562,-0.122778,3.940431,0.000419,3.055020,0.109459,3.940282,3.044061,0.109459,-0.100253,-0.314159,0.012495,-0.317554,-17.639212,-0.010959,0.000000,0.001733,0.001994,0.000227,0.001733,0.027562,-0.122778,-9.809193,0.026506,0.006088,-0.314159,-1.768674,0.024666,27.000000,0.013045,3.940282,0.000419,-0.099709,-0.314159,-0.011000,0.000000,192,0,1,31,29,-0.011730,-0.027092,-0.204378,-0.184815,0.366439,9.754711,2.943715,0.024666,0.004049,7,1,0,0.000000,0,3.053734,0.000000,0.018743,0,-0.121062,0.000000,-0.027778,3.053734,-0.121062,1,1,1,0.874990,0.000000,0.000000,0.000000,0.000000,0.000000,0.000000,0.000000
0.4801,3.940329,-0.101403,-0.046253,-0.104720,0.026337,-0.036304,1,3.053734,238,0.026370,-0.121425,3.940329,0.000419,3.054512,-0.046253,3.940377,3.043478,-0.046253,-0.101403,-0.104720,0.012559,-0.317554,-17.639212,-0.011034,0.000000,0.001530,0.001987,-0.000008,0.001530,0.026370,-0.121425,-9.809213,0.011530,-0.000378,-0.104720,-1.770403,0.024601,27.000000,0.013045,3.940377,0.000419,-0.101243,-0.104720,-0.011000,0.000000,197,0,1,31,29,-0.007462,-0.010693,-0.150850,-0.172789,0.355486,10.644658,2.941986,0.024601,0.003928,7,1,0,0.000000,0,3.053734,0.000000,0.026337,0,-0.121769,0.000000,-0.036304,3.053734,-0.121769,1,1,1,0.875184,0.000000,0.000000,0.000000,0.000000,0.000000,0.000000,0.000000
0.4901,3.940287,-0.102192,0.007417,-0.104720,0.025870,-0.032825,1,3.053734,248,0.026425,-0.122030,3.940287,-0.001466,3.054018,0.007417,3.940282,3.043032,0.007417,-0.102192,-0.104720,0.012491,-0.317554,-17.639212,-0.010986,0.000000,0.001745,0.001972,-0.000003,0.001745,0.026425,-0.122030,-9.809205,0.003553,-0.012151,-0.104720,-1.771639,0.024591,27.000000,0.013045,3.940282,-0.001466,-0.102010,-0.104720,-0.011000,0.000000,1,0,1,31,29,-0.011731,0.003544,-0.097355,-0.204755,0.059367,9.062540,2.940750,0.024591,0.003950,6,1,0,0.000000,0,3.053734,0.000000,0.025870,0,-0.121900,0.000000,-0.032825,3.053734,-0.121900,1,1,1,0.875412,0.000000,0.000000,0.000000,0.000000,0.000000,0.000000,0.000000
0.5001,3.940273,-0.103058,0.150170,-0.209440,0.021379,-0.020744,1,3.053734,2,0.026030,-0.119812,3.940273,-0.002513,3.053952,0.150170,3.940090,3.043034,0.150170,-0.103058,-0.209440,0.012618,-0.317554,-17.639212,-0.010918,0.000000,0.001344,0.002102,-0.000254,0.001344,0.026030,-0.119812,-9.809234,0.008054,0.007776,-0.209440,-1.772502,0.024494,27.000000,0.013045,3.940090,-0.002513,-0.102777,-0.209440,-0.011000,0.000000,6,0,1,31,29,0.001104,-0.011888,-0.059124,0.160216,0.410074,10.109479,2.939887,0.024494,0.003897,6,1,0,0.000000,0,3.053734,0.000000,0.021379,0,-0.121210,0.000000,-0.020744,3.053734,-0.121210,1,1,1,0.875446,0.000000,0.000000,0.000000,0.000000,0.000000,0.000000,0.000000
0.5101,3.940594,-0.103544,0.007305,0.000000,0.020327,-0.013680,1,3.053734,12,0.026116,-0.120511,3.940594,0.000419,3.054125,0.007305,3.940569,3.043124,0.007305,-0.103544,0.000000,0.012505,-0.317554,-17.639212,-0.011002,0.000000,0.001700,0.002012,-0.000242,0.001700,0.026116,-0.120511,-9.809225,-0.007015,-0.001411,0.000000,-1.772898,0.024449,27.000000,0.013045,3.940569,0.000419,-0.103544,0.000000,-0.011000,0.000000,11,0,1,31,29,0.003239,0.006472,0.007224,0.054996,0.014778,9.588635,2.939491,0.024449,0.003919,7,1,0,0.000000,0,3.053734,0.000000,0.020327,0,-0.119810,0.000000,-0.013680,3.053734,-0.119810,1,1,1,0.875483,0.000000,0.000000,0.000000,0.000000,0.000000,0.000000,0.000000
0.5201,3.940654,-0.103544,0.058791,0.000000,0.016469,-0.009437,1,3.053734,22,0.026825,-0.120641,3.940654,0.001466,3.054485,0.058791,3.940569,3.043520,0.058791,-0.103544,0.000000,0.012579,-0.317554,-17.639212,-0.010965,0.000000,0.001466,0.002014,-0.000014,0.001466,0.026825,-0.120641,-9.809221,-0.013384,-0.011874,0.000000,-1.772504,0.024529,27.000000,0.013045,3.940569,0.001466,-0.103544,0.000000,-0.011000,0.000000,16,0,1,31,29,-0.001028,0.018600,0.058562,-0.204482,0.274697,9.437952,2.939885,0.024529,0.003992,7,1,0,0.000000,0,3.053734,0.000000,0.016469,0,-0.117885,0.000000,-0.009437,3.053734,-0.117885,1,1,1,0.875518,0.000000,0.000000,0.000000,0.000000,0.000000,0.000000,0.000000
0.5301,3.940668,-0.102777,0.105140,0.000000,0.019029,-0.010833,1,3.053734,32,0.026918,-0.122174,3.940668,-0.000419,3.054580,0.105140,3.940473,3.043636,0.105140,-0.102777,0.000000,0.012435,-0.317554,-17.639212,-0.010944,0.000000,0.001922,0.001867,-0.000189,0.001922,0.026918,-0.122174,-9.809202,0.004648,0.005135,0.000000,-1.771620,0.024542,27.000000,0.013045,3.940473,-0.000419,-0.102777,0.000000,-0.011000,0.000000,21,0,1,31,29,0.001146,-0.005523,0.105217,-0.040565,0.127467,9.752403,2.940769,0.024542,0.004008,6,1,0,0.000000,0,3.053734,0.000000,0.019029,0,-0.115631,0.000000,-0.010833,3.053734,-0.115631,1,1,1,0.875554,0.000000,0.000000,0.000000,0.000000,0.000000,0.000000,0.000000
0.5401,3.940555,-0.102010,0.175432,0.000000,0.012266,-0.005122,1,3.053734,42,0.026392,-0.121312,3.940555,-0.002513,3.055186,0.175432,3.940282,3.044297,0.175432,-0.102010,0.000000,0.012520,-0.317554,-17.639212,-0.010889,-0.002000,0.001654,0.001999,-0.000422,0.001654,0.026392,-0.121312,-9.809214,0.003015,0.006597,-0.002000,-1.770191,0.024548,27.000000,0.013045,3.940282,-0.002513,-0.102010,0.000000,-0.011000,-0.002000,26,0,1,31,29,0.003299,-0.004288,0.173499,-0.213210,0.063858,9.474109,2.942198,0.024548,0.003937,7,1,0,0.000000,0,3.053734,0.000000,0.012266,0,-0.113148,0.000000,-0.005122,3.053734,-0.113148,1,1,1,0.875586,0.000000,0.000000,0.000000,0.000000,0.000000,0.000000,0.000000
0.5501,3.940788,-0.100476,0.221094,0.000000,0.013298,-0.008975,1,3.053734,52,0.024124,-0.123098,3.940788,0.001466,3.055639,0.221094,3.940377,3.044762,0.221094,-0.100476,0.000000,0.012409,-0.317554,-17.639212,-0.010877,-0.001000,0.002003,0.001951,-0.000378,0.002003,0.024124,-0.123098,-9.809198,0.009621,0.017337,-0.001000,-1.768187,0.024647,27.000000,0.013045,3.940377,0.001466,-0.100476,0.000000,-0.011000,-0.001000,31,0,1,31,29,0.007594,-0.015584,0.220305,0.122837,0.377951,10.386675,2.944202,0.024647,0.003707,6,1,0,0.000000,0,3.053734,0.000000,0.013298,0,-0.110506,0.000000,-0.008975,3.053734,-0.110506,1,1,1,0.875620,0.000000,0.000000,0.000000,0.000000,0.000000,0.000000,0.000000
0.5601,3.940356,-0.097081,0.055837,0.209440,0.030451,-0.027420,1,3.053734,62,0.023448,-0.122552,3.940356,-0.002513,3.054697,0.055837,3.940282,3.043720,0.055837,-0.097081,0.209440,0.012550,-0.317554,-17.639212,-0.010978,0.000000,0.001560,0.002112,-0.000101,0.001560,0.023448,-0.122552,-9.809206,0.005173,-0.002543,0.209440,-1.765832,0.024752,27.000000,0.013045,3.940282,-0.002513,-0.097408,0.209440,-0.011000,0.000000,36,0,1,31,29,-0.005218,0.000879,0.265286,0.149690,-0.028150,9.195879,2.946557,0.024752,0.003591,6,1,0,0.000000,0,3.053734,0.000000,0.030451,0,-0.107724,0.000000,-0.027420,3.053734,-0.107724,1,1,1,0.875651,0.000000,0.000000,0.000000,0.000000,0.000000,0.000000,0.000000
0.5701,3.940167,-0.095555,0.042889,0.209440,0.007487,-0.005976,1,3.053734,72,0.022766,-0.122521,3.940167,0.000419,3.055725,0.042889,3.940090,3.044765,0.042889,-0.095555,0.209440,0.012562,-0.317554,-17.639212,-0.010960,0.000000,0.001521,0.001995,-0.000332,0.001521,0.022766,-0.122521,-9.809208,0.008576,0.002937,0.209440,-1.763259,0.024773,27.000000,0.013045,3.940090,0.000419,-0.095874,0.209440,-0.011000,0.000000,41,0,1,31,29,-0.003080,-0.005355,0.252415,-0.021566,0.457551,10.128979,2.949130,0.024773,0.003503,7,1,0,0.000000,0,3.053734,0.000000,0.007487,0,-0.104923,0.000000,-0.005976,3.053734,-0.104923,1,1,1,0.875680,0.000000,0.000000,0.000000,0.000000,0.000000,0.000000,0.000000
0.5801,3.941294,-0.093573,0.228475,0.000000,0.012076,-0.007584,1,3.053734,82,0.021797,-0.123294,3.941294,0.006597,3.056123,0.228475,3.940857,3.045253,0.228475,-0.093573,0.000000,0.012438,-0.317554,-17.639212,-0.010870,0.000000,0.001910,0.002010,-0.000070,0.001910,0.021797,-0.123294,-9.809201,0.010646,0.026543,0.000000,-1.760785,0.024744,27.000000,0.013045,3.940857,0.006597,-0.093573,0.000000,-0.011000,0.000000,46,0,1,31,29,0.014007,-0.022090,0.228768,0.340981,0.112908,9.398400,2.951604,0.024744,0.003388,6,1,0,0.000000,0,3.053734,0.000000,0.012076,0,-0.102011,0.000000,-0.007584,3.053734,-0.102011,1,1,1,0.875710,0.000000,0.000000,0.000000,0.000000,0.000000,0.000000,0.000000
0.5901,3.941026,-0.090933,0.044137,0.209440,0.018629,-0.013473,1,3.053734,92,0.022393,-0.124115,3.941026,-0.000419,3.056095,0.044137,3.940953,3.045114,0.044137,-0.090933,0.209440,0.012531,-0.317554,-17.639212,-0.010980,0.000000,0.001619,0.001990,-0.000299,0.001619,0.022393,-0.124115,-9.809189,-0.038002,-0.021059,0.209440,-1.758286,0.024923,27.000000,0.013045,3.940953,-0.000419,-0.091272,0.209440,-0.011000,0.000000,51,0,1,31,29,0.007539,0.045962,0.253021,-0.213779,0.235855,9.485408,2.954103,0.024923,0.003423,6,1,0,0.000000,0,3.053734,0.000000,0.018629,0,-0.099087,0.000000,-0.013473,3.053734,-0.099087,1,1,1,0.875741,0.000000,0.000000,0.000000,0.000000,0.000000,0.000000,0.000000
0.6001,3.940278,-0.088683,0.073772,0.209440,0.012927,-0.007500,1,3.053734,102,0.022645,-0.124092,3.940278,-0.005550,3.056437,0.073772,3.940186,3.045474,0.073772,-0.088683,0.209440,0.012608,-0.317554,-17.639212,-0.010963,0.001000,0.001376,0.002041,-0.000430,0.001376,0.022645,-0.124092,-9.809189,0.012512,0.006235,0.210440,-1.755677,0.025004,27.000000,0.013045,3.940186,-0.005550,-0.088971,0.209440,-0.011000,0.001000,56,0,1,31,29,-0.003066,-0.010054,0.284361,0.256546,0.369286,10.319682,2.956712,0.025004,0.003421,6,1,0,0.000000,0,3.053734,0.000000,0.012927,0,-0.096103,0.000000,-0.007500,3.053734,-0.096103,1,1,1,0.875768,0.000000,0.000000,0.000000,0.000000,0.000000,0.000000,0.000000
0.6101,3.940980,-0.086273,0.077120,0.209440,0.010292,-0.006682,1,3.053734,112,0.023345,-0.124265,3.940980,0.004503,3.056955,0.077120,3.940857,3.045993,0.077120,-0.086273,0.209440,0.012444,-0.317554,-17.639212,-0.010962,0.000000,0.001892,0.001955,-0.000001,0.001892,0.023345,-0.124265,-9.809185,0.000473,0.007444,0.209440,-1.752749,0.024859,27.000000,0.013045,3.940857,0.004503,-0.086670,0.209440,-0.011000,0.000000,61,0,1,31,29,0.005464,-0.001510,0.286600,0.245505,0.027506,9.340056,2.959640,0.024859,0.003463,6,1,0,0.000000,0,3.053734,0.000000,0.010292,0,-0.093014,0.000000,-0.006682,3.053734,-0.093014,1,1,1,0.875796,0.000000,0.000000,0.000000,0.000000,0.000000,0.000000,0.000000
0.6201,3.940899,-0.084013,0.083880,0.209440,0.008257,-0.001499,1,3.053734,122,0.022703,-0.124515,3.940899,0.001466,3.057548,0.083880,3.940761,3.046595,0.083880,-0.084013,0.209440,0.012505,-0.317554,-17.639212,-0.010953,0.000000,0.001700,0.001966,-0.000357,0.001700,0.022703,-0.124515,-9.809183,-0.012312,-0.000295,0.209440,-1.749885,0.024959,27.000000,0.013045,3.940761,0.001466,-0.084369,0.209440,-0.011000,0.000000,66,0,1,31,29,0.007585,0.013369,0.293175,0.228372,0.357587,10.491813,2.962504,0.024959,0.003372,6,1,0,0.000000,0,3.053734,0.000000,0.008257,0,-0.089755,0.000000,-0.001499,3.053734,-0.089755,1,1,1,0.875822,0.000000,0.000000,0.000000,0.000000,0.000000,0.000000,0.000000
0.6301,3.940847,-0.080952,0.111287,0.209440,0.014429,-0.007285,1,3.053734,132,0.022372,-0.125211,3.940847,-0.001466,3.057553,0.111287,3.940665,3.046583,0.111287,-0.080952,0.209440,0.012516,-0.317554,-17.639212,-0.010971,0.000000,0.001666,0.001988,-0.000121,0.001666,0.022372,-0.125211,-9.809175,0.002204,0.003382,0.209440,-1.746835,0.025054,27.000000,0.013045,3.940665,-0.001466,-0.081301,0.209440,-0.011000,0.000000,71,0,1,31,29,0.001203,0.000161,0.320750,0.274343,0.186894,9.600078,2.965554,0.025054,0.003306,6,1,0,0.000000,0,3.053734,0.000000,0.014429,0,-0.086344,0.000000,-0.007285,3.053734,-0.086344,1,1,1,0.875846,0.000000,0.000000,0.000000,0.000000,0.000000,0.000000,0.000000
0.6401,3.940668,-0.077635,0.044027,0.314159,0.010265,-0.008159,1,3.053734,142,0.023242,-0.125387,3.940668,-0.002513,3.057908,0.044027,3.940569,3.046919,0.044027,-0.077635,0.314159,0.012441,-0.317554,-17.639212,-0.010989,-0.001000,0.001903,0.002016,-0.000182,0.001903,0.023242,-0.125387,-9.809171,-0.005049,0.000143,0.313159,-1.743183,0.025000,27.000000,0.013045,3.940569,-0.002513,-0.078233,0.314159,-0.011000,-0.001000,76,0,1,31,29,0.003340,0.008232,0.357112,-0.211447,0.225487,10.327503,2.969206,0.025000,0.003354,6,1,0,0.000000,0,3.053734,0.000000,0.010265,0,-0.082808,0.000000,-0.008159,3.053734,-0.082808,1,1,1,0.875871,0.000000,0.000000,0.000000,0.000000,0.000000,0.000000,0.000000
0.6501,3.940787,-0.074041,0.158669,0.209440,0.014191,-0.011826,1,3.053734,152,0.023736,-0.125214,3.940787,0.003560,3.057789,0.158669,3.940569,3.046872,0.158669,-0.074041,0.209440,0.012505,-0.317554,-17.639212,-0.010916,0.000000,0.001702,0.001992,-0.000205,0.001702,0.023736,-0.125214,-9.809172,-0.014379,-0.004919,0.209440,-1.739637,0.025055,27.000000,0.013045,3.940569,0.003560,-0.074398,0.209440,-0.011000,0.000000,81,0,1,31,29,0.005467,0.018781,0.367903,-0.068641,0.087083,9.924246,2.972752,0.025055,0.003358,6,1,0,0.000000,0,3.053734,0.000000,0.014191,0,-0.079338,0.000000,-0.011826,3.053734,-0.079338,1,1,1,0.875894,0.000000,0.000000,0.000000,0.000000,0.000000,0.000000,0.000000
0.6601,3.940851,-0.070970,0.130700,0.209440,0.009278,-0.008257,1,3.053734,162,0.024456,-0.126822,3.940851,0.000419,3.058143,0.130700,3.940665,3.047243,0.130700,-0.070970,0.209440,0.012499,-0.317554,-17.639212,-0.010900,0.000000,0.001719,0.001860,0.000033,0.001719,0.024456,-0.126822,-9.809150,-0.015032,0.011232,0.209440,-1.736196,0.025218,27.000000,0.013045,3.940665,0.000419,-0.071330,0.209440,-0.011000,0.000000,86,0,1,31,29,0.018277,0.008502,0.340060,0.111141,0.180308,9.351075,2.976193,0.025218,0.003405,7,1,0,0.000000,0,3.053734,0.000000,0.009278,0,-0.076072,0.000000,-0.008257,3.053734,-0.076072,1,1,1,0.875918,0.000000,0.000000,0.000000,0.000000,0.000000,0.000000,0.000000
0.6701,3.940838,-0.067151,0.122255,0.209440,0.019185,-0.019377,1,3.053734,172,0.024222,-0.127537,3.940838,0.002513,3.057662,0.122255,3.940665,3.046726,0.122255,-0.067151,0.209440,0.012523,-0.317554,-17.639212,-0.010936,0.000000,0.001644,0.001850,-0.000032,0.001644,0.024222,-0.127537,-9.809141,-0.004618,-0.007962,0.209440,-1.732893,0.025329,27.000000,0.013045,3.940665,0.002513,-0.067495,0.209440,-0.011000,0.000000,91,0,1,31,29,-0.003076,0.012828,0.331560,0.132465,0.358832,10.386489,2.979496,0.025329,0.003337,6,1,0,0.000000,0,3.053734,0.000000,0.019185,0,-0.073017,0.000000,-0.019377,3.053734,-0.073017,1,1,1,0.875941,0.000000,0.000000,0.000000,0.000000,0.000000,0.000000,0.000000
0.6801,3.940630,-0.064135,0.111390,0.209440,0.011136,-0.015076,1,3.053734,182,0.024889,-0.126679,3.940630,-0.000419,3.057877,0.111390,3.940473,3.046966,0.111390,-0.064135,0.209440,0.012602,-0.317554,-17.639212,-0.010910,0.000000,0.001396,0.001984,-0.000447,0.001396,0.024889,-0.126679,-9.809150,-0.001077,0.000656,0.209440,-1.729638,0.025326,27.000000,0.013045,3.940473,-0.000419,-0.064427,0.209440,-0.011000,0.000000,96,0,1,31,29,0.001199,0.004434,0.320799,-0.147470,0.370465,9.429381,2.982751,0.025326,0.003361,7,1,0,0.000000,0,3.053734,0.000000,0.011136,0,-0.070280,0.000000,-0.015076,3.053734,-0.070280,1,1,1,0.875965,0.000000,0.000000,0.000000,0.000000,0.000000,0.000000,0.000000
0.6901,3.941029,-0.061758,0.064483,0.209440,0.004833,-0.013449,1,3.053734,192,0.024307,-0.128070,3.941029,0.007645,3.058662,0.064483,3.940953,3.047691,0.064483,-0.061758,0.209440,0.012486,-0.317554,-17.639212,-0.010971,0.000000,0.001759,0.002012,0.000257,0.001759,0.024307,-0.128070,-9.809134,-0.007596,0.006293,0.209440,-1.726533,0.025364,27.000000,0.013045,3.940953,0.007645,-0.062126,0.209440,-0.011000,0.000000,101,0,1,31,29,0.009723,0.005083,0.273880,0.103153,0.653470,10.532988,2.985855,0.025364,0.003280,6,1,0,0.000000,0,3.053734,0.000000,0.004833,0,-0.067999,0.000000,-0.013449,3.053734,-0.067999,1,1,1,0.875988,0.000000,0.000000,0.000000,0.000000,0.000000,0.000000,0.000000
0.7001,3.940837,-0.057786,-0.042235,0.314159,0.026893,-0.036763,1,3.053734,202,0.025321,-0.127575,3.940837,0.000419,3.057494,-0.042235,3.940857,3.046457,-0.042235,-0.057786,0.314159,0.012535,-0.317554,-17.639212,-0.011036,0.000000,0.001607,0.002005,-0.000128,0.001607,0.025321,-0.127575,-9.809138,0.002929,-0.015673,0.314159,-1.723798,0.025369,27.000000,0.013045,3.940857,0.000419,-0.058291,0.314159,-0.011000,0.000000,106,0,1,31,29,-0.013765,0.011455,0.271802,0.302661,-0.046838,9.167078,2.988591,0.025369,0.003329,6,1,0,0.000000,0,3.053734,0.000000,0.026893,0,-0.066051,0.000000,-0.036763,3.053734,-0.066051,1,1,1,0.876011,0.000000,0.000000,0.000000,0.000000,0.000000,0.000000,0.000000
0.7101,3.941037,-0.056757,0.237849,0.000000,-0.006866,-0.009752,1,3.053734,212,0.026538,-0.127613,3.941037,-0.000419,3.059083,0.237849,3.940569,3.048242,0.237849,-0.056757,0.000000,0.012402,-0.317554,-17.639212,-0.010840,0.000000,0.002024,0.001975,-0.000022,0.002024,0.026538,-0.127613,-9.809134,0.004858,-0.022504,0.000000,-1.720986,0.025237,27.000000,0.013045,3.940569,-0.000419,-0.056757,0.000000,-0.011000,0.000000,111,0,1,31,29,-0.020182,0.014027,0.237694,-0.316497,0.271944,10.433176,2.991403,0.025237,0.003440,7,1,0,0.000000,0,3.053734,0.000000,-0.006866,0,-0.064457,0.000000,-0.009752,3.053734,-0.064457,1,1,1,0.876033,0.000000,0.000000,0.000000,0.000000,0.000000,0.000000,0.000000
0.7201,3.941008,-0.053324,-0.011854,0.209440,0.028318,-0.038434,1,3.053734,222,0.025542,-0.125680,3.941008,0.006597,3.057798,-0.011854,3.941049,3.046798,-0.011854,-0.053324,0.209440,0.012491,-0.317554,-17.639212,-0.011000,-0.001000,0.001744,0.001974,0.000420,0.001744,0.025542,-0.125680,-9.809162,0.008559,0.020389,0.208440,-1.718994,0.025146,27.000000,0.013045,3.941049,0.006597,-0.053689,0.209440,-0.011000,-0.001000,116,0,1,31,29,0.009724,-0.017403,0.196819,0.849246,0.078250,9.905614,2.993395,0.025146,0.003284,7,1,0,0.000000,0,3.053734,0.000000,0.028318,0,-0.062943,0.000000,-0.038434,3.053734,-0.062943,1,1,1,0.876054,0.000000,0.000000,0.000000,0.000000,0.000000,0.000000,0.000000
0.7301,3.941083,-0.052922,0.193395,0.000000,-0.005608,-0.002071,1,3.053734,232,0.027419,-0.126218,3.941083,-0.004503,3.059293,0.193395,3.940761,3.048421,0.193395,-0.052922,0.000000,0.012518,-0.317554,-17.639212,-0.010871,0.000000,0.001660,0.001959,-0.000783,0.001660,0.027419,-0.126218,-9.809150,-0.018225,-0.017258,0.000000,-1.716973,0.025219,27.000000,0.013045,3.940761,-0.004503,-0.052922,0.000000,-0.011000,0.000000,121,0,1,31,29,-0.000998,0.027499,0.193066,-0.615974,0.050055,9.023898,2.995416,0.025219,0.003473,7,1,0,0.000000,0,3.053734,0.000000,-0.005608,0,-0.061111,0.000000,-0.002071,3.053734,-0.061111,1,1,1,0.876075,0.000000,0.000000,0.000000,0.000000,0.000000,0.000000,0.000000
0.7401,3.940445,-0.050235,-0.030714,0.209440,0.023399,-0.019299,1,3.053734,242,0.025048,-0.126517,3.940445,0.000419,3.058393,-0.030714,3.940473,3.047357,-0.030714,-0.050235,0.209440,0.012459,-0.317554,-17.639212,-0.011036,0.001000,0.001845,0.002150,0.000291,0.001845,0.025048,-0.126517,-9.809152,0.007403,0.008076,0.210440,-1.715344,0.025212,27.000000,0.013045,3.940473,0.000419,-0.050621,0.209440,-0.011000,0.001000,126,0,1,31,29,0.001171,-0.008653,0.179847,1.299083,0.198909,10.222944,2.997045,0.025212,0.003199,7,1,0,0.000000,0,3.053734,0.000000,0.023399,0,-0.058667,0.000000,-0.019299,3.053734,-0.058667,1,1,1,0.876094,0.000000,0.000000,0.000000,0.000000,0.000000,0.000000,0.000000
0.7501,3.941867,-0.049087,0.183584,0.000000,0.002608,0.006041,1,3.053734,252,0.027982,-0.126526,3.941867,0.006597,3.059083,0.183584,3.941528,3.048202,0.183584,-0.049087,0.000000,0.012489,-0.317554,-17.639212,-0.010881,-0.001000,0.001750,0.002006,-0.000572,0.001750,0.027982,-0.126526,-9.809144,-0.019231,-0.006868,-0.001000,-1.713358,0.025232,27.000000,0.013045,3.941528,0.006597,-0.049087,0.000000,-0.011000,-0.001000,131,0,1,31,29,0.007544,0.021254,0.182333,-0.652698,-0.126204,9.357068,2.999031,0.025232,0.003483,7,1,0,0.000000,0,3.053734,0.000000,0.002608,0,-0.055611,0.000000,0.006041,3.053734,-0.055611,1,1,1,0.876115,0.000000,0.000000,0.000000,0.000000,0.000000,0.000000,0.000000
0.7601,3.940596,-0.047553,0.221166,0.000000,0.008071,0.011041,1,3.053734,6,0.027652,-0.126258,3.940596,-0.004503,3.059304,0.221166,3.940473,3.048452,0.221166,-0.047553,0.000000,0.012616,-0.317554,-17.639212,-0.010852,0.000000,0.001352,0.001977,0.000354,0.001352,0.027652,-0.126258,-9.809149,-0.014919,-0.023071,0.000000,-1.711574,0.025338,27.000000,0.013045,3.940473,-0.004503,-0.047553,0.000000,-0.011000,0.000000,136,0,1,31,29,-0.007395,0.029249,0.220814,0.849308,0.332181,10.252702,3.000815,0.025338,0.003428,7,1,0,0.000000,0,3.053734,0.000000,0.008071,0,-0.052069,0.000000,0.011041,3.053734,-0.052069,1,1,1,0.876132,0.000000,0.000000,0.000000,0.000000,0.000000,0.000000,0.000000
0.7701,3.941603,-0.044895,0.038992,0.209440,0.013533,0.005722,1,3.053734,16,0.029599,-0.127902,3.941603,0.006597,3.059198,0.038992,3.941528,3.048204,0.038992,-0.044895,0.209440,0.012503,-0.317554,-17.639212,-0.010994,0.000000,0.001708,0.002138,-0.000160,0.001708,0.029599,-0.127902,-9.809122,-0.008532,-0.000298,0.209440,-1.709167,0.025392,27.000000,0.013045,3.941528,0.006597,-0.045252,0.209440,-0.011000,0.000000,141,0,1,31,29,0.005441,0.009685,0.248330,0.465598,-0.039074,9.320390,3.003222,0.025392,0.003600,7,1,0,0.000000,0,3.053734,0.000000,0.013533,0,-0.048181,0.000000,0.005722,3.053734,-0.048181,1,1,1,0.876153,0.000000,0.000000,0.000000,0.000000,0.000000,0.000000,0.000000
0.7801,3.940339,-0.041651,-0.020538,0.314159,0.017412,0.003875,1,3.053734,26,0.031792,-0.128059,3.940339,-0.006597,3.058705,-0.020538,3.940377,3.047675,-0.020538,-0.041651,0.314159,0.012506,-0.317554,-17.639212,-0.011030,0.000000,0.001696,0.001971,-0.000065,0.001696,0.031792,-0.128059,-9.809113,-0.016112,-0.015729,0.314159,-1.706458,0.025414,27.000000,0.013045,3.940377,-0.006597,-0.042184,0.314159,-0.011000,0.000000,146,0,1,31,29,-0.000967,0.026166,0.293317,-0.337837,0.611315,10.053754,3.005931,0.025414,0.003783,7,1,0,0.000000,0,3.053734,0.000000,0.017412,0,-0.044067,0.000000,0.003875,3.053734,-0.044067,1,1,1,0.876171,0.000000,0.000000,0.000000,0.000000,0.000000,0.000000,0.000000
0.7901,3.941187,-0.038730,0.064374,0.209440,0.012483,0.008839,1,3.053734,36,0.032196,-0.128089,3.941187,0.005550,3.058588,0.064374,3.941144,3.047645,0.064374,-0.038730,0.209440,0.012459,-0.317554,-17.639212,-0.010944,0.000000,0.001844,0.002007,0.000356,0.001844,0.032196,-0.128089,-9.809111,-0.000273,0.004224,0.209440,-1.703567,0.025380,27.000000,0.013045,3.941144,0.005550,-0.039116,0.209440,-0.011000,0.000000,151,0,1,31,29,0.003323,0.000790,0.273825,-0.040664,0.193812,9.800921,3.008822,0.025380,0.003786,7,1,0,0.000000,0,3.053734,0.000000,0.012483,0,-0.040007,0.000000,0.008839,3.053734,-0.040007,1,1,1,0.876191,0.000000,0.000000,0.000000,0.000000,0.000000,0.000000,0.000000
0.8001,3.941003,-0.035520,-0.033795,0.314159,0.019061,0.004195,1,3.053734,46,0.032463,-0.127400,3.941003,0.001466,3.058103,-0.033795,3.941049,3.047071,-0.033795,-0.035520,0.314159,0.012511,-0.317554,-17.639212,-0.011031,0.000000,0.001681,0.002013,-0.000125,0.001681,0.032463,-0.127400,-9.809119,-0.003465,-0.001541,0.314159,-1.700931,0.025373,27.000000,0.013045,3.941049,0.001466,-0.036048,0.314159,-0.011000,0.000000,156,0,1,31,29,0.001184,0.007110,0.280297,0.416818,0.106451,9.149551,3.011458,0.025373,0.003769,6,1,0,0.000000,0,3.053734,0.000000,0.019061,0,-0.036235,0.000000,0.004195,3.053734,-0.036235,1,1,1,0.876212,0.000000,0.000000,0.000000,0.000000,0.000000,0.000000,0.000000
0.8101,3.941165,-0.032669,0.077629,0.209440,0.013996,0.002266,1,3.053734,56,0.032990,-0.126912,3.941165,-0.003560,3.057950,0.077629,3.941049,3.047015,0.077629,-0.032669,0.209440,0.012573,-0.317554,-17.639212,-0.010934,0.000000,0.001487,0.001986,-0.000148,0.001487,0.032990,-0.126912,-9.809124,-0.009914,-0.013214,0.209440,-1.698136,0.025393,27.000000,0.013045,3.941049,-0.003560,-0.032980,0.209440,-0.011000,0.000000,161,0,1,31,29,-0.003097,0.019834,0.286842,-0.154468,0.217841,10.174335,3.014253,0.025393,0.003785,7,1,0,0.000000,0,3.053734,0.000000,0.013996,0,-0.033075,0.000000,0.002266,3.053734,-0.033075,1,1,1,0.876233,0.000000,0.000000,0.000000,0.000000,0.000000,0.000000,0.000000
0.8201,3.941175,-0.030268,0.053765,0.209440,0.007602,-0.003782,1,3.053734,66,0.032935,-0.128517,3.941175,0.002513,3.058453,0.053765,3.941049,3.047502,0.053765,-0.030268,0.209440,0.012421,-0.317554,-17.639212,-0.010951,0.000000,0.001963,0.001869,-0.000124,0.001963,0.032935,-0.128517,-9.809103,-0.003537,0.004154,0.209440,-1.695248,0.025415,27.000000,0.013045,3.941049,0.002513,-0.030679,0.209440,-0.011000,0.000000,166,0,1,31,29,0.005452,0.003075,0.263187,0.092462,0.263056,9.619866,3.017140,0.025415,0.003753,7,1,0,0.000000,0,3.053734,0.000000,0.007602,0,-0.030922,0.000000,-0.003782,3.053734,-0.030922,1,1,1,0.876256,0.000000,0.000000,0.000000,0.000000,0.000000,0.000000,0.000000
0.8301,3.941202,-0.027287,0.041282,0.209440,0.018777,-0.024258,1,3.053734,76,0.033733,-0.127450,3.941202,0.002513,3.057959,0.041282,3.941144,3.046976,0.041282,-0.027287,0.209440,0.012553,-0.317554,-17.639212,-0.010983,0.000000,0.001551,0.002090,-0.000163,0.001551,0.033733,-0.127450,-9.809114,-0.014638,-0.003184,0.209440,-1.692794,0.025446,27.000000,0.013045,3.941144,0.002513,-0.027611,0.209440,-0.011000,0.000000,171,0,1,31,29,0.007570,0.016073,0.250540,0.092012,0.302718,9.505419,3.019595,0.025446,0.003793,6,1,0,0.000000,0,3.053734,0.000000,0.018777,0,-0.029853,0.000000,-0.024258,3.053734,-0.029853,1,1,1,0.876277,0.000000,0.000000,0.000000,0.000000,0.000000,0.000000,0.000000
0.8401,3.941246,-0.026078,0.199221,0.000000,0.001663,-0.015429,1,3.053734,86,0.033421,-0.127156,3.941246,-0.004503,3.058851,0.199221,3.940953,3.047964,0.199221,-0.026078,0.000000,0.012584,-0.317554,-17.639212,-0.010887,0.000000,0.001451,0.001973,-0.000536,0.001451,0.033421,-0.127156,-9.809119,0.002532,-0.004793,0.000000,-1.690596,0.025453,27.000000,0.013045,3.940953,-0.004503,-0.026078,0.000000,-0.011000,0.000000,176,0,1,31,29,-0.005240,0.003895,0.199188,-0.413028,0.181810,9.982397,3.021793,0.025453,0.003745,6,1,0,0.000000,0,3.053734,0.000000,0.001663,0,-0.029502,0.000000,-0.015429,3.053734,-0.029502,1,1,1,0.876297,0.000000,0.000000,0.000000,0.000000,0.000000,0.000000,0.000000
0.8501,3.941259,-0.025311,0.151848,0.000000,-0.000239,-0.015656,1,3.053734,96,0.031515,-0.127361,3.941259,0.002513,3.059861,0.151848,3.941049,3.048945,0.151848,-0.025311,0.000000,0.012462,-0.317554,-17.639212,-0.010916,0.000000,0.001835,0.001996,-0.000064,0.001835,0.031515,-0.127361,-9.809123,0.011391,0.012115,0.000000,-1.688842,0.025360,27.000000,0.013045,3.941049,0.002513,-0.025311,0.000000,-0.011000,0.000000,181,0,1,31,29,0.001169,-0.014695,0.152043,0.857287,0.480447,9.861809,3.023547,0.025360,0.003541,6,1,0,0.000000,0,3.053734,0.000000,-0.000239,0,-0.029469,0.000000,-0.015656,3.053734,-0.029469,1,1,1,0.876316,0.000000,0.000000,0.000000,0.000000,0.000000,0.000000,0.000000
0.8601,3.941154,-0.023777,0.126623,0.000000,0.011572,-0.025344,1,3.053734,106,0.031409,-0.126155,3.941154,-0.001466,3.059710,0.126623,3.940953,3.048779,0.126623,-0.023777,0.000000,0.012556,-0.317554,-17.639212,-0.010931,0.000000,0.001539,0.002002,-0.000357,0.001539,0.031409,-0.126155,-9.809139,-0.002967,0.004633,0.000000,-1.687474,0.025337,27.000000,0.013045,3.940953,-0.001466,-0.023777,0.000000,-0.011000,0.000000,186,0,1,31,29,0.005415,0.000616,0.126625,-0.203621,0.176721,9.628377,3.024915,0.025337,0.003508,6,1,0,0.000000,0,3.053734,0.000000,0.011572,0,-0.029354,0.000000,-0.025344,3.053734,-0.029354,1,1,1,0.876334,0.000000,0.000000,0.000000,0.000000,0.000000,0.000000,0.000000
0.8701,3.940468,-0.023010,0.097415,0.000000,0.004900,-0.014404,1,3.053734,116,0.031312,-0.126272,3.940468,-0.006597,3.060145,0.097415,3.940282,3.049197,0.097415,-0.023010,0.000000,0.012480,-0.317554,-17.639212,-0.010948,0.000000,0.001779,0.001959,-0.000317,0.001779,0.031312,-0.126272,-9.809137,-0.006367,-0.033551,0.000000,-1.686288,0.025275,27.000000,0.013045,3.940282,-0.006597,-0.023010,0.000000,-0.011000,0.000000,191,0,1,31,29,-0.020239,0.028720,0.097065,0.111710,0.083628,9.436238,3.026101,0.025275,0.003488,6,1,0,0.000000,0,3.053734,0.000000,0.004900,0,-0.028858,0.000000,-0.014404,3.053734,-0.028858,1,1,1,0.876349,0.000000,0.000000,0.000000,0.000000,0.000000,0.000000,0.000000
0.8801,3.940980,-0.022243,0.086000,0.000000,0.008573,-0.013108,1,3.053734,126,0.031724,-0.124531,3.940980,0.008692,3.060193,0.086000,3.940857,3.049238,0.086000,-0.022243,0.000000,0.012556,-0.317554,-17.639212,-0.010955,0.000000,0.001538,0.001843,0.000227,0.001538,0.031724,-0.124531,-9.809158,0.000851,0.005260,0.000000,-1.685480,0.025176,27.000000,0.013045,3.940857,0.008692,-0.022243,0.000000,-0.011000,0.000000,196,0,1,31,29,0.003272,-0.003125,0.086046,0.466755,0.464194,10.387765,3.026909,0.025176,0.003517,6,1,0,0.000000,0,3.053734,0.000000,0.008573,0,-0.028208,0.000000,-0.013108,3.053734,-0.028208,1,1,1,0.876362,0.000000,0.000000,0.000000,0.000000,0.000000,0.000000,0.000000
0.8901,3.941149,-0.022243,0.059282,0.000000,0.000562,-0.007101,1,3.053734,136,0.033199,-0.126099,3.941149,0.003560,3.060908,0.059282,3.941049,3.049941,0.059282,-0.022243,0.000000,0.012473,-0.317554,-17.639212,-0.010968,-0.001000,0.001802,0.002035,-0.000328,0.001802,0.033199,-0.126099,-9.809133,-0.002587,0.007881,-0.001000,-1.684782,0.025249,27.000000,0.013045,3.941049,0.003560,-0.022243,0.000000,-0.011000,-0.001000,0,0,1,31,29,0.007533,-0.002744,0.058321,-0.144818,-0.215642,9.653183,3.027607,0.025249,0.003670,7,1,0,0.000000,0,3.053734,0.000000,0.000562,0,-0.027806,0.000000,-0.007101,3.053734,-0.027806,1,1,1,0.876377,0.000000,0.000000,0.000000,0.000000,0.000000,0.000000,0.000000
0.9001,3.940931,-0.022243,0.050310,0.000000,0.001623,-0.013931,1,3.053734,146,0.033131,-0.125600,3.940931,-0.002513,3.061409,0.050310,3.940857,3.050438,0.050310,-0.022243,0.000000,0.012610,-0.317554,-17.639212,-0.010971,0.000000,0.001368,0.001993,-0.000005,0.001368,0.033131,-0.125600,-9.809140,-0.011184,-0.017644,0.000000,-1.684285,0.025336,27.000000,0.013045,3.940857,-0.002513,-0.022243,0.000000,-0.011000,0.000000,5,0,1,31,29,-0.005302,0.020839,0.050051,0.303240,0.298943,9.821342,3.028104,0.025336,0.003662,7,1,0,0.000000,0,3.053734,0.000000,0.001623,0,-0.028039,0.000000,-0.013931,3.053734,-0.028039,1,1,1,0.876387,0.000000,0.000000,0.000000,0.000000,0.000000,0.000000,0.000000
0.9101,3.940951,-0.021476,0.047820,0.000000,0.009416,-0.032552,1,3.053734,156,0.033467,-0.127758,3.940951,-0.001466,3.061176,0.047820,3.940857,3.050203,0.047820,-0.021476,0.000000,0.012433,-0.317554,-17.639212,-0.010973,0.000000,0.001928,0.001832,-0.000291,0.001928,0.033467,-0.127758,-9.809111,-0.004663,-0.002817,0.000000,-1.683754,0.025380,27.000000,0.013045,3.940857,-0.001466,-0.021476,0.000000,-0.011000,0.000000,10,0,1,31,29,0.001117,0.005927,0.047750,0.055029,0.005216,9.588539,3.028635,0.025380,0.003692,7,1,0,0.000000,0,3.053734,0.000000,0.009416,0,-0.029019,0.000000,-0.032552,3.053734,-0.029019,1,1,1,0.876399,0.000000,0.000000,0.000000,0.000000,0.000000,0.000000,0.000000
0.9201,3.940565,-0.022243,-0.001527,0.000000,-0.005246,-0.023796,1,3.053734,166,0.033273,-0.127387,3.940565,-0.002513,3.062236,-0.001527,3.940569,3.051228,-0.001527,-0.022243,0.000000,0.012522,-0.317554,-17.639212,-0.011008,0.000000,0.001647,0.002028,0.000052,0.001647,0.033273,-0.127387,-9.809116,-0.003498,0.012849,0.000000,-1.683495,0.025429,27.000000,0.013045,3.940569,-0.002513,-0.022243,0.000000,-0.011000,0.000000,15,0,1,31,29,0.011788,-0.006212,-0.001450,-0.137200,0.263757,9.552731,3.028894,0.025429,0.003681,7,1,0,0.000000,0,3.053734,0.000000,-0.005246,0,-0.030512,0.000000,-0.023796,3.053734,-0.030512,1,1,1,0.876408,0.000000,0.000000,0.000000,0.000000,0.000000,0.000000,0.000000
0.9301,3.940767,-0.022243,-0.048595,0.000000,0.009159,-0.037644,1,3.053734,176,0.031617,-0.128920,3.940767,0.006597,3.061924,-0.048595,3.940857,3.050883,-0.048595,-0.022243,0.000000,0.012411,-0.317554,-17.639212,-0.011041,0.000000,0.001998,0.001848,0.000180,0.001998,0.031617,-0.128920,-9.809102,0.000319,0.016388,0.000000,-1.683837,0.025478,27.000000,0.013045,3.940857,0.006597,-0.022243,0.000000,-0.011000,0.000000,20,0,1,31,29,0.011781,-0.011999,-0.048450,0.524050,0.379816,10.252969,3.028552,0.025478,0.003516,7,1,0,0.000000,0,3.053734,0.000000,0.009159,0,-0.032271,0.000000,-0.037644,3.053734,-0.032271,1,1,1,0.876416,0.000000,0.000000,0.000000,0.000000,0.000000,0.000000,0.000000
0.9401,3.940706,-0.022419,0.035080,-0.104720,0.009551,-0.040277,1,3.053734,186,0.032502,-0.127642,3.940706,-0.004503,3.061546,0.035080,3.940665,3.050562,0.035080,-0.022419,-0.104720,0.012511,-0.317554,-17.639212,-0.010984,0.000000,0.001681,0.002003,-0.000086,0.001681,0.032502,-0.127642,-9.809116,0.012417,-0.016117,-0.104720,-1.684336,0.025445,27.000000,0.013045,3.940665,-0.004503,-0.022243,-0.104720,-0.011000,0.000000,25,0,1,31,29,-0.020258,0.001014,-0.069658,-0.070277,0.122603,9.369518,3.028053,0.025445,0.003605,6,1,0,0.000000,0,3.053734,0.000000,0.009551,0,-0.034132,0.000000,-0.040277,3.053734,-0.034132,1,1,1,0.876426,0.000000,0.000000,0.000000,0.000000,0.000000,0.000000,0.000000
0.9501,3.940045,-0.023300,0.099398,-0.209440,0.006336,-0.034428,1,3.053734,196,0.033055,-0.125757,3.940045,-0.005550,3.061485,0.099398,3.939898,3.050563,0.099398,-0.023300,-0.209440,0.012605,-0.317554,-17.639212,-0.010922,0.000000,0.001387,0.001993,-0.000014,0.001387,0.033055,-0.125757,-9.809138,-0.000225,-0.010406,-0.209440,-1.685217,0.025342,27.000000,0.013045,3.939898,-0.005550,-0.023010,-0.209440,-0.011000,0.000000,30,0,1,31,29,-0.007468,0.005863,-0.110124,0.198211,0.580678,10.235635,3.027172,0.025342,0.003668,7,1,0,0.000000,0,3.053734,0.000000,0.006336,0,-0.035930,0.000000,-0.034428,3.053734,-0.035930,1,1,1,0.876433,0.000000,0.000000,0.000000,0.000000,0.000000,0.000000,0.000000
0.9601,3.941178,-0.023947,-0.046295,-0.104720,0.014994,-0.041188,1,3.053734,206,0.033348,-0.126263,3.941178,0.012776,3.060875,-0.046295,3.941240,3.049842,-0.046295,-0.023947,-0.104720,0.012528,-0.317554,-17.639212,-0.011033,0.000000,0.001627,0.001994,0.000450,0.001627,0.033348,-0.126263,-9.809131,0.005818,0.009771,-0.104720,-1.686586,0.025315,27.000000,0.013045,3.941240,0.012776,-0.023777,-0.104720,-0.011000,0.000000,35,0,1,31,29,0.003213,-0.012800,-0.150866,0.265654,-0.080611,9.578243,3.025803,0.025315,0.003708,6,1,0,0.000000,0,3.053734,0.000000,0.014994,0,-0.037904,0.000000,-0.041188,3.053734,-0.037904,1,1,1,0.876443,0.000000,0.000000,0.000000,0.000000,0.000000,0.000000,0.000000
0.9701,3.941020,-0.026345,0.057100,-0.209440,-0.003261,-0.025279,1,3.053734,216,0.034114,-0.124792,3.941020,-0.003560,3.061747,0.057100,3.940953,3.050762,0.057100,-0.026345,-0.209440,0.012639,-0.317554,-17.639212,-0.010985,0.000000,0.001278,0.001995,-0.000287,0.001278,0.034114,-0.124792,-9.809147,-0.003346,-0.030708,-0.209440,-1.688066,0.025264,27.000000,0.013045,3.940953,-0.003560,-0.026078,-0.209440,-0.011000,0.000000,40,0,1,31,29,-0.020304,0.021352,-0.152621,-0.032461,0.209270,9.322561,3.024323,0.025264,0.003813,7,1,0,0.000000,0,3.053734,0.000000,-0.003261,0,-0.040083,0.000000,-0.025279,3.053734,-0.040083,1,1,1,0.876454,0.000000,0.000000,0.000000,0.000000,0.000000,0.000000,0.000000
0.9801,3.941269,-0.027201,0.071356,-0.209440,0.014560,-0.044128,1,3.053734,226,0.033797,-0.124483,3.941269,0.005550,3.061001,0.071356,3.941144,3.050044,0.071356,-0.027201,-0.209440,0.012504,-0.317554,-17.639212,-0.010957,0.000000,0.001704,0.001992,0.000001,0.001704,0.033797,-0.124483,-9.809152,0.015882,-0.010031,-0.209440,-1.689639,0.025095,27.000000,0.013045,3.941144,0.005550,-0.026845,-0.209440,-0.011000,0.000000,45,0,1,31,29,-0.018136,-0.006620,-0.138011,0.515592,0.007720,10.182232,3.022750,0.025095,0.003790,6,1,0,0.000000,0,3.053734,0.000000,0.014560,0,-0.042327,0.000000,-0.044128,3.053734,-0.042327,1,1,1,0.876466,0.000000,0.000000,0.000000,0.000000,0.000000,0.000000,0.000000
0.9901,3.940725,-0.028523,-0.035221,-0.104720,0.005399,-0.041107,1,3.053734,236,0.034845,-0.123033,3.940725,-0.007645,3.061219,-0.035221,3.940761,3.050209,-0.035221,-0.028523,-0.104720,0.012606,-0.317554,-17.639212,-0.011010,0.000000,0.001382,0.002097,-0.000373,0.001382,0.034845,-0.123033,-9.809167,-0.005073,-0.003217,-0.104720,-1.690799,0.025042,27.000000,0.013045,3.940761,-0.007645,-0.028378,-0.104720,-0.011000,0.000000,50,0,1,31,29,0.001064,0.004148,-0.140004,-0.271407,0.114582,9.235321,3.021590,0.025042,0.003909,6,1,0,0.000000,0,3.053734,0.000000,0.005399,0,-0.044553,0.000000,-0.041107,3.053734,-0.044553,1,1,1,0.876477,0.000000,0.000000,0.000000,0.000000,0.000000,0.000000,0.000000
1.0001,3.940391,-0.029526,0.053359,-0.209440,0.013573,-0.047219,1,3.053734,246,0.033832,-0.123650,3.940391,-0.001466,3.060650,0.053359,3.940282,3.049666,0.053359,-0.029526,-0.209440,0.012467,-0.317554,-17.639212,-0.010984,0.001000,0.001819,0.002028,0.000078,0.001819,0.033832,-0.123650,-9.809162,0.005292,-0.002385,-0.208440,-1.692343,0.024965,27.000000,0.013045,3.940282,-0.001466,-0.029145,-0.209440,-0.011000,0.001000,55,0,1,31,29,-0.005336,-0.004220,-0.155040,0.199827,0.460515,10.674667,3.020046,0.024965,0.003821,7,1,0,0.000000,0,3.053734,0.000000,0.013573,0,-0.046820,0.000000,-0.047219,3.053734,-0.046820,1,1,1,0.876487,0.000000,0.000000,0.000000,0.000000,0.000000,0.000000,0.000000
1.0101,3.941394,-0.030825,-0.047972,-0.104720,0.009902,-0.047231,1,3.053734,0,0.034377,-0.121809,3.941394,0.008692,3.060552,-0.047972,3.941432,3.049519,-0.047972,-0.030825,-0.104720,0.012604,-0.317554,-17.639212,-0.011033,0.000000,0.001390,0.001994,-0.000012,0.001390,0.034377,-0.121809,-9.809183,-0.001124,-0.011159,-0.104720,-1.693790,0.024907,27.000000,0.013045,3.941432,0.008692,-0.030679,-0.104720,-0.011000,0.000000,60,0,1,31,29,-0.007481,0.006430,-0.152785,0.016238,-0.199512,9.127076,3.018599,0.024907,0.003886,6,1,0,0.000000,0,3.053734,0.000000,0.009902,0,-0.049172,0.000000,-0.047231,3.053734,-0.049172,1,1,1,0.876499,0.000000,0.000000,0.000000,0.000000,0.000000,0.000000,0.000000
1.0201,3.940923,-0.032567,0.040671,-0.209440,0.008219,-0.046229,1,3.053734,10,0.034562,-0.122777,3.940923,-0.000419,3.060513,0.040671,3.940857,3.049536,0.040671,-0.032567,-0.209440,0.012509,-0.317554,-17.639212,-0.010977,0.001000,0.001687,0.001992,0.000013,0.001687,0.034562,-0.122777,-9.809171,-0.001002,-0.002367,-0.208440,-1.695515,0.024904,27.000000,0.013045,3.940857,-0.000419,-0.032213,-0.209440,-0.011000,0.001000,65,0,1,31,29,-0.001075,0.000237,-0.167785,0.008284,0.301747,10.357123,3.016874,0.024904,0.003930,6,1,0,0.000000,0,3.053734,0.000000,0.008219,0,-0.051708,0.000000,-0.046229,3.053734,-0.051708,1,1,1,0.876512,0.000000,0.000000,0.000000,0.000000,0.000000,0.000000,0.000000
1.0301,3.941196,-0.034069,0.022488,-0.209440,0.010867,-0.053599,1,3.053734,20,0.034839,-0.122352,3.941196,0.000419,3.060317,0.022488,3.941144,3.049330,0.022488,-0.034069,-0.209440,0.012557,-0.317554,-17.639212,-0.010986,0.000000,0.001537,0.002002,-0.000159,0.001537,0.034839,-0.122352,-9.809175,-0.008572,0.005173,-0.209440,-1.697224,0.024901,27.000000,0.013045,3.941144,0.000419,-0.033747,-0.209440,-0.011000,0.000000,70,0,1,31,29,0.009592,0.000522,-0.186973,0.112432,0.146320,9.781404,3.015165,0.024901,0.003975,6,1,0,0.000000,0,3.053734,0.000000,0.010867,0,-0.054487,0.000000,-0.053599,3.053734,-0.054487,1,1,1,0.876526,0.000000,0.000000,0.000000,0.000000,0.000000,0.000000,0.000000
1.0401,3.940899,-0.036453,0.018470,-0.209440,0.003236,-0.046958,1,3.053734,30,0.035644,-0.123709,3.940899,0.001466,3.060783,0.018470,3.940857,3.049795,0.018470,-0.036453,-0.209440,0.012431,-0.317554,-17.639212,-0.010988,0.000000,0.001934,0.001978,-0.000060,0.001934,0.035644,-0.123709,-9.809155,-0.009361,-0.009937,-0.209440,-1.699147,0.024901,27.000000,0.013045,3.940857,0.001466,-0.036048,-0.209440,-0.011000,0.000000,75,0,1,31,29,-0.001093,0.011233,-0.191124,-0.279079,0.322720,10.194450,3.013242,0.024901,0.004092,7,1,0,0.000000,0,3.053734,0.000000,0.003236,0,-0.057382,0.000000,-0.046958,3.053734,-0.057382,1,1,1,0.876540,0.000000,0.000000,0.000000,0.000000,0.000000,0.000000,0.000000
1.0501,3.941130,-0.038886,0.108800,-0.314159,0.003068,-0.049449,1,3.053734,40,0.035283,-0.123058,3.941130,0.000419,3.061106,0.108800,3.940953,3.050196,0.108800,-0.038886,-0.314159,0.012502,-0.317554,-17.639212,-0.010910,-0.001000,0.001709,0.001947,-0.000354,0.001709,0.035283,-0.123058,-9.809165,0.004603,0.002690,-0.315159,-1.701178,0.024897,27.000000,0.013045,3.940953,0.000419,-0.038349,-0.314159,-0.011000,-0.001000,80,0,1,31,29,-0.001078,-0.007801,-0.206278,0.275177,0.089035,9.780933,3.011211,0.024897,0.004083,7,1,0,0.000000,0,3.053734,0.000000,0.003068,0,-0.060447,0.000000,-0.049449,3.053734,-0.060447,1,1,1,0.876553,0.000000,0.000000,0.000000,0.000000,0.000000,0.000000,0.000000
1.0601,3.940853,-0.040179,-0.006433,-0.209440,0.016445,-0.065174,1,3.053734,50,0.035404,-0.122190,3.940853,-0.004503,3.060446,-0.006433,3.940857,3.049415,-0.006433,-0.040179,-0.209440,0.012596,-0.317554,-17.639212,-0.011031,-0.001000,0.001412,0.001958,-0.000024,0.001412,0.035404,-0.122190,-9.809175,0.003913,-0.006554,-0.210440,-1.703253,0.024897,27.000000,0.013045,3.940857,-0.004503,-0.039883,-0.209440,-0.011000,-0.001000,85,0,1,31,29,-0.007492,-0.001267,-0.216874,-0.032851,0.352228,9.362279,3.009136,0.024897,0.004108,7,1,0,0.000000,0,3.053734,0.000000,0.016445,0,-0.063578,0.000000,-0.065174,3.053734,-0.063578,1,1,1,0.876566,0.000000,0.000000,0.000000,0.000000,0.000000,0.000000,0.000000
1.0701,3.940934,-0.042738,0.090572,-0.314159,0.003952,-0.052427,1,3.053734,60,0.034918,-0.122604,3.940934,-0.002513,3.060753,0.090572,3.940761,3.049806,0.090572,-0.042738,-0.314159,0.012485,-0.317554,-17.639212,-0.010947,0.000000,0.001763,0.002148,-0.000068,0.001763,0.034918,-0.122604,-9.809172,0.019050,-0.004467,-0.314159,-1.705420,0.024820,27.000000,0.013045,3.940761,-0.002513,-0.042184,-0.314159,-0.011000,0.000000,90,0,1,31,29,-0.016019,-0.014028,-0.223429,-0.116149,0.264611,10.260964,3.006969,0.024820,0.004091,6,1,0,0.000000,0,3.053734,0.000000,0.003952,0,-0.066606,0.000000,-0.052427,3.053734,-0.066606,1,1,1,0.876579,0.000000,0.000000,0.000000,0.000000,0.000000,0.000000,0.000000
1.0801,3.941155,-0.045013,0.064886,-0.314159,0.009833,-0.054175,1,3.053734,70,0.033628,-0.120975,3.941155,0.004503,3.060637,0.064886,3.941049,3.049641,0.064886,-0.045013,-0.314159,0.012512,-0.317554,-17.639212,-0.010996,0.000000,0.001679,0.001864,0.000084,0.001679,0.033628,-0.120975,-9.809196,0.016050,0.004245,-0.314159,-1.707856,0.024677,27.000000,0.013045,3.941049,0.004503,-0.044485,-0.314159,-0.011000,0.000000,95,0,1,31,29,-0.007483,-0.017937,-0.249068,0.657067,-0.115348,9.310178,3.004533,0.024677,0.003981,7,1,0,0.000000,0,3.053734,0.000000,0.009833,0,-0.069417,0.000000,-0.054175,3.053734,-0.069417,1,1,1,0.876591,0.000000,0.000000,0.000000,0.000000,0.000000,0.000000,0.000000
1.0901,3.941068,-0.047236,0.091259,-0.314159,0.008739,-0.052223,1,3.053734,80,0.033686,-0.120318,3.941068,-0.002513,3.060569,0.091259,3.940953,3.049595,0.091259,-0.047236,-0.314159,0.012591,-0.317554,-17.639212,-0.010974,0.000000,0.001430,0.001996,-0.000333,0.001430,0.033686,-0.120318,-9.809204,-0.013124,-0.010232,-0.314159,-1.710125,0.024680,27.000000,0.013045,3.940953,-0.002513,-0.046786,-0.314159,-0.011000,0.000000,100,0,1,31,29,0.001029,0.013801,-0.223092,0.150335,0.260848,9.801720,3.002264,0.024680,0.004010,7,1,0,0.000000,0,3.053734,0.000000,0.008739,0,-0.071924,0.000000,-0.052223,3.053734,-0.071924,1,1,1,0.876604,0.000000,0.000000,0.000000,0.000000,0.000000,0.000000,0.000000
1.1001,3.940913,-0.048716,0.011803,-0.209440,0.016837,-0.056582,1,3.053734,90,0.033733,-0.121224,3.940913,0.000419,3.059899,0.011803,3.940857,3.048882,0.011803,-0.048716,-0.209440,0.012444,-0.317554,-17.639212,-0.011017,0.000000,0.001891,0.001860,-0.000007,0.001891,0.033733,-0.121224,-9.809193,0.008313,-0.014037,-0.209440,-1.712320,0.024620,27.000000,0.013045,3.940857,0.000419,-0.048320,-0.209440,-0.011000,0.000000,105,0,1,31,29,-0.016026,0.000591,-0.197659,0.140932,0.260136,9.859129,3.000069,0.024620,0.004038,7,1,0,0.000000,0,3.053734,0.000000,0.016837,0,-0.074006,0.000000,-0.056582,3.053734,-0.074006,1,1,1,0.876617,0.000000,0.000000,0.000000,0.000000,0.000000,0.000000,0.000000
1.1101,3.940877,-0.050943,0.002746,-0.209440,0.007099,-0.045504,1,3.053734,100,0.035484,-0.118839,3.940877,0.000419,3.060102,0.002746,3.940857,3.049099,0.002746,-0.050943,-0.209440,0.012557,-0.317554,-17.639212,-0.011003,0.001000,0.001537,0.001966,-0.000405,0.001537,0.035484,-0.118839,-9.809216,-0.011986,-0.020520,-0.208440,-1.714334,0.024471,27.000000,0.013045,3.940857,0.000419,-0.050621,-0.209440,-0.011000,0.001000,110,0,1,31,29,-0.007511,0.019961,-0.205961,0.006215,0.047326,9.273107,2.998055,0.024471,0.004231,6,1,0,0.000000,0,3.053734,0.000000,0.007099,0,-0.075809,0.000000,-0.045504,3.053734,-0.075809,1,1,1,0.876630,0.000000,0.000000,0.000000,0.000000,0.000000,0.000000,0.000000
1.1201,3.941058,-0.053198,0.011565,-0.209440,0.005896,-0.040843,1,3.053734,110,0.034868,-0.118232,3.941058,0.002513,3.060379,0.011565,3.941049,3.049380,0.011565,-0.053198,-0.209440,0.012627,-0.317554,-17.639212,-0.010999,0.000000,0.001315,0.002127,-0.000012,0.001315,0.034868,-0.118232,-9.809226,0.000757,0.010576,-0.209440,-1.716306,0.024474,27.000000,0.013045,3.941049,0.002513,-0.052922,-0.209440,-0.011000,0.000000,115,0,1,31,29,0.007466,-0.010027,-0.197764,0.247852,0.299519,10.548665,2.996083,0.024474,0.004191,6,1,0,0.000000,0,3.053734,0.000000,0.005896,0,-0.077323,0.000000,-0.040843,3.053734,-0.077323,1,1,1,0.876644,0.000000,0.000000,0.000000,0.000000,0.000000,0.000000,0.000000
1.1301,3.941207,-0.053867,-0.043649,-0.104720,0.020736,-0.057241,1,3.053734,120,0.035153,-0.119879,3.941207,0.000419,3.059408,-0.043649,3.941240,3.048378,-0.043649,-0.053867,-0.104720,0.012505,-0.317554,-17.639212,-0.011031,0.000000,0.001701,0.002010,-0.000304,0.001701,0.035153,-0.119879,-9.809205,-0.008525,-0.006035,-0.104720,-1.717979,0.024514,27.000000,0.013045,3.941240,0.000419,-0.053689,-0.104720,-0.011000,0.000000,120,0,1,31,29,0.001057,0.008535,-0.148487,0.196666,0.295686,9.304439,2.994410,0.024514,0.004237,6,1,0,0.000000,0,3.053734,0.000000,0.020736,0,-0.078742,0.000000,-0.057241,3.053734,-0.078742,1,1,1,0.876660,0.000000,0.000000,0.000000,0.000000,0.000000,0.000000,0.000000
1.1401,3.940831,-0.055376,-0.033041,-0.104720,0.007829,-0.047496,1,3.053734,130,0.035819,-0.118448,3.940831,-0.003560,3.059631,-0.033041,3.940857,3.048618,-0.033041,-0.055376,-0.104720,0.012583,-0.317554,-17.639212,-0.011013,0.000000,0.001456,0.002000,-0.000176,0.001456,0.035819,-0.118448,-9.809219,-0.003913,-0.007657,-0.104720,-1.719249,0.024436,27.000000,0.013045,3.940857,-0.003560,-0.055223,-0.104720,-0.011000,0.000000,125,0,1,31,29,-0.003207,0.006244,-0.137850,-0.412430,0.310965,10.366512,2.993140,0.024436,0.004315,6,1,0,0.000000,0,3.053734,0.000000,0.007829,0,-0.080063,0.000000,-0.047496,3.053734,-0.080063,1,1,1,0.876675,0.000000,0.000000,0.000000,0.000000,0.000000,0.000000,0.000000
1.1501,3.941363,-0.057152,0.073098,-0.209440,0.007469,-0.044510,1,3.053734,140,0.034399,-0.119398,3.941363,0.006597,3.059791,0.073098,3.941240,3.048848,0.073098,-0.057152,-0.209440,0.012446,-0.317554,-17.639212,-0.010942,0.000000,0.001886,0.002024,0.000076,0.001886,0.034399,-0.119398,-9.809213,0.013102,0.018447,-0.209440,-1.720791,0.024397,27.000000,0.013045,3.941240,0.006597,-0.056757,-0.209440,-0.011000,0.000000,130,0,1,31,29,0.005363,-0.023677,-0.136058,0.618158,-0.112423,9.070921,2.991598,0.024397,0.004197,7,1,0,0.000000,0,3.053734,0.000000,0.007469,0,-0.081434,0.000000,-0.044510,3.053734,-0.081434,1,1,1,0.876691,0.000000,0.000000,0.000000,0.000000,0.000000,0.000000,0.000000
1.1601,3.941373,-0.057879,0.102653,-0.209440,0.015371,-0.057862,1,3.053734,150,0.034468,-0.120125,3.941373,-0.000419,3.059315,0.102653,3.941240,3.048382,0.102653,-0.057879,-0.209440,0.012507,-0.317554,-17.639212,-0.010934,-0.001000,0.001694,0.002013,-0.000217,0.001694,0.034468,-0.120125,-9.809204,-0.019190,0.004568,-0.210440,-1.721986,0.024529,27.000000,0.013045,3.941240,-0.000419,-0.057524,-0.209440,-0.011000,-0.001000,135,0,1,31,29,0.016009,0.010176,-0.107922,-0.011708,0.258522,9.983429,2.990403,0.024529,0.004217,6,1,0,0.000000,0,3.053734,0.000000,0.015371,0,-0.082935,0.000000,-0.057862,3.053734,-0.082935,1,1,1,0.876709,0.000000,0.000000,0.000000,0.000000,0.000000,0.000000,0.000000
1.1701,3.940856,-0.058488,-0.007551,-0.104720,0.016341,-0.063394,1,3.053734,160,0.034883,-0.121245,3.940856,0.000419,3.058931,-0.007551,3.940857,3.047912,-0.007551,-0.058488,-0.104720,0.012447,-0.317554,-17.639212,-0.011019,0.000000,0.001884,0.001918,0.000073,0.001884,0.034883,-0.121245,-9.809189,-0.003002,-0.001176,-0.104720,-1.723066,0.024577,27.000000,0.013045,3.940857,0.000419,-0.058291,-0.104720,-0.011000,0.000000,140,0,1,31,29,0.001074,0.001642,-0.112300,-0.404042,0.174964,9.762215,2.989323,0.024577,0.004274,7,1,0,0.000000,0,3.053734,0.000000,0.016341,0,-0.084652,0.000000,-0.063394,3.053734,-0.084652,1,1,1,0.876726,0.000000,0.000000,0.000000,0.000000,0.000000,0.000000,0.000000
1.1801,3.941308,-0.061120,0.172801,-0.314159,-0.005077,-0.043025,1,3.053734,170,0.034575,-0.119825,3.941308,0.001466,3.060216,0.172801,3.941049,3.049305,0.172801,-0.061120,-0.314159,0.012512,-0.317554,-17.639212,-0.010910,0.001000,0.001679,0.002000,-0.000168,0.001679,0.034575,-0.119825,-9.809207,0.010575,0.004886,-0.313159,-1.724304,0.024488,27.000000,0.013045,3.941049,0.001466,-0.060592,-0.314159,-0.011000,0.001000,145,0,1,31,29,-0.003188,-0.012960,-0.140207,0.082874,0.225510,9.562060,2.988085,0.024488,0.004265,7,1,0,0.000000,0,3.053734,0.000000,-0.005077,0,-0.086508,0.000000,-0.043025,3.053734,-0.086508,1,1,1,0.876742,0.000000,0.000000,0.000000,0.000000,0.000000,0.000000,0.000000
1.1901,3.941344,-0.062415,0.077618,-0.209440,0.010556,-0.057772,1,3.053734,180,0.033333,-0.119268,3.941344,0.002513,3.060119,0.077618,3.941240,3.049164,0.077618,-0.062415,-0.209440,0.012606,-0.317554,-17.639212,-0.010955,0.000000,0.001381,0.002012,-0.000012,0.001381,0.033333,-0.119268,-9.809218,0.005162,0.011476,-0.209440,-1.725738,0.024529,27.000000,0.013045,3.941240,0.002513,-0.062126,-0.209440,-0.011000,0.000000,150,0,1,31,29,0.005354,-0.013049,-0.131668,0.381594,0.318951,10.529807,2.986651,0.024529,0.004151,6,1,0,0.000000,0,3.053734,0.000000,0.010556,0,-0.088386,0.000000,-0.057772,3.053734,-0.088386,1,1,1,0.876757,0.000000,0.000000,0.000000,0.000000,0.000000,0.000000,0.000000
1.2001,3.940680,-0.063085,0.007779,-0.104720,0.013819,-0.064874,1,3.053734,190,0.033740,-0.121641,3.940680,-0.005550,3.059773,0.007779,3.940665,3.048774,0.007779,-0.063085,-0.104720,0.012462,-0.317554,-17.639212,-0.010999,0.000000,0.001835,0.002011,-0.000321,0.001835,0.033740,-0.121641,-9.809188,-0.008716,-0.020130,-0.104720,-1.726800,0.024621,27.000000,0.013045,3.940665,-0.005550,-0.062893,-0.104720,-0.011000,0.000000,155,0,1,31,29,-0.009612,0.018509,-0.097179,-0.232590,0.319192,9.706352,2.985589,0.024621,0.004216,6,1,0,0.000000,0,3.053734,0.000000,0.013819,0,-0.090134,0.000000,-0.064874,3.053734,-0.090134,1,1,1,0.876773,0.000000,0.000000,0.000000,0.000000,0.000000,0.000000,0.000000
1.2101,3.940084,-0.063818,-0.003819,-0.104720,0.013158,-0.065137,1,3.053734,200,0.033071,-0.118882,3.940084,-0.003560,3.059522,-0.003819,3.940090,3.048504,-0.003819,-0.063818,-0.104720,0.012566,-0.317554,-17.639212,-0.011017,0.000000,0.001509,0.002022,-0.000040,0.001509,0.033071,-0.118882,-9.809224,0.025816,-0.001732,-0.104720,-1.727800,0.024445,27.000000,0.013045,3.940090,-0.003560,-0.063660,-0.104720,-0.011000,0.000000,160,0,1,31,29,-0.018113,-0.019839,-0.108298,0.093676,0.493032,10.359101,2.984589,0.024445,0.004138,7,1,0,0.000000,0,3.053734,0.000000,0.013158,0,-0.091787,0.000000,-0.065137,3.053734,-0.091787,1,1,1,0.876786,0.000000,0.000000,0.000000,0.000000,0.000000,0.000000,0.000000
1.2201,3.941271,-0.065567,0.080901,-0.209440,0.004878,-0.052429,1,3.053734,210,0.032332,-0.118244,3.941271,0.009634,3.059928,0.080901,3.941144,3.048969,0.080901,-0.065567,-0.209440,0.012480,-0.317554,-17.639212,-0.010958,-0.001000,0.001780,0.002023,-0.000165,0.001780,0.032332,-0.118244,-9.809234,0.004543,0.002482,-0.210440,-1.729081,0.024292,27.000000,0.013045,3.941144,0.009634,-0.065194,-0.209440,-0.011000,-0.001000,165,0,1,31,29,-0.001056,-0.006685,-0.129465,0.188001,-0.197888,9.002789,2.983308,0.024292,0.004080,6,1,0,0.000000,0,3.053734,0.000000,0.004878,0,-0.093243,0.000000,-0.052429,3.053734,-0.093243,1,1,1,0.876801,0.000000,0.000000,0.000000,0.000000,0.000000,0.000000,0.000000
1.2301,3.941375,-0.066312,0.095038,-0.209440,0.016687,-0.059587,1,3.053734,220,0.031083,-0.118203,3.941375,-0.002513,3.059334,0.095038,3.941240,3.048373,0.095038,-0.066312,-0.209440,0.012513,-0.317554,-17.639212,-0.010961,0.000000,0.001674,0.002000,-0.000140,0.001674,0.031083,-0.118203,-9.809239,-0.004447,0.000430,-0.209440,-1.730420,0.024326,27.000000,0.013045,3.941240,-0.002513,-0.065961,-0.209440,-0.011000,0.000000,170,0,1,31,29,0.003208,0.001677,-0.114431,0.676140,0.299143,9.821587,2.981969,0.024326,0.003961,7,1,0,0.000000,0,3.053734,0.000000,0.016687,0,-0.094341,0.000000,-0.059587,3.053734,-0.094341,1,1,1,0.876816,0.000000,0.000000,0.000000,0.000000,0.000000,0.000000,0.000000
1.2401,3.941159,-0.067903,0.107919,-0.209440,0.004019,-0.042496,1,3.053734,230,0.031873,-0.118789,3.941159,-0.001466,3.059865,0.107919,3.940953,3.048932,0.107919,-0.067903,-0.209440,0.012427,-0.317554,-17.639212,-0.010933,0.000000,0.001947,0.001990,0.000083,0.001947,0.031873,-0.118789,-9.809229,0.005021,-0.016725,-0.209440,-1.731454,0.024288,27.000000,0.013045,3.940953,-0.001466,-0.067495,-0.209440,-0.011000,0.000000,175,0,1,31,29,-0.016004,0.005726,-0.101600,-0.078309,0.049890,9.837733,2.980935,0.024288,0.004064,6,1,0,0.000000,0,3.053734,0.000000,0.004019,0,-0.094802,0.000000,-0.042496,3.053734,-0.094802,1,1,1,0.876833,0.000000,0.000000,0.000000,0.000000,0.000000,0.000000,0.000000
1.2501,3.940951,-0.068262,-0.086401,0.000000,0.017134,-0.050262,1,3.053734,240,0.032531,-0.116484,3.940951,0.002513,3.059357,-0.086401,3.941049,3.048304,-0.086401,-0.068262,0.000000,0.012504,-0.317554,-17.639212,-0.011053,0.002000,0.001705,0.001989,-0.000060,0.001705,0.032531,-0.116484,-9.809254,-0.001823,-0.011328,0.002000,-1.732442,0.024124,27.000000,0.013045,3.941049,0.002513,-0.068262,0.000000,-0.011000,0.002000,180,0,1,31,29,-0.007462,0.007660,-0.084504,0.580536,0.016593,9.464581,2.979947,0.024124,0.004119,6,1,0,0.000000,0,3.053734,0.000000,0.017134,0,-0.094866,0.000000,-0.050262,3.053734,-0.094866,1,1,1,0.876847,0.000000,0.000000,0.000000,0.000000,0.000000,0.000000,0.000000
1.2601,3.940963,-0.069029,-0.062950,0.000000,0.009030,-0.044823,1,3.053734,250,0.033857,-0.116838,3.940963,-0.003560,3.059506,-0.062950,3.941049,3.048457,-0.062950,-0.069029,0.000000,0.012581,-0.317554,-17.639212,-0.011050,0.000000,0.001460,0.002096,-0.000091,0.001460,0.033857,-0.116838,-9.809246,-0.021283,0.005771,0.000000,-1.733060,0.024225,27.000000,0.013045,3.941049,-0.003560,-0.069029,0.000000,-0.011000,0.000000,185,0,1,31,29,0.018155,0.011724,-0.063103,-0.307048,0.281864,10.404571,2.979329,0.024225,0.004266,7,1,0,0.000000,0,3.053734,0.000000,0.009030,0,-0.094935,0.000000,-0.044823,3.053734,-0.094935,1,1,1,0.876862,0.000000,0.000000,0.000000,0.000000,0.000000,0.000000,0.000000
1.2701,3.941049,-0.069029,-0.048399,0.000000,0.017580,-0.057393,1,3.053734,4,0.033430,-0.118779,3.941049,0.004503,3.058906,-0.048399,3.941144,3.047871,-0.048399,-0.069029,0.000000,0.012455,-0.317554,-17.639212,-0.011035,0.000000,0.001857,0.002100,0.000506,0.001857,0.033430,-0.118779,-9.809224,0.001488,0.002699,0.000000,-1.733645,0.024299,27.000000,0.013045,3.941144,0.004503,-0.069029,0.000000,-0.011000,0.000000,190,0,1,31,29,0.001099,-0.003482,-0.048360,0.150375,0.241842,9.791958,2.978744,0.024299,0.004236,6,1,0,0.000000,0,3.053734,0.000000,0.017580,0,-0.095400,0.000000,-0.057393,3.053734,-0.095400,1,1,1,0.876878,0.000000,0.000000,0.000000,0.000000,0.000000,0.000000,0.000000
1.2801,3.941307,-0.069966,0.047947,-0.104720,0.006104,-0.053419,1,3.053734,14,0.033887,-0.117775,3.941307,0.000419,3.059299,0.047947,3.941240,3.048340,0.047947,-0.069966,-0.104720,0.012529,-0.317554,-17.639212,-0.010960,0.000000,0.001625,0.001991,-0.000012,0.001625,0.033887,-0.117775,-9.809234,-0.004953,0.000038,-0.104720,-1.734115,0.024264,27.000000,0.013045,3.941240,0.000419,-0.069796,-0.104720,-0.011000,0.000000,195,0,1,31,29,0.003224,0.003048,-0.056815,-0.384845,0.372358,10.041752,2.978274,0.024264,0.004286,6,1,0,0.000000,0,3.053734,0.000000,0.006104,0,-0.096393,0.000000,-0.053419,3.053734,-0.096393,1,1,1,0.876896,0.000000,0.000000,0.000000,0.000000,0.000000,0.000000,0.000000
1.2901,3.941145,-0.070563,-0.063688,0.000000,0.011678,-0.060388,1,3.053734,24,0.032193,-0.116904,3.941145,0.001466,3.059310,-0.063688,3.941240,3.048266,-0.063688,-0.070563,0.000000,0.012608,-0.317554,-17.639212,-0.011044,0.000000,0.001375,0.002010,0.000259,0.001375,0.032193,-0.116904,-9.809251,0.011235,0.013721,0.000000,-1.734782,0.024264,27.000000,0.013045,3.941240,0.001466,-0.070563,0.000000,-0.011000,0.000000,200,0,1,31,29,0.003244,-0.018236,-0.063463,0.294353,0.164127,9.896545,2.977607,0.024264,0.004115,6,1,0,0.000000,0,3.053734,0.000000,0.011678,0,-0.097618,0.000000,-0.060388,3.053734,-0.097618,1,1,1,0.876911,0.000000,0.000000,0.000000,0.000000,0.000000,0.000000,0.000000
1.3001,3.940860,-0.071330,-0.063319,0.000000,0.009653,-0.057581,1,3.053734,34,0.032454,-0.118668,3.940860,-0.005550,3.059423,-0.063319,3.940953,3.048373,-0.063319,-0.071330,0.000000,0.012497,-0.317554,-17.639212,-0.011050,0.000000,0.001724,0.001991,-0.000228,0.001724,0.032454,-0.118668,-9.809229,-0.004320,0.008956,0.000000,-1.735443,0.024328,27.000000,0.013045,3.940953,-0.005550,-0.071330,0.000000,-0.011000,0.000000,4,0,1,31,29,0.009632,-0.003259,-0.063284,-0.011926,0.306567,9.964771,2.976946,0.024328,0.004163,7,1,0,0.000000,0,3.053734,0.000000,0.009653,0,-0.098674,0.000000,-0.057581,3.053734,-0.098674,1,1,1,0.876927,0.000000,0.000000,0.000000,0.000000,0.000000,0.000000,0.000000
1.3101,3.941065,-0.072238,0.009348,-0.104720,0.009436,-0.050094,1,3.053734,44,0.032269,-0.117311,3.941065,0.001466,3.059478,0.009348,3.941049,3.048480,0.009348,-0.072238,-0.104720,0.012616,-0.317554,-17.639212,-0.010998,0.000000,0.001352,0.002007,0.000247,0.001352,0.032269,-0.117311,-9.809245,0.006339,-0.001618,-0.104720,-1.736244,0.024306,27.000000,0.013045,3.941049,0.001466,-0.072097,-0.104720,-0.011000,0.000000,9,0,1,31,29,-0.005317,-0.005014,-0.095316,0.094060,0.434836,10.425509,2.976145,0.024306,0.004145,7,1,0,0.000000,0,3.053734,0.000000,0.009436,0,-0.099200,0.000000,-0.050094,3.053734,-0.099200,1,1,1,0.876941,0.000000,0.000000,0.000000,0.000000,0.000000,0.000000,0.000000
1.3201,3.941278,-0.073986,0.127068,-0.209440,0.000061,-0.032752,1,3.053734,54,0.033034,-0.117580,3.941278,0.001466,3.060245,0.127068,3.941049,3.049351,0.127068,-0.073986,-0.209440,0.012507,-0.317554,-17.639212,-0.010894,0.000000,0.001694,0.001996,-0.000342,0.001694,0.033034,-0.117580,-9.809240,0.001423,-0.008535,-0.209440,-1.737122,0.024211,27.000000,0.013045,3.941049,0.001466,-0.073631,-0.209440,-0.011000,0.000000,14,0,1,31,29,-0.007457,0.003358,-0.082420,0.368652,0.051528,8.947989,2.975267,0.024211,0.004245,6,1,0,0.000000,0,3.053734,0.000000,0.000061,0,-0.099183,0.000000,-0.032752,3.053734,-0.099183,1,1,1,0.876957,0.000000,0.000000,0.000000,0.000000,0.000000,0.000000,0.000000
1.3301,3.941008,-0.073631,-0.028995,0.000000,0.018711,-0.048623,1,3.053734,64,0.032903,-0.117314,3.941008,0.001466,3.059545,-0.028995,3.941049,3.048522,-0.028995,-0.073631,0.000000,0.012582,-0.317554,-17.639212,-0.011023,0.000000,0.001459,0.001990,0.000269,0.001459,0.032903,-0.117314,-9.809243,-0.008798,0.002410,0.000000,-1.737596,0.024261,27.000000,0.013045,3.941049,0.001466,-0.073631,0.000000,-0.011000,0.000000,19,0,1,31,29,0.007499,0.004829,-0.029058,0.362345,0.234768,10.375821,2.974793,0.024261,0.004226,6,1,0,0.000000,0,3.053734,0.000000,0.018711,0,-0.098680,0.000000,-0.048623,3.053734,-0.098680,1,1,1,0.876971,0.000000,0.000000,0.000000,0.000000,0.000000,0.000000,0.000000
1.3401,3.940783,-0.073631,0.003130,0.000000,0.010022,-0.037647,1,3.053734,74,0.034305,-0.118375,3.940783,-0.003560,3.059559,0.003130,3.940761,3.048556,0.003130,-0.073631,0.000000,0.012483,-0.317554,-17.639212,-0.011004,0.000000,0.001771,0.001998,-0.000111,0.001771,0.034305,-0.118375,-9.809226,-0.000689,-0.015861,-0.000000,-1.737566,0.024259,27.000000,0.013045,3.940761,-0.003560,-0.073631,0.000000,-0.011000,0.000000,24,0,1,31,29,-0.011709,0.010759,0.002996,-0.423689,0.205524,9.609382,2.974823,0.024259,0.004376,7,1,0,0.000000,0,3.053734,0.000000,0.010022,0,-0.097643,0.000000,-0.037647,3.053734,-0.097643,1,1,1,0.876987,0.000000,0.000000,0.000000,0.000000,0.000000,0.000000,0.000000
1.3501,3.940856,-0.073631,0.001479,0.000000,0.011453,-0.030686,1,3.053734,84,0.033360,-0.115806,3.940856,0.004503,3.059471,0.001479,3.940857,3.048464,0.001479,-0.073631,0.000000,0.012578,-0.317554,-17.639212,-0.011007,-0.001000,0.001471,0.001990,0.000215,0.001471,0.033360,-0.115806,-9.809260,0.017000,-0.003782,-0.001000,-1.737654,0.024101,27.000000,0.013045,3.940857,0.004503,-0.073631,0.000000,-0.011000,-0.001000,29,0,1,31,29,-0.013822,-0.010588,0.000613,0.370754,0.334045,10.080141,2.974735,0.024101,0.004261,7,1,0,0.000000,0,3.053734,0.000000,0.011453,0,-0.096198,0.000000,-0.030686,3.053734,-0.096198,1,1,1,0.877000,0.000000,0.000000,0.000000,0.000000,0.000000,0.000000,0.000000
1.3601,3.941272,-0.072864,0.032782,0.000000,0.018237,-0.033464,1,3.053734,94,0.032912,-0.116688,3.941272,-0.000419,3.058809,0.032782,3.941240,3.047823,0.032782,-0.072864,0.000000,0.012481,-0.317554,-17.639212,-0.010986,0.000000,0.001775,0.001991,-0.000299,0.001775,0.032912,-0.116688,-9.809251,0.003685,-0.006596,0.000000,-1.737527,0.024100,27.000000,0.013045,3.941240,-0.000419,-0.072864,0.000000,-0.011000,0.000000,34,0,1,31,29,-0.007422,0.001827,0.032762,0.169455,-0.153387,9.271196,2.974862,0.024100,0.004213,6,1,0,0.000000,0,3.053734,0.000000,0.018237,0,-0.094459,0.000000,-0.033464,3.053734,-0.094459,1,1,1,0.877017,0.000000,0.000000,0.000000,0.000000,0.000000,0.000000,0.000000
1.3701,3.941053,-0.072097,0.066061,0.000000,0.015250,-0.028079,1,3.053734,104,0.032567,-0.116623,3.941053,-0.000419,3.058501,0.066061,3.940953,3.047537,0.066061,-0.072097,0.000000,0.012551,-0.317554,-17.639212,-0.010964,0.001000,0.001556,0.001958,-0.000124,0.001556,0.032567,-0.116623,-9.809253,-0.003296,-0.006886,0.001000,-1.737045,0.024169,27.000000,0.013045,3.940953,-0.000419,-0.072097,0.000000,-0.011000,0.001000,39,0,1,31,29,-0.003149,0.007796,0.066968,-0.050422,0.552448,10.187337,2.975344,0.024169,0.004169,6,1,0,0.000000,0,3.053734,0.000000,0.015250,0,-0.092432,0.000000,-0.028079,3.053734,-0.092432,1,1,1,0.877034,0.000000,0.000000,0.000000,0.000000,0.000000,0.000000,0.000000
1.3801,3.941326,-0.072097,0.048595,0.000000,0.005390,-0.015124,1,3.053734,114,0.033228,-0.116462,3.941326,0.003560,3.059095,0.048595,3.941240,3.048121,0.048595,-0.072097,0.000000,0.012505,-0.317554,-17.639212,-0.010974,0.001000,0.001699,0.002011,-0.000098,0.001699,0.033228,-0.116462,-9.809252,0.003925,0.010357,0.001000,-1.736463,0.024102,27.000000,0.013045,3.941240,0.003560,-0.072097,0.000000,-0.011000,0.001000,44,0,1,31,29,0.005403,-0.009048,0.049712,-0.106854,0.077500,9.924125,2.975926,0.024102,0.004235,6,1,0,0.000000,0,3.053734,0.000000,0.005390,0,-0.090303,0.000000,-0.015124,3.053734,-0.090303,1,1,1,0.877052,0.000000,0.000000,0.000000,0.000000,0.000000,0.000000,0.000000
1.3901,3.941380,-0.071330,0.087903,0.000000,0.011422,-0.018944,1,3.053734,124,0.033857,-0.116824,3.941380,0.001466,3.059055,0.087903,3.941240,3.048105,0.087903,-0.071330,0.000000,0.012512,-0.317554,-17.639212,-0.010951,0.001000,0.001678,0.001973,-0.000246,0.001678,0.033857,-0.116824,-9.809246,-0.020588,-0.018676,0.001000,-1.735714,0.024145,27.000000,0.013045,3.941240,0.001466,-0.071330,0.000000,-0.011000,0.001000,49,0,1,31,29,-0.001030,0.028888,0.088548,0.148994,-0.053301,8.908512,2.976675,0.024145,0.004293,6,1,0,0.000000,0,3.053734,0.000000,0.011422,0,-0.088081,0.000000,-0.018944,3.053734,-0.088081,1,1,1,0.877070,0.000000,0.000000,0.000000,0.000000,0.000000,0.000000,0.000000
1.4001,3.941091,-0.069657,0.022219,0.104720,0.016851,-0.026599,1,3.053734,134,0.034977,-0.117161,3.941091,-0.003560,3.058619,0.022219,3.941049,3.047639,0.022219,-0.069657,0.104720,0.012625,-0.317554,-17.639212,-0.010981,0.000000,0.001323,0.001920,-0.000149,0.001323,0.034977,-0.117161,-9.809238,-0.016674,0.001365,0.104720,-1.734510,0.024291,27.000000,0.013045,3.941049,-0.003560,-0.069796,0.104720,-0.011000,0.000000,54,0,1,31,29,0.011805,0.013456,0.126779,-0.183495,0.482968,10.387530,2.977879,0.024291,0.004389,7,1,0,0.000000,0,3.053734,0.000000,0.016851,0,-0.085833,0.000000,-0.026599,3.053734,-0.085833,1,1,1,0.877088,0.000000,0.000000,0.000000,0.000000,0.000000,0.000000,0.000000
1.4101,3.941213,-0.068262,0.116651,0.000000,0.013414,-0.020394,1,3.053734,144,0.035317,-0.118628,3.941213,0.000419,3.058475,0.116651,3.941049,3.047537,0.116651,-0.068262,0.000000,0.012464,-0.317554,-17.639212,-0.010939,-0.001000,0.001830,0.002000,0.000096,0.001830,0.035317,-0.118628,-9.809219,0.006798,0.012870,-0.001000,-1.733217,0.024283,27.000000,0.013045,3.941049,0.000419,-0.068262,0.000000,-0.011000,-0.001000,59,0,1,31,29,0.005425,-0.012064,0.115811,-0.308732,0.157541,9.628116,2.979172,0.024283,0.004418,6,1,0,0.000000,0,3.053734,0.000000,0.013414,0,-0.083441,0.000000,-0.020394,3.053734,-0.083441,1,1,1,0.877106,0.000000,0.000000,0.000000,0.000000,0.000000,0.000000,0.000000
1.4201,3.941296,-0.066728,0.105847,0.000000,0.018113,-0.018294,1,3.053734,154,0.033758,-0.116848,3.941296,0.002513,3.058009,0.105847,3.941144,3.047060,0.105847,-0.066728,0.000000,0.012615,-0.317554,-17.639212,-0.010948,-0.003000,0.001355,0.002135,-0.000221,0.001355,0.033758,-0.116848,-9.809246,0.012090,0.006183,-0.003000,-1.732155,0.024270,27.000000,0.013045,3.941144,0.002513,-0.066728,0.000000,-0.011000,-0.003000,64,0,1,31,29,-0.003117,-0.011918,0.103006,0.360126,0.310538,9.658799,2.980234,0.024270,0.004229,6,1,0,0.000000,0,3.053734,0.000000,0.018113,0,-0.080902,0.000000,-0.018294,3.053734,-0.080902,1,1,1,0.877124,0.000000,0.000000,0.000000,0.000000,0.000000,0.000000,0.000000
1.4301,3.941497,-0.065961,0.139489,0.000000,0.006925,-0.004872,1,3.053734,164,0.032037,-0.119497,3.941497,0.000419,3.058509,0.139489,3.941240,3.047596,0.139489,-0.065961,0.000000,0.012440,-0.317554,-17.639212,-0.010914,-0.002000,0.001905,0.001864,-0.000153,0.001905,0.032037,-0.119497,-9.809220,-0.007687,-0.002240,-0.002000,-1.730849,0.024380,27.000000,0.013045,3.941240,0.000419,-0.065961,0.000000,-0.011000,-0.002000,69,0,1,31,29,0.003275,0.009016,0.137387,0.379962,0.043757,9.579568,2.981540,0.024380,0.004063,7,1,0,0.000000,0,3.053734,0.000000,0.006925,0,-0.078178,0.000000,-0.004872,3.053734,-0.078178,1,1,1,0.877144,0.000000,0.000000,0.000000,0.000000,0.000000,0.000000,0.000000
1.4401,3.941676,-0.064427,0.171612,0.000000,0.013117,-0.008021,1,3.053734,174,0.032367,-0.118300,3.941676,0.004503,3.058411,0.171612,3.941432,3.047526,0.171612,-0.064427,0.000000,0.012581,-0.317554,-17.639212,-0.010886,0.000000,0.001461,0.001991,-0.000126,0.001461,0.032367,-0.118300,-9.809233,-0.008394,-0.000037,0.000000,-1.729386,0.024403,27.000000,0.013045,3.941432,0.004503,-0.064427,0.000000,-0.011000,0.000000,74,0,1,31,29,0.005420,0.008568,0.171517,0.398995,0.326619,9.907817,2.983003,0.024403,0.004070,7,1,0,0.000000,0,3.053734,0.000000,0.013117,0,-0.075277,0.000000,-0.008021,3.053734,-0.075277,1,1,1,0.877161,0.000000,0.000000,0.000000,0.000000,0.000000,0.000000,0.000000
1.4501,3.941212,-0.062772,0.094130,0.104720,0.009977,-0.005500,1,3.053734,184,0.034300,-0.117320,3.941212,-0.001466,3.058656,0.094130,3.941049,3.047729,0.094130,-0.062772,0.104720,0.012678,-0.317554,-17.639212,-0.010927,0.001000,0.001157,0.002009,-0.000568,0.001157,0.034300,-0.117320,-9.809238,-0.021263,-0.016720,0.105720,-1.727531,0.024394,27.000000,0.013045,3.941049,-0.001466,-0.062893,0.104720,-0.011000,0.001000,79,0,1,31,29,0.001137,0.029557,0.199491,-0.403114,0.321474,10.290061,2.984858,0.024394,0.004241,7,1,0,0.000000,0,3.053734,0.000000,0.009977,0,-0.072272,0.000000,-0.005500,3.053734,-0.072272,1,1,1,0.877179,0.000000,0.000000,0.000000,0.000000,0.000000,0.000000,0.000000
1.4601,3.941244,-0.061184,0.120410,0.104720,0.004816,-0.000604,1,3.053734,194,0.034438,-0.119399,3.941244,0.000419,3.059244,0.120410,3.941049,3.048328,0.120410,-0.061184,0.104720,0.012514,-0.317554,-17.639212,-0.010915,0.000000,0.001671,0.001999,-0.000167,0.001671,0.034438,-0.119399,-9.809213,-0.013845,-0.004743,0.104720,-1.725345,0.024448,27.000000,0.013045,3.941049,0.000419,-0.061359,0.104720,-0.011000,0.000000,84,0,1,31,29,0.005427,0.016407,0.224942,0.215973,0.144237,9.178513,2.987044,0.024448,0.004249,7,1,0,0.000000,0,3.053734,0.000000,0.004816,0,-0.069151,0.000000,-0.000604,3.053734,-0.069151,1,1,1,0.877196,0.000000,0.000000,0.000000,0.000000,0.000000,0.000000,0.000000
1.4701,3.941088,-0.057972,0.036500,0.209440,0.022052,-0.014968,1,3.053734,204,0.034780,-0.119882,3.941088,-0.001466,3.058411,0.036500,3.941049,3.047392,0.036500,-0.057972,0.209440,0.012561,-0.317554,-17.639212,-0.011019,0.000000,0.001523,0.001990,-0.000245,0.001523,0.034780,-0.119882,-9.809206,0.001332,0.011190,0.209440,-1.723070,0.024556,27.000000,0.013045,3.941049,-0.001466,-0.058291,0.209440,-0.011000,0.000000,89,0,1,31,29,0.007591,-0.005239,0.246025,0.179577,0.371365,10.147384,2.989319,0.024556,0.004249,6,1,0,0.000000,0,3.053734,0.000000,0.022052,0,-0.065858,0.000000,-0.014968,3.053734,-0.065858,1,1,1,0.877214,0.000000,0.000000,0.000000,0.000000,0.000000,0.000000,0.000000
1.4801,3.941037,-0.054946,0.062240,0.209440,0.018366,-0.010726,1,3.053734,214,0.034626,-0.119561,3.941037,0.000419,3.057874,0.062240,3.940953,3.046918,0.062240,-0.054946,0.209440,0.012625,-0.317554,-17.639212,-0.010956,0.000000,0.001323,0.001990,-0.000032,0.001323,0.034626,-0.119561,-9.809210,0.001194,0.002615,0.209440,-1.720516,0.024600,27.000000,0.013045,3.940953,0.000419,-0.055223,0.209440,-0.011000,0.000000,94,0,1,31,29,0.001188,0.000813,0.271690,-0.337244,0.213247,9.762643,2.991873,0.024600,0.004195,7,1,0,0.000000,0,3.053734,0.000000,0.018366,0,-0.062412,0.000000,-0.010726,3.053734,-0.062412,1,1,1,0.877232,0.000000,0.000000,0.000000,0.000000,0.000000,0.000000,0.000000
1.4901,3.941313,-0.053309,0.046285,0.209440,0.002274,0.009297,1,3.053734,224,0.033251,-0.120126,3.941313,0.008692,3.058883,0.046285,3.941240,3.047865,0.046285,-0.053309,0.209440,0.012468,-0.317554,-17.639212,-0.011018,-0.001000,0.001817,0.001946,0.000117,0.001817,0.033251,-0.120126,-9.809208,-0.003794,0.001086,0.208440,-1.717928,0.024515,27.000000,0.013045,3.941240,0.008692,-0.053689,0.209440,-0.011000,-0.001000,99,0,1,31,29,0.003313,0.005320,0.254678,0.418905,0.219563,10.059881,2.994461,0.024515,0.004038,6,1,0,0.000000,0,3.053734,0.000000,0.002274,0,-0.058755,0.000000,0.009297,3.053734,-0.058755,1,1,1,0.877251,0.000000,0.000000,0.000000,0.000000,0.000000,0.000000,0.000000
1.5001,3.941709,-0.050305,0.060220,0.209440,0.017692,-0.001817,1,3.053734,234,0.033660,-0.119331,3.941709,0.004503,3.058343,0.060220,3.941624,3.047369,0.060220,-0.050305,0.209440,0.012566,-0.317554,-17.639212,-0.010974,0.000000,0.001509,0.001986,-0.000204,0.001509,0.033660,-0.119331,-9.809216,-0.009142,0.007751,0.209440,-1.715421,0.024542,27.000000,0.013045,3.941624,0.004503,-0.050621,0.209440,-0.011000,0.000000,104,0,1,31,29,0.011856,0.005146,0.269616,0.381340,-0.037688,9.980708,2.996968,0.024542,0.004040,6,1,0,0.000000,0,3.053734,0.000000,0.017692,0,-0.054995,0.000000,-0.001817,3.053734,-0.054995,1,1,1,0.877270,0.000000,0.000000,0.000000,0.000000,0.000000,0.000000,0.000000
1.5101,3.941023,-0.046513,0.108160,0.209440,0.022247,-0.011038,1,3.053734,244,0.035932,-0.119699,3.941023,-0.006597,3.057521,0.108160,3.940953,3.046576,0.108160,-0.046513,0.209440,0.012631,-0.317554,-17.639212,-0.010945,0.000000,0.001303,0.001993,-0.000304,0.001303,0.035932,-0.119699,-9.809204,-0.031700,-0.029388,0.209440,-1.712428,0.024650,27.000000,0.013045,3.940953,-0.006597,-0.046786,0.209440,-0.011000,0.000000,109,0,1,31,29,-0.000982,0.047224,0.317028,-0.261407,0.282107,9.610256,2.999961,0.024650,0.004227,6,1,0,0.000000,0,3.053734,0.000000,0.022247,0,-0.051342,0.000000,-0.011038,3.053734,-0.051342,1,1,1,0.877290,0.000000,0.000000,0.000000,0.000000,0.000000,0.000000,0.000000
1.5201,3.941265,-0.044105,0.087681,0.209440,0.004201,0.002064,1,3.053734,254,0.036879,-0.121180,3.941265,0.003560,3.058379,0.087681,3.941144,3.047419,0.087681,-0.044105,0.209440,0.012468,-0.317554,-17.639212,-0.010960,0.000000,0.001817,0.002036,0.000209,0.001817,0.036879,-0.121180,-9.809182,0.002136,0.012081,0.209440,-1.709178,0.024643,27.000000,0.013045,3.941144,0.003560,-0.044485,0.209440,-0.011000,0.000000,114,0,1,31,29,0.007607,-0.005920,0.297217,-0.441048,0.404802,10.510994,3.003211,0.024643,0.004302,7,1,0,0.000000,0,3.053734,0.000000,0.004201,0,-0.047956,0.000000,0.002064,3.053734,-0.047956,1,1,1,0.877310,0.000000,0.000000,0.000000,0.000000,0.000000,0.000000,0.000000
1.5301,3.941944,-0.041081,0.089921,0.209440,0.014989,-0.007548,1,3.053734,8,0.036794,-0.121006,3.941944,0.004503,3.058147,0.089921,3.941816,3.047222,0.089921,-0.041081,0.209440,0.012535,-0.317554,-17.639212,-0.010925,0.000000,0.001605,0.001977,-0.000005,0.001605,0.036794,-0.121006,-9.809185,-0.005301,0.014048,0.209440,-1.706350,0.024706,27.000000,0.013045,3.941816,0.004503,-0.041417,0.209440,-0.011000,0.000000,119,0,1,31,29,0.014007,-0.001656,0.299405,0.360076,-0.112916,9.099459,3.006039,0.024706,0.004255,7,1,0,0.000000,0,3.053734,0.000000,0.014989,0,-0.044920,0.000000,-0.007548,3.053734,-0.044920,1,1,1,0.877330,0.000000,0.000000,0.000000,0.000000,0.000000,0.000000,0.000000
1.5401,3.941484,-0.038971,0.175648,0.104720,0.003810,0.000500,1,3.053734,18,0.036294,-0.122093,3.941484,-0.004503,3.058864,0.175648,3.941240,3.047990,0.175648,-0.038971,0.104720,0.012604,-0.317554,-17.639212,-0.010874,0.000000,0.001389,0.002001,-0.000359,0.001389,0.036294,-0.122093,-9.809173,-0.006314,0.001658,0.104720,-1.703471,0.024896,27.000000,0.013045,3.941240,-0.004503,-0.039116,0.104720,-0.011000,0.000000,124,0,1,31,29,0.005453,0.007122,0.280301,-0.242282,0.583387,9.996114,3.008918,0.024896,0.004183,7,1,0,0.000000,0,3.053734,0.000000,0.003810,0,-0.042128,0.000000,0.000500,3.053734,-0.042128,1,1,1,0.877350,0.000000,0.000000,0.000000,0.000000,0.000000,0.000000,0.000000
1.5501,3.941201,-0.035470,-0.018129,0.314159,0.018193,-0.016522,1,3.053734,28,0.034897,-0.123260,3.941201,0.000419,3.058454,-0.018129,3.941240,3.047431,-0.018129,-0.035470,0.314159,0.012460,-0.317554,-17.639212,-0.011022,-0.001000,0.001841,0.002121,0.000337,0.001841,0.034897,-0.123260,-9.809164,0.007592,0.002732,0.313159,-1.700525,0.024891,27.000000,0.013045,3.941240,0.000419,-0.036048,0.314159,-0.011000,-0.001000,129,0,1,31,29,-0.003069,-0.003785,0.295100,0.513660,0.242273,9.773058,3.011864,0.024891,0.004002,6,1,0,0.000000,0,3.053734,0.000000,0.018193,0,-0.039478,0.000000,-0.016522,3.053734,-0.039478,1,1,1,0.877368,0.000000,0.000000,0.000000,0.000000,0.000000,0.000000,0.000000
1.5601,3.941263,-0.033376,0.060210,0.209440,0.003762,-0.002230,1,3.053734,38,0.035960,-0.122439,3.941263,-0.000419,3.059163,0.060210,3.941144,3.048168,0.060210,-0.033376,0.209440,0.012482,-0.317554,-17.639212,-0.010995,0.000000,0.001774,0.001964,-0.000352,0.001774,0.035960,-0.122439,-9.809170,-0.002090,-0.000301,0.209440,-1.697696,0.024834,27.000000,0.013045,3.941144,-0.000419,-0.033747,0.209440,-0.011000,0.000000,134,0,1,31,29,0.001183,0.005115,0.269607,0.005514,0.257571,9.284789,3.014693,0.024834,0.004081,6,1,0,0.000000,0,3.053734,0.000000,0.003762,0,-0.036902,0.000000,-0.002230,3.053734,-0.036902,1,1,1,0.877385,0.000000,0.000000,0.000000,0.000000,0.000000,0.000000,0.000000
1.5701,3.940984,-0.031162,0.034717,0.209440,0.009678,-0.003335,1,3.053734,48,0.035799,-0.121379,3.940984,0.000419,3.059255,0.034717,3.940953,3.048290,0.034717,-0.031162,0.209440,0.012614,-0.317554,-17.639212,-0.010965,0.000000,0.001357,0.001998,-0.000029,0.001357,0.035799,-0.121379,-9.809184,0.000078,-0.009908,0.209440,-1.695360,0.024867,27.000000,0.013045,3.940953,0.000419,-0.031446,0.209440,-0.011000,0.000000,139,0,1,31,29,-0.007368,0.009705,0.244054,0.668133,0.000361,10.009988,3.017029,0.024867,0.004034,7,1,0,0.000000,0,3.053734,0.000000,0.009678,0,-0.034378,0.000000,-0.003335,3.053734,-0.034378,1,1,1,0.877399,0.000000,0.000000,0.000000,0.000000,0.000000,0.000000,0.000000
1.5801,3.941671,-0.027990,0.012557,0.209440,0.019051,-0.015505,1,3.053734,58,0.037349,-0.122834,3.941671,0.003560,3.058607,0.012557,3.941624,3.047609,0.012557,-0.027990,0.209440,0.012456,-0.317554,-17.639212,-0.010998,0.001000,0.001854,0.001988,-0.000256,0.001854,0.037349,-0.122834,-9.809160,-0.013732,-0.005240,0.210440,-1.692871,0.024866,27.000000,0.013045,3.941624,0.003560,-0.028378,0.209440,-0.011000,0.001000,144,0,1,31,29,0.005427,0.016436,0.222809,0.283383,0.481081,9.784879,3.019518,0.024866,0.004157,6,1,0,0.000000,0,3.053734,0.000000,0.019051,0,-0.031962,0.000000,-0.015505,3.053734,-0.031962,1,1,1,0.877417,0.000000,0.000000,0.000000,0.000000,0.000000,0.000000,0.000000
1.5901,3.941258,-0.026668,0.109843,0.104720,0.000695,0.006871,1,3.053734,68,0.038289,-0.121236,3.941258,-0.004503,3.059494,0.109843,3.941049,3.048572,0.109843,-0.026668,0.104720,0.012509,-0.317554,-17.639212,-0.010921,0.000000,0.001687,0.001969,-0.000230,0.001687,0.038289,-0.121236,-9.809176,-0.011210,-0.014569,0.104720,-1.690588,0.024759,27.000000,0.013045,3.941049,-0.004503,-0.026845,0.104720,-0.011000,0.000000,149,0,1,31,29,-0.003119,0.020798,0.214319,-0.700283,0.390605,10.099154,3.021801,0.024759,0.004233,7,1,0,0.000000,0,3.053734,0.000000,0.000695,0,-0.029405,0.000000,0.006871,3.053734,-0.029405,1,1,1,0.877432,0.000000,0.000000,0.000000,0.000000,0.000000,0.000000,0.000000
1.6001,3.941812,-0.024242,0.006795,0.209440,0.015882,-0.001782,1,3.053734,78,0.037485,-0.119840,3.941812,0.008692,3.059118,0.006795,3.941816,3.048109,0.006795,-0.024242,0.209440,0.012588,-0.317554,-17.639212,-0.011008,0.000000,0.001439,0.002017,0.000218,0.001439,0.037485,-0.119840,-9.809196,0.000065,0.001656,0.209440,-1.688622,0.024708,27.000000,0.013045,3.941816,0.008692,-0.024544,0.209440,-0.011000,0.000000,154,0,1,31,29,0.001171,0.001550,0.216232,0.772567,-0.109260,9.597426,3.023767,0.024708,0.004117,7,1,0,0.000000,0,3.053734,0.000000,0.015882,0,-0.026672,0.000000,-0.001782,3.053734,-0.026672,1,1,1,0.877448,0.000000,0.000000,0.000000,0.000000,0.000000,0.000000,0.000000
1.6101,3.941435,-0.022243,0.217594,0.000000,0.006955,0.003529,1,3.053734,88,0.039031,-0.121949,3.941435,-0.008692,3.059345,0.217594,3.941049,3.048467,0.217594,-0.022243,0.000000,0.012474,-0.317554,-17.639212,-0.010878,-0.001000,0.001798,0.002006,-0.000672,0.001798,0.039031,-0.121949,-9.809164,-0.009444,-0.010112,-0.001000,-1.686269,0.024814,27.000000,0.013045,3.941049,-0.008692,-0.022243,0.000000,-0.011000,-0.001000,159,0,1,31,29,-0.000979,0.016502,0.216404,-0.184225,0.392061,10.003799,3.026120,0.024814,0.004256,6,1,0,0.000000,0,3.053734,0.000000,0.006955,0,-0.023973,0.000000,0.003529,3.053734,-0.023973,1,1,1,0.877465,0.000000,0.000000,0.000000,0.000000,0.000000,0.000000,0.000000
1.6201,3.941074,-0.019627,-0.003511,0.209440,0.017357,-0.006732,1,3.053734,98,0.039509,-0.120866,3.941074,0.001466,3.058906,-0.003511,3.941049,3.047899,-0.003511,-0.019627,0.209440,0.012568,-0.317554,-17.639212,-0.011008,0.000000,0.001503,0.001969,-0.000048,0.001503,0.039509,-0.120866,-9.809176,-0.006674,-0.013428,0.209440,-1.684222,0.024807,27.000000,0.013045,3.941049,0.001466,-0.019942,0.209440,-0.011000,0.000000,164,0,1,31,29,-0.005252,0.016632,0.205736,-0.020190,0.187813,10.288967,3.028167,0.024807,0.004270,6,1,0,0.000000,0,3.053734,0.000000,0.017357,0,-0.021630,0.000000,-0.006732,3.053734,-0.021630,1,1,1,0.877479,0.000000,0.000000,0.000000,0.000000,0.000000,0.000000,0.000000
1.6301,3.942002,-0.017641,0.198305,0.000000,0.009848,-0.007193,1,3.053734,108,0.040716,-0.121587,3.942002,0.000419,3.058920,0.198305,3.941624,3.048050,0.198305,-0.017641,0.000000,0.012439,-0.317554,-17.639212,-0.010870,-0.001000,0.001907,0.002016,-0.000501,0.001907,0.040716,-0.121587,-9.809162,-0.012505,-0.001358,-0.001000,-1.682086,0.024759,27.000000,0.013045,3.941624,0.000419,-0.017641,0.000000,-0.011000,-0.001000,169,0,1,31,29,0.007558,0.012508,0.197165,-0.003570,0.293104,9.505260,3.030303,0.024759,0.004370,7,1,0,0.000000,0,3.053734,0.000000,0.009848,0,-0.019909,0.000000,-0.007193,3.053734,-0.019909,1,1,1,0.877497,0.000000,0.000000,0.000000,0.000000,0.000000,0.000000,0.000000
1.6401,3.941253,-0.015744,-0.038140,0.209440,0.013727,-0.012284,1,3.053734,118,0.041072,-0.121726,3.941253,0.000419,3.058903,-0.038140,3.941336,3.047854,-0.038140,-0.015744,0.209440,0.012495,-0.317554,-17.639212,-0.011049,0.000000,0.001733,0.002007,0.000245,0.001733,0.041072,-0.121726,-9.809159,0.002398,0.006789,0.209440,-1.680387,0.024836,27.000000,0.013045,3.941336,0.000419,-0.016107,0.209440,-0.011000,0.000000,174,0,1,31,29,0.003299,-0.004259,0.171366,-0.010756,-0.009330,9.990308,3.032002,0.024836,0.004383,7,1,0,0.000000,0,3.053734,0.000000,0.013727,0,-0.018658,0.000000,-0.012284,3.053734,-0.018658,1,1,1,0.877513,0.000000,0.000000,0.000000,0.000000,0.000000,0.000000,0.000000
1.6501,3.941704,-0.014573,0.115749,0.000000,0.008839,-0.009487,1,3.053734,128,0.041032,-0.121202,3.941704,0.002513,3.059022,0.115749,3.941528,3.048097,0.115749,-0.014573,0.000000,0.012605,-0.317554,-17.639212,-0.010925,0.000000,0.001385,0.001985,-0.000319,0.001385,0.041032,-0.121202,-9.809165,0.005948,0.007192,0.000000,-1.678972,0.024898,27.000000,0.013045,3.941528,0.002513,-0.014573,0.000000,-0.011000,0.000000,179,0,1,31,29,0.001151,-0.007802,0.115857,0.150016,0.186945,9.590427,3.033417,0.024898,0.004364,7,1,0,0.000000,0,3.053734,0.000000,0.008839,0,-0.017792,0.000000,-0.009487,3.053734,-0.017792,1,1,1,0.877530,0.000000,0.000000,0.000000,0.000000,0.000000,0.000000,0.000000
1.6601,3.941593,-0.013806,0.092398,0.000000,0.008098,-0.012043,1,3.053734,138,0.040683,-0.122126,3.941593,0.003560,3.059303,0.092398,3.941432,3.048362,0.092398,-0.013806,0.000000,0.012481,-0.317554,-17.639212,-0.010941,0.000000,0.001778,0.002022,-0.000204,0.001778,0.040683,-0.122126,-9.809155,0.000923,0.005377,0.000000,-1.677939,0.024871,27.000000,0.013045,3.941432,0.003560,-0.013806,0.000000,-0.011000,0.000000,184,0,1,31,29,0.003274,-0.003210,0.092445,0.083100,0.318655,9.763975,3.034450,0.024871,0.004320,7,1,0,0.000000,0,3.053734,0.000000,0.008098,0,-0.017492,0.000000,-0.012043,3.053734,-0.017492,1,1,1,0.877547,0.000000,0.000000,0.000000,0.000000,0.000000,0.000000,0.000000
1.6701,3.941538,-0.013039,0.075443,0.000000,0.010183,-0.016313,1,3.053734,148,0.040376,-0.121548,3.941538,-0.001466,3.059362,0.075443,3.941432,3.048409,0.075443,-0.013039,0.000000,0.012605,-0.317554,-17.639212,-0.010953,0.000000,0.001387,0.002007,-0.000156,0.001387,0.040376,-0.121548,-9.809164,-0.003962,0.003684,0.000000,-1.677125,0.024940,27.000000,0.013045,3.941432,-0.001466,-0.013039,0.000000,-0.011000,0.000000,189,0,1,31,29,0.005399,0.001297,0.075433,0.333372,-0.149983,9.778569,3.035264,0.024940,0.004278,7,1,0,0.000000,0,3.053734,0.000000,0.010183,0,-0.017470,0.000000,-0.016313,3.053734,-0.017470,1,1,1,0.877562,0.000000,0.000000,0.000000,0.000000,0.000000,0.000000,0.000000
1.6801,3.941389,-0.013039,0.031867,0.000000,0.004675,-0.008860,1,3.053734,158,0.040409,-0.123032,3.941389,0.000419,3.059896,0.031867,3.941336,3.048907,0.031867,-0.013039,0.000000,0.012479,-0.317554,-17.639212,-0.010989,-0.001000,0.001782,0.002001,0.000010,0.001782,0.040409,-0.123032,-9.809145,-0.010999,-0.003008,-0.001000,-1.676627,0.024966,27.000000,0.013045,3.941336,0.000419,-0.013039,0.000000,-0.011000,-0.001000,194,0,1,31,29,0.005376,0.010440,0.030739,0.227419,0.512464,10.340242,3.035762,0.024966,0.004284,6,1,0,0.000000,0,3.053734,0.000000,0.004675,0,-0.017470,0.000000,-0.008860,3.053734,-0.017470,1,1,1,0.877576,0.000000,0.000000,0.000000,0.000000,0.000000,0.000000,0.000000
1.6901,3.941449,-0.013039,0.014646,0.000000,0.007472,-0.008862,1,3.053734,168,0.040408,-0.121155,3.941449,0.000419,3.060086,0.014646,3.941432,3.049089,0.014646,-0.013039,0.000000,0.012611,-0.317554,-17.639212,-0.010998,-0.001000,0.001365,0.002018,-0.000030,0.001365,0.040408,-0.121155,-9.809169,-0.000776,-0.005086,-0.001000,-1.676445,0.024907,27.000000,0.013045,3.941432,0.000419,-0.013039,0.000000,-0.011000,-0.001000,199,0,1,31,29,-0.003161,0.004231,0.013593,0.121973,0.061681,9.665714,3.035944,0.024907,0.004281,7,1,0,0.000000,0,3.053734,0.000000,0.007472,0,-0.017470,0.000000,-0.008862,3.053734,-0.017470,1,1,1,0.877588,0.000000,0.000000,0.000000,0.000000,0.000000,0.000000,0.000000
1.7001,3.941251,-0.012272,0.003340,0.000000,0.016977,-0.017266,1,3.053734,178,0.041022,-0.122005,3.941251,-0.000419,3.059452,0.003340,3.941240,3.048448,0.003340,-0.012272,0.000000,0.012497,-0.317554,-17.639212,-0.011004,0.000000,0.001725,0.001983,0.000006,0.001725,0.041022,-0.122005,-9.809156,-0.008864,-0.018671,0.000000,-1.676319,0.024882,27.000000,0.013045,3.941240,-0.000419,-0.012272,0.000000,-0.011000,0.000000,3,0,1,31,29,-0.007449,0.019319,0.003099,0.158957,0.434500,9.679054,3.036070,0.024882,0.004335,6,1,0,0.000000,0,3.053734,0.000000,0.016977,0,-0.017403,0.000000,-0.017266,3.053734,-0.017403,1,1,1,0.877601,0.000000,0.000000,0.000000,0.000000,0.000000,0.000000,0.000000
1.7101,3.941221,-0.012272,-0.022766,0.000000,0.010724,-0.006169,1,3.053734,188,0.041262,-0.121060,3.941221,0.002513,3.059455,-0.022766,3.941240,3.048436,-0.022766,-0.012272,0.000000,0.012583,-0.317554,-17.639212,-0.011020,0.000000,0.001456,0.002129,0.000104,0.001456,0.041262,-0.121060,-9.809166,0.006148,-0.004415,0.000000,-1.676333,0.024871,27.000000,0.013045,3.941240,0.002513,-0.012272,0.000000,-0.011000,0.000000,8,0,1,31,29,-0.007434,-0.001710,-0.022746,-0.058964,0.491418,10.483400,3.036056,0.024871,0.004359,6,1,0,0.000000,0,3.053734,0.000000,0.010724,0,-0.017062,0.000000,-0.006169,3.053734,-0.017062,1,1,1,0.877613,0.000000,0.000000,0.000000,0.000000,0.000000,0.000000,0.000000
1.7201,3.941462,-0.012272,-0.036547,0.000000,0.015056,-0.005294,1,3.053734,198,0.040857,-0.121676,3.941462,0.004503,3.059089,-0.036547,3.941528,3.048064,-0.036547,-0.012272,0.000000,0.012443,-0.317554,-17.639212,-0.011025,0.001000,0.001896,0.002001,0.000184,0.001896,0.040857,-0.121676,-9.809160,-0.004397,0.006172,0.001000,-1.676703,0.024794,27.000000,0.013045,3.941528,0.004503,-0.012272,0.000000,-0.011000,0.001000,13,0,1,31,29,0.007504,-0.001497,-0.035532,0.523764,0.145716,9.848659,3.035686,0.024794,0.004318,6,1,0,0.000000,0,3.053734,0.000000,0.015056,0,-0.016705,0.000000,-0.005294,3.053734,-0.016705,1,1,1,0.877627,0.000000,0.000000,0.000000,0.000000,0.000000,0.000000,0.000000
1.7301,3.941396,-0.012272,-0.023245,0.000000,0.013427,-0.008967,1,3.053734,208,0.041973,-0.120477,3.941396,0.000419,3.058910,-0.023245,3.941432,3.047890,-0.023245,-0.012272,0.000000,0.012579,-0.317554,-17.639212,-0.011020,0.001000,0.001468,0.001995,-0.000157,0.001468,0.041973,-0.120477,-9.809170,-0.012287,-0.016041,0.001000,-1.676880,0.024807,27.000000,0.013045,3.941432,0.000419,-0.012272,0.000000,-0.011000,0.001000,18,0,1,31,29,-0.003187,0.019672,-0.022494,0.169265,0.195810,9.647952,3.035509,0.024807,0.004430,7,1,0,0.000000,0,3.053734,0.000000,0.013427,0,-0.016713,0.000000,-0.008967,3.053734,-0.016713,1,1,1,0.877642,0.000000,0.000000,0.000000,0.000000,0.000000,0.000000,0.000000
1.7401,3.941408,-0.012272,-0.018344,0.000000,0.013742,-0.014258,1,3.053734,218,0.042648,-0.121628,3.941408,0.001466,3.058736,-0.018344,3.941432,3.047719,-0.018344,-0.012272,0.000000,0.012499,-0.317554,-17.639212,-0.011017,0.000000,0.001720,0.001990,0.000012,0.001720,0.042648,-0.121628,-9.809153,0.000108,-0.007207,0.000000,-1.677053,0.024843,27.000000,0.013045,3.941432,0.001466,-0.012272,0.000000,-0.011000,0.000000,23,0,1,31,29,-0.005305,0.004650,-0.018404,0.073735,-0.002333,9.425779,3.035336,0.024843,0.004501,6,1,0,0.000000,0,3.053734,0.000000,0.013742,0,-0.017161,0.000000,-0.014258,3.053734,-0.017161,1,1,1,0.877657,0.000000,0.000000,0.000000,0.000000,0.000000,0.000000,0.000000
1.7501,3.941394,-0.013039,-0.029148,0.000000,0.007006,-0.009872,1,3.053734,228,0.042699,-0.120928,3.941394,-0.003560,3.059161,-0.029148,3.941432,3.048138,-0.029148,-0.013039,0.000000,0.012584,-0.317554,-17.639212,-0.011023,0.000000,0.001452,0.001992,0.000100,0.001452,0.042699,-0.120928,-9.809162,-0.005749,0.007833,0.000000,-1.677401,0.024853,27.000000,0.013045,3.941432,-0.003560,-0.013039,0.000000,-0.011000,0.000000,28,0,1,31,29,0.009641,-0.001576,-0.029131,0.178809,0.412441,9.918106,3.034988,0.024853,0.004514,6,1,0,0.000000,0,3.053734,0.000000,0.007006,0,-0.017936,0.000000,-0.009872,3.053734,-0.017936,1,1,1,0.877672,0.000000,0.000000,0.000000,0.000000,0.000000,0.000000,0.000000
1.7601,3.941427,-0.013039,-0.052602,0.000000,0.018279,-0.026010,1,3.053734,238,0.042969,-0.122185,3.941427,0.002513,3.058585,-0.052602,3.941528,3.047547,-0.052602,-0.013039,0.000000,0.012456,-0.317554,-17.639212,-0.011038,0.000000,0.001856,0.001995,0.000221,0.001856,0.042969,-0.122185,-9.809145,-0.009124,0.010507,0.000000,-1.677993,0.024853,27.000000,0.013045,3.941528,0.002513,-0.013039,0.000000,-0.011000,0.000000,33,0,1,31,29,0.013903,-0.001252,-0.052590,-0.050075,0.014250,9.626844,3.034396,0.024853,0.004544,6,1,0,0.000000,0,3.053734,0.000000,0.018279,0,-0.019287,0.000000,-0.026010,3.053734,-0.019287,1,1,1,0.877689,0.000000,0.000000,0.000000,0.000000,0.000000,0.000000,0.000000
1.7701,3.941158,-0.013806,-0.058765,0.000000,0.007809,-0.027147,1,3.053734,248,0.043389,-0.121251,3.941158,-0.003560,3.058969,-0.058765,3.941240,3.047928,-0.058765,-0.013806,0.000000,0.012549,-0.317554,-17.639212,-0.011041,0.000000,0.001562,0.001991,0.000088,0.001562,0.043389,-0.121251,-9.809155,0.002128,-0.017063,0.000000,-1.678380,0.024847,27.000000,0.013045,3.941240,-0.003560,-0.013806,0.000000,-0.011000,0.000000,38,0,1,31,29,-0.013860,0.009438,-0.058888,-0.070786,0.247261,9.342059,3.034009,0.024847,0.004595,6,1,0,0.000000,0,3.053734,0.000000,0.007809,0,-0.021275,0.000000,-0.027147,3.053734,-0.021275,1,1,1,0.877705,0.000000,0.000000,0.000000,0.000000,0.000000,0.000000,0.000000
1.7801,3.941431,-0.014760,-0.001724,-0.104720,0.010815,-0.032645,1,3.053734,2,0.042631,-0.121372,3.941431,0.004503,3.059010,-0.001724,3.941432,3.047994,-0.001724,-0.014760,-0.104720,0.012476,-0.317554,-17.639212,-0.011016,0.000000,0.001792,0.001986,0.000166,0.001792,0.042631,-0.121372,-9.809157,0.017185,0.011854,-0.104720,-1.679266,0.024783,27.000000,0.013045,3.941432,0.004503,-0.014573,-0.104720,-0.011000,0.000000,43,0,1,31,29,-0.003168,-0.021961,-0.106178,0.170875,0.122749,10.144880,3.033123,0.024783,0.004529,7,1,0,0.000000,0,3.053734,0.000000,0.010815,0,-0.023705,0.000000,-0.032645,3.053734,-0.023705,1,1,1,0.877722,0.000000,0.000000,0.000000,0.000000,0.000000,0.000000,0.000000
1.7901,3.941348,-0.015500,-0.004589,-0.104720,0.014467,-0.041213,1,3.053734,12,0.042415,-0.120525,3.941348,-0.003560,3.058750,-0.004589,3.941336,3.047745,-0.004589,-0.015500,-0.104720,0.012559,-0.317554,-17.639212,-0.011005,0.001000,0.001531,0.002012,-0.000193,0.001531,0.042415,-0.120525,-9.809168,0.000570,0.013763,-0.103720,-1.680255,0.024777,27.000000,0.013045,3.941336,-0.003560,-0.015340,-0.104720,-0.011000,0.001000,48,0,1,31,29,0.009628,-0.011211,-0.108176,0.103235,0.078792,9.828570,3.032134,0.024777,0.004515,6,1,0,0.000000,0,3.053734,0.000000,0.014467,0,-0.026388,0.000000,-0.041213,3.053734,-0.026388,1,1,1,0.877738,0.000000,0.000000,0.000000,0.000000,0.000000,0.000000,0.000000
1.8001,3.941447,-0.017164,0.086756,-0.209440,0.005655,-0.036862,1,3.053734,22,0.042252,-0.119962,3.941447,0.002513,3.059231,0.086756,3.941336,3.048272,0.086756,-0.017164,-0.209440,0.012605,-0.317554,-17.639212,-0.010959,0.000000,0.001387,0.001991,-0.000084,0.001387,0.042252,-0.119962,-9.809175,-0.003618,-0.016581,-0.209440,-1.681392,0.024758,27.000000,0.013045,3.941336,0.002513,-0.016874,-0.209440,-0.011000,0.000000,53,0,1,31,29,-0.009613,0.012438,-0.122850,0.179199,0.344800,9.974850,3.030997,0.024758,0.004518,7,1,0,0.000000,0,3.053734,0.000000,0.005655,0,-0.029310,0.000000,-0.036862,3.053734,-0.029310,1,1,1,0.877754,0.000000,0.000000,0.000000,0.000000,0.000000,0.000000,0.000000
1.8101,3.941526,-0.018736,0.088683,-0.209440,0.008976,-0.046213,1,3.053734,32,0.041889,-0.119884,3.941526,0.000419,3.059387,0.088683,3.941432,3.048434,0.088683,-0.018736,-0.209440,0.012547,-0.317554,-17.639212,-0.010952,0.000000,0.001568,0.002001,-0.000132,0.001568,0.041889,-0.119884,-9.809178,0.001171,-0.009132,-0.209440,-1.682800,0.024686,27.000000,0.013045,3.941432,0.000419,-0.018408,-0.209440,-0.011000,0.000000,58,0,1,31,29,-0.007469,0.003868,-0.120814,0.485159,0.015481,9.550641,3.029588,0.024686,0.004500,7,1,0,0.000000,0,3.053734,0.000000,0.008976,0,-0.032708,0.000000,-0.046213,3.053734,-0.032708,1,1,1,0.877770,0.000000,0.000000,0.000000,0.000000,0.000000,0.000000,0.000000
1.8201,3.941425,-0.019461,0.065096,-0.209440,0.017392,-0.065681,1,3.053734,42,0.042327,-0.118834,3.941425,-0.001466,3.058851,0.065096,3.941336,3.047868,0.065096,-0.019461,-0.209440,0.012611,-0.317554,-17.639212,-0.010983,-0.002000,0.001368,0.002003,-0.000147,0.001368,0.042327,-0.118834,-9.809189,-0.000781,-0.008041,-0.211440,-1.684093,0.024638,27.000000,0.013045,3.941336,-0.001466,-0.019175,-0.209440,-0.011000,-0.002000,63,0,1,31,29,-0.005342,0.004215,-0.146409,0.034359,0.407515,9.535147,3.028296,0.024638,0.004551,7,1,0,0.000000,0,3.053734,0.000000,0.017392,0,-0.036578,0.000000,-0.065681,3.053734,-0.036578,1,1,1,0.877784,0.000000,0.000000,0.000000,0.000000,0.000000,0.000000,0.000000
1.8301,3.941436,-0.021954,0.118558,-0.314159,0.002065,-0.053815,1,3.053734,52,0.042323,-0.118460,3.941436,-0.000419,3.059624,0.118558,3.941240,3.048674,0.118558,-0.021954,-0.314159,0.012562,-0.317554,-17.639212,-0.010950,0.000000,0.001523,0.002013,-0.000276,0.001523,0.042323,-0.118460,-9.809193,0.007454,-0.006202,-0.314159,-1.685780,0.024539,27.000000,0.013045,3.941240,-0.000419,-0.021476,-0.314159,-0.011000,0.000000,68,0,1,31,29,-0.009617,-0.003693,-0.195571,-0.364749,0.226818,10.212571,3.026609,0.024539,0.004580,7,1,0,0.000000,0,3.053734,0.000000,0.002065,0,-0.040703,0.000000,-0.053815,3.053734,-0.040703,1,1,1,0.877799,0.000000,0.000000,0.000000,0.000000,0.000000,0.000000,0.000000
1.8401,3.941500,-0.023302,-0.018615,-0.209440,0.019856,-0.071924,1,3.053734,62,0.041277,-0.116633,3.941500,0.003560,3.058900,-0.018615,3.941528,3.047863,-0.018615,-0.023302,-0.209440,0.012602,-0.317554,-17.639212,-0.011037,0.000000,0.001395,0.001991,0.000131,0.001395,0.041277,-0.116633,-9.809220,0.020925,0.006299,-0.209440,-1.687936,0.024390,27.000000,0.013045,3.941528,0.003560,-0.023010,-0.209440,-0.011000,0.000000,73,0,1,31,29,-0.009607,-0.022500,-0.227789,0.675812,-0.066586,9.234117,3.024453,0.024390,0.004485,7,1,0,0.000000,0,3.053734,0.000000,0.019856,0,-0.044919,0.000000,-0.071924,3.053734,-0.044919,1,1,1,0.877812,0.000000,0.000000,0.000000,0.000000,0.000000,0.000000,0.000000
1.8501,3.941347,-0.026638,0.048239,-0.314159,0.001463,-0.054460,1,3.053734,72,0.041205,-0.117725,3.941347,-0.006597,3.059707,0.048239,3.941240,3.048719,0.048239,-0.026638,-0.314159,0.012479,-0.317554,-17.639212,-0.010988,0.000000,0.001784,0.002020,-0.000349,0.001784,0.041205,-0.117725,-9.809207,0.003097,-0.007353,-0.314159,-1.690416,0.024363,27.000000,0.013045,3.941240,-0.006597,-0.026078,-0.314159,-0.011000,0.000000,78,0,1,31,29,-0.007507,-0.000615,-0.265933,-0.421801,0.112397,10.182673,3.021973,0.024363,0.004520,7,1,0,0.000000,0,3.053734,0.000000,0.001463,0,-0.049191,0.000000,-0.054460,3.053734,-0.049191,1,1,1,0.877827,0.000000,0.000000,0.000000,0.000000,0.000000,0.000000,0.000000
1.8601,3.941432,-0.028884,0.005223,-0.314159,0.018448,-0.069418,1,3.053734,82,0.039795,-0.116000,3.941432,0.004503,3.059046,0.005223,3.941432,3.048018,0.005223,-0.028884,-0.314159,0.012534,-0.317554,-17.639212,-0.011028,0.000000,0.001608,0.001952,0.000183,0.001608,0.039795,-0.116000,-9.809233,0.017620,-0.002714,-0.314159,-1.693360,0.024237,27.000000,0.013045,3.941432,0.004503,-0.028378,-0.314159,-0.011000,0.000000,83,0,1,31,29,-0.013908,-0.015024,-0.308773,0.829759,0.108104,9.810197,3.019029,0.024237,0.004398,7,1,0,0.000000,0,3.053734,0.000000,0.018448,0,-0.053463,0.000000,-0.069418,3.053734,-0.053463,1,1,1,0.877839,0.000000,0.000000,0.000000,0.000000,0.000000,0.000000,0.000000
1.8701,3.941848,-0.032771,0.085397,-0.418879,0.000686,-0.053916,1,3.053734,92,0.041494,-0.114941,3.941848,0.000419,3.059895,0.085397,3.941720,3.048913,0.085397,-0.032771,-0.418879,0.012622,-0.317554,-17.639212,-0.010982,0.000000,0.001331,0.001986,-0.000329,0.001331,0.041494,-0.114941,-9.809239,-0.021687,-0.024157,-0.418879,-1.696356,0.024194,27.000000,0.013045,3.941720,0.000419,-0.032213,-0.418879,-0.011000,0.000000,88,0,1,31,29,-0.003288,0.028085,-0.333863,-0.185426,0.180855,9.293466,3.016033,0.024194,0.004613,7,1,0,0.000000,0,3.053734,0.000000,0.000686,0,-0.057747,0.000000,-0.053916,3.053734,-0.057747,1,1,1,0.877854,0.000000,0.000000,0.000000,0.000000,0.000000,0.000000,0.000000
1.8801,3.941210,-0.035025,0.069442,-0.418879,0.024317,-0.072422,1,3.053734,102,0.040525,-0.114760,3.941210,0.000419,3.058649,0.069442,3.941144,3.047690,0.069442,-0.035025,-0.418879,0.012658,-0.317554,-17.639212,-0.010958,0.000000,0.001219,0.002005,0.000304,0.001219,0.040525,-0.114760,-9.809245,0.002426,0.012219,-0.418879,-1.699831,0.024204,27.000000,0.013045,3.941144,0.000419,-0.034514,-0.418879,-0.011000,0.000000,93,0,1,31,29,0.007426,-0.014424,-0.349282,0.630642,-0.059506,10.210341,3.012558,0.024204,0.004539,6,1,0,0.000000,0,3.053734,0.000000,0.024317,0,-0.061873,0.000000,-0.072422,3.053734,-0.061873,1,1,1,0.877867,0.000000,0.000000,0.000000,0.000000,0.000000,0.000000,0.000000
1.8901,3.941865,-0.040094,0.153247,-0.523599,-0.003166,-0.039242,1,3.053734,112,0.041687,-0.116952,3.941865,-0.001466,3.059859,0.153247,3.941624,3.048962,0.153247,-0.040094,-0.523599,0.012452,-0.317554,-17.639212,-0.010898,0.000000,0.001868,0.001993,-0.000267,0.001868,0.041687,-0.116952,-9.809214,-0.007717,-0.002707,-0.523599,-1.703634,0.024194,27.000000,0.013045,3.941624,-0.001466,-0.039116,-0.523599,-0.011000,0.000000,98,0,1,31,29,0.003132,0.002942,-0.370417,-0.318298,0.430590,9.975389,3.008755,0.024194,0.004725,6,1,0,0.000000,0,3.053734,0.000000,-0.003166,0,-0.065738,0.000000,-0.039242,3.053734,-0.065738,1,1,1,0.877884,0.000000,0.000000,0.000000,0.000000,0.000000,0.000000,0.000000
1.9001,3.941447,-0.042911,0.041464,-0.418879,0.022165,-0.059196,1,3.053734,122,0.039596,-0.116203,3.941447,0.004503,3.058864,0.041464,3.941432,3.047910,0.041464,-0.042911,-0.418879,0.012494,-0.317554,-17.639212,-0.010954,0.000000,0.001735,0.001973,0.000559,0.001735,0.039596,-0.116203,-9.809232,0.010007,0.018871,-0.418879,-1.707497,0.024155,27.000000,0.013045,3.941432,0.004503,-0.042184,-0.418879,-0.011000,0.000000,103,0,1,31,29,0.007428,-0.024740,-0.377135,0.649324,0.309650,10.520317,3.004892,0.024155,0.004542,7,1,0,0.000000,0,3.053734,0.000000,0.022165,0,-0.069214,0.000000,-0.059196,3.053734,-0.069214,1,1,1,0.877898,0.000000,0.000000,0.000000,0.000000,0.000000,0.000000,0.000000
1.9101,3.941934,-0.046638,0.077714,-0.418879,0.007882,-0.043804,1,3.053734,132,0.041157,-0.116116,3.941934,-0.000419,3.059153,0.077714,3.941816,3.048224,0.077714,-0.046638,-0.418879,0.012576,-0.317554,-17.639212,-0.010929,-0.001000,0.001476,0.001987,-0.000551,0.001476,0.041157,-0.116116,-9.809226,-0.020213,-0.016550,-0.419879,-1.710915,0.024204,27.000000,0.013045,3.941816,-0.000419,-0.046019,-0.418879,-0.011000,-0.001000,108,0,1,31,29,0.000986,0.021800,-0.342466,-0.214563,-0.043109,8.841385,3.001474,0.024204,0.004744,7,1,0,0.000000,0,3.053734,0.000000,0.007882,0,-0.072207,0.000000,-0.043804,3.053734,-0.072207,1,1,1,0.877915,0.000000,0.000000,0.000000,0.000000,0.000000,0.000000,0.000000
1.9201,3.941172,-0.049106,0.107873,-0.418879,0.024440,-0.050215,1,3.053734,142,0.040096,-0.116816,3.941172,-0.002513,3.058034,0.107873,3.941049,3.047106,0.107873,-0.049106,-0.418879,0.012450,-0.317554,-17.639212,-0.010928,0.000000,0.001875,0.001951,0.000322,0.001875,0.040096,-0.116816,-9.809223,0.007446,0.005089,-0.418879,-1.714499,0.024142,27.000000,0.013045,3.941049,-0.002513,-0.048320,-0.418879,-0.011000,0.000000,113,0,1,31,29,-0.001103,-0.012822,-0.310870,0.725592,0.517816,10.704296,2.997890,0.024142,0.004668,6,1,0,0.000000,0,3.053734,0.000000,0.024440,0,-0.074598,0.000000,-0.050215,3.053734,-0.074598,1,1,1,0.877931,0.000000,0.000000,0.000000,0.000000,0.000000,0.000000,0.000000
1.9301,3.942229,-0.051916,0.024896,-0.314159,0.015014,-0.041379,1,3.053734,152,0.042071,-0.115677,3.942229,0.012776,3.057946,0.024896,3.942199,3.046959,0.024896,-0.051916,-0.314159,0.012511,-0.317554,-17.639212,-0.010986,0.000000,0.001682,0.002021,-0.000027,0.001682,0.042071,-0.115677,-9.809228,-0.009224,-0.001037,-0.314159,-1.717461,0.024064,27.000000,0.013045,3.942199,0.012776,-0.051388,-0.314159,-0.011000,0.000000,118,0,1,31,29,0.005289,0.004008,-0.289336,-0.233876,0.193101,9.073437,2.994928,0.024064,0.004896,6,1,0,0.000000,0,3.053734,0.000000,0.015014,0,-0.076608,0.000000,-0.041379,3.053734,-0.076608,1,1,1,0.877950,0.000000,0.000000,0.000000,0.000000,0.000000,0.000000,0.000000
1.9401,3.941303,-0.054120,0.051355,-0.314159,0.020838,-0.044548,1,3.053734,162,0.041446,-0.114930,3.941303,-0.005550,3.057349,0.051355,3.941240,3.046352,0.051355,-0.054120,-0.314159,0.012610,-0.317554,-17.639212,-0.010997,0.001000,0.001371,0.002103,-0.000066,0.001371,0.041446,-0.114930,-9.809239,0.003556,0.001647,-0.313159,-1.720271,0.024080,27.000000,0.013045,3.941240,-0.005550,-0.053689,-0.314159,-0.011000,0.001000,123,0,1,31,29,-0.001095,-0.007064,-0.261736,0.351712,0.446658,10.253529,2.992118,0.024080,0.004854,7,1,0,0.000000,0,3.053734,0.000000,0.020838,0,-0.078409,0.000000,-0.044548,3.053734,-0.078409,1,1,1,0.877969,0.000000,0.000000,0.000000,0.000000,0.000000,0.000000,0.000000
1.9501,3.942033,-0.056368,-0.038393,-0.209440,0.018869,-0.039832,1,3.053734,172,0.042398,-0.115830,3.942033,0.005550,3.057058,-0.038393,3.942103,3.046010,-0.038393,-0.056368,-0.209440,0.012471,-0.317554,-17.639212,-0.011048,0.001000,0.001806,0.002013,-0.000054,0.001806,0.042398,-0.115830,-9.809225,0.007872,-0.005922,-0.208440,-1.722864,0.024017,27.000000,0.013045,3.942103,0.005550,-0.055990,-0.209440,-0.011000,0.001000,128,0,1,31,29,-0.009631,-0.005150,-0.246788,-0.155836,-0.096190,9.271559,2.989525,0.024017,0.004982,7,1,0,0.000000,0,3.053734,0.000000,0.018869,0,-0.079928,0.000000,-0.039832,3.053734,-0.079928,1,1,1,0.878239,0.000000,0.000000,0.000000,0.000000,0.000000,0.000000,0.000000
1.9601,3.941823,-0.057863,0.001148,-0.209440,0.023525,-0.044079,1,3.053734,182,0.042404,-0.114446,3.941823,-0.001466,3.056328,0.001148,3.941816,3.045337,0.001148,-0.057863,-0.209440,0.012532,-0.317554,-17.639212,-0.010991,0.000000,0.001616,0.001992,0.000020,0.001616,0.042404,-0.114446,-9.809241,0.002351,-0.007870,-0.209440,-1.725031,0.023929,27.000000,0.013045,3.941816,-0.001466,-0.057524,-0.209440,-0.011000,0.000000,133,0,1,31,29,-0.007491,0.000757,-0.208317,0.140900,0.382674,10.003917,2.987358,0.023929,0.004991,7,1,0,0.000000,0,3.053734,0.000000,0.023525,0,-0.081169,0.000000,-0.044079,3.053734,-0.081169,1,1,1,0.878325,0.000000,0.000000,0.000000,0.000000,0.000000,0.000000,0.000000
1.9701,3.942005,-0.060263,0.135725,-0.314159,0.010722,-0.032733,1,3.053734,192,0.042836,-0.113077,3.942005,-0.002513,3.056789,0.135725,3.941816,3.045843,0.135725,-0.060263,-0.314159,0.012602,-0.317554,-17.639212,-0.010946,0.000000,0.001394,0.001967,-0.000437,0.001394,0.042836,-0.113077,-9.809255,0.001503,-0.005760,-0.314159,-1.726926,0.023845,27.000000,0.013045,3.941816,-0.002513,-0.059825,-0.314159,-0.011000,0.000000,138,0,1,31,29,-0.005347,0.000366,-0.178453,-0.336012,0.188939,10.183498,2.985463,0.023845,0.005054,7,1,0,0.000000,0,3.053734,0.000000,0.010722,0,-0.082413,0.000000,-0.032733,3.053734,-0.082413,1,1,1,0.878381,0.000000,0.000000,0.000000,0.000000,0.000000,0.000000,0.000000
1.9801,3.942189,-0.061722,0.048219,-0.209440,0.019619,-0.045314,1,3.053734,202,0.042592,-0.113674,3.942189,0.003560,3.056497,0.048219,3.942103,3.045523,0.048219,-0.061722,-0.209440,0.012494,-0.317554,-17.639212,-0.010974,0.000000,0.001735,0.002012,0.000019,0.001735,0.042592,-0.113674,-9.809249,-0.003023,-0.009635,-0.209440,-1.728705,0.023792,27.000000,0.013045,3.942103,0.003560,-0.061359,-0.209440,-0.011000,0.000000,143,0,1,31,29,-0.005349,0.006550,-0.161315,0.273971,0.113226,9.369648,2.983684,0.023792,0.005050,6,1,0,0.000000,0,3.053734,0.000000,0.019619,0,-0.083957,0.000000,-0.045314,3.053734,-0.083957,1,1,1,0.878467,0.000000,0.000000,0.000000,0.000000,0.000000,0.000000,0.000000
1.9901,3.941803,-0.063062,-0.007396,-0.104720,0.015328,-0.051087,1,3.053734,212,0.042976,-0.113655,3.941803,-0.004503,3.056638,-0.007396,3.941816,3.045614,-0.007396,-0.063062,-0.104720,0.012534,-0.317554,-17.639212,-0.011024,0.000000,0.001611,0.001985,-0.000172,0.001611,0.042976,-0.113655,-9.809247,-0.007883,-0.005337,-0.104720,-1.729954,0.023820,27.000000,0.013045,3.941816,-0.004503,-0.062893,-0.104720,-0.011000,0.000000,148,0,1,31,29,0.001068,0.008053,-0.112226,-0.355433,0.237328,10.136119,2.982435,0.023820,0.005104,7,1,0,0.000000,0,3.053734,0.000000,0.015328,0,-0.085848,0.000000,-0.051087,3.053734,-0.085848,1,1,1,0.878601,0.000000,0.000000,0.000000,0.000000,0.000000,0.000000,0.000000
2.0001,3.941756,-0.063949,0.100682,-0.209440,0.018533,-0.058840,1,3.053734,222,0.042099,-0.112551,3.941756,0.001466,3.056380,0.100682,3.941624,3.045423,0.100682,-0.063949,-0.209440,0.012607,-0.317554,-17.639212,-0.010957,-0.002000,0.001379,0.001991,-0.000087,0.001379,0.042099,-0.112551,-9.809264,0.015108,0.017155,-0.211440,-1.731031,0.023782,27.000000,0.013045,3.941624,0.001466,-0.063660,-0.209440,-0.011000,-0.002000,153,0,1,31,29,0.003237,-0.024023,-0.110464,-0.078785,0.164987,9.810178,2.981358,0.023782,0.005017,7,1,0,0.000000,0,3.053734,0.000000,0.018533,0,-0.087841,0.000000,-0.058840,3.053734,-0.087841,1,1,1,0.878622,0.000000,0.000000,0.000000,0.000000,0.000000,0.000000,0.000000
2.0101,3.941981,-0.065547,0.091703,-0.209440,0.010613,-0.051095,1,3.053734,232,0.040771,-0.113590,3.941981,-0.000419,3.056869,0.091703,3.941816,3.045924,0.091703,-0.065547,-0.209440,0.012510,-0.317554,-17.639212,-0.010945,0.001000,0.001684,0.002011,-0.000394,0.001684,0.040771,-0.113590,-9.809258,-0.000760,0.009182,-0.208440,-1.732125,0.023792,27.000000,0.013045,3.941816,-0.000419,-0.065194,-0.209440,-0.011000,0.001000,158,0,1,31,29,0.007486,-0.006830,-0.116660,-0.202481,0.246972,10.136315,2.980264,0.023792,0.004907,6,1,0,0.000000,0,3.053734,0.000000,0.010613,0,-0.089714,0.000000,-0.051095,3.053734,-0.089714,1,1,1,0.878644,0.000000,0.000000,0.000000,0.000000,0.000000,0.000000,0.000000
2.0201,3.941911,-0.066872,-0.003645,-0.104720,0.013178,-0.051767,1,3.053734,242,0.038695,-0.113295,3.941911,0.000419,3.057134,-0.003645,3.941911,3.046128,-0.003645,-0.066872,-0.104720,0.012607,-0.317554,-17.639212,-0.011006,0.000000,0.001379,0.001985,-0.000086,0.001379,0.038695,-0.113295,-9.809269,0.005678,0.011848,-0.104720,-1.733242,0.023867,27.000000,0.013045,3.941911,0.000419,-0.066728,-0.104720,-0.011000,0.000000,163,0,1,31,29,0.005361,-0.013361,-0.108205,0.323349,0.059197,9.876369,2.979147,0.023867,0.004709,6,1,0,0.000000,0,3.053734,0.000000,0.013178,0,-0.091326,0.000000,-0.051767,3.053734,-0.091326,1,1,1,0.878664,0.000000,0.000000,0.000000,0.000000,0.000000,0.000000,0.000000
2.0301,3.942027,-0.068650,0.116363,-0.209440,0.005278,-0.043318,1,3.053734,252,0.038202,-0.115265,3.942027,-0.000419,3.057853,0.116363,3.941816,3.046956,0.116363,-0.068650,-0.209440,0.012456,-0.317554,-17.639212,-0.010897,0.000000,0.001855,0.002011,-0.000280,0.001855,0.038202,-0.115265,-9.809248,-0.004025,0.000807,-0.209440,-1.734192,0.023911,27.000000,0.013045,3.941816,-0.000419,-0.068262,-0.209440,-0.011000,0.000000,168,0,1,31,29,0.003215,0.001393,-0.093101,0.207003,0.395807,9.716978,2.978197,0.023911,0.004692,6,1,0,0.000000,0,3.053734,0.000000,0.005278,0,-0.092638,0.000000,-0.043318,3.053734,-0.092638,1,1,1,0.878686,0.000000,0.000000,0.000000,0.000000,0.000000,0.000000,0.000000
2.0401,3.941660,-0.069029,-0.048193,0.000000,0.016337,-0.056371,1,3.053734,6,0.038495,-0.113708,3.941660,0.000419,3.057763,-0.048193,3.941720,3.046724,-0.048193,-0.069029,0.000000,0.012598,-0.317554,-17.639212,-0.011039,0.000000,0.001408,0.001983,-0.000103,0.001408,0.038495,-0.113708,-9.809265,-0.005036,-0.002830,0.000000,-1.734803,0.023891,27.000000,0.013045,3.941720,0.000419,-0.069029,0.000000,-0.011000,0.000000,173,0,1,31,29,0.001090,0.005066,-0.048260,0.247905,0.299283,10.567803,2.977586,0.023891,0.004716,7,1,0,0.000000,0,3.053734,0.000000,0.016337,0,-0.093716,0.000000,-0.056371,3.053734,-0.093716,1,1,1,0.878703,0.000000,0.000000,0.000000,0.000000,0.000000,0.000000,0.000000
2.0501,3.941626,-0.069221,0.071908,-0.104720,0.015215,-0.058427,1,3.053734,16,0.040172,-0.114982,3.941626,-0.001466,3.057589,0.071908,3.941528,3.046624,0.071908,-0.069221,-0.104720,0.012464,-0.317554,-17.639212,-0.010964,0.000000,0.001829,0.001999,-0.000050,0.001829,0.040172,-0.114982,-9.809244,-0.012504,-0.023131,-0.104720,-1.735098,0.023874,27.000000,0.013045,3.941528,-0.001466,-0.069029,-0.104720,-0.011000,0.000000,178,0,1,31,29,-0.009599,0.024069,-0.033114,-0.204529,0.152512,9.264457,2.977291,0.023874,0.004897,7,1,0,0.000000,0,3.053734,0.000000,0.015215,0,-0.094662,0.000000,-0.058427,3.053734,-0.094662,1,1,1,0.878722,0.000000,0.000000,0.000000,0.000000,0.000000,0.000000,0.000000
2.0601,3.941647,-0.069796,-0.048712,0.000000,0.012005,-0.053205,1,3.053734,26,0.039847,-0.113525,3.941647,0.003560,3.057844,-0.048712,3.941720,3.046809,-0.048712,-0.069796,0.000000,0.012564,-0.317554,-17.639212,-0.011035,0.000000,0.001514,0.002009,0.000191,0.001514,0.039847,-0.113525,-9.809262,0.012657,0.009344,0.000000,-1.735488,0.023825,27.000000,0.013045,3.941720,0.003560,-0.069796,0.000000,-0.011000,0.000000,183,0,1,31,29,-0.001022,-0.016310,-0.048511,0.141914,0.406411,10.406115,2.976901,0.023825,0.004860,6,1,0,0.000000,0,3.053734,0.000000,0.012005,0,-0.095431,0.000000,-0.053205,3.053734,-0.095431,1,1,1,0.878737,0.000000,0.000000,0.000000,0.000000,0.000000,0.000000,0.000000
2.0701,3.941712,-0.070563,-0.048760,0.000000,0.011231,-0.045653,1,3.053734,36,0.038665,-0.113845,3.941712,0.000419,3.058067,-0.048760,3.941816,3.047027,-0.048760,-0.070563,0.000000,0.012465,-0.317554,-17.639212,-0.011040,0.000000,0.001825,0.002028,0.000028,0.001825,0.038665,-0.113845,-9.809263,0.012921,0.012343,0.000000,-1.736034,0.023764,27.000000,0.013045,3.941816,0.000419,-0.070563,0.000000,-0.011000,0.000000,188,0,1,31,29,0.001114,-0.018441,-0.048534,0.216867,0.074358,9.417072,2.976355,0.023764,0.004751,7,1,0,0.000000,0,3.053734,0.000000,0.011231,0,-0.095730,0.000000,-0.045653,3.053734,-0.095730,1,1,1,0.878754,0.000000,0.000000,0.000000,0.000000,0.000000,0.000000,0.000000
2.0801,3.941569,-0.070563,-0.037279,0.000000,0.018036,-0.050595,1,3.053734,46,0.037891,-0.112575,3.941569,0.000419,3.057673,-0.037279,3.941624,3.046642,-0.037279,-0.070563,0.000000,0.012604,-0.317554,-17.639212,-0.011031,0.000000,0.001388,0.002124,-0.000100,0.001388,0.037891,-0.112575,-9.809281,-0.007472,-0.016048,0.000000,-1.736417,0.023779,27.000000,0.013045,3.941624,0.000419,-0.070563,0.000000,-0.011000,0.000000,193,0,1,31,29,-0.007457,0.015584,-0.037478,0.361073,0.315741,10.012958,2.975972,0.023779,0.004663,7,1,0,0.000000,0,3.053734,0.000000,0.018036,0,-0.095752,0.000000,-0.050595,3.053734,-0.095752,1,1,1,0.878771,0.000000,0.000000,0.000000,0.000000,0.000000,0.000000,0.000000
2.0901,3.941715,-0.070563,-0.009299,0.000000,0.016008,-0.049562,1,3.053734,56,0.038822,-0.114015,3.941715,-0.000419,3.057502,-0.009299,3.941720,3.046490,-0.009299,-0.070563,0.000000,0.012458,-0.317554,-17.639212,-0.011012,0.000000,0.001848,0.001945,0.000022,0.001848,0.038822,-0.114015,-9.809261,-0.016472,-0.020840,0.000000,-1.736571,0.023773,27.000000,0.013045,3.941720,-0.000419,-0.070563,0.000000,-0.011000,0.000000,198,0,1,31,29,-0.005325,0.025906,-0.009623,0.121211,0.017995,9.330310,2.975818,0.023773,0.004768,7,1,0,0.000000,0,3.053734,0.000000,0.016008,0,-0.095684,0.000000,-0.049562,3.053734,-0.095684,1,1,1,0.878789,0.000000,0.000000,0.000000,0.000000,0.000000,0.000000,0.000000
2.1001,3.941883,-0.070563,-0.018238,0.000000,0.016241,-0.044810,1,3.053734,66,0.040344,-0.112570,3.941883,0.004503,3.057360,-0.018238,3.941911,3.046344,-0.018238,-0.070563,0.000000,0.012558,-0.317554,-17.639212,-0.011016,0.000000,0.001534,0.001993,0.000221,0.001534,0.040344,-0.112570,-9.809271,-0.004961,-0.008329,0.000000,-1.736721,0.023714,27.000000,0.013045,3.941911,0.004503,-0.070563,0.000000,-0.011000,0.000000,2,0,1,31,29,-0.003175,0.008930,-0.018352,-0.012483,0.233724,9.667356,2.975668,0.023714,0.004913,6,1,0,0.000000,0,3.053734,0.000000,0.016241,0,-0.095231,0.000000,-0.044810,3.053734,-0.095231,1,1,1,0.878807,0.000000,0.000000,0.000000,0.000000,0.000000,0.000000,0.000000
2.1101,3.941793,-0.070563,-0.015014,0.000000,0.016698,-0.037882,1,3.053734,76,0.040827,-0.112319,3.941793,-0.000419,3.057198,-0.015014,3.941816,3.046184,-0.015014,-0.070563,0.000000,0.012639,-0.317554,-17.639212,-0.011014,0.001000,0.001279,0.001977,-0.000072,0.001279,0.040827,-0.112319,-9.809272,-0.011525,0.002892,0.001000,-1.736882,0.023766,27.000000,0.013045,3.941816,-0.000419,-0.070563,0.000000,-0.011000,0.001000,7,0,1,31,29,0.009636,0.006773,-0.014100,-0.020765,0.369254,10.309931,2.975507,0.023766,0.004960,7,1,0,0.000000,0,3.053734,0.000000,0.016698,0,-0.094277,0.000000,-0.037882,3.053734,-0.094277,1,1,1,0.878826,0.000000,0.000000,0.000000,0.000000,0.000000,0.000000,0.000000
2.1201,3.941806,-0.070563,-0.001335,0.000000,0.016111,-0.029351,1,3.053734,86,0.040364,-0.113513,3.941806,0.002513,3.057106,-0.001335,3.941816,3.046100,-0.001335,-0.070563,0.000000,0.012584,-0.317554,-17.639212,-0.011006,0.000000,0.001450,0.001946,0.000023,0.001450,0.040364,-0.113513,-9.809260,0.001651,-0.005536,0.000000,-1.736965,0.023837,27.000000,0.013045,3.941816,0.002513,-0.070563,0.000000,-0.011000,0.000000,12,0,1,31,29,-0.005297,0.002287,-0.001364,0.311885,-0.017086,9.081250,2.975424,0.023837,0.004922,7,1,0,0.000000,0,3.053734,0.000000,0.016111,0,-0.092770,0.000000,-0.029351,3.053734,-0.092770,1,1,1,0.878846,0.000000,0.000000,0.000000,0.000000,0.000000,0.000000,0.000000
2.1301,3.941852,-0.070563,0.032834,0.000000,0.013603,-0.021110,1,3.053734,96,0.040169,-0.114268,3.941852,0.001466,3.057225,0.032834,3.941816,3.046239,0.032834,-0.070563,0.000000,0.012453,-0.317554,-17.639212,-0.010986,0.000000,0.001866,0.002004,-0.000046,0.001866,0.040169,-0.114268,-9.809252,0.002063,-0.007968,0.000000,-1.736826,0.023783,27.000000,0.013045,3.941816,0.001466,-0.070563,0.000000,-0.011000,0.000000,17,0,1,31,29,-0.007424,0.003964,0.032787,0.161183,0.386944,10.434643,2.975563,0.023783,0.004907,6,1,0,0.000000,0,3.053734,0.000000,0.013603,0,-0.090828,0.000000,-0.021110,3.053734,-0.090828,1,1,1,0.878866,0.000000,0.000000,0.000000,0.000000,0.000000,0.000000,0.000000
2.1401,3.941761,-0.069646,-0.060159,0.104720,0.020808,-0.025023,1,3.053734,106,0.040718,-0.112573,3.941761,0.001466,3.056794,-0.060159,3.941816,3.045754,-0.060159,-0.069646,0.104720,0.012590,-0.317554,-17.639212,-0.011040,-0.001000,0.001432,0.002013,-0.000091,0.001432,0.040718,-0.112573,-9.809270,-0.009018,0.002229,0.103720,-1.736395,0.023749,27.000000,0.013045,3.941816,0.001466,-0.069796,0.104720,-0.011000,-0.001000,22,0,1,31,29,0.007519,0.006002,0.043489,-0.031063,0.174811,9.791166,2.975994,0.023749,0.004941,7,1,0,0.000000,0,3.053734,0.000000,0.020808,0,-0.088619,0.000000,-0.025023,3.053734,-0.088619,1,1,1,0.878885,0.000000,0.000000,0.000000,0.000000,0.000000,0.000000,0.000000
2.1501,3.941839,-0.069029,0.090776,0.000000,0.012914,-0.016471,1,3.053734,116,0.041329,-0.112616,3.941839,-0.001466,3.056950,0.090776,3.941720,3.046008,0.090776,-0.069029,0.000000,0.012641,-0.317554,-17.639212,-0.010942,0.000000,0.001271,0.001990,-0.000299,0.001271,0.041329,-0.112616,-9.809267,-0.009586,-0.015021,0.000000,-1.735525,0.023803,27.000000,0.013045,3.941720,-0.001466,-0.069029,0.000000,-0.011000,0.000000,27,0,1,31,29,-0.005287,0.018163,0.090554,-0.012928,0.113307,9.350321,2.976864,0.023803,0.004996,7,1,0,0.000000,0,3.053734,0.000000,0.012914,0,-0.086212,0.000000,-0.016471,3.053734,-0.086212,1,1,1,0.878905,0.000000,0.000000,0.000000,0.000000,0.000000,0.000000,0.000000
2.1601,3.942152,-0.067495,0.092499,0.000000,0.022674,-0.022465,1,3.053734,126,0.041258,-0.113653,3.942152,0.002513,3.056347,0.092499,3.942007,3.045406,0.092499,-0.067495,0.000000,0.012534,-0.317554,-17.639212,-0.010941,0.000000,0.001609,0.001944,0.000011,0.001609,0.041258,-0.113653,-9.809255,-0.000656,0.000932,0.000000,-1.734593,0.023809,27.000000,0.013045,3.942007,0.002513,-0.067495,0.000000,-0.011000,0.000000,32,0,1,31,29,0.001135,0.001057,0.092493,0.246757,0.087842,9.876607,2.977796,0.023809,0.004979,7,1,0,0.000000,0,3.053734,0.000000,0.022674,0,-0.083687,0.000000,-0.022465,3.053734,-0.083687,1,1,1,0.878927,0.000000,0.000000,0.000000,0.000000,0.000000,0.000000,0.000000
2.1701,3.942040,-0.066728,0.131871,0.000000,0.011229,-0.011097,1,3.053734,136,0.041429,-0.114728,3.942040,-0.001466,3.056782,0.131871,3.941816,3.045858,0.131871,-0.066728,0.000000,0.012458,-0.317554,-17.639212,-0.010924,0.001000,0.001849,0.001949,-0.000340,0.001849,0.041429,-0.114728,-9.809242,-0.001920,0.013882,0.001000,-1.733374,0.023845,27.000000,0.013045,3.941816,-0.001466,-0.066728,0.000000,-0.011000,0.001000,37,0,1,31,29,0.011827,-0.005861,0.132955,-0.165234,0.392661,9.955966,2.979015,0.023845,0.004995,6,1,0,0.000000,0,3.053734,0.000000,0.011229,0,-0.081146,0.000000,-0.011097,3.053734,-0.081146,1,1,1,0.879134,0.000000,0.000000,0.000000,0.000000,0.000000,0.000000,0.000000
2.1801,3.942221,-0.065194,0.145662,0.000000,0.018581,-0.014776,1,3.053734,146,0.040568,-0.114363,3.942221,0.003560,3.056541,0.145662,3.942007,3.045623,0.145662,-0.065194,0.000000,0.012552,-0.317554,-17.639212,-0.010918,0.000000,0.001553,0.001990,-0.000062,0.001553,0.040568,-0.114363,-9.809249,0.001096,0.010861,0.000000,-1.732074,0.023916,27.000000,0.013045,3.942007,0.003560,-0.065194,0.000000,-0.011000,0.000000,42,0,1,31,29,0.007562,-0.006044,0.145749,0.218452,0.340344,10.338507,2.980315,0.023916,0.004888,6,1,0,0.000000,0,3.053734,0.000000,0.018581,0,-0.078440,0.000000,-0.014776,3.053734,-0.078440,1,1,1,0.879154,0.000000,0.000000,0.000000,0.000000,0.000000,0.000000,0.000000
2.1901,3.942047,-0.063660,0.166161,0.000000,0.015559,-0.010681,1,3.053734,156,0.040939,-0.114714,3.942047,-0.000419,3.056569,0.166161,3.941816,3.045678,0.166161,-0.063660,0.000000,0.012607,-0.317554,-17.639212,-0.010891,-0.001000,0.001379,0.001991,-0.000528,0.001379,0.040939,-0.114714,-9.809244,-0.005501,-0.000377,-0.001000,-1.730485,0.024012,27.000000,0.013045,3.941816,-0.000419,-0.063660,0.000000,-0.011000,-0.001000,47,0,1,31,29,0.003285,0.006510,0.165092,-0.098752,-0.141966,9.108438,2.981904,0.024012,0.004910,7,1,0,0.000000,0,3.053734,0.000000,0.015559,0,-0.075589,0.000000,-0.010681,3.053734,-0.075589,1,1,1,0.879174,0.000000,0.000000,0.000000,0.000000,0.000000,0.000000,0.000000
2.2001,3.941919,-0.061940,0.060181,0.104720,0.016435,-0.008938,1,3.053734,166,0.040377,-0.115837,3.941919,0.003560,3.056622,0.060181,3.941816,3.045651,0.060181,-0.061940,0.104720,0.012481,-0.317554,-17.639212,-0.010971,0.000000,0.001775,0.001989,-0.000035,0.001775,0.040377,-0.115837,-9.809233,0.003981,0.004942,0.104720,-1.728791,0.024012,27.000000,0.013045,3.941816,0.003560,-0.062126,0.104720,-0.011000,0.000000,52,0,1,31,29,0.001162,-0.004180,0.164966,0.103754,0.434252,10.473362,2.983598,0.024012,0.004840,6,1,0,0.000000,0,3.053734,0.000000,0.016435,0,-0.072625,0.000000,-0.008938,3.053734,-0.072625,1,1,1,0.879194,0.000000,0.000000,0.000000,0.000000,0.000000,0.000000,0.000000
2.2101,3.942097,-0.060592,0.192679,0.000000,0.011053,-0.002566,1,3.053734,176,0.040609,-0.114934,3.942097,0.001466,3.056967,0.192679,3.941816,3.046077,0.192679,-0.060592,0.000000,0.012576,-0.317554,-17.639212,-0.010890,0.000000,0.001478,0.001990,-0.000562,0.001478,0.040609,-0.114934,-9.809243,-0.001280,0.008883,0.000000,-1.727017,0.024020,27.000000,0.013045,3.941816,0.001466,-0.060592,0.000000,-0.011000,0.000000,57,0,1,31,29,0.007572,-0.002394,0.192725,-0.212501,0.107779,9.790375,2.985372,0.024020,0.004843,6,1,0,0.000000,0,3.053734,0.000000,0.011053,0,-0.069710,0.000000,-0.002566,3.053734,-0.069710,1,1,1,0.879213,0.000000,0.000000,0.000000,0.000000,0.000000,0.000000,0.000000
2.2201,3.941912,-0.057906,0.016583,0.209440,0.021873,-0.017537,1,3.053734,186,0.040696,-0.116379,3.941912,-0.000419,3.056531,0.016583,3.941911,3.045531,0.016583,-0.057906,0.209440,0.012460,-0.317554,-17.639212,-0.011001,-0.001000,0.001841,0.001989,0.000107,0.001841,0.040696,-0.116379,-9.809225,-0.007811,-0.005212,0.208440,-1.724877,0.024064,27.000000,0.013045,3.941911,-0.000419,-0.058291,0.209440,-0.011000,-0.001000,62,0,1,31,29,0.001162,0.012121,0.224889,0.227337,0.249206,9.973921,2.987512,0.024064,0.004829,6,1,0,0.000000,0,3.053734,0.000000,0.021873,0,-0.066965,0.000000,-0.017537,3.053734,-0.066965,1,1,1,0.879233,0.000000,0.000000,0.000000,0.000000,0.000000,0.000000,0.000000
2.2301,3.941781,-0.055813,0.120244,0.104720,0.014983,-0.013078,1,3.053734,196,0.041215,-0.115814,3.941781,-0.003560,3.056578,0.120244,3.941624,3.045649,0.120244,-0.055813,0.104720,0.012509,-0.317554,-17.639212,-0.010928,0.000000,0.001688,0.002144,-0.000210,0.001688,0.041215,-0.115814,-9.809230,-0.000564,-0.010253,0.104720,-1.722667,0.024062,27.000000,0.013045,3.941624,-0.003560,-0.055990,0.104720,-0.011000,0.000000,67,0,1,31,29,-0.007374,0.009960,0.224857,-0.212176,0.096921,9.895540,2.989722,0.024062,0.004855,7,1,0,0.000000,0,3.053734,0.000000,0.014983,0,-0.064453,0.000000,-0.013078,3.053734,-0.064453,1,1,1,0.879253,0.000000,0.000000,0.000000,0.000000,0.000000,0.000000,0.000000
2.2401,3.942164,-0.053545,0.104916,0.104720,0.019229,-0.018657,1,3.053734,206,0.040477,-0.114651,3.942164,0.002513,3.056351,0.104916,3.942007,3.045394,0.104916,-0.053545,0.104720,0.012609,-0.317554,-17.639212,-0.010956,0.000000,0.001373,0.001996,0.000197,0.001373,0.040477,-0.114651,-9.809246,0.002211,0.011982,0.104720,-1.720651,0.024059,27.000000,0.013045,3.942007,0.002513,-0.053689,0.104720,-0.011000,0.000000,72,0,1,31,29,0.007582,-0.006894,0.209739,0.236031,0.205997,9.600245,2.991738,0.024059,0.004747,6,1,0,0.000000,0,3.053734,0.000000,0.019229,0,-0.062300,0.000000,-0.018657,3.053734,-0.062300,1,1,1,0.879273,0.000000,0.000000,0.000000,0.000000,0.000000,0.000000,0.000000
2.2501,3.942060,-0.051771,0.006602,0.209440,0.010429,-0.021818,1,3.053734,216,0.040069,-0.117361,3.942060,-0.000419,3.056920,0.006602,3.942007,3.045915,0.006602,-0.051771,0.209440,0.012462,-0.317554,-17.639212,-0.011005,0.000000,0.001836,0.001987,-0.000176,0.001836,0.040069,-0.117361,-9.809216,-0.003351,0.018487,0.209440,-1.718355,0.024198,27.000000,0.013045,3.942007,-0.000419,-0.052155,0.209440,-0.011000,0.000000,77,0,1,31,29,0.016122,-0.006955,0.216145,-0.058774,0.142221,10.106645,2.994034,0.024198,0.004700,6,1,0,0.000000,0,3.053734,0.000000,0.010429,0,-0.060884,0.000000,-0.021818,3.053734,-0.060884,1,1,1,0.879293,0.000000,0.000000,0.000000,0.000000,0.000000,0.000000,0.000000
2.2601,3.941906,-0.049533,-0.012249,0.209440,0.019088,-0.038105,1,3.053734,226,0.039547,-0.117077,3.941906,-0.002513,3.056656,-0.012249,3.941911,3.045628,-0.012249,-0.049533,0.209440,0.012558,-0.317554,-17.639212,-0.011028,0.000000,0.001534,0.001993,-0.000238,0.001534,0.039547,-0.117077,-9.809222,0.000578,-0.009317,0.209440,-1.716403,0.024278,27.000000,0.013045,3.941911,-0.002513,-0.049854,0.209440,-0.011000,0.000000,82,0,1,31,29,-0.007380,0.008191,0.197103,0.264754,0.074030,9.445811,2.995986,0.024278,0.004619,7,1,0,0.000000,0,3.053734,0.000000,0.019088,0,-0.060303,0.000000,-0.038105,3.053734,-0.060303,1,1,1,0.879312,0.000000,0.000000,0.000000,0.000000,0.000000,0.000000,0.000000
2.2701,3.941758,-0.047934,-0.055273,0.209440,0.012505,-0.039425,1,3.053734,236,0.039448,-0.117999,3.941758,-0.002513,3.056958,-0.055273,3.941816,3.045937,-0.055273,-0.047934,0.209440,0.012460,-0.317554,-17.639212,-0.011021,0.002000,0.001842,0.001993,-0.000455,0.001842,0.039448,-0.117999,-9.809211,0.008732,0.012105,0.211440,-1.714495,0.024282,27.000000,0.013045,3.941816,-0.002513,-0.048320,0.209440,-0.011000,0.002000,87,0,1,31,29,0.003303,-0.012609,0.156336,-0.203082,0.503849,10.244171,2.997894,0.024282,0.004594,7,1,0,0.000000,0,3.053734,0.000000,0.012505,0,-0.060195,0.000000,-0.039425,3.053734,-0.060195,1,1,1,0.879332,0.000000,0.000000,0.000000,0.000000,0.000000,0.000000,0.000000
2.2801,3.942185,-0.047553,0.102853,0.000000,0.005635,-0.028677,1,3.053734,246,0.038603,-0.116899,3.942185,0.003560,3.057701,0.102853,3.942007,3.046767,0.102853,-0.047553,0.000000,0.012556,-0.317554,-17.639212,-0.010934,0.000000,0.001539,0.001996,-0.000145,0.001539,0.038603,-0.116899,-9.809228,0.007721,0.011190,0.000000,-1.713282,0.024272,27.000000,0.013045,3.942007,0.003560,-0.047553,0.000000,-0.011000,0.000000,92,0,1,31,29,0.003287,-0.011900,0.103011,0.265900,0.021861,9.799393,2.999107,0.024272,0.004498,7,1,0,0.000000,0,3.053734,0.000000,0.005635,0,-0.060160,0.000000,-0.028677,3.053734,-0.060160,1,1,1,0.879347,0.000000,0.000000,0.000000,0.000000,0.000000,0.000000,0.000000
2.2901,3.942111,-0.046786,0.067115,0.000000,0.013898,-0.030831,1,3.053734,0,0.038080,-0.117882,3.942111,0.001466,3.057735,0.067115,3.942007,3.046770,0.067115,-0.046786,0.000000,0.012464,-0.317554,-17.639212,-0.010966,0.000000,0.001831,0.002004,-0.000321,0.001831,0.038080,-0.117882,-9.809218,-0.007568,-0.005192,0.000000,-1.712510,0.024286,27.000000,0.013045,3.942007,0.001466,-0.046786,0.000000,-0.011000,0.000000,97,0,1,31,29,0.001118,0.009945,0.066997,0.646938,0.282596,9.610852,2.999879,0.024286,0.004441,6,1,0,0.000000,0,3.053734,0.000000,0.013898,0,-0.059861,0.000000,-0.030831,3.053734,-0.059861,1,1,1,0.879365,0.000000,0.000000,0.000000,0.000000,0.000000,0.000000,0.000000
2.3001,3.941731,-0.046786,0.058678,0.000000,0.006392,-0.019943,1,3.053734,10,0.038566,-0.117254,3.941731,-0.003560,3.058362,0.058678,3.941624,3.047398,0.058678,-0.046786,0.000000,0.012515,-0.317554,-17.639212,-0.010965,0.000000,0.001668,0.001995,-0.000145,0.001668,0.038566,-0.117254,-9.809223,-0.002415,-0.017746,0.000000,-1.711883,0.024271,27.000000,0.013045,3.941624,-0.003560,-0.046786,0.000000,-0.011000,0.000000,102,0,1,31,29,-0.011696,0.014296,0.058504,0.113234,0.133341,10.058816,3.000506,0.024271,0.004487,7,1,0,0.000000,0,3.053734,0.000000,0.006392,0,-0.059344,0.000000,-0.019943,3.053734,-0.059344,1,1,1,0.879379,0.000000,0.000000,0.000000,0.000000,0.000000,0.000000,0.000000
2.3101,3.941691,-0.046019,0.047869,0.000000,0.016545,-0.027185,1,3.053734,20,0.039259,-0.115264,3.941691,0.000419,3.058052,0.047869,3.941624,3.047075,0.047869,-0.046019,0.000000,0.012641,-0.317554,-17.639212,-0.010977,0.000000,0.001273,0.002008,-0.000089,0.001273,0.039259,-0.115264,-9.809244,-0.003484,-0.007298,0.000000,-1.711440,0.024194,27.000000,0.013045,3.941624,0.000419,-0.046019,0.000000,-0.011000,0.000000,107,0,1,31,29,-0.003155,0.008051,0.047771,0.322230,0.186566,9.628818,3.000949,0.024194,0.004540,6,1,0,0.000000,0,3.053734,0.000000,0.016545,0,-0.058750,0.000000,-0.027185,3.053734,-0.058750,1,1,1,0.879392,0.000000,0.000000,0.000000,0.000000,0.000000,0.000000,0.000000
2.3201,3.941690,-0.046019,0.025315,0.000000,0.007671,-0.021797,1,3.053734,30,0.040493,-0.117270,3.941690,-0.000419,3.058536,0.025315,3.941624,3.047546,0.025315,-0.046019,0.000000,0.012475,-0.317554,-17.639212,-0.010990,-0.001000,0.001796,0.001992,-0.000394,0.001796,0.040493,-0.117270,-9.809215,-0.006420,0.001503,-0.001000,-1.710973,0.024226,27.000000,0.013045,3.941624,-0.000419,-0.046019,0.000000,-0.011000,-0.001000,112,0,1,31,29,0.005381,0.004114,0.024265,-0.250394,0.360394,10.242700,3.001416,0.024226,0.004675,7,1,0,0.000000,0,3.053734,0.000000,0.007671,0,-0.058444,0.000000,-0.021797,3.053734,-0.058444,1,1,1,0.879407,0.000000,0.000000,0.000000,0.000000,0.000000,0.000000,0.000000
2.3301,3.941848,-0.045252,0.024301,0.000000,0.018711,-0.033738,1,3.053734,40,0.040052,-0.115585,3.941848,0.000419,3.058006,0.024301,3.941816,3.047018,0.024301,-0.045252,0.000000,0.012652,-0.317554,-17.639212,-0.010988,0.000000,0.001238,0.002162,0.000036,0.001238,0.040052,-0.115585,-9.809237,0.004946,-0.011245,0.000000,-1.710732,0.024238,27.000000,0.013045,3.941816,0.000419,-0.045252,0.000000,-0.011000,0.000000,117,0,1,31,29,-0.011696,0.004065,0.024251,0.360813,0.081523,9.618217,3.001657,0.024238,0.004613,7,1,0,0.000000,0,3.053734,0.000000,0.018711,0,-0.058418,0.000000,-0.033738,3.053734,-0.058418,1,1,1,0.879420,0.000000,0.000000,0.000000,0.000000,0.000000,0.000000,0.000000
2.3401,3.941807,-0.045252,-0.007718,0.000000,0.013022,-0.024762,1,3.053734,50,0.039959,-0.117114,3.941807,-0.001466,3.058063,-0.007718,3.941816,3.047052,-0.007718,-0.045252,0.000000,0.012507,-0.317554,-17.639212,-0.011011,0.000000,0.001695,0.001993,-0.000103,0.001695,0.039959,-0.117114,-9.809220,-0.009697,0.007143,0.000000,-1.710698,0.024249,27.000000,0.013045,3.941816,-0.001466,-0.045252,0.000000,-0.011000,0.000000,122,0,1,31,29,0.011777,0.002421,-0.007749,0.054952,0.382156,10.042136,3.001691,0.024249,0.004610,7,1,0,0.000000,0,3.053734,0.000000,0.013022,0,-0.058287,0.000000,-0.024762,3.053734,-0.058287,1,1,1,0.879435,0.000000,0.000000,0.000000,0.000000,0.000000,0.000000,0.000000
2.3501,3.941762,-0.045252,-0.035753,0.000000,0.016747,-0.021353,1,3.053734,60,0.039167,-0.116405,3.941762,0.002513,3.057797,-0.035753,3.941816,3.046770,-0.035753,-0.045252,0.000000,0.012605,-0.317554,-17.639212,-0.011027,0.000000,0.001387,0.001994,0.000268,0.001387,0.039167,-0.116405,-9.809231,0.000774,0.013580,0.000000,-1.710978,0.024278,27.000000,0.013045,3.941816,0.002513,-0.045252,0.000000,-0.011000,0.000000,127,0,1,31,29,0.009648,-0.010038,-0.035629,0.323549,0.227778,10.165175,3.001411,0.024278,0.004527,6,1,0,0.000000,0,3.053734,0.000000,0.016747,0,-0.057894,0.000000,-0.021353,3.053734,-0.057894,1,1,1,0.879449,0.000000,0.000000,0.000000,0.000000,0.000000,0.000000,0.000000
2.3601,3.941957,-0.045252,-0.027513,0.000000,0.018035,-0.021478,1,3.053734,70,0.039951,-0.117736,3.941957,-0.000419,3.057451,-0.027513,3.942007,3.046428,-0.027513,-0.045252,0.000000,0.012513,-0.317554,-17.639212,-0.011023,0.001000,0.001674,0.002001,-0.000029,0.001674,0.039951,-0.117736,-9.809212,-0.011478,-0.017286,0.001000,-1.711323,0.024319,27.000000,0.013045,3.942007,-0.000419,-0.045252,0.000000,-0.011000,0.001000,132,0,1,31,29,-0.005323,0.019722,-0.026762,0.408191,0.168195,9.571266,3.001066,0.024319,0.004613,7,1,0,0.000000,0,3.053734,0.000000,0.018035,0,-0.057577,0.000000,-0.021478,3.053734,-0.057577,1,1,1,0.879466,0.000000,0.000000,0.000000,0.000000,0.000000,0.000000,0.000000
2.3701,3.941981,-0.045252,-0.019093,0.000000,0.017070,-0.024109,1,3.053734,80,0.041507,-0.117175,3.941981,0.001466,3.057238,-0.019093,3.942007,3.046223,-0.019093,-0.045252,0.000000,0.012554,-0.317554,-17.639212,-0.011015,0.001000,0.001545,0.001993,0.000252,0.001545,0.041507,-0.117175,-9.809212,-0.002440,-0.020675,0.001000,-1.711531,0.024295,27.000000,0.013045,3.942007,0.001466,-0.045252,0.000000,-0.011000,0.001000,137,0,1,31,29,-0.013855,0.015311,-0.018286,-0.068102,0.338893,10.443581,3.000858,0.024295,0.004768,6,1,0,0.000000,0,3.053734,0.000000,0.017070,0,-0.057532,0.000000,-0.024109,3.053734,-0.057532,1,1,1,0.879482,0.000000,0.000000,0.000000,0.000000,0.000000,0.000000,0.000000
2.3801,3.941978,-0.045252,-0.029052,0.000000,0.017040,-0.024558,1,3.053734,90,0.042596,-0.117550,3.941978,-0.001466,3.057078,-0.029052,3.942007,3.046055,-0.029052,-0.045252,0.000000,0.012470,-0.317554,-17.639212,-0.011023,0.000000,0.001810,0.002012,-0.000059,0.001810,0.042596,-0.117550,-9.809203,-0.003000,-0.001192,0.000000,-1.711702,0.024244,27.000000,0.013045,3.942007,-0.001466,-0.045252,0.000000,-0.011000,0.000000,142,0,1,31,29,0.001098,0.002674,-0.029088,-0.252150,0.302297,9.524332,3.000687,0.024244,0.004881,6,1,0,0.000000,0,3.053734,0.000000,0.017040,0,-0.057532,0.000000,-0.024558,3.053734,-0.057532,1,1,1,0.879501,0.000000,0.000000,0.000000,0.000000,0.000000,0.000000,0.000000
2.3901,3.941929,-0.046019,-0.067586,0.000000,0.011370,-0.015355,1,3.053734,100,0.042207,-0.116512,3.941929,-0.000419,3.057434,-0.067586,3.942007,3.046387,-0.067586,-0.046019,0.000000,0.012595,-0.317554,-17.639212,-0.011046,0.000000,0.001417,0.001992,0.000105,0.001417,0.042207,-0.116512,-9.809217,-0.003203,0.007176,0.000000,-1.712136,0.024261,27.000000,0.013045,3.942007,-0.000419,-0.046019,0.000000,-0.011000,0.000000,147,0,1,31,29,0.007497,-0.003208,-0.067551,-0.002112,0.399600,10.176261,3.000253,0.024261,0.004846,6,1,0,0.000000,0,3.053734,0.000000,0.011370,0,-0.057532,0.000000,-0.015355,3.053734,-0.057532,1,1,1,0.879518,0.000000,0.000000,0.000000,0.000000,0.000000,0.000000,0.000000
2.4001,3.941931,-0.046019,-0.034619,0.000000,0.021221,-0.023025,1,3.053734,110,0.041190,-0.117438,3.941931,0.001466,3.056876,-0.034619,3.942007,3.045844,-0.034619,-0.046019,0.000000,0.012462,-0.317554,-17.639212,-0.011033,-0.001000,0.001837,0.001992,0.000133,0.001837,0.041190,-0.117438,-9.809211,0.013026,-0.009804,-0.001000,-1.712677,0.024227,27.000000,0.013045,3.942007,0.001466,-0.046019,0.000000,-0.011000,-0.001000,152,0,1,31,29,-0.015974,-0.003701,-0.035576,0.407759,-0.008769,9.186670,2.999712,0.024227,0.004747,7,1,0,0.000000,0,3.053734,0.000000,0.021221,0,-0.057532,0.000000,-0.023025,3.053734,-0.057532,1,1,1,0.879536,0.000000,0.000000,0.000000,0.000000,0.000000,0.000000,0.000000
2.4101,3.941910,-0.046019,-0.016104,0.000000,0.017859,-0.023025,1,3.053734,120,0.041763,-0.116090,3.941910,-0.002513,3.056686,-0.016104,3.941911,3.045670,-0.016104,-0.046019,0.000000,0.012573,-0.317554,-17.639212,-0.011015,0.000000,0.001485,0.001992,0.000028,0.001485,0.041763,-0.116090,-9.809224,-0.006134,-0.006817,0.000000,-1.712851,0.024199,27.000000,0.013045,3.941911,-0.002513,-0.046019,0.000000,-0.011000,0.000000,157,0,1,31,29,-0.001040,0.008908,-0.016217,-0.175696,0.471979,9.727065,2.999538,0.024199,0.004798,6,1,0,0.000000,0,3.053734,0.000000,0.017859,0,-0.057532,0.000000,-0.023025,3.053734,-0.057532,1,1,1,0.879554,0.000000,0.000000,0.000000,0.000000,0.000000,0.000000,0.000000
2.4201,3.941957,-0.046019,-0.005641,0.000000,0.018346,-0.023025,1,3.053734,130,0.042146,-0.116940,3.941957,0.000419,3.056495,-0.005641,3.942007,3.045486,-0.005641,-0.046019,0.000000,0.012461,-0.317554,-17.639212,-0.011009,0.000000,0.001838,0.001991,0.000229,0.001838,0.042146,-0.116940,-9.809212,-0.005212,0.005417,0.000000,-1.713037,0.024172,27.000000,0.013045,3.942007,0.000419,-0.046019,0.000000,-0.011000,0.000000,162,0,1,31,29,0.007511,0.000243,-0.005645,-0.097610,0.191896,9.953993,2.999352,0.024172,0.004842,6,1,0,0.000000,0,3.053734,0.000000,0.018346,0,-0.057532,0.000000,-0.023025,3.053734,-0.057532,1,1,1,0.879574,0.000000,0.000000,0.000000,0.000000,0.000000,0.000000,0.000000
2.4301,3.941880,-0.046019,-0.018236,0.000000,0.018053,-0.023025,1,3.053734,140,0.042220,-0.115995,3.941880,-0.003560,3.056372,-0.018236,3.941911,3.045356,-0.018236,-0.046019,0.000000,0.012602,-0.317554,-17.639212,-0.011016,0.000000,0.001397,0.001992,-0.000243,0.001397,0.042220,-0.115995,-9.809223,-0.006175,-0.006854,0.000000,-1.713167,0.024215,27.000000,0.013045,3.941911,-0.003560,-0.046019,0.000000,-0.011000,0.000000,167,0,1,31,29,-0.001040,0.008936,-0.018350,0.311608,0.078298,9.101349,2.999222,0.024215,0.004845,6,1,0,0.000000,0,3.053734,0.000000,0.018053,0,-0.057532,0.000000,-0.023025,3.053734,-0.057532,1,1,1,0.879593,0.000000,0.000000,0.000000,0.000000,0.000000,0.000000,0.000000
2.4401,3.941999,-0.046786,-0.001337,0.000000,0.008047,-0.014621,1,3.053734,150,0.042281,-0.117040,3.941999,0.001466,3.057088,-0.001337,3.942007,3.046082,-0.001337,-0.046786,0.000000,0.012508,-0.317554,-17.639212,-0.011006,0.000000,0.001691,0.002002,0.000098,0.001691,0.042281,-0.117040,-9.809211,0.003199,-0.007091,-0.000000,-1.713209,0.024224,27.000000,0.013045,3.942007,0.001466,-0.046786,0.000000,-0.011000,0.000000,172,0,1,31,29,-0.007432,0.002280,-0.001366,0.036835,0.189375,10.164603,2.999180,0.024224,0.004865,6,1,0,0.000000,0,3.053734,0.000000,0.008047,0,-0.057599,0.000000,-0.014621,3.053734,-0.057599,1,1,1,0.879613,0.000000,0.000000,0.000000,0.000000,0.000000,0.000000,0.000000
2.4501,3.942037,-0.046019,0.030450,0.000000,0.022991,-0.036409,1,3.053734,160,0.042494,-0.115615,3.942037,-0.000419,3.056429,0.030450,3.942007,3.045441,0.030450,-0.046019,0.000000,0.012595,-0.317554,-17.639212,-0.010987,0.000000,0.001417,0.001992,-0.000026,0.001417,0.042494,-0.115615,-9.809227,0.004536,0.005516,0.000000,-1.713082,0.024169,27.000000,0.013045,3.942007,-0.000419,-0.046019,0.000000,-0.011000,0.000000,177,0,1,31,29,0.001125,-0.006668,0.030537,0.245181,0.188999,9.427814,2.999307,0.024169,0.004871,6,1,0,0.000000,0,3.053734,0.000000,0.022991,0,-0.058064,0.000000,-0.036409,3.053734,-0.058064,1,1,1,0.879633,0.000000,0.000000,0.000000,0.000000,0.000000,0.000000,0.000000
2.4601,3.941916,-0.046786,-0.009020,0.000000,0.005034,-0.028007,1,3.053734,170,0.042612,-0.116839,3.941916,-0.000419,3.057418,-0.009020,3.941911,3.046404,-0.009020,-0.046786,0.000000,0.012472,-0.317554,-17.639212,-0.011014,-0.001000,0.001803,0.001970,-0.000015,0.001803,0.042612,-0.116839,-9.809212,0.006417,-0.001393,-0.001000,-1.712887,0.024166,27.000000,0.013045,3.941911,-0.000419,-0.046786,0.000000,-0.011000,-0.001000,182,0,1,31,29,-0.005293,-0.004011,-0.009971,-0.536399,0.328254,10.510162,2.999502,0.024166,0.004897,7,1,0,0.000000,0,3.053734,0.000000,0.005034,0,-0.059157,0.000000,-0.028007,3.053734,-0.059157,1,1,1,0.879652,0.000000,0.000000,0.000000,0.000000,0.000000,0.000000,0.000000
2.4701,3.941607,-0.046786,-0.008149,0.000000,0.017803,-0.043892,1,3.053734,180,0.041097,-0.115829,3.941607,0.000419,3.057153,-0.008149,3.941624,3.046142,-0.008149,-0.046786,0.000000,0.012503,-0.317554,-17.639212,-0.011011,0.000000,0.001707,0.001956,0.000150,0.001707,0.041097,-0.115829,-9.809230,0.017290,0.002539,0.000000,-1.713145,0.024102,27.000000,0.013045,3.941624,0.000419,-0.046786,0.000000,-0.011000,0.000000,187,0,1,31,29,-0.009551,-0.014736,-0.007966,0.610306,-0.063540,9.760478,2.999244,0.024102,0.004738,6,1,0,0.000000,0,3.053734,0.000000,0.017803,0,-0.060753,0.000000,-0.043892,3.053734,-0.060753,1,1,1,0.879670,0.000000,0.000000,0.000000,0.000000,0.000000,0.000000,0.000000
2.4801,3.941994,-0.046786,-0.014153,0.000000,0.015866,-0.052149,1,3.053734,190,0.041671,-0.116420,3.941994,0.000419,3.057104,-0.014153,3.942007,3.046085,-0.014153,-0.046786,0.000000,0.012447,-0.317554,-17.639212,-0.011019,-0.002000,0.001882,0.001994,-0.000089,0.001882,0.041671,-0.116420,-9.809221,-0.007375,-0.002203,-0.002000,-1.713203,0.024103,27.000000,0.013045,3.942007,0.000419,-0.046786,0.000000,-0.011000,-0.002000,192,0,1,31,29,0.003232,0.006783,-0.016239,-0.145370,0.314054,10.127456,2.999186,0.024103,0.004800,6,1,0,0.000000,0,3.053734,0.000000,0.015866,0,-0.062771,0.000000,-0.052149,3.053734,-0.062771,1,1,1,0.879687,0.000000,0.000000,0.000000,0.000000,0.000000,0.000000,0.000000
2.4901,3.941900,-0.046953,0.045711,-0.104720,0.017896,-0.059351,1,3.053734,200,0.041435,-0.115311,3.941900,0.003560,3.056851,0.045711,3.941816,3.045869,0.045711,-0.046953,-0.104720,0.012538,-0.317554,-17.639212,-0.010983,0.000000,0.001596,0.002016,0.000263,0.001596,0.041435,-0.115311,-9.809235,-0.001794,0.002722,-0.104720,-1.713586,0.024082,27.000000,0.013045,3.941816,0.003560,-0.046786,-0.104720,-0.011000,0.000000,197,0,1,31,29,0.003228,-0.001197,-0.058998,-0.039743,0.236791,10.193743,2.998803,0.024082,0.004772,7,1,0,0.000000,0,3.053734,0.000000,0.017896,0,-0.065220,0.000000,-0.059351,3.053734,-0.065220,1,1,1,0.879704,0.000000,0.000000,0.000000,0.000000,0.000000,0.000000,0.000000
2.5001,3.942201,-0.048453,-0.008762,-0.104720,0.008013,-0.051554,1,3.053734,210,0.040716,-0.114189,3.942201,0.005550,3.057531,-0.008762,3.942199,3.046512,-0.008762,-0.048453,-0.104720,0.012643,-0.317554,-17.639212,-0.011019,0.001000,0.001265,0.002044,-0.000132,0.001265,0.040716,-0.114189,-9.809251,0.006230,0.001240,-0.103720,-1.714440,0.024069,27.000000,0.013045,3.942199,0.005550,-0.048320,-0.104720,-0.011000,0.001000,1,0,1,31,29,-0.003186,-0.006918,-0.112403,0.369215,0.039609,9.139278,2.997949,0.024069,0.004711,7,1,0,0.000000,0,3.053734,0.000000,0.008013,0,-0.067971,0.000000,-0.051554,3.053734,-0.067971,1,1,1,0.879719,0.000000,0.000000,0.000000,0.000000,0.000000,0.000000,0.000000
2.5101,3.942136,-0.050192,0.079162,-0.209440,0.008809,-0.053571,1,3.053734,220,0.040192,-0.115380,3.942136,0.000419,3.057948,0.079162,3.942007,3.046982,0.079162,-0.050192,-0.209440,0.012532,-0.317554,-17.639212,-0.010966,0.001000,0.001614,0.001987,-0.000163,0.001614,0.040192,-0.115380,-9.809239,-0.006346,-0.001308,-0.208440,-1.715710,0.024074,27.000000,0.013045,3.942007,0.000419,-0.049854,-0.209440,-0.011000,0.001000,6,0,1,31,29,0.003202,0.004012,-0.129338,0.428698,0.152635,10.059215,2.996679,0.024074,0.004683,7,1,0,0.000000,0,3.053734,0.000000,0.008809,0,-0.070922,0.000000,-0.053571,3.053734,-0.070922,1,1,1,0.879735,0.000000,0.000000,0.000000,0.000000,0.000000,0.000000,0.000000
2.5201,3.941922,-0.051673,0.082493,-0.209440,0.010061,-0.061974,1,3.053734,230,0.040877,-0.114749,3.941922,-0.003560,3.058227,0.082493,3.941816,3.047269,0.082493,-0.051673,-0.209440,0.012614,-0.317554,-17.639212,-0.010958,0.000000,0.001358,0.001989,-0.000344,0.001358,0.040877,-0.114749,-9.809244,-0.005689,-0.014916,-0.209440,-1.716905,0.024080,27.000000,0.013045,3.941816,-0.003560,-0.051388,-0.209440,-0.011000,0.000000,11,0,1,31,29,-0.007480,0.012501,-0.127114,0.101857,0.160236,9.427431,2.995484,0.024080,0.004767,7,1,0,0.000000,0,3.053734,0.000000,0.010061,0,-0.074112,0.000000,-0.061974,3.053734,-0.074112,1,1,1,0.879749,0.000000,0.000000,0.000000,0.000000,0.000000,0.000000,0.000000
2.5301,3.941603,-0.053249,0.067246,-0.209440,0.010892,-0.067146,1,3.053734,240,0.041332,-0.114552,3.941603,-0.001466,3.058425,0.067246,3.941528,3.047439,0.067246,-0.053249,-0.209440,0.012549,-0.317554,-17.639212,-0.010987,0.000000,0.001562,0.001984,-0.000027,0.001562,0.041332,-0.114552,-9.809244,0.010701,-0.014743,-0.209440,-1.718313,0.023985,27.000000,0.013045,3.941528,-0.001466,-0.052922,-0.209440,-0.011000,0.000000,16,0,1,31,29,-0.018144,-0.000153,-0.142203,-0.011726,0.475148,10.253578,2.994076,0.023985,0.004830,7,1,0,0.000000,0,3.053734,0.000000,0.010892,0,-0.077544,0.000000,-0.067146,3.053734,-0.077544,1,1,1,0.879763,0.000000,0.000000,0.000000,0.000000,0.000000,0.000000,0.000000
2.5401,3.941645,-0.053829,-0.069505,-0.104720,0.024460,-0.084847,1,3.053734,250,0.041640,-0.112687,3.941645,0.002513,3.057512,-0.069505,3.941720,3.046449,-0.069505,-0.053829,-0.104720,0.012620,-0.317554,-17.639212,-0.011063,0.000000,0.001337,0.002036,-0.000098,0.001337,0.041640,-0.112687,-9.809264,0.006046,-0.007483,-0.104720,-1.719882,0.023862,27.000000,0.013045,3.941720,0.002513,-0.053689,-0.104720,-0.011000,0.000000,21,0,1,31,29,-0.009613,-0.001840,-0.174216,0.141494,0.022265,9.761035,2.992507,0.023862,0.004858,7,1,0,0.000000,0,3.053734,0.000000,0.024460,0,-0.081145,0.000000,-0.084847,3.053734,-0.081145,1,1,1,0.879776,0.000000,0.000000,0.000000,0.000000,0.000000,0.000000,0.000000
2.5501,3.941976,-0.056543,0.083204,-0.314159,0.006849,-0.066036,1,3.053734,4,0.041421,-0.113164,3.941976,0.003560,3.058047,0.083204,3.941816,3.047093,0.083204,-0.056543,-0.314159,0.012486,-0.317554,-17.639212,-0.010954,-0.001000,0.001760,0.001999,-0.000113,0.001760,0.041421,-0.113164,-9.809260,0.008368,-0.002660,-0.315159,-1.721952,0.023765,27.000000,0.013045,3.941816,0.003560,-0.055990,-0.314159,-0.011000,-0.001000,26,0,1,31,29,-0.007489,-0.007479,-0.231880,0.045271,0.250876,9.830262,2.990437,0.023765,0.004869,6,1,0,0.000000,0,3.053734,0.000000,0.006849,0,-0.084809,0.000000,-0.066036,3.053734,-0.084809,1,1,1,0.879789,0.000000,0.000000,0.000000,0.000000,0.000000,0.000000,0.000000
2.5601,3.942041,-0.059555,0.032438,-0.314159,0.010000,-0.062364,1,3.053734,14,0.039652,-0.111426,3.942041,0.006597,3.058383,0.032438,3.942007,3.047366,0.032438,-0.059555,-0.314159,0.012542,-0.317554,-17.639212,-0.011016,0.000000,0.001583,0.002002,-0.000029,0.001583,0.039652,-0.111426,-9.809287,0.027251,0.019233,-0.314159,-1.724686,0.023640,27.000000,0.013045,3.942007,0.006597,-0.059058,-0.314159,-0.011000,0.000000,31,0,1,31,29,-0.003204,-0.036732,-0.281283,0.563335,0.177504,10.375377,2.987703,0.023640,0.004712,7,1,0,0.000000,0,3.053734,0.000000,0.010000,0,-0.088308,0.000000,-0.062364,3.053734,-0.088308,1,1,1,0.879802,0.000000,0.000000,0.000000,0.000000,0.000000,0.000000,0.000000
2.5701,3.942266,-0.061769,0.042675,-0.314159,0.018488,-0.067920,1,3.053734,24,0.040037,-0.110611,3.942266,-0.001466,3.057867,0.042675,3.942199,3.046887,0.042675,-0.061769,-0.314159,0.012631,-0.317554,-17.639212,-0.010980,0.000000,0.001305,0.002143,-0.000579,0.001305,0.040037,-0.110611,-9.809295,-0.026048,-0.026628,-0.314159,-1.727380,0.023633,27.000000,0.013045,3.942199,-0.001466,-0.061359,-0.314159,-0.011000,0.000000,36,0,1,31,29,-0.003275,0.033674,-0.271931,0.016225,-0.142965,9.194638,2.985009,0.023633,0.004771,6,1,0,0.000000,0,3.053734,0.000000,0.018488,0,-0.091389,0.000000,-0.067920,3.053734,-0.091389,1,1,1,0.879817,0.000000,0.000000,0.000000,0.000000,0.000000,0.000000,0.000000
2.5801,3.941811,-0.064220,0.047504,-0.314159,0.017514,-0.058439,1,3.053734,34,0.041220,-0.112231,3.941811,-0.003560,3.057560,0.047504,3.941720,3.046569,0.047504,-0.064220,-0.314159,0.012479,-0.317554,-17.639212,-0.010991,0.001000,0.001784,0.001993,-0.000105,0.001784,0.041220,-0.112231,-9.809271,-0.010864,-0.007928,-0.313159,-1.730154,0.023626,27.000000,0.013045,3.941720,-0.003560,-0.063660,-0.314159,-0.011000,0.001000,41,0,1,31,29,0.001020,0.010095,-0.265802,0.094364,0.301675,10.366749,2.982235,0.023626,0.004929,7,1,0,0.000000,0,3.053734,0.000000,0.017514,0,-0.093774,0.000000,-0.058439,3.053734,-0.093774,1,1,1,0.879832,0.000000,0.000000,0.000000,0.000000,0.000000,0.000000,0.000000
2.5901,3.942328,-0.067242,0.011843,-0.314159,0.012084,-0.039936,1,3.053734,44,0.043125,-0.111283,3.942328,0.003560,3.057699,0.011843,3.942295,3.046756,0.011843,-0.067242,-0.314159,0.012525,-0.317554,-17.639212,-0.010943,0.000000,0.001636,0.002007,0.000243,0.001636,0.043125,-0.111283,-9.809274,-0.001348,0.005800,-0.314159,-1.732993,0.023548,27.000000,0.013045,3.942295,0.003560,-0.066728,-0.314159,-0.011000,0.000000,46,0,1,31,29,0.005297,-0.006507,-0.302258,-0.060841,0.151411,9.360243,2.979396,0.023548,0.005150,6,1,0,0.000000,0,3.053734,0.000000,0.012084,0,-0.095198,0.000000,-0.039936,3.053734,-0.095198,1,1,1,0.879846,0.000000,0.000000,0.000000,0.000000,0.000000,0.000000,0.000000
2.6001,3.942199,-0.069339,-0.068658,-0.209440,0.023681,-0.039511,1,3.053734,54,0.043264,-0.111402,3.942199,0.000419,3.057012,-0.068658,3.942295,3.045946,-0.068658,-0.069339,-0.209440,0.012575,-0.317554,-17.639212,-0.011066,0.000000,0.001480,0.002115,-0.000150,0.001480,0.043264,-0.111402,-9.809272,-0.014310,-0.027522,-0.209440,-1.735901,0.023598,27.000000,0.013045,3.942295,0.000419,-0.069029,-0.209440,-0.011000,0.000000,51,0,1,31,29,-0.011807,0.025187,-0.278437,0.274530,0.412021,9.956447,2.976488,0.023598,0.005188,7,1,0,0.000000,0,3.053734,0.000000,0.023681,0,-0.095928,0.000000,-0.039511,3.053734,-0.095928,1,1,1,0.879864,0.000000,0.000000,0.000000,0.000000,0.000000,0.000000,0.000000
2.6101,3.941984,-0.071597,-0.022305,-0.209440,0.016635,-0.031329,1,3.053734,64,0.043991,-0.111075,3.941984,-0.001466,3.056898,-0.022305,3.942007,3.045857,-0.022305,-0.071597,-0.209440,0.012641,-0.317554,-17.639212,-0.011040,0.000000,0.001273,0.001866,-0.000204,0.001273,0.043991,-0.111075,-9.809273,-0.000993,-0.005052,-0.209440,-1.738249,0.023614,27.000000,0.013045,3.942007,-0.001466,-0.071330,-0.209440,-0.011000,0.000000,56,0,1,31,29,-0.003229,0.001081,-0.231777,0.007177,0.297251,9.945548,2.974140,0.023614,0.005284,7,1,0,0.000000,0,3.053734,0.000000,0.016635,0,-0.096365,0.000000,-0.031329,3.053734,-0.096365,1,1,1,0.879880,0.000000,0.000000,0.000000,0.000000,0.000000,0.000000,0.000000
2.6201,3.942253,-0.073229,0.042566,-0.209440,0.020305,-0.036470,1,3.053734,74,0.044718,-0.111174,3.942253,0.004503,3.056459,0.042566,3.942199,3.045478,0.042566,-0.073229,-0.209440,0.012492,-0.317554,-17.639212,-0.010980,-0.001000,0.001741,0.001998,-0.000045,0.001741,0.044718,-0.111174,-9.809268,0.003550,-0.001208,-0.210440,-1.740262,0.023461,27.000000,0.013045,3.942199,0.004503,-0.072864,-0.209440,-0.011000,-0.001000,61,0,1,31,29,-0.003205,-0.004043,-0.167836,0.312808,0.251845,9.763453,2.972127,0.023461,0.005377,6,1,0,0.000000,0,3.053734,0.000000,0.020305,0,-0.096908,0.000000,-0.036470,3.053734,-0.096908,1,1,1,0.880003,0.000000,0.000000,0.000000,0.000000,0.000000,0.000000,0.000000
2.6301,3.942131,-0.073631,-0.128019,0.000000,0.028180,-0.053699,1,3.053734,84,0.045806,-0.109660,3.942131,-0.002513,3.055602,-0.128019,3.942295,3.044506,-0.128019,-0.073631,0.000000,0.012616,-0.317554,-17.639212,-0.011096,-0.001000,0.001350,0.001958,-0.000349,0.001350,0.045806,-0.109660,-9.809280,-0.013195,-0.009662,-0.001000,-1.741639,0.023421,27.000000,0.013045,3.942295,-0.002513,-0.073631,0.000000,-0.011000,-0.001000,66,0,1,31,29,0.001056,0.014691,-0.129215,-0.278781,0.349638,10.338277,2.970750,0.023421,0.005481,7,1,0,0.000000,0,3.053734,0.000000,0.028180,0,-0.097839,0.000000,-0.053699,3.053734,-0.097839,1,1,1,0.880334,0.000000,0.000000,0.000000,0.000000,0.000000,0.000000,0.000000
2.6401,3.942176,-0.074565,-0.018269,-0.104720,0.021665,-0.051730,1,3.053734,94,0.046040,-0.110401,3.942176,0.000419,3.055245,-0.018269,3.942199,3.044238,-0.018269,-0.074565,-0.104720,0.012539,-0.317554,-17.639212,-0.011007,0.000000,0.001593,0.002040,0.000071,0.001593,0.046040,-0.110401,-9.809271,0.001144,-0.003208,-0.104720,-1.742841,0.023412,27.000000,0.013045,3.942199,0.000419,-0.074398,-0.104720,-0.011000,0.000000,71,0,1,31,29,-0.003196,-0.000365,-0.122994,-0.184870,0.103063,9.397959,2.969548,0.023412,0.005520,6,1,0,0.000000,0,3.053734,0.000000,0.021665,0,-0.099049,0.000000,-0.051730,3.053734,-0.099049,1,1,1,0.880417,0.000000,0.000000,0.000000,0.000000,0.000000,0.000000,0.000000
2.6501,3.942669,-0.076222,0.069706,-0.209440,0.014839,-0.046252,1,3.053734,104,0.045189,-0.109304,3.942669,0.003560,3.055544,0.069706,3.942583,3.044584,0.069706,-0.076222,-0.209440,0.012605,-0.317554,-17.639212,-0.010960,0.001000,0.001387,0.001886,0.000135,0.001387,0.045189,-0.109304,-9.809287,0.018886,0.028238,-0.208440,-1.744150,0.023364,27.000000,0.013045,3.942583,0.003560,-0.075932,-0.209440,-0.011000,0.001000,76,0,1,31,29,0.009643,-0.034321,-0.138312,0.075353,0.254091,10.347117,2.968239,0.023364,0.005443,6,1,0,0.000000,0,3.053734,0.000000,0.014839,0,-0.100480,0.000000,-0.046252,3.053734,-0.100480,1,1,1,0.880565,0.000000,0.000000,0.000000,0.000000,0.000000,0.000000,0.000000
2.6601,3.942766,-0.077055,0.073792,-0.209440,0.025606,-0.056334,1,3.053734,114,0.043940,-0.110806,3.942766,-0.000419,3.054926,0.073792,3.942679,3.043976,0.073792,-0.077055,-0.209440,0.012505,-0.317554,-17.639212,-0.010951,0.002000,0.001701,0.002002,-0.000019,0.001701,0.043940,-0.110806,-9.809276,-0.001807,-0.000109,-0.207440,-1.745590,0.023422,27.000000,0.013045,3.942679,-0.000419,-0.076699,-0.209440,-0.011000,0.002000,81,0,1,31,29,0.001070,-0.000211,-0.133655,0.168775,0.141502,9.398575,2.966799,0.023422,0.005337,6,1,0,0.000000,0,3.053734,0.000000,0.025606,0,-0.101964,0.000000,-0.056334,3.053734,-0.101964,1,1,1,0.881094,0.000000,0.000000,0.000000,0.000000,0.000000,0.000000,0.000000
2.6701,3.942416,-0.078391,-0.000900,-0.104720,0.016438,-0.049016,1,3.053734,124,0.043602,-0.110513,3.942416,-0.000419,3.055232,-0.000900,3.942391,3.044232,-0.000900,-0.078391,-0.104720,0.012565,-0.317554,-17.639212,-0.011000,0.000000,0.001510,0.001859,-0.000196,0.001510,0.043602,-0.110513,-9.809281,-0.007033,-0.012755,-0.104720,-1.746669,0.023448,27.000000,0.013045,3.942391,-0.000419,-0.078233,-0.104720,-0.011000,0.000000,86,0,1,31,29,-0.005339,0.012224,-0.105782,0.063666,0.385932,9.735928,2.965720,0.023448,0.005315,6,1,0,0.000000,0,3.053734,0.000000,0.016438,0,-0.103233,0.000000,-0.049016,3.053734,-0.103233,1,1,1,0.881115,0.000000,0.000000,0.000000,0.000000,0.000000,0.000000,0.000000
2.6801,3.942743,-0.079358,0.096710,-0.209440,0.021046,-0.049417,1,3.053734,134,0.043271,-0.110306,3.942743,0.004503,3.055005,0.096710,3.942583,3.044062,0.096710,-0.079358,-0.209440,0.012502,-0.317554,-17.639212,-0.010943,0.000000,0.001710,0.002060,-0.000079,0.001710,0.043271,-0.110306,-9.809284,0.007688,0.016074,-0.209440,-1.747805,0.023361,27.000000,0.013045,3.942583,0.004503,-0.079000,-0.209440,-0.011000,0.000000,91,0,1,31,29,0.007499,-0.017572,-0.112518,0.189426,-0.119489,9.625656,2.964584,0.023361,0.005290,6,1,0,0.000000,0,3.053734,0.000000,0.021046,0,-0.104178,0.000000,-0.049417,3.053734,-0.104178,1,1,1,0.881136,0.000000,0.000000,0.000000,0.000000,0.000000,0.000000,0.000000
2.6901,3.942751,-0.080850,0.114179,-0.209440,0.012637,-0.035209,1,3.053734,144,0.042887,-0.110267,3.942751,-0.000419,3.055520,0.114179,3.942583,3.044621,0.114179,-0.080850,-0.209440,0.012565,-0.317554,-17.639212,-0.010899,0.000000,0.001510,0.002021,-0.000528,0.001510,0.042887,-0.110267,-9.809287,-0.002416,0.002177,-0.209440,-1.748737,0.023416,27.000000,0.013045,3.942583,-0.000419,-0.080534,-0.209440,-0.011000,0.000000,96,0,1,31,29,0.003217,-0.000715,-0.095259,0.149036,0.266621,9.332827,2.963652,0.023416,0.005267,6,1,0,0.000000,0,3.053734,0.000000,0.012637,0,-0.104468,0.000000,-0.035209,3.053734,-0.104468,1,1,1,0.881156,0.000000,0.000000,0.000000,0.000000,0.000000,0.000000,0.000000
2.7001,3.942773,-0.081496,0.055282,-0.104720,0.019560,-0.036586,1,3.053734,154,0.042094,-0.110740,3.942773,0.002513,3.055482,0.055282,3.942679,3.044510,0.055282,-0.081496,-0.104720,0.012454,-0.317554,-17.639212,-0.010972,-0.001000,0.001862,0.001992,0.000119,0.001862,0.042094,-0.110740,-9.809285,0.004989,-0.008300,-0.105720,-1.749492,0.023355,27.000000,0.013045,3.942679,0.002513,-0.081301,-0.104720,-0.011000,-0.001000,101,0,1,31,29,-0.009580,0.000790,-0.050452,0.447841,0.124312,10.030231,2.962897,0.023355,0.005197,6,1,0,0.000000,0,3.053734,0.000000,0.019560,0,-0.104226,0.000000,-0.036586,3.053734,-0.104226,1,1,1,0.881176,0.000000,0.000000,0.000000,0.000000,0.000000,0.000000,0.000000
2.7101,3.942519,-0.081301,0.026751,0.000000,0.020683,-0.041926,1,3.053734,164,0.043107,-0.109573,3.942519,-0.002513,3.055313,0.026751,3.942487,3.044324,0.026751,-0.081301,0.000000,0.012512,-0.317554,-17.639212,-0.010989,0.000000,0.001677,0.001985,-0.000239,0.001677,0.043107,-0.109573,-9.809293,-0.012125,-0.011319,0.000000,-1.749485,0.023288,27.000000,0.013045,3.942487,-0.002513,-0.081301,0.000000,-0.011000,0.000000,106,0,1,31,29,-0.001035,0.016889,0.026542,0.168746,-0.197309,8.954930,2.962904,0.023288,0.005288,6,1,0,0.000000,0,3.053734,0.000000,0.020683,0,-0.103736,0.000000,-0.041926,3.053734,-0.103736,1,1,1,0.881195,0.000000,0.000000,0.000000,0.000000,0.000000,0.000000,0.000000
2.7201,3.942627,-0.081301,0.026339,0.000000,0.015464,-0.037862,1,3.053734,174,0.043065,-0.109884,3.942627,0.001466,3.055593,0.026339,3.942583,3.044603,0.026339,-0.081301,0.000000,0.012478,-0.317554,-17.639212,-0.010989,0.000000,0.001784,0.001993,0.000216,0.001784,0.043065,-0.109884,-9.809290,0.001060,-0.000446,0.000000,-1.749206,0.023286,27.000000,0.013045,3.942583,0.001466,-0.081301,0.000000,-0.011000,0.000000,111,0,1,31,29,-0.001017,-0.000207,0.026343,-0.097045,0.405929,10.434665,2.963183,0.023286,0.005287,6,1,0,0.000000,0,3.053734,0.000000,0.015464,0,-0.103152,0.000000,-0.037862,3.053734,-0.103152,1,1,1,0.881214,0.000000,0.000000,0.000000,0.000000,0.000000,0.000000,0.000000
2.7301,3.942748,-0.081301,0.041015,0.000000,0.014362,-0.038594,1,3.053734,184,0.042813,-0.109079,3.942748,0.001466,3.055909,0.041015,3.942679,3.044928,0.041015,-0.081301,0.000000,0.012576,-0.317554,-17.639212,-0.010980,0.000000,0.001478,0.001993,-0.000080,0.001478,0.042813,-0.109079,-9.809300,0.004157,0.013178,0.000000,-1.748880,0.023304,27.000000,0.013045,3.942679,0.001466,-0.081301,0.000000,-0.011000,0.000000,116,0,1,31,29,0.007537,-0.011065,0.041157,0.064585,0.089983,9.694672,2.963509,0.023304,0.005254,6,1,0,0.000000,0,3.053734,0.000000,0.014362,0,-0.102726,0.000000,-0.038594,3.053734,-0.102726,1,1,1,0.881232,0.000000,0.000000,0.000000,0.000000,0.000000,0.000000,0.000000
2.7401,3.942539,-0.080534,0.045792,0.000000,0.022072,-0.046568,1,3.053734,194,0.042408,-0.108925,3.942539,-0.002513,3.055534,0.045792,3.942487,3.044557,0.045792,-0.080534,0.000000,0.012668,-0.317554,-17.639212,-0.010977,0.000000,0.001188,0.002043,-0.000274,0.001188,0.042408,-0.108925,-9.809304,-0.008154,-0.005279,0.000000,-1.748484,0.023387,27.000000,0.013045,3.942487,-0.002513,-0.080534,0.000000,-0.011000,0.000000,121,0,1,31,29,0.001112,0.010229,0.045666,0.140203,0.131571,9.427168,2.963905,0.023387,0.005204,6,1,0,0.000000,0,3.053734,0.000000,0.022072,0,-0.102269,0.000000,-0.046568,3.053734,-0.102269,1,1,1,0.881250,0.000000,0.000000,0.000000,0.000000,0.000000,0.000000,0.000000
2.7501,3.942539,-0.080534,0.037981,0.000000,0.013554,-0.039847,1,3.053734,204,0.041785,-0.110595,3.942539,-0.000419,3.055933,0.037981,3.942487,3.044957,0.037981,-0.080534,0.000000,0.012544,-0.317554,-17.639212,-0.010976,0.001000,0.001577,0.002009,-0.000071,0.001577,0.041785,-0.110595,-9.809288,0.004894,0.005495,0.001000,-1.748083,0.023439,27.000000,0.013045,3.942487,-0.000419,-0.080534,0.000000,-0.011000,0.001000,126,0,1,31,29,0.001128,-0.006781,0.039069,-0.049914,0.201837,9.925411,2.964306,0.023439,0.005154,7,1,0,0.000000,0,3.053734,0.000000,0.013554,0,-0.101967,0.000000,-0.039847,3.053734,-0.101967,1,1,1,0.881269,0.000000,0.000000,0.000000,0.000000,0.000000,0.000000,0.000000
2.7601,3.942692,-0.079767,0.010363,0.000000,0.024708,-0.051694,1,3.053734,214,0.041707,-0.109070,3.942692,0.001466,3.055358,0.010363,3.942679,3.044361,0.010363,-0.079767,0.000000,0.012673,-0.317554,-17.639212,-0.010997,0.001000,0.001171,0.002000,0.000163,0.001171,0.041707,-0.109070,-9.809305,-0.000312,0.003956,0.001000,-1.747911,0.023417,27.000000,0.013045,3.942679,0.001466,-0.079767,0.000000,-0.011000,0.001000,131,0,1,31,29,0.003249,-0.002133,0.011391,0.311530,0.342262,9.410255,2.964478,0.023417,0.005125,6,1,0,0.000000,0,3.053734,0.000000,0.024708,0,-0.101936,0.000000,-0.051694,3.053734,-0.101936,1,1,1,0.881286,0.000000,0.000000,0.000000,0.000000,0.000000,0.000000,0.000000
2.7701,3.942500,-0.080534,0.007350,0.000000,0.007357,-0.034450,1,3.053734,224,0.042198,-0.110429,3.942500,0.000419,3.056310,0.007350,3.942487,3.045310,0.007350,-0.080534,0.000000,0.012564,-0.317554,-17.639212,-0.011000,0.000000,0.001513,0.001970,-0.000048,0.001513,0.042198,-0.110429,-9.809288,-0.003181,-0.009492,0.000000,-1.747731,0.023439,27.000000,0.013045,3.942487,0.000419,-0.080534,0.000000,-0.011000,0.000000,136,0,1,31,29,-0.005302,0.008584,0.007242,-0.212162,0.303985,10.165592,2.964658,0.023439,0.005195,7,1,0,0.000000,0,3.053734,0.000000,0.007357,0,-0.101879,0.000000,-0.034450,3.053734,-0.101879,1,1,1,0.881306,0.000000,0.000000,0.000000,0.000000,0.000000,0.000000,0.000000
2.7801,3.942672,-0.079767,0.006651,0.000000,0.027246,-0.046805,1,3.053734,234,0.042085,-0.109216,3.942672,0.004503,3.055448,0.006651,3.942679,3.044443,0.006651,-0.079767,0.000000,0.012608,-0.317554,-17.639212,-0.011005,-0.002000,0.001375,0.002017,0.000219,0.001375,0.042085,-0.109216,-9.809302,0.012166,0.008733,-0.002000,-1.747829,0.023364,27.000000,0.013045,3.942679,0.004503,-0.079767,0.000000,-0.011000,-0.002000,141,0,1,31,29,-0.001008,-0.014882,0.004839,0.418592,-0.052078,9.597771,2.964560,0.023364,0.005165,7,1,0,0.000000,0,3.053734,0.000000,0.027246,0,-0.101455,0.000000,-0.046805,3.053734,-0.101455,1,1,1,0.881324,0.000000,0.000000,0.000000,0.000000,0.000000,0.000000,0.000000
2.7901,3.942620,-0.079767,0.010426,0.000000,0.016727,-0.031995,1,3.053734,244,0.042576,-0.109843,3.942620,-0.004503,3.055599,0.010426,3.942583,3.044598,0.010426,-0.079767,0.000000,0.012504,-0.317554,-17.639212,-0.011001,-0.001000,0.001704,0.001981,-0.000330,0.001704,0.042576,-0.109843,-9.809293,0.001240,-0.011382,-0.001000,-1.747676,0.023320,27.000000,0.013045,3.942583,-0.004503,-0.079767,0.000000,-0.011000,-0.001000,146,0,1,31,29,-0.009568,0.006406,0.009347,-0.211810,0.293009,10.280330,2.964713,0.023320,0.005220,6,1,0,0.000000,0,3.053734,0.000000,0.016727,0,-0.100506,0.000000,-0.031995,3.053734,-0.100506,1,1,1,0.881344,0.000000,0.000000,0.000000,0.000000,0.000000,0.000000,0.000000
2.8001,3.942511,-0.079767,0.021863,0.000000,0.017010,-0.021912,1,3.053734,254,0.041246,-0.108105,3.942511,0.001466,3.055693,0.021863,3.942487,3.044703,0.021863,-0.079767,0.000000,0.012603,-0.317554,-17.639212,-0.010990,0.000000,0.001392,0.001982,0.000268,0.001392,0.041246,-0.108105,-9.809318,0.010291,0.001650,0.000000,-1.747567,0.023253,27.000000,0.013045,3.942487,0.001466,-0.079767,0.000000,-0.011000,0.000000,151,0,1,31,29,-0.005279,-0.008710,0.021974,0.476631,0.010880,9.923835,2.964822,0.023253,0.005071,7,1,0,0.000000,0,3.053734,0.000000,0.017010,0,-0.098876,0.000000,-0.021912,3.053734,-0.098876,1,1,1,0.881361,0.000000,0.000000,0.000000,0.000000,0.000000,0.000000,0.000000
2.8101,3.943328,-0.079000,0.040688,0.000000,0.022683,-0.020104,1,3.053734,8,0.042522,-0.109319,3.943328,0.006597,3.055296,0.040688,3.943254,3.044318,0.040688,-0.079000,0.000000,0.012527,-0.317554,-17.639212,-0.010978,0.001000,0.001632,0.001999,-0.000180,0.001632,0.042522,-0.109319,-9.809299,-0.018632,-0.002877,0.001000,-1.747188,0.023294,27.000000,0.013045,3.943254,0.006597,-0.079000,0.000000,-0.011000,0.001000,156,0,1,31,29,0.009642,0.016721,0.041482,0.140833,0.251163,9.811186,2.965201,0.023294,0.005202,6,1,0,0.000000,0,3.053734,0.000000,0.022683,0,-0.096599,0.000000,-0.020104,3.053734,-0.096599,1,1,1,0.881422,0.000000,0.000000,0.000000,0.000000,0.000000,0.000000,0.000000
2.8201,3.942846,-0.078088,-0.028861,0.104720,0.020685,-0.010972,1,3.053734,18,0.042914,-0.109905,3.942846,-0.002513,3.055185,-0.028861,3.942870,3.044164,-0.028861,-0.078088,0.104720,0.012605,-0.317554,-17.639212,-0.011021,0.000000,0.001384,0.002024,-0.000079,0.001384,0.042914,-0.109905,-9.809290,-0.018229,-0.005333,0.104720,-1.746432,0.023433,27.000000,0.013045,3.942870,-0.002513,-0.078233,0.104720,-0.011000,0.000000,161,0,1,31,29,0.007516,0.018398,0.075633,-0.028777,0.305869,10.797379,2.965957,0.023433,0.005237,6,1,0,0.000000,0,3.053734,0.000000,0.020685,0,-0.093668,0.000000,-0.010972,3.053734,-0.093668,1,1,1,0.881443,0.000000,0.000000,0.000000,0.000000,0.000000,0.000000,0.000000
2.8301,3.943459,-0.076699,0.123339,0.000000,0.022869,-0.005842,1,3.053734,28,0.043575,-0.111545,3.943459,0.005550,3.054782,0.123339,3.943254,3.043853,0.123339,-0.076699,0.000000,0.012463,-0.317554,-17.639212,-0.010929,0.001000,0.001833,0.002001,-0.000033,0.001833,0.043575,-0.111545,-9.809269,-0.000562,0.012122,0.001000,-1.745355,0.023460,27.000000,0.013045,3.943254,0.005550,-0.076699,0.000000,-0.011000,0.001000,166,0,1,31,29,0.009690,-0.005754,0.124421,0.206923,0.358501,9.640041,2.967034,0.023460,0.005302,6,1,0,0.000000,0,3.053734,0.000000,0.022869,0,-0.090169,0.000000,-0.005842,3.053734,-0.090169,1,1,1,0.881697,0.000000,0.000000,0.000000,0.000000,0.000000,0.000000,0.000000
2.8401,3.943121,-0.075787,0.040358,0.104720,0.013942,0.008685,1,3.053734,38,0.044453,-0.110720,3.943121,-0.001466,3.055319,0.040358,3.943062,3.044338,0.040358,-0.075787,0.104720,0.012606,-0.317554,-17.639212,-0.010981,0.001000,0.001382,0.001992,-0.000306,0.001382,0.044453,-0.110720,-9.809274,-0.013275,0.001552,0.105720,-1.743961,0.023517,27.000000,0.013045,3.943062,-0.001466,-0.075932,0.104720,-0.011000,0.001000,171,0,1,31,29,0.009679,0.011058,0.145950,-0.384335,0.323017,10.165672,2.968428,0.023517,0.005374,6,1,0,0.000000,0,3.053734,0.000000,0.013942,0,-0.086289,0.000000,0.008685,3.053734,-0.086289,1,1,1,0.881717,0.000000,0.000000,0.000000,0.000000,0.000000,0.000000,0.000000
2.8501,3.943060,-0.073251,-0.022749,0.209440,0.028556,-0.002536,1,3.053734,48,0.044430,-0.113189,3.943060,0.000419,3.054528,-0.022749,3.943062,3.043524,-0.022749,-0.073251,0.209440,0.012469,-0.317554,-17.639212,-0.011003,0.000000,0.001813,0.001978,-0.000167,0.001813,0.044430,-0.113189,-9.809246,-0.011657,-0.005462,0.209440,-1.742239,0.023645,27.000000,0.013045,3.943062,0.000419,-0.073631,0.209440,-0.011000,0.000000,176,0,1,31,29,0.003283,0.014775,0.186521,0.387696,0.164868,9.063986,2.970150,0.023645,0.005363,7,1,0,0.000000,0,3.053734,0.000000,0.028556,0,-0.082214,0.000000,-0.002536,3.053734,-0.082214,1,1,1,0.881739,0.000000,0.000000,0.000000,0.000000,0.000000,0.000000,0.000000
2.8601,3.943243,-0.071172,0.135079,0.104720,0.020352,0.006606,1,3.053734,58,0.045589,-0.112820,3.943243,-0.001466,3.054434,0.135079,3.943062,3.043530,0.135079,-0.071172,0.104720,0.012568,-0.317554,-17.639212,-0.010904,0.000000,0.001503,0.001986,-0.000025,0.001503,0.045589,-0.112820,-9.809245,-0.005422,0.002557,0.104720,-1.740157,0.023709,27.000000,0.013045,3.943062,-0.001466,-0.071330,0.104720,-0.011000,0.000000,181,0,1,31,29,0.005443,0.005524,0.239749,-0.461655,0.449048,10.023332,2.972232,0.023709,0.005455,7,1,0,0.000000,0,3.053734,0.000000,0.020352,0,-0.078091,0.000000,0.006606,3.053734,-0.078091,1,1,1,0.881974,0.000000,0.000000,0.000000,0.000000,0.000000,0.000000,0.000000
2.8701,3.942937,-0.068643,0.038729,0.209440,0.022020,0.003740,1,3.053734,68,0.045234,-0.113272,3.942937,0.002513,3.054359,0.038729,3.942870,3.043396,0.038729,-0.068643,0.209440,0.012459,-0.317554,-17.639212,-0.010963,0.000000,0.001845,0.001996,0.000351,0.001845,0.045234,-0.113272,-9.809242,0.003755,0.001923,0.209440,-1.737760,0.023662,27.000000,0.013045,3.942870,0.002513,-0.069029,0.209440,-0.011000,0.000000,186,0,1,31,29,-0.000951,-0.001018,0.248201,0.140726,0.101000,9.579988,2.974629,0.023662,0.005394,7,1,0,0.000000,0,3.053734,0.000000,0.022020,0,-0.074096,0.000000,0.003740,3.053734,-0.074096,1,1,1,0.881996,0.000000,0.000000,0.000000,0.000000,0.000000,0.000000,0.000000
2.8801,3.943244,-0.065602,0.053868,0.209440,0.027373,-0.001155,1,3.053734,78,0.045766,-0.113561,3.943244,0.004503,3.053822,0.053868,3.943158,3.042838,0.053868,-0.065602,0.209440,0.012500,-0.317554,-17.639212,-0.010985,0.000000,0.001716,0.001988,-0.000174,0.001716,0.045766,-0.113561,-9.809236,-0.006619,0.001529,0.209440,-1.735278,0.023746,27.000000,0.013045,3.943158,0.004503,-0.065961,0.209440,-0.011000,0.000000,191,0,1,31,29,0.005448,0.007349,0.263236,0.045461,0.052314,9.646429,2.977111,0.023746,0.005416,6,1,0,0.000000,0,3.053734,0.000000,0.027373,0,-0.070243,0.000000,-0.001155,3.053734,-0.070243,1,1,1,0.882207,0.000000,0.000000,0.000000,0.000000,0.000000,0.000000,0.000000
2.8901,3.943285,-0.063338,0.086747,0.209440,0.016014,0.007166,1,3.053734,88,0.045182,-0.114050,3.943285,0.000419,3.054308,0.086747,3.943158,3.043319,0.086747,-0.063338,0.209440,0.012556,-0.317554,-17.639212,-0.010989,-0.001000,0.001539,0.002012,-0.000179,0.001539,0.045182,-0.114050,-9.809233,0.001429,-0.000019,0.208440,-1.732531,0.023867,27.000000,0.013045,3.943158,0.000419,-0.063660,0.209440,-0.011000,-0.001000,196,0,1,31,29,-0.000942,0.002632,0.295177,-0.038934,0.365002,10.654411,2.979858,0.023867,0.005334,6,1,0,0.000000,0,3.053734,0.000000,0.016014,0,-0.066608,0.000000,0.007166,3.053734,-0.066608,1,1,1,0.882229,0.000000,0.000000,0.000000,0.000000,0.000000,0.000000,0.000000
2.9001,3.943559,-0.060988,0.128404,0.209440,0.010707,0.004776,1,3.053734,98,0.044870,-0.114694,3.943559,0.005550,3.055095,0.128404,3.943350,3.044163,0.128404,-0.060988,0.209440,0.012483,-0.317554,-17.639212,-0.010932,0.000000,0.001770,0.001982,-0.000110,0.001770,0.044870,-0.114694,-9.809227,-0.003331,0.007166,0.209440,-1.729337,0.023874,27.000000,0.013045,3.943350,0.005550,-0.061359,0.209440,-0.011000,0.000000,0,0,1,31,29,0.007610,0.002089,0.337844,0.368722,0.484308,9.526566,2.983052,0.023874,0.005280,6,1,0,0.000000,0,3.053734,0.000000,0.010707,0,-0.063316,0.000000,0.004776,3.053734,-0.063316,1,1,1,0.882251,0.000000,0.000000,0.000000,0.000000,0.000000,0.000000,0.000000
2.9101,3.943520,-0.056971,0.043084,0.314159,0.026144,-0.017969,1,3.053734,108,0.045635,-0.115293,3.943520,-0.000419,3.054576,0.043084,3.943446,3.043580,0.043084,-0.056971,0.314159,0.012486,-0.317554,-17.639212,-0.010996,0.000000,0.001759,0.002002,-0.000093,0.001759,0.045635,-0.115293,-9.809216,-0.010852,0.003503,0.314159,-1.725905,0.023955,27.000000,0.013045,3.943446,-0.000419,-0.057524,0.314159,-0.011000,0.000000,5,0,1,31,29,0.009742,0.010388,0.357142,-0.250506,0.407968,10.262318,2.986484,0.023955,0.005315,7,1,0,0.000000,0,3.053734,0.000000,0.026144,0,-0.060408,0.000000,-0.017969,3.053734,-0.060408,1,1,1,0.882273,0.000000,0.000000,0.000000,0.000000,0.000000,0.000000,0.000000
2.9201,3.942950,-0.053963,0.031170,0.314159,0.014268,-0.009650,1,3.053734,118,0.045274,-0.115272,3.942950,-0.006597,3.055043,0.031170,3.942870,3.044083,0.031170,-0.053963,0.314159,0.012547,-0.317554,-17.639212,-0.010960,-0.001000,0.001570,0.001970,-0.000317,0.001570,0.045274,-0.115272,-9.809218,0.004771,-0.008400,0.313159,-1.722392,0.024031,27.000000,0.013045,3.942870,-0.006597,-0.054456,0.314159,-0.011000,-0.001000,10,0,1,31,29,-0.009469,0.006229,0.344278,-0.166402,0.171893,9.245535,2.989997,0.024031,0.005244,7,1,0,0.000000,0,3.053734,0.000000,0.014268,0,-0.057631,0.000000,-0.009650,3.053734,-0.057631,1,1,1,0.882293,0.000000,0.000000,0.000000,0.000000,0.000000,0.000000,0.000000
2.9301,3.943305,-0.050918,0.026221,0.314159,0.016771,-0.009001,1,3.053734,128,0.043540,-0.113997,3.943305,0.006597,3.055251,0.026221,3.943254,3.044294,0.026221,-0.050918,0.314159,0.012570,-0.317554,-17.639212,-0.010957,0.001000,0.001496,0.001969,-0.000040,0.001496,0.043540,-0.113997,-9.809241,0.022020,0.023722,0.315159,-1.719131,0.023950,27.000000,0.013045,3.943254,0.006597,-0.051388,0.314159,-0.011000,0.001000,15,0,1,31,29,0.003374,-0.027897,0.341758,0.637803,0.506658,10.053337,2.993258,0.023950,0.005025,7,1,0,0.000000,0,3.053734,0.000000,0.016771,0,-0.054725,0.000000,-0.009001,3.053734,-0.054725,1,1,1,0.882311,0.000000,0.000000,0.000000,0.000000,0.000000,0.000000,0.000000
2.9401,3.943702,-0.048034,0.126421,0.209440,0.013958,-0.005217,1,3.053734,138,0.043959,-0.113304,3.943702,0.002513,3.055634,0.126421,3.943541,3.044704,0.126421,-0.048034,0.209440,0.012612,-0.317554,-17.639212,-0.010930,0.000000,0.001365,0.002032,-0.000337,0.001365,0.043959,-0.113304,-9.809247,-0.004003,-0.001920,0.209440,-1.715837,0.023933,27.000000,0.013045,3.943541,0.002513,-0.048320,0.209440,-0.011000,0.000000,20,0,1,31,29,0.001199,0.008510,0.335780,-0.231649,0.333839,10.070177,2.996552,0.023933,0.005032,7,1,0,0.000000,0,3.053734,0.000000,0.013958,0,-0.051641,0.000000,-0.005217,3.053734,-0.051641,1,1,1,0.882330,0.000000,0.000000,0.000000,0.000000,0.000000,0.000000,0.000000
2.9501,3.943325,-0.044679,0.043539,0.314159,0.016023,-0.008162,1,3.053734,148,0.044377,-0.114768,3.943325,-0.001466,3.055870,0.043539,3.943254,3.044874,0.043539,-0.044679,0.314159,0.012466,-0.317554,-17.639212,-0.010996,0.000000,0.001824,0.002022,-0.000096,0.001824,0.044377,-0.114768,-9.809228,-0.018191,-0.017368,0.314159,-1.712313,0.023951,27.000000,0.013045,3.943254,-0.001466,-0.045252,0.314159,-0.011000,0.000000,25,0,1,31,29,-0.000952,0.029590,0.357357,0.418090,0.100795,9.608876,3.000076,0.023951,0.005043,7,1,0,0.000000,0,3.053734,0.000000,0.016023,0,-0.048365,0.000000,-0.008162,3.053734,-0.048365,1,1,1,0.882349,0.000000,0.000000,0.000000,0.000000,0.000000,0.000000,0.000000
2.9601,3.943436,-0.041059,0.123209,0.209440,0.020963,-0.011953,1,3.053734,158,0.045899,-0.114473,3.943436,-0.001466,3.055518,0.123209,3.943254,3.044604,0.123209,-0.041059,0.209440,0.012502,-0.317554,-17.639212,-0.010914,-0.001000,0.001709,0.002053,-0.000066,0.001709,0.045899,-0.114473,-9.809225,-0.007116,-0.001881,0.208440,-1.708966,0.023969,27.000000,0.013045,3.943254,-0.001466,-0.041417,0.209440,-0.011000,-0.001000,30,0,1,31,29,0.003330,0.010710,0.331541,0.027253,0.180044,10.145362,3.003423,0.023969,0.005155,7,1,0,0.000000,0,3.053734,0.000000,0.020963,0,-0.045127,0.000000,-0.011953,3.053734,-0.045127,1,1,1,0.882367,0.000000,0.000000,0.000000,0.000000,0.000000,0.000000,0.000000
2.9701,3.943496,-0.038056,0.107334,0.209440,0.015676,-0.008080,1,3.053734,168,0.047526,-0.113430,3.943496,0.000419,3.055731,0.107334,3.943350,3.044819,0.107334,-0.038056,0.209440,0.012600,-0.317554,-17.639212,-0.010911,0.000000,0.001402,0.001989,-0.000034,0.001402,0.047526,-0.113430,-9.809229,-0.008960,-0.003569,0.209440,-1.705750,0.023970,27.000000,0.013045,3.943350,0.000419,-0.038349,0.209440,-0.011000,0.000000,35,0,1,31,29,0.003323,0.013045,0.316634,-0.164310,-0.025709,9.760354,3.006639,0.023970,0.005283,7,1,0,0.000000,0,3.053734,0.000000,0.015676,0,-0.042119,0.000000,-0.008080,3.053734,-0.042119,1,1,1,0.882385,0.000000,0.000000,0.000000,0.000000,0.000000,0.000000,0.000000
2.9801,3.943507,-0.035669,-0.030660,0.314159,0.011863,-0.005980,1,3.053734,178,0.047328,-0.113544,3.943507,0.001466,3.056317,-0.030660,3.943541,3.045316,-0.030660,-0.035669,0.314159,0.012661,-0.317554,-17.639212,-0.011001,-0.001000,0.001208,0.002000,0.000144,0.001208,0.047328,-0.113544,-9.809229,-0.004831,0.000116,0.313159,-1.702866,0.024056,27.000000,0.013045,3.943541,0.001466,-0.036048,0.314159,-0.011000,-0.001000,40,0,1,31,29,0.003319,0.007088,0.282432,0.379586,0.167826,9.599955,3.009523,0.024056,0.005236,7,1,0,0.000000,0,3.053734,0.000000,0.011863,0,-0.039553,0.000000,-0.005980,3.053734,-0.039553,1,1,1,0.882402,0.000000,0.000000,0.000000,0.000000,0.000000,0.000000,0.000000
2.9901,3.943543,-0.032622,0.056732,0.209440,0.018938,-0.021713,1,3.053734,188,0.046814,-0.115753,3.943543,-0.001466,3.056094,0.056732,3.943446,3.045141,0.056732,-0.032622,0.209440,0.012501,-0.317554,-17.639212,-0.010953,-0.001000,0.001713,0.002112,-0.000230,0.001713,0.046814,-0.115753,-9.809205,0.009911,-0.000935,0.208440,-1.699992,0.024139,27.000000,0.013045,3.943446,-0.001466,-0.032980,0.209440,-0.011000,-0.001000,45,0,1,31,29,-0.007348,-0.003401,0.265235,0.350827,0.045744,9.416872,3.012397,0.024139,0.005156,7,1,0,0.000000,0,3.053734,0.000000,0.018938,0,-0.037668,0.000000,-0.021713,3.053734,-0.037668,1,1,1,0.882419,0.000000,0.000000,0.000000,0.000000,0.000000,0.000000,0.000000
