t,theta_big,theta_small,dtheta_big,dtheta_small,tau_big,tau_small,axis,held_target,mcu2_seq,gravity_ax,gravity_ay,theta_big_motor,dtheta_big_motor,theta_big_platform,dtheta_big_platform,theta_big_motor_meas,platform_azimuth,platform_rate,small_joint_angle_est,small_joint_rate_est,pitch_joint_angle,pitch_joint_rate,pitch_acc,chassis_azimuth,chassis_yaw_rate,big_enc_age,big_sample_interval,big_enc_innovation,chassis_imu_age,gravity_a_x,gravity_a_y,gravity_a_z,base_omega_x,base_omega_y,base_omega_z,los_azimuth,los_elevation,mcu_bullet_velocity,mcu_pitch_angle,mcu_yaw_big_angle,mcu_yaw_big_omega,mcu_yaw_small_angle,mcu_yaw_small_omega,mcu_chassis_imu_yaw,mcu_chassis_imu_omega,mcu_mark,mcu_color,mcu_auto_aim_switch,mcu_temp_big,mcu_temp_small,imu_gx,imu_gy,imu_gz,imu_ax,imu_ay,imu_az,imu_euler_yaw,imu_euler_pitch,imu_euler_roll,imu_dt_one_tenth_ms,tx_auto_aim_enable,tx_fire,tx_pitch_target_angle,tx_yaw_big_mode,tx_yaw_big_target_angle,tx_yaw_big_target_velocity,tx_yaw_big_torque,tx_yaw_small_mode,tx_yaw_small_target_angle,tx_yaw_small_target_velocity,tx_yaw_small_torque,target_big,target_small,est_valid,mcu_valid,imu_valid,backlash_center,backlash_beta_true,theta_true_motor,theta_true_platform,theta_true_small,dtheta_true_motor,dtheta_true_platform,dtheta_true_small
0.0001,20.679252,0.004602,0.007095,0.000000,0.047151,0.000000,0,-0.163020,79,0.377511,0.089891,20.679252,0.000419,14.447262,0.007095,20.679238,14.584790,0.007095,0.004602,0.000000,0.012273,-0.543270,-52.419179,0.137528,0.000000,0.001421,0.001836,0.000004,0.001421,0.377511,0.089891,-9.802321,-0.001849,0.001536,0.000000,-2.689491,0.003278,27.000000,0.013045,20.679238,0.000419,0.004602,0.000000,0.137000,0.000000,54,0,1,34,35,-0.001021,-0.002088,0.007122,-0.258654,-0.069075,10.171385,2.022898,0.003278,0.038534,7,1,0,0.000000,0,14.588719,0.000000,0.047151,0,0.004602,0.000000,0.000000,14.588719,0.004602,1,1,1,6.212877,0.000000,0.000000,0.000000,0.000000,0.000000,0.000000,0.000000
0.0101,20.679148,0.004602,0.007351,0.000000,0.005868,-0.000802,0,-0.163020,89,0.377612,0.090312,20.679148,0.000419,14.447293,0.007351,20.679143,14.584822,0.007351,0.004602,0.000000,0.012281,-0.543270,-52.419179,0.137529,0.000000,0.001406,0.001964,-0.000195,0.001406,0.377612,0.090312,-9.802314,0.008493,-0.001140,0.000000,-2.689457,0.003243,27.000000,0.013045,20.679143,0.000419,0.004602,0.000000,0.137000,0.000000,59,0,1,34,35,-0.001032,0.008596,0.007246,0.064235,0.251593,9.772860,2.022932,0.003243,0.038544,6,1,0,0.000000,0,14.588586,0.000000,0.005868,0,0.004535,0.000000,-0.000802,14.588586,0.004535,1,1,1,6.212938,0.000000,0.000000,0.000000,0.000000,0.000000,0.000000,0.000000
0.0201,20.680410,0.005369,0.002037,0.000000,0.003570,-0.014945,0,-0.163020,99,0.378107,0.090823,20.680410,0.015813,14.446687,0.002037,20.680389,14.584217,0.002037,0.005369,0.000000,0.012327,-0.543270,-52.419179,0.137531,0.001000,0.001321,0.001861,0.000534,0.001321,0.378107,0.090823,-9.802290,0.005998,-0.002701,0.001000,-2.689296,0.003267,27.000000,0.013045,20.680389,0.015813,0.005369,0.000000,0.137000,0.001000,64,0,1,34,35,0.001103,0.006522,0.002957,-0.413174,0.088312,9.809190,2.023093,0.003267,0.038602,6,1,0,0.000000,0,14.587651,0.000000,0.003570,0,0.004068,0.000000,-0.014945,14.587651,0.004068,1,1,1,6.213622,0.000000,0.000000,0.000000,0.000000,0.000000,0.000000,0.000000
0.0301,20.681728,0.004602,0.001887,0.000000,-0.033089,-0.008610,0,-0.163020,109,0.378910,0.089801,20.681728,0.009634,14.447487,0.001887,20.681733,14.585012,0.001887,0.004602,0.000000,0.012237,-0.543270,-52.419179,0.137525,-0.001000,0.001486,0.001821,-0.000092,0.001486,0.378910,0.089801,-9.802268,0.010871,0.015868,-0.001000,-2.689268,0.003252,27.000000,0.013045,20.681733,0.009634,0.004602,0.000000,0.137000,-0.001000,69,0,1,34,35,-0.018109,0.006495,0.000808,-0.317301,-0.016347,9.769918,2.023121,0.003252,0.038676,7,1,0,0.000000,0,14.585116,0.000000,-0.033089,0,0.002800,0.000000,-0.008610,14.585116,0.002800,1,1,1,6.214044,0.000000,0.000000,0.000000,0.000000,0.000000,0.000000,0.000000
0.0401,20.679511,0.004602,0.015078,0.000000,-0.058527,-0.033208,0,-0.163020,119,0.376921,0.089299,20.679511,-0.018850,14.447441,0.015078,20.679526,14.584972,0.015078,0.004602,0.000000,0.012214,-0.543270,-52.419179,0.137531,0.000000,0.001529,0.001860,-0.000457,0.001529,0.376921,0.089299,-9.802350,-0.028531,-0.006989,0.000000,-2.689308,0.003279,27.000000,0.013045,20.679526,-0.018850,0.004602,0.000000,0.137000,0.000000,74,0,1,34,35,0.013948,-0.025665,0.015393,0.266174,0.350167,10.319496,2.023081,0.003279,0.038473,7,1,0,0.000000,0,14.580182,0.000000,-0.058527,0,0.000333,0.000000,-0.033208,14.580182,0.000333,1,1,1,6.214105,0.000000,0.000000,0.000000,0.000000,0.000000,0.000000,0.000000
0.0501,20.677434,0.003835,-0.014031,0.000000,-0.112096,-0.046603,0,-0.163020,129,0.376095,0.091600,20.677434,-0.023981,14.448267,-0.014031,20.677417,14.585784,-0.014031,0.003835,0.000000,0.012466,-0.543270,-52.419179,0.137517,0.000000,0.001066,0.001830,-0.000766,0.001066,0.376095,0.091600,-9.802360,0.009073,0.007542,0.000000,-2.689264,0.003266,27.000000,0.013045,20.677417,-0.023981,0.003835,0.000000,0.137000,0.000000,79,0,1,34,35,-0.009575,0.006718,-0.014116,-0.422558,-0.091368,9.644681,2.023125,0.003266,0.038383,7,1,0,0.000000,0,14.572450,0.000000,-0.112096,0,-0.003606,0.000000,-0.046603,14.572450,-0.003606,1,1,1,6.214156,0.000000,0.000000,0.000000,0.000000,0.000000,0.000000,0.000000
0.0601,20.669408,0.003835,-0.067247,0.000000,-0.141430,-0.080150,0,-0.163020,139,0.374868,0.092749,20.669408,-0.089431,14.447953,-0.067247,20.669459,14.585441,-0.067247,0.003835,0.000000,0.012517,-0.543270,-52.419179,0.137487,0.000000,0.000971,0.002003,-0.002593,0.000971,0.374868,0.092749,-9.802396,0.016547,0.014553,0.000000,-2.689604,0.003200,27.000000,0.013045,20.669459,-0.089431,0.003835,0.000000,0.137000,0.000000,84,0,1,34,35,-0.018134,0.011677,-0.067399,0.398478,0.310088,9.697101,2.022785,0.003200,0.038258,6,1,0,0.000000,0,14.562543,0.000000,-0.141430,0,-0.009045,0.000000,-0.080150,14.562543,-0.009045,1,1,1,6.214194,0.000000,0.000000,0.000000,0.000000,0.000000,0.000000,0.000000
0.0701,20.647200,0.002079,0.078228,-0.209440,-0.189891,-0.087950,0,-0.163020,148,0.374964,0.092828,20.647200,-0.238761,14.448574,0.078228,20.647121,14.586167,0.078228,0.002079,-0.209440,0.012468,-0.543270,-52.419179,0.137593,-0.003000,0.001062,0.001823,-0.012197,0.001062,0.374964,0.092828,-9.802392,-0.022205,0.001764,-0.212440,-2.690630,0.003075,27.000000,0.013045,20.647121,-0.238761,0.002301,-0.209440,0.137000,-0.003000,89,0,1,34,35,0.003229,-0.023711,-0.133927,-0.431484,-0.094200,9.874336,2.021759,0.003075,0.038252,7,1,0,0.000000,0,14.551262,0.000000,-0.189891,0,-0.015984,0.000000,-0.087950,14.551262,-0.015984,1,1,1,6.214189,0.000000,0.000000,0.000000,0.000000,0.000000,0.000000,0.000000
0.0801,20.607423,-0.000386,0.070367,-0.314159,-0.217048,-0.107822,0,-0.163020,158,0.370591,0.092938,20.607423,-0.433121,14.449024,0.070367,20.607333,14.586579,0.070367,-0.000386,-0.314159,0.012378,-0.543270,-52.419179,0.137556,-0.002000,0.001228,0.001869,-0.009821,0.001228,0.370591,0.092938,-9.802557,-0.041271,0.034964,-0.316159,-2.692675,0.002881,27.000000,0.013045,20.607333,-0.433121,0.000000,-0.314159,0.137000,-0.002000,94,0,1,34,35,-0.026660,-0.050103,-0.245191,0.628827,0.042712,9.675424,2.019714,0.002881,0.037782,7,1,0,0.000000,0,14.539405,0.000000,-0.217048,0,-0.024423,0.000000,-0.107822,14.539405,-0.024423,1,1,1,6.195722,0.000000,0.000000,0.000000,0.000000,0.000000,0.000000,0.000000
0.0901,20.563621,0.000000,-0.035241,0.000000,-0.207292,-0.171969,0,-0.163020,168,0.354991,0.095288,20.563621,-0.412701,14.446892,-0.035241,20.563711,14.584359,-0.035241,0.000000,0.000000,0.012328,-0.543270,-52.419179,0.137467,-0.003000,0.001319,0.001835,-0.005895,0.001319,0.354991,0.095288,-9.803112,-0.290451,0.029694,-0.003000,-2.694495,0.002607,27.000000,0.013045,20.563711,-0.412701,0.000000,0.000000,0.137000,-0.003000,99,0,1,34,35,0.012080,-0.292164,-0.034642,2.867196,-1.240840,8.391114,2.017894,0.002607,0.036195,7,1,0,0.000000,0,14.527772,0.000000,-0.207292,0,-0.034362,0.000000,-0.171969,14.527772,-0.034362,1,1,1,6.174396,0.000000,0.000000,0.000000,0.000000,0.000000,0.000000,0.000000
0.1001,20.570032,0.001534,-0.208822,0.000000,-0.217741,-0.223216,0,-0.163020,178,0.331949,0.087966,20.570032,0.046496,14.445184,-0.208822,20.570326,14.582465,-0.208822,0.001534,0.000000,0.012121,-0.543270,-52.419179,0.137281,-0.001000,0.001701,0.001842,0.003262,0.001701,0.331949,0.087966,-9.803988,0.030693,0.009496,-0.001000,-2.694867,0.003199,27.000000,0.013045,20.570326,0.046496,0.001534,0.000000,0.137000,-0.001000,104,0,1,34,35,0.041631,-0.010439,-0.159342,1.701941,2.095293,13.113390,2.017668,0.003201,0.033849,6,1,0,0.000000,0,14.517165,0.000000,-0.217741,0,-0.045702,0.000000,-0.223216,14.517165,-0.045702,1,1,1,6.173623,0.000000,0.000000,0.000000,0.000000,0.000000,0.000000,0.000000
0.1101,20.569695,0.000504,-0.530974,-0.209440,-0.187843,-0.230722,0,-0.163020,188,0.344611,0.102807,20.569695,-0.013718,14.441322,-0.530974,20.570422,14.578453,-0.530974,0.000504,-0.209440,0.012362,-0.543270,-52.419179,0.137131,-0.008000,0.001257,0.001861,0.000138,0.001257,0.344611,0.102807,-9.803406,0.175036,0.014038,-0.217440,-2.699869,0.001892,27.000000,0.013045,20.570422,-0.013718,0.000767,-0.209440,0.137000,-0.008000,109,0,1,34,35,-0.039839,0.161754,-0.750471,0.202677,-0.451138,7.047887,2.012520,0.001892,0.035141,7,1,0,0.000000,0,14.508382,0.000000,-0.187843,0,-0.058086,0.000000,-0.230722,14.508382,-0.058086,1,1,1,6.173477,0.000000,0.000000,0.000000,0.000000,0.000000,0.000000,0.000000
0.1201,20.561050,-0.003760,-0.699993,-0.418879,-0.145491,-0.222354,0,-0.163020,198,0.346814,0.100552,20.561050,-0.076131,14.435735,-0.699993,20.562177,14.572717,-0.699993,-0.003760,-0.418879,0.012147,-0.543270,-52.419179,0.136982,-0.019000,0.001653,0.001859,-0.000200,0.001653,0.346814,0.100552,-9.803352,-0.061365,-0.030759,-0.437879,-2.709867,0.001757,27.000000,0.013045,20.562177,-0.076131,-0.003068,-0.418879,0.137000,-0.019000,114,0,1,34,35,0.039272,-0.070115,-1.137105,0.371798,-0.103684,9.903475,2.002522,0.001757,0.035322,7,1,0,0.000000,0,14.502201,0.000000,-0.145491,0,-0.071115,0.000000,-0.222354,14.502201,-0.071115,1,1,1,6.173314,0.000000,0.000000,0.000000,0.000000,0.000000,0.000000,0.000000
0.1301,20.556065,-0.009448,-0.776384,-0.628319,-0.095731,-0.225727,0,-0.163020,208,0.332992,0.100037,20.556065,-0.048485,14.428475,-0.776384,20.557287,14.565459,-0.776384,-0.009448,-0.628319,0.012171,-0.543270,-52.419179,0.136985,0.002000,0.001609,0.001874,0.000617,0.001609,0.332992,0.100037,-9.803836,-0.062522,0.019134,-0.626319,-2.722809,0.001646,27.000000,0.013045,20.557287,-0.048485,-0.008437,-0.628319,0.137000,0.002000,119,0,1,34,35,-0.009889,-0.081699,-1.401812,3.393592,-0.150693,9.971962,1.989580,0.001646,0.033853,7,1,0,0.000000,0,14.498718,0.000000,-0.095731,0,-0.084387,0.000000,-0.225727,14.498718,-0.084387,1,1,1,6.173158,0.000000,0.000000,0.000000,0.000000,0.000000,0.000000,0.000000
0.1401,20.551922,-0.019882,-0.771292,-0.942478,-0.088630,-0.182059,0,-0.163020,218,0.338400,0.110781,20.551922,-0.046496,14.423135,-0.771292,20.553067,14.560196,-0.771292,-0.019882,-0.942478,0.012195,-0.543270,-52.419179,0.137061,0.019000,0.001565,0.001925,0.000258,0.001565,0.338400,0.110781,-9.803536,0.142165,0.079288,-0.923478,-2.738464,0.000211,27.000000,0.013045,20.553067,-0.046496,-0.018408,-0.942478,0.137000,0.019000,124,0,1,34,35,-0.099829,0.107898,-1.696211,0.046453,-1.072480,8.572809,1.973925,0.000211,0.034271,7,1,0,0.000000,0,14.497192,0.000000,-0.088630,0,-0.097504,0.000000,-0.182059,14.497192,-0.097504,1,1,1,6.173008,0.000000,0.000000,0.000000,0.000000,0.000000,0.000000,0.000000
0.1501,20.546086,-0.031603,-0.868856,-1.151917,-0.043350,-0.165316,0,-0.163020,228,0.350152,0.118199,20.546086,-0.058748,14.416111,-0.868856,20.547316,14.552940,-0.868856,-0.031603,-1.151917,0.012247,-0.543270,-52.419179,0.136829,0.011000,0.001468,0.001944,0.000336,0.001468,0.350152,0.118199,-9.803036,0.065371,-0.025979,-1.140917,-2.757407,-0.000931,27.000000,0.013045,20.547316,-0.058748,-0.029912,-1.151917,0.137000,0.011000,129,0,1,34,35,0.015415,0.044015,-2.010463,-0.199652,0.281468,11.218122,1.954982,-0.000931,0.035302,8,1,0,0.000000,0,14.496825,0.000000,-0.043350,0,-0.110064,0.000000,-0.165316,14.496825,-0.110064,1,1,1,6.172861,0.000000,0.000000,0.000000,0.000000,0.000000,0.000000,0.000000
0.1601,20.540910,-0.044274,-0.755751,-1.361357,-0.018824,-0.144132,0,-0.163020,238,0.349885,0.113988,20.540910,-0.052674,14.408050,-0.755751,20.542042,14.545156,-0.755751,-0.044274,-1.361357,0.012211,-0.543270,-52.419179,0.137107,0.002000,0.001535,0.001996,0.000320,0.001535,0.349885,0.113988,-9.803096,-0.074624,-0.102859,-1.359357,-2.777867,-0.000983,27.000000,0.013045,20.542042,-0.052674,-0.042184,-1.361357,0.137000,0.002000,134,0,1,34,35,0.115842,-0.076311,-2.101383,-0.374226,-0.008937,9.942224,1.936004,-0.001013,0.035184,7,1,0,0.000000,0,14.496825,0.000000,-0.018824,0,-0.121668,0.000000,-0.144132,14.496825,-0.121668,1,1,1,6.172721,0.000000,0.000000,0.000000,0.000000,0.000000,0.000000,0.000000
0.1701,20.537943,-0.058322,-0.663485,-1.466077,-0.012835,-0.109403,0,-0.163020,248,0.340151,0.108413,20.537943,-0.029112,14.401065,-0.663485,20.538974,14.538170,-0.663485,-0.058322,-1.466077,0.012181,-0.543270,-52.419179,0.137105,0.000000,0.001590,0.001858,0.001205,0.001590,0.340151,0.108413,-9.803502,-0.034661,-0.005234,-1.466077,-2.798911,-0.000880,27.000000,0.013045,20.538974,-0.029112,-0.055990,-1.466077,0.137000,0.000000,139,0,1,34,35,0.011219,-0.059147,-2.128999,1.283820,0.572609,8.609286,1.913477,-0.000880,0.033977,7,1,0,0.000000,0,14.496824,0.000000,-0.012835,0,-0.131934,0.000000,-0.109403,14.496824,-0.131934,1,1,1,6.172595,0.000000,0.000000,0.000000,0.000000,0.000000,0.000000,0.000000
0.1801,20.538185,-0.072674,-0.668692,-1.466077,0.001377,-0.080222,0,-0.163020,2,0.340642,0.117031,20.538185,0.002513,14.394026,-0.668692,20.539165,14.531164,-0.668692,-0.072674,-1.466077,0.012263,-0.543270,-52.419179,0.137138,0.000000,0.001440,0.001850,0.001518,0.001440,0.340642,0.117031,-9.803385,0.035973,0.079523,-1.466077,-2.820233,-0.002164,27.000000,0.013045,20.539165,0.002513,-0.070563,-1.466077,0.137000,0.000000,144,0,1,34,35,-0.084896,-0.005915,-2.134857,0.323232,0.379826,10.243268,1.892156,-0.002164,0.033773,7,1,0,0.000000,0,14.496824,0.000000,0.001377,0,-0.140703,0.000000,-0.080222,14.496824,-0.140703,1,1,1,6.172488,0.000000,0.000000,0.000000,0.000000,0.000000,0.000000,0.000000
0.1901,20.538659,-0.088023,-0.687385,-1.466077,0.005093,-0.039096,0,-0.163020,12,0.345652,0.124514,20.538659,0.002513,14.387855,-0.687385,20.539645,14.525017,-0.687385,-0.088023,-1.466077,0.012259,-0.543270,-52.419179,0.137162,-0.001000,0.001447,0.001997,0.001200,0.001447,0.345652,0.124514,-9.803118,0.090948,0.008894,-1.467077,-2.841692,-0.003489,27.000000,0.013045,20.539645,0.002513,-0.085903,-1.466077,0.137000,-0.001000,149,0,1,34,35,-0.027338,0.060779,-2.155369,-0.527100,-0.282545,9.633121,1.870697,-0.003489,0.033989,7,1,0,0.000000,0,14.496824,0.000000,0.005093,0,-0.147972,0.000000,-0.039096,14.496824,-0.147972,1,1,1,6.172405,0.000000,0.000000,0.000000,0.000000,0.000000,0.000000,0.000000
0.2001,20.538822,-0.101747,-0.665173,-1.466077,0.033778,-0.024446,0,-0.163020,22,0.350437,0.127025,20.538822,0.004503,14.380520,-0.665173,20.539741,14.517503,-0.665173,-0.101747,-1.466077,0.012290,-0.543270,-52.419179,0.136983,-0.001000,0.001390,0.002000,0.001353,0.001390,0.350437,0.127025,-9.802916,0.031040,-0.013998,-1.467077,-2.862910,-0.004228,27.000000,0.013045,20.539741,0.004503,-0.099709,-1.466077,0.137000,-0.001000,154,0,1,34,35,0.006879,0.007142,-2.132499,-0.259766,0.086509,9.962399,1.849479,-0.004228,0.034229,7,1,0,0.000000,0,14.496824,0.000000,0.033778,0,-0.153741,0.000000,-0.024446,14.496824,-0.153741,1,1,1,6.172346,0.000000,0.000000,0.000000,0.000000,0.000000,0.000000,0.000000
0.2101,20.539785,-0.114465,-0.738065,-1.256637,0.051095,-0.002597,0,-0.163020,32,0.355391,0.130356,20.539785,0.010681,14.372628,-0.738065,20.540795,14.509799,-0.738065,-0.114465,-1.256637,0.012302,-0.543270,-52.419179,0.137171,0.002000,0.001367,0.001978,0.001546,0.001367,0.355391,0.130356,-9.802694,0.076684,0.018545,-1.254637,-2.883310,-0.005045,27.000000,0.013045,20.540795,0.010681,-0.112747,-1.256637,0.137000,0.002000,159,0,1,34,35,-0.035813,0.045778,-1.993417,-1.319444,-0.542794,9.763976,1.829079,-0.005045,0.034480,7,1,0,0.000000,0,14.496824,0.000000,0.051095,0,-0.158011,0.000000,-0.002597,14.496824,-0.158011,1,1,1,6.172314,0.000000,0.000000,0.000000,0.000000,0.000000,0.000000,0.000000
0.2201,20.542361,-0.127564,-0.691521,-1.256637,0.052118,0.036740,0,-0.163020,42,0.358657,0.138064,20.542361,0.032149,14.366069,-0.691521,20.543288,14.503293,-0.691521,-0.127564,-1.256637,0.012277,-0.543270,-52.419179,0.137224,0.002000,0.001414,0.002000,0.002292,0.001414,0.358657,0.138064,-9.802469,0.064381,0.033734,-1.254637,-2.902875,-0.006342,27.000000,0.013045,20.543288,0.032149,-0.125786,-1.256637,0.137000,0.002000,164,0,1,34,35,-0.048590,0.030159,-1.946675,-4.913900,-1.639894,8.611732,1.809514,-0.006342,0.034480,7,1,0,0.000000,0,14.496824,0.000000,0.052118,0,-0.160790,0.000000,0.036740,14.496824,-0.160790,1,1,1,6.172312,0.000000,0.000000,0.000000,0.000000,0.000000,0.000000,0.000000
0.2301,20.551778,-0.138943,-0.452971,-1.256637,0.067360,0.052128,0,-0.163020,52,0.356060,0.143174,20.551778,0.097599,14.359403,-0.452971,20.552396,14.496602,-0.452971,-0.138943,-1.256637,0.012331,-0.543270,-52.419179,0.137199,0.000000,0.001314,0.001960,0.003628,0.001314,0.356060,0.143174,-9.802491,-0.054667,-0.009923,-1.256637,-2.920924,-0.007158,27.000000,0.013045,20.552396,0.097599,-0.137291,-1.256637,0.137000,0.000000,169,0,1,34,35,0.024163,-0.071107,-1.708862,-0.295898,-0.676112,9.763303,1.791465,-0.007158,0.033932,7,1,0,0.000000,0,14.496824,0.000000,0.067360,0,-0.162287,0.000000,0.052128,14.496824,-0.162287,1,1,1,6.172350,0.000000,0.000000,0.000000,0.000000,0.000000,0.000000,0.000000
0.2401,20.568805,-0.146884,-0.502024,-0.942478,0.093563,0.041304,0,-0.163020,62,0.348752,0.141225,20.568805,0.171322,14.351822,-0.502024,20.569463,14.488842,-0.502024,-0.146884,-0.942478,0.012378,-0.543270,-52.419179,0.137020,0.002000,0.001227,0.001938,0.004967,0.001227,0.348752,0.141225,-9.802782,-0.052639,-0.051697,-0.940478,-2.936634,-0.007074,27.000000,0.013045,20.569463,0.171322,-0.145728,-0.942478,0.137000,0.002000,174,0,1,34,35,0.064780,-0.053166,-1.441954,0.110535,-0.165355,8.687242,1.775755,-0.007074,0.033068,8,1,0,0.000000,0,14.496824,0.000000,0.093563,0,-0.162896,0.000000,0.041304,14.496824,-0.162896,1,1,1,6.172458,0.000000,0.000000,0.000000,0.000000,0.000000,0.000000,0.000000
0.2501,20.587318,-0.153476,-0.634398,-0.628319,0.092351,0.045637,0,-0.163020,72,0.345761,0.138338,20.587318,0.206088,14.345327,-0.634398,20.588158,14.482476,-0.634398,-0.153476,-0.628319,0.012314,-0.543270,-52.419179,0.137149,0.001000,0.001345,0.001834,0.003810,0.001345,0.345761,0.138338,-9.802929,0.021223,-0.032545,-0.627319,-2.949597,-0.007017,27.000000,0.013045,20.588158,0.206088,-0.152631,-0.628319,0.137000,0.001000,179,0,1,34,35,0.024204,0.014855,-1.261995,-1.176305,0.437705,10.912803,1.762792,-0.007017,0.032682,7,1,0,0.000000,0,14.496824,0.000000,0.092351,0,-0.163016,0.000000,0.045637,14.496824,-0.163016,1,1,1,6.179607,0.000000,0.000000,0.000000,0.000000,0.000000,0.000000,0.000000
0.2601,20.590688,-0.161267,-0.399391,-0.837758,0.087168,0.074370,0,-0.163020,82,0.359861,0.140692,20.590688,0.012776,14.340324,-0.399391,20.591226,14.477604,-0.399391,-0.161267,-0.837758,0.012418,-0.543270,-52.419179,0.137280,0.002000,0.001154,0.001906,-0.000493,0.001154,0.359861,0.140692,-9.802388,0.175334,0.011248,-0.835758,-2.962241,-0.007636,27.000000,0.013045,20.591226,0.012776,-0.160301,-0.837758,0.137000,0.002000,184,0,1,34,35,-0.067716,0.146770,-1.237067,-2.409513,0.106497,10.573708,1.750148,-0.007636,0.033912,7,1,0,0.000000,0,14.496824,0.000000,0.087168,0,-0.163020,0.000000,0.074370,14.496824,-0.163020,1,1,1,6.183954,0.000000,0.000000,0.000000,0.000000,0.000000,0.000000,0.000000
0.2701,20.582343,-0.169067,-0.232197,-0.733038,0.079341,0.090094,0,-0.163020,92,0.361217,0.142376,20.582343,-0.074142,14.336776,-0.232197,20.582694,14.474195,-0.232197,-0.169067,-0.733038,0.012232,-0.543270,-52.419179,0.137419,0.005000,0.001496,0.001940,-0.000782,0.001496,0.361217,0.142376,-9.802314,-0.125431,0.012743,-0.728038,-2.973431,-0.008278,27.000000,0.013045,20.582694,-0.074142,-0.167971,-0.733038,0.137000,0.005000,189,0,1,34,35,0.028719,-0.134498,-0.958662,-1.433436,-0.743893,9.781022,1.738958,-0.008278,0.033862,7,1,0,0.000000,0,14.496824,0.000000,0.079341,0,-0.163020,0.000000,0.090094,14.496824,-0.163020,1,1,1,6.184173,0.000000,0.000000,0.000000,0.000000,0.000000,0.000000,0.000000
0.2801,20.580907,-0.175740,-0.021250,-0.733038,0.062906,0.092164,0,-0.163020,102,0.353536,0.142448,20.580907,-0.019897,14.335151,-0.021250,20.580968,14.472724,-0.021250,-0.175740,-0.733038,0.012403,-0.543270,-52.419179,0.137573,0.016000,0.001181,0.001847,0.000078,0.001181,0.353536,0.142448,-9.802593,-0.043962,-0.028588,-0.717038,-2.981582,-0.008203,27.000000,0.013045,20.580968,-0.019897,-0.174874,-0.733038,0.137000,0.016000,194,0,1,34,35,0.041494,-0.041220,-0.737833,0.010697,-0.283300,10.494802,1.730807,-0.008203,0.032952,7,1,0,0.000000,0,14.496824,0.000000,0.062906,0,-0.163020,0.000000,0.092164,14.496824,-0.163020,1,1,1,6.184367,0.000000,0.000000,0.000000,0.000000,0.000000,0.000000,0.000000
0.2901,20.579692,-0.180200,0.018057,-0.523599,0.066389,0.078970,0,-0.163020,112,0.356044,0.137097,20.579692,-0.015813,14.333489,0.018057,20.579626,14.471209,0.018057,-0.180200,-0.523599,0.012293,-0.543270,-52.419179,0.137719,0.011000,0.001384,0.001943,-0.000542,0.001384,0.356044,0.137097,-9.802578,0.076382,-0.021128,-0.512599,-2.987569,-0.007969,27.000000,0.013045,20.579626,-0.015813,-0.179476,-0.523599,0.137000,0.011000,199,0,1,34,35,-0.005517,0.072972,-0.495476,-1.669552,0.791905,9.308210,1.724820,-0.007969,0.033209,6,1,0,0.000000,0,14.496824,0.000000,0.066389,0,-0.163020,0.000000,0.078970,14.496824,-0.163020,1,1,1,6.184577,0.000000,0.000000,0.000000,0.000000,0.000000,0.000000,0.000000
0.3001,20.577254,-0.182953,0.051608,-0.314159,0.063781,0.067393,0,-0.163020,122,0.362740,0.137307,20.577254,-0.023981,14.332526,0.051608,20.577229,14.470163,0.051608,-0.182953,-0.314159,0.012337,-0.543270,-52.419179,0.137637,-0.004000,0.001303,0.001929,-0.000537,0.001303,0.362740,0.137307,-9.802330,-0.012812,0.032840,-0.318159,-2.991361,-0.008162,27.000000,0.013045,20.577229,-0.023981,-0.182544,-0.314159,0.137000,-0.004000,3,0,1,34,35,-0.026691,-0.026313,-0.266247,-2.794037,0.642703,10.502283,1.721028,-0.008162,0.033821,6,1,0,0.000000,0,14.496824,0.000000,0.063781,0,-0.163020,0.000000,0.067393,14.496824,-0.163020,1,1,1,6.184776,0.000000,0.000000,0.000000,0.000000,0.000000,0.000000,0.000000
0.3101,20.577468,-0.185337,0.301098,-0.314159,0.041593,0.068475,0,-0.163020,132,0.354725,0.138543,20.577468,0.001466,14.333329,0.301098,20.577037,14.471140,0.301098,-0.185337,-0.314159,0.012193,-0.543270,-52.419179,0.137811,-0.010000,0.001568,0.001835,-0.000267,0.001568,0.354725,0.138543,-9.802606,-0.101225,0.025734,-0.324159,-2.992764,-0.008359,27.000000,0.013045,20.577037,0.001466,-0.184845,-0.314159,0.137000,-0.010000,8,0,1,34,35,0.009751,-0.104262,-0.021792,-0.405992,-0.023499,8.793606,1.719625,-0.008359,0.032945,7,1,0,0.000000,0,14.496824,0.000000,0.041593,0,-0.163020,0.000000,0.068475,14.496824,-0.163020,1,1,1,6.184976,0.000000,0.000000,0.000000,0.000000,0.000000,0.000000,0.000000
0.3201,20.577368,-0.184845,0.171762,0.000000,0.046762,0.038724,0,-0.163020,142,0.345497,0.138611,20.577368,-0.000419,14.333845,0.171762,20.577133,14.471524,0.171762,-0.184845,0.000000,0.012251,-0.543270,-52.419179,0.137679,-0.010000,0.001461,0.001942,-0.000369,0.001461,0.345497,0.138611,-9.802934,-0.051421,0.001157,-0.010000,-2.991897,-0.008118,27.000000,0.013045,20.577133,-0.000419,-0.184845,0.000000,0.137000,-0.010000,13,0,1,34,35,0.016149,-0.046848,0.162348,0.084115,0.493027,10.359095,1.720492,-0.008118,0.032029,7,1,0,0.000000,0,14.496824,0.000000,0.046762,0,-0.163020,0.000000,0.038724,14.496824,-0.163020,1,1,1,6.185169,0.000000,0.000000,0.000000,0.000000,0.000000,0.000000,0.000000
0.3301,20.577041,-0.182993,0.143925,0.209440,0.039102,0.021435,0,-0.163020,152,0.348918,0.139913,20.577041,-0.004503,14.334789,0.143925,20.576845,14.472482,0.143925,-0.182993,0.209440,0.012222,-0.543270,-52.419179,0.137693,-0.008000,0.001515,0.001938,-0.000441,0.001515,0.348918,0.139913,-9.802795,0.060782,0.031629,0.201440,-2.989081,-0.008282,27.000000,0.013045,20.576845,-0.004503,-0.183311,0.209440,0.137000,-0.008000,18,0,1,34,35,-0.050074,0.050988,0.344767,-1.167907,-0.056113,9.855100,1.723308,-0.008282,0.032385,7,1,0,0.000000,0,14.496824,0.000000,0.039102,0,-0.163020,0.000000,0.021435,14.496824,-0.163020,1,1,1,6.185358,0.000000,0.000000,0.000000,0.000000,0.000000,0.000000,0.000000
0.3401,20.577453,-0.180020,0.220121,0.209440,0.040742,0.004264,0,-0.163020,162,0.351265,0.147232,20.577453,0.003560,14.335391,0.220121,20.577229,14.473144,0.220121,-0.180020,0.209440,0.012467,-0.543270,-52.419179,0.137754,-0.005000,0.001064,0.001834,-0.000173,0.001064,0.351265,0.147232,-9.802604,-0.015368,0.053811,0.204440,-2.985427,-0.008718,27.000000,0.013045,20.577229,0.003560,-0.180243,0.209440,0.137000,-0.005000,23,0,1,34,35,-0.045699,-0.027007,0.424930,-0.691169,-0.181711,9.203360,1.726962,-0.008718,0.032548,7,1,0,0.000000,0,14.496824,0.000000,0.040742,0,-0.163020,0.000000,0.004264,14.496824,-0.163020,1,1,1,6.185536,0.000000,0.000000,0.000000,0.000000,0.000000,0.000000,0.000000
0.3501,20.577888,-0.177696,0.237990,0.209440,0.022042,0.006118,0,-0.163020,172,0.347487,0.147779,20.577888,0.002513,14.337481,0.237990,20.577612,14.475254,0.237990,-0.177696,0.209440,0.012409,-0.543270,-52.419179,0.137773,0.002000,0.001171,0.001829,-0.000427,0.001171,0.347487,0.147779,-9.802730,-0.064453,0.012032,0.211440,-2.980995,-0.008688,27.000000,0.013045,20.577612,0.002513,-0.177942,0.209440,0.137000,0.002000,28,0,1,34,35,0.009842,-0.059242,0.450199,-0.972068,-0.377781,11.134431,1.731394,-0.008688,0.032208,7,1,0,0.000000,0,14.496824,0.000000,0.022042,0,-0.163020,0.000000,0.006118,14.496824,-0.163020,1,1,1,6.185720,0.000000,0.000000,0.000000,0.000000,0.000000,0.000000,0.000000
0.3601,20.578035,-0.174502,0.153555,0.314159,0.026981,-0.008976,0,-0.163020,182,0.339622,0.146772,20.578035,0.004503,14.338867,0.153555,20.577804,14.476601,0.153555,-0.174502,0.314159,0.012403,-0.543270,-52.419179,0.137733,0.003000,0.001182,0.001836,-0.000447,0.001182,0.339622,0.146772,-9.803021,-0.071169,0.000582,0.317159,-2.976466,-0.008350,27.000000,0.013045,20.577804,0.004503,-0.174874,0.314159,0.137000,0.003000,33,0,1,34,35,0.022659,-0.061625,0.471515,0.514066,-0.305604,9.222039,1.735923,-0.008350,0.031503,7,1,0,0.000000,0,14.496824,0.000000,0.026981,0,-0.163020,0.000000,-0.008976,14.496824,-0.163020,1,1,1,6.185897,0.000000,0.000000,0.000000,0.000000,0.000000,0.000000,0.000000
0.3701,20.578234,-0.171425,0.194388,0.314159,0.017206,-0.013966,0,-0.163020,192,0.336529,0.145040,20.578234,-0.001466,14.340797,0.194388,20.577996,14.478537,0.194388,-0.171425,0.314159,0.012386,-0.543270,-52.419179,0.137741,0.000000,0.001213,0.001971,-0.000470,0.001213,0.336529,0.145040,-9.803153,-0.005247,-0.008556,0.314159,-2.971461,-0.008042,27.000000,0.013045,20.577996,-0.001466,-0.171806,0.314159,0.137000,0.000000,38,0,1,34,35,0.009793,0.004101,0.508536,0.134539,-0.384762,10.197181,1.740928,-0.008042,0.031286,7,1,0,0.000000,0,14.496824,0.000000,0.017206,0,-0.163020,0.000000,-0.013966,14.496824,-0.163020,1,1,1,6.186071,0.000000,0.000000,0.000000,0.000000,0.000000,0.000000,0.000000
0.3801,20.578247,-0.168461,0.343503,0.209440,0.007900,-0.018753,0,-0.163020,202,0.333639,0.141977,20.578247,0.003560,14.343101,0.343503,20.577804,14.480927,0.343503,-0.168461,0.209440,0.012327,-0.543270,-52.419179,0.137826,0.000000,0.001321,0.001834,-0.000599,0.001321,0.333639,0.141977,-9.803297,-0.030623,-0.027050,0.209440,-2.966120,-0.007650,27.000000,0.013045,20.577804,0.003560,-0.168738,0.209440,0.137000,0.000000,43,0,1,34,35,0.035440,-0.013517,0.553151,0.667866,-0.262072,9.576682,1.746269,-0.007650,0.031108,7,1,0,0.000000,0,14.496824,0.000000,0.007900,0,-0.163020,0.000000,-0.018753,14.496824,-0.163020,1,1,1,6.186238,0.000000,0.000000,0.000000,0.000000,0.000000,0.000000,0.000000
0.3901,20.578653,-0.164449,0.249556,0.314159,0.011015,-0.037262,0,-0.163020,212,0.329747,0.136847,20.578653,0.004503,14.345023,0.249556,20.578283,14.482658,0.249556,-0.164449,0.314159,0.012260,-0.543270,-52.419179,0.137635,0.000000,0.001445,0.001971,-0.000370,0.001445,0.329747,0.136847,-9.803501,-0.029380,-0.036545,0.314159,-2.960396,-0.007011,27.000000,0.013045,20.578283,0.004503,-0.164903,0.314159,0.137000,0.000000,48,0,1,34,35,0.043977,-0.009360,0.563873,0.417034,0.595071,9.853105,1.751993,-0.007011,0.030882,6,1,0,0.000000,0,14.496824,0.000000,0.011015,0,-0.163020,0.000000,-0.037262,14.496824,-0.163020,1,1,1,6.186401,0.000000,0.000000,0.000000,0.000000,0.000000,0.000000,0.000000
0.4001,20.577896,-0.159707,0.116081,0.418879,0.016759,-0.054049,0,-0.163020,222,0.329596,0.133422,20.577896,-0.005550,14.345980,0.116081,20.577708,14.483623,0.116081,-0.159707,0.418879,0.012274,-0.543270,-52.419179,0.137643,0.000000,0.001419,0.001936,-0.000528,0.001419,0.329596,0.133422,-9.803554,0.024795,-0.025159,0.418879,-2.954704,-0.006503,27.000000,0.013045,20.577708,-0.005550,-0.160301,0.418879,0.137000,0.000000,53,0,1,34,35,0.016168,0.037970,0.534534,0.245814,0.572202,10.149446,1.757685,-0.006503,0.031013,7,1,0,0.000000,0,14.496824,0.000000,0.016759,0,-0.163020,0.000000,-0.054049,14.496824,-0.163020,1,1,1,6.186553,0.000000,0.000000,0.000000,0.000000,0.000000,0.000000,0.000000
0.4101,20.577728,-0.155991,0.135568,0.314159,0.012250,-0.051214,0,-0.163020,232,0.333342,0.132271,20.577728,-0.001466,14.347189,0.135568,20.577516,14.484802,0.135568,-0.155991,0.314159,0.012224,-0.543270,-52.419179,0.137613,0.000000,0.001512,0.001782,-0.000277,0.001512,0.333342,0.132271,-9.803443,0.042803,0.009556,0.314159,-2.949811,-0.006382,27.000000,0.013045,20.577516,-0.001466,-0.156466,0.314159,0.137000,0.000000,58,0,1,34,35,-0.022285,0.043268,0.449232,-0.300972,0.165558,8.977412,1.762578,-0.006382,0.031478,6,1,0,0.000000,0,14.496824,0.000000,0.012250,0,-0.163020,0.000000,-0.051214,14.496824,-0.163020,1,1,1,6.186699,0.000000,0.000000,0.000000,0.000000,0.000000,0.000000,0.000000
0.4201,20.578150,-0.154005,0.226259,0.104720,0.001132,-0.037889,0,-0.163020,242,0.334560,0.132332,20.578150,0.001466,14.349017,0.226259,20.577804,14.486712,0.226259,-0.154005,0.104720,0.012215,-0.543270,-52.419179,0.137694,0.000000,0.001527,0.001946,-0.000300,0.001527,0.334560,0.132332,-9.803400,-0.019180,0.009381,0.104720,-2.945916,-0.006353,27.000000,0.013045,20.577804,0.001466,-0.154165,0.104720,0.137000,0.000000,63,0,1,34,35,-0.003045,-0.017089,0.331212,-0.268141,0.128304,10.450905,1.766473,-0.006353,0.031637,7,1,0,0.000000,0,14.496824,0.000000,0.001132,0,-0.163020,0.000000,-0.037889,14.496824,-0.163020,1,1,1,6.186843,0.000000,0.000000,0.000000,0.000000,0.000000,0.000000,0.000000
0.4301,20.578266,-0.153398,0.274427,0.000000,-0.005478,-0.025314,0,-0.163020,252,0.332469,0.134163,20.578266,0.001466,14.351123,0.274427,20.577996,14.488853,0.274427,-0.153398,0.000000,0.012503,-0.543270,-52.419179,0.137731,-0.003000,0.000997,0.001996,-0.000754,0.000997,0.332469,0.134163,-9.803447,-0.014940,-0.003180,-0.003000,-2.943171,-0.006198,27.000000,0.013045,20.577996,0.001466,-0.153398,0.000000,0.137000,-0.003000,68,0,1,34,35,0.007603,-0.009854,0.271571,0.474916,0.084412,9.388629,1.769218,-0.006198,0.031409,7,1,0,0.000000,0,14.496824,0.000000,-0.005478,0,-0.163020,0.000000,-0.025314,14.496824,-0.163020,1,1,1,6.186972,0.000000,0.000000,0.000000,0.000000,0.000000,0.000000,0.000000
0.4401,20.577841,-0.152631,0.205341,0.000000,-0.002956,-0.028447,0,-0.163020,6,0.333358,0.134171,20.577841,-0.004503,14.352768,0.205341,20.577612,14.490428,0.205341,-0.152631,0.000000,0.012481,-0.543270,-52.419179,0.137660,-0.005000,0.001039,0.001822,-0.000606,0.001039,0.333358,0.134171,-9.803416,0.052235,0.004506,-0.005000,-2.940828,-0.006211,27.000000,0.013045,20.577612,-0.004503,-0.152631,0.000000,0.137000,-0.005000,73,0,1,34,35,-0.020232,0.050865,0.199722,0.266548,-0.075172,9.913263,1.771561,-0.006211,0.031513,6,1,0,0.000000,0,14.496824,0.000000,-0.002956,0,-0.163020,0.000000,-0.028447,14.496824,-0.163020,1,1,1,6.187100,0.000000,0.000000,0.000000,0.000000,0.000000,0.000000,0.000000
0.4501,20.576965,-0.151864,0.185888,0.000000,-0.002023,-0.029981,0,-0.163020,16,0.336978,0.135608,20.576965,-0.006597,14.354002,0.185888,20.576749,14.491663,0.185888,-0.151864,0.000000,0.012447,-0.543270,-52.419179,0.137661,-0.005000,0.001101,0.001998,-0.000496,0.001101,0.336978,0.135608,-9.803273,0.043168,0.009714,-0.005000,-2.938819,-0.006422,27.000000,0.013045,20.576749,-0.006597,-0.151864,0.000000,0.137000,-0.005000,78,0,1,34,35,-0.022361,0.040429,0.180399,-0.211770,-0.488615,9.296291,1.773570,-0.006422,0.031870,6,1,0,0.000000,0,14.496824,0.000000,-0.002023,0,-0.163020,0.000000,-0.029981,14.496824,-0.163020,1,1,1,6.187224,0.000000,0.000000,0.000000,0.000000,0.000000,0.000000,0.000000
0.4601,20.576231,-0.151097,0.127166,0.000000,0.000243,-0.031515,0,-0.163020,26,0.337615,0.136021,20.576231,-0.003560,14.354867,0.127166,20.576078,14.492503,0.127166,-0.151097,0.000000,0.012420,-0.543270,-52.419179,0.137636,-0.001000,0.001150,0.001935,-0.000304,0.001150,0.337615,0.136021,-9.803245,-0.022801,-0.005192,-0.001000,-2.937210,-0.006475,27.000000,0.013045,20.576078,-0.003560,-0.151097,0.000000,0.137000,-0.001000,83,0,1,34,35,0.011839,-0.018598,0.126406,-0.222193,0.334315,10.031905,1.775179,-0.006475,0.031942,6,1,0,0.000000,0,14.496824,0.000000,0.000243,0,-0.163020,0.000000,-0.031515,14.496824,-0.163020,1,1,1,6.187337,0.000000,0.000000,0.000000,0.000000,0.000000,0.000000,0.000000
0.4701,20.576617,-0.151097,0.126205,0.000000,-0.007107,-0.023845,0,-0.163020,36,0.335146,0.134070,20.576617,0.004503,14.356173,0.126205,20.576462,14.493815,0.126205,-0.151097,0.000000,0.012387,-0.543270,-52.419179,0.137643,0.002000,0.001211,0.001903,-0.000033,0.001211,0.335146,0.134070,-9.803357,-0.030126,-0.014062,0.002000,-2.935905,-0.006274,27.000000,0.013045,20.576462,0.004503,-0.151097,0.000000,0.137000,0.002000,88,0,1,34,35,0.022517,-0.022870,0.128499,-0.174715,0.580595,10.225821,1.776484,-0.006274,0.031723,7,1,0,0.000000,0,14.496824,0.000000,-0.007107,0,-0.163020,0.000000,-0.023845,14.496824,-0.163020,1,1,1,6.187446,0.000000,0.000000,0.000000,0.000000,0.000000,0.000000,0.000000
0.4801,20.576674,-0.151097,0.102618,0.000000,-0.007701,-0.023845,0,-0.163020,46,0.332964,0.133727,20.576674,0.003560,14.357333,0.102618,20.576558,14.494959,0.102618,-0.151097,0.000000,0.012467,-0.543270,-52.419179,0.137625,0.005000,0.001064,0.001999,-0.000217,0.001064,0.332964,0.133727,-9.803436,0.012466,0.012773,0.005000,-2.934766,-0.006125,27.000000,0.013045,20.576558,0.003560,-0.151097,0.000000,0.137000,0.005000,93,0,1,34,35,-0.015946,0.009358,0.107510,0.665649,0.001992,9.100812,1.777623,-0.006125,0.031509,7,1,0,0.000000,0,14.496824,0.000000,-0.007701,0,-0.163020,0.000000,-0.023845,14.496824,-0.163020,1,1,1,6.187552,0.000000,0.000000,0.000000,0.000000,0.000000,0.000000,0.000000
0.4901,20.576411,-0.150330,0.119527,0.000000,-0.001771,-0.033049,0,-0.163020,56,0.333203,0.133654,20.576411,-0.002513,14.357779,0.119527,20.576270,14.495417,0.119527,-0.150330,0.000000,0.012401,-0.543270,-52.419179,0.137638,0.005000,0.001185,0.001862,-0.000310,0.001185,0.333203,0.133654,-9.803429,0.004651,0.010763,0.005000,-2.933539,-0.006163,27.000000,0.013045,20.576270,-0.002513,-0.150330,0.000000,0.137000,0.005000,98,0,1,34,35,-0.011665,0.002732,0.124503,0.038233,0.192575,10.681439,1.778850,-0.006163,0.031548,7,1,0,0.000000,0,14.496824,0.000000,-0.001771,0,-0.163020,0.000000,-0.033049,14.496824,-0.163020,1,1,1,6.187654,0.000000,0.000000,0.000000,0.000000,0.000000,0.000000,0.000000
0.5001,20.575816,-0.149563,0.104141,0.000000,-0.002518,-0.034583,0,-0.163020,66,0.333518,0.134268,20.575816,-0.004503,14.358249,0.104141,20.575695,14.495861,0.104141,-0.149563,0.000000,0.012465,-0.543270,-52.419179,0.137612,0.001000,0.001068,0.001936,-0.000423,0.001068,0.333518,0.134268,-9.803409,-0.007498,-0.001078,0.001000,-2.932328,-0.006143,27.000000,0.013045,20.575695,-0.004503,-0.149563,0.000000,0.137000,0.001000,103,0,1,34,35,0.003281,-0.005517,0.105218,0.094583,-0.433671,9.507592,1.780061,-0.006143,0.031585,6,1,0,0.000000,0,14.496824,0.000000,-0.002518,0,-0.163020,0.000000,-0.034583,14.496824,-0.163020,1,1,1,6.187754,0.000000,0.000000,0.000000,0.000000,0.000000,0.000000,0.000000
0.5101,20.575400,-0.149563,0.072212,0.000000,-0.008731,-0.026913,0,-0.163020,76,0.332197,0.132377,20.575400,-0.002513,14.359172,0.072212,20.575311,14.496749,0.072212,-0.149563,0.000000,0.012414,-0.543270,-52.419179,0.137578,-0.003000,0.001162,0.001876,-0.000353,0.001162,0.332197,0.132377,-9.803480,0.000557,-0.021489,-0.003000,-2.931446,-0.005983,27.000000,0.013045,20.575311,-0.002513,-0.149563,0.000000,0.137000,-0.003000,108,0,1,34,35,0.020333,0.007835,0.069121,0.532648,-0.096056,9.291150,1.780943,-0.005983,0.031480,6,1,0,0.000000,0,14.496824,0.000000,-0.008731,0,-0.163020,0.000000,-0.026913,14.496824,-0.163020,1,1,1,6.187849,0.000000,0.000000,0.000000,0.000000,0.000000,0.000000,0.000000
0.5201,20.575837,-0.148796,0.040216,0.000000,0.002828,-0.036117,0,-0.163020,86,0.331927,0.130863,20.575837,0.004503,14.358973,0.040216,20.575791,14.496526,0.040216,-0.148796,0.000000,0.012411,-0.543270,-52.419179,0.137553,-0.003000,0.001166,0.001820,0.000184,0.001166,0.331927,0.130863,-9.803510,0.004521,-0.011534,-0.003000,-2.930907,-0.005804,27.000000,0.013045,20.575791,0.004503,-0.148796,0.000000,0.137000,-0.003000,113,0,1,34,35,0.009650,0.008230,0.037117,0.477088,-0.000567,10.076848,1.781481,-0.005804,0.031490,6,1,0,0.000000,0,14.496824,0.000000,0.002828,0,-0.163020,0.000000,-0.036117,14.496824,-0.163020,1,1,1,6.187943,0.000000,0.000000,0.000000,0.000000,0.000000,0.000000,0.000000
0.5301,20.575815,-0.148029,0.009825,0.000000,0.005942,-0.037651,0,-0.163020,96,0.333339,0.129796,20.575815,-0.000419,14.358545,0.009825,20.575791,14.496081,0.009825,-0.148029,0.000000,0.012391,-0.543270,-52.419179,0.137536,-0.002000,0.001204,0.001817,-0.000147,0.001204,0.333339,0.129796,-9.803476,0.022988,-0.019517,-0.002000,-2.930589,-0.005714,27.000000,0.013045,20.575791,-0.000419,-0.148029,0.000000,0.137000,-0.002000,118,0,1,34,35,0.011755,0.027865,0.007480,-0.281616,0.362245,9.314366,1.781800,-0.005714,0.031662,6,1,0,0.000000,0,14.496824,0.000000,0.005942,0,-0.163020,0.000000,-0.037651,14.496824,-0.163020,1,1,1,6.188038,0.000000,0.000000,0.000000,0.000000,0.000000,0.000000,0.000000
0.5401,20.575344,-0.148029,-0.061134,0.000000,0.005086,-0.029981,0,-0.163020,106,0.334088,0.129630,20.575344,-0.001466,14.358288,-0.061134,20.575407,14.495781,-0.061134,-0.148029,0.000000,0.012461,-0.543270,-52.419179,0.137492,0.000000,0.001075,0.001935,0.000182,0.001075,0.334088,0.129630,-9.803453,-0.003876,-0.011115,0.000000,-2.930891,-0.005639,27.000000,0.013045,20.575407,-0.001466,-0.148029,0.000000,0.137000,0.000000,123,0,1,34,35,0.011766,-0.001144,-0.061124,-0.250107,0.669811,10.743471,1.781498,-0.005639,0.031740,7,1,0,0.000000,0,14.496824,0.000000,0.005086,0,-0.163020,0.000000,-0.029981,14.496824,-0.163020,1,1,1,6.188130,0.000000,0.000000,0.000000,0.000000,0.000000,0.000000,0.000000
0.5501,20.576484,-0.149039,0.111395,-0.209440,0.000278,-0.017867,0,-0.163020,116,0.335610,0.128594,20.576484,0.010681,14.358323,0.111395,20.576462,14.495932,0.111395,-0.149039,-0.209440,0.012416,-0.543270,-52.419179,0.137608,0.001000,0.001158,0.001859,0.000474,0.001158,0.335610,0.128594,-9.803414,0.017614,0.004524,-0.208440,-2.931750,-0.005634,27.000000,0.013045,20.576462,0.010681,-0.148796,-0.209440,0.137000,0.001000,128,0,1,34,35,-0.009607,0.014235,-0.097229,-0.090640,0.005710,8.765393,1.780639,-0.005634,0.031891,7,1,0,0.000000,0,14.496824,0.000000,0.000278,0,-0.163020,0.000000,-0.017867,14.496824,-0.163020,1,1,1,6.188227,0.000000,0.000000,0.000000,0.000000,0.000000,0.000000,0.000000
0.5601,20.577021,-0.149687,-0.018381,-0.104720,0.007513,-0.020178,0,-0.163020,126,0.336407,0.128657,20.577021,0.004503,14.357911,-0.018381,20.577037,14.495454,-0.018381,-0.149687,-0.104720,0.012400,-0.543270,-52.419179,0.137544,0.000000,0.001187,0.001831,0.000029,0.001187,0.336407,0.128657,-9.803386,0.001184,0.014167,-0.104720,-2.932875,-0.005689,27.000000,0.013045,20.577037,0.004503,-0.149563,-0.104720,0.137000,0.000000,133,0,1,34,35,-0.013864,-0.004669,-0.123052,-0.228893,0.283927,11.017149,1.779514,-0.005689,0.031959,6,1,0,0.000000,0,14.496824,0.000000,0.007513,0,-0.163020,0.000000,-0.020178,14.496824,-0.163020,1,1,1,6.188326,0.000000,0.000000,0.000000,0.000000,0.000000,0.000000,0.000000
0.5701,20.576564,-0.150330,-0.073952,0.000000,0.006822,-0.018952,0,-0.163020,136,0.337008,0.130435,20.576564,-0.002513,14.357623,-0.073952,20.576654,14.495114,-0.073952,-0.150330,0.000000,0.012463,-0.543270,-52.419179,0.137491,0.000000,0.001071,0.001996,0.000240,0.001071,0.337008,0.130435,-9.803342,0.004699,0.015283,0.000000,-2.933853,-0.005835,27.000000,0.013045,20.576654,-0.002513,-0.150330,0.000000,0.137000,0.000000,138,0,1,34,35,-0.015988,-0.001054,-0.073945,-0.136766,-0.171262,9.155972,1.778536,-0.005835,0.031981,7,1,0,0.000000,0,14.496824,0.000000,0.006822,0,-0.163020,0.000000,-0.018952,14.496824,-0.163020,1,1,1,6.188425,0.000000,0.000000,0.000000,0.000000,0.000000,0.000000,0.000000
0.5801,20.576383,-0.151864,-0.061157,0.000000,-0.006444,-0.006972,0,-0.163020,146,0.336523,0.131655,20.576383,-0.000419,14.358433,-0.061157,20.576462,14.495936,-0.061157,-0.151864,0.000000,0.012415,-0.543270,-52.419179,0.137503,0.000000,0.001160,0.001937,0.000234,0.001160,0.336523,0.131655,-9.803342,0.004401,0.015374,0.000000,-2.934559,-0.006048,27.000000,0.013045,20.576462,-0.000419,-0.151864,0.000000,0.137000,0.000000,143,0,1,34,35,-0.015984,-0.001224,-0.061147,0.257045,-0.235492,9.729809,1.777830,-0.006048,0.031885,7,1,0,0.000000,0,14.496824,0.000000,-0.006444,0,-0.163020,0.000000,-0.006972,14.496824,-0.163020,1,1,1,6.188523,0.000000,0.000000,0.000000,0.000000,0.000000,0.000000,0.000000
0.5901,20.576787,-0.151864,-0.048012,0.000000,0.008730,-0.022311,0,-0.163020,156,0.336434,0.132728,20.576787,0.005550,14.357833,-0.048012,20.576845,14.495357,-0.048012,-0.151864,0.000000,0.012386,-0.543270,-52.419179,0.137524,0.002000,0.001212,0.001823,0.000197,0.001212,0.336434,0.132728,-9.803331,0.007691,-0.001351,0.002000,-2.935134,-0.006183,27.000000,0.013045,20.576845,0.005550,-0.151864,0.000000,0.137000,0.002000,148,0,1,34,35,-0.001047,0.007168,-0.046104,0.295840,-0.379137,9.747531,1.777255,-0.006183,0.031859,6,1,0,0.000000,0,14.496824,0.000000,0.008730,0,-0.163020,0.000000,-0.022311,14.496824,-0.163020,1,1,1,6.188622,0.000000,0.000000,0.000000,0.000000,0.000000,0.000000,0.000000
0.6001,20.576249,-0.151097,-0.017847,0.000000,0.014973,-0.031515,0,-0.163020,166,0.337172,0.133139,20.576249,-0.004503,14.356811,-0.017847,20.576270,14.494353,-0.017847,-0.151097,0.000000,0.012416,-0.543270,-52.419179,0.137543,0.002000,0.001158,0.001941,-0.000163,0.001158,0.337172,0.133139,-9.803300,0.018544,-0.007016,0.002000,-2.935369,-0.006182,27.000000,0.013045,20.576270,-0.004503,-0.151097,0.000000,0.137000,0.002000,153,0,1,34,35,0.001084,0.019599,-0.016091,-0.396554,0.268920,9.121944,1.777020,-0.006182,0.031942,7,1,0,0.000000,0,14.496824,0.000000,0.014973,0,-0.163020,0.000000,-0.031515,14.496824,-0.163020,1,1,1,6.188722,0.000000,0.000000,0.000000,0.000000,0.000000,0.000000,0.000000
0.6101,20.575373,-0.151097,-0.027146,0.000000,0.007775,-0.023845,0,-0.163020,176,0.336943,0.134057,20.575373,-0.007645,14.356579,-0.027146,20.575407,14.494117,-0.027146,-0.151097,0.000000,0.012457,-0.543270,-52.419179,0.137539,0.002000,0.001081,0.001800,-0.000145,0.001081,0.336943,0.134057,-9.803295,-0.012444,0.000525,0.002000,-2.935604,-0.006230,27.000000,0.013045,20.575407,-0.007645,-0.151097,0.000000,0.137000,0.002000,158,0,1,34,35,0.003249,-0.012336,-0.024994,-0.324814,0.191083,10.786463,1.776785,-0.006230,0.031905,7,1,0,0.000000,0,14.496824,0.000000,0.007775,0,-0.163020,0.000000,-0.023845,14.496824,-0.163020,1,1,1,6.188820,0.000000,0.000000,0.000000,0.000000,0.000000,0.000000,0.000000
0.6201,20.576223,-0.151864,-0.046265,0.000000,0.001695,-0.014642,0,-0.163020,186,0.336146,0.134199,20.576223,0.011729,14.356902,-0.046265,20.576270,14.494427,-0.046265,-0.151864,0.000000,0.012533,-0.543270,-52.419179,0.137525,0.000000,0.000942,0.001934,0.000300,0.000942,0.336146,0.134199,-9.803321,-0.003767,-0.002196,0.000000,-2.936063,-0.006180,27.000000,0.013045,20.576270,0.011729,-0.151864,0.000000,0.137000,0.000000,163,0,1,34,35,0.003234,-0.003504,-0.046225,0.264566,-0.226415,8.992982,1.776326,-0.006180,0.031808,6,1,0,0.000000,0,14.496824,0.000000,0.001695,0,-0.163020,0.000000,-0.014642,14.496824,-0.163020,1,1,1,6.188919,0.000000,0.000000,0.000000,0.000000,0.000000,0.000000,0.000000
0.6301,20.577541,-0.151864,-0.017125,0.000000,0.011437,-0.022311,0,-0.163020,196,0.336051,0.129568,20.577541,0.008692,14.356354,-0.017125,20.577612,14.493874,-0.017125,-0.151864,0.000000,0.012196,-0.543270,-52.419179,0.137519,-0.003000,0.001564,0.001986,0.000104,0.001564,0.336051,0.129568,-9.803386,0.021847,0.003092,-0.003000,-2.936621,-0.006050,27.000000,0.013045,20.577612,0.008692,-0.151864,0.000000,0.137000,-0.003000,168,0,1,34,35,0.005347,0.017814,-0.041709,-0.143573,0.466121,10.980754,1.775782,-0.006043,0.031858,6,1,0,0.000000,0,14.496824,0.000000,0.011437,0,-0.163020,0.000000,-0.022311,14.496824,-0.163020,1,1,1,6.189029,0.000000,0.000000,0.000000,0.000000,0.000000,0.000000,0.000000
0.6401,20.576646,-0.151864,-0.016928,0.000000,0.007520,-0.022311,0,-0.163020,206,0.338406,0.132105,20.576646,-0.007645,14.356201,-0.016928,20.576654,14.493739,-0.016928,-0.151864,0.000000,0.012475,-0.543270,-52.419179,0.137537,-0.001000,0.001049,0.001822,-0.000279,0.001049,0.338406,0.132105,-9.803271,0.021267,-0.005664,-0.001000,-2.936755,-0.006062,27.000000,0.013045,20.576654,-0.007645,-0.151864,0.000000,0.137000,-0.001000,173,0,1,34,35,-0.001054,0.021758,-0.018201,-0.538653,0.149976,9.455622,1.775634,-0.006062,0.032068,7,1,0,0.000000,0,14.496824,0.000000,0.007520,0,-0.163020,0.000000,-0.022311,14.496824,-0.163020,1,1,1,6.189127,0.000000,0.000000,0.000000,0.000000,0.000000,0.000000,0.000000
0.6501,20.576533,-0.151864,-0.022799,0.000000,0.008941,-0.022311,0,-0.163020,216,0.338611,0.128624,20.576533,0.000419,14.355981,-0.022799,20.576558,14.493508,-0.022799,-0.151864,0.000000,0.012166,-0.543270,-52.419179,0.137527,0.000000,0.001618,0.001929,0.000155,0.001618,0.338611,0.128624,-9.803311,-0.006921,-0.010159,0.000000,-2.936988,-0.006024,27.000000,0.013045,20.576558,0.000419,-0.151864,0.000000,0.137000,0.000000,178,0,1,34,35,0.007505,0.004602,-0.011994,-0.384821,0.108629,9.713708,1.775415,-0.006033,0.032144,7,1,0,0.000000,0,14.496824,0.000000,0.008941,0,-0.163020,0.000000,-0.022311,14.496824,-0.163020,1,1,1,6.189235,0.000000,0.000000,0.000000,0.000000,0.000000,0.000000,0.000000
0.6601,20.577209,-0.152631,-0.014226,0.000000,0.000139,-0.013108,0,-0.163020,226,0.338751,0.131315,20.577209,0.005550,14.356508,-0.014226,20.577229,14.494049,-0.014226,-0.152631,0.000000,0.012575,-0.543270,-52.419179,0.137541,0.000000,0.000865,0.001836,0.000235,0.000865,0.338751,0.131315,-9.803270,-0.002524,-0.002596,0.000000,-2.937217,-0.005913,27.000000,0.013045,20.577229,0.005550,-0.152631,0.000000,0.137000,0.000000,183,0,1,34,35,0.003242,-0.001793,-0.014205,0.133510,0.109397,10.450976,1.775172,-0.005913,0.032101,6,1,0,0.000000,0,14.496824,0.000000,0.000139,0,-0.163020,0.000000,-0.013108,14.496824,-0.163020,1,1,1,6.189330,0.000000,0.000000,0.000000,0.000000,0.000000,0.000000,0.000000
0.6701,20.577028,-0.152631,0.002605,0.000000,0.006857,-0.020777,0,-0.163020,236,0.337504,0.127815,20.577028,-0.003560,14.356398,0.002605,20.577037,14.493940,0.002605,-0.152631,0.000000,0.012198,-0.543270,-52.419179,0.137543,0.002000,0.001558,0.001938,0.000026,0.001558,0.337504,0.127815,-9.803359,-0.015315,0.008191,0.002000,-2.937327,-0.005917,27.000000,0.013045,20.577037,-0.003560,-0.152631,0.000000,0.137000,0.002000,188,0,1,34,35,-0.007417,-0.012650,-0.003673,-0.004789,0.260865,9.016844,1.775059,-0.005918,0.032042,6,1,0,0.000000,0,14.496824,0.000000,0.006857,0,-0.163020,0.000000,-0.020777,14.496824,-0.163020,1,1,1,6.189441,0.000000,0.000000,0.000000,0.000000,0.000000,0.000000,0.000000
0.6801,20.577051,-0.152631,0.017783,0.000000,0.004893,-0.020777,0,-0.163020,246,0.337267,0.129103,20.577051,0.001466,14.356459,0.017783,20.577037,14.494013,0.017783,-0.152631,0.000000,0.012264,-0.543270,-52.419179,0.137554,0.002000,0.001437,0.001869,-0.000009,0.001437,0.337267,0.129103,-9.803351,-0.004214,0.009133,0.002000,-2.937252,-0.005977,27.000000,0.013045,20.577037,0.001466,-0.152631,0.000000,0.137000,0.002000,193,0,1,34,35,-0.007417,-0.006551,0.019865,-0.336211,0.170994,10.087613,1.775137,-0.005977,0.031985,6,1,0,0.000000,0,14.496824,0.000000,0.004893,0,-0.163020,0.000000,-0.020777,14.496824,-0.163020,1,1,1,6.189541,0.000000,0.000000,0.000000,0.000000,0.000000,0.000000,0.000000
0.6901,20.576788,-0.152631,0.028513,0.000000,0.003427,-0.020777,0,-0.163020,0,0.336342,0.129841,20.576788,-0.002513,14.356636,0.028513,20.576749,14.494196,0.028513,-0.152631,0.000000,0.012251,-0.543270,-52.419179,0.137560,0.000000,0.001461,0.001802,0.000059,0.001461,0.336342,0.129841,-9.803373,0.005006,0.010675,0.000000,-2.937066,-0.006051,27.000000,0.013045,20.576749,-0.002513,-0.152631,0.000000,0.137000,0.000000,198,0,1,34,35,-0.011692,0.001871,0.028492,0.273070,0.079573,8.996062,1.775323,-0.006051,0.031881,7,1,0,0.000000,0,14.496824,0.000000,0.003427,0,-0.163020,0.000000,-0.020777,14.496824,-0.163020,1,1,1,6.189641,0.000000,0.000000,0.000000,0.000000,0.000000,0.000000,0.000000
0.7001,20.576886,-0.152631,0.029155,0.000000,0.001980,-0.020777,0,-0.163020,10,0.336389,0.131121,20.576886,0.000419,14.356910,0.029155,20.576845,14.494469,0.029155,-0.152631,0.000000,0.012319,-0.543270,-52.419179,0.137560,-0.001000,0.001337,0.001926,-0.000057,0.001337,0.336389,0.131121,-9.803354,-0.009245,0.015211,-0.001000,-2.936791,-0.006113,27.000000,0.013045,20.576845,0.000419,-0.152631,0.000000,0.137000,-0.001000,2,0,1,34,35,-0.011676,-0.013087,0.028319,-0.295276,-0.010409,10.841881,1.775598,-0.006113,0.031866,6,1,0,0.000000,0,14.496824,0.000000,0.001980,0,-0.163020,0.000000,-0.020777,14.496824,-0.163020,1,1,1,6.189742,0.000000,0.000000,0.000000,0.000000,0.000000,0.000000,0.000000
0.7101,20.576772,-0.151864,0.018908,0.000000,0.011233,-0.029981,0,-0.163020,20,0.336046,0.131906,20.576772,0.000419,14.356369,0.018908,20.576749,14.493925,0.018908,-0.151864,0.000000,0.012314,-0.543270,-52.419179,0.137556,-0.001000,0.001346,0.001867,-0.000040,0.001346,0.336046,0.131906,-9.803355,0.005368,0.003846,-0.001000,-2.936565,-0.006167,27.000000,0.013045,20.576749,0.000419,-0.151864,0.000000,0.137000,-0.001000,7,0,1,34,35,-0.005294,0.004168,0.017858,-0.059307,-0.194351,9.481185,1.775824,-0.006167,0.031833,7,1,0,0.000000,0,14.496824,0.000000,0.011233,0,-0.163020,0.000000,-0.029981,14.496824,-0.163020,1,1,1,6.189841,0.000000,0.000000,0.000000,0.000000,0.000000,0.000000,0.000000
0.7201,20.576672,-0.151097,0.017858,0.000000,0.011967,-0.031515,0,-0.163020,30,0.336056,0.133260,20.576672,-0.001466,14.355849,0.017858,20.576654,14.493411,0.017858,-0.151097,0.000000,0.012378,-0.543270,-52.419179,0.137562,0.000000,0.001227,0.001936,-0.000142,0.001227,0.336056,0.133260,-9.803337,0.002687,0.002459,0.000000,-2.936310,-0.006215,27.000000,0.013045,20.576654,-0.001466,-0.151097,0.000000,0.137000,0.000000,12,0,1,34,35,-0.003157,0.002038,0.017834,-0.135407,-0.073739,9.779031,1.776079,-0.006215,0.031827,7,1,0,0.000000,0,14.496824,0.000000,0.011967,0,-0.163020,0.000000,-0.031515,14.496824,-0.163020,1,1,1,6.189940,0.000000,0.000000,0.000000,0.000000,0.000000,0.000000,0.000000
0.7301,20.576939,-0.151864,-0.013968,0.000000,-0.003086,-0.014642,0,-0.163020,40,0.335844,0.132850,20.576939,0.002513,14.356698,-0.013968,20.576941,14.494237,-0.013968,-0.151864,0.000000,0.012375,-0.543270,-52.419179,0.137540,0.000000,0.001233,0.001825,0.000099,0.001233,0.335844,0.132850,-9.803349,0.007015,-0.007866,0.000000,-2.936252,-0.006198,27.000000,0.013045,20.576941,0.002513,-0.151864,0.000000,0.137000,0.000000,17,0,1,34,35,0.005365,0.008898,-0.014079,0.249008,-0.110467,10.448842,1.776137,-0.006198,0.031798,6,1,0,0.000000,0,14.496824,0.000000,-0.003086,0,-0.163020,0.000000,-0.014642,14.496824,-0.163020,1,1,1,6.190039,0.000000,0.000000,0.000000,0.000000,0.000000,0.000000,0.000000
0.7401,20.577115,-0.151864,-0.001221,0.000000,0.007614,-0.022311,0,-0.163020,50,0.336033,0.131962,20.577115,0.001466,14.356489,-0.001221,20.577133,14.494034,-0.001221,-0.151864,0.000000,0.012365,-0.543270,-52.419179,0.137545,0.000000,0.001251,0.001782,0.000033,0.001251,0.336033,0.131962,-9.803355,0.003378,-0.011195,0.000000,-2.936458,-0.006121,27.000000,0.013045,20.577133,0.001466,-0.151864,0.000000,0.137000,0.000000,22,0,1,34,35,0.009640,0.006603,-0.001302,0.359721,0.171115,9.332004,1.775931,-0.006121,0.031831,7,1,0,0.000000,0,14.496824,0.000000,0.007614,0,-0.163020,0.000000,-0.022311,14.496824,-0.163020,1,1,1,6.190138,0.000000,0.000000,0.000000,0.000000,0.000000,0.000000,0.000000
0.7501,20.576685,-0.151864,0.016106,0.000000,0.003590,-0.022311,0,-0.163020,60,0.337690,0.130884,20.576685,-0.005550,14.356647,0.016106,20.576654,14.494200,0.016106,-0.151864,0.000000,0.012362,-0.543270,-52.419179,0.137553,-0.002000,0.001258,0.001813,-0.000245,0.001258,0.337690,0.130884,-9.803312,0.023158,-0.004034,-0.002000,-2.936295,-0.006042,27.000000,0.013045,20.576654,-0.005550,-0.151864,0.000000,0.137000,-0.002000,27,0,1,34,35,-0.003181,0.023464,0.013817,-0.545649,0.373938,10.682882,1.776094,-0.006042,0.032014,7,1,0,0.000000,0,14.496824,0.000000,0.003590,0,-0.163020,0.000000,-0.022311,14.496824,-0.163020,1,1,1,6.190237,0.000000,0.000000,0.000000,0.000000,0.000000,0.000000,0.000000
0.7601,20.576475,-0.151864,-0.011993,0.000000,0.004344,-0.022311,0,-0.163020,70,0.337616,0.131610,20.576475,0.000419,14.356735,-0.011993,20.576462,14.494275,-0.011993,-0.151864,0.000000,0.012445,-0.543270,-52.419179,0.137541,0.000000,0.001105,0.001831,0.000177,0.001105,0.337616,0.131610,-9.803305,0.002140,-0.001838,0.000000,-2.936220,-0.006031,27.000000,0.013045,20.576462,0.000419,-0.151864,0.000000,0.137000,0.000000,32,0,1,34,35,0.001103,0.002447,-0.012024,0.234815,-0.136956,8.716319,1.776169,-0.006031,0.031996,6,1,0,0.000000,0,14.496824,0.000000,0.004344,0,-0.163020,0.000000,-0.022311,14.496824,-0.163020,1,1,1,6.190332,0.000000,0.000000,0.000000,0.000000,0.000000,0.000000,0.000000
0.7701,20.576654,-0.151864,0.005879,0.000000,0.006004,-0.022311,0,-0.163020,80,0.337220,0.131617,20.576654,0.000419,14.356650,0.005879,20.576654,14.494200,0.005879,-0.151864,0.000000,0.012537,-0.543270,-52.419179,0.137550,-0.001000,0.000935,0.001981,-0.000284,0.000935,0.337220,0.131617,-9.803319,-0.012844,-0.019486,-0.001000,-2.936299,-0.005933,27.000000,0.013045,20.576654,0.000419,-0.151864,0.000000,0.137000,-0.001000,37,0,1,34,35,0.022463,-0.006267,0.004958,-0.249739,0.216257,10.298675,1.776090,-0.005933,0.031956,7,1,0,0.000000,0,14.496824,0.000000,0.006004,0,-0.163020,0.000000,-0.022311,14.496824,-0.163020,1,1,1,6.190429,0.000000,0.000000,0.000000,0.000000,0.000000,0.000000,0.000000
0.7801,20.576552,-0.151864,-0.005599,0.000000,0.005608,-0.022311,0,-0.163020,90,0.336563,0.130448,20.576552,0.000419,14.356631,-0.005599,20.576558,14.494170,-0.005599,-0.151864,0.000000,0.012485,-0.543270,-52.419179,0.137539,0.000000,0.001031,0.001858,0.000013,0.001031,0.336563,0.130448,-9.803357,0.003265,0.002282,0.000000,-2.936331,-0.005857,27.000000,0.013045,20.576558,0.000419,-0.151864,0.000000,0.137000,0.000000,42,0,1,34,35,-0.003164,0.002349,-0.005629,0.007844,-0.016408,9.789270,1.776058,-0.005857,0.031908,6,1,0,0.000000,0,14.496824,0.000000,0.005608,0,-0.163020,0.000000,-0.022311,14.496824,-0.163020,1,1,1,6.190525,0.000000,0.000000,0.000000,0.000000,0.000000,0.000000,0.000000
0.7901,20.576640,-0.151864,-0.013057,0.000000,0.006926,-0.022311,0,-0.163020,100,0.336873,0.131669,20.576640,0.000419,14.356496,-0.013057,20.576654,14.494035,-0.013057,-0.151864,0.000000,0.012571,-0.543270,-52.419179,0.137539,0.001000,0.000872,0.001848,0.000039,0.000872,0.336873,0.131669,-9.803330,0.004596,0.013058,0.001000,-2.936464,-0.005899,27.000000,0.013045,20.576654,0.000419,-0.151864,0.000000,0.137000,0.001000,47,0,1,34,35,-0.013837,0.000267,-0.012061,0.167575,0.118589,8.929392,1.775925,-0.005899,0.031920,7,1,0,0.000000,0,14.496824,0.000000,0.006926,0,-0.163020,0.000000,-0.022311,14.496824,-0.163020,1,1,1,6.190621,0.000000,0.000000,0.000000,0.000000,0.000000,0.000000,0.000000
0.8001,20.576650,-0.151864,-0.009810,0.000000,0.007808,-0.022311,0,-0.163020,110,0.337280,0.131847,20.576650,0.002513,14.356307,-0.009810,20.576654,14.493849,-0.009810,-0.151864,0.000000,0.012557,-0.543270,-52.419179,0.137542,0.000000,0.000899,0.001860,0.000016,0.000899,0.337280,0.131847,-9.803314,0.004766,-0.000433,0.000000,-2.936649,-0.005938,27.000000,0.013045,20.576654,0.002513,-0.151864,0.000000,0.137000,0.000000,52,0,1,34,35,-0.001033,0.004549,-0.009868,-0.287117,0.221793,10.624100,1.775740,-0.005938,0.031958,6,1,0,0.000000,0,14.496824,0.000000,0.007808,0,-0.163020,0.000000,-0.022311,14.496824,-0.163020,1,1,1,6.190718,0.000000,0.000000,0.000000,0.000000,0.000000,0.000000,0.000000
0.8101,20.576648,-0.151864,0.000700,0.000000,0.006261,-0.022311,0,-0.163020,120,0.337236,0.128761,20.576648,-0.000419,14.356285,0.000700,20.576654,14.493823,0.000700,-0.151864,0.000000,0.012198,-0.543270,-52.419179,0.137539,0.000000,0.001559,0.001816,-0.000096,0.001559,0.337236,0.128761,-9.803356,-0.002249,-0.000451,0.000000,-2.936674,-0.005984,27.000000,0.013045,20.576654,-0.000419,-0.151864,0.000000,0.137000,0.000000,57,0,1,34,35,0.001111,-0.001997,0.000724,-0.242748,0.190033,9.322231,1.775715,-0.005984,0.032002,7,1,0,0.000000,0,14.496824,0.000000,0.006261,0,-0.163020,0.000000,-0.022311,14.496824,-0.163020,1,1,1,6.190821,0.000000,0.000000,0.000000,0.000000,0.000000,0.000000,0.000000
0.8201,20.576643,-0.151864,-0.012350,0.000000,0.007256,-0.022311,0,-0.163020,130,0.337281,0.130448,20.576643,0.000419,14.356184,-0.012350,20.576654,14.493719,-0.012350,-0.151864,0.000000,0.012333,-0.543270,-52.419179,0.137535,0.000000,0.001310,0.001930,-0.000078,0.001310,0.337281,0.130448,-9.803332,-0.012759,0.000647,0.000000,-2.936777,-0.006020,27.000000,0.013045,20.576654,0.000419,-0.151864,0.000000,0.137000,0.000000,62,0,1,34,35,0.003253,-0.012506,-0.012196,-0.354226,0.326114,10.692097,1.775612,-0.006020,0.031980,7,1,0,0.000000,0,14.496824,0.000000,0.007256,0,-0.163020,0.000000,-0.022311,14.496824,-0.163020,1,1,1,6.190916,0.000000,0.000000,0.000000,0.000000,0.000000,0.000000,0.000000
0.8301,20.576761,-0.151864,0.013692,0.000000,0.006239,-0.022311,0,-0.163020,140,0.336521,0.130482,20.576761,0.001466,14.356165,0.013692,20.576749,14.493716,0.013692,-0.151864,0.000000,0.012306,-0.543270,-52.419179,0.137551,0.000000,0.001360,0.001857,0.000000,0.001360,0.336521,0.130482,-9.803358,0.008151,0.005204,0.000000,-2.936779,-0.006038,27.000000,0.013045,20.576749,0.001466,-0.151864,0.000000,0.137000,0.000000,67,0,1,34,35,-0.007432,0.006356,0.013615,0.149325,-0.148920,8.907552,1.775610,-0.006038,0.031903,7,1,0,0.000000,0,14.496824,0.000000,0.006239,0,-0.163020,0.000000,-0.022311,14.496824,-0.163020,1,1,1,6.191012,0.000000,0.000000,0.000000,0.000000,0.000000,0.000000,0.000000
0.8401,20.576773,-0.151864,0.015623,0.000000,0.004226,-0.022311,0,-0.163020,150,0.337074,0.131753,20.576773,-0.000419,14.356326,0.015623,20.576749,14.493882,0.015623,-0.151864,0.000000,0.012412,-0.543270,-52.419179,0.137556,0.000000,0.001165,0.001938,-0.000024,0.001165,0.337074,0.131753,-9.803322,-0.001332,0.003733,0.000000,-2.936612,-0.006069,27.000000,0.013045,20.576749,-0.000419,-0.151864,0.000000,0.137000,0.000000,72,0,1,34,35,-0.003153,-0.002208,0.015652,-0.353597,0.332730,10.931424,1.775777,-0.006069,0.031939,6,1,0,0.000000,0,14.496824,0.000000,0.004226,0,-0.163020,0.000000,-0.022311,14.496824,-0.163020,1,1,1,6.191108,0.000000,0.000000,0.000000,0.000000,0.000000,0.000000,0.000000
0.8501,20.576643,-0.151864,-0.007624,0.000000,0.006288,-0.022311,0,-0.163020,160,0.337479,0.131101,20.576643,0.000419,14.356308,-0.007624,20.576654,14.493849,-0.007624,-0.151864,0.000000,0.012336,-0.543270,-52.419179,0.137541,0.000000,0.001304,0.001938,-0.000183,0.001304,0.337479,0.131101,-9.803317,0.005465,-0.005134,0.000000,-2.936645,-0.006085,27.000000,0.013045,20.576654,0.000419,-0.151864,0.000000,0.137000,0.000000,77,0,1,34,35,0.003234,0.006670,-0.007707,-0.031066,-0.239435,9.260631,1.775744,-0.006085,0.031990,7,1,0,0.000000,0,14.496824,0.000000,0.006288,0,-0.163020,0.000000,-0.022311,14.496824,-0.163020,1,1,1,6.191204,0.000000,0.000000,0.000000,0.000000,0.000000,0.000000,0.000000
0.8601,20.576734,-0.151864,-0.016309,0.000000,0.007749,-0.022311,0,-0.163020,170,0.337259,0.131581,20.576734,0.000419,14.356162,-0.016309,20.576749,14.493699,-0.016309,-0.151864,0.000000,0.012411,-0.543270,-52.419179,0.137537,0.000000,0.001168,0.001830,0.000037,0.001168,0.337259,0.131581,-9.803318,0.000207,-0.001225,0.000000,-2.936796,-0.006056,27.000000,0.013045,20.576749,0.000419,-0.151864,0.000000,0.137000,0.000000,82,0,1,34,35,0.001104,0.000367,-0.016315,0.150411,-0.191410,9.251661,1.775593,-0.006056,0.031960,6,1,0,0.000000,0,14.496824,0.000000,0.007749,0,-0.163020,0.000000,-0.022311,14.496824,-0.163020,1,1,1,6.191298,0.000000,0.000000,0.000000,0.000000,0.000000,0.000000,0.000000
0.8701,20.576647,-0.151864,-0.004542,0.000000,0.006779,-0.022311,0,-0.163020,180,0.337333,0.131193,20.576647,0.001466,14.356114,-0.004542,20.576654,14.493655,-0.004542,-0.151864,0.000000,0.012416,-0.543270,-52.419179,0.137541,-0.001000,0.001158,0.001817,-0.000000,0.001158,0.337333,0.131193,-9.803321,0.003377,-0.004472,-0.001000,-2.936841,-0.006013,27.000000,0.013045,20.576654,0.001466,-0.151864,0.000000,0.137000,-0.001000,87,0,1,34,35,0.003237,0.004505,-0.005598,0.143023,-0.088100,10.181026,1.775548,-0.006013,0.031974,7,1,0,0.000000,0,14.496824,0.000000,0.006779,0,-0.163020,0.000000,-0.022311,14.496824,-0.163020,1,1,1,6.191393,0.000000,0.000000,0.000000,0.000000,0.000000,0.000000,0.000000
0.8801,20.576840,-0.151864,0.006124,0.000000,0.007081,-0.022311,0,-0.163020,190,0.337469,0.131341,20.576840,0.003560,14.356044,0.006124,20.576845,14.493593,0.006124,-0.151864,0.000000,0.012500,-0.543270,-52.419179,0.137549,-0.001000,0.001003,0.001943,0.000128,0.001003,0.337469,0.131341,-9.803314,0.001829,-0.008464,-0.001000,-2.936905,-0.005946,27.000000,0.013045,20.576845,0.003560,-0.151864,0.000000,0.137000,-0.001000,92,0,1,34,35,0.007510,0.004375,0.005070,0.082256,-0.025947,9.014018,1.775484,-0.005946,0.031985,6,1,0,0.000000,0,14.496824,0.000000,0.007081,0,-0.163020,0.000000,-0.022311,14.496824,-0.163020,1,1,1,6.191488,0.000000,0.000000,0.000000,0.000000,0.000000,0.000000,0.000000
0.8901,20.576662,-0.151864,0.007253,0.000000,0.006525,-0.022311,0,-0.163020,200,0.337215,0.131121,20.576662,0.001466,14.356037,0.007253,20.576654,14.493588,0.007253,-0.151864,0.000000,0.012535,-0.543270,-52.419179,0.137550,0.000000,0.000938,0.001939,-0.000112,0.000938,0.337215,0.131121,-9.803326,0.003061,-0.004376,0.000000,-2.936912,-0.005885,27.000000,0.013045,20.576654,0.001466,-0.151864,0.000000,0.137000,0.000000,97,0,1,34,35,0.003241,0.004335,0.007200,-0.076639,0.042468,10.440597,1.775477,-0.005885,0.031963,7,1,0,0.000000,0,14.496824,0.000000,0.006525,0,-0.163020,0.000000,-0.022311,14.496824,-0.163020,1,1,1,6.191583,0.000000,0.000000,0.000000,0.000000,0.000000,0.000000,0.000000
0.9001,20.577994,-0.151864,-0.003258,0.000000,0.006002,-0.022311,0,-0.163020,210,0.337376,0.130734,20.577994,0.016860,14.356084,-0.003258,20.577996,14.493627,-0.003258,-0.151864,0.000000,0.012525,-0.543270,-52.419179,0.137543,0.000000,0.000957,0.002000,0.000193,0.000957,0.337376,0.130734,-9.803325,0.010714,-0.002336,0.000000,-2.936874,-0.005859,27.000000,0.013045,20.577996,0.016860,-0.151864,0.000000,0.137000,0.000000,102,0,1,34,35,-0.001038,0.010875,-0.003394,0.140240,-0.113388,9.128022,1.775515,-0.005859,0.031985,6,1,0,0.000000,0,14.496824,0.000000,0.006002,0,-0.163020,0.000000,-0.022311,14.496824,-0.163020,1,1,1,6.191679,0.000000,0.000000,0.000000,0.000000,0.000000,0.000000,0.000000
0.9101,20.577993,-0.151864,-0.015331,0.000000,0.006879,-0.022311,0,-0.163020,220,0.336814,0.126692,20.577993,-0.000419,14.356064,-0.015331,20.577996,14.493587,-0.015331,-0.151864,0.000000,0.012133,-0.543270,-52.419179,0.137523,0.001000,0.001679,0.001839,-0.000087,0.001679,0.336814,0.126692,-9.803398,-0.005313,0.002773,0.001000,-2.936916,-0.005834,27.000000,0.013045,20.577996,-0.000419,-0.151864,0.000000,0.137000,0.001000,107,0,1,34,35,-0.001023,-0.006079,-0.014258,-0.200540,0.191268,10.776976,1.775473,-0.005834,0.031991,7,1,0,0.000000,0,14.496824,0.000000,0.006879,0,-0.163020,0.000000,-0.022311,14.496824,-0.163020,1,1,1,6.191785,0.000000,0.000000,0.000000,0.000000,0.000000,0.000000,0.000000
0.9201,20.577032,-0.151864,0.000898,0.000000,0.007610,-0.022311,0,-0.163020,230,0.337115,0.126900,20.577032,-0.006597,14.355959,0.000898,20.577037,14.493492,0.000898,-0.151864,0.000000,0.012127,-0.543270,-52.419179,0.137533,0.000000,0.001691,0.001817,-0.000098,0.001691,0.337115,0.126900,-9.803385,0.007824,0.003070,0.000000,-2.937009,-0.005866,27.000000,0.013045,20.577037,-0.006597,-0.151864,0.000000,0.137000,0.000000,112,0,1,34,35,-0.007431,0.002252,0.000767,-0.240025,0.262658,10.413992,1.775379,-0.005862,0.032016,7,1,0,0.000000,0,14.496824,0.000000,0.007610,0,-0.163020,0.000000,-0.022311,14.496824,-0.163020,1,1,1,6.191881,0.000000,0.000000,0.000000,0.000000,0.000000,0.000000,0.000000
0.9301,20.577228,-0.152631,-0.003627,0.000000,-0.002584,-0.013108,0,-0.163020,240,0.337726,0.131593,20.577228,0.005550,14.356717,-0.003627,20.577229,14.494263,-0.003627,-0.152631,0.000000,0.012583,-0.543270,-52.419179,0.137546,0.000000,0.000850,0.001985,0.000195,0.000850,0.337726,0.131593,-9.803302,-0.000958,0.010344,0.000000,-2.937003,-0.005917,27.000000,0.013045,20.577229,0.005550,-0.152631,0.000000,0.137000,0.000000,117,0,1,34,35,-0.009561,-0.004108,-0.003575,0.062676,-0.014510,8.860994,1.775386,-0.005917,0.031993,6,1,0,0.000000,0,14.496824,0.000000,-0.002584,0,-0.163020,0.000000,-0.013108,14.496824,-0.163020,1,1,1,6.191969,0.000000,0.000000,0.000000,0.000000,0.000000,0.000000,0.000000
0.9401,20.577342,-0.151864,0.012361,0.000000,0.014307,-0.029981,0,-0.163020,250,0.336549,0.128317,20.577342,0.000419,14.355957,0.012361,20.577325,14.493497,0.012361,-0.151864,0.000000,0.012202,-0.543270,-52.419179,0.137541,-0.001000,0.001551,0.001971,0.000085,0.001551,0.336549,0.128317,-9.803386,-0.001866,0.001666,-0.001000,-2.937002,-0.005925,27.000000,0.013045,20.577325,0.000419,-0.151864,0.000000,0.137000,-0.001000,122,0,1,34,35,-0.001015,-0.006419,0.011338,-0.065990,0.188277,11.025864,1.775380,-0.005925,0.031944,7,1,0,0.000000,0,14.496824,0.000000,0.014307,0,-0.163020,0.000000,-0.029981,14.496824,-0.163020,1,1,1,6.192072,0.000000,0.000000,0.000000,0.000000,0.000000,0.000000,0.000000
0.9501,20.576859,-0.151864,0.001048,0.000000,0.004359,-0.022311,0,-0.163020,4,0.337302,0.128759,20.576859,-0.003560,14.356150,0.001048,20.576845,14.493689,0.001048,-0.151864,0.000000,0.012234,-0.543270,-52.419179,0.137539,0.000000,0.001493,0.001822,-0.000225,0.001493,0.337302,0.128759,-9.803354,0.015216,0.005205,0.000000,-2.936810,-0.005949,27.000000,0.013045,20.576845,-0.003560,-0.151864,0.000000,0.137000,0.000000,127,0,1,34,35,-0.009577,0.012931,0.000889,-0.472820,0.399683,9.372040,1.775579,-0.005949,0.032008,6,1,0,0.000000,0,14.496824,0.000000,0.004359,0,-0.163020,0.000000,-0.022311,14.496824,-0.163020,1,1,1,6.192165,0.000000,0.000000,0.000000,0.000000,0.000000,0.000000,0.000000
0.9601,20.577015,-0.151864,-0.016521,0.000000,0.007270,-0.022311,0,-0.163020,14,0.336924,0.130205,20.577015,0.003560,14.356075,-0.016521,20.577037,14.493605,-0.016521,-0.151864,0.000000,0.012304,-0.543270,-52.419179,0.137530,0.000000,0.001365,0.001992,0.000310,0.001365,0.336924,0.130205,-9.803348,-0.005370,0.009505,0.000000,-2.936890,-0.006019,27.000000,0.013045,20.577037,0.003560,-0.151864,0.000000,0.137000,0.000000,132,0,1,34,35,-0.007425,-0.008206,-0.016421,0.000041,0.342953,10.893476,1.775498,-0.006019,0.031948,7,1,0,0.000000,0,14.496824,0.000000,0.007270,0,-0.163020,0.000000,-0.022311,14.496824,-0.163020,1,1,1,6.192258,0.000000,0.000000,0.000000,0.000000,0.000000,0.000000,0.000000
0.9701,20.577411,-0.151864,-0.003111,0.000000,0.007982,-0.022311,0,-0.163020,24,0.337181,0.129757,20.577411,0.000419,14.355938,-0.003111,20.577420,14.493477,-0.003111,-0.151864,0.000000,0.012303,-0.543270,-52.419179,0.137539,0.000000,0.001367,0.001938,-0.000160,0.001367,0.337181,0.129757,-9.803345,0.018109,-0.000201,0.000000,-2.937021,-0.005979,27.000000,0.013045,20.577420,0.000419,-0.151864,0.000000,0.137000,0.000000,137,0,1,34,35,-0.005314,0.017273,-0.003323,-0.051262,-0.178185,8.945408,1.775368,-0.005979,0.031981,6,1,0,0.000000,0,14.496824,0.000000,0.007982,0,-0.163020,0.000000,-0.022311,14.496824,-0.163020,1,1,1,6.192352,0.000000,0.000000,0.000000,0.000000,0.000000,0.000000,0.000000
0.9801,20.576951,-0.151864,0.007298,0.000000,0.006911,-0.022311,0,-0.163020,34,0.337303,0.129720,20.576951,-0.002513,14.355912,0.007298,20.576941,14.493459,0.007298,-0.151864,0.000000,0.012345,-0.543270,-52.419179,0.137546,0.000000,0.001289,0.001938,-0.000012,0.001289,0.337303,0.129720,-9.803341,0.007024,0.001083,0.000000,-2.937040,-0.005935,27.000000,0.013045,20.576941,-0.002513,-0.151864,0.000000,0.137000,0.000000,142,0,1,34,35,-0.003165,0.006453,0.007219,-0.076228,0.172447,10.757727,1.775349,-0.005935,0.031993,7,1,0,0.000000,0,14.496824,0.000000,0.006911,0,-0.163020,0.000000,-0.022311,14.496824,-0.163020,1,1,1,6.192445,0.000000,0.000000,0.000000,0.000000,0.000000,0.000000,0.000000
0.9901,20.577211,-0.151864,-0.025188,0.000000,0.007166,-0.022311,0,-0.163020,44,0.337711,0.129401,20.577211,0.002513,14.355899,-0.025188,20.577229,14.493422,-0.025188,-0.151864,0.000000,0.012316,-0.543270,-52.419179,0.137524,0.000000,0.001342,0.001938,-0.000004,0.001342,0.337711,0.129401,-9.803331,-0.017053,-0.006937,0.000000,-2.937076,-0.005938,27.000000,0.013045,20.577229,0.002513,-0.151864,0.000000,0.137000,0.000000,147,0,1,34,35,0.011790,-0.014448,-0.025012,-0.288019,0.112823,10.154052,1.775313,-0.005938,0.032040,7,1,0,0.000000,0,14.496824,0.000000,0.007166,0,-0.163020,0.000000,-0.022311,14.496824,-0.163020,1,1,1,6.192540,0.000000,0.000000,0.000000,0.000000,0.000000,0.000000,0.000000
1.0001,20.577130,-0.151864,-0.005497,0.000000,0.008804,-0.022311,0,-0.163020,54,0.337201,0.128707,20.577130,0.000419,14.355721,-0.005497,20.577133,14.493256,-0.005497,-0.151864,0.000000,0.012308,-0.543270,-52.419179,0.137535,0.000000,0.001356,0.001830,0.000029,0.001356,0.337201,0.128707,-9.803358,0.007338,0.000986,0.000000,-2.937245,-0.005868,27.000000,0.013045,20.577133,0.000419,-0.151864,0.000000,0.137000,0.000000,152,0,1,34,35,-0.003169,0.006623,-0.005579,0.024650,0.163376,9.169009,1.775144,-0.005868,0.031999,6,1,0,0.000000,0,14.496824,0.000000,0.008804,0,-0.163020,0.000000,-0.022311,14.496824,-0.163020,1,1,1,6.192633,0.000000,0.000000,0.000000,0.000000,0.000000,0.000000,0.000000
1.0101,20.577238,-0.151864,0.009281,0.000000,0.006933,-0.022311,0,-0.163020,64,0.337354,0.128761,20.577238,0.001466,14.355728,0.009281,20.577229,14.493273,0.009281,-0.151864,0.000000,0.012363,-0.543270,-52.419179,0.137545,0.000000,0.001255,0.001834,0.000177,0.001255,0.337354,0.128761,-9.803352,-0.000422,-0.001032,0.000000,-2.937230,-0.005821,27.000000,0.013045,20.577229,0.001466,-0.151864,0.000000,0.137000,0.000000,157,0,1,34,35,0.001112,0.000026,0.009281,-0.105700,0.279498,10.605657,1.775159,-0.005821,0.032013,7,1,0,0.000000,0,14.496824,0.000000,0.006933,0,-0.163020,0.000000,-0.022311,14.496824,-0.163020,1,1,1,6.192725,0.000000,0.000000,0.000000,0.000000,0.000000,0.000000,0.000000
1.0201,20.577026,-0.151864,-0.010115,0.000000,0.007531,-0.022311,0,-0.163020,74,0.337521,0.129021,20.577026,-0.001466,14.355705,-0.010115,20.577037,14.493237,-0.010115,-0.151864,0.000000,0.012391,-0.543270,-52.419179,0.137532,0.000000,0.001204,0.002013,-0.000175,0.001204,0.337521,0.129021,-9.803343,-0.008738,-0.000626,0.000000,-2.937265,-0.005822,27.000000,0.013045,20.577037,-0.001466,-0.151864,0.000000,0.137000,0.000000,162,0,1,34,35,0.003250,-0.008260,-0.010014,0.006280,-0.047115,9.176454,1.775124,-0.005822,0.032026,7,1,0,0.000000,0,14.496824,0.000000,0.007531,0,-0.163020,0.000000,-0.022311,14.496824,-0.163020,1,1,1,6.192819,0.000000,0.000000,0.000000,0.000000,0.000000,0.000000,0.000000
1.0301,20.577109,-0.151864,-0.018341,0.000000,0.008868,-0.022311,0,-0.163020,84,0.337277,0.128500,20.577109,-0.000419,14.355569,-0.018341,20.577133,14.493096,-0.018341,-0.151864,0.000000,0.012328,-0.543270,-52.419179,0.137526,0.000000,0.001319,0.001987,-0.000061,0.001319,0.337277,0.128500,-9.803358,0.004973,-0.000498,0.000000,-2.937406,-0.005828,27.000000,0.013045,20.577133,-0.000419,-0.151864,0.000000,0.137000,0.000000,167,0,1,34,35,-0.001036,0.004663,-0.018400,0.114537,-0.145487,10.180431,1.774983,-0.005828,0.032010,6,1,0,0.000000,0,14.496824,0.000000,0.008868,0,-0.163020,0.000000,-0.022311,14.496824,-0.163020,1,1,1,6.192913,0.000000,0.000000,0.000000,0.000000,0.000000,0.000000,0.000000
1.0401,20.577236,-0.151864,0.001998,0.000000,0.007247,-0.022311,0,-0.163020,94,0.337685,0.129234,20.577236,0.001466,14.355574,0.001998,20.577229,14.493113,0.001998,-0.151864,0.000000,0.012394,-0.543270,-52.419179,0.137540,-0.001000,0.001198,0.001997,-0.000018,0.001198,0.337685,0.129234,-9.803335,0.013182,0.005846,-0.001000,-2.937388,-0.005843,27.000000,0.013045,20.577229,0.001466,-0.151864,0.000000,0.137000,-0.001000,172,0,1,34,35,-0.009575,0.010794,0.000865,0.188259,-0.227280,9.059916,1.775001,-0.005843,0.032039,6,1,0,0.000000,0,14.496824,0.000000,0.007247,0,-0.163020,0.000000,-0.022311,14.496824,-0.163020,1,1,1,6.193006,0.000000,0.000000,0.000000,0.000000,0.000000,0.000000,0.000000
1.0501,20.577227,-0.151864,-0.002819,0.000000,0.007449,-0.022311,0,-0.163020,104,0.337921,0.129716,20.577227,0.001466,14.355572,-0.002819,20.577229,14.493111,-0.002819,-0.151864,0.000000,0.012404,-0.543270,-52.419179,0.137539,-0.001000,0.001179,0.001834,0.000007,0.001179,0.337921,0.129716,-9.803320,-0.013610,-0.001317,-0.001000,-2.937389,-0.005885,27.000000,0.013045,20.577229,0.001466,-0.151864,0.000000,0.137000,-0.001000,177,0,1,34,35,0.005391,-0.012613,-0.003662,-0.204322,0.386966,9.640059,1.775000,-0.005885,0.032056,6,1,0,0.000000,0,14.496824,0.000000,0.007449,0,-0.163020,0.000000,-0.022311,14.496824,-0.163020,1,1,1,6.193099,0.000000,0.000000,0.000000,0.000000,0.000000,0.000000,0.000000
1.0601,20.577132,-0.151864,-0.003622,0.000000,0.007695,-0.022311,0,-0.163020,114,0.337628,0.130168,20.577132,-0.000419,14.355548,-0.003622,20.577133,14.493089,-0.003622,-0.151864,0.000000,0.012410,-0.543270,-52.419179,0.137541,0.000000,0.001170,0.001841,0.000005,0.001170,0.337628,0.130168,-9.803324,-0.002252,0.006272,0.000000,-2.937410,-0.005921,27.000000,0.013045,20.577133,-0.000419,-0.151864,0.000000,0.137000,0.000000,182,0,1,34,35,-0.005291,-0.004096,-0.003572,-0.164074,0.472238,10.483140,1.774979,-0.005921,0.032019,7,1,0,0.000000,0,14.496824,0.000000,0.007695,0,-0.163020,0.000000,-0.022311,14.496824,-0.163020,1,1,1,6.193192,0.000000,0.000000,0.000000,0.000000,0.000000,0.000000,0.000000
1.0701,20.577140,-0.151864,0.007187,0.000000,0.006466,-0.022311,0,-0.163020,124,0.338094,0.131446,20.577140,-0.000419,14.355619,0.007187,20.577133,14.493172,0.007187,-0.151864,0.000000,0.012499,-0.543270,-52.419179,0.137553,0.000000,0.001005,0.001937,-0.000020,0.001005,0.338094,0.131446,-9.803291,0.006164,0.012554,0.000000,-2.937325,-0.005967,27.000000,0.013045,20.577133,-0.000419,-0.151864,0.000000,0.137000,0.000000,187,0,1,34,35,-0.013833,0.002149,0.007161,0.043850,-0.062919,8.908347,1.775064,-0.005967,0.032047,7,1,0,0.000000,0,14.496824,0.000000,0.006466,0,-0.163020,0.000000,-0.022311,14.496824,-0.163020,1,1,1,6.193283,0.000000,0.000000,0.000000,0.000000,0.000000,0.000000,0.000000
1.0801,20.577221,-0.151864,-0.010605,0.000000,0.007778,-0.022311,0,-0.163020,134,0.337930,0.128265,20.577221,0.001466,14.355600,-0.010605,20.577229,14.493133,-0.010605,-0.151864,0.000000,0.012163,-0.543270,-52.419179,0.137533,0.001000,0.001623,0.001850,0.000112,0.001623,0.337930,0.128265,-9.803339,0.011621,-0.007094,0.001000,-2.937365,-0.005980,27.000000,0.013045,20.577229,0.001466,-0.151864,0.000000,0.137000,0.001000,192,0,1,34,35,0.003251,-0.006265,0.000676,-0.190351,0.009596,10.775157,1.775031,-0.005982,0.032073,7,1,0,0.000000,0,14.496824,0.000000,0.007778,0,-0.163020,0.000000,-0.022311,14.496824,-0.163020,1,1,1,6.193381,0.000000,0.000000,0.000000,0.000000,0.000000,0.000000,0.000000
1.0901,20.577207,-0.151864,-0.005641,0.000000,0.009078,-0.022311,0,-0.163020,144,0.337961,0.128555,20.577207,0.004503,14.355456,-0.005641,20.577229,14.492992,-0.005641,-0.151864,0.000000,0.012199,-0.543270,-52.419179,0.137535,0.000000,0.001558,0.001937,0.000226,0.001558,0.337961,0.128555,-9.803334,-0.001985,-0.007251,0.000000,-2.937506,-0.005974,27.000000,0.013045,20.577229,0.004503,-0.151864,0.000000,0.137000,0.000000,197,0,1,34,35,0.005377,-0.001815,-0.012070,0.017179,-0.147207,9.539131,1.774887,-0.005980,0.032080,7,1,0,0.000000,0,14.496824,0.000000,0.009078,0,-0.163020,0.000000,-0.022311,14.496824,-0.163020,1,1,1,6.193473,0.000000,0.000000,0.000000,0.000000,0.000000,0.000000,0.000000
1.1001,20.577225,-0.151864,0.013701,0.000000,0.008020,-0.022311,0,-0.163020,154,0.338206,0.128800,20.577225,0.002513,14.355412,0.013701,20.577229,14.492962,0.013701,-0.151864,0.000000,0.012235,-0.543270,-52.419179,0.137550,0.000000,0.001491,0.001947,0.000208,0.001491,0.338206,0.128800,-9.803322,0.004940,-0.004978,0.000000,-2.937536,-0.005966,27.000000,0.013045,20.577229,0.002513,-0.151864,0.000000,0.137000,0.000000,1,0,1,34,35,0.003241,0.006386,0.013623,-0.296124,0.031020,10.583895,1.774853,-0.005966,0.032099,7,1,0,0.000000,0,14.496824,0.000000,0.008020,0,-0.163020,0.000000,-0.022311,14.496824,-0.163020,1,1,1,6.193565,0.000000,0.000000,0.000000,0.000000,0.000000,0.000000,0.000000
1.1101,20.577111,-0.151864,-0.005341,0.000000,0.008410,-0.022311,0,-0.163020,164,0.338010,0.128085,20.577111,0.000419,14.355371,-0.005341,20.577133,14.492905,-0.005341,-0.151864,0.000000,0.012186,-0.543270,-52.419179,0.137534,0.000000,0.001581,0.002001,0.000135,0.001581,0.338010,0.128085,-9.803338,0.012161,-0.005025,0.000000,-2.937594,-0.005940,27.000000,0.013045,20.577133,0.000419,-0.151864,0.000000,0.137000,0.000000,6,0,1,34,35,0.001094,0.013046,-0.005501,0.130355,-0.064876,9.071081,1.774795,-0.005940,0.032090,7,1,0,0.000000,0,14.496824,0.000000,0.008410,0,-0.163020,0.000000,-0.022311,14.496824,-0.163020,1,1,1,6.193656,0.000000,0.000000,0.000000,0.000000,0.000000,0.000000,0.000000
1.1201,20.577219,-0.151864,-0.004796,0.000000,0.008838,-0.022311,0,-0.163020,174,0.337967,0.128092,20.577219,0.000419,14.355290,-0.004796,20.577229,14.492822,-0.004796,-0.151864,0.000000,0.012237,-0.543270,-52.419179,0.137532,-0.001000,0.001488,0.001936,0.000196,0.001488,0.337967,0.128092,-9.803340,-0.007450,-0.003274,-0.001000,-2.937679,-0.005890,27.000000,0.013045,20.577229,0.000419,-0.151864,0.000000,0.137000,-0.001000,11,0,1,34,35,0.005383,-0.006174,-0.005721,-0.058806,0.264759,10.251433,1.774710,-0.005890,0.032085,7,1,0,0.000000,0,14.496824,0.000000,0.008838,0,-0.163020,0.000000,-0.022311,14.496824,-0.163020,1,1,1,6.193747,0.000000,0.000000,0.000000,0.000000,0.000000,0.000000,0.000000
1.1301,20.577129,-0.151864,-0.002128,0.000000,0.007713,-0.022311,0,-0.163020,184,0.338396,0.128204,20.577129,0.001466,14.355307,-0.002128,20.577133,14.492846,-0.002128,-0.151864,0.000000,0.012260,-0.543270,-52.419179,0.137539,0.001000,0.001445,0.001833,-0.000009,0.001445,0.338396,0.128204,-9.803324,0.010663,-0.002311,0.001000,-2.937654,-0.005884,27.000000,0.013045,20.577133,0.001466,-0.151864,0.000000,0.137000,0.001000,16,0,1,34,35,-0.001037,0.010847,-0.001261,-0.202329,0.180392,10.106936,1.774735,-0.005884,0.032127,7,1,0,0.000000,0,14.496824,0.000000,0.007713,0,-0.163020,0.000000,-0.022311,14.496824,-0.163020,1,1,1,6.193839,0.000000,0.000000,0.000000,0.000000,0.000000,0.000000,0.000000
1.1401,20.577037,-0.151864,-0.007735,0.000000,0.008434,-0.022311,0,-0.163020,194,0.338230,0.128003,20.577037,0.001466,14.355273,-0.007735,20.577037,14.492806,-0.007735,-0.151864,0.000000,0.012272,-0.543270,-52.419179,0.137533,0.000000,0.001423,0.001837,-0.000193,0.001423,0.338230,0.128003,-9.803332,0.004602,0.006336,0.000000,-2.937695,-0.005850,27.000000,0.013045,20.577037,0.001466,-0.151864,0.000000,0.137000,0.000000,21,0,1,34,35,-0.007434,0.002366,-0.007765,-0.013644,0.041171,8.995489,1.774694,-0.005850,0.032113,6,1,0,0.000000,0,14.496824,0.000000,0.008434,0,-0.163020,0.000000,-0.022311,14.496824,-0.163020,1,1,1,6.193930,0.000000,0.000000,0.000000,0.000000,0.000000,0.000000,0.000000
1.1501,20.577230,-0.151864,0.013440,0.000000,0.008207,-0.022311,0,-0.163020,204,0.338350,0.128408,20.577230,0.000419,14.355243,0.013440,20.577229,14.492792,0.013440,-0.151864,0.000000,0.012330,-0.543270,-52.419179,0.137549,0.000000,0.001316,0.001946,0.000187,0.001316,0.338350,0.128408,-9.803322,-0.003313,0.004365,0.000000,-2.937710,-0.005834,27.000000,0.013045,20.577229,0.000419,-0.151864,0.000000,0.137000,0.000000,26,0,1,34,35,-0.003152,-0.004317,0.013494,-0.095709,0.117539,10.556183,1.774679,-0.005834,0.032119,7,1,0,0.000000,0,14.496824,0.000000,0.008207,0,-0.163020,0.000000,-0.022311,14.496824,-0.163020,1,1,1,6.194020,0.000000,0.000000,0.000000,0.000000,0.000000,0.000000,0.000000
1.1601,20.577214,-0.151864,-0.018339,0.000000,0.008384,-0.022311,0,-0.163020,214,0.338598,0.128139,20.577214,0.000419,14.355239,-0.018339,20.577229,14.492765,-0.018339,-0.151864,0.000000,0.012295,-0.543270,-52.419179,0.137526,0.000000,0.001381,0.001812,0.000111,0.001381,0.338598,0.128139,-9.803317,0.004329,-0.002534,0.000000,-2.937736,-0.005846,27.000000,0.013045,20.577229,0.000419,-0.151864,0.000000,0.137000,0.000000,31,0,1,34,35,0.001099,0.004669,-0.018398,-0.032244,-0.064728,9.051835,1.774653,-0.005846,0.032148,7,1,0,0.000000,0,14.496824,0.000000,0.008384,0,-0.163020,0.000000,-0.022311,14.496824,-0.163020,1,1,1,6.194111,0.000000,0.000000,0.000000,0.000000,0.000000,0.000000,0.000000
1.1701,20.577038,-0.151864,0.006272,0.000000,0.008872,-0.022311,0,-0.163020,224,0.338382,0.128255,20.577038,-0.002513,14.355162,0.006272,20.577037,14.492702,0.006272,-0.151864,0.000000,0.012315,-0.543270,-52.419179,0.137541,-0.001000,0.001343,0.001822,-0.000188,0.001343,0.338382,0.128255,-9.803323,0.009864,-0.004298,-0.001000,-2.937800,-0.005834,27.000000,0.013045,20.577037,-0.002513,-0.151864,0.000000,0.137000,-0.001000,36,0,1,34,35,0.001099,0.010768,0.005139,0.047701,0.061187,10.479147,1.774589,-0.005834,0.032125,6,1,0,0.000000,0,14.496824,0.000000,0.008872,0,-0.163020,0.000000,-0.022311,14.496824,-0.163020,1,1,1,6.194202,0.000000,0.000000,0.000000,0.000000,0.000000,0.000000,0.000000
1.1801,20.577136,-0.151864,0.013948,0.000000,0.007948,-0.022311,0,-0.163020,234,0.338746,0.129545,20.577136,-0.001466,14.355174,0.013948,20.577133,14.492727,0.013948,-0.151864,0.000000,0.012420,-0.543270,-52.419179,0.137553,0.000000,0.001151,0.001835,0.000001,0.001151,0.338746,0.129545,-9.803294,0.018975,0.004003,-0.000000,-2.937774,-0.005865,27.000000,0.013045,20.577133,-0.001466,-0.151864,0.000000,0.137000,0.000000,41,0,1,34,35,-0.009578,0.017034,0.013737,0.036760,-0.008009,9.885077,1.774615,-0.005865,0.032142,7,1,0,0.000000,0,14.496824,0.000000,0.007948,0,-0.163020,0.000000,-0.022311,14.496824,-0.163020,1,1,1,6.194291,0.000000,0.000000,0.000000,0.000000,0.000000,0.000000,0.000000
1.1901,20.577231,-0.152631,-0.001330,0.000000,-0.001960,-0.013108,0,-0.163020,244,0.339310,0.130029,20.577231,0.000419,14.356028,-0.001330,20.577229,14.493573,-0.001330,-0.152631,0.000000,0.012454,-0.543270,-52.419179,0.137545,0.000000,0.001088,0.001937,0.000178,0.001088,0.339310,0.130029,-9.803268,0.001874,-0.001761,0.000000,-2.937693,-0.005913,27.000000,0.013045,20.577229,0.000419,-0.152631,0.000000,0.137000,0.000000,46,0,1,34,35,0.001106,0.002305,-0.001359,-0.338185,0.160942,9.350588,1.774696,-0.005913,0.032177,7,1,0,0.000000,0,14.496824,0.000000,-0.001960,0,-0.163020,0.000000,-0.013108,14.496824,-0.163020,1,1,1,6.194381,0.000000,0.000000,0.000000,0.000000,0.000000,0.000000,0.000000
1.2001,20.577031,-0.152631,-0.001371,0.000000,0.007111,-0.020777,0,-0.163020,254,0.338881,0.129498,20.577031,0.001466,14.355979,-0.001371,20.577037,14.493522,-0.001371,-0.152631,0.000000,0.012422,-0.543270,-52.419179,0.137543,0.000000,0.001148,0.001844,-0.000084,0.001148,0.338881,0.129498,-9.803290,-0.004025,-0.013323,0.000000,-2.937745,-0.005885,27.000000,0.013045,20.577037,0.001466,-0.152631,0.000000,0.137000,0.000000,51,0,1,34,35,0.013916,0.000205,-0.001373,-0.201883,0.489103,10.665123,1.774644,-0.005885,0.032142,7,1,0,0.000000,0,14.496824,0.000000,0.007111,0,-0.163020,0.000000,-0.020777,14.496824,-0.163020,1,1,1,6.194470,0.000000,0.000000,0.000000,0.000000,0.000000,0.000000,0.000000
1.2101,20.576874,-0.151864,0.009631,0.000000,0.014366,-0.029981,0,-0.163020,8,0.339297,0.129255,20.576874,-0.004503,14.355325,0.009631,20.576845,14.492876,0.009631,-0.151864,0.000000,0.012378,-0.543270,-52.419179,0.137550,0.000000,0.001228,0.001862,-0.000222,0.001228,0.339297,0.129255,-9.803279,0.017043,0.004622,0.000000,-2.937624,-0.005886,27.000000,0.013045,20.576845,-0.004503,-0.151864,0.000000,0.137000,0.000000,56,0,1,34,35,-0.009577,0.014954,0.009446,-0.156584,-0.008130,9.109746,1.774765,-0.005886,0.032202,7,1,0,0.000000,0,14.496824,0.000000,0.014366,0,-0.163020,0.000000,-0.029981,14.496824,-0.163020,1,1,1,6.194559,0.000000,0.000000,0.000000,0.000000,0.000000,0.000000,0.000000
1.2201,20.576757,-0.151864,-0.003921,0.000000,0.006157,-0.022311,0,-0.163020,18,0.339125,0.130544,20.576757,0.002513,14.355475,-0.003921,20.576749,14.493021,-0.003921,-0.151864,0.000000,0.012497,-0.543270,-52.419179,0.137545,0.000000,0.001009,0.001935,-0.000033,0.001009,0.339125,0.130544,-9.803267,-0.018324,-0.002067,-0.000000,-2.937479,-0.005895,27.000000,0.013045,20.576749,0.002513,-0.151864,0.000000,0.137000,0.000000,61,0,1,34,35,0.007530,-0.016881,-0.003710,-0.277390,0.286964,10.768317,1.774910,-0.005895,0.032164,6,1,0,0.000000,0,14.496824,0.000000,0.006157,0,-0.163020,0.000000,-0.022311,14.496824,-0.163020,1,1,1,6.194647,0.000000,0.000000,0.000000,0.000000,0.000000,0.000000,0.000000
1.2301,20.577109,-0.151864,-0.018535,0.000000,0.010013,-0.022311,0,-0.163020,28,0.338166,0.129748,20.577109,0.003560,14.355288,-0.018535,20.577133,14.492820,-0.018535,-0.151864,0.000000,0.012456,-0.543270,-52.419179,0.137532,0.000000,0.001084,0.001954,0.000148,0.001084,0.338166,0.129748,-9.803311,-0.007025,-0.010125,0.000000,-2.937681,-0.005840,27.000000,0.013045,20.577133,0.003560,-0.151864,0.000000,0.137000,0.000000,66,0,1,34,35,0.011781,-0.003848,-0.018489,0.284637,-0.108226,9.491844,1.774708,-0.005840,0.032080,6,1,0,0.000000,0,14.496824,0.000000,0.010013,0,-0.163020,0.000000,-0.022311,14.496824,-0.163020,1,1,1,6.194735,0.000000,0.000000,0.000000,0.000000,0.000000,0.000000,0.000000
1.2401,20.577033,-0.151864,-0.003109,0.000000,0.009478,-0.022311,0,-0.163020,38,0.338094,0.129452,20.577033,-0.000419,14.355158,-0.003109,20.577037,14.492698,-0.003109,-0.151864,0.000000,0.012492,-0.543270,-52.419179,0.137540,0.000000,0.001018,0.001937,0.000025,0.001018,0.338094,0.129452,-9.803318,0.018752,0.001841,0.000000,-2.937806,-0.005773,27.000000,0.013045,20.577037,-0.000419,-0.151864,0.000000,0.137000,0.000000,71,0,1,34,35,-0.007448,0.017267,-0.003325,0.025549,-0.028923,9.253213,1.774583,-0.005773,0.032077,6,1,0,0.000000,0,14.496824,0.000000,0.009478,0,-0.163020,0.000000,-0.022311,14.496824,-0.163020,1,1,1,6.194823,0.000000,0.000000,0.000000,0.000000,0.000000,0.000000,0.000000
1.2501,20.577038,-0.151864,0.000902,0.000000,0.008244,-0.022311,0,-0.163020,48,0.338580,0.129304,20.577038,0.000419,14.355155,0.000902,20.577037,14.492698,0.000902,-0.151864,0.000000,0.012469,-0.543270,-52.419179,0.137543,0.000000,0.001061,0.001822,0.000014,0.001061,0.338580,0.129304,-9.803303,0.007181,0.001035,0.000000,-2.937805,-0.005789,27.000000,0.013045,20.577037,0.000419,-0.151864,0.000000,0.137000,0.000000,76,0,1,34,35,-0.003167,0.006538,0.000820,0.152803,-0.136141,10.199691,1.774584,-0.005789,0.032129,7,1,0,0.000000,0,14.496824,0.000000,0.008244,0,-0.163020,0.000000,-0.022311,14.496824,-0.163020,1,1,1,6.194911,0.000000,0.000000,0.000000,0.000000,0.000000,0.000000,0.000000
1.2601,20.577192,-0.151864,-0.020821,0.000000,0.008334,-0.022311,0,-0.163020,58,0.338771,0.126169,20.577192,0.002513,14.355171,-0.020821,20.577229,14.492692,-0.020821,-0.151864,0.000000,0.012178,-0.543270,-52.419179,0.137521,0.000000,0.001596,0.001932,-0.000011,0.001596,0.338771,0.126169,-9.803337,-0.012445,-0.006163,0.000000,-2.937813,-0.005767,27.000000,0.013045,20.577229,0.002513,-0.151864,0.000000,0.137000,0.000000,81,0,1,34,35,0.009652,-0.010237,-0.020698,-0.411217,0.390306,10.912825,1.774576,-0.005767,0.032196,6,1,0,0.000000,0,14.496824,0.000000,0.008334,0,-0.163020,0.000000,-0.022311,14.496824,-0.163020,1,1,1,6.195004,0.000000,0.000000,0.000000,0.000000,0.000000,0.000000,0.000000
1.2701,20.577021,-0.151864,-0.014177,0.000000,0.009075,-0.022311,0,-0.163020,68,0.338437,0.125573,20.577021,0.000419,14.355103,-0.014177,20.577037,14.492624,-0.014177,-0.151864,0.000000,0.012146,-0.543270,-52.419179,0.137521,0.000000,0.001655,0.001872,0.000010,0.001655,0.338437,0.125573,-9.803356,0.000151,-0.001207,0.000000,-2.937882,-0.005733,27.000000,0.013045,20.577037,0.000419,-0.151864,0.000000,0.137000,0.000000,86,0,1,34,35,0.001105,0.000338,-0.014182,-0.298029,0.378431,10.328983,1.774507,-0.005733,0.032172,7,1,0,0.000000,0,14.496824,0.000000,0.009075,0,-0.163020,0.000000,-0.022311,14.496824,-0.163020,1,1,1,6.195092,0.000000,0.000000,0.000000,0.000000,0.000000,0.000000,0.000000
1.2801,20.577129,-0.151864,-0.001242,0.000000,0.009259,-0.022311,0,-0.163020,78,0.338035,0.126156,20.577129,-0.000419,14.355022,-0.001242,20.577133,14.492553,-0.001242,-0.151864,0.000000,0.012173,-0.543270,-52.419179,0.137531,0.000000,0.001606,0.001998,0.000101,0.001606,0.338035,0.126156,-9.803363,0.010446,0.011196,0.000000,-2.937952,-0.005759,27.000000,0.013045,20.577133,-0.000419,-0.151864,0.000000,0.137000,0.000000,91,0,1,34,35,-0.013840,0.006536,-0.001322,0.024900,-0.007207,9.042880,1.774437,-0.005759,0.032122,6,1,0,0.000000,0,14.496824,0.000000,0.009259,0,-0.163020,0.000000,-0.022311,14.496824,-0.163020,1,1,1,6.195180,0.000000,0.000000,0.000000,0.000000,0.000000,0.000000,0.000000
1.2901,20.577212,-0.151864,-0.007749,0.000000,0.008434,-0.022311,0,-0.163020,88,0.338429,0.126690,20.577212,0.002513,14.355028,-0.007749,20.577229,14.492562,-0.007749,-0.151864,0.000000,0.012204,-0.543270,-52.419179,0.137533,0.002000,0.001549,0.001864,0.000181,0.001549,0.338429,0.126690,-9.803342,-0.004129,0.000150,0.002000,-2.937942,-0.005788,27.000000,0.013045,20.577229,0.002513,-0.151864,0.000000,0.137000,0.002000,96,0,1,34,35,0.001112,-0.004049,-0.005700,-0.191183,0.333407,10.883685,1.774447,-0.005788,0.032154,7,1,0,0.000000,0,14.496824,0.000000,0.008434,0,-0.163020,0.000000,-0.022311,14.496824,-0.163020,1,1,1,6.195267,0.000000,0.000000,0.000000,0.000000,0.000000,0.000000,0.000000
1.3001,20.577118,-0.151864,-0.020475,0.000000,0.008940,-0.022311,0,-0.163020,98,0.338943,0.128406,20.577118,-0.000419,14.355001,-0.020475,20.577133,14.492527,-0.020475,-0.151864,0.000000,0.012368,-0.543270,-52.419179,0.137526,0.000000,0.001246,0.001993,0.000003,0.001246,0.338943,0.128406,-9.803302,0.005668,0.001521,0.000000,-2.937976,-0.005805,27.000000,0.013045,20.577133,-0.000419,-0.151864,0.000000,0.137000,0.000000,101,0,1,34,35,-0.003171,0.004685,-0.020535,-0.012505,-0.076872,9.262277,1.774413,-0.005805,0.032179,7,1,0,0.000000,0,14.496824,0.000000,0.008940,0,-0.163020,0.000000,-0.022311,14.496824,-0.163020,1,1,1,6.195352,0.000000,0.000000,0.000000,0.000000,0.000000,0.000000,0.000000
1.3101,20.577224,-0.151864,-0.007572,0.000000,0.009172,-0.022311,0,-0.163020,108,0.338761,0.128404,20.577224,0.001466,14.354944,-0.007572,20.577229,14.492479,-0.007572,-0.151864,0.000000,0.012346,-0.543270,-52.419179,0.137534,0.000000,0.001286,0.001936,0.000200,0.001286,0.338761,0.128404,-9.803308,0.007498,-0.005784,0.000000,-2.938023,-0.005823,27.000000,0.013045,20.577229,0.001466,-0.151864,0.000000,0.137000,0.000000,106,0,1,34,35,0.003232,0.008807,-0.007682,0.037071,-0.112955,9.864882,1.774366,-0.005823,0.032161,7,1,0,0.000000,0,14.496824,0.000000,0.009172,0,-0.163020,0.000000,-0.022311,14.496824,-0.163020,1,1,1,6.195439,0.000000,0.000000,0.000000,0.000000,0.000000,0.000000,0.000000
1.3201,20.577040,-0.152631,0.012561,0.000000,-0.000435,-0.013108,0,-0.163020,118,0.338876,0.128406,20.577040,-0.001466,14.355692,0.012561,20.577037,14.493239,0.012561,-0.152631,0.000000,0.012338,-0.543270,-52.419179,0.137547,-0.001000,0.001302,0.001865,-0.000080,0.001302,0.338876,0.128406,-9.803304,0.007564,0.003145,-0.001000,-2.938029,-0.005859,27.000000,0.013045,20.577037,-0.001466,-0.152631,0.000000,0.137000,-0.001000,111,0,1,34,35,-0.005298,0.006390,0.011483,-0.010424,0.045685,10.182271,1.774360,-0.005859,0.032158,7,1,0,0.000000,0,14.496824,0.000000,-0.000435,0,-0.163020,0.000000,-0.013108,14.496824,-0.163020,1,1,1,6.195526,0.000000,0.000000,0.000000,0.000000,0.000000,0.000000,0.000000
1.3301,20.577140,-0.151864,0.002836,0.000000,0.015763,-0.029981,0,-0.163020,128,0.338682,0.128871,20.577140,0.000419,14.354980,0.002836,20.577133,14.492523,0.002836,-0.151864,0.000000,0.012372,-0.543270,-52.419179,0.137543,0.000000,0.001239,0.001838,-0.000008,0.001239,0.338682,0.128871,-9.803305,-0.003586,-0.004505,0.000000,-2.937978,-0.005844,27.000000,0.013045,20.577133,0.000419,-0.151864,0.000000,0.137000,0.000000,116,0,1,34,35,0.005381,-0.002013,0.002861,-0.079925,0.132395,9.350470,1.774411,-0.005844,0.032146,7,1,0,0.000000,0,14.496824,0.000000,0.015763,0,-0.163020,0.000000,-0.029981,14.496824,-0.163020,1,1,1,6.195612,0.000000,0.000000,0.000000,0.000000,0.000000,0.000000,0.000000
1.3401,20.577141,-0.151864,0.003192,0.000000,0.007776,-0.022311,0,-0.163020,138,0.338976,0.127182,20.577141,-0.002513,14.355053,0.003192,20.577133,14.492592,0.003192,-0.151864,0.000000,0.012288,-0.543270,-52.419179,0.137539,0.000000,0.001394,0.001858,0.000082,0.001394,0.338976,0.127182,-9.803317,0.011310,-0.006997,0.000000,-2.937912,-0.005762,27.000000,0.013045,20.577133,-0.002513,-0.151864,0.000000,0.137000,0.000000,121,0,1,34,35,0.003231,0.012939,0.003033,-0.517011,0.289428,10.557636,1.774477,-0.005762,0.032201,7,1,0,0.000000,0,14.496824,0.000000,0.007776,0,-0.163020,0.000000,-0.022311,14.496824,-0.163020,1,1,1,6.195700,0.000000,0.000000,0.000000,0.000000,0.000000,0.000000,0.000000
1.3501,20.576540,-0.151864,-0.003682,0.000000,0.009060,-0.022311,0,-0.163020,148,0.337999,0.127094,20.576540,-0.003560,14.355011,-0.003682,20.576558,14.492542,-0.003682,-0.151864,0.000000,0.012232,-0.543270,-52.419179,0.137532,0.000000,0.001496,0.001817,-0.000073,0.001496,0.337999,0.127094,-9.803352,-0.001086,0.017096,0.000000,-2.937961,-0.005794,27.000000,0.013045,20.576558,-0.003560,-0.151864,0.000000,0.137000,0.000000,126,0,1,34,35,-0.015962,-0.006263,-0.003606,0.406415,0.063113,8.785434,1.774428,-0.005794,0.032104,7,1,0,0.000000,0,14.496824,0.000000,0.009060,0,-0.163020,0.000000,-0.022311,14.496824,-0.163020,1,1,1,6.195785,0.000000,0.000000,0.000000,0.000000,0.000000,0.000000,0.000000
1.3601,20.577216,-0.151864,-0.014377,0.000000,0.009013,-0.022311,0,-0.163020,158,0.338281,0.126929,20.577216,0.004503,14.354981,-0.014377,20.577229,14.492505,-0.014377,-0.151864,0.000000,0.012271,-0.543270,-52.419179,0.137524,0.000000,0.001425,0.001938,0.000010,0.001425,0.338281,0.126929,-9.803344,-0.009278,-0.002691,0.000000,-2.938000,-0.005743,27.000000,0.013045,20.577229,0.004503,-0.151864,0.000000,0.137000,0.000000,131,0,1,34,35,0.005383,-0.008197,-0.014278,-0.324841,0.153543,10.728664,1.774389,-0.005743,0.032135,7,1,0,0.000000,0,14.496824,0.000000,0.009013,0,-0.163020,0.000000,-0.022311,14.496824,-0.163020,1,1,1,6.195869,0.000000,0.000000,0.000000,0.000000,0.000000,0.000000,0.000000
1.3701,20.576929,-0.151864,-0.005395,0.000000,0.009393,-0.022311,0,-0.163020,168,0.337939,0.126209,20.576929,-0.002513,14.354915,-0.005395,20.576941,14.492442,-0.005395,-0.151864,0.000000,0.012239,-0.543270,-52.419179,0.137528,0.000000,0.001484,0.001845,-0.000089,0.001484,0.337939,0.126209,-9.803365,0.011410,-0.000305,0.000000,-2.938065,-0.005697,27.000000,0.013045,20.576941,-0.002513,-0.151864,0.000000,0.137000,0.000000,136,0,1,34,35,-0.003173,0.010897,-0.005529,-0.012252,0.091473,9.570222,1.774324,-0.005697,0.032112,7,1,0,0.000000,0,14.496824,0.000000,0.009393,0,-0.163020,0.000000,-0.022311,14.496824,-0.163020,1,1,1,6.195955,0.000000,0.000000,0.000000,0.000000,0.000000,0.000000,0.000000
1.3801,20.577240,-0.151864,0.018953,0.000000,0.008540,-0.022311,0,-0.163020,178,0.338567,0.127258,20.577240,0.003560,14.354915,0.018953,20.577229,14.492461,0.018953,-0.151864,0.000000,0.012293,-0.543270,-52.419179,0.137545,-0.001000,0.001384,0.001840,0.000170,0.001384,0.338567,0.127258,-9.803330,0.009335,0.009303,-0.001000,-2.938044,-0.005758,27.000000,0.013045,20.577229,0.003560,-0.151864,0.000000,0.137000,-0.001000,141,0,1,34,35,-0.011700,0.006287,0.017877,-0.087626,-0.111254,9.721262,1.774345,-0.005758,0.032159,6,1,0,0.000000,0,14.496824,0.000000,0.008540,0,-0.163020,0.000000,-0.022311,14.496824,-0.163020,1,1,1,6.196040,0.000000,0.000000,0.000000,0.000000,0.000000,0.000000,0.000000
1.3901,20.577216,-0.151864,-0.020266,0.000000,0.009093,-0.022311,0,-0.163020,188,0.338890,0.128162,20.577216,0.002513,14.354903,-0.020266,20.577229,14.492430,-0.020266,-0.151864,0.000000,0.012418,-0.543270,-52.419179,0.137527,0.000000,0.001154,0.002012,0.000209,0.001154,0.338890,0.128162,-9.803307,0.012528,-0.005139,0.000000,-2.938075,-0.005730,27.000000,0.013045,20.577229,0.002513,-0.151864,0.000000,0.137000,0.000000,146,0,1,34,35,0.001089,0.013245,-0.020432,-0.077010,0.044117,10.306627,1.774314,-0.005730,0.032177,6,1,0,0.000000,0,14.496824,0.000000,0.009093,0,-0.163020,0.000000,-0.022311,14.496824,-0.163020,1,1,1,6.196123,0.000000,0.000000,0.000000,0.000000,0.000000,0.000000,0.000000
1.4001,20.577122,-0.151864,-0.007676,0.000000,0.009646,-0.022311,0,-0.163020,198,0.338488,0.127713,20.577122,0.001466,14.354827,-0.007676,20.577133,14.492359,-0.007676,-0.151864,0.000000,0.012420,-0.543270,-52.419179,0.137532,0.000000,0.001151,0.001842,0.000123,0.001151,0.338488,0.127713,-9.803327,0.004069,-0.002454,0.000000,-2.938148,-0.005676,27.000000,0.013045,20.577133,0.001466,-0.151864,0.000000,0.137000,0.000000,151,0,1,34,35,0.001102,0.004527,-0.007733,0.091376,0.230228,9.179296,1.774241,-0.005676,0.032144,7,1,0,0.000000,0,14.496824,0.000000,0.009646,0,-0.163020,0.000000,-0.022311,14.496824,-0.163020,1,1,1,6.196208,0.000000,0.000000,0.000000,0.000000,0.000000,0.000000,0.000000
1.4101,20.577120,-0.151864,-0.012949,0.000000,0.009291,-0.022311,0,-0.163020,208,0.338862,0.128276,20.577120,0.001466,14.354796,-0.012949,20.577133,14.492329,-0.012949,-0.151864,0.000000,0.012421,-0.543270,-52.419179,0.137532,0.001000,0.001148,0.001846,-0.000009,0.001148,0.338862,0.128276,-9.803306,0.006745,0.005656,0.001000,-2.938176,-0.005737,27.000000,0.013045,20.577133,0.001466,-0.151864,0.000000,0.137000,0.001000,156,0,1,34,35,-0.007438,0.004559,-0.012006,-0.440049,0.259134,10.691368,1.774213,-0.005737,0.032173,7,1,0,0.000000,0,14.496824,0.000000,0.009291,0,-0.163020,0.000000,-0.022311,14.496824,-0.163020,1,1,1,6.196293,0.000000,0.000000,0.000000,0.000000,0.000000,0.000000,0.000000
1.4201,20.577226,-0.151864,-0.001132,0.000000,0.009959,-0.022311,0,-0.163020,218,0.338848,0.128672,20.577226,0.001466,14.354708,-0.001132,20.577229,14.492248,-0.001132,-0.151864,0.000000,0.012418,-0.543270,-52.419179,0.137540,0.000000,0.001154,0.001864,0.000021,0.001154,0.338848,0.128672,-9.803302,0.012591,0.003794,0.000000,-2.938256,-0.005780,27.000000,0.013045,20.577229,0.001466,-0.151864,0.000000,0.137000,0.000000,161,0,1,34,35,-0.007441,0.010828,-0.001267,-0.002958,-0.170954,9.136921,1.774133,-0.005780,0.032165,7,1,0,0.000000,0,14.496824,0.000000,0.009959,0,-0.163020,0.000000,-0.022311,14.496824,-0.163020,1,1,1,6.196377,0.000000,0.000000,0.000000,0.000000,0.000000,0.000000,0.000000
1.4301,20.577123,-0.151864,-0.007768,0.000000,0.010024,-0.022311,0,-0.163020,228,0.338816,0.128348,20.577123,-0.001466,14.354641,-0.007768,20.577133,14.492175,-0.007768,-0.151864,0.000000,0.012428,-0.543270,-52.419179,0.137534,0.000000,0.001135,0.001829,0.000021,0.001135,0.338816,0.128348,-9.803307,-0.003858,-0.013374,0.000000,-2.938330,-0.005737,27.000000,0.013045,20.577133,-0.001466,-0.151864,0.000000,0.137000,0.000000,166,0,1,34,35,0.013914,0.000290,-0.007772,-0.202309,0.265036,10.222631,1.774059,-0.005737,0.032167,7,1,0,0.000000,0,14.496824,0.000000,0.010024,0,-0.163020,0.000000,-0.022311,14.496824,-0.163020,1,1,1,6.196462,0.000000,0.000000,0.000000,0.000000,0.000000,0.000000,0.000000
1.4401,20.577148,-0.151864,0.027394,0.000000,0.009014,-0.022311,0,-0.163020,238,0.339002,0.128901,20.577148,0.000419,14.354640,0.027394,20.577133,14.492199,0.027394,-0.151864,0.000000,0.012463,-0.543270,-52.419179,0.137559,-0.001000,0.001071,0.001847,-0.000097,0.001071,0.339002,0.128901,-9.803293,0.000550,-0.003586,-0.001000,-2.938305,-0.005761,27.000000,0.013045,20.577133,0.000419,-0.151864,0.000000,0.137000,-0.001000,171,0,1,34,35,0.003249,0.001943,0.026372,0.046315,0.001441,9.894750,1.774084,-0.005761,0.032177,7,1,0,0.000000,0,14.496824,0.000000,0.009014,0,-0.163020,0.000000,-0.022311,14.496824,-0.163020,1,1,1,6.196547,0.000000,0.000000,0.000000,0.000000,0.000000,0.000000,0.000000
1.4501,20.577146,-0.152631,0.007244,0.000000,-0.001234,-0.013108,0,-0.163020,248,0.339130,0.129498,20.577146,-0.001466,14.355524,0.007244,20.577133,14.493073,0.007244,-0.152631,0.000000,0.012512,-0.543270,-52.419179,0.137548,0.000000,0.000982,0.001847,-0.000116,0.000982,0.339130,0.129498,-9.803281,0.006277,0.005796,0.000000,-2.938197,-0.005799,27.000000,0.013045,20.577133,-0.001466,-0.152631,0.000000,0.137000,0.000000,176,0,1,34,35,-0.007432,0.004304,0.007191,-0.013671,-0.034029,8.889460,1.774192,-0.005799,0.032167,6,1,0,0.000000,0,14.496824,0.000000,-0.001234,0,-0.163020,0.000000,-0.013108,14.496824,-0.163020,1,1,1,6.196631,0.000000,0.000000,0.000000,0.000000,0.000000,0.000000,0.000000
1.4601,20.577232,-0.151864,0.003198,0.000000,0.017197,-0.029981,0,-0.163020,2,0.338150,0.126181,20.577232,0.001466,14.354731,0.003198,20.577229,14.492265,0.003198,-0.151864,0.000000,0.012200,-0.543270,-52.419179,0.137533,0.000000,0.001555,0.001838,0.000102,0.001555,0.338150,0.126181,-9.803358,0.008738,-0.015141,0.000000,-2.938241,-0.005736,27.000000,0.013045,20.577229,0.001466,-0.151864,0.000000,0.137000,0.000000,181,0,1,34,35,0.005392,-0.012670,0.000604,0.019368,0.163172,10.738555,1.774147,-0.005742,0.032130,7,1,0,0.000000,0,14.496824,0.000000,0.017197,0,-0.163020,0.000000,-0.029981,14.496824,-0.163020,1,1,1,6.196720,0.000000,0.000000,0.000000,0.000000,0.000000,0.000000,0.000000
1.4701,20.577154,-0.151864,0.005219,0.000000,0.007355,-0.022311,0,-0.163020,12,0.338926,0.124830,20.577154,0.001466,14.354880,0.005219,20.577133,14.492412,0.005219,-0.151864,0.000000,0.012131,-0.543270,-52.419179,0.137532,0.000000,0.001682,0.001835,-0.000036,0.001682,0.338926,0.124830,-9.803349,0.007828,-0.003652,0.000000,-2.938096,-0.005681,27.000000,0.013045,20.577133,0.001466,-0.151864,0.000000,0.137000,0.000000,186,0,1,34,35,0.001102,0.008631,0.005115,-0.662182,0.372444,10.022431,1.774293,-0.005681,0.032232,6,1,0,0.000000,0,14.496824,0.000000,0.007355,0,-0.163020,0.000000,-0.022311,14.496824,-0.163020,1,1,1,6.196803,0.000000,0.000000,0.000000,0.000000,0.000000,0.000000,0.000000
1.4801,20.577115,-0.151864,-0.010265,0.000000,0.009948,-0.022311,0,-0.163020,22,0.338286,0.126143,20.577115,0.003560,14.354793,-0.010265,20.577133,14.492318,-0.010265,-0.151864,0.000000,0.012203,-0.543270,-52.419179,0.137525,0.000000,0.001550,0.001838,0.000116,0.001550,0.338286,0.126143,-9.803354,-0.015491,-0.000719,0.000000,-2.938187,-0.005732,27.000000,0.013045,20.577133,0.003560,-0.151864,0.000000,0.137000,0.000000,191,0,1,34,35,0.009659,-0.012572,-0.005792,0.115405,-0.102273,10.554111,1.774209,-0.005740,0.032159,6,1,0,0.000000,0,14.496824,0.000000,0.009948,0,-0.163020,0.000000,-0.022311,14.496824,-0.163020,1,1,1,6.196886,0.000000,0.000000,0.000000,0.000000,0.000000,0.000000,0.000000
1.4901,20.577591,-0.151864,-0.013975,0.000000,0.010573,-0.022311,0,-0.163020,32,0.338367,0.125441,20.577591,0.001466,14.354668,-0.013975,20.577612,14.492188,-0.013975,-0.151864,0.000000,0.012213,-0.543270,-52.419179,0.137520,0.000000,0.001532,0.001959,0.000025,0.001532,0.338367,0.125441,-9.803360,0.008938,-0.001764,0.000000,-2.938320,-0.005652,27.000000,0.013045,20.577612,0.001466,-0.151864,0.000000,0.137000,0.000000,196,0,1,34,35,-0.001039,0.008880,-0.014084,-0.061624,0.023082,8.909142,1.774069,-0.005652,0.032167,7,1,0,0.000000,0,14.496824,0.000000,0.010573,0,-0.163020,0.000000,-0.022311,14.496824,-0.163020,1,1,1,6.196970,0.000000,0.000000,0.000000,0.000000,0.000000,0.000000,0.000000
1.5001,20.577117,-0.151864,-0.014135,0.000000,0.009325,-0.022311,0,-0.163020,42,0.338193,0.125601,20.577117,-0.001466,14.354664,-0.014135,20.577133,14.492184,-0.014135,-0.151864,0.000000,0.012247,-0.543270,-52.419179,0.137520,0.000000,0.001469,0.001997,0.000090,0.001469,0.338193,0.125601,-9.803364,0.005401,0.008323,0.000000,-2.938325,-0.005631,27.000000,0.013045,20.577133,-0.001466,-0.151864,0.000000,0.137000,0.000000,0,0,1,34,35,-0.009571,0.002444,-0.014166,-0.008998,0.199401,10.901597,1.774064,-0.005631,0.032147,7,1,0,0.000000,0,14.496824,0.000000,0.009325,0,-0.163020,0.000000,-0.022311,14.496824,-0.163020,1,1,1,6.197053,0.000000,0.000000,0.000000,0.000000,0.000000,0.000000,0.000000
1.5101,20.577219,-0.151864,-0.002460,0.000000,0.010202,-0.022311,0,-0.163020,52,0.338777,0.125981,20.577219,0.000419,14.354579,-0.002460,20.577229,14.492107,-0.002460,-0.151864,0.000000,0.012224,-0.543270,-52.419179,0.137528,-0.001000,0.001511,0.001873,-0.000077,0.001511,0.338777,0.125981,-9.803339,0.000642,-0.005846,-0.001000,-2.938400,-0.005702,27.000000,0.013045,20.577229,0.000419,-0.151864,0.000000,0.137000,-0.001000,5,0,1,34,35,0.005375,0.002346,-0.003488,0.045579,-0.117681,9.472453,1.773989,-0.005702,0.032200,7,1,0,0.000000,0,14.496824,0.000000,0.010202,0,-0.163020,0.000000,-0.022311,14.496824,-0.163020,1,1,1,6.197136,0.000000,0.000000,0.000000,0.000000,0.000000,0.000000,0.000000
1.5201,20.577219,-0.151864,-0.011741,0.000000,0.009570,-0.022311,0,-0.163020,62,0.338856,0.125232,20.577219,0.000419,14.354574,-0.011741,20.577229,14.492096,-0.011741,-0.151864,0.000000,0.012179,-0.543270,-52.419179,0.137522,0.000000,0.001594,0.001875,0.000013,0.001594,0.338856,0.125232,-9.803346,0.012959,-0.003038,0.000000,-2.938412,-0.005673,27.000000,0.013045,20.577229,0.000419,-0.151864,0.000000,0.137000,0.000000,10,0,1,34,35,-0.001043,0.013125,-0.011902,-0.155510,-0.031731,9.473186,1.773977,-0.005673,0.032219,7,1,0,0.000000,0,14.496824,0.000000,0.009570,0,-0.163020,0.000000,-0.022311,14.496824,-0.163020,1,1,1,6.197220,0.000000,0.000000,0.000000,0.000000,0.000000,0.000000,0.000000
1.5301,20.577417,-0.151864,-0.003518,0.000000,0.010515,-0.022311,0,-0.163020,72,0.338766,0.125918,20.577417,0.001466,14.354478,-0.003518,20.577420,14.492007,-0.003518,-0.151864,0.000000,0.012268,-0.543270,-52.419179,0.137530,0.000000,0.001429,0.001867,0.000220,0.001429,0.338766,0.125918,-9.803340,0.001178,0.002943,0.000000,-2.938501,-0.005651,27.000000,0.013045,20.577420,0.001466,-0.151864,0.000000,0.137000,0.000000,15,0,1,34,35,-0.003161,0.000184,-0.003520,0.114863,0.107265,10.623210,1.773888,-0.005651,0.032200,7,1,0,0.000000,0,14.496824,0.000000,0.010515,0,-0.163020,0.000000,-0.022311,14.496824,-0.163020,1,1,1,6.197302,0.000000,0.000000,0.000000,0.000000,0.000000,0.000000,0.000000
1.5401,20.577312,-0.152631,-0.007883,0.000000,0.001997,-0.013108,0,-0.163020,82,0.339015,0.126561,20.577312,0.000419,14.355114,-0.007883,20.577325,14.492644,-0.007883,-0.152631,0.000000,0.012311,-0.543270,-52.419179,0.137530,0.000000,0.001351,0.001842,0.000008,0.001351,0.339015,0.126561,-9.803323,-0.003431,0.002172,0.000000,-2.938630,-0.005702,27.000000,0.013045,20.577325,0.000419,-0.152631,0.000000,0.137000,0.000000,20,0,1,34,35,-0.001023,-0.004027,-0.007834,-0.051651,0.077749,9.129818,1.773759,-0.005702,0.032201,6,1,0,0.000000,0,14.496824,0.000000,0.001997,0,-0.163020,0.000000,-0.013108,14.496824,-0.163020,1,1,1,6.197384,0.000000,0.000000,0.000000,0.000000,0.000000,0.000000,0.000000
1.5501,20.577242,-0.151864,0.003090,0.000000,0.018183,-0.029981,0,-0.163020,92,0.338923,0.127502,20.577242,0.001466,14.354286,0.003090,20.577229,14.491825,0.003090,-0.151864,0.000000,0.012372,-0.543270,-52.419179,0.137539,0.000000,0.001240,0.001987,-0.000080,0.001240,0.338923,0.127502,-9.803314,0.007236,-0.005704,0.000000,-2.938681,-0.005710,27.000000,0.013045,20.577229,0.001466,-0.151864,0.000000,0.137000,0.000000,25,0,1,34,35,0.003236,0.008665,0.002983,-0.047788,0.220625,10.729518,1.773708,-0.005710,0.032191,7,1,0,0.000000,0,14.496824,0.000000,0.018183,0,-0.163020,0.000000,-0.029981,14.496824,-0.163020,1,1,1,6.197466,0.000000,0.000000,0.000000,0.000000,0.000000,0.000000,0.000000
1.5601,20.577033,-0.151864,-0.001028,0.000000,0.008921,-0.022311,0,-0.163020,102,0.339533,0.127071,20.577033,-0.002513,14.354379,-0.001028,20.577037,14.491915,-0.001028,-0.151864,0.000000,0.012369,-0.543270,-52.419179,0.137536,0.000000,0.001244,0.002000,-0.000012,0.001244,0.339533,0.127071,-9.803299,0.016021,0.000468,0.000000,-2.938592,-0.005678,27.000000,0.013045,20.577037,-0.002513,-0.151864,0.000000,0.137000,0.000000,30,0,1,34,35,-0.005311,0.015108,-0.001215,-0.261729,-0.168383,8.916658,1.773797,-0.005678,0.032259,7,1,0,0.000000,0,14.496824,0.000000,0.008921,0,-0.163020,0.000000,-0.022311,14.496824,-0.163020,1,1,1,6.197549,0.000000,0.000000,0.000000,0.000000,0.000000,0.000000,0.000000
1.5701,20.577398,-0.151864,-0.003972,0.000000,0.011388,-0.022311,0,-0.163020,112,0.338396,0.127110,20.577398,0.004503,14.354252,-0.003972,20.577420,14.491784,-0.003972,-0.151864,0.000000,0.012342,-0.543270,-52.419179,0.137532,0.000000,0.001294,0.001987,0.000239,0.001294,0.338396,0.127110,-9.803338,-0.019719,0.000627,0.000000,-2.938722,-0.005692,27.000000,0.013045,20.577420,0.004503,-0.151864,0.000000,0.137000,0.000000,35,0,1,34,35,0.005397,-0.019024,-0.003737,0.057535,0.238863,10.806333,1.773666,-0.005692,0.032144,7,1,0,0.000000,0,14.496824,0.000000,0.011388,0,-0.163020,0.000000,-0.022311,14.496824,-0.163020,1,1,1,6.197630,0.000000,0.000000,0.000000,0.000000,0.000000,0.000000,0.000000
1.5801,20.578177,-0.152631,-0.005540,0.000000,0.002274,-0.013108,0,-0.163020,122,0.338761,0.126700,20.578177,0.009634,14.354904,-0.005540,20.578187,14.492435,-0.005540,-0.152631,0.000000,0.012358,-0.543270,-52.419179,0.137531,0.000000,0.001265,0.001820,0.000202,0.001265,0.338761,0.126700,-9.803330,0.002720,-0.006514,0.000000,-2.938840,-0.005665,27.000000,0.013045,20.578187,0.009634,-0.152631,0.000000,0.137000,0.000000,40,0,1,34,35,0.005372,0.004511,-0.005597,-0.509364,0.307360,9.878322,1.773549,-0.005665,0.032173,7,1,0,0.000000,0,14.496824,0.000000,0.002274,0,-0.163020,0.000000,-0.013108,14.496824,-0.163020,1,1,1,6.197714,0.000000,0.000000,0.000000,0.000000,0.000000,0.000000,0.000000
1.5901,20.577619,-0.151864,0.011610,0.000000,0.017560,-0.029981,0,-0.163020,132,0.338511,0.126032,20.577619,-0.003560,14.354164,0.011610,20.577612,14.491703,0.011610,-0.151864,0.000000,0.012284,-0.543270,-52.419179,0.137539,0.000000,0.001401,0.001830,-0.000196,0.001401,0.338511,0.126032,-9.803348,0.010244,0.004533,0.000000,-2.938806,-0.005643,27.000000,0.013045,20.577612,-0.003560,-0.151864,0.000000,0.137000,0.000000,45,0,1,34,35,-0.007435,0.008521,0.011506,0.063537,-0.074827,9.099648,1.773583,-0.005643,0.032172,6,1,0,0.000000,0,14.496824,0.000000,0.017560,0,-0.163020,0.000000,-0.029981,14.496824,-0.163020,1,1,1,6.197798,0.000000,0.000000,0.000000,0.000000,0.000000,0.000000,0.000000
1.6001,20.577342,-0.151864,-0.001537,0.000000,0.009264,-0.022311,0,-0.163020,142,0.339398,0.125808,20.577342,-0.003560,14.354252,-0.001537,20.577325,14.491785,-0.001537,-0.151864,0.000000,0.012296,-0.543270,-52.419179,0.137532,0.000000,0.001379,0.001833,-0.000114,0.001379,0.339398,0.125808,-9.803320,-0.005626,0.002865,0.000000,-2.938725,-0.005623,27.000000,0.013045,20.577325,-0.003560,-0.151864,0.000000,0.137000,0.000000,50,0,1,34,35,-0.001019,-0.006249,-0.001460,-0.430409,0.070492,10.478930,1.773664,-0.005623,0.032265,6,1,0,0.000000,0,14.496824,0.000000,0.009264,0,-0.163020,0.000000,-0.022311,14.496824,-0.163020,1,1,1,6.197882,0.000000,0.000000,0.000000,0.000000,0.000000,0.000000,0.000000
1.6101,20.577413,-0.151864,-0.011242,0.000000,0.011299,-0.022311,0,-0.163020,152,0.338781,0.126846,20.577413,0.005550,14.354157,-0.011242,20.577420,14.491683,-0.011242,-0.151864,0.000000,0.012351,-0.543270,-52.419179,0.137526,-0.001000,0.001277,0.001861,0.000201,0.001277,0.338781,0.126846,-9.803328,-0.010616,-0.006744,-0.001000,-2.938825,-0.005662,27.000000,0.013045,20.577420,0.005550,-0.151864,0.000000,0.137000,-0.001000,55,0,1,34,35,0.009653,-0.008213,-0.012141,0.293531,0.017145,9.406977,1.773564,-0.005662,0.032187,6,1,0,0.000000,0,14.496824,0.000000,0.011299,0,-0.163020,0.000000,-0.022311,14.496824,-0.163020,1,1,1,6.197963,0.000000,0.000000,0.000000,0.000000,0.000000,0.000000,0.000000
1.6201,20.577799,-0.151864,-0.011723,0.000000,0.011357,-0.022311,0,-0.163020,162,0.338737,0.127024,20.577799,0.002513,14.354066,-0.011723,20.577804,14.491593,-0.011723,-0.151864,0.000000,0.012449,-0.543270,-52.419179,0.137527,0.000000,0.001098,0.001971,-0.000162,0.001098,0.338737,0.127024,-9.803327,0.007808,-0.019328,0.000000,-2.938917,-0.005582,27.000000,0.013045,20.577804,0.002513,-0.151864,0.000000,0.137000,0.000000,60,0,1,34,35,0.016034,0.013174,-0.011887,-0.125138,-0.180447,9.902380,1.773472,-0.005582,0.032180,7,1,0,0.000000,0,14.496824,0.000000,0.011357,0,-0.163020,0.000000,-0.022311,14.496824,-0.163020,1,1,1,6.198046,0.000000,0.000000,0.000000,0.000000,0.000000,0.000000,0.000000
1.6301,20.577422,-0.151864,-0.003057,0.000000,0.010937,-0.022311,0,-0.163020,172,0.338370,0.126310,20.577422,-0.001466,14.354023,-0.003057,20.577420,14.491554,-0.003057,-0.151864,0.000000,0.012409,-0.543270,-52.419179,0.137530,0.000000,0.001171,0.001970,-0.000197,0.001171,0.338370,0.126310,-9.803349,0.020145,-0.000849,0.000000,-2.938958,-0.005544,27.000000,0.013045,20.577420,-0.001466,-0.151864,0.000000,0.137000,0.000000,65,0,1,34,35,-0.005316,0.019410,-0.003299,0.237254,-0.072478,9.693151,1.773431,-0.005544,0.032154,6,1,0,0.000000,0,14.496824,0.000000,0.010937,0,-0.163020,0.000000,-0.022311,14.496824,-0.163020,1,1,1,6.198130,0.000000,0.000000,0.000000,0.000000,0.000000,0.000000,0.000000
1.6401,20.577617,-0.151864,0.002834,0.000000,0.009678,-0.022311,0,-0.163020,182,0.339071,0.126703,20.577617,-0.000419,14.354088,0.002834,20.577612,14.491626,0.002834,-0.151864,0.000000,0.012401,-0.543270,-52.419179,0.137537,0.000000,0.001185,0.001924,-0.000000,0.001185,0.339071,0.126703,-9.803320,-0.002945,-0.002468,0.000000,-2.938884,-0.005602,27.000000,0.013045,20.577612,-0.000419,-0.151864,0.000000,0.137000,0.000000,70,0,1,34,35,0.003247,-0.002019,0.002859,-0.222551,0.279418,9.830375,1.773505,-0.005602,0.032218,7,1,0,0.000000,0,14.496824,0.000000,0.009678,0,-0.163020,0.000000,-0.022311,14.496824,-0.163020,1,1,1,6.198213,0.000000,0.000000,0.000000,0.000000,0.000000,0.000000,0.000000
1.6501,20.577602,-0.151864,-0.009860,0.000000,0.010539,-0.022311,0,-0.163020,192,0.339582,0.127348,20.577602,-0.000419,14.354083,-0.009860,20.577612,14.491614,-0.009860,-0.151864,0.000000,0.012472,-0.543270,-52.419179,0.137531,0.000000,0.001055,0.001713,0.000008,0.001055,0.339582,0.127348,-9.803294,0.002085,-0.001825,0.000000,-2.938896,-0.005604,27.000000,0.013045,20.577612,-0.000419,-0.151864,0.000000,0.137000,0.000000,75,0,1,34,35,0.001104,0.002418,-0.009891,-0.536107,0.326958,10.615424,1.773493,-0.005604,0.032260,7,1,0,0.000000,0,14.496824,0.000000,0.010539,0,-0.163020,0.000000,-0.022311,14.496824,-0.163020,1,1,1,6.198293,0.000000,0.000000,0.000000,0.000000,0.000000,0.000000,0.000000
1.6601,20.577616,-0.151864,0.003880,0.000000,0.010810,-0.022311,0,-0.163020,202,0.338963,0.127181,20.577616,0.001466,14.354044,0.003880,20.577612,14.491581,0.003880,-0.151864,0.000000,0.012491,-0.543270,-52.419179,0.137537,-0.001000,0.001020,0.001920,0.000005,0.001020,0.338963,0.127181,-9.803317,0.001021,0.002990,-0.001000,-2.938930,-0.005559,27.000000,0.013045,20.577612,0.001466,-0.151864,0.000000,0.137000,-0.001000,80,0,1,34,35,-0.003159,0.000099,0.002879,0.100240,0.054447,8.699014,1.773459,-0.005559,0.032200,6,1,0,0.000000,0,14.496824,0.000000,0.010810,0,-0.163020,0.000000,-0.022311,14.496824,-0.163020,1,1,1,6.198376,0.000000,0.000000,0.000000,0.000000,0.000000,0.000000,0.000000
1.6701,20.577611,-0.152631,-0.001647,0.000000,0.001512,-0.013108,0,-0.163020,212,0.339147,0.127424,20.577611,0.000419,14.354793,-0.001647,20.577612,14.492329,-0.001647,-0.152631,0.000000,0.012506,-0.543270,-52.419179,0.137536,0.000000,0.000992,0.001858,0.000195,0.000992,0.339147,0.127424,-9.803308,-0.007758,0.010274,-0.000000,-2.938948,-0.005596,27.000000,0.013045,20.577612,0.000419,-0.152631,0.000000,0.137000,0.000000,85,0,1,34,35,-0.007419,-0.010541,-0.001515,-0.247686,0.188297,11.016175,1.773441,-0.005596,0.032201,7,1,0,0.000000,0,14.496824,0.000000,0.001512,0,-0.163020,0.000000,-0.013108,14.496824,-0.163020,1,1,1,6.198457,0.000000,0.000000,0.000000,0.000000,0.000000,0.000000,0.000000
1.6801,20.577610,-0.151864,0.002889,0.000000,0.018096,-0.029981,0,-0.163020,222,0.339243,0.128153,20.577610,0.002513,14.354029,0.002889,20.577612,14.491570,0.002889,-0.151864,0.000000,0.012550,-0.543270,-52.419179,0.137542,0.000000,0.000912,0.001849,0.000180,0.000912,0.339243,0.128153,-9.803295,-0.002197,-0.007186,-0.000000,-2.938939,-0.005603,27.000000,0.013045,20.577612,0.002513,-0.151864,0.000000,0.137000,0.000000,90,0,1,34,35,0.007514,0.000130,0.002887,0.007591,-0.147094,9.529556,1.773450,-0.005603,0.032213,7,1,0,0.000000,0,14.496824,0.000000,0.018096,0,-0.163020,0.000000,-0.029981,14.496824,-0.163020,1,1,1,6.198537,0.000000,0.000000,0.000000,0.000000,0.000000,0.000000,0.000000
1.6901,20.577230,-0.151864,0.000029,0.000000,0.009947,-0.022311,0,-0.163020,232,0.339645,0.127123,20.577230,-0.001466,14.354081,0.000029,20.577229,14.491617,0.000029,-0.151864,0.000000,0.012512,-0.543270,-52.419179,0.137536,-0.001000,0.000982,0.001999,-0.000196,0.000982,0.339645,0.127123,-9.803294,0.016771,-0.004253,-0.001000,-2.938894,-0.005543,27.000000,0.013045,20.577229,-0.001466,-0.151864,0.000000,0.137000,-0.001000,95,0,1,34,35,-0.001044,0.017257,-0.001187,-0.404156,-0.003415,9.492450,1.773495,-0.005543,0.032270,7,1,0,0.000000,0,14.496824,0.000000,0.009947,0,-0.163020,0.000000,-0.022311,14.496824,-0.163020,1,1,1,6.198619,0.000000,0.000000,0.000000,0.000000,0.000000,0.000000,0.000000
1.7001,20.577304,-0.151864,-0.014186,0.000000,0.011668,-0.022311,0,-0.163020,242,0.338442,0.124570,20.577304,0.004503,14.353994,-0.014186,20.577325,14.491513,-0.014186,-0.151864,0.000000,0.012188,-0.543270,-52.419179,0.137519,0.000000,0.001578,0.001863,0.000313,0.001578,0.338442,0.124570,-9.803369,0.003366,0.008970,0.000000,-2.938998,-0.005591,27.000000,0.013045,20.577325,0.004503,-0.151864,0.000000,0.137000,0.000000,100,0,1,34,35,-0.009568,0.000308,-0.014191,0.426285,-0.137913,8.802567,1.773391,-0.005591,0.032188,6,1,0,0.000000,0,14.496824,0.000000,0.011668,0,-0.163020,0.000000,-0.022311,14.496824,-0.163020,1,1,1,6.198704,0.000000,0.000000,0.000000,0.000000,0.000000,0.000000,0.000000
1.7101,20.577887,-0.151864,-0.007666,0.000000,0.012000,-0.022311,0,-0.163020,252,0.338499,0.124735,20.577887,0.004503,14.353875,-0.007666,20.577900,14.491398,-0.007666,-0.151864,0.000000,0.012226,-0.543270,-52.419179,0.137523,0.000000,0.001508,0.001863,0.000027,0.001508,0.338499,0.124735,-9.803365,0.000201,-0.014668,0.000000,-2.939113,-0.005570,27.000000,0.013045,20.577900,0.004503,-0.151864,0.000000,0.137000,0.000000,105,0,1,34,35,0.013910,0.004564,-0.007723,-0.195197,0.445403,9.554519,1.773276,-0.005570,0.032191,6,1,0,0.000000,0,14.496824,0.000000,0.012000,0,-0.163020,0.000000,-0.022311,14.496824,-0.163020,1,1,1,6.198785,0.000000,0.000000,0.000000,0.000000,0.000000,0.000000,0.000000
1.7201,20.577628,-0.151864,0.013795,0.000000,0.010455,-0.022311,0,-0.163020,6,0.338434,0.124291,20.577628,-0.001466,14.353895,0.013795,20.577612,14.491431,0.013795,-0.151864,0.000000,0.012212,-0.543270,-52.419179,0.137536,0.000000,0.001533,0.001831,0.000173,0.001533,0.338434,0.124291,-9.803373,0.011585,0.001866,0.000000,-2.939081,-0.005538,27.000000,0.013045,20.577612,-0.001466,-0.151864,0.000000,0.137000,0.000000,110,0,1,34,35,-0.005302,0.010636,0.013666,-0.020461,0.198435,10.202940,1.773308,-0.005538,0.032191,7,1,0,0.000000,0,14.496824,0.000000,0.010455,0,-0.163020,0.000000,-0.022311,14.496824,-0.163020,1,1,1,6.198866,0.000000,0.000000,0.000000,0.000000,0.000000,0.000000,0.000000
1.7301,20.577712,-0.151864,0.001978,0.000000,0.010750,-0.022311,0,-0.163020,16,0.339120,0.124540,20.577712,0.002513,14.353902,0.001978,20.577708,14.491434,0.001978,-0.151864,0.000000,0.012181,-0.543270,-52.419179,0.137532,0.001000,0.001591,0.001969,0.000085,0.001591,0.339120,0.124540,-9.803346,0.006382,0.005764,0.001000,-2.939076,-0.005605,27.000000,0.013045,20.577708,0.002513,-0.151864,0.000000,0.137000,0.001000,115,0,1,34,35,-0.007433,0.004361,0.002925,-0.137380,0.066844,9.234928,1.773313,-0.005605,0.032256,7,1,0,0.000000,0,14.496824,0.000000,0.010750,0,-0.163020,0.000000,-0.022311,14.496824,-0.163020,1,1,1,6.198947,0.000000,0.000000,0.000000,0.000000,0.000000,0.000000,0.000000
1.7401,20.577492,-0.151864,-0.009908,0.000000,0.012199,-0.022311,0,-0.163020,26,0.338948,0.125208,20.577492,-0.001466,14.353793,-0.009908,20.577516,14.491316,-0.009908,-0.151864,0.000000,0.012285,-0.543270,-52.419179,0.137523,0.000000,0.001399,0.003987,-0.000041,0.001399,0.338948,0.125208,-9.803343,-0.001239,-0.005247,0.000000,-2.939195,-0.005566,27.000000,0.013045,20.577516,-0.001466,-0.151864,0.000000,0.137000,0.000000,120,0,1,34,35,0.005375,0.000294,-0.009912,-0.009676,0.032942,10.440544,1.773194,-0.005566,0.032229,7,1,0,0.000000,0,14.496824,0.000000,0.012199,0,-0.163020,0.000000,-0.022311,14.496824,-0.163020,1,1,1,6.199026,0.000000,0.000000,0.000000,0.000000,0.000000,0.000000,0.000000
1.7501,20.577598,-0.151864,-0.009862,0.000000,0.011958,-0.022311,0,-0.163020,36,0.339001,0.125099,20.577598,0.001466,14.353714,-0.009862,20.577612,14.491237,-0.009862,-0.151864,0.000000,0.012301,-0.543270,-52.419179,0.137524,0.000000,0.001370,0.001998,0.000113,0.001370,0.339001,0.125099,-9.803343,0.002727,0.000211,0.000000,-2.939275,-0.005540,27.000000,0.013045,20.577612,0.001466,-0.151864,0.000000,0.137000,0.000000,125,0,1,34,35,-0.001031,0.002412,-0.009893,-0.041369,-0.123165,9.137376,1.773114,-0.005540,0.032236,6,1,0,0.000000,0,14.496824,0.000000,0.011958,0,-0.163020,0.000000,-0.022311,14.496824,-0.163020,1,1,1,6.199106,0.000000,0.000000,0.000000,0.000000,0.000000,0.000000,0.000000
1.7601,20.577617,-0.151864,0.000846,0.000000,0.010624,-0.022311,0,-0.163020,46,0.339242,0.124948,20.577617,0.001466,14.353753,0.000846,20.577612,14.491283,0.000846,-0.151864,0.000000,0.012257,-0.543270,-52.419179,0.137530,0.000000,0.001450,0.002018,0.000094,0.001450,0.339242,0.124948,-9.803336,0.006433,0.005749,0.000000,-2.939228,-0.005572,27.000000,0.013045,20.577612,0.001466,-0.151864,0.000000,0.137000,0.000000,130,0,1,34,35,-0.007434,0.004389,0.000792,-0.133883,-0.024026,10.401609,1.773161,-0.005572,0.032263,7,1,0,0.000000,0,14.496824,0.000000,0.010624,0,-0.163020,0.000000,-0.022311,14.496824,-0.163020,1,1,1,6.199188,0.000000,0.000000,0.000000,0.000000,0.000000,0.000000,0.000000
1.7701,20.577608,-0.151864,0.001001,0.000000,0.011815,-0.022311,0,-0.163020,56,0.339161,0.125091,20.577608,0.002513,14.353691,0.001001,20.577612,14.491222,0.001001,-0.151864,0.000000,0.012264,-0.543270,-52.419179,0.137531,0.000000,0.001438,0.001858,0.000025,0.001438,0.339161,0.125091,-9.803337,0.011897,0.001770,0.000000,-2.939289,-0.005579,27.000000,0.013045,20.577612,0.002513,-0.151864,0.000000,0.137000,0.000000,135,0,1,34,35,-0.005306,0.010806,0.000868,0.303905,-0.240669,9.375681,1.773100,-0.005579,0.032252,7,1,0,0.000000,0,14.496824,0.000000,0.011815,0,-0.163020,0.000000,-0.022311,14.496824,-0.163020,1,1,1,6.199266,0.000000,0.000000,0.000000,0.000000,0.000000,0.000000,0.000000
1.7801,20.577625,-0.151864,0.019157,0.000000,0.010645,-0.022311,0,-0.163020,66,0.339485,0.125322,20.577625,0.002513,14.353722,0.019157,20.577612,14.491269,0.019157,-0.151864,0.000000,0.012303,-0.543270,-52.419179,0.137547,0.001000,0.001366,0.001815,-0.000006,0.001366,0.339485,0.125322,-9.803323,0.004242,-0.013720,0.001000,-2.939242,-0.005567,27.000000,0.013045,20.577612,0.002513,-0.151864,0.000000,0.137000,0.001000,140,0,1,34,35,0.011779,0.008463,0.020054,-0.223133,0.507962,9.909234,1.773147,-0.005567,0.032281,7,1,0,0.000000,0,14.496824,0.000000,0.010645,0,-0.163020,0.000000,-0.022311,14.496824,-0.163020,1,1,1,6.199346,0.000000,0.000000,0.000000,0.000000,0.000000,0.000000,0.000000
1.7901,20.577586,-0.152631,-0.012101,0.000000,0.002461,-0.013108,0,-0.163020,76,0.339975,0.125573,20.577586,0.000419,14.354465,-0.012101,20.577612,14.491990,-0.012101,-0.152631,0.000000,0.012329,-0.543270,-52.419179,0.137525,0.000000,0.001318,0.001853,0.000105,0.001318,0.339975,0.125573,-9.803303,-0.000001,0.005561,0.000000,-2.939288,-0.005599,27.000000,0.013045,20.577612,0.000419,-0.152631,0.000000,0.137000,0.000000,145,0,1,34,35,-0.005296,-0.001845,-0.012079,-0.297626,0.291903,10.366396,1.773101,-0.005599,0.032313,7,1,0,0.000000,0,14.496824,0.000000,0.002461,0,-0.163020,0.000000,-0.013108,14.496824,-0.163020,1,1,1,6.199424,0.000000,0.000000,0.000000,0.000000,0.000000,0.000000,0.000000
1.8001,20.577601,-0.152631,0.000850,0.000000,0.010869,-0.020777,0,-0.163020,86,0.339645,0.125641,20.577601,0.000419,14.354356,0.000850,20.577612,14.491890,0.000850,-0.152631,0.000000,0.012339,-0.543270,-52.419179,0.137533,0.000000,0.001300,0.001987,0.000018,0.001300,0.339645,0.125641,-9.803314,0.005147,0.001675,0.000000,-2.939388,-0.005591,27.000000,0.013045,20.577612,0.000419,-0.152631,0.000000,0.137000,0.000000,150,0,1,34,35,-0.003164,0.004401,0.000795,0.129832,0.078671,9.062952,1.773001,-0.005591,0.032279,6,1,0,0.000000,0,14.496824,0.000000,0.010869,0,-0.163020,0.000000,-0.020777,14.496824,-0.163020,1,1,1,6.199502,0.000000,0.000000,0.000000,0.000000,0.000000,0.000000,0.000000
1.8101,20.577427,-0.151864,0.002933,0.000000,0.017783,-0.029981,0,-0.163020,96,0.339970,0.126224,20.577427,0.000419,14.353693,0.002933,20.577420,14.491230,0.002933,-0.151864,0.000000,0.012414,-0.543270,-52.419179,0.137537,0.000000,0.001161,0.002001,-0.000015,0.001161,0.339970,0.126224,-9.803295,0.002414,0.000308,0.000000,-2.939281,-0.005555,27.000000,0.013045,20.577420,0.000419,-0.151864,0.000000,0.137000,0.000000,155,0,1,34,35,-0.001027,0.002242,0.002905,-0.507397,0.251539,10.528551,1.773108,-0.005555,0.032316,7,1,0,0.000000,0,14.496824,0.000000,0.017783,0,-0.163020,0.000000,-0.029981,14.496824,-0.163020,1,1,1,6.199580,0.000000,0.000000,0.000000,0.000000,0.000000,0.000000,0.000000
1.8201,20.577131,-0.151864,-0.003404,0.000000,0.010768,-0.022311,0,-0.163020,106,0.339787,0.125593,20.577131,0.000419,14.353734,-0.003404,20.577133,14.491265,-0.003404,-0.151864,0.000000,0.012326,-0.543270,-52.419179,0.137531,0.000000,0.001324,0.001833,0.000084,0.001324,0.339787,0.125593,-9.803309,0.001394,-0.010564,0.000000,-2.939246,-0.005577,27.000000,0.013045,20.577133,0.000419,-0.151864,0.000000,0.137000,0.000000,160,0,1,34,35,0.009642,0.004495,-0.003460,0.016431,-0.059146,9.377318,1.773143,-0.005577,0.032308,7,1,0,0.000000,0,14.496824,0.000000,0.010768,0,-0.163020,0.000000,-0.022311,14.496824,-0.163020,1,1,1,6.199658,0.000000,0.000000,0.000000,0.000000,0.000000,0.000000,0.000000
1.8301,20.577775,-0.151864,-0.024934,0.000000,0.013278,-0.022311,0,-0.163020,116,0.338905,0.125924,20.577775,0.005550,14.353570,-0.024934,20.577804,14.491085,-0.024934,-0.151864,0.000000,0.012371,-0.543270,-52.419179,0.137515,0.000000,0.001240,0.001836,0.000235,0.001240,0.338905,0.125924,-9.803335,-0.006233,-0.008133,0.000000,-2.939426,-0.005551,27.000000,0.013045,20.577804,0.005550,-0.151864,0.000000,0.137000,0.000000,165,0,1,34,35,0.009644,-0.003769,-0.024890,0.284220,-0.115785,9.329072,1.772963,-0.005551,0.032213,7,1,0,0.000000,0,14.496824,0.000000,0.013278,0,-0.163020,0.000000,-0.022311,14.496824,-0.163020,1,1,1,6.199736,0.000000,0.000000,0.000000,0.000000,0.000000,0.000000,0.000000
1.8401,20.577892,-0.151864,-0.001233,0.000000,0.012609,-0.022311,0,-0.163020,126,0.338866,0.125832,20.577892,0.001466,14.353460,-0.001233,20.577900,14.490991,-0.001233,-0.151864,0.000000,0.012426,-0.543270,-52.419179,0.137531,0.000000,0.001140,0.001864,-0.000084,0.001140,0.338866,0.125832,-9.803338,0.007878,0.003048,-0.000000,-2.939523,-0.005487,27.000000,0.013045,20.577900,0.001466,-0.151864,0.000000,0.137000,0.000000,170,0,1,34,35,-0.005302,0.006560,-0.001315,-0.058484,-0.009710,10.018985,1.772866,-0.005487,0.032211,6,1,0,0.000000,0,14.496824,0.000000,0.012609,0,-0.163020,0.000000,-0.022311,14.496824,-0.163020,1,1,1,6.199815,0.000000,0.000000,0.000000,0.000000,0.000000,0.000000,0.000000
1.8501,20.577442,-0.151864,0.013544,0.000000,0.011263,-0.022311,0,-0.163020,136,0.339389,0.126052,20.577442,-0.002513,14.353482,0.013544,20.577420,14.491024,0.013544,-0.151864,0.000000,0.012425,-0.543270,-52.419179,0.137543,0.000000,0.001141,0.001803,-0.000106,0.001141,0.339389,0.126052,-9.803317,0.000115,0.001035,0.000000,-2.939488,-0.005518,27.000000,0.013045,20.577420,-0.002513,-0.151864,0.000000,0.137000,0.000000,175,0,1,34,35,-0.001021,-0.000037,0.013545,-0.099437,0.313001,9.438405,1.772901,-0.005518,0.032260,7,1,0,0.000000,0,14.496824,0.000000,0.011263,0,-0.163020,0.000000,-0.022311,14.496824,-0.163020,1,1,1,6.199894,0.000000,0.000000,0.000000,0.000000,0.000000,0.000000,0.000000
1.8601,20.577796,-0.152631,-0.004693,0.000000,0.002633,-0.013108,0,-0.163020,146,0.340132,0.126783,20.577796,0.001466,14.354239,-0.004693,20.577804,14.491772,-0.004693,-0.152631,0.000000,0.012510,-0.543270,-52.419179,0.137532,-0.001000,0.000985,0.002001,0.000111,0.000985,0.340132,0.126783,-9.803282,-0.004028,-0.006599,-0.001000,-2.939507,-0.005543,27.000000,0.013045,20.577804,0.001466,-0.152631,0.000000,0.137000,-0.001000,180,0,1,34,35,0.007513,-0.001894,-0.005669,-0.239312,-0.041792,10.286517,1.772882,-0.005543,0.032310,7,1,0,0.000000,0,14.496824,0.000000,0.002633,0,-0.163020,0.000000,-0.013108,14.496824,-0.163020,1,1,1,6.199972,0.000000,0.000000,0.000000,0.000000,0.000000,0.000000,0.000000
1.8701,20.577628,-0.152631,0.018107,0.000000,0.010027,-0.020777,0,-0.163020,156,0.339536,0.124921,20.577628,0.001466,14.354235,0.018107,20.577612,14.491778,0.018107,-0.152631,0.000000,0.012373,-0.543270,-52.419179,0.137543,0.000000,0.001238,0.001863,-0.000004,0.001238,0.339536,0.124921,-9.803326,0.015451,0.007345,0.000000,-2.939503,-0.005483,27.000000,0.013045,20.577612,0.001466,-0.152631,0.000000,0.137000,0.000000,185,0,1,34,35,-0.011707,0.012698,0.017952,0.197099,-0.176991,8.859448,1.772886,-0.005483,0.032279,7,1,0,0.000000,0,14.496824,0.000000,0.010027,0,-0.163020,0.000000,-0.020777,14.496824,-0.163020,1,1,1,6.200051,0.000000,0.000000,0.000000,0.000000,0.000000,0.000000,0.000000
1.8801,20.577618,-0.151864,0.010362,0.000000,0.018537,-0.029981,0,-0.163020,166,0.339976,0.126377,20.577618,-0.001466,14.353531,0.010362,20.577612,14.491074,0.010362,-0.151864,0.000000,0.012534,-0.543270,-52.419179,0.137543,0.001000,0.000941,0.001999,-0.000030,0.000941,0.339976,0.126377,-9.803293,-0.002513,-0.000368,0.001000,-2.939440,-0.005451,27.000000,0.013045,20.577612,-0.001466,-0.151864,0.000000,0.137000,0.001000,190,0,1,34,35,0.001115,-0.002139,0.011389,-0.478519,0.354261,10.730581,1.772949,-0.005451,0.032314,6,1,0,0.000000,0,14.496824,0.000000,0.018537,0,-0.163020,0.000000,-0.029981,14.496824,-0.163020,1,1,1,6.200128,0.000000,0.000000,0.000000,0.000000,0.000000,0.000000,0.000000
1.8901,20.577411,-0.151864,-0.011993,0.000000,0.012105,-0.022311,0,-0.163020,176,0.339810,0.126075,20.577411,-0.001466,14.353498,-0.011993,20.577420,14.491024,-0.011993,-0.151864,0.000000,0.012449,-0.543270,-52.419179,0.137526,0.000000,0.001098,0.001831,0.000012,0.001098,0.339810,0.126075,-9.803302,0.002138,-0.001840,0.000000,-2.939489,-0.005503,27.000000,0.013045,20.577420,-0.001466,-0.151864,0.000000,0.137000,0.000000,195,0,1,34,35,0.001103,0.002447,-0.012024,-0.183419,0.143686,9.982163,1.772900,-0.005503,0.032302,7,1,0,0.000000,0,14.496824,0.000000,0.012105,0,-0.163020,0.000000,-0.022311,14.496824,-0.163020,1,1,1,6.200206,0.000000,0.000000,0.000000,0.000000,0.000000,0.000000,0.000000
1.9001,20.577796,-0.151864,-0.012147,0.000000,0.013550,-0.022311,0,-0.163020,186,0.339220,0.126675,20.577796,0.005550,14.353334,-0.012147,20.577804,14.490861,-0.012147,-0.151864,0.000000,0.012491,-0.543270,-52.419179,0.137528,0.000000,0.001020,0.001836,0.000121,0.001020,0.339220,0.126675,-9.803315,-0.003970,0.000103,0.000000,-2.939651,-0.005512,27.000000,0.013045,20.577804,0.005550,-0.151864,0.000000,0.137000,0.000000,200,0,1,34,35,0.001110,-0.003964,-0.012099,0.169019,-0.019638,9.282110,1.772738,-0.005512,0.032234,6,1,0,0.000000,0,14.496824,0.000000,0.013550,0,-0.163020,0.000000,-0.022311,14.496824,-0.163020,1,1,1,6.200284,0.000000,0.000000,0.000000,0.000000,0.000000,0.000000,0.000000
1.9101,20.577786,-0.152631,-0.011495,0.000000,0.003904,-0.013108,0,-0.163020,196,0.338828,0.122510,20.577786,-0.001466,14.354017,-0.011495,20.577804,14.491530,-0.011495,-0.152631,0.000000,0.012141,-0.543270,-52.419179,0.137513,0.000000,0.001664,0.001867,-0.000177,0.001664,0.338828,0.122510,-9.803381,0.025713,0.001834,0.000000,-2.939753,-0.005461,27.000000,0.013045,20.577804,-0.001466,-0.152631,0.000000,0.137000,0.000000,4,0,1,34,35,-0.013854,0.017334,-0.009729,0.066074,-0.076694,10.027963,1.772644,-0.005452,0.032231,6,1,0,0.000000,0,14.496824,0.000000,0.003904,0,-0.163020,0.000000,-0.013108,14.496824,-0.163020,1,1,1,6.200367,0.000000,0.000000,0.000000,0.000000,0.000000,0.000000,0.000000
1.9201,20.577734,-0.151864,0.013491,0.000000,0.018976,-0.029981,0,-0.163020,206,0.339262,0.123709,20.577734,0.001466,14.353296,0.013491,20.577708,14.490831,0.013491,-0.151864,0.000000,0.012190,-0.543270,-52.419179,0.137535,0.000000,0.001574,0.001858,0.000073,0.001574,0.339262,0.123709,-9.803351,-0.001273,0.003718,0.000000,-2.939682,-0.005514,27.000000,0.013045,20.577708,0.001466,-0.151864,0.000000,0.137000,0.000000,9,0,1,34,35,-0.003154,-0.002180,0.013519,0.140767,0.232628,9.763148,1.772707,-0.005514,0.032284,7,1,0,0.000000,0,14.496824,0.000000,0.018976,0,-0.163020,0.000000,-0.029981,14.496824,-0.163020,1,1,1,6.200443,0.000000,0.000000,0.000000,0.000000,0.000000,0.000000,0.000000
1.9301,20.577424,-0.151864,-0.003201,0.000000,0.010198,-0.022311,0,-0.163020,216,0.340940,0.127091,20.577424,-0.003560,14.353443,-0.003201,20.577420,14.490980,-0.003201,-0.151864,0.000000,0.012542,-0.543270,-52.419179,0.137537,0.000000,0.000927,0.001815,-0.000211,0.000927,0.340940,0.127091,-9.803250,0.010822,-0.009084,0.000000,-2.939532,-0.005530,27.000000,0.013045,20.577420,-0.003560,-0.151864,0.000000,0.137000,0.000000,14,0,1,34,35,0.005364,0.013030,-0.003364,-0.756575,0.056259,10.067046,1.772857,-0.005530,0.032401,7,1,0,0.000000,0,14.496824,0.000000,0.010198,0,-0.163020,0.000000,-0.022311,14.496824,-0.163020,1,1,1,6.200516,0.000000,0.000000,0.000000,0.000000,0.000000,0.000000,0.000000
1.9401,20.577400,-0.151864,-0.014427,0.000000,0.013969,-0.022311,0,-0.163020,226,0.338969,0.122714,20.577400,0.000419,14.353276,-0.014427,20.577420,14.490790,-0.014427,-0.151864,0.000000,0.012130,-0.543270,-52.419179,0.137514,0.000000,0.001685,0.001823,0.000030,0.001685,0.338969,0.122714,-9.803374,-0.011316,-0.002041,0.000000,-2.939725,-0.005470,27.000000,0.013045,20.577420,0.000419,-0.151864,0.000000,0.137000,0.000000,19,0,1,34,35,0.005385,-0.010334,-0.014303,0.311137,0.033316,8.871206,1.772664,-0.005470,0.032269,6,1,0,0.000000,0,14.496824,0.000000,0.013969,0,-0.163020,0.000000,-0.022311,14.496824,-0.163020,1,1,1,6.200598,0.000000,0.000000,0.000000,0.000000,0.000000,0.000000,0.000000
1.9501,20.577989,-0.151864,-0.001382,0.000000,0.012663,-0.022311,0,-0.163020,236,0.338862,0.122305,20.577989,0.001466,14.353220,-0.001382,20.577996,14.490740,-0.001382,-0.151864,0.000000,0.012154,-0.543270,-52.419179,0.137520,0.000000,0.001640,0.001835,-0.000002,0.001640,0.338862,0.122305,-9.803383,-0.000162,-0.001112,0.000000,-2.939777,-0.005403,27.000000,0.013045,20.577996,0.001466,-0.151864,0.000000,0.137000,0.000000,24,0,1,34,35,0.011771,0.008803,-0.005542,-0.203421,0.345302,9.917183,1.772613,-0.005406,0.032265,7,1,0,0.000000,0,14.496824,0.000000,0.012663,0,-0.163020,0.000000,-0.022311,14.496824,-0.163020,1,1,1,6.200676,0.000000,0.000000,0.000000,0.000000,0.000000,0.000000,0.000000
1.9601,20.577528,-0.151864,-0.015879,0.000000,0.011565,-0.022311,0,-0.163020,246,0.339526,0.123762,20.577528,-0.003560,14.353271,-0.015879,20.577516,14.490791,-0.015879,-0.151864,0.000000,0.012276,-0.543270,-52.419179,0.137519,0.002000,0.001415,0.001990,0.000081,0.001415,0.339526,0.123762,-9.803342,0.015585,0.005083,0.002000,-2.939725,-0.005438,27.000000,0.013045,20.577516,-0.003560,-0.151864,0.000000,0.137000,0.002000,29,0,1,34,35,-0.009582,0.013129,-0.014042,-0.078986,-0.191887,9.280218,1.772664,-0.005438,0.032309,7,1,0,0.000000,0,14.496824,0.000000,0.011565,0,-0.163020,0.000000,-0.022311,14.496824,-0.163020,1,1,1,6.200751,0.000000,0.000000,0.000000,0.000000,0.000000,0.000000,0.000000
1.9701,20.577684,-0.152631,-0.009803,0.000000,0.004368,-0.013108,0,-0.163020,0,0.339677,0.122770,20.577684,0.001466,14.353915,-0.009803,20.577708,14.491432,-0.009803,-0.152631,0.000000,0.012188,-0.543270,-52.419179,0.137517,0.000000,0.001578,0.001849,0.000132,0.001578,0.339677,0.122770,-9.803349,0.001535,-0.010614,0.000000,-2.939850,-0.005453,27.000000,0.013045,20.577708,0.001466,-0.152631,0.000000,0.137000,0.000000,34,0,1,34,35,0.009640,0.004580,-0.009859,0.038057,-0.277393,10.016357,1.772539,-0.005453,0.032326,7,1,0,0.000000,0,14.496824,0.000000,0.004368,0,-0.163020,0.000000,-0.013108,14.496824,-0.163020,1,1,1,6.200827,0.000000,0.000000,0.000000,0.000000,0.000000,0.000000,0.000000
1.9801,20.577721,-0.152631,0.023151,0.000000,0.011261,-0.020777,0,-0.163020,10,0.339779,0.122603,20.577721,0.000419,14.353859,0.023151,20.577708,14.491392,0.023151,-0.152631,0.000000,0.012211,-0.543270,-52.419179,0.137533,-0.003000,0.001535,0.001866,0.000096,0.001535,0.339779,0.122603,-9.803347,0.006168,-0.007620,-0.003000,-2.939891,-0.005415,27.000000,0.013045,20.577708,0.000419,-0.152631,0.000000,0.137000,-0.003000,39,0,1,34,35,0.005375,0.008444,0.020049,0.217626,-0.258543,9.270171,1.772498,-0.005415,0.032339,7,1,0,0.000000,0,14.496824,0.000000,0.011261,0,-0.163020,0.000000,-0.020777,14.496824,-0.163020,1,1,1,6.200902,0.000000,0.000000,0.000000,0.000000,0.000000,0.000000,0.000000
1.9901,20.577544,-0.151864,0.010330,0.000000,0.017969,-0.029981,0,-0.163020,20,0.340140,0.122722,20.577544,-0.000419,14.353271,0.010330,20.577516,14.490800,0.010330,-0.151864,0.000000,0.012210,-0.543270,-52.419179,0.137530,-0.001000,0.001537,0.001861,-0.000035,0.001537,0.340140,0.122722,-9.803333,0.002258,0.000355,-0.001000,-2.939716,-0.005409,27.000000,0.013045,20.577516,-0.000419,-0.151864,0.000000,0.137000,-0.001000,44,0,1,34,35,-0.001025,0.002157,0.009304,-0.348096,0.322547,9.428769,1.772673,-0.005409,0.032387,7,1,0,0.000000,0,14.496824,0.000000,0.017969,0,-0.163020,0.000000,-0.029981,14.496824,-0.163020,1,1,1,6.200978,0.000000,0.000000,0.000000,0.000000,0.000000,0.000000,0.000000
2.0001,20.577294,-0.151864,-0.025046,0.000000,0.012514,-0.022311,0,-0.163020,30,0.339880,0.124113,20.577294,-0.000419,14.353248,-0.025046,20.577325,14.490761,-0.025046,-0.151864,0.000000,0.012334,-0.543270,-52.419179,0.137513,0.000000,0.001309,0.001832,-0.000079,0.001309,0.339880,0.124113,-9.803325,-0.007087,0.003336,0.000000,-2.939755,-0.005421,27.000000,0.013045,20.577325,-0.000419,-0.151864,0.000000,0.137000,0.000000,49,0,1,34,35,-0.001024,-0.008074,-0.024948,-0.306576,0.515140,10.875866,1.772634,-0.005421,0.032340,6,1,0,0.000000,0,14.496824,0.000000,0.012514,0,-0.163020,0.000000,-0.022311,14.496824,-0.163020,1,1,1,6.201052,0.000000,0.000000,0.000000,0.000000,0.000000,0.000000,0.000000
2.0101,20.577594,-0.151864,-0.010020,0.000000,0.014488,-0.022311,0,-0.163020,40,0.339085,0.124335,20.577594,0.000419,14.353044,-0.010020,20.577612,14.490565,-0.010020,-0.151864,0.000000,0.012338,-0.543270,-52.419179,0.137520,0.000000,0.001301,0.001971,0.000047,0.001301,0.339085,0.124335,-9.803350,-0.002093,0.006225,0.000000,-2.939951,-0.005427,27.000000,0.013045,20.577612,0.000419,-0.151864,0.000000,0.137000,0.000000,54,0,1,34,35,-0.005293,-0.004011,-0.009971,0.494513,-0.256627,9.126813,1.772438,-0.005427,0.032256,7,1,0,0.000000,0,14.496824,0.000000,0.014488,0,-0.163020,0.000000,-0.022311,14.496824,-0.163020,1,1,1,6.201128,0.000000,0.000000,0.000000,0.000000,0.000000,0.000000,0.000000
2.0201,20.577598,-0.151864,-0.007472,0.000000,0.013398,-0.022311,0,-0.163020,50,0.339886,0.123996,20.577598,0.000419,14.352969,-0.007472,20.577612,14.490491,-0.007472,-0.151864,0.000000,0.012338,-0.543270,-52.419179,0.137523,0.000000,0.001301,0.001834,0.000000,0.001301,0.339886,0.123996,-9.803326,0.012211,-0.005047,0.000000,-2.940025,-0.005405,27.000000,0.013045,20.577612,0.000419,-0.151864,0.000000,0.137000,0.000000,59,0,1,34,35,0.001093,0.013075,-0.007634,-0.210779,0.062462,10.364146,1.772364,-0.005405,0.032342,7,1,0,0.000000,0,14.496824,0.000000,0.013398,0,-0.163020,0.000000,-0.022311,14.496824,-0.163020,1,1,1,6.201203,0.000000,0.000000,0.000000,0.000000,0.000000,0.000000,0.000000
2.0301,20.577706,-0.151864,-0.001286,0.000000,0.013088,-0.022311,0,-0.163020,60,0.340370,0.125387,20.577706,0.000419,14.352924,-0.001286,20.577708,14.490456,-0.001286,-0.151864,0.000000,0.012453,-0.543270,-52.419179,0.137532,0.000000,0.001090,0.001994,0.000201,0.001090,0.340370,0.125387,-9.803292,0.006486,0.005732,0.000000,-2.940059,-0.005438,27.000000,0.013045,20.577708,0.000419,-0.151864,0.000000,0.137000,0.000000,64,0,1,34,35,-0.007434,0.004417,-0.001341,-0.136069,0.042183,9.684491,1.772330,-0.005438,0.032369,7,1,0,0.000000,0,14.496824,0.000000,0.013088,0,-0.163020,0.000000,-0.022311,14.496824,-0.163020,1,1,1,6.201279,0.000000,0.000000,0.000000,0.000000,0.000000,0.000000,0.000000
2.0401,20.577717,-0.151864,0.006007,0.000000,0.012733,-0.022311,0,-0.163020,70,0.340471,0.125395,20.577717,0.002513,14.352921,0.006007,20.577708,14.490456,0.006007,-0.151864,0.000000,0.012440,-0.543270,-52.419179,0.137535,-0.001000,0.001113,0.001974,0.000103,0.001113,0.340471,0.125395,-9.803288,0.002901,0.009112,-0.001000,-2.940058,-0.005453,27.000000,0.013045,20.577708,0.002513,-0.151864,0.000000,0.137000,-0.001000,69,0,1,34,35,-0.009562,0.000052,0.005006,-0.157006,0.144390,9.149560,1.772331,-0.005453,0.032379,6,1,0,0.000000,0,14.496824,0.000000,0.012733,0,-0.163020,0.000000,-0.022311,14.496824,-0.163020,1,1,1,6.201355,0.000000,0.000000,0.000000,0.000000,0.000000,0.000000,0.000000
2.0501,20.577705,-0.151864,0.004966,0.000000,0.012811,-0.022311,0,-0.163020,80,0.340087,0.125026,20.577705,0.000419,14.352915,0.004966,20.577708,14.490450,0.004966,-0.151864,0.000000,0.012446,-0.543270,-52.419179,0.137535,0.000000,0.001103,0.001830,0.000090,0.001103,0.340087,0.125026,-9.803306,-0.002998,-0.002451,0.000000,-2.940066,-0.005404,27.000000,0.013045,20.577708,0.000419,-0.151864,0.000000,0.137000,0.000000,74,0,1,34,35,0.003247,-0.002048,0.004992,-0.019237,0.070595,10.488768,1.772323,-0.005404,0.032346,7,1,0,0.000000,0,14.496824,0.000000,0.012811,0,-0.163020,0.000000,-0.022311,14.496824,-0.163020,1,1,1,6.201429,0.000000,0.000000,0.000000,0.000000,0.000000,0.000000,0.000000
2.0601,20.577765,-0.151983,0.105368,-0.104720,0.011096,-0.020880,0,-0.163020,90,0.339787,0.124503,20.577765,0.000419,14.352994,0.105368,20.577708,14.490588,0.105368,-0.151983,-0.104720,0.012426,-0.543270,-52.419179,0.137594,0.000000,0.001139,0.001850,0.000190,0.001139,0.339787,0.124503,-9.803323,-0.004285,0.000200,-0.104720,-2.940049,-0.005370,27.000000,0.013045,20.577708,0.000419,-0.151864,-0.104720,0.137000,0.000000,79,0,1,34,35,0.001114,-0.004134,0.000699,0.063854,-0.151559,9.118018,1.772340,-0.005370,0.032322,6,1,0,0.000000,0,14.496824,0.000000,0.011096,0,-0.163020,0.000000,-0.020880,14.496824,-0.163020,1,1,1,6.201505,0.000000,0.000000,0.000000,0.000000,0.000000,0.000000,0.000000
2.0701,20.577717,-0.151864,0.008803,0.000000,0.013323,-0.023504,0,-0.163020,100,0.340382,0.125828,20.577717,0.001466,14.352975,0.008803,20.577708,14.490517,0.008803,-0.151864,0.000000,0.012533,-0.543270,-52.419179,0.137542,0.001000,0.000942,0.001988,-0.000004,0.000942,0.340382,0.125828,-9.803286,0.018002,-0.013618,0.001000,-2.939999,-0.005402,27.000000,0.013045,20.577708,0.001466,-0.151864,0.000000,0.137000,0.001000,84,0,1,34,35,0.007493,0.021414,0.009535,-0.000916,0.008267,10.114906,1.772390,-0.005402,0.032364,7,1,0,0.000000,0,14.496824,0.000000,0.013323,0,-0.163020,0.000000,-0.023504,14.496824,-0.163020,1,1,1,6.201579,0.000000,0.000000,0.000000,0.000000,0.000000,0.000000,0.000000
2.0801,20.577712,-0.151864,0.015036,0.000000,0.012867,-0.022311,0,-0.163020,110,0.340889,0.125349,20.577712,-0.000419,14.352950,0.015036,20.577708,14.490496,0.015036,-0.151864,0.000000,0.012517,-0.543270,-52.419179,0.137546,0.001000,0.000973,0.001842,0.000203,0.000973,0.340889,0.125349,-9.803274,0.014956,-0.001449,0.001000,-2.940021,-0.005378,27.000000,0.013045,20.577708,-0.000419,-0.151864,0.000000,0.137000,0.001000,89,0,1,34,35,-0.003171,0.014887,0.015851,0.043763,-0.203756,8.696383,1.772368,-0.005378,0.032422,7,1,0,0.000000,0,14.496824,0.000000,0.012867,0,-0.163020,0.000000,-0.022311,14.496824,-0.163020,1,1,1,6.201654,0.000000,0.000000,0.000000,0.000000,0.000000,0.000000,0.000000
2.0901,20.577604,-0.151864,-0.006772,0.000000,0.013487,-0.022311,0,-0.163020,120,0.340834,0.125066,20.577604,0.000419,14.352899,-0.006772,20.577612,14.490427,-0.006772,-0.151864,0.000000,0.012519,-0.543270,-52.419179,0.137528,-0.001000,0.000969,0.001936,-0.000076,0.000969,0.340834,0.125066,-9.803280,-0.002577,-0.009302,-0.001000,-2.940091,-0.005347,27.000000,0.013045,20.577612,0.000419,-0.151864,0.000000,0.137000,-0.001000,94,0,1,34,35,0.009645,0.000278,-0.007776,-0.136835,0.309210,9.744596,1.772298,-0.005347,0.032421,6,1,0,0.000000,0,14.496824,0.000000,0.013487,0,-0.163020,0.000000,-0.022311,14.496824,-0.163020,1,1,1,6.201728,0.000000,0.000000,0.000000,0.000000,0.000000,0.000000,0.000000
2.1001,20.577596,-0.152631,-0.003616,0.000000,0.003607,-0.013108,0,-0.163020,130,0.340230,0.121645,20.577596,0.000419,14.353673,-0.003616,20.577612,14.491192,-0.003616,-0.152631,0.000000,0.012191,-0.543270,-52.419179,0.137519,0.000000,0.001573,0.001852,0.000010,0.001573,0.340230,0.121645,-9.803344,-0.004181,0.000171,0.000000,-2.940094,-0.005346,27.000000,0.013045,20.577612,0.000419,-0.152631,0.000000,0.137000,0.000000,99,0,1,34,35,0.001112,-0.004077,-0.003567,0.036202,-0.193828,9.442971,1.772295,-0.005346,0.032400,6,1,0,0.000000,0,14.496824,0.000000,0.003607,0,-0.163020,0.000000,-0.013108,14.496824,-0.163020,1,1,1,6.201805,0.000000,0.000000,0.000000,0.000000,0.000000,0.000000,0.000000
2.1101,20.577808,-0.151864,0.006273,0.000000,0.020529,-0.029981,0,-0.163020,140,0.339999,0.122905,20.577808,0.002513,14.352893,0.006273,20.577804,14.490420,0.006273,-0.151864,0.000000,0.012282,-0.543270,-52.419179,0.137527,-0.001000,0.001404,0.002021,0.000194,0.001404,0.339999,0.122905,-9.803336,0.009217,-0.006341,-0.001000,-2.940098,-0.005353,27.000000,0.013045,20.577804,0.002513,-0.151864,0.000000,0.137000,-0.001000,104,0,1,34,35,0.003234,0.010774,0.005141,0.170932,-0.188200,9.768510,1.772291,-0.005353,0.032370,7,1,0,0.000000,0,14.496824,0.000000,0.020529,0,-0.163020,0.000000,-0.029981,14.496824,-0.163020,1,1,1,6.201880,0.000000,0.000000,0.000000,0.000000,0.000000,0.000000,0.000000
2.1201,20.577601,-0.151864,-0.016160,0.000000,0.012396,-0.022311,0,-0.163020,150,0.340549,0.121969,20.577601,-0.000419,14.352941,-0.016160,20.577612,14.490455,-0.016160,-0.151864,0.000000,0.012232,-0.543270,-52.419179,0.137513,0.000000,0.001497,0.001702,0.000001,0.001497,0.340549,0.121969,-9.803329,0.007598,0.000903,0.000000,-2.940065,-0.005318,27.000000,0.013045,20.577612,-0.000419,-0.151864,0.000000,0.137000,0.000000,109,0,1,34,35,-0.003172,0.006765,-0.016244,-0.364181,0.017162,10.153041,1.772324,-0.005318,0.032440,6,1,0,0.000000,0,14.496824,0.000000,0.012396,0,-0.163020,0.000000,-0.022311,14.496824,-0.163020,1,1,1,6.201954,0.000000,0.000000,0.000000,0.000000,0.000000,0.000000,0.000000
2.1301,20.577699,-0.151864,-0.004616,0.000000,0.013903,-0.022311,0,-0.163020,160,0.339728,0.122275,20.577699,0.003560,14.352836,-0.004616,20.577708,14.490358,-0.004616,-0.151864,0.000000,0.012212,-0.543270,-52.419179,0.137521,0.001000,0.001533,0.001848,0.000123,0.001533,0.339728,0.122275,-9.803353,-0.004181,0.000168,0.001000,-2.940161,-0.005355,27.000000,0.013045,20.577708,0.003560,-0.151864,0.000000,0.137000,0.001000,114,0,1,34,35,0.001112,-0.004077,-0.003567,0.062691,0.267871,9.227509,1.772228,-0.005355,0.032353,7,1,0,0.000000,0,14.496824,0.000000,0.013903,0,-0.163020,0.000000,-0.022311,14.496824,-0.163020,1,1,1,6.202028,0.000000,0.000000,0.000000,0.000000,0.000000,0.000000,0.000000
2.1401,20.577990,-0.151864,-0.020612,0.000000,0.013506,-0.022311,0,-0.163020,170,0.340458,0.122966,20.577990,0.001466,14.352797,-0.020612,20.577996,14.490310,-0.020612,-0.151864,0.000000,0.012301,-0.543270,-52.419179,0.137513,0.000000,0.001370,0.001849,-0.000085,0.001370,0.340458,0.122966,-9.803319,-0.006238,-0.014853,0.000000,-2.940209,-0.005347,27.000000,0.013045,20.577996,0.001466,-0.151864,0.000000,0.137000,0.000000,119,0,1,34,35,0.016047,-0.001671,-0.020593,-0.153743,-0.256133,9.834609,1.772180,-0.005347,0.032416,6,1,0,0.000000,0,14.496824,0.000000,0.013506,0,-0.163020,0.000000,-0.022311,14.496824,-0.163020,1,1,1,6.202102,0.000000,0.000000,0.000000,0.000000,0.000000,0.000000,0.000000
2.1501,20.577609,-0.151864,-0.001082,0.000000,0.014169,-0.022311,0,-0.163020,180,0.339903,0.123032,20.577609,-0.000419,14.352691,-0.001082,20.577612,14.490215,-0.001082,-0.151864,0.000000,0.012311,-0.543270,-52.419179,0.137524,0.000000,0.001350,0.001877,-0.000174,0.001350,0.339903,0.123032,-9.803338,0.014629,0.003142,0.000000,-2.940304,-0.005335,27.000000,0.013045,20.577612,-0.000419,-0.151864,0.000000,0.137000,0.000000,124,0,1,34,35,-0.007443,0.012965,-0.001242,0.149742,-0.103703,9.118555,1.772085,-0.005335,0.032359,7,1,0,0.000000,0,14.496824,0.000000,0.014169,0,-0.163020,0.000000,-0.022311,14.496824,-0.163020,1,1,1,6.202177,0.000000,0.000000,0.000000,0.000000,0.000000,0.000000,0.000000
2.1601,20.577910,-0.152631,0.000654,0.000000,0.003500,-0.013108,0,-0.163020,190,0.340211,0.124071,20.577910,0.000419,14.353495,0.000654,20.577900,14.491025,0.000654,-0.152631,0.000000,0.012415,-0.543270,-52.419179,0.137529,0.000000,0.001160,0.001988,-0.000027,0.001160,0.340211,0.124071,-9.803314,-0.006222,-0.005900,-0.000000,-2.940260,-0.005366,27.000000,0.013045,20.577900,0.000419,-0.152631,0.000000,0.137000,0.000000,129,0,1,34,35,0.007518,-0.004116,0.000705,-0.136927,0.479087,9.928141,1.772129,-0.005366,0.032360,6,1,0,0.000000,0,14.496824,0.000000,0.003500,0,-0.163020,0.000000,-0.013108,14.496824,-0.163020,1,1,1,6.202250,0.000000,0.000000,0.000000,0.000000,0.000000,0.000000,0.000000
2.1701,20.577804,-0.151864,0.005073,0.000000,0.020745,-0.029981,0,-0.163020,200,0.340330,0.123396,20.577804,0.002513,14.352732,0.005073,20.577804,14.490263,0.005073,-0.151864,0.000000,0.012334,-0.543270,-52.419179,0.137530,0.000000,0.001309,0.001857,0.000103,0.001309,0.340330,0.123396,-9.803318,-0.000214,-0.007818,0.000000,-2.940256,-0.005355,27.000000,0.013045,20.577804,0.002513,-0.151864,0.000000,0.137000,0.000000,134,0,1,34,35,0.007512,0.002238,0.005045,-0.183226,0.246393,10.184175,1.772133,-0.005355,0.032396,7,1,0,0.000000,0,14.496824,0.000000,0.020745,0,-0.163020,0.000000,-0.029981,14.496824,-0.163020,1,1,1,6.202322,0.000000,0.000000,0.000000,0.000000,0.000000,0.000000,0.000000
2.1801,20.577828,-0.151864,0.018160,0.000000,0.012435,-0.022311,0,-0.163020,210,0.340413,0.122700,20.577828,-0.000419,14.352782,0.018160,20.577804,14.490320,0.018160,-0.151864,0.000000,0.012347,-0.543270,-52.419179,0.137537,0.000000,0.001286,0.001888,-0.000033,0.001286,0.340413,0.122700,-9.803324,0.016839,0.004670,0.000000,-2.940201,-0.005274,27.000000,0.013045,20.577804,-0.000419,-0.151864,0.000000,0.137000,0.000000,139,0,1,34,35,-0.009574,0.014841,0.017978,-0.281558,0.088955,8.986225,1.772188,-0.005274,0.032415,7,1,0,0.000000,0,14.496824,0.000000,0.012435,0,-0.163020,0.000000,-0.022311,14.496824,-0.163020,1,1,1,6.202396,0.000000,0.000000,0.000000,0.000000,0.000000,0.000000,0.000000
2.1901,20.577791,-0.151864,-0.015486,0.000000,0.013269,-0.022311,0,-0.163020,220,0.340123,0.123524,20.577791,0.001466,14.352779,-0.015486,20.577804,14.490298,-0.015486,-0.151864,0.000000,0.012368,-0.543270,-52.419179,0.137520,0.001000,0.001245,0.001850,0.000018,0.001245,0.340123,0.123524,-9.803324,-0.011418,0.004716,0.001000,-2.940221,-0.005331,27.000000,0.013045,20.577804,0.001466,-0.151864,0.000000,0.137000,0.001000,144,0,1,34,35,-0.001016,-0.012490,-0.014333,0.114652,0.221184,10.691347,1.772168,-0.005331,0.032373,6,1,0,0.000000,0,14.496824,0.000000,0.013269,0,-0.163020,0.000000,-0.022311,14.496824,-0.163020,1,1,1,6.202470,0.000000,0.000000,0.000000,0.000000,0.000000,0.000000,0.000000
2.2001,20.578071,-0.152631,-0.029201,0.000000,0.005540,-0.013108,0,-0.163020,230,0.340648,0.124242,20.578071,-0.000419,14.353412,-0.029201,20.578092,14.490924,-0.029201,-0.152631,0.000000,0.012474,-0.543270,-52.419179,0.137513,0.000000,0.001052,0.001828,-0.000064,0.001052,0.340648,0.124242,-9.803297,-0.005488,-0.006125,0.000000,-2.940362,-0.005331,27.000000,0.013045,20.578092,-0.000419,-0.152631,0.000000,0.137000,0.000000,149,0,1,34,35,0.007508,-0.003719,-0.029157,0.064773,-0.372191,9.173225,1.772027,-0.005331,0.032401,6,1,0,0.000000,0,14.496824,0.000000,0.005540,0,-0.163020,0.000000,-0.013108,14.496824,-0.163020,1,1,1,6.202542,0.000000,0.000000,0.000000,0.000000,0.000000,0.000000,0.000000
2.2101,20.577716,-0.151864,0.001058,0.000000,0.021816,-0.029981,0,-0.163020,240,0.340053,0.123732,20.577716,-0.002513,14.352562,0.001058,20.577708,14.490090,0.001058,-0.151864,0.000000,0.012465,-0.543270,-52.419179,0.137528,0.000000,0.001068,0.001835,-0.000192,0.001068,0.340053,0.123732,-9.803324,0.012645,-0.002949,0.000000,-2.940432,-0.005254,27.000000,0.013045,20.577708,-0.002513,-0.151864,0.000000,0.137000,0.000000,154,0,1,34,35,-0.001039,0.012955,0.000896,0.249016,0.030724,10.632099,1.771957,-0.005254,0.032363,7,1,0,0.000000,0,14.496824,0.000000,0.021816,0,-0.163020,0.000000,-0.029981,14.496824,-0.163020,1,1,1,6.202615,0.000000,0.000000,0.000000,0.000000,0.000000,0.000000,0.000000
2.2201,20.577817,-0.151864,0.010634,0.000000,0.011696,-0.022311,0,-0.163020,250,0.341320,0.124024,20.577817,-0.000419,14.352701,0.010634,20.577804,14.490237,0.010634,-0.151864,0.000000,0.012471,-0.543270,-52.419179,0.137536,-0.001000,0.001057,0.001836,-0.000030,0.001057,0.341320,0.124024,-9.803276,0.016402,0.002571,-0.001000,-2.940283,-0.005297,27.000000,0.013045,20.577804,-0.000419,-0.151864,0.000000,0.137000,-0.001000,159,0,1,34,35,-0.007442,0.014960,0.009448,-0.269197,-0.177696,9.672625,1.772106,-0.005297,0.032486,7,1,0,0.000000,0,14.496824,0.000000,0.011696,0,-0.163020,0.000000,-0.022311,14.496824,-0.163020,1,1,1,6.202688,0.000000,0.000000,0.000000,0.000000,0.000000,0.000000,0.000000
2.2301,20.577881,-0.151864,-0.018890,0.000000,0.014179,-0.022311,0,-0.163020,4,0.339925,0.121400,20.577881,0.002513,14.352645,-0.018890,20.577900,14.490154,-0.018890,-0.151864,0.000000,0.012161,-0.543270,-52.419179,0.137509,0.000000,0.001627,0.001919,0.000122,0.001627,0.339925,0.121400,-9.803357,-0.021288,-0.005580,0.000000,-2.940366,-0.005321,27.000000,0.013045,20.577900,0.002513,-0.151864,0.000000,0.137000,0.000000,164,0,1,34,35,0.009666,-0.021007,-0.014423,0.207326,0.158997,9.532762,1.772034,-0.005329,0.032399,7,1,0,0.000000,0,14.496824,0.000000,0.014179,0,-0.163020,0.000000,-0.022311,14.496824,-0.163020,1,1,1,6.202765,0.000000,0.000000,0.000000,0.000000,0.000000,0.000000,0.000000
2.2401,20.578174,-0.152631,-0.015994,0.000000,0.005250,-0.013108,0,-0.163020,14,0.340013,0.123361,20.578174,0.001466,14.353311,-0.015994,20.578187,14.490828,-0.015994,-0.152631,0.000000,0.012482,-0.543270,-52.419179,0.137517,0.000000,0.001035,0.001834,0.000018,0.001035,0.340013,0.123361,-9.803330,0.010477,-0.011232,0.000000,-2.940462,-0.005223,27.000000,0.013045,20.578187,0.001466,-0.152631,0.000000,0.137000,0.000000,169,0,1,34,35,0.007494,0.013206,-0.016161,-0.145059,0.246767,10.155491,1.771927,-0.005223,0.032351,6,1,0,0.000000,0,14.496824,0.000000,0.005250,0,-0.163020,0.000000,-0.013108,14.496824,-0.163020,1,1,1,6.202835,0.000000,0.000000,0.000000,0.000000,0.000000,0.000000,0.000000
2.2501,20.577996,-0.151864,0.023653,0.000000,0.021541,-0.029981,0,-0.163020,24,0.340076,0.124080,20.577996,0.000419,14.352486,0.023653,20.577996,14.490032,0.023653,-0.151864,0.000000,0.012484,-0.543270,-52.419179,0.137547,0.001000,0.001032,0.001835,0.000200,0.001032,0.340076,0.124080,-9.803318,0.023972,0.013594,0.001000,-2.940489,-0.005270,27.000000,0.013045,20.577996,0.000419,-0.151864,0.000000,0.137000,0.001000,174,0,1,34,35,-0.020250,0.018999,0.024418,0.283604,-0.065972,9.166873,1.771900,-0.005270,0.032360,7,1,0,0.000000,0,14.496824,0.000000,0.021541,0,-0.163020,0.000000,-0.029981,14.496824,-0.163020,1,1,1,6.202908,0.000000,0.000000,0.000000,0.000000,0.000000,0.000000,0.000000
2.2601,20.577714,-0.151864,0.007156,0.000000,0.011731,-0.022311,0,-0.163020,34,0.341622,0.124476,20.577714,-0.002513,14.352649,0.007156,20.577708,14.490187,0.007156,-0.151864,0.000000,0.012495,-0.543270,-52.419179,0.137538,0.000000,0.001013,0.001968,-0.000120,0.001013,0.341622,0.124476,-9.803260,-0.002946,-0.009189,0.000000,-2.940332,-0.005324,27.000000,0.013045,20.577708,-0.002513,-0.151864,0.000000,0.137000,0.000000,179,0,1,34,35,0.009650,0.000079,0.007155,-0.785059,0.224824,10.355834,1.772057,-0.005324,0.032510,7,1,0,0.000000,0,14.496824,0.000000,0.011731,0,-0.163020,0.000000,-0.022311,14.496824,-0.163020,1,1,1,6.202980,0.000000,0.000000,0.000000,0.000000,0.000000,0.000000,0.000000
2.2701,20.577663,-0.151864,-0.025241,0.000000,0.016502,-0.022311,0,-0.163020,44,0.339467,0.120991,20.577663,0.000419,14.352418,-0.025241,20.577708,14.489918,-0.025241,-0.151864,0.000000,0.012170,-0.543270,-52.419179,0.137500,0.000000,0.001611,0.001859,0.000139,0.001611,0.339467,0.120991,-9.803378,-0.017808,-0.002209,0.000000,-2.940604,-0.005264,27.000000,0.013045,20.577708,0.000419,-0.151864,0.000000,0.137000,0.000000,184,0,1,34,35,0.016060,-0.016488,-0.031432,0.456877,-0.184040,9.443343,1.771803,-0.005272,0.032362,7,1,0,0.000000,0,14.496824,0.000000,0.016502,0,-0.163020,0.000000,-0.022311,14.496824,-0.163020,1,1,1,6.203056,0.000000,0.000000,0.000000,0.000000,0.000000,0.000000,0.000000
2.2801,20.578185,-0.151864,-0.001026,0.000000,0.014453,-0.022311,0,-0.163020,54,0.339226,0.120436,20.578185,0.001466,14.352350,-0.001026,20.578187,14.489864,-0.001026,-0.151864,0.000000,0.012167,-0.543270,-52.419179,0.137515,0.000000,0.001616,0.001929,-0.000196,0.001616,0.339226,0.120436,-9.803393,0.014087,-0.005655,0.000000,-2.940659,-0.005207,27.000000,0.013045,20.578187,0.001466,-0.151864,0.000000,0.137000,0.000000,189,0,1,34,35,-0.001034,0.008681,0.000847,-0.012856,0.009422,9.244002,1.771731,-0.005209,0.032321,6,1,0,0.000000,0,14.496824,0.000000,0.014453,0,-0.163020,0.000000,-0.022311,14.496824,-0.163020,1,1,1,6.203129,0.000000,0.000000,0.000000,0.000000,0.000000,0.000000,0.000000
2.2901,20.577909,-0.151864,0.003328,0.000000,0.013832,-0.022311,0,-0.163020,64,0.339252,0.121112,20.577909,-0.000419,14.352352,0.003328,20.577900,14.489872,0.003328,-0.151864,0.000000,0.012170,-0.543270,-52.419179,0.137520,0.000000,0.001610,0.001847,0.000100,0.001610,0.339252,0.121112,-9.803384,0.022565,0.007329,-0.000000,-2.940650,-0.005272,27.000000,0.013045,20.577900,-0.000419,-0.151864,0.000000,0.137000,0.000000,194,0,1,34,35,-0.013853,0.019301,0.003093,0.091989,-0.120854,8.955648,1.771739,-0.005272,0.032323,7,1,0,0.000000,0,14.496824,0.000000,0.013832,0,-0.163020,0.000000,-0.022311,14.496824,-0.163020,1,1,1,6.203202,0.000000,0.000000,0.000000,0.000000,0.000000,0.000000,0.000000
2.3001,20.578093,-0.151864,0.002902,0.000000,0.014215,-0.022311,0,-0.163020,74,0.339659,0.121613,20.578093,0.003560,14.352324,0.002902,20.578092,14.489846,0.002902,-0.151864,0.000000,0.012242,-0.543270,-52.419179,0.137522,0.000000,0.001478,0.001997,-0.000098,0.001478,0.339659,0.121613,-9.803364,-0.006711,-0.021430,0.000000,-2.940676,-0.005257,27.000000,0.013045,20.578092,0.003560,-0.151864,0.000000,0.137000,0.000000,199,0,1,34,35,0.022456,0.000173,0.002900,-0.210486,0.249459,10.710561,1.771713,-0.005257,0.032356,7,1,0,0.000000,0,14.496824,0.000000,0.014215,0,-0.163020,0.000000,-0.022311,14.496824,-0.163020,1,1,1,6.203275,0.000000,0.000000,0.000000,0.000000,0.000000,0.000000,0.000000
2.3101,20.577981,-0.151864,0.000751,0.000000,0.014398,-0.022311,0,-0.163020,84,0.340026,0.121079,20.577981,0.001466,14.352290,0.000751,20.577996,14.489809,0.000751,-0.151864,0.000000,0.012234,-0.543270,-52.419179,0.137520,0.000000,0.001493,0.001874,0.000011,0.001493,0.340026,0.121079,-9.803358,-0.000214,-0.001096,0.000000,-2.940714,-0.005218,27.000000,0.013045,20.577996,0.001466,-0.151864,0.000000,0.137000,0.000000,3,0,1,34,35,0.001109,0.000140,0.000749,-0.192942,-0.063619,9.731243,1.771675,-0.005218,0.032401,7,1,0,0.000000,0,14.496824,0.000000,0.014398,0,-0.163020,0.000000,-0.022311,14.496824,-0.163020,1,1,1,6.203348,0.000000,0.000000,0.000000,0.000000,0.000000,0.000000,0.000000
2.3201,20.577981,-0.151864,-0.005601,0.000000,0.015212,-0.022311,0,-0.163020,94,0.339820,0.121692,20.577981,0.000419,14.352194,-0.005601,20.577996,14.489711,-0.005601,-0.151864,0.000000,0.012284,-0.543270,-52.419179,0.137516,0.000000,0.001401,0.001829,0.000015,0.001401,0.339820,0.121692,-9.803357,0.003912,0.004312,0.000000,-2.940812,-0.005226,27.000000,0.013045,20.577996,0.000419,-0.151864,0.000000,0.137000,0.000000,8,0,1,34,35,-0.005299,0.002343,-0.005630,-0.051169,-0.046792,9.147707,1.771577,-0.005226,0.032371,7,1,0,0.000000,0,14.496824,0.000000,0.015212,0,-0.163020,0.000000,-0.022311,14.496824,-0.163020,1,1,1,6.203420,0.000000,0.000000,0.000000,0.000000,0.000000,0.000000,0.000000
2.3301,20.577961,-0.151864,-0.020781,0.000000,0.015666,-0.022311,0,-0.163020,104,0.339300,0.121846,20.577961,0.001466,14.352085,-0.020781,20.577996,14.489591,-0.020781,-0.151864,0.000000,0.012316,-0.543270,-52.419179,0.137505,0.000000,0.001341,0.001857,0.000116,0.001341,0.339300,0.121846,-9.803373,-0.007190,0.003373,0.000000,-2.940933,-0.005201,27.000000,0.013045,20.577996,0.001466,-0.151864,0.000000,0.137000,0.000000,13,0,1,34,35,-0.001023,-0.008131,-0.020682,-0.124683,0.307113,10.692055,1.771456,-0.005201,0.032316,7,1,0,0.000000,0,14.496824,0.000000,0.015666,0,-0.163020,0.000000,-0.022311,14.496824,-0.163020,1,1,1,6.203491,0.000000,0.000000,0.000000,0.000000,0.000000,0.000000,0.000000
2.3401,20.577980,-0.151864,0.000802,0.000000,0.015128,-0.022311,0,-0.163020,114,0.339239,0.121598,20.577980,-0.001466,14.352016,0.000802,20.577996,14.489536,0.000802,-0.151864,0.000000,0.012295,-0.543270,-52.419179,0.137519,0.000000,0.001381,0.001967,0.000009,0.001381,0.339239,0.121598,-9.803379,0.001822,-0.001745,-0.000000,-2.940988,-0.005197,27.000000,0.013045,20.577996,-0.001466,-0.151864,0.000000,0.137000,0.000000,18,0,1,34,35,0.001107,0.002277,0.000774,0.064754,-0.230882,9.346913,1.771401,-0.005197,0.032314,7,1,0,0.000000,0,14.496824,0.000000,0.015128,0,-0.163020,0.000000,-0.022311,14.496824,-0.163020,1,1,1,6.203565,0.000000,0.000000,0.000000,0.000000,0.000000,0.000000,0.000000
2.3501,20.578094,-0.152631,-0.003358,0.000000,0.005399,-0.013108,0,-0.163020,124,0.339548,0.122119,20.578094,0.001466,14.352782,-0.003358,20.578092,14.490300,-0.003358,-0.152631,0.000000,0.012383,-0.543270,-52.419179,0.137519,0.000000,0.001218,0.001971,-0.000090,0.001218,0.339548,0.122119,-9.803361,0.005349,-0.005114,0.000000,-2.940991,-0.005190,27.000000,0.013045,20.578092,0.001466,-0.152631,0.000000,0.137000,0.000000,23,0,1,34,35,0.003236,0.006613,-0.003441,0.123647,-0.256455,9.873068,1.771398,-0.005190,0.032323,7,1,0,0.000000,0,14.496824,0.000000,0.005399,0,-0.163020,0.000000,-0.013108,14.496824,-0.163020,1,1,1,6.203636,0.000000,0.000000,0.000000,0.000000,0.000000,0.000000,0.000000
2.3601,20.578017,-0.152631,0.022173,0.000000,0.012328,-0.020777,0,-0.163020,134,0.339855,0.122207,20.578017,0.000419,14.352823,0.022173,20.577996,14.490360,0.022173,-0.152631,0.000000,0.012397,-0.543270,-52.419179,0.137538,0.000000,0.001193,0.001986,-0.000016,0.001193,0.339855,0.122207,-9.803350,0.005270,0.003868,0.000000,-2.940931,-0.005190,27.000000,0.013045,20.577996,0.000419,-0.152631,0.000000,0.137000,0.000000,28,0,1,34,35,-0.005292,0.004112,0.022124,0.218567,-0.281555,9.585764,1.771458,-0.005190,0.032353,7,1,0,0.000000,0,14.496824,0.000000,0.012328,0,-0.163020,0.000000,-0.020777,14.496824,-0.163020,1,1,1,6.203708,0.000000,0.000000,0.000000,0.000000,0.000000,0.000000,0.000000
2.3701,20.577808,-0.151864,-0.011881,0.000000,0.020377,-0.029981,0,-0.163020,144,0.340320,0.121636,20.577808,-0.003560,14.352225,-0.011881,20.577804,14.489740,-0.011881,-0.151864,0.000000,0.012355,-0.543270,-52.419179,0.137514,0.000000,0.001270,0.002018,-0.000132,0.001270,0.340320,0.121636,-9.803341,0.002988,-0.013313,0.000000,-2.940785,-0.005157,27.000000,0.013045,20.577804,-0.003560,-0.151864,0.000000,0.137000,0.000000,33,0,1,34,35,0.011772,0.006751,-0.011966,-0.585934,0.495966,10.090716,1.771604,-0.005157,0.032422,6,1,0,0.000000,0,14.496824,0.000000,0.020377,0,-0.163020,0.000000,-0.029981,14.496824,-0.163020,1,1,1,6.203780,0.000000,0.000000,0.000000,0.000000,0.000000,0.000000,0.000000
2.3801,20.577405,-0.152631,-0.005955,0.000000,0.005398,-0.013108,0,-0.163020,154,0.339773,0.121103,20.577405,0.000419,14.352956,-0.005955,20.577420,14.490471,-0.005955,-0.152631,0.000000,0.012286,-0.543270,-52.419179,0.137515,0.000000,0.001397,0.001853,0.000106,0.001397,0.339773,0.121103,-9.803366,-0.011626,0.004784,0.000000,-2.940821,-0.005189,27.000000,0.013045,20.577420,0.000419,-0.152631,0.000000,0.137000,0.000000,38,0,1,34,35,-0.001014,-0.012603,-0.005801,-0.383677,0.593126,10.752184,1.771568,-0.005189,0.032362,7,1,0,0.000000,0,14.496824,0.000000,0.005398,0,-0.163020,0.000000,-0.013108,14.496824,-0.163020,1,1,1,6.203849,0.000000,0.000000,0.000000,0.000000,0.000000,0.000000,0.000000
2.3901,20.578078,-0.152631,-0.003879,0.000000,0.015146,-0.020777,0,-0.163020,164,0.339027,0.122295,20.578078,0.008692,14.352749,-0.003879,20.578092,14.490267,-0.003879,-0.152631,0.000000,0.012383,-0.543270,-52.419179,0.137519,0.000000,0.001218,0.001844,0.000314,0.001218,0.339027,0.122295,-9.803377,-0.012417,0.009528,0.000000,-2.941024,-0.005200,27.000000,0.013045,20.578092,0.008692,-0.152631,0.000000,0.137000,0.000000,43,0,1,34,35,-0.005280,-0.014780,-0.003696,0.254489,-0.016999,9.071643,1.771365,-0.005200,0.032268,6,1,0,0.000000,0,14.496824,0.000000,0.015146,0,-0.163020,0.000000,-0.020777,14.496824,-0.163020,1,1,1,6.203917,0.000000,0.000000,0.000000,0.000000,0.000000,0.000000,0.000000
2.4001,20.578010,-0.151864,0.005424,0.000000,0.021209,-0.029981,0,-0.163020,174,0.339683,0.121123,20.578010,-0.000419,14.352071,0.005424,20.577996,14.489593,0.005424,-0.151864,0.000000,0.012329,-0.543270,-52.419179,0.137522,0.000000,0.001317,0.001851,-0.000201,0.001317,0.339683,0.121123,-9.803369,0.016611,-0.004218,-0.000000,-2.940934,-0.005121,27.000000,0.013045,20.577996,-0.000419,-0.151864,0.000000,0.137000,0.000000,48,0,1,34,35,-0.001042,0.017172,0.005212,-0.382541,0.136155,10.584895,1.771455,-0.005121,0.032366,7,1,0,0.000000,0,14.496824,0.000000,0.021209,0,-0.163020,0.000000,-0.029981,14.496824,-0.163020,1,1,1,6.203990,0.000000,0.000000,0.000000,0.000000,0.000000,0.000000,0.000000
2.4101,20.577606,-0.151864,-0.003770,0.000000,0.014545,-0.022311,0,-0.163020,184,0.339747,0.121469,20.577606,-0.000419,14.352068,-0.003770,20.577612,14.489586,-0.003770,-0.151864,0.000000,0.012321,-0.543270,-52.419179,0.137517,0.000000,0.001333,0.001838,0.000200,0.001333,0.339747,0.121469,-9.803363,-0.010288,0.002111,0.000000,-2.940939,-0.005165,27.000000,0.013045,20.577612,-0.000419,-0.151864,0.000000,0.137000,0.000000,53,0,1,34,35,0.001119,-0.010488,-0.003641,0.131846,0.032058,9.741986,1.771450,-0.005165,0.032367,6,1,0,0.000000,0,14.496824,0.000000,0.014545,0,-0.163020,0.000000,-0.022311,14.496824,-0.163020,1,1,1,6.204060,0.000000,0.000000,0.000000,0.000000,0.000000,0.000000,0.000000
2.4201,20.578172,-0.151864,-0.009003,0.000000,0.016185,-0.022311,0,-0.163020,194,0.339882,0.122935,20.578172,0.008692,14.351927,-0.009003,20.578187,14.489443,-0.009003,-0.151864,0.000000,0.012410,-0.543270,-52.419179,0.137516,-0.001000,0.001168,0.001838,0.000222,0.001168,0.339882,0.122935,-9.803340,-0.007891,-0.012088,-0.001000,-2.941079,-0.005226,27.000000,0.013045,20.578187,0.008692,-0.151864,0.000000,0.137000,-0.001000,58,0,1,34,35,0.013918,-0.003956,-0.009955,-0.011254,-0.204829,9.557674,1.771310,-0.005226,0.032358,7,1,0,0.000000,0,14.496824,0.000000,0.016185,0,-0.163020,0.000000,-0.022311,14.496824,-0.163020,1,1,1,6.204130,0.000000,0.000000,0.000000,0.000000,0.000000,0.000000,0.000000
2.4301,20.578464,-0.151864,-0.013821,0.000000,0.016099,-0.022311,0,-0.163020,204,0.339678,0.122061,20.578464,0.002513,14.351821,-0.013821,20.578475,14.489332,-0.013821,-0.151864,0.000000,0.012423,-0.543270,-52.419179,0.137511,0.000000,0.001146,0.001844,0.000010,0.001146,0.339678,0.122061,-9.803358,0.015691,-0.001686,0.000000,-2.941194,-0.005122,27.000000,0.013045,20.578475,0.002513,-0.151864,0.000000,0.137000,0.000000,63,0,1,34,35,-0.003180,0.015284,-0.014011,-0.010843,-0.187826,9.730114,1.771195,-0.005122,0.032351,7,1,0,0.000000,0,14.496824,0.000000,0.016099,0,-0.163020,0.000000,-0.022311,14.496824,-0.163020,1,1,1,6.204203,0.000000,0.000000,0.000000,0.000000,0.000000,0.000000,0.000000
2.4401,20.578175,-0.151864,-0.009969,0.000000,0.016346,-0.022311,0,-0.163020,214,0.339736,0.122238,20.578175,-0.001466,14.351703,-0.009969,20.578187,14.489219,-0.009969,-0.151864,0.000000,0.012438,-0.543270,-52.419179,0.137516,0.000000,0.001118,0.001839,0.000021,0.001118,0.339736,0.122238,-9.803353,-0.000053,0.005577,0.000000,-2.941307,-0.005126,27.000000,0.013045,20.578187,-0.001466,-0.151864,0.000000,0.137000,0.000000,68,0,1,34,35,-0.005296,-0.001874,-0.009946,0.053877,0.142147,9.341084,1.771082,-0.005126,0.032354,6,1,0,0.000000,0,14.496824,0.000000,0.016346,0,-0.163020,0.000000,-0.022311,14.496824,-0.163020,1,1,1,6.204275,0.000000,0.000000,0.000000,0.000000,0.000000,0.000000,0.000000
2.4501,20.578293,-0.151864,0.005431,0.000000,0.014638,-0.022311,0,-0.163020,224,0.340616,0.122950,20.578293,0.000419,14.351737,0.005431,20.578283,14.489266,0.005431,-0.151864,0.000000,0.012453,-0.543270,-52.419179,0.137529,0.000000,0.001090,0.001994,-0.000110,0.001090,0.340616,0.122950,-9.803314,0.014674,-0.010327,0.000000,-2.941257,-0.005196,27.000000,0.013045,20.578283,0.000419,-0.151864,0.000000,0.137000,0.000000,73,0,1,34,35,0.005362,0.017191,0.005217,-0.373582,0.167085,10.403374,1.771132,-0.005196,0.032432,6,1,0,0.000000,0,14.496824,0.000000,0.014638,0,-0.163020,0.000000,-0.022311,14.496824,-0.163020,1,1,1,6.204347,0.000000,0.000000,0.000000,0.000000,0.000000,0.000000,0.000000
2.4601,20.578275,-0.152631,-0.007525,0.000000,0.005783,-0.013108,0,-0.163020,234,0.340888,0.122327,20.578275,0.000419,14.352525,-0.007525,20.578283,14.490044,-0.007525,-0.152631,0.000000,0.012472,-0.543270,-52.419179,0.137519,0.000000,0.001055,0.001869,0.000003,0.001055,0.340888,0.122327,-9.803312,0.011463,-0.000346,0.000000,-2.941249,-0.005143,27.000000,0.013045,20.578283,0.000419,-0.152631,0.000000,0.137000,0.000000,78,0,1,34,35,-0.003174,0.010926,-0.007662,-0.004699,-0.059646,8.640377,1.771140,-0.005143,0.032455,7,1,0,0.000000,0,14.496824,0.000000,0.005783,0,-0.163020,0.000000,-0.013108,14.496824,-0.163020,1,1,1,6.204419,0.000000,0.000000,0.000000,0.000000,0.000000,0.000000,0.000000
2.4701,20.578170,-0.152631,-0.016508,0.000000,0.015115,-0.020777,0,-0.163020,244,0.340437,0.122193,20.578170,-0.002513,14.352403,-0.016508,20.578187,14.489914,-0.016508,-0.152631,0.000000,0.012504,-0.543270,-52.419179,0.137512,0.000000,0.000995,0.001849,0.000029,0.000995,0.340437,0.122193,-9.803330,-0.010519,-0.006761,0.000000,-2.941380,-0.005091,27.000000,0.013045,20.578187,-0.002513,-0.152631,0.000000,0.137000,0.000000,83,0,1,34,35,0.009651,-0.008157,-0.016407,0.057329,0.192703,10.671884,1.771009,-0.005091,0.032412,7,1,0,0.000000,0,14.496824,0.000000,0.015115,0,-0.163020,0.000000,-0.020777,14.496824,-0.163020,1,1,1,6.204489,0.000000,0.000000,0.000000,0.000000,0.000000,0.000000,0.000000
2.4801,20.578022,-0.151864,0.012661,0.000000,0.021931,-0.029981,0,-0.163020,254,0.340451,0.120160,20.578022,-0.002513,14.351717,0.012661,20.577996,14.489238,0.012661,-0.151864,0.000000,0.012211,-0.543270,-52.419179,0.137522,-0.001000,0.001535,0.001990,-0.000037,0.001535,0.340451,0.120160,-9.803354,0.012282,0.003880,-0.001000,-2.941287,-0.005154,27.000000,0.013045,20.577996,-0.002513,-0.151864,0.000000,0.137000,-0.001000,88,0,1,34,35,-0.007437,0.010658,0.011531,-0.069081,-0.268731,9.308165,1.771102,-0.005154,0.032458,6,1,0,0.000000,0,14.496824,0.000000,0.021931,0,-0.163020,0.000000,-0.029981,14.496824,-0.163020,1,1,1,6.204564,0.000000,0.000000,0.000000,0.000000,0.000000,0.000000,0.000000
2.4901,20.577708,-0.151864,-0.007828,0.000000,0.014760,-0.022311,0,-0.163020,8,0.340430,0.120352,20.577708,-0.000419,14.351761,-0.007828,20.577708,14.489273,-0.007828,-0.151864,0.000000,0.012199,-0.543270,-52.419179,0.137512,0.000000,0.001557,0.001802,0.000000,0.001557,0.340430,0.120352,-9.803353,-0.002685,-0.002547,0.000000,-2.941252,-0.005185,27.000000,0.013045,20.577708,-0.000419,-0.151864,0.000000,0.137000,0.000000,93,0,1,34,35,0.003243,-0.001878,-0.007806,-0.018742,-0.185810,10.342636,1.771137,-0.005185,0.032453,7,1,0,0.000000,0,14.496824,0.000000,0.014760,0,-0.163020,0.000000,-0.022311,14.496824,-0.163020,1,1,1,6.204633,0.000000,0.000000,0.000000,0.000000,0.000000,0.000000,0.000000
2.5001,20.578342,-0.151864,-0.018387,0.000000,0.017589,-0.022311,0,-0.163020,18,0.339443,0.119787,20.578342,0.003560,14.351565,-0.018387,20.578379,14.489066,-0.018387,-0.151864,0.000000,0.012197,-0.543270,-52.419179,0.137500,0.000000,0.001562,0.001871,0.000247,0.001562,0.339443,0.119787,-9.803394,0.000999,-0.005959,0.000000,-2.941461,-0.005115,27.000000,0.013045,20.578379,0.003560,-0.151864,0.000000,0.137000,0.000000,98,0,1,34,35,0.005370,0.002544,-0.018420,0.409128,-0.344380,9.259863,1.770928,-0.005115,0.032362,7,1,0,0.000000,0,14.496824,0.000000,0.017589,0,-0.163020,0.000000,-0.022311,14.496824,-0.163020,1,1,1,6.204704,0.000000,0.000000,0.000000,0.000000,0.000000,0.000000,0.000000
2.5101,20.578863,-0.152631,0.005573,0.000000,0.007117,-0.013108,0,-0.163020,28,0.339806,0.119213,20.578863,0.006597,14.352249,0.005573,20.578859,14.489766,0.005573,-0.152631,0.000000,0.012174,-0.543270,-52.419179,0.137517,0.000000,0.001603,0.001850,-0.000094,0.001603,0.339806,0.119213,-9.803388,0.022709,-0.006201,0.000000,-2.941529,-0.005111,27.000000,0.013045,20.578859,0.006597,-0.152631,0.000000,0.137000,0.000000,103,0,1,34,35,-0.001049,0.023583,0.005287,-0.222757,0.233258,9.695925,1.770860,-0.005111,0.032395,7,1,0,0.000000,0,14.496824,0.000000,0.007117,0,-0.163020,0.000000,-0.013108,14.496824,-0.163020,1,1,1,6.204776,0.000000,0.000000,0.000000,0.000000,0.000000,0.000000,0.000000
2.5201,20.578970,-0.151864,0.019887,0.000000,0.022814,-0.029981,0,-0.163020,38,0.340165,0.120269,20.578970,0.000419,14.351511,0.019887,20.578954,14.489041,0.019887,-0.151864,0.000000,0.012187,-0.543270,-52.419179,0.137530,0.000000,0.001580,0.001859,-0.000004,0.001580,0.340165,0.120269,-9.803363,-0.000778,0.005802,0.000000,-2.941483,-0.005185,27.000000,0.013045,20.578954,0.000419,-0.151864,0.000000,0.137000,0.000000,108,0,1,34,35,-0.005286,-0.002271,0.019916,-0.039128,0.111660,10.259478,1.770905,-0.005185,0.032428,7,1,0,0.000000,0,14.496824,0.000000,0.022814,0,-0.163020,0.000000,-0.029981,14.496824,-0.163020,1,1,1,6.204848,0.000000,0.000000,0.000000,0.000000,0.000000,0.000000,0.000000
2.5301,20.578608,-0.151864,0.013801,0.000000,0.012918,-0.022311,0,-0.163020,48,0.341045,0.120242,20.578608,-0.001466,14.351734,0.013801,20.578571,14.489262,0.013801,-0.151864,0.000000,0.012242,-0.543270,-52.419179,0.137528,0.000000,0.001478,0.001995,-0.000037,0.001478,0.341045,0.120242,-9.803333,0.009650,-0.004249,0.000000,-2.941264,-0.005141,27.000000,0.013045,20.578571,-0.001466,-0.151864,0.000000,0.137000,0.000000,113,0,1,34,35,0.001102,0.010654,0.013671,-0.243075,-0.062720,8.879451,1.771125,-0.005141,0.032517,7,1,0,0.000000,0,14.496824,0.000000,0.012918,0,-0.163020,0.000000,-0.022311,14.496824,-0.163020,1,1,1,6.204920,0.000000,0.000000,0.000000,0.000000,0.000000,0.000000,0.000000
2.5401,20.577959,-0.151864,-0.020977,0.000000,0.017182,-0.022311,0,-0.163020,58,0.339650,0.119474,20.577959,-0.006597,14.351590,-0.020977,20.577996,14.489090,-0.020977,-0.151864,0.000000,0.012166,-0.543270,-52.419179,0.137501,0.000000,0.001619,0.001836,-0.000052,0.001619,0.339650,0.119474,-9.803390,-0.017268,-0.000137,0.000000,-2.941437,-0.005118,27.000000,0.013045,20.577996,-0.006597,-0.151864,0.000000,0.137000,0.000000,118,0,1,34,35,0.005390,-0.016660,-0.020776,0.057972,0.255749,10.988341,1.770952,-0.005118,0.032388,6,1,0,0.000000,0,14.496824,0.000000,0.017182,0,-0.163020,0.000000,-0.022311,14.496824,-0.163020,1,1,1,6.204990,0.000000,0.000000,0.000000,0.000000,0.000000,0.000000,0.000000
2.5501,20.578478,-0.151864,0.000651,0.000000,0.016620,-0.022311,0,-0.163020,68,0.339415,0.119472,20.578478,0.007645,14.351481,0.000651,20.578475,14.488994,0.000651,-0.151864,0.000000,0.012214,-0.543270,-52.419179,0.137513,0.000000,0.001530,0.001854,0.000125,0.001530,0.339415,0.119472,-9.803399,-0.004930,-0.001832,0.000000,-2.941534,-0.005066,27.000000,0.013045,20.578475,0.007645,-0.151864,0.000000,0.137000,0.000000,123,0,1,34,35,0.003248,-0.004128,0.000701,0.113071,-0.355515,9.374403,1.770855,-0.005066,0.032364,6,1,0,0.000000,0,14.496824,0.000000,0.016620,0,-0.163020,0.000000,-0.022311,14.496824,-0.163020,1,1,1,6.205059,0.000000,0.000000,0.000000,0.000000,0.000000,0.000000,0.000000
2.5601,20.578476,-0.151864,-0.001830,0.000000,0.015242,-0.022311,0,-0.163020,78,0.339520,0.119577,20.578476,0.000419,14.351515,-0.001830,20.578475,14.489029,-0.001830,-0.151864,0.000000,0.012217,-0.543270,-52.419179,0.137514,0.001000,0.001524,0.001865,-0.000109,0.001524,0.339520,0.119577,-9.803394,0.025453,0.001916,0.001000,-2.941499,-0.005075,27.000000,0.013045,20.578475,0.000419,-0.151864,0.000000,0.137000,0.001000,128,0,1,34,35,-0.009589,0.023644,-0.001119,0.304098,-0.137962,9.577692,1.770890,-0.005075,0.032373,7,1,0,0.000000,0,14.496824,0.000000,0.015242,0,-0.163020,0.000000,-0.022311,14.496824,-0.163020,1,1,1,6.205129,0.000000,0.000000,0.000000,0.000000,0.000000,0.000000,0.000000
2.5701,20.578582,-0.151864,0.015733,0.000000,0.014975,-0.022311,0,-0.163020,88,0.340488,0.120331,20.578582,0.002513,14.351554,0.015733,20.578571,14.489080,0.015733,-0.151864,0.000000,0.012278,-0.543270,-52.419179,0.137527,0.000000,0.001411,0.001870,0.000086,0.001411,0.340488,0.120331,-9.803351,0.000165,-0.005703,0.000000,-2.941447,-0.005105,27.000000,0.013045,20.578571,0.002513,-0.151864,0.000000,0.137000,0.000000,133,0,1,34,35,0.005381,0.002090,0.015709,0.151829,-0.178884,9.787731,1.770942,-0.005105,0.032459,6,1,0,0.000000,0,14.496824,0.000000,0.014975,0,-0.163020,0.000000,-0.022311,14.496824,-0.163020,1,1,1,6.205198,0.000000,0.000000,0.000000,0.000000,0.000000,0.000000,0.000000
2.5801,20.578562,-0.151864,-0.017383,0.000000,0.016570,-0.022311,0,-0.163020,98,0.341012,0.120904,20.578562,0.000419,14.351484,-0.017383,20.578571,14.488990,-0.017383,-0.151864,0.000000,0.012365,-0.543270,-52.419179,0.137506,-0.001000,0.001252,0.001987,0.000030,0.001252,0.341012,0.120904,-9.803326,-0.000290,-0.010029,-0.001000,-2.941537,-0.005084,27.000000,0.013045,20.578571,0.000419,-0.151864,0.000000,0.137000,-0.001000,138,0,1,34,35,0.009640,0.002556,-0.018416,-0.367788,0.494535,9.440055,1.770852,-0.005084,0.032503,7,1,0,0.000000,0,14.496824,0.000000,0.016570,0,-0.163020,0.000000,-0.022311,14.496824,-0.163020,1,1,1,6.205268,0.000000,0.000000,0.000000,0.000000,0.000000,0.000000,0.000000
2.5901,20.578568,-0.151864,0.013546,0.000000,0.016340,-0.022311,0,-0.163020,108,0.340688,0.120606,20.578568,-0.000419,14.351406,0.013546,20.578571,14.488934,0.013546,-0.151864,0.000000,0.012365,-0.543270,-52.419179,0.137528,0.000000,0.001252,0.001985,0.000101,0.001252,0.340688,0.120606,-9.803341,-0.000528,-0.001000,0.000000,-2.941595,-0.005049,27.000000,0.013045,20.578571,-0.000419,-0.151864,0.000000,0.137000,0.000000,143,0,1,34,35,0.001113,-0.000030,0.013547,-0.239308,0.447771,10.913513,1.770794,-0.005049,0.032475,7,1,0,0.000000,0,14.496824,0.000000,0.016340,0,-0.163020,0.000000,-0.022311,14.496824,-0.163020,1,1,1,6.205339,0.000000,0.000000,0.000000,0.000000,0.000000,0.000000,0.000000
2.6002,20.578579,-0.151864,0.005213,0.000000,0.015175,-0.022311,0,-0.163020,118,0.340469,0.120000,20.578579,0.001466,14.351465,0.005213,20.578571,14.488984,0.005213,-0.151864,0.000000,0.012301,-0.543270,-52.419179,0.137520,0.000000,0.001370,0.001847,0.000092,0.001370,0.340469,0.120000,-9.803356,0.010405,0.004475,0.000000,-2.941544,-0.005048,27.000000,0.013045,20.578571,0.001466,-0.151864,0.000000,0.137000,0.000000,148,0,1,34,35,-0.007437,0.008606,0.005107,0.043877,-0.063037,8.917916,1.770845,-0.005048,0.032462,7,1,0,0.000000,0,14.496824,0.000000,0.015175,0,-0.163020,0.000000,-0.022311,14.496824,-0.163020,1,1,1,6.205408,0.000000,0.000000,0.000000,0.000000,0.000000,0.000000,0.000000
2.6102,20.578473,-0.151864,-0.016328,0.000000,0.017018,-0.022311,0,-0.163020,128,0.340493,0.119778,20.578473,-0.000419,14.351363,-0.016328,20.578475,14.488873,-0.016328,-0.151864,0.000000,0.012299,-0.543270,-52.419179,0.137510,0.002000,0.001372,0.001863,0.000135,0.001372,0.340493,0.119778,-9.803357,-0.006600,-0.001294,0.002000,-2.941657,-0.005028,27.000000,0.013045,20.578475,-0.000419,-0.151864,0.000000,0.137000,0.002000,153,0,1,34,35,0.003246,-0.006067,-0.014255,-0.181258,0.228230,10.882634,1.770732,-0.005028,0.032468,6,1,0,0.000000,0,14.496824,0.000000,0.017018,0,-0.163020,0.000000,-0.022311,14.496824,-0.163020,1,1,1,6.205478,0.000000,0.000000,0.000000,0.000000,0.000000,0.000000,0.000000
2.6201,20.578473,-0.151864,-0.003463,0.000000,0.016437,-0.022311,0,-0.163020,138,0.340970,0.120604,20.578473,-0.000419,14.351312,-0.003463,20.578475,14.488828,-0.003463,-0.151864,0.000000,0.012380,-0.543270,-52.419179,0.137516,0.000000,0.001225,0.001999,-0.000007,0.001225,0.340970,0.120604,-9.803331,0.001926,-0.001778,0.000000,-2.941701,-0.005038,27.000000,0.013045,20.578475,-0.000419,-0.151864,0.000000,0.137000,0.000000,158,0,1,34,35,0.001106,0.002333,-0.003492,-0.298323,0.040799,9.789646,1.770688,-0.005038,0.032504,7,1,0,0.000000,0,14.496824,0.000000,0.016437,0,-0.163020,0.000000,-0.022311,14.496824,-0.163020,1,1,1,6.205548,0.000000,0.000000,0.000000,0.000000,0.000000,0.000000,0.000000
2.6301,20.578682,-0.151864,-0.000053,0.000000,0.014752,-0.022311,0,-0.163020,148,0.341373,0.120526,20.578682,0.001466,14.351410,-0.000053,20.578667,14.488932,-0.000053,-0.151864,0.000000,0.012348,-0.543270,-52.419179,0.137521,0.001000,0.001283,0.001981,0.000072,0.001283,0.341373,0.120526,-9.803318,0.011155,0.006477,0.001000,-2.941596,-0.005069,27.000000,0.013045,20.578667,0.001466,-0.151864,0.000000,0.137000,0.001000,163,0,1,34,35,-0.009573,0.008657,0.000840,-0.088560,-0.060027,9.444234,1.770793,-0.005069,0.032545,7,1,0,0.000000,0,14.496824,0.000000,0.014752,0,-0.163020,0.000000,-0.022311,14.496824,-0.163020,1,1,1,6.205618,0.000000,0.000000,0.000000,0.000000,0.000000,0.000000,0.000000
2.6401,20.578561,-0.152631,-0.010168,0.000000,0.006879,-0.013108,0,-0.163020,158,0.341414,0.120440,20.578561,0.002513,14.352160,-0.010168,20.578571,14.489674,-0.010168,-0.152631,0.000000,0.012377,-0.543270,-52.419179,0.137514,0.000000,0.001230,0.001843,0.000011,0.001230,0.341414,0.120440,-9.803317,-0.010127,0.002080,0.000000,-2.941622,-0.005056,27.000000,0.013045,20.578571,0.002513,-0.152631,0.000000,0.137000,0.000000,168,0,1,34,35,0.001117,-0.010403,-0.010040,0.018777,-0.013085,10.296544,1.770767,-0.005056,0.032538,6,1,0,0.000000,0,14.496824,0.000000,0.006879,0,-0.163020,0.000000,-0.013108,14.496824,-0.163020,1,1,1,6.205687,0.000000,0.000000,0.000000,0.000000,0.000000,0.000000,0.000000
2.6501,20.578574,-0.151864,-0.000586,0.000000,0.024517,-0.029981,0,-0.163020,168,0.340553,0.121227,20.578574,0.000419,14.351304,-0.000586,20.578571,14.488822,-0.000586,-0.151864,0.000000,0.012462,-0.543270,-52.419179,0.137518,-0.001000,0.001073,0.001850,0.000016,0.001073,0.340553,0.121227,-9.803338,-0.008948,-0.000548,-0.001000,-2.941707,-0.005012,27.000000,0.013045,20.578571,0.000419,-0.151864,0.000000,0.137000,-0.001000,173,0,1,34,35,0.003252,-0.008374,-0.001482,0.198146,-0.087499,9.358011,1.770682,-0.005012,0.032452,6,1,0,0.000000,0,14.496824,0.000000,0.024517,0,-0.163020,0.000000,-0.029981,14.496824,-0.163020,1,1,1,6.205755,0.000000,0.000000,0.000000,0.000000,0.000000,0.000000,0.000000
2.6601,20.578208,-0.151864,0.016033,0.000000,0.013134,-0.022311,0,-0.163020,178,0.341386,0.121269,20.578208,-0.004503,14.351528,0.016033,20.578187,14.489062,0.016033,-0.151864,0.000000,0.012463,-0.543270,-52.419179,0.137533,0.000000,0.001071,0.001849,-0.000241,0.001071,0.341386,0.121269,-9.803308,0.015601,0.000578,0.000000,-2.941468,-0.005028,27.000000,0.013045,20.578187,-0.004503,-0.151864,0.000000,0.137000,0.000000,178,0,1,34,35,-0.005306,0.014881,0.015849,-0.392992,-0.029367,10.047280,1.770921,-0.005028,0.032535,7,1,0,0.000000,0,14.496824,0.000000,0.013134,0,-0.163020,0.000000,-0.022311,14.496824,-0.163020,1,1,1,6.205825,0.000000,0.000000,0.000000,0.000000,0.000000,0.000000,0.000000
2.6701,20.577885,-0.151864,-0.012198,0.000000,0.016742,-0.022311,0,-0.163020,188,0.341076,0.121402,20.577885,-0.002513,14.351447,-0.012198,20.577900,14.488960,-0.012198,-0.151864,0.000000,0.012456,-0.543270,-52.419179,0.137513,0.000000,0.001085,0.001846,-0.000062,0.001085,0.341076,0.121402,-9.803317,-0.006006,0.000752,0.000000,-2.941569,-0.005045,27.000000,0.013045,20.577900,-0.002513,-0.151864,0.000000,0.137000,0.000000,183,0,1,34,35,0.001112,-0.006101,-0.012123,0.523781,-0.146227,9.482048,1.770820,-0.005045,0.032502,7,1,0,0.000000,0,14.496824,0.000000,0.016742,0,-0.163020,0.000000,-0.022311,14.496824,-0.163020,1,1,1,6.205892,0.000000,0.000000,0.000000,0.000000,0.000000,0.000000,0.000000
2.6801,20.578554,-0.152631,-0.010748,0.000000,0.008918,-0.013108,0,-0.163020,198,0.341369,0.121028,20.578554,0.004503,14.352012,-0.010748,20.578571,14.489528,-0.010748,-0.152631,0.000000,0.012519,-0.543270,-52.419179,0.137515,0.001000,0.000968,0.001820,0.000228,0.000968,0.341369,0.121028,-9.803312,0.002917,-0.013302,0.001000,-2.941771,-0.004973,27.000000,0.013045,20.578571,0.004503,-0.152631,0.000000,0.137000,0.001000,188,0,1,34,35,0.011772,0.006723,-0.009833,-0.251665,0.479025,9.928065,1.770618,-0.004973,0.032524,7,1,0,0.000000,0,14.496824,0.000000,0.008918,0,-0.163020,0.000000,-0.013108,14.496824,-0.163020,1,1,1,6.205958,0.000000,0.000000,0.000000,0.000000,0.000000,0.000000,0.000000
2.6901,20.578420,-0.151864,0.023321,0.000000,0.023156,-0.029981,0,-0.163020,208,0.341000,0.118509,20.578420,-0.001466,14.351290,0.023321,20.578379,14.488814,0.023321,-0.151864,0.000000,0.012203,-0.543270,-52.419179,0.137524,-0.001000,0.001550,0.001848,-0.000024,0.001550,0.341000,0.118509,-9.803355,0.012669,0.005990,-0.001000,-2.941716,-0.005004,27.000000,0.013045,20.578379,-0.001466,-0.151864,0.000000,0.137000,-0.001000,193,0,1,34,35,-0.009568,0.010510,0.022195,-0.031225,-0.201069,9.251446,1.770673,-0.005004,0.032539,6,1,0,0.000000,0,14.496824,0.000000,0.023156,0,-0.163020,0.000000,-0.029981,14.496824,-0.163020,1,1,1,6.206031,0.000000,0.000000,0.000000,0.000000,0.000000,0.000000,0.000000
2.7001,20.578594,-0.151864,-0.016102,0.000000,0.013895,-0.022311,0,-0.163020,218,0.341826,0.118348,20.578594,0.002513,14.351487,-0.016102,20.578571,14.488991,-0.016102,-0.151864,0.000000,0.012184,-0.543270,-52.419179,0.137504,0.000000,0.001585,0.001841,-0.000031,0.001585,0.341826,0.118348,-9.803328,0.007051,-0.007892,0.000000,-2.941539,-0.005020,27.000000,0.013045,20.578571,0.002513,-0.151864,0.000000,0.137000,0.000000,198,0,1,34,35,0.005364,0.008926,-0.016212,-0.423300,-0.088069,9.376741,1.770850,-0.005020,0.032625,6,1,0,0.000000,0,14.496824,0.000000,0.013895,0,-0.163020,0.000000,-0.022311,14.496824,-0.163020,1,1,1,6.206100,0.000000,0.000000,0.000000,0.000000,0.000000,0.000000,0.000000
2.7101,20.578537,-0.151864,-0.007825,0.000000,0.017913,-0.022311,0,-0.163020,228,0.340385,0.118484,20.578537,0.001466,14.351298,-0.007825,20.578571,14.488804,-0.007825,-0.151864,0.000000,0.012203,-0.543270,-52.419179,0.137506,0.000000,0.001550,0.001836,0.000147,0.001550,0.340385,0.118484,-9.803377,-0.003978,-0.006614,0.000000,-2.941727,-0.004992,27.000000,0.013045,20.578571,0.001466,-0.151864,0.000000,0.137000,0.000000,2,0,1,34,35,0.007513,-0.001865,-0.007802,0.572807,-0.226939,9.825804,1.770662,-0.004992,0.032477,7,1,0,0.000000,0,14.496824,0.000000,0.017913,0,-0.163020,0.000000,-0.022311,14.496824,-0.163020,1,1,1,6.206168,0.000000,0.000000,0.000000,0.000000,0.000000,0.000000,0.000000
2.7201,20.578973,-0.151864,0.005265,0.000000,0.016471,-0.022311,0,-0.163020,238,0.340585,0.118022,20.578973,0.003560,14.351255,0.005265,20.578954,14.488768,0.005265,-0.151864,0.000000,0.012188,-0.543270,-52.419179,0.137513,0.000000,0.001577,0.001845,0.000097,0.001577,0.340585,0.118022,-9.803376,0.011796,0.001786,0.000000,-2.941764,-0.004964,27.000000,0.013045,20.578954,0.003560,-0.151864,0.000000,0.137000,0.000000,7,0,1,34,35,-0.005304,0.010749,0.005134,-0.099378,0.190346,9.303187,1.770625,-0.004964,0.032505,6,1,0,0.000000,0,14.496824,0.000000,0.016471,0,-0.163020,0.000000,-0.022311,14.496824,-0.163020,1,1,1,6.206236,0.000000,0.000000,0.000000,0.000000,0.000000,0.000000,0.000000
2.7301,20.578644,-0.152631,-0.016160,0.000000,0.007906,-0.013108,0,-0.163020,248,0.341004,0.118449,20.578644,-0.000419,14.351951,-0.016160,20.578667,14.489452,-0.016160,-0.152631,0.000000,0.012228,-0.543270,-52.419179,0.137501,0.000000,0.001503,0.001852,0.000128,0.001503,0.341004,0.118449,-9.803356,0.007600,0.000890,0.000000,-2.941846,-0.004998,27.000000,0.013045,20.578667,-0.000419,-0.152631,0.000000,0.137000,0.000000,12,0,1,34,35,-0.003172,0.006765,-0.016244,-0.162751,0.278053,10.720450,1.770543,-0.004998,0.032527,7,1,0,0.000000,0,14.496824,0.000000,0.007906,0,-0.163020,0.000000,-0.013108,14.496824,-0.163020,1,1,1,6.206302,0.000000,0.000000,0.000000,0.000000,0.000000,0.000000,0.000000
2.7401,20.578880,-0.151864,0.015671,0.000000,0.023613,-0.029981,0,-0.163020,2,0.341071,0.119103,20.578880,0.002513,14.351188,0.015671,20.578859,14.488713,0.015671,-0.151864,0.000000,0.012259,-0.543270,-52.419179,0.137525,0.000000,0.001447,0.001865,-0.000098,0.001447,0.341071,0.119103,-9.803346,0.002005,0.007154,0.000000,-2.941817,-0.005009,27.000000,0.013045,20.578859,0.002513,-0.151864,0.000000,0.137000,0.000000,17,0,1,34,35,-0.007425,-0.000083,0.015673,0.216924,-0.236591,9.040700,1.770572,-0.005009,0.032537,7,1,0,0.000000,0,14.496824,0.000000,0.023613,0,-0.163020,0.000000,-0.029981,14.496824,-0.163020,1,1,1,6.206369,0.000000,0.000000,0.000000,0.000000,0.000000,0.000000,0.000000
2.7501,20.578490,-0.151864,-0.003309,0.000000,0.014296,-0.022311,0,-0.163020,12,0.341927,0.119448,20.578490,-0.002513,14.351358,-0.003309,20.578475,14.488873,-0.003309,-0.151864,0.000000,0.012334,-0.543270,-52.419179,0.137515,0.000000,0.001310,0.001975,-0.000236,0.001310,0.341927,0.119448,-9.803312,0.008032,-0.003727,0.000000,-2.941658,-0.004983,27.000000,0.013045,20.578475,-0.002513,-0.151864,0.000000,0.137000,0.000000,22,0,1,34,35,0.001099,0.008744,-0.003417,-0.633776,0.354868,9.897859,1.770731,-0.004983,0.032618,7,1,0,0.000000,0,14.496824,0.000000,0.014296,0,-0.163020,0.000000,-0.022311,14.496824,-0.163020,1,1,1,6.206437,0.000000,0.000000,0.000000,0.000000,0.000000,0.000000,0.000000
2.7601,20.578070,-0.151864,-0.010527,0.000000,0.017560,-0.022311,0,-0.163020,22,0.340565,0.120293,20.578070,-0.002513,14.351225,-0.010527,20.578092,14.488735,-0.010527,-0.151864,0.000000,0.012350,-0.543270,-52.419179,0.137510,0.000000,0.001278,0.002034,0.000024,0.001278,0.340565,0.120293,-9.803349,-0.024379,0.006609,0.000000,-2.941794,-0.005030,27.000000,0.013045,20.578092,-0.002513,-0.151864,0.000000,0.137000,0.000000,27,0,1,34,35,0.001133,-0.025362,-0.010214,0.218253,0.322398,10.242622,1.770595,-0.005030,0.032468,7,1,0,0.000000,0,14.496824,0.000000,0.017560,0,-0.163020,0.000000,-0.022311,14.496824,-0.163020,1,1,1,6.206504,0.000000,0.000000,0.000000,0.000000,0.000000,0.000000,0.000000
2.7701,20.578968,-0.152631,0.007240,0.000000,0.007963,-0.013108,0,-0.163020,32,0.340592,0.119845,20.578968,0.009634,14.351899,0.007240,20.578954,14.489420,0.007240,-0.152631,0.000000,0.012356,-0.543270,-52.419179,0.137521,0.000000,0.001269,0.001884,0.000310,0.001269,0.340592,0.119845,-9.803353,0.007584,0.009852,0.000000,-2.941878,-0.005005,27.000000,0.013045,20.578954,0.009634,-0.152631,0.000000,0.137000,0.000000,32,0,1,34,35,-0.011701,0.004292,0.007187,-0.147795,0.230689,9.131292,1.770511,-0.005005,0.032464,7,1,0,0.000000,0,14.496824,0.000000,0.007963,0,-0.163020,0.000000,-0.013108,14.496824,-0.163020,1,1,1,6.206568,0.000000,0.000000,0.000000,0.000000,0.000000,0.000000,0.000000
2.7801,20.579265,-0.151864,0.024252,0.000000,0.022457,-0.029981,0,-0.163020,42,0.340648,0.119692,20.579265,0.002513,14.351252,0.024252,20.579242,14.488782,0.024252,-0.151864,0.000000,0.012343,-0.543270,-52.419179,0.137530,0.000000,0.001293,0.001862,-0.000127,0.001293,0.340648,0.119692,-9.803353,0.003833,0.006567,0.000000,-2.941749,-0.004978,27.000000,0.013045,20.579242,0.002513,-0.151864,0.000000,0.137000,0.000000,37,0,1,34,35,-0.007424,0.001940,0.024230,0.191787,0.208953,10.911394,1.770640,-0.004978,0.032485,6,1,0,0.000000,0,14.496824,0.000000,0.022457,0,-0.163020,0.000000,-0.029981,14.496824,-0.163020,1,1,1,6.206637,0.000000,0.000000,0.000000,0.000000,0.000000,0.000000,0.000000
2.7901,20.578783,-0.151864,0.007154,0.000000,0.013531,-0.022311,0,-0.163020,52,0.342169,0.120478,20.578783,-0.004503,14.351469,0.007154,20.578763,14.488995,0.007154,-0.151864,0.000000,0.012416,-0.543270,-52.419179,0.137526,0.000000,0.001157,0.001834,-0.000236,0.001157,0.342169,0.120478,-9.803291,-0.002310,-0.007151,0.000000,-2.941535,-0.005008,27.000000,0.013045,20.578763,-0.004503,-0.151864,0.000000,0.137000,0.000000,42,0,1,34,35,0.007515,0.000073,0.007153,-0.347457,-0.141629,9.069999,1.770854,-0.005008,0.032627,7,1,0,0.000000,0,14.496824,0.000000,0.013531,0,-0.163020,0.000000,-0.022311,14.496824,-0.163020,1,1,1,6.206704,0.000000,0.000000,0.000000,0.000000,0.000000,0.000000,0.000000
2.8001,20.578631,-0.151864,-0.027223,0.000000,0.017503,-0.022311,0,-0.163020,62,0.341048,0.120306,20.578631,0.002513,14.351342,-0.027223,20.578667,14.488841,-0.027223,-0.151864,0.000000,0.012379,-0.543270,-52.419179,0.137499,0.000000,0.001226,0.001841,0.000028,0.001226,0.341048,0.120306,-9.803332,-0.011647,-0.004160,0.000000,-2.941689,-0.005011,27.000000,0.013045,20.578667,0.002513,-0.151864,0.000000,0.137000,0.000000,47,0,1,34,35,0.007516,-0.010158,-0.027099,0.067640,0.217624,10.978394,1.770700,-0.005011,0.032516,7,1,0,0.000000,0,14.496824,0.000000,0.017503,0,-0.163020,0.000000,-0.022311,14.496824,-0.163020,1,1,1,6.206770,0.000000,0.000000,0.000000,0.000000,0.000000,0.000000,0.000000
2.8101,20.579320,-0.152631,0.000896,0.000000,0.008617,-0.013108,0,-0.163020,72,0.340713,0.119986,20.579320,0.003560,14.351937,0.000896,20.579338,14.489454,0.000896,-0.152631,0.000000,0.012427,-0.543270,-52.419179,0.137517,0.000000,0.001137,0.001839,-0.000067,0.001137,0.340713,0.119986,-9.803347,0.009130,0.007114,-0.000000,-2.941846,-0.004949,27.000000,0.013045,20.579338,0.003560,-0.152631,0.000000,0.137000,0.000000,52,0,1,34,35,-0.009571,0.006520,0.000815,0.102967,-0.296617,9.250573,1.770543,-0.004949,0.032474,7,1,0,0.000000,0,14.496824,0.000000,0.008617,0,-0.163020,0.000000,-0.013108,14.496824,-0.163020,1,1,1,6.206837,0.000000,0.000000,0.000000,0.000000,0.000000,0.000000,0.000000
2.8201,20.578973,-0.151864,0.011564,0.000000,0.023749,-0.029981,0,-0.163020,82,0.340304,0.119867,20.578973,-0.001466,14.351181,0.011564,20.578954,14.488703,0.011564,-0.151864,0.000000,0.012387,-0.543270,-52.419179,0.137522,0.000000,0.001212,0.001826,-0.000016,0.001212,0.340304,0.119867,-9.803363,0.006921,0.001102,0.000000,-2.941829,-0.004947,27.000000,0.013045,20.578954,-0.001466,-0.151864,0.000000,0.137000,0.000000,57,0,1,34,35,-0.003163,0.006396,0.011485,0.122022,0.296842,9.983901,1.770560,-0.004947,0.032448,6,1,0,0.000000,0,14.496824,0.000000,0.023749,0,-0.163020,0.000000,-0.029981,14.496824,-0.163020,1,1,1,6.206905,0.000000,0.000000,0.000000,0.000000,0.000000,0.000000,0.000000
2.8301,20.578962,-0.151864,0.006250,0.000000,0.014111,-0.022311,0,-0.163020,92,0.341689,0.121096,20.578962,0.000419,14.351353,0.006250,20.578954,14.488881,0.006250,-0.151864,0.000000,0.012497,-0.543270,-52.419179,0.137527,0.001000,0.001009,0.001989,-0.000154,0.001009,0.341689,0.121096,-9.803300,0.004344,-0.000314,0.001000,-2.941650,-0.004982,27.000000,0.013045,20.578954,0.000419,-0.151864,0.000000,0.137000,0.001000,62,0,1,34,35,-0.001028,0.004322,0.007196,-0.623664,0.437160,10.204947,1.770739,-0.004982,0.032569,6,1,0,0.000000,0,14.496824,0.000000,0.014111,0,-0.163020,0.000000,-0.022311,14.496824,-0.163020,1,1,1,6.206972,0.000000,0.000000,0.000000,0.000000,0.000000,0.000000,0.000000
2.8401,20.578941,-0.151864,-0.016313,0.000000,0.017316,-0.022311,0,-0.163020,102,0.341197,0.121377,20.578941,0.000419,14.351251,-0.016313,20.578954,14.488762,-0.016313,-0.151864,0.000000,0.012497,-0.543270,-52.419179,0.137510,0.000000,0.001008,0.001970,0.000241,0.001008,0.341197,0.121377,-9.803313,0.001498,0.002843,0.000000,-2.941768,-0.005002,27.000000,0.013045,20.578954,0.000419,-0.151864,0.000000,0.137000,0.000000,67,0,1,34,35,-0.003165,0.000354,-0.016318,0.311289,0.042053,8.938287,1.770621,-0.005002,0.032515,7,1,0,0.000000,0,14.496824,0.000000,0.017316,0,-0.163020,0.000000,-0.022311,14.496824,-0.163020,1,1,1,6.207038,0.000000,0.000000,0.000000,0.000000,0.000000,0.000000,0.000000
2.8501,20.579791,-0.151864,-0.010064,0.000000,0.017511,-0.022311,0,-0.163020,112,0.340381,0.117408,20.579791,0.007645,14.351145,-0.010064,20.579817,14.488646,-0.010064,-0.151864,0.000000,0.012143,-0.543270,-52.419179,0.137501,0.000000,0.001660,0.001870,0.000032,0.001660,0.340381,0.117408,-9.803390,-0.006060,0.000781,0.000000,-2.941887,-0.004944,27.000000,0.013045,20.579817,0.007645,-0.151864,0.000000,0.137000,0.000000,72,0,1,34,35,0.001113,-0.006129,-0.009990,-0.106245,0.037132,10.095987,1.770502,-0.004944,0.032494,7,1,0,0.000000,0,14.496824,0.000000,0.017511,0,-0.163020,0.000000,-0.022311,14.496824,-0.163020,1,1,1,6.207110,0.000000,0.000000,0.000000,0.000000,0.000000,0.000000,0.000000
2.8601,20.580014,-0.152631,-0.002267,0.000000,0.008021,-0.013108,0,-0.163020,122,0.341114,0.121486,20.580014,0.001466,14.351822,-0.002267,20.580009,14.489341,-0.002267,-0.152631,0.000000,0.012558,-0.543270,-52.419179,0.137519,-0.001000,0.000896,0.001874,-0.000089,0.000896,0.341114,0.121486,-9.803315,0.013958,0.007800,-0.001000,-2.941957,-0.004976,27.000000,0.013045,20.580009,0.001466,-0.152631,0.000000,0.137000,-0.001000,77,0,1,34,35,-0.011711,0.010844,-0.003403,0.017691,0.029404,9.952435,1.770432,-0.004976,0.032491,6,1,0,0.000000,0,14.496824,0.000000,0.008021,0,-0.163020,0.000000,-0.013108,14.496824,-0.163020,1,1,1,6.207174,0.000000,0.000000,0.000000,0.000000,0.000000,0.000000,0.000000
2.8701,20.580109,-0.152631,0.004070,0.000000,0.014651,-0.020777,0,-0.163020,132,0.341180,0.118414,20.580109,0.001466,14.351849,0.004070,20.580105,14.489367,0.004070,-0.152631,0.000000,0.012218,-0.543270,-52.419179,0.137518,0.001000,0.001522,0.002014,0.000192,0.001522,0.341180,0.118414,-9.803350,0.000413,-0.005784,0.001000,-2.941931,-0.005007,27.000000,0.013045,20.580105,0.001466,-0.152631,0.000000,0.137000,0.001000,82,0,1,34,35,0.005378,0.002232,0.005044,-0.086129,-0.061423,10.334271,1.770458,-0.005007,0.032545,7,1,0,0.000000,0,14.496824,0.000000,0.014651,0,-0.163020,0.000000,-0.020777,14.496824,-0.163020,1,1,1,6.207248,0.000000,0.000000,0.000000,0.000000,0.000000,0.000000,0.000000
2.8801,20.579739,-0.151864,0.011866,0.000000,0.022337,-0.029981,0,-0.163020,142,0.341658,0.117706,20.579739,-0.001466,14.351229,0.011866,20.579721,14.488749,0.011866,-0.151864,0.000000,0.012223,-0.543270,-52.419179,0.137519,0.000000,0.001514,0.002000,-0.000133,0.001514,0.341658,0.117706,-9.803342,0.019779,-0.000783,0.000000,-2.941785,-0.004914,27.000000,0.013045,20.579721,-0.001466,-0.151864,0.000000,0.137000,0.000000,87,0,1,34,35,-0.005311,0.019212,0.011633,-0.185713,-0.128562,8.792693,1.770604,-0.004914,0.032618,7,1,0,0.000000,0,14.496824,0.000000,0.022337,0,-0.163020,0.000000,-0.029981,14.496824,-0.163020,1,1,1,6.207317,0.000000,0.000000,0.000000,0.000000,0.000000,0.000000,0.000000
2.8901,20.579343,-0.151864,0.002521,0.000000,0.015547,-0.022311,0,-0.163020,152,0.341198,0.117677,20.579343,-0.002513,14.351287,0.002521,20.579338,14.488799,0.002521,-0.151864,0.000000,0.012225,-0.543270,-52.419179,0.137512,0.000000,0.001509,0.001991,-0.000005,0.001509,0.341198,0.117677,-9.803358,-0.012569,0.009582,0.000000,-2.941735,-0.004901,27.000000,0.013045,20.579338,-0.002513,-0.151864,0.000000,0.137000,0.000000,92,0,1,34,35,-0.005278,-0.014866,0.002703,-0.324694,0.322359,10.998332,1.770654,-0.004901,0.032572,7,1,0,0.000000,0,14.496824,0.000000,0.015547,0,-0.163020,0.000000,-0.022311,14.496824,-0.163020,1,1,1,6.207385,0.000000,0.000000,0.000000,0.000000,0.000000,0.000000,0.000000
2.9001,20.579900,-0.152631,-0.013961,0.000000,0.008267,-0.013108,0,-0.163020,162,0.341272,0.121443,20.579900,0.006597,14.351934,-0.013961,20.579913,14.489448,-0.013961,-0.152631,0.000000,0.012556,-0.543270,-52.419179,0.137514,0.000000,0.000900,0.001813,0.000026,0.000900,0.341272,0.121443,-9.803310,0.005038,-0.013992,0.000000,-2.941851,-0.004976,27.000000,0.013045,20.579913,0.006597,-0.152631,0.000000,0.137000,0.000000,97,0,1,34,35,0.011769,0.008917,-0.014074,0.085212,0.130380,10.298029,1.770538,-0.004976,0.032508,6,1,0,0.000000,0,14.496824,0.000000,0.008267,0,-0.163020,0.000000,-0.013108,14.496824,-0.163020,1,1,1,6.207448,0.000000,0.000000,0.000000,0.000000,0.000000,0.000000,0.000000
2.9101,20.580206,-0.152631,0.003335,0.000000,0.016176,-0.020777,0,-0.163020,172,0.340345,0.117661,20.580206,0.002513,14.351818,0.003335,20.580201,14.489329,0.003335,-0.152631,0.000000,0.012216,-0.543270,-52.419179,0.137511,0.000000,0.001525,0.001850,-0.000083,0.001525,0.340345,0.117661,-9.803388,0.020636,0.001161,0.000000,-2.941972,-0.004920,27.000000,0.013045,20.580201,0.002513,-0.152631,0.000000,0.137000,0.000000,102,0,1,34,35,-0.007449,0.019319,0.003099,0.217110,-0.124440,9.252378,1.770417,-0.004920,0.032473,7,1,0,0.000000,0,14.496824,0.000000,0.016176,0,-0.163020,0.000000,-0.020777,14.496824,-0.163020,1,1,1,6.207520,0.000000,0.000000,0.000000,0.000000,0.000000,0.000000,0.000000
2.9201,20.579751,-0.151864,0.025503,0.000000,0.021879,-0.029981,0,-0.163020,182,0.341439,0.117977,20.579751,-0.005550,14.351228,0.025503,20.579721,14.488755,0.025503,-0.151864,0.000000,0.012242,-0.543270,-52.419179,0.137527,-0.001000,0.001477,0.001992,-0.000150,0.001477,0.341439,0.117977,-9.803346,0.015307,0.007371,-0.001000,-2.941779,-0.004918,27.000000,0.013045,20.579721,-0.005550,-0.151864,0.000000,0.137000,-0.001000,107,0,1,34,35,-0.011705,0.012613,0.024351,-0.096048,-0.078667,10.180965,1.770610,-0.004918,0.032591,7,1,0,0.000000,0,14.496824,0.000000,0.021879,0,-0.163020,0.000000,-0.029981,14.496824,-0.163020,1,1,1,6.207588,0.000000,0.000000,0.000000,0.000000,0.000000,0.000000,0.000000
2.9301,20.579711,-0.151864,-0.023009,0.000000,0.015305,-0.022311,0,-0.163020,192,0.342043,0.118220,20.579711,-0.000419,14.351325,-0.023009,20.579721,14.488824,-0.023009,-0.151864,0.000000,0.012203,-0.543270,-52.419179,0.137500,0.000000,0.001549,0.001819,0.000172,0.001549,0.342043,0.118220,-9.803322,-0.013147,-0.001428,0.000000,-2.941707,-0.004991,27.000000,0.013045,20.579721,-0.000419,-0.151864,0.000000,0.137000,0.000000,112,0,1,34,35,0.005385,-0.012358,-0.022859,-0.146718,-0.103626,9.099222,1.770682,-0.004991,0.032649,6,1,0,0.000000,0,14.496824,0.000000,0.015305,0,-0.163020,0.000000,-0.022311,14.496824,-0.163020,1,1,1,6.207655,0.000000,0.000000,0.000000,0.000000,0.000000,0.000000,0.000000
2.9401,20.580153,-0.152631,-0.033509,0.000000,0.010661,-0.013108,0,-0.163020,202,0.340403,0.117618,20.580153,0.007645,14.351784,-0.033509,20.580201,14.489269,-0.033509,-0.152631,0.000000,0.012181,-0.543270,-52.419179,0.137485,0.000000,0.001590,0.001845,0.000251,0.001590,0.340403,0.117618,-9.803387,-0.010040,-0.013621,0.000000,-2.942030,-0.004952,27.000000,0.013045,20.580201,0.007645,-0.152631,0.000000,0.137000,0.000000,117,0,1,34,35,0.016048,-0.005775,-0.033441,0.343941,-0.079137,10.238669,1.770359,-0.004952,0.032479,7,1,0,0.000000,0,14.496824,0.000000,0.010661,0,-0.163020,0.000000,-0.013108,14.496824,-0.163020,1,1,1,6.207722,0.000000,0.000000,0.000000,0.000000,0.000000,0.000000,0.000000
2.9501,20.580116,-0.151864,0.016026,0.000000,0.025241,-0.029981,0,-0.163020,212,0.340168,0.117741,20.580116,-0.001466,14.350906,0.016026,20.580105,14.488425,0.016026,-0.151864,0.000000,0.012221,-0.543270,-52.419179,0.137519,0.000000,0.001516,0.001831,-0.000301,0.001516,0.340168,0.117741,-9.803393,0.016903,0.004614,0.000000,-2.942109,-0.004896,27.000000,0.013045,20.580105,-0.001466,-0.151864,0.000000,0.137000,0.000000,122,0,1,34,35,-0.009575,0.014869,0.015845,0.246813,-0.336084,9.355544,1.770280,-0.004896,0.032467,7,1,0,0.000000,0,14.496824,0.000000,0.025241,0,-0.163020,0.000000,-0.029981,14.496824,-0.163020,1,1,1,6.207791,0.000000,0.000000,0.000000,0.000000,0.000000,0.000000,0.000000
2.9601,20.579928,-0.151864,0.005318,0.000000,0.014782,-0.022311,0,-0.163020,222,0.341681,0.118691,20.579928,-0.002513,14.351075,0.005318,20.579913,14.488593,0.005318,-0.151864,0.000000,0.012269,-0.543270,-52.419179,0.137518,0.000000,0.001429,0.001873,-0.000121,0.001429,0.341681,0.118691,-9.803329,0.013183,-0.000911,0.000000,-2.941939,-0.004968,27.000000,0.013045,20.579913,-0.002513,-0.151864,0.000000,0.137000,0.000000,127,0,1,34,35,-0.003172,0.012892,0.005161,-0.517356,0.215642,10.336775,1.770450,-0.004968,0.032605,7,1,0,0.000000,0,14.496824,0.000000,0.014782,0,-0.163020,0.000000,-0.022311,14.496824,-0.163020,1,1,1,6.207860,0.000000,0.000000,0.000000,0.000000,0.000000,0.000000,0.000000
2.9701,20.580260,-0.151864,-0.029560,0.000000,0.018499,-0.022311,0,-0.163020,232,0.341456,0.119519,20.580260,0.005550,14.350927,-0.029560,20.580297,14.488423,-0.029560,-0.151864,0.000000,0.012284,-0.543270,-52.419179,0.137496,0.000000,0.001400,0.001846,0.000245,0.001400,0.341456,0.119519,-9.803327,-0.019092,0.000490,0.000000,-2.942106,-0.005032,27.000000,0.013045,20.580297,0.005550,-0.151864,0.000000,0.137000,0.000000,132,0,1,34,35,0.005389,-0.018683,-0.029333,-0.135111,0.527504,10.655982,1.770283,-0.005032,0.032569,7,1,0,0.000000,0,14.496824,0.000000,0.018499,0,-0.163020,0.000000,-0.022311,14.496824,-0.163020,1,1,1,6.207927,0.000000,0.000000,0.000000,0.000000,0.000000,0.000000,0.000000
2.9801,20.580778,-0.152631,0.002891,0.000000,0.008682,-0.013108,0,-0.163020,242,0.341361,0.118722,20.580778,0.004503,14.351588,0.002891,20.580776,14.489100,0.002891,-0.152631,0.000000,0.012302,-0.543270,-52.419179,0.137512,-0.002000,0.001369,0.001846,-0.000091,0.001369,0.341361,0.118722,-9.803340,0.010444,0.011166,-0.002000,-2.942199,-0.004958,27.000000,0.013045,20.580776,0.004503,-0.152631,0.000000,0.137000,-0.002000,137,0,1,34,35,-0.013840,0.006508,0.000811,-0.291087,0.079387,8.986123,1.770190,-0.004958,0.032559,6,1,0,0.000000,0,14.496824,0.000000,0.008682,0,-0.163020,0.000000,-0.013108,14.496824,-0.163020,1,1,1,6.207997,0.000000,0.000000,0.000000,0.000000,0.000000,0.000000,0.000000
2.9901,20.580407,-0.151864,0.009321,0.000000,0.024729,-0.029981,0,-0.163020,252,0.340878,0.119637,20.580407,-0.001466,14.350805,0.009321,20.580393,14.488327,0.009321,-0.151864,0.000000,0.012324,-0.543270,-52.419179,0.137521,0.000000,0.001327,0.001980,0.000009,0.001327,0.340878,0.119637,-9.803346,0.005505,0.010516,0.000000,-2.942204,-0.004995,27.000000,0.013045,20.580393,-0.001466,-0.151864,0.000000,0.137000,0.000000,142,0,1,34,35,-0.011698,0.002126,0.009295,0.125280,0.131715,10.967998,1.770185,-0.004995,0.032509,6,1,0,0.000000,0,14.496824,0.000000,0.024729,0,-0.163020,0.000000,-0.029981,14.496824,-0.163020,1,1,1,6.208066,0.000000,0.000000,0.000000,0.000000,0.000000,0.000000,0.000000
3.0001,20.580511,-0.151864,-0.010058,0.000000,0.015082,-0.022311,0,-0.163020,6,0.341563,0.119817,20.580511,0.000419,14.350975,-0.010058,20.580488,14.488486,-0.010058,-0.151864,0.000000,0.012332,-0.543270,-52.419179,0.137511,0.000000,0.001312,0.001830,-0.000051,0.001312,0.341563,0.119817,-9.803320,-0.008655,-0.007349,0.000000,-2.942044,-0.005016,27.000000,0.013045,20.580488,0.000419,-0.151864,0.000000,0.137000,0.000000,147,0,1,34,35,0.009651,-0.006105,-0.009983,-0.192858,-0.374686,9.364441,1.770345,-0.005016,0.032576,6,1,0,0.000000,0,14.496824,0.000000,0.015082,0,-0.163020,0.000000,-0.022311,14.496824,-0.163020,1,1,1,6.208136,0.000000,0.000000,0.000000,0.000000,0.000000,0.000000,0.000000
3.0101,20.580395,-0.151864,0.005279,0.000000,0.017629,-0.022311,0,-0.163020,16,0.340964,0.120072,20.580395,0.003560,14.350886,0.005279,20.580393,14.488407,0.005279,-0.151864,0.000000,0.012355,-0.543270,-52.419179,0.137521,0.000000,0.001270,0.002020,0.000087,0.001270,0.340964,0.120072,-9.803337,0.007253,-0.012465,-0.000000,-2.942123,-0.005009,27.000000,0.013045,20.580393,0.003560,-0.151864,0.000000,0.137000,0.000000,152,0,1,34,35,0.009638,0.010792,0.005146,0.286704,-0.117416,10.238247,1.770266,-0.005009,0.032511,7,1,0,0.000000,0,14.496824,0.000000,0.017629,0,-0.163020,0.000000,-0.022311,14.496824,-0.163020,1,1,1,6.208204,0.000000,0.000000,0.000000,0.000000,0.000000,0.000000,0.000000
3.0201,20.581436,-0.151864,-0.003205,0.000000,0.017212,-0.022311,0,-0.163020,26,0.341387,0.119463,20.581436,0.011729,14.350862,-0.003205,20.581447,14.488375,-0.003205,-0.151864,0.000000,0.012365,-0.543270,-52.419179,0.137514,0.000000,0.001252,0.001992,0.000199,0.001252,0.341387,0.119463,-9.803330,0.011436,-0.007094,-0.000000,-2.942157,-0.004945,27.000000,0.013045,20.581447,0.011729,-0.151864,0.000000,0.137000,0.000000,157,0,1,34,35,0.003229,0.013024,-0.003366,0.112350,-0.229914,9.270390,1.770232,-0.004945,0.032563,7,1,0,0.000000,0,14.496824,0.000000,0.017212,0,-0.163020,0.000000,-0.022311,14.496824,-0.163020,1,1,1,6.208275,0.000000,0.000000,0.000000,0.000000,0.000000,0.000000,0.000000
3.0301,20.581435,-0.151864,-0.005599,0.000000,0.017860,-0.022311,0,-0.163020,36,0.341346,0.119470,20.581435,-0.000419,14.350783,-0.005599,20.581447,14.488295,-0.005599,-0.151864,0.000000,0.012350,-0.543270,-52.419179,0.137512,0.000000,0.001280,0.002000,0.000042,0.001280,0.341346,0.119470,-9.803332,0.003275,0.002266,0.000000,-2.942237,-0.004960,27.000000,0.013045,20.581447,-0.000419,-0.151864,0.000000,0.137000,0.000000,162,0,1,34,35,-0.003164,0.002349,-0.005629,-0.013761,0.361800,9.362388,1.770152,-0.004960,0.032559,7,1,0,0.000000,0,14.496824,0.000000,0.017860,0,-0.163020,0.000000,-0.022311,14.496824,-0.163020,1,1,1,6.208347,0.000000,0.000000,0.000000,0.000000,0.000000,0.000000,0.000000
3.0401,20.581269,-0.152631,0.010286,0.000000,0.007796,-0.013108,0,-0.163020,46,0.341640,0.120488,20.581269,-0.000419,14.351543,0.010286,20.581255,14.489067,0.010286,-0.152631,0.000000,0.012417,-0.543270,-52.419179,0.137524,-0.001000,0.001155,0.001839,-0.000019,0.001155,0.341640,0.120488,-9.803309,-0.002385,-0.007127,-0.001000,-2.942230,-0.005024,27.000000,0.013045,20.581255,-0.000419,-0.152631,0.000000,0.137000,-0.001000,167,0,1,34,35,0.007516,0.000045,0.009286,-0.296997,0.223202,10.509262,1.770159,-0.005024,0.032560,6,1,0,0.000000,0,14.496824,0.000000,0.007796,0,-0.163020,0.000000,-0.013108,14.496824,-0.163020,1,1,1,6.208417,0.000000,0.000000,0.000000,0.000000,0.000000,0.000000,0.000000
3.0501,20.581266,-0.152631,0.016976,0.000000,0.014376,-0.020777,0,-0.163020,56,0.341399,0.119334,20.581266,0.001466,14.351638,0.016976,20.581255,14.489162,0.016976,-0.152631,0.000000,0.012333,-0.543270,-52.419179,0.137524,-0.001000,0.001311,0.001839,-0.000118,0.001311,0.341399,0.119334,-9.803331,0.014877,0.005239,-0.001000,-2.942136,-0.004989,27.000000,0.013045,20.581255,0.001466,-0.152631,0.000000,0.137000,-0.001000,172,0,1,34,35,-0.009573,0.012732,0.015820,0.043805,0.003190,8.976005,1.770253,-0.004989,0.032553,6,1,0,0.000000,0,14.496824,0.000000,0.014376,0,-0.163020,0.000000,-0.020777,14.496824,-0.163020,1,1,1,6.208489,0.000000,0.000000,0.000000,0.000000,0.000000,0.000000,0.000000
3.0601,20.580904,-0.151864,-0.003569,0.000000,0.022114,-0.029981,0,-0.163020,66,0.341692,0.119439,20.580904,-0.003560,14.351081,-0.003569,20.580872,14.488596,-0.003569,-0.151864,0.000000,0.012395,-0.543270,-52.419179,0.137515,0.000000,0.001196,0.001847,-0.000231,0.001196,0.341692,0.119439,-9.803320,-0.000845,0.003593,-0.000000,-2.941937,-0.004916,27.000000,0.013045,20.580872,-0.003560,-0.151864,0.000000,0.137000,0.000000,177,0,1,34,35,-0.003159,-0.001953,-0.003545,-0.459827,0.290283,10.490689,1.770452,-0.004916,0.032594,6,1,0,0.000000,0,14.496824,0.000000,0.022114,0,-0.163020,0.000000,-0.029981,14.496824,-0.163020,1,1,1,6.208559,0.000000,0.000000,0.000000,0.000000,0.000000,0.000000,0.000000
3.0701,20.580490,-0.151864,-0.007834,0.000000,0.016314,-0.022311,0,-0.163020,76,0.341501,0.119850,20.580490,-0.004503,14.351096,-0.007834,20.580488,14.488608,-0.007834,-0.151864,0.000000,0.012349,-0.543270,-52.419179,0.137512,0.000000,0.001281,0.001837,-0.000016,0.001281,0.341501,0.119850,-9.803322,-0.000742,0.003560,0.000000,-2.941922,-0.005001,27.000000,0.013045,20.580488,-0.004503,-0.151864,0.000000,0.137000,0.000000,182,0,1,34,35,-0.003160,-0.001896,-0.007811,-0.097433,-0.100755,9.644798,1.770466,-0.005001,0.032569,7,1,0,0.000000,0,14.496824,0.000000,0.016314,0,-0.163020,0.000000,-0.022311,14.496824,-0.163020,1,1,1,6.208628,0.000000,0.000000,0.000000,0.000000,0.000000,0.000000,0.000000
3.0801,20.581145,-0.152631,-0.027016,0.000000,0.009447,-0.013108,0,-0.163020,86,0.341083,0.120934,20.581145,0.007645,14.351686,-0.027016,20.581160,14.489190,-0.027016,-0.152631,0.000000,0.012440,-0.543270,-52.419179,0.137504,0.000000,0.001114,0.001857,0.000231,0.001114,0.341083,0.120934,-9.803323,-0.004179,-0.008781,0.000000,-2.942106,-0.005038,27.000000,0.013045,20.581160,0.007645,-0.152631,0.000000,0.137000,0.000000,187,0,1,34,35,0.009641,-0.001604,-0.026998,0.179936,-0.261038,9.471100,1.770283,-0.005038,0.032497,6,1,0,0.000000,0,14.496824,0.000000,0.009447,0,-0.163020,0.000000,-0.013108,14.496824,-0.163020,1,1,1,6.208694,0.000000,0.000000,0.000000,0.000000,0.000000,0.000000,0.000000
3.0901,20.581435,-0.151864,-0.001382,0.000000,0.025882,-0.029981,0,-0.163020,96,0.340894,0.120098,20.581435,0.003560,14.350789,-0.001382,20.581447,14.488305,-0.001382,-0.151864,0.000000,0.012413,-0.543270,-52.419179,0.137516,0.000000,0.001163,0.001844,0.000012,0.001163,0.340894,0.120098,-9.803340,-0.000165,-0.001112,-0.000000,-2.942226,-0.004953,27.000000,0.013045,20.581447,0.003560,-0.151864,0.000000,0.137000,0.000000,192,0,1,34,35,0.001109,0.000168,-0.001384,0.018697,-0.050391,10.219605,1.770163,-0.004953,0.032504,7,1,0,0.000000,0,14.496824,0.000000,0.025882,0,-0.163020,0.000000,-0.029981,14.496824,-0.163020,1,1,1,6.208763,0.000000,0.000000,0.000000,0.000000,0.000000,0.000000,0.000000
3.1001,20.580886,-0.151864,0.008404,0.000000,0.015119,-0.022311,0,-0.163020,106,0.342187,0.120446,20.580886,-0.003560,14.350941,0.008404,20.580872,14.488465,0.008404,-0.151864,0.000000,0.012436,-0.543270,-52.419179,0.137524,-0.001000,0.001121,0.001826,-0.000137,0.001121,0.342187,0.120446,-9.803290,0.010445,-0.002286,-0.001000,-2.942065,-0.004985,27.000000,0.013045,20.580872,-0.003560,-0.151864,0.000000,0.137000,-0.001000,197,0,1,34,35,-0.001035,0.010733,0.007271,-0.462386,0.132189,9.350219,1.770323,-0.004985,0.032629,6,1,0,0.000000,0,14.496824,0.000000,0.015119,0,-0.163020,0.000000,-0.022311,14.496824,-0.163020,1,1,1,6.208832,0.000000,0.000000,0.000000,0.000000,0.000000,0.000000,0.000000
3.1101,20.581142,-0.151864,-0.017897,0.000000,0.017832,-0.022311,0,-0.163020,116,0.342183,0.122088,20.581142,0.005550,14.350859,-0.017897,20.581160,14.488372,-0.017897,-0.151864,0.000000,0.012528,-0.543270,-52.419179,0.137514,-0.001000,0.000952,0.001986,0.000130,0.000952,0.342183,0.122088,-9.803270,-0.021300,-0.005512,-0.001000,-2.942156,-0.005059,27.000000,0.013045,20.581160,0.005550,-0.151864,0.000000,0.137000,-0.001000,1,0,1,34,35,0.011797,-0.018807,-0.018663,-0.191109,0.455473,11.066750,1.770233,-0.005059,0.032603,6,1,0,0.000000,0,14.496824,0.000000,0.017832,0,-0.163020,0.000000,-0.022311,14.496824,-0.163020,1,1,1,6.208900,0.000000,0.000000,0.000000,0.000000,0.000000,0.000000,0.000000
3.1201,20.581826,-0.151864,-0.001337,0.000000,0.018063,-0.022311,0,-0.163020,126,0.341396,0.121185,20.581826,0.003560,14.350755,-0.001337,20.581831,14.488276,-0.001337,-0.151864,0.000000,0.012553,-0.543270,-52.419179,0.137520,0.000000,0.000906,0.001848,0.000113,0.000906,0.341396,0.121185,-9.803309,0.004476,0.006362,-0.000000,-2.942257,-0.004930,27.000000,0.013045,20.581831,0.003560,-0.151864,0.000000,0.137000,0.000000,6,0,1,34,35,-0.007432,0.002280,-0.001366,0.188167,-0.170380,9.098769,1.770132,-0.004930,0.032538,7,1,0,0.000000,0,14.496824,0.000000,0.018063,0,-0.163020,0.000000,-0.022311,14.496824,-0.163020,1,1,1,6.208970,0.000000,0.000000,0.000000,0.000000,0.000000,0.000000,0.000000
3.1301,20.581466,-0.151864,0.015771,0.000000,0.016764,-0.022311,0,-0.163020,136,0.340805,0.117280,20.581466,-0.001466,14.350786,0.015771,20.581447,14.488304,0.015771,-0.151864,0.000000,0.012176,-0.543270,-52.419179,0.137517,0.000000,0.001599,0.001988,0.000079,0.001599,0.340805,0.117280,-9.803377,0.006743,0.007870,0.000000,-2.942231,-0.004904,27.000000,0.013045,20.581447,-0.001466,-0.151864,0.000000,0.137000,0.000000,11,0,1,34,35,-0.009564,0.004184,0.015721,-0.009317,0.163156,10.738536,1.770158,-0.004904,0.032538,6,1,0,0.000000,0,14.496824,0.000000,0.016764,0,-0.163020,0.000000,-0.022311,14.496824,-0.163020,1,1,1,6.209046,0.000000,0.000000,0.000000,0.000000,0.000000,0.000000,0.000000
3.1401,20.581611,-0.152631,-0.015479,0.000000,0.008402,-0.013108,0,-0.163020,146,0.341496,0.118290,20.581611,0.001466,14.351518,-0.015479,20.581639,14.489023,-0.015479,-0.152631,0.000000,0.012229,-0.543270,-52.419179,0.137506,0.001000,0.001502,0.002031,0.000104,0.001502,0.341496,0.118290,-9.803341,-0.013358,-0.001328,0.001000,-2.942275,-0.004989,27.000000,0.013045,20.581639,0.001466,-0.152631,0.000000,0.137000,0.001000,16,0,1,34,35,0.005387,-0.012471,-0.014327,0.112946,-0.213735,9.509814,1.770114,-0.004989,0.032579,6,1,0,0.000000,0,14.496824,0.000000,0.008402,0,-0.163020,0.000000,-0.013108,14.496824,-0.163020,1,1,1,6.209116,0.000000,0.000000,0.000000,0.000000,0.000000,0.000000,0.000000
3.1501,20.581462,-0.152631,0.003191,0.000000,0.015875,-0.020777,0,-0.163020,156,0.341419,0.117637,20.581462,-0.002513,14.351488,0.003191,20.581447,14.489001,0.003191,-0.152631,0.000000,0.012228,-0.543270,-52.419179,0.137513,0.000000,0.001503,0.002002,-0.000099,0.001503,0.341419,0.117637,-9.803351,0.011274,-0.007055,0.000000,-2.942300,-0.004923,27.000000,0.013045,20.581447,-0.002513,-0.152631,0.000000,0.137000,0.000000,21,0,1,34,35,0.003231,0.012939,0.003033,0.132282,-0.101692,9.731072,1.770089,-0.004923,0.032582,7,1,0,0.000000,0,14.496824,0.000000,0.015875,0,-0.163020,0.000000,-0.020777,14.496824,-0.163020,1,1,1,6.209184,0.000000,0.000000,0.000000,0.000000,0.000000,0.000000,0.000000
3.1601,20.581266,-0.151864,-0.001082,0.000000,0.023542,-0.029981,0,-0.163020,166,0.341874,0.117861,20.581266,-0.003560,14.350832,-0.001082,20.581255,14.488343,-0.001082,-0.151864,0.000000,0.012288,-0.543270,-52.419179,0.137511,0.000000,0.001394,0.002010,-0.000022,0.001394,0.341874,0.117861,-9.803333,0.014640,0.003088,-0.000000,-2.942192,-0.004868,27.000000,0.013045,20.581255,-0.003560,-0.151864,0.000000,0.137000,0.000000,26,0,1,34,35,-0.007443,0.012965,-0.001242,-0.241074,-0.015128,9.674276,1.770197,-0.004868,0.032637,6,1,0,0.000000,0,14.496824,0.000000,0.023542,0,-0.163020,0.000000,-0.029981,14.496824,-0.163020,1,1,1,6.209253,0.000000,0.000000,0.000000,0.000000,0.000000,0.000000,0.000000
3.1701,20.580684,-0.151864,-0.012538,0.000000,0.017520,-0.022311,0,-0.163020,176,0.341372,0.118526,20.580684,-0.006597,14.350796,-0.012538,20.580680,14.488296,-0.012538,-0.151864,0.000000,0.012282,-0.543270,-52.419179,0.137500,-0.002000,0.001404,0.002014,-0.000157,0.001404,0.341372,0.118526,-9.803342,-0.012789,0.007437,-0.002000,-2.942237,-0.004932,27.000000,0.013045,20.580680,-0.006597,-0.151864,0.000000,0.137000,-0.002000,31,0,1,34,35,-0.003149,-0.014633,-0.014359,-0.319476,0.605298,9.766594,1.770152,-0.004932,0.032576,7,1,0,0.000000,0,14.496824,0.000000,0.017520,0,-0.163020,0.000000,-0.022311,14.496824,-0.163020,1,1,1,6.209321,0.000000,0.000000,0.000000,0.000000,0.000000,0.000000,0.000000
3.1801,20.581322,-0.152631,-0.020561,0.000000,0.010493,-0.013108,0,-0.163020,186,0.340370,0.118660,20.581322,0.008692,14.351346,-0.020561,20.581351,14.488843,-0.020561,-0.152631,0.000000,0.012296,-0.543270,-52.419179,0.137497,0.000000,0.001379,0.001938,0.000334,0.001379,0.340370,0.118660,-9.803375,-0.004266,-0.015484,0.000000,-2.942457,-0.004942,27.000000,0.013045,20.581351,0.008692,-0.152631,0.000000,0.137000,0.000000,36,0,1,34,35,0.016045,0.000466,-0.020569,0.123439,0.196392,10.375280,1.769932,-0.004942,0.032460,7,1,0,0.000000,0,14.496824,0.000000,0.010493,0,-0.163020,0.000000,-0.013108,14.496824,-0.163020,1,1,1,6.209387,0.000000,0.000000,0.000000,0.000000,0.000000,0.000000,0.000000
3.1901,20.581845,-0.151864,0.003434,0.000000,0.025280,-0.029981,0,-0.163020,196,0.340516,0.117842,20.581845,0.003560,14.350556,0.003434,20.581831,14.488067,0.003434,-0.151864,0.000000,0.012269,-0.543270,-52.419179,0.137511,0.000000,0.001429,0.001821,-0.000193,0.001429,0.340516,0.117842,-9.803380,0.026008,0.003895,0.000000,-2.942468,-0.004864,27.000000,0.013045,20.581831,0.003560,-0.151864,0.000000,0.137000,0.000000,41,0,1,34,35,-0.011722,0.023581,0.003145,-0.032218,-0.140163,8.964944,1.769920,-0.004864,0.032500,6,1,0,0.000000,0,14.496824,0.000000,0.025280,0,-0.163020,0.000000,-0.029981,14.496824,-0.163020,1,1,1,6.209457,0.000000,0.000000,0.000000,0.000000,0.000000,0.000000,0.000000
3.2001,20.581263,-0.151864,0.009168,0.000000,0.016130,-0.022311,0,-0.163020,206,0.341941,0.117538,20.581263,-0.006597,14.350664,0.009168,20.581255,14.488182,0.009168,-0.151864,0.000000,0.012232,-0.543270,-52.419179,0.137518,0.000000,0.001496,0.001802,-0.000212,0.001496,0.341941,0.117538,-9.803334,-0.000586,0.012477,0.000000,-2.942352,-0.004892,27.000000,0.013045,20.581255,-0.006597,-0.151864,0.000000,0.137000,0.000000,46,0,1,34,35,-0.011691,-0.004284,0.009221,-0.641331,0.317693,10.586551,1.770037,-0.004892,0.032649,7,1,0,0.000000,0,14.496824,0.000000,0.016130,0,-0.163020,0.000000,-0.022311,14.496824,-0.163020,1,1,1,6.209527,0.000000,0.000000,0.000000,0.000000,0.000000,0.000000,0.000000
3.2101,20.581413,-0.151864,-0.021031,0.000000,0.019191,-0.022311,0,-0.163020,216,0.341723,0.119514,20.581413,0.004503,14.350521,-0.021031,20.581447,14.488023,-0.021031,-0.151864,0.000000,0.012336,-0.543270,-52.419179,0.137502,0.000000,0.001305,0.001939,0.000144,0.001305,0.341723,0.119514,-9.803318,-0.019299,0.000577,0.000000,-2.942508,-0.004984,27.000000,0.013045,20.581447,0.004503,-0.151864,0.000000,0.137000,0.000000,51,0,1,34,35,0.005392,-0.018797,-0.020801,0.266574,-0.188266,9.778141,1.769881,-0.004984,0.032596,7,1,0,0.000000,0,14.496824,0.000000,0.019191,0,-0.163020,0.000000,-0.022311,14.496824,-0.163020,1,1,1,6.209595,0.000000,0.000000,0.000000,0.000000,0.000000,0.000000,0.000000
3.2201,20.582118,-0.151864,-0.005333,0.000000,0.018549,-0.022311,0,-0.163020,226,0.341209,0.118109,20.582118,0.003560,14.350437,-0.005333,20.582118,14.487944,-0.005333,-0.151864,0.000000,0.012260,-0.543270,-52.419179,0.137508,0.000000,0.001445,0.001799,0.000005,0.001445,0.341209,0.118109,-9.803353,0.009525,-0.013215,0.000000,-2.942589,-0.004910,27.000000,0.013045,20.582118,0.003560,-0.151864,0.000000,0.137000,0.000000,56,0,1,34,35,0.009632,0.013071,-0.005494,-0.030940,-0.192921,9.366373,1.769800,-0.004910,0.032566,7,1,0,0.000000,0,14.496824,0.000000,0.018549,0,-0.163020,0.000000,-0.022311,14.496824,-0.163020,1,1,1,6.209665,0.000000,0.000000,0.000000,0.000000,0.000000,0.000000,0.000000
3.2301,20.581628,-0.152631,0.002050,0.000000,0.009547,-0.013108,0,-0.163020,236,0.340843,0.117847,20.581628,-0.005550,14.351120,0.002050,20.581639,14.488629,0.002050,-0.152631,0.000000,0.012313,-0.543270,-52.419179,0.137509,-0.001000,0.001348,0.001830,0.000010,0.001348,0.340843,0.117847,-9.803369,0.014591,0.003088,-0.001000,-2.942674,-0.004850,27.000000,0.013045,20.581639,-0.005550,-0.152631,0.000000,0.137000,-0.001000,61,0,1,34,35,-0.007443,0.012937,0.000891,0.151552,0.029476,9.952522,1.769715,-0.004850,0.032520,6,1,0,0.000000,0,14.496824,0.000000,0.009547,0,-0.163020,0.000000,-0.013108,14.496824,-0.163020,1,1,1,6.209733,0.000000,0.000000,0.000000,0.000000,0.000000,0.000000,0.000000
3.2401,20.581940,-0.152631,0.003063,0.000000,0.015690,-0.020777,0,-0.163020,246,0.341426,0.118609,20.581940,0.003560,14.351168,0.003063,20.581927,14.488687,0.003063,-0.152631,0.000000,0.012313,-0.543270,-52.419179,0.137519,0.002000,0.001347,0.001874,0.000075,0.001347,0.341426,0.118609,-9.803339,0.003017,0.002343,0.002000,-2.942613,-0.004936,27.000000,0.013045,20.581927,0.003560,-0.152631,0.000000,0.137000,0.002000,66,0,1,34,35,-0.003161,0.002208,0.005036,0.150795,-0.211948,9.366300,1.769776,-0.004936,0.032567,6,1,0,0.000000,0,14.496824,0.000000,0.015690,0,-0.163020,0.000000,-0.020777,14.496824,-0.163020,1,1,1,6.209802,0.000000,0.000000,0.000000,0.000000,0.000000,0.000000,0.000000
3.2501,20.581442,-0.151864,-0.007468,0.000000,0.024035,-0.029981,0,-0.163020,0,0.342349,0.118933,20.581442,-0.004503,14.350529,-0.007468,20.581447,14.488040,-0.007468,-0.151864,0.000000,0.012365,-0.543270,-52.419179,0.137511,0.000000,0.001252,0.002012,-0.000213,0.001252,0.342349,0.118933,-9.803303,0.010889,-0.009160,-0.000000,-2.942493,-0.004906,27.000000,0.013045,20.581447,-0.004503,-0.151864,0.000000,0.137000,0.000000,71,0,1,34,35,0.005362,0.013087,-0.007630,-0.477992,0.050635,10.536121,1.769896,-0.004906,0.032668,7,1,0,0.000000,0,14.496824,0.000000,0.024035,0,-0.163020,0.000000,-0.029981,14.496824,-0.163020,1,1,1,6.209870,0.000000,0.000000,0.000000,0.000000,0.000000,0.000000,0.000000
3.2601,20.581054,-0.151864,-0.013285,0.000000,0.017910,-0.022311,0,-0.163020,10,0.341871,0.118230,20.581054,-0.002513,14.350510,-0.013285,20.581064,14.488012,-0.013285,-0.151864,0.000000,0.012316,-0.543270,-52.419179,0.137502,-0.001000,0.001342,0.001810,0.000022,0.001342,0.341871,0.118230,-9.803328,-0.001967,0.006200,-0.001000,-2.942523,-0.004877,27.000000,0.013045,20.581064,-0.002513,-0.151864,0.000000,0.137000,-0.001000,76,0,1,34,35,-0.005295,-0.003954,-0.014237,0.120575,-0.016836,9.052416,1.769866,-0.004877,0.032631,7,1,0,0.000000,0,14.496824,0.000000,0.017910,0,-0.163020,0.000000,-0.022311,14.496824,-0.163020,1,1,1,6.209937,0.000000,0.000000,0.000000,0.000000,0.000000,0.000000,0.000000
3.2701,20.581622,-0.151864,-0.017747,0.000000,0.019921,-0.022311,0,-0.163020,20,0.341070,0.119369,20.581622,0.006597,14.350318,-0.017747,20.581639,14.487821,-0.017747,-0.151864,0.000000,0.012368,-0.543270,-52.419179,0.137503,-0.001000,0.001246,0.001830,0.000167,0.001246,0.341070,0.119369,-9.803342,-0.012598,0.000662,-0.001000,-2.942712,-0.004927,27.000000,0.013045,20.581639,0.006597,-0.151864,0.000000,0.137000,-0.001000,81,0,1,34,35,0.003251,-0.012421,-0.018595,-0.050418,0.204075,9.743596,1.769677,-0.004927,0.032533,6,1,0,0.000000,0,14.496824,0.000000,0.019921,0,-0.163020,0.000000,-0.022311,14.496824,-0.163020,1,1,1,6.210005,0.000000,0.000000,0.000000,0.000000,0.000000,0.000000,0.000000
3.2801,20.582018,-0.152631,-0.011422,0.000000,0.010054,-0.013108,0,-0.163020,30,0.341062,0.118641,20.582018,0.004503,14.350978,-0.011422,20.582022,14.488483,-0.011422,-0.152631,0.000000,0.012343,-0.543270,-52.419179,0.137505,0.000000,0.001292,0.001850,-0.000189,0.001292,0.341062,0.118641,-9.803352,0.021868,-0.017221,0.000000,-2.942818,-0.004903,27.000000,0.013045,20.582022,0.004503,-0.152631,0.000000,0.137000,0.000000,86,0,1,34,35,0.009617,0.025977,-0.011744,-0.184292,0.222892,9.762839,1.769571,-0.004903,0.032530,7,1,0,0.000000,0,14.496824,0.000000,0.010054,0,-0.163020,0.000000,-0.013108,14.496824,-0.163020,1,1,1,6.210074,0.000000,0.000000,0.000000,0.000000,0.000000,0.000000,0.000000
3.2901,20.581935,-0.152631,0.003237,0.000000,0.016345,-0.020777,0,-0.163020,40,0.341666,0.118350,20.581935,-0.000419,14.350996,0.003237,20.581927,14.488511,0.003237,-0.152631,0.000000,0.012363,-0.543270,-52.419179,0.137515,0.000000,0.001256,0.001849,0.000091,0.001256,0.341666,0.118350,-9.803334,0.015919,0.000410,0.000000,-2.942791,-0.004864,27.000000,0.013045,20.581927,-0.000419,-0.152631,0.000000,0.137000,0.000000,91,0,1,34,35,-0.005310,0.015051,0.003051,0.112186,-0.031469,9.463793,1.769598,-0.004864,0.032595,6,1,0,0.000000,0,14.496824,0.000000,0.016345,0,-0.163020,0.000000,-0.020777,14.496824,-0.163020,1,1,1,6.210143,0.000000,0.000000,0.000000,0.000000,0.000000,0.000000,0.000000
3.3001,20.581849,-0.151864,0.009578,0.000000,0.023916,-0.029981,0,-0.163020,50,0.343049,0.118625,20.581849,0.000419,14.350382,0.009578,20.581831,14.487904,0.009578,-0.151864,0.000000,0.012385,-0.543270,-52.419179,0.137522,0.000000,0.001215,0.001849,-0.000134,0.001215,0.343049,0.118625,-9.803282,0.015685,0.007226,0.000000,-2.942631,-0.004866,27.000000,0.013045,20.581831,0.000419,-0.151864,0.000000,0.137000,0.000000,96,0,1,34,35,-0.011709,0.012811,0.009420,-0.536215,0.176795,10.384224,1.769758,-0.004866,0.032744,6,1,0,0.000000,0,14.496824,0.000000,0.023916,0,-0.163020,0.000000,-0.029981,14.496824,-0.163020,1,1,1,6.210211,0.000000,0.000000,0.000000,0.000000,0.000000,0.000000,0.000000
3.3101,20.581329,-0.151864,-0.016564,0.000000,0.017945,-0.022311,0,-0.163020,60,0.342671,0.119091,20.581329,-0.000419,14.350388,-0.016564,20.581351,14.487895,-0.016564,-0.151864,0.000000,0.012403,-0.543270,-52.419179,0.137507,0.000000,0.001181,0.001854,-0.000078,0.001181,0.342671,0.119091,-9.803290,-0.010617,0.000019,0.000000,-2.942639,-0.004889,27.000000,0.013045,20.581351,-0.000419,-0.151864,0.000000,0.137000,0.000000,101,0,1,34,35,0.003250,-0.010312,-0.016437,-0.167229,0.260307,9.055014,1.769750,-0.004889,0.032698,6,1,0,0.000000,0,14.496824,0.000000,0.017945,0,-0.163020,0.000000,-0.022311,14.496824,-0.163020,1,1,1,6.210278,0.000000,0.000000,0.000000,0.000000,0.000000,0.000000,0.000000
3.3201,20.581987,-0.152631,-0.027014,0.000000,0.012079,-0.013108,0,-0.163020,70,0.341238,0.118992,20.581987,0.004503,14.350881,-0.027014,20.582022,14.488377,-0.027014,-0.152631,0.000000,0.012423,-0.543270,-52.419179,0.137495,0.000000,0.001145,0.001862,0.000242,0.001145,0.341238,0.118992,-9.803341,-0.004841,-0.010809,0.000000,-2.942926,-0.004862,27.000000,0.013045,20.582022,0.004503,-0.152631,0.000000,0.137000,0.000000,106,0,1,34,35,0.011776,-0.001598,-0.026996,0.171608,-0.097058,10.133101,1.769463,-0.004862,0.032542,7,1,0,0.000000,0,14.496824,0.000000,0.012079,0,-0.163020,0.000000,-0.013108,14.496824,-0.163020,1,1,1,6.210345,0.000000,0.000000,0.000000,0.000000,0.000000,0.000000,0.000000
3.3301,20.582225,-0.152631,0.015233,0.000000,0.017580,-0.020777,0,-0.163020,80,0.341201,0.118243,20.582225,0.003560,14.350797,0.015233,20.582214,14.488320,0.015233,-0.152631,0.000000,0.012369,-0.543270,-52.419179,0.137523,0.001000,0.001245,0.001839,-0.000093,0.001245,0.341201,0.118243,-9.803352,0.025044,0.001931,0.001000,-2.942984,-0.004840,27.000000,0.013045,20.582214,0.003560,-0.152631,0.000000,0.137000,0.001000,111,0,1,34,35,-0.009584,0.023417,0.015945,0.122149,-0.306286,9.260058,1.769405,-0.004840,0.032550,6,1,0,0.000000,0,14.496824,0.000000,0.017580,0,-0.163020,0.000000,-0.020777,14.496824,-0.163020,1,1,1,6.210414,0.000000,0.000000,0.000000,0.000000,0.000000,0.000000,0.000000
3.3401,20.581844,-0.151864,0.011461,0.000000,0.024049,-0.029981,0,-0.163020,90,0.342409,0.119501,20.581844,-0.003560,14.350207,0.011461,20.581831,14.487733,0.011461,-0.151864,0.000000,0.012453,-0.543270,-52.419179,0.137526,0.000000,0.001090,0.001849,-0.000137,0.001090,0.342409,0.119501,-9.803294,0.002857,0.002395,0.000000,-2.942802,-0.004876,27.000000,0.013045,20.581831,-0.003560,-0.151864,0.000000,0.137000,0.000000,116,0,1,34,35,-0.003159,0.002123,0.011435,-0.347136,0.308862,9.763597,1.769587,-0.004876,0.032666,7,1,0,0.000000,0,14.496824,0.000000,0.024049,0,-0.163020,0.000000,-0.029981,14.496824,-0.163020,1,1,1,6.210482,0.000000,0.000000,0.000000,0.000000,0.000000,0.000000,0.000000
3.3501,20.581626,-0.151864,-0.010114,0.000000,0.017775,-0.022311,0,-0.163020,100,0.342902,0.119737,20.581626,-0.001466,14.350254,-0.010114,20.581639,14.487767,-0.010114,-0.151864,0.000000,0.012444,-0.543270,-52.419179,0.137513,0.000000,0.001106,0.001855,0.000091,0.001106,0.342902,0.119737,-9.803274,-0.009392,-0.002618,0.000000,-2.942766,-0.004916,27.000000,0.013045,20.581639,-0.001466,-0.151864,0.000000,0.137000,0.000000,121,0,1,34,35,0.005384,-0.008254,-0.010012,-0.546482,0.547114,10.598488,1.769623,-0.004916,0.032712,7,1,0,0.000000,0,14.496824,0.000000,0.017775,0,-0.163020,0.000000,-0.022311,14.496824,-0.163020,1,1,1,6.210550,0.000000,0.000000,0.000000,0.000000,0.000000,0.000000,0.000000
3.3601,20.581998,-0.151864,-0.020915,0.000000,0.019523,-0.022311,0,-0.163020,110,0.342200,0.120476,20.581998,0.005550,14.350147,-0.020915,20.582022,14.487650,-0.020915,-0.151864,0.000000,0.012515,-0.543270,-52.419179,0.137503,-0.002000,0.000976,0.001872,0.000114,0.000976,0.342200,0.120476,-9.803289,-0.007119,0.003384,-0.002000,-2.942884,-0.004909,27.000000,0.013045,20.582022,0.005550,-0.151864,0.000000,0.137000,-0.002000,126,0,1,34,35,-0.001024,-0.008102,-0.022815,0.139771,0.029924,9.139032,1.769505,-0.004909,0.032630,7,1,0,0.000000,0,14.496824,0.000000,0.019523,0,-0.163020,0.000000,-0.022311,14.496824,-0.163020,1,1,1,6.210617,0.000000,0.000000,0.000000,0.000000,0.000000,0.000000,0.000000
3.3701,20.582291,-0.152631,-0.005606,0.000000,0.010855,-0.013108,0,-0.163020,120,0.341596,0.119546,20.582291,0.002513,14.350761,-0.005606,20.582310,14.488274,-0.005606,-0.152631,0.000000,0.012505,-0.543270,-52.419179,0.137513,0.000000,0.000994,0.001981,0.000022,0.000994,0.341596,0.119546,-9.803322,0.005899,0.010387,-0.000000,-2.943029,-0.004841,27.000000,0.013045,20.582310,0.002513,-0.152631,0.000000,0.137000,0.000000,131,0,1,34,35,-0.011703,0.002325,-0.005636,-0.181967,0.184309,10.566368,1.769360,-0.004841,0.032570,7,1,0,0.000000,0,14.496824,0.000000,0.010855,0,-0.163020,0.000000,-0.013108,14.496824,-0.163020,1,1,1,6.210687,0.000000,0.000000,0.000000,0.000000,0.000000,0.000000,0.000000
3.3801,20.582039,-0.151864,0.015930,0.000000,0.025905,-0.029981,0,-0.163020,130,0.341899,0.119127,20.582039,0.000419,14.350014,0.015930,20.582022,14.487540,0.015930,-0.151864,0.000000,0.012419,-0.543270,-52.419179,0.137527,0.000000,0.001152,0.001841,0.000190,0.001152,0.341899,0.119127,-9.803316,0.011538,0.001832,0.000000,-2.942995,-0.004865,27.000000,0.013045,20.582022,0.000419,-0.151864,0.000000,0.137000,0.000000,136,0,1,34,35,-0.005301,0.010608,0.015799,0.074409,-0.174801,9.452757,1.769394,-0.004865,0.032620,7,1,0,0.000000,0,14.496824,0.000000,0.025905,0,-0.163020,0.000000,-0.029981,14.496824,-0.163020,1,1,1,6.210755,0.000000,0.000000,0.000000,0.000000,0.000000,0.000000,0.000000
3.3901,20.582031,-0.151864,0.005530,0.000000,0.016429,-0.022311,0,-0.163020,140,0.343529,0.118952,20.582031,-0.000419,14.350197,0.005530,20.582022,14.487719,0.005530,-0.151864,0.000000,0.012422,-0.543270,-52.419179,0.137522,0.000000,0.001147,0.001992,-0.000015,0.001147,0.343529,0.118952,-9.803262,0.020007,-0.007631,0.000000,-2.942816,-0.004869,27.000000,0.013045,20.582022,-0.000419,-0.151864,0.000000,0.137000,0.000000,141,0,1,34,35,0.001088,0.021452,0.005264,-0.536721,-0.159895,9.768333,1.769573,-0.004869,0.032787,7,1,0,0.000000,0,14.496824,0.000000,0.016429,0,-0.163020,0.000000,-0.022311,14.496824,-0.163020,1,1,1,6.210824,0.000000,0.000000,0.000000,0.000000,0.000000,0.000000,0.000000
3.4001,20.581995,-0.152631,-0.025104,0.000000,0.010925,-0.013108,0,-0.163020,150,0.342852,0.119064,20.581995,-0.000419,14.350826,-0.025104,20.582022,14.488326,-0.025104,-0.152631,0.000000,0.012464,-0.543270,-52.419179,0.137500,0.000000,0.001070,0.001839,0.000144,0.001070,0.342852,0.119064,-9.803284,-0.007136,0.010128,0.000000,-2.942977,-0.004853,27.000000,0.013045,20.582022,-0.000419,-0.152631,0.000000,0.137000,0.000000,146,0,1,34,35,-0.007426,-0.010229,-0.024978,0.369949,-0.142539,9.175732,1.769412,-0.004853,0.032704,7,1,0,0.000000,0,14.496824,0.000000,0.010925,0,-0.163020,0.000000,-0.013108,14.496824,-0.163020,1,1,1,6.210891,0.000000,0.000000,0.000000,0.000000,0.000000,0.000000,0.000000
3.4101,20.582212,-0.152631,-0.004542,0.000000,0.018991,-0.020777,0,-0.163020,160,0.342277,0.119458,20.582212,-0.000419,14.350647,-0.004542,20.582214,14.488160,-0.004542,-0.152631,0.000000,0.012521,-0.543270,-52.419179,0.137513,-0.001000,0.000965,0.002001,-0.000163,0.000965,0.342277,0.119458,-9.803299,0.003349,-0.004494,-0.001000,-2.943144,-0.004827,27.000000,0.013045,20.582214,-0.000419,-0.152631,0.000000,0.137000,-0.001000,151,0,1,34,35,0.003237,0.004505,-0.005598,-0.080565,0.445936,9.516317,1.769245,-0.004827,0.032640,7,1,0,0.000000,0,14.496824,0.000000,0.018991,0,-0.163020,0.000000,-0.020777,14.496824,-0.163020,1,1,1,6.210959,0.000000,0.000000,0.000000,0.000000,0.000000,0.000000,0.000000
3.4201,20.581849,-0.151864,0.018369,0.000000,0.025206,-0.029981,0,-0.163020,170,0.342388,0.119074,20.581849,-0.002513,14.349974,0.018369,20.581831,14.487503,0.018369,-0.151864,0.000000,0.012417,-0.543270,-52.419179,0.137529,0.000000,0.001155,0.001829,0.000063,0.001155,0.342388,0.119074,-9.803300,0.024336,-0.000056,0.000000,-2.943032,-0.004868,27.000000,0.013045,20.581831,-0.002513,-0.151864,0.000000,0.137000,0.000000,156,0,1,34,35,-0.007449,0.023395,0.018079,-0.441538,0.463469,10.406308,1.769357,-0.004868,0.032670,7,1,0,0.000000,0,14.496824,0.000000,0.025206,0,-0.163020,0.000000,-0.029981,14.496824,-0.163020,1,1,1,6.211026,0.000000,0.000000,0.000000,0.000000,0.000000,0.000000,0.000000
3.4301,20.581834,-0.151864,-0.003674,0.000000,0.017818,-0.022311,0,-0.163020,180,0.342838,0.120187,20.581834,0.002513,14.350053,-0.003674,20.581831,14.487572,-0.003674,-0.151864,0.000000,0.012494,-0.543270,-52.419179,0.137518,0.000000,0.001015,0.001998,0.000171,0.001015,0.342838,0.120187,-9.803271,-0.004256,0.006939,0.000000,-2.942961,-0.004911,27.000000,0.013045,20.581831,0.002513,-0.151864,0.000000,0.137000,0.000000,161,0,1,34,35,-0.005289,-0.006233,-0.003597,-0.147645,-0.024185,8.860760,1.769428,-0.004911,0.032698,7,1,0,0.000000,0,14.496824,0.000000,0.017818,0,-0.163020,0.000000,-0.022311,14.496824,-0.163020,1,1,1,6.211093,0.000000,0.000000,0.000000,0.000000,0.000000,0.000000,0.000000
3.4401,20.582186,-0.151864,-0.008038,0.000000,0.020601,-0.022311,0,-0.163020,190,0.342402,0.119801,20.582186,0.002513,14.349884,-0.008038,20.582214,14.487397,-0.008038,-0.151864,0.000000,0.012474,-0.543270,-52.419179,0.137513,0.000000,0.001051,0.001848,-0.000043,0.001051,0.342402,0.119801,-9.803291,-0.009520,0.004157,-0.000000,-2.943137,-0.004885,27.000000,0.013045,20.582214,0.002513,-0.151864,0.000000,0.137000,0.000000,166,0,1,34,35,-0.001017,-0.010438,-0.007909,-0.161964,0.020352,10.679579,1.769252,-0.004885,0.032660,7,1,0,0.000000,0,14.496824,0.000000,0.020601,0,-0.163020,0.000000,-0.022311,14.496824,-0.163020,1,1,1,6.211160,0.000000,0.000000,0.000000,0.000000,0.000000,0.000000,0.000000
3.4501,20.582281,-0.151864,-0.017113,0.000000,0.020394,-0.022311,0,-0.163020,200,0.341777,0.116620,20.582281,-0.000419,14.349771,-0.017113,20.582310,14.487269,-0.017113,-0.151864,0.000000,0.012165,-0.543270,-52.419179,0.137498,0.001000,0.001620,0.001995,-0.000074,0.001620,0.341777,0.116620,-9.803351,0.010940,0.004275,0.001000,-2.943267,-0.004864,27.000000,0.013045,20.582310,-0.000419,-0.151864,0.000000,0.137000,0.001000,171,0,1,34,35,-0.007440,0.004673,-0.020538,-0.030901,-0.211927,9.356611,1.769134,-0.004858,0.032643,6,1,0,0.000000,0,14.496824,0.000000,0.020394,0,-0.163020,0.000000,-0.022311,14.496824,-0.163020,1,1,1,6.211232,0.000000,0.000000,0.000000,0.000000,0.000000,0.000000,0.000000
3.4601,20.582028,-0.152631,0.000796,0.000000,0.010107,-0.013108,0,-0.163020,210,0.342086,0.116493,20.582028,-0.000419,14.350511,0.000796,20.582022,14.488019,0.000796,-0.152631,0.000000,0.012163,-0.543270,-52.419179,0.137508,0.000000,0.001623,0.001839,-0.000195,0.001623,0.342086,0.116493,-9.803342,0.003776,0.004342,-0.000000,-2.943283,-0.004882,27.000000,0.013045,20.582022,-0.000419,-0.152631,0.000000,0.137000,0.000000,176,0,1,34,35,-0.003164,0.004373,0.002928,0.017618,0.057972,9.962292,1.769105,-0.004881,0.032665,6,1,0,0.000000,0,14.496824,0.000000,0.010107,0,-0.163020,0.000000,-0.013108,14.496824,-0.163020,1,1,1,6.211299,0.000000,0.000000,0.000000,0.000000,0.000000,0.000000,0.000000
3.4701,20.582241,-0.151864,0.018907,0.000000,0.025721,-0.029981,0,-0.163020,220,0.342488,0.116723,20.582241,0.000419,14.349823,0.018907,20.582214,14.487343,0.018907,-0.151864,0.000000,0.012169,-0.543270,-52.419179,0.137520,-0.001000,0.001612,0.001848,-0.000131,0.001612,0.342488,0.116723,-9.803325,0.005392,0.003816,-0.001000,-2.943192,-0.004881,27.000000,0.013045,20.582214,0.000419,-0.151864,0.000000,0.137000,-0.001000,181,0,1,34,35,-0.005294,0.004168,0.017858,0.150026,-0.246189,9.040560,1.769197,-0.004881,0.032717,7,1,0,0.000000,0,14.496824,0.000000,0.025721,0,-0.163020,0.000000,-0.029981,14.496824,-0.163020,1,1,1,6.211367,0.000000,0.000000,0.000000,0.000000,0.000000,0.000000,0.000000
3.4801,20.582103,-0.151864,-0.013064,0.000000,0.017782,-0.022311,0,-0.163020,230,0.343047,0.115986,20.582103,-0.001466,14.349945,-0.013064,20.582118,14.487442,-0.013064,-0.151864,0.000000,0.012191,-0.543270,-52.419179,0.137497,-0.001000,0.001573,0.001844,0.000080,0.001573,0.343047,0.115986,-9.803314,0.000295,-0.014717,-0.001000,-2.943096,-0.004794,27.000000,0.013045,20.582118,-0.001466,-0.151864,0.000000,0.137000,-0.001000,186,0,1,34,35,0.013908,0.004649,-0.014122,-0.508642,0.332394,10.175257,1.769293,-0.004794,0.032784,7,1,0,0.000000,0,14.496824,0.000000,0.017782,0,-0.163020,0.000000,-0.022311,14.496824,-0.163020,1,1,1,6.211435,0.000000,0.000000,0.000000,0.000000,0.000000,0.000000,0.000000
3.4901,20.581533,-0.151864,-0.008343,0.000000,0.020190,-0.022311,0,-0.163020,240,0.341792,0.116757,20.581533,-0.002513,14.349820,-0.008343,20.581543,14.487323,-0.008343,-0.151864,0.000000,0.012218,-0.543270,-52.419179,0.137503,0.000000,0.001522,0.001848,-0.000065,0.001522,0.341792,0.116757,-9.803349,-0.021073,0.010119,0.000000,-2.943214,-0.004825,27.000000,0.013045,20.581543,-0.002513,-0.151864,0.000000,0.137000,0.000000,191,0,1,34,35,-0.003138,-0.023265,-0.008060,0.179523,0.258625,9.983554,1.769175,-0.004825,0.032646,6,1,0,0.000000,0,14.496824,0.000000,0.020190,0,-0.163020,0.000000,-0.022311,14.496824,-0.163020,1,1,1,6.211500,0.000000,0.000000,0.000000,0.000000,0.000000,0.000000,0.000000
3.5001,20.582213,-0.152631,-0.007635,0.000000,0.010266,-0.013108,0,-0.163020,250,0.342039,0.117305,20.582213,0.004503,14.350546,-0.007635,20.582214,14.488051,-0.007635,-0.152631,0.000000,0.012249,-0.543270,-52.419179,0.137505,0.000000,0.001465,0.001839,0.000194,0.001465,0.342039,0.117305,-9.803334,0.009359,0.007023,0.000000,-2.943251,-0.004878,27.000000,0.013045,20.582214,0.004503,-0.152631,0.000000,0.137000,0.000000,196,0,1,34,35,-0.009573,0.006633,-0.007717,-0.185586,-0.006731,8.994896,1.769138,-0.004878,0.032649,7,1,0,0.000000,0,14.496824,0.000000,0.010266,0,-0.163020,0.000000,-0.013108,14.496824,-0.163020,1,1,1,6.211565,0.000000,0.000000,0.000000,0.000000,0.000000,0.000000,0.000000
3.5101,20.581828,-0.152631,0.002880,0.000000,0.018228,-0.020777,0,-0.163020,4,0.341874,0.117004,20.581828,-0.002513,14.350483,0.002880,20.581831,14.487994,0.002880,-0.152631,0.000000,0.012255,-0.543270,-52.419179,0.137511,0.000000,0.001454,0.001846,-0.000193,0.001454,0.341874,0.117004,-9.803343,0.001037,0.002985,0.000000,-2.943310,-0.004839,27.000000,0.013045,20.581831,-0.002513,-0.152631,0.000000,0.137000,0.000000,0,0,1,34,35,-0.003159,0.000099,0.002879,0.230363,0.000378,10.765767,1.769079,-0.004839,0.032637,7,1,0,0.000000,0,14.496824,0.000000,0.018228,0,-0.163020,0.000000,-0.020777,14.496824,-0.163020,1,1,1,6.211632,0.000000,0.000000,0.000000,0.000000,0.000000,0.000000,0.000000
3.5201,20.581882,-0.151864,0.034691,0.000000,0.025096,-0.029981,0,-0.163020,14,0.342658,0.116513,20.581882,-0.002513,14.349849,0.034691,20.581831,14.487374,0.034691,-0.151864,0.000000,0.012215,-0.543270,-52.419179,0.137526,-0.002000,0.001527,0.002000,-0.000237,0.001527,0.342658,0.116513,-9.803321,-0.004335,-0.004262,-0.002000,-2.943163,-0.004817,27.000000,0.013045,20.581831,-0.002513,-0.151864,0.000000,0.137000,-0.002000,5,0,1,34,35,0.005391,-0.002410,0.032723,-0.270819,-0.048089,9.243257,1.769226,-0.004817,0.032737,6,1,0,0.000000,0,14.496824,0.000000,0.025096,0,-0.163020,0.000000,-0.029981,14.496824,-0.163020,1,1,1,6.211699,0.000000,0.000000,0.000000,0.000000,0.000000,0.000000,0.000000
3.5301,20.581839,-0.151864,-0.005594,0.000000,0.018473,-0.022311,0,-0.163020,24,0.342702,0.117075,20.581839,0.000419,14.349902,-0.005594,20.581831,14.487410,-0.005594,-0.151864,0.000000,0.012240,-0.543270,-52.419179,0.137508,0.000000,0.001481,0.001834,0.000112,0.001481,0.342702,0.117075,-9.803313,0.001319,-0.003833,0.000000,-2.943126,-0.004849,27.000000,0.013045,20.581831,0.000419,-0.151864,0.000000,0.137000,0.000000,10,0,1,34,35,0.003240,0.002368,-0.005623,-0.525420,0.303127,10.998008,1.769263,-0.004849,0.032733,6,1,0,0.000000,0,14.496824,0.000000,0.018473,0,-0.163020,0.000000,-0.022311,14.496824,-0.163020,1,1,1,6.211764,0.000000,0.000000,0.000000,0.000000,0.000000,0.000000,0.000000
3.5401,20.582261,-0.151864,-0.018797,0.000000,0.021686,-0.022311,0,-0.163020,34,0.341311,0.116782,20.582261,0.004503,14.349676,-0.018797,20.582310,14.487172,-0.018797,-0.151864,0.000000,0.012243,-0.543270,-52.419179,0.137496,0.000000,0.001477,0.001989,0.000262,0.001477,0.341311,0.116782,-9.803365,-0.014633,0.001328,0.000000,-2.943366,-0.004795,27.000000,0.013045,20.582310,0.004503,-0.151864,0.000000,0.137000,0.000000,15,0,1,34,35,0.003254,-0.014558,-0.018620,0.466703,-0.222871,9.490811,1.769023,-0.004795,0.032597,6,1,0,0.000000,0,14.496824,0.000000,0.021686,0,-0.163020,0.000000,-0.022311,14.496824,-0.163020,1,1,1,6.211831,0.000000,0.000000,0.000000,0.000000,0.000000,0.000000,0.000000
3.5501,20.582409,-0.151864,-0.003211,0.000000,0.020414,-0.022311,0,-0.163020,44,0.341410,0.116869,20.582409,0.000419,14.349574,-0.003211,20.582406,14.487079,-0.003211,-0.151864,0.000000,0.012321,-0.543270,-52.419179,0.137506,0.000000,0.001332,0.002037,0.000009,0.001332,0.341410,0.116869,-9.803361,0.013389,-0.001009,0.000000,-2.943460,-0.004727,27.000000,0.013045,20.582406,0.000419,-0.151864,0.000000,0.137000,0.000000,20,0,1,34,35,-0.003175,0.013006,-0.003371,-0.117474,0.270502,9.782501,1.768928,-0.004727,0.032606,6,1,0,0.000000,0,14.496824,0.000000,0.020414,0,-0.163020,0.000000,-0.022311,14.496824,-0.163020,1,1,1,6.211898,0.000000,0.000000,0.000000,0.000000,0.000000,0.000000,0.000000
3.5601,20.582336,-0.152631,0.011815,0.000000,0.009756,-0.013108,0,-0.163020,54,0.342190,0.117094,20.582336,0.000419,14.350372,0.011815,20.582310,14.487890,0.011815,-0.152631,0.000000,0.012295,-0.543270,-52.419179,0.137518,0.000000,0.001381,0.001995,0.000095,0.001381,0.342190,0.117094,-9.803331,0.018398,0.001841,0.000000,-2.943414,-0.004813,27.000000,0.013045,20.582310,0.000419,-0.152631,0.000000,0.137000,0.000000,25,0,1,34,35,-0.007444,0.017069,0.011606,-0.173466,0.151368,10.135373,1.768975,-0.004813,0.032668,7,1,0,0.000000,0,14.496824,0.000000,0.009756,0,-0.163020,0.000000,-0.013108,14.496824,-0.163020,1,1,1,6.211965,0.000000,0.000000,0.000000,0.000000,0.000000,0.000000,0.000000
3.5701,20.582419,-0.152631,-0.009908,0.000000,0.017371,-0.020777,0,-0.163020,64,0.342758,0.116935,20.582419,-0.000419,14.350428,-0.009908,20.582406,14.487932,-0.009908,-0.152631,0.000000,0.012295,-0.543270,-52.419179,0.137504,0.000000,0.001380,0.001949,0.000082,0.001380,0.342758,0.116935,-9.803313,-0.001269,-0.005240,0.000000,-2.943373,-0.004806,27.000000,0.013045,20.582406,-0.000419,-0.152631,0.000000,0.137000,0.000000,30,0,1,34,35,0.005375,0.000294,-0.009912,0.062894,-0.024897,8.927882,1.769016,-0.004806,0.032727,7,1,0,0.000000,0,14.496824,0.000000,0.017371,0,-0.163020,0.000000,-0.020777,14.496824,-0.163020,1,1,1,6.212030,0.000000,0.000000,0.000000,0.000000,0.000000,0.000000,0.000000
3.5801,20.582321,-0.151864,-0.001331,0.000000,0.026451,-0.029981,0,-0.163020,74,0.342716,0.116028,20.582321,0.001466,14.349703,-0.001331,20.582310,14.487210,-0.001331,-0.151864,0.000000,0.012279,-0.543270,-52.419179,0.137507,0.000000,0.001409,0.001866,0.000073,0.001409,0.342716,0.116028,-9.803325,0.001867,-0.001769,0.000000,-2.943331,-0.004704,27.000000,0.013045,20.582310,0.001466,-0.151864,0.000000,0.137000,0.000000,35,0,1,34,35,0.001106,0.002305,-0.001359,-0.448876,0.152297,10.824275,1.769058,-0.004704,0.032750,6,1,0,0.000000,0,14.496824,0.000000,0.026451,0,-0.163020,0.000000,-0.029981,14.496824,-0.163020,1,1,1,6.212096,0.000000,0.000000,0.000000,0.000000,0.000000,0.000000,0.000000
3.5901,20.582027,-0.151864,0.000487,0.000000,0.018727,-0.022311,0,-0.163020,84,0.342038,0.117430,20.582027,-0.000419,14.349741,0.000487,20.582022,14.487251,0.000487,-0.151864,0.000000,0.012362,-0.543270,-52.419179,0.137511,0.000000,0.001257,0.001992,0.000009,0.001257,0.342038,0.117430,-9.803332,-0.007773,0.010318,-0.000000,-2.943288,-0.004752,27.000000,0.013045,20.582022,-0.000419,-0.151864,0.000000,0.137000,0.000000,40,0,1,34,35,-0.007418,-0.010569,0.000618,0.255951,-0.334193,9.202443,1.769101,-0.004752,0.032660,7,1,0,0.000000,0,14.496824,0.000000,0.018727,0,-0.163020,0.000000,-0.022311,14.496824,-0.163020,1,1,1,6.212161,0.000000,0.000000,0.000000,0.000000,0.000000,0.000000,0.000000
3.6001,20.582502,-0.152631,-0.037425,0.000000,0.011374,-0.013108,0,-0.163020,94,0.341432,0.117682,20.582502,0.006597,14.350415,-0.037425,20.582502,14.487899,-0.037425,-0.152631,0.000000,0.012376,-0.543270,-52.419179,0.137484,0.000000,0.001232,0.001845,0.000300,0.001232,0.341432,0.117682,-9.803350,0.007540,-0.008090,0.000000,-2.943406,-0.004780,27.000000,0.013045,20.582502,0.006597,-0.152631,0.000000,0.137000,0.000000,45,0,1,34,35,0.005358,0.009210,-0.037542,0.390356,-0.280049,9.471046,1.768983,-0.004780,0.032582,7,1,0,0.000000,0,14.496824,0.000000,0.011374,0,-0.163020,0.000000,-0.013108,14.496824,-0.163020,1,1,1,6.212226,0.000000,0.000000,0.000000,0.000000,0.000000,0.000000,0.000000
3.6101,20.582602,-0.152631,0.005576,0.000000,0.018345,-0.020777,0,-0.163020,104,0.341675,0.116666,20.582602,-0.000419,14.350347,0.005576,20.582598,14.487858,0.005576,-0.152631,0.000000,0.012373,-0.543270,-52.419179,0.137511,0.000000,0.001237,0.001981,0.000008,0.001237,0.341675,0.116666,-9.803354,0.023340,-0.004254,0.000000,-2.943451,-0.004684,27.000000,0.013045,20.582598,-0.000419,-0.152631,0.000000,0.137000,0.000000,50,0,1,34,35,-0.003183,0.023577,0.005285,0.256720,-0.262293,9.576412,1.768938,-0.004684,0.032622,7,1,0,0.000000,0,14.496824,0.000000,0.018345,0,-0.163020,0.000000,-0.020777,14.496824,-0.163020,1,1,1,6.212292,0.000000,0.000000,0.000000,0.000000,0.000000,0.000000,0.000000
3.6201,20.582428,-0.151864,0.009591,0.000000,0.025213,-0.029981,0,-0.163020,114,0.343074,0.115987,20.582428,0.000419,14.349737,0.009591,20.582406,14.487251,0.009591,-0.151864,0.000000,0.012297,-0.543270,-52.419179,0.137515,0.000000,0.001377,0.001843,0.000164,0.001377,0.343074,0.115987,-9.803313,0.010463,-0.009040,0.000000,-2.943290,-0.004688,27.000000,0.013045,20.582406,0.000419,-0.151864,0.000000,0.137000,0.000000,55,0,1,34,35,0.005368,0.012860,0.009434,-0.529532,0.481468,9.717360,1.769099,-0.004688,0.032787,7,1,0,0.000000,0,14.496824,0.000000,0.025213,0,-0.163020,0.000000,-0.029981,14.496824,-0.163020,1,1,1,6.212358,0.000000,0.000000,0.000000,0.000000,0.000000,0.000000,0.000000
3.6301,20.582172,-0.151864,-0.027334,0.000000,0.019415,-0.022311,0,-0.163020,124,0.343037,0.117108,20.582172,0.000419,14.349736,-0.027334,20.582214,14.487229,-0.027334,-0.151864,0.000000,0.012325,-0.543270,-52.419179,0.137493,0.000000,0.001325,0.001851,0.000001,0.001325,0.343037,0.117108,-9.803301,-0.012464,0.007358,0.000000,-2.943310,-0.004772,27.000000,0.013045,20.582214,0.000419,-0.151864,0.000000,0.137000,0.000000,60,0,1,34,35,-0.003153,-0.014462,-0.027157,-0.555925,0.490090,10.569198,1.769079,-0.004772,0.032766,7,1,0,0.000000,0,14.496824,0.000000,0.019415,0,-0.163020,0.000000,-0.022311,14.496824,-0.163020,1,1,1,6.212423,0.000000,0.000000,0.000000,0.000000,0.000000,0.000000,0.000000
3.6401,20.582697,-0.152759,0.105168,-0.104720,0.010448,-0.011574,0,-0.163020,134,0.341410,0.117059,20.582697,0.003560,14.350384,0.105168,20.582598,14.487957,0.105168,-0.152759,-0.104720,0.012382,-0.543270,-52.419179,0.137573,0.000000,0.001221,0.001848,0.000077,0.001221,0.341410,0.117059,-9.803358,-0.014379,-0.003229,-0.104720,-2.943478,-0.004715,27.000000,0.013045,20.582598,0.003560,-0.152631,-0.104720,0.137000,0.000000,65,0,1,34,35,0.007527,-0.012664,0.000605,0.484396,-0.141181,9.070545,1.768911,-0.004715,0.032587,7,1,0,0.000000,0,14.496824,0.000000,0.010448,0,-0.163020,0.000000,-0.011574,14.496824,-0.163020,1,1,1,6.212488,0.000000,0.000000,0.000000,0.000000,0.000000,0.000000,0.000000
3.6501,20.582424,-0.152631,0.019943,0.000000,0.018833,-0.022056,0,-0.163020,144,0.340994,0.116401,20.582424,-0.000419,14.350348,0.019943,20.582406,14.487866,0.019943,-0.152631,0.000000,0.012418,-0.543270,-52.419179,0.137517,0.000000,0.001154,0.001834,-0.000199,0.001154,0.340994,0.116401,-9.803381,-0.000691,-0.000948,0.000000,-2.943446,-0.004602,27.000000,0.013045,20.582406,-0.000419,-0.152631,0.000000,0.137000,0.000000,70,0,1,34,35,0.001115,-0.000115,0.019946,0.219543,0.024799,10.335337,1.768943,-0.004602,0.032558,6,1,0,0.000000,0,14.496824,0.000000,0.018833,0,-0.163020,0.000000,-0.022056,14.496824,-0.163020,1,1,1,6.212552,0.000000,0.000000,0.000000,0.000000,0.000000,0.000000,0.000000
3.6601,20.582056,-0.151864,0.021375,0.000000,0.024934,-0.029981,0,-0.163020,154,0.342208,0.117114,20.582056,-0.005550,14.349754,0.021375,20.582022,14.487281,0.021375,-0.151864,0.000000,0.012417,-0.543270,-52.419179,0.137526,0.001000,0.001155,0.001842,-0.000123,0.001155,0.342208,0.117114,-9.803330,0.014719,0.005288,0.001000,-2.943261,-0.004668,27.000000,0.013045,20.582022,-0.005550,-0.151864,0.000000,0.137000,0.001000,75,0,1,34,35,-0.009571,0.012647,0.022219,-0.126561,-0.070553,9.520667,1.769128,-0.004668,0.032682,7,1,0,0.000000,0,14.496824,0.000000,0.024934,0,-0.163020,0.000000,-0.029981,14.496824,-0.163020,1,1,1,6.212616,0.000000,0.000000,0.000000,0.000000,0.000000,0.000000,0.000000
3.6701,20.581833,-0.151864,-0.012143,0.000000,0.017776,-0.022311,0,-0.163020,164,0.343025,0.117734,20.581833,-0.000419,14.349885,-0.012143,20.581831,14.487390,-0.012143,-0.151864,0.000000,0.012409,-0.543270,-52.419179,0.137505,0.000000,0.001170,0.001842,0.000075,0.001170,0.343025,0.117734,-9.803294,-0.005274,-0.003945,0.000000,-2.943149,-0.004751,27.000000,0.013045,20.581831,-0.000419,-0.151864,0.000000,0.137000,0.000000,80,0,1,34,35,0.005379,-0.003952,-0.012095,-0.117589,0.016806,9.416277,1.769240,-0.004751,0.032755,7,1,0,0.000000,0,14.496824,0.000000,0.017776,0,-0.163020,0.000000,-0.022311,14.496824,-0.163020,1,1,1,6.212679,0.000000,0.000000,0.000000,0.000000,0.000000,0.000000,0.000000
3.6801,20.582176,-0.151864,-0.018789,0.000000,0.021547,-0.022311,0,-0.163020,174,0.341809,0.116205,20.582176,0.005550,14.349674,-0.018789,20.582214,14.487167,-0.018789,-0.151864,0.000000,0.012324,-0.543270,-52.419179,0.137493,0.000000,0.001327,0.001857,0.000144,0.001327,0.341809,0.116205,-9.803355,-0.017896,-0.008836,0.000000,-2.943375,-0.004664,27.000000,0.013045,20.582214,0.005550,-0.151864,0.000000,0.137000,0.000000,85,0,1,34,35,0.013927,-0.014527,-0.018611,0.210040,-0.097862,10.200112,1.769014,-0.004664,0.032656,7,1,0,0.000000,0,14.496824,0.000000,0.021547,0,-0.163020,0.000000,-0.022311,14.496824,-0.163020,1,1,1,6.212742,0.000000,0.000000,0.000000,0.000000,0.000000,0.000000,0.000000
3.6901,20.582306,-0.152631,-0.008822,0.000000,0.012329,-0.013108,0,-0.163020,184,0.341134,0.116508,20.582306,0.001466,14.350251,-0.008822,20.582310,14.487749,-0.008822,-0.152631,0.000000,0.012406,-0.543270,-52.419179,0.137498,-0.001000,0.001176,0.001839,-0.000074,0.001176,0.341134,0.116508,-9.803375,0.008690,0.011727,-0.001000,-2.943561,-0.004627,27.000000,0.013045,20.582310,0.001466,-0.152631,0.000000,0.137000,-0.001000,90,0,1,34,35,-0.013841,0.004512,-0.009879,-0.023024,0.313396,9.409748,1.768827,-0.004627,0.032570,7,1,0,0.000000,0,14.496824,0.000000,0.012329,0,-0.163020,0.000000,-0.013108,14.496824,-0.163020,1,1,1,6.212803,0.000000,0.000000,0.000000,0.000000,0.000000,0.000000,0.000000
3.7001,20.582233,-0.152631,0.016030,0.000000,0.017765,-0.020777,0,-0.163020,194,0.341534,0.117195,20.582233,0.000419,14.350263,0.016030,20.582214,14.487781,0.016030,-0.152631,0.000000,0.012379,-0.543270,-52.419179,0.137519,0.000000,0.001227,0.001832,-0.000017,0.001227,0.341534,0.117195,-9.803352,0.016260,0.002535,0.000000,-2.943526,-0.004730,27.000000,0.013045,20.582214,0.000419,-0.152631,0.000000,0.137000,0.000000,95,0,1,34,35,-0.007440,0.014875,0.015847,0.085482,0.006781,10.239365,1.768863,-0.004730,0.032600,6,1,0,0.000000,0,14.496824,0.000000,0.017765,0,-0.163020,0.000000,-0.020777,14.496824,-0.163020,1,1,1,6.212866,0.000000,0.000000,0.000000,0.000000,0.000000,0.000000,0.000000
3.7101,20.582230,-0.151864,0.009638,0.000000,0.025189,-0.029981,0,-0.163020,204,0.342898,0.116686,20.582230,-0.004503,14.349673,0.009638,20.582214,14.487189,0.009638,-0.151864,0.000000,0.012368,-0.543270,-52.419179,0.137517,0.000000,0.001246,0.001846,-0.000031,0.001246,0.342898,0.116686,-9.803311,0.014456,-0.003599,0.000000,-2.943352,-0.004685,27.000000,0.013045,20.582214,-0.004503,-0.151864,0.000000,0.137000,0.000000,100,0,1,34,35,-0.001038,0.014979,0.009453,-0.195255,-0.156900,8.763691,1.769037,-0.004685,0.032758,7,1,0,0.000000,0,14.496824,0.000000,0.025189,0,-0.163020,0.000000,-0.029981,14.496824,-0.163020,1,1,1,6.212929,0.000000,0.000000,0.000000,0.000000,0.000000,0.000000,0.000000
3.7201,20.582015,-0.151864,-0.016637,0.000000,0.019611,-0.022311,0,-0.163020,214,0.342680,0.116536,20.582015,0.000419,14.349658,-0.016637,20.582022,14.487161,-0.016637,-0.151864,0.000000,0.012416,-0.543270,-52.419179,0.137503,0.002000,0.001157,0.001835,0.000184,0.001157,0.342680,0.116536,-9.803320,-0.018801,0.002669,0.002000,-2.943383,-0.004618,27.000000,0.013045,20.582022,0.000419,-0.151864,0.000000,0.137000,0.002000,105,0,1,34,35,0.003259,-0.018888,-0.014404,-0.305128,0.216834,11.025995,1.769006,-0.004618,0.032739,6,1,0,0.000000,0,14.496824,0.000000,0.019611,0,-0.163020,0.000000,-0.022311,14.496824,-0.163020,1,1,1,6.212991,0.000000,0.000000,0.000000,0.000000,0.000000,0.000000,0.000000
3.7301,20.582383,-0.152631,-0.006169,0.000000,0.012048,-0.013108,0,-0.163020,224,0.342026,0.117506,20.582383,0.003560,14.350261,-0.006169,20.582406,14.487767,-0.006169,-0.152631,0.000000,0.012459,-0.543270,-52.419179,0.137507,0.000000,0.001079,0.001843,0.000103,0.001079,0.342026,0.117506,-9.803332,-0.017765,0.013573,0.000000,-2.943541,-0.004688,27.000000,0.013045,20.582406,0.003560,-0.152631,0.000000,0.137000,0.000000,110,0,1,34,35,-0.007409,-0.021169,-0.005905,0.218633,-0.300679,9.585572,1.768848,-0.004688,0.032645,7,1,0,0.000000,0,14.496824,0.000000,0.012048,0,-0.163020,0.000000,-0.013108,14.496824,-0.163020,1,1,1,6.213053,0.000000,0.000000,0.000000,0.000000,0.000000,0.000000,0.000000
3.7401,20.582403,-0.151864,-0.005547,0.000000,0.028951,-0.029981,0,-0.163020,234,0.341053,0.117507,20.582403,-0.001466,14.349359,-0.005547,20.582406,14.486864,-0.005547,-0.151864,0.000000,0.012452,-0.543270,-52.419179,0.137505,0.000000,0.001092,0.001995,-0.000169,0.001092,0.341053,0.117507,-9.803365,0.005311,0.001605,0.000000,-2.943678,-0.004656,27.000000,0.013045,20.582406,-0.001466,-0.151864,0.000000,0.137000,0.000000,115,0,1,34,35,-0.003166,0.004486,-0.005604,0.063841,-0.057353,9.233811,1.768711,-0.004656,0.032560,7,1,0,0.000000,0,14.496824,0.000000,0.028951,0,-0.163020,0.000000,-0.029981,14.496824,-0.163020,1,1,1,6.213116,0.000000,0.000000,0.000000,0.000000,0.000000,0.000000,0.000000
3.7501,20.582041,-0.151864,0.023329,0.000000,0.017952,-0.022311,0,-0.163020,244,0.341777,0.116796,20.582041,-0.003560,14.349506,0.023329,20.582022,14.487028,0.023329,-0.151864,0.000000,0.012459,-0.543270,-52.419179,0.137522,-0.001000,0.001078,0.001843,-0.000335,0.001078,0.341777,0.116796,-9.803349,0.010727,-0.000152,-0.001000,-2.943516,-0.004587,27.000000,0.013045,20.582022,-0.003560,-0.151864,0.000000,0.137000,-0.001000,120,0,1,34,35,-0.003165,0.010529,0.022200,-0.277901,0.148012,10.403245,1.768873,-0.004587,0.032644,7,1,0,0.000000,0,14.496824,0.000000,0.017952,0,-0.163020,0.000000,-0.022311,14.496824,-0.163020,1,1,1,6.213178,0.000000,0.000000,0.000000,0.000000,0.000000,0.000000,0.000000
3.7601,20.582391,-0.152631,-0.011303,0.000000,0.011035,-0.013108,0,-0.163020,254,0.341960,0.117691,20.582391,0.005550,14.350240,-0.011303,20.582406,14.487741,-0.011303,-0.152631,0.000000,0.012463,-0.543270,-52.419179,0.137502,-0.001000,0.001071,0.001824,0.000221,0.001071,0.341960,0.117691,-9.803332,-0.009411,0.004134,-0.001000,-2.943567,-0.004702,27.000000,0.013045,20.582406,0.005550,-0.152631,0.000000,0.137000,-0.001000,125,0,1,34,35,-0.001018,-0.010381,-0.012175,0.235850,0.009084,9.282442,1.768822,-0.004702,0.032635,7,1,0,0.000000,0,14.496824,0.000000,0.011035,0,-0.163020,0.000000,-0.013108,14.496824,-0.163020,1,1,1,6.213239,0.000000,0.000000,0.000000,0.000000,0.000000,0.000000,0.000000
3.7701,20.582791,-0.152631,-0.001111,0.000000,0.019142,-0.020777,0,-0.163020,8,0.341833,0.117525,20.582791,0.003560,14.350150,-0.001111,20.582789,14.487660,-0.001111,-0.152631,0.000000,0.012496,-0.543270,-52.419179,0.137510,0.000000,0.001011,0.001956,-0.000175,0.001011,0.341833,0.117525,-9.803338,0.005403,-0.018631,0.000000,-2.943650,-0.004650,27.000000,0.013045,20.582789,0.003560,-0.152631,0.000000,0.137000,0.000000,130,0,1,34,35,0.016040,0.010896,-0.001247,0.065979,-0.283405,9.729203,1.768739,-0.004650,0.032625,6,1,0,0.000000,0,14.496824,0.000000,0.019142,0,-0.163020,0.000000,-0.020777,14.496824,-0.163020,1,1,1,6.213302,0.000000,0.000000,0.000000,0.000000,0.000000,0.000000,0.000000
3.7801,20.582430,-0.151864,0.026753,0.000000,0.025576,-0.029981,0,-0.163020,18,0.341524,0.116956,20.582430,-0.006597,14.349532,0.026753,20.582406,14.487056,0.026753,-0.151864,0.000000,0.012504,-0.543270,-52.419179,0.137524,0.000000,0.000996,0.001990,-0.000053,0.000996,0.341524,0.116956,-9.803356,0.015413,-0.006160,0.000000,-2.943490,-0.004555,27.000000,0.013045,20.582406,-0.006597,-0.151864,0.000000,0.137000,0.000000,135,0,1,34,35,0.001099,0.016895,0.026544,0.083574,-0.022394,9.502147,1.768899,-0.004555,0.032616,6,1,0,0.000000,0,14.496824,0.000000,0.025576,0,-0.163020,0.000000,-0.029981,14.496824,-0.163020,1,1,1,6.213365,0.000000,0.000000,0.000000,0.000000,0.000000,0.000000,0.000000
3.7901,20.582207,-0.151864,-0.007983,0.000000,0.019239,-0.022311,0,-0.163020,28,0.342009,0.117629,20.582207,0.001466,14.349575,-0.007983,20.582214,14.487081,-0.007983,-0.151864,0.000000,0.012497,-0.543270,-52.419179,0.137506,0.000000,0.001009,0.001828,0.000010,0.001009,0.342009,0.117629,-9.803331,-0.008793,-0.000564,0.000000,-2.943462,-0.004638,27.000000,0.013045,20.582214,0.001466,-0.151864,0.000000,0.137000,0.000000,140,0,1,34,35,0.003250,-0.008288,-0.007881,-0.394227,0.493948,10.263088,1.768927,-0.004638,0.032654,7,1,0,0.000000,0,14.496824,0.000000,0.019239,0,-0.163020,0.000000,-0.022311,14.496824,-0.163020,1,1,1,6.213426,0.000000,0.000000,0.000000,0.000000,0.000000,0.000000,0.000000
3.8001,20.582664,-0.151864,-0.029301,0.000000,0.022420,-0.022311,0,-0.163020,38,0.341420,0.117644,20.582664,0.005550,14.349347,-0.029301,20.582694,14.486836,-0.029301,-0.151864,0.000000,0.012495,-0.543270,-52.419179,0.137490,0.000000,0.001013,0.001840,0.000146,0.001013,0.341420,0.117644,-9.803351,-0.010883,-0.008852,0.000000,-2.943707,-0.004632,27.000000,0.013045,20.582694,0.005550,-0.151864,0.000000,0.137000,0.000000,145,0,1,34,35,0.011782,-0.007980,-0.029204,-0.270246,0.382453,10.003647,1.768682,-0.004632,0.032595,7,1,0,0.000000,0,14.496824,0.000000,0.022420,0,-0.163020,0.000000,-0.022311,14.496824,-0.163020,1,1,1,6.213489,0.000000,0.000000,0.000000,0.000000,0.000000,0.000000,0.000000
3.8101,20.582688,-0.151864,0.007710,0.000000,0.021053,-0.022311,0,-0.163020,48,0.341203,0.116841,20.582688,-0.002513,14.349234,0.007710,20.582694,14.486747,0.007710,-0.151864,0.000000,0.012507,-0.543270,-52.419179,0.137512,0.000000,0.000990,0.001840,-0.000076,0.000990,0.341203,0.116841,-9.803368,0.023943,-0.002190,0.000000,-2.943800,-0.004535,27.000000,0.013045,20.582694,-0.002513,-0.151864,0.000000,0.137000,0.000000,150,0,1,34,35,-0.005317,0.023543,0.007416,-0.090077,0.031450,9.004912,1.768589,-0.004535,0.032585,7,1,0,0.000000,0,14.496824,0.000000,0.021053,0,-0.163020,0.000000,-0.022311,14.496824,-0.163020,1,1,1,6.213552,0.000000,0.000000,0.000000,0.000000,0.000000,0.000000,0.000000
3.8201,20.582511,-0.152631,0.000996,0.000000,0.010698,-0.013108,0,-0.163020,58,0.341559,0.113773,20.582511,0.000419,14.350036,0.000996,20.582502,14.487535,0.000996,-0.152631,0.000000,0.012140,-0.543270,-52.419179,0.137499,0.000000,0.001666,0.001850,-0.000094,0.001666,0.341559,0.113773,-9.803392,0.013217,0.005766,0.000000,-2.943777,-0.004624,27.000000,0.013045,20.582502,0.000419,-0.152631,0.000000,0.137000,0.000000,155,0,1,34,35,-0.009575,0.010794,0.000865,0.189193,-0.278507,9.336945,1.768612,-0.004624,0.032656,7,1,0,0.000000,0,14.496824,0.000000,0.010698,0,-0.163020,0.000000,-0.013108,14.496824,-0.163020,1,1,1,6.213619,0.000000,0.000000,0.000000,0.000000,0.000000,0.000000,0.000000
3.8301,20.582696,-0.152631,0.009102,0.000000,0.018020,-0.020777,0,-0.163020,68,0.342150,0.117722,20.582696,0.002513,14.350067,0.009102,20.582694,14.487581,0.009102,-0.152631,0.000000,0.012511,-0.543270,-52.419179,0.137515,-0.002000,0.000983,0.001939,0.000001,0.000983,0.342150,0.117722,-9.803325,-0.004376,-0.006480,-0.002000,-2.943728,-0.004660,27.000000,0.013045,20.582694,0.002513,-0.152631,0.000000,0.137000,-0.002000,160,0,1,34,35,0.007517,-0.002064,0.007129,0.343157,-0.433419,9.498185,1.768661,-0.004660,0.032654,7,1,0,0.000000,0,14.496824,0.000000,0.018020,0,-0.163020,0.000000,-0.020777,14.496824,-0.163020,1,1,1,6.213677,0.000000,0.000000,0.000000,0.000000,0.000000,0.000000,0.000000
3.8401,20.582430,-0.151864,0.016203,0.000000,0.026049,-0.029981,0,-0.163020,78,0.342488,0.116830,20.582430,-0.004503,14.349430,0.016203,20.582406,14.486951,0.016203,-0.151864,0.000000,0.012502,-0.543270,-52.419179,0.137521,0.000000,0.001000,0.001843,-0.000022,0.001000,0.342488,0.116830,-9.803324,0.016474,-0.017718,0.000000,-2.943594,-0.004559,27.000000,0.013045,20.582406,-0.004503,-0.151864,0.000000,0.137000,0.000000,165,0,1,34,35,0.011764,0.021341,0.015937,-0.335555,0.139833,10.288280,1.768795,-0.004559,0.032715,7,1,0,0.000000,0,14.496824,0.000000,0.026049,0,-0.163020,0.000000,-0.029981,14.496824,-0.163020,1,1,1,6.213739,0.000000,0.000000,0.000000,0.000000,0.000000,0.000000,0.000000
3.8501,20.582199,-0.151864,-0.020524,0.000000,0.019430,-0.022311,0,-0.163020,88,0.342162,0.116230,20.582199,0.002513,14.349485,-0.020524,20.582214,14.486977,-0.020524,-0.151864,0.000000,0.012468,-0.543270,-52.419179,0.137493,0.000000,0.001063,0.001859,0.000107,0.001063,0.342162,0.116230,-9.803342,0.002992,0.000117,0.000000,-2.943569,-0.004528,27.000000,0.013045,20.582214,0.002513,-0.151864,0.000000,0.137000,0.000000,170,0,1,34,35,-0.001034,0.002554,-0.020558,0.083753,-0.089092,9.482336,1.768820,-0.004528,0.032691,7,1,0,0.000000,0,14.496824,0.000000,0.019430,0,-0.163020,0.000000,-0.022311,14.496824,-0.163020,1,1,1,6.213800,0.000000,0.000000,0.000000,0.000000,0.000000,0.000000,0.000000
3.8601,20.582565,-0.151864,-0.013191,0.000000,0.021956,-0.022311,0,-0.163020,98,0.340582,0.113549,20.582565,0.003560,14.349300,-0.013191,20.582598,14.486789,-0.013191,-0.151864,0.000000,0.012142,-0.543270,-52.419179,0.137489,0.001000,0.001662,0.001847,0.000056,0.001662,0.340582,0.113549,-9.803429,-0.007967,-0.005315,0.001000,-2.943757,-0.004559,27.000000,0.013045,20.582598,0.003560,-0.151864,0.000000,0.137000,0.001000,175,0,1,34,35,0.007516,-0.006083,-0.012118,0.200545,-0.041674,10.296375,1.768632,-0.004559,0.032573,7,1,0,0.000000,0,14.496824,0.000000,0.021956,0,-0.163020,0.000000,-0.022311,14.496824,-0.163020,1,1,1,6.213866,0.000000,0.000000,0.000000,0.000000,0.000000,0.000000,0.000000
3.8701,20.582774,-0.152631,-0.007574,0.000000,0.011486,-0.013108,0,-0.163020,108,0.340940,0.112897,20.582774,0.001466,14.350015,-0.007574,20.582789,14.487504,-0.007574,-0.152631,0.000000,0.012139,-0.543270,-52.419179,0.137489,0.000000,0.001668,0.001861,-0.000003,0.001668,0.340940,0.112897,-9.803424,0.007460,-0.005831,0.000000,-2.943810,-0.004527,27.000000,0.013045,20.582789,0.001466,-0.152631,0.000000,0.137000,0.000000,180,0,1,34,35,0.001098,0.008772,-0.005550,-0.116216,0.208417,10.164695,1.768584,-0.004529,0.032602,7,1,0,0.000000,0,14.496824,0.000000,0.011486,0,-0.163020,0.000000,-0.013108,14.496824,-0.163020,1,1,1,6.213927,0.000000,0.000000,0.000000,0.000000,0.000000,0.000000,0.000000
3.8801,20.582597,-0.152631,0.023433,0.000000,0.019140,-0.020777,0,-0.163020,118,0.341261,0.112978,20.582597,-0.000419,14.349956,0.023433,20.582598,14.487462,0.023433,-0.152631,0.000000,0.012157,-0.543270,-52.419179,0.137507,-0.001000,0.001634,0.001871,0.000032,0.001634,0.341261,0.112978,-9.803412,0.012832,-0.007582,-0.001000,-2.943852,-0.004522,27.000000,0.013045,20.582598,-0.000419,-0.152631,0.000000,0.137000,-0.001000,185,0,1,34,35,0.003235,0.014821,0.022255,0.169786,-0.098372,9.463158,1.768537,-0.004522,0.032638,6,1,0,0.000000,0,14.496824,0.000000,0.019140,0,-0.163020,0.000000,-0.020777,14.496824,-0.163020,1,1,1,6.213989,0.000000,0.000000,0.000000,0.000000,0.000000,0.000000,0.000000
3.8901,20.582514,-0.152631,0.010177,0.000000,0.016743,-0.020777,0,-0.163020,128,0.342330,0.113901,20.582514,-0.003560,14.350122,0.010177,20.582502,14.487628,0.010177,-0.152631,0.000000,0.012263,-0.543270,-52.419179,0.137505,-0.001000,0.001440,0.002004,-0.000128,0.001440,0.342330,0.113901,-9.803364,-0.003837,0.002320,-0.001000,-2.943687,-0.004526,27.000000,0.013045,20.582502,-0.003560,-0.152631,0.000000,0.137000,-0.001000,190,0,1,34,35,-0.001018,-0.004254,0.009230,-0.134646,-0.105370,10.017974,1.768702,-0.004526,0.032731,7,1,0,0.000000,0,14.496824,0.000000,0.016743,0,-0.163020,0.000000,-0.020777,14.496824,-0.163020,1,1,1,6.214048,0.000000,0.000000,0.000000,0.000000,0.000000,0.000000,0.000000
3.9001,20.582199,-0.151864,-0.009857,0.000000,0.026929,-0.029981,0,-0.163020,138,0.341755,0.114186,20.582199,-0.001466,14.349422,-0.009857,20.582214,14.486916,-0.009857,-0.151864,0.000000,0.012256,-0.543270,-52.419179,0.137494,0.000000,0.001453,0.001847,0.000091,0.001453,0.341755,0.114186,-9.803380,0.000769,-0.005898,0.000000,-2.943631,-0.004528,27.000000,0.013045,20.582214,-0.001466,-0.151864,0.000000,0.137000,0.000000,195,0,1,34,35,0.005373,0.002431,-0.009888,-0.146993,0.293027,9.505166,1.768758,-0.004528,0.032682,6,1,0,0.000000,0,14.496824,0.000000,0.026929,0,-0.163020,0.000000,-0.029981,14.496824,-0.163020,1,1,1,6.214109,0.000000,0.000000,0.000000,0.000000,0.000000,0.000000,0.000000
3.9101,20.582587,-0.151864,-0.011012,0.000000,0.021109,-0.022311,0,-0.163020,148,0.341302,0.113507,20.582587,0.001466,14.349317,-0.011012,20.582598,14.486808,-0.011012,-0.151864,0.000000,0.012251,-0.543270,-52.419179,0.137491,0.001000,0.001462,0.001849,0.000026,0.001462,0.341302,0.113507,-9.803404,-0.004677,-0.001893,0.001000,-2.943741,-0.004457,27.000000,0.013045,20.582598,0.001466,-0.151864,0.000000,0.137000,0.001000,200,0,1,34,35,0.003245,-0.003986,-0.009964,-0.441160,0.414717,10.482381,1.768648,-0.004457,0.032647,7,1,0,0.000000,0,14.496824,0.000000,0.021109,0,-0.163020,0.000000,-0.022311,14.496824,-0.163020,1,1,1,6.214170,0.000000,0.000000,0.000000,0.000000,0.000000,0.000000,0.000000
3.9201,20.582711,-0.152798,0.085218,-0.104720,0.011589,-0.011103,0,-0.163020,158,0.340429,0.112758,20.582711,0.003560,14.349948,0.085218,20.582598,14.487512,0.085218,-0.152798,-0.104720,0.012178,-0.543270,-52.419179,0.137564,0.001000,0.001596,0.001861,0.000162,0.001596,0.340429,0.112758,-9.803443,0.001494,0.009576,-0.103720,-2.943972,-0.004471,27.000000,0.013045,20.582598,0.003560,-0.152631,-0.104720,0.137000,0.001000,4,0,1,34,35,-0.009567,-0.001773,-0.018482,0.379357,-0.226589,9.012196,1.768417,-0.004471,0.032555,6,1,0,0.000000,0,14.496824,0.000000,0.011589,0,-0.163020,0.000000,-0.011103,14.496824,-0.163020,1,1,1,6.214232,0.000000,0.000000,0.000000,0.000000,0.000000,0.000000,0.000000
3.9301,20.582893,-0.152631,0.009486,0.000000,0.020980,-0.022448,0,-0.163020,168,0.341167,0.113032,20.582893,0.001466,14.349815,0.009486,20.582885,14.487316,0.009486,-0.152631,0.000000,0.012191,-0.543270,-52.419179,0.137501,0.000000,0.001571,0.001836,-0.000007,0.001571,0.341167,0.113032,-9.803414,0.007045,-0.005702,0.000000,-2.944000,-0.004492,27.000000,0.013045,20.582885,0.001466,-0.152631,0.000000,0.137000,0.000000,9,0,1,34,35,0.003238,0.008580,0.009382,-0.048662,0.299831,10.510194,1.768389,-0.004492,0.032627,6,1,0,0.000000,0,14.496824,0.000000,0.020980,0,-0.163020,0.000000,-0.022448,14.496824,-0.163020,1,1,1,6.214293,0.000000,0.000000,0.000000,0.000000,0.000000,0.000000,0.000000
3.9401,20.582605,-0.152631,0.010542,0.000000,0.017106,-0.020777,0,-0.163020,178,0.342614,0.113116,20.582605,-0.000419,14.349973,0.010542,20.582598,14.487475,0.010542,-0.152631,0.000000,0.012259,-0.543270,-52.419179,0.137502,-0.001000,0.001447,0.001989,-0.000050,0.001447,0.342614,0.113116,-9.803363,0.007767,-0.010422,-0.001000,-2.943842,-0.004455,27.000000,0.013045,20.582598,-0.000419,-0.152631,0.000000,0.137000,-0.001000,14,0,1,34,35,0.007504,0.010729,0.009411,-0.413633,-0.126193,9.366795,1.768547,-0.004455,0.032772,6,1,0,0.000000,0,14.496824,0.000000,0.017106,0,-0.163020,0.000000,-0.020777,14.496824,-0.163020,1,1,1,6.214354,0.000000,0.000000,0.000000,0.000000,0.000000,0.000000,0.000000
3.9501,20.582490,-0.151864,-0.007032,0.000000,0.028454,-0.029981,0,-0.163020,188,0.341756,0.113497,20.582490,-0.000419,14.349171,-0.007032,20.582502,14.486662,-0.007032,-0.151864,0.000000,0.012232,-0.543270,-52.419179,0.137490,-0.001000,0.001496,0.001841,-0.000071,0.001496,0.341756,0.113497,-9.803388,-0.010828,0.000097,-0.001000,-2.943887,-0.004482,27.000000,0.013045,20.582502,-0.000419,-0.151864,0.000000,0.137000,-0.001000,19,0,1,34,35,0.003252,-0.010425,-0.007905,0.082727,0.019035,9.244162,1.768502,-0.004482,0.032692,7,1,0,0.000000,0,14.496824,0.000000,0.028454,0,-0.163020,0.000000,-0.029981,14.496824,-0.163020,1,1,1,6.214415,0.000000,0.000000,0.000000,0.000000,0.000000,0.000000,0.000000
3.9601,20.582688,-0.151864,-0.008035,0.000000,0.020488,-0.022311,0,-0.163020,198,0.341287,0.113833,20.582688,0.001466,14.349156,-0.008035,20.582694,14.486648,-0.008035,-0.151864,0.000000,0.012269,-0.543270,-52.419179,0.137492,0.000000,0.001429,0.001832,0.000117,0.001429,0.341287,0.113833,-9.803401,-0.010173,0.002131,0.000000,-2.943901,-0.004472,27.000000,0.013045,20.582694,0.001466,-0.151864,0.000000,0.137000,0.000000,24,0,1,34,35,0.001118,-0.010432,-0.007907,-0.163211,-0.087087,10.085132,1.768488,-0.004472,0.032640,7,1,0,0.000000,0,14.496824,0.000000,0.020488,0,-0.163020,0.000000,-0.022311,14.496824,-0.163020,1,1,1,6.214477,0.000000,0.000000,0.000000,0.000000,0.000000,0.000000,0.000000
3.9701,20.582868,-0.151864,-0.009783,0.000000,0.022047,-0.022311,0,-0.163020,208,0.340269,0.114495,20.582868,0.002513,14.349011,-0.009783,20.582885,14.486507,-0.009783,-0.151864,0.000000,0.012333,-0.543270,-52.419179,0.137496,0.002000,0.001311,0.001861,0.000142,0.001311,0.340269,0.114495,-9.803428,0.001298,0.002903,0.002000,-2.944042,-0.004459,27.000000,0.013045,20.582885,0.002513,-0.151864,0.000000,0.137000,0.002000,29,0,1,34,35,-0.003163,0.000241,-0.007786,0.408256,-0.001564,9.378152,1.768347,-0.004459,0.032527,6,1,0,0.000000,0,14.496824,0.000000,0.022047,0,-0.163020,0.000000,-0.022311,14.496824,-0.163020,1,1,1,6.214538,0.000000,0.000000,0.000000,0.000000,0.000000,0.000000,0.000000
3.9801,20.583265,-0.152631,-0.002667,0.000000,0.011448,-0.013108,0,-0.163020,218,0.341565,0.113916,20.583265,0.004503,14.349772,-0.002667,20.583269,14.487273,-0.002667,-0.152631,0.000000,0.012331,-0.543270,-52.419179,0.137500,0.002000,0.001315,0.001836,-0.000001,0.001315,0.341565,0.113916,-9.803390,0.028932,-0.008333,0.002000,-2.944044,-0.004448,27.000000,0.013045,20.583269,0.004503,-0.152631,0.000000,0.137000,0.002000,34,0,1,34,35,-0.001057,0.030079,-0.001038,-0.154311,-0.046477,9.894137,1.768345,-0.004448,0.032654,7,1,0,0.000000,0,14.496824,0.000000,0.011448,0,-0.163020,0.000000,-0.013108,14.496824,-0.163020,1,1,1,6.214601,0.000000,0.000000,0.000000,0.000000,0.000000,0.000000,0.000000
3.9901,20.582983,-0.152631,0.003340,0.000000,0.019426,-0.020777,0,-0.163020,228,0.342541,0.113984,20.582983,-0.000419,14.349743,0.003340,20.582981,14.487246,0.003340,-0.152631,0.000000,0.012302,-0.543270,-52.419179,0.137503,0.000000,0.001367,0.001860,0.000001,0.001367,0.342541,0.113984,-9.803355,0.019327,-0.002959,0.000000,-2.944070,-0.004498,27.000000,0.013045,20.582981,-0.000419,-0.152631,0.000000,0.137000,0.000000,39,0,1,34,35,-0.003180,0.019331,0.003102,-0.040781,-0.285836,9.145312,1.768319,-0.004498,0.032751,6,1,0,0.000000,0,14.496824,0.000000,0.019426,0,-0.163020,0.000000,-0.020777,14.496824,-0.163020,1,1,1,6.214663,0.000000,0.000000,0.000000,0.000000,0.000000,0.000000,0.000000
4.0001,20.583191,-0.151864,0.003947,0.000000,0.027322,-0.029981,0,-0.163020,238,0.342587,0.114250,20.583191,0.002513,14.349063,0.003947,20.583173,14.486565,0.003947,-0.151864,0.000000,0.012366,-0.543270,-52.419179,0.137502,-0.001000,0.001250,0.001822,0.000165,0.001250,0.342587,0.114250,-9.803350,-0.002824,-0.015960,-0.001000,-2.943985,-0.004437,27.000000,0.013045,20.583173,0.002513,-0.151864,0.000000,0.137000,-0.001000,44,0,1,34,35,0.016050,0.002291,0.002919,-0.481964,0.369578,9.486577,1.768404,-0.004437,0.032765,7,1,0,0.000000,0,14.496824,0.000000,0.027322,0,-0.163020,0.000000,-0.029981,14.496824,-0.163020,1,1,1,6.214724,0.000000,0.000000,0.000000,0.000000,0.000000,0.000000,0.000000
4.0101,20.582768,-0.151864,-0.018703,0.000000,0.020700,-0.022311,0,-0.163020,248,0.341655,0.114309,20.582768,-0.003560,14.349063,-0.018703,20.582789,14.486550,-0.018703,-0.151864,0.000000,0.012347,-0.543270,-52.419179,0.137487,0.000000,0.001284,0.001843,0.000003,0.001284,0.341655,0.114309,-9.803382,-0.007949,0.008146,0.000000,-2.943999,-0.004447,27.000000,0.013045,20.582789,-0.003560,-0.151864,0.000000,0.137000,0.000000,49,0,1,34,35,-0.005289,-0.010308,-0.018577,-0.374666,0.548503,10.493340,1.768390,-0.004447,0.032670,7,1,0,0.000000,0,14.496824,0.000000,0.020700,0,-0.163020,0.000000,-0.022311,14.496824,-0.163020,1,1,1,6.214786,0.000000,0.000000,0.000000,0.000000,0.000000,0.000000,0.000000
4.0201,20.583209,-0.152767,0.083879,-0.104720,0.011904,-0.011473,0,-0.163020,2,0.340605,0.114647,20.583209,0.004503,14.349723,0.083879,20.583173,14.487270,0.083879,-0.152767,-0.104720,0.012338,-0.543270,-52.419179,0.137548,0.000000,0.001301,0.001856,0.000049,0.001301,0.340605,0.114647,-9.803415,-0.005916,0.014233,-0.104720,-2.944181,-0.004503,27.000000,0.013045,20.583173,0.004503,-0.152631,-0.104720,0.137000,0.000000,54,0,1,34,35,-0.011694,-0.010298,-0.020716,0.397972,0.011057,9.129440,1.768208,-0.004503,0.032543,7,1,0,0.000000,0,14.496824,0.000000,0.011904,0,-0.163020,0.000000,-0.011473,14.496824,-0.163020,1,1,1,6.214847,0.000000,0.000000,0.000000,0.000000,0.000000,0.000000,0.000000
4.0301,20.583157,-0.152631,-0.004309,0.000000,0.021133,-0.022140,0,-0.163020,12,0.340938,0.114390,20.583157,-0.001466,14.349604,-0.004309,20.583173,14.487102,-0.004309,-0.152631,0.000000,0.012379,-0.543270,-52.419179,0.137498,0.001000,0.001225,0.002024,0.000008,0.001225,0.340938,0.114390,-9.803406,0.008011,-0.003770,0.001000,-2.944215,-0.004437,27.000000,0.013045,20.583173,-0.001466,-0.152631,0.000000,0.137000,0.001000,59,0,1,34,35,0.001099,0.008744,-0.003417,0.056581,0.167788,10.365378,1.768174,-0.004437,0.032583,7,1,0,0.000000,0,14.496824,0.000000,0.021133,0,-0.163020,0.000000,-0.022140,14.496824,-0.163020,1,1,1,6.214908,0.000000,0.000000,0.000000,0.000000,0.000000,0.000000,0.000000
4.0401,20.582834,-0.151864,0.011916,0.000000,0.025747,-0.029981,0,-0.163020,22,0.342668,0.114367,20.582834,-0.003560,14.349067,0.011916,20.582789,14.486576,0.011916,-0.151864,0.000000,0.012339,-0.543270,-52.419179,0.137510,0.000000,0.001300,0.001806,-0.000069,0.001300,0.342668,0.114367,-9.803346,0.023116,0.002561,0.000000,-2.943972,-0.004477,27.000000,0.013045,20.582789,-0.003560,-0.151864,0.000000,0.137000,0.000000,64,0,1,34,35,-0.009583,0.021337,0.011654,-0.336122,-0.300153,9.518224,1.768417,-0.004477,0.032771,7,1,0,0.000000,0,14.496824,0.000000,0.025747,0,-0.163020,0.000000,-0.029981,14.496824,-0.163020,1,1,1,6.214969,0.000000,0.000000,0.000000,0.000000,0.000000,0.000000,0.000000
4.0501,20.582680,-0.151864,-0.017749,0.000000,0.020222,-0.022311,0,-0.163020,32,0.343254,0.115522,20.582680,0.001466,14.349107,-0.017749,20.582694,14.486599,-0.017749,-0.151864,0.000000,0.012373,-0.543270,-52.419179,0.137492,-0.001000,0.001237,0.001833,0.000090,0.001237,0.343254,0.115522,-9.803312,-0.011944,0.002707,-0.001000,-2.943946,-0.004568,27.000000,0.013045,20.582694,0.001466,-0.151864,0.000000,0.137000,-0.001000,69,0,1,34,35,0.001117,-0.012427,-0.018597,-0.373359,-0.003381,10.267674,1.768443,-0.004568,0.032812,7,1,0,0.000000,0,14.496824,0.000000,0.020222,0,-0.163020,0.000000,-0.022311,14.496824,-0.163020,1,1,1,6.215028,0.000000,0.000000,0.000000,0.000000,0.000000,0.000000,0.000000
4.0601,20.583048,-0.151864,-0.014661,0.000000,0.023913,-0.022311,0,-0.163020,42,0.340942,0.115052,20.583048,0.002513,14.348824,-0.014661,20.583077,14.486311,-0.014661,-0.151864,0.000000,0.012382,-0.543270,-52.419179,0.137487,-0.002000,0.001221,0.001866,-0.000040,0.001221,0.340942,0.115052,-9.803398,-0.016646,-0.004741,-0.002000,-2.944238,-0.004477,27.000000,0.013045,20.583077,0.002513,-0.151864,0.000000,0.137000,-0.002000,74,0,1,34,35,0.009658,-0.014568,-0.016482,0.677222,-0.232909,9.538699,1.768151,-0.004477,0.032586,7,1,0,0.000000,0,14.496824,0.000000,0.023913,0,-0.163020,0.000000,-0.022311,14.496824,-0.163020,1,1,1,6.215089,0.000000,0.000000,0.000000,0.000000,0.000000,0.000000,0.000000
4.0701,20.583184,-0.152631,0.015929,0.000000,0.012332,-0.013108,0,-0.163020,52,0.340186,0.114085,20.583184,0.000419,14.349528,0.015929,20.583173,14.487035,0.015929,-0.152631,0.000000,0.012378,-0.543270,-52.419179,0.137508,0.000000,0.001228,0.001863,0.000114,0.001228,0.340186,0.114085,-9.803436,0.011542,0.001809,0.000000,-2.944283,-0.004396,27.000000,0.013045,20.583173,0.000419,-0.152631,0.000000,0.137000,0.000000,79,0,1,34,35,-0.005301,0.010608,0.015799,0.169472,0.317288,9.878862,1.768106,-0.004396,0.032512,7,1,0,0.000000,0,14.496824,0.000000,0.012332,0,-0.163020,0.000000,-0.013108,14.496824,-0.163020,1,1,1,6.215170,0.000000,0.000000,0.000000,0.000000,0.000000,0.000000,0.000000
4.0801,20.583090,-0.151864,0.014983,0.000000,0.027670,-0.029981,0,-0.163020,62,0.341520,0.115371,20.583090,0.000419,14.348846,0.014983,20.583077,14.486361,0.014983,-0.151864,0.000000,0.012409,-0.543270,-52.419179,0.137515,0.001000,0.001171,0.001824,-0.000015,0.001171,0.341520,0.115371,-9.803375,0.012918,-0.000871,0.001000,-2.944187,-0.004490,27.000000,0.013045,20.583077,0.000419,-0.151864,0.000000,0.137000,0.001000,84,0,1,34,35,-0.003169,0.012751,0.015826,-0.220856,0.196560,10.346347,1.768202,-0.004490,0.032640,7,1,0,0.000000,0,14.496824,0.000000,0.027670,0,-0.163020,0.000000,-0.029981,14.496824,-0.163020,1,1,1,6.215229,0.000000,0.000000,0.000000,0.000000,0.000000,0.000000,0.000000
4.0901,20.582893,-0.151864,-0.000790,0.000000,0.019739,-0.022311,0,-0.163020,72,0.343157,0.114966,20.582893,-0.004503,14.348952,-0.000790,20.582885,14.486460,-0.000790,-0.151864,0.000000,0.012415,-0.543270,-52.419179,0.137508,0.002000,0.001159,0.001952,-0.000101,0.001159,0.343157,0.114966,-9.803322,0.019381,-0.002959,0.002000,-2.944089,-0.004468,27.000000,0.013045,20.582885,-0.004503,-0.151864,0.000000,0.137000,0.002000,89,0,1,34,35,-0.003180,0.019360,0.000969,-0.492244,0.033826,8.794126,1.768300,-0.004468,0.032811,7,1,0,0.000000,0,14.496824,0.000000,0.019739,0,-0.163020,0.000000,-0.022311,14.496824,-0.163020,1,1,1,6.215290,0.000000,0.000000,0.000000,0.000000,0.000000,0.000000,0.000000
4.1001,20.582387,-0.151864,-0.006262,0.000000,0.022568,-0.022311,0,-0.163020,82,0.342246,0.114996,20.582387,-0.003560,14.348807,-0.006262,20.582406,14.486307,-0.006262,-0.151864,0.000000,0.012423,-0.543270,-52.419179,0.137499,0.000000,0.001145,0.002003,0.000038,0.001145,0.342246,0.114996,-9.803354,-0.025108,0.004714,0.000000,-2.944243,-0.004450,27.000000,0.013045,20.582406,-0.003560,-0.151864,0.000000,0.137000,0.000000,94,0,1,34,35,0.003269,-0.025412,-0.005946,-0.027286,0.327485,11.371823,1.768146,-0.004450,0.032719,6,1,0,0.000000,0,14.496824,0.000000,0.022568,0,-0.163020,0.000000,-0.022311,14.496824,-0.163020,1,1,1,6.215350,0.000000,0.000000,0.000000,0.000000,0.000000,0.000000,0.000000
4.1101,20.582977,-0.151864,-0.002908,0.000000,0.021368,-0.022311,0,-0.163020,92,0.341771,0.114375,20.582977,0.004503,14.348786,-0.002908,20.582981,14.486279,-0.002908,-0.151864,0.000000,0.012349,-0.543270,-52.419179,0.137493,-0.003000,0.001282,0.001822,0.000093,0.001282,0.341771,0.114375,-9.803378,-0.008261,0.008245,-0.003000,-2.944270,-0.004454,27.000000,0.013045,20.582981,0.004503,-0.151864,0.000000,0.137000,-0.003000,99,0,1,34,35,-0.005285,-0.010478,-0.005779,-0.202394,-0.412467,9.325773,1.768119,-0.004454,0.032680,6,1,0,0.000000,0,14.496824,0.000000,0.021368,0,-0.163020,0.000000,-0.022311,14.496824,-0.163020,1,1,1,6.215409,0.000000,0.000000,0.000000,0.000000,0.000000,0.000000,0.000000
4.1201,20.582777,-0.151864,-0.007322,0.000000,0.022827,-0.022311,0,-0.163020,102,0.340776,0.114876,20.582777,-0.001466,14.348639,-0.007322,20.582789,14.486134,-0.007322,-0.151864,0.000000,0.012405,-0.543270,-52.419179,0.137495,0.000000,0.001178,0.001821,0.000027,0.001178,0.340776,0.114876,-9.803406,0.020245,-0.000990,0.000000,-2.944416,-0.004433,27.000000,0.013045,20.582789,-0.001466,-0.151864,0.000000,0.137000,0.000000,104,0,1,34,35,-0.005317,0.019467,-0.007565,0.372022,-0.198832,9.864238,1.767973,-0.004433,0.032572,6,1,0,0.000000,0,14.496824,0.000000,0.022827,0,-0.163020,0.000000,-0.022311,14.496824,-0.163020,1,1,1,6.215467,0.000000,0.000000,0.000000,0.000000,0.000000,0.000000,0.000000
4.1301,20.583010,-0.152631,0.030712,0.000000,0.010846,-0.013108,0,-0.163020,112,0.341388,0.114295,20.583010,0.000419,14.349494,0.030712,20.582981,14.487012,0.030712,-0.152631,0.000000,0.012371,-0.543270,-52.419179,0.137518,0.000000,0.001240,0.001848,-0.000035,0.001240,0.341388,0.114295,-9.803392,0.001800,-0.006249,0.000000,-2.944305,-0.004442,27.000000,0.013045,20.582981,0.000419,-0.152631,0.000000,0.137000,0.000000,109,0,1,34,35,0.005383,0.004029,0.030664,0.304150,-0.251173,9.452139,1.768084,-0.004442,0.032630,6,1,0,0.000000,0,14.496824,0.000000,0.010846,0,-0.163020,0.000000,-0.013108,14.496824,-0.163020,1,1,1,6.215526,0.000000,0.000000,0.000000,0.000000,0.000000,0.000000,0.000000
4.1401,20.582892,-0.151864,0.003089,0.000000,0.028084,-0.029981,0,-0.163020,122,0.342203,0.115377,20.582892,0.000419,14.348801,0.003089,20.582885,14.486307,0.003089,-0.151864,0.000000,0.012443,-0.543270,-52.419179,0.137506,0.000000,0.001108,0.002012,-0.000101,0.001108,0.342203,0.115377,-9.803351,0.007858,-0.003713,0.000000,-2.944242,-0.004467,27.000000,0.013045,20.582885,0.000419,-0.151864,0.000000,0.137000,0.000000,114,0,1,34,35,0.001101,0.008659,0.002982,-0.242661,0.406187,9.630657,1.768147,-0.004467,0.032709,7,1,0,0.000000,0,14.496824,0.000000,0.028084,0,-0.163020,0.000000,-0.029981,14.496824,-0.163020,1,1,1,6.215585,0.000000,0.000000,0.000000,0.000000,0.000000,0.000000,0.000000
4.1501,20.582974,-0.151864,-0.003411,0.000000,0.020484,-0.022311,0,-0.163020,132,0.342633,0.114965,20.582974,0.000419,14.348851,-0.003411,20.582981,14.486353,-0.003411,-0.151864,0.000000,0.012448,-0.543270,-52.419179,0.137501,0.000000,0.001098,0.001979,0.000002,0.001098,0.342633,0.114965,-9.803341,0.003950,-0.002445,0.000000,-2.944197,-0.004427,27.000000,0.013045,20.582981,0.000419,-0.151864,0.000000,0.137000,0.000000,119,0,1,34,35,0.001103,0.004470,-0.003467,-0.469065,0.241762,10.547618,1.768192,-0.004427,0.032758,7,1,0,0.000000,0,14.496824,0.000000,0.020484,0,-0.163020,0.000000,-0.022311,14.496824,-0.163020,1,1,1,6.215645,0.000000,0.000000,0.000000,0.000000,0.000000,0.000000,0.000000
4.1601,20.582481,-0.152631,-0.016520,0.000000,0.013730,-0.013108,0,-0.163020,142,0.341392,0.114722,20.582481,-0.005550,14.349463,-0.016520,20.582502,14.486954,-0.016520,-0.152631,0.000000,0.012403,-0.543270,-52.419179,0.137491,0.000000,0.001182,0.001840,0.000030,0.001182,0.341392,0.114722,-9.803387,-0.005965,0.007506,0.000000,-2.944363,-0.004454,27.000000,0.013045,20.582502,-0.005550,-0.152631,0.000000,0.137000,0.000000,124,0,1,34,35,-0.005291,-0.008200,-0.016420,0.541540,-0.121320,9.013358,1.768026,-0.004454,0.032624,6,1,0,0.000000,0,14.496824,0.000000,0.013730,0,-0.163020,0.000000,-0.013108,14.496824,-0.163020,1,1,1,6.215703,0.000000,0.000000,0.000000,0.000000,0.000000,0.000000,0.000000
4.1701,20.582988,-0.152631,0.015887,0.000000,0.019346,-0.020777,0,-0.163020,152,0.341413,0.114401,20.582988,0.004503,14.349476,0.015887,20.582981,14.486987,0.015887,-0.152631,0.000000,0.012419,-0.543270,-52.419179,0.137511,0.000000,0.001152,0.001863,0.000003,0.001152,0.341413,0.114401,-9.803390,0.006229,-0.007684,0.000000,-2.944331,-0.004406,27.000000,0.013045,20.582981,0.004503,-0.152631,0.000000,0.137000,0.000000,129,0,1,34,35,0.005374,0.008501,0.015783,0.027691,0.196929,10.327372,1.768058,-0.004406,0.032631,7,1,0,0.000000,0,14.496824,0.000000,0.019346,0,-0.163020,0.000000,-0.020777,14.496824,-0.163020,1,1,1,6.215761,0.000000,0.000000,0.000000,0.000000,0.000000,0.000000,0.000000
4.1801,20.582818,-0.151864,0.001052,0.000000,0.025980,-0.029981,0,-0.163020,162,0.341392,0.111251,20.582818,-0.002513,14.348971,0.001052,20.582789,14.486461,0.001052,-0.151864,0.000000,0.012128,-0.543270,-52.419179,0.137490,0.000000,0.001688,0.001850,-0.000061,0.001688,0.341392,0.111251,-9.803427,0.013285,-0.000982,-0.000000,-2.944092,-0.004354,27.000000,0.013045,20.582789,-0.002513,-0.151864,0.000000,0.137000,0.000000,134,0,1,34,35,-0.005316,0.023486,0.011682,-0.241126,0.135743,9.848061,1.768296,-0.004353,0.032681,7,1,0,0.000000,0,14.496824,0.000000,0.025980,0,-0.163020,0.000000,-0.029981,14.496824,-0.163020,1,1,1,6.215822,0.000000,0.000000,0.000000,0.000000,0.000000,0.000000,0.000000
4.1901,20.582790,-0.151864,-0.007996,0.000000,0.020359,-0.022311,0,-0.163020,172,0.342114,0.114883,20.582790,0.000419,14.348995,-0.007996,20.582789,14.486492,-0.007996,-0.151864,0.000000,0.012415,-0.543270,-52.419179,0.137497,0.000000,0.001160,0.001844,0.000201,0.001160,0.342114,0.114883,-9.803360,-0.004215,0.013664,0.000000,-2.944058,-0.004445,27.000000,0.013045,20.582789,0.000419,-0.151864,0.000000,0.137000,0.000000,139,0,1,34,35,-0.011692,-0.008331,-0.007893,-0.089037,-0.020248,9.320218,1.768331,-0.004445,0.032707,7,1,0,0.000000,0,14.496824,0.000000,0.020359,0,-0.163020,0.000000,-0.022311,14.496824,-0.163020,1,1,1,6.215877,0.000000,0.000000,0.000000,0.000000,0.000000,0.000000,0.000000
4.2001,20.583154,-0.151864,-0.013380,0.000000,0.023081,-0.022311,0,-0.163020,182,0.341406,0.115414,20.583154,0.003560,14.348799,-0.013380,20.583173,14.486291,-0.013380,-0.151864,0.000000,0.012430,-0.543270,-52.419179,0.137492,-0.001000,0.001132,0.001872,0.000229,0.001132,0.341406,0.115414,-9.803378,-0.008637,-0.000605,-0.001000,-2.944258,-0.004472,27.000000,0.013045,20.583173,0.003560,-0.151864,0.000000,0.137000,-0.001000,144,0,1,34,35,0.003248,-0.008203,-0.014280,0.171080,0.055934,10.134639,1.768131,-0.004472,0.032628,7,1,0,0.000000,0,14.496824,0.000000,0.023081,0,-0.163020,0.000000,-0.022311,14.496824,-0.163020,1,1,1,6.215935,0.000000,0.000000,0.000000,0.000000,0.000000,0.000000,0.000000
4.2101,20.583064,-0.152631,-0.012919,0.000000,0.013666,-0.013108,0,-0.163020,192,0.340738,0.111569,20.583064,-0.000419,14.349428,-0.012919,20.583077,14.486907,-0.012919,-0.152631,0.000000,0.012131,-0.543270,-52.419179,0.137479,-0.001000,0.001682,0.001844,0.000021,0.001682,0.340738,0.111569,-9.803446,0.008989,-0.008573,-0.001000,-2.944412,-0.004397,27.000000,0.013045,20.583077,-0.000419,-0.152631,0.000000,0.137000,-0.001000,149,0,1,34,35,0.005368,0.006733,-0.011971,0.055253,-0.127591,9.501071,1.767986,-0.004403,0.032602,7,1,0,0.000000,0,14.496824,0.000000,0.013666,0,-0.163020,0.000000,-0.013108,14.496824,-0.163020,1,1,1,6.215996,0.000000,0.000000,0.000000,0.000000,0.000000,0.000000,0.000000
4.2201,20.583083,-0.151864,0.007658,0.000000,0.029178,-0.029981,0,-0.163020,202,0.341896,0.115724,20.583083,0.000419,14.348620,0.007658,20.583077,14.486129,0.007658,-0.151864,0.000000,0.012500,-0.543270,-52.419179,0.137509,0.000000,0.001003,0.001817,0.000095,0.001003,0.341896,0.115724,-9.803357,0.021910,-0.001540,0.000000,-2.944421,-0.004441,27.000000,0.013045,20.583077,0.000419,-0.151864,0.000000,0.137000,0.000000,154,0,1,34,35,-0.005315,0.021406,0.007391,-0.067586,0.242449,10.509605,1.767968,-0.004441,0.032672,6,1,0,0.000000,0,14.496824,0.000000,0.029178,0,-0.163020,0.000000,-0.029981,14.496824,-0.163020,1,1,1,6.216050,0.000000,0.000000,0.000000,0.000000,0.000000,0.000000,0.000000
4.2301,20.582798,-0.151864,-0.001129,0.000000,0.020062,-0.022311,0,-0.163020,212,0.342548,0.112517,20.582798,-0.002513,14.348744,-0.001129,20.582789,14.486239,-0.001129,-0.151864,0.000000,0.012166,-0.543270,-52.419179,0.137495,0.000000,0.001618,0.001833,-0.000214,0.001618,0.342548,0.112517,-9.803372,0.010650,-0.002371,0.000000,-2.944310,-0.004461,27.000000,0.013045,20.582789,-0.002513,-0.151864,0.000000,0.137000,0.000000,159,0,1,34,35,-0.001037,0.010847,-0.001261,-0.386252,0.002016,9.052276,1.768079,-0.004461,0.032787,6,1,0,0.000000,0,14.496824,0.000000,0.020062,0,-0.163020,0.000000,-0.022311,14.496824,-0.163020,1,1,1,6.216112,0.000000,0.000000,0.000000,0.000000,0.000000,0.000000,0.000000
4.2401,20.582949,-0.151864,-0.010268,0.000000,0.023505,-0.022311,0,-0.163020,222,0.341335,0.112315,20.582949,0.004503,14.348559,-0.010268,20.582981,14.486045,-0.010268,-0.151864,0.000000,0.012170,-0.543270,-52.419179,0.137486,0.000000,0.001611,0.001836,0.000148,0.001611,0.341335,0.112315,-9.803417,-0.014186,0.003435,0.000000,-2.944506,-0.004419,27.000000,0.013045,20.582981,0.004503,-0.151864,0.000000,0.137000,0.000000,164,0,1,34,35,0.001122,-0.014677,-0.010090,0.324933,0.174548,10.604882,1.767883,-0.004419,0.032668,7,1,0,0.000000,0,14.496824,0.000000,0.023505,0,-0.163020,0.000000,-0.022311,14.496824,-0.163020,1,1,1,6.216169,0.000000,0.000000,0.000000,0.000000,0.000000,0.000000,0.000000
4.2501,20.583363,-0.152631,-0.001487,0.000000,0.013042,-0.013108,0,-0.163020,232,0.341411,0.112236,20.583363,0.000419,14.349263,-0.001487,20.583365,14.486754,-0.001487,-0.152631,0.000000,0.012215,-0.543270,-52.419179,0.137492,0.000000,0.001529,0.001984,-0.000197,0.001529,0.341411,0.112236,-9.803415,-0.002918,0.004273,0.000000,-2.944565,-0.004392,27.000000,0.013045,20.583365,0.000419,-0.152631,0.000000,0.137000,0.000000,169,0,1,34,35,-0.003156,-0.004118,-0.001437,-0.049541,-0.298820,9.422719,1.767824,-0.004392,0.032664,7,1,0,0.000000,0,14.496824,0.000000,0.013042,0,-0.163020,0.000000,-0.013108,14.496824,-0.163020,1,1,1,6.216501,0.000000,0.000000,0.000000,0.000000,0.000000,0.000000,0.000000
4.2601,20.583177,-0.152631,0.003236,0.000000,0.020418,-0.020777,0,-0.163020,242,0.341290,0.112942,20.583177,-0.000419,14.349234,0.003236,20.583173,14.486731,0.003236,-0.152631,0.000000,0.012229,-0.543270,-52.419179,0.137497,0.000000,0.001503,0.001836,0.000197,0.001503,0.341290,0.112942,-9.803411,0.015263,-0.001641,0.000000,-2.944586,-0.004447,27.000000,0.013045,20.583173,-0.000419,-0.152631,0.000000,0.137000,0.000000,174,0,1,34,35,-0.003175,0.015058,0.003053,0.277394,-0.137370,10.305034,1.767803,-0.004447,0.032641,7,1,0,0.000000,0,14.496824,0.000000,0.020418,0,-0.163020,0.000000,-0.020777,14.496824,-0.163020,1,1,1,6.216557,0.000000,0.000000,0.000000,0.000000,0.000000,0.000000,0.000000
4.2701,20.583195,-0.152631,0.022172,0.000000,0.018748,-0.020777,0,-0.163020,252,0.342275,0.112355,20.583195,-0.000419,14.349341,0.022172,20.583173,14.486851,0.022172,-0.152631,0.000000,0.012205,-0.543270,-52.419179,0.137510,0.000000,0.001546,0.001842,-0.000025,0.001546,0.342275,0.112355,-9.803383,0.005294,0.003839,0.000000,-2.944467,-0.004427,27.000000,0.013045,20.583173,-0.000419,-0.152631,0.000000,0.137000,0.000000,179,0,1,34,35,-0.005292,0.004112,0.022124,-0.202139,-0.093488,9.826640,1.767922,-0.004427,0.032750,7,1,0,0.000000,0,14.496824,0.000000,0.018748,0,-0.163020,0.000000,-0.020777,14.496824,-0.163020,1,1,1,6.216614,0.000000,0.000000,0.000000,0.000000,0.000000,0.000000,0.000000
4.2801,20.582816,-0.151864,0.013542,0.000000,0.027628,-0.029981,0,-0.163020,6,0.342315,0.113516,20.582816,0.000419,14.348703,0.013542,20.582789,14.486211,0.013542,-0.151864,0.000000,0.012294,-0.543270,-52.419179,0.137508,0.000000,0.001383,0.001906,-0.000023,0.001383,0.342315,0.113516,-9.803369,0.000777,0.003066,0.000000,-2.944339,-0.004431,27.000000,0.013045,20.582789,0.000419,-0.151864,0.000000,0.137000,0.000000,184,0,1,34,35,-0.003156,-0.000043,0.013544,-0.137399,0.208153,9.408616,1.768050,-0.004431,0.032749,7,1,0,0.000000,0,14.496824,0.000000,0.027628,0,-0.163020,0.000000,-0.029981,14.496824,-0.163020,1,1,1,6.216670,0.000000,0.000000,0.000000,0.000000,0.000000,0.000000,0.000000
4.2901,20.582969,-0.151864,-0.010171,0.000000,0.021572,-0.022311,0,-0.163020,16,0.341888,0.114033,20.582969,0.001466,14.348690,-0.010171,20.582981,14.486182,-0.010171,-0.151864,0.000000,0.012335,-0.543270,-52.419179,0.137492,0.000000,0.001307,0.001850,0.000012,0.001307,0.341888,0.114033,-9.803377,-0.008811,0.006181,0.000000,-2.944368,-0.004435,27.000000,0.013045,20.582981,0.001466,-0.151864,0.000000,0.137000,0.000000,189,0,1,34,35,-0.003152,-0.010415,-0.010044,-0.259182,0.121575,10.221153,1.768021,-0.004435,0.032698,7,1,0,0.000000,0,14.496824,0.000000,0.021572,0,-0.163020,0.000000,-0.022311,14.496824,-0.163020,1,1,1,6.216726,0.000000,0.000000,0.000000,0.000000,0.000000,0.000000,0.000000
4.3001,20.583156,-0.152631,-0.012152,0.000000,0.014235,-0.013108,0,-0.163020,26,0.340710,0.114238,20.583156,0.003560,14.349279,-0.012152,20.583173,14.486770,-0.012152,-0.152631,0.000000,0.012353,-0.543270,-52.419179,0.137491,0.000000,0.001275,0.001846,0.000076,0.001275,0.340710,0.114238,-9.803416,-0.002001,0.006222,0.000000,-2.944547,-0.004445,27.000000,0.013045,20.583173,0.003560,-0.152631,0.000000,0.137000,0.000000,194,0,1,34,35,-0.005294,-0.003982,-0.012104,0.589692,-0.122826,9.137790,1.767842,-0.004445,0.032563,6,1,0,0.000000,0,14.496824,0.000000,0.014235,0,-0.163020,0.000000,-0.013108,14.496824,-0.163020,1,1,1,6.216781,0.000000,0.000000,0.000000,0.000000,0.000000,0.000000,0.000000
4.3101,20.583561,-0.152631,0.004323,0.000000,0.020433,-0.020777,0,-0.163020,36,0.341340,0.114145,20.583561,0.003560,14.349239,0.004323,20.583556,14.486743,0.004323,-0.152631,0.000000,0.012371,-0.543270,-52.419179,0.137504,0.001000,0.001241,0.001847,-0.000009,0.001241,0.341340,0.114145,-9.803395,0.011864,-0.005031,0.001000,-2.944575,-0.004427,27.000000,0.013045,20.583556,0.003560,-0.152631,0.000000,0.137000,0.001000,199,0,1,34,35,0.001097,0.012905,0.005164,-0.067386,0.411029,10.798411,1.767814,-0.004427,0.032628,7,1,0,0.000000,0,14.496824,0.000000,0.020433,0,-0.163020,0.000000,-0.020777,14.496824,-0.163020,1,1,1,6.216837,0.000000,0.000000,0.000000,0.000000,0.000000,0.000000,0.000000
4.3201,20.582993,-0.151864,0.022638,0.000000,0.027354,-0.029981,0,-0.163020,46,0.343064,0.114106,20.582993,-0.004503,14.348628,0.022638,20.582981,14.486143,0.022638,-0.151864,0.000000,0.012380,-0.543270,-52.419179,0.137515,0.000000,0.001224,0.001827,-0.000219,0.001224,0.343064,0.114106,-9.803336,0.022269,-0.006147,0.000000,-2.944407,-0.004415,27.000000,0.013045,20.582981,-0.004503,-0.151864,0.000000,0.137000,0.000000,3,0,1,34,35,-0.001043,0.023356,0.022351,-0.403574,-0.043665,9.654743,1.767982,-0.004415,0.032815,6,1,0,0.000000,0,14.496824,0.000000,0.027354,0,-0.163020,0.000000,-0.029981,14.496824,-0.163020,1,1,1,6.216894,0.000000,0.000000,0.000000,0.000000,0.000000,0.000000,0.000000
4.3301,20.582883,-0.151864,-0.005753,0.000000,0.020178,-0.022311,0,-0.163020,56,0.343178,0.114923,20.582883,0.000419,14.348742,-0.005753,20.582885,14.486242,-0.005753,-0.151864,0.000000,0.012448,-0.543270,-52.419179,0.137500,0.000000,0.001099,0.001990,0.000100,0.001099,0.343178,0.114923,-9.803322,-0.002818,0.004237,0.000000,-2.944308,-0.004432,27.000000,0.013045,20.582885,0.000419,-0.151864,0.000000,0.137000,0.000000,8,0,1,34,35,-0.003157,-0.004061,-0.005703,-0.079310,-0.030394,9.367974,1.768081,-0.004432,0.032814,7,1,0,0.000000,0,14.496824,0.000000,0.020178,0,-0.163020,0.000000,-0.022311,14.496824,-0.163020,1,1,1,6.216948,0.000000,0.000000,0.000000,0.000000,0.000000,0.000000,0.000000
4.3401,20.583329,-0.152631,-0.016564,0.000000,0.014181,-0.013108,0,-0.163020,66,0.341949,0.114673,20.583329,0.006597,14.349332,-0.016564,20.583365,14.486824,-0.016564,-0.152631,0.000000,0.012446,-0.543270,-52.419179,0.137492,0.000000,0.001102,0.001835,0.000028,0.001102,0.341949,0.114673,-9.803368,-0.010616,0.000048,0.000000,-2.944494,-0.004414,27.000000,0.013045,20.583365,0.006597,-0.152631,0.000000,0.137000,0.000000,13,0,1,34,35,0.003250,-0.010312,-0.016437,0.247644,-0.010252,10.076601,1.767895,-0.004414,0.032681,6,1,0,0.000000,0,14.496824,0.000000,0.014181,0,-0.163020,0.000000,-0.013108,14.496824,-0.163020,1,1,1,6.217005,0.000000,0.000000,0.000000,0.000000,0.000000,0.000000,0.000000
4.3501,20.583274,-0.152631,-0.011846,0.000000,0.020805,-0.020777,0,-0.163020,76,0.341247,0.113982,20.583274,-0.001466,14.349266,-0.011846,20.583269,14.486757,-0.011846,-0.152631,0.000000,0.012419,-0.543270,-52.419179,0.137491,0.000000,0.001153,0.001842,-0.000191,0.001153,0.341247,0.113982,-9.803400,0.010847,0.004288,0.000000,-2.944563,-0.004361,27.000000,0.013045,20.583269,-0.001466,-0.152631,0.000000,0.137000,0.000000,18,0,1,34,35,-0.007442,0.008833,-0.011957,0.160489,-0.212532,9.414153,1.767826,-0.004361,0.032621,6,1,0,0.000000,0,14.496824,0.000000,0.020805,0,-0.163020,0.000000,-0.020777,14.496824,-0.163020,1,1,1,6.217061,0.000000,0.000000,0.000000,0.000000,0.000000,0.000000,0.000000
4.3601,20.583092,-0.151864,0.022529,0.000000,0.028055,-0.029981,0,-0.163020,86,0.342576,0.114340,20.583092,-0.001466,14.348582,0.022529,20.583077,14.486097,0.022529,-0.151864,0.000000,0.012421,-0.543270,-52.419179,0.137515,0.000000,0.001148,0.001848,0.000063,0.001148,0.342576,0.114340,-9.803350,0.020821,0.003296,0.000000,-2.944455,-0.004390,27.000000,0.013045,20.583077,-0.001466,-0.151864,0.000000,0.137000,0.000000,23,0,1,34,35,-0.009577,0.019058,0.022294,-0.306559,0.147879,10.412795,1.767934,-0.004390,0.032762,6,1,0,0.000000,0,14.496824,0.000000,0.028055,0,-0.163020,0.000000,-0.029981,14.496824,-0.163020,1,1,1,6.217117,0.000000,0.000000,0.000000,0.000000,0.000000,0.000000,0.000000
4.3701,20.583071,-0.151864,-0.005447,0.000000,0.021608,-0.022311,0,-0.163020,96,0.343260,0.114431,20.583071,0.003560,14.348584,-0.005447,20.583077,14.486084,-0.005447,-0.151864,0.000000,0.012372,-0.543270,-52.419179,0.137500,0.000000,0.001238,0.001840,0.000097,0.001238,0.343260,0.114431,-9.803325,0.010031,0.002315,0.000000,-2.944465,-0.004459,27.000000,0.013045,20.583077,0.003560,-0.151864,0.000000,0.137000,0.000000,28,0,1,34,35,-0.005306,0.008754,-0.005556,-0.051024,-0.179246,9.031531,1.767924,-0.004459,0.032830,6,1,0,0.000000,0,14.496824,0.000000,0.021608,0,-0.163020,0.000000,-0.022311,14.496824,-0.163020,1,1,1,6.217173,0.000000,0.000000,0.000000,0.000000,0.000000,0.000000,0.000000
4.3801,20.583237,-0.151864,-0.028555,0.000000,0.024404,-0.022311,0,-0.163020,106,0.342392,0.115096,20.583237,0.002513,14.348359,-0.028555,20.583269,14.485840,-0.028555,-0.151864,0.000000,0.012484,-0.543270,-52.419179,0.137482,-0.001000,0.001032,0.001830,0.000057,0.001032,0.342392,0.115096,-9.803347,-0.022360,-0.009613,-0.001000,-2.944711,-0.004401,27.000000,0.013045,20.583269,0.002513,-0.151864,0.000000,0.137000,-0.001000,33,0,1,34,35,0.016063,-0.018653,-0.029324,0.018704,-0.059835,10.209941,1.767678,-0.004401,0.032732,7,1,0,0.000000,0,14.496824,0.000000,0.024404,0,-0.163020,0.000000,-0.022311,14.496824,-0.163020,1,1,1,6.217228,0.000000,0.000000,0.000000,0.000000,0.000000,0.000000,0.000000
4.3901,20.583363,-0.152631,-0.007788,0.000000,0.014658,-0.013108,0,-0.163020,116,0.341592,0.111455,20.583363,-0.001466,14.348964,-0.007788,20.583365,14.486450,-0.007788,-0.152631,0.000000,0.012177,-0.543270,-52.419179,0.137486,0.000000,0.001599,0.001838,-0.000173,0.001599,0.341592,0.111455,-9.803417,0.003271,0.008995,0.000000,-2.944871,-0.004354,27.000000,0.013045,20.583365,-0.001466,-0.152631,0.000000,0.137000,0.000000,38,0,1,34,35,-0.009566,0.000222,-0.007792,-0.059559,-0.212061,9.366161,1.767518,-0.004354,0.032695,6,1,0,0.000000,0,14.496824,0.000000,0.014658,0,-0.163020,0.000000,-0.013108,14.496824,-0.163020,1,1,1,6.217413,0.000000,0.000000,0.000000,0.000000,0.000000,0.000000,0.000000
4.4001,20.583270,-0.152631,0.000946,0.000000,0.020697,-0.020777,0,-0.163020,126,0.342089,0.115152,20.583270,-0.001466,14.348950,0.000946,20.583269,14.486454,0.000946,-0.152631,0.000000,0.012491,-0.543270,-52.419179,0.137504,0.000000,0.001020,0.001855,-0.000006,0.001020,0.342089,0.115152,-9.803357,0.011846,0.008448,0.000000,-2.944864,-0.004420,27.000000,0.013045,20.583269,-0.001466,-0.152631,0.000000,0.137000,0.000000,43,0,1,34,35,-0.011707,0.008651,0.000838,0.207582,-0.134007,9.252275,1.767525,-0.004420,0.032688,6,1,0,0.000000,0,14.496824,0.000000,0.020697,0,-0.163020,0.000000,-0.020777,14.496824,-0.163020,1,1,1,6.217464,0.000000,0.000000,0.000000,0.000000,0.000000,0.000000,0.000000
4.4101,20.583285,-0.152631,0.013605,0.000000,0.019131,-0.020777,0,-0.163020,136,0.343505,0.115224,20.583285,0.000419,14.349074,0.013605,20.583269,14.486588,0.013605,-0.152631,0.000000,0.012544,-0.543270,-52.419179,0.137514,0.000000,0.000923,0.001858,-0.000124,0.000923,0.343505,0.115224,-9.803307,-0.001131,-0.009781,0.000000,-2.944730,-0.004397,27.000000,0.013045,20.583269,0.000419,-0.152631,0.000000,0.137000,0.000000,48,0,1,34,35,0.009649,0.002131,0.013579,-0.430919,0.119833,10.355009,1.767659,-0.004397,0.032829,6,1,0,0.000000,0,14.496824,0.000000,0.019131,0,-0.163020,0.000000,-0.020777,14.496824,-0.163020,1,1,1,6.217519,0.000000,0.000000,0.000000,0.000000,0.000000,0.000000,0.000000
4.4201,20.583171,-0.151864,0.002985,0.000000,0.029210,-0.029981,0,-0.163020,146,0.343510,0.115109,20.583171,0.000419,14.348353,0.002985,20.583173,14.485860,0.002985,-0.151864,0.000000,0.012535,-0.543270,-52.419179,0.137507,0.000000,0.000938,0.001991,0.000100,0.000938,0.343510,0.115109,-9.803308,0.004447,-0.000365,0.000000,-2.944692,-0.004368,27.000000,0.013045,20.583173,0.000419,-0.151864,0.000000,0.137000,0.000000,53,0,1,34,35,-0.001029,0.004379,0.002930,0.063874,-0.179891,9.089023,1.767697,-0.004368,0.032844,6,1,0,0.000000,0,14.496824,0.000000,0.029210,0,-0.163020,0.000000,-0.029981,14.496824,-0.163020,1,1,1,6.217575,0.000000,0.000000,0.000000,0.000000,0.000000,0.000000,0.000000
4.4301,20.583133,-0.151864,-0.020831,0.000000,0.023297,-0.022311,0,-0.163020,156,0.342513,0.112224,20.583133,-0.000419,14.348266,-0.020831,20.583173,14.485746,-0.020831,-0.151864,0.000000,0.012201,-0.543270,-52.419179,0.137480,0.000000,0.001554,0.001845,0.000036,0.001554,0.342513,0.112224,-9.803377,-0.009207,0.004070,0.000000,-2.944806,-0.004397,27.000000,0.013045,20.583173,-0.000419,-0.151864,0.000000,0.137000,0.000000,58,0,1,34,35,-0.001021,-0.010268,-0.020707,-0.412609,0.377663,10.386323,1.767583,-0.004397,0.032788,7,1,0,0.000000,0,14.496824,0.000000,0.023297,0,-0.163020,0.000000,-0.022311,14.496824,-0.163020,1,1,1,6.217634,0.000000,0.000000,0.000000,0.000000,0.000000,0.000000,0.000000
4.4401,20.583347,-0.152631,-0.016421,0.000000,0.015649,-0.013108,0,-0.163020,166,0.341717,0.115627,20.583347,0.003560,14.348796,-0.016421,20.583365,14.486288,-0.016421,-0.152631,0.000000,0.012502,-0.543270,-52.419179,0.137492,0.000000,0.000999,0.001849,0.000044,0.000999,0.341717,0.115627,-9.803365,-0.000580,0.010251,0.000000,-2.945028,-0.004451,27.000000,0.013045,20.583365,0.003560,-0.152631,0.000000,0.137000,0.000000,63,0,1,34,35,-0.009565,-0.003938,-0.016373,0.715553,-0.430980,9.316614,1.767361,-0.004451,0.032643,7,1,0,0.000000,0,14.496824,0.000000,0.015649,0,-0.163020,0.000000,-0.013108,14.496824,-0.163020,1,1,1,6.217687,0.000000,0.000000,0.000000,0.000000,0.000000,0.000000,0.000000
4.4501,20.583565,-0.152631,0.015940,0.000000,0.021180,-0.020777,0,-0.163020,176,0.342201,0.115358,20.583565,0.002513,14.348764,0.015940,20.583556,14.486279,0.015940,-0.152631,0.000000,0.012505,-0.543270,-52.419179,0.137515,0.000000,0.000994,0.001931,-0.000210,0.000994,0.342201,0.115358,-9.803351,0.008255,-0.008349,0.000000,-2.945038,-0.004428,27.000000,0.013045,20.583556,0.002513,-0.152631,0.000000,0.137000,0.000000,68,0,1,34,35,0.005372,0.010638,0.015808,0.121928,0.203108,9.829832,1.767351,-0.004428,0.032696,7,1,0,0.000000,0,14.496824,0.000000,0.021180,0,-0.163020,0.000000,-0.020777,14.496824,-0.163020,1,1,1,6.217742,0.000000,0.000000,0.000000,0.000000,0.000000,0.000000,0.000000
4.4601,20.583187,-0.151864,0.007559,0.000000,0.028433,-0.029981,0,-0.163020,186,0.343784,0.115107,20.583187,-0.003560,14.348156,0.007559,20.583173,14.485667,0.007559,-0.151864,0.000000,0.012483,-0.543270,-52.419179,0.137511,0.000000,0.001035,0.001846,-0.000037,0.001035,0.343784,0.115107,-9.803299,0.016536,-0.004288,0.000000,-2.944883,-0.004425,27.000000,0.013045,20.583173,-0.003560,-0.151864,0.000000,0.137000,0.000000,73,0,1,34,35,-0.001041,0.017144,0.007345,-0.527262,0.292486,10.308830,1.767506,-0.004425,0.032872,7,1,0,0.000000,0,14.496824,0.000000,0.028433,0,-0.163020,0.000000,-0.029981,14.496824,-0.163020,1,1,1,6.217797,0.000000,0.000000,0.000000,0.000000,0.000000,0.000000,0.000000
4.4701,20.582978,-0.151864,-0.005748,0.000000,0.021795,-0.022311,0,-0.163020,196,0.343347,0.112297,20.582978,-0.001466,14.348218,-0.005748,20.582981,14.485710,-0.005748,-0.151864,0.000000,0.012153,-0.543270,-52.419179,0.137492,0.000000,0.001641,0.001871,-0.000002,0.001641,0.343347,0.112297,-9.803346,-0.004128,0.000174,0.000000,-2.944839,-0.004464,27.000000,0.013045,20.582981,-0.001466,-0.151864,0.000000,0.137000,0.000000,78,0,1,34,35,0.001112,-0.004049,-0.005700,-0.259316,0.009188,10.028614,1.767550,-0.004464,0.032871,7,1,0,0.000000,0,14.496824,0.000000,0.021795,0,-0.163020,0.000000,-0.022311,14.496824,-0.163020,1,1,1,6.217855,0.000000,0.000000,0.000000,0.000000,0.000000,0.000000,0.000000
4.4801,20.583544,-0.152631,-0.003660,0.000000,0.015160,-0.013108,0,-0.163020,206,0.342452,0.113220,20.583544,0.005550,14.348804,-0.003660,20.583556,14.486299,-0.003660,-0.152631,0.000000,0.012275,-0.543270,-52.419179,0.137495,0.000000,0.001417,0.001987,0.000225,0.001417,0.342452,0.113220,-9.803367,-0.008840,-0.007267,0.000000,-2.945018,-0.004447,27.000000,0.013045,20.583556,0.005550,-0.152631,0.000000,0.137000,0.000000,83,0,1,34,35,0.009653,-0.006190,-0.003584,0.238286,-0.265367,9.825200,1.767371,-0.004447,0.032754,7,1,0,0.000000,0,14.496824,0.000000,0.015160,0,-0.163020,0.000000,-0.013108,14.496824,-0.163020,1,1,1,6.217919,0.000000,0.000000,0.000000,0.000000,0.000000,0.000000,0.000000
4.4901,20.583657,-0.152631,-0.017204,0.000000,0.022118,-0.020777,0,-0.163020,216,0.341516,0.111215,20.583657,0.000419,14.348731,-0.017204,20.583652,14.486210,-0.017204,-0.152631,0.000000,0.012140,-0.543270,-52.419179,0.137480,0.001000,0.001665,0.001819,0.000110,0.001665,0.341516,0.111215,-9.803423,0.002942,-0.006610,0.001000,-2.945110,-0.004365,27.000000,0.013045,20.583652,0.000419,-0.152631,0.000000,0.137000,0.001000,88,0,1,34,35,0.005369,0.004653,-0.016262,0.054453,-0.001636,9.368350,1.767279,-0.004365,0.032691,7,1,0,0.000000,0,14.496824,0.000000,0.022118,0,-0.163020,0.000000,-0.020777,14.496824,-0.163020,1,1,1,6.217974,0.000000,0.000000,0.000000,0.000000,0.000000,0.000000,0.000000
4.5001,20.583010,-0.151864,0.013976,0.000000,0.028959,-0.029981,0,-0.163020,226,0.342651,0.112311,20.583010,-0.003560,14.348057,0.013976,20.582981,14.485566,0.013976,-0.151864,0.000000,0.012205,-0.543270,-52.419179,0.137509,0.002000,0.001547,0.001859,-0.000232,0.001547,0.342651,0.112311,-9.803371,0.014230,0.003192,0.002000,-2.944985,-0.004404,27.000000,0.013045,20.582981,-0.003560,-0.151864,0.000000,0.137000,0.002000,93,0,1,34,35,-0.007438,0.012738,0.015822,-0.335652,0.432130,10.626182,1.767404,-0.004404,0.032801,7,1,0,0.000000,0,14.496824,0.000000,0.028959,0,-0.163020,0.000000,-0.029981,14.496824,-0.163020,1,1,1,6.218027,0.000000,0.000000,0.000000,0.000000,0.000000,0.000000,0.000000
4.5101,20.583170,-0.152631,-0.007690,0.000000,0.012708,-0.013108,0,-0.163020,236,0.343421,0.112985,20.583170,0.002513,14.348890,-0.007690,20.583173,14.486383,-0.007690,-0.152631,0.000000,0.012213,-0.543270,-52.419179,0.137493,0.000000,0.001531,0.001840,-0.000011,0.001531,0.343421,0.112985,-9.803336,0.008646,0.011737,0.000000,-2.944932,-0.004500,27.000000,0.013045,20.583173,0.002513,-0.152631,0.000000,0.137000,0.000000,98,0,1,34,35,-0.013840,0.004484,-0.007746,-0.099779,-0.146815,8.725573,1.767457,-0.004500,0.032855,7,1,0,0.000000,0,14.496824,0.000000,0.012708,0,-0.163020,0.000000,-0.013108,14.496824,-0.163020,1,1,1,6.218080,0.000000,0.000000,0.000000,0.000000,0.000000,0.000000,0.000000
4.5201,20.583509,-0.152631,-0.028597,0.000000,0.023395,-0.020777,0,-0.163020,246,0.342290,0.112484,20.583509,0.002513,14.348701,-0.028597,20.583556,14.486174,-0.028597,-0.152631,0.000000,0.012206,-0.543270,-52.419179,0.137473,-0.001000,0.001544,0.001849,0.000031,0.001544,0.342290,0.112484,-9.803381,-0.025723,-0.012987,-0.001000,-2.945144,-0.004439,27.000000,0.013045,20.583556,0.002513,-0.152631,0.000000,0.137000,-0.001000,103,0,1,34,35,0.020334,-0.020778,-0.029346,0.096252,0.283866,11.036500,1.767245,-0.004439,0.032749,7,1,0,0.000000,0,14.496824,0.000000,0.023395,0,-0.163020,0.000000,-0.020777,14.496824,-0.163020,1,1,1,6.218133,0.000000,0.000000,0.000000,0.000000,0.000000,0.000000,0.000000
4.5301,20.583271,-0.152631,0.026386,0.000000,0.021474,-0.020777,0,-0.163020,0,0.342446,0.111805,20.583271,-0.004503,14.348648,0.026386,20.583269,14.486160,0.026386,-0.152631,0.000000,0.012201,-0.543270,-52.419179,0.137512,0.000000,0.001554,0.001838,-0.000196,0.001554,0.342446,0.111805,-9.803384,0.003159,0.004532,0.000000,-2.945160,-0.004379,27.000000,0.013045,20.583269,-0.004503,-0.152631,0.000000,0.137000,0.000000,108,0,1,34,35,-0.005289,0.001918,0.026365,-0.336940,0.117746,9.752112,1.767229,-0.004379,0.032775,7,1,0,0.000000,0,14.496824,0.000000,0.021474,0,-0.163020,0.000000,-0.020777,14.496824,-0.163020,1,1,1,6.218395,0.000000,0.000000,0.000000,0.000000,0.000000,0.000000,0.000000
4.5401,20.583110,-0.151864,0.018104,0.000000,0.028961,-0.029981,0,-0.163020,10,0.342412,0.113578,20.583110,0.000419,14.348014,0.018104,20.583077,14.485524,0.018104,-0.151864,0.000000,0.012266,-0.543270,-52.419179,0.137509,0.000000,0.001434,0.001869,0.000048,0.001434,0.342412,0.113578,-9.803364,0.016142,0.009303,0.000000,-2.945026,-0.004466,27.000000,0.013045,20.583077,0.000419,-0.151864,0.000000,0.137000,0.000000,113,0,1,34,35,-0.013841,0.012692,0.017950,0.208787,-0.158197,9.663561,1.767363,-0.004466,0.032757,6,1,0,0.000000,0,14.496824,0.000000,0.028961,0,-0.163020,0.000000,-0.029981,14.496824,-0.163020,1,1,1,6.218449,0.000000,0.000000,0.000000,0.000000,0.000000,0.000000,0.000000
4.5501,20.583538,-0.151864,-0.016173,0.000000,0.022398,-0.022311,0,-0.163020,20,0.342945,0.112566,20.583538,0.005550,14.348050,-0.016173,20.583556,14.485540,-0.016173,-0.151864,0.000000,0.012201,-0.543270,-52.419179,0.137491,0.002000,0.001554,0.001846,0.000098,0.001554,0.342945,0.112566,-9.803357,-0.001168,-0.005272,0.002000,-2.945010,-0.004438,27.000000,0.013045,20.583556,0.005550,-0.151864,0.000000,0.137000,0.002000,118,0,1,34,35,0.005374,0.000350,-0.014178,-0.068291,-0.112186,9.797829,1.767379,-0.004438,0.032827,6,1,0,0.000000,0,14.496824,0.000000,0.022398,0,-0.163020,0.000000,-0.022311,14.496824,-0.163020,1,1,1,6.218503,0.000000,0.000000,0.000000,0.000000,0.000000,0.000000,0.000000
4.5601,20.583414,-0.152631,-0.014281,0.000000,0.016084,-0.013108,0,-0.163020,30,0.342433,0.112334,20.583414,0.001466,14.348596,-0.014281,20.583461,14.486081,-0.014281,-0.152631,0.000000,0.012256,-0.543270,-52.419179,0.137485,0.000000,0.001453,0.001836,0.000153,0.001453,0.342433,0.112334,-9.803378,-0.003263,0.002144,0.000000,-2.945239,-0.004377,27.000000,0.013045,20.583461,0.001466,-0.152631,0.000000,0.137000,0.000000,123,0,1,34,35,-0.001025,-0.003942,-0.014233,0.235618,0.038359,9.234884,1.767150,-0.004377,0.032766,7,1,0,0.000000,0,14.496824,0.000000,0.016084,0,-0.163020,0.000000,-0.013108,14.496824,-0.163020,1,1,1,6.218556,0.000000,0.000000,0.000000,0.000000,0.000000,0.000000,0.000000
4.5701,20.583851,-0.152631,0.005271,0.000000,0.022433,-0.020777,0,-0.163020,40,0.342844,0.113050,20.583851,0.004503,14.348501,0.005271,20.583844,14.486002,0.005271,-0.152631,0.000000,0.012295,-0.543270,-52.419179,0.137501,0.000000,0.001380,0.001995,-0.000013,0.001380,0.342844,0.113050,-9.803355,0.009831,-0.004373,0.000000,-2.945316,-0.004416,27.000000,0.013045,20.583844,0.004503,-0.152631,0.000000,0.137000,0.000000,128,0,1,34,35,0.001099,0.010768,0.005139,-0.010478,-0.104714,9.970209,1.767073,-0.004416,0.032796,7,1,0,0.000000,0,14.496824,0.000000,0.022433,0,-0.163020,0.000000,-0.020777,14.496824,-0.163020,1,1,1,6.218833,0.000000,0.000000,0.000000,0.000000,0.000000,0.000000,0.000000
4.5801,20.583308,-0.152631,0.024560,0.000000,0.019694,-0.020777,0,-0.163020,50,0.343574,0.112819,20.583308,-0.005550,14.348651,0.024560,20.583269,14.486164,0.024560,-0.152631,0.000000,0.012257,-0.543270,-52.419179,0.137513,0.000000,0.001450,0.001820,-0.000130,0.001450,0.343574,0.112819,-9.803333,0.015399,0.000551,0.000000,-2.945153,-0.004442,27.000000,0.013045,20.583269,-0.005550,-0.152631,0.000000,0.137000,0.000000,133,0,1,34,35,-0.005303,0.014768,0.024381,-0.194017,-0.228311,9.126650,1.767236,-0.004442,0.032873,6,1,0,0.000000,0,14.496824,0.000000,0.019694,0,-0.163020,0.000000,-0.020777,14.496824,-0.163020,1,1,1,6.218887,0.000000,0.000000,0.000000,0.000000,0.000000,0.000000,0.000000
4.5901,20.583165,-0.152631,0.011169,0.000000,0.020770,-0.020777,0,-0.163020,60,0.343161,0.112377,20.583165,0.001466,14.348706,0.011169,20.583173,14.486210,0.011169,-0.152631,0.000000,0.012260,-0.543270,-52.419179,0.137504,0.000000,0.001445,0.001867,-0.000003,0.001445,0.343161,0.112377,-9.803352,-0.014578,-0.009897,0.000000,-2.945109,-0.004388,27.000000,0.013045,20.583173,0.001466,-0.152631,0.000000,0.137000,0.000000,138,0,1,34,35,0.013931,-0.010650,0.011300,-0.222339,0.316134,9.955160,1.767280,-0.004388,0.032839,7,1,0,0.000000,0,14.496824,0.000000,0.020770,0,-0.163020,0.000000,-0.020777,14.496824,-0.163020,1,1,1,6.218938,0.000000,0.000000,0.000000,0.000000,0.000000,0.000000,0.000000
4.6001,20.583353,-0.152631,-0.003611,0.000000,0.020983,-0.020777,0,-0.163020,70,0.343161,0.112664,20.583353,0.001466,14.348736,-0.003611,20.583365,14.486231,-0.003611,-0.152631,0.000000,0.012326,-0.543270,-52.419179,0.137495,0.000000,0.001324,0.001831,-0.000091,0.001324,0.343161,0.112664,-9.803349,-0.006150,-0.005899,0.000000,-2.945090,-0.004351,27.000000,0.013045,20.583365,0.001466,-0.152631,0.000000,0.137000,0.000000,143,0,1,34,35,0.007516,-0.004059,-0.003561,-0.346486,0.362463,10.070390,1.767299,-0.004351,0.032834,7,1,0,0.000000,0,14.496824,0.000000,0.020983,0,-0.163020,0.000000,-0.020777,14.496824,-0.163020,1,1,1,6.218990,0.000000,0.000000,0.000000,0.000000,0.000000,0.000000,0.000000
4.6101,20.583257,-0.151864,-0.009617,0.000000,0.031437,-0.029981,0,-0.163020,80,0.342525,0.113385,20.583257,-0.001466,14.347884,-0.009617,20.583269,14.485377,-0.009617,-0.151864,0.000000,0.012344,-0.543270,-52.419179,0.137492,0.000000,0.001290,0.001997,0.000021,0.001290,0.342525,0.113385,-9.803363,0.016820,0.009089,0.000000,-2.945176,-0.004370,27.000000,0.013045,20.583269,-0.001466,-0.151864,0.000000,0.137000,0.000000,148,0,1,34,35,-0.013850,0.013060,-0.009779,0.140447,0.008090,9.358933,1.767213,-0.004370,0.032772,6,1,0,0.000000,0,14.496824,0.000000,0.031437,0,-0.163020,0.000000,-0.029981,14.496824,-0.163020,1,1,1,6.219041,0.000000,0.000000,0.000000,0.000000,0.000000,0.000000,0.000000
4.6201,20.583364,-0.151864,-0.001488,0.000000,0.022829,-0.022311,0,-0.163020,90,0.342941,0.113851,20.583364,0.001466,14.347883,-0.001488,20.583365,14.485382,-0.001488,-0.151864,0.000000,0.012366,-0.543270,-52.419179,0.137499,0.000000,0.001249,0.001848,-0.000009,0.001249,0.342941,0.113851,-9.803343,-0.002921,0.004271,0.000000,-2.945169,-0.004402,27.000000,0.013045,20.583365,0.001466,-0.151864,0.000000,0.137000,0.000000,153,0,1,34,35,-0.003156,-0.004118,-0.001437,-0.326058,0.347256,10.529631,1.767220,-0.004402,0.032806,6,1,0,0.000000,0,14.496824,0.000000,0.022829,0,-0.163020,0.000000,-0.022311,14.496824,-0.163020,1,1,1,6.219094,0.000000,0.000000,0.000000,0.000000,0.000000,0.000000,0.000000
4.6301,20.583350,-0.152631,-0.010058,0.000000,0.014858,-0.013108,0,-0.163020,100,0.343051,0.113734,20.583350,-0.000419,14.348558,-0.010058,20.583365,14.486051,-0.010058,-0.152631,0.000000,0.012377,-0.543270,-52.419179,0.137493,0.000000,0.001230,0.001843,0.000037,0.001230,0.343051,0.113734,-9.803340,-0.008681,-0.007318,0.000000,-2.945267,-0.004407,27.000000,0.013045,20.583365,-0.000419,-0.152631,0.000000,0.137000,0.000000,158,0,1,34,35,0.009651,-0.006105,-0.009983,0.218208,-0.374111,9.336003,1.767122,-0.004407,0.032806,7,1,0,0.000000,0,14.496824,0.000000,0.014858,0,-0.163020,0.000000,-0.013108,14.496824,-0.163020,1,1,1,6.219146,0.000000,0.000000,0.000000,0.000000,0.000000,0.000000,0.000000
4.6401,20.583641,-0.152631,-0.008443,0.000000,0.023111,-0.020777,0,-0.163020,110,0.343119,0.113870,20.583641,0.002513,14.348427,-0.008443,20.583652,14.485921,-0.008443,-0.152631,0.000000,0.012433,-0.543270,-52.419179,0.137494,-0.001000,0.001127,0.001834,0.000113,0.001127,0.343119,0.113870,-9.803336,0.016352,-0.013224,-0.001000,-2.945399,-0.004365,27.000000,0.013045,20.583652,0.002513,-0.152631,0.000000,0.137000,-0.001000,163,0,1,34,35,0.007490,0.019532,-0.009687,0.123310,-0.113733,9.931923,1.766990,-0.004365,0.032811,6,1,0,0.000000,0,14.496824,0.000000,0.023111,0,-0.163020,0.000000,-0.020777,14.496824,-0.163020,1,1,1,6.219197,0.000000,0.000000,0.000000,0.000000,0.000000,0.000000,0.000000
4.6501,20.583202,-0.151864,0.016133,0.000000,0.028865,-0.029981,0,-0.163020,120,0.343669,0.113647,20.583202,-0.004503,14.347820,0.016133,20.583173,14.485332,0.016133,-0.151864,0.000000,0.012407,-0.543270,-52.419179,0.137512,0.000000,0.001174,0.001816,-0.000155,0.001174,0.343669,0.113647,-9.803320,0.020324,0.001213,0.000000,-2.945221,-0.004351,27.000000,0.013045,20.583173,-0.004503,-0.151864,0.000000,0.137000,0.000000,168,0,1,34,35,-0.007445,0.019149,0.015897,-0.088064,-0.165798,9.491023,1.767168,-0.004351,0.032883,7,1,0,0.000000,0,14.496824,0.000000,0.028865,0,-0.163020,0.000000,-0.029981,14.496824,-0.163020,1,1,1,6.219248,0.000000,0.000000,0.000000,0.000000,0.000000,0.000000,0.000000
4.6601,20.582967,-0.151864,-0.017615,0.000000,0.022834,-0.022311,0,-0.163020,130,0.344102,0.114988,20.582967,-0.001466,14.347848,-0.017615,20.582981,14.485345,-0.017615,-0.151864,0.000000,0.012498,-0.543270,-52.419179,0.137497,0.001000,0.001007,0.001999,0.000017,0.001007,0.344102,0.114988,-9.803289,-0.013302,-0.001338,0.001000,-2.945206,-0.004402,27.000000,0.013045,20.582981,-0.001466,-0.151864,0.000000,0.137000,0.001000,173,0,1,34,35,0.005387,-0.012443,-0.016460,-0.299487,0.384912,9.802673,1.767183,-0.004402,0.032906,6,1,0,0.000000,0,14.496824,0.000000,0.022834,0,-0.163020,0.000000,-0.022311,14.496824,-0.163020,1,1,1,6.219298,0.000000,0.000000,0.000000,0.000000,0.000000,0.000000,0.000000
4.6701,20.583520,-0.152631,-0.031406,0.000000,0.017345,-0.013108,0,-0.163020,140,0.342945,0.114280,20.583520,0.004503,14.348329,-0.031406,20.583556,14.485813,-0.031406,-0.152631,0.000000,0.012473,-0.543270,-52.419179,0.137483,0.002000,0.001053,0.001860,0.000257,0.001053,0.342945,0.114280,-9.803338,-0.014304,-0.005480,0.002000,-2.945507,-0.004363,27.000000,0.013045,20.583556,0.004503,-0.152631,0.000000,0.137000,0.002000,178,0,1,34,35,0.009652,-0.012260,-0.029255,-0.048430,0.270556,10.557752,1.766882,-0.004363,0.032787,7,1,0,0.000000,0,14.496824,0.000000,0.017345,0,-0.163020,0.000000,-0.013108,14.496824,-0.163020,1,1,1,6.219350,0.000000,0.000000,0.000000,0.000000,0.000000,0.000000,0.000000
4.6801,20.583750,-0.152631,0.001199,0.000000,0.023236,-0.020777,0,-0.163020,150,0.342603,0.113631,20.583750,0.001466,14.348212,0.001199,20.583748,14.485712,0.001199,-0.152631,0.000000,0.012461,-0.543270,-52.419179,0.137500,0.000000,0.001076,0.001834,-0.000096,0.001076,0.342603,0.113631,-9.803357,0.023322,0.009195,0.000000,-2.945610,-0.004305,27.000000,0.013045,20.583748,0.001466,-0.152631,0.000000,0.137000,0.000000,183,0,1,34,35,-0.015988,0.019323,0.000959,0.150160,-0.133802,9.233099,1.766779,-0.004305,0.032763,7,1,0,0.000000,0,14.496824,0.000000,0.023236,0,-0.163020,0.000000,-0.020777,14.496824,-0.163020,1,1,1,6.219535,0.000000,0.000000,0.000000,0.000000,0.000000,0.000000,0.000000
4.6901,20.583391,-0.151864,0.011607,0.000000,0.029138,-0.029981,0,-0.163020,160,0.343468,0.110997,20.583391,-0.002513,14.347637,0.011607,20.583365,14.485136,0.011607,-0.151864,0.000000,0.012134,-0.543270,-52.419179,0.137499,0.000000,0.001678,0.001838,-0.000045,0.001678,0.343468,0.110997,-9.803357,0.010927,0.006505,0.000000,-2.945418,-0.004355,27.000000,0.013045,20.583365,-0.002513,-0.151864,0.000000,0.137000,0.000000,188,0,1,34,35,-0.005296,0.004282,0.009326,-0.535598,0.277617,10.739344,1.766964,-0.004350,0.032899,7,1,0,0.000000,0,14.496824,0.000000,0.029138,0,-0.163020,0.000000,-0.029981,14.496824,-0.163020,1,1,1,6.219590,0.000000,0.000000,0.000000,0.000000,0.000000,0.000000,0.000000
4.7001,20.583354,-0.151864,-0.007877,0.000000,0.023394,-0.022311,0,-0.163020,170,0.343918,0.114396,20.583354,0.001466,14.347636,-0.007877,20.583365,14.485134,-0.007877,-0.151864,0.000000,0.012461,-0.543270,-52.419179,0.137498,0.000000,0.001075,0.001949,0.000020,0.001075,0.343918,0.114396,-9.803302,-0.006040,-0.005936,0.000000,-2.945418,-0.004377,27.000000,0.013045,20.583365,0.001466,-0.151864,0.000000,0.137000,0.000000,193,0,1,34,35,0.007515,-0.004002,-0.007827,-0.011480,-0.222657,9.452221,1.766971,-0.004377,0.032897,7,1,0,0.000000,0,14.496824,0.000000,0.023394,0,-0.163020,0.000000,-0.022311,14.496824,-0.163020,1,1,1,6.219639,0.000000,0.000000,0.000000,0.000000,0.000000,0.000000,0.000000
4.7101,20.583738,-0.152631,-0.018442,0.000000,0.015770,-0.013108,0,-0.163020,180,0.342580,0.114301,20.583738,0.003560,14.348280,-0.018442,20.583748,14.485768,-0.018442,-0.152631,0.000000,0.012499,-0.543270,-52.419179,0.137488,0.000000,0.001004,0.001943,0.000023,0.001004,0.342580,0.114301,-9.803350,0.000252,-0.001243,0.000000,-2.945552,-0.004334,27.000000,0.013045,20.583748,0.003560,-0.152631,0.000000,0.137000,0.000000,198,0,1,34,35,0.001103,0.000395,-0.018448,0.313117,-0.041394,9.502105,1.766837,-0.004334,0.032750,7,1,0,0.000000,0,14.496824,0.000000,0.015770,0,-0.163020,0.000000,-0.013108,14.496824,-0.163020,1,1,1,6.219691,0.000000,0.000000,0.000000,0.000000,0.000000,0.000000,0.000000
4.7201,20.583650,-0.152631,0.007244,0.000000,0.023074,-0.020777,0,-0.163020,190,0.342397,0.114005,20.583650,-0.002513,14.348183,0.007244,20.583652,14.485688,0.007244,-0.152631,0.000000,0.012486,-0.543270,-52.419179,0.137505,0.000000,0.001029,0.001838,-0.000084,0.001029,0.342397,0.114005,-9.803360,0.006314,0.005755,0.000000,-2.945633,-0.004315,27.000000,0.013045,20.583652,-0.002513,-0.152631,0.000000,0.137000,0.000000,2,0,1,34,35,-0.007432,0.004304,0.007191,0.333683,-0.254928,9.758374,1.766756,-0.004315,0.032736,7,1,0,0.000000,0,14.496824,0.000000,0.023074,0,-0.163020,0.000000,-0.020777,14.496824,-0.163020,1,1,1,6.219817,0.000000,0.000000,0.000000,0.000000,0.000000,0.000000,0.000000
4.7301,20.583572,-0.151864,0.013857,0.000000,0.029826,-0.029981,0,-0.163020,200,0.343404,0.114320,20.583572,-0.000419,14.347546,0.013857,20.583556,14.485059,0.013857,-0.151864,0.000000,0.012493,-0.543270,-52.419179,0.137512,0.000000,0.001016,0.001896,-0.000035,0.001016,0.343404,0.114320,-9.803321,0.011001,-0.006988,0.000000,-2.945495,-0.004329,27.000000,0.013045,20.583556,-0.000419,-0.151864,0.000000,0.137000,0.000000,7,0,1,34,35,0.003234,0.012797,0.013698,-0.377085,0.455693,9.487511,1.766894,-0.004329,0.032846,7,1,0,0.000000,0,14.496824,0.000000,0.029826,0,-0.163020,0.000000,-0.029981,14.496824,-0.163020,1,1,1,6.219868,0.000000,0.000000,0.000000,0.000000,0.000000,0.000000,0.000000
4.7401,20.583561,-0.151864,-0.028023,0.000000,0.022842,-0.022311,0,-0.163020,210,0.344030,0.114515,20.583561,-0.000419,14.347629,-0.028023,20.583556,14.485116,-0.028023,-0.151864,0.000000,0.012501,-0.543270,-52.419179,0.137487,0.001000,0.001001,0.001936,-0.000023,0.001001,0.344030,0.114515,-9.803297,-0.001569,-0.000649,0.001000,-2.945437,-0.004351,27.000000,0.013045,20.583556,-0.000419,-0.151864,0.000000,0.137000,0.001000,12,0,1,34,35,0.001103,-0.001629,-0.027005,-0.497530,0.306677,10.710949,1.766952,-0.004351,0.032906,7,1,0,0.000000,0,14.496824,0.000000,0.022842,0,-0.163020,0.000000,-0.022311,14.496824,-0.163020,1,1,1,6.219920,0.000000,0.000000,0.000000,0.000000,0.000000,0.000000,0.000000
4.7501,20.583800,-0.152631,-0.024193,0.000000,0.017694,-0.013108,0,-0.163020,220,0.342246,0.110737,20.583800,0.004503,14.348123,-0.024193,20.583844,14.485593,-0.024193,-0.152631,0.000000,0.012145,-0.543270,-52.419179,0.137470,-0.001000,0.001657,0.001893,0.000154,0.001657,0.342246,0.110737,-9.803403,-0.014476,0.001313,-0.001000,-2.945729,-0.004324,27.000000,0.013045,20.583844,0.004503,-0.152631,0.000000,0.137000,-0.001000,17,0,1,34,35,-0.007418,-0.016697,-0.020787,0.283517,-0.206809,8.954909,1.766678,-0.004325,0.032784,7,1,0,0.000000,0,14.496824,0.000000,0.017694,0,-0.163020,0.000000,-0.013108,14.496824,-0.163020,1,1,1,6.219974,0.000000,0.000000,0.000000,0.000000,0.000000,0.000000,0.000000
4.7601,20.583862,-0.152631,0.019858,0.000000,0.022908,-0.020777,0,-0.163020,230,0.341822,0.111394,20.583862,0.001466,14.348056,0.019858,20.583844,14.485556,0.019858,-0.152631,0.000000,0.012275,-0.543270,-52.419179,0.137500,-0.002000,0.001418,0.001996,-0.000084,0.001418,0.341822,0.111394,-9.803410,0.002710,0.002435,-0.002000,-2.945768,-0.004254,27.000000,0.013045,20.583844,0.001466,-0.152631,0.000000,0.137000,-0.002000,22,0,1,34,35,-0.003157,0.002038,0.017834,0.047369,0.081489,10.383646,1.766621,-0.004254,0.032719,7,1,0,0.000000,0,14.496824,0.000000,0.022908,0,-0.163020,0.000000,-0.020777,14.496824,-0.163020,1,1,1,6.220025,0.000000,0.000000,0.000000,0.000000,0.000000,0.000000,0.000000
4.7701,20.583499,-0.152631,0.030900,0.000000,0.019722,-0.020777,0,-0.163020,240,0.342648,0.110755,20.583499,-0.001466,14.348279,0.030900,20.583461,14.485790,0.030900,-0.152631,0.000000,0.012171,-0.543270,-52.419179,0.137512,0.000000,0.001609,0.001853,-0.000140,0.001609,0.342648,0.110755,-9.803388,0.015186,0.007350,0.000000,-2.945532,-0.004305,27.000000,0.013045,20.583461,-0.001466,-0.152631,0.000000,0.137000,0.000000,27,0,1,34,35,-0.011703,0.012528,0.030750,-0.155286,-0.164538,9.385717,1.766857,-0.004305,0.032812,7,1,0,0.000000,0,14.496824,0.000000,0.019722,0,-0.163020,0.000000,-0.020777,14.496824,-0.163020,1,1,1,6.220075,0.000000,0.000000,0.000000,0.000000,0.000000,0.000000,0.000000
4.7801,20.583554,-0.151864,-0.000429,0.000000,0.030024,-0.029981,0,-0.163020,250,0.343192,0.112075,20.583554,0.002513,14.347635,-0.000429,20.583556,14.485127,-0.000429,-0.151864,0.000000,0.012253,-0.543270,-52.419179,0.137493,-0.001000,0.001459,0.001976,-0.000011,0.001459,0.343192,0.112075,-9.803354,-0.003511,-0.004514,-0.001000,-2.945426,-0.004340,27.000000,0.013045,20.583556,0.002513,-0.151864,0.000000,0.137000,-0.001000,32,0,1,34,35,0.005380,-0.001957,-0.001405,-0.124732,-0.003365,10.277408,1.766963,-0.004340,0.032859,7,1,0,0.000000,0,14.496824,0.000000,0.030024,0,-0.163020,0.000000,-0.029981,14.496824,-0.163020,1,1,1,6.220126,0.000000,0.000000,0.000000,0.000000,0.000000,0.000000,0.000000
4.7901,20.583545,-0.151864,-0.016256,0.000000,0.023441,-0.022311,0,-0.163020,4,0.342900,0.111344,20.583545,-0.000419,14.347641,-0.016256,20.583556,14.485123,-0.016256,-0.151864,0.000000,0.012259,-0.543270,-52.419179,0.137482,0.000000,0.001447,0.001911,0.000106,0.001447,0.342900,0.111344,-9.803373,0.001573,-0.003917,0.000000,-2.945433,-0.004256,27.000000,0.013045,20.583556,-0.000419,-0.151864,0.000000,0.137000,0.000000,37,0,1,34,35,0.003236,0.002510,-0.016288,-0.069351,-0.107473,9.415059,1.766956,-0.004256,0.032841,6,1,0,0.000000,0,14.496824,0.000000,0.023441,0,-0.163020,0.000000,-0.022311,14.496824,-0.163020,1,1,1,6.220176,0.000000,0.000000,0.000000,0.000000,0.000000,0.000000,0.000000
4.8001,20.583516,-0.152631,-0.022765,0.000000,0.016215,-0.013108,0,-0.163020,14,0.341847,0.110967,20.583516,0.001466,14.348249,-0.022765,20.583556,14.485722,-0.022765,-0.152631,0.000000,0.012206,-0.543270,-52.419179,0.137473,0.000000,0.001544,0.001850,0.000211,0.001544,0.341847,0.110967,-9.803414,0.000948,0.007511,0.000000,-2.945601,-0.004279,27.000000,0.013045,20.583556,0.001466,-0.152631,0.000000,0.137000,0.000000,42,0,1,34,35,-0.007434,-0.001710,-0.022746,0.103455,0.256699,10.136612,1.766788,-0.004279,0.032728,7,1,0,0.000000,0,14.496824,0.000000,0.016215,0,-0.163020,0.000000,-0.013108,14.496824,-0.163020,1,1,1,6.220226,0.000000,0.000000,0.000000,0.000000,0.000000,0.000000,0.000000
4.8101,20.583943,-0.152631,0.003039,0.000000,0.023104,-0.020777,0,-0.163020,24,0.342402,0.112508,20.583943,0.003560,14.348150,0.003039,20.583940,14.485647,0.003039,-0.152631,0.000000,0.012330,-0.543270,-52.419179,0.137497,0.000000,0.001316,0.001973,0.000000,0.001316,0.342402,0.112508,-9.803377,0.005163,-0.005096,0.000000,-2.945674,-0.004319,27.000000,0.013045,20.583940,0.003560,-0.152631,0.000000,0.137000,0.000000,47,0,1,34,35,0.003238,0.006528,0.002958,-0.126208,0.182083,9.973016,1.766715,-0.004319,0.032760,7,1,0,0.000000,0,14.496824,0.000000,0.023104,0,-0.163020,0.000000,-0.020777,14.496824,-0.163020,1,1,1,6.220275,0.000000,0.000000,0.000000,0.000000,0.000000,0.000000,0.000000
4.8201,20.583766,-0.152631,0.004438,0.000000,0.021215,-0.020777,0,-0.163020,34,0.343427,0.111617,20.583766,-0.000419,14.348247,0.004438,20.583748,14.485742,0.004438,-0.152631,0.000000,0.012281,-0.543270,-52.419179,0.137495,-0.001000,0.001405,0.001938,-0.000132,0.001405,0.343427,0.111617,-9.803351,0.024703,-0.000236,-0.001000,-2.945580,-0.004294,27.000000,0.013045,20.583748,-0.000419,-0.152631,0.000000,0.137000,-0.001000,52,0,1,34,35,-0.007453,0.023593,0.003148,-0.386802,-0.004954,8.841656,1.766809,-0.004294,0.032877,7,1,0,0.000000,0,14.496824,0.000000,0.021215,0,-0.163020,0.000000,-0.020777,14.496824,-0.163020,1,1,1,6.220360,0.000000,0.000000,0.000000,0.000000,0.000000,0.000000,0.000000
4.8301,20.583479,-0.152631,0.009773,0.000000,0.021725,-0.020777,0,-0.163020,44,0.343507,0.111733,20.583479,-0.002513,14.348280,0.009773,20.583461,14.485779,0.009773,-0.152631,0.000000,0.012283,-0.543270,-52.419179,0.137499,-0.001000,0.001403,0.001842,-0.000083,0.001403,0.343507,0.111733,-9.803347,-0.022058,0.001522,-0.001000,-2.945543,-0.004305,27.000000,0.013045,20.583461,-0.002513,-0.152631,0.000000,0.137000,-0.001000,57,0,1,34,35,0.005404,-0.021331,0.009036,-0.076114,0.237849,10.882799,1.766846,-0.004305,0.032883,6,1,0,0.000000,0,14.496824,0.000000,0.021725,0,-0.163020,0.000000,-0.020777,14.496824,-0.163020,1,1,1,6.220409,0.000000,0.000000,0.000000,0.000000,0.000000,0.000000,0.000000
4.8401,20.583640,-0.151864,-0.008028,0.000000,0.031919,-0.029981,0,-0.163020,54,0.342978,0.112430,20.583640,-0.000419,14.347469,-0.008028,20.583652,14.484960,-0.008028,-0.151864,0.000000,0.012336,-0.543270,-52.419179,0.137490,0.000000,0.001305,0.001993,0.000018,0.001305,0.342978,0.112430,-9.803358,-0.012794,-0.005985,0.000000,-2.945595,-0.004290,27.000000,0.013045,20.583652,-0.000419,-0.151864,0.000000,0.137000,0.000000,62,0,1,34,35,0.009656,-0.010407,-0.007900,0.055247,-0.080488,9.558968,1.766794,-0.004290,0.032832,7,1,0,0.000000,0,14.496824,0.000000,0.031919,0,-0.163020,0.000000,-0.029981,14.496824,-0.163020,1,1,1,6.220459,0.000000,0.000000,0.000000,0.000000,0.000000,0.000000,0.000000
4.8501,20.583545,-0.151864,-0.013572,0.000000,0.024409,-0.022311,0,-0.163020,64,0.342330,0.112358,20.583545,0.000419,14.347419,-0.013572,20.583556,14.484903,-0.013572,-0.151864,0.000000,0.012325,-0.543270,-52.419179,0.137484,0.000000,0.001324,0.001961,-0.000072,0.001324,0.342330,0.112358,-9.803381,0.027808,0.001029,0.000000,-2.945652,-0.004283,27.000000,0.013045,20.583556,0.000419,-0.151864,0.000000,0.137000,0.000000,67,0,1,34,35,-0.009595,0.025951,-0.013893,0.228500,-0.132565,9.912662,1.766737,-0.004283,0.032768,7,1,0,0.000000,0,14.496824,0.000000,0.024409,0,-0.163020,0.000000,-0.022311,14.496824,-0.163020,1,1,1,6.220509,0.000000,0.000000,0.000000,0.000000,0.000000,0.000000,0.000000
4.8601,20.583825,-0.152631,-0.010862,0.000000,0.016843,-0.013108,0,-0.163020,74,0.342470,0.112769,20.583825,0.002513,14.347995,-0.010862,20.583844,14.485486,-0.010862,-0.152631,0.000000,0.012332,-0.543270,-52.419179,0.137491,0.001000,0.001312,0.001864,-0.000040,0.001312,0.342470,0.112769,-9.803372,0.002729,0.000192,0.001000,-2.945834,-0.004345,27.000000,0.013045,20.583844,0.002513,-0.152631,0.000000,0.137000,0.001000,72,0,1,34,35,-0.001031,0.002412,-0.009893,0.294715,-0.242324,9.509645,1.766555,-0.004345,0.032763,6,1,0,0.000000,0,14.496824,0.000000,0.016843,0,-0.163020,0.000000,-0.013108,14.496824,-0.163020,1,1,1,6.220559,0.000000,0.000000,0.000000,0.000000,0.000000,0.000000,0.000000
4.8701,20.584311,-0.152631,-0.001069,0.000000,0.023938,-0.020777,0,-0.163020,84,0.342936,0.112254,20.584311,0.002513,14.347887,-0.001069,20.584323,14.485381,-0.001069,-0.152631,0.000000,0.012323,-0.543270,-52.419179,0.137495,0.000000,0.001329,0.001820,0.000114,0.001329,0.342936,0.112254,-9.803361,0.010040,-0.011180,-0.000000,-2.945941,-0.004309,27.000000,0.013045,20.584323,0.002513,-0.152631,0.000000,0.137000,0.000000,77,0,1,34,35,0.007499,0.013008,-0.001229,-0.146848,0.198232,9.437222,1.766448,-0.004309,0.032818,7,1,0,0.000000,0,14.496824,0.000000,0.023938,0,-0.163020,0.000000,-0.020777,14.496824,-0.163020,1,1,1,6.220609,0.000000,0.000000,0.000000,0.000000,0.000000,0.000000,0.000000
4.8801,20.583964,-0.152631,0.017080,0.000000,0.021677,-0.020777,0,-0.163020,94,0.343959,0.112798,20.583964,-0.001466,14.347975,0.017080,20.583940,14.485482,0.017080,-0.152631,0.000000,0.012394,-0.543270,-52.419179,0.137507,-0.001000,0.001198,0.001868,-0.000040,0.001198,0.343959,0.112798,-9.803319,0.018953,0.003875,-0.001000,-2.945840,-0.004309,27.000000,0.013045,20.583940,-0.001466,-0.152631,0.000000,0.137000,-0.001000,82,0,1,34,35,-0.009577,0.017006,0.015870,-0.536121,0.270529,10.538294,1.766549,-0.004309,0.032912,6,1,0,0.000000,0,14.496824,0.000000,0.021677,0,-0.163020,0.000000,-0.020777,14.496824,-0.163020,1,1,1,6.220803,0.000000,0.000000,0.000000,0.000000,0.000000,0.000000,0.000000
4.8901,20.583744,-0.151864,-0.004958,0.000000,0.031400,-0.029981,0,-0.163020,104,0.343740,0.112965,20.583744,-0.002513,14.347262,-0.004958,20.583748,14.484756,-0.004958,-0.151864,0.000000,0.012339,-0.543270,-52.419179,0.137494,-0.001000,0.001300,0.001999,-0.000017,0.001300,0.343740,0.112965,-9.803325,-0.010942,0.006880,-0.001000,-2.945797,-0.004353,27.000000,0.013045,20.583748,-0.002513,-0.151864,0.000000,0.137000,-0.001000,87,0,1,34,35,-0.003148,-0.012609,-0.005803,0.072516,0.003087,8.985593,1.766592,-0.004353,0.032901,6,1,0,0.000000,0,14.496824,0.000000,0.031400,0,-0.163020,0.000000,-0.029981,14.496824,-0.163020,1,1,1,6.220854,0.000000,0.000000,0.000000,0.000000,0.000000,0.000000,0.000000
4.9001,20.583921,-0.151864,-0.020620,0.000000,0.025259,-0.022311,0,-0.163020,114,0.342862,0.112792,20.583921,0.000419,14.347178,-0.020620,20.583940,14.484662,-0.020620,-0.151864,0.000000,0.012371,-0.543270,-52.419179,0.137484,0.000000,0.001240,0.001943,0.000112,0.001240,0.342862,0.112792,-9.803358,-0.003699,-0.006691,0.000000,-2.945893,-0.004289,27.000000,0.013045,20.583940,0.000419,-0.151864,0.000000,0.137000,0.000000,92,0,1,34,35,0.007509,-0.001695,-0.020600,-0.020561,0.227121,10.203228,1.766496,-0.004289,0.032815,6,1,0,0.000000,0,14.496824,0.000000,0.025259,0,-0.163020,0.000000,-0.022311,14.496824,-0.163020,1,1,1,6.220904,0.000000,0.000000,0.000000,0.000000,0.000000,0.000000,0.000000
4.9101,20.584023,-0.152631,0.001979,0.000000,0.016956,-0.013108,0,-0.163020,124,0.342056,0.112612,20.584023,0.002513,14.347779,0.001979,20.584036,14.485276,0.001979,-0.152631,0.000000,0.012393,-0.543270,-52.419179,0.137498,0.001000,0.001200,0.001861,0.000129,0.001200,0.342056,0.112612,-9.803388,0.006422,0.005719,0.001000,-2.946047,-0.004262,27.000000,0.013045,20.584036,0.002513,-0.152631,0.000000,0.137000,0.001000,97,0,1,34,35,-0.007433,0.004361,0.002925,0.314138,0.010557,9.942867,1.766342,-0.004262,0.032724,6,1,0,0.000000,0,14.496824,0.000000,0.016956,0,-0.163020,0.000000,-0.013108,14.496824,-0.163020,1,1,1,6.221053,0.000000,0.000000,0.000000,0.000000,0.000000,0.000000,0.000000
4.9201,20.584518,-0.151864,0.007658,0.000000,0.031858,-0.029981,0,-0.163020,134,0.343301,0.113137,20.584518,0.002513,14.347042,0.007658,20.584515,14.484546,0.007658,-0.151864,0.000000,0.012394,-0.543270,-52.419179,0.137504,0.000000,0.001198,0.001858,-0.000007,0.001198,0.343301,0.113137,-9.803338,0.021251,-0.003603,0.000000,-2.946008,-0.004308,27.000000,0.013045,20.584515,0.002513,-0.151864,0.000000,0.137000,0.000000,102,0,1,34,35,-0.003180,0.021412,0.007393,-0.002018,-0.269284,9.356054,1.766380,-0.004308,0.032854,7,1,0,0.000000,0,14.496824,0.000000,0.031858,0,-0.163020,0.000000,-0.029981,14.496824,-0.163020,1,1,1,6.221332,0.000000,0.000000,0.000000,0.000000,0.000000,0.000000,0.000000
4.9301,20.583961,-0.151864,-0.002267,0.000000,0.023285,-0.022311,0,-0.163020,144,0.344278,0.112866,20.583961,-0.005550,14.347156,-0.002267,20.583940,14.484652,-0.002267,-0.151864,0.000000,0.012399,-0.543270,-52.419179,0.137496,-0.001000,0.001188,0.001900,-0.000223,0.001188,0.344278,0.112866,-9.803307,0.013325,0.005724,-0.001000,-2.945903,-0.004290,27.000000,0.013045,20.583940,-0.005550,-0.151864,0.000000,0.137000,-0.001000,107,0,1,34,35,-0.009576,0.010850,-0.003401,-0.258275,0.032808,10.440381,1.766486,-0.004290,0.032956,7,1,0,0.000000,0,14.496824,0.000000,0.023285,0,-0.163020,0.000000,-0.022311,14.496824,-0.163020,1,1,1,6.221382,0.000000,0.000000,0.000000,0.000000,0.000000,0.000000,0.000000
4.9401,20.584022,-0.152631,-0.014924,0.000000,0.017009,-0.013108,0,-0.163020,154,0.343804,0.113413,20.584022,0.002513,14.347777,-0.014924,20.584036,14.485263,-0.014924,-0.152631,0.000000,0.012426,-0.543270,-52.419179,0.137487,-0.002000,0.001140,0.001958,0.000222,0.001140,0.343804,0.113413,-9.803318,-0.024835,0.004692,-0.002000,-2.946058,-0.004337,27.000000,0.013045,20.584036,0.002513,-0.152631,0.000000,0.137000,-0.002000,112,0,1,34,35,0.003266,-0.025271,-0.016611,0.168728,0.094634,9.321541,1.766331,-0.004337,0.032887,7,1,0,0.000000,0,14.496824,0.000000,0.017009,0,-0.163020,0.000000,-0.013108,14.496824,-0.163020,1,1,1,6.221431,0.000000,0.000000,0.000000,0.000000,0.000000,0.000000,0.000000
4.9501,20.584811,-0.151864,0.005355,0.000000,0.032428,-0.029981,0,-0.163020,164,0.343451,0.113478,20.584811,0.004503,14.346988,0.005355,20.584803,14.484488,0.005355,-0.151864,0.000000,0.012445,-0.543270,-52.419179,0.137500,-0.002000,0.001104,0.001854,-0.000013,0.001104,0.343451,0.113478,-9.803329,0.014716,-0.017193,-0.002000,-2.946067,-0.004293,27.000000,0.013045,20.584803,0.004503,-0.151864,0.000000,0.137000,-0.002000,117,0,1,34,35,0.011763,0.019374,0.003115,-0.145477,0.126232,9.848027,1.766322,-0.004293,0.032864,7,1,0,0.000000,0,14.496824,0.000000,0.032428,0,-0.163020,0.000000,-0.029981,14.496824,-0.163020,1,1,1,6.221661,0.000000,0.000000,0.000000,0.000000,0.000000,0.000000,0.000000
4.9601,20.584331,-0.151864,-0.001930,0.000000,0.022751,-0.022311,0,-0.163020,174,0.343493,0.112434,20.584331,-0.001466,14.346151,-0.001930,20.584323,14.484648,-0.001930,-0.151864,0.000000,0.012408,-0.543270,-52.419179,0.138497,0.001000,0.001172,0.001836,-0.000129,0.001172,0.343493,0.112434,-9.803340,0.022058,0.005121,0.001000,-2.945909,-0.004225,27.000000,0.013045,20.584323,-0.001466,-0.151864,0.000000,0.138000,0.001000,122,0,1,34,35,-0.011719,0.019364,-0.001171,-0.137918,-0.034331,8.908516,1.766480,-0.004225,0.032884,7,1,0,0.000000,0,14.496824,0.000000,0.022751,0,-0.163020,0.000000,-0.022311,14.496824,-0.163020,1,1,1,6.222027,0.000000,0.000000,0.000000,0.000000,0.000000,0.000000,0.000000
4.9701,20.584321,-0.152631,-0.018774,0.000000,0.015355,-0.013108,0,-0.163020,184,0.344199,0.113574,20.584321,0.000419,14.347905,-0.018774,20.584323,14.485398,-0.018774,-0.152631,0.000000,0.012468,-0.543270,-52.419179,0.137492,0.002000,0.001063,0.001962,0.000010,0.001063,0.344199,0.113574,-9.803302,-0.017422,0.006771,0.002000,-2.945924,-0.004317,27.000000,0.013045,20.584323,0.000419,-0.152631,0.000000,0.137000,0.002000,127,0,1,34,35,-0.001010,-0.018872,-0.016540,-0.049007,0.226045,10.289332,1.766465,-0.004317,0.032925,7,1,0,0.000000,0,14.496824,0.000000,0.015355,0,-0.163020,0.000000,-0.013108,14.496824,-0.163020,1,1,1,6.222077,0.000000,0.000000,0.000000,0.000000,0.000000,0.000000,0.000000
4.9801,20.585370,-0.152631,-0.007461,0.000000,0.023264,-0.020777,0,-0.163020,194,0.344551,0.112816,20.585370,0.007645,14.347868,-0.007461,20.585378,14.485363,-0.007461,-0.152631,0.000000,0.012447,-0.543270,-52.419179,0.137495,0.000000,0.001101,0.001847,0.000258,0.001101,0.344551,0.112816,-9.803298,0.008864,-0.015300,0.000000,-2.945960,-0.004267,27.000000,0.013045,20.585378,0.007645,-0.152631,0.000000,0.137000,0.000000,132,0,1,34,35,0.011766,0.013105,-0.007625,-0.356083,0.146068,9.781096,1.766429,-0.004267,0.032972,6,1,0,0.000000,0,14.496824,0.000000,0.023264,0,-0.163020,0.000000,-0.020777,14.496824,-0.163020,1,1,1,6.222124,0.000000,0.000000,0.000000,0.000000,0.000000,0.000000,0.000000
4.9901,20.585384,-0.151864,0.010426,0.000000,0.030793,-0.029981,0,-0.163020,204,0.344368,0.113099,20.585384,0.001466,14.347202,0.010426,20.585378,14.484707,0.010426,-0.151864,0.000000,0.012514,-0.543270,-52.419179,0.137506,-0.001000,0.000978,0.001990,-0.000131,0.000978,0.344368,0.113099,-9.803301,0.008957,0.007132,-0.001000,-2.945851,-0.004200,27.000000,0.013045,20.585378,0.001466,-0.151864,0.000000,0.137000,-0.001000,137,0,1,34,35,-0.009568,0.006406,0.009347,-0.012491,0.054875,9.435868,1.766538,-0.004200,0.032962,7,1,0,0.000000,0,14.496824,0.000000,0.030793,0,-0.163020,0.000000,-0.029981,14.496824,-0.163020,1,1,1,6.222188,0.000000,0.000000,0.000000,0.000000,0.000000,0.000000,0.000000
5.0001,20.585392,-0.151864,0.014642,0.000000,0.024127,-0.022311,0,-0.163020,204,0.343793,0.109280,20.585392,0.001466,14.347223,0.014642,20.585378,14.484716,0.014642,-0.151864,0.000000,0.012117,-0.543270,-52.419179,0.137494,-0.001000,0.001708,0.001990,-0.000131,0.001708,0.343793,0.109280,-9.803365,0.005508,0.003766,-0.001000,-2.945842,-0.004203,27.000000,0.013045,20.585378,0.001466,-0.151864,0.000000,0.137000,-0.001000,137,0,1,34,35,-0.005295,0.004225,0.013592,-0.067264,0.005639,10.325387,1.766547,-0.004203,0.032963,6,1,0,0.000000,0,14.496824,0.000000,0.024127,0,-0.163020,0.000000,-0.022311,14.496824,-0.163020,1,1,1,6.222192,0.000000,0.000000,0.000000,0.000000,0.000000,0.000000,0.000000
5.0101,20.585015,-0.151864,0.012253,0.000000,0.022775,-0.022311,0,-0.163020,214,0.343654,0.110427,20.585015,0.000419,14.347341,0.012253,20.584995,14.484836,0.012253,-0.151864,0.000000,0.012161,-0.543270,-52.419179,0.137496,-0.001000,0.001628,0.001984,0.000067,0.001628,0.343654,0.110427,-9.803357,-0.003939,0.009097,-0.001000,-2.945720,-0.004273,27.000000,0.013045,20.584995,0.000419,-0.151864,0.000000,0.137000,-0.001000,142,0,1,34,35,-0.007419,-0.006437,0.011333,0.161159,-0.111945,9.788410,1.766669,-0.004273,0.032931,6,1,0,0.000000,0,14.496824,0.000000,0.022775,0,-0.163020,0.000000,-0.022311,14.496824,-0.163020,1,1,1,6.222242,0.000000,0.000000,0.000000,0.000000,0.000000,0.000000,0.000000
5.0201,20.585260,-0.151864,-0.014166,0.000000,0.024647,-0.022311,0,-0.163020,224,0.343001,0.109741,20.585260,0.005550,14.347303,-0.014166,20.585282,14.484780,-0.014166,-0.151864,0.000000,0.012108,-0.543270,-52.419179,0.137477,0.000000,0.001725,0.001986,0.000124,0.001725,0.343001,0.109741,-9.803388,-0.003814,-0.013390,0.000000,-2.945777,-0.004247,27.000000,0.013045,20.585282,0.005550,-0.151864,0.000000,0.137000,0.000000,147,0,1,34,35,0.013912,0.000375,-0.014171,-0.109144,0.370132,9.458114,1.766612,-0.004247,0.032876,7,1,0,0.000000,0,14.496824,0.000000,0.024647,0,-0.163020,0.000000,-0.022311,14.496824,-0.163020,1,1,1,6.222292,0.000000,0.000000,0.000000,0.000000,0.000000,0.000000,0.000000
5.0301,20.585184,-0.151864,-0.002024,0.000000,0.024774,-0.022311,0,-0.163020,234,0.343195,0.109845,20.585184,-0.000419,14.347235,-0.002024,20.585186,14.484723,-0.002024,-0.151864,0.000000,0.012194,-0.543270,-52.419179,0.137489,0.001000,0.001567,0.001997,-0.000082,0.001567,0.343195,0.109845,-9.803380,0.013388,-0.007784,0.001000,-2.945836,-0.004174,27.000000,0.013045,20.585186,-0.000419,-0.151864,0.000000,0.137000,0.001000,152,0,1,34,35,0.003227,0.015133,-0.001208,-0.202957,0.399728,10.156990,1.766553,-0.004174,0.032894,7,1,0,0.000000,0,14.496824,0.000000,0.024774,0,-0.163020,0.000000,-0.022311,14.496824,-0.163020,1,1,1,6.222342,0.000000,0.000000,0.000000,0.000000,0.000000,0.000000,0.000000
5.0401,20.585186,-0.151864,-0.006516,0.000000,0.023854,-0.022311,0,-0.163020,244,0.343857,0.110118,20.585186,0.001466,14.347265,-0.006516,20.585186,14.484752,-0.006516,-0.151864,0.000000,0.012143,-0.543270,-52.419179,0.137488,0.001000,0.001660,0.001823,-0.000100,0.001660,0.343857,0.110118,-9.803353,0.013934,0.021231,0.001000,-2.945804,-0.004263,27.000000,0.013045,20.585186,0.001466,-0.151864,0.000000,0.137000,0.001000,157,0,1,34,35,-0.024515,0.006562,-0.005597,-0.022432,-0.197647,8.973944,1.766585,-0.004263,0.032956,7,1,0,0.000000,0,14.496824,0.000000,0.023854,0,-0.163020,0.000000,-0.022311,14.496824,-0.163020,1,1,1,6.222392,0.000000,0.000000,0.000000,0.000000,0.000000,0.000000,0.000000
5.0501,20.585262,-0.152631,-0.016558,0.000000,0.016048,-0.013108,0,-0.163020,254,0.344132,0.110555,20.585262,-0.000419,14.347946,-0.016558,20.585282,14.485427,-0.016558,-0.152631,0.000000,0.012205,-0.543270,-52.419179,0.137481,0.000000,0.001546,0.001950,0.000125,0.001546,0.344132,0.110555,-9.803339,-0.011941,-0.003990,0.000000,-2.945897,-0.004275,27.000000,0.013045,20.585282,-0.000419,-0.152631,0.000000,0.137000,0.000000,162,0,1,34,35,0.007519,-0.010300,-0.016434,-0.296049,0.303721,10.959882,1.766492,-0.004275,0.032965,7,1,0,0.000000,0,14.496824,0.000000,0.016048,0,-0.163020,0.000000,-0.013108,14.496824,-0.163020,1,1,1,6.222441,0.000000,0.000000,0.000000,0.000000,0.000000,0.000000,0.000000
5.0601,20.585283,-0.152631,0.005821,0.000000,0.024292,-0.020777,0,-0.163020,8,0.343423,0.109627,20.585283,-0.001466,14.347812,0.005821,20.585282,14.485302,0.005821,-0.152631,0.000000,0.012193,-0.543270,-52.419179,0.137490,-0.001000,0.001568,0.001835,0.000105,0.001568,0.343423,0.109627,-9.803374,-0.011751,-0.008551,-0.001000,-2.946025,-0.004182,27.000000,0.013045,20.585282,-0.001466,-0.152631,0.000000,0.137000,-0.001000,167,0,1,34,35,0.011793,-0.008434,0.004925,0.218804,-0.395592,9.527196,1.766364,-0.004182,0.032908,7,1,0,0.000000,0,14.496824,0.000000,0.024292,0,-0.163020,0.000000,-0.020777,14.496824,-0.163020,1,1,1,6.222490,0.000000,0.000000,0.000000,0.000000,0.000000,0.000000,0.000000
5.0701,20.585113,-0.151864,0.026741,0.000000,0.030455,-0.029981,0,-0.163020,18,0.344039,0.109716,20.585113,-0.002513,14.347177,0.026741,20.585090,14.484685,0.026741,-0.151864,0.000000,0.012193,-0.543270,-52.419179,0.137508,0.000000,0.001568,0.001987,-0.000024,0.001568,0.344039,0.109716,-9.803351,0.018039,0.001918,0.000000,-2.945875,-0.004175,27.000000,0.013045,20.585090,-0.002513,-0.151864,0.000000,0.137000,0.000000,172,0,1,34,35,-0.007439,0.016870,0.026537,-0.251550,-0.067556,9.271785,1.766514,-0.004175,0.032981,7,1,0,0.000000,0,14.496824,0.000000,0.030455,0,-0.163020,0.000000,-0.029981,14.496824,-0.163020,1,1,1,6.222539,0.000000,0.000000,0.000000,0.000000,0.000000,0.000000,0.000000
5.0801,20.584989,-0.151864,-0.005700,0.000000,0.023772,-0.022311,0,-0.163020,28,0.343653,0.110495,20.584989,0.001466,14.347240,-0.005700,20.584995,14.484727,-0.005700,-0.151864,0.000000,0.012227,-0.543270,-52.419179,0.137487,0.000000,0.001506,0.001996,0.000277,0.001506,0.343653,0.110495,-9.803356,-0.001438,0.001550,0.000000,-2.945831,-0.004214,27.000000,0.013045,20.584995,0.001466,-0.151864,0.000000,0.137000,0.000000,177,0,1,34,35,-0.001025,-0.001918,-0.005676,0.103892,0.198266,10.222159,1.766558,-0.004214,0.032930,7,1,0,0.000000,0,14.496824,0.000000,0.023772,0,-0.163020,0.000000,-0.022311,14.496824,-0.163020,1,1,1,6.222587,0.000000,0.000000,0.000000,0.000000,0.000000,0.000000,0.000000
5.0901,20.585530,-0.152631,-0.025038,0.000000,0.018430,-0.013108,0,-0.163020,38,0.342836,0.110526,20.585530,0.006597,14.347735,-0.025038,20.585570,14.485207,-0.025038,-0.152631,0.000000,0.012274,-0.543270,-52.419179,0.137472,0.000000,0.001419,0.002004,0.000161,0.001419,0.342836,0.110526,-9.803384,-0.009703,-0.004718,0.000000,-2.946119,-0.004182,27.000000,0.013045,20.585570,0.006597,-0.152631,0.000000,0.137000,0.000000,182,0,1,34,35,0.007514,-0.008049,-0.024941,0.303066,0.092586,9.493875,1.766270,-0.004182,0.032835,7,1,0,0.000000,0,14.496824,0.000000,0.018430,0,-0.163020,0.000000,-0.013108,14.496824,-0.163020,1,1,1,6.222697,0.000000,0.000000,0.000000,0.000000,0.000000,0.000000,0.000000
5.1001,20.585877,-0.152631,0.020396,0.000000,0.024320,-0.020777,0,-0.163020,48,0.343682,0.110633,20.585877,0.003560,14.347613,0.020396,20.585857,14.485117,0.020396,-0.152631,0.000000,0.012284,-0.543270,-52.419179,0.137503,0.000000,0.001401,0.001967,-0.000170,0.001401,0.343682,0.110633,-9.803354,0.020226,0.001175,0.000000,-2.946209,-0.004196,27.000000,0.013045,20.585857,0.003560,-0.152631,0.000000,0.137000,0.000000,187,0,1,34,35,-0.007443,0.019092,0.020163,-0.182896,0.037798,10.038522,1.766180,-0.004196,0.032918,6,1,0,0.000000,0,14.496824,0.000000,0.024320,0,-0.163020,0.000000,-0.020777,14.496824,-0.163020,1,1,1,6.223066,0.000000,0.000000,0.000000,0.000000,0.000000,0.000000,0.000000
5.1101,20.585477,-0.152631,0.022324,0.000000,0.021631,-0.020777,0,-0.163020,58,0.344668,0.110700,20.585477,-0.004503,14.347759,0.022324,20.585474,14.485265,0.022324,-0.152631,0.000000,0.012278,-0.543270,-52.419179,0.137507,0.000000,0.001412,0.001998,-0.000216,0.001412,0.344668,0.110700,-9.803318,0.012053,0.003861,0.000000,-2.946060,-0.004224,27.000000,0.013045,20.585474,-0.004503,-0.152631,0.000000,0.137000,0.000000,192,0,1,34,35,-0.007434,0.010516,0.022196,-0.146704,0.028120,9.272815,1.766329,-0.004224,0.033017,6,1,0,0.000000,0,14.496824,0.000000,0.021631,0,-0.163020,0.000000,-0.020777,14.496824,-0.163020,1,1,1,6.223114,0.000000,0.000000,0.000000,0.000000,0.000000,0.000000,0.000000
5.1201,20.585469,-0.152631,0.005564,0.000000,0.023257,-0.020777,0,-0.163020,68,0.344138,0.110297,20.585469,0.001466,14.347761,0.005564,20.585474,14.485254,0.005564,-0.152631,0.000000,0.012235,-0.543270,-52.419179,0.137493,-0.001000,0.001491,0.001836,0.000009,0.001491,0.344138,0.110297,-9.803341,-0.021243,-0.003192,-0.001000,-2.946072,-0.004219,27.000000,0.013045,20.585474,0.001466,-0.152631,0.000000,0.137000,-0.001000,197,0,1,34,35,0.009669,-0.019125,0.004799,-0.287792,0.394262,10.597120,1.766317,-0.004219,0.032969,7,1,0,0.000000,0,14.496824,0.000000,0.023257,0,-0.163020,0.000000,-0.020777,14.496824,-0.163020,1,1,1,6.223162,0.000000,0.000000,0.000000,0.000000,0.000000,0.000000,0.000000
5.1301,20.585769,-0.152631,0.011228,0.000000,0.022675,-0.020777,0,-0.163020,78,0.343513,0.110125,20.585769,0.002513,14.347800,0.011228,20.585762,14.485293,0.011228,-0.152631,0.000000,0.012268,-0.543270,-52.419179,0.137492,-0.002000,0.001429,0.001992,-0.000011,0.001429,0.343513,0.110125,-9.803365,-0.001799,0.001667,-0.002000,-2.946035,-0.004158,27.000000,0.013045,20.585762,0.002513,-0.152631,0.000000,0.137000,-0.002000,1,0,1,34,35,-0.001020,-0.002117,0.009255,-0.241266,-0.004859,9.616958,1.766354,-0.004158,0.032909,6,1,0,0.000000,0,14.496824,0.000000,0.022675,0,-0.163020,0.000000,-0.020777,14.496824,-0.163020,1,1,1,6.223211,0.000000,0.000000,0.000000,0.000000,0.000000,0.000000,0.000000
5.1401,20.585551,-0.151864,-0.011660,0.000000,0.032269,-0.029981,0,-0.163020,88,0.342902,0.110197,20.585551,-0.000419,14.347041,-0.011660,20.585570,14.484525,-0.011660,-0.151864,0.000000,0.012263,-0.543270,-52.419179,0.137484,0.002000,0.001439,0.001988,-0.000004,0.001439,0.342902,0.110197,-9.803386,0.011511,-0.000436,0.002000,-2.946035,-0.004136,27.000000,0.013045,20.585570,-0.000419,-0.151864,0.000000,0.137000,0.002000,6,0,1,34,35,-0.003174,0.010954,-0.009795,0.074873,-0.082716,9.740796,1.766354,-0.004136,0.032859,7,1,0,0.000000,0,14.496824,0.000000,0.032269,0,-0.163020,0.000000,-0.029981,14.496824,-0.163020,1,1,1,6.223259,0.000000,0.000000,0.000000,0.000000,0.000000,0.000000,0.000000
5.1501,20.585638,-0.152631,-0.011817,0.000000,0.016225,-0.013108,0,-0.163020,98,0.343132,0.110367,20.585638,0.001466,14.347738,-0.011817,20.585666,14.485223,-0.011817,-0.152631,0.000000,0.012275,-0.543270,-52.419179,0.137486,0.002000,0.001417,0.002001,0.000010,0.001417,0.343132,0.110367,-9.803376,0.006743,0.005610,0.002000,-2.946104,-0.004170,27.000000,0.013045,20.585666,0.001466,-0.152631,0.000000,0.137000,0.002000,11,0,1,34,35,-0.007437,0.004531,-0.009873,0.085224,0.036174,10.182238,1.766285,-0.004170,0.032867,7,1,0,0.000000,0,14.496824,0.000000,0.016225,0,-0.163020,0.000000,-0.013108,14.496824,-0.163020,1,1,1,6.223308,0.000000,0.000000,0.000000,0.000000,0.000000,0.000000,0.000000
5.1601,20.586070,-0.152783,0.093761,-0.104720,0.022565,-0.018951,0,-0.163020,108,0.343497,0.110474,20.586070,0.004503,14.347710,0.093761,20.585953,14.485276,0.093761,-0.152783,-0.104720,0.012256,-0.543270,-52.419179,0.137566,0.001000,0.001453,0.001910,0.000128,0.001453,0.343497,0.110474,-9.803362,-0.003319,-0.004568,-0.103720,-2.946201,-0.004211,27.000000,0.013045,20.585953,0.004503,-0.152631,-0.104720,0.137000,0.001000,16,0,1,34,35,0.005377,-0.001843,-0.009937,0.265997,-0.232777,9.509723,1.766187,-0.004211,0.032899,6,1,0,0.000000,0,14.496824,0.000000,0.022565,0,-0.163020,0.000000,-0.018951,14.496824,-0.163020,1,1,1,6.223356,0.000000,0.000000,0.000000,0.000000,0.000000,0.000000,0.000000
5.1701,20.585960,-0.151864,-0.001022,0.000000,0.034028,-0.031503,0,-0.163020,118,0.344578,0.110780,20.585960,-0.002513,14.346873,-0.001022,20.585953,14.484365,-0.001022,-0.151864,0.000000,0.012321,-0.543270,-52.419179,0.137492,0.000000,0.001333,0.001843,-0.000380,0.001333,0.344578,0.110780,-9.803321,0.013382,-0.007794,0.000000,-2.946195,-0.004163,27.000000,0.013045,20.585953,-0.002513,-0.151864,0.000000,0.137000,0.000000,21,0,1,34,35,0.003227,0.015133,-0.001208,-0.440429,-0.106360,10.084758,1.766194,-0.004163,0.033019,7,1,0,0.000000,0,14.496824,0.000000,0.034028,0,-0.163020,0.000000,-0.031503,14.496824,-0.163020,1,1,1,6.223552,0.000000,0.000000,0.000000,0.000000,0.000000,0.000000,0.000000
5.1801,20.585464,-0.151864,-0.013184,0.000000,0.025070,-0.022311,0,-0.163020,128,0.343866,0.111127,20.585464,-0.001466,14.346871,-0.013184,20.585474,14.484352,-0.013184,-0.151864,0.000000,0.012342,-0.543270,-52.419179,0.137482,-0.001000,0.001294,0.001999,0.000000,0.001294,0.343866,0.111127,-9.803342,0.002781,0.006911,-0.001000,-2.946207,-0.004166,27.000000,0.013045,20.585474,-0.001466,-0.151864,0.000000,0.137000,-0.001000,26,0,1,34,35,-0.007434,0.000314,-0.014189,0.187758,0.000910,9.167483,1.766182,-0.004166,0.032942,7,1,0,0.000000,0,14.496824,0.000000,0.025070,0,-0.163020,0.000000,-0.022311,14.496824,-0.163020,1,1,1,6.223600,0.000000,0.000000,0.000000,0.000000,0.000000,0.000000,0.000000
5.1901,20.586415,-0.151864,-0.012392,0.000000,0.026318,-0.022311,0,-0.163020,138,0.343092,0.111479,20.586415,0.012776,14.346754,-0.012392,20.586433,14.484238,-0.012392,-0.151864,0.000000,0.012355,-0.543270,-52.419179,0.137484,0.000000,0.001270,0.001987,0.000221,0.001270,0.343092,0.111479,-9.803365,-0.018089,-0.008710,0.000000,-2.946321,-0.004176,27.000000,0.013045,20.586433,0.012776,-0.151864,0.000000,0.137000,0.000000,31,0,1,34,35,0.013929,-0.014612,-0.012212,0.007410,0.343294,10.089568,1.766068,-0.004176,0.032858,7,1,0,0.000000,0,14.496824,0.000000,0.026318,0,-0.163020,0.000000,-0.022311,14.496824,-0.163020,1,1,1,6.223745,0.000000,0.000000,0.000000,0.000000,0.000000,0.000000,0.000000
5.2001,20.586987,-0.151864,-0.012375,0.000000,0.026077,-0.022311,0,-0.163020,148,0.343381,0.110835,20.586987,0.005550,14.346677,-0.012375,20.587008,14.484163,-0.012375,-0.151864,0.000000,0.012393,-0.543270,-52.419179,0.137485,0.001000,0.001201,0.002014,-0.000001,0.001201,0.343381,0.110835,-9.803362,0.025814,-0.011892,0.001000,-2.946400,-0.004078,27.000000,0.013045,20.587008,0.005550,-0.151864,0.000000,0.137000,0.001000,36,0,1,34,35,0.003211,0.028096,-0.011724,-0.279365,0.126278,9.838370,1.765989,-0.004078,0.032897,6,1,0,0.000000,0,14.496824,0.000000,0.026077,0,-0.163020,0.000000,-0.022311,14.496824,-0.163020,1,1,1,6.224121,0.000000,0.000000,0.000000,0.000000,0.000000,0.000000,0.000000
5.2101,20.586847,-0.152631,0.030593,0.000000,0.015490,-0.013108,0,-0.163020,158,0.344215,0.111223,20.586847,-0.000419,14.347466,0.030593,20.586816,14.484982,0.030593,-0.152631,0.000000,0.012437,-0.543270,-52.419179,0.137516,0.000000,0.001120,0.001970,-0.000133,0.001120,0.344215,0.111223,-9.803328,0.003691,0.013339,0.000000,-2.946347,-0.004112,27.000000,0.013045,20.586816,-0.000419,-0.152631,0.000000,0.137000,0.000000,41,0,1,34,35,-0.013824,-0.000300,0.030599,0.015869,0.028090,9.282490,1.766042,-0.004112,0.032963,7,1,0,0.000000,0,14.496824,0.000000,0.015490,0,-0.163020,0.000000,-0.013108,14.496824,-0.163020,1,1,1,6.224189,0.000000,0.000000,0.000000,0.000000,0.000000,0.000000,0.000000
5.2201,20.586920,-0.152631,0.011157,0.000000,0.023420,-0.020777,0,-0.163020,168,0.344645,0.110844,20.586920,0.001466,14.347502,0.011157,20.586912,14.485004,0.011157,-0.152631,0.000000,0.012326,-0.543270,-52.419179,0.137502,0.000000,0.001323,0.001862,0.000083,0.001323,0.344645,0.110844,-9.803317,-0.010631,0.002330,0.000000,-2.946322,-0.004190,27.000000,0.013045,20.586912,0.001466,-0.152631,0.000000,0.137000,0.000000,46,0,1,34,35,0.001124,-0.010687,0.011290,-0.267617,0.135392,10.651956,1.766067,-0.004190,0.033012,7,1,0,0.000000,0,14.496824,0.000000,0.023420,0,-0.163020,0.000000,-0.020777,14.496824,-0.163020,1,1,1,6.224238,0.000000,0.000000,0.000000,0.000000,0.000000,0.000000,0.000000
5.2301,20.586548,-0.152631,0.010281,0.000000,0.022771,-0.020777,0,-0.163020,178,0.344269,0.107794,20.586548,-0.002513,14.347589,0.010281,20.586529,14.485076,0.010281,-0.152631,0.000000,0.012076,-0.543270,-52.419179,0.137487,-0.001000,0.001784,0.001993,-0.000103,0.001784,0.344269,0.107794,-9.803365,-0.000430,-0.001029,-0.001000,-2.946252,-0.004127,27.000000,0.013045,20.586529,-0.002513,-0.152631,0.000000,0.137000,-0.001000,51,0,1,34,35,0.007509,0.006455,0.009361,-0.271282,0.010461,9.148140,1.766131,-0.004131,0.033021,7,1,0,0.000000,0,14.496824,0.000000,0.022771,0,-0.163020,0.000000,-0.020777,14.496824,-0.163020,1,1,1,6.224289,0.000000,0.000000,0.000000,0.000000,0.000000,0.000000,0.000000
5.2401,20.586450,-0.151864,0.007884,0.000000,0.031232,-0.029981,0,-0.163020,188,0.343785,0.111508,20.586450,0.000419,14.346934,0.007884,20.586433,14.484432,0.007884,-0.151864,0.000000,0.012436,-0.543270,-52.419179,0.137498,-0.001000,0.001122,0.001961,-0.000024,0.001122,0.343785,0.111508,-9.803340,-0.007884,0.010402,-0.001000,-2.946130,-0.004109,27.000000,0.013045,20.586433,0.000419,-0.151864,0.000000,0.137000,-0.001000,56,0,1,34,35,-0.007416,-0.010655,0.007017,0.018631,-0.068925,10.171567,1.766259,-0.004109,0.032928,7,1,0,0.000000,0,14.496824,0.000000,0.031232,0,-0.163020,0.000000,-0.029981,14.496824,-0.163020,1,1,1,6.224334,0.000000,0.000000,0.000000,0.000000,0.000000,0.000000,0.000000
5.2501,20.586814,-0.152631,0.005216,0.000000,0.014977,-0.013108,0,-0.163020,198,0.343220,0.111388,20.586814,0.002513,14.347753,0.005216,20.586816,14.485249,0.005216,-0.152631,0.000000,0.012411,-0.543270,-52.419179,0.137496,0.000000,0.001167,0.001999,0.000002,0.001167,0.343220,0.111388,-9.803361,0.009780,0.002353,0.000000,-2.946079,-0.004138,27.000000,0.013045,20.586816,0.002513,-0.152631,0.000000,0.137000,0.000000,61,0,1,34,35,-0.005302,0.008612,0.005109,0.065079,-0.279399,9.403849,1.766310,-0.004138,0.032860,6,1,0,0.000000,0,14.496824,0.000000,0.014977,0,-0.163020,0.000000,-0.013108,14.496824,-0.163020,1,1,1,6.224382,0.000000,0.000000,0.000000,0.000000,0.000000,0.000000,0.000000
5.2601,20.586602,-0.152631,-0.000201,0.000000,0.024639,-0.020777,0,-0.163020,208,0.341552,0.107634,20.586602,0.000419,14.347645,-0.000201,20.586624,14.485125,-0.000201,-0.152631,0.000000,0.012002,-0.543270,-52.419179,0.137480,0.001000,0.001920,0.001847,0.000012,0.001920,0.341552,0.107634,-9.803461,0.002469,0.000267,0.001000,-2.946203,-0.004143,27.000000,0.013045,20.586624,0.000419,-0.152631,0.000000,0.137000,0.001000,66,0,1,34,35,-0.001028,0.002271,0.000772,0.497008,0.297178,10.749783,1.766186,-0.004143,0.032750,7,1,0,0.000000,0,14.496824,0.000000,0.024639,0,-0.163020,0.000000,-0.020777,14.496824,-0.163020,1,1,1,6.224432,0.000000,0.000000,0.000000,0.000000,0.000000,0.000000,0.000000
5.2701,20.586663,-0.152631,0.009585,0.000000,0.021146,-0.020777,0,-0.163020,218,0.343766,0.108349,20.586663,-0.001466,14.347823,0.009585,20.586624,14.485313,0.009585,-0.152631,0.000000,0.012094,-0.543270,-52.419179,0.137490,0.000000,0.001750,0.001946,-0.000164,0.001750,0.343766,0.108349,-9.803376,0.011746,-0.005036,0.000000,-2.946015,-0.004157,27.000000,0.013045,20.586624,-0.001466,-0.152631,0.000000,0.137000,0.000000,71,0,1,34,35,0.001098,0.012848,0.009430,-0.527807,-0.025197,9.702700,1.766374,-0.004157,0.032962,6,1,0,0.000000,0,14.496824,0.000000,0.021146,0,-0.163020,0.000000,-0.020777,14.496824,-0.163020,1,1,1,6.224479,0.000000,0.000000,0.000000,0.000000,0.000000,0.000000,0.000000
5.2801,20.586442,-0.151864,-0.002469,0.000000,0.030953,-0.029981,0,-0.163020,228,0.343927,0.109240,20.586442,0.000419,14.347168,-0.002469,20.586433,14.484652,-0.002469,-0.151864,0.000000,0.012093,-0.543270,-52.419179,0.137483,-0.001000,0.001752,0.002014,-0.000007,0.001752,0.343927,0.109240,-9.803361,0.003895,0.004296,-0.001000,-2.945906,-0.004225,27.000000,0.013045,20.586433,0.000419,-0.151864,0.000000,0.137000,-0.001000,76,0,1,34,35,-0.009568,0.004355,0.002923,-0.060684,-0.112906,9.080045,1.766485,-0.004222,0.032977,7,1,0,0.000000,0,14.496824,0.000000,0.030953,0,-0.163020,0.000000,-0.029981,14.496824,-0.163020,1,1,1,6.224527,0.000000,0.000000,0.000000,0.000000,0.000000,0.000000,0.000000
5.2901,20.586690,-0.151864,-0.009310,0.000000,0.026449,-0.022311,0,-0.163020,238,0.343000,0.108980,20.586690,-0.000419,14.347000,-0.009310,20.586720,14.484476,-0.009310,-0.151864,0.000000,0.012121,-0.543270,-52.419179,0.137477,-0.001000,0.001701,0.001990,-0.000067,0.001701,0.343000,0.108980,-9.803396,-0.018852,-0.003963,-0.001000,-2.946084,-0.004157,27.000000,0.013045,20.586720,-0.000419,-0.151864,0.000000,0.137000,-0.001000,81,0,1,34,35,0.009662,-0.016789,-0.010108,-0.011106,0.039304,9.923803,1.766305,-0.004157,0.032888,6,1,0,0.000000,0,14.496824,0.000000,0.026449,0,-0.163020,0.000000,-0.022311,14.496824,-0.163020,1,1,1,6.224575,0.000000,0.000000,0.000000,0.000000,0.000000,0.000000,0.000000
5.3001,20.586902,-0.152631,-0.013387,0.000000,0.017975,-0.013108,0,-0.163020,248,0.341441,0.108580,20.586902,0.003560,14.347566,-0.013387,20.586912,14.485036,-0.013387,-0.152631,0.000000,0.012138,-0.543270,-52.419179,0.137470,-0.001000,0.001670,0.002035,0.000151,0.001670,0.341441,0.108580,-9.803455,-0.005323,0.009579,-0.001000,-2.946293,-0.004101,27.000000,0.013045,20.586912,0.003560,-0.152631,0.000000,0.137000,-0.001000,86,0,1,34,35,-0.007425,-0.008234,-0.014288,0.369283,0.208779,9.380240,1.766096,-0.004101,0.032724,6,1,0,0.000000,0,14.496824,0.000000,0.017975,0,-0.163020,0.000000,-0.013108,14.496824,-0.163020,1,1,1,6.224623,0.000000,0.000000,0.000000,0.000000,0.000000,0.000000,0.000000
5.3101,20.587287,-0.152631,-0.009126,0.000000,0.024167,-0.020777,0,-0.163020,2,0.342742,0.108857,20.587287,0.004503,14.347505,-0.009126,20.587295,14.484987,-0.009126,-0.152631,0.000000,0.012137,-0.543270,-52.419179,0.137482,0.002000,0.001672,0.002024,0.000017,0.001672,0.342742,0.108857,-9.803406,0.029019,-0.001744,0.002000,-2.946341,-0.004150,27.000000,0.013045,20.587295,0.004503,-0.152631,0.000000,0.137000,0.002000,91,0,1,34,35,-0.007461,0.028009,-0.007467,0.084423,0.049153,9.904824,1.766048,-0.004150,0.032851,7,1,0,0.000000,0,14.496824,0.000000,0.024167,0,-0.163020,0.000000,-0.020777,14.496824,-0.163020,1,1,1,6.224732,0.000000,0.000000,0.000000,0.000000,0.000000,0.000000,0.000000
5.3201,20.586829,-0.152631,0.010910,0.000000,0.022607,-0.020777,0,-0.163020,12,0.344228,0.108963,20.586829,-0.003560,14.347580,0.010910,20.586816,14.485076,0.010910,-0.152631,0.000000,0.012131,-0.543270,-52.419179,0.137496,0.001000,0.001682,0.001862,-0.000198,0.001682,0.344228,0.108963,-9.803353,0.023794,0.004479,0.001000,-2.946250,-0.004189,27.000000,0.013045,20.586816,-0.003560,-0.152631,0.000000,0.137000,0.001000,96,0,1,34,35,-0.011718,0.021331,0.011652,-0.338485,-0.091929,8.917377,1.766139,-0.004189,0.032999,6,1,0,0.000000,0,14.496824,0.000000,0.022607,0,-0.163020,0.000000,-0.020777,14.496824,-0.163020,1,1,1,6.224780,0.000000,0.000000,0.000000,0.000000,0.000000,0.000000,0.000000
5.3301,20.586827,-0.151864,0.006905,0.000000,0.032521,-0.029981,0,-0.163020,22,0.343905,0.109568,20.586827,0.001466,14.346831,0.006905,20.586816,14.484324,0.006905,-0.151864,0.000000,0.012164,-0.543270,-52.419179,0.137493,0.000000,0.001623,0.001957,-0.000095,0.001623,0.343905,0.109568,-9.803358,-0.014502,-0.009888,0.000000,-2.946235,-0.004188,27.000000,0.013045,20.586816,0.001466,-0.151864,0.000000,0.137000,0.000000,101,0,1,34,35,0.013930,-0.010593,0.007034,-0.403213,0.312502,10.242119,1.766154,-0.004188,0.032970,7,1,0,0.000000,0,14.496824,0.000000,0.032521,0,-0.163020,0.000000,-0.029981,14.496824,-0.163020,1,1,1,6.224828,0.000000,0.000000,0.000000,0.000000,0.000000,0.000000,0.000000
5.3401,20.586887,-0.151864,-0.018926,0.000000,0.025392,-0.022311,0,-0.163020,32,0.343399,0.109326,20.586887,0.000419,14.346821,-0.018926,20.586912,14.484291,-0.018926,-0.151864,0.000000,0.012158,-0.543270,-52.419179,0.137471,-0.002000,0.001633,0.001843,-0.000098,0.001633,0.343399,0.109326,-9.803378,-0.015239,-0.000650,-0.002000,-2.946269,-0.004161,27.000000,0.013045,20.586912,0.000419,-0.151864,0.000000,0.137000,-0.002000,106,0,1,34,35,0.005388,-0.014523,-0.020751,-0.356121,0.278050,9.935549,1.766120,-0.004161,0.032922,6,1,0,0.000000,0,14.496824,0.000000,0.025392,0,-0.163020,0.000000,-0.022311,14.496824,-0.163020,1,1,1,6.224877,0.000000,0.000000,0.000000,0.000000,0.000000,0.000000,0.000000
5.3501,20.587172,-0.152631,-0.019532,0.000000,0.018838,-0.013108,0,-0.163020,42,0.341866,0.110018,20.587172,0.004503,14.347338,-0.019532,20.587200,14.484810,-0.019532,-0.152631,0.000000,0.012234,-0.543270,-52.419179,0.137472,-0.001000,0.001493,0.002017,0.000147,0.001493,0.341866,0.110018,-9.803424,0.005646,0.008215,-0.001000,-2.946517,-0.004156,27.000000,0.013045,20.587200,0.004503,-0.152631,0.000000,0.137000,-0.001000,111,0,1,34,35,-0.009573,0.002530,-0.020565,0.388875,0.027819,9.321012,1.765872,-0.004156,0.032745,6,1,0,0.000000,0,14.496824,0.000000,0.018838,0,-0.163020,0.000000,-0.013108,14.496824,-0.163020,1,1,1,6.224925,0.000000,0.000000,0.000000,0.000000,0.000000,0.000000,0.000000
5.3601,20.587402,-0.152631,0.013700,0.000000,0.024249,-0.020777,0,-0.163020,52,0.342252,0.109584,20.587402,-0.000419,14.347298,0.013700,20.587391,14.484792,0.013700,-0.152631,0.000000,0.012204,-0.543270,-52.419179,0.137493,0.000000,0.001548,0.002015,-0.000102,0.001548,0.342252,0.109584,-9.803415,0.004886,-0.005032,0.000000,-2.946536,-0.004148,27.000000,0.013045,20.587391,-0.000419,-0.152631,0.000000,0.137000,0.000000,116,0,1,34,35,0.003241,0.006386,0.013623,0.228593,-0.114148,9.970270,1.765853,-0.004148,0.032790,6,1,0,0.000000,0,14.496824,0.000000,0.024249,0,-0.163020,0.000000,-0.020777,14.496824,-0.163020,1,1,1,6.224975,0.000000,0.000000,0.000000,0.000000,0.000000,0.000000,0.000000
5.3701,20.587424,-0.151864,0.020450,0.000000,0.030382,-0.029981,0,-0.163020,62,0.344172,0.110068,20.587424,0.003560,14.346763,0.020450,20.587391,14.484265,0.020450,-0.151864,0.000000,0.012234,-0.543270,-52.419179,0.137502,0.000000,0.001493,0.001995,0.000131,0.001493,0.344172,0.110068,-9.803343,0.020930,-0.003566,0.000000,-2.946294,-0.004172,27.000000,0.013045,20.587391,0.003560,-0.151864,0.000000,0.137000,0.000000,121,0,1,34,35,-0.003177,0.021242,0.020191,-0.433557,-0.037907,9.185830,1.766095,-0.004172,0.032989,6,1,0,0.000000,0,14.496824,0.000000,0.030382,0,-0.163020,0.000000,-0.029981,14.496824,-0.163020,1,1,1,6.225145,0.000000,0.000000,0.000000,0.000000,0.000000,0.000000,0.000000
5.3801,20.587115,-0.151864,0.011065,0.000000,0.023490,-0.022311,0,-0.163020,72,0.344266,0.109166,20.587115,-0.000419,14.346906,0.011065,20.587104,14.484401,0.011065,-0.151864,0.000000,0.012123,-0.543270,-52.419179,0.137496,0.000000,0.001698,0.001855,0.000080,0.001698,0.344266,0.109166,-9.803350,-0.017341,-0.004459,0.000000,-2.946158,-0.004193,27.000000,0.013045,20.587104,-0.000419,-0.151864,0.000000,0.137000,0.000000,126,0,1,34,35,0.009667,-0.014936,0.011247,-0.525613,0.200420,10.795997,1.766231,-0.004193,0.033012,7,1,0,0.000000,0,14.496824,0.000000,0.023490,0,-0.163020,0.000000,-0.022311,14.496824,-0.163020,1,1,1,6.225193,0.000000,0.000000,0.000000,0.000000,0.000000,0.000000,0.000000
5.3901,20.587447,-0.151864,-0.024003,0.000000,0.027248,-0.022311,0,-0.163020,82,0.342759,0.109670,20.587447,0.004503,14.346734,-0.024003,20.587487,14.484201,-0.024003,-0.151864,0.000000,0.012181,-0.543270,-52.419179,0.137467,-0.001000,0.001591,0.001988,0.000236,0.001591,0.342759,0.109670,-9.803397,-0.001709,0.012885,-0.001000,-2.946359,-0.004163,27.000000,0.013045,20.587487,0.004503,-0.151864,0.000000,0.137000,-0.001000,131,0,1,34,35,-0.011700,-0.005968,-0.024932,0.293727,-0.266179,9.117016,1.766030,-0.004163,0.032853,7,1,0,0.000000,0,14.496824,0.000000,0.027248,0,-0.163020,0.000000,-0.022311,14.496824,-0.163020,1,1,1,6.225271,0.000000,0.000000,0.000000,0.000000,0.000000,0.000000,0.000000
5.4001,20.587291,-0.152631,0.003041,0.000000,0.017679,-0.013108,0,-0.163020,92,0.341990,0.109054,20.587291,-0.002513,14.347346,0.003041,20.587295,14.484832,0.003041,-0.152631,0.000000,0.012183,-0.543270,-52.419179,0.137485,0.000000,0.001587,0.002002,-0.000265,0.001587,0.341990,0.109054,-9.803431,0.003816,-0.009170,0.000000,-2.946497,-0.004112,27.000000,0.013045,20.587295,-0.002513,-0.152631,0.000000,0.137000,0.000000,136,0,1,34,35,0.007507,0.006541,0.002962,0.168762,0.235707,9.514367,1.765892,-0.004112,0.032772,7,1,0,0.000000,0,14.496824,0.000000,0.017679,0,-0.163020,0.000000,-0.013108,14.496824,-0.163020,1,1,1,6.225346,0.000000,0.000000,0.000000,0.000000,0.000000,0.000000,0.000000
5.4101,20.587500,-0.152631,0.010719,0.000000,0.023536,-0.020777,0,-0.163020,102,0.342408,0.109770,20.587500,0.001466,14.347374,0.010719,20.587487,14.484869,0.010719,-0.152631,0.000000,0.012236,-0.543270,-52.419179,0.137495,0.001000,0.001488,0.001847,0.000179,0.001488,0.342408,0.109770,-9.803408,0.011689,-0.005028,0.001000,-2.946459,-0.004137,27.000000,0.013045,20.587487,0.001466,-0.152631,0.000000,0.137000,0.001000,141,0,1,34,35,0.001099,0.012820,0.011563,-0.068460,0.359313,10.338511,1.765930,-0.004137,0.032803,6,1,0,0.000000,0,14.496824,0.000000,0.023536,0,-0.163020,0.000000,-0.020777,14.496824,-0.163020,1,1,1,6.225393,0.000000,0.000000,0.000000,0.000000,0.000000,0.000000,0.000000
5.4201,20.587236,-0.151864,0.024606,0.000000,0.029607,-0.029981,0,-0.163020,112,0.344291,0.110325,20.587236,-0.003560,14.346888,0.024606,20.587200,14.484394,0.024606,-0.151864,0.000000,0.012262,-0.543270,-52.419179,0.137506,0.000000,0.001441,0.001853,-0.000057,0.001441,0.344291,0.110325,-9.803336,0.019420,0.005922,0.000000,-2.946165,-0.004171,27.000000,0.013045,20.587200,-0.003560,-0.151864,0.000000,0.137000,0.000000,146,0,1,34,35,-0.011709,0.016887,0.024400,-0.491601,0.021554,9.014122,1.766224,-0.004171,0.032997,6,1,0,0.000000,0,14.496824,0.000000,0.029607,0,-0.163020,0.000000,-0.029981,14.496824,-0.163020,1,1,1,6.225515,0.000000,0.000000,0.000000,0.000000,0.000000,0.000000,0.000000
5.4301,20.587194,-0.151864,0.003627,0.000000,0.024135,-0.022311,0,-0.163020,122,0.343910,0.108896,20.587194,0.002513,14.346968,0.003627,20.587200,14.484455,0.003627,-0.151864,0.000000,0.012154,-0.543270,-52.419179,0.137486,-0.001000,0.001641,0.001849,0.000094,0.001641,0.343910,0.108896,-9.803365,-0.009760,0.004288,-0.001000,-2.946107,-0.004130,27.000000,0.013045,20.587200,0.002513,-0.151864,0.000000,0.137000,-0.001000,151,0,1,34,35,-0.001013,-0.010579,0.002756,-0.381559,0.320089,11.180111,1.766282,-0.004130,0.032981,7,1,0,0.000000,0,14.496824,0.000000,0.024135,0,-0.163020,0.000000,-0.022311,14.496824,-0.163020,1,1,1,6.225562,0.000000,0.000000,0.000000,0.000000,0.000000,0.000000,0.000000
5.4401,20.587363,-0.152631,-0.012449,0.000000,0.017999,-0.013108,0,-0.163020,132,0.343080,0.109582,20.587363,0.003560,14.347538,-0.012449,20.587391,14.485016,-0.012449,-0.152631,0.000000,0.012238,-0.543270,-52.419179,0.137478,0.000000,0.001486,0.001829,0.000043,0.001486,0.343080,0.109582,-9.803387,-0.017475,0.000104,0.000000,-2.946312,-0.004127,27.000000,0.013045,20.587391,0.003560,-0.152631,0.000000,0.137000,0.000000,156,0,1,34,35,0.005392,-0.016773,-0.012244,0.304282,-0.327080,9.403525,1.766077,-0.004127,0.032874,7,1,0,0.000000,0,14.496824,0.000000,0.017999,0,-0.163020,0.000000,-0.013108,14.496824,-0.163020,1,1,1,6.225608,0.000000,0.000000,0.000000,0.000000,0.000000,0.000000,0.000000
5.4501,20.587390,-0.152631,-0.005237,0.000000,0.024026,-0.020777,0,-0.163020,142,0.342617,0.110527,20.587390,-0.000419,14.347497,-0.005237,20.587391,14.484982,-0.005237,-0.152631,0.000000,0.012351,-0.543270,-52.419179,0.137485,0.000000,0.001278,0.002017,-0.000193,0.001278,0.342617,0.110527,-9.803392,0.016163,-0.006498,-0.000000,-2.946347,-0.004102,27.000000,0.013045,20.587391,-0.000419,-0.152631,0.000000,0.137000,0.000000,161,0,1,34,35,0.001089,0.017320,-0.005451,0.390906,-0.235420,9.729897,1.766042,-0.004102,0.032812,7,1,0,0.000000,0,14.496824,0.000000,0.024026,0,-0.163020,0.000000,-0.020777,14.496824,-0.163020,1,1,1,6.225654,0.000000,0.000000,0.000000,0.000000,0.000000,0.000000,0.000000
5.4601,20.587326,-0.151864,0.032243,0.000000,0.030782,-0.029981,0,-0.163020,152,0.342956,0.109540,20.587326,-0.001466,14.346880,0.032243,20.587295,14.484391,0.032243,-0.151864,0.000000,0.012253,-0.543270,-52.419179,0.137511,0.001000,0.001458,0.001838,-0.000140,0.001458,0.342956,0.109540,-9.803391,0.021282,-0.001436,0.001000,-2.946172,-0.004081,27.000000,0.013045,20.587295,-0.001466,-0.151864,0.000000,0.137000,0.001000,166,0,1,34,35,-0.005307,0.021065,0.032987,0.235928,-0.141904,9.118228,1.766217,-0.004081,0.032874,7,1,0,0.000000,0,14.496824,0.000000,0.030782,0,-0.163020,0.000000,-0.029981,14.496824,-0.163020,1,1,1,6.225701,0.000000,0.000000,0.000000,0.000000,0.000000,0.000000,0.000000
5.4701,20.587106,-0.151864,0.005018,0.000000,0.023448,-0.022311,0,-0.163020,162,0.344142,0.110096,20.587106,-0.003560,14.347015,0.005018,20.587104,14.484509,0.005018,-0.151864,0.000000,0.012268,-0.543270,-52.419179,0.137494,0.000000,0.001431,0.001863,-0.000099,0.001431,0.344142,0.110096,-9.803344,-0.000990,-0.003090,0.000000,-2.946052,-0.004141,27.000000,0.013045,20.587104,-0.003560,-0.151864,0.000000,0.137000,0.000000,171,0,1,34,35,0.003245,0.000089,0.005017,-0.338765,0.502462,9.574140,1.766337,-0.004141,0.032985,7,1,0,0.000000,0,14.496824,0.000000,0.023448,0,-0.163020,0.000000,-0.022311,14.496824,-0.163020,1,1,1,6.225747,0.000000,0.000000,0.000000,0.000000,0.000000,0.000000,0.000000
5.4801,20.587546,-0.152631,-0.033666,0.000000,0.017772,-0.013108,0,-0.163020,172,0.343542,0.109737,20.587546,0.005550,14.347612,-0.033666,20.587583,14.485080,-0.033666,-0.152631,0.000000,0.012247,-0.543270,-52.419179,0.137468,0.000000,0.001468,0.001833,0.000235,0.001468,0.343542,0.109737,-9.803369,-0.014894,-0.007482,0.000000,-2.946248,-0.004141,27.000000,0.013045,20.587583,0.005550,-0.152631,0.000000,0.137000,0.000000,176,0,1,34,35,0.011785,-0.012198,-0.033519,-0.249506,0.412935,10.635615,1.766141,-0.004141,0.032918,6,1,0,0.000000,0,14.496824,0.000000,0.017772,0,-0.163020,0.000000,-0.013108,14.496824,-0.163020,1,1,1,6.225794,0.000000,0.000000,0.000000,0.000000,0.000000,0.000000,0.000000
5.4901,20.587369,-0.152631,-0.010027,0.000000,0.025480,-0.020777,0,-0.163020,182,0.342605,0.109223,20.587369,-0.001466,14.347436,-0.010027,20.587391,14.484914,-0.010027,-0.152631,0.000000,0.012251,-0.543270,-52.419179,0.137479,0.000000,0.001461,0.001849,-0.000161,0.001461,0.342605,0.109223,-9.803407,0.000632,0.014361,0.000000,-2.946416,-0.004070,27.000000,0.013045,20.587391,-0.001466,-0.152631,0.000000,0.137000,0.000000,181,0,1,34,35,-0.013832,-0.004035,-0.009978,0.101360,0.115372,9.187718,1.765973,-0.004070,0.032831,6,1,0,0.000000,0,14.496824,0.000000,0.025480,0,-0.163020,0.000000,-0.020777,14.496824,-0.163020,1,1,1,6.225841,0.000000,0.000000,0.000000,0.000000,0.000000,0.000000,0.000000
5.5001,20.587248,-0.152631,0.028666,0.000000,0.021908,-0.020777,0,-0.163020,192,0.343105,0.109124,20.587248,-0.003560,14.347568,0.028666,20.587200,14.485074,0.028666,-0.152631,0.000000,0.012222,-0.543270,-52.419179,0.137506,0.000000,0.001515,0.001847,-0.000128,0.001515,0.343105,0.109124,-9.803391,0.011206,0.008615,0.000000,-2.946256,-0.004097,27.000000,0.013045,20.587200,-0.003560,-0.152631,0.000000,0.137000,0.000000,186,0,1,34,35,-0.011699,0.008282,0.028567,-0.220279,0.241071,10.614766,1.766133,-0.004097,0.032883,7,1,0,0.000000,0,14.496824,0.000000,0.021908,0,-0.163020,0.000000,-0.020777,14.496824,-0.163020,1,1,1,6.225887,0.000000,0.000000,0.000000,0.000000,0.000000,0.000000,0.000000
5.5101,20.587387,-0.151864,0.000600,0.000000,0.031539,-0.029981,0,-0.163020,202,0.343874,0.109428,20.587387,0.002513,14.346916,0.000600,20.587391,14.484404,0.000600,-0.151864,0.000000,0.012206,-0.543270,-52.419179,0.137488,0.000000,0.001545,0.001829,-0.000013,0.001545,0.343874,0.109428,-9.803360,-0.006976,-0.001120,-0.000000,-2.946157,-0.004131,27.000000,0.013045,20.587391,0.002513,-0.151864,0.000000,0.137000,0.000000,191,0,1,34,35,0.003251,-0.006265,0.000676,-0.011730,-0.014415,9.626581,1.766232,-0.004131,0.032969,6,1,0,0.000000,0,14.496824,0.000000,0.031539,0,-0.163020,0.000000,-0.029981,14.496824,-0.163020,1,1,1,6.225933,0.000000,0.000000,0.000000,0.000000,0.000000,0.000000,0.000000
5.5201,20.587374,-0.151864,-0.026758,0.000000,0.025989,-0.022311,0,-0.163020,212,0.343889,0.109614,20.587374,-0.000419,14.346836,-0.026758,20.587391,14.484308,-0.026758,-0.151864,0.000000,0.012292,-0.543270,-52.419179,0.137472,0.000000,0.001387,0.001862,-0.000095,0.001387,0.343889,0.109614,-9.803358,0.005253,-0.014124,0.000000,-2.946255,-0.004064,27.000000,0.013045,20.587391,-0.000419,-0.151864,0.000000,0.137000,0.000000,196,0,1,34,35,0.011765,0.009087,-0.026872,-0.279460,-0.080432,9.539609,1.766134,-0.004064,0.032967,6,1,0,0.000000,0,14.496824,0.000000,0.025989,0,-0.163020,0.000000,-0.022311,14.496824,-0.163020,1,1,1,6.225980,0.000000,0.000000,0.000000,0.000000,0.000000,0.000000,0.000000
5.5301,20.587563,-0.152631,-0.013294,0.000000,0.018442,-0.013108,0,-0.163020,222,0.342636,0.109769,20.587563,0.003560,14.347381,-0.013294,20.587583,14.484857,-0.013294,-0.152631,0.000000,0.012287,-0.543270,-52.419179,0.137477,-0.001000,0.001396,0.001965,-0.000104,0.001396,0.342636,0.109769,-9.803400,0.001404,0.016356,-0.001000,-2.946472,-0.004090,27.000000,0.013045,20.587583,0.003560,-0.152631,0.000000,0.137000,-0.001000,0,0,1,34,35,-0.015968,-0.003985,-0.014246,0.429457,-0.217925,9.864083,1.765917,-0.004090,0.032826,6,1,0,0.000000,0,14.496824,0.000000,0.018442,0,-0.163020,0.000000,-0.013108,14.496824,-0.163020,1,1,1,6.226026,0.000000,0.000000,0.000000,0.000000,0.000000,0.000000,0.000000
5.5401,20.587776,-0.152631,0.000853,0.000000,0.024760,-0.020777,0,-0.163020,232,0.343058,0.110474,20.587776,0.001466,14.347298,0.000853,20.587775,14.484788,0.000853,-0.152631,0.000000,0.012302,-0.543270,-52.419179,0.137490,0.000000,0.001368,0.001833,-0.000186,0.001368,0.343058,0.110474,-9.803377,0.003832,-0.002434,-0.000000,-2.946539,-0.004153,27.000000,0.013045,20.587775,0.001466,-0.152631,0.000000,0.137000,0.000000,5,0,1,34,35,0.001105,0.004414,0.000799,-0.030688,-0.137553,9.529627,1.765850,-0.004153,0.032858,7,1,0,0.000000,0,14.496824,0.000000,0.024760,0,-0.163020,0.000000,-0.020777,14.496824,-0.163020,1,1,1,6.226072,0.000000,0.000000,0.000000,0.000000,0.000000,0.000000,0.000000
5.5501,20.587526,-0.152631,0.024877,0.000000,0.022138,-0.020777,0,-0.163020,242,0.343991,0.109900,20.587526,-0.001466,14.347443,0.024877,20.587487,14.484949,0.024877,-0.152631,0.000000,0.012306,-0.543270,-52.419179,0.137507,0.000000,0.001360,0.001847,-0.000053,0.001360,0.343991,0.109900,-9.803351,0.024247,-0.013673,0.000000,-2.946380,-0.004105,27.000000,0.013045,20.587487,-0.001466,-0.152631,0.000000,0.137000,0.000000,10,0,1,34,35,0.005356,0.027620,0.024539,-0.469579,0.488841,10.674517,1.766009,-0.004105,0.032961,7,1,0,0.000000,0,14.496824,0.000000,0.022138,0,-0.163020,0.000000,-0.020777,14.496824,-0.163020,1,1,1,6.226118,0.000000,0.000000,0.000000,0.000000,0.000000,0.000000,0.000000
5.5601,20.587609,-0.151864,0.021917,0.000000,0.031814,-0.029981,0,-0.163020,252,0.344004,0.109685,20.587609,0.001466,14.346775,0.021917,20.587583,14.484277,0.021917,-0.151864,0.000000,0.012256,-0.543270,-52.419179,0.137502,0.000000,0.001452,0.001848,0.000086,0.001452,0.344004,0.109685,-9.803353,-0.004840,0.007161,0.000000,-2.946284,-0.004109,27.000000,0.013045,20.587583,0.001466,-0.151864,0.000000,0.137000,0.000000,15,0,1,34,35,-0.005281,-0.006573,0.021999,0.043235,-0.013106,8.746150,1.766105,-0.004109,0.032978,6,1,0,0.000000,0,14.496824,0.000000,0.031814,0,-0.163020,0.000000,-0.029981,14.496824,-0.163020,1,1,1,6.226164,0.000000,0.000000,0.000000,0.000000,0.000000,0.000000,0.000000
5.5701,20.587568,-0.152631,-0.025042,0.000000,0.015933,-0.013108,0,-0.163020,6,0.344074,0.109821,20.587568,-0.000419,14.347569,-0.025042,20.587583,14.485041,-0.025042,-0.152631,0.000000,0.012328,-0.543270,-52.419179,0.137472,0.000000,0.001321,0.001857,0.000012,0.001321,0.344074,0.109821,-9.803349,-0.008381,-0.000643,0.000000,-2.946289,-0.004077,27.000000,0.013045,20.587583,-0.000419,-0.152631,0.000000,0.137000,0.000000,20,0,1,34,35,0.003245,-0.008062,-0.024945,-0.479585,0.406077,10.405706,1.766100,-0.004077,0.032970,7,1,0,0.000000,0,14.496824,0.000000,0.015933,0,-0.163020,0.000000,-0.013108,14.496824,-0.163020,1,1,1,6.226213,0.000000,0.000000,0.000000,0.000000,0.000000,0.000000,0.000000
5.5801,20.587904,-0.152774,0.101054,-0.104720,0.023887,-0.019059,0,-0.163020,16,0.342350,0.109436,20.587904,0.004503,14.347456,0.101054,20.587775,14.485014,0.101054,-0.152774,-0.104720,0.012302,-0.543270,-52.419179,0.137558,0.000000,0.001368,0.001814,0.000108,0.001368,0.342350,0.109436,-9.803414,-0.006873,-0.001143,-0.104720,-2.946460,-0.004042,27.000000,0.013045,20.587775,0.004503,-0.152631,-0.104720,0.137000,0.000000,25,0,1,34,35,0.003249,-0.006208,-0.003590,0.380480,0.173264,9.934975,1.765929,-0.004042,0.032800,7,1,0,0.000000,0,14.496824,0.000000,0.023887,0,-0.163020,0.000000,-0.019059,14.496824,-0.163020,1,1,1,6.226263,0.000000,0.000000,0.000000,0.000000,0.000000,0.000000,0.000000
5.5901,20.587615,-0.152631,0.026892,0.000000,0.023162,-0.022210,0,-0.163020,26,0.343376,0.110071,20.587615,-0.004503,14.347545,0.026892,20.587583,14.485052,0.026892,-0.152631,0.000000,0.012390,-0.543270,-52.419179,0.137508,0.000000,0.001206,0.002003,-0.000135,0.001206,0.343376,0.110071,-9.803371,0.026123,0.005936,0.000000,-2.946279,-0.004029,27.000000,0.013045,20.587583,-0.004503,-0.152631,0.000000,0.137000,0.000000,30,0,1,34,35,-0.013850,0.023263,0.026606,-0.194419,0.008853,9.282160,1.766110,-0.004029,0.032896,7,1,0,0.000000,0,14.496824,0.000000,0.023162,0,-0.163020,0.000000,-0.022210,14.496824,-0.163020,1,1,1,6.226346,0.000000,0.000000,0.000000,0.000000,0.000000,0.000000,0.000000
5.6001,20.587402,-0.151864,0.018065,0.000000,0.031027,-0.029981,0,-0.163020,36,0.343637,0.110185,20.587402,0.001466,14.346927,0.018065,20.587391,14.484429,0.018065,-0.151864,0.000000,0.012330,-0.543270,-52.419179,0.137502,0.000000,0.001316,0.001877,0.000169,0.001316,0.343637,0.110185,-9.803360,0.010170,-0.002272,0.000000,-2.946134,-0.004079,27.000000,0.013045,20.587391,0.001466,-0.151864,0.000000,0.137000,0.000000,35,0,1,34,35,-0.001031,0.010591,0.017936,-0.029467,0.082980,10.259196,1.766255,-0.004079,0.032933,7,1,0,0.000000,0,14.496824,0.000000,0.031027,0,-0.163020,0.000000,-0.029981,14.496824,-0.163020,1,1,1,6.226390,0.000000,0.000000,0.000000,0.000000,0.000000,0.000000,0.000000
5.6101,20.587581,-0.151864,-0.005994,0.000000,0.024643,-0.022311,0,-0.163020,46,0.343293,0.107822,20.587581,0.004503,14.346964,-0.005994,20.587583,14.484441,-0.005994,-0.151864,0.000000,0.012107,-0.543270,-52.419179,0.137477,0.000000,0.001727,0.002050,0.000001,0.001727,0.343293,0.107822,-9.803399,-0.016930,-0.004582,0.000000,-2.946123,-0.004059,27.000000,0.013045,20.587583,0.004503,-0.151864,0.000000,0.137000,0.000000,40,0,1,34,35,0.013929,-0.012588,-0.003655,-0.079654,-0.028862,9.243574,1.766271,-0.004069,0.032945,6,1,0,0.000000,0,14.496824,0.000000,0.024643,0,-0.163020,0.000000,-0.022311,14.496824,-0.163020,1,1,1,6.226438,0.000000,0.000000,0.000000,0.000000,0.000000,0.000000,0.000000
5.6201,20.587554,-0.151864,-0.018394,0.000000,0.027030,-0.022311,0,-0.163020,56,0.342869,0.111062,20.587554,0.001466,14.346773,-0.018394,20.587583,14.484252,-0.018394,-0.151864,0.000000,0.012425,-0.543270,-52.419179,0.137480,0.000000,0.001141,0.002001,0.000052,0.001141,0.342869,0.111062,-9.803377,0.003603,0.002146,0.000000,-2.946311,-0.004061,27.000000,0.013045,20.587583,0.001466,-0.151864,0.000000,0.137000,0.000000,45,0,1,34,35,-0.003168,0.002520,-0.018427,0.057526,-0.052962,10.430155,1.766078,-0.004061,0.032842,6,1,0,0.000000,0,14.496824,0.000000,0.027030,0,-0.163020,0.000000,-0.022311,14.496824,-0.163020,1,1,1,6.226480,0.000000,0.000000,0.000000,0.000000,0.000000,0.000000,0.000000
5.6301,20.587770,-0.152631,0.003036,0.000000,0.017563,-0.013108,0,-0.163020,66,0.342748,0.110735,20.587770,-0.001466,14.347392,0.003036,20.587775,14.484884,0.003036,-0.152631,0.000000,0.012417,-0.543270,-52.419179,0.137492,0.000000,0.001155,0.001852,-0.000074,0.001155,0.342748,0.110735,-9.803385,0.006474,-0.001059,0.000000,-2.946446,-0.004059,27.000000,0.013045,20.587775,-0.001466,-0.152631,0.000000,0.137000,0.000000,50,0,1,34,35,-0.001031,0.006516,0.002955,0.237239,-0.317201,9.374868,1.765943,-0.004059,0.032822,7,1,0,0.000000,0,14.496824,0.000000,0.017563,0,-0.163020,0.000000,-0.013108,14.496824,-0.163020,1,1,1,6.226549,0.000000,0.000000,0.000000,0.000000,0.000000,0.000000,0.000000
5.6401,20.587779,-0.152631,0.015984,0.000000,0.023324,-0.020777,0,-0.163020,76,0.342884,0.107191,20.587779,0.001466,14.347440,0.015984,20.587775,14.484930,0.015984,-0.152631,0.000000,0.012049,-0.543270,-52.419179,0.137490,0.000000,0.001834,0.001858,-0.000006,0.001834,0.342884,0.107191,-9.803420,0.010921,-0.007028,0.000000,-2.946400,-0.004072,27.000000,0.013045,20.587775,0.001466,-0.152631,0.000000,0.137000,0.000000,55,0,1,34,35,0.003235,0.012769,0.015831,-0.114810,0.352807,10.864789,1.765989,-0.004072,0.032891,7,1,0,0.000000,0,14.496824,0.000000,0.023324,0,-0.163020,0.000000,-0.020777,14.496824,-0.163020,1,1,1,6.226597,0.000000,0.000000,0.000000,0.000000,0.000000,0.000000,0.000000
5.6501,20.587514,-0.152631,0.001105,0.000000,0.021878,-0.020777,0,-0.163020,86,0.344474,0.106824,20.587514,-0.004503,14.347608,0.001105,20.587487,14.485090,0.001105,-0.152631,0.000000,0.012055,-0.543270,-52.419179,0.137481,0.000000,0.001822,0.001858,-0.000137,0.001822,0.344474,0.106824,-9.803368,0.013977,-0.005781,0.000000,-2.946242,-0.004054,27.000000,0.013045,20.587487,-0.004503,-0.152631,0.000000,0.137000,0.000000,60,0,1,34,35,0.001094,0.015098,0.000923,-0.308927,-0.171119,9.136720,1.766147,-0.004054,0.033057,6,1,0,0.000000,0,14.496824,0.000000,0.021878,0,-0.163020,0.000000,-0.020777,14.496824,-0.163020,1,1,1,6.226640,0.000000,0.000000,0.000000,0.000000,0.000000,0.000000,0.000000
5.6601,20.587599,-0.152631,0.004711,0.000000,0.022738,-0.020777,0,-0.163020,96,0.343887,0.107433,20.587599,0.003560,14.347666,0.004711,20.587583,14.485150,0.004711,-0.152631,0.000000,0.012126,-0.543270,-52.419179,0.137484,0.000000,0.001692,0.001979,0.000090,0.001692,0.343887,0.107433,-9.803382,-0.012501,0.002957,0.000000,-2.946181,-0.004035,27.000000,0.013045,20.587583,0.003560,-0.152631,0.000000,0.137000,0.000000,65,0,1,34,35,0.001124,-0.012739,0.004866,-0.134054,0.108546,10.508216,1.766208,-0.004035,0.032988,6,1,0,0.000000,0,14.496824,0.000000,0.022738,0,-0.163020,0.000000,-0.020777,14.496824,-0.163020,1,1,1,6.226684,0.000000,0.000000,0.000000,0.000000,0.000000,0.000000,0.000000
5.6701,20.587582,-0.152631,-0.007938,0.000000,0.023332,-0.020777,0,-0.163020,106,0.342735,0.106753,20.587582,0.000419,14.347680,-0.007938,20.587583,14.485152,-0.007938,-0.152631,0.000000,0.012051,-0.543270,-52.419179,0.137472,0.000000,0.001830,0.001845,-0.000009,0.001830,0.342735,0.106753,-9.803430,-0.003444,0.008962,0.000000,-2.946181,-0.004024,27.000000,0.013045,20.587583,0.000419,-0.152631,0.000000,0.137000,0.000000,70,0,1,34,35,-0.007425,-0.006182,-0.007864,0.190075,-0.216522,9.739526,1.766208,-0.004024,0.032883,7,1,0,0.000000,0,14.496824,0.000000,0.023332,0,-0.163020,0.000000,-0.020777,14.496824,-0.163020,1,1,1,6.226727,0.000000,0.000000,0.000000,0.000000,0.000000,0.000000,0.000000
5.6801,20.587599,-0.151864,0.007150,0.000000,0.032412,-0.029981,0,-0.163020,116,0.342157,0.107014,20.587599,0.001466,14.346914,0.007150,20.587583,14.484396,0.007150,-0.151864,0.000000,0.012051,-0.543270,-52.419179,0.137482,0.000000,0.001829,0.001853,0.000092,0.001829,0.342157,0.107014,-9.803447,-0.001042,-0.003074,0.000000,-2.946169,-0.004016,27.000000,0.013045,20.587583,0.001466,-0.151864,0.000000,0.137000,0.000000,75,0,1,34,35,0.003246,0.000061,0.007150,-0.032042,0.405122,9.726487,1.766220,-0.004016,0.032833,7,1,0,0.000000,0,14.496824,0.000000,0.032412,0,-0.163020,0.000000,-0.029981,14.496824,-0.163020,1,1,1,6.226772,0.000000,0.000000,0.000000,0.000000,0.000000,0.000000,0.000000
5.6901,20.587588,-0.152631,-0.010816,0.000000,0.015211,-0.013108,0,-0.163020,126,0.342759,0.106939,20.587588,0.000419,14.347727,-0.010816,20.587583,14.485200,-0.010816,-0.152631,0.000000,0.012053,-0.543270,-52.419179,0.137473,0.001000,0.001826,0.001818,0.000003,0.001826,0.342759,0.106939,-9.803427,0.006087,0.003569,0.001000,-2.946132,-0.004041,27.000000,0.013045,20.587583,0.000419,-0.152631,0.000000,0.137000,0.001000,80,0,1,34,35,-0.005302,0.004537,-0.009871,-0.413104,0.558751,10.435995,1.766257,-0.004041,0.032882,7,1,0,0.000000,0,14.496824,0.000000,0.015211,0,-0.163020,0.000000,-0.013108,14.496824,-0.163020,1,1,1,6.226815,0.000000,0.000000,0.000000,0.000000,0.000000,0.000000,0.000000
5.7001,20.587871,-0.151864,0.009477,0.000000,0.033203,-0.029981,0,-0.163020,136,0.343015,0.109040,20.587871,0.003560,14.346879,0.009477,20.587871,14.484370,0.009477,-0.151864,0.000000,0.012202,-0.543270,-52.419179,0.137491,0.000000,0.001552,0.001957,0.000118,0.001552,0.343015,0.109040,-9.803395,0.010343,0.004411,0.000000,-2.946192,-0.004082,27.000000,0.013045,20.587871,0.003560,-0.151864,0.000000,0.137000,0.000000,85,0,1,34,35,-0.007436,0.008550,0.009373,0.264243,-0.027263,9.128968,1.766197,-0.004082,0.032888,7,1,0,0.000000,0,14.496824,0.000000,0.033203,0,-0.163020,0.000000,-0.029981,14.496824,-0.163020,1,1,1,6.226859,0.000000,0.000000,0.000000,0.000000,0.000000,0.000000,0.000000
5.7101,20.587676,-0.151864,-0.003252,0.000000,0.024494,-0.022311,0,-0.163020,146,0.344179,0.108332,20.587676,-0.003560,14.346922,-0.003252,20.587679,14.484405,-0.003252,-0.151864,0.000000,0.012208,-0.543270,-52.419179,0.137482,0.000000,0.001540,0.001992,-0.000192,0.001540,0.344179,0.108332,-9.803362,0.007370,-0.012583,0.000000,-2.946160,-0.004022,27.000000,0.013045,20.587679,-0.003560,-0.151864,0.000000,0.137000,0.000000,90,0,1,34,35,0.009635,0.010906,-0.003386,-0.679261,0.052648,10.363743,1.766229,-0.004022,0.033016,7,1,0,0.000000,0,14.496824,0.000000,0.024494,0,-0.163020,0.000000,-0.022311,14.496824,-0.163020,1,1,1,6.226997,0.000000,0.000000,0.000000,0.000000,0.000000,0.000000,0.000000
5.7201,20.587731,-0.152631,-0.008077,0.000000,0.017234,-0.013108,0,-0.163020,156,0.342349,0.106648,20.587731,0.004503,14.347568,-0.008077,20.587775,14.485039,-0.008077,-0.152631,0.000000,0.012060,-0.543270,-52.419179,0.137471,0.000000,0.001814,0.001888,0.000326,0.001814,0.342349,0.106648,-9.803444,-0.014188,-0.003224,0.000000,-2.946295,-0.003998,27.000000,0.013045,20.587775,0.004503,-0.152631,0.000000,0.137000,0.000000,95,0,1,34,35,0.007524,-0.012550,-0.007927,0.553181,-0.149393,9.740438,1.766094,-0.003998,0.032846,7,1,0,0.000000,0,14.496824,0.000000,0.017234,0,-0.163020,0.000000,-0.013108,14.496824,-0.163020,1,1,1,6.227040,0.000000,0.000000,0.000000,0.000000,0.000000,0.000000,0.000000
5.7301,20.588241,-0.152631,0.000005,0.000000,0.024475,-0.020777,0,-0.163020,166,0.343001,0.107717,20.588241,0.000419,14.347480,0.000005,20.588254,14.484963,0.000005,-0.152631,0.000000,0.012171,-0.543270,-52.419179,0.137483,0.001000,0.001609,0.001930,-0.000082,0.001609,0.343001,0.107717,-9.803410,0.009916,-0.004449,0.001000,-2.946370,-0.004005,27.000000,0.013045,20.588254,0.000419,-0.152631,0.000000,0.137000,0.001000,100,0,1,34,35,0.001098,0.010824,0.000873,0.140870,-0.106771,9.367351,1.766019,-0.004005,0.032895,7,1,0,0.000000,0,14.496824,0.000000,0.024475,0,-0.163020,0.000000,-0.020777,14.496824,-0.163020,1,1,1,6.227083,0.000000,0.000000,0.000000,0.000000,0.000000,0.000000,0.000000
5.7401,20.587791,-0.151864,0.003386,0.000000,0.030636,-0.029981,0,-0.163020,176,0.343625,0.107711,20.587791,-0.002513,14.346904,0.003386,20.587775,14.484387,0.003386,-0.151864,0.000000,0.012227,-0.543270,-52.419179,0.137483,0.000000,0.001505,0.002036,-0.000047,0.001505,0.343625,0.107711,-9.803388,0.022673,0.000352,0.000000,-2.946181,-0.003932,27.000000,0.013045,20.587775,-0.002513,-0.151864,0.000000,0.137000,0.000000,105,0,1,34,35,-0.007451,0.021456,0.003124,-0.048135,-0.116771,10.171042,1.766208,-0.003932,0.032970,6,1,0,0.000000,0,14.496824,0.000000,0.030636,0,-0.163020,0.000000,-0.029981,14.496824,-0.163020,1,1,1,6.227127,0.000000,0.000000,0.000000,0.000000,0.000000,0.000000,0.000000
5.7501,20.587856,-0.151864,-0.010419,0.000000,0.025392,-0.022311,0,-0.163020,186,0.343709,0.107853,20.587856,0.000419,14.346868,-0.010419,20.587871,14.484344,-0.010419,-0.151864,0.000000,0.012197,-0.543270,-52.419179,0.137476,0.000000,0.001561,0.001982,0.000202,0.001561,0.343709,0.107853,-9.803384,-0.020921,0.003482,0.000000,-2.946222,-0.003978,27.000000,0.013045,20.587871,0.000419,-0.151864,0.000000,0.137000,0.000000,110,0,1,34,35,0.003263,-0.021082,-0.010163,-0.224458,0.476195,9.382541,1.766167,-0.003978,0.032976,6,1,0,0.000000,0,14.496824,0.000000,0.025392,0,-0.163020,0.000000,-0.022311,14.496824,-0.163020,1,1,1,6.227171,0.000000,0.000000,0.000000,0.000000,0.000000,0.000000,0.000000
5.7601,20.587921,-0.152631,-0.025681,0.000000,0.018184,-0.013108,0,-0.163020,196,0.343267,0.108286,20.587921,-0.000419,14.347439,-0.025681,20.587967,14.484909,-0.025681,-0.152631,0.000000,0.012202,-0.543270,-52.419179,0.137470,0.001000,0.001552,0.001999,0.000051,0.001552,0.343267,0.108286,-9.803394,0.004484,-0.009387,0.001000,-2.946423,-0.004036,27.000000,0.013045,20.587967,-0.000419,-0.152631,0.000000,0.137000,0.001000,115,0,1,34,35,0.007498,0.006909,-0.024767,-0.068620,0.247044,10.136403,1.765966,-0.004036,0.032913,6,1,0,0.000000,0,14.496824,0.000000,0.018184,0,-0.163020,0.000000,-0.013108,14.496824,-0.163020,1,1,1,6.227214,0.000000,0.000000,0.000000,0.000000,0.000000,0.000000,0.000000
5.7701,20.587972,-0.152631,0.011217,0.000000,0.024793,-0.020777,0,-0.163020,206,0.342867,0.108016,20.587972,0.002513,14.347344,0.011217,20.587967,14.484828,0.011217,-0.152631,0.000000,0.012208,-0.543270,-52.419179,0.137485,-0.002000,0.001540,0.001993,0.000013,0.001540,0.342867,0.108016,-9.803411,0.002202,0.013838,-0.002000,-2.946505,-0.003996,27.000000,0.013045,20.587967,0.002513,-0.152631,0.000000,0.137000,-0.002000,120,0,1,34,35,-0.013828,-0.002154,0.009244,0.121209,-0.245616,8.992696,1.765884,-0.003996,0.032877,7,1,0,0.000000,0,14.496824,0.000000,0.024793,0,-0.163020,0.000000,-0.020777,14.496824,-0.163020,1,1,1,6.227257,0.000000,0.000000,0.000000,0.000000,0.000000,0.000000,0.000000
5.7801,20.587799,-0.151864,0.011568,0.000000,0.031182,-0.029981,0,-0.163020,216,0.343457,0.107793,20.587799,-0.002513,14.346739,0.011568,20.587775,14.484229,0.011568,-0.151864,0.000000,0.012200,-0.543270,-52.419179,0.137490,0.000000,0.001556,0.001991,-0.000144,0.001556,0.343457,0.107793,-9.803393,0.004940,-0.005046,0.000000,-2.946337,-0.003966,27.000000,0.013045,20.587775,-0.002513,-0.151864,0.000000,0.137000,0.000000,125,0,1,34,35,0.003240,0.006415,0.011490,-0.565260,0.583231,10.771107,1.766051,-0.003966,0.032952,7,1,0,0.000000,0,14.496824,0.000000,0.031182,0,-0.163020,0.000000,-0.029981,14.496824,-0.163020,1,1,1,6.227300,0.000000,0.000000,0.000000,0.000000,0.000000,0.000000,0.000000
5.7901,20.587768,-0.152631,0.000702,0.000000,0.014669,-0.013108,0,-0.163020,226,0.344100,0.108021,20.587768,0.000419,14.347622,0.000702,20.587775,14.485106,0.000702,-0.152631,0.000000,0.012208,-0.543270,-52.419179,0.137484,0.000000,0.001540,0.001998,-0.000104,0.001540,0.344100,0.108021,-9.803368,-0.002920,-0.002452,0.000000,-2.946226,-0.004015,27.000000,0.013045,20.587775,0.000419,-0.152631,0.000000,0.137000,0.000000,130,0,1,34,35,0.003246,-0.001991,0.000726,-0.317036,-0.055184,9.817380,1.766162,-0.004015,0.033001,7,1,0,0.000000,0,14.496824,0.000000,0.014669,0,-0.163020,0.000000,-0.013108,14.496824,-0.163020,1,1,1,6.227342,0.000000,0.000000,0.000000,0.000000,0.000000,0.000000,0.000000
5.8001,20.587941,-0.152631,-0.008971,0.000000,0.025410,-0.020777,0,-0.163020,236,0.343201,0.106993,20.587941,0.001466,14.347466,-0.008971,20.587967,14.484941,-0.008971,-0.152631,0.000000,0.012149,-0.543270,-52.419179,0.137475,0.001000,0.001649,0.001888,0.000050,0.001649,0.343201,0.106993,-9.803411,-0.012129,-0.010646,0.001000,-2.946393,-0.003957,27.000000,0.013045,20.587967,0.001466,-0.152631,0.000000,0.137000,0.001000,135,0,1,34,35,0.013923,-0.008258,-0.007872,0.121874,0.015050,9.569541,1.765996,-0.003957,0.032926,7,1,0,0.000000,0,14.496824,0.000000,0.025410,0,-0.163020,0.000000,-0.020777,14.496824,-0.163020,1,1,1,6.227405,0.000000,0.000000,0.000000,0.000000,0.000000,0.000000,0.000000
5.8101,20.587779,-0.152631,-0.006397,0.000000,0.023176,-0.020777,0,-0.163020,246,0.343455,0.106559,20.587779,-0.003560,14.347515,-0.006397,20.587775,14.484991,-0.006397,-0.152631,0.000000,0.012220,-0.543270,-52.419179,0.137476,0.001000,0.001518,0.002030,-0.000309,0.001518,0.343455,0.106559,-9.803407,0.012071,0.001591,0.001000,-2.946348,-0.003846,27.000000,0.013045,20.587775,-0.003560,-0.152631,0.000000,0.137000,0.001000,140,0,1,34,35,-0.005308,0.010891,-0.005531,-0.297097,0.176570,10.413090,1.766041,-0.003846,0.032958,7,1,0,0.000000,0,14.496824,0.000000,0.023176,0,-0.163020,0.000000,-0.020777,14.496824,-0.163020,1,1,1,6.227447,0.000000,0.000000,0.000000,0.000000,0.000000,0.000000,0.000000
5.8201,20.587773,-0.152631,0.002623,0.000000,0.023465,-0.020777,0,-0.163020,0,0.343067,0.107424,20.587773,0.004503,14.347526,0.002623,20.587775,14.485007,0.002623,-0.152631,0.000000,0.012202,-0.543270,-52.419179,0.137482,0.000000,0.001552,0.001850,0.000189,0.001552,0.343067,0.107424,-9.803411,-0.008423,0.008357,-0.000000,-2.946327,-0.003946,27.000000,0.013045,20.587775,0.004503,-0.152631,0.000000,0.137000,0.000000,145,0,1,34,35,-0.005283,-0.010592,0.002753,0.006274,-0.000012,9.234350,1.766062,-0.003946,0.032906,7,1,0,0.000000,0,14.496824,0.000000,0.023465,0,-0.163020,0.000000,-0.020777,14.496824,-0.163020,1,1,1,6.227487,0.000000,0.000000,0.000000,0.000000,0.000000,0.000000,0.000000
5.8301,20.588059,-0.152631,-0.002248,0.000000,0.024033,-0.020777,0,-0.163020,10,0.343648,0.107748,20.588059,0.002513,14.347496,-0.002248,20.588062,14.484974,-0.002248,-0.152631,0.000000,0.012209,-0.543270,-52.419179,0.137478,-0.001000,0.001538,0.001839,0.000001,0.001538,0.343648,0.107748,-9.803387,0.006023,-0.016648,-0.001000,-2.946360,-0.003980,27.000000,0.013045,20.588062,0.002513,-0.152631,0.000000,0.137000,-0.001000,150,0,1,34,35,0.013904,0.010918,-0.003382,-0.145445,0.003694,9.703238,1.766029,-0.003980,0.032959,7,1,0,0.000000,0,14.496824,0.000000,0.024033,0,-0.163020,0.000000,-0.020777,14.496824,-0.163020,1,1,1,6.227598,0.000000,0.000000,0.000000,0.000000,0.000000,0.000000,0.000000
5.8401,20.587970,-0.152631,0.001050,0.000000,0.023750,-0.020777,0,-0.163020,20,0.343122,0.107379,20.587970,0.000419,14.347490,0.001050,20.587967,14.484970,0.001050,-0.152631,0.000000,0.012251,-0.543270,-52.419179,0.137480,0.000000,0.001461,0.001944,0.000001,0.001461,0.343122,0.107379,-9.803409,0.014611,0.002995,0.000000,-2.946367,-0.003893,27.000000,0.013045,20.587967,0.000419,-0.152631,0.000000,0.137000,0.000000,155,0,1,34,35,-0.007443,0.012937,0.000891,0.227452,-0.259716,9.365870,1.766022,-0.003893,0.032912,7,1,0,0.000000,0,14.496824,0.000000,0.023750,0,-0.163020,0.000000,-0.020777,14.496824,-0.163020,1,1,1,6.227639,0.000000,0.000000,0.000000,0.000000,0.000000,0.000000,0.000000
5.8501,20.587885,-0.152631,-0.001484,0.000000,0.023089,-0.020777,0,-0.163020,30,0.343318,0.108134,20.587885,-0.000419,14.347540,-0.001484,20.587871,14.485022,-0.001484,-0.152631,0.000000,0.012283,-0.543270,-52.419179,0.137482,0.000000,0.001403,0.001995,-0.000006,0.001403,0.343318,0.108134,-9.803394,-0.004230,0.000230,-0.000000,-2.946313,-0.003940,27.000000,0.013045,20.587871,-0.000419,-0.152631,0.000000,0.137000,0.000000,160,0,1,34,35,0.001113,-0.004106,-0.001434,-0.212074,0.444822,10.377558,1.766076,-0.003940,0.032920,7,1,0,0.000000,0,14.496824,0.000000,0.023089,0,-0.163020,0.000000,-0.020777,14.496824,-0.163020,1,1,1,6.227680,0.000000,0.000000,0.000000,0.000000,0.000000,0.000000,0.000000
5.8601,20.587951,-0.151864,-0.006490,0.000000,0.033232,-0.029981,0,-0.163020,40,0.343458,0.109078,20.587951,0.000419,14.346735,-0.006490,20.587967,14.484219,-0.006490,-0.151864,0.000000,0.012310,-0.543270,-52.419179,0.137484,0.001000,0.001354,0.002011,0.000016,0.001354,0.343458,0.109078,-9.803379,0.004690,-0.007207,0.001000,-2.946347,-0.003985,27.000000,0.013045,20.587967,0.000419,-0.151864,0.000000,0.137000,0.001000,165,0,1,34,35,0.005370,0.006648,-0.005572,-0.269750,0.163706,9.905745,1.766042,-0.003985,0.032932,6,1,0,0.000000,0,14.496824,0.000000,0.033232,0,-0.163020,0.000000,-0.029981,14.496824,-0.163020,1,1,1,6.227723,0.000000,0.000000,0.000000,0.000000,0.000000,0.000000,0.000000
5.8701,20.587963,-0.151864,-0.009654,0.000000,0.025573,-0.022311,0,-0.163020,50,0.343521,0.108226,20.587963,0.001466,14.346712,-0.009654,20.587967,14.484189,-0.009654,-0.151864,0.000000,0.012292,-0.543270,-52.419179,0.137477,0.000000,0.001385,0.001839,0.000089,0.001385,0.343521,0.108226,-9.803386,0.009516,-0.006550,0.000000,-2.946379,-0.003918,27.000000,0.013045,20.587967,0.001466,-0.151864,0.000000,0.137000,0.000000,170,0,1,34,35,0.003229,0.010972,-0.009790,-0.078344,-0.241817,9.451984,1.766010,-0.003918,0.032952,6,1,0,0.000000,0,14.496824,0.000000,0.025573,0,-0.163020,0.000000,-0.022311,14.496824,-0.163020,1,1,1,6.227780,0.000000,0.000000,0.000000,0.000000,0.000000,0.000000,0.000000
5.8801,20.588223,-0.152631,-0.016771,0.000000,0.017990,-0.013108,0,-0.163020,60,0.343501,0.108516,20.588223,0.003560,14.347323,-0.016771,20.588254,14.484796,-0.016771,-0.152631,0.000000,0.012370,-0.543270,-52.419179,0.137473,0.000000,0.001242,0.002001,0.000337,0.001242,0.343501,0.108516,-9.803384,-0.018064,0.004812,0.000000,-2.946541,-0.003894,27.000000,0.013045,20.588254,0.003560,-0.152631,0.000000,0.137000,0.000000,175,0,1,34,35,0.001124,-0.018866,-0.016539,0.038523,0.040644,10.593780,1.765848,-0.003894,0.032933,7,1,0,0.000000,0,14.496824,0.000000,0.017990,0,-0.163020,0.000000,-0.013108,14.496824,-0.163020,1,1,1,6.227978,0.000000,0.000000,0.000000,0.000000,0.000000,0.000000,0.000000
5.8901,20.588347,-0.152631,-0.009963,0.000000,0.025741,-0.020777,0,-0.163020,70,0.343858,0.108395,20.588347,0.000419,14.347178,-0.009963,20.588350,14.484655,-0.009963,-0.152631,0.000000,0.012376,-0.543270,-52.419179,0.137477,0.000000,0.001232,0.001990,0.000017,0.001232,0.343858,0.108395,-9.803372,-0.001993,-0.000506,0.000000,-2.946681,-0.003882,27.000000,0.013045,20.588350,0.000419,-0.152631,0.000000,0.137000,0.000000,180,0,1,34,35,0.001108,-0.001855,-0.009941,0.045314,-0.116502,9.376760,1.765708,-0.003882,0.032971,7,1,0,0.000000,0,14.496824,0.000000,0.025741,0,-0.163020,0.000000,-0.020777,14.496824,-0.163020,1,1,1,6.228176,0.000000,0.000000,0.000000,0.000000,0.000000,0.000000,0.000000
5.9001,20.587984,-0.152631,0.015979,0.000000,0.023580,-0.020777,0,-0.163020,80,0.344201,0.108178,20.587984,0.000419,14.347225,0.015979,20.587967,14.484718,0.015979,-0.152631,0.000000,0.012378,-0.543270,-52.419179,0.137494,0.000000,0.001227,0.001992,-0.000110,0.001227,0.344201,0.108178,-9.803363,0.014245,0.003112,0.000000,-2.946619,-0.003863,27.000000,0.013045,20.587967,0.000419,-0.152631,0.000000,0.137000,0.000000,185,0,1,34,35,-0.007438,0.012738,0.015822,-0.335237,0.138419,10.403111,1.765770,-0.003863,0.033008,6,1,0,0.000000,0,14.496824,0.000000,0.023580,0,-0.163020,0.000000,-0.020777,14.496824,-0.163020,1,1,1,6.228217,0.000000,0.000000,0.000000,0.000000,0.000000,0.000000,0.000000
5.9101,20.588063,-0.151864,-0.001484,0.000000,0.032482,-0.029981,0,-0.163020,90,0.344236,0.108708,20.588063,0.002513,14.346544,-0.001484,20.588062,14.484029,-0.001484,-0.151864,0.000000,0.012376,-0.543270,-52.419179,0.137485,0.000000,0.001232,0.002002,0.000082,0.001232,0.344236,0.108708,-9.803356,-0.004230,0.000227,0.000000,-2.946540,-0.003894,27.000000,0.013045,20.588062,0.002513,-0.151864,0.000000,0.137000,0.000000,190,0,1,34,35,0.001113,-0.004106,-0.001434,0.008181,-0.159130,9.730414,1.765849,-0.003894,0.033016,7,1,0,0.000000,0,14.496824,0.000000,0.032482,0,-0.163020,0.000000,-0.029981,14.496824,-0.163020,1,1,1,6.228257,0.000000,0.000000,0.000000,0.000000,0.000000,0.000000,0.000000
5.9201,20.588032,-0.152631,-0.011097,0.000000,0.017171,-0.013108,0,-0.163020,100,0.343832,0.108545,20.588032,-0.001466,14.347255,-0.011097,20.588062,14.484731,-0.011097,-0.152631,0.000000,0.012384,-0.543270,-52.419179,0.137475,-0.001000,0.001217,0.002017,-0.000061,0.001217,0.343832,0.108545,-9.803372,-0.001275,0.001505,-0.001000,-2.946606,-0.003889,27.000000,0.013045,20.588062,-0.001466,-0.152631,0.000000,0.137000,-0.001000,195,0,1,34,35,-0.001027,-0.001833,-0.012076,-0.251607,0.281052,9.696386,1.765783,-0.003889,0.032966,7,1,0,0.000000,0,14.496824,0.000000,0.017171,0,-0.163020,0.000000,-0.013108,14.496824,-0.163020,1,1,1,6.228299,0.000000,0.000000,0.000000,0.000000,0.000000,0.000000,0.000000
5.9301,20.588240,-0.152631,0.010259,0.000000,0.025894,-0.020777,0,-0.163020,110,0.342709,0.109159,20.588240,0.004503,14.347096,0.010259,20.588254,14.484589,0.010259,-0.152631,0.000000,0.012444,-0.543270,-52.419179,0.137493,0.001000,0.001107,0.001982,0.000118,0.001107,0.342709,0.109159,-9.803404,-0.006572,0.001002,0.001000,-2.946748,-0.003873,27.000000,0.013045,20.588254,0.004503,-0.152631,0.000000,0.137000,0.001000,200,0,1,34,35,0.001119,-0.006413,0.011340,0.257249,0.422651,10.645613,1.765641,-0.003873,0.032843,6,1,0,0.000000,0,14.496824,0.000000,0.025894,0,-0.163020,0.000000,-0.020777,14.496824,-0.163020,1,1,1,6.228339,0.000000,0.000000,0.000000,0.000000,0.000000,0.000000,0.000000
5.9401,20.588573,-0.152631,0.028977,0.000000,0.021618,-0.020777,0,-0.163020,120,0.344008,0.109108,20.588573,0.002513,14.347319,0.028977,20.588542,14.484826,0.028977,-0.152631,0.000000,0.012462,-0.543270,-52.419179,0.137507,0.000000,0.001074,0.001983,-0.000054,0.001074,0.344008,0.109108,-9.803359,0.023379,0.004572,0.000000,-2.946511,-0.003870,27.000000,0.013045,20.588542,0.002513,-0.152631,0.000000,0.137000,0.000000,4,0,1,34,35,-0.011712,0.021104,0.028716,-0.520802,0.042666,8.851619,1.765878,-0.003870,0.032975,7,1,0,0.000000,0,14.496824,0.000000,0.021618,0,-0.163020,0.000000,-0.020777,14.496824,-0.163020,1,1,1,6.228438,0.000000,0.000000,0.000000,0.000000,0.000000,0.000000,0.000000
5.9501,20.588068,-0.151864,0.005916,0.000000,0.032242,-0.029981,0,-0.163020,130,0.343042,0.105194,20.588068,-0.002513,14.346665,0.005916,20.588062,14.484139,0.005916,-0.151864,0.000000,0.012045,-0.543270,-52.419179,0.137474,-0.001000,0.001841,0.001855,-0.000112,0.001841,0.343042,0.105194,-9.803436,-0.005050,-0.001752,-0.001000,-2.946432,-0.003852,27.000000,0.013045,20.588062,-0.002513,-0.151864,0.000000,0.137000,-0.001000,9,0,1,34,35,0.003257,-0.012676,0.000602,-0.190063,0.431990,11.420621,1.765954,-0.003855,0.032956,7,1,0,0.000000,0,14.496824,0.000000,0.032242,0,-0.163020,0.000000,-0.029981,14.496824,-0.163020,1,1,1,6.228482,0.000000,0.000000,0.000000,0.000000,0.000000,0.000000,0.000000
5.9601,20.588340,-0.152631,-0.004943,0.000000,0.015983,-0.013108,0,-0.163020,140,0.342878,0.104712,20.588340,0.002513,14.347456,-0.004943,20.588350,14.484921,-0.004943,-0.152631,0.000000,0.012042,-0.543270,-52.419179,0.137465,-0.001000,0.001846,0.001848,-0.000108,0.001846,0.342878,0.104712,-9.803447,-0.014909,-0.005227,-0.001000,-2.946418,-0.003829,27.000000,0.013045,20.588350,0.002513,-0.152631,0.000000,0.137000,-0.001000,14,0,1,34,35,0.009659,-0.012572,-0.005792,-0.040057,-0.110168,9.635171,1.765975,-0.003839,0.032938,6,1,0,0.000000,0,14.496824,0.000000,0.015983,0,-0.163020,0.000000,-0.013108,14.496824,-0.163020,1,1,1,6.228523,0.000000,0.000000,0.000000,0.000000,0.000000,0.000000,0.000000
5.9701,20.588430,-0.152631,-0.012682,0.000000,0.025425,-0.020777,0,-0.163020,150,0.342324,0.105597,20.588430,0.004503,14.347319,-0.012682,20.588446,14.484786,-0.012682,-0.152631,0.000000,0.012124,-0.543270,-52.419179,0.137467,0.001000,0.001695,0.001847,0.000127,0.001695,0.342324,0.105597,-9.803457,0.011613,-0.014003,0.001000,-2.946553,-0.003827,27.000000,0.013045,20.588446,0.004503,-0.152631,0.000000,0.137000,0.001000,19,0,1,34,35,0.009628,0.015293,-0.011868,0.238627,0.194450,10.538033,1.765836,-0.003827,0.032859,6,1,0,0.000000,0,14.496824,0.000000,0.025425,0,-0.163020,0.000000,-0.020777,14.496824,-0.163020,1,1,1,6.228562,0.000000,0.000000,0.000000,0.000000,0.000000,0.000000,0.000000
5.9801,20.587979,-0.151864,0.007448,0.000000,0.032350,-0.029981,0,-0.163020,160,0.342916,0.105839,20.587979,-0.003560,14.346617,0.007448,20.587967,14.484097,0.007448,-0.151864,0.000000,0.012167,-0.543270,-52.419179,0.137479,0.000000,0.001615,0.001942,-0.000411,0.001615,0.342916,0.105839,-9.803433,0.013789,0.001027,0.000000,-2.946476,-0.003793,27.000000,0.013045,20.587967,-0.003560,-0.151864,0.000000,0.137000,0.000000,24,0,1,34,35,-0.005306,0.012858,0.007292,-0.156280,-0.141290,9.050985,1.765913,-0.003793,0.032927,7,1,0,0.000000,0,14.496824,0.000000,0.032350,0,-0.163020,0.000000,-0.029981,14.496824,-0.163020,1,1,1,6.228603,0.000000,0.000000,0.000000,0.000000,0.000000,0.000000,0.000000
5.9901,20.588040,-0.151864,-0.002489,0.000000,0.026377,-0.022311,0,-0.163020,170,0.342854,0.105996,20.588040,0.002513,14.346544,-0.002489,20.588062,14.484020,-0.002489,-0.151864,0.000000,0.012125,-0.543270,-52.419179,0.137476,0.001000,0.001694,0.001844,0.000113,0.001694,0.342854,0.105996,-9.803434,-0.002237,0.006313,0.001000,-2.946551,-0.003850,27.000000,0.013045,20.588062,0.002513,-0.151864,0.000000,0.137000,0.001000,29,0,1,34,35,-0.005291,-0.004124,-0.001439,-0.375077,0.493841,10.272670,1.765838,-0.003850,0.032919,7,1,0,0.000000,0,14.496824,0.000000,0.026377,0,-0.163020,0.000000,-0.022311,14.496824,-0.163020,1,1,1,6.228644,0.000000,0.000000,0.000000,0.000000,0.000000,0.000000,0.000000
6.0001,20.588592,-0.152631,-0.018788,0.000000,0.018995,-0.013108,0,-0.163020,180,0.342839,0.106187,20.588592,0.006597,14.347107,-0.018788,20.588638,14.484571,-0.018788,-0.152631,0.000000,0.012125,-0.543270,-52.419179,0.137464,0.000000,0.001694,0.001855,0.000228,0.001694,0.342839,0.106187,-9.803432,-0.017295,-0.006678,0.000000,-2.946766,-0.003894,27.000000,0.013045,20.588638,0.006597,-0.152631,0.000000,0.137000,0.000000,34,0,1,34,35,0.011792,-0.014533,-0.018613,-0.240740,0.265840,10.155621,1.765623,-0.003894,0.032902,6,1,0,0.000000,0,14.496824,0.000000,0.018995,0,-0.163020,0.000000,-0.013108,14.496824,-0.163020,1,1,1,6.228685,0.000000,0.000000,0.000000,0.000000,0.000000,0.000000,0.000000
6.0101,20.588334,-0.152631,-0.001035,0.000000,0.025774,-0.020777,0,-0.163020,190,0.342752,0.105747,20.588334,-0.001466,14.346992,-0.001035,20.588350,14.484465,-0.001035,-0.152631,0.000000,0.012154,-0.543270,-52.419179,0.137473,0.000000,0.001640,0.001837,0.000016,0.001640,0.342752,0.105747,-9.803440,0.017359,0.004330,-0.000000,-2.946874,-0.003820,27.000000,0.013045,20.588350,-0.001466,-0.152631,0.000000,0.137000,0.000000,39,0,1,34,35,-0.009580,0.015096,-0.001219,0.111927,-0.077394,9.310205,1.765515,-0.003820,0.032900,7,1,0,0.000000,0,14.496824,0.000000,0.025774,0,-0.163020,0.000000,-0.020777,14.496824,-0.163020,1,1,1,6.228726,0.000000,0.000000,0.000000,0.000000,0.000000,0.000000,0.000000
6.0201,20.588290,-0.152631,0.014638,0.000000,0.022383,-0.020777,0,-0.163020,200,0.343344,0.106256,20.588290,-0.002513,14.347177,0.014638,20.588254,14.484660,0.014638,-0.152631,0.000000,0.012214,-0.543270,-52.419179,0.137483,-0.001000,0.001530,0.001939,-0.000149,0.001530,0.343344,0.106256,-9.803414,0.006854,0.007802,-0.001000,-2.946679,-0.003820,27.000000,0.013045,20.588254,-0.002513,-0.152631,0.000000,0.137000,-0.001000,44,0,1,34,35,-0.009564,0.004213,0.013588,-0.267829,0.211652,10.671862,1.765710,-0.003820,0.032952,6,1,0,0.000000,0,14.496824,0.000000,0.022383,0,-0.163020,0.000000,-0.020777,14.496824,-0.163020,1,1,1,6.228766,0.000000,0.000000,0.000000,0.000000,0.000000,0.000000,0.000000
6.0301,20.588269,-0.151864,0.000651,0.000000,0.031992,-0.029981,0,-0.163020,210,0.343620,0.106728,20.588269,0.003560,14.346543,0.000651,20.588254,14.484021,0.000651,-0.151864,0.000000,0.012210,-0.543270,-52.419179,0.137479,0.000000,0.001537,0.001850,-0.000023,0.001537,0.343620,0.106728,-9.803399,-0.004948,-0.001783,-0.000000,-2.946549,-0.003851,27.000000,0.013045,20.588254,0.003560,-0.151864,0.000000,0.137000,0.000000,49,0,1,34,35,0.003248,-0.004128,0.000701,0.112237,-0.219998,9.241778,1.765840,-0.003851,0.032985,6,1,0,0.000000,0,14.496824,0.000000,0.031992,0,-0.163020,0.000000,-0.029981,14.496824,-0.163020,1,1,1,6.228806,0.000000,0.000000,0.000000,0.000000,0.000000,0.000000,0.000000
6.0401,20.588136,-0.151864,-0.014018,0.000000,0.026294,-0.022311,0,-0.163020,220,0.343534,0.106270,20.588136,-0.002513,14.346497,-0.014018,20.588158,14.483964,-0.014018,-0.151864,0.000000,0.012257,-0.543270,-52.419179,0.137467,0.000000,0.001450,0.001865,-0.000204,0.001450,0.343534,0.106270,-9.803407,0.004231,-0.009302,0.000000,-2.946610,-0.003756,27.000000,0.013045,20.588158,-0.002513,-0.151864,0.000000,0.137000,0.000000,54,0,1,34,35,0.007502,0.006767,-0.014102,-0.125329,-0.057202,9.989753,1.765779,-0.003756,0.032983,7,1,0,0.000000,0,14.496824,0.000000,0.026294,0,-0.163020,0.000000,-0.022311,14.496824,-0.163020,1,1,1,6.228847,0.000000,0.000000,0.000000,0.000000,0.000000,0.000000,0.000000
6.0501,20.588628,-0.151864,-0.000304,0.000000,0.026929,-0.022311,0,-0.163020,230,0.342589,0.106836,20.588628,0.004503,14.346385,-0.000304,20.588638,14.483863,-0.000304,-0.151864,0.000000,0.012318,-0.543270,-52.419179,0.137478,0.001000,0.001339,0.001841,0.000309,0.001339,0.342589,0.106836,-9.803434,-0.000922,0.003632,0.001000,-2.946711,-0.003738,27.000000,0.013045,20.588638,0.004503,-0.151864,0.000000,0.137000,0.001000,59,0,1,34,35,-0.003158,-0.002009,0.000721,0.543864,-0.310537,9.623967,1.765678,-0.003738,0.032879,6,1,0,0.000000,0,14.496824,0.000000,0.026929,0,-0.163020,0.000000,-0.022311,14.496824,-0.163020,1,1,1,6.228989,0.000000,0.000000,0.000000,0.000000,0.000000,0.000000,0.000000
6.0601,20.588542,-0.152631,0.009436,0.000000,0.017203,-0.013108,0,-0.163020,240,0.343233,0.107815,20.588542,-0.001466,14.347102,0.009436,20.588542,14.484590,0.009436,-0.152631,0.000000,0.012370,-0.543270,-52.419179,0.137488,0.000000,0.001242,0.001987,0.000006,0.001242,0.343233,0.107815,-9.803401,0.004983,-0.005070,0.000000,-2.946749,-0.003819,27.000000,0.013045,20.588542,-0.001466,-0.152631,0.000000,0.137000,0.000000,64,0,1,34,35,0.003240,0.006443,0.009357,-0.165566,0.337645,9.764005,1.765640,-0.003819,0.032917,7,1,0,0.000000,0,14.496824,0.000000,0.017203,0,-0.163020,0.000000,-0.013108,14.496824,-0.163020,1,1,1,6.229044,0.000000,0.000000,0.000000,0.000000,0.000000,0.000000,0.000000
6.0701,20.588555,-0.152631,-0.004341,0.000000,0.023763,-0.020777,0,-0.163020,250,0.343113,0.108013,20.588555,0.002513,14.347172,-0.004341,20.588542,14.484649,-0.004341,-0.152631,0.000000,0.012380,-0.543270,-52.419179,0.137477,-0.001000,0.001224,0.001990,-0.000024,0.001224,0.343113,0.108013,-9.803403,0.012767,-0.003146,-0.001000,-2.946690,-0.003827,27.000000,0.013045,20.588542,0.002513,-0.152631,0.000000,0.137000,-0.001000,69,0,1,34,35,-0.001041,0.013040,-0.005503,-0.000853,0.375174,10.606687,1.765699,-0.003827,0.032901,7,1,0,0.000000,0,14.496824,0.000000,0.023763,0,-0.163020,0.000000,-0.020777,14.496824,-0.163020,1,1,1,6.229083,0.000000,0.000000,0.000000,0.000000,0.000000,0.000000,0.000000
6.0801,20.588096,-0.151864,0.019802,0.000000,0.030880,-0.029981,0,-0.163020,4,0.343971,0.107709,20.588096,-0.006597,14.346614,0.019802,20.588062,14.484105,0.019802,-0.151864,0.000000,0.012381,-0.543270,-52.419179,0.137490,-0.002000,0.001222,0.002007,-0.000361,0.001222,0.343971,0.107709,-9.803376,0.002682,0.009181,-0.002000,-2.946468,-0.003784,27.000000,0.013045,20.588062,-0.006597,-0.151864,0.000000,0.137000,-0.002000,74,0,1,34,35,-0.009559,-0.000118,0.017804,-0.453449,-0.072160,8.860079,1.765921,-0.003784,0.033005,6,1,0,0.000000,0,14.496824,0.000000,0.030880,0,-0.163020,0.000000,-0.029981,14.496824,-0.163020,1,1,1,6.229123,0.000000,0.000000,0.000000,0.000000,0.000000,0.000000,0.000000
6.0901,20.588140,-0.151864,-0.010427,0.000000,0.025014,-0.022311,0,-0.163020,14,0.343312,0.107718,20.588140,0.001466,14.346666,-0.010427,20.588158,14.484140,-0.010427,-0.151864,0.000000,0.012394,-0.543270,-52.419179,0.137474,0.000000,0.001199,0.002023,-0.000002,0.001199,0.343312,0.107718,-9.803399,-0.019588,0.007544,0.000000,-2.946433,-0.003762,27.000000,0.013045,20.588158,0.001466,-0.151864,0.000000,0.137000,0.000000,79,0,1,34,35,-0.001006,-0.021094,-0.010166,-0.247771,0.273412,11.093595,1.765956,-0.003762,0.032938,7,1,0,0.000000,0,14.496824,0.000000,0.025014,0,-0.163020,0.000000,-0.022311,14.496824,-0.163020,1,1,1,6.229162,0.000000,0.000000,0.000000,0.000000,0.000000,0.000000,0.000000
6.1001,20.588527,-0.152631,-0.037011,0.000000,0.018573,-0.013108,0,-0.163020,24,0.342134,0.107619,20.588527,0.002513,14.347251,-0.037011,20.588542,14.484706,-0.037011,-0.152631,0.000000,0.012397,-0.543270,-52.419179,0.137455,0.001000,0.001193,0.001993,0.000030,0.001193,0.342134,0.107619,-9.803441,-0.020955,0.001283,0.001000,-2.946635,-0.003756,27.000000,0.013045,20.588542,0.002513,-0.152631,0.000000,0.137000,0.001000,84,0,1,34,35,0.005390,-0.020735,-0.035757,0.169921,0.126991,9.800387,1.765754,-0.003756,0.032809,7,1,0,0.000000,0,14.496824,0.000000,0.018573,0,-0.163020,0.000000,-0.013108,14.496824,-0.163020,1,1,1,6.229201,0.000000,0.000000,0.000000,0.000000,0.000000,0.000000,0.000000
6.1101,20.588452,-0.152631,0.002389,0.000000,0.024929,-0.020777,0,-0.163020,34,0.342302,0.107250,20.588452,-0.001466,14.347167,0.002389,20.588446,14.484649,0.002389,-0.152631,0.000000,0.012384,-0.543270,-52.419179,0.137481,0.001000,0.001217,0.002000,-0.000101,0.001217,0.342302,0.107250,-9.803440,0.022673,0.000319,0.001000,-2.946693,-0.003734,27.000000,0.013045,20.588446,-0.001466,-0.152631,0.000000,0.137000,0.001000,89,0,1,34,35,-0.007451,0.021456,0.003124,0.007002,-0.097399,9.376927,1.765696,-0.003734,0.032831,7,1,0,0.000000,0,14.496824,0.000000,0.024929,0,-0.163020,0.000000,-0.020777,14.496824,-0.163020,1,1,1,6.229240,0.000000,0.000000,0.000000,0.000000,0.000000,0.000000,0.000000
6.1201,20.588375,-0.151864,0.022276,0.000000,0.031217,-0.029981,0,-0.163020,44,0.343606,0.107683,20.588375,-0.000419,14.346582,0.022276,20.588350,14.484076,0.022276,-0.151864,0.000000,0.012398,-0.543270,-52.419179,0.137495,0.000000,0.001191,0.001987,0.000050,0.001191,0.343606,0.107683,-9.803389,0.009364,0.002478,0.000000,-2.946497,-0.003759,27.000000,0.013045,20.588350,-0.000419,-0.151864,0.000000,0.137000,0.000000,94,0,1,34,35,-0.005297,0.008386,0.022173,-0.096478,0.045638,10.182215,1.765892,-0.003759,0.032969,6,1,0,0.000000,0,14.496824,0.000000,0.031217,0,-0.163020,0.000000,-0.029981,14.496824,-0.163020,1,1,1,6.229279,0.000000,0.000000,0.000000,0.000000,0.000000,0.000000,0.000000
6.1301,20.588142,-0.151864,-0.007329,0.000000,0.025360,-0.022311,0,-0.163020,54,0.343165,0.104265,20.588142,-0.001466,14.346626,-0.007329,20.588158,14.484088,-0.007329,-0.151864,0.000000,0.011992,-0.543270,-52.419179,0.137462,-0.001000,0.001939,0.001840,0.000095,0.001939,0.343165,0.104265,-9.803442,-0.024332,0.000117,-0.001000,-2.946485,-0.003814,27.000000,0.013045,20.588158,-0.001466,-0.151864,0.000000,0.137000,-0.001000,99,0,1,34,35,0.003249,-0.008232,-0.012147,-0.051704,0.077984,9.110680,1.765910,-0.003820,0.032993,7,1,0,0.000000,0,14.496824,0.000000,0.025360,0,-0.163020,0.000000,-0.022311,14.496824,-0.163020,1,1,1,6.229320,0.000000,0.000000,0.000000,0.000000,0.000000,0.000000,0.000000
6.1401,20.588606,-0.152631,-0.008210,0.000000,0.018515,-0.013108,0,-0.163020,64,0.342092,0.104479,20.588606,0.005550,14.347210,-0.008210,20.588638,14.484668,-0.008210,-0.152631,0.000000,0.012046,-0.543270,-52.419179,0.137458,-0.002000,0.001839,0.001852,0.000131,0.001839,0.342092,0.104479,-9.803477,-0.014140,-0.003228,-0.002000,-2.946673,-0.003790,27.000000,0.013045,20.588638,0.005550,-0.152631,0.000000,0.137000,-0.002000,104,0,1,34,35,0.005362,0.011063,-0.016187,0.238049,-0.113671,9.931998,1.765723,-0.003797,0.032864,7,1,0,0.000000,0,14.496824,0.000000,0.018515,0,-0.163020,0.000000,-0.013108,14.496824,-0.163020,1,1,1,6.229359,0.000000,0.000000,0.000000,0.000000,0.000000,0.000000,0.000000
6.1501,20.588537,-0.152631,-0.001235,0.000000,0.024939,-0.020777,0,-0.163020,74,0.342284,0.107969,20.588537,0.000419,14.347136,-0.001235,20.588542,14.484615,-0.001235,-0.152631,0.000000,0.012456,-0.543270,-52.419179,0.137479,0.000000,0.001085,0.001851,-0.000082,0.001085,0.342284,0.107969,-9.803432,0.008580,0.004985,0.000000,-2.946726,-0.003735,27.000000,0.013045,20.588542,0.000419,-0.152631,0.000000,0.137000,0.000000,109,0,1,34,35,-0.007437,0.006554,-0.001316,0.236345,-0.247321,9.136309,1.765663,-0.003735,0.032818,6,1,0,0.000000,0,14.496824,0.000000,0.024939,0,-0.163020,0.000000,-0.020777,14.496824,-0.163020,1,1,1,6.229395,0.000000,0.000000,0.000000,0.000000,0.000000,0.000000,0.000000
6.1601,20.588382,-0.151864,0.021224,0.000000,0.032459,-0.029981,0,-0.163020,84,0.342417,0.104760,20.588382,-0.000419,14.346458,0.021224,20.588350,14.483945,0.021224,-0.151864,0.000000,0.012089,-0.543270,-52.419179,0.137487,0.001000,0.001759,0.001847,-0.000027,0.001759,0.342417,0.104760,-9.803462,0.006677,0.001117,0.001000,-2.946629,-0.003754,27.000000,0.013045,20.588350,-0.000419,-0.151864,0.000000,0.137000,0.001000,114,0,1,34,35,-0.003160,0.006255,0.022150,-0.268326,0.204447,10.480381,1.765760,-0.003754,0.032894,7,1,0,0.000000,0,14.496824,0.000000,0.032459,0,-0.163020,0.000000,-0.029981,14.496824,-0.163020,1,1,1,6.229436,0.000000,0.000000,0.000000,0.000000,0.000000,0.000000,0.000000
6.1701,20.588438,-0.151864,-0.006797,0.000000,0.025025,-0.022311,0,-0.163020,94,0.343314,0.104927,20.588438,0.001466,14.346536,-0.006797,20.588446,14.484006,-0.006797,-0.151864,0.000000,0.012069,-0.543270,-52.419179,0.137470,0.001000,0.001796,0.001839,0.000094,0.001796,0.343314,0.104927,-9.803429,-0.006822,-0.001162,0.001000,-2.946566,-0.003805,27.000000,0.013045,20.588446,0.001466,-0.151864,0.000000,0.137000,0.001000,119,0,1,34,35,0.003249,-0.006180,-0.005723,-0.087131,-0.292342,9.671591,1.765823,-0.003805,0.032982,6,1,0,0.000000,0,14.496824,0.000000,0.025025,0,-0.163020,0.000000,-0.022311,14.496824,-0.163020,1,1,1,6.229476,0.000000,0.000000,0.000000,0.000000,0.000000,0.000000,0.000000
6.1801,20.588792,-0.152631,-0.024826,0.000000,0.019562,-0.013108,0,-0.163020,104,0.343278,0.105404,20.588792,0.005550,14.347056,-0.024826,20.588829,14.484513,-0.024826,-0.152631,0.000000,0.012189,-0.543270,-52.419179,0.137456,0.000000,0.001575,0.002007,0.000257,0.001575,0.343278,0.105404,-9.803425,-0.004280,-0.015484,0.000000,-2.946829,-0.003758,27.000000,0.013045,20.588829,0.005550,-0.152631,0.000000,0.137000,0.000000,124,0,1,34,35,0.016044,0.000523,-0.024835,-0.047962,-0.023390,10.353819,1.765560,-0.003758,0.032958,7,1,0,0.000000,0,14.496824,0.000000,0.019562,0,-0.163020,0.000000,-0.013108,14.496824,-0.163020,1,1,1,6.229514,0.000000,0.000000,0.000000,0.000000,0.000000,0.000000,0.000000
6.1901,20.588729,-0.152631,0.005212,0.000000,0.026785,-0.020777,0,-0.163020,114,0.342491,0.104463,20.588729,-0.000419,14.346860,0.005212,20.588734,14.484332,0.005212,-0.152631,0.000000,0.012140,-0.543270,-52.419179,0.137472,0.000000,0.001666,0.001703,-0.000073,0.001666,0.342491,0.104463,-9.803463,0.010454,0.004361,0.000000,-2.947011,-0.003700,27.000000,0.013045,20.588734,-0.000419,-0.152631,0.000000,0.137000,0.000000,129,0,1,34,35,-0.007437,0.008606,0.005107,0.400454,-0.329503,9.604541,1.765378,-0.003700,0.032894,6,1,0,0.000000,0,14.496824,0.000000,0.026785,0,-0.163020,0.000000,-0.020777,14.496824,-0.163020,1,1,1,6.229553,0.000000,0.000000,0.000000,0.000000,0.000000,0.000000,0.000000
6.2001,20.588401,-0.152631,0.022264,0.000000,0.022034,-0.020777,0,-0.163020,124,0.343161,0.105026,20.588401,-0.001466,14.347092,0.022264,20.588350,14.484578,0.022264,-0.152631,0.000000,0.012134,-0.543270,-52.419179,0.137486,0.000000,0.001677,0.001850,-0.000053,0.001677,0.343161,0.105026,-9.803434,0.012707,0.012607,0.000000,-2.946763,-0.003773,27.000000,0.013045,20.588350,-0.001466,-0.152631,0.000000,0.137000,0.000000,134,0,1,34,35,-0.015970,0.008355,0.022164,-0.242170,0.385178,9.783573,1.765626,-0.003773,0.032953,6,1,0,0.000000,0,14.496824,0.000000,0.022034,0,-0.163020,0.000000,-0.020777,14.496824,-0.163020,1,1,1,6.229591,0.000000,0.000000,0.000000,0.000000,0.000000,0.000000,0.000000
6.2101,20.588540,-0.152631,-0.001274,0.000000,0.022314,-0.020777,0,-0.163020,134,0.343776,0.106198,20.588540,0.003560,14.347283,-0.001274,20.588542,14.484760,-0.001274,-0.152631,0.000000,0.012213,-0.543270,-52.419179,0.137477,0.000000,0.001532,0.001980,-0.000029,0.001532,0.343776,0.106198,-9.803399,0.001880,-0.008536,0.000000,-2.946580,-0.003822,27.000000,0.013045,20.588542,0.003560,-0.152631,0.000000,0.137000,0.000000,139,0,1,34,35,0.007508,0.004460,-0.001329,-0.296983,0.279631,10.586392,1.765809,-0.003822,0.032996,6,1,0,0.000000,0,14.496824,0.000000,0.022314,0,-0.163020,0.000000,-0.020777,14.496824,-0.163020,1,1,1,6.229629,0.000000,0.000000,0.000000,0.000000,0.000000,0.000000,0.000000
6.2201,20.588505,-0.152631,-0.018294,0.000000,0.025841,-0.020777,0,-0.163020,144,0.343709,0.105393,20.588505,0.000419,14.347153,-0.018294,20.588542,14.484617,-0.018294,-0.152631,0.000000,0.012200,-0.543270,-52.419179,0.137464,0.000000,0.001555,0.001990,0.000058,0.001555,0.343709,0.105393,-9.803410,0.008327,0.002826,0.000000,-2.946725,-0.003753,27.000000,0.013045,20.588542,0.000419,-0.152631,0.000000,0.137000,0.000000,144,0,1,34,35,-0.005307,0.006787,-0.018379,0.120594,-0.120485,8.926959,1.765664,-0.003753,0.033002,6,1,0,0.000000,0,14.496824,0.000000,0.025841,0,-0.163020,0.000000,-0.020777,14.496824,-0.163020,1,1,1,6.229668,0.000000,0.000000,0.000000,0.000000,0.000000,0.000000,0.000000
6.2301,20.588497,-0.152631,0.011311,0.000000,0.024094,-0.020777,0,-0.163020,154,0.343250,0.105530,20.588497,0.001466,14.347162,0.011311,20.588446,14.484644,0.011311,-0.152631,0.000000,0.012214,-0.543270,-52.419179,0.137482,0.000000,0.001529,0.001830,-0.000192,0.001529,0.343250,0.105530,-9.803425,-0.004541,0.000332,0.000000,-2.946698,-0.003745,27.000000,0.013045,20.588446,0.001466,-0.152631,0.000000,0.137000,0.000000,149,0,1,34,35,0.001117,-0.004276,0.011364,-0.124717,0.279016,10.643921,1.765691,-0.003745,0.032954,7,1,0,0.000000,0,14.496824,0.000000,0.024094,0,-0.163020,0.000000,-0.020777,14.496824,-0.163020,1,1,1,6.229706,0.000000,0.000000,0.000000,0.000000,0.000000,0.000000,0.000000
6.2401,20.588544,-0.152631,-0.001533,0.000000,0.024260,-0.020777,0,-0.163020,164,0.343113,0.106159,20.588544,0.001466,14.347177,-0.001533,20.588542,14.484652,-0.001533,-0.152631,0.000000,0.012248,-0.543270,-52.419179,0.137475,0.000000,0.001468,0.001853,0.000002,0.001468,0.343113,0.106159,-9.803423,-0.006926,-0.001123,0.000000,-2.946689,-0.003773,27.000000,0.013045,20.588542,0.001466,-0.152631,0.000000,0.137000,0.000000,154,0,1,34,35,0.003250,-0.006237,-0.001457,-0.164414,0.200715,10.011459,1.765700,-0.003773,0.032930,7,1,0,0.000000,0,14.496824,0.000000,0.024260,0,-0.163020,0.000000,-0.020777,14.496824,-0.163020,1,1,1,6.229744,0.000000,0.000000,0.000000,0.000000,0.000000,0.000000,0.000000
6.2501,20.588452,-0.152631,-0.007421,0.000000,0.024605,-0.020777,0,-0.163020,174,0.343240,0.106378,20.588452,-0.000419,14.347159,-0.007421,20.588446,14.484630,-0.007421,-0.152631,0.000000,0.012291,-0.543270,-52.419179,0.137471,0.000000,0.001388,0.001848,-0.000093,0.001388,0.343240,0.106378,-9.803416,0.014180,-0.005860,0.000000,-2.946711,-0.003754,27.000000,0.013045,20.588446,-0.000419,-0.152631,0.000000,0.137000,0.000000,159,0,1,34,35,0.001091,0.015212,-0.007609,-0.003459,0.057237,9.244489,1.765678,-0.003754,0.032940,7,1,0,0.000000,0,14.496824,0.000000,0.024605,0,-0.163020,0.000000,-0.020777,14.496824,-0.163020,1,1,1,6.229789,0.000000,0.000000,0.000000,0.000000,0.000000,0.000000,0.000000
6.2601,20.588544,-0.151864,0.007247,0.000000,0.033458,-0.029981,0,-0.163020,184,0.343118,0.106874,20.588544,0.001466,14.346392,0.007247,20.588542,14.483875,0.007247,-0.151864,0.000000,0.012342,-0.543270,-52.419179,0.137482,0.000000,0.001294,0.001848,0.000001,0.001294,0.343118,0.106874,-9.803415,0.005007,0.001672,0.000000,-2.946700,-0.003726,27.000000,0.013045,20.588542,0.001466,-0.151864,0.000000,0.137000,0.000000,164,0,1,34,35,-0.003162,0.004316,0.007194,0.075543,0.017870,10.115053,1.765689,-0.003726,0.032932,6,1,0,0.000000,0,14.496824,0.000000,0.033458,0,-0.163020,0.000000,-0.029981,14.496824,-0.163020,1,1,1,6.229828,0.000000,0.000000,0.000000,0.000000,0.000000,0.000000,0.000000
6.2701,20.588546,-0.151864,-0.018447,0.000000,0.025466,-0.022311,0,-0.163020,194,0.343290,0.106713,20.588546,0.002513,14.346446,-0.018447,20.588542,14.483911,-0.018447,-0.151864,0.000000,0.012288,-0.543270,-52.419179,0.137465,0.000000,0.001393,0.001852,-0.000020,0.001393,0.343290,0.106713,-9.803411,0.002240,0.004842,0.000000,-2.946663,-0.003766,27.000000,0.013045,20.588542,0.002513,-0.151864,0.000000,0.137000,0.000000,169,0,1,34,35,-0.005300,0.000377,-0.018453,-0.126720,-0.107504,9.415021,1.765726,-0.003766,0.032952,7,1,0,0.000000,0,14.496824,0.000000,0.025466,0,-0.163020,0.000000,-0.022311,14.496824,-0.163020,1,1,1,6.229866,0.000000,0.000000,0.000000,0.000000,0.000000,0.000000,0.000000
6.2801,20.588712,-0.151864,-0.020210,0.000000,0.027961,-0.022311,0,-0.163020,204,0.343144,0.109130,20.588712,0.003560,14.346262,-0.020210,20.588734,14.483733,-0.020210,-0.151864,0.000000,0.012486,-0.543270,-52.419179,0.137471,0.000000,0.001029,0.001993,0.000036,0.001029,0.343144,0.109130,-9.803389,0.013166,-0.010009,0.000000,-2.946839,-0.003809,27.000000,0.013045,20.588734,0.003560,-0.151864,0.000000,0.137000,0.000000,174,0,1,34,35,0.005356,0.015394,-0.020403,0.143144,0.080834,10.441125,1.765550,-0.003809,0.032900,7,1,0,0.000000,0,14.496824,0.000000,0.027961,0,-0.163020,0.000000,-0.022311,14.496824,-0.163020,1,1,1,6.230007,0.000000,0.000000,0.000000,0.000000,0.000000,0.000000,0.000000
6.2901,20.588723,-0.152631,-0.001339,0.000000,0.018246,-0.013108,0,-0.163020,214,0.343382,0.104351,20.588723,-0.000419,14.346925,-0.001339,20.588734,14.484394,-0.001339,-0.152631,0.000000,0.012050,-0.543270,-52.419179,0.137470,0.000000,0.001832,0.001824,-0.000067,0.001832,0.343382,0.104351,-9.803433,0.004524,0.006328,0.000000,-2.946946,-0.003793,27.000000,0.013045,20.588734,-0.000419,-0.152631,0.000000,0.137000,0.000000,179,0,1,34,35,-0.007432,0.002280,-0.001366,-0.146599,-0.122986,9.118169,1.765443,-0.003793,0.032985,6,1,0,0.000000,0,14.496824,0.000000,0.018246,0,-0.163020,0.000000,-0.013108,14.496824,-0.163020,1,1,1,6.230169,0.000000,0.000000,0.000000,0.000000,0.000000,0.000000,0.000000
6.3001,20.588699,-0.152631,0.000700,0.000000,0.026295,-0.020777,0,-0.163020,224,0.343384,0.104790,20.588699,0.002513,14.346802,0.000700,20.588734,14.484275,0.000700,-0.152631,0.000000,0.012096,-0.543270,-52.419179,0.137472,0.000000,0.001747,0.001847,0.000045,0.001747,0.343384,0.104790,-9.803428,-0.002254,-0.000422,-0.000000,-2.947066,-0.003791,27.000000,0.013045,20.588734,0.002513,-0.152631,0.000000,0.137000,0.000000,184,0,1,34,35,0.001111,-0.001997,0.000724,0.143099,0.259919,10.653474,1.765323,-0.003791,0.032979,7,1,0,0.000000,0,14.496824,0.000000,0.026295,0,-0.163020,0.000000,-0.020777,14.496824,-0.163020,1,1,1,6.230206,0.000000,0.000000,0.000000,0.000000,0.000000,0.000000,0.000000
6.3101,20.588389,-0.152631,0.013704,0.000000,0.023057,-0.020777,0,-0.163020,234,0.344311,0.104826,20.588389,-0.003560,14.346962,0.013704,20.588350,14.484445,0.013704,-0.152631,0.000000,0.012138,-0.543270,-52.419179,0.137483,0.000000,0.001670,0.002012,-0.000319,0.001670,0.344311,0.104826,-9.803395,0.003548,-0.009092,0.000000,-2.946897,-0.003767,27.000000,0.013045,20.588350,-0.003560,-0.152631,0.000000,0.137000,0.000000,189,0,1,34,35,0.007510,0.006399,0.013627,-0.174806,-0.087464,9.338628,1.765492,-0.003767,0.033072,7,1,0,0.000000,0,14.496824,0.000000,0.023057,0,-0.163020,0.000000,-0.020777,14.496824,-0.163020,1,1,1,6.230243,0.000000,0.000000,0.000000,0.000000,0.000000,0.000000,0.000000
6.3201,20.588350,-0.152631,0.004815,0.000000,0.024177,-0.020777,0,-0.163020,244,0.343627,0.104152,20.588350,-0.000419,14.347020,0.004815,20.588350,14.484493,0.004815,-0.152631,0.000000,0.012083,-0.543270,-52.419179,0.137474,0.000000,0.001771,0.001935,0.000098,0.001771,0.343627,0.104152,-9.803427,-0.009109,-0.000404,0.000000,-2.946849,-0.003744,27.000000,0.013045,20.588350,-0.000419,-0.152631,0.000000,0.137000,0.000000,194,0,1,34,35,0.003254,-0.008459,0.004918,-0.021033,-0.081472,9.635471,1.765540,-0.003744,0.033013,7,1,0,0.000000,0,14.496824,0.000000,0.024177,0,-0.163020,0.000000,-0.020777,14.496824,-0.163020,1,1,1,6.230279,0.000000,0.000000,0.000000,0.000000,0.000000,0.000000,0.000000
6.3301,20.588522,-0.152631,-0.007988,0.000000,0.024953,-0.020777,0,-0.163020,254,0.342764,0.104009,20.588522,0.001466,14.347006,-0.007988,20.588542,14.484469,-0.007988,-0.152631,0.000000,0.012103,-0.543270,-52.419179,0.137463,0.000000,0.001734,0.001845,-0.000102,0.001734,0.342764,0.104009,-9.803458,-0.006130,0.007609,0.000000,-2.946875,-0.003696,27.000000,0.013045,20.588542,0.001466,-0.152631,0.000000,0.137000,0.000000,199,0,1,34,35,-0.005288,-0.008313,-0.007888,0.151756,-0.150316,9.797588,1.765514,-0.003696,0.032928,7,1,0,0.000000,0,14.496824,0.000000,0.024953,0,-0.163020,0.000000,-0.020777,14.496824,-0.163020,1,1,1,6.230316,0.000000,0.000000,0.000000,0.000000,0.000000,0.000000,0.000000
6.3401,20.588565,-0.152631,0.009379,0.000000,0.023967,-0.020777,0,-0.163020,8,0.342605,0.104178,20.588565,0.001466,14.347057,0.009379,20.588542,14.484531,0.009379,-0.152631,0.000000,0.012107,-0.543270,-52.419179,0.137474,0.000000,0.001727,0.001821,-0.000022,0.001727,0.342605,0.104178,-9.803462,0.004959,0.001684,0.000000,-2.946812,-0.003707,27.000000,0.013045,20.588542,0.001466,-0.152631,0.000000,0.137000,0.000000,3,0,1,34,35,-0.003162,0.004288,0.009327,-0.012450,0.148845,9.570798,1.765577,-0.003707,0.032910,6,1,0,0.000000,0,14.496824,0.000000,0.023967,0,-0.163020,0.000000,-0.020777,14.496824,-0.163020,1,1,1,6.230352,0.000000,0.000000,0.000000,0.000000,0.000000,0.000000,0.000000
6.3501,20.588549,-0.152631,-0.001331,0.000000,0.024160,-0.020777,0,-0.163020,18,0.343377,0.104784,20.588549,0.000419,14.347095,-0.001331,20.588542,14.484566,-0.001331,-0.152631,0.000000,0.012124,-0.543270,-52.419179,0.137471,0.000000,0.001696,0.001844,-0.000091,0.001696,0.343377,0.104784,-9.803429,0.001854,-0.001782,0.000000,-2.946775,-0.003763,27.000000,0.013045,20.588542,0.000419,-0.152631,0.000000,0.137000,0.000000,8,0,1,34,35,0.001106,0.002305,-0.001359,-0.239291,0.118169,10.498674,1.765614,-0.003763,0.032978,7,1,0,0.000000,0,14.496824,0.000000,0.024160,0,-0.163020,0.000000,-0.020777,14.496824,-0.163020,1,1,1,6.230389,0.000000,0.000000,0.000000,0.000000,0.000000,0.000000,0.000000
6.3601,20.588550,-0.151864,-0.003313,0.000000,0.033858,-0.029981,0,-0.163020,28,0.343364,0.105207,20.588550,0.000419,14.346317,-0.003313,20.588542,14.483788,-0.003313,-0.151864,0.000000,0.012163,-0.543270,-52.419179,0.137471,0.000000,0.001624,0.001785,0.000004,0.001624,0.343364,0.105207,-9.803425,0.008659,-0.001779,-0.000000,-2.946787,-0.003741,27.000000,0.013045,20.588542,0.000419,-0.151864,0.000000,0.137000,0.000000,13,0,1,34,35,-0.001036,0.008738,-0.003419,-0.051553,-0.101572,8.936607,1.765602,-0.003741,0.032982,6,1,0,0.000000,0,14.496824,0.000000,0.033858,0,-0.163020,0.000000,-0.029981,14.496824,-0.163020,1,1,1,6.230426,0.000000,0.000000,0.000000,0.000000,0.000000,0.000000,0.000000
6.3701,20.588625,-0.151864,-0.012301,0.000000,0.025946,-0.022311,0,-0.163020,38,0.343084,0.105667,20.588625,-0.001466,14.346333,-0.012301,20.588638,14.483798,-0.012301,-0.151864,0.000000,0.012212,-0.543270,-52.419179,0.137466,0.000000,0.001533,0.001715,0.000087,0.001533,0.343084,0.105667,-9.803429,-0.009391,0.004186,0.000000,-2.946776,-0.003733,27.000000,0.013045,20.588638,-0.001466,-0.151864,0.000000,0.137000,0.000000,18,0,1,34,35,-0.001018,-0.010381,-0.012175,-0.488046,0.532988,10.971631,1.765613,-0.003733,0.032947,7,1,0,0.000000,0,14.496824,0.000000,0.025946,0,-0.163020,0.000000,-0.022311,14.496824,-0.163020,1,1,1,6.230462,0.000000,0.000000,0.000000,0.000000,0.000000,0.000000,0.000000
6.3801,20.588906,-0.152631,-0.010261,0.000000,0.018518,-0.013108,0,-0.163020,48,0.342541,0.105935,20.588906,0.003560,14.346958,-0.010261,20.588925,14.484426,-0.010261,-0.152631,0.000000,0.012215,-0.543270,-52.419179,0.137468,0.000000,0.001528,0.001786,0.000224,0.001528,0.342541,0.105935,-9.803445,-0.016835,-0.004580,0.000000,-2.946914,-0.003774,27.000000,0.013045,20.588925,0.003560,-0.152631,0.000000,0.137000,0.000000,23,0,1,34,35,0.009660,-0.014653,-0.010083,-0.020958,0.191230,10.011457,1.765475,-0.003774,0.032876,6,1,0,0.000000,0,14.496824,0.000000,0.018518,0,-0.163020,0.000000,-0.013108,14.496824,-0.163020,1,1,1,6.230497,0.000000,0.000000,0.000000,0.000000,0.000000,0.000000,0.000000
6.3901,20.588948,-0.151864,0.020350,0.000000,0.034568,-0.029981,0,-0.163020,58,0.342821,0.105963,20.588948,-0.002513,14.346123,0.020350,20.588925,14.483612,0.020350,-0.151864,0.000000,0.012243,-0.543270,-52.419179,0.137488,0.000000,0.001476,0.001860,-0.000181,0.001476,0.342821,0.105963,-9.803435,0.016201,-0.004284,0.000000,-2.946963,-0.003728,27.000000,0.013045,20.588925,-0.002513,-0.151864,0.000000,0.137000,0.000000,28,0,1,34,35,-0.001037,0.016974,0.020143,0.236795,-0.249324,9.298987,1.765426,-0.003728,0.032916,7,1,0,0.000000,0,14.496824,0.000000,0.034568,0,-0.163020,0.000000,-0.029981,14.496824,-0.163020,1,1,1,6.230621,0.000000,0.000000,0.000000,0.000000,0.000000,0.000000,0.000000
6.4001,20.588552,-0.151864,0.006292,0.000000,0.024268,-0.022311,0,-0.163020,68,0.344202,0.105727,20.588552,-0.001466,14.346309,0.006292,20.588542,14.483792,0.006292,-0.151864,0.000000,0.012288,-0.543270,-52.419179,0.137483,0.001000,0.001394,0.001939,-0.000039,0.001394,0.344202,0.105727,-9.803390,0.009034,0.007086,0.001000,-2.946785,-0.003681,27.000000,0.013045,20.588542,-0.001466,-0.151864,0.000000,0.137000,0.001000,33,0,1,34,35,-0.009569,0.006435,0.007214,-0.440069,0.174490,10.575672,1.765604,-0.003681,0.033059,7,1,0,0.000000,0,14.496824,0.000000,0.024268,0,-0.163020,0.000000,-0.022311,14.496824,-0.163020,1,1,1,6.230657,0.000000,0.000000,0.000000,0.000000,0.000000,0.000000,0.000000
6.4101,20.588603,-0.152631,-0.016617,0.000000,0.018495,-0.013108,0,-0.163020,78,0.343968,0.106239,20.588603,-0.000419,14.346956,-0.016617,20.588638,14.484422,-0.016617,-0.152631,0.000000,0.012256,-0.543270,-52.419179,0.137466,0.000000,0.001452,0.001854,0.000140,0.001452,0.343968,0.106239,-9.803392,-0.011312,0.004832,0.000000,-2.946918,-0.003786,27.000000,0.013045,20.588638,-0.000419,-0.152631,0.000000,0.137000,0.000000,38,0,1,34,35,-0.001017,-0.012461,-0.016466,0.226593,-0.048764,9.320137,1.765471,-0.003786,0.033015,7,1,0,0.000000,0,14.496824,0.000000,0.018495,0,-0.163020,0.000000,-0.013108,14.496824,-0.163020,1,1,1,6.230693,0.000000,0.000000,0.000000,0.000000,0.000000,0.000000,0.000000
6.4201,20.588925,-0.152631,0.002113,0.000000,0.025661,-0.020777,0,-0.163020,88,0.343729,0.106716,20.588925,0.002513,14.346873,0.002113,20.588925,14.484351,0.002113,-0.152631,0.000000,0.012349,-0.543270,-52.419179,0.137478,-0.001000,0.001281,0.001987,0.000109,0.001281,0.343729,0.106716,-9.803395,0.012633,-0.009855,-0.001000,-2.946991,-0.003737,27.000000,0.013045,20.588925,0.002513,-0.152631,0.000000,0.137000,-0.001000,43,0,1,34,35,0.005363,0.015110,0.000927,-0.020253,-0.216753,9.748958,1.765398,-0.003737,0.032984,6,1,0,0.000000,0,14.496824,0.000000,0.025661,0,-0.163020,0.000000,-0.020777,14.496824,-0.163020,1,1,1,6.230728,0.000000,0.000000,0.000000,0.000000,0.000000,0.000000,0.000000
6.4301,20.588654,-0.151864,0.022524,0.000000,0.032906,-0.029981,0,-0.163020,98,0.343836,0.106611,20.588654,0.000419,14.346194,0.022524,20.588638,14.483688,0.022524,-0.151864,0.000000,0.012345,-0.543270,-52.419179,0.137494,0.000000,0.001288,0.001880,-0.000021,0.001288,0.343836,0.106611,-9.803393,0.022173,0.007236,0.000000,-2.946888,-0.003707,27.000000,0.013045,20.588638,0.000419,-0.151864,0.000000,0.137000,0.000000,48,0,1,34,35,-0.013847,0.019046,0.022290,0.074806,-0.214227,9.548066,1.765501,-0.003707,0.033008,7,1,0,0.000000,0,14.496824,0.000000,0.032906,0,-0.163020,0.000000,-0.029981,14.496824,-0.163020,1,1,1,6.230764,0.000000,0.000000,0.000000,0.000000,0.000000,0.000000,0.000000
6.4401,20.588720,-0.151864,-0.014477,0.000000,0.025588,-0.022311,0,-0.163020,108,0.344014,0.107993,20.588720,0.002513,14.346272,-0.014477,20.588734,14.483745,-0.014477,-0.151864,0.000000,0.012399,-0.543270,-52.419179,0.137473,0.000000,0.001189,0.001949,0.000184,0.001189,0.344014,0.107993,-9.803371,-0.014696,-0.005300,0.000000,-2.946828,-0.003795,27.000000,0.013045,20.588734,0.002513,-0.151864,0.000000,0.137000,0.000000,53,0,1,34,35,0.009657,-0.012459,-0.014324,-0.204056,0.461105,9.832212,1.765561,-0.003795,0.033005,7,1,0,0.000000,0,14.496824,0.000000,0.025588,0,-0.163020,0.000000,-0.022311,14.496824,-0.163020,1,1,1,6.230800,0.000000,0.000000,0.000000,0.000000,0.000000,0.000000,0.000000
6.4501,20.588897,-0.152631,-0.018328,0.000000,0.019097,-0.013108,0,-0.163020,118,0.343519,0.107112,20.588897,0.003560,14.346864,-0.018328,20.588925,14.484333,-0.018328,-0.152631,0.000000,0.012337,-0.543270,-52.419179,0.137469,0.000000,0.001303,0.001785,0.000225,0.001303,0.343519,0.107112,-9.803398,0.000290,-0.014752,0.000000,-2.947007,-0.003786,27.000000,0.013045,20.588925,0.003560,-0.152631,0.000000,0.137000,0.000000,58,0,1,34,35,0.013906,0.004705,-0.018388,-0.241064,0.389674,10.195148,1.765382,-0.003786,0.032956,6,1,0,0.000000,0,14.496824,0.000000,0.019097,0,-0.163020,0.000000,-0.013108,14.496824,-0.163020,1,1,1,6.230836,0.000000,0.000000,0.000000,0.000000,0.000000,0.000000,0.000000
6.4601,20.588934,-0.152631,0.010579,0.000000,0.025271,-0.020777,0,-0.163020,128,0.343593,0.106337,20.588934,-0.000419,14.346827,0.010579,20.588925,14.484309,0.010579,-0.152631,0.000000,0.012331,-0.543270,-52.419179,0.137482,-0.001000,0.001313,0.001930,-0.000201,0.001313,0.343593,0.106337,-9.803404,0.015073,0.005075,-0.001000,-2.947033,-0.003715,27.000000,0.013045,20.588925,-0.000419,-0.152631,0.000000,0.137000,-0.001000,63,0,1,34,35,-0.009575,0.012817,0.009421,-0.118933,0.051030,8.966809,1.765355,-0.003715,0.032976,6,1,0,0.000000,0,14.496824,0.000000,0.025271,0,-0.163020,0.000000,-0.020777,14.496824,-0.163020,1,1,1,6.230873,0.000000,0.000000,0.000000,0.000000,0.000000,0.000000,0.000000
6.4701,20.588763,-0.152631,0.013688,0.000000,0.022947,-0.020777,0,-0.163020,138,0.343704,0.103299,20.588763,-0.001466,14.347007,0.013688,20.588734,14.484483,0.013688,-0.152631,0.000000,0.012008,-0.543270,-52.419179,0.137476,0.000000,0.001910,0.001799,0.000058,0.001910,0.343704,0.103299,-9.803433,0.008889,0.007126,0.000000,-2.946860,-0.003734,27.000000,0.013045,20.588734,-0.001466,-0.152631,0.000000,0.137000,0.000000,68,0,1,34,35,-0.009567,0.006350,0.013613,0.046672,-0.207273,9.758667,1.765529,-0.003734,0.033034,6,1,0,0.000000,0,14.496824,0.000000,0.022947,0,-0.163020,0.000000,-0.020777,14.496824,-0.163020,1,1,1,6.230910,0.000000,0.000000,0.000000,0.000000,0.000000,0.000000,0.000000
6.4801,20.588750,-0.151864,0.016607,0.000000,0.032661,-0.029981,0,-0.163020,148,0.344027,0.107865,20.588750,0.001466,14.346322,0.016607,20.588734,14.483818,0.016607,-0.151864,0.000000,0.012396,-0.543270,-52.419179,0.137496,0.001000,0.001195,0.001822,0.000168,0.001195,0.344027,0.107865,-9.803372,-0.009423,-0.000307,0.001000,-2.946755,-0.003786,27.000000,0.013045,20.588734,0.001466,-0.151864,0.000000,0.137000,0.001000,73,0,1,34,35,0.003258,-0.008629,0.017716,0.017609,-0.309171,9.489652,1.765634,-0.003786,0.033008,7,1,0,0.000000,0,14.496824,0.000000,0.032661,0,-0.163020,0.000000,-0.029981,14.496824,-0.163020,1,1,1,6.230943,0.000000,0.000000,0.000000,0.000000,0.000000,0.000000,0.000000
6.4901,20.588687,-0.151864,-0.026917,0.000000,0.026614,-0.022311,0,-0.163020,158,0.343000,0.104036,20.588687,-0.001466,14.346315,-0.026917,20.588734,14.483768,-0.026917,-0.151864,0.000000,0.012091,-0.543270,-52.419179,0.137453,0.000000,0.001757,0.001834,-0.000101,0.001757,0.343000,0.104036,-9.803450,0.001142,-0.006034,0.000000,-2.946809,-0.003689,27.000000,0.013045,20.588734,-0.001466,-0.151864,0.000000,0.137000,0.000000,78,0,1,34,35,0.005368,0.002657,-0.026952,-0.536954,0.519022,10.550361,1.765580,-0.003689,0.032964,6,1,0,0.000000,0,14.496824,0.000000,0.026614,0,-0.163020,0.000000,-0.022311,14.496824,-0.163020,1,1,1,6.230981,0.000000,0.000000,0.000000,0.000000,0.000000,0.000000,0.000000
6.5001,20.589017,-0.152631,-0.018354,0.000000,0.019226,-0.013108,0,-0.163020,168,0.342084,0.107045,20.589017,0.003560,14.346878,-0.018354,20.589021,14.484342,-0.018354,-0.152631,0.000000,0.012414,-0.543270,-52.419179,0.137464,0.000000,0.001162,0.001847,0.000123,0.001162,0.342084,0.107045,-9.803449,0.009646,0.013629,0.000000,-2.947002,-0.003680,27.000000,0.013045,20.589021,0.003560,-0.152631,0.000000,0.137000,0.000000,83,0,1,34,35,-0.015978,0.004620,-0.018412,0.486483,-0.103387,9.884412,1.765387,-0.003680,0.032813,7,1,0,0.000000,0,14.496824,0.000000,0.019226,0,-0.163020,0.000000,-0.013108,14.496824,-0.163020,1,1,1,6.231067,0.000000,0.000000,0.000000,0.000000,0.000000,0.000000,0.000000
6.5101,20.589128,-0.152631,0.014928,0.000000,0.024926,-0.020777,0,-0.163020,178,0.342553,0.104554,20.589128,-0.000419,14.346862,0.014928,20.589117,14.484345,0.014928,-0.152631,0.000000,0.012056,-0.543270,-52.419179,0.137483,0.001000,0.001820,0.001817,-0.000014,0.001820,0.342553,0.104554,-9.803460,0.010889,-0.000288,0.001000,-2.946995,-0.003794,27.000000,0.013045,20.589117,-0.000419,-0.152631,0.000000,0.137000,0.001000,88,0,1,34,35,-0.003167,0.010614,0.015801,0.103568,0.284442,10.213455,1.765394,-0.003794,0.032899,7,1,0,0.000000,0,14.496824,0.000000,0.024926,0,-0.163020,0.000000,-0.020777,14.496824,-0.163020,1,1,1,6.231105,0.000000,0.000000,0.000000,0.000000,0.000000,0.000000,0.000000
6.5201,20.588754,-0.151864,0.009635,0.000000,0.031345,-0.029981,0,-0.163020,188,0.343620,0.104238,20.588754,-0.002513,14.346337,0.009635,20.588734,14.483813,0.009635,-0.151864,0.000000,0.012026,-0.543270,-52.419179,0.137476,0.000000,0.001875,0.001834,-0.000248,0.001875,0.343620,0.104238,-9.803426,0.013769,-0.005722,0.000000,-2.946761,-0.003783,27.000000,0.013045,20.588734,-0.002513,-0.151864,0.000000,0.137000,0.000000,93,0,1,34,35,0.001096,0.014985,0.009455,-0.212085,-0.110614,9.663765,1.765628,-0.003783,0.033023,6,1,0,0.000000,0,14.496824,0.000000,0.031345,0,-0.163020,0.000000,-0.029981,14.496824,-0.163020,1,1,1,6.231140,0.000000,0.000000,0.000000,0.000000,0.000000,0.000000,0.000000
6.5301,20.588716,-0.152631,-0.003766,0.000000,0.016695,-0.013108,0,-0.163020,198,0.343514,0.104034,20.588716,0.001466,14.347122,-0.003766,20.588734,14.484590,-0.003766,-0.152631,0.000000,0.012083,-0.543270,-52.419179,0.137468,0.000000,0.001770,0.001846,-0.000097,0.001770,0.343514,0.104034,-9.803432,-0.010931,0.000206,0.000000,-2.946753,-0.003729,27.000000,0.013045,20.588734,0.001466,-0.152631,0.000000,0.137000,0.000000,98,0,1,34,35,0.003254,-0.010482,-0.003639,-0.147061,0.123857,9.264206,1.765636,-0.003729,0.033003,6,1,0,0.000000,0,14.496824,0.000000,0.016695,0,-0.163020,0.000000,-0.013108,14.496824,-0.163020,1,1,1,6.231176,0.000000,0.000000,0.000000,0.000000,0.000000,0.000000,0.000000
6.5401,20.589107,-0.152631,0.005918,0.000000,0.025928,-0.020777,0,-0.163020,208,0.342518,0.103978,20.589107,0.003560,14.346999,0.005918,20.589117,14.484468,0.005918,-0.152631,0.000000,0.012073,-0.543270,-52.419179,0.137470,-0.001000,0.001789,0.001835,0.000138,0.001789,0.342518,0.103978,-9.803467,-0.005722,-0.003770,-0.001000,-2.946874,-0.003718,27.000000,0.013045,20.589117,0.003560,-0.152631,0.000000,0.137000,-0.001000,103,0,1,34,35,0.005384,-0.004179,0.004969,-0.077678,0.282459,10.366444,1.765515,-0.003718,0.032904,7,1,0,0.000000,0,14.496824,0.000000,0.025928,0,-0.163020,0.000000,-0.020777,14.496824,-0.163020,1,1,1,6.231211,0.000000,0.000000,0.000000,0.000000,0.000000,0.000000,0.000000
6.5501,20.588730,-0.152631,-0.005495,0.000000,0.024461,-0.020777,0,-0.163020,218,0.342740,0.103227,20.588730,-0.004503,14.347027,-0.005495,20.588734,14.484489,-0.005495,-0.152631,0.000000,0.012082,-0.543270,-52.419179,0.137462,0.000000,0.001772,0.001967,-0.000219,0.001772,0.342740,0.103227,-9.803467,0.006013,-0.003159,0.000000,-2.946856,-0.003637,27.000000,0.013045,20.588734,-0.004503,-0.152631,0.000000,0.137000,0.000000,108,0,1,34,35,0.001101,0.006636,-0.005575,-0.443468,0.161357,9.312243,1.765533,-0.003637,0.032938,7,1,0,0.000000,0,14.496824,0.000000,0.024461,0,-0.163020,0.000000,-0.020777,14.496824,-0.163020,1,1,1,6.231297,0.000000,0.000000,0.000000,0.000000,0.000000,0.000000,0.000000
6.5601,20.588828,-0.152631,-0.003319,0.000000,0.024346,-0.020777,0,-0.163020,228,0.342498,0.103472,20.588828,0.002513,14.347052,-0.003319,20.588829,14.484516,-0.003319,-0.152631,0.000000,0.012088,-0.543270,-52.419179,0.137464,0.000000,0.001761,0.001932,0.000185,0.001761,0.342498,0.103472,-9.803473,0.010661,0.004294,0.000000,-2.946829,-0.003652,27.000000,0.013045,20.588829,0.002513,-0.152631,0.000000,0.137000,0.000000,113,0,1,34,35,-0.007439,0.008720,-0.003425,-0.153473,0.420545,10.798450,1.765560,-0.003652,0.032910,7,1,0,0.000000,0,14.496824,0.000000,0.024346,0,-0.163020,0.000000,-0.020777,14.496824,-0.163020,1,1,1,6.231331,0.000000,0.000000,0.000000,0.000000,0.000000,0.000000,0.000000
6.5701,20.588949,-0.152631,0.011609,0.000000,0.024113,-0.020777,0,-0.163020,238,0.343386,0.104498,20.588949,0.000419,14.347080,0.011609,20.588925,14.484558,0.011609,-0.152631,0.000000,0.012129,-0.543270,-52.419179,0.137478,0.000000,0.001687,0.001848,-0.000111,0.001687,0.343386,0.104498,-9.803431,0.010300,0.004408,0.000000,-2.946784,-0.003729,27.000000,0.013045,20.588925,0.000419,-0.152631,0.000000,0.137000,0.000000,118,0,1,34,35,-0.007435,0.008521,0.011506,0.064945,-0.467103,9.114848,1.765605,-0.003729,0.032983,6,1,0,0.000000,0,14.496824,0.000000,0.024113,0,-0.163020,0.000000,-0.020777,14.496824,-0.163020,1,1,1,6.231365,0.000000,0.000000,0.000000,0.000000,0.000000,0.000000,0.000000
6.5801,20.588807,-0.151864,-0.020670,0.000000,0.034604,-0.029981,0,-0.163020,248,0.343205,0.105035,20.588807,-0.000419,14.346259,-0.020670,20.588829,14.483719,-0.020670,-0.151864,0.000000,0.012177,-0.543270,-52.419179,0.137460,0.000000,0.001598,0.001963,-0.000085,0.001598,0.343205,0.105035,-9.803432,-0.005764,-0.006001,0.000000,-2.946857,-0.003707,27.000000,0.013045,20.588829,-0.000419,-0.151864,0.000000,0.137000,0.000000,123,0,1,34,35,0.007511,-0.003832,-0.020625,-0.105594,0.203709,10.547473,1.765532,-0.003707,0.032969,6,1,0,0.000000,0,14.496824,0.000000,0.034604,0,-0.163020,0.000000,-0.029981,14.496824,-0.163020,1,1,1,6.231400,0.000000,0.000000,0.000000,0.000000,0.000000,0.000000,0.000000
6.5901,20.588899,-0.152631,-0.012305,0.000000,0.018158,-0.013108,0,-0.163020,2,0.342920,0.105323,20.588899,-0.000419,14.346926,-0.012305,20.588925,14.484390,-0.012305,-0.152631,0.000000,0.012244,-0.543270,-52.419179,0.137464,0.000000,0.001474,0.001849,0.000017,0.001474,0.342920,0.105323,-9.803439,-0.008050,0.008251,0.000000,-2.946954,-0.003689,27.000000,0.013045,20.588925,-0.000419,-0.152631,0.000000,0.137000,0.000000,128,0,1,34,35,-0.005287,-0.010393,-0.012178,-0.317827,0.475572,10.205531,1.765435,-0.003689,0.032924,7,1,0,0.000000,0,14.496824,0.000000,0.018158,0,-0.163020,0.000000,-0.013108,14.496824,-0.163020,1,1,1,6.231434,0.000000,0.000000,0.000000,0.000000,0.000000,0.000000,0.000000
6.6001,20.589297,-0.151864,-0.007843,0.000000,0.035008,-0.029981,0,-0.163020,12,0.342324,0.106527,20.589297,0.002513,14.346074,-0.007843,20.589309,14.483545,-0.007843,-0.151864,0.000000,0.012258,-0.543270,-52.419179,0.137471,0.000000,0.001449,0.001848,0.000214,0.001449,0.342324,0.106527,-9.803447,0.002625,0.013705,0.000000,-2.947029,-0.003762,27.000000,0.013045,20.589309,0.002513,-0.151864,0.000000,0.137000,0.000000,133,0,1,34,35,-0.013833,-0.001927,-0.007820,0.331902,-0.124614,9.271591,1.765360,-0.003762,0.032857,6,1,0,0.000000,0,14.496824,0.000000,0.035008,0,-0.163020,0.000000,-0.029981,14.496824,-0.163020,1,1,1,6.231589,0.000000,0.000000,0.000000,0.000000,0.000000,0.000000,0.000000
6.6101,20.589038,-0.151864,-0.001127,0.000000,0.025377,-0.022311,0,-0.163020,22,0.343333,0.104960,20.589038,-0.002513,14.346172,-0.001127,20.589021,14.483643,-0.001127,-0.151864,0.000000,0.012200,-0.543270,-52.419179,0.137471,0.000000,0.001555,0.001821,-0.000117,0.001555,0.343333,0.104960,-9.803428,0.009968,-0.004466,0.000000,-2.946933,-0.003678,27.000000,0.013045,20.589021,-0.002513,-0.151864,0.000000,0.137000,0.000000,138,0,1,34,35,0.001097,0.010853,-0.001260,-0.440731,0.252753,10.432902,1.765456,-0.003678,0.032983,6,1,0,0.000000,0,14.496824,0.000000,0.025377,0,-0.163020,0.000000,-0.022311,14.496824,-0.163020,1,1,1,6.231632,0.000000,0.000000,0.000000,0.000000,0.000000,0.000000,0.000000
6.6201,20.589294,-0.152631,-0.007931,0.000000,0.018183,-0.013108,0,-0.163020,32,0.343032,0.105452,20.589294,0.009634,14.346857,-0.007931,20.589309,14.484325,-0.007931,-0.152631,0.000000,0.012280,-0.543270,-52.419179,0.137468,0.000000,0.001407,0.001835,0.000407,0.001407,0.343032,0.105452,-9.803434,-0.006771,-0.001168,0.000000,-2.947019,-0.003668,27.000000,0.013045,20.589309,0.009634,-0.152631,0.000000,0.137000,0.000000,143,0,1,34,35,0.003248,-0.006152,-0.007856,0.475670,-0.013092,9.540777,1.765370,-0.003668,0.032933,7,1,0,0.000000,0,14.496824,0.000000,0.018183,0,-0.163020,0.000000,-0.013108,14.496824,-0.163020,1,1,1,6.231665,0.000000,0.000000,0.000000,0.000000,0.000000,0.000000,0.000000
6.6301,20.589690,-0.152631,0.001014,0.000000,0.025937,-0.020777,0,-0.163020,42,0.344404,0.106111,20.589690,0.003560,14.346768,0.001014,20.589692,14.484247,0.001014,-0.152631,0.000000,0.012331,-0.543270,-52.419179,0.137478,0.000000,0.001315,0.001831,-0.000086,0.001315,0.344404,0.106111,-9.803378,0.007231,-0.012571,0.000000,-2.947096,-0.003705,27.000000,0.013045,20.589692,0.003560,-0.152631,0.000000,0.137000,0.000000,148,0,1,34,35,0.009636,0.010849,0.000880,-0.192858,-0.299368,9.460902,1.765293,-0.003705,0.033061,6,1,0,0.000000,0,14.496824,0.000000,0.025937,0,-0.163020,0.000000,-0.020777,14.496824,-0.163020,1,1,1,6.231908,0.000000,0.000000,0.000000,0.000000,0.000000,0.000000,0.000000
6.6401,20.589121,-0.152631,0.018168,0.000000,0.024637,-0.020777,0,-0.163020,52,0.344384,0.105456,20.589121,-0.004503,14.346801,0.018168,20.589117,14.484290,0.018168,-0.152631,0.000000,0.012350,-0.543270,-52.419179,0.137488,0.000000,0.001279,0.001837,-0.000014,0.001279,0.344384,0.105456,-9.803386,0.014219,-0.003643,0.000000,-2.947056,-0.003620,27.000000,0.013045,20.589117,-0.004503,-0.152631,0.000000,0.137000,0.000000,153,0,1,34,35,-0.001036,0.014865,0.017985,-0.211600,0.066115,10.067499,1.765333,-0.003620,0.033069,7,1,0,0.000000,0,14.496824,0.000000,0.024637,0,-0.163020,0.000000,-0.020777,14.496824,-0.163020,1,1,1,6.231942,0.000000,0.000000,0.000000,0.000000,0.000000,0.000000,0.000000
6.6501,20.589136,-0.151864,0.008977,0.000000,0.032792,-0.029981,0,-0.163020,62,0.343683,0.105540,20.589136,0.003560,14.346165,0.008977,20.589117,14.483646,0.008977,-0.151864,0.000000,0.012325,-0.543270,-52.419179,0.137481,0.000000,0.001325,0.001848,-0.000113,0.001325,0.343683,0.105540,-9.803410,-0.013938,-0.001055,0.000000,-2.946932,-0.003617,27.000000,0.013045,20.589117,0.003560,-0.151864,0.000000,0.137000,0.000000,158,0,1,34,35,0.005395,-0.012783,0.009136,-0.214320,0.445393,9.554506,1.765457,-0.003617,0.033009,7,1,0,0.000000,0,14.496824,0.000000,0.032792,0,-0.163020,0.000000,-0.029981,14.496824,-0.163020,1,1,1,6.231976,0.000000,0.000000,0.000000,0.000000,0.000000,0.000000,0.000000
6.6601,20.589190,-0.152631,-0.016207,0.000000,0.016434,-0.013108,0,-0.163020,72,0.344004,0.105762,20.589190,-0.000419,14.347006,-0.016207,20.589213,14.484473,-0.016207,-0.152631,0.000000,0.012340,-0.543270,-52.419179,0.137467,0.000000,0.001297,0.001867,-0.000007,0.001297,0.344004,0.105762,-9.803396,0.004245,-0.002573,0.000000,-2.946872,-0.003654,27.000000,0.013045,20.589213,-0.000419,-0.152631,0.000000,0.137000,0.000000,163,0,1,34,35,0.001100,0.004640,-0.016265,-0.555714,0.300854,10.404600,1.765517,-0.003654,0.033026,6,1,0,0.000000,0,14.496824,0.000000,0.016434,0,-0.163020,0.000000,-0.013108,14.496824,-0.163020,1,1,1,6.232010,0.000000,0.000000,0.000000,0.000000,0.000000,0.000000,0.000000
6.6701,20.589478,-0.152631,-0.009870,0.000000,0.027281,-0.020777,0,-0.163020,82,0.342835,0.106111,20.589478,0.005550,14.346790,-0.009870,20.589501,14.484258,-0.009870,-0.152631,0.000000,0.012364,-0.543270,-52.419179,0.137468,0.000000,0.001254,0.001804,0.000244,0.001254,0.342835,0.106111,-9.803433,0.005407,0.008284,0.000000,-2.947087,-0.003648,27.000000,0.013045,20.589501,0.005550,-0.152631,0.000000,0.137000,0.000000,168,0,1,34,35,-0.009569,0.002388,-0.009900,0.436132,-0.016784,9.062192,1.765302,-0.003648,0.032903,7,1,0,0.000000,0,14.496824,0.000000,0.027281,0,-0.163020,0.000000,-0.020777,14.496824,-0.163020,1,1,1,6.232043,0.000000,0.000000,0.000000,0.000000,0.000000,0.000000,0.000000
6.6801,20.589240,-0.151864,0.024560,0.000000,0.033027,-0.029981,0,-0.163020,92,0.343942,0.106167,20.589240,-0.002513,14.346106,0.024560,20.589213,14.483600,0.024560,-0.151864,0.000000,0.012374,-0.543270,-52.419179,0.137494,0.000000,0.001235,0.001831,-0.000134,0.001235,0.343942,0.106167,-9.803394,0.016067,0.002500,0.000000,-2.946978,-0.003635,27.000000,0.013045,20.589213,-0.002513,-0.151864,0.000000,0.137000,0.000000,173,0,1,34,35,-0.007438,0.014762,0.024379,-0.546383,0.518428,10.598200,1.765411,-0.003635,0.033026,7,1,0,0.000000,0,14.496824,0.000000,0.033027,0,-0.163020,0.000000,-0.029981,14.496824,-0.163020,1,1,1,6.232111,0.000000,0.000000,0.000000,0.000000,0.000000,0.000000,0.000000
6.6901,20.589217,-0.151864,0.000910,0.000000,0.025360,-0.022311,0,-0.163020,102,0.343708,0.103451,20.589217,0.001466,14.346222,0.000910,20.589213,14.483691,0.000910,-0.151864,0.000000,0.012039,-0.543270,-52.419179,0.137469,0.000000,0.001852,0.001928,0.000084,0.001852,0.343708,0.103451,-9.803431,0.003190,-0.011219,0.000000,-2.946886,-0.003693,27.000000,0.013045,20.589213,0.001466,-0.151864,0.000000,0.137000,0.000000,178,0,1,34,35,0.003245,0.000117,0.002884,0.141524,-0.326225,9.326864,1.765503,-0.003701,0.033040,6,1,0,0.000000,0,14.496824,0.000000,0.025360,0,-0.163020,0.000000,-0.022311,14.496824,-0.163020,1,1,1,6.232147,0.000000,0.000000,0.000000,0.000000,0.000000,0.000000,0.000000
6.7001,20.589660,-0.152631,-0.018472,0.000000,0.019138,-0.013108,0,-0.163020,112,0.342715,0.102796,20.589660,0.005550,14.346834,-0.018472,20.589692,14.484285,-0.018472,-0.152631,0.000000,0.012040,-0.543270,-52.419179,0.137451,0.000000,0.001851,0.001862,0.000138,0.001851,0.342715,0.102796,-9.803473,-0.009157,-0.022864,0.000000,-2.947061,-0.003636,27.000000,0.013045,20.589692,0.005550,-0.152631,0.000000,0.137000,0.000000,183,0,1,34,35,0.016055,-0.008138,-0.016402,0.217256,-0.143917,9.280892,1.765342,-0.003652,0.032947,6,1,0,0.000000,0,14.496824,0.000000,0.019138,0,-0.163020,0.000000,-0.013108,14.496824,-0.163020,1,1,1,6.232180,0.000000,0.000000,0.000000,0.000000,0.000000,0.000000,0.000000
6.7101,20.589536,-0.152631,0.018206,0.000000,0.024625,-0.020777,0,-0.163020,122,0.342671,0.102007,20.589536,0.000419,14.346848,0.018206,20.589501,14.484323,0.018206,-0.152631,0.000000,0.012032,-0.543270,-52.419179,0.137474,0.000000,0.001864,0.001847,-0.000022,0.001864,0.342671,0.102007,-9.803483,0.018928,0.003784,0.000000,-2.947026,-0.003563,27.000000,0.013045,20.589501,0.000419,-0.152631,0.000000,0.137000,0.000000,188,0,1,34,35,-0.009572,0.014756,0.024377,0.018108,-0.038354,10.018746,1.765351,-0.003554,0.032940,6,1,0,0.000000,0,14.496824,0.000000,0.024625,0,-0.163020,0.000000,-0.020777,14.496824,-0.163020,1,1,1,6.232214,0.000000,0.000000,0.000000,0.000000,0.000000,0.000000,0.000000
6.7201,20.589255,-0.152631,0.015828,0.000000,0.022012,-0.020777,0,-0.163020,132,0.343249,0.102034,20.589255,-0.002513,14.347098,0.015828,20.589213,14.484572,0.015828,-0.152631,0.000000,0.012041,-0.543270,-52.419179,0.137474,0.000000,0.001848,0.001849,-0.000058,0.001848,0.343249,0.102034,-9.803462,0.006165,-0.000971,0.000000,-2.946776,-0.003566,27.000000,0.013045,20.589213,-0.002513,-0.152631,0.000000,0.137000,0.000000,193,0,1,34,35,-0.005300,0.010551,0.020065,-0.261687,0.113880,9.292743,1.765602,-0.003567,0.033003,7,1,0,0.000000,0,14.496824,0.000000,0.022012,0,-0.163020,0.000000,-0.020777,14.496824,-0.163020,1,1,1,6.232247,0.000000,0.000000,0.000000,0.000000,0.000000,0.000000,0.000000
6.7301,20.589307,-0.151864,0.002632,0.000000,0.033157,-0.029981,0,-0.163020,142,0.343100,0.102600,20.589307,0.001466,14.346385,0.002632,20.589309,14.483851,0.002632,-0.151864,0.000000,0.012041,-0.543270,-52.419179,0.137466,0.000000,0.001848,0.001843,0.000187,0.001848,0.343100,0.102600,-9.803461,-0.011086,0.000253,0.000000,-2.946729,-0.003595,27.000000,0.013045,20.589309,0.001466,-0.151864,0.000000,0.137000,0.000000,198,0,1,34,35,0.005379,-0.001900,-0.005671,-0.268186,0.269731,10.615024,1.765658,-0.003599,0.033003,7,1,0,0.000000,0,14.496824,0.000000,0.033157,0,-0.163020,0.000000,-0.029981,14.496824,-0.163020,1,1,1,6.232280,0.000000,0.000000,0.000000,0.000000,0.000000,0.000000,0.000000
6.7401,20.589203,-0.152631,-0.012102,0.000000,0.017110,-0.013108,0,-0.163020,152,0.343061,0.102500,20.589203,-0.000419,14.347131,-0.012102,20.589213,14.484587,-0.012102,-0.152631,0.000000,0.012077,-0.543270,-52.419179,0.137457,0.000000,0.001781,0.001862,-0.000091,0.001781,0.343061,0.102500,-9.803464,0.000730,0.007589,0.000000,-2.946761,-0.003574,27.000000,0.013045,20.589213,-0.000419,-0.152631,0.000000,0.137000,0.000000,2,0,1,34,35,-0.007431,-0.001852,-0.012081,-0.156260,-0.169623,9.021990,1.765628,-0.003574,0.032982,6,1,0,0.000000,0,14.496824,0.000000,0.017110,0,-0.163020,0.000000,-0.013108,14.496824,-0.163020,1,1,1,6.232313,0.000000,0.000000,0.000000,0.000000,0.000000,0.000000,0.000000
6.7501,20.589566,-0.152631,-0.018902,0.000000,0.026942,-0.020777,0,-0.163020,162,0.341695,0.103069,20.589566,0.003560,14.346931,-0.018902,20.589596,14.484382,-0.018902,-0.152631,0.000000,0.012124,-0.543270,-52.419179,0.137450,0.000000,0.001696,0.001860,0.000333,0.001696,0.341695,0.103069,-9.803506,-0.016671,0.008875,0.000000,-2.946966,-0.003563,27.000000,0.013045,20.589596,0.003560,-0.152631,0.000000,0.137000,0.000000,7,0,1,34,35,-0.003146,-0.018850,-0.018675,0.325053,0.343482,10.864981,1.765423,-0.003563,0.032835,7,1,0,0.000000,0,14.496824,0.000000,0.026942,0,-0.163020,0.000000,-0.020777,14.496824,-0.163020,1,1,1,6.232345,0.000000,0.000000,0.000000,0.000000,0.000000,0.000000,0.000000
6.7601,20.589330,-0.152631,0.013643,0.000000,0.024138,-0.020777,0,-0.163020,172,0.342837,0.102890,20.589330,-0.005550,14.346971,0.013643,20.589309,14.484444,0.013643,-0.152631,0.000000,0.012088,-0.543270,-52.419179,0.137473,0.000000,0.001761,0.001873,-0.000226,0.001761,0.342837,0.102890,-9.803468,0.004857,0.001713,0.000000,-2.946903,-0.003599,27.000000,0.013045,20.589309,-0.005550,-0.152631,0.000000,0.137000,0.000000,12,0,1,34,35,-0.003161,0.004231,0.013593,-0.337047,-0.070077,9.472683,1.765486,-0.003599,0.032953,6,1,0,0.000000,0,14.496824,0.000000,0.024138,0,-0.163020,0.000000,-0.020777,14.496824,-0.163020,1,1,1,6.232378,0.000000,0.000000,0.000000,0.000000,0.000000,0.000000,0.000000
6.7701,20.589245,-0.152631,0.008449,0.000000,0.023043,-0.020777,0,-0.163020,182,0.343142,0.104382,20.589245,0.000419,14.347113,0.008449,20.589213,14.484587,0.008449,-0.152631,0.000000,0.012230,-0.543270,-52.419179,0.137474,-0.001000,0.001500,0.001983,0.000157,0.001500,0.343142,0.104382,-9.803441,0.013790,0.000999,-0.001000,-2.946759,-0.003612,27.000000,0.013045,20.589213,0.000419,-0.152631,0.000000,0.137000,-0.001000,17,0,1,34,35,-0.005306,0.012858,0.007292,0.104777,-0.125780,10.132770,1.765630,-0.003612,0.032961,7,1,0,0.000000,0,14.496824,0.000000,0.023043,0,-0.163020,0.000000,-0.020777,14.496824,-0.163020,1,1,1,6.232409,0.000000,0.000000,0.000000,0.000000,0.000000,0.000000,0.000000
6.7801,20.589490,-0.151864,-0.005688,0.000000,0.033969,-0.029981,0,-0.163020,192,0.343409,0.102973,20.589490,0.002513,14.346334,-0.005688,20.589501,14.483796,-0.005688,-0.151864,0.000000,0.012129,-0.543270,-52.419179,0.137462,0.000000,0.001686,0.001842,-0.000088,0.001686,0.343409,0.102973,-9.803447,-0.005438,-0.010609,0.000000,-2.946786,-0.003550,27.000000,0.013045,20.589501,0.002513,-0.151864,0.000000,0.137000,0.000000,22,0,1,34,35,0.011783,-0.001882,-0.005666,0.198794,-0.297508,9.327189,1.765603,-0.003550,0.033021,7,1,0,0.000000,0,14.496824,0.000000,0.033969,0,-0.163020,0.000000,-0.029981,14.496824,-0.163020,1,1,1,6.232443,0.000000,0.000000,0.000000,0.000000,0.000000,0.000000,0.000000
6.7901,20.589281,-0.152631,-0.020574,0.000000,0.018160,-0.013108,0,-0.163020,202,0.342778,0.102657,20.589281,0.000419,14.347004,-0.020574,20.589309,14.484454,-0.020574,-0.152631,0.000000,0.012162,-0.543270,-52.419179,0.137450,0.000000,0.001626,0.001752,0.000011,0.001626,0.342778,0.102657,-9.803472,0.000290,-0.001259,0.000000,-2.946896,-0.003501,27.000000,0.013045,20.589309,0.000419,-0.152631,0.000000,0.137000,0.000000,27,0,1,34,35,0.001103,0.000423,-0.020581,-0.261206,0.563664,10.043755,1.765493,-0.003501,0.032951,7,1,0,0.000000,0,14.496824,0.000000,0.018160,0,-0.163020,0.000000,-0.013108,14.496824,-0.163020,1,1,1,6.232474,0.000000,0.000000,0.000000,0.000000,0.000000,0.000000,0.000000
6.8001,20.589684,-0.152631,-0.003818,0.000000,0.026418,-0.020777,0,-0.163020,212,0.341995,0.103816,20.589684,0.004503,14.346850,-0.003818,20.589692,14.484314,-0.003818,-0.152631,0.000000,0.012198,-0.543270,-52.419179,0.137464,0.000000,0.001559,0.001849,0.000112,0.001559,0.341995,0.103816,-9.803487,-0.012958,0.000890,0.000000,-2.947034,-0.003569,27.000000,0.013045,20.589692,0.004503,-0.152631,0.000000,0.137000,0.000000,32,0,1,34,35,0.003256,-0.012619,-0.003664,0.094233,0.528217,10.608286,1.765355,-0.003569,0.032854,7,1,0,0.000000,0,14.496824,0.000000,0.026418,0,-0.163020,0.000000,-0.020777,14.496824,-0.163020,1,1,1,6.232507,0.000000,0.000000,0.000000,0.000000,0.000000,0.000000,0.000000
6.8101,20.589419,-0.152631,0.005341,0.000000,0.024208,-0.020777,0,-0.163020,222,0.343312,0.103870,20.589419,-0.004503,14.346905,0.005341,20.589405,14.484382,0.005341,-0.152631,0.000000,0.012226,-0.543270,-52.419179,0.137477,0.002000,0.001508,0.001852,-0.000219,0.001508,0.343312,0.103870,-9.803441,0.011743,0.008425,0.002000,-2.946966,-0.003568,27.000000,0.013045,20.589405,-0.004503,-0.152631,0.000000,0.137000,0.002000,37,0,1,34,35,-0.011705,0.008566,0.007237,-0.577563,-0.035392,8.975212,1.765423,-0.003568,0.032986,7,1,0,0.000000,0,14.496824,0.000000,0.024208,0,-0.163020,0.000000,-0.020777,14.496824,-0.163020,1,1,1,6.232539,0.000000,0.000000,0.000000,0.000000,0.000000,0.000000,0.000000
6.8201,20.589312,-0.152631,0.004652,0.000000,0.024075,-0.020777,0,-0.163020,232,0.342887,0.103722,20.589312,-0.001466,14.346978,0.004652,20.589309,14.484449,0.004652,-0.152631,0.000000,0.012212,-0.543270,-52.419179,0.137471,0.000000,0.001533,0.001883,0.000176,0.001533,0.342887,0.103722,-9.803457,-0.011848,0.011760,0.000000,-2.946899,-0.003559,27.000000,0.013045,20.589309,-0.001466,-0.152631,0.000000,0.137000,0.000000,42,0,1,34,35,-0.007412,-0.014900,0.004834,0.039035,0.292572,11.103543,1.765490,-0.003559,0.032945,7,1,0,0.000000,0,14.496824,0.000000,0.024075,0,-0.163020,0.000000,-0.020777,14.496824,-0.163020,1,1,1,6.232570,0.000000,0.000000,0.000000,0.000000,0.000000,0.000000,0.000000
6.8301,20.589300,-0.152631,-0.002817,0.000000,0.024724,-0.020777,0,-0.163020,242,0.343315,0.103552,20.589300,-0.002513,14.346988,-0.002817,20.589309,14.484451,-0.002817,-0.152631,0.000000,0.012155,-0.543270,-52.419179,0.137464,-0.001000,0.001639,0.001836,-0.000192,0.001639,0.343315,0.103552,-9.803444,-0.012958,0.000885,-0.001000,-2.946895,-0.003607,27.000000,0.013045,20.589309,-0.002513,-0.152631,0.000000,0.137000,-0.001000,47,0,1,34,35,0.003256,-0.012619,-0.003664,-0.183156,-0.158762,9.692011,1.765494,-0.003607,0.032991,7,1,0,0.000000,0,14.496824,0.000000,0.024724,0,-0.163020,0.000000,-0.020777,14.496824,-0.163020,1,1,1,6.232603,0.000000,0.000000,0.000000,0.000000,0.000000,0.000000,0.000000
6.8401,20.589394,-0.152631,-0.003216,0.000000,0.025594,-0.020777,0,-0.163020,252,0.342706,0.104199,20.589394,-0.000419,14.346914,-0.003216,20.589405,14.484381,-0.003216,-0.152631,0.000000,0.012234,-0.543270,-52.419179,0.137467,0.000000,0.001493,0.001823,0.000119,0.001493,0.342706,0.104199,-9.803458,0.014719,0.002941,-0.000000,-2.946967,-0.003583,27.000000,0.013045,20.589405,-0.000419,-0.152631,0.000000,0.137000,0.000000,52,0,1,34,35,-0.007444,0.012993,-0.003375,0.112563,-0.080222,9.539866,1.765422,-0.003583,0.032919,6,1,0,0.000000,0,14.496824,0.000000,0.025594,0,-0.163020,0.000000,-0.020777,14.496824,-0.163020,1,1,1,6.232635,0.000000,0.000000,0.000000,0.000000,0.000000,0.000000,0.000000
6.8501,20.589506,-0.152631,0.026386,0.000000,0.024849,-0.020777,0,-0.163020,6,0.342267,0.103850,20.589506,0.000419,14.346898,0.026386,20.589501,14.484384,0.026386,-0.152631,0.000000,0.012230,-0.543270,-52.419179,0.137485,0.000000,0.001500,0.001783,0.000010,0.001500,0.342267,0.103850,-9.803477,0.003186,0.004513,0.000000,-2.946965,-0.003545,27.000000,0.013045,20.589501,0.000419,-0.152631,0.000000,0.137000,0.000000,57,0,1,34,35,-0.005289,0.001918,0.026365,-0.029637,0.366186,10.558725,1.765424,-0.003545,0.032881,7,1,0,0.000000,0,14.496824,0.000000,0.024849,0,-0.163020,0.000000,-0.020777,14.496824,-0.163020,1,1,1,6.232668,0.000000,0.000000,0.000000,0.000000,0.000000,0.000000,0.000000
6.8601,20.589394,-0.151864,-0.005694,0.000000,0.034061,-0.029981,0,-0.163020,16,0.343016,0.104327,20.589394,-0.000419,14.346153,-0.005694,20.589405,14.483619,-0.005694,-0.151864,0.000000,0.012242,-0.543270,-52.419179,0.137466,0.000000,0.001477,0.001865,0.000107,0.001477,0.343016,0.104327,-9.803446,-0.003434,-0.004527,0.000000,-2.946962,-0.003567,27.000000,0.013045,20.589405,-0.000419,-0.151864,0.000000,0.137000,0.000000,62,0,1,34,35,0.005379,-0.001900,-0.005671,-0.059698,-0.202027,9.327981,1.765427,-0.003567,0.032961,7,1,0,0.000000,0,14.496824,0.000000,0.034061,0,-0.163020,0.000000,-0.029981,14.496824,-0.163020,1,1,1,6.232701,0.000000,0.000000,0.000000,0.000000,0.000000,0.000000,0.000000
6.8701,20.589481,-0.152631,-0.021551,0.000000,0.018083,-0.013108,0,-0.163020,26,0.343249,0.104209,20.589481,0.000419,14.346860,-0.021551,20.589501,14.484313,-0.021551,-0.152631,0.000000,0.012291,-0.543270,-52.419179,0.137453,-0.001000,0.001388,0.001808,0.000102,0.001388,0.343249,0.104209,-9.803439,0.005758,-0.005324,-0.001000,-2.947036,-0.003536,27.000000,0.013045,20.589501,0.000419,-0.152631,0.000000,0.137000,-0.001000,67,0,1,34,35,0.003230,0.006868,-0.022638,-0.115124,-0.031810,10.257987,1.765353,-0.003536,0.032974,7,1,0,0.000000,0,14.496824,0.000000,0.018083,0,-0.163020,0.000000,-0.013108,14.496824,-0.163020,1,1,1,6.232733,0.000000,0.000000,0.000000,0.000000,0.000000,0.000000,0.000000
6.8801,20.589678,-0.152631,-0.006887,0.000000,0.027361,-0.020777,0,-0.163020,36,0.342655,0.105051,20.589678,0.004503,14.346653,-0.006887,20.589692,14.484118,-0.006887,-0.152631,0.000000,0.012366,-0.543270,-52.419179,0.137464,-0.001000,0.001250,0.001850,0.000130,0.001250,0.342655,0.105051,-9.803451,-0.002065,0.006268,-0.001000,-2.947231,-0.003536,27.000000,0.013045,20.589692,0.004503,-0.152631,0.000000,0.137000,-0.001000,72,0,1,34,35,-0.005293,-0.004039,-0.007838,0.638194,-0.323601,9.135804,1.765158,-0.003536,0.032901,7,1,0,0.000000,0,14.496824,0.000000,0.027361,0,-0.163020,0.000000,-0.020777,14.496824,-0.163020,1,1,1,6.232764,0.000000,0.000000,0.000000,0.000000,0.000000,0.000000,0.000000
6.8901,20.589404,-0.152631,-0.005604,0.000000,0.024035,-0.020777,0,-0.163020,46,0.343267,0.101758,20.589404,-0.005550,14.346775,-0.005604,20.589405,14.484233,-0.005604,-0.152631,0.000000,0.012037,-0.543270,-52.419179,0.137458,0.000000,0.001855,0.001849,-0.000105,0.001855,0.343267,0.101758,-9.803464,0.004632,0.006292,0.000000,-2.947116,-0.003542,27.000000,0.013045,20.589405,-0.005550,-0.152631,0.000000,0.137000,0.000000,77,0,1,34,35,0.003235,0.008694,0.000850,-0.518408,0.361546,10.137260,1.765276,-0.003537,0.033012,6,1,0,0.000000,0,14.496824,0.000000,0.024035,0,-0.163020,0.000000,-0.020777,14.496824,-0.163020,1,1,1,6.232981,0.000000,0.000000,0.000000,0.000000,0.000000,0.000000,0.000000
6.9001,20.589306,-0.151864,-0.001425,0.000000,0.034795,-0.029981,0,-0.163020,56,0.342423,0.102193,20.589306,0.002513,14.345971,-0.001425,20.589309,14.483432,-0.001425,-0.151864,0.000000,0.012038,-0.543270,-52.419179,0.137461,0.000000,0.001853,0.001831,0.000206,0.001853,0.342423,0.102193,-9.803489,-0.004872,-0.008549,0.000000,-2.947150,-0.003547,27.000000,0.013045,20.589309,0.002513,-0.151864,0.000000,0.137000,0.000000,82,0,1,34,35,0.007522,-0.008390,0.000655,-0.049309,0.509840,10.541015,1.765241,-0.003554,0.032939,7,1,0,0.000000,0,14.496824,0.000000,0.034795,0,-0.163020,0.000000,-0.029981,14.496824,-0.163020,1,1,1,6.233013,0.000000,0.000000,0.000000,0.000000,0.000000,0.000000,0.000000
6.9101,20.589520,-0.152631,0.003091,0.000000,0.017346,-0.013108,0,-0.163020,66,0.342740,0.101722,20.589520,-0.000419,14.346756,0.003091,20.589501,14.484218,0.003091,-0.152631,0.000000,0.012018,-0.543270,-52.419179,0.137463,0.000000,0.001890,0.001840,-0.000001,0.001890,0.342740,0.101722,-9.803483,0.005824,-0.009852,0.000000,-2.947130,-0.003550,27.000000,0.013045,20.589501,-0.000419,-0.152631,0.000000,0.137000,0.000000,87,0,1,34,35,0.007505,0.008677,0.002987,-0.212847,-0.041324,9.473052,1.765258,-0.003550,0.032961,6,1,0,0.000000,0,14.496824,0.000000,0.017346,0,-0.163020,0.000000,-0.013108,14.496824,-0.163020,1,1,1,6.233044,0.000000,0.000000,0.000000,0.000000,0.000000,0.000000,0.000000
6.9201,20.589664,-0.152631,-0.007629,0.000000,0.026359,-0.020777,0,-0.163020,76,0.342131,0.101759,20.589664,0.004503,14.346668,-0.007629,20.589692,14.484123,-0.007629,-0.152631,0.000000,0.012040,-0.543270,-52.419179,0.137455,0.000000,0.001850,0.001782,0.000217,0.001850,0.342131,0.101759,-9.803504,0.006731,-0.001154,0.000000,-2.947227,-0.003522,27.000000,0.013045,20.589692,0.004503,-0.152631,0.000000,0.137000,0.000000,92,0,1,34,35,-0.001035,0.006658,-0.007710,0.390165,-0.156804,9.558418,1.765162,-0.003522,0.032899,7,1,0,0.000000,0,14.496824,0.000000,0.026359,0,-0.163020,0.000000,-0.020777,14.496824,-0.163020,1,1,1,6.233075,0.000000,0.000000,0.000000,0.000000,0.000000,0.000000,0.000000
6.9301,20.589512,-0.152631,0.024210,0.000000,0.025644,-0.020777,0,-0.163020,86,0.342887,0.101897,20.589512,-0.004503,14.346624,0.024210,20.589501,14.484103,0.024210,-0.152631,0.000000,0.012103,-0.543270,-52.419179,0.137479,0.000000,0.001735,0.001776,-0.000184,0.001735,0.342887,0.101897,-9.803476,-0.001464,-0.002939,0.000000,-2.947248,-0.003485,27.000000,0.013045,20.589501,-0.004503,-0.152631,0.000000,0.137000,0.000000,97,0,1,34,35,0.003251,-0.000166,0.024214,-0.146802,0.132123,9.369564,1.765141,-0.003485,0.032973,7,1,0,0.000000,0,14.496824,0.000000,0.025644,0,-0.163020,0.000000,-0.020777,14.496824,-0.163020,1,1,1,6.233107,0.000000,0.000000,0.000000,0.000000,0.000000,0.000000,0.000000
6.9401,20.589328,-0.152631,0.008398,0.000000,0.024376,-0.020777,0,-0.163020,96,0.342944,0.102518,20.589328,0.002513,14.346724,0.008398,20.589309,14.484192,0.008398,-0.152631,0.000000,0.012107,-0.543270,-52.419179,0.137467,-0.001000,0.001726,0.001837,0.000082,0.001726,0.342944,0.102518,-9.803468,0.011095,-0.000356,-0.001000,-2.947157,-0.003544,27.000000,0.013045,20.589309,0.002513,-0.152631,0.000000,0.137000,-0.001000,102,0,1,34,35,-0.003169,0.010727,0.007269,-0.220326,0.194203,10.537732,1.765232,-0.003544,0.032970,7,1,0,0.000000,0,14.496824,0.000000,0.024376,0,-0.163020,0.000000,-0.020777,14.496824,-0.163020,1,1,1,6.233137,0.000000,0.000000,0.000000,0.000000,0.000000,0.000000,0.000000
6.9501,20.589504,-0.152631,0.010228,0.000000,0.024390,-0.020777,0,-0.163020,106,0.343206,0.103482,20.589504,0.003560,14.346792,0.010228,20.589501,14.484264,0.010228,-0.152631,0.000000,0.012217,-0.543270,-52.419179,0.137472,-0.001000,0.001524,0.002038,-0.000203,0.001524,0.343206,0.103482,-9.803448,-0.001792,0.001673,-0.001000,-2.947085,-0.003535,27.000000,0.013045,20.589501,0.003560,-0.152631,0.000000,0.137000,-0.001000,107,0,1,34,35,-0.001020,-0.002117,0.009255,0.006081,-0.065061,9.080568,1.765304,-0.003535,0.032981,7,1,0,0.000000,0,14.496824,0.000000,0.024390,0,-0.163020,0.000000,-0.020777,14.496824,-0.163020,1,1,1,6.233168,0.000000,0.000000,0.000000,0.000000,0.000000,0.000000,0.000000
6.9601,20.589471,-0.152631,-0.009861,0.000000,0.026094,-0.020777,0,-0.163020,116,0.342203,0.101722,20.589471,0.000419,14.346730,-0.009861,20.589501,14.484183,-0.009861,-0.152631,0.000000,0.012104,-0.543270,-52.419179,0.137453,0.000000,0.001732,0.001826,0.000033,0.001732,0.342203,0.101722,-9.803502,0.002059,-0.001850,0.000000,-2.947169,-0.003455,27.000000,0.013045,20.589501,0.000419,-0.152631,0.000000,0.137000,0.000000,112,0,1,34,35,0.001104,0.002418,-0.009891,-0.058368,0.394621,10.578133,1.765220,-0.003455,0.032907,7,1,0,0.000000,0,14.496824,0.000000,0.026094,0,-0.163020,0.000000,-0.020777,14.496824,-0.163020,1,1,1,6.233200,0.000000,0.000000,0.000000,0.000000,0.000000,0.000000,0.000000
6.9701,20.589506,-0.152631,0.012437,0.000000,0.026020,-0.020777,0,-0.163020,126,0.342460,0.103167,20.589506,0.000419,14.346647,0.012437,20.589501,14.484122,0.012437,-0.152631,0.000000,0.012182,-0.543270,-52.419179,0.137475,0.001000,0.001589,0.001803,-0.000008,0.001589,0.342460,0.103167,-9.803478,-0.001915,0.008461,0.001000,-2.947227,-0.003527,27.000000,0.013045,20.589501,0.000419,-0.152631,0.000000,0.137000,0.001000,117,0,1,34,35,-0.007421,-0.004329,0.013490,-0.145921,0.118791,9.675684,1.765161,-0.003527,0.032911,6,1,0,0.000000,0,14.496824,0.000000,0.026020,0,-0.163020,0.000000,-0.020777,14.496824,-0.163020,1,1,1,6.233231,0.000000,0.000000,0.000000,0.000000,0.000000,0.000000,0.000000
6.9801,20.589503,-0.151864,-0.001130,0.000000,0.034748,-0.029981,0,-0.163020,136,0.343356,0.104703,20.589503,0.001466,14.345873,-0.001130,20.589501,14.483343,-0.001130,-0.151864,0.000000,0.012259,-0.543270,-52.419179,0.137470,0.000000,0.001446,0.001840,-0.000086,0.001446,0.343356,0.104703,-9.803430,0.011301,-0.000415,-0.000000,-2.947236,-0.003593,27.000000,0.013045,20.589501,0.001466,-0.151864,0.000000,0.137000,0.000000,122,0,1,34,35,-0.003172,0.010840,-0.001263,-0.020842,-0.242375,9.499868,1.765153,-0.003593,0.032989,6,1,0,0.000000,0,14.496824,0.000000,0.034748,0,-0.163020,0.000000,-0.029981,14.496824,-0.163020,1,1,1,6.233263,0.000000,0.000000,0.000000,0.000000,0.000000,0.000000,0.000000
6.9901,20.589588,-0.151864,-0.007881,0.000000,0.027782,-0.022311,0,-0.163020,146,0.342983,0.103871,20.589588,0.000419,14.345812,-0.007881,20.589596,14.483275,-0.007881,-0.151864,0.000000,0.012233,-0.543270,-52.419179,0.137463,0.000000,0.001495,0.001842,0.000202,0.001495,0.342983,0.103871,-9.803452,-0.004075,0.000184,0.000000,-2.947307,-0.003530,27.000000,0.013045,20.589596,0.000419,-0.151864,0.000000,0.137000,0.000000,127,0,1,34,35,0.001111,-0.004021,-0.007833,0.085596,0.109842,10.412668,1.765082,-0.003530,0.032965,7,1,0,0.000000,0,14.496824,0.000000,0.027782,0,-0.163020,0.000000,-0.022311,14.496824,-0.163020,1,1,1,6.233295,0.000000,0.000000,0.000000,0.000000,0.000000,0.000000,0.000000
7.0001,20.589469,-0.152631,-0.014383,0.000000,0.020379,-0.013108,0,-0.163020,156,0.342312,0.104471,20.589469,0.000419,14.346376,-0.014383,20.589501,14.483835,-0.014383,-0.152631,0.000000,0.012309,-0.543270,-52.419179,0.137459,0.000000,0.001355,0.001878,0.000045,0.001355,0.342312,0.104471,-9.803469,-0.007304,0.003511,0.000000,-2.947514,-0.003529,27.000000,0.013045,20.589501,0.000419,-0.152631,0.000000,0.137000,0.000000,132,0,1,34,35,-0.001021,-0.008216,-0.014283,0.303165,0.026241,9.445356,1.764875,-0.003529,0.032876,7,1,0,0.000000,0,14.496824,0.000000,0.020379,0,-0.163020,0.000000,-0.013108,14.496824,-0.163020,1,1,1,6.233326,0.000000,0.000000,0.000000,0.000000,0.000000,0.000000,0.000000
7.0101,20.589793,-0.152631,0.003544,0.000000,0.026262,-0.020777,0,-0.163020,166,0.342743,0.104475,20.589793,0.004503,14.346340,0.003544,20.589788,14.483811,0.003544,-0.152631,0.000000,0.012278,-0.543270,-52.419179,0.137472,0.000000,0.001412,0.001855,-0.000000,0.001412,0.342743,0.104475,-9.803454,0.027416,-0.005787,0.000000,-2.947537,-0.003567,27.000000,0.013045,20.589788,0.004503,-0.152631,0.000000,0.137000,0.000000,137,0,1,34,35,-0.003188,0.027879,0.003202,0.094572,-0.151172,9.864536,1.764852,-0.003567,0.032919,6,1,0,0.000000,0,14.496824,0.000000,0.026262,0,-0.163020,0.000000,-0.020777,14.496824,-0.163020,1,1,1,6.233358,0.000000,0.000000,0.000000,0.000000,0.000000,0.000000,0.000000
7.0201,20.589722,-0.152631,0.022585,0.000000,0.023993,-0.020777,0,-0.163020,176,0.343544,0.104169,20.589722,-0.001466,14.346495,0.022585,20.589692,14.483981,0.022585,-0.152631,0.000000,0.012304,-0.543270,-52.419179,0.137486,0.000000,0.001364,0.001876,0.000049,0.001364,0.343544,0.104169,-9.803429,0.020196,-0.005640,0.000000,-2.947369,-0.003523,27.000000,0.013045,20.589692,-0.001466,-0.152631,0.000000,0.137000,0.000000,142,0,1,34,35,-0.001041,0.021219,0.022326,-0.184434,-0.143662,9.242352,1.765020,-0.003523,0.033004,7,1,0,0.000000,0,14.496824,0.000000,0.023993,0,-0.163020,0.000000,-0.020777,14.496824,-0.163020,1,1,1,6.233402,0.000000,0.000000,0.000000,0.000000,0.000000,0.000000,0.000000
7.0301,20.589601,-0.151864,0.005797,0.000000,0.034155,-0.029981,0,-0.163020,186,0.343704,0.104682,20.589601,-0.000419,14.345797,0.005797,20.589596,14.483275,0.005797,-0.151864,0.000000,0.012326,-0.543270,-52.419179,0.137478,0.001000,0.001323,0.001830,-0.000016,0.001323,0.343704,0.104682,-9.803418,-0.017250,-0.004448,0.001000,-2.947307,-0.003530,27.000000,0.013045,20.589596,-0.000419,-0.151864,0.000000,0.137000,0.001000,147,0,1,34,35,0.009665,-0.014879,0.006981,-0.346195,0.361167,10.175652,1.765082,-0.003530,0.033025,7,1,0,0.000000,0,14.496824,0.000000,0.034155,0,-0.163020,0.000000,-0.029981,14.496824,-0.163020,1,1,1,6.233433,0.000000,0.000000,0.000000,0.000000,0.000000,0.000000,0.000000
7.0401,20.589586,-0.152631,-0.024940,0.000000,0.018268,-0.013108,0,-0.163020,196,0.343199,0.104184,20.589586,0.001466,14.346556,-0.024940,20.589596,14.484011,-0.024940,-0.152631,0.000000,0.012307,-0.543270,-52.419179,0.137455,0.000000,0.001358,0.001838,0.000018,0.001358,0.343199,0.104184,-9.803441,-0.004327,-0.001973,0.000000,-2.947339,-0.003516,27.000000,0.013045,20.589596,0.001466,-0.152631,0.000000,0.137000,0.000000,152,0,1,34,35,0.003240,-0.003788,-0.024895,-0.450888,0.387204,10.386395,1.765050,-0.003516,0.032969,6,1,0,0.000000,0,14.496824,0.000000,0.018268,0,-0.163020,0.000000,-0.013108,14.496824,-0.163020,1,1,1,6.233464,0.000000,0.000000,0.000000,0.000000,0.000000,0.000000,0.000000
7.0501,20.589775,-0.152631,-0.002679,0.000000,0.028050,-0.020777,0,-0.163020,206,0.341922,0.104649,20.589775,0.004503,14.346344,-0.002679,20.589788,14.483809,-0.002679,-0.152631,0.000000,0.012340,-0.543270,-52.419179,0.137465,-0.001000,0.001297,0.001935,0.000139,0.001297,0.341922,0.104649,-9.803481,-0.002186,0.013056,-0.001000,-2.947541,-0.003510,27.000000,0.013045,20.589788,0.004503,-0.152631,0.000000,0.137000,-0.001000,157,0,1,34,35,-0.011693,-0.006251,-0.003602,0.551447,-0.009870,9.282457,1.764848,-0.003510,0.032833,6,1,0,0.000000,0,14.496824,0.000000,0.028050,0,-0.163020,0.000000,-0.020777,14.496824,-0.163020,1,1,1,6.233517,0.000000,0.000000,0.000000,0.000000,0.000000,0.000000,0.000000
7.0601,20.589622,-0.152631,0.013744,0.000000,0.024855,-0.020777,0,-0.163020,216,0.342680,0.101671,20.589622,-0.003560,14.346438,0.013744,20.589596,14.483907,0.013744,-0.152631,0.000000,0.012045,-0.543270,-52.419179,0.137469,0.000000,0.001840,0.001996,-0.000132,0.001840,0.342680,0.101671,-9.803486,0.008913,0.000364,0.000000,-2.947443,-0.003516,27.000000,0.013045,20.589596,-0.003560,-0.152631,0.000000,0.137000,0.000000,162,0,1,34,35,-0.011710,0.012839,0.007287,-0.488896,0.348465,10.424262,1.764938,-0.003513,0.032952,7,1,0,0.000000,0,14.496824,0.000000,0.024855,0,-0.163020,0.000000,-0.020777,14.496824,-0.163020,1,1,1,6.233550,0.000000,0.000000,0.000000,0.000000,0.000000,0.000000,0.000000
7.0701,20.589507,-0.152631,0.011408,0.000000,0.025095,-0.020777,0,-0.163020,226,0.342938,0.105769,20.589507,0.003560,14.346486,0.011408,20.589501,14.483968,0.011408,-0.152631,0.000000,0.012415,-0.543270,-52.419179,0.137482,0.000000,0.001159,0.001848,0.000198,0.001159,0.342938,0.105769,-9.803433,0.001520,0.005071,0.000000,-2.947379,-0.003564,27.000000,0.013045,20.589501,0.003560,-0.152631,0.000000,0.137000,0.000000,167,0,1,34,35,-0.005291,-0.000020,0.011409,0.208548,-0.232454,9.480976,1.765010,-0.003564,0.032919,7,1,0,0.000000,0,14.496824,0.000000,0.025095,0,-0.163020,0.000000,-0.020777,14.496824,-0.163020,1,1,1,6.233578,0.000000,0.000000,0.000000,0.000000,0.000000,0.000000,0.000000
7.0801,20.589713,-0.151864,0.015792,0.000000,0.034017,-0.029981,0,-0.163020,236,0.342577,0.102069,20.589713,0.001466,14.345804,0.015792,20.589692,14.483276,0.015792,-0.151864,0.000000,0.012039,-0.543270,-52.419179,0.137472,0.000000,0.001851,0.001830,-0.000203,0.001851,0.342577,0.102069,-9.803485,-0.001208,-0.016515,0.000000,-2.947306,-0.003536,27.000000,0.013045,20.589692,0.001466,-0.151864,0.000000,0.137000,0.000000,172,0,1,34,35,0.011777,0.008548,0.013655,-0.155265,-0.042236,9.549644,1.765073,-0.003549,0.032948,7,1,0,0.000000,0,14.496824,0.000000,0.034017,0,-0.163020,0.000000,-0.029981,14.496824,-0.163020,1,1,1,6.233611,0.000000,0.000000,0.000000,0.000000,0.000000,0.000000,0.000000
7.0901,20.589570,-0.152631,-0.015968,0.000000,0.018532,-0.013108,0,-0.163020,246,0.342697,0.101462,20.589570,0.000419,14.346540,-0.015968,20.589596,14.483990,-0.015968,-0.152631,0.000000,0.012030,-0.543270,-52.419179,0.137450,0.000000,0.001869,0.001824,0.000099,0.001869,0.342697,0.101462,-9.803487,0.019063,0.008247,0.000000,-2.947360,-0.003511,27.000000,0.013045,20.589596,0.000419,-0.152631,0.000000,0.137000,0.000000,177,0,1,34,35,-0.013854,0.015282,-0.016153,-0.329631,0.052448,8.842270,1.765029,-0.003511,0.032961,6,1,0,0.000000,0,14.496824,0.000000,0.018532,0,-0.163020,0.000000,-0.013108,14.496824,-0.163020,1,1,1,6.233642,0.000000,0.000000,0.000000,0.000000,0.000000,0.000000,0.000000
7.1001,20.589865,-0.152631,-0.002733,0.000000,0.028128,-0.020777,0,-0.163020,0,0.341583,0.102306,20.589865,0.004503,14.346324,-0.002733,20.589884,14.483785,-0.002733,-0.152631,0.000000,0.012094,-0.543270,-52.419179,0.137461,0.001000,0.001751,0.001866,0.000145,0.001751,0.341583,0.102306,-9.803517,-0.015707,-0.000444,0.001000,-2.947565,-0.003515,27.000000,0.013045,20.589884,0.004503,-0.152631,0.000000,0.137000,0.001000,182,0,1,34,35,0.005394,-0.014778,-0.001554,0.268042,0.398348,11.066474,1.764824,-0.003515,0.032836,6,1,0,0.000000,0,14.496824,0.000000,0.028128,0,-0.163020,0.000000,-0.020777,14.496824,-0.163020,1,1,1,6.233673,0.000000,0.000000,0.000000,0.000000,0.000000,0.000000,0.000000
7.1101,20.589624,-0.152631,0.012747,0.000000,0.024580,-0.020777,0,-0.163020,10,0.342841,0.101972,20.589624,-0.002513,14.346437,0.012747,20.589596,14.483910,0.012747,-0.152631,0.000000,0.012077,-0.543270,-52.419179,0.137473,0.001000,0.001783,0.001848,-0.000129,0.001783,0.342841,0.101972,-9.803477,0.008243,-0.001663,0.001000,-2.947440,-0.003518,27.000000,0.013045,20.589596,-0.002513,-0.152631,0.000000,0.137000,0.001000,187,0,1,34,35,-0.001030,0.008511,0.013645,-0.413704,0.053009,9.569574,1.764949,-0.003518,0.032968,7,1,0,0.000000,0,14.496824,0.000000,0.024580,0,-0.163020,0.000000,-0.020777,14.496824,-0.163020,1,1,1,6.233704,0.000000,0.000000,0.000000,0.000000,0.000000,0.000000,0.000000
7.1201,20.589315,-0.151864,0.000946,0.000000,0.034407,-0.029981,0,-0.163020,20,0.342784,0.102795,20.589315,0.000419,14.345730,0.000946,20.589309,14.483195,0.000946,-0.151864,0.000000,0.012087,-0.543270,-52.419179,0.137465,0.000000,0.001763,0.001866,0.000178,0.001763,0.342784,0.102795,-9.803470,0.010556,0.004330,0.000000,-2.947386,-0.003564,27.000000,0.013045,20.589309,0.000419,-0.151864,0.000000,0.137000,0.000000,192,0,1,34,35,-0.007438,0.008663,0.000841,-0.135857,0.041240,9.761045,1.765003,-0.003564,0.032961,7,1,0,0.000000,0,14.496824,0.000000,0.034407,0,-0.163020,0.000000,-0.029981,14.496824,-0.163020,1,1,1,6.233733,0.000000,0.000000,0.000000,0.000000,0.000000,0.000000,0.000000
7.1301,20.589750,-0.152631,-0.025143,0.000000,0.018816,-0.013108,0,-0.163020,30,0.342852,0.102113,20.589750,0.005550,14.346451,-0.025143,20.589788,14.483898,-0.025143,-0.152631,0.000000,0.012046,-0.543270,-52.419179,0.137447,0.000000,0.001839,0.001812,0.000100,0.001839,0.342852,0.102113,-9.803475,-0.011774,0.002753,0.000000,-2.947450,-0.003563,27.000000,0.013045,20.589788,0.005550,-0.152631,0.000000,0.137000,0.000000,197,0,1,34,35,0.001115,-0.012342,-0.024996,-0.086732,-0.105816,10.056283,1.764939,-0.003563,0.032967,6,1,0,0.000000,0,14.496824,0.000000,0.018816,0,-0.163020,0.000000,-0.013108,14.496824,-0.163020,1,1,1,6.233764,0.000000,0.000000,0.000000,0.000000,0.000000,0.000000,0.000000
7.1401,20.589781,-0.152631,0.008094,0.000000,0.028406,-0.020777,0,-0.163020,40,0.341719,0.103308,20.589781,0.004503,14.346219,0.008094,20.589788,14.483686,0.008094,-0.152631,0.000000,0.012150,-0.543270,-52.419179,0.137466,-0.001000,0.001647,0.001875,0.000132,0.001647,0.341719,0.103308,-9.803502,-0.001070,0.003684,-0.001000,-2.947662,-0.003561,27.000000,0.013045,20.589788,0.004503,-0.152631,0.000000,0.137000,-0.001000,1,0,1,34,35,-0.003156,-0.002095,0.007120,0.543235,-0.241836,9.481100,1.764727,-0.003561,0.032834,6,1,0,0.000000,0,14.496824,0.000000,0.028406,0,-0.163020,0.000000,-0.020777,14.496824,-0.163020,1,1,1,6.233794,0.000000,0.000000,0.000000,0.000000,0.000000,0.000000,0.000000
7.1501,20.589559,-0.151864,0.018268,0.000000,0.033135,-0.029981,0,-0.163020,50,0.342918,0.103050,20.589559,-0.004503,14.345636,0.018268,20.589501,14.483114,0.018268,-0.151864,0.000000,0.012126,-0.543270,-52.419179,0.137478,0.000000,0.001692,0.001835,-0.000238,0.001692,0.342918,0.103050,-9.803463,0.017613,-0.007011,0.000000,-2.947467,-0.003553,27.000000,0.013045,20.589501,-0.004503,-0.151864,0.000000,0.137000,0.000000,6,0,1,34,35,0.001094,0.019145,0.018037,-0.268857,0.018510,10.047842,1.764922,-0.003553,0.032971,7,1,0,0.000000,0,14.496824,0.000000,0.033135,0,-0.163020,0.000000,-0.029981,14.496824,-0.163020,1,1,1,6.233826,0.000000,0.000000,0.000000,0.000000,0.000000,0.000000,0.000000
7.1601,20.589299,-0.151864,-0.028755,0.000000,0.027047,-0.022311,0,-0.163020,60,0.343312,0.103750,20.589299,0.000419,14.345695,-0.028755,20.589309,14.483145,-0.028755,-0.151864,0.000000,0.012190,-0.543270,-52.419179,0.137451,0.000000,0.001574,0.001848,0.000181,0.001574,0.343312,0.103750,-9.803442,0.017366,0.002084,0.000000,-2.947435,-0.003566,27.000000,0.013045,20.589309,0.000419,-0.151864,0.000000,0.137000,0.000000,11,0,1,34,35,-0.007454,0.015471,-0.028946,0.054935,-0.201494,9.289780,1.764954,-0.003566,0.033000,6,1,0,0.000000,0,14.496824,0.000000,0.027047,0,-0.163020,0.000000,-0.022311,14.496824,-0.163020,1,1,1,6.233856,0.000000,0.000000,0.000000,0.000000,0.000000,0.000000,0.000000
7.1701,20.590032,-0.152631,-0.023799,0.000000,0.021649,-0.013108,0,-0.163020,70,0.342925,0.104049,20.590032,0.006597,14.346167,-0.023799,20.590076,14.483621,-0.023799,-0.152631,0.000000,0.012238,-0.543270,-52.419179,0.137454,0.001000,0.001486,0.001836,0.000245,0.001486,0.342925,0.104049,-9.803452,-0.007063,-0.010060,0.001000,-2.947727,-0.003568,27.000000,0.013045,20.590076,0.006597,-0.152631,0.000000,0.137000,0.001000,16,0,1,34,35,0.011780,-0.003792,-0.022755,0.064804,0.230231,9.954483,1.764662,-0.003568,0.032944,7,1,0,0.000000,0,14.496824,0.000000,0.021649,0,-0.163020,0.000000,-0.013108,14.496824,-0.163020,1,1,1,6.234094,0.000000,0.000000,0.000000,0.000000,0.000000,0.000000,0.000000
7.1801,20.590189,-0.152631,0.015058,0.000000,0.026103,-0.020777,0,-0.163020,80,0.343379,0.103602,20.590189,0.001466,14.346170,0.015058,20.590172,14.483646,0.015058,-0.152631,0.000000,0.012243,-0.543270,-52.419179,0.137476,-0.001000,0.001477,0.001821,0.000091,0.001477,0.343379,0.103602,-9.803441,0.019061,-0.009769,-0.001000,-2.947703,-0.003524,27.000000,0.013045,20.590172,0.001466,-0.152631,0.000000,0.137000,-0.001000,21,0,1,34,35,0.003225,0.021345,0.013797,-0.346428,0.164490,9.838710,1.764686,-0.003524,0.032997,7,1,0,0.000000,0,14.496824,0.000000,0.026103,0,-0.163020,0.000000,-0.020777,14.496824,-0.163020,1,1,1,6.234126,0.000000,0.000000,0.000000,0.000000,0.000000,0.000000,0.000000
7.1901,20.589912,-0.152631,0.005322,0.000000,0.024510,-0.020777,0,-0.163020,90,0.343510,0.103279,20.589912,-0.001466,14.346330,0.005322,20.589884,14.483800,0.005322,-0.152631,0.000000,0.012237,-0.543270,-52.419179,0.137470,0.000000,0.001487,0.001988,0.000055,0.001487,0.343510,0.103279,-9.803440,0.011832,-0.005106,0.000000,-2.947550,-0.003500,27.000000,0.013045,20.589884,-0.001466,-0.152631,0.000000,0.137000,0.000000,26,0,1,34,35,0.001097,0.012905,0.005164,-0.214853,0.033504,8.832584,1.764839,-0.003500,0.033015,6,1,0,0.000000,0,14.496824,0.000000,0.024510,0,-0.163020,0.000000,-0.020777,14.496824,-0.163020,1,1,1,6.234243,0.000000,0.000000,0.000000,0.000000,0.000000,0.000000,0.000000
7.2001,20.589797,-0.152631,0.013187,0.000000,0.025338,-0.020777,0,-0.163020,100,0.343365,0.103809,20.589797,0.000419,14.346381,0.013187,20.589788,14.483859,0.013187,-0.152631,0.000000,0.012243,-0.543270,-52.419179,0.137478,0.000000,0.001477,0.001986,0.000073,0.001477,0.343365,0.103809,-9.803439,-0.014060,0.005752,0.000000,-2.947489,-0.003545,27.000000,0.013045,20.589788,0.000419,-0.152631,0.000000,0.137000,0.000000,31,0,1,34,35,-0.001006,-0.014995,0.013371,-0.363258,0.323752,10.883475,1.764900,-0.003545,0.032992,7,1,0,0.000000,0,14.496824,0.000000,0.025338,0,-0.163020,0.000000,-0.020777,14.496824,-0.163020,1,1,1,6.234272,0.000000,0.000000,0.000000,0.000000,0.000000,0.000000,0.000000
7.2101,20.589887,-0.152631,0.000602,0.000000,0.025333,-0.020777,0,-0.163020,110,0.343527,0.103164,20.589887,0.000419,14.346442,0.000602,20.589884,14.483909,0.000602,-0.152631,0.000000,0.012201,-0.543270,-52.419179,0.137467,0.000000,0.001553,0.001822,0.000184,0.001553,0.343527,0.103164,-9.803441,-0.007649,-0.003124,0.000000,-2.947440,-0.003524,27.000000,0.013045,20.589884,0.000419,-0.152631,0.000000,0.137000,0.000000,36,0,1,34,35,0.005385,-0.006259,0.000678,-0.050070,-0.221146,9.327795,1.764949,-0.003524,0.033018,7,1,0,0.000000,0,14.496824,0.000000,0.025333,0,-0.163020,0.000000,-0.020777,14.496824,-0.163020,1,1,1,6.234303,0.000000,0.000000,0.000000,0.000000,0.000000,0.000000,0.000000
7.2201,20.589863,-0.151864,0.005069,0.000000,0.035218,-0.029981,0,-0.163020,120,0.342962,0.103459,20.589863,0.001466,14.345657,0.005069,20.589884,14.483127,0.005069,-0.151864,0.000000,0.012240,-0.543270,-52.419179,0.137470,0.000000,0.001481,0.001851,0.000107,0.001481,0.342962,0.103459,-9.803457,0.001029,-0.003760,0.000000,-2.947457,-0.003481,27.000000,0.013045,20.589884,0.001466,-0.151864,0.000000,0.137000,0.000000,41,0,1,34,35,0.003243,0.002226,0.005042,0.008036,-0.026677,9.846590,1.764932,-0.003481,0.032969,6,1,0,0.000000,0,14.496824,0.000000,0.035218,0,-0.163020,0.000000,-0.029981,14.496824,-0.163020,1,1,1,6.234334,0.000000,0.000000,0.000000,0.000000,0.000000,0.000000,0.000000
7.2301,20.589890,-0.152631,0.011561,0.000000,0.017394,-0.013108,0,-0.163020,130,0.343085,0.104395,20.589890,0.001466,14.346482,0.011561,20.589884,14.483960,0.011561,-0.152631,0.000000,0.012304,-0.543270,-52.419179,0.137478,0.000000,0.001364,0.001864,0.000073,0.001364,0.343085,0.104395,-9.803443,0.007605,0.003047,0.000000,-2.947389,-0.003538,27.000000,0.013045,20.589884,0.001466,-0.152631,0.000000,0.137000,0.000000,46,0,1,34,35,-0.005298,0.006390,0.011483,0.065430,-0.177399,9.663275,1.765000,-0.003538,0.032955,7,1,0,0.000000,0,14.496824,0.000000,0.017394,0,-0.163020,0.000000,-0.013108,14.496824,-0.163020,1,1,1,6.234363,0.000000,0.000000,0.000000,0.000000,0.000000,0.000000,0.000000
7.2401,20.589797,-0.152631,-0.009855,0.000000,0.027203,-0.020777,0,-0.163020,140,0.342971,0.105650,20.589797,0.002513,14.346370,-0.009855,20.589788,14.483837,-0.009855,-0.152631,0.000000,0.012386,-0.543270,-52.419179,0.137467,0.000000,0.001213,0.001999,-0.000073,0.001213,0.342971,0.105650,-9.803434,0.000051,-0.007932,0.000000,-2.947510,-0.003581,27.000000,0.013045,20.589788,0.002513,-0.152631,0.000000,0.137000,0.000000,51,0,1,34,35,0.007508,0.002437,-0.009886,0.322137,0.168149,9.571210,1.764879,-0.003581,0.032924,7,1,0,0.000000,0,14.496824,0.000000,0.027203,0,-0.163020,0.000000,-0.020777,14.496824,-0.163020,1,1,1,6.234391,0.000000,0.000000,0.000000,0.000000,0.000000,0.000000,0.000000
7.2501,20.589703,-0.151864,-0.001018,0.000000,0.033876,-0.029981,0,-0.163020,150,0.343769,0.104228,20.589703,-0.003560,14.345709,-0.001018,20.589692,14.483179,-0.001018,-0.151864,0.000000,0.012326,-0.543270,-52.419179,0.137470,0.000000,0.001323,0.001815,-0.000142,0.001323,0.343769,0.104228,-9.803421,0.012016,-0.011899,0.000000,-2.947405,-0.003485,27.000000,0.013045,20.589692,-0.003560,-0.151864,0.000000,0.137000,0.000000,56,0,1,34,35,0.007497,0.015145,-0.001205,-0.326596,0.133104,10.058527,1.764984,-0.003485,0.033038,6,1,0,0.000000,0,14.496824,0.000000,0.033876,0,-0.163020,0.000000,-0.029981,14.496824,-0.163020,1,1,1,6.234420,0.000000,0.000000,0.000000,0.000000,0.000000,0.000000,0.000000
7.2601,20.589304,-0.151864,-0.007639,0.000000,0.027437,-0.022311,0,-0.163020,160,0.343664,0.104476,20.589304,-0.000419,14.345700,-0.007639,20.589309,14.483167,-0.007639,-0.151864,0.000000,0.012303,-0.543270,-52.419179,0.137466,0.000000,0.001365,0.001879,0.000180,0.001365,0.343664,0.104476,-9.803422,0.010738,0.011018,0.000000,-2.947415,-0.003531,27.000000,0.013045,20.589309,-0.000419,-0.151864,0.000000,0.137000,0.000000,61,0,1,34,35,-0.013842,0.006621,-0.007721,0.119813,0.014796,8.813473,1.764974,-0.003531,0.033024,6,1,0,0.000000,0,14.496824,0.000000,0.027437,0,-0.163020,0.000000,-0.022311,14.496824,-0.163020,1,1,1,6.234448,0.000000,0.000000,0.000000,0.000000,0.000000,0.000000,0.000000
7.2701,20.589858,-0.151864,-0.023003,0.000000,0.029504,-0.022311,0,-0.163020,170,0.343517,0.105535,20.589858,0.006597,14.345524,-0.023003,20.589884,14.482984,-0.023003,-0.151864,0.000000,0.012338,-0.543270,-52.419179,0.137460,0.000000,0.001301,0.001998,-0.000053,0.001301,0.343517,0.105535,-9.803416,-0.015831,-0.009404,0.000000,-2.947595,-0.003601,27.000000,0.013045,20.589884,0.006597,-0.151864,0.000000,0.137000,0.000000,66,0,1,34,35,0.013923,-0.012333,-0.022852,-0.086015,0.079296,10.555805,1.764794,-0.003601,0.032993,6,1,0,0.000000,0,14.496824,0.000000,0.029504,0,-0.163020,0.000000,-0.022311,14.496824,-0.163020,1,1,1,6.234477,0.000000,0.000000,0.000000,0.000000,0.000000,0.000000,0.000000
7.2801,20.589966,-0.152631,-0.003306,0.000000,0.020985,-0.013108,0,-0.163020,180,0.343483,0.103850,20.589966,-0.002513,14.346076,-0.003306,20.589980,14.483542,-0.003306,-0.152631,0.000000,0.012291,-0.543270,-52.419179,0.137466,0.000000,0.001387,0.001829,-0.000241,0.001387,0.343483,0.103850,-9.803435,0.006645,-0.007878,0.000000,-2.947808,-0.003502,27.000000,0.013045,20.589980,-0.002513,-0.152631,0.000000,0.137000,0.000000,71,0,1,34,35,0.005368,0.008756,-0.003414,-0.346402,0.089055,9.751819,1.764581,-0.003502,0.033003,7,1,0,0.000000,0,14.496824,0.000000,0.020985,0,-0.163020,0.000000,-0.013108,14.496824,-0.163020,1,1,1,6.234618,0.000000,0.000000,0.000000,0.000000,0.000000,0.000000,0.000000
7.2901,20.589987,-0.152631,0.009629,0.000000,0.026435,-0.020777,0,-0.163020,190,0.343871,0.104973,20.589987,0.003560,14.346073,0.009629,20.589980,14.483553,0.009629,-0.152631,0.000000,0.012389,-0.543270,-52.419179,0.137480,0.000000,0.001208,0.001855,-0.000092,0.001208,0.343871,0.104973,-9.803409,0.017776,0.006412,0.000000,-2.947796,-0.003524,27.000000,0.013045,20.589980,0.003560,-0.152631,0.000000,0.137000,0.000000,76,0,1,34,35,-0.011711,0.014948,0.009445,0.198974,-0.175913,9.548532,1.764593,-0.003524,0.033025,7,1,0,0.000000,0,14.496824,0.000000,0.026435,0,-0.163020,0.000000,-0.020777,14.496824,-0.163020,1,1,1,6.234647,0.000000,0.000000,0.000000,0.000000,0.000000,0.000000,0.000000
7.3001,20.590094,-0.152631,0.001198,0.000000,0.025288,-0.020777,0,-0.163020,200,0.344855,0.101810,20.590094,0.001466,14.346192,0.001198,20.590076,14.483657,0.001198,-0.152631,0.000000,0.012010,-0.543270,-52.419179,0.137465,0.000000,0.001906,0.001844,0.000067,0.001906,0.344855,0.101810,-9.803408,0.020699,0.000940,-0.000000,-2.947690,-0.003600,27.000000,0.013045,20.590076,0.001466,-0.152631,0.000000,0.137000,0.000000,81,0,1,34,35,-0.005300,0.006475,0.005084,-0.307324,-0.234735,9.643315,1.764698,-0.003595,0.033162,7,1,0,0.000000,0,14.496824,0.000000,0.025288,0,-0.163020,0.000000,-0.020777,14.496824,-0.163020,1,1,1,6.234678,0.000000,0.000000,0.000000,0.000000,0.000000,0.000000,0.000000
7.3101,20.589890,-0.152631,0.002307,0.000000,0.026046,-0.020777,0,-0.163020,210,0.343318,0.101242,20.589890,0.002513,14.346225,0.002307,20.589884,14.483681,0.002307,-0.152631,0.000000,0.012018,-0.543270,-52.419179,0.137457,-0.002000,0.001890,0.001847,0.000092,0.001890,0.343318,0.101242,-9.803468,-0.022493,-0.007185,-0.002000,-2.947669,-0.003510,27.000000,0.013045,20.589884,0.002513,-0.152631,0.000000,0.137000,-0.002000,86,0,1,34,35,0.013937,-0.019056,0.000536,-0.038895,0.308338,10.596419,1.764720,-0.003510,0.033027,6,1,0,0.000000,0,14.496824,0.000000,0.026046,0,-0.163020,0.000000,-0.020777,14.496824,-0.163020,1,1,1,6.234706,0.000000,0.000000,0.000000,0.000000,0.000000,0.000000,0.000000
7.3201,20.590100,-0.152631,0.000547,0.000000,0.025491,-0.020777,0,-0.163020,220,0.342745,0.101009,20.590100,0.001466,14.346289,0.000547,20.590076,14.483748,0.000547,-0.152631,0.000000,0.012015,-0.543270,-52.419179,0.137459,0.000000,0.001896,0.001835,0.000081,0.001896,0.342745,0.101009,-9.803490,-0.007665,0.003632,0.000000,-2.947604,-0.003481,27.000000,0.013045,20.590076,0.001466,-0.152631,0.000000,0.137000,0.000000,91,0,1,34,35,-0.003156,-0.004118,-0.001437,-0.239741,0.082513,10.287766,1.764785,-0.003483,0.032979,7,1,0,0.000000,0,14.496824,0.000000,0.025491,0,-0.163020,0.000000,-0.020777,14.496824,-0.163020,1,1,1,6.234735,0.000000,0.000000,0.000000,0.000000,0.000000,0.000000,0.000000
7.3301,20.589776,-0.152631,-0.001243,0.000000,0.025540,-0.020777,0,-0.163020,230,0.342965,0.102004,20.589776,-0.000419,14.346338,-0.001243,20.589788,14.483799,-0.001243,-0.152631,0.000000,0.012050,-0.543270,-52.419179,0.137461,0.000000,0.001832,0.001862,0.000013,0.001832,0.342965,0.102004,-9.803472,0.010595,0.011055,0.000000,-2.947550,-0.003550,27.000000,0.013045,20.589788,-0.000419,-0.152631,0.000000,0.137000,0.000000,96,0,1,34,35,-0.013840,0.006536,-0.001322,-0.002937,-0.123969,9.204388,1.764839,-0.003550,0.032980,6,1,0,0.000000,0,14.496824,0.000000,0.025540,0,-0.163020,0.000000,-0.020777,14.496824,-0.163020,1,1,1,6.234763,0.000000,0.000000,0.000000,0.000000,0.000000,0.000000,0.000000
7.3401,20.589888,-0.152631,0.000649,0.000000,0.026415,-0.020777,0,-0.163020,240,0.342954,0.102137,20.589888,0.000419,14.346305,0.000649,20.589884,14.483768,0.000649,-0.152631,0.000000,0.012098,-0.543270,-52.419179,0.137463,0.000000,0.001744,0.001856,0.000014,0.001744,0.342954,0.102137,-9.803471,-0.004282,0.000255,0.000000,-2.947582,-0.003515,27.000000,0.013045,20.589884,0.000419,-0.152631,0.000000,0.137000,0.000000,101,0,1,34,35,0.001114,-0.004134,0.000699,0.018991,0.287242,10.758943,1.764807,-0.003515,0.032976,6,1,0,0.000000,0,14.496824,0.000000,0.026415,0,-0.163020,0.000000,-0.020777,14.496824,-0.163020,1,1,1,6.234792,0.000000,0.000000,0.000000,0.000000,0.000000,0.000000,0.000000
7.3501,20.589880,-0.152631,-0.009710,0.000000,0.026168,-0.020777,0,-0.163020,250,0.343684,0.102654,20.589880,0.002513,14.346305,-0.009710,20.589884,14.483764,-0.009710,-0.152631,0.000000,0.012156,-0.543270,-52.419179,0.137458,0.000000,0.001637,0.001829,-0.000019,0.001637,0.343684,0.102654,-9.803440,0.008810,-0.001847,0.000000,-2.947586,-0.003521,27.000000,0.013045,20.589884,0.002513,-0.152631,0.000000,0.137000,0.000000,106,0,1,34,35,-0.001038,0.008823,-0.009818,0.074772,-0.392959,9.307010,1.764803,-0.003521,0.033042,7,1,0,0.000000,0,14.496824,0.000000,0.026168,0,-0.163020,0.000000,-0.020777,14.496824,-0.163020,1,1,1,6.234820,0.000000,0.000000,0.000000,0.000000,0.000000,0.000000,0.000000
7.3601,20.589768,-0.151864,-0.020522,0.000000,0.035741,-0.029981,0,-0.163020,4,0.343376,0.102803,20.589768,-0.001466,14.345511,-0.020522,20.589788,14.482962,-0.020522,-0.151864,0.000000,0.012109,-0.543270,-52.419179,0.137451,0.000000,0.001723,0.001855,-0.000183,0.001723,0.343376,0.102803,-9.803450,0.001649,-0.003958,0.000000,-2.947619,-0.003552,27.000000,0.013045,20.589788,-0.001466,-0.151864,0.000000,0.137000,0.000000,111,0,1,34,35,0.003235,0.002566,-0.020554,0.066412,-0.106441,10.113798,1.764770,-0.003552,0.033021,7,1,0,0.000000,0,14.496824,0.000000,0.035741,0,-0.163020,0.000000,-0.029981,14.496824,-0.163020,1,1,1,6.234851,0.000000,0.000000,0.000000,0.000000,0.000000,0.000000,0.000000
7.3701,20.589872,-0.152631,-0.006930,0.000000,0.019303,-0.013108,0,-0.163020,14,0.343021,0.103215,20.589872,0.000419,14.346205,-0.006930,20.589884,14.483664,-0.006930,-0.152631,0.000000,0.012202,-0.543270,-52.419179,0.137459,-0.001000,0.001552,0.001831,0.000014,0.001552,0.343021,0.103215,-9.803458,-0.006772,-0.001164,-0.001000,-2.947686,-0.003521,27.000000,0.013045,20.589884,0.000419,-0.152631,0.000000,0.137000,-0.001000,116,0,1,34,35,0.003248,-0.006152,-0.007856,0.084542,0.029794,9.923770,1.764703,-0.003521,0.032966,7,1,0,0.000000,0,14.496824,0.000000,0.019303,0,-0.163020,0.000000,-0.013108,14.496824,-0.163020,1,1,1,6.234880,0.000000,0.000000,0.000000,0.000000,0.000000,0.000000,0.000000
7.3801,20.590259,-0.152631,-0.007832,0.000000,0.028723,-0.020777,0,-0.163020,24,0.342551,0.103444,20.590259,0.002513,14.346003,-0.007832,20.590268,14.483464,-0.007832,-0.152631,0.000000,0.012192,-0.543270,-52.419179,0.137460,0.000000,0.001570,0.001854,0.000220,0.001570,0.342551,0.103444,-9.803472,-0.001377,0.001542,0.000000,-2.947885,-0.003547,27.000000,0.013045,20.590268,0.002513,-0.152631,0.000000,0.137000,0.000000,121,0,1,34,35,-0.001026,-0.001890,-0.007810,0.197719,0.262759,9.648643,1.764504,-0.003547,0.032916,7,1,0,0.000000,0,14.496824,0.000000,0.028723,0,-0.163020,0.000000,-0.020777,14.496824,-0.163020,1,1,1,6.234909,0.000000,0.000000,0.000000,0.000000,0.000000,0.000000,0.000000
7.3901,20.590086,-0.152631,0.003503,0.000000,0.026208,-0.020777,0,-0.163020,34,0.344261,0.104070,20.590086,-0.002513,14.346033,0.003503,20.590076,14.483506,0.003503,-0.152631,0.000000,0.012312,-0.543270,-52.419179,0.137473,0.000000,0.001349,0.001820,-0.000114,0.001349,0.344261,0.104070,-9.803405,0.022034,-0.015253,-0.000000,-2.947843,-0.003516,27.000000,0.013045,20.590076,-0.002513,-0.152631,0.000000,0.137000,0.000000,126,0,1,34,35,0.007487,0.025773,0.003186,-0.527303,0.047881,9.980977,1.764546,-0.003516,0.033078,7,1,0,0.000000,0,14.496824,0.000000,0.026208,0,-0.163020,0.000000,-0.020777,14.496824,-0.163020,1,1,1,6.234938,0.000000,0.000000,0.000000,0.000000,0.000000,0.000000,0.000000
7.4001,20.589981,-0.152631,-0.001241,0.000000,0.026596,-0.020777,0,-0.163020,44,0.343915,0.104038,20.589981,0.001466,14.346040,-0.001241,20.589980,14.483510,-0.001241,-0.152631,0.000000,0.012293,-0.543270,-52.419179,0.137469,0.000000,0.001385,0.001835,0.000284,0.001385,0.343915,0.104038,-9.803418,0.010598,0.011053,0.000000,-2.947840,-0.003527,27.000000,0.013045,20.589980,0.001466,-0.152631,0.000000,0.137000,0.000000,131,0,1,34,35,-0.013840,0.006536,-0.001322,0.110279,0.052331,8.871267,1.764549,-0.003527,0.033044,6,1,0,0.000000,0,14.496824,0.000000,0.026596,0,-0.163020,0.000000,-0.020777,14.496824,-0.163020,1,1,1,6.234966,0.000000,0.000000,0.000000,0.000000,0.000000,0.000000,0.000000
7.4101,20.590080,-0.152631,0.000493,0.000000,0.027280,-0.020777,0,-0.163020,54,0.343987,0.104336,20.590080,0.000419,14.345984,0.000493,20.590076,14.483455,0.000493,-0.152631,0.000000,0.012304,-0.543270,-52.419179,0.137472,0.000000,0.001365,0.001879,0.000005,0.001365,0.343987,0.104336,-9.803412,-0.009693,0.004307,-0.000000,-2.947893,-0.003547,27.000000,0.013045,20.590076,0.000419,-0.152631,0.000000,0.137000,0.000000,136,0,1,34,35,-0.001014,-0.010551,0.000623,-0.478718,0.336316,10.634696,1.764496,-0.003547,0.033046,7,1,0,0.000000,0,14.496824,0.000000,0.027280,0,-0.163020,0.000000,-0.020777,14.496824,-0.163020,1,1,1,6.235060,0.000000,0.000000,0.000000,0.000000,0.000000,0.000000,0.000000
7.4201,20.590079,-0.152631,0.012565,0.000000,0.026961,-0.020777,0,-0.163020,64,0.343323,0.103908,20.590079,-0.000419,14.345963,0.012565,20.590076,14.483437,0.012565,-0.152631,0.000000,0.012278,-0.543270,-52.419179,0.137474,-0.001000,0.001412,0.001848,0.000101,0.001412,0.343323,0.103908,-9.803440,0.006265,-0.001008,-0.001000,-2.947913,-0.003519,27.000000,0.013045,20.590076,-0.000419,-0.152631,0.000000,0.137000,-0.001000,141,0,1,34,35,-0.001029,0.006403,0.011487,-0.212051,0.068118,9.904821,1.764476,-0.003519,0.032986,6,1,0,0.000000,0,14.496824,0.000000,0.026961,0,-0.163020,0.000000,-0.020777,14.496824,-0.163020,1,1,1,6.235088,0.000000,0.000000,0.000000,0.000000,0.000000,0.000000,0.000000
7.4301,20.589984,-0.151864,0.002726,0.000000,0.036398,-0.029981,0,-0.163020,74,0.343128,0.105218,20.589984,0.000419,14.345161,0.002726,20.589980,14.482635,0.002726,-0.151864,0.000000,0.012362,-0.543270,-52.419179,0.137474,0.000000,0.001257,0.001991,-0.000108,0.001257,0.343128,0.105218,-9.803433,-0.005025,0.004996,0.000000,-2.947946,-0.003539,27.000000,0.013045,20.589980,0.000419,-0.151864,0.000000,0.137000,0.000000,146,0,1,34,35,-0.003153,-0.006312,0.002804,0.112100,0.015987,9.492980,1.764443,-0.003539,0.032958,6,1,0,0.000000,0,14.496824,0.000000,0.036398,0,-0.163020,0.000000,-0.029981,14.496824,-0.163020,1,1,1,6.235117,0.000000,0.000000,0.000000,0.000000,0.000000,0.000000,0.000000
7.4401,20.589969,-0.152631,-0.007738,0.000000,0.018633,-0.013108,0,-0.163020,84,0.343465,0.102474,20.589969,-0.000419,14.345987,-0.007738,20.589980,14.483447,-0.007738,-0.152631,0.000000,0.012079,-0.543270,-52.419179,0.137459,0.000000,0.001778,0.002006,-0.000002,0.001778,0.343465,0.102474,-9.803450,0.005357,0.008299,0.000000,-2.947901,-0.003576,27.000000,0.013045,20.589980,-0.000419,-0.152631,0.000000,0.137000,0.000000,151,0,1,34,35,-0.007437,0.004531,-0.009873,-0.229961,0.072132,10.354661,1.764493,-0.003568,0.033023,7,1,0,0.000000,0,14.496824,0.000000,0.018633,0,-0.163020,0.000000,-0.013108,14.496824,-0.163020,1,1,1,6.235172,0.000000,0.000000,0.000000,0.000000,0.000000,0.000000,0.000000
7.4501,20.590248,-0.152631,-0.007980,0.000000,0.028874,-0.020777,0,-0.163020,94,0.342588,0.102001,20.590248,0.005550,14.345815,-0.007980,20.590268,14.483270,-0.007980,-0.152631,0.000000,0.012027,-0.543270,-52.419179,0.137456,0.000000,0.001874,0.001814,0.000228,0.001874,0.342588,0.102001,-9.803486,-0.008801,-0.000486,0.000000,-2.948078,-0.003567,27.000000,0.013045,20.590268,0.005550,-0.152631,0.000000,0.137000,0.000000,156,0,1,34,35,0.003250,-0.008288,-0.007881,0.350670,0.272403,9.648840,1.764311,-0.003567,0.032942,7,1,0,0.000000,0,14.496824,0.000000,0.028874,0,-0.163020,0.000000,-0.020777,14.496824,-0.163020,1,1,1,6.235200,0.000000,0.000000,0.000000,0.000000,0.000000,0.000000,0.000000
7.4601,20.590667,-0.152631,0.009636,0.000000,0.024955,-0.020777,0,-0.163020,104,0.344080,0.101304,20.590667,0.004503,14.345982,0.009636,20.590651,14.483450,0.009636,-0.152631,0.000000,0.012020,-0.543270,-52.419179,0.137467,0.000000,0.001886,0.001859,-0.000049,0.001886,0.344080,0.101304,-9.803441,0.013082,-0.007785,0.000000,-2.947900,-0.003526,27.000000,0.013045,20.590651,0.004503,-0.152631,0.000000,0.137000,0.000000,161,0,1,34,35,0.003231,0.014991,0.009457,-0.555914,0.132274,10.115792,1.764489,-0.003526,0.033103,6,1,0,0.000000,0,14.496824,0.000000,0.024955,0,-0.163020,0.000000,-0.020777,14.496824,-0.163020,1,1,1,6.235230,0.000000,0.000000,0.000000,0.000000,0.000000,0.000000,0.000000
7.4701,20.590087,-0.152631,0.000796,0.000000,0.026118,-0.020777,0,-0.163020,114,0.343735,0.102242,20.590087,-0.003560,14.346038,0.000796,20.590076,14.483502,0.000796,-0.152631,0.000000,0.012080,-0.543270,-52.419179,0.137465,0.000000,0.001777,0.001672,-0.000009,0.001777,0.343735,0.102242,-9.803443,0.003811,0.004312,0.000000,-2.947846,-0.003556,27.000000,0.013045,20.590076,-0.003560,-0.152631,0.000000,0.137000,0.000000,166,0,1,34,35,-0.005297,0.002258,0.000769,0.052863,0.005433,8.794194,1.764543,-0.003556,0.033054,7,1,0,0.000000,0,14.496824,0.000000,0.026118,0,-0.163020,0.000000,-0.020777,14.496824,-0.163020,1,1,1,6.235259,0.000000,0.000000,0.000000,0.000000,0.000000,0.000000,0.000000
7.4801,20.590252,-0.151864,-0.008128,0.000000,0.036575,-0.029981,0,-0.163020,124,0.343325,0.102719,20.590252,0.000419,14.345216,-0.008128,20.590268,14.482675,-0.008128,-0.151864,0.000000,0.012155,-0.543270,-52.419179,0.137459,0.000000,0.001638,0.001987,-0.000078,0.001638,0.343325,0.102719,-9.803452,-0.016890,-0.004553,0.000000,-2.947908,-0.003497,27.000000,0.013045,20.590268,0.000419,-0.151864,0.000000,0.137000,0.000000,171,0,1,34,35,0.009661,-0.014681,-0.007950,-0.239183,0.343650,10.826334,1.764481,-0.003497,0.033017,7,1,0,0.000000,0,14.496824,0.000000,0.036575,0,-0.163020,0.000000,-0.029981,14.496824,-0.163020,1,1,1,6.235359,0.000000,0.000000,0.000000,0.000000,0.000000,0.000000,0.000000
7.4901,20.590254,-0.151864,-0.007582,0.000000,0.028023,-0.022311,0,-0.163020,134,0.343500,0.101820,20.590254,0.003560,14.345240,-0.007582,20.590268,14.482698,-0.007582,-0.151864,0.000000,0.012085,-0.543270,-52.419179,0.137457,0.000000,0.001767,0.001964,-0.000005,0.001767,0.343500,0.101820,-9.803456,0.010097,0.002227,0.000000,-2.947886,-0.003479,27.000000,0.013045,20.590268,0.003560,-0.151864,0.000000,0.137000,0.000000,176,0,1,34,35,-0.005306,0.008782,-0.007689,-0.222370,-0.248629,9.222133,1.764503,-0.003479,0.033048,6,1,0,0.000000,0,14.496824,0.000000,0.028023,0,-0.163020,0.000000,-0.022311,14.496824,-0.163020,1,1,1,6.235389,0.000000,0.000000,0.000000,0.000000,0.000000,0.000000,0.000000
7.5001,20.590427,-0.151864,-0.010015,0.000000,0.030133,-0.022311,0,-0.163020,144,0.342824,0.102573,20.590427,0.006597,14.345085,-0.010015,20.590459,14.482541,-0.010015,-0.151864,0.000000,0.012086,-0.543270,-52.419179,0.137456,0.000000,0.001765,0.001790,0.000038,0.001765,0.342824,0.102573,-9.803471,-0.003354,0.002198,0.000000,-2.948040,-0.003543,27.000000,0.013045,20.590459,0.006597,-0.151864,0.000000,0.137000,0.000000,181,0,1,34,35,-0.001024,-0.003999,-0.009967,0.370924,-0.024478,9.684151,1.764349,-0.003543,0.032969,7,1,0,0.000000,0,14.496824,0.000000,0.030133,0,-0.163020,0.000000,-0.022311,14.496824,-0.163020,1,1,1,6.235574,0.000000,0.000000,0.000000,0.000000,0.000000,0.000000,0.000000
7.5101,20.590781,-0.152631,-0.003264,0.000000,0.020152,-0.013108,0,-0.163020,154,0.343721,0.103115,20.590781,0.002513,14.345778,-0.003264,20.590747,14.483242,-0.003264,-0.152631,0.000000,0.012180,-0.543270,-52.419179,0.137465,0.000000,0.001591,0.001854,-0.000261,0.001591,0.343721,0.103115,-9.803434,0.011352,-0.000455,0.000000,-2.948107,-0.003543,27.000000,0.013045,20.590747,0.002513,-0.152631,0.000000,0.137000,0.000000,186,0,1,34,35,-0.003173,0.010869,-0.003396,0.017774,-0.281663,9.585632,1.764282,-0.003543,0.033039,6,1,0,0.000000,0,14.496824,0.000000,0.020152,0,-0.163020,0.000000,-0.013108,14.496824,-0.163020,1,1,1,6.235717,0.000000,0.000000,0.000000,0.000000,0.000000,0.000000,0.000000
7.5201,20.590484,-0.152631,0.013853,0.000000,0.026857,-0.020777,0,-0.163020,164,0.344180,0.103167,20.590484,-0.001466,14.345790,0.013853,20.590459,14.483268,0.013853,-0.152631,0.000000,0.012178,-0.543270,-52.419179,0.137477,0.000000,0.001597,0.001848,-0.000006,0.001597,0.344180,0.103167,-9.803418,0.010951,-0.007073,0.000000,-2.948081,-0.003558,27.000000,0.013045,20.590459,-0.001466,-0.152631,0.000000,0.137000,0.000000,191,0,1,34,35,0.003234,0.012797,0.013698,-0.041359,0.281637,9.658248,1.764308,-0.003558,0.033084,7,1,0,0.000000,0,14.496824,0.000000,0.026857,0,-0.163020,0.000000,-0.020777,14.496824,-0.163020,1,1,1,6.235746,0.000000,0.000000,0.000000,0.000000,0.000000,0.000000,0.000000
7.5301,20.590415,-0.152790,0.105583,-0.104720,0.023080,-0.018866,0,-0.163020,174,0.345219,0.103160,20.590415,-0.004503,14.346069,0.105583,20.590268,14.483604,0.105583,-0.152790,-0.104720,0.012219,-0.543270,-52.419179,0.137534,0.000000,0.001521,0.001876,-0.000229,0.001521,0.345219,0.103160,-9.803381,-0.000203,-0.014602,-0.104720,-2.947905,-0.003538,27.000000,0.013045,20.590268,-0.004503,-0.152631,-0.104720,0.137000,0.000000,196,0,1,34,35,0.013912,0.004450,0.000809,-0.603092,0.138865,10.355088,1.764484,-0.003538,0.033186,7,1,0,0.000000,0,14.496824,0.000000,0.023080,0,-0.163020,0.000000,-0.018866,14.496824,-0.163020,1,1,1,6.235773,0.000000,0.000000,0.000000,0.000000,0.000000,0.000000,0.000000
7.5401,20.590176,-0.152631,0.009277,0.000000,0.027279,-0.022370,0,-0.163020,184,0.344160,0.102973,20.590176,0.000419,14.346061,0.009277,20.590172,14.483534,0.009277,-0.152631,0.000000,0.012217,-0.543270,-52.419179,0.137473,0.000000,0.001524,0.001862,-0.000000,0.001524,0.344160,0.102973,-9.803420,0.000906,0.003026,0.000000,-2.947816,-0.003499,27.000000,0.013045,20.590172,0.000419,-0.152631,0.000000,0.137000,0.000000,0,0,1,34,35,-0.003157,0.000014,0.009278,0.226010,-0.008513,9.157843,1.764573,-0.003499,0.033085,6,1,0,0.000000,0,14.496824,0.000000,0.027279,0,-0.163020,0.000000,-0.022370,14.496824,-0.163020,1,1,1,6.235800,0.000000,0.000000,0.000000,0.000000,0.000000,0.000000,0.000000
7.5501,20.590267,-0.151864,-0.002581,0.000000,0.035496,-0.029981,0,-0.163020,194,0.343851,0.103722,20.590267,-0.001466,14.345322,-0.002581,20.590268,14.482791,-0.002581,-0.151864,0.000000,0.012293,-0.543270,-52.419179,0.137469,0.001000,0.001384,0.001940,0.000113,0.001384,0.343851,0.103722,-9.803423,-0.010293,-0.004497,0.001000,-2.947793,-0.003468,27.000000,0.013045,20.590268,-0.001466,-0.151864,0.000000,0.137000,0.001000,5,0,1,34,35,0.007521,-0.008361,-0.001478,-0.261194,0.394141,9.831502,1.764596,-0.003468,0.033054,7,1,0,0.000000,0,14.496824,0.000000,0.035496,0,-0.163020,0.000000,-0.029981,14.496824,-0.163020,1,1,1,6.235828,0.000000,0.000000,0.000000,0.000000,0.000000,0.000000,0.000000
7.5601,20.590340,-0.151864,-0.009809,0.000000,0.029110,-0.022311,0,-0.163020,204,0.343354,0.104434,20.590340,0.002513,14.345241,-0.009809,20.590363,14.482704,-0.009809,-0.151864,0.000000,0.012356,-0.543270,-52.419179,0.137463,0.000000,0.001269,0.001846,0.000124,0.001269,0.343354,0.104434,-9.803433,0.004088,-0.002524,0.000000,-2.947880,-0.003470,27.000000,0.013045,20.590363,0.002513,-0.151864,0.000000,0.137000,0.000000,10,0,1,34,35,0.001101,0.004555,-0.009866,-0.059357,0.220131,9.992582,1.764509,-0.003470,0.032993,7,1,0,0.000000,0,14.496824,0.000000,0.029110,0,-0.163020,0.000000,-0.022311,14.496824,-0.163020,1,1,1,6.235856,0.000000,0.000000,0.000000,0.000000,0.000000,0.000000,0.000000
7.5701,20.590528,-0.152631,-0.007526,0.000000,0.021312,-0.013108,0,-0.163020,214,0.342748,0.101948,20.590528,0.001466,14.345825,-0.007526,20.590555,14.483281,-0.007526,-0.152631,0.000000,0.012043,-0.543270,-52.419179,0.137457,0.000000,0.001845,0.001998,0.000049,0.001845,0.342748,0.101948,-9.803481,0.010112,-0.004538,0.000000,-2.948067,-0.003548,27.000000,0.013045,20.590555,0.001466,-0.152631,0.000000,0.137000,0.000000,15,0,1,34,35,-0.015968,-0.003985,-0.014246,0.254529,0.001653,9.110112,1.764326,-0.003548,0.032956,7,1,0,0.000000,0,14.496824,0.000000,0.021312,0,-0.163020,0.000000,-0.013108,14.496824,-0.163020,1,1,1,6.235885,0.000000,0.000000,0.000000,0.000000,0.000000,0.000000,0.000000
7.5801,20.590675,-0.152631,0.015051,0.000000,0.026376,-0.020777,0,-0.163020,224,0.343956,0.102394,20.590675,-0.001466,14.345869,0.015051,20.590651,14.483341,0.015051,-0.152631,0.000000,0.012087,-0.543270,-52.419179,0.137471,-0.001000,0.001763,0.001987,-0.000025,0.001763,0.343956,0.102394,-9.803434,0.020402,-0.005727,-0.001000,-2.948008,-0.003567,27.000000,0.013045,20.590651,-0.001466,-0.152631,0.000000,0.137000,-0.001000,20,0,1,34,35,-0.001044,0.021333,0.013794,0.094748,-0.519139,9.458880,1.764381,-0.003567,0.033073,6,1,0,0.000000,0,14.496824,0.000000,0.026376,0,-0.163020,0.000000,-0.020777,14.496824,-0.163020,1,1,1,6.235913,0.000000,0.000000,0.000000,0.000000,0.000000,0.000000,0.000000
7.5901,20.590396,-0.152631,0.018816,0.000000,0.025538,-0.020777,0,-0.163020,234,0.344503,0.101464,20.590396,-0.002513,14.345988,0.018816,20.590363,14.483460,0.018816,-0.152631,0.000000,0.012033,-0.543270,-52.419179,0.137472,-0.001000,0.001863,0.001993,-0.000122,0.001863,0.344503,0.101464,-9.803424,-0.002653,-0.007041,-0.001000,-2.947890,-0.003536,27.000000,0.013045,20.590363,-0.002513,-0.152631,0.000000,0.137000,-0.001000,25,0,1,34,35,0.003246,0.002084,0.015707,-0.308993,-0.151995,9.136912,1.764489,-0.003543,0.033142,7,1,0,0.000000,0,14.496824,0.000000,0.025538,0,-0.163020,0.000000,-0.020777,14.496824,-0.163020,1,1,1,6.235941,0.000000,0.000000,0.000000,0.000000,0.000000,0.000000,0.000000
7.6001,20.590269,-0.152631,-0.001530,0.000000,0.025963,-0.020777,0,-0.163020,244,0.344067,0.102298,20.590269,0.002513,14.346060,-0.001530,20.590268,14.483523,-0.001530,-0.152631,0.000000,0.012125,-0.543270,-52.419179,0.137464,0.000000,0.001694,0.001847,-0.000009,0.001694,0.344067,0.102298,-9.803431,-0.007599,-0.003138,-0.000000,-2.947826,-0.003522,27.000000,0.013045,20.590268,0.002513,-0.152631,0.000000,0.137000,0.000000,30,0,1,34,35,0.005385,-0.006230,-0.001455,-0.392702,0.618979,10.982127,1.764563,-0.003522,0.033086,7,1,0,0.000000,0,14.496824,0.000000,0.025963,0,-0.163020,0.000000,-0.020777,14.496824,-0.163020,1,1,1,6.235969,0.000000,0.000000,0.000000,0.000000,0.000000,0.000000,0.000000
7.6101,20.590254,-0.152631,-0.007703,0.000000,0.026911,-0.020777,0,-0.163020,254,0.343562,0.101849,20.590254,-0.003560,14.346036,-0.007703,20.590268,14.483498,-0.007703,-0.152631,0.000000,0.012123,-0.543270,-52.419179,0.137462,0.002000,0.001697,0.002001,-0.000176,0.001697,0.343562,0.101849,-9.803453,-0.000087,0.005611,0.002000,-2.947854,-0.003470,27.000000,0.013045,20.590268,-0.003560,-0.152631,0.000000,0.137000,0.002000,35,0,1,34,35,-0.005294,-0.001931,-0.005680,-0.013929,0.033023,8.880563,1.764535,-0.003470,0.033042,7,1,0,0.000000,0,14.496824,0.000000,0.026911,0,-0.163020,0.000000,-0.020777,14.496824,-0.163020,1,1,1,6.235996,0.000000,0.000000,0.000000,0.000000,0.000000,0.000000,0.000000
7.6201,20.590447,-0.152631,-0.010013,0.000000,0.027817,-0.020777,0,-0.163020,8,0.343110,0.101705,20.590447,0.001466,14.345945,-0.010013,20.590459,14.483401,-0.010013,-0.152631,0.000000,0.012169,-0.543270,-52.419179,0.137455,0.000000,0.001612,0.001993,0.000205,0.001612,0.343110,0.101705,-9.803470,-0.004023,0.000175,0.000000,-2.947953,-0.003403,27.000000,0.013045,20.590459,0.001466,-0.152631,0.000000,0.137000,0.000000,40,0,1,34,35,0.001110,-0.003992,-0.009966,-0.009972,0.269634,10.634331,1.764436,-0.003403,0.032999,6,1,0,0.000000,0,14.496824,0.000000,0.027817,0,-0.163020,0.000000,-0.020777,14.496824,-0.163020,1,1,1,6.236023,0.000000,0.000000,0.000000,0.000000,0.000000,0.000000,0.000000
7.6301,20.590462,-0.151864,0.004959,0.000000,0.036140,-0.029981,0,-0.163020,18,0.343628,0.102368,20.590462,0.001466,14.345159,0.004959,20.590459,14.482626,0.004959,-0.151864,0.000000,0.012139,-0.543270,-52.419179,0.137468,0.000000,0.001668,0.001870,0.000003,0.001668,0.343628,0.102368,-9.803445,-0.000349,0.005694,0.000000,-2.947957,-0.003483,27.000000,0.013045,20.590459,0.001466,-0.151864,0.000000,0.137000,0.000000,45,0,1,34,35,-0.005291,-0.002072,0.004985,-0.087969,0.078571,9.838015,1.764432,-0.003483,0.033053,7,1,0,0.000000,0,14.496824,0.000000,0.036140,0,-0.163020,0.000000,-0.029981,14.496824,-0.163020,1,1,1,6.236052,0.000000,0.000000,0.000000,0.000000,0.000000,0.000000,0.000000
7.6401,20.590448,-0.151864,-0.015011,0.000000,0.029032,-0.022311,0,-0.163020,28,0.344330,0.103829,20.590448,0.001466,14.345115,-0.015011,20.590459,14.482573,-0.015011,-0.151864,0.000000,0.012211,-0.543270,-52.419179,0.137459,-0.001000,0.001536,0.001845,0.000014,0.001536,0.344330,0.103829,-9.803405,0.015030,0.002838,-0.001000,-2.948007,-0.003569,27.000000,0.013045,20.590459,0.001466,-0.151864,0.000000,0.137000,-0.001000,50,0,1,34,35,-0.007448,0.013164,-0.016173,-0.175495,-0.046741,9.138057,1.764382,-0.003569,0.033101,6,1,0,0.000000,0,14.496824,0.000000,0.029032,0,-0.163020,0.000000,-0.022311,14.496824,-0.163020,1,1,1,6.236080,0.000000,0.000000,0.000000,0.000000,0.000000,0.000000,0.000000
7.6501,20.590616,-0.152631,-0.002815,0.000000,0.021663,-0.013108,0,-0.163020,38,0.343467,0.103902,20.590616,0.003560,14.345678,-0.002815,20.590651,14.483143,-0.002815,-0.152631,0.000000,0.012246,-0.543270,-52.419179,0.137465,-0.001000,0.001471,0.001744,0.000047,0.001471,0.343467,0.103902,-9.803435,-0.014300,-0.003151,-0.001000,-2.948205,-0.003553,27.000000,0.013045,20.590651,0.003560,-0.152631,0.000000,0.137000,-0.001000,55,0,1,34,35,0.007525,-0.012607,-0.003661,-0.000390,0.316624,10.701802,1.764184,-0.003553,0.033001,7,1,0,0.000000,0,14.496824,0.000000,0.021663,0,-0.163020,0.000000,-0.013108,14.496824,-0.163020,1,1,1,6.236107,0.000000,0.000000,0.000000,0.000000,0.000000,0.000000,0.000000
7.6601,20.590739,-0.152631,-0.003363,0.000000,0.027827,-0.020777,0,-0.163020,48,0.343869,0.102995,20.590739,-0.000419,14.345640,-0.003363,20.590747,14.483104,-0.003363,-0.152631,0.000000,0.012212,-0.543270,-52.419179,0.137464,0.000000,0.001534,0.001838,-0.000090,0.001534,0.343869,0.102995,-9.803430,0.006627,-0.001129,0.000000,-2.948246,-0.003502,27.000000,0.013045,20.590747,-0.000419,-0.152631,0.000000,0.137000,0.000000,60,0,1,34,35,-0.001033,0.006601,-0.003444,0.065092,-0.260628,9.432748,1.764143,-0.003502,0.033055,7,1,0,0.000000,0,14.496824,0.000000,0.027827,0,-0.163020,0.000000,-0.020777,14.496824,-0.163020,1,1,1,6.236136,0.000000,0.000000,0.000000,0.000000,0.000000,0.000000,0.000000
7.6701,20.590385,-0.151864,0.005709,0.000000,0.034831,-0.029981,0,-0.163020,58,0.344525,0.103471,20.590385,-0.002513,14.345012,0.005709,20.590363,14.482488,0.005709,-0.151864,0.000000,0.012294,-0.543270,-52.419179,0.137477,0.002000,0.001383,0.002006,-0.000236,0.001383,0.344525,0.103471,-9.803402,0.022588,-0.006428,0.002000,-2.948096,-0.003453,27.000000,0.013045,20.590363,-0.002513,-0.151864,0.000000,0.137000,0.002000,65,0,1,34,35,-0.001048,0.023555,0.007420,-0.115496,-0.105478,10.027555,1.764293,-0.003453,0.033126,7,1,0,0.000000,0,14.496824,0.000000,0.034831,0,-0.163020,0.000000,-0.029981,14.496824,-0.163020,1,1,1,6.236163,0.000000,0.000000,0.000000,0.000000,0.000000,0.000000,0.000000
7.6801,20.590349,-0.151864,-0.009929,0.000000,0.028595,-0.022311,0,-0.163020,68,0.344590,0.103087,20.590349,0.000419,14.345030,-0.009929,20.590363,14.482495,-0.009929,-0.151864,0.000000,0.012262,-0.543270,-52.419179,0.137465,0.002000,0.001441,0.001998,0.000019,0.001441,0.344590,0.103087,-9.803404,-0.007441,-0.003193,0.002000,-2.948090,-0.003447,27.000000,0.013045,20.590363,0.000419,-0.151864,0.000000,0.137000,0.002000,70,0,1,34,35,0.005383,-0.006145,-0.007854,0.131930,-0.203692,9.471645,1.764299,-0.003447,0.033139,7,1,0,0.000000,0,14.496824,0.000000,0.028595,0,-0.163020,0.000000,-0.022311,14.496824,-0.163020,1,1,1,6.236191,0.000000,0.000000,0.000000,0.000000,0.000000,0.000000,0.000000
7.6901,20.590818,-0.152631,-0.014476,0.000000,0.021795,-0.013108,0,-0.163020,78,0.344102,0.102976,20.590818,0.005550,14.345610,-0.014476,20.590843,14.483067,-0.014476,-0.152631,0.000000,0.012301,-0.543270,-52.419179,0.137457,0.000000,0.001370,0.002011,0.000244,0.001370,0.344102,0.102976,-9.803422,-0.014712,-0.005257,0.000000,-2.948286,-0.003415,27.000000,0.013045,20.590843,0.005550,-0.152631,0.000000,0.137000,0.000000,75,0,1,34,35,0.009657,-0.012459,-0.014324,-0.174736,0.382976,9.965433,1.764103,-0.003415,0.033079,7,1,0,0.000000,0,14.496824,0.000000,0.021795,0,-0.163020,0.000000,-0.013108,14.496824,-0.163020,1,1,1,6.236321,0.000000,0.000000,0.000000,0.000000,0.000000,0.000000,0.000000
7.7001,20.590837,-0.152631,-0.001488,0.000000,0.028808,-0.020777,0,-0.163020,88,0.343420,0.102698,20.590837,-0.000419,14.345495,-0.001488,20.590843,14.482959,-0.001488,-0.152631,0.000000,0.012295,-0.543270,-52.419179,0.137464,0.000000,0.001380,0.001851,-0.000184,0.001380,0.343420,0.102698,-9.803449,-0.002886,0.004295,0.000000,-2.948395,-0.003382,27.000000,0.013045,20.590843,-0.000419,-0.152631,0.000000,0.137000,0.000000,80,0,1,34,35,-0.003156,-0.004118,-0.001437,-0.144647,0.414405,10.520853,1.763994,-0.003382,0.033015,7,1,0,0.000000,0,14.496824,0.000000,0.028808,0,-0.163020,0.000000,-0.020777,14.496824,-0.163020,1,1,1,6.236350,0.000000,0.000000,0.000000,0.000000,0.000000,0.000000,0.000000
7.7101,20.590500,-0.152631,0.028520,0.000000,0.025214,-0.020777,0,-0.163020,98,0.343733,0.103804,20.590500,-0.001466,14.345687,0.028520,20.590459,14.483169,0.028520,-0.152631,0.000000,0.012353,-0.543270,-52.419179,0.137482,-0.002000,0.001275,0.001995,-0.000251,0.001275,0.343733,0.103804,-9.803427,0.016653,0.024773,-0.002000,-2.948183,-0.003441,27.000000,0.013045,20.590459,-0.001466,-0.152631,0.000000,0.137000,-0.002000,85,0,1,34,35,-0.028776,0.008261,0.026420,-0.108842,-0.026639,9.061738,1.764206,-0.003441,0.033029,6,1,0,0.000000,0,14.496824,0.000000,0.025214,0,-0.163020,0.000000,-0.020777,14.496824,-0.163020,1,1,1,6.236377,0.000000,0.000000,0.000000,0.000000,0.000000,0.000000,0.000000
7.7201,20.590786,-0.151864,0.030555,0.000000,0.033748,-0.029981,0,-0.163020,108,0.344095,0.104102,20.590786,0.003560,14.345143,0.030555,20.590747,14.482632,0.030555,-0.151864,0.000000,0.012300,-0.543270,-52.419179,0.137489,0.000000,0.001372,0.001836,0.000149,0.001372,0.344095,0.104102,-9.803411,-0.002983,-0.000186,0.000000,-2.947950,-0.003504,27.000000,0.013045,20.590747,0.003560,-0.151864,0.000000,0.137000,0.000000,90,0,1,34,35,0.001121,-0.002394,0.030586,-0.124035,0.134762,10.709464,1.764439,-0.003504,0.033073,6,1,0,0.000000,0,14.496824,0.000000,0.033748,0,-0.163020,0.000000,-0.029981,14.496824,-0.163020,1,1,1,6.236404,0.000000,0.000000,0.000000,0.000000,0.000000,0.000000,0.000000
7.7301,20.590635,-0.152631,-0.012192,0.000000,0.018956,-0.013108,0,-0.163020,118,0.344349,0.103199,20.590635,0.000419,14.345958,-0.012192,20.590651,14.483418,-0.012192,-0.152631,0.000000,0.012295,-0.543270,-52.419179,0.137460,0.000000,0.001380,0.001915,-0.000085,0.001380,0.344349,0.103199,-9.803411,-0.008012,-0.005245,0.000000,-2.947934,-0.003447,27.000000,0.013045,20.590651,0.000419,-0.152631,0.000000,0.137000,0.000000,95,0,1,34,35,0.007516,-0.006083,-0.012118,0.044837,-0.189699,9.108052,1.764455,-0.003447,0.033101,7,1,0,0.000000,0,14.496824,0.000000,0.018956,0,-0.163020,0.000000,-0.013108,14.496824,-0.163020,1,1,1,6.236432,0.000000,0.000000,0.000000,0.000000,0.000000,0.000000,0.000000
7.7401,20.590800,-0.152631,-0.008826,0.000000,0.029350,-0.020777,0,-0.163020,128,0.342540,0.100203,20.590800,0.003560,14.345755,-0.008826,20.590843,14.483206,-0.008826,-0.152631,0.000000,0.012012,-0.543270,-52.419179,0.137452,0.001000,0.001902,0.001848,0.000244,0.001902,0.342540,0.100203,-9.803506,-0.003393,-0.004535,0.001000,-2.948148,-0.003400,27.000000,0.013045,20.590843,0.003560,-0.152631,0.000000,0.137000,0.001000,100,0,1,34,35,0.005378,-0.001872,-0.007804,0.219300,0.336573,10.644723,1.764241,-0.003400,0.032965,7,1,0,0.000000,0,14.496824,0.000000,0.029350,0,-0.163020,0.000000,-0.020777,14.496824,-0.163020,1,1,1,6.236460,0.000000,0.000000,0.000000,0.000000,0.000000,0.000000,0.000000
7.7501,20.590689,-0.151864,0.022377,0.000000,0.034477,-0.029981,0,-0.163020,138,0.343974,0.102921,20.590689,-0.004503,14.345121,0.022377,20.590651,14.482603,0.022377,-0.151864,0.000000,0.012295,-0.543270,-52.419179,0.137482,0.000000,0.001381,0.001844,-0.000419,0.001381,0.343974,0.102921,-9.803427,0.013427,0.001107,0.000000,-2.947984,-0.003388,27.000000,0.013045,20.590651,-0.004503,-0.151864,0.000000,0.137000,0.000000,105,0,1,34,35,-0.005301,0.012659,0.022223,-0.355886,-0.099597,9.539367,1.764405,-0.003388,0.033079,7,1,0,0.000000,0,14.496824,0.000000,0.034477,0,-0.163020,0.000000,-0.029981,14.496824,-0.163020,1,1,1,6.236486,0.000000,0.000000,0.000000,0.000000,0.000000,0.000000,0.000000
7.7601,20.590340,-0.151864,0.001550,0.000000,0.027847,-0.022311,0,-0.163020,148,0.343706,0.100580,20.590340,-0.003560,14.345196,0.001550,20.590363,14.482653,0.001550,-0.151864,0.000000,0.012053,-0.543270,-52.419179,0.137457,-0.001000,0.001825,0.001874,0.000092,0.001825,0.343706,0.100580,-9.803461,-0.009006,-0.000426,-0.001000,-2.947935,-0.003389,27.000000,0.013045,20.590363,-0.003560,-0.151864,0.000000,0.137000,-0.001000,110,0,1,34,35,0.003253,-0.008402,0.000651,-0.297950,0.378078,10.357691,1.764454,-0.003389,0.033088,7,1,0,0.000000,0,14.496824,0.000000,0.027847,0,-0.163020,0.000000,-0.022311,14.496824,-0.163020,1,1,1,6.236515,0.000000,0.000000,0.000000,0.000000,0.000000,0.000000,0.000000
7.7701,20.591136,-0.152825,0.088064,-0.104720,0.019043,-0.010777,0,-0.163020,158,0.343009,0.100194,20.591136,0.006597,14.345920,0.088064,20.591035,14.483428,0.088064,-0.152825,-0.104720,0.012038,-0.543270,-52.419179,0.137508,0.000000,0.001854,0.001859,0.000045,0.001854,0.343009,0.100194,-9.803489,-0.016693,-0.004588,-0.104720,-2.948121,-0.003387,27.000000,0.013045,20.591035,0.006597,-0.152631,-0.104720,0.137000,0.000000,115,0,1,34,35,0.009658,-0.014568,-0.016482,-0.021043,0.314003,10.137107,1.764268,-0.003387,0.033009,7,1,0,0.000000,0,14.496824,0.000000,0.019043,0,-0.163020,0.000000,-0.010777,14.496824,-0.163020,1,1,1,6.236583,0.000000,0.000000,0.000000,0.000000,0.000000,0.000000,0.000000
7.7801,20.590970,-0.152631,0.021429,0.000000,0.028526,-0.022719,0,-0.163020,168,0.343300,0.100734,20.590970,-0.001466,14.345814,0.021429,20.590939,14.483283,0.021429,-0.152631,0.000000,0.012065,-0.543270,-52.419179,0.137469,-0.001000,0.001803,0.001841,-0.000114,0.001803,0.343300,0.100734,-9.803474,0.026968,0.014576,-0.001000,-2.948071,-0.003412,27.000000,0.013045,20.590939,-0.001466,-0.152631,0.000000,0.137000,-0.001000,120,0,1,34,35,-0.022388,0.021186,0.020175,0.179321,-0.211225,9.308904,1.764318,-0.003412,0.033033,6,1,0,0.000000,0,14.496824,0.000000,0.028526,0,-0.163020,0.000000,-0.022719,14.496824,-0.163020,1,1,1,6.236610,0.000000,0.000000,0.000000,0.000000,0.000000,0.000000,0.000000
7.7901,20.590873,-0.151864,0.010513,0.000000,0.033224,-0.029981,0,-0.163020,178,0.344197,0.101291,20.590873,-0.000419,14.345300,0.010513,20.590843,14.482771,0.010513,-0.151864,0.000000,0.012124,-0.543270,-52.419179,0.137471,0.001000,0.001695,0.001844,-0.000052,0.001695,0.344197,0.101291,-9.803437,0.004239,-0.000334,0.001000,-2.947816,-0.003397,27.000000,0.013045,20.590843,-0.000419,-0.151864,0.000000,0.137000,0.001000,125,0,1,34,35,-0.001027,0.004266,0.011462,-0.277060,0.116027,10.670896,1.764573,-0.003397,0.033127,7,1,0,0.000000,0,14.496824,0.000000,0.033224,0,-0.163020,0.000000,-0.029981,14.496824,-0.163020,1,1,1,6.236637,0.000000,0.000000,0.000000,0.000000,0.000000,0.000000,0.000000
7.8001,20.590729,-0.151864,-0.021027,0.000000,0.027364,-0.022311,0,-0.163020,188,0.344285,0.102436,20.590729,-0.000419,14.345380,-0.021027,20.590747,14.482833,-0.021027,-0.151864,0.000000,0.012208,-0.543270,-52.419179,0.137453,0.000000,0.001540,0.001868,0.000116,0.001540,0.344285,0.102436,-9.803422,-0.019965,-0.001269,0.000000,-2.947752,-0.003430,27.000000,0.013045,20.590747,-0.000419,-0.151864,0.000000,0.137000,0.000000,130,0,1,34,35,0.007527,-0.018791,-0.020799,0.065105,-0.279517,9.413418,1.764637,-0.003430,0.033118,6,1,0,0.000000,0,14.496824,0.000000,0.027364,0,-0.163020,0.000000,-0.022311,14.496824,-0.163020,1,1,1,6.236664,0.000000,0.000000,0.000000,0.000000,0.000000,0.000000,0.000000
7.8101,20.590904,-0.152631,-0.001120,0.000000,0.021203,-0.013108,0,-0.163020,198,0.343413,0.101809,20.590904,0.001466,14.345937,-0.001120,20.590939,14.483398,-0.001120,-0.152631,0.000000,0.012182,-0.543270,-52.419179,0.137461,0.000000,0.001588,0.001846,-0.000038,0.001588,0.343413,0.101809,-9.803459,0.007268,-0.012596,0.000000,-2.947956,-0.003405,27.000000,0.013045,20.590939,0.001466,-0.152631,0.000000,0.137000,0.000000,135,0,1,34,35,0.009636,0.010877,-0.001253,0.333894,-0.293530,9.786697,1.764433,-0.003405,0.033028,7,1,0,0.000000,0,14.496824,0.000000,0.021203,0,-0.163020,0.000000,-0.013108,14.496824,-0.163020,1,1,1,6.236691,0.000000,0.000000,0.000000,0.000000,0.000000,0.000000,0.000000
7.8201,20.590840,-0.152631,-0.001025,0.000000,0.027381,-0.020777,0,-0.163020,208,0.343147,0.101491,20.590840,-0.001466,14.345894,-0.001025,20.590843,14.483354,-0.001025,-0.152631,0.000000,0.012211,-0.543270,-52.419179,0.137460,0.000000,0.001536,0.001999,-0.000003,0.001536,0.343147,0.101491,-9.803471,0.014010,-0.005844,0.000000,-2.948002,-0.003340,27.000000,0.013045,20.590843,-0.001466,-0.152631,0.000000,0.137000,0.000000,140,0,1,34,35,0.001093,0.015127,-0.001210,0.275538,-0.317416,9.394033,1.764387,-0.003340,0.033006,7,1,0,0.000000,0,14.496824,0.000000,0.027381,0,-0.163020,0.000000,-0.020777,14.496824,-0.163020,1,1,1,6.236717,0.000000,0.000000,0.000000,0.000000,0.000000,0.000000,0.000000
7.8301,20.590857,-0.151864,0.010485,0.000000,0.034240,-0.029981,0,-0.163020,218,0.343796,0.101643,20.590857,-0.000419,14.345278,0.010485,20.590843,14.482746,0.010485,-0.151864,0.000000,0.012217,-0.543270,-52.419179,0.137467,-0.001000,0.001523,0.002021,-0.000028,0.001523,0.343796,0.101643,-9.803447,0.007674,-0.003726,-0.001000,-2.947843,-0.003333,27.000000,0.013045,20.590843,-0.000419,-0.151864,0.000000,0.137000,-0.001000,145,0,1,34,35,0.001103,0.008574,0.009381,-0.394981,0.553794,10.062711,1.764546,-0.003333,0.033081,7,1,0,0.000000,0,14.496824,0.000000,0.034240,0,-0.163020,0.000000,-0.029981,14.496824,-0.163020,1,1,1,6.236743,0.000000,0.000000,0.000000,0.000000,0.000000,0.000000,0.000000
7.8401,20.590841,-0.151864,-0.008855,0.000000,0.027530,-0.022311,0,-0.163020,228,0.344212,0.102555,20.590841,0.001466,14.345341,-0.008855,20.590843,14.482798,-0.008855,-0.151864,0.000000,0.012257,-0.543270,-52.419179,0.137457,-0.001000,0.001451,0.001999,-0.000022,0.001451,0.344212,0.102555,-9.803423,0.000048,-0.007931,-0.001000,-2.947789,-0.003393,27.000000,0.013045,20.590843,0.001466,-0.151864,0.000000,0.137000,-0.001000,150,0,1,34,35,0.007508,0.002437,-0.009886,-0.459874,0.281075,10.461885,1.764600,-0.003393,0.033109,7,1,0,0.000000,0,14.496824,0.000000,0.027530,0,-0.163020,0.000000,-0.022311,14.496824,-0.163020,1,1,1,6.236769,0.000000,0.000000,0.000000,0.000000,0.000000,0.000000,0.000000
7.8501,20.591089,-0.152631,-0.025146,0.000000,0.021186,-0.013108,0,-0.163020,238,0.343292,0.102399,20.591089,0.004503,14.345924,-0.025146,20.591130,14.483370,-0.025146,-0.152631,0.000000,0.012289,-0.543270,-52.419179,0.137446,0.000000,0.001391,0.002021,0.000028,0.001391,0.343292,0.102399,-9.803457,-0.011764,0.002767,0.000000,-2.947985,-0.003355,27.000000,0.013045,20.591130,0.004503,-0.152631,0.000000,0.137000,0.000000,155,0,1,34,35,0.001115,-0.012342,-0.024996,0.359971,0.000532,9.205874,1.764404,-0.003355,0.033006,7,1,0,0.000000,0,14.496824,0.000000,0.021186,0,-0.163020,0.000000,-0.013108,14.496824,-0.163020,1,1,1,6.236858,0.000000,0.000000,0.000000,0.000000,0.000000,0.000000,0.000000
7.8601,20.591048,-0.152631,0.009504,0.000000,0.027060,-0.020777,0,-0.163020,248,0.343259,0.101961,20.591048,0.001466,14.345886,0.009504,20.591035,14.483357,0.009504,-0.152631,0.000000,0.012283,-0.543270,-52.419179,0.137472,0.002000,0.001402,0.001992,-0.000187,0.001402,0.343259,0.101961,-9.803463,0.007599,0.009793,0.002000,-2.947999,-0.003317,27.000000,0.013045,20.591035,0.001466,-0.152631,0.000000,0.137000,0.002000,160,0,1,34,35,-0.011700,0.004235,0.011453,-0.114918,0.164985,10.585359,1.764390,-0.003317,0.033010,6,1,0,0.000000,0,14.496824,0.000000,0.027060,0,-0.163020,0.000000,-0.020777,14.496824,-0.163020,1,1,1,6.236884,0.000000,0.000000,0.000000,0.000000,0.000000,0.000000,0.000000
7.8701,20.590866,-0.152631,-0.006347,0.000000,0.024796,-0.020777,0,-0.163020,2,0.344211,0.102383,20.590866,-0.001466,14.346072,-0.006347,20.590843,14.483536,-0.006347,-0.152631,0.000000,0.012284,-0.543270,-52.419179,0.137463,0.001000,0.001401,0.001944,-0.000061,0.001401,0.344211,0.102383,-9.803425,0.014775,0.002903,0.001000,-2.947819,-0.003374,27.000000,0.013045,20.590843,-0.001466,-0.152631,0.000000,0.137000,0.001000,165,0,1,34,35,-0.007445,0.013022,-0.005508,-0.336736,-0.062046,9.597178,1.764570,-0.003374,0.033099,6,1,0,0.000000,0,14.496824,0.000000,0.024796,0,-0.163020,0.000000,-0.020777,14.496824,-0.163020,1,1,1,6.236909,0.000000,0.000000,0.000000,0.000000,0.000000,0.000000,0.000000
7.8801,20.590645,-0.152631,-0.001478,0.000000,0.027240,-0.020777,0,-0.163020,12,0.344077,0.102545,20.590645,0.000419,14.346016,-0.001478,20.590651,14.483480,-0.001478,-0.152631,0.000000,0.012292,-0.543270,-52.419179,0.137465,0.000000,0.001387,0.001844,0.000015,0.001387,0.344077,0.102545,-9.803428,-0.006245,-0.005837,0.000000,-2.947874,-0.003380,27.000000,0.013045,20.590651,0.000419,-0.152631,0.000000,0.137000,0.000000,170,0,1,34,35,0.007517,-0.004087,-0.001428,0.017464,-0.101400,9.702289,1.764515,-0.003380,0.033083,7,1,0,0.000000,0,14.496824,0.000000,0.027240,0,-0.163020,0.000000,-0.020777,14.496824,-0.163020,1,1,1,6.236934,0.000000,0.000000,0.000000,0.000000,0.000000,0.000000,0.000000
7.8901,20.590748,-0.152631,0.003984,0.000000,0.027201,-0.020777,0,-0.163020,22,0.343561,0.102123,20.590748,-0.000419,14.345974,0.003984,20.590747,14.483438,0.003984,-0.152631,0.000000,0.012334,-0.543270,-52.419179,0.137464,-0.001000,0.001309,0.002001,-0.000185,0.001309,0.343561,0.102123,-9.803450,0.004445,-0.000403,-0.001000,-2.947920,-0.003287,27.000000,0.013045,20.590747,-0.000419,-0.152631,0.000000,0.137000,-0.001000,175,0,1,34,35,-0.001029,0.004379,0.002930,0.141896,-0.214898,9.605525,1.764469,-0.003287,0.033038,7,1,0,0.000000,0,14.496824,0.000000,0.027201,0,-0.163020,0.000000,-0.020777,14.496824,-0.163020,1,1,1,6.236960,0.000000,0.000000,0.000000,0.000000,0.000000,0.000000,0.000000
7.9001,20.590841,-0.152631,-0.001380,0.000000,0.026825,-0.020777,0,-0.163020,32,0.343106,0.102528,20.590841,0.001466,14.345970,-0.001380,20.590843,14.483433,-0.001380,-0.152631,0.000000,0.012368,-0.543270,-52.419179,0.137463,0.000000,0.001246,0.001991,0.000010,0.001246,0.343106,0.102528,-9.803462,-0.000848,-0.003136,0.000000,-2.947924,-0.003286,27.000000,0.013045,20.590843,0.001466,-0.152631,0.000000,0.137000,0.000000,180,0,1,34,35,0.003243,0.000174,-0.001382,0.101844,0.103807,9.350300,1.764465,-0.003286,0.032986,7,1,0,0.000000,0,14.496824,0.000000,0.026825,0,-0.163020,0.000000,-0.020777,14.496824,-0.163020,1,1,1,6.236986,0.000000,0.000000,0.000000,0.000000,0.000000,0.000000,0.000000
7.9101,20.590833,-0.152631,-0.007362,0.000000,0.027202,-0.020777,0,-0.163020,42,0.343199,0.102950,20.590833,-0.000419,14.345938,-0.007362,20.590843,14.483398,-0.007362,-0.152631,0.000000,0.012339,-0.543270,-52.419179,0.137460,0.000000,0.001299,0.001994,0.000012,0.001299,0.343199,0.102950,-9.803454,0.013505,-0.014674,0.000000,-2.947957,-0.003359,27.000000,0.013045,20.590843,-0.000419,-0.152631,0.000000,0.137000,0.000000,185,0,1,34,35,0.009627,0.017373,-0.007577,-0.001842,0.200684,10.021135,1.764432,-0.003359,0.032988,7,1,0,0.000000,0,14.496824,0.000000,0.027202,0,-0.163020,0.000000,-0.020777,14.496824,-0.163020,1,1,1,6.237011,0.000000,0.000000,0.000000,0.000000,0.000000,0.000000,0.000000
7.9201,20.590850,-0.152631,0.001098,0.000000,0.027009,-0.020777,0,-0.163020,52,0.343489,0.102442,20.590850,0.001466,14.345920,0.001098,20.590843,14.483385,0.001098,-0.152631,0.000000,0.012288,-0.543270,-52.419179,0.137465,0.000000,0.001393,0.001846,-0.000004,0.001393,0.343489,0.102442,-9.803449,0.017990,0.006329,-0.000000,-2.947970,-0.003364,27.000000,0.013045,20.590843,0.001466,-0.152631,0.000000,0.137000,0.000000,190,0,1,34,35,-0.011714,0.015061,0.000912,0.015272,-0.063406,8.946605,1.764419,-0.003364,0.033026,7,1,0,0.000000,0,14.496824,0.000000,0.027009,0,-0.163020,0.000000,-0.020777,14.496824,-0.163020,1,1,1,6.237037,0.000000,0.000000,0.000000,0.000000,0.000000,0.000000,0.000000
7.9301,20.590933,-0.152631,-0.003767,0.000000,0.026532,-0.020777,0,-0.163020,62,0.344310,0.102779,20.590933,0.002513,14.345949,-0.003767,20.590939,14.483414,-0.003767,-0.152631,0.000000,0.012351,-0.543270,-52.419179,0.137465,0.000000,0.001277,0.001873,0.000092,0.001277,0.344310,0.102779,-9.803417,-0.011602,-0.001797,0.000000,-2.947942,-0.003348,27.000000,0.013045,20.590939,0.002513,-0.152631,0.000000,0.137000,0.000000,195,0,1,34,35,0.005388,-0.010476,-0.003638,-0.345738,0.274402,10.232203,1.764447,-0.003348,0.033103,6,1,0,0.000000,0,14.496824,0.000000,0.026532,0,-0.163020,0.000000,-0.020777,14.496824,-0.163020,1,1,1,6.237063,0.000000,0.000000,0.000000,0.000000,0.000000,0.000000,0.000000
7.9401,20.590801,-0.152631,-0.014276,0.000000,0.028565,-0.020777,0,-0.163020,72,0.343281,0.099721,20.590801,-0.000419,14.345823,-0.014276,20.590843,14.483269,-0.014276,-0.152631,0.000000,0.012037,-0.543270,-52.419179,0.137445,0.000000,0.001855,0.001994,0.000059,0.001855,0.343281,0.099721,-9.803485,-0.004593,-0.001883,0.000000,-2.948088,-0.003337,27.000000,0.013045,20.590843,-0.000419,-0.152631,0.000000,0.137000,0.000000,200,0,1,34,35,-0.001024,-0.006050,-0.016391,0.046229,0.011238,9.875707,1.764311,-0.003340,0.033052,6,1,0,0.000000,0,14.496824,0.000000,0.028565,0,-0.163020,0.000000,-0.020777,14.496824,-0.163020,1,1,1,6.237090,0.000000,0.000000,0.000000,0.000000,0.000000,0.000000,0.000000
7.9501,20.590831,-0.152631,0.000906,0.000000,0.027786,-0.020777,0,-0.163020,82,0.343072,0.099912,20.590831,0.000419,14.345756,0.000906,20.590843,14.483212,0.000906,-0.152631,0.000000,0.012043,-0.543270,-52.419179,0.137456,0.000000,0.001844,0.001822,-0.000096,0.001844,0.343072,0.099912,-9.803490,0.004508,-0.007174,0.000000,-2.948144,-0.003347,27.000000,0.013045,20.590843,0.000419,-0.152631,0.000000,0.137000,0.000000,4,0,1,34,35,-0.009570,0.004468,-0.005609,0.026053,-0.031162,9.435029,1.764245,-0.003350,0.033021,6,1,0,0.000000,0,14.496824,0.000000,0.027786,0,-0.163020,0.000000,-0.020777,14.496824,-0.163020,1,1,1,6.237115,0.000000,0.000000,0.000000,0.000000,0.000000,0.000000,0.000000
7.9601,20.590736,-0.152631,-0.007422,0.000000,0.027292,-0.020777,0,-0.163020,92,0.343277,0.099616,20.590736,-0.000419,14.345757,-0.007422,20.590747,14.483207,-0.007422,-0.152631,0.000000,0.012043,-0.543270,-52.419179,0.137450,0.000000,0.001845,0.001991,-0.000100,0.001845,0.343277,0.099616,-9.803486,0.012821,-0.009944,0.000000,-2.948150,-0.003321,27.000000,0.013045,20.590747,-0.000419,-0.152631,0.000000,0.137000,0.000000,9,0,1,34,35,-0.003172,0.008789,-0.007687,-0.133922,0.032639,10.459601,1.764243,-0.003323,0.033041,7,1,0,0.000000,0,14.496824,0.000000,0.027292,0,-0.163020,0.000000,-0.020777,14.496824,-0.163020,1,1,1,6.237140,0.000000,0.000000,0.000000,0.000000,0.000000,0.000000,0.000000
7.9701,20.590910,-0.152631,-0.027021,0.000000,0.028948,-0.020777,0,-0.163020,102,0.343287,0.099721,20.590910,0.001466,14.345628,-0.027021,20.590939,14.483064,-0.027021,-0.152631,0.000000,0.012085,-0.543270,-52.419179,0.137436,0.000000,0.001768,0.001848,0.000027,0.001768,0.343287,0.099721,-9.803485,-0.002257,-0.002658,0.000000,-2.948294,-0.003290,27.000000,0.013045,20.590939,0.001466,-0.152631,0.000000,0.137000,0.000000,14,0,1,34,35,0.003238,-0.001623,-0.027003,-0.117262,0.231900,9.810824,1.764095,-0.003290,0.033047,7,1,0,0.000000,0,14.496824,0.000000,0.028948,0,-0.163020,0.000000,-0.020777,14.496824,-0.163020,1,1,1,6.237221,0.000000,0.000000,0.000000,0.000000,0.000000,0.000000,0.000000
7.9801,20.590946,-0.152631,0.003083,0.000000,0.027744,-0.020777,0,-0.163020,112,0.343693,0.100791,20.590946,0.000419,14.345584,0.003083,20.590939,14.483045,0.003083,-0.152631,0.000000,0.012167,-0.543270,-52.419179,0.137461,0.000000,0.001617,0.002002,0.000101,0.001617,0.343693,0.100791,-9.803459,0.009170,0.000269,0.000000,-2.948311,-0.003322,27.000000,0.013045,20.590939,0.000419,-0.152631,0.000000,0.137000,0.000000,19,0,1,34,35,-0.003168,0.008647,0.002978,-0.307553,0.171127,10.078062,1.764078,-0.003322,0.033072,7,1,0,0.000000,0,14.496824,0.000000,0.027744,0,-0.163020,0.000000,-0.020777,14.496824,-0.163020,1,1,1,6.237247,0.000000,0.000000,0.000000,0.000000,0.000000,0.000000,0.000000
7.9901,20.590943,-0.152631,-0.001137,0.000000,0.026852,-0.020777,0,-0.163020,122,0.344003,0.100966,20.590943,0.001466,14.345645,-0.001137,20.590939,14.483104,-0.001137,-0.152631,0.000000,0.012168,-0.543270,-52.419179,0.137459,0.000000,0.001615,0.001845,0.000082,0.001615,0.344003,0.100966,-9.803447,0.013317,0.005638,0.000000,-2.948252,-0.003343,27.000000,0.013045,20.590939,0.001466,-0.152631,0.000000,0.137000,0.000000,24,0,1,34,35,-0.009576,0.010822,-0.001268,-0.156664,-0.120752,8.936346,1.764137,-0.003343,0.033100,7,1,0,0.000000,0,14.496824,0.000000,0.026852,0,-0.163020,0.000000,-0.020777,14.496824,-0.163020,1,1,1,6.237271,0.000000,0.000000,0.000000,0.000000,0.000000,0.000000,0.000000
