t,theta_big,theta_small,dtheta_big,dtheta_small,tau_big,tau_small,axis,held_target,mcu2_seq,gravity_ax,gravity_ay,theta_big_motor,dtheta_big_motor,theta_big_platform,dtheta_big_platform,theta_big_motor_meas,platform_azimuth,platform_rate,small_joint_angle_est,small_joint_rate_est,pitch_joint_angle,pitch_joint_rate,pitch_acc,chassis_azimuth,chassis_yaw_rate,big_enc_age,big_sample_interval,big_enc_innovation,chassis_imu_age,gravity_a_x,gravity_a_y,gravity_a_z,base_omega_x,base_omega_y,base_omega_z,los_azimuth,los_elevation,mcu_bullet_velocity,mcu_pitch_angle,mcu_yaw_big_angle,mcu_yaw_big_omega,mcu_yaw_small_angle,mcu_yaw_small_omega,mcu_chassis_imu_yaw,mcu_chassis_imu_omega,mcu_mark,mcu_color,mcu_auto_aim_switch,mcu_temp_big,mcu_temp_small,imu_gx,imu_gy,imu_gz,imu_ax,imu_ay,imu_az,imu_euler_yaw,imu_euler_pitch,imu_euler_roll,imu_dt_one_tenth_ms,tx_auto_aim_enable,tx_fire,tx_pitch_target_angle,tx_yaw_big_mode,tx_yaw_big_target_angle,tx_yaw_big_target_velocity,tx_yaw_big_torque,tx_yaw_small_mode,tx_yaw_small_target_angle,tx_yaw_small_target_velocity,tx_yaw_small_torque,target_big,target_small,est_valid,mcu_valid,imu_valid,backlash_center,backlash_beta_true,theta_true_motor,theta_true_platform,theta_true_small,dtheta_true_motor,dtheta_true_platform,dtheta_true_small
0.0002,18.139406,-0.220893,-0.001734,0.000000,0.022214,-0.071369,0,-0.252743,12,0.091821,0.094142,18.139406,0.000419,12.502501,-0.001734,18.139408,12.627501,-0.001734,-0.220893,0.000000,0.012272,-0.486328,-44.428401,0.125000,0.000000,0.001590,0.002001,0.000003,0.001590,0.091821,0.094142,-9.809119,0.013578,-0.009483,0.000000,1.411033,0.000857,27.000000,0.013045,18.139408,0.000419,-0.220893,0.000000,0.125000,0.000000,95,0,1,34,34,0.007528,-0.014772,-0.001553,0.313054,0.316658,9.936372,-0.159763,0.000857,0.007030,6,1,0,0.000000,0,12.636185,0.000000,0.022214,0,-0.252743,0.000000,-0.071369,12.636185,-0.252743,1,1,1,5.630078,0.000000,0.000000,0.000000,0.000000,0.000000,0.000000,0.000000
0.0101,18.139557,-0.220893,0.027915,0.000000,0.018263,-0.063699,0,-0.252743,18,0.090810,0.095789,18.139557,0.002513,12.502540,0.027915,18.139504,12.627561,0.027915,-0.220893,0.000000,0.012446,-0.486328,-44.428401,0.125020,0.000000,0.003353,0.001847,0.000002,0.003353,0.090810,0.095789,-9.809112,0.019850,-0.016691,0.000000,1.411092,0.000890,27.000000,0.013045,18.139504,0.002513,-0.220893,0.000000,0.125000,0.000000,100,0,1,34,34,0.009681,-0.023711,0.028212,-0.022429,0.141281,9.408019,-0.159704,0.000890,0.006893,7,1,0,0.000000,0,12.636318,0.000000,0.018263,0,-0.252743,0.000000,-0.063699,12.636318,-0.252743,1,1,1,5.630100,0.000000,0.000000,0.000000,0.000000,0.000000,0.000000,0.000000
0.0201,18.139587,-0.220893,-0.013988,0.000000,0.029111,-0.063699,0,-0.252743,28,0.089072,0.095439,18.139587,0.001466,12.502538,-0.013988,18.139600,12.627529,-0.013988,-0.220893,0.000000,0.012338,-0.486328,-44.428401,0.124991,0.000000,0.001453,0.002097,0.000215,0.003550,0.089072,0.095439,-9.809131,-0.020222,-0.000563,0.000000,1.411061,0.000856,27.000000,0.013045,18.139600,0.001466,-0.220893,0.000000,0.125000,0.000000,105,0,1,34,34,-0.018116,0.008831,-0.014098,0.887049,0.221465,9.926218,-0.159735,0.000856,0.006728,7,1,0,0.000000,0,12.637253,0.000000,0.029111,0,-0.252743,0.000000,-0.063699,12.637253,-0.252743,1,1,1,5.630123,0.000000,0.000000,0.000000,0.000000,0.000000,0.000000,0.000000
0.0301,18.139594,-0.220893,-0.005592,0.000000,0.050160,-0.063699,0,-0.252743,38,0.089425,0.093995,18.139594,0.002513,12.502446,-0.005592,18.139600,12.627444,-0.005592,-0.220893,0.000000,0.012177,-0.486328,-44.428401,0.124997,0.000000,0.001785,0.001991,0.000026,0.001785,0.089425,0.093995,-9.809142,0.003597,0.004681,0.000000,1.410976,0.000830,27.000000,0.013045,18.139600,0.002513,-0.220893,0.000000,0.125000,0.000000,110,0,1,34,34,0.005374,0.002374,-0.005622,0.085547,-0.238295,9.949789,-0.159821,0.000830,0.006795,6,1,0,0.000000,0,12.639727,0.000000,0.050160,0,-0.252743,0.000000,-0.063699,12.639727,-0.252743,1,1,1,5.630147,0.000000,0.000000,0.000000,0.000000,0.000000,0.000000,0.000000
0.0401,18.140082,-0.220893,0.001258,0.000000,0.072584,-0.063699,0,-0.252743,48,0.091306,0.096891,18.140082,0.005550,12.502422,0.001258,18.140079,12.627424,0.001258,-0.220893,0.000000,0.012438,-0.486328,-44.428401,0.125001,0.000000,0.001248,0.002000,-0.000003,0.001248,0.091306,0.096891,-9.809097,-0.016657,0.015461,0.000000,1.410957,0.000762,27.000000,0.013045,18.140079,0.005550,-0.220893,0.000000,0.125000,0.000000,115,0,1,34,34,-0.007452,0.021485,0.000991,0.065656,-0.084253,9.865190,-0.159839,0.000762,0.006917,7,1,0,0.000000,0,12.643709,0.000000,0.072584,0,-0.252743,0.000000,-0.063699,12.643709,-0.252743,1,1,1,5.630195,0.000000,0.000000,0.000000,0.000000,0.000000,0.000000,0.000000
0.0501,18.141676,-0.220893,-0.014228,0.000000,0.094175,-0.063699,0,-0.252743,58,0.092036,0.095346,18.141676,0.020944,12.502338,-0.014228,18.141709,12.627330,-0.014228,-0.220893,0.000000,0.012254,-0.486328,-44.428401,0.124992,0.000000,0.001627,0.001992,0.000026,0.001627,0.092036,0.095346,-9.809105,0.001738,-0.000918,0.000000,1.410863,0.000715,27.000000,0.013045,18.141709,0.020944,-0.220893,0.000000,0.125000,0.000000,120,0,1,34,34,0.001107,-0.001799,-0.014207,0.121186,0.131089,9.465432,-0.159933,0.000715,0.007024,6,1,0,0.000000,0,12.648749,0.000000,0.094175,0,-0.252743,0.000000,-0.063699,12.648749,-0.252743,1,1,1,5.631061,0.000000,0.000000,0.000000,0.000000,0.000000,0.000000,0.000000
0.0601,18.145274,-0.221788,0.067295,-0.104720,0.106326,-0.052957,0,-0.252743,68,0.092947,0.096120,18.145274,0.039375,12.502908,0.067295,18.145257,12.627947,0.067295,-0.221788,-0.104720,0.012450,-0.486328,-44.428401,0.125039,0.000000,0.001224,0.002006,0.000833,0.001224,0.092947,0.096120,-9.809089,0.000256,0.011058,-0.104720,1.410584,0.000807,27.000000,0.013045,18.145257,0.039375,-0.221660,-0.104720,0.125000,0.000000,125,0,1,34,34,0.005358,0.009210,-0.037542,-0.305980,-0.344276,9.996321,-0.160213,0.000807,0.007087,7,1,0,0.000000,0,12.654656,0.000000,0.106326,0,-0.252743,0.000000,-0.052957,12.654656,-0.252743,1,1,1,5.632613,0.000000,0.000000,0.000000,0.000000,0.000000,0.000000,0.000000
0.0701,18.149897,-0.223515,0.161758,-0.209440,0.119101,-0.041184,0,-0.252743,78,0.094645,0.093953,18.149897,0.047543,12.504018,0.161758,18.149667,12.629114,0.161758,-0.223515,-0.209440,0.012299,-0.486328,-44.428401,0.125096,0.000000,0.001534,0.001947,-0.000261,0.001534,0.094645,0.093953,-9.809093,-0.009543,0.025491,-0.209440,1.410023,0.000821,27.000000,0.013045,18.149667,0.047543,-0.223194,-0.209440,0.125000,0.000000,130,0,1,34,34,0.003202,0.026441,-0.048010,0.389665,0.297339,9.955369,-0.160774,0.000821,0.007285,7,1,0,0.000000,0,12.661297,0.000000,0.119101,0,-0.252743,0.000000,-0.041184,12.661297,-0.252743,1,1,1,5.634713,0.000000,0.000000,0.000000,0.000000,0.000000,0.000000,0.000000
0.0801,18.154374,-0.225841,0.273415,-0.314159,0.127360,-0.030543,0,-0.252743,89,0.100268,0.095981,18.154374,0.040317,12.505819,0.273415,18.154077,12.631001,0.273415,-0.225841,-0.314159,0.012509,-0.486328,-44.428401,0.125182,0.002000,0.001102,0.002099,-0.000165,0.001102,0.100268,0.095981,-9.809018,-0.028425,0.034779,-0.312159,1.409584,0.000684,27.000000,0.013045,18.154077,0.040317,-0.225495,-0.314159,0.125000,0.002000,135,0,1,34,34,-0.009621,0.043386,-0.039290,-0.652716,0.015104,9.530756,-0.161212,0.000684,0.007771,6,1,0,0.000000,0,12.668433,0.000000,0.127360,0,-0.252743,0.000000,-0.030543,12.668433,-0.252743,1,1,1,5.635773,0.000000,0.000000,0.000000,0.000000,0.000000,0.000000,0.000000
0.0901,18.157211,-0.228257,0.304419,-0.314159,0.137124,-0.024820,0,-0.252743,98,0.104210,0.093941,18.157211,0.031102,12.507984,0.304419,18.156761,12.633183,0.304419,-0.228257,-0.314159,0.012332,-0.486328,-44.428401,0.125198,0.005000,0.001466,0.002018,-0.000603,0.001466,0.104210,0.093941,-9.808997,-0.031640,0.027442,-0.309159,1.409350,0.000600,27.000000,0.013045,18.156761,0.031102,-0.227796,-0.314159,0.125000,0.005000,140,0,1,34,34,-0.016010,0.038641,-0.005217,-0.517703,-0.084096,9.826530,-0.161447,0.000600,0.008181,6,1,0,0.000000,0,12.675803,0.000000,0.137124,0,-0.252743,0.000000,-0.024820,12.675803,-0.252743,1,1,1,5.636524,0.000000,0.000000,0.000000,0.000000,0.000000,0.000000,0.000000
0.1001,18.160376,-0.232208,0.421695,-0.314159,0.118726,-0.001558,0,-0.252743,108,0.106141,0.092039,18.160376,0.031102,12.512364,0.421695,18.159638,12.637645,0.421695,-0.232208,-0.314159,0.012152,-0.486328,-44.428401,0.125281,0.004000,0.001836,0.001970,-0.000168,0.001836,0.106141,0.092039,-9.808994,0.000277,-0.007638,-0.310159,1.409861,0.000531,27.000000,0.013045,18.159638,0.031102,-0.231631,-0.314159,0.125000,0.004000,145,0,1,34,34,-0.003121,-0.005621,0.111612,-0.670177,-0.020543,10.095041,-0.160936,0.000531,0.008370,7,1,0,0.000000,0,12.683056,0.000000,0.118726,0,-0.252743,0.000000,-0.001558,12.683056,-0.252743,1,1,1,5.636566,0.000000,0.000000,0.000000,0.000000,0.000000,0.000000,0.000000
0.1101,18.164263,-0.234417,0.514474,-0.314159,0.128854,-0.014555,0,-0.252743,118,0.106627,0.093071,18.164263,0.041364,12.516002,0.514474,18.163473,12.641365,0.514474,-0.234417,-0.314159,0.012294,-0.486328,-44.428401,0.125363,0.001000,0.001545,0.001995,-0.000968,0.001545,0.106627,0.093071,-9.808979,0.009041,0.003597,-0.313159,1.411371,0.000540,27.000000,0.013045,18.163473,0.041364,-0.233932,-0.314159,0.125000,0.001000,150,0,1,34,34,0.009705,0.001773,0.201308,-0.440424,-0.341756,9.785709,-0.159425,0.000540,0.008368,6,1,0,0.000000,0,12.689945,0.000000,0.128854,0,-0.252743,0.000000,-0.014555,12.689945,-0.252743,1,1,1,5.636604,0.000000,0.000000,0.000000,0.000000,0.000000,0.000000,0.000000
0.1201,18.168723,-0.235466,0.351946,0.000000,0.124078,-0.024068,0,-0.252743,129,0.107423,0.088425,18.168723,0.049532,12.520235,0.351946,18.167979,12.645435,0.351946,-0.235466,0.000000,0.012151,-0.486328,-44.428401,0.125201,-0.005000,0.001839,0.001998,0.000104,0.001839,0.107423,0.088425,-9.809013,0.011152,0.028938,-0.005000,1.414389,0.000830,27.000000,0.013045,18.167979,0.049532,-0.235466,0.000000,0.125000,-0.005000,155,0,1,34,34,0.022530,0.025525,0.346661,-0.615694,0.293600,9.437875,-0.156407,0.000830,0.008545,6,1,0,0.000000,0,12.696259,0.000000,0.124078,0,-0.252743,0.000000,-0.024068,12.696259,-0.252743,1,1,1,5.636644,0.000000,0.000000,0.000000,0.000000,0.000000,0.000000,0.000000
0.1301,18.172686,-0.236407,0.542615,-0.104720,0.117369,-0.023257,0,-0.252743,138,0.109337,0.087677,18.172686,0.053617,12.524836,0.542615,18.171814,12.650155,0.542615,-0.236407,-0.104720,0.012235,-0.486328,-44.428401,0.125320,-0.004000,0.001665,0.001954,-0.001022,0.001665,0.109337,0.087677,-9.808999,-0.006497,-0.003355,-0.108720,1.418166,0.000935,27.000000,0.013045,18.171814,0.053617,-0.236233,-0.104720,0.125000,-0.004000,160,0,1,34,34,-0.007307,0.005044,0.433866,-0.832374,-0.257559,9.920286,-0.152630,0.000935,0.008742,6,1,0,0.000000,0,12.702289,0.000000,0.117369,0,-0.252743,0.000000,-0.023257,12.702289,-0.252743,1,1,1,5.636682,0.000000,0.000000,0.000000,0.000000,0.000000,0.000000,0.000000
0.1401,18.179156,-0.237000,0.490968,0.000000,0.114123,-0.025559,0,-0.252743,149,0.110177,0.089405,18.179156,0.053617,12.529935,0.490968,18.178525,12.655281,0.490968,-0.237000,0.000000,0.012409,-0.486328,-44.428401,0.125345,0.000000,0.001307,0.002104,0.000921,0.001307,0.110177,0.089405,-9.808974,0.012815,-0.019583,0.000000,1.422699,0.000913,27.000000,0.013045,18.178525,0.053617,-0.237000,0.000000,0.125000,0.000000,165,0,1,34,34,0.003406,-0.017060,0.491218,-0.326715,0.190123,10.087811,-0.148097,0.000913,0.008777,7,1,0,0.000000,0,12.708236,0.000000,0.114123,0,-0.252743,0.000000,-0.025559,12.708236,-0.252743,1,1,1,5.636718,0.000000,0.000000,0.000000,0.000000,0.000000,0.000000,0.000000
0.1501,18.184993,-0.237946,0.679427,-0.104720,0.102612,-0.020127,0,-0.252743,158,0.109038,0.086991,18.184993,0.064926,12.536328,0.679427,18.183798,12.661748,0.679427,-0.237946,-0.104720,0.012211,-0.486328,-44.428401,0.125420,0.004000,0.001716,0.001993,-0.001400,0.001716,0.109038,0.086991,-9.809008,0.004391,-0.011713,-0.100720,1.428219,0.000972,27.000000,0.013045,18.183798,0.064926,-0.237767,-0.104720,0.125000,0.004000,170,0,1,34,34,-0.000850,-0.005413,0.578816,-0.737084,-0.359625,9.670492,-0.142577,0.000972,0.008712,6,1,0,0.000000,0,12.714428,0.000000,0.102612,0,-0.252743,0.000000,-0.020127,12.714428,-0.252743,1,1,1,5.636758,0.000000,0.000000,0.000000,0.000000,0.000000,0.000000,0.000000
0.1601,18.191474,-0.238534,0.666527,0.000000,0.107438,-0.022544,0,-0.252743,169,0.109055,0.089200,18.191474,0.057701,12.542950,0.666527,18.190509,12.668427,0.666527,-0.238534,0.000000,0.012328,-0.486328,-44.428401,0.125476,0.004000,0.001474,0.002029,-0.000349,0.001474,0.109055,0.089200,-9.808988,-0.028451,-0.022091,0.004000,1.434312,0.000865,27.000000,0.013045,18.190509,0.057701,-0.238534,0.000000,0.125000,0.004000,175,0,1,34,34,-0.034982,-0.000320,0.670582,0.228407,-0.150982,9.855055,-0.136484,0.000865,0.008654,7,1,0,0.000000,0,12.721280,0.000000,0.107438,0,-0.252743,0.000000,-0.022544,12.721280,-0.252743,1,1,1,5.636795,0.000000,0.000000,0.000000,0.000000,0.000000,0.000000,0.000000
0.1701,18.197153,-0.237767,0.766101,0.000000,0.126122,-0.037622,0,-0.252743,178,0.108673,0.091281,18.197153,0.071000,12.549253,0.766101,18.196165,12.674714,0.766101,-0.237767,0.000000,0.012406,-0.486328,-44.428401,0.125461,0.000000,0.001313,0.001998,-0.001473,0.001313,0.108673,0.091281,-9.808973,0.004752,-0.028630,0.000000,1.441368,0.000754,27.000000,0.013045,18.196165,0.071000,-0.237767,0.000000,0.125000,0.000000,180,0,1,34,34,-0.007185,-0.018611,0.766391,0.171165,-0.066840,10.008989,-0.129428,0.000754,0.008575,6,1,0,0.000000,0,12.729269,0.000000,0.126122,0,-0.252743,0.000000,-0.037622,12.729269,-0.252743,1,1,1,5.636831,0.000000,0.000000,0.000000,0.000000,0.000000,0.000000,0.000000
0.1801,18.205330,-0.237000,0.826637,0.000000,0.127307,-0.039155,0,-0.252743,188,0.107957,0.089208,18.205330,0.077178,12.556945,0.826637,18.203933,12.682515,0.826637,-0.237000,0.000000,0.012223,-0.486328,-44.428401,0.125570,-0.004000,0.001691,0.002061,-0.001708,0.001691,0.107957,0.089208,-9.809000,0.002908,0.018159,-0.004000,1.449935,0.000799,27.000000,0.013045,18.203933,0.077178,-0.237000,0.000000,0.125000,-0.004000,185,0,1,34,34,0.009862,0.025576,0.822385,-0.258952,-0.133652,9.979327,-0.120861,0.000799,0.008562,7,1,0,0.000000,0,12.738586,0.000000,0.127307,0,-0.252743,0.000000,-0.039155,12.738586,-0.252743,1,1,1,5.637042,0.000000,0.000000,0.000000,0.000000,0.000000,0.000000,0.000000
0.1901,18.210992,-0.237000,0.854760,0.000000,0.137665,-0.031486,0,-0.252743,198,0.108480,0.087563,18.210992,0.086394,12.565166,0.854760,18.209588,12.690668,0.854760,-0.237000,0.000000,0.012234,-0.486328,-44.428401,0.125502,-0.005000,0.001667,0.002048,-0.001726,0.001667,0.108480,0.087563,-9.809009,0.027081,-0.000222,-0.005000,1.458086,0.000961,27.000000,0.013045,18.209588,0.086394,-0.237000,0.000000,0.125000,-0.005000,190,0,1,34,34,0.024840,-0.000393,0.849829,0.045579,-0.117681,9.472453,-0.112710,0.000961,0.008653,6,1,0,0.000000,0,12.748866,0.000000,0.137665,0,-0.252743,0.000000,-0.031486,12.748866,-0.252743,1,1,1,5.637076,0.000000,0.000000,0.000000,0.000000,0.000000,0.000000,0.000000
0.2001,18.221289,-0.237000,0.882055,0.000000,0.140593,-0.031486,0,-0.252743,208,0.109042,0.084541,18.221289,0.089431,12.573665,0.882055,18.219848,12.699195,0.882055,-0.237000,0.000000,0.012253,-0.486328,-44.428401,0.125530,0.000000,0.001629,0.001993,-0.000108,0.001629,0.109042,0.084541,-9.809030,0.024474,0.011397,0.000000,1.466609,0.001265,27.000000,0.013045,18.219848,0.089431,-0.237000,0.000000,0.125000,0.000000,195,0,1,34,34,0.026971,0.012010,0.881975,-0.488125,-0.266936,9.920416,-0.104187,0.001265,0.008781,6,1,0,0.000000,0,12.759409,0.000000,0.140593,0,-0.252743,0.000000,-0.031486,12.759409,-0.252743,1,1,1,5.637110,0.000000,0.000000,0.000000,0.000000,0.000000,0.000000,0.000000
0.2101,18.229905,-0.237000,0.942439,0.000000,0.132150,-0.031486,0,-0.252743,218,0.109677,0.082982,18.229905,0.090478,12.582560,0.942439,18.228572,12.708224,0.942439,-0.237000,0.000000,0.012348,-0.486328,-44.428401,0.125664,0.002000,0.001433,0.001997,-0.001850,0.001433,0.109677,0.082982,-9.809036,-0.007321,0.021804,0.002000,1.475636,0.001500,27.000000,0.013045,18.228572,0.090478,-0.237000,0.000000,0.125000,0.002000,200,0,1,34,34,0.001350,0.034620,0.944084,0.112183,0.392221,10.003994,-0.095160,0.001500,0.008882,7,1,0,0.000000,0,12.769416,0.000000,0.132150,0,-0.252743,0.000000,-0.031486,12.769416,-0.252743,1,1,1,5.637145,0.000000,0.000000,0.000000,0.000000,0.000000,0.000000,0.000000
0.2201,18.239632,-0.237000,1.001969,0.000000,0.110040,-0.031486,0,-0.252743,228,0.111784,0.083034,18.239632,0.101683,12.592314,1.001969,18.238351,12.717922,1.001969,-0.237000,0.000000,0.012420,-0.486328,-44.428401,0.125609,0.004000,0.001285,0.002001,0.000411,0.001285,0.111784,0.083034,-9.809012,-0.007760,0.006053,0.004000,1.485333,0.001516,27.000000,0.013045,18.238351,0.101683,-0.237000,0.000000,0.125000,0.004000,4,0,1,34,34,-0.005021,0.020958,1.005787,-0.308402,-0.013396,9.530694,-0.085463,0.001516,0.009089,6,1,0,0.000000,0,12.778085,0.000000,0.110040,0,-0.252743,0.000000,-0.031486,12.778085,-0.252743,1,1,1,5.637178,0.000000,0.000000,0.000000,0.000000,0.000000,0.000000,0.000000
0.2301,18.250227,-0.237000,1.023079,0.000000,0.076926,-0.031486,0,-0.252743,239,0.114111,0.082142,18.250227,0.111945,12.602356,1.023079,18.248898,12.728072,1.023079,-0.237000,0.000000,0.012411,-0.486328,-44.428401,0.125716,0.000000,0.001303,0.002001,0.000456,0.001303,0.114111,0.082142,-9.808992,-0.010292,0.006970,0.000000,1.495481,0.001540,27.000000,0.013045,18.248898,0.111945,-0.237000,0.000000,0.125000,0.000000,9,0,1,34,34,-0.007153,0.022862,1.022874,-0.391135,-0.574281,10.032235,-0.075315,0.001540,0.009341,7,1,0,0.000000,0,12.784618,0.000000,0.076926,0,-0.252743,0.000000,-0.031486,12.784618,-0.252743,1,1,1,5.637212,0.000000,0.000000,0.000000,0.000000,0.000000,0.000000,0.000000
0.2401,18.260920,-0.237000,1.082469,0.000000,0.031395,-0.031486,0,-0.252743,249,0.115611,0.080559,18.260920,0.110898,12.612832,1.082469,18.259444,12.738585,1.082469,-0.237000,0.000000,0.012369,-0.486328,-44.428401,0.125753,-0.002000,0.001390,0.001946,-0.000170,0.001390,0.115611,0.080559,-9.808988,0.013265,0.005129,-0.002000,1.505993,0.001619,27.000000,0.013045,18.259444,0.110898,-0.237000,0.000000,0.125000,-0.002000,14,0,1,34,34,0.014220,0.013610,1.080383,-0.288179,0.038212,10.000175,-0.064804,0.001619,0.009528,7,1,0,0.000000,0,12.788323,0.000000,0.031395,0,-0.252743,0.000000,-0.031486,12.788323,-0.252743,1,1,1,5.637247,0.000000,0.000000,0.000000,0.000000,0.000000,0.000000,0.000000
0.2501,18.269996,-0.237767,1.179266,0.000000,-0.033438,-0.022282,0,-0.252743,2,0.115550,0.079370,18.269996,0.093515,12.624894,1.179266,18.268552,12.750599,1.179266,-0.237767,0.000000,0.012439,-0.486328,-44.428401,0.125705,-0.001000,0.001246,0.001991,-0.000357,0.001246,0.115550,0.079370,-9.808998,0.030579,-0.005188,-0.001000,1.517237,0.001801,27.000000,0.013045,18.268552,0.093515,-0.237767,0.000000,0.125000,-0.001000,19,0,1,34,34,0.027071,-0.000479,1.178363,-0.516858,-0.426794,9.698671,-0.053559,0.001801,0.009542,6,1,0,0.000000,0,12.789261,0.000000,-0.033438,0,-0.252743,0.000000,-0.022282,12.789261,-0.252743,1,1,1,5.637277,0.000000,0.000000,0.000000,0.000000,0.000000,0.000000,0.000000
0.2601,18.278741,-0.237000,1.281825,0.000000,-0.077191,-0.039155,0,-0.252743,13,0.112449,0.075806,18.278741,0.073094,12.636370,1.281825,18.276893,12.762266,1.281825,-0.237000,0.000000,0.012329,-0.486328,-44.428401,0.125896,0.000000,0.001473,0.002008,-0.000358,0.001473,0.112449,0.075806,-9.809063,0.029936,-0.049084,0.000000,1.529668,0.002125,27.000000,0.013045,18.276893,0.073094,-0.237000,0.000000,0.125000,0.000000,24,0,1,34,34,0.012201,-0.040376,1.282420,0.665697,0.199494,9.370770,-0.041128,0.002125,0.009328,7,1,0,0.000000,0,12.788051,0.000000,-0.077191,0,-0.252743,0.000000,-0.039155,12.788051,-0.252743,1,1,1,5.637299,0.000000,0.000000,0.000000,0.000000,0.000000,0.000000,0.000000
0.2701,18.280841,-0.234332,1.169010,0.209440,-0.112262,-0.063501,0,-0.252743,22,0.108181,0.071666,18.280841,0.021991,12.647456,1.169010,18.278810,12.773260,1.169010,-0.234332,0.209440,0.012193,-0.486328,-44.428401,0.125803,0.000000,0.001752,0.002000,-0.002422,0.001752,0.108181,0.071666,-9.809142,0.013538,-0.027803,0.209440,1.543327,0.002526,27.000000,0.013045,18.278810,0.021991,-0.234699,0.209440,0.125000,0.000000,29,0,1,34,34,0.003663,-0.013896,1.378722,0.085125,-0.010457,10.086063,-0.027469,0.002526,0.009030,7,1,0,0.000000,0,12.785393,0.000000,-0.112262,0,-0.252743,0.000000,-0.063501,12.785393,-0.252743,1,1,1,5.637299,0.000000,0.000000,0.000000,0.000000,0.000000,0.000000,0.000000
0.2801,18.275100,-0.229660,1.102764,0.314159,-0.121766,-0.092880,0,-0.252743,31,0.106169,0.072727,18.275100,-0.048485,12.656419,1.102764,18.273633,12.782015,1.102764,-0.229660,0.314159,0.012369,-0.486328,-44.428401,0.125596,-0.004000,0.001390,0.002000,-0.003759,0.001390,0.106169,0.072727,-9.809156,0.009145,-0.014640,0.310159,1.556753,0.002686,27.000000,0.013045,18.273633,-0.048485,-0.230097,0.314159,0.125000,-0.004000,34,0,1,34,34,0.003658,0.000608,1.413024,0.274874,0.372831,10.032616,-0.014043,0.002686,0.008851,6,1,0,0.000000,0,12.781978,0.000000,-0.121766,0,-0.252743,0.000000,-0.092880,12.781978,-0.252743,1,1,1,5.634064,0.000000,0.000000,0.000000,0.000000,0.000000,0.000000,0.000000
0.2901,18.256121,-0.225656,0.940872,0.418879,-0.164994,-0.094216,0,-0.252743,41,0.101582,0.073075,18.256121,-0.205041,12.666599,0.940872,18.254746,12.792273,0.940872,-0.225656,0.418879,0.012342,-0.486328,-44.428401,0.125674,-0.010000,0.001446,0.002087,-0.012159,0.001446,0.101582,0.073075,-9.809202,0.030893,-0.063956,0.408879,1.571018,0.002764,27.000000,0.013045,18.254746,-0.205041,-0.226262,0.418879,0.125000,-0.010000,39,0,1,34,34,0.005832,-0.054123,1.350522,0.369902,-0.151748,9.146927,0.000221,0.002764,0.008426,7,1,0,0.000000,0,12.778493,0.000000,-0.164994,0,-0.252743,0.000000,-0.094216,12.778493,-0.252743,1,1,1,5.619674,0.000000,0.000000,0.000000,0.000000,0.000000,0.000000,0.000000
0.3001,18.221972,-0.221139,0.904840,0.418879,-0.159812,-0.108383,0,-0.252743,50,0.094208,0.075058,18.221972,-0.354372,12.674746,0.904840,18.220807,12.800338,0.904840,-0.221139,0.418879,0.012440,-0.486328,-44.428401,0.125592,-0.007000,0.001245,0.002051,-0.008240,0.001245,0.094208,0.075058,-9.809260,0.040202,-0.105561,0.411879,1.583603,0.002868,27.000000,0.013045,18.220807,-0.354372,-0.221660,0.418879,0.125000,-0.007000,44,0,1,34,34,-0.004806,-0.096467,1.318021,1.519851,-0.077798,10.182026,0.012807,0.002868,0.007691,7,1,0,0.000000,0,12.775537,0.000000,-0.159812,0,-0.252743,0.000000,-0.108383,12.775537,-0.252743,1,1,1,5.598122,0.000000,0.000000,0.000000,0.000000,0.000000,0.000000,0.000000
0.3101,18.202951,-0.210690,0.530070,1.151917,-0.136864,-0.188595,0,-0.252743,60,0.066038,0.076108,18.202951,-0.125245,12.680071,0.530070,18.202110,12.805547,0.530070,-0.210690,1.151917,0.012299,-0.486328,-44.428401,0.125476,0.000000,0.001534,0.001987,-0.001379,0.001534,0.066038,0.076108,-9.809482,0.234023,-0.199694,1.151917,1.599270,0.003304,27.000000,0.013045,18.202110,-0.125245,-0.212456,1.151917,0.125000,0.000000,49,0,1,34,34,0.127819,-0.259126,1.685302,5.026940,-1.507548,7.624207,0.028474,0.003304,0.004960,7,1,0,0.000000,0,12.773474,0.000000,-0.136864,0,-0.252743,0.000000,-0.188595,12.773474,-0.252743,1,1,1,5.586029,0.000000,0.000000,0.000000,0.000000,0.000000,0.000000,0.000000
0.3201,18.217623,-0.196925,-0.082189,1.361357,-0.103717,-0.249281,0,-0.252743,70,0.059031,0.069375,18.217623,0.123255,12.682228,-0.082189,18.217547,12.807286,-0.082189,-0.196925,1.361357,0.012155,-0.486328,-44.428401,0.125059,-0.001000,0.001831,0.002014,0.002321,0.001831,0.059031,0.069375,-9.809577,-0.177607,0.086445,1.360357,1.614772,0.004042,27.000000,0.013045,18.217547,0.123255,-0.199417,1.361357,0.125000,-0.001000,54,0,1,34,34,-0.109679,0.164080,1.310302,1.842639,1.034174,10.758064,0.043082,0.004120,0.004416,7,1,0,0.000000,0,12.771916,0.000000,-0.103717,0,-0.252743,0.000000,-0.249281,12.771916,-0.252743,1,1,1,5.585836,0.000000,0.000000,0.000000,0.000000,0.000000,0.000000,0.000000
0.3301,18.218388,-0.187507,-0.057110,0.942478,-0.087341,-0.224654,0,-0.252743,79,0.070621,0.074140,18.218388,0.012776,12.682719,-0.057110,18.218410,12.807720,-0.057110,-0.187507,0.942478,0.012440,-0.486328,-44.428401,0.125001,-0.023000,0.001244,0.001991,-0.000009,0.001244,0.070621,0.074140,-9.809466,-0.015365,0.070115,0.919478,1.624620,0.003673,27.000000,0.013045,18.218410,0.012776,-0.188679,0.942478,0.125000,-0.023000,59,0,1,34,34,0.016219,0.080644,0.861431,0.482870,1.259024,10.300059,0.053824,0.003673,0.005664,7,1,0,0.000000,0,12.770966,0.000000,-0.087341,0,-0.252743,0.000000,-0.224654,12.770966,-0.252743,1,1,1,5.585680,0.000000,0.000000,0.000000,0.000000,0.000000,0.000000,0.000000
0.3401,18.217023,-0.182649,-0.045366,0.418879,-0.089625,-0.188761,0,-0.252743,90,0.067320,0.072083,18.217023,-0.003560,12.683613,-0.045366,18.217067,12.808548,-0.045366,-0.182649,0.418879,0.012277,-0.486328,-44.428401,0.124935,-0.011000,0.001578,0.001992,0.000135,0.001578,0.067320,0.072083,-9.809504,0.130125,-0.084729,0.407879,1.630306,0.003805,27.000000,0.013045,18.217067,-0.003560,-0.183311,0.418879,0.125000,-0.011000,64,0,1,34,34,0.080332,-0.128424,0.364117,1.710001,-0.995561,8.612947,0.059510,0.003805,0.005414,6,1,0,0.000000,0,12.770451,0.000000,-0.089625,0,-0.252743,0.000000,-0.188761,12.770451,-0.252743,1,1,1,5.585499,0.000000,0.000000,0.000000,0.000000,0.000000,0.000000,0.000000
0.3501,18.218209,-0.181010,0.020870,0.000000,-0.079598,-0.159865,0,-0.252743,100,0.057751,0.073565,18.218209,0.007645,12.682736,0.020870,18.218122,12.808785,0.020870,-0.181010,0.000000,0.012443,-0.486328,-44.428401,0.126050,0.017000,0.001238,0.001998,0.000185,0.001238,0.057751,0.073565,-9.809554,-0.076829,0.004462,0.017000,1.632187,0.004007,27.000000,0.013045,18.218122,0.007645,-0.181010,0.000000,0.126000,0.017000,69,0,1,34,34,-0.067227,0.037927,0.037401,3.356202,0.024365,10.509642,0.061390,0.004007,0.004441,7,1,0,0.000000,0,12.770405,0.000000,-0.079598,0,-0.252743,0.000000,-0.159865,12.770405,-0.252743,1,1,1,5.585334,0.000000,0.000000,0.000000,0.000000,0.000000,0.000000,0.000000
0.3601,18.217411,-0.181010,-0.239949,0.000000,-0.069767,-0.143466,0,-0.252743,109,0.065226,0.076160,18.217411,-0.002513,12.682061,-0.239949,18.217739,12.807955,-0.239949,-0.181010,0.000000,0.012263,-0.486328,-44.428401,0.125893,0.026000,0.001607,0.001942,0.000258,0.001607,0.065226,0.076160,-9.809488,-0.099860,0.090725,0.026000,1.631356,0.003429,27.000000,0.013045,18.217739,-0.002513,-0.181010,0.000000,0.126000,0.026000,74,0,1,34,34,-0.050314,0.122553,-0.215468,1.068613,0.297351,9.984522,0.060560,0.003429,0.005143,7,1,0,0.000000,0,12.770157,0.000000,-0.069767,0,-0.252743,0.000000,-0.143466,12.770157,-0.252743,1,1,1,5.585164,0.000000,0.000000,0.000000,0.000000,0.000000,0.000000,0.000000
0.3701,18.216850,-0.181010,-0.456911,0.000000,-0.039427,-0.143466,0,-0.252743,119,0.076597,0.075821,18.216850,-0.001466,12.679810,-0.456911,18.217451,12.804556,-0.456911,-0.181010,0.000000,0.012372,-0.486328,-44.428401,0.124746,0.010000,0.001385,0.002010,0.000756,0.001385,0.076597,0.075821,-9.809408,-0.006989,0.114210,0.010000,1.627953,0.003363,27.000000,0.013045,18.217451,-0.001466,-0.181010,0.000000,0.125000,0.010000,79,0,1,34,34,0.043564,0.100270,-0.448186,0.336732,-0.880461,10.077485,0.057157,0.003363,0.006289,6,1,0,0.000000,0,12.769773,0.000000,-0.039427,0,-0.252743,0.000000,-0.143466,12.769773,-0.252743,1,1,1,5.585007,0.000000,0.000000,0.000000,0.000000,0.000000,0.000000,0.000000
0.3801,18.216226,-0.183667,-0.353176,-0.209440,-0.038876,-0.111576,0,-0.252743,129,0.079597,0.067839,18.216226,-0.007645,12.677249,-0.353176,18.216780,12.801952,-0.353176,-0.183667,-0.209440,0.012217,-0.486328,-44.428401,0.124703,-0.012000,0.001702,0.002142,0.000747,0.001702,0.079597,0.067839,-9.809443,0.041636,0.053348,-0.221440,1.622684,0.003936,27.000000,0.013045,18.216780,-0.007645,-0.183311,-0.209440,0.125000,-0.012000,84,0,1,34,34,0.060685,0.022925,-0.574939,1.125406,0.328189,9.812601,0.051888,0.003936,0.006715,7,1,0,0.000000,0,12.769726,0.000000,-0.038876,0,-0.252743,0.000000,-0.111576,12.769726,-0.252743,1,1,1,5.584847,0.000000,0.000000,0.000000,0.000000,0.000000,0.000000,0.000000
0.3901,18.217042,-0.188781,-0.104496,-0.628319,-0.048945,-0.076787,0,-0.252743,139,0.082853,0.066857,18.217042,0.005550,12.675746,-0.104496,18.217163,12.800660,-0.104496,-0.188781,-0.628319,0.012373,-0.486328,-44.428401,0.124914,-0.016000,0.001382,0.001992,0.000608,0.001382,0.082853,0.066857,-9.809422,-0.032615,0.055632,-0.644319,1.616276,0.004094,27.000000,0.013045,18.217163,0.005550,-0.187912,-0.628319,0.125000,-0.016000,89,0,1,34,34,-0.005573,0.054977,-0.749552,0.571470,-0.051524,9.559594,0.045479,0.004094,0.007017,6,1,0,0.000000,0,12.769726,0.000000,-0.048945,0,-0.252743,0.000000,-0.076787,12.769726,-0.252743,1,1,1,5.584703,0.000000,0.000000,0.000000,0.000000,0.000000,0.000000,0.000000
0.4001,18.217218,-0.194948,-0.070165,-0.733038,-0.042884,-0.053917,0,-0.252743,149,0.090877,0.065406,18.217218,0.000419,12.674191,-0.070165,18.217355,12.799078,-0.070165,-0.194948,-0.733038,0.012448,-0.486328,-44.428401,0.124887,0.000000,0.001227,0.002000,0.000298,0.001227,0.090877,0.065406,-9.809361,-0.027872,0.106779,-0.733038,1.608522,0.004112,27.000000,0.013045,18.217355,0.000419,-0.194048,-0.733038,0.125000,0.000000,94,0,1,34,34,0.019981,0.098526,-0.804492,0.301474,0.673980,9.652843,0.037725,0.004112,0.007797,7,1,0,0.000000,0,12.769726,0.000000,-0.042884,0,-0.252743,0.000000,-0.053917,12.769726,-0.252743,1,1,1,5.584565,0.000000,0.000000,0.000000,0.000000,0.000000,0.000000,0.000000
0.4101,18.216881,-0.200209,-0.085950,-0.733038,-0.027232,-0.052458,0,-0.252743,159,0.098159,0.061182,18.216881,-0.003560,12.671470,-0.085950,18.217067,12.796455,-0.085950,-0.200209,-0.733038,0.012520,-0.486328,-44.428401,0.124985,0.017000,0.001080,0.001993,0.000560,0.001080,0.098159,0.061182,-9.809318,-0.007322,0.073819,-0.716038,1.600630,0.004417,27.000000,0.013045,18.217067,-0.003560,-0.199417,-0.733038,0.125000,0.017000,99,0,1,34,34,0.024291,0.060046,-0.802803,-0.328567,0.650275,9.996730,0.029834,0.004417,0.008566,6,1,0,0.000000,0,12.769726,0.000000,-0.027232,0,-0.252743,0.000000,-0.052458,12.769726,-0.252743,1,1,1,5.584434,0.000000,0.000000,0.000000,0.000000,0.000000,0.000000,0.000000
0.4201,18.215014,-0.204910,-0.242534,-0.523599,-0.012005,-0.048652,0,-0.252743,169,0.102393,0.059899,18.215014,-0.014765,12.667962,-0.242534,18.215438,12.792871,-0.242534,-0.204910,-0.523599,0.012217,-0.486328,-44.428401,0.124910,0.016000,0.001702,0.002002,0.000094,0.001702,0.102393,0.059899,-9.809283,-0.046303,-0.009552,-0.507599,1.592345,0.004115,27.000000,0.013045,18.215438,-0.014765,-0.204019,-0.523599,0.125000,0.016000,104,0,1,34,34,-0.046074,0.001438,-0.750207,-0.501386,0.304991,9.294507,0.021549,0.004115,0.008977,7,1,0,0.000000,0,12.769597,0.000000,-0.012005,0,-0.252743,0.000000,-0.048652,12.769597,-0.252743,1,1,1,5.584299,0.000000,0.000000,0.000000,0.000000,0.000000,0.000000,0.000000
0.4301,18.213650,-0.210357,-0.107452,-0.628319,-0.030322,-0.030305,0,-0.252743,179,0.102196,0.068591,18.213650,-0.012776,12.666129,-0.107452,18.213808,12.791099,-0.107452,-0.210357,-0.628319,0.012295,-0.486328,-44.428401,0.124970,0.002000,0.001542,0.001998,0.000257,0.001542,0.102196,0.068591,-9.809228,-0.069639,-0.050952,-0.626319,1.585136,0.003282,27.000000,0.013045,18.213808,-0.012776,-0.209388,-0.628319,0.125000,0.002000,109,0,1,34,34,-0.084463,-0.026680,-0.733498,0.121312,0.139944,9.522944,0.014340,0.003282,0.008728,7,1,0,0.000000,0,12.769176,0.000000,-0.030322,0,-0.252743,0.000000,-0.030305,12.769176,-0.252743,1,1,1,5.584177,0.000000,0.000000,0.000000,0.000000,0.000000,0.000000,0.000000
0.4401,18.213965,-0.214476,-0.288213,-0.418879,-0.009279,-0.035347,0,-0.252743,190,0.104000,0.077349,18.213965,0.002513,12.663273,-0.288213,18.214190,12.788086,-0.288213,-0.214476,-0.418879,0.012481,-0.486328,-44.428401,0.124813,-0.011000,0.001159,0.002066,0.000201,0.001159,0.104000,0.077349,-9.809144,-0.046993,-0.007777,-0.429879,1.578013,0.002520,27.000000,0.013045,18.214190,0.002513,-0.213990,-0.418879,0.125000,-0.011000,114,0,1,34,34,-0.046066,0.003149,-0.718187,-0.017102,-0.569702,10.453624,0.007217,0.002520,0.008680,6,1,0,0.000000,0,12.769044,0.000000,-0.009279,0,-0.252743,0.000000,-0.035347,12.769044,-0.252743,1,1,1,5.584063,0.000000,0.000000,0.000000,0.000000,0.000000,0.000000,0.000000
0.4501,18.214093,-0.218369,-0.256808,-0.314159,-0.004257,-0.029810,0,-0.252743,200,0.104539,0.077523,18.214093,0.004503,12.660444,-0.256808,18.214575,12.785268,-0.256808,-0.218369,-0.314159,0.012203,-0.486328,-44.428401,0.124823,-0.011000,0.001732,0.001999,0.000535,0.001732,0.104539,0.077523,-9.809137,0.019920,-0.000445,-0.325159,1.571304,0.002179,27.000000,0.013045,18.214575,0.004503,-0.217825,-0.314159,0.125000,-0.011000,119,0,1,34,34,0.018032,-0.015577,-0.581820,-0.219860,-0.363354,9.996185,0.000507,0.002179,0.008691,6,1,0,0.000000,0,12.769045,0.000000,-0.004257,0,-0.252743,0.000000,-0.029810,12.769045,-0.252743,1,1,1,5.583953,0.000000,0.000000,0.000000,0.000000,0.000000,0.000000,0.000000
0.4601,18.213355,-0.219678,-0.282464,-0.209440,0.015866,-0.053044,0,-0.252743,209,0.101706,0.078732,18.213355,-0.007645,12.656379,-0.282464,18.213808,12.781242,-0.282464,-0.219678,-0.209440,0.012305,-0.486328,-44.428401,0.124863,-0.001000,0.001522,0.001997,0.000626,0.001522,0.101706,0.078732,-9.809157,0.041210,-0.016802,-0.210440,1.565970,0.002212,27.000000,0.013045,18.213808,-0.007645,-0.219359,-0.209440,0.125000,-0.001000,124,0,1,34,34,0.030889,-0.038101,-0.492472,0.153560,-0.732652,9.715175,-0.004826,0.002212,0.008370,6,1,0,0.000000,0,12.769045,0.000000,0.015866,0,-0.252743,0.000000,-0.053044,12.769045,-0.252743,1,1,1,5.583862,0.000000,0.000000,0.000000,0.000000,0.000000,0.000000,0.000000
0.4701,18.214198,-0.220126,-0.410006,0.000000,0.020297,-0.060751,0,-0.252743,218,0.097490,0.077954,18.214198,0.007645,12.652748,-0.410006,18.214671,12.777517,-0.410006,-0.220126,0.000000,0.012479,-0.486328,-44.428401,0.124770,0.009000,0.001164,0.001994,0.000677,0.001164,0.097490,0.077954,-9.809206,0.038678,-0.011112,0.009000,1.561797,0.002554,27.000000,0.013045,18.214671,0.007645,-0.220126,0.000000,0.125000,0.009000,129,0,1,34,34,0.030909,-0.030772,-0.400654,0.408259,0.375023,9.860457,-0.009000,0.002554,0.007963,6,1,0,0.000000,0,12.769045,0.000000,0.020297,0,-0.252743,0.000000,-0.060751,12.769045,-0.252743,1,1,1,5.583782,0.000000,0.000000,0.000000,0.000000,0.000000,0.000000,0.000000
0.4801,18.214728,-0.220126,-0.378016,0.000000,0.031887,-0.065233,0,-0.252743,228,0.092657,0.072697,18.214728,0.010681,12.648690,-0.378016,18.215438,12.773448,-0.378016,-0.220126,0.000000,0.012150,-0.486328,-44.428401,0.124758,0.009000,0.001840,0.002002,0.000785,0.001840,0.092657,0.072697,-9.809293,0.033208,-0.014591,0.009000,1.557726,0.002855,27.000000,0.013045,18.215438,0.010681,-0.220126,0.000000,0.125000,0.009000,134,0,1,34,34,0.028779,-0.026930,-0.368611,0.599555,0.318344,9.812160,-0.012813,0.002842,0.007622,6,1,0,0.000000,0,12.769045,0.000000,0.031887,0,-0.252743,0.000000,-0.065233,12.769045,-0.252743,1,1,1,5.583713,0.000000,0.000000,0.000000,0.000000,0.000000,0.000000,0.000000
0.4901,18.219228,-0.219359,-0.351621,0.000000,0.041468,-0.074437,0,-0.252743,238,0.090714,0.073898,18.219228,0.040317,12.644340,-0.351621,18.219752,12.769129,-0.351621,-0.219359,0.000000,0.012333,-0.486328,-44.428401,0.124789,0.000000,0.001465,0.002007,0.000758,0.001465,0.090714,0.073898,-9.809302,0.007773,-0.009932,0.000000,1.554174,0.002968,27.000000,0.013045,18.219752,0.040317,-0.219359,0.000000,0.125000,0.000000,139,0,1,34,34,0.003158,-0.016545,-0.351443,0.522810,0.187616,9.552395,-0.016623,0.002968,0.007386,6,1,0,0.000000,0,12.768915,0.000000,0.041468,0,-0.252743,0.000000,-0.074437,12.768915,-0.252743,1,1,1,5.583672,0.000000,0.000000,0.000000,0.000000,0.000000,0.000000,0.000000
0.5001,18.225529,-0.219359,-0.328154,0.000000,0.034523,-0.066767,0,-0.252743,248,0.089799,0.075207,18.225529,0.066916,12.641009,-0.328154,18.225984,12.765796,-0.328154,-0.219359,0.000000,0.012374,-0.486328,-44.428401,0.124787,-0.008000,0.001380,0.001982,0.000655,0.001380,0.089799,0.075207,-9.809301,-0.026893,0.000277,-0.008000,1.550842,0.002899,27.000000,0.013045,18.225984,0.066916,-0.219359,0.000000,0.125000,-0.008000,144,0,1,34,34,-0.024612,0.006683,-0.336262,0.656248,0.302550,9.544066,-0.019954,0.002899,0.007266,6,1,0,0.000000,0,12.768495,0.000000,0.034523,0,-0.252743,0.000000,-0.066767,12.768495,-0.252743,1,1,1,5.583659,0.000000,0.000000,0.000000,0.000000,0.000000,0.000000,0.000000
0.5101,18.233447,-0.220126,-0.357365,0.000000,0.038219,-0.057563,0,-0.252743,2,0.092343,0.074413,18.233447,0.089431,12.638159,-0.357365,18.234037,12.762929,-0.357365,-0.220126,0.000000,0.012148,-0.486328,-44.428401,0.124771,-0.006000,0.001845,0.001983,0.003301,0.001845,0.092343,0.074413,-9.809283,-0.029501,0.023278,-0.006000,1.547209,0.002689,27.000000,0.013045,18.234037,0.089431,-0.220126,0.000000,0.125000,-0.006000,149,0,1,34,34,-0.007553,0.017700,-0.357454,-0.019392,-0.314729,9.939381,-0.023369,0.002703,0.007513,7,1,0,0.000000,0,12.768363,0.000000,0.038219,0,-0.252743,0.000000,-0.057563,12.768363,-0.252743,1,1,1,5.583681,0.000000,0.000000,0.000000,0.000000,0.000000,0.000000,0.000000
0.5201,18.246383,-0.220893,-0.395426,0.000000,0.045522,-0.056029,0,-0.252743,12,0.096139,0.075254,18.246383,0.138544,12.635279,-0.395426,18.246980,12.760042,-0.395426,-0.220893,0.000000,0.012299,-0.486328,-44.428401,0.124762,0.000000,0.001534,0.001994,0.004091,0.001534,0.096139,0.075254,-9.809240,-0.002199,0.030950,0.000000,1.543553,0.002667,27.000000,0.013045,18.246980,0.138544,-0.220893,0.000000,0.125000,0.000000,154,0,1,34,34,0.009505,0.024670,-0.395759,-0.078579,0.211148,9.944627,-0.027244,0.002667,0.007881,6,1,0,0.000000,0,12.768363,0.000000,0.045522,0,-0.252743,0.000000,-0.056029,12.768363,-0.252743,1,1,1,5.583747,0.000000,0.000000,0.000000,0.000000,0.000000,0.000000,0.000000
0.5301,18.263315,-0.221788,-0.292469,-0.104720,0.049179,-0.052958,0,-0.252743,21,0.099037,0.076009,18.263315,0.166190,12.632360,-0.292469,18.263662,12.757200,-0.292469,-0.221788,-0.104720,0.012450,-0.486328,-44.428401,0.124840,0.008000,0.001224,0.001998,0.004293,0.001224,0.099037,0.076009,-9.809206,-0.011270,0.020301,-0.096720,1.539815,0.002670,27.000000,0.013045,18.263662,0.166190,-0.221660,-0.104720,0.125000,0.008000,159,0,1,34,34,-0.003294,0.018138,-0.389445,-0.576151,0.024236,9.569180,-0.030981,0.002670,0.008144,6,1,0,0.000000,0,12.768233,0.000000,0.049179,0,-0.252743,0.000000,-0.052958,12.768233,-0.252743,1,1,1,5.583872,0.000000,0.000000,0.000000,0.000000,0.000000,0.000000,0.000000
0.5401,18.276721,-0.224491,-0.119554,-0.314159,0.032691,-0.029473,0,-0.252743,28,0.103285,0.075298,18.276721,0.133413,12.630831,-0.119554,18.276893,12.755741,-0.119554,-0.224491,-0.314159,0.012224,-0.486328,-44.428401,0.124910,0.009000,0.001688,0.003941,0.005542,0.001688,0.103285,0.075298,-9.809167,-0.056282,0.038890,-0.305159,1.535653,0.002397,27.000000,0.013045,18.276893,0.133413,-0.223961,-0.314159,0.125000,0.009000,164,0,1,34,34,-0.039627,0.050570,-0.425363,-0.576700,0.205560,9.599711,-0.035143,0.002397,0.008556,7,1,0,0.000000,0,12.767659,0.000000,0.032691,0,-0.252743,0.000000,-0.029473,12.767659,-0.252743,1,1,1,5.585719,0.000000,0.000000,0.000000,0.000000,0.000000,0.000000,0.000000
0.5501,18.278274,-0.228677,0.049162,-0.523599,0.021562,-0.006278,0,-0.252743,38,0.110727,0.077854,18.278274,0.009634,12.630310,0.049162,18.278235,12.755361,0.049162,-0.228677,-0.523599,0.012227,-0.486328,-44.428401,0.125050,0.002000,0.001682,0.001877,-0.000534,0.001682,0.110727,0.077854,-9.809066,-0.036922,0.011043,-0.521599,1.531089,0.001938,27.000000,0.013045,18.278235,0.009634,-0.227796,-0.523599,0.125000,0.002000,169,0,1,34,34,-0.031067,0.017027,-0.472680,-0.869397,-0.611372,9.916706,-0.039707,0.001938,0.009194,6,1,0,0.000000,0,12.767089,0.000000,0.021562,0,-0.252743,0.000000,-0.006278,12.767089,-0.252743,1,1,1,5.587375,0.000000,0.000000,0.000000,0.000000,0.000000,0.000000,0.000000
0.5601,18.276044,-0.233040,0.184972,-0.523599,0.017100,0.004229,0,-0.252743,49,0.112798,0.081437,18.276044,-0.016860,12.630719,0.184972,18.275838,12.755802,0.184972,-0.233040,-0.523599,0.012449,-0.486328,-44.428401,0.125083,0.000000,0.001226,0.001987,-0.000304,0.001226,0.112798,0.081437,-9.809013,-0.001738,-0.004829,-0.523599,1.527170,0.001715,27.000000,0.013045,18.275838,-0.016860,-0.232398,-0.523599,0.125000,0.000000,174,0,1,34,34,-0.003251,-0.008186,-0.338551,-0.516115,-0.392435,10.014841,-0.043626,0.001715,0.009270,7,1,0,0.000000,0,12.767001,0.000000,0.017100,0,-0.252743,0.000000,0.004229,12.767001,-0.252743,1,1,1,5.587564,0.000000,0.000000,0.000000,0.000000,0.000000,0.000000,0.000000
0.5701,18.276203,-0.236173,0.294333,-0.418879,0.011491,-0.001815,0,-0.252743,58,0.110054,0.080561,18.276203,0.000419,12.631463,0.294333,18.275742,12.756710,0.294333,-0.236173,-0.418879,0.012225,-0.486328,-44.428401,0.125248,0.001000,0.001687,0.001991,-0.000294,0.001687,0.110054,0.080561,-9.809052,0.008430,-0.020729,-0.417879,1.524948,0.001615,27.000000,0.013045,18.275742,0.000419,-0.235466,-0.418879,0.125000,0.001000,179,0,1,34,34,0.001098,-0.023859,-0.123263,-0.240156,-0.348736,9.584790,-0.045849,0.001615,0.008986,6,1,0,0.000000,0,12.767001,0.000000,0.011491,0,-0.252743,0.000000,-0.001815,12.767001,-0.252743,1,1,1,5.587762,0.000000,0.000000,0.000000,0.000000,0.000000,0.000000,0.000000
0.5801,18.275832,-0.237000,0.033856,0.000000,0.014058,-0.023212,0,-0.252743,65,0.109292,0.080386,18.275832,0.001466,12.632227,0.033856,18.275359,12.757254,0.033856,-0.237000,0.000000,0.012371,-0.486328,-44.428401,0.125027,0.001000,0.003385,0.001947,-0.000458,0.003385,0.109292,0.080386,-9.809062,0.042265,0.011871,0.001000,1.524662,0.001790,27.000000,0.013045,18.275359,0.001466,-0.237000,0.000000,0.125000,0.001000,184,0,1,34,34,0.043814,-0.002328,0.034888,-0.458351,-0.695441,9.772573,-0.046134,0.001790,0.008906,7,1,0,0.000000,0,12.767001,0.000000,0.014058,0,-0.252743,0.000000,-0.023212,12.767001,-0.252743,1,1,1,5.587941,0.000000,0.000000,0.000000,0.000000,0.000000,0.000000,0.000000
0.5901,18.275614,-0.236233,0.167947,0.000000,0.012876,-0.040689,0,-0.252743,75,0.105528,0.073706,18.275614,-0.000419,12.632594,0.167947,18.275359,12.757672,0.167947,-0.236233,0.000000,0.012268,-0.486328,-44.428401,0.125078,-0.010000,0.001598,0.002097,-0.000320,0.001598,0.105528,0.073706,-9.809155,0.071976,-0.008105,-0.010000,1.525841,0.002445,27.000000,0.013045,18.275359,-0.000419,-0.236233,0.000000,0.125000,-0.010000,189,0,1,34,34,0.065225,-0.029555,0.158321,-0.165682,0.695933,10.179132,-0.044955,0.002445,0.008700,6,1,0,0.000000,0,12.766867,0.000000,0.012876,0,-0.252743,0.000000,-0.040689,12.766867,-0.252743,1,1,1,5.588130,0.000000,0.000000,0.000000,0.000000,0.000000,0.000000,0.000000
0.6001,18.275492,-0.235466,0.225301,0.000000,-0.002205,-0.042223,0,-0.252743,86,0.101232,0.072368,18.275492,-0.001466,12.633647,0.225301,18.275167,12.758765,0.225301,-0.235466,0.000000,0.012334,-0.486328,-44.428401,0.125118,-0.008000,0.001462,0.001992,-0.000339,0.001462,0.101232,0.072368,-9.809211,0.026499,-0.039445,-0.008000,1.527701,0.002752,27.000000,0.013045,18.275167,-0.001466,-0.235466,0.000000,0.125000,-0.008000,194,0,1,34,34,0.011892,-0.043323,0.217852,0.044786,0.149465,9.522990,-0.043096,0.002752,0.008314,6,1,0,0.000000,0,12.766244,0.000000,-0.002205,0,-0.252743,0.000000,-0.042223,12.766244,-0.252743,1,1,1,5.588306,0.000000,0.000000,0.000000,0.000000,0.000000,0.000000,0.000000
0.6101,18.275576,-0.233932,0.256037,0.000000,-0.002507,-0.052961,0,-0.252743,96,0.097716,0.073467,18.275576,-0.001466,12.634524,0.256037,18.275167,12.759681,0.256037,-0.233932,0.000000,0.012252,-0.486328,-44.428401,0.125158,0.002000,0.001631,0.001992,-0.000600,0.001631,0.097716,0.073467,-9.809238,-0.020894,-0.046084,0.002000,1.530153,0.002657,27.000000,0.013045,18.275167,-0.001466,-0.233932,0.000000,0.125000,0.002000,199,0,1,34,34,-0.035068,-0.033312,0.258465,0.561613,0.185163,9.753375,-0.040643,0.002657,0.007954,6,1,0,0.000000,0,12.765705,0.000000,-0.002507,0,-0.252743,0.000000,-0.052961,12.765705,-0.252743,1,1,1,5.588487,0.000000,0.000000,0.000000,0.000000,0.000000,0.000000,0.000000
0.6201,18.275256,-0.231487,0.157637,0.104720,0.011677,-0.066961,0,-0.252743,105,0.096674,0.076696,18.275256,-0.003560,12.634740,0.157637,18.274975,12.759862,0.157637,-0.231487,0.104720,0.012376,-0.486328,-44.428401,0.125122,0.009000,0.001375,0.002144,-0.000573,0.001375,0.096674,0.076696,-9.809224,-0.009769,-0.019857,0.113720,1.532782,0.002505,27.000000,0.013045,18.274975,-0.003560,-0.231631,0.104720,0.125000,0.009000,3,0,1,34,34,-0.015875,-0.012058,0.271527,0.113015,0.030752,9.847236,-0.038015,0.002505,0.007798,7,1,0,0.000000,0,12.765855,0.000000,0.011677,0,-0.252743,0.000000,-0.066961,12.765855,-0.252743,1,1,1,5.588656,0.000000,0.000000,0.000000,0.000000,0.000000,0.000000,0.000000
0.6301,18.274406,-0.229742,0.022706,0.209440,0.006737,-0.063452,0,-0.252743,115,0.094966,0.076801,18.274406,-0.004503,12.635650,0.022706,18.274304,12.760696,0.022706,-0.229742,0.209440,0.012221,-0.486328,-44.428401,0.125046,0.005000,0.001695,0.001942,-0.000495,0.001695,0.094966,0.076801,-9.809240,-0.000560,-0.020132,0.214440,1.535362,0.002392,27.000000,0.013045,18.274304,-0.004503,-0.230097,0.209440,0.125000,0.005000,8,0,1,34,34,-0.007343,-0.015854,0.237356,0.266032,-0.016387,9.799008,-0.035434,0.002392,0.007643,7,1,0,0.000000,0,12.766252,0.000000,0.006737,0,-0.252743,0.000000,-0.063452,12.766252,-0.252743,1,1,1,5.588829,0.000000,0.000000,0.000000,0.000000,0.000000,0.000000,0.000000
0.6401,18.275075,-0.229330,0.207937,0.000000,-0.011175,-0.050945,0,-0.252743,126,0.093259,0.079827,18.275075,0.005550,12.637345,0.207937,18.274784,12.762464,0.207937,-0.229330,0.000000,0.012365,-0.486328,-44.428401,0.125119,-0.003000,0.001399,0.001991,-0.000043,0.001399,0.093259,0.079827,-9.809232,-0.011987,-0.032529,-0.003000,1.537544,0.002279,27.000000,0.013045,18.274784,0.005550,-0.229330,0.000000,0.125000,-0.003000,13,0,1,34,34,-0.022286,-0.024019,0.205250,0.753239,-0.042454,9.607656,-0.033253,0.002279,0.007408,6,1,0,0.000000,0,12.766162,0.000000,-0.011175,0,-0.252743,0.000000,-0.050945,12.766162,-0.252743,1,1,1,5.588991,0.000000,0.000000,0.000000,0.000000,0.000000,0.000000,0.000000
0.6501,18.275599,-0.227029,0.226623,0.000000,0.003541,-0.074437,0,-0.252743,135,0.091601,0.077688,18.275599,0.002513,12.637228,0.226623,18.275167,12.762366,0.226623,-0.227029,0.000000,0.012119,-0.486328,-44.428401,0.125138,-0.008000,0.001904,0.001952,-0.000421,0.001904,0.091601,0.077688,-9.809265,-0.000153,0.010114,-0.008000,1.539747,0.002301,27.000000,0.013045,18.275167,0.002513,-0.227029,0.000000,0.125000,-0.008000,18,0,1,34,34,0.003295,0.012212,0.218491,0.498267,-0.489866,10.205931,-0.031049,0.002301,0.007316,7,1,0,0.000000,0,12.765743,0.000000,0.003541,0,-0.252743,0.000000,-0.074437,12.765743,-0.252743,1,1,1,5.589160,0.000000,0.000000,0.000000,0.000000,0.000000,0.000000,0.000000
0.6601,18.275339,-0.226262,0.180411,0.000000,-0.008939,-0.060631,0,-0.252743,145,0.093266,0.077239,18.275339,0.000419,12.638451,0.180411,18.275071,12.763569,0.180411,-0.226262,0.000000,0.012341,-0.486328,-44.428401,0.125118,-0.004000,0.001447,0.001927,-0.000409,0.001447,0.093266,0.077239,-9.809253,0.021688,0.037423,-0.004000,1.541714,0.002535,27.000000,0.013045,18.275071,0.000419,-0.226262,0.000000,0.125000,-0.004000,23,0,1,34,34,0.033148,0.029961,0.176055,0.207645,0.383535,9.936975,-0.029082,0.002535,0.007499,7,1,0,0.000000,0,12.765638,0.000000,-0.008939,0,-0.252743,0.000000,-0.060631,12.765638,-0.252743,1,1,1,5.589313,0.000000,0.000000,0.000000,0.000000,0.000000,0.000000,0.000000
0.6701,18.274842,-0.226262,0.138179,0.000000,-0.013057,-0.052961,0,-0.252743,156,0.092054,0.073535,18.274842,-0.001466,12.639917,0.138179,18.274592,12.765002,0.138179,-0.226262,0.000000,0.012149,-0.486328,-44.428401,0.125085,0.001000,0.001843,0.001992,-0.000264,0.001843,0.092054,0.073535,-9.809292,0.025211,-0.003483,0.001000,1.543145,0.002738,27.000000,0.013045,18.274592,-0.001466,-0.226262,0.000000,0.125000,0.001000,28,0,1,34,34,0.022507,-0.010190,0.139313,0.371042,-0.081497,9.654867,-0.027651,0.002738,0.007463,6,1,0,0.000000,0,12.765638,0.000000,-0.013057,0,-0.252743,0.000000,-0.052961,12.765638,-0.252743,1,1,1,5.589473,0.000000,0.000000,0.000000,0.000000,0.000000,0.000000,0.000000
0.6801,18.275169,-0.225495,0.138940,0.000000,-0.007499,-0.062165,0,-0.252743,166,0.092957,0.074507,18.275169,0.002513,12.640499,0.138940,18.274975,12.765603,0.138940,-0.225495,0.000000,0.012371,-0.486328,-44.428401,0.125103,0.003000,0.001386,0.001944,-0.000177,0.001386,0.092957,0.074507,-9.809277,-0.022354,0.008565,0.003000,1.544512,0.002849,27.000000,0.013045,18.274975,0.002513,-0.225495,0.000000,0.125000,0.003000,33,0,1,34,34,-0.018079,0.017446,0.141735,0.217172,0.129491,9.599464,-0.026284,0.002849,0.007538,7,1,0,0.000000,0,12.765508,0.000000,-0.007499,0,-0.252743,0.000000,-0.062165,12.765508,-0.252743,1,1,1,5.589618,0.000000,0.000000,0.000000,0.000000,0.000000,0.000000,0.000000
0.6901,18.274152,-0.225495,0.130973,0.000000,-0.022693,-0.054495,0,-0.252743,175,0.093653,0.073142,18.274152,-0.008692,12.641979,0.130973,18.273921,12.767058,0.130973,-0.225495,0.000000,0.012203,-0.486328,-44.428401,0.125078,0.000000,0.001732,0.001987,-0.000679,0.001732,0.093653,0.073142,-9.809280,-0.014054,-0.001743,0.000000,1.545967,0.002800,27.000000,0.013045,18.273921,-0.008692,-0.225495,0.000000,0.125000,0.000000,38,0,1,34,34,-0.013800,0.004778,0.130925,-0.096909,0.019309,9.990540,-0.024830,0.002800,0.007638,6,1,0,0.000000,0,12.765088,0.000000,-0.022693,0,-0.252743,0.000000,-0.054495,12.765088,-0.252743,1,1,1,5.589767,0.000000,0.000000,0.000000,0.000000,0.000000,0.000000,0.000000
0.7001,18.271345,-0.225495,0.084725,0.000000,-0.016638,-0.054495,0,-0.252743,186,0.094486,0.077715,18.271345,-0.028065,12.642931,0.084725,18.271236,12.767985,0.084725,-0.225495,0.000000,0.012414,-0.486328,-44.428401,0.125053,-0.003000,0.001298,0.002008,-0.001325,0.001298,0.094486,0.077715,-9.809237,-0.007526,-0.007161,-0.003000,1.546897,0.002538,27.000000,0.013045,18.271236,-0.028065,-0.225495,0.000000,0.125000,-0.003000,43,0,1,34,34,-0.009537,-0.003105,0.081770,0.210720,-0.392751,10.072733,-0.023900,0.002538,0.007617,7,1,0,0.000000,0,12.764957,0.000000,-0.016638,0,-0.252743,0.000000,-0.054495,12.764957,-0.252743,1,1,1,5.589898,0.000000,0.000000,0.000000,0.000000,0.000000,0.000000,0.000000
0.7101,18.267138,-0.225495,0.070800,0.000000,-0.015381,-0.054495,0,-0.252743,196,0.095098,0.078478,18.267138,-0.045448,12.643728,0.070800,18.267018,12.768762,0.070800,-0.225495,0.000000,0.012285,-0.486328,-44.428401,0.125034,-0.004000,0.001562,0.001996,-0.000719,0.001562,0.095098,0.078478,-9.809225,-0.005640,-0.006075,-0.004000,1.547675,0.002320,27.000000,0.013045,18.267018,-0.045448,-0.225495,0.000000,0.125000,-0.004000,48,0,1,34,34,-0.007407,-0.002901,0.066840,0.341999,-0.174068,9.405087,-0.023121,0.002320,0.007660,6,1,0,0.000000,0,12.764957,0.000000,-0.015381,0,-0.252743,0.000000,-0.054495,12.764957,-0.252743,1,1,1,5.590021,0.000000,0.000000,0.000000,0.000000,0.000000,0.000000,0.000000
0.7201,18.262041,-0.225495,0.061804,0.000000,-0.015629,-0.054495,0,-0.252743,205,0.094200,0.076562,18.262041,-0.060842,12.644391,0.061804,18.261936,12.769430,0.061804,-0.225495,0.000000,0.012197,-0.486328,-44.428401,0.125039,0.001000,0.001743,0.001986,-0.000123,0.001743,0.094200,0.076562,-9.809249,0.006509,0.010083,0.001000,1.548342,0.002443,27.000000,0.013045,18.261936,-0.060842,-0.225495,0.000000,0.125000,0.001000,53,0,1,34,34,0.009658,0.007890,0.062713,0.163184,-0.441058,10.110498,-0.022454,0.002443,0.007614,6,1,0,0.000000,0,12.764957,0.000000,-0.015629,0,-0.252743,0.000000,-0.054495,12.764957,-0.252743,1,1,1,5.590124,0.000000,0.000000,0.000000,0.000000,0.000000,0.000000,0.000000
0.7301,18.254931,-0.225495,0.062983,0.000000,-0.016608,-0.054495,0,-0.252743,217,0.093591,0.076237,18.254931,-0.064926,12.645023,0.062983,18.254842,12.770068,0.062983,-0.225495,0.000000,0.012359,-0.486328,-44.428401,0.125046,0.004000,0.001410,0.001986,-0.002141,0.001410,0.093591,0.076237,-9.809257,0.023936,0.012241,0.004000,1.548979,0.002651,27.000000,0.013045,18.254842,-0.064926,-0.225495,0.000000,0.125000,0.004000,58,0,1,34,34,0.026740,0.003608,0.066943,0.665660,0.595087,9.862837,-0.021817,0.002651,0.007561,6,1,0,0.000000,0,12.764957,0.000000,-0.016608,0,-0.252743,0.000000,-0.054495,12.764957,-0.252743,1,1,1,5.590201,0.000000,0.000000,0.000000,0.000000,0.000000,0.000000,0.000000
0.7401,18.250436,-0.224728,0.050231,0.000000,-0.008214,-0.063699,0,-0.252743,225,0.092534,0.072879,18.250436,-0.048485,12.644856,0.050231,18.250336,12.769901,0.050231,-0.224728,0.000000,0.012166,-0.486328,-44.428401,0.125045,0.004000,0.001808,0.002011,-0.001459,0.001808,0.092534,0.072879,-9.809293,0.015022,0.011523,0.004000,1.549577,0.002821,27.000000,0.013045,18.250336,-0.048485,-0.224728,0.000000,0.125000,0.004000,63,0,1,34,34,0.018196,0.005891,0.054163,-0.117357,-0.050127,9.415604,-0.021219,0.002821,0.007540,7,1,0,0.000000,0,12.764957,0.000000,-0.008214,0,-0.252743,0.000000,-0.063699,12.764957,-0.252743,1,1,1,5.590263,0.000000,0.000000,0.000000,0.000000,0.000000,0.000000,0.000000
0.7501,18.248263,-0.223961,0.022370,0.000000,-0.004737,-0.065233,0,-0.252743,233,0.092615,0.073819,18.248263,-0.027018,12.644456,0.022370,18.248226,12.769472,0.022370,-0.223961,0.000000,0.012321,-0.486328,-44.428401,0.125015,0.000000,0.001489,0.001934,-0.000434,0.001489,0.092615,0.073819,-9.809285,-0.017420,0.006391,0.000000,1.549915,0.002887,27.000000,0.013045,18.248226,-0.027018,-0.223961,0.000000,0.125000,0.000000,68,0,1,34,34,-0.013840,0.012635,0.022216,0.256828,-0.036812,9.904072,-0.020882,0.002887,0.007534,7,1,0,0.000000,0,12.764957,0.000000,-0.004737,0,-0.252743,0.000000,-0.065233,12.764957,-0.252743,1,1,1,5.590308,0.000000,0.000000,0.000000,0.000000,0.000000,0.000000,0.000000
0.7601,18.247250,-0.223961,-0.010682,0.000000,-0.009003,-0.057563,0,-0.252743,240,0.091284,0.073021,18.247250,-0.014765,12.644485,-0.010682,18.247268,12.769469,-0.010682,-0.223961,0.000000,0.012186,-0.486328,-44.428401,0.124984,-0.004000,0.001766,0.003846,-0.000082,0.001766,0.091284,0.073021,-9.809304,0.012713,-0.017374,-0.004000,1.549913,0.002861,27.000000,0.013045,18.247268,-0.014765,-0.223961,0.000000,0.125000,-0.004000,73,0,1,34,34,0.005396,-0.021019,-0.014427,0.342995,0.103954,10.125663,-0.020883,0.002861,0.007420,6,1,0,0.000000,0,12.764957,0.000000,-0.009003,0,-0.252743,0.000000,-0.057563,12.764957,-0.252743,1,1,1,5.590350,0.000000,0.000000,0.000000,0.000000,0.000000,0.000000,0.000000
0.7701,18.247805,-0.223961,-0.034827,0.000000,-0.005426,-0.057563,0,-0.252743,251,0.091463,0.076553,18.247805,0.005550,12.644203,-0.034827,18.247843,12.769169,-0.034827,-0.223961,0.000000,0.012456,-0.486328,-44.428401,0.124966,-0.005000,0.001210,0.002089,-0.000013,0.001210,0.091463,0.076553,-9.809275,-0.008533,-0.004455,-0.005000,1.549614,0.002777,27.000000,0.013045,18.247843,0.005550,-0.223961,0.000000,0.125000,-0.005000,78,0,1,34,34,-0.009574,-0.001489,-0.039812,0.170660,-0.177578,9.682482,-0.021182,0.002777,0.007358,7,1,0,0.000000,0,12.764957,0.000000,-0.005426,0,-0.252743,0.000000,-0.057563,12.764957,-0.252743,1,1,1,5.590391,0.000000,0.000000,0.000000,0.000000,0.000000,0.000000,0.000000
0.7801,18.247976,-0.224728,-0.041656,0.000000,-0.012512,-0.048359,0,-0.252743,4,0.091543,0.075225,18.247976,0.002513,12.644539,-0.041656,18.248035,12.769510,-0.041656,-0.224728,0.000000,0.012321,-0.486328,-44.428401,0.124971,0.000000,0.001488,0.002016,-0.000001,0.001488,0.091543,0.075225,-9.809284,-0.017250,0.005931,0.000000,1.549188,0.002766,27.000000,0.013045,18.248035,0.002513,-0.224728,0.000000,0.125000,0.000000,83,0,1,34,34,-0.013857,0.011349,-0.041799,0.675253,0.359578,9.573363,-0.021609,0.002766,0.007388,7,1,0,0.000000,0,12.764957,0.000000,-0.012512,0,-0.252743,0.000000,-0.048359,12.764957,-0.252743,1,1,1,5.590436,0.000000,0.000000,0.000000,0.000000,0.000000,0.000000,0.000000
0.7901,18.248109,-0.224728,-0.015077,0.000000,-0.005907,-0.056029,0,-0.252743,14,0.092430,0.077161,18.248109,0.002513,12.644252,-0.015077,18.248131,12.769243,-0.015077,-0.224728,0.000000,0.012470,-0.486328,-44.428401,0.124991,0.001000,0.001182,0.002008,0.000058,0.001182,0.092430,0.077161,-9.809261,-0.004704,0.003275,0.001000,1.548922,0.002702,27.000000,0.013045,18.248131,0.002513,-0.224728,0.000000,0.125000,0.001000,88,0,1,34,34,-0.003169,0.004600,-0.014136,0.315044,-0.191186,10.017404,-0.021875,0.002702,0.007432,7,1,0,0.000000,0,12.764957,0.000000,-0.005907,0,-0.252743,0.000000,-0.056029,12.764957,-0.252743,1,1,1,5.590480,0.000000,0.000000,0.000000,0.000000,0.000000,0.000000,0.000000
0.8001,18.247986,-0.223961,-0.045753,0.000000,0.003287,-0.065233,0,-0.252743,24,0.093737,0.077344,18.247986,-0.002513,12.643274,-0.045753,18.248035,12.768255,-0.045753,-0.223961,0.000000,0.012338,-0.486328,-44.428401,0.124981,0.004000,0.001453,0.002000,0.000062,0.001453,0.093737,0.077344,-9.809247,-0.009730,0.004326,0.004000,1.548701,0.002528,27.000000,0.013045,18.248035,-0.002513,-0.223961,0.000000,0.125000,0.004000,93,0,1,34,34,-0.007449,0.007093,-0.041843,0.055573,0.059289,9.857056,-0.022095,0.002528,0.007566,6,1,0,0.000000,0,12.764957,0.000000,0.003287,0,-0.252743,0.000000,-0.065233,12.764957,-0.252743,1,1,1,5.590527,0.000000,0.000000,0.000000,0.000000,0.000000,0.000000,0.000000
0.8101,18.247719,-0.224728,-0.075834,0.000000,-0.008258,-0.048359,0,-0.252743,34,0.093323,0.077443,18.247719,0.000419,12.643442,-0.075834,18.247843,12.768393,-0.075834,-0.224728,0.000000,0.012258,-0.486328,-44.428401,0.124951,0.002000,0.001619,0.002126,0.000152,0.001619,0.093323,0.077443,-9.809250,0.001453,0.005072,0.002000,1.548073,0.002441,27.000000,0.013045,18.247843,0.000419,-0.224728,0.000000,0.125000,0.002000,98,0,1,34,34,0.003219,0.003275,-0.073879,0.008696,-0.330892,9.699977,-0.022723,0.002441,0.007515,7,1,0,0.000000,0,12.764957,0.000000,-0.008258,0,-0.252743,0.000000,-0.048359,12.764957,-0.252743,1,1,1,5.590575,0.000000,0.000000,0.000000,0.000000,0.000000,0.000000,0.000000
0.8201,18.248352,-0.224858,0.021559,-0.104720,0.001414,-0.054470,0,-0.252743,44,0.093417,0.079264,18.248352,0.005550,12.642687,0.021559,18.248322,12.767703,0.021559,-0.224858,-0.104720,0.012441,-0.486328,-44.428401,0.125016,0.001000,0.001241,0.002000,0.000183,0.001241,0.093417,0.079264,-9.809235,-0.005746,0.011651,-0.103720,1.547253,0.002441,27.000000,0.013045,18.248322,0.005550,-0.224728,-0.104720,0.125000,0.001000,103,0,1,34,34,-0.001062,0.011924,-0.082316,0.697565,-0.200660,10.027128,-0.023543,0.002441,0.007481,6,1,0,0.000000,0,12.764957,0.000000,0.001414,0,-0.252743,0.000000,-0.054470,12.764957,-0.252743,1,1,1,5.590621,0.000000,0.000000,0.000000,0.000000,0.000000,0.000000,0.000000
0.8301,18.248807,-0.225495,-0.062676,0.000000,-0.005267,-0.048125,0,-0.252743,54,0.095214,0.076244,18.248807,0.003560,12.642726,-0.062676,18.248898,12.767684,-0.062676,-0.225495,0.000000,0.012285,-0.486328,-44.428401,0.124958,-0.002000,0.001563,0.002011,0.000121,0.001563,0.095214,0.076244,-9.809242,0.007993,0.035017,-0.002000,1.546595,0.002539,27.000000,0.013045,18.248898,0.003560,-0.225495,0.000000,0.125000,-0.002000,108,0,1,34,34,0.020271,0.028854,-0.065035,-0.165149,0.269887,9.830316,-0.024201,0.002539,0.007722,6,1,0,0.000000,0,12.764957,0.000000,-0.005267,0,-0.252743,0.000000,-0.048125,12.764957,-0.252743,1,1,1,5.590674,0.000000,0.000000,0.000000,0.000000,0.000000,0.000000,0.000000
0.8401,18.248324,-0.225495,-0.072563,0.000000,0.001620,-0.054495,0,-0.252743,64,0.096516,0.076411,18.248324,-0.002513,12.642010,-0.072563,18.248418,12.766964,-0.072563,-0.225495,0.000000,0.012436,-0.486328,-44.428401,0.124954,-0.001000,0.001251,0.001984,0.000061,0.001251,0.096516,0.076411,-9.809228,0.011409,0.020538,-0.001000,1.545874,0.002644,27.000000,0.013045,18.248418,-0.002513,-0.225495,0.000000,0.125000,-0.001000,113,0,1,34,34,0.018150,0.014003,-0.073743,-0.115848,-0.245137,9.719898,-0.024922,0.002644,0.007848,6,1,0,0.000000,0,12.764827,0.000000,0.001620,0,-0.252743,0.000000,-0.054495,12.764827,-0.252743,1,1,1,5.590724,0.000000,0.000000,0.000000,0.000000,0.000000,0.000000,0.000000
0.8501,18.248898,-0.225495,-0.061448,0.000000,-0.000704,-0.054495,0,-0.252743,74,0.096593,0.074315,18.248898,0.004503,12.641284,-0.061448,18.248993,12.766246,-0.061448,-0.225495,0.000000,0.012331,-0.486328,-44.428401,0.124963,0.000000,0.001467,0.002098,0.000231,0.001467,0.096593,0.074315,-9.809243,0.007864,-0.011126,0.000000,1.545155,0.002746,27.000000,0.013045,18.248993,0.004503,-0.225495,0.000000,0.125000,0.000000,118,0,1,34,34,0.003241,-0.013990,-0.061280,0.120009,0.494090,9.497790,-0.025641,0.002746,0.007903,6,1,0,0.000000,0,12.764406,0.000000,-0.000704,0,-0.252743,0.000000,-0.054495,12.764406,-0.252743,1,1,1,5.590780,0.000000,0.000000,0.000000,0.000000,0.000000,0.000000,0.000000
0.8601,18.249023,-0.225495,-0.063762,0.000000,0.001763,-0.054495,0,-0.252743,84,0.095362,0.075779,18.249023,0.000419,12.640703,-0.063762,18.249089,12.765662,-0.063762,-0.225495,0.000000,0.012456,-0.486328,-44.428401,0.124959,0.002000,0.001211,0.002010,0.000113,0.001211,0.095362,0.075779,-9.809244,0.008600,-0.024618,0.002000,1.544571,0.002753,27.000000,0.013045,18.249089,0.000419,-0.225495,0.000000,0.125000,0.002000,123,0,1,34,34,-0.001015,-0.026824,-0.061433,-0.049068,0.047432,10.038706,-0.026225,0.002753,0.007748,7,1,0,0.000000,0,12.764275,0.000000,0.001763,0,-0.252743,0.000000,-0.054495,12.764275,-0.252743,1,1,1,5.590835,0.000000,0.000000,0.000000,0.000000,0.000000,0.000000,0.000000
0.8701,18.249206,-0.226262,-0.057087,0.000000,-0.006618,-0.045291,0,-0.252743,94,0.093239,0.075867,18.249206,0.002513,12.640895,-0.057087,18.249281,12.765861,-0.057087,-0.226262,0.000000,0.012372,-0.486328,-44.428401,0.124966,0.000000,0.001385,0.002015,0.000116,0.001385,0.093239,0.075867,-9.809264,0.000373,-0.009615,0.000000,1.544004,0.002702,27.000000,0.013045,18.249281,0.002513,-0.226262,0.000000,0.125000,0.000000,128,0,1,34,34,-0.003166,-0.009792,-0.056970,0.761963,0.441440,9.918777,-0.026792,0.002702,0.007527,6,1,0,0.000000,0,12.764154,0.000000,-0.006618,0,-0.252743,0.000000,-0.045291,12.764154,-0.252743,1,1,1,5.590893,0.000000,0.000000,0.000000,0.000000,0.000000,0.000000,0.000000
0.8801,18.249359,-0.226262,0.002980,0.000000,-0.010331,-0.052961,0,-0.252743,104,0.092795,0.076451,18.249359,0.002513,12.640603,0.002980,18.249377,12.765605,0.002980,-0.226262,0.000000,0.012293,-0.486328,-44.428401,0.125002,0.000000,0.001546,0.002153,0.000041,0.001546,0.092795,0.076451,-9.809263,-0.006514,0.002096,-0.000000,1.543750,0.002576,27.000000,0.013045,18.249377,0.002513,-0.226262,0.000000,0.125000,0.000000,133,0,1,34,34,-0.005298,0.004367,0.002927,0.227480,-0.184517,9.471900,-0.027047,0.002576,0.007470,7,1,0,0.000000,0,12.763321,0.000000,-0.010331,0,-0.252743,0.000000,-0.052961,12.763321,-0.252743,1,1,1,5.590953,0.000000,0.000000,0.000000,0.000000,0.000000,0.000000,0.000000
0.8901,18.249504,-0.226262,0.005425,0.000000,-0.025724,-0.052961,0,-0.252743,115,0.094900,0.078003,18.249504,0.002513,12.640741,0.005425,18.249473,12.765740,0.005425,-0.226262,0.000000,0.012367,-0.486328,-44.428401,0.124999,-0.002000,0.001394,0.001995,-0.000240,0.001394,0.094900,0.078003,-9.809231,-0.031419,0.012924,-0.002000,1.543886,0.002448,27.000000,0.013045,18.249473,0.002513,-0.226262,0.000000,0.125000,-0.002000,138,0,1,34,34,-0.024530,0.023544,0.003134,-0.105532,-0.304978,9.920282,-0.026910,0.002448,0.007644,6,1,0,0.000000,0,12.761694,0.000000,-0.025724,0,-0.252743,0.000000,-0.052961,12.761694,-0.252743,1,1,1,5.591011,0.000000,0.000000,0.000000,0.000000,0.000000,0.000000,0.000000
0.9001,18.248500,-0.225495,0.002534,0.000000,-0.024104,-0.062165,0,-0.252743,125,0.094891,0.076561,18.248500,-0.006597,12.639937,0.002534,18.248514,12.764939,0.002534,-0.225495,0.000000,0.012200,-0.486328,-44.428401,0.125002,0.000000,0.001738,0.001878,-0.000570,0.001738,0.094891,0.076561,-9.809242,0.014439,-0.010275,-0.000000,1.543851,0.002430,27.000000,0.013045,18.248514,-0.006597,-0.225495,0.000000,0.125000,0.000000,143,0,1,34,34,0.009664,-0.014823,0.002715,0.304359,0.171574,10.068894,-0.026945,0.002430,0.007683,7,1,0,0.000000,0,12.759558,0.000000,-0.024104,0,-0.252743,0.000000,-0.062165,12.759558,-0.252743,1,1,1,5.591073,0.000000,0.000000,0.000000,0.000000,0.000000,0.000000,0.000000
0.9101,18.248281,-0.225495,-0.040862,0.000000,-0.034970,-0.054495,0,-0.252743,135,0.094958,0.078037,18.248281,-0.002513,12.639763,-0.040862,18.248322,12.764740,-0.040862,-0.225495,0.000000,0.012399,-0.486328,-44.428401,0.124977,0.001000,0.001328,0.001888,0.000054,0.001328,0.094958,0.078037,-9.809230,0.010096,0.000676,0.001000,1.543652,0.002481,27.000000,0.013045,18.248322,-0.002513,-0.225495,0.000000,0.125000,0.001000,148,0,1,34,34,0.009640,-0.003571,-0.039821,-0.125781,-0.281151,9.537692,-0.027144,0.002481,0.007656,6,1,0,0.000000,0,12.757342,0.000000,-0.034970,0,-0.252743,0.000000,-0.054495,12.757342,-0.252743,1,1,1,5.591129,0.000000,0.000000,0.000000,0.000000,0.000000,0.000000,0.000000
0.9201,18.247231,-0.225495,-0.030034,0.000000,-0.035539,-0.054495,0,-0.252743,143,0.093982,0.077483,18.247231,-0.009634,12.639428,-0.030034,18.247268,12.764413,-0.030034,-0.225495,0.000000,0.012321,-0.486328,-44.428401,0.124985,0.003000,0.001489,0.001974,0.000032,0.001489,0.093982,0.077483,-9.809244,-0.010393,-0.005546,0.003000,1.543326,0.002480,27.000000,0.013045,18.247268,-0.009634,-0.225495,0.000000,0.125000,0.003000,153,0,1,34,34,-0.011705,-0.001665,-0.027015,0.762166,0.186331,9.667383,-0.027470,0.002480,0.007572,7,1,0,0.000000,0,12.755287,0.000000,-0.035539,0,-0.252743,0.000000,-0.054495,12.755287,-0.252743,1,1,1,5.591187,0.000000,0.000000,0.000000,0.000000,0.000000,0.000000,0.000000
0.9301,18.244439,-0.226262,-0.020265,0.000000,-0.050430,-0.045291,0,-0.252743,154,0.094804,0.075601,18.244439,-0.020944,12.639972,-0.020265,18.244487,12.764957,-0.020265,-0.226262,0.000000,0.012179,-0.486328,-44.428401,0.124985,0.000000,0.001780,0.001974,-0.000725,0.001780,0.094804,0.075601,-9.809251,-0.000016,0.014529,0.000000,1.543102,0.002501,27.000000,0.013045,18.244487,-0.020944,-0.226262,0.000000,0.125000,0.000000,158,0,1,34,34,0.005358,0.013257,-0.020428,-0.200730,-0.297470,10.082994,-0.027694,0.002501,0.007689,7,1,0,0.000000,0,12.753149,0.000000,-0.050430,0,-0.252743,0.000000,-0.045291,12.753149,-0.252743,1,1,1,5.591238,0.000000,0.000000,0.000000,0.000000,0.000000,0.000000,0.000000
0.9401,18.241211,-0.226262,-0.004035,0.000000,-0.047712,-0.052961,0,-0.252743,163,0.096724,0.077214,18.241211,-0.036233,12.639895,-0.004035,18.241228,12.764890,-0.004035,-0.226262,0.000000,0.012352,-0.486328,-44.428401,0.124995,-0.001000,0.001426,0.002040,0.000024,0.001426,0.096724,0.077214,-9.809219,-0.012623,0.022862,-0.001000,1.543034,0.002469,27.000000,0.013045,18.241228,-0.036233,-0.226262,0.000000,0.125000,-0.001000,163,0,1,34,34,-0.003189,0.025856,-0.005355,0.236938,0.192547,9.915935,-0.027762,0.002469,0.007843,7,1,0,0.000000,0,12.751074,0.000000,-0.047712,0,-0.252743,0.000000,-0.052961,12.751074,-0.252743,1,1,1,5.591274,0.000000,0.000000,0.000000,0.000000,0.000000,0.000000,0.000000
0.9501,18.234354,-0.226262,0.012162,0.000000,-0.048555,-0.052961,0,-0.252743,173,0.097353,0.076090,18.234354,-0.069010,12.639976,0.012162,18.234325,12.764981,0.012162,-0.226262,0.000000,0.012228,-0.486328,-44.428401,0.125006,-0.001000,0.001679,0.001952,-0.000013,0.001679,0.097353,0.076090,-9.809222,0.009090,-0.007959,-0.001000,1.543125,0.002443,27.000000,0.013045,18.234325,-0.069010,-0.226262,0.000000,0.125000,-0.001000,168,0,1,34,34,0.005393,-0.010674,0.011293,-0.337339,-0.031122,9.415652,-0.027671,0.002443,0.007931,7,1,0,0.000000,0,12.749422,0.000000,-0.048555,0,-0.252743,0.000000,-0.052961,12.749422,-0.252743,1,1,1,5.591296,0.000000,0.000000,0.000000,0.000000,0.000000,0.000000,0.000000
0.9601,18.223491,-0.225495,0.000445,0.000000,-0.038504,-0.062165,0,-0.252743,184,0.095809,0.077543,18.223491,-0.118124,12.639172,0.000445,18.223491,12.764172,0.000445,-0.225495,0.000000,0.012396,-0.486328,-44.428401,0.125000,0.000000,0.001336,0.001986,0.000021,0.001336,0.095809,0.077543,-9.809226,0.007945,-0.010408,0.000000,1.543084,0.002507,27.000000,0.013045,18.223491,-0.118124,-0.225495,0.000000,0.125000,0.000000,173,0,1,34,34,0.003257,-0.012676,0.000602,0.200802,-0.221701,10.160579,-0.027713,0.002507,0.007752,6,1,0,0.000000,0,12.747997,0.000000,-0.038504,0,-0.252743,0.000000,-0.062165,12.747997,-0.252743,1,1,1,5.591288,0.000000,0.000000,0.000000,0.000000,0.000000,0.000000,0.000000
0.9701,18.208357,-0.225495,0.021273,0.000000,-0.049480,-0.054495,0,-0.252743,193,0.092964,0.075358,18.208357,-0.158022,12.639230,0.021273,18.208343,12.764245,0.021273,-0.225495,0.000000,0.012179,-0.486328,-44.428401,0.125015,0.000000,0.001781,0.001941,-0.003467,0.001781,0.092964,0.075358,-9.809270,0.026727,-0.025979,0.000000,1.543157,0.002573,27.000000,0.013045,18.208343,-0.158022,-0.225495,0.000000,0.125000,0.000000,178,0,1,34,34,0.013959,-0.034298,0.021692,0.465766,0.289704,9.802215,-0.027640,0.002573,0.007519,7,1,0,0.000000,0,12.746643,0.000000,-0.049480,0,-0.252743,0.000000,-0.054495,12.746643,-0.252743,1,1,1,5.591235,0.000000,0.000000,0.000000,0.000000,0.000000,0.000000,0.000000
0.9801,18.192174,-0.225495,0.036489,0.000000,-0.054075,-0.054495,0,-0.252743,203,0.090752,0.078429,18.192174,-0.155928,12.639429,0.036489,18.192139,12.764451,0.036489,-0.225495,0.000000,0.012451,-0.486328,-44.428401,0.125022,0.000000,0.001221,0.002013,-0.003201,0.001221,0.090752,0.078429,-9.809267,0.010317,-0.019654,0.000000,1.543364,0.002590,27.000000,0.013045,18.192139,-0.155928,-0.225495,0.000000,0.125000,0.000000,183,0,1,34,34,0.001143,-0.021712,0.036762,0.696743,-0.197008,9.730482,-0.027432,0.002590,0.007229,6,1,0,0.000000,0,12.745276,0.000000,-0.054075,0,-0.252743,0.000000,-0.054495,12.745276,-0.252743,1,1,1,5.591135,0.000000,0.000000,0.000000,0.000000,0.000000,0.000000,0.000000
0.9901,18.184508,-0.222130,-0.104610,0.209440,-0.026654,-0.094874,0,-0.252743,213,0.086623,0.078049,18.184508,-0.067963,12.636950,-0.104610,18.184661,12.761885,-0.104610,-0.222130,0.209440,0.012356,-0.486328,-44.428401,0.124935,0.000000,0.001418,0.002127,-0.000013,0.001418,0.086623,0.078049,-9.809307,0.005614,-0.019090,0.209440,1.544164,0.002649,27.000000,0.013045,18.184661,-0.067963,-0.222427,0.209440,0.125000,0.000000,188,0,1,34,34,-0.003110,-0.018357,0.105064,1.392626,0.368230,9.679192,-0.026633,0.002649,0.006860,6,1,0,0.000000,0,12.743684,0.000000,-0.026654,0,-0.252743,0.000000,-0.094874,12.743684,-0.252743,1,1,1,5.590991,0.000000,0.000000,0.000000,0.000000,0.000000,0.000000,0.000000
1.0001,18.184626,-0.218242,-0.156039,0.209440,-0.022561,-0.107882,0,-0.252743,223,0.086412,0.076707,18.184626,-0.004503,12.634054,-0.156039,18.184852,12.758952,-0.156039,-0.218242,0.209440,0.012232,-0.486328,-44.428401,0.124898,-0.003000,0.001671,0.001982,0.000380,0.001671,0.086412,0.076707,-9.809320,-0.019213,0.017947,0.206440,1.545119,0.002691,27.000000,0.013045,18.184852,-0.004503,-0.218592,0.209440,0.125000,-0.003000,193,0,1,34,34,-0.009576,0.025100,0.050098,-0.162841,-0.277030,9.977949,-0.025677,0.002691,0.006907,6,1,0,0.000000,0,12.741905,0.000000,-0.022561,0,-0.252743,0.000000,-0.107882,12.741905,-0.252743,1,1,1,5.590846,0.000000,0.000000,0.000000,0.000000,0.000000,0.000000,0.000000
1.0101,18.184763,-0.217058,-0.119472,0.000000,-0.031840,-0.083209,0,-0.252743,232,0.087183,0.078166,18.184763,0.003560,12.632347,-0.119472,18.184948,12.757251,-0.119472,-0.217058,0.000000,0.012284,-0.486328,-44.428401,0.124903,-0.006000,0.001565,0.001992,0.000495,0.001565,0.087183,0.078166,-9.809301,0.010774,-0.010058,-0.006000,1.544602,0.002588,27.000000,0.013045,18.184948,0.003560,-0.217058,0.000000,0.125000,-0.006000,198,0,1,34,34,0.005358,-0.015271,-0.125293,0.264980,0.242493,9.744187,-0.026194,0.002588,0.006963,7,1,0,0.000000,0,12.740391,0.000000,-0.031840,0,-0.252743,0.000000,-0.083209,12.740391,-0.252743,1,1,1,5.590717,0.000000,0.000000,0.000000,0.000000,0.000000,0.000000,0.000000
1.0201,18.184281,-0.217058,-0.262960,0.000000,-0.015585,-0.071369,0,-0.252743,239,0.084152,0.078126,18.184281,0.004503,12.630198,-0.262960,18.185236,12.755014,-0.262960,-0.217058,0.000000,0.012227,-0.486328,-44.428401,0.124816,-0.006000,0.003840,0.001850,0.000406,0.003840,0.084152,0.078126,-9.809328,0.020296,-0.029885,-0.006000,1.542366,0.002603,27.000000,0.013045,18.185236,0.004503,-0.217058,0.000000,0.125000,-0.006000,2,0,1,34,34,0.005341,-0.039014,-0.268503,0.819806,-0.012554,9.512296,-0.028430,0.002603,0.006662,6,1,0,0.000000,0,12.739666,0.000000,-0.015585,0,-0.252743,0.000000,-0.071369,12.739666,-0.252743,1,1,1,5.590593,0.000000,0.000000,0.000000,0.000000,0.000000,0.000000,0.000000
1.0301,18.184624,-0.217058,-0.306984,0.000000,-0.002443,-0.071369,0,-0.252743,249,0.084321,0.079646,18.184624,0.001466,12.627386,-0.306984,18.185044,12.752189,-0.306984,-0.217058,0.000000,0.012363,-0.486328,-44.428401,0.124802,0.008000,0.001403,0.002084,0.000618,0.001403,0.084321,0.079646,-9.809314,-0.048920,0.030135,0.008000,1.539541,0.002583,27.000000,0.013045,18.185044,0.001466,-0.217058,0.000000,0.125000,0.008000,7,0,1,34,34,-0.031045,0.044647,-0.299559,0.391178,-0.170725,9.912384,-0.031255,0.002583,0.006645,7,1,0,0.000000,0,12.739195,0.000000,-0.002443,0,-0.252743,0.000000,-0.071369,12.739195,-0.252743,1,1,1,5.590481,0.000000,0.000000,0.000000,0.000000,0.000000,0.000000,0.000000
1.0401,18.184606,-0.217825,-0.347389,0.000000,-0.007679,-0.062165,0,-0.252743,4,0.088337,0.082788,18.184606,-0.000419,12.625100,-0.347389,18.185044,12.749873,-0.347389,-0.217825,0.000000,0.012414,-0.486328,-44.428401,0.124773,0.008000,0.001298,0.001976,0.000737,0.001298,0.088337,0.082788,-9.809253,-0.043529,0.038684,0.008000,1.536461,0.002228,27.000000,0.013045,18.185044,-0.000419,-0.217825,0.000000,0.125000,0.008000,12,0,1,34,34,-0.022524,0.049484,-0.340029,0.323694,0.170641,10.145461,-0.034335,0.002228,0.006968,7,1,0,0.000000,0,12.738406,0.000000,-0.007679,0,-0.252743,0.000000,-0.062165,12.738406,-0.252743,1,1,1,5.590376,0.000000,0.000000,0.000000,0.000000,0.000000,0.000000,0.000000
1.0501,18.185161,-0.219735,-0.151805,-0.209440,-0.012684,-0.046914,0,-0.252743,14,0.091241,0.082135,18.185161,0.004503,12.623269,-0.151805,18.185428,12.748188,-0.151805,-0.219735,-0.209440,0.012172,-0.486328,-44.428401,0.124919,0.004000,0.001796,0.001973,0.000682,0.001796,0.091241,0.082135,-9.809232,0.003862,0.023966,-0.205440,1.532866,0.001972,27.000000,0.013045,18.185428,0.004503,-0.219359,-0.209440,0.125000,0.004000,17,0,1,34,34,0.009533,0.011253,-0.351115,-0.183204,-0.318605,9.470285,-0.037680,0.001969,0.007239,6,1,0,0.000000,0,12.737574,0.000000,-0.012684,0,-0.252743,0.000000,-0.046914,12.737574,-0.252743,1,1,1,5.590272,0.000000,0.000000,0.000000,0.000000,0.000000,0.000000,0.000000
1.0601,18.185594,-0.222004,-0.133197,-0.209440,-0.016368,-0.038788,0,-0.252743,23,0.091746,0.080680,18.185594,0.007645,12.622126,-0.133197,18.185811,12.747041,-0.133197,-0.222004,-0.209440,0.012246,-0.486328,-44.428401,0.124916,-0.004000,0.001643,0.001998,0.000370,0.001643,0.091746,0.080680,-9.809239,-0.000830,0.019049,-0.213440,1.529449,0.002164,27.000000,0.013045,18.185811,0.007645,-0.221660,-0.209440,0.125000,-0.004000,22,0,1,34,34,0.007397,0.013327,-0.346826,0.514143,0.230708,9.935639,-0.041348,0.002164,0.007312,6,1,0,0.000000,0,12.736833,0.000000,-0.016368,0,-0.252743,0.000000,-0.038788,12.736833,-0.252743,1,1,1,5.590182,0.000000,0.000000,0.000000,0.000000,0.000000,0.000000,0.000000
1.0701,18.185390,-0.222556,-0.183614,-0.104720,0.001835,-0.054859,0,-0.252743,33,0.093114,0.079930,18.185390,-0.001466,12.619650,-0.183614,18.185619,12.744498,-0.183614,-0.222556,-0.104720,0.012448,-0.486328,-44.428401,0.124848,-0.007000,0.001228,0.002000,0.000397,0.001228,0.093114,0.079930,-9.809232,0.015239,0.030049,-0.111720,1.526352,0.002405,27.000000,0.013045,18.185619,-0.001466,-0.222427,-0.104720,0.125000,-0.007000,27,0,1,34,34,0.026620,0.016976,-0.295568,0.189178,0.314706,10.089398,-0.044445,0.002405,0.007459,7,1,0,0.000000,0,12.736144,0.000000,0.001835,0,-0.252743,0.000000,-0.054859,12.736144,-0.252743,1,1,1,5.590102,0.000000,0.000000,0.000000,0.000000,0.000000,0.000000,0.000000
1.0801,18.184997,-0.222427,-0.267301,0.000000,0.009120,-0.061917,0,-0.252743,43,0.095556,0.076420,18.184997,-0.002513,12.616832,-0.267301,18.185428,12.741667,-0.267301,-0.222427,0.000000,0.012232,-0.486328,-44.428401,0.124835,-0.002000,0.001671,0.001974,0.000428,0.001671,0.095556,0.076420,-9.809237,-0.004269,0.041270,-0.002000,1.523646,0.002485,27.000000,0.013045,18.185428,-0.002513,-0.222427,0.000000,0.125000,-0.002000,32,0,1,34,34,0.013800,0.035831,-0.269759,-0.309292,0.508387,9.870901,-0.047150,0.002485,0.007782,6,1,0,0.000000,0,12.735465,0.000000,0.009120,0,-0.252743,0.000000,-0.061917,12.735465,-0.252743,1,1,1,5.590022,0.000000,0.000000,0.000000,0.000000,0.000000,0.000000,0.000000
1.0901,18.184784,-0.223194,-0.287117,0.000000,0.002659,-0.051427,0,-0.252743,51,0.096791,0.076429,18.184784,-0.001466,12.614889,-0.287117,18.185236,12.739697,-0.287117,-0.223194,0.000000,0.012301,-0.486328,-44.428401,0.124808,0.004000,0.001529,0.002000,0.000570,0.001529,0.096791,0.076429,-9.809225,0.011977,0.002055,0.004000,1.520909,0.002519,27.000000,0.013045,18.185236,-0.001466,-0.223194,0.000000,0.125000,0.004000,37,0,1,34,34,0.011706,-0.006743,-0.283056,-0.004741,0.533685,9.383262,-0.049888,0.002519,0.007897,7,1,0,0.000000,0,12.734751,0.000000,0.002659,0,-0.252743,0.000000,-0.051427,12.734751,-0.252743,1,1,1,5.589953,0.000000,0.000000,0.000000,0.000000,0.000000,0.000000,0.000000
1.1001,18.185781,-0.224845,-0.193422,-0.104720,-0.008641,-0.039282,0,-0.252743,61,0.096031,0.078608,18.185781,0.008692,12.613535,-0.193422,18.186003,12.738430,-0.193422,-0.224845,-0.104720,0.012500,-0.486328,-44.428401,0.124895,0.006000,0.001120,0.002018,0.000803,0.001120,0.096031,0.078608,-9.809215,-0.010822,-0.029727,-0.098720,1.517992,0.002506,27.000000,0.013045,18.186003,0.008692,-0.224728,-0.104720,0.125000,0.006000,42,0,1,34,34,-0.022430,-0.025960,-0.291840,-0.106186,-0.085524,9.960770,-0.052804,0.002506,0.007756,6,1,0,0.000000,0,12.733588,0.000000,-0.008641,0,-0.252743,0.000000,-0.039282,12.733588,-0.252743,1,1,1,5.589892,0.000000,0.000000,0.000000,0.000000,0.000000,0.000000,0.000000
1.1101,18.186711,-0.225495,-0.251198,0.000000,-0.001436,-0.047998,0,-0.252743,71,0.094197,0.079417,18.186711,0.010681,12.611476,-0.251198,18.187153,12.736330,-0.251198,-0.225495,0.000000,0.012213,-0.486328,-44.428401,0.124854,0.002000,0.001711,0.001946,0.000518,0.001711,0.094197,0.079417,-9.809226,-0.035114,-0.028256,0.002000,1.515245,0.002175,27.000000,0.013045,18.187153,0.010681,-0.225495,0.000000,0.125000,0.002000,47,0,1,34,34,-0.043776,-0.013767,-0.249048,0.437387,0.344821,9.984589,-0.055552,0.002175,0.007549,6,1,0,0.000000,0,12.732175,0.000000,-0.001436,0,-0.252743,0.000000,-0.047998,12.732175,-0.252743,1,1,1,5.589835,0.000000,0.000000,0.000000,0.000000,0.000000,0.000000,0.000000
1.1201,18.187106,-0.226262,-0.192517,0.000000,-0.008434,-0.045291,0,-0.252743,81,0.095516,0.085883,18.187106,0.004503,12.610167,-0.192517,18.187345,12.735047,-0.192517,-0.226262,0.000000,0.012441,-0.486328,-44.428401,0.124879,-0.003000,0.001241,0.002000,0.000398,0.001241,0.095516,0.085883,-9.809159,-0.029316,-0.010408,-0.003000,1.513200,0.001725,27.000000,0.013045,18.187345,0.004503,-0.226262,0.000000,0.125000,-0.003000,52,0,1,34,34,-0.030968,0.000519,-0.195539,-0.125358,-0.396012,9.546109,-0.057597,0.001725,0.007524,6,1,0,0.000000,0,12.730881,0.000000,-0.008434,0,-0.252743,0.000000,-0.045291,12.730881,-0.252743,1,1,1,5.589793,0.000000,0.000000,0.000000,0.000000,0.000000,0.000000,0.000000
1.1301,18.185940,-0.225495,-0.149989,0.000000,0.007770,-0.062165,0,-0.252743,91,0.095072,0.085891,18.185940,-0.008692,12.607515,-0.149989,18.186195,12.732419,-0.149989,-0.225495,0.000000,0.012248,-0.486328,-44.428401,0.124904,-0.003000,0.001640,0.002087,0.000169,0.001640,0.095072,0.085891,-9.809163,0.006737,-0.001792,-0.003000,1.511340,0.001546,27.000000,0.013045,18.186195,-0.008692,-0.225495,0.000000,0.125000,-0.003000,57,0,1,34,34,0.005340,-0.006354,-0.152923,0.515881,-0.370163,9.805186,-0.059456,0.001546,0.007488,6,1,0,0.000000,0,12.729595,0.000000,0.007770,0,-0.252743,0.000000,-0.062165,12.729595,-0.252743,1,1,1,5.589752,0.000000,0.000000,0.000000,0.000000,0.000000,0.000000,0.000000
1.1401,18.186128,-0.225495,-0.137036,0.000000,-0.003513,-0.054495,0,-0.252743,101,0.094084,0.082602,18.186128,0.000419,12.606081,-0.137036,18.186386,12.730983,-0.137036,-0.225495,0.000000,0.012143,-0.486328,-44.428401,0.124902,-0.001000,0.001855,0.001989,0.000272,0.001855,0.094084,0.082602,-9.809201,0.033937,0.010600,-0.001000,1.509902,0.001791,27.000000,0.013045,18.186386,0.000419,-0.225495,0.000000,0.125000,-0.001000,62,0,1,34,34,0.041641,-0.012888,-0.135904,-0.040499,0.146002,9.800441,-0.060798,0.001770,0.007468,6,1,0,0.000000,0,12.728337,0.000000,-0.003513,0,-0.252743,0.000000,-0.054495,12.728337,-0.252743,1,1,1,5.589717,0.000000,0.000000,0.000000,0.000000,0.000000,0.000000,0.000000
1.1501,18.186433,-0.225495,-0.153181,0.000000,0.000016,-0.054495,0,-0.252743,112,0.091588,0.081706,18.186433,0.004503,12.604664,-0.153181,18.186674,12.729557,-0.153181,-0.225495,0.000000,0.012258,-0.486328,-44.428401,0.124893,0.000000,0.001618,0.001937,0.000579,0.001618,0.091588,0.081706,-9.809232,0.023881,-0.003160,0.000000,1.508475,0.002052,27.000000,0.013045,18.186674,0.004503,-0.225495,0.000000,0.125000,0.000000,67,0,1,34,34,0.020291,-0.014859,-0.153010,0.542199,0.337083,9.841022,-0.062321,0.002052,0.007238,7,1,0,0.000000,0,12.727354,0.000000,0.000016,0,-0.252743,0.000000,-0.054495,12.727354,-0.252743,1,1,1,5.589688,0.000000,0.000000,0.000000,0.000000,0.000000,0.000000,0.000000
1.1601,18.186520,-0.225495,-0.132528,0.000000,0.003188,-0.054495,0,-0.252743,122,0.091415,0.083252,18.186520,0.003560,12.603244,-0.132528,18.186674,12.728167,-0.132528,-0.225495,0.000000,0.012512,-0.486328,-44.428401,0.124923,0.001000,0.001095,0.001989,-0.000094,0.001095,0.091415,0.083252,-9.809221,-0.013142,-0.004642,0.001000,1.507084,0.002157,27.000000,0.013045,18.186674,0.003560,-0.225495,0.000000,0.125000,0.001000,72,0,1,34,34,-0.013871,-0.000282,-0.131534,0.473382,0.467833,9.315919,-0.063712,0.002157,0.007185,6,1,0,0.000000,0,12.726596,0.000000,0.003188,0,-0.252743,0.000000,-0.054495,12.726596,-0.252743,1,1,1,5.589666,0.000000,0.000000,0.000000,0.000000,0.000000,0.000000,0.000000
1.1701,18.186502,-0.224728,-0.121067,0.000000,0.009443,-0.063699,0,-0.252743,133,0.092392,0.082484,18.186502,0.000419,12.601247,-0.121067,18.186674,12.726177,-0.121067,-0.224728,0.000000,0.012315,-0.486328,-44.428401,0.124930,0.001000,0.001502,0.001973,0.000329,0.001502,0.092392,0.082484,-9.809218,-0.048782,0.015988,0.001000,1.505862,0.002019,27.000000,0.013045,18.186674,0.000419,-0.224728,0.000000,0.125000,0.001000,77,0,1,34,34,-0.037385,0.033700,-0.120491,0.200386,-0.116284,10.142497,-0.064935,0.002019,0.007308,6,1,0,0.000000,0,12.725655,0.000000,0.009443,0,-0.252743,0.000000,-0.063699,12.725655,-0.252743,1,1,1,5.589647,0.000000,0.000000,0.000000,0.000000,0.000000,0.000000,0.000000
1.1801,18.186613,-0.225495,-0.124073,0.000000,-0.005728,-0.046825,0,-0.252743,141,0.095231,0.085284,18.186613,0.001466,12.600896,-0.124073,18.186770,12.725807,-0.124073,-0.225495,0.000000,0.012437,-0.486328,-44.428401,0.124912,-0.001000,0.001250,0.001971,0.000141,0.001250,0.095231,0.085284,-9.809167,-0.008181,-0.000135,-0.001000,1.504727,0.001793,27.000000,0.013045,18.186770,0.001466,-0.225495,0.000000,0.125000,-0.001000,82,0,1,34,34,-0.007468,0.001788,-0.125105,0.075298,-0.046943,9.942134,-0.066070,0.001793,0.007518,7,1,0,0.000000,0,12.724895,0.000000,-0.005728,0,-0.252743,0.000000,-0.046825,12.724895,-0.252743,1,1,1,5.589633,0.000000,0.000000,0.000000,0.000000,0.000000,0.000000,0.000000
1.1901,18.186798,-0.225657,-0.015171,-0.104720,0.011991,-0.052546,0,-0.252743,151,0.095138,0.084228,18.186798,-0.001466,12.599539,-0.015171,18.186866,12.724519,-0.015171,-0.225657,-0.104720,0.012291,-0.486328,-44.428401,0.124980,-0.001000,0.001551,0.001992,0.000291,0.001551,0.095138,0.084228,-9.809177,0.014931,0.005884,-0.105720,1.503276,0.001752,27.000000,0.013045,18.186866,-0.001466,-0.225495,-0.104720,0.125000,-0.001000,87,0,1,34,34,0.016019,-0.002475,-0.120869,0.027938,-0.425559,9.622476,-0.067520,0.001752,0.007531,7,1,0,0.000000,0,12.724758,0.000000,0.011991,0,-0.252743,0.000000,-0.052546,12.724758,-0.252743,1,1,1,5.589623,0.000000,0.000000,0.000000,0.000000,0.000000,0.000000,0.000000
1.2001,18.186587,-0.225495,-0.101517,0.000000,0.013917,-0.056120,0,-0.252743,161,0.095496,0.081712,18.186587,-0.002513,12.598339,-0.101517,18.186770,12.723278,-0.101517,-0.225495,0.000000,0.012141,-0.486328,-44.428401,0.124939,0.000000,0.001859,0.001935,0.000086,0.001859,0.095496,0.081712,-9.809195,-0.011651,0.002253,0.000000,1.502196,0.001845,27.000000,0.013045,18.186770,-0.002513,-0.225495,0.000000,0.125000,0.000000,92,0,1,34,34,-0.013892,0.027129,-0.103482,-0.088175,0.107728,9.800026,-0.068539,0.001850,0.007624,7,1,0,0.000000,0,12.724637,0.000000,0.013917,0,-0.252743,0.000000,-0.056120,12.724637,-0.252743,1,1,1,5.589618,0.000000,0.000000,0.000000,0.000000,0.000000,0.000000,0.000000
1.2101,18.186261,-0.226262,-0.075879,0.000000,-0.006546,-0.045291,0,-0.252743,171,0.096192,0.082936,18.186261,-0.002513,12.598205,-0.075879,18.186386,12.723164,-0.075879,-0.226262,0.000000,0.012323,-0.486328,-44.428401,0.124959,0.002000,0.001484,0.001981,0.000241,0.001484,0.096192,0.082936,-9.809178,0.007845,0.005947,0.002000,1.501315,0.001884,27.000000,0.013045,18.186386,-0.002513,-0.226262,0.000000,0.125000,0.002000,97,0,1,34,34,0.009625,0.001157,-0.073899,0.169862,0.249647,9.935605,-0.069481,0.001884,0.007659,6,1,0,0.000000,0,12.723751,0.000000,-0.006546,0,-0.252743,0.000000,-0.045291,12.723751,-0.252743,1,1,1,5.589613,0.000000,0.000000,0.000000,0.000000,0.000000,0.000000,0.000000
1.2201,18.187587,-0.226262,-0.079017,0.000000,-0.011648,-0.052961,0,-0.252743,181,0.096050,0.081780,18.187587,0.012776,12.597397,-0.079017,18.187729,12.722350,-0.079017,-0.226262,0.000000,0.012188,-0.486328,-44.428401,0.124952,0.003000,0.001763,0.001860,0.000152,0.001763,0.096050,0.081780,-9.809189,0.002036,0.003257,0.003000,1.500500,0.001867,27.000000,0.013045,18.187729,0.012776,-0.226262,0.000000,0.125000,0.003000,102,0,1,34,34,0.003220,0.001167,-0.076037,0.208722,0.011561,9.856675,-0.070296,0.001867,0.007671,7,1,0,0.000000,0,12.721868,0.000000,-0.011648,0,-0.252743,0.000000,-0.052961,12.721868,-0.252743,1,1,1,5.589612,0.000000,0.000000,0.000000,0.000000,0.000000,0.000000,0.000000
1.2301,18.189683,-0.226262,-0.041668,0.000000,-0.025174,-0.052961,0,-0.252743,190,0.097007,0.083201,18.189683,0.018850,12.596955,-0.041668,18.189742,12.721934,-0.041668,-0.226262,0.000000,0.012362,-0.486328,-44.428401,0.124979,0.002000,0.001405,0.001926,0.000548,0.001405,0.097007,0.083201,-9.809168,-0.005165,0.003593,0.002000,1.500085,0.001878,27.000000,0.013045,18.189742,0.018850,-0.226262,0.000000,0.125000,0.002000,107,0,1,34,34,-0.003177,0.004940,-0.039732,-0.003504,0.311639,9.553299,-0.070711,0.001878,0.007734,6,1,0,0.000000,0,12.719435,0.000000,-0.025174,0,-0.252743,0.000000,-0.052961,12.719435,-0.252743,1,1,1,5.589619,0.000000,0.000000,0.000000,0.000000,0.000000,0.000000,0.000000
1.2401,18.188742,-0.226262,-0.026181,0.000000,-0.031981,-0.052961,0,-0.252743,201,0.096009,0.082408,18.188742,-0.009634,12.596628,-0.026181,18.188783,12.721608,-0.026181,-0.226262,0.000000,0.012227,-0.486328,-44.428401,0.124980,-0.001000,0.001682,0.002061,-0.000427,0.001682,0.096009,0.082408,-9.809184,-0.001549,-0.009237,-0.001000,1.499759,0.001844,27.000000,0.013045,18.188783,-0.009634,-0.226262,0.000000,0.125000,-0.001000,112,0,1,34,34,-0.005294,-0.008058,-0.027085,-0.095275,-0.279821,10.207656,-0.071037,0.001844,0.007653,7,1,0,0.000000,0,12.716860,0.000000,-0.031981,0,-0.252743,0.000000,-0.052961,12.716860,-0.252743,1,1,1,5.589629,0.000000,0.000000,0.000000,0.000000,0.000000,0.000000,0.000000
1.2501,18.184076,-0.226262,0.005546,0.000000,-0.037999,-0.052961,0,-0.252743,211,0.095407,0.084525,18.184076,-0.042412,12.596467,0.005546,18.184085,12.721461,0.005546,-0.226262,0.000000,0.012375,-0.486328,-44.428401,0.124994,-0.005000,0.001377,0.001950,-0.000553,0.001377,0.095407,0.084525,-9.809172,0.004591,-0.007141,-0.005000,1.499613,0.001797,27.000000,0.013045,18.184085,-0.042412,-0.226262,0.000000,0.125000,-0.005000,117,0,1,34,34,0.001118,-0.008408,0.000650,0.312279,0.404836,9.764991,-0.071183,0.001797,0.007545,7,1,0,0.000000,0,12.714338,0.000000,-0.037999,0,-0.252743,0.000000,-0.052961,12.714338,-0.252743,1,1,1,5.589630,0.000000,0.000000,0.000000,0.000000,0.000000,0.000000,0.000000
1.2601,18.178829,-0.226262,0.024017,0.000000,-0.039737,-0.052961,0,-0.252743,220,0.094201,0.084276,18.178829,-0.054664,12.596505,0.024017,18.178812,12.721518,0.024017,-0.226262,0.000000,0.012300,-0.486328,-44.428401,0.125013,-0.002000,0.001531,0.001987,-0.000789,0.001531,0.094201,0.084276,-9.809186,-0.005592,-0.005517,-0.002000,1.499671,0.001774,27.000000,0.013045,18.178812,-0.054664,-0.226262,0.000000,0.125000,-0.002000,122,0,1,34,34,-0.007420,-0.002305,0.022047,0.027282,-0.356740,9.470039,-0.071126,0.001774,0.007431,7,1,0,0.000000,0,12.712271,0.000000,-0.039737,0,-0.252743,0.000000,-0.052961,12.712271,-0.252743,1,1,1,5.589615,0.000000,0.000000,0.000000,0.000000,0.000000,0.000000,0.000000
1.2701,18.173128,-0.225495,0.034803,0.000000,-0.033035,-0.062165,0,-0.252743,229,0.093182,0.083919,18.173128,-0.069010,12.596035,0.034803,18.173060,12.721056,0.034803,-0.225495,0.000000,0.012189,-0.486328,-44.428401,0.125021,0.000000,0.001759,0.002144,-0.001528,0.001759,0.093182,0.083919,-9.809198,-0.015004,-0.010521,0.000000,1.499977,0.001727,27.000000,0.013045,18.173060,-0.069010,-0.225495,0.000000,0.125000,0.000000,127,0,1,34,34,-0.018089,-0.002506,0.034836,0.714603,0.138142,9.695579,-0.070820,0.001727,0.007346,6,1,0,0.000000,0,12.710597,0.000000,-0.033035,0,-0.252743,0.000000,-0.062165,12.710597,-0.252743,1,1,1,5.589580,0.000000,0.000000,0.000000,0.000000,0.000000,0.000000,0.000000
1.2801,18.165268,-0.225495,0.053945,0.000000,-0.043729,-0.054495,0,-0.252743,239,0.092963,0.085886,18.165268,-0.083357,12.596459,0.053945,18.165198,12.721502,0.053945,-0.225495,0.000000,0.012369,-0.486328,-44.428401,0.125042,0.002000,0.001389,0.001973,-0.001731,0.001389,0.092963,0.085886,-9.809184,0.012057,-0.007380,0.002000,1.500423,0.001717,27.000000,0.013045,18.165198,-0.083357,-0.225495,0.000000,0.125000,0.002000,132,0,1,34,34,0.007541,-0.011264,0.056088,0.265723,0.276852,10.060357,-0.070374,0.001717,0.007279,7,1,0,0.000000,0,12.709142,0.000000,-0.043729,0,-0.252743,0.000000,-0.054495,12.709142,-0.252743,1,1,1,5.589525,0.000000,0.000000,0.000000,0.000000,0.000000,0.000000,0.000000
1.2901,18.157118,-0.224728,0.043593,0.000000,-0.031408,-0.063699,0,-0.252743,248,0.091284,0.084680,18.157118,-0.081263,12.596158,0.043593,18.157049,12.721189,0.043593,-0.224728,0.000000,0.012227,-0.486328,-44.428401,0.125031,0.002000,0.001681,0.002013,-0.000080,0.001681,0.091284,0.084680,-9.809210,0.010007,0.006348,0.002000,1.500877,0.001738,27.000000,0.013045,18.157049,-0.081263,-0.224728,0.000000,0.125000,0.002000,137,0,1,34,34,0.011794,0.001712,0.045576,0.715378,0.125281,9.963423,-0.069919,0.001738,0.007148,6,1,0,0.000000,0,12.708272,0.000000,-0.031408,0,-0.252743,0.000000,-0.063699,12.708272,-0.252743,1,1,1,5.589440,0.000000,0.000000,0.000000,0.000000,0.000000,0.000000,0.000000
1.3001,18.151519,-0.222292,-0.047677,0.104720,-0.012855,-0.085258,0,-0.252743,4,0.090587,0.085703,18.151519,-0.052674,12.594376,-0.047677,18.151584,12.719351,-0.047677,-0.222292,0.104720,0.012419,-0.486328,-44.428401,0.124975,-0.001000,0.001287,0.001988,-0.001359,0.001287,0.090587,0.085703,-9.809207,0.006431,-0.005347,0.103720,1.501474,0.001861,27.000000,0.013045,18.151584,-0.052674,-0.222427,0.104720,0.125000,-0.001000,142,0,1,34,34,0.003268,-0.007002,0.056134,0.474248,0.285095,9.400217,-0.069323,0.001861,0.007081,7,1,0,0.000000,0,12.707515,0.000000,-0.012855,0,-0.252743,0.000000,-0.085258,12.707515,-0.252743,1,1,1,5.589341,0.000000,0.000000,0.000000,0.000000,0.000000,0.000000,0.000000
1.3101,18.150528,-0.220740,-0.094192,0.104720,-0.024430,-0.079533,0,-0.252743,12,0.089462,0.084444,18.150528,-0.009634,12.593388,-0.094192,18.150625,12.718320,-0.094192,-0.220740,0.104720,0.012332,-0.486328,-44.428401,0.124931,-0.005000,0.001465,0.002094,0.000114,0.001465,0.089462,0.084444,-9.809229,-0.008877,0.019487,0.099720,1.501995,0.001936,27.000000,0.013045,18.150625,-0.009634,-0.220893,0.104720,0.125000,-0.005000,147,0,1,34,34,0.001088,0.021452,0.005264,0.018384,-0.246714,9.853956,-0.068801,0.001936,0.007014,6,1,0,0.000000,0,12.706421,0.000000,-0.024430,0,-0.252743,0.000000,-0.079533,12.706421,-0.252743,1,1,1,5.589230,0.000000,0.000000,0.000000,0.000000,0.000000,0.000000,0.000000
1.3201,18.150618,-0.220893,-0.097054,0.000000,-0.037579,-0.062165,0,-0.252743,19,0.088907,0.082795,18.150618,0.000419,12.592963,-0.097054,18.150913,12.717873,-0.097054,-0.220893,0.000000,0.012142,-0.486328,-44.428401,0.124910,-0.005000,0.003795,0.001974,0.000200,0.003795,0.088907,0.082795,-9.809248,0.021810,-0.007228,-0.005000,1.501395,0.001921,27.000000,0.013045,18.150913,0.000419,-0.220893,0.000000,0.125000,-0.005000,152,0,1,34,34,0.013900,-0.011313,-0.099641,0.504264,0.232117,9.820802,-0.069330,0.001908,0.007010,6,1,0,0.000000,0,12.704826,0.000000,-0.037579,0,-0.252743,0.000000,-0.062165,12.704826,-0.252743,1,1,1,5.589121,0.000000,0.000000,0.000000,0.000000,0.000000,0.000000,0.000000
1.3301,18.151359,-0.220893,-0.137708,0.000000,-0.031776,-0.063699,0,-0.252743,29,0.088616,0.083540,18.151359,0.004503,12.591726,-0.137708,18.151584,12.716630,-0.137708,-0.220893,0.000000,0.012290,-0.486328,-44.428401,0.124904,0.000000,0.001553,0.001938,0.000375,0.001553,0.088616,0.083540,-9.809244,-0.003692,0.009446,0.000000,1.500152,0.002001,27.000000,0.013045,18.151584,0.004503,-0.220893,0.000000,0.125000,0.000000,157,0,1,34,34,0.001060,0.008393,-0.137822,0.112597,-0.014466,9.636231,-0.070645,0.002001,0.006948,7,1,0,0.000000,0,12.703109,0.000000,-0.031776,0,-0.252743,0.000000,-0.063699,12.703109,-0.252743,1,1,1,5.589024,0.000000,0.000000,0.000000,0.000000,0.000000,0.000000,0.000000
1.3401,18.150457,-0.220893,-0.133670,0.000000,-0.028830,-0.063699,0,-0.252743,39,0.090031,0.084878,18.150457,-0.007645,12.590461,-0.133670,18.150625,12.715373,-0.133670,-0.220893,0.000000,0.012436,-0.486328,-44.428401,0.124913,0.003000,0.001251,0.001996,-0.000018,0.001251,0.090031,0.084878,-9.809220,-0.046717,0.018157,0.003000,1.498895,0.001983,27.000000,0.013045,18.150625,-0.007645,-0.220893,0.000000,0.125000,0.003000,162,0,1,34,34,-0.033121,0.035991,-0.131128,-0.039189,-0.029295,10.057082,-0.071902,0.001983,0.007059,7,1,0,0.000000,0,12.701703,0.000000,-0.028830,0,-0.252743,0.000000,-0.063699,12.701703,-0.252743,1,1,1,5.588930,0.000000,0.000000,0.000000,0.000000,0.000000,0.000000,0.000000
1.3501,18.149344,-0.221660,-0.154978,0.000000,-0.030478,-0.054495,0,-0.252743,49,0.090934,0.086347,18.149344,-0.007645,12.589791,-0.154978,18.149571,12.714691,-0.154978,-0.221660,0.000000,0.012334,-0.486328,-44.428401,0.124901,0.004000,0.001461,0.002089,0.000318,0.001461,0.090934,0.086347,-9.809198,-0.010125,-0.015230,0.004000,1.497448,0.001709,27.000000,0.013045,18.149571,-0.007645,-0.221660,0.000000,0.125000,0.004000,167,0,1,34,34,-0.016001,-0.010718,-0.150857,0.333044,0.209248,10.117144,-0.073349,0.001709,0.007108,7,1,0,0.000000,0,12.700760,0.000000,-0.030478,0,-0.252743,0.000000,-0.054495,12.700760,-0.252743,1,1,1,5.588829,0.000000,0.000000,0.000000,0.000000,0.000000,0.000000,0.000000
1.3601,18.149300,-0.221660,-0.148413,0.000000,-0.018764,-0.062165,0,-0.252743,59,0.090147,0.086036,18.149300,-0.003560,12.588183,-0.148413,18.149571,12.713094,-0.148413,-0.221660,0.000000,0.012206,-0.486328,-44.428401,0.124911,0.000000,0.001725,0.001984,0.000523,0.001725,0.090147,0.086036,-9.809208,0.006618,0.012718,0.000000,1.495851,0.001629,27.000000,0.013045,18.149571,-0.003560,-0.221660,0.000000,0.125000,0.000000,172,0,1,34,34,0.011732,0.006429,-0.148503,0.543673,-0.187292,9.711338,-0.074945,0.001629,0.007036,6,1,0,0.000000,0,12.699921,0.000000,-0.018764,0,-0.252743,0.000000,-0.062165,12.699921,-0.252743,1,1,1,5.588732,0.000000,0.000000,0.000000,0.000000,0.000000,0.000000,0.000000
1.3701,18.149398,-0.221660,-0.136744,0.000000,-0.014904,-0.062165,0,-0.252743,67,0.090419,0.086901,18.149398,0.000419,12.586880,-0.136744,18.149571,12.711779,-0.136744,-0.221660,0.000000,0.012375,-0.486328,-44.428401,0.124899,-0.003000,0.001377,0.002089,0.000266,0.001377,0.090419,0.086901,-9.809198,-0.013274,0.009338,-0.003000,1.494536,0.001707,27.000000,0.013045,18.149571,0.000419,-0.221660,0.000000,0.125000,-0.003000,177,0,1,34,34,-0.007484,0.012671,-0.139912,0.474864,0.235283,9.562413,-0.076261,0.001707,0.007044,7,1,0,0.000000,0,12.699559,0.000000,-0.014904,0,-0.252743,0.000000,-0.062165,12.699559,-0.252743,1,1,1,5.588646,0.000000,0.000000,0.000000,0.000000,0.000000,0.000000,0.000000
1.3801,18.148967,-0.222427,-0.128311,0.000000,-0.016756,-0.052961,0,-0.252743,77,0.090632,0.084919,18.148967,-0.004503,12.586211,-0.128311,18.149187,12.711128,-0.128311,-0.222427,0.000000,0.012199,-0.486328,-44.428401,0.124916,-0.003000,0.001739,0.002015,0.000265,0.001739,0.090632,0.084919,-9.809214,-0.003618,0.009288,-0.003000,1.493117,0.001718,27.000000,0.013045,18.149187,-0.004503,-0.222427,0.000000,0.125000,-0.003000,182,0,1,34,34,0.001062,0.008308,-0.131423,0.239286,-0.298058,10.150267,-0.077679,0.001718,0.007102,6,1,0,0.000000,0,12.699549,0.000000,-0.016756,0,-0.252743,0.000000,-0.052961,12.699549,-0.252743,1,1,1,5.588555,0.000000,0.000000,0.000000,0.000000,0.000000,0.000000,0.000000
1.3901,18.149169,-0.222427,-0.152523,0.000000,-0.007477,-0.060631,0,-0.252743,87,0.092080,0.085643,18.149169,0.002513,12.584783,-0.152523,18.149379,12.709692,-0.152523,-0.222427,0.000000,0.012382,-0.486328,-44.428401,0.124909,0.000000,0.001363,0.002001,0.000311,0.001363,0.092080,0.085643,-9.809194,0.003609,0.018522,0.000000,1.491680,0.001796,27.000000,0.013045,18.149379,0.002513,-0.222427,0.000000,0.125000,0.000000,187,0,1,34,34,0.011724,0.012896,-0.152694,0.570799,0.459872,9.966691,-0.079116,0.001796,0.007229,6,1,0,0.000000,0,12.699419,0.000000,-0.007477,0,-0.252743,0.000000,-0.060631,12.699419,-0.252743,1,1,1,5.588476,0.000000,0.000000,0.000000,0.000000,0.000000,0.000000,0.000000
1.4001,18.149162,-0.223194,-0.135095,0.000000,-0.017463,-0.051427,0,-0.252743,97,0.094345,0.083794,18.149162,0.000419,12.584104,-0.135095,18.149379,12.709015,-0.135095,-0.223194,0.000000,0.012283,-0.486328,-44.428401,0.124910,0.002000,0.001566,0.001974,0.000172,0.001566,0.094345,0.083794,-9.809188,-0.019989,0.017698,0.002000,1.490235,0.001824,27.000000,0.013045,18.149379,0.000419,-0.223194,0.000000,0.125000,0.002000,192,0,1,34,34,-0.009628,0.023265,-0.133390,-0.586031,-0.049672,9.357881,-0.080562,0.001824,0.007488,7,1,0,0.000000,0,12.698999,0.000000,-0.017463,0,-0.252743,0.000000,-0.051427,12.698999,-0.252743,1,1,1,5.588396,0.000000,0.000000,0.000000,0.000000,0.000000,0.000000,0.000000
1.4101,18.149161,-0.223961,-0.147585,0.000000,-0.012767,-0.049893,0,-0.252743,106,0.094815,0.085785,18.149161,0.000419,12.583360,-0.147585,18.149379,12.708278,-0.147585,-0.223961,0.000000,0.012364,-0.486328,-44.428401,0.124918,0.003000,0.001399,0.001999,0.000208,0.001399,0.094815,0.085785,-9.809167,-0.013870,-0.017318,0.003000,1.488732,0.001691,27.000000,0.013045,18.149379,0.000419,-0.223961,0.000000,0.125000,0.003000,197,0,1,34,34,-0.020268,-0.010815,-0.144462,0.104750,-0.163320,10.074970,-0.082064,0.001691,0.007482,6,1,0,0.000000,0,12.698867,0.000000,-0.012767,0,-0.252743,0.000000,-0.049893,12.698867,-0.252743,1,1,1,5.588323,0.000000,0.000000,0.000000,0.000000,0.000000,0.000000,0.000000
1.4201,18.149464,-0.224728,-0.125734,0.000000,-0.011434,-0.048359,0,-0.252743,116,0.093814,0.086363,18.149464,0.002513,12.582749,-0.125734,18.149667,12.707662,-0.125734,-0.224728,0.000000,0.012284,-0.486328,-44.428401,0.124913,0.000000,0.001565,0.001982,0.000169,0.001565,0.093814,0.086363,-9.809171,0.008366,-0.023178,0.000000,1.487351,0.001570,27.000000,0.013045,18.149667,0.002513,-0.224728,0.000000,0.125000,0.000000,1,0,1,34,34,-0.003169,-0.025980,-0.125425,0.103810,-0.027332,9.904068,-0.083445,0.001570,0.007361,7,1,0,0.000000,0,12.698867,0.000000,-0.011434,0,-0.252743,0.000000,-0.048359,12.698867,-0.252743,1,1,1,5.588249,0.000000,0.000000,0.000000,0.000000,0.000000,0.000000,0.000000
1.4301,18.149453,-0.223961,-0.100349,0.000000,0.005528,-0.065233,0,-0.252743,126,0.093524,0.089169,18.149453,0.000419,12.580807,-0.100349,18.149571,12.705736,-0.100349,-0.223961,0.000000,0.012515,-0.486328,-44.428401,0.124928,-0.001000,0.001090,0.001937,0.000233,0.001090,0.093524,0.089169,-9.809149,-0.003325,0.013431,-0.001000,1.486192,0.001535,27.000000,0.013045,18.149571,0.000419,-0.223961,0.000000,0.125000,-0.001000,6,0,1,34,34,0.003201,0.012191,-0.101509,0.065583,-0.206320,9.682125,-0.084604,0.001535,0.007277,7,1,0,0.000000,0,12.698867,0.000000,0.005528,0,-0.252743,0.000000,-0.065233,12.698867,-0.252743,1,1,1,5.588184,0.000000,0.000000,0.000000,0.000000,0.000000,0.000000,0.000000
1.4401,18.149419,-0.223961,-0.101934,0.000000,-0.001697,-0.057563,0,-0.252743,136,0.093900,0.087168,18.149419,0.000419,12.579812,-0.101934,18.149571,12.704732,-0.101934,-0.223961,0.000000,0.012286,-0.486328,-44.428401,0.124920,-0.004000,0.001560,0.002012,0.000193,0.001560,0.093900,0.087168,-9.809163,-0.008844,-0.003783,-0.004000,1.485189,0.001496,27.000000,0.013045,18.149571,0.000419,-0.223961,0.000000,0.125000,-0.004000,11,0,1,34,34,-0.009594,-0.000610,-0.105935,0.149805,0.225546,9.562104,-0.085608,0.001496,0.007359,7,1,0,0.000000,0,12.698867,0.000000,-0.001697,0,-0.252743,0.000000,-0.057563,12.698867,-0.252743,1,1,1,5.588116,0.000000,0.000000,0.000000,0.000000,0.000000,0.000000,0.000000
1.4501,18.149852,-0.224728,-0.112567,0.000000,-0.006985,-0.048359,0,-0.252743,146,0.092441,0.085441,18.149852,0.006597,12.579404,-0.112567,18.150050,12.704337,-0.112567,-0.224728,0.000000,0.012144,-0.486328,-44.428401,0.124933,0.000000,0.001853,0.001974,0.000505,0.001853,0.092441,0.085441,-9.809192,0.014933,-0.003321,0.000000,1.484026,0.001553,27.000000,0.013045,18.150050,0.006597,-0.224728,0.000000,0.125000,0.000000,16,0,1,34,34,0.018182,-0.024122,-0.099786,0.313337,0.174171,9.858377,-0.086703,0.001548,0.007253,6,1,0,0.000000,0,12.698867,0.000000,-0.006985,0,-0.252743,0.000000,-0.048359,12.698867,-0.252743,1,1,1,5.588054,0.000000,0.000000,0.000000,0.000000,0.000000,0.000000,0.000000
1.4601,18.151453,-0.224728,-0.091791,0.000000,0.000068,-0.056029,0,-0.252743,157,0.091964,0.086036,18.151453,0.011729,12.578481,-0.091791,18.151584,12.703420,-0.091791,-0.224728,0.000000,0.012300,-0.486328,-44.428401,0.124939,0.001000,0.001532,0.001975,0.000371,0.001532,0.091964,0.086036,-9.809192,-0.001198,0.009378,0.001000,1.483108,0.001661,27.000000,0.013045,18.151584,0.011729,-0.224728,0.000000,0.125000,0.001000,21,0,1,34,34,0.003209,0.007776,-0.090894,0.503887,0.318528,9.792959,-0.087688,0.001661,0.007185,7,1,0,0.000000,0,12.698867,0.000000,0.000068,0,-0.252743,0.000000,-0.056029,12.698867,-0.252743,1,1,1,5.588003,0.000000,0.000000,0.000000,0.000000,0.000000,0.000000,0.000000
1.4701,18.150891,-0.224728,-0.071524,0.000000,-0.001361,-0.056029,0,-0.252743,167,0.092403,0.084865,18.150891,-0.002513,12.577812,-0.071524,18.151009,12.702774,-0.071524,-0.224728,0.000000,0.012152,-0.486328,-44.428401,0.124962,0.002000,0.001837,0.002000,-0.000068,0.001837,0.092403,0.084865,-9.809198,-0.005656,0.004047,0.002000,1.482463,0.001619,27.000000,0.013045,18.151009,-0.002513,-0.224728,0.000000,0.125000,0.002000,26,0,1,34,34,-0.003186,0.005337,-0.069594,-0.297862,-0.243703,9.595379,-0.088334,0.001619,0.007255,6,1,0,0.000000,0,12.698867,0.000000,-0.001361,0,-0.252743,0.000000,-0.056029,12.698867,-0.252743,1,1,1,5.587952,0.000000,0.000000,0.000000,0.000000,0.000000,0.000000,0.000000
1.4801,18.151032,-0.224728,-0.052275,0.000000,0.000582,-0.056029,0,-0.252743,176,0.093224,0.088742,18.151032,0.001466,12.577235,-0.052275,18.151105,12.702204,-0.052275,-0.224728,0.000000,0.012409,-0.486328,-44.428401,0.124969,0.000000,0.001308,0.001995,0.000203,0.001308,0.093224,0.088742,-9.809156,-0.028333,0.001482,0.000000,1.481894,0.001472,27.000000,0.013045,18.151105,0.001466,-0.224728,0.000000,0.125000,0.000000,31,0,1,34,34,-0.024536,0.013597,-0.052448,0.085924,-0.249388,10.074093,-0.088902,0.001472,0.007248,6,1,0,0.000000,0,12.698997,0.000000,0.000582,0,-0.252743,0.000000,-0.056029,12.698997,-0.252743,1,1,1,5.587906,0.000000,0.000000,0.000000,0.000000,0.000000,0.000000,0.000000
1.4901,18.151014,-0.224728,-0.046506,0.000000,0.005247,-0.056029,0,-0.252743,187,0.092798,0.086981,18.151014,0.000419,12.576679,-0.046506,18.151105,12.701652,-0.046506,-0.224728,0.000000,0.012193,-0.486328,-44.428401,0.124973,0.000000,0.001751,0.002013,0.000004,0.001751,0.092798,0.086981,-9.809175,0.022380,-0.003785,0.000000,1.481343,0.001441,27.000000,0.013045,18.151105,0.000419,-0.224728,0.000000,0.125000,0.000000,36,0,1,34,34,0.018187,-0.014146,-0.046337,0.113141,0.114924,10.001207,-0.089454,0.001441,0.007246,6,1,0,0.000000,0,12.699417,0.000000,0.005247,0,-0.252743,0.000000,-0.056029,12.699417,-0.252743,1,1,1,5.587859,0.000000,0.000000,0.000000,0.000000,0.000000,0.000000,0.000000
1.5001,18.151232,-0.224728,-0.053330,0.000000,0.001965,-0.056029,0,-0.252743,197,0.093446,0.088717,18.151232,0.004503,12.576196,-0.053330,18.151297,12.701162,-0.053330,-0.224728,0.000000,0.012420,-0.486328,-44.428401,0.124967,-0.001000,0.001285,0.001827,0.000085,0.001285,0.093446,0.088717,-9.809154,-0.002779,0.017143,-0.001000,1.480852,0.001480,27.000000,0.013045,18.151297,0.004503,-0.224728,0.000000,0.125000,-0.001000,41,0,1,34,34,0.005346,0.015848,-0.054532,-0.172959,-0.274561,9.776988,-0.089944,0.001480,0.007271,6,1,0,0.000000,0,12.699463,0.000000,0.001965,0,-0.252743,0.000000,-0.056029,12.699463,-0.252743,1,1,1,5.587817,0.000000,0.000000,0.000000,0.000000,0.000000,0.000000,0.000000
1.5101,18.151153,-0.224728,-0.026769,0.000000,-0.003352,-0.056029,0,-0.252743,206,0.094358,0.087463,18.151153,0.001466,12.575761,-0.026769,18.151201,12.700745,-0.026769,-0.224728,0.000000,0.012292,-0.486328,-44.428401,0.124985,0.000000,0.001549,0.002013,0.000063,0.001549,0.094358,0.087463,-9.809156,-0.005207,0.007871,0.000000,1.480435,0.001456,27.000000,0.013045,18.151201,0.001466,-0.224728,0.000000,0.125000,0.000000,46,0,1,34,34,-0.001043,0.009050,-0.026882,0.321516,0.340382,9.563370,-0.090361,0.001456,0.007390,6,1,0,0.000000,0,12.699050,0.000000,-0.003352,0,-0.252743,0.000000,-0.056029,12.699050,-0.252743,1,1,1,5.587774,0.000000,0.000000,0.000000,0.000000,0.000000,0.000000,0.000000
1.5201,18.151265,-0.224728,-0.031196,0.000000,-0.002559,-0.056029,0,-0.252743,217,0.095598,0.089350,18.151265,0.000419,12.575508,-0.031196,18.151297,12.700494,-0.031196,-0.224728,0.000000,0.012507,-0.486328,-44.428401,0.124985,0.002000,0.001106,0.001999,-0.000041,0.001106,0.095598,0.089350,-9.809127,0.013902,0.003376,0.002000,1.480183,0.001456,27.000000,0.013045,18.151297,0.000419,-0.224728,0.000000,0.125000,0.002000,51,0,1,34,34,0.013912,-0.003700,-0.029152,-0.106715,0.067467,9.962307,-0.090613,0.001456,0.007470,6,1,0,0.000000,0,12.698868,0.000000,-0.002559,0,-0.252743,0.000000,-0.056029,12.698868,-0.252743,1,1,1,5.587735,0.000000,0.000000,0.000000,0.000000,0.000000,0.000000,0.000000
1.5301,18.151125,-0.225495,-0.048010,0.000000,-0.008645,-0.046825,0,-0.252743,227,0.095171,0.087430,18.151125,-0.002513,12.575967,-0.048010,18.151201,12.700943,-0.048010,-0.225495,0.000000,0.012360,-0.486328,-44.428401,0.124976,0.002000,0.001409,0.001999,0.000091,0.001409,0.095171,0.087430,-9.809149,-0.002559,0.007389,0.002000,1.479865,0.001503,27.000000,0.013045,18.151201,-0.002513,-0.225495,0.000000,0.125000,0.002000,56,0,1,34,34,0.001088,0.007174,-0.046102,0.026709,0.012995,9.732156,-0.090931,0.001503,0.007463,6,1,0,0.000000,0,12.698867,0.000000,-0.008645,0,-0.252743,0.000000,-0.046825,12.698867,-0.252743,1,1,1,5.587692,0.000000,0.000000,0.000000,0.000000,0.000000,0.000000,0.000000
1.5401,18.151193,-0.225495,0.004806,0.000000,-0.002732,-0.054495,0,-0.252743,236,0.094463,0.086921,18.151193,0.002513,12.575821,0.004806,18.151201,12.700824,0.004806,-0.225495,0.000000,0.012245,-0.486328,-44.428401,0.125003,0.000000,0.001645,0.002151,0.000002,0.001645,0.094463,0.086921,-9.809160,-0.000814,-0.010012,0.000000,1.479747,0.001455,27.000000,0.013045,18.151201,0.002513,-0.225495,0.000000,0.125000,0.000000,61,0,1,34,34,-0.005284,-0.008483,0.004910,0.064868,-0.090163,9.568446,-0.091049,0.001455,0.007405,6,1,0,0.000000,0,12.698867,0.000000,-0.002732,0,-0.252743,0.000000,-0.054495,12.698867,-0.252743,1,1,1,5.587650,0.000000,0.000000,0.000000,0.000000,0.000000,0.000000,0.000000
1.5501,18.151043,-0.225495,0.016932,0.000000,-0.005108,-0.054495,0,-0.252743,248,0.095341,0.089331,18.151043,-0.000419,12.576044,0.016932,18.151009,12.701053,0.016932,-0.225495,0.000000,0.012492,-0.486328,-44.428401,0.125009,-0.001000,0.001138,0.002019,-0.000064,0.001138,0.095341,0.089331,-9.809130,-0.007564,0.007829,-0.001000,1.479976,0.001443,27.000000,0.013045,18.151009,-0.000419,-0.225495,0.000000,0.125000,-0.001000,66,0,1,34,34,-0.003167,0.010614,0.015801,-0.268732,-0.047953,10.008893,-0.090820,0.001443,0.007437,6,1,0,0.000000,0,12.698997,0.000000,-0.005108,0,-0.252743,0.000000,-0.054495,12.698997,-0.252743,1,1,1,5.587611,0.000000,0.000000,0.000000,0.000000,0.000000,0.000000,0.000000
1.5601,18.151056,-0.224728,0.041687,0.000000,0.007772,-0.063699,0,-0.252743,0,0.093700,0.087072,18.151056,-0.000419,12.575464,0.041687,18.151009,12.700483,0.041687,-0.224728,0.000000,0.012276,-0.486328,-44.428401,0.125019,-0.003000,0.001581,0.002082,-0.000059,0.001581,0.093700,0.087072,-9.809166,0.021557,-0.011471,-0.003000,1.480173,0.001494,27.000000,0.013045,18.151009,-0.000419,-0.224728,0.000000,0.125000,-0.003000,71,0,1,34,34,0.013949,-0.019566,0.038930,0.475091,0.479063,9.957251,-0.090624,0.001494,0.007334,6,1,0,0.000000,0,12.699417,0.000000,0.007772,0,-0.252743,0.000000,-0.063699,12.699417,-0.252743,1,1,1,5.587569,0.000000,0.000000,0.000000,0.000000,0.000000,0.000000,0.000000
1.5701,18.150992,-0.224728,0.042366,0.000000,-0.003327,-0.056029,0,-0.252743,10,0.092607,0.086532,18.150992,-0.001466,12.575852,0.042366,18.150913,12.700875,0.042366,-0.224728,0.000000,0.012191,-0.486328,-44.428401,0.125024,-0.001000,0.001755,0.001925,-0.000369,0.001755,0.092607,0.086532,-9.809181,-0.004337,0.001550,-0.001000,1.480565,0.001488,27.000000,0.013045,18.150913,-0.001466,-0.224728,0.000000,0.125000,-0.001000,76,0,1,34,34,-0.003152,0.003863,0.041322,-0.021132,-0.015127,9.683990,-0.090231,0.001488,0.007237,6,1,0,0.000000,0,12.699709,0.000000,-0.003327,0,-0.252743,0.000000,-0.056029,12.699709,-0.252743,1,1,1,5.587528,0.000000,0.000000,0.000000,0.000000,0.000000,0.000000,0.000000
1.5801,18.151434,-0.224728,0.030490,0.000000,-0.001065,-0.056029,0,-0.252743,20,0.091906,0.088829,18.151434,0.003560,12.576161,0.030490,18.151392,12.701180,0.030490,-0.224728,0.000000,0.012374,-0.486328,-44.428401,0.125019,0.000000,0.001381,0.001994,0.000134,0.001381,0.091906,0.088829,-9.809167,-0.010042,-0.010707,0.000000,1.480871,0.001458,27.000000,0.013045,18.151392,0.003560,-0.224728,0.000000,0.125000,0.000000,81,0,1,34,34,-0.013819,-0.004574,0.030549,0.944001,0.176278,9.715252,-0.089926,0.001458,0.007115,6,1,0,0.000000,0,12.700119,0.000000,-0.001065,0,-0.252743,0.000000,-0.056029,12.700119,-0.252743,1,1,1,5.587488,0.000000,0.000000,0.000000,0.000000,0.000000,0.000000,0.000000
1.5901,18.151337,-0.223961,0.028573,0.000000,0.004118,-0.065233,0,-0.252743,31,0.091220,0.087267,18.151337,-0.003560,12.575753,0.028573,18.151297,12.700770,0.028573,-0.223961,0.000000,0.012231,-0.486328,-44.428401,0.125018,0.000000,0.001674,0.002022,-0.000253,0.001674,0.091220,0.087267,-9.809188,-0.002594,0.002816,0.000000,1.481228,0.001492,27.000000,0.013045,18.151297,-0.003560,-0.223961,0.000000,0.125000,0.000000,86,0,1,34,34,-0.001021,0.004039,0.028526,0.076032,-0.229091,9.978586,-0.089569,0.001492,0.007091,6,1,0,0.000000,0,12.700230,0.000000,0.004118,0,-0.252743,0.000000,-0.065233,12.700230,-0.252743,1,1,1,5.587448,0.000000,0.000000,0.000000,0.000000,0.000000,0.000000,0.000000
1.6001,18.151246,-0.223961,0.022479,0.000000,-0.003991,-0.057563,0,-0.252743,40,0.092264,0.089023,18.151246,0.001466,12.576132,0.022479,18.151201,12.701148,0.022479,-0.223961,0.000000,0.012366,-0.486328,-44.428401,0.125016,0.000000,0.001397,0.001985,-0.000075,0.001397,0.092264,0.089023,-9.809162,-0.014224,0.011414,0.000000,1.481606,0.001428,27.000000,0.013045,18.151201,0.001466,-0.223961,0.000000,0.125000,0.000000,91,0,1,34,34,-0.007441,0.016927,0.022271,0.008135,-0.017704,9.894532,-0.089190,0.001428,0.007155,7,1,0,0.000000,0,12.700365,0.000000,-0.003991,0,-0.252743,0.000000,-0.057563,12.700365,-0.252743,1,1,1,5.587409,0.000000,0.000000,0.000000,0.000000,0.000000,0.000000,0.000000
1.6101,18.151378,-0.223961,-0.003758,0.000000,0.004426,-0.057563,0,-0.252743,51,0.091859,0.088673,18.151378,0.002513,12.576226,-0.003758,18.151392,12.701224,-0.003758,-0.223961,0.000000,0.012256,-0.486328,-44.428401,0.124998,0.000000,0.001621,0.001985,0.000093,0.001621,0.091859,0.088673,-9.809169,0.017142,-0.002898,0.000000,1.481683,0.001363,27.000000,0.013045,18.151392,0.002513,-0.223961,0.000000,0.125000,0.000000,96,0,1,34,34,0.013927,-0.010452,-0.003631,0.237015,-0.071418,9.607028,-0.089114,0.001363,0.007123,6,1,0,0.000000,0,12.700941,0.000000,0.004426,0,-0.252743,0.000000,-0.057563,12.700941,-0.252743,1,1,1,5.587368,0.000000,0.000000,0.000000,0.000000,0.000000,0.000000,0.000000
1.6201,18.151398,-0.223961,0.000905,0.000000,0.010053,-0.057563,0,-0.252743,61,0.092521,0.089970,18.151398,0.000419,12.576152,0.000905,18.151392,12.701153,0.000905,-0.223961,0.000000,0.012490,-0.486328,-44.428401,0.125001,0.000000,0.001142,0.001998,0.000015,0.001142,0.092521,0.089970,-9.809151,-0.002005,0.006322,0.000000,1.481611,0.001452,27.000000,0.013045,18.151392,0.000419,-0.223961,0.000000,0.125000,0.000000,101,0,1,34,34,0.001103,0.006550,0.000824,-0.229613,-0.315431,9.987090,-0.089186,0.001452,0.007159,6,1,0,0.000000,0,12.701754,0.000000,0.010053,0,-0.252743,0.000000,-0.057563,12.701754,-0.252743,1,1,1,5.587330,0.000000,0.000000,0.000000,0.000000,0.000000,0.000000,0.000000
1.6301,18.151393,-0.223194,0.003286,0.000000,0.023287,-0.066767,0,-0.252743,72,0.092274,0.088199,18.151393,0.001466,12.575407,0.003286,18.151392,12.700409,0.003286,-0.223194,0.000000,0.012372,-0.486328,-44.428401,0.125003,0.000000,0.001384,0.002089,-0.000008,0.001384,0.092274,0.088199,-9.809170,-0.014462,0.011840,0.000000,1.481633,0.001522,27.000000,0.013045,18.151392,0.001466,-0.223194,0.000000,0.125000,0.000000,106,0,1,34,34,-0.007446,0.017182,0.003074,0.484672,0.450735,9.928261,-0.089163,0.001522,0.007183,7,1,0,0.000000,0,12.702851,0.000000,0.023287,0,-0.252743,0.000000,-0.066767,12.702851,-0.252743,1,1,1,5.587290,0.000000,0.000000,0.000000,0.000000,0.000000,0.000000,0.000000
1.6401,18.151566,-0.223194,-0.012137,0.000000,0.020971,-0.059097,0,-0.252743,81,0.092442,0.087611,18.151566,0.002513,12.575361,-0.012137,18.151584,12.700355,-0.012137,-0.223194,0.000000,0.012289,-0.486328,-44.428401,0.124993,0.000000,0.001555,0.002147,0.000016,0.001555,0.092442,0.087611,-9.809173,0.012210,0.002021,0.000000,1.481579,0.001493,27.000000,0.013045,18.151584,0.002513,-0.223194,0.000000,0.125000,0.000000,111,0,1,34,34,0.011783,-0.003933,-0.012090,-0.125298,-0.292716,9.700274,-0.089218,0.001493,0.007213,6,1,0,0.000000,0,12.704137,0.000000,0.020971,0,-0.252743,0.000000,-0.059097,12.704137,-0.252743,1,1,1,5.587252,0.000000,0.000000,0.000000,0.000000,0.000000,0.000000,0.000000
1.6501,18.151987,-0.223961,-0.042010,0.000000,0.017028,-0.049893,0,-0.252743,90,0.091927,0.086730,18.151987,0.006597,12.575734,-0.042010,18.152064,12.700709,-0.042010,-0.223961,0.000000,0.012190,-0.486328,-44.428401,0.124975,0.000000,0.001758,0.002000,0.000381,0.001758,0.091927,0.086730,-9.809186,-0.007111,-0.007112,0.000000,1.481166,0.001488,27.000000,0.013045,18.152064,0.006597,-0.223961,0.000000,0.125000,0.000000,116,0,1,34,34,-0.009572,-0.003598,-0.041969,0.742785,0.215714,9.610243,-0.089630,0.001488,0.007173,6,1,0,0.000000,0,12.705280,0.000000,0.017028,0,-0.252743,0.000000,-0.049893,12.705280,-0.252743,1,1,1,5.587213,0.000000,0.000000,0.000000,0.000000,0.000000,0.000000,0.000000
1.6601,18.154943,-0.223961,0.017809,0.000000,0.015464,-0.057563,0,-0.252743,101,0.092685,0.088168,18.154943,0.027018,12.575560,0.017809,18.154940,12.700571,0.017809,-0.223961,0.000000,0.012356,-0.486328,-44.428401,0.125011,0.000000,0.001417,0.001983,0.001550,0.001417,0.092685,0.088168,-9.809166,-0.000767,-0.000742,0.000000,1.481028,0.001494,27.000000,0.013045,18.154940,0.027018,-0.223961,0.000000,0.125000,0.000000,121,0,1,34,34,-0.001020,-0.000093,0.017811,0.227700,0.068708,9.876403,-0.089768,0.001494,0.007216,6,1,0,0.000000,0,12.705669,0.000000,0.015464,0,-0.252743,0.000000,-0.057563,12.705669,-0.252743,1,1,1,5.587182,0.000000,0.000000,0.000000,0.000000,0.000000,0.000000,0.000000
1.6701,18.160005,-0.223961,-0.009449,0.000000,0.010189,-0.057563,0,-0.252743,110,0.093616,0.087315,18.160005,0.061785,12.575588,-0.009449,18.160021,12.700583,-0.009449,-0.223961,0.000000,0.012220,-0.486328,-44.428401,0.124995,0.000000,0.001696,0.002171,0.000016,0.001696,0.093616,0.087315,-9.809165,-0.004034,0.019956,0.000000,1.481041,0.001422,27.000000,0.013045,18.160021,0.061785,-0.223961,0.000000,0.125000,0.000000,126,0,1,34,34,0.005355,0.019526,-0.009689,0.111957,0.374393,9.898540,-0.089756,0.001422,0.007328,6,1,0,0.000000,0,12.705681,0.000000,0.010189,0,-0.252743,0.000000,-0.057563,12.705681,-0.252743,1,1,1,5.587164,0.000000,0.000000,0.000000,0.000000,0.000000,0.000000,0.000000
1.6801,18.168159,-0.223961,-0.005902,0.000000,0.011342,-0.057563,0,-0.252743,121,0.093432,0.090010,18.168159,0.071000,12.575491,-0.005902,18.168170,12.700488,-0.005902,-0.223961,0.000000,0.012454,-0.486328,-44.428401,0.124997,0.000000,0.001214,0.002012,0.002028,0.001214,0.093432,0.090010,-9.809142,0.007503,-0.007877,0.000000,1.480946,0.001392,27.000000,0.013045,18.168170,0.071000,-0.223961,0.000000,0.125000,0.000000,131,0,1,34,34,0.003253,-0.010454,-0.005772,0.570432,0.188467,9.485441,-0.089850,0.001392,0.007249,6,1,0,0.000000,0,12.705681,0.000000,0.011342,0,-0.252743,0.000000,-0.057563,12.705681,-0.252743,1,1,1,5.587170,0.000000,0.000000,0.000000,0.000000,0.000000,0.000000,0.000000
1.6901,18.174337,-0.223961,-0.001183,0.000000,0.008970,-0.057563,0,-0.252743,129,0.093010,0.087961,18.174337,0.072047,12.575606,-0.001183,18.174306,12.700606,-0.001183,-0.223961,0.000000,0.012293,-0.486328,-44.428401,0.125000,0.000000,0.001547,0.002153,-0.000043,0.001547,0.093010,0.087961,-9.809165,-0.008573,0.005527,0.000000,1.481063,0.001444,27.000000,0.013045,18.174306,0.072047,-0.223961,0.000000,0.125000,0.000000,136,0,1,34,34,-0.005304,0.008697,-0.001290,0.038123,-0.334176,9.967935,-0.089733,0.001444,0.007253,6,1,0,0.000000,0,12.705681,0.000000,0.008970,0,-0.252743,0.000000,-0.057563,12.705681,-0.252743,1,1,1,5.587199,0.000000,0.000000,0.000000,0.000000,0.000000,0.000000,0.000000
1.7001,18.180711,-0.223961,-0.002483,0.000000,0.010654,-0.057563,0,-0.252743,140,0.093243,0.088761,18.180711,0.059795,12.575563,-0.002483,18.180730,12.700564,-0.002483,-0.223961,0.000000,0.012417,-0.486328,-44.428401,0.125001,0.001000,0.001292,0.001999,0.000486,0.001292,0.093243,0.088761,-9.809155,0.004688,-0.002287,0.001000,1.481021,0.001483,27.000000,0.013045,18.180730,0.059795,-0.223961,0.000000,0.125000,0.001000,141,0,1,34,34,0.003248,-0.004100,-0.001432,0.571540,0.305939,10.041707,-0.089775,0.001483,0.007258,6,1,0,0.000000,0,12.705681,0.000000,0.010654,0,-0.252743,0.000000,-0.057563,12.705681,-0.252743,1,1,1,5.587248,0.000000,0.000000,0.000000,0.000000,0.000000,0.000000,0.000000
1.7101,18.183704,-0.224728,-0.007671,0.000000,-0.000577,-0.048359,0,-0.252743,150,0.093052,0.088136,18.183704,0.049532,12.576339,-0.007671,18.183702,12.701335,-0.007671,-0.224728,0.000000,0.012338,-0.486328,-44.428401,0.124996,0.000000,0.001453,0.002000,-0.000022,0.001453,0.093052,0.088136,-9.809163,0.004806,0.007401,0.000000,1.481026,0.001466,27.000000,0.013045,18.183702,0.049532,-0.224728,0.000000,0.125000,0.000000,146,0,1,34,34,0.007506,0.004545,-0.007728,-0.145088,-0.129702,9.663617,-0.089771,0.001466,0.007245,6,1,0,0.000000,0,12.705551,0.000000,-0.000577,0,-0.252743,0.000000,-0.048359,12.705551,-0.252743,1,1,1,5.587312,0.000000,0.000000,0.000000,0.000000,0.000000,0.000000,0.000000
1.7201,18.185745,-0.224728,0.020237,0.000000,0.001573,-0.056029,0,-0.252743,160,0.093690,0.087518,18.185745,0.016860,12.576472,0.020237,18.185715,12.701487,0.020237,-0.224728,0.000000,0.012269,-0.486328,-44.428401,0.125015,0.000000,0.001596,0.002161,0.000061,0.001596,0.093690,0.087518,-9.809162,-0.017806,0.005354,0.000000,1.481177,0.001443,27.000000,0.013045,18.185715,0.016860,-0.224728,0.000000,0.125000,0.000000,151,0,1,34,34,-0.013841,0.012663,0.020083,0.388665,0.292372,9.582071,-0.089620,0.001443,0.007322,7,1,0,0.000000,0,12.705131,0.000000,0.001573,0,-0.252743,0.000000,-0.056029,12.705131,-0.252743,1,1,1,5.587385,0.000000,0.000000,0.000000,0.000000,0.000000,0.000000,0.000000
1.7301,18.185272,-0.223961,0.028424,0.000000,0.009195,-0.065233,0,-0.252743,170,0.094698,0.088179,18.185272,-0.005550,12.576015,0.028424,18.185236,12.701035,0.028424,-0.223961,0.000000,0.012370,-0.486328,-44.428401,0.125020,0.000000,0.001387,0.001835,-0.000351,0.001387,0.094698,0.088179,-9.809147,0.004100,-0.001066,0.000000,1.481492,0.001462,27.000000,0.013045,18.185236,-0.005550,-0.223961,0.000000,0.125000,0.000000,156,0,1,34,34,0.003255,-0.002360,0.028455,-0.126162,0.191291,10.001820,-0.089304,0.001462,0.007416,7,1,0,0.000000,0,12.704839,0.000000,0.009195,0,-0.252743,0.000000,-0.065233,12.704839,-0.252743,1,1,1,5.587456,0.000000,0.000000,0.000000,0.000000,0.000000,0.000000,0.000000
1.7401,18.184580,-0.223961,0.004863,0.000000,-0.001042,-0.057563,0,-0.252743,178,0.093441,0.087444,18.184580,-0.006597,12.576181,0.004863,18.184565,12.701185,0.004863,-0.223961,0.000000,0.012257,-0.486328,-44.428401,0.125004,0.000000,0.001621,0.001930,-0.000220,0.001621,0.093441,0.087444,-9.809165,0.003737,-0.005300,0.000000,1.481642,0.001449,27.000000,0.013045,18.184565,-0.006597,-0.223961,0.000000,0.125000,0.000000,161,0,1,34,34,0.001117,-0.006328,0.004941,0.131854,0.173249,9.925242,-0.089154,0.001449,0.007308,7,1,0,0.000000,0,12.704268,0.000000,-0.001042,0,-0.252743,0.000000,-0.057563,12.704268,-0.252743,1,1,1,5.587529,0.000000,0.000000,0.000000,0.000000,0.000000,0.000000,0.000000
1.7501,18.184857,-0.224728,0.011006,0.000000,-0.013969,-0.048359,0,-0.252743,188,0.091365,0.086616,18.184857,0.004503,12.577037,0.011006,18.184852,12.702044,0.011006,-0.224728,0.000000,0.012109,-0.486328,-44.428401,0.125007,0.000000,0.001926,0.001866,0.000200,0.001926,0.091365,0.086616,-9.809192,0.006433,-0.016024,0.000000,1.481735,0.001425,27.000000,0.013045,18.184852,0.004503,-0.224728,0.000000,0.125000,0.000000,166,0,1,34,34,0.001128,-0.014961,0.011240,0.665982,0.245301,9.533927,-0.089068,0.001427,0.007125,6,1,0,0.000000,0,12.703449,0.000000,-0.013969,0,-0.252743,0.000000,-0.048359,12.703449,-0.252743,1,1,1,5.587600,0.000000,0.000000,0.000000,0.000000,0.000000,0.000000,0.000000
1.7601,18.185072,-0.223961,0.022273,0.000000,-0.009183,-0.065233,0,-0.252743,197,0.091916,0.088338,18.185072,-0.000419,12.576435,0.022273,18.185044,12.701451,0.022273,-0.223961,0.000000,0.012323,-0.486328,-44.428401,0.125016,0.000000,0.001484,0.002085,-0.000042,0.001484,0.091916,0.088338,-9.809172,-0.010178,0.004163,0.000000,1.481909,0.001462,27.000000,0.013045,18.185044,-0.000419,-0.223961,0.000000,0.125000,0.000000,171,0,1,34,34,-0.007432,0.008379,0.022172,0.268010,-0.392366,10.044063,-0.088888,0.001462,0.007136,7,1,0,0.000000,0,12.701856,0.000000,-0.009183,0,-0.252743,0.000000,-0.065233,12.701856,-0.252743,1,1,1,5.587668,0.000000,0.000000,0.000000,0.000000,0.000000,0.000000,0.000000
1.7701,18.184158,-0.223961,0.030708,0.000000,-0.039121,-0.057563,0,-0.252743,208,0.092879,0.086900,18.184158,-0.007645,12.576861,0.030708,18.184085,12.701880,0.030708,-0.223961,0.000000,0.012183,-0.486328,-44.428401,0.125019,0.000000,0.001773,0.002053,-0.000486,0.001773,0.092879,0.086900,-9.809175,-0.000549,0.003770,0.000000,1.482337,0.001443,27.000000,0.013045,18.184085,-0.007645,-0.223961,0.000000,0.125000,0.000000,176,0,1,34,34,-0.003176,0.023265,0.028748,0.111520,0.395166,9.764763,-0.088477,0.001440,0.007262,6,1,0,0.000000,0,12.698958,0.000000,-0.039121,0,-0.252743,0.000000,-0.057563,12.698958,-0.252743,1,1,1,5.587736,0.000000,0.000000,0.000000,0.000000,0.000000,0.000000,0.000000
1.7801,18.181512,-0.223194,0.019439,0.000000,-0.053314,-0.066767,0,-0.252743,218,0.092721,0.090183,18.181512,-0.026075,12.576243,0.019439,18.181497,12.701258,0.019439,-0.223194,0.000000,0.012399,-0.486328,-44.428401,0.125014,0.000000,0.001328,0.001971,-0.001267,0.001328,0.092721,0.090183,-9.809147,0.019998,-0.014503,0.000000,1.482484,0.001342,27.000000,0.013045,18.181497,-0.026075,-0.223194,0.000000,0.125000,0.000000,181,0,1,34,34,0.011811,-0.021454,0.019706,0.122733,-0.271220,9.518813,-0.088313,0.001342,0.007182,7,1,0,0.000000,0,12.694380,0.000000,-0.053314,0,-0.252743,0.000000,-0.066767,12.694380,-0.252743,1,1,1,5.587794,0.000000,0.000000,0.000000,0.000000,0.000000,0.000000,0.000000
1.7901,18.176293,-0.223194,-0.007936,0.000000,-0.088634,-0.059097,0,-0.252743,228,0.091633,0.087946,18.176293,-0.051627,12.576244,-0.007936,18.176320,12.701240,-0.007936,-0.223194,0.000000,0.012235,-0.486328,-44.428401,0.124996,0.000000,0.001666,0.001981,-0.001122,0.001666,0.091633,0.087946,-9.809178,-0.000200,-0.006841,0.000000,1.482465,0.001424,27.000000,0.013045,18.176320,-0.051627,-0.223194,0.000000,0.125000,0.000000,186,0,1,34,34,-0.003156,-0.006170,-0.007861,0.398278,0.141507,9.408295,-0.088331,0.001424,0.007125,6,1,0,0.000000,0,12.688122,0.000000,-0.088634,0,-0.252743,0.000000,-0.059097,12.688122,-0.252743,1,1,1,5.587847,0.000000,0.000000,0.000000,0.000000,0.000000,0.000000,0.000000
1.8001,18.167002,-0.223961,-0.005803,0.000000,-0.126155,-0.049893,0,-0.252743,237,0.090680,0.089258,18.167002,-0.108909,12.576905,-0.005803,18.167020,12.701903,-0.005803,-0.223961,0.000000,0.012420,-0.486328,-44.428401,0.124997,0.000000,0.001285,0.002088,0.000018,0.001285,0.090680,0.089258,-9.809175,0.001794,-0.005940,0.000000,1.482361,0.001495,27.000000,0.013045,18.167020,-0.108909,-0.223961,0.000000,0.125000,0.000000,191,0,1,34,34,-0.001021,-0.006192,-0.005726,0.829721,0.277745,10.012880,-0.088436,0.001495,0.006992,6,1,0,0.000000,0,12.680458,0.000000,-0.126155,0,-0.252743,0.000000,-0.049893,12.680458,-0.252743,1,1,1,5.587869,0.000000,0.000000,0.000000,0.000000,0.000000,0.000000,0.000000
1.8101,18.150172,-0.223194,0.009588,0.000000,-0.142046,-0.066767,0,-0.252743,247,0.090823,0.088738,18.150172,-0.183574,12.576192,0.009588,18.150146,12.701199,0.009588,-0.223194,0.000000,0.012310,-0.486328,-44.428401,0.125006,0.000000,0.001512,0.001981,-0.000032,0.001512,0.090823,0.088738,-9.809178,-0.004860,0.011818,0.000000,1.482424,0.001439,27.000000,0.013045,18.150146,-0.183574,-0.223194,0.000000,0.125000,0.000000,196,0,1,34,34,0.001098,0.012848,0.009430,0.466189,0.174842,9.810631,-0.088372,0.001439,0.007026,6,1,0,0.000000,0,12.671491,0.000000,-0.142046,0,-0.252743,0.000000,-0.066767,12.671491,-0.252743,1,1,1,5.587847,0.000000,0.000000,0.000000,0.000000,0.000000,0.000000,0.000000
1.8201,18.120479,-0.221660,0.107933,0.000000,-0.165848,-0.077505,0,-0.252743,2,0.088617,0.087842,18.120479,-0.271538,12.575145,0.107933,18.120328,12.700211,0.107933,-0.221660,0.000000,0.012177,-0.486328,-44.428401,0.125066,0.000000,0.001785,0.002125,-0.004361,0.001785,0.088617,0.087842,-9.809206,0.036388,-0.058561,0.000000,1.482970,0.001455,27.000000,0.013045,18.120328,-0.271538,-0.221660,0.000000,0.125000,0.000000,0,0,1,34,34,0.003347,-0.067545,0.108764,0.733370,0.346866,9.831675,-0.087826,0.001455,0.006844,6,1,0,0.000000,0,12.661634,0.000000,-0.165848,0,-0.252743,0.000000,-0.077505,12.661634,-0.252743,1,1,1,5.586249,0.000000,0.000000,0.000000,0.000000,0.000000,0.000000,0.000000
1.8301,18.110553,-0.216144,-0.322854,0.628319,-0.160145,-0.128362,0,-0.252743,13,0.071372,0.090766,18.110553,-0.135507,12.572117,-0.322854,18.111028,12.696847,-0.322854,-0.216144,0.628319,0.012337,-0.486328,-44.428401,0.124731,-0.001000,0.001455,0.002101,0.000642,0.001455,0.071372,0.090766,-9.809320,0.142988,-0.091485,0.627319,1.485127,0.001739,27.000000,0.013045,18.111028,-0.135507,-0.217058,0.628319,0.125000,-0.001000,5,0,1,34,34,0.078200,-0.146897,0.306300,2.684650,-0.662725,8.808333,-0.085670,0.001739,0.005122,6,1,0,0.000000,0,12.651354,0.000000,-0.160145,0,-0.252743,0.000000,-0.128362,12.651354,-0.252743,1,1,1,5.581864,0.000000,0.000000,0.000000,0.000000,0.000000,0.000000,0.000000
1.8401,18.112144,-0.209294,-0.669764,0.733038,-0.152437,-0.155392,0,-0.252743,21,0.068764,0.090480,18.112144,-0.002513,12.567250,-0.669764,18.112850,12.691834,-0.669764,-0.209294,0.733038,0.012474,-0.486328,-44.428401,0.124585,-0.007000,0.001175,0.002000,0.000451,0.001175,0.068764,0.090480,-9.809342,-0.101077,0.048212,0.726038,1.486963,0.001995,27.000000,0.013045,18.112850,-0.002513,-0.210155,0.733038,0.125000,-0.007000,10,0,1,34,34,-0.063011,0.093272,0.055115,0.933064,0.446010,9.555259,-0.083834,0.001995,0.004940,7,1,0,0.000000,0,12.641221,0.000000,-0.152437,0,-0.252743,0.000000,-0.155392,12.641221,-0.252743,1,1,1,5.581735,0.000000,0.000000,0.000000,0.000000,0.000000,0.000000,0.000000
1.8501,18.105648,-0.203973,-0.726799,0.523599,-0.139279,-0.150747,0,-0.252743,32,0.073714,0.089500,18.105648,-0.056758,12.561120,-0.726799,18.106714,12.685540,-0.726799,-0.203973,0.523599,0.012290,-0.486328,-44.428401,0.124420,-0.018000,0.001553,0.001973,0.000446,0.001553,0.073714,0.089500,-9.809315,-0.017069,-0.011006,0.505599,1.485988,0.001833,27.000000,0.013045,18.106714,-0.056758,-0.204786,0.523599,0.125000,-0.018000,15,0,1,34,34,-0.020298,-0.003384,-0.221176,-0.118078,0.188450,9.456283,-0.084808,0.001833,0.005510,7,1,0,0.000000,0,12.631755,0.000000,-0.139279,0,-0.252743,0.000000,-0.150747,12.631755,-0.252743,1,1,1,5.581609,0.000000,0.000000,0.000000,0.000000,0.000000,0.000000,0.000000
1.8601,18.100476,-0.202349,-0.575744,0.104720,-0.146612,-0.117031,0,-0.252743,43,0.068407,0.092149,18.100476,-0.057701,12.555669,-0.575744,18.101249,12.680257,-0.575744,-0.202349,0.104720,0.012412,-0.486328,-44.428401,0.124588,-0.004000,0.001302,0.002133,-0.000412,0.001302,0.068407,0.092149,-9.809329,0.045610,-0.072888,0.100720,1.482331,0.001808,27.000000,0.013045,18.101249,-0.057701,-0.202485,0.104720,0.125000,-0.004000,20,0,1,34,34,0.001067,-0.091865,-0.473921,1.529080,-0.170467,9.941838,-0.088465,0.001808,0.004943,7,1,0,0.000000,0,12.623218,0.000000,-0.146612,0,-0.252743,0.000000,-0.117031,12.623218,-0.252743,1,1,1,5.581490,0.000000,0.000000,0.000000,0.000000,0.000000,0.000000,0.000000
1.8701,18.096295,-0.203252,-0.671968,0.000000,-0.141421,-0.089948,0,-0.252743,51,0.063194,0.096405,18.096295,-0.047543,12.549508,-0.671968,18.097414,12.675151,-0.671968,-0.203252,0.000000,0.012217,-0.486328,-44.428401,0.125643,0.020000,0.001703,0.001936,0.001211,0.001703,0.063194,0.096405,-9.809323,-0.076607,-0.032578,0.020000,1.476327,0.001291,27.000000,0.013045,18.097414,-0.047543,-0.203252,0.000000,0.126000,0.020000,25,0,1,34,34,-0.082337,0.004303,-0.652069,2.055817,-0.409350,9.949351,-0.094470,0.001291,0.004326,6,1,0,0.000000,0,12.615834,0.000000,-0.141421,0,-0.252743,0.000000,-0.089948,12.615834,-0.252743,1,1,1,5.581367,0.000000,0.000000,0.000000,0.000000,0.000000,0.000000,0.000000
1.8801,18.089037,-0.203436,-0.669417,-0.104720,-0.105937,-0.096777,0,-0.252743,62,0.068267,0.100704,18.089037,-0.063879,12.543721,-0.669417,18.090223,12.668312,-0.669417,-0.203436,-0.104720,0.012192,-0.486328,-44.428401,0.124591,0.022000,0.001754,0.001933,0.000481,0.001754,0.068267,0.100704,-9.809246,-0.072844,0.078059,-0.082720,1.469307,0.000732,27.000000,0.013045,18.090223,-0.063879,-0.203252,-0.104720,0.125000,0.022000,30,0,1,34,34,-0.020559,0.095593,-0.753358,0.766183,-0.424673,10.359887,-0.101489,0.000732,0.004741,7,1,0,0.000000,0,12.610053,0.000000,-0.105937,0,-0.252743,0.000000,-0.096777,12.610053,-0.252743,1,1,1,5.581252,0.000000,0.000000,0.000000,0.000000,0.000000,0.000000,0.000000
1.8901,18.082284,-0.203252,-0.766383,0.000000,-0.076622,-0.100817,0,-0.252743,72,0.073465,0.100208,18.082284,-0.065973,12.536267,-0.766383,18.083416,12.660739,-0.766383,-0.203252,0.000000,0.012331,-0.486328,-44.428401,0.124472,0.004000,0.001469,0.001987,-0.000863,0.001469,0.073465,0.100208,-9.809213,0.025906,0.052499,0.004000,1.461916,0.000814,27.000000,0.013045,18.083416,-0.065973,-0.203252,0.000000,0.125000,0.004000,35,0,1,34,34,0.049959,0.021116,-0.762702,0.848290,-0.143460,9.271737,-0.108880,0.000814,0.005273,7,1,0,0.000000,0,12.605805,0.000000,-0.076622,0,-0.252743,0.000000,-0.100817,12.605805,-0.252743,1,1,1,5.581139,0.000000,0.000000,0.000000,0.000000,0.000000,0.000000,0.000000
1.9001,18.075948,-0.203252,-0.793136,0.000000,-0.057605,-0.098981,0,-0.252743,81,0.071470,0.098085,18.075948,-0.079273,12.528677,-0.793136,18.076993,12.653088,-0.793136,-0.203252,0.000000,0.012410,-0.486328,-44.428401,0.124411,-0.017000,0.001306,0.001987,-0.000234,0.001306,0.071470,0.098085,-9.809249,0.025430,0.013390,-0.017000,1.454263,0.001146,27.000000,0.013045,18.076993,-0.079273,-0.203252,0.000000,0.125000,-0.017000,40,0,1,34,34,0.028634,-0.012513,-0.810043,0.841001,-0.144154,10.104353,-0.116533,0.001146,0.005117,7,1,0,0.000000,0,12.602509,0.000000,-0.057605,0,-0.252743,0.000000,-0.098981,12.602509,-0.252743,1,1,1,5.581029,0.000000,0.000000,0.000000,0.000000,0.000000,0.000000,0.000000
1.9101,18.066275,-0.204019,-0.910883,0.000000,-0.038467,-0.089777,0,-0.252743,90,0.070594,0.094074,18.066275,-0.080215,12.520353,-0.910883,18.067885,12.644758,-0.910883,-0.204019,0.000000,0.012172,-0.486328,-44.428401,0.124405,-0.020000,0.001795,0.002025,0.000815,0.001795,0.070594,0.094074,-9.809295,-0.003968,0.038745,-0.020000,1.445165,0.001323,27.000000,0.013045,18.067885,-0.080215,-0.204019,0.000000,0.125000,-0.020000,45,0,1,34,34,0.017888,0.023264,-0.931236,1.200975,0.821917,10.104724,-0.125632,0.001323,0.005104,6,1,0,0.000000,0,12.599403,0.000000,-0.038467,0,-0.252743,0.000000,-0.089777,12.599403,-0.252743,1,1,1,5.580907,0.000000,0.000000,0.000000,0.000000,0.000000,0.000000,0.000000
1.9201,18.060016,-0.204786,-1.010862,0.000000,-0.021535,-0.088243,0,-0.252743,100,0.072285,0.091511,18.060016,-0.071000,12.511500,-1.010862,18.061557,12.635887,-1.010862,-0.204786,0.000000,0.012292,-0.486328,-44.428401,0.124387,-0.003000,0.001548,0.002151,0.000929,0.001548,0.072285,0.091511,-9.809307,0.021219,0.066034,-0.003000,1.435524,0.001660,27.000000,0.013045,18.061557,-0.071000,-0.204786,0.000000,0.125000,-0.003000,50,0,1,34,34,0.054144,0.030884,-1.014318,0.234330,0.448934,9.286861,-0.135272,0.001660,0.005318,6,1,0,0.000000,0,12.596297,0.000000,-0.021535,0,-0.252743,0.000000,-0.088243,12.596297,-0.252743,1,1,1,5.580798,0.000000,0.000000,0.000000,0.000000,0.000000,0.000000,0.000000
1.9301,18.056240,-0.206857,-0.873270,-0.314159,-0.006731,-0.071070,0,-0.252743,107,0.077599,0.088576,18.056240,-0.040317,12.501448,-0.873270,18.057722,12.626845,-0.873270,-0.206857,-0.314159,0.012215,-0.486328,-44.428401,0.125397,0.014000,0.001707,0.001926,0.001137,0.001707,0.077599,0.088576,-9.809293,-0.073437,0.030806,-0.300159,1.424409,0.001753,27.000000,0.013045,18.057722,-0.040317,-0.206320,-0.314159,0.126000,0.014000,55,0,1,34,34,-0.044117,0.051961,-1.174151,-0.452933,0.631673,9.948609,-0.146388,0.001753,0.005887,7,1,0,0.000000,0,12.593292,0.000000,-0.006731,0,-0.252743,0.000000,-0.071070,12.593292,-0.252743,1,1,1,5.580702,0.000000,0.000000,0.000000,0.000000,0.000000,0.000000,0.000000
1.9401,18.053377,-0.210155,-0.795859,-0.418879,0.005206,-0.052193,0,-0.252743,116,0.079517,0.093115,18.053377,-0.028065,12.493482,-0.795859,18.054846,12.618052,-0.795859,-0.210155,-0.418879,0.012155,-0.486328,-44.428401,0.124570,0.016000,0.001830,0.002006,0.001659,0.001830,0.079517,0.093115,-9.809236,-0.048867,-0.044619,-0.402879,1.412322,0.001181,27.000000,0.013045,18.054846,-0.028065,-0.209388,-0.418879,0.125000,0.016000,60,0,1,34,34,-0.065390,-0.024717,-1.198527,0.045754,0.239311,9.992844,-0.158475,0.001181,0.005947,6,1,0,0.000000,0,12.590525,0.000000,0.005206,0,-0.252743,0.000000,-0.052193,12.590525,-0.252743,1,1,1,5.580626,0.000000,0.000000,0.000000,0.000000,0.000000,0.000000,0.000000
1.9501,18.051966,-0.214677,-0.729134,-0.523599,-0.001183,-0.030904,0,-0.252743,128,0.082067,0.104923,18.051966,-0.018850,12.486349,-0.729134,18.052929,12.610933,-0.729134,-0.214677,-0.523599,0.012407,-0.486328,-44.428401,0.124584,0.010000,0.001313,0.002003,0.001442,0.001313,0.082067,0.104923,-9.809096,-0.098902,-0.034804,-0.513599,1.400689,0.000174,27.000000,0.013045,18.052929,-0.018850,-0.213990,-0.523599,0.125000,0.010000,65,0,1,34,34,-0.101728,0.009965,-1.242952,-0.009648,-0.654477,9.572298,-0.170107,0.000174,0.005895,6,1,0,0.000000,0,12.587896,0.000000,-0.001183,0,-0.252743,0.000000,-0.030904,12.587896,-0.252743,1,1,1,5.580570,0.000000,0.000000,0.000000,0.000000,0.000000,0.000000,0.000000
1.9601,18.053024,-0.218633,-0.680204,-0.523599,0.025517,-0.028667,0,-0.252743,134,0.085888,0.112050,18.053024,0.007645,12.477838,-0.680204,18.054079,12.602505,-0.680204,-0.218633,-0.523599,0.012295,-0.486328,-44.428401,0.124667,0.000000,0.001543,0.002010,0.001892,0.001543,0.085888,0.112050,-9.808984,-0.074449,0.006066,-0.523599,1.388313,-0.000755,27.000000,0.013045,18.054079,0.007645,-0.217825,-0.523599,0.125000,0.000000,70,0,1,34,34,-0.059046,0.030946,-1.204274,0.316268,-0.356685,10.255003,-0.182483,-0.000755,0.006069,6,1,0,0.000000,0,12.585434,0.000000,0.025517,0,-0.252743,0.000000,-0.028667,12.585434,-0.252743,1,1,1,5.580537,0.000000,0.000000,0.000000,0.000000,0.000000,0.000000,0.000000
1.9701,18.054854,-0.222301,-0.679058,-0.418879,0.032235,-0.024200,0,-0.252743,144,0.089866,0.113426,18.054854,0.019897,12.470072,-0.679058,18.055901,12.594543,-0.679058,-0.222301,-0.418879,0.012301,-0.486328,-44.428401,0.124472,-0.008000,0.001530,0.002013,0.001746,0.001530,0.089866,0.113426,-9.808933,0.009146,0.042395,-0.426879,1.376685,-0.000997,27.000000,0.013045,18.055901,0.019897,-0.221660,-0.418879,0.125000,-0.008000,75,0,1,34,34,0.030651,0.017078,-1.106231,-0.580573,-0.987197,10.161949,-0.194111,-0.000997,0.006386,7,1,0,0.000000,0,12.583003,0.000000,0.032235,0,-0.252743,0.000000,-0.024200,12.583003,-0.252743,1,1,1,5.580537,0.000000,0.000000,0.000000,0.000000,0.000000,0.000000,0.000000
1.9801,18.057772,-0.224612,-0.560274,-0.418879,0.047634,-0.033148,0,-0.252743,154,0.089823,0.109905,18.057772,0.029112,12.461674,-0.560274,18.058681,12.586280,-0.560274,-0.224612,-0.418879,0.012289,-0.486328,-44.428401,0.124605,-0.008000,0.001555,0.001981,0.001826,0.001555,0.089823,0.109905,-9.808973,0.054747,0.034800,-0.426879,1.366107,-0.000673,27.000000,0.013045,18.058681,0.029112,-0.223961,-0.418879,0.125000,-0.008000,80,0,1,34,34,0.064871,-0.012192,-0.987077,0.294808,-0.110931,9.711944,-0.204689,-0.000673,0.006431,7,1,0,0.000000,0,12.580633,0.000000,0.047634,0,-0.252743,0.000000,-0.033148,12.580633,-0.252743,1,1,1,5.580572,0.000000,0.000000,0.000000,0.000000,0.000000,0.000000,0.000000
1.9901,18.065274,-0.226556,-0.699006,-0.209440,0.046461,-0.032934,0,-0.252743,164,0.087119,0.105694,18.065274,0.074142,12.454296,-0.699006,18.066255,12.578904,-0.699006,-0.226556,-0.209440,0.012362,-0.486328,-44.428401,0.124609,-0.002000,0.001405,0.002125,0.003019,0.001405,0.087119,0.105694,-9.809044,0.046382,0.024062,-0.211440,1.356784,-0.000132,27.000000,0.013045,18.066255,0.074142,-0.226262,-0.209440,0.125000,-0.002000,85,0,1,34,34,0.052089,-0.015387,-0.910325,-0.348395,0.295629,9.284942,-0.214013,-0.000132,0.006234,6,1,0,0.000000,0,12.578070,0.000000,0.046461,0,-0.252743,0.000000,-0.032934,12.578070,-0.252743,1,1,1,5.580651,0.000000,0.000000,0.000000,0.000000,0.000000,0.000000,0.000000
2.0001,18.075879,-0.227295,-0.655570,-0.209440,0.060178,-0.043504,0,-0.252743,173,0.085883,0.102965,18.075879,0.127339,12.446351,-0.655570,18.076705,12.570876,-0.655570,-0.227295,-0.209440,0.012427,-0.486328,-44.428401,0.124525,0.002000,0.001271,0.001981,0.001309,0.001271,0.085883,0.102965,-9.809084,-0.008667,0.015884,-0.207440,1.348014,0.000227,27.000000,0.013045,18.076705,0.127339,-0.227029,-0.209440,0.125000,0.002000,90,0,1,34,34,0.000848,0.007349,-0.863167,-0.174029,0.238604,10.040545,-0.222783,0.000227,0.006164,7,1,0,0.000000,0,12.575196,0.000000,0.060178,0,-0.252743,0.000000,-0.043504,12.575196,-0.252743,1,1,1,5.583533,0.000000,0.000000,0.000000,0.000000,0.000000,0.000000,0.000000
2.0101,18.090009,-0.228162,-0.628670,-0.209440,0.059368,-0.040490,0,-0.252743,183,0.087301,0.101169,18.090009,0.147760,12.438496,-0.628670,18.091086,12.563056,-0.628670,-0.228162,-0.209440,0.012194,-0.486328,-44.428401,0.124560,0.003000,0.001749,0.002101,0.001322,0.001749,0.087301,0.101169,-9.809090,-0.034345,0.009554,-0.206440,1.339327,0.000135,27.000000,0.013045,18.091086,0.147760,-0.227796,-0.209440,0.125000,0.003000,95,0,1,34,34,-0.024768,0.015454,-0.835360,-1.121898,0.290853,9.638496,-0.231470,0.000135,0.006336,7,1,0,0.000000,0,12.571603,0.000000,0.059368,0,-0.252743,0.000000,-0.040490,12.571603,-0.252743,1,1,1,5.594709,0.000000,0.000000,0.000000,0.000000,0.000000,0.000000,0.000000
2.0201,18.092720,-0.232300,-0.542436,-0.418879,0.022489,0.000488,0,-0.252743,194,0.098208,0.106697,18.092720,0.017802,12.433532,-0.542436,18.093579,12.558220,-0.542436,-0.232300,-0.418879,0.012269,-0.486328,-44.428401,0.124688,0.002000,0.001597,0.001951,0.000019,0.001597,0.098208,0.106697,-9.808928,-0.146954,0.029548,-0.416879,1.330358,-0.000621,27.000000,0.013045,18.093579,0.017802,-0.231631,-0.418879,0.125000,0.002000,100,0,1,34,34,-0.112399,0.087395,-0.960460,-1.968743,0.046063,10.841359,-0.240438,-0.000621,0.007238,6,1,0,0.000000,0,12.567217,0.000000,0.022489,0,-0.252743,0.000000,0.000488,12.567217,-0.252743,1,1,1,5.599211,0.000000,0.000000,0.000000,0.000000,0.000000,0.000000,0.000000
2.0301,18.086073,-0.239023,-0.090129,-0.733038,-0.009192,0.039791,0,-0.252743,204,0.103370,0.113278,18.086073,-0.066916,12.430607,-0.090129,18.086293,12.555608,-0.090129,-0.239023,-0.733038,0.012212,-0.486328,-44.428401,0.125002,0.002000,0.001713,0.001956,-0.001877,0.001713,0.103370,0.113278,-9.808801,0.020248,-0.109755,-0.731038,1.321032,-0.001503,27.000000,0.013045,18.086293,-0.066916,-0.237767,-0.733038,0.125000,0.002000,105,0,1,34,34,-0.037433,-0.115162,-0.819823,-0.495990,-0.924123,9.703258,-0.249765,-0.001503,0.007504,7,1,0,0.000000,0,12.562339,0.000000,-0.009192,0,-0.252743,0.000000,0.039791,12.562339,-0.252743,1,1,1,5.599498,0.000000,0.000000,0.000000,0.000000,0.000000,0.000000,0.000000
2.0401,18.083625,-0.244028,-0.034095,-0.628319,-0.020114,0.032622,0,-0.252743,213,0.098724,0.117412,18.083625,-0.034243,12.428452,-0.034095,18.083704,12.553475,-0.034095,-0.244028,-0.628319,0.012354,-0.486328,-44.428401,0.125023,0.012000,0.001420,0.002045,-0.000402,0.001420,0.098724,0.117412,-9.808801,-0.029604,-0.032273,-0.616319,1.313897,-0.001692,27.000000,0.013045,18.083704,-0.034243,-0.243136,-0.628319,0.125000,0.012000,110,0,1,34,34,-0.041752,-0.021252,-0.650200,-0.038085,-0.401386,9.986351,-0.256900,-0.001692,0.006874,7,1,0,0.000000,0,12.557409,0.000000,-0.020114,0,-0.252743,0.000000,0.032622,12.557409,-0.252743,1,1,1,5.599680,0.000000,0.000000,0.000000,0.000000,0.000000,0.000000,0.000000
2.0501,18.079963,-0.246732,-0.061073,-0.314159,-0.023629,0.015023,0,-0.252743,223,0.101263,0.115408,18.079963,-0.037280,12.426277,-0.061073,18.080061,12.551262,-0.061073,-0.246732,-0.314159,0.012227,-0.486328,-44.428401,0.124984,0.008000,0.001683,0.001999,0.000017,0.001683,0.101263,0.115408,-9.808798,-0.000987,0.054922,-0.306159,1.308978,-0.001703,27.000000,0.013045,18.080061,-0.037280,-0.246204,-0.314159,0.125000,0.008000,115,0,1,34,34,0.026571,0.043583,-0.367792,0.016228,0.271281,9.725173,-0.261818,-0.001703,0.007137,6,1,0,0.000000,0,12.552570,0.000000,-0.023629,0,-0.252743,0.000000,0.015023,12.552570,-0.252743,1,1,1,5.599866,0.000000,0.000000,0.000000,0.000000,0.000000,0.000000,0.000000
2.0601,18.073836,-0.246971,-0.172355,0.000000,-0.024985,-0.009160,0,-0.252743,233,0.103638,0.109870,18.073836,-0.065973,12.424031,-0.172355,18.074117,12.548899,-0.172355,-0.246971,0.000000,0.012289,-0.486328,-44.428401,0.124868,-0.006000,0.001555,0.001848,-0.001029,0.001555,0.103638,0.109870,-9.808837,0.075053,0.047123,-0.006000,1.306371,-0.001155,27.000000,0.013045,18.074117,-0.065973,-0.246971,0.000000,0.125000,-0.006000,120,0,1,34,34,0.088575,0.000635,-0.178376,-1.351775,-0.008773,9.108962,-0.264425,-0.001155,0.007506,7,1,0,0.000000,0,12.547907,0.000000,-0.024985,0,-0.252743,0.000000,-0.009160,12.547907,-0.252743,1,1,1,5.600032,0.000000,0.000000,0.000000,0.000000,0.000000,0.000000,0.000000
2.0701,18.065587,-0.246971,-0.038598,0.000000,-0.040797,-0.011544,0,-0.252743,244,0.098220,0.101957,18.065587,-0.084299,12.422834,-0.038598,18.065680,12.547774,-0.038598,-0.246971,0.000000,0.012205,-0.486328,-44.428401,0.124939,-0.015000,0.001727,0.002152,0.000188,0.001727,0.098220,0.101957,-9.808978,0.056127,-0.016937,-0.015000,1.305238,-0.000321,27.000000,0.013045,18.065680,-0.084299,-0.246971,0.000000,0.125000,-0.015000,125,0,1,34,34,0.039563,-0.043917,-0.053066,-0.520284,0.322808,9.399949,-0.265558,-0.000321,0.007168,7,1,0,0.000000,0,12.543547,0.000000,-0.040797,0,-0.252743,0.000000,-0.011544,12.543547,-0.252743,1,1,1,5.600189,0.000000,0.000000,0.000000,0.000000,0.000000,0.000000,0.000000
2.0801,18.055841,-0.246204,0.045049,0.000000,-0.043770,-0.020748,0,-0.252743,253,0.091916,0.102614,18.055841,-0.101683,12.421794,0.045049,18.055805,12.546795,0.045049,-0.246204,0.000000,0.012358,-0.486328,-44.428401,0.125001,-0.014000,0.001412,0.001985,-0.002492,0.001412,0.091916,0.102614,-9.809033,0.039899,-0.059049,-0.014000,1.305025,-0.000070,27.000000,0.013045,18.055805,-0.101683,-0.246204,0.000000,0.125000,-0.014000,130,0,1,34,34,0.003328,-0.070798,0.031926,0.568856,1.052242,10.010923,-0.265771,-0.000070,0.006538,6,1,0,0.000000,0,12.539625,0.000000,-0.043770,0,-0.252743,0.000000,-0.020748,12.539625,-0.252743,1,1,1,5.600308,0.000000,0.000000,0.000000,0.000000,0.000000,0.000000,0.000000
2.0901,18.047529,-0.244505,-0.035925,0.104720,-0.041701,-0.033466,0,-0.252743,8,0.090146,0.105179,18.047529,-0.110898,12.420599,-0.035925,18.047560,12.545575,-0.035925,-0.244505,0.104720,0.012279,-0.486328,-44.428401,0.124977,0.000000,0.001576,0.001984,-0.000136,0.001576,0.090146,0.105179,-9.809022,-0.036377,-0.032303,0.104720,1.305508,-0.000349,27.000000,0.013045,18.047560,-0.110898,-0.244670,0.104720,0.125000,0.000000,135,0,1,34,34,-0.047959,-0.007319,0.068890,-0.681652,0.110355,9.560406,-0.265288,-0.000349,0.006321,6,1,0,0.000000,0,12.536126,0.000000,-0.041701,0,-0.252743,0.000000,-0.033466,12.536126,-0.252743,1,1,1,5.600409,0.000000,0.000000,0.000000,0.000000,0.000000,0.000000,0.000000
2.1001,18.025291,-0.242096,-0.082136,0.209440,-0.044875,-0.045376,0,-0.252743,18,0.088692,0.111905,18.025291,-0.165143,12.419224,-0.082136,18.025413,12.544201,-0.082136,-0.242096,0.209440,0.012413,-0.486328,-44.428401,0.124977,0.009000,0.001300,0.002007,-0.007108,0.001300,0.088692,0.111905,-9.808961,-0.028788,-0.066690,0.218440,1.306547,-0.000830,27.000000,0.013045,18.025413,-0.165143,-0.242369,0.209440,0.125000,0.009000,140,0,1,34,34,-0.060714,-0.038180,0.136788,0.103459,-0.054015,9.741103,-0.264249,-0.000830,0.006043,7,1,0,0.000000,0,12.532587,0.000000,-0.044875,0,-0.252743,0.000000,-0.045376,12.532587,-0.252743,1,1,1,5.600466,0.000000,0.000000,0.000000,0.000000,0.000000,0.000000,0.000000
2.1101,18.005349,-0.239707,-0.074563,0.209440,-0.056752,-0.049962,0,-0.252743,28,0.083902,0.115591,18.005349,-0.208078,12.418430,-0.074563,18.005471,12.543383,-0.074563,-0.239707,0.209440,0.012208,-0.486328,-44.428401,0.124953,0.005000,0.001721,0.001997,-0.002416,0.001721,0.083902,0.115591,-9.808960,0.002051,-0.083446,0.214440,1.308122,-0.001269,27.000000,0.013045,18.005471,-0.208078,-0.240068,0.209440,0.125000,0.005000,145,0,1,34,34,-0.045739,-0.068111,0.140718,-0.112891,-0.738452,10.174325,-0.262675,-0.001269,0.005511,7,1,0,0.000000,0,12.528975,0.000000,-0.056752,0,-0.252743,0.000000,-0.049962,12.528975,-0.252743,1,1,1,5.600457,0.000000,0.000000,0.000000,0.000000,0.000000,0.000000,0.000000
2.1201,17.982681,-0.237478,-0.036667,0.209440,-0.068500,-0.052825,0,-0.252743,38,0.079884,0.122008,17.982681,-0.233630,12.417602,-0.036667,17.982747,12.542569,-0.036667,-0.237478,0.209440,0.012374,-0.486328,-44.428401,0.124967,-0.002000,0.001380,0.001986,-0.002955,0.001380,0.079884,0.122008,-9.808916,0.005241,-0.030565,0.207440,1.309540,-0.001630,27.000000,0.013045,17.982747,-0.233630,-0.237767,0.209440,0.125000,-0.002000,150,0,1,34,34,-0.013756,-0.025678,0.171104,0.966220,-0.364719,10.159639,-0.261256,-0.001630,0.004989,6,1,0,0.000000,0,12.524854,0.000000,-0.068500,0,-0.252743,0.000000,-0.052825,12.524854,-0.252743,1,1,1,5.600377,0.000000,0.000000,0.000000,0.000000,0.000000,0.000000,0.000000
2.1301,17.962961,-0.233575,0.044646,0.209440,-0.074987,-0.077368,0,-0.252743,48,0.074641,0.121409,17.962961,-0.215304,12.415774,0.044646,17.962902,12.540776,0.044646,-0.233575,0.209440,0.012215,-0.486328,-44.428401,0.125003,-0.007000,0.001706,0.002001,-0.001843,0.001706,0.074641,0.121409,-9.808965,0.064137,-0.015060,0.202440,1.311650,-0.001586,27.000000,0.013045,17.962902,-0.215304,-0.233932,0.209440,0.125000,-0.007000,155,0,1,34,34,0.041790,-0.047908,0.247689,1.300542,-0.494872,9.871437,-0.259146,-0.001586,0.004538,6,1,0,0.000000,0,12.519765,0.000000,-0.074987,0,-0.252743,0.000000,-0.077368,12.519765,-0.252743,1,1,1,5.600220,0.000000,0.000000,0.000000,0.000000,0.000000,0.000000,0.000000
2.1401,17.959116,-0.227004,-0.196903,0.523599,-0.075586,-0.117189,0,-0.252743,58,0.065754,0.115744,17.959116,-0.048485,12.412461,-0.196903,17.959354,12.537344,-0.196903,-0.227004,0.523599,0.012309,-0.486328,-44.428401,0.124883,-0.004000,0.001513,0.002000,0.000505,0.001513,0.065754,0.115744,-9.809097,0.093805,0.055273,0.519599,1.314784,-0.000696,27.000000,0.013045,17.959354,-0.048485,-0.227796,0.523599,0.125000,-0.004000,160,0,1,34,34,0.107945,-0.010246,0.322846,1.326920,0.278012,10.013206,-0.256013,-0.000696,0.003875,7,1,0,0.000000,0,12.513536,0.000000,-0.075586,0,-0.252743,0.000000,-0.117189,12.513536,-0.252743,1,1,1,5.600044,0.000000,0.000000,0.000000,0.000000,0.000000,0.000000,0.000000
2.1501,17.958956,-0.221480,-0.383291,0.523599,-0.095672,-0.117767,0,-0.252743,66,0.066625,0.106990,17.958956,-0.008692,12.409439,-0.383291,17.959546,12.534179,-0.383291,-0.221480,0.523599,0.012165,-0.486328,-44.428401,0.124740,-0.004000,0.001810,0.002100,0.000464,0.001810,0.066625,0.106990,-9.809190,0.009174,0.065879,0.519599,1.317137,0.000033,27.000000,0.013045,17.959546,-0.008692,-0.222427,0.523599,0.125000,-0.004000,165,0,1,34,34,0.048060,0.047638,0.135739,0.310439,0.657806,9.413426,-0.253660,0.000033,0.004230,6,1,0,0.000000,0,12.506366,0.000000,-0.095672,0,-0.252743,0.000000,-0.117767,12.506366,-0.252743,1,1,1,5.599866,0.000000,0.000000,0.000000,0.000000,0.000000,0.000000,0.000000
2.1601,17.955521,-0.218108,-0.388718,0.314159,-0.111862,-0.102991,0,-0.252743,76,0.069299,0.103967,17.955521,-0.036233,12.406294,-0.388718,17.956095,12.531031,-0.388718,-0.218108,0.314159,0.012295,-0.486328,-44.428401,0.124737,-0.008000,0.001542,0.001992,0.000627,0.001542,0.069299,0.103967,-9.809204,0.013416,0.005486,0.306159,1.317358,0.000419,27.000000,0.013045,17.956095,-0.036233,-0.218592,0.314159,0.125000,-0.008000,170,0,1,34,34,0.013898,-0.005129,-0.082502,-0.357691,0.332104,9.428859,-0.253439,0.000419,0.004604,7,1,0,0.000000,0,12.498532,0.000000,-0.111862,0,-0.252743,0.000000,-0.102991,12.498532,-0.252743,1,1,1,5.599702,0.000000,0.000000,0.000000,0.000000,0.000000,0.000000,0.000000
2.1701,17.951571,-0.216165,-0.337176,0.104720,-0.121016,-0.092585,0,-0.252743,85,0.064548,0.105045,17.951571,-0.041364,12.402587,-0.337176,17.951972,12.527385,-0.337176,-0.216165,0.104720,0.012458,-0.486328,-44.428401,0.124798,0.002000,0.001208,0.002089,-0.000227,0.001208,0.064548,0.105045,-9.809225,-0.001591,-0.040364,0.106720,1.315654,0.000587,27.000000,0.013045,17.951972,-0.041364,-0.216291,0.104720,0.125000,0.002000,175,0,1,34,34,-0.026673,-0.033206,-0.230061,1.305994,0.897997,10.143839,-0.255142,0.000587,0.004130,6,1,0,0.000000,0,12.490217,0.000000,-0.121016,0,-0.252743,0.000000,-0.092585,12.490217,-0.252743,1,1,1,5.599537,0.000000,0.000000,0.000000,0.000000,0.000000,0.000000,0.000000
2.1801,17.947026,-0.215524,-0.334659,0.000000,-0.136546,-0.080841,0,-0.252743,95,0.062609,0.108888,17.947026,-0.048485,12.398983,-0.334659,17.947562,12.523803,-0.334659,-0.215524,0.000000,0.012245,-0.486328,-44.428401,0.124820,0.011000,0.001646,0.001961,-0.000468,0.001646,0.062609,0.108888,-9.809196,-0.058400,-0.048367,0.011000,1.312716,0.000036,27.000000,0.013045,17.947562,-0.048485,-0.215524,0.000000,0.125000,0.011000,180,0,1,34,34,-0.075827,-0.004319,-0.323630,0.878552,-0.093967,9.913473,-0.258080,0.000036,0.003861,6,1,0,0.000000,0,12.481451,0.000000,-0.136546,0,-0.252743,0.000000,-0.080841,12.481451,-0.252743,1,1,1,5.599361,0.000000,0.000000,0.000000,0.000000,0.000000,0.000000,0.000000
2.1901,17.942557,-0.215524,-0.430541,0.000000,-0.151618,-0.074437,0,-0.252743,104,0.066404,0.117308,17.942557,-0.045448,12.395423,-0.430541,17.943152,12.520175,-0.430541,-0.215524,0.000000,0.012350,-0.486328,-44.428401,0.124752,0.008000,0.001428,0.002027,0.000807,0.001428,0.066404,0.117308,-9.809074,-0.083852,0.005673,0.008000,1.309094,-0.000779,27.000000,0.013045,17.943152,-0.045448,-0.215524,0.000000,0.125000,0.008000,185,0,1,34,34,-0.060974,0.052617,-0.423223,0.582495,-0.180420,9.931552,-0.261702,-0.000779,0.004055,6,1,0,0.000000,0,12.472248,0.000000,-0.151618,0,-0.252743,0.000000,-0.074437,12.472248,-0.252743,1,1,1,5.599191,0.000000,0.000000,0.000000,0.000000,0.000000,0.000000,0.000000
2.2001,17.938125,-0.214757,-0.438977,0.000000,-0.146803,-0.083641,0,-0.252743,114,0.067888,0.120283,17.938125,-0.044401,12.390530,-0.438977,17.938741,12.515213,-0.438977,-0.214757,0.000000,0.012371,-0.486328,-44.428401,0.124683,-0.002000,0.001385,0.001938,0.000002,0.001385,0.067888,0.120283,-9.809028,0.006528,0.003715,-0.002000,1.304900,-0.001083,27.000000,0.013045,17.938741,-0.044401,-0.214757,0.000000,0.125000,-0.002000,190,0,1,34,34,0.007391,-0.006794,-0.440927,0.667681,-0.148271,9.654388,-0.265896,-0.001083,0.004148,7,1,0,0.000000,0,12.463039,0.000000,-0.146803,0,-0.252743,0.000000,-0.083641,12.463039,-0.252743,1,1,1,5.599021,0.000000,0.000000,0.000000,0.000000,0.000000,0.000000,0.000000
2.2101,17.932556,-0.213223,-0.493737,0.000000,-0.134287,-0.094379,0,-0.252743,124,0.065987,0.117195,17.932556,-0.056758,12.384121,-0.493737,17.933372,12.508795,-0.493737,-0.213223,0.000000,0.012225,-0.486328,-44.428401,0.124673,-0.011000,0.001685,0.002091,0.001008,0.001685,0.065987,0.117195,-9.809078,0.009675,0.019770,-0.011000,1.300014,-0.000874,27.000000,0.013045,17.933372,-0.056758,-0.213223,0.000000,0.125000,-0.011000,195,0,1,34,34,0.020170,0.002641,-0.504807,0.773255,-0.187640,9.749766,-0.270782,-0.000874,0.004046,6,1,0,0.000000,0,12.454126,0.000000,-0.134287,0,-0.252743,0.000000,-0.094379,12.454126,-0.252743,1,1,1,5.598846,0.000000,0.000000,0.000000,0.000000,0.000000,0.000000,0.000000
2.2201,17.925179,-0.213223,-0.570571,0.000000,-0.146560,-0.079039,0,-0.252743,134,0.064485,0.116713,17.925179,-0.067963,12.378892,-0.570571,17.925990,12.503468,-0.570571,-0.213223,0.000000,0.012352,-0.486328,-44.428401,0.124576,-0.009000,0.001425,0.002128,-0.000941,0.001425,0.064485,0.116713,-9.809094,0.020258,0.020448,-0.009000,1.294687,-0.000667,27.000000,0.013045,17.925990,-0.067963,-0.213223,0.000000,0.125000,-0.009000,200,0,1,34,34,0.028694,-0.004890,-0.579554,1.116262,0.298084,9.927137,-0.276109,-0.000667,0.003907,7,1,0,0.000000,0,12.445698,0.000000,-0.146560,0,-0.252743,0.000000,-0.079039,12.445698,-0.252743,1,1,1,5.598680,0.000000,0.000000,0.000000,0.000000,0.000000,0.000000,0.000000
2.2301,17.919951,-0.212456,-0.683537,0.000000,-0.126382,-0.088243,0,-0.252743,140,0.063670,0.115439,17.919951,-0.061785,12.371890,-0.683537,17.922059,12.496440,-0.683537,-0.212456,0.000000,0.012442,-0.486328,-44.428401,0.124550,-0.009000,0.003180,0.001982,0.000138,0.003180,0.063670,0.115439,-9.809114,0.019967,0.027201,-0.009000,1.288425,-0.000430,27.000000,0.013045,17.922059,-0.061785,-0.212456,0.000000,0.125000,-0.009000,4,0,1,34,34,0.032926,-0.001238,-0.692575,0.790554,0.272404,9.668266,-0.282372,-0.000430,0.003863,6,1,0,0.000000,0,12.437766,0.000000,-0.126382,0,-0.252743,0.000000,-0.088243,12.437766,-0.252743,1,1,1,5.598515,0.000000,0.000000,0.000000,0.000000,0.000000,0.000000,0.000000
2.2401,17.912067,-0.212456,-0.743131,0.000000,-0.120474,-0.080573,0,-0.252743,151,0.063080,0.111300,17.912067,-0.069010,12.364387,-0.743131,17.913333,12.488955,-0.743131,-0.212456,0.000000,0.012207,-0.486328,-44.428401,0.124568,0.008000,0.001722,0.001995,0.000296,0.001722,0.063080,0.111300,-9.809166,-0.021957,-0.002846,0.008000,1.280938,-0.000239,27.000000,0.013045,17.913333,-0.069010,-0.212456,0.000000,0.125000,0.008000,9,0,1,34,34,-0.018322,0.003456,-0.735228,0.415716,0.666836,9.461437,-0.289859,-0.000239,0.003893,6,1,0,0.000000,0,12.430020,0.000000,-0.120474,0,-0.252743,0.000000,-0.080573,12.430020,-0.252743,1,1,1,5.598341,0.000000,0.000000,0.000000,0.000000,0.000000,0.000000,0.000000
2.2501,17.904608,-0.213223,-0.819949,0.000000,-0.126921,-0.071369,0,-0.252743,161,0.061282,0.114576,17.904608,-0.075084,12.357515,-0.819949,17.905951,12.482024,-0.819949,-0.213223,0.000000,0.012243,-0.486328,-44.428401,0.124509,0.003000,0.001650,0.001961,0.000243,0.001650,0.061282,0.114576,-9.809139,-0.017760,-0.039580,0.003000,1.273242,-0.000495,27.000000,0.013045,17.905951,-0.075084,-0.213223,0.000000,0.125000,0.003000,14,0,1,34,34,-0.039659,-0.027582,-0.816673,1.059217,0.249536,9.984035,-0.297555,-0.000495,0.003634,6,1,0,0.000000,0,12.422335,0.000000,-0.126921,0,-0.252743,0.000000,-0.071369,12.422335,-0.252743,1,1,1,5.598175,0.000000,0.000000,0.000000,0.000000,0.000000,0.000000,0.000000
2.2601,17.896081,-0.213223,-0.853774,0.000000,-0.114863,-0.079039,0,-0.252743,171,0.061304,0.121561,17.896081,-0.090478,12.349414,-0.853774,17.897226,12.473807,-0.853774,-0.213223,0.000000,0.012391,-0.486328,-44.428401,0.124393,-0.001000,0.001344,0.002138,0.000655,0.001344,0.061304,0.121561,-9.809055,-0.035618,-0.023030,-0.001000,1.265028,-0.001042,27.000000,0.013045,17.897226,-0.090478,-0.213223,0.000000,0.125000,-0.001000,19,0,1,34,34,-0.041830,-0.003572,-0.854795,0.659291,-0.313539,9.872842,-0.305768,-0.001042,0.003485,7,1,0,0.000000,0,12.414494,0.000000,-0.114863,0,-0.252743,0.000000,-0.079039,12.414494,-0.252743,1,1,1,5.598009,0.000000,0.000000,0.000000,0.000000,0.000000,0.000000,0.000000
2.2701,17.888316,-0.213223,-0.880452,0.000000,-0.113217,-0.079039,0,-0.252743,180,0.061504,0.124726,17.888316,-0.092572,12.340891,-0.880452,17.889461,12.465258,-0.880452,-0.213223,0.000000,0.012406,-0.486328,-44.428401,0.124367,-0.004000,0.001314,0.001984,0.000165,0.001314,0.061504,0.124726,-9.809014,-0.021613,-0.000570,-0.004000,1.256481,-0.001348,27.000000,0.013045,17.889461,-0.092572,-0.213223,0.000000,0.125000,-0.004000,24,0,1,34,34,-0.016231,0.003310,-0.884561,0.485760,-0.166079,9.539247,-0.314315,-0.001348,0.003437,7,1,0,0.000000,0,12.406396,0.000000,-0.113217,0,-0.252743,0.000000,-0.079039,12.406396,-0.252743,1,1,1,5.597845,0.000000,0.000000,0.000000,0.000000,0.000000,0.000000,0.000000
2.2801,17.877077,-0.213223,-0.945677,0.000000,-0.100156,-0.079039,0,-0.252743,191,0.058658,0.121756,17.877077,-0.092572,12.331158,-0.945677,17.878915,12.455580,-0.945677,-0.213223,0.000000,0.012096,-0.486328,-44.428401,0.124421,-0.001000,0.001951,0.001974,0.000395,0.001951,0.058658,0.121756,-9.809069,0.012429,0.009837,-0.001000,1.246802,-0.001300,27.000000,0.013045,17.878915,-0.092572,-0.213223,0.000000,0.125000,-0.001000,29,0,1,34,34,0.026473,-0.025634,-0.948864,0.679758,-0.460729,10.177631,-0.323426,-0.001306,0.003231,7,1,0,0.000000,0,12.398182,0.000000,-0.100156,0,-0.252743,0.000000,-0.079039,12.398182,-0.252743,1,1,1,5.597666,0.000000,0.000000,0.000000,0.000000,0.000000,0.000000,0.000000
2.2901,17.867570,-0.213223,-1.033217,0.000000,-0.094927,-0.079039,0,-0.252743,201,0.055785,0.120098,17.867570,-0.101683,12.321411,-1.033217,17.869423,12.445682,-1.033217,-0.213223,0.000000,0.012166,-0.486328,-44.428401,0.124271,0.001000,0.001807,0.002023,-0.001433,0.001807,0.055785,0.120098,-9.809106,0.030436,0.015782,0.001000,1.236903,-0.001003,27.000000,0.013045,17.869423,-0.101683,-0.213223,0.000000,0.125000,0.001000,34,0,1,34,34,0.032849,-0.022373,-1.032021,0.952129,0.756970,9.931642,-0.333894,-0.001003,0.002967,7,1,0,0.000000,0,12.389940,0.000000,-0.094927,0,-0.252743,0.000000,-0.079039,12.389940,-0.252743,1,1,1,5.597502,0.000000,0.000000,0.000000,0.000000,0.000000,0.000000,0.000000
2.3001,17.860516,-0.212456,-1.063158,0.000000,-0.073581,-0.088243,0,-0.252743,211,0.054175,0.119577,17.860516,-0.114982,12.310221,-1.063158,17.862328,12.434583,-1.063158,-0.212456,0.000000,0.012215,-0.486328,-44.428401,0.124362,0.004000,0.001707,0.001938,0.002039,0.001707,0.054175,0.119577,-9.809122,-0.021539,0.013906,0.004000,1.226570,-0.000866,27.000000,0.013045,17.862328,-0.114982,-0.212456,0.000000,0.125000,0.004000,39,0,1,34,34,-0.005618,0.012076,-1.059384,0.561433,0.063567,9.532033,-0.344227,-0.000866,0.002828,6,1,0,0.000000,0,12.381999,0.000000,-0.073581,0,-0.252743,0.000000,-0.088243,12.381999,-0.252743,1,1,1,5.597341,0.000000,0.000000,0.000000,0.000000,0.000000,0.000000,0.000000
2.3101,17.844502,-0.212456,-1.131173,0.000000,-0.062449,-0.080573,0,-0.252743,221,0.053412,0.121420,17.844502,-0.122208,12.299375,-1.131173,17.846413,12.423576,-1.131173,-0.212456,0.000000,0.012209,-0.486328,-44.428401,0.124200,0.001000,0.001718,0.001985,-0.001850,0.001718,0.053412,0.121420,-9.809103,-0.030172,-0.029095,0.001000,1.215564,-0.001038,27.000000,0.013045,17.846413,-0.122208,-0.212456,0.000000,0.125000,0.001000,44,0,1,34,34,-0.041901,-0.012736,-1.130102,0.885619,0.303144,9.505939,-0.355233,-0.001038,0.002712,7,1,0,0.000000,0,12.374552,0.000000,-0.062449,0,-0.252743,0.000000,-0.080573,12.374552,-0.252743,1,1,1,5.597181,0.000000,0.000000,0.000000,0.000000,0.000000,0.000000,0.000000
2.3201,17.837223,-0.212456,-1.219831,0.000000,-0.046225,-0.080573,0,-0.252743,230,0.053049,0.127117,17.837223,-0.091525,12.288260,-1.219831,17.838839,12.412394,-1.219831,-0.212456,0.000000,0.012408,-0.486328,-44.428401,0.124134,0.000000,0.001310,0.001975,0.002399,0.001310,0.053049,0.127117,-9.809033,-0.021307,-0.022871,0.000000,1.204384,-0.001399,27.000000,0.013045,17.838839,-0.091525,-0.212456,0.000000,0.125000,0.000000,49,0,1,34,34,-0.031252,-0.015788,-1.219729,0.934989,0.183242,9.925865,-0.366412,-0.001399,0.002554,7,1,0,0.000000,0,12.367689,0.000000,-0.046225,0,-0.252743,0.000000,-0.080573,12.367689,-0.252743,1,1,1,5.597022,0.000000,0.000000,0.000000,0.000000,0.000000,0.000000,0.000000
2.3301,17.829754,-0.213512,-1.111917,-0.209440,-0.018906,-0.067907,0,-0.252743,240,0.055134,0.130421,17.829754,-0.079273,12.276262,-1.111917,17.831265,12.400470,-1.111917,-0.213512,-0.209440,0.012375,-0.486328,-44.428401,0.124208,-0.006000,0.001377,0.002087,0.000340,0.001377,0.055134,0.130421,-9.808978,-0.060214,0.014326,-0.215440,1.191408,-0.001809,27.000000,0.013045,17.831265,-0.079273,-0.213223,-0.209440,0.125000,-0.006000,54,0,1,34,34,-0.031339,0.036944,-1.327916,-0.077369,-0.048439,10.056865,-0.379389,-0.001809,0.002675,7,1,0,0.000000,0,12.361640,0.000000,-0.018906,0,-0.252743,0.000000,-0.067907,12.361640,-0.252743,1,1,1,5.596867,0.000000,0.000000,0.000000,0.000000,0.000000,0.000000,0.000000
2.3401,17.819567,-0.216062,-1.054995,-0.314159,-0.007415,-0.047859,0,-0.252743,250,0.056492,0.131537,17.819567,-0.102730,12.264912,-1.054995,17.821390,12.389178,-1.054995,-0.216062,-0.314159,0.012213,-0.486328,-44.428401,0.124266,-0.004000,0.001712,0.001949,-0.000159,0.001712,0.056492,0.131537,-9.808955,-0.019681,-0.003923,-0.318159,1.177567,-0.002119,27.000000,0.013045,17.821390,-0.102730,-0.215524,-0.314159,0.125000,-0.004000,59,0,1,34,34,-0.016365,-0.005156,-1.373193,0.447937,-0.280960,9.547638,-0.393229,-0.002119,0.002750,7,1,0,0.000000,0,12.356202,0.000000,-0.007415,0,-0.252743,0.000000,-0.047859,12.356202,-0.252743,1,1,1,5.596722,0.000000,0.000000,0.000000,0.000000,0.000000,0.000000,0.000000
2.3501,17.809836,-0.218953,-1.047926,-0.314159,-0.006642,-0.038664,0,-0.252743,6,0.056481,0.135374,17.809836,-0.106814,12.254803,-1.047926,17.811034,12.379080,-1.047926,-0.218953,-0.314159,0.012486,-0.486328,-44.428401,0.124277,0.006000,0.001150,0.002097,-0.000551,0.001150,0.056481,0.135374,-9.808903,-0.015251,0.000600,-0.308159,1.164579,-0.002235,27.000000,0.013045,17.811034,-0.106814,-0.218592,-0.314159,0.125000,0.006000,64,0,1,34,34,-0.009956,-0.005365,-1.356124,0.345342,-0.574945,10.118842,-0.406218,-0.002235,0.002623,7,1,0,0.000000,0,12.351047,0.000000,-0.006642,0,-0.252743,0.000000,-0.038664,12.351047,-0.252743,1,1,1,5.596593,0.000000,0.000000,0.000000,0.000000,0.000000,0.000000,0.000000
2.3601,17.805958,-0.221372,-1.001655,-0.314159,0.017491,-0.038555,0,-0.252743,14,0.058815,0.134710,17.805958,-0.041364,12.243424,-1.001655,17.807489,12.367706,-1.001655,-0.221372,-0.314159,0.012304,-0.486328,-44.428401,0.124282,0.010000,0.001525,0.002000,0.002013,0.001525,0.058815,0.134710,-9.808899,-0.053193,0.032856,-0.304159,1.150787,-0.002410,27.000000,0.013045,17.807489,-0.041364,-0.220893,-0.314159,0.125000,0.010000,69,0,1,34,34,-0.012130,0.045263,-1.306470,0.285123,0.106161,9.943809,-0.420009,-0.002410,0.002834,7,1,0,0.000000,0,12.345803,0.000000,0.017491,0,-0.252743,0.000000,-0.038555,12.345803,-0.252743,1,1,1,5.596464,0.000000,0.000000,0.000000,0.000000,0.000000,0.000000,0.000000
2.3701,17.806127,-0.222752,-1.058024,-0.209440,0.020946,-0.046180,0,-0.252743,24,0.062344,0.134198,17.806127,0.002513,12.232279,-1.058024,17.807776,12.356547,-1.058024,-0.222752,-0.209440,0.012290,-0.486328,-44.428401,0.124269,0.006000,0.001552,0.001977,0.002113,0.001552,0.062344,0.134198,-9.808884,-0.014988,0.044116,-0.203440,1.138249,-0.002456,27.000000,0.013045,17.807776,0.002513,-0.222427,-0.209440,0.125000,0.006000,74,0,1,34,34,0.022058,0.025534,-1.261873,-0.508514,-0.270734,9.451414,-0.432548,-0.002456,0.003176,7,1,0,0.000000,0,12.340040,0.000000,0.020946,0,-0.252743,0.000000,-0.046180,12.340040,-0.252743,1,1,1,5.596374,0.000000,0.000000,0.000000,0.000000,0.000000,0.000000,0.000000
2.3801,17.807907,-0.224342,-0.914639,-0.314159,0.016776,-0.040905,0,-0.252743,34,0.064577,0.134911,17.807907,0.014765,12.221633,-0.914639,17.809023,12.345976,-0.914639,-0.224342,-0.314159,0.012456,-0.486328,-44.428401,0.124343,-0.001000,0.001212,0.002002,0.001859,0.001212,0.064577,0.134911,-9.808860,-0.021042,0.017821,-0.315159,1.126088,-0.002417,27.000000,0.013045,17.809023,0.014765,-0.223961,-0.314159,0.125000,-0.001000,79,0,1,34,34,-0.001399,0.012219,-1.230046,-0.422240,-0.130440,9.711281,-0.444708,-0.002417,0.003358,7,1,0,0.000000,0,12.333618,0.000000,0.016776,0,-0.252743,0.000000,-0.040905,12.333618,-0.252743,1,1,1,5.596324,0.000000,0.000000,0.000000,0.000000,0.000000,0.000000,0.000000
2.3901,17.811173,-0.226861,-0.887756,-0.314159,0.012568,-0.026571,0,-0.252743,45,0.063591,0.132528,17.811173,0.031102,12.211271,-0.887756,17.812952,12.335648,-0.887756,-0.226861,-0.314159,0.012118,-0.486328,-44.428401,0.124378,-0.005000,0.001907,0.001963,0.002855,0.001907,0.063591,0.132528,-9.808899,-0.008997,-0.005119,-0.319159,1.113241,-0.002504,27.000000,0.013045,17.812952,0.031102,-0.226262,-0.314159,0.125000,-0.005000,84,0,1,34,34,0.005038,-0.017764,-1.223990,-0.231761,0.381413,10.089795,-0.456711,-0.002494,0.003284,7,1,0,0.000000,0,12.326397,0.000000,0.012568,0,-0.252743,0.000000,-0.026571,12.326397,-0.252743,1,1,1,5.596315,0.000000,0.000000,0.000000,0.000000,0.000000,0.000000,0.000000
2.4001,17.817612,-0.228253,-0.888340,-0.314159,0.010545,-0.035062,0,-0.252743,55,0.063532,0.135475,17.817612,0.060842,12.200839,-0.888340,17.818896,12.325210,-0.888340,-0.228253,-0.314159,0.012338,-0.486328,-44.428401,0.124372,-0.004000,0.001454,0.002087,0.002736,0.001454,0.063532,0.135475,-9.808859,-0.017113,0.011609,-0.318159,1.101413,-0.002580,27.000000,0.013045,17.818896,0.060842,-0.227796,-0.314159,0.125000,-0.004000,89,0,1,34,34,-0.003520,0.005491,-1.206659,-0.355825,0.041358,9.741762,-0.469384,-0.002580,0.003183,7,1,0,0.000000,0,12.318380,0.000000,0.010545,0,-0.252743,0.000000,-0.035062,12.318380,-0.252743,1,1,1,5.596357,0.000000,0.000000,0.000000,0.000000,0.000000,0.000000,0.000000
2.4101,17.823212,-0.230352,-0.906534,-0.209440,-0.011410,-0.023792,0,-0.252743,65,0.064194,0.137212,17.823212,0.055711,12.191855,-0.906534,17.824267,12.316196,-0.906534,-0.230352,-0.209440,0.012453,-0.486328,-44.428401,0.124342,0.001000,0.001217,0.002051,0.003107,0.001217,0.064194,0.137212,-9.808830,-0.025721,-0.009569,-0.208440,1.090300,-0.002659,27.000000,0.013045,17.824267,0.055711,-0.230097,-0.209440,0.125000,0.001000,94,0,1,34,34,-0.024831,-0.002201,-1.115032,-0.271558,0.294138,9.409393,-0.480496,-0.002659,0.003177,7,1,0,0.000000,0,12.309553,0.000000,-0.011410,0,-0.252743,0.000000,-0.023792,12.309553,-0.252743,1,1,1,5.596448,0.000000,0.000000,0.000000,0.000000,0.000000,0.000000,0.000000
2.4201,17.823151,-0.232745,-0.853285,-0.209440,-0.021845,-0.016066,0,-0.252743,75,0.063589,0.138029,17.823151,0.009634,12.182957,-0.853285,17.824554,12.307272,-0.853285,-0.232745,-0.209440,0.012240,-0.486328,-44.428401,0.124316,0.007000,0.001656,0.002013,0.001246,0.001656,0.063589,0.138029,-9.808823,-0.010751,-0.024201,-0.202440,1.078985,-0.002947,27.000000,0.013045,17.824554,0.009634,-0.232398,-0.209440,0.125000,0.007000,99,0,1,34,34,-0.024793,-0.022227,-1.055532,-0.248234,-0.392998,10.072433,-0.491812,-0.002947,0.003062,8,1,0,0.000000,0,12.299916,0.000000,-0.021845,0,-0.252743,0.000000,-0.016066,12.299916,-0.252743,1,1,1,5.596589,0.000000,0.000000,0.000000,0.000000,0.000000,0.000000,0.000000
2.4301,17.820206,-0.234970,-0.767812,-0.209440,-0.052526,-0.013294,0,-0.252743,85,0.062984,0.142137,17.820206,-0.030159,12.175388,-0.767812,17.821199,12.299858,-0.767812,-0.234970,-0.209440,0.012416,-0.486328,-44.428401,0.124470,0.005000,0.001294,0.001975,0.000731,0.001294,0.062984,0.142137,-9.808768,-0.018477,-0.016586,-0.204440,1.069347,-0.003171,27.000000,0.013045,17.821199,-0.030159,-0.234699,-0.209440,0.125000,0.005000,104,0,1,34,34,-0.024781,-0.010511,-0.972196,0.075716,0.035933,10.201369,-0.501449,-0.003171,0.002871,7,1,0,0.000000,0,12.289351,0.000000,-0.052526,0,-0.252743,0.000000,-0.013294,12.289351,-0.252743,1,1,1,5.596740,0.000000,0.000000,0.000000,0.000000,0.000000,0.000000,0.000000
2.4401,17.812087,-0.235778,-0.627834,-0.209440,-0.054420,-0.025848,0,-0.252743,95,0.062565,0.142745,17.812087,-0.082310,12.166870,-0.627834,17.813048,12.291395,-0.627834,-0.235778,-0.209440,0.012320,-0.486328,-44.428401,0.124524,0.000000,0.001490,0.001974,0.000088,0.001490,0.062565,0.142745,-9.808762,-0.020905,0.012504,-0.209440,1.060076,-0.003319,27.000000,0.013045,17.813048,-0.082310,-0.235466,-0.209440,0.125000,0.000000,109,0,1,34,34,-0.005555,0.013401,-0.837502,-0.307211,-0.244651,9.671926,-0.510720,-0.003319,0.002802,7,1,0,0.000000,0,12.278104,0.000000,-0.054420,0,-0.252743,0.000000,-0.025848,12.278104,-0.252743,1,1,1,5.596907,0.000000,0.000000,0.000000,0.000000,0.000000,0.000000,0.000000
2.4501,17.797111,-0.236233,-0.745885,0.000000,-0.074914,-0.028471,0,-0.252743,105,0.063783,0.141989,17.797111,-0.139591,12.159591,-0.745885,17.798379,12.284045,-0.745885,-0.236233,0.000000,0.012215,-0.486328,-44.428401,0.124454,-0.004000,0.001706,0.001959,-0.005144,0.001706,0.063783,0.141989,-9.808765,-0.010530,0.016966,-0.004000,1.052272,-0.003379,27.000000,0.013045,17.798379,-0.139591,-0.236233,0.000000,0.125000,-0.004000,114,0,1,34,34,0.005147,0.010132,-0.750065,-0.412401,-0.150502,9.787649,-0.518525,-0.003379,0.002934,7,1,0,0.000000,0,12.266726,0.000000,-0.074914,0,-0.252743,0.000000,-0.028471,12.266726,-0.252743,1,1,1,5.597064,0.000000,0.000000,0.000000,0.000000,0.000000,0.000000,0.000000
2.4601,17.772870,-0.236233,-0.667080,0.000000,-0.076260,-0.033020,0,-0.252743,115,0.061856,0.140468,17.772870,-0.234677,12.152228,-0.667080,17.774123,12.276801,-0.667080,-0.236233,0.000000,0.012145,-0.486328,-44.428401,0.124573,-0.005000,0.001850,0.001989,-0.002913,0.001850,0.061856,0.140468,-9.808799,0.042693,0.003161,-0.005000,1.045027,-0.003252,27.000000,0.013045,17.774123,-0.234677,-0.236233,0.000000,0.125000,-0.005000,119,0,1,34,34,0.030836,-0.037856,-0.671669,-0.450758,0.010028,9.951935,-0.525770,-0.003252,0.002779,6,1,0,0.000000,0,12.256014,0.000000,-0.076260,0,-0.252743,0.000000,-0.033020,12.256014,-0.252743,1,1,1,5.597177,0.000000,0.000000,0.000000,0.000000,0.000000,0.000000,0.000000
2.4701,17.745696,-0.236233,-0.602488,0.000000,-0.074842,-0.033020,0,-0.252743,124,0.058877,0.139595,17.745696,-0.315521,12.145772,-0.602488,17.746799,12.270327,-0.602488,-0.236233,0.000000,0.012156,-0.486328,-44.428401,0.124555,-0.003000,0.001827,0.001982,-0.007876,0.001827,0.058877,0.139595,-9.808830,0.009688,-0.004169,-0.003000,1.038551,-0.003084,27.000000,0.013045,17.746799,-0.315521,-0.236233,0.000000,0.125000,-0.003000,124,0,1,34,34,0.009494,-0.023809,-0.607523,-0.537580,0.088716,9.770831,-0.531821,-0.003088,0.002518,7,1,0,0.000000,0,12.246768,0.000000,-0.074842,0,-0.252743,0.000000,-0.033020,12.246768,-0.252743,1,1,1,5.597222,0.000000,0.000000,0.000000,0.000000,0.000000,0.000000,0.000000
2.4801,17.708658,-0.234699,-0.533268,0.000000,-0.048698,-0.051427,0,-0.252743,134,0.056863,0.143314,17.708658,-0.406522,12.138869,-0.533268,17.709311,12.263478,-0.533268,-0.234699,0.000000,0.012456,-0.486328,-44.428401,0.124609,0.000000,0.001211,0.002016,-0.007800,0.001211,0.056863,0.143314,-9.808788,0.002545,-0.033286,0.000000,1.033236,-0.003101,27.000000,0.013045,17.709311,-0.406522,-0.234699,0.000000,0.125000,0.000000,129,0,1,34,34,-0.024632,-0.029173,-0.532946,0.407220,0.539697,9.689844,-0.537560,-0.003101,0.002240,7,1,0,0.000000,0,12.239787,0.000000,-0.048698,0,-0.252743,0.000000,-0.051427,12.239787,-0.252743,1,1,1,5.597184,0.000000,0.000000,0.000000,0.000000,0.000000,0.000000,0.000000
2.4901,17.670531,-0.230293,-0.656114,0.418879,0.003820,-0.088963,0,-0.252743,144,0.044171,0.146771,17.670531,-0.357409,12.130428,-0.656114,17.671441,12.254988,-0.656114,-0.230293,0.418879,0.012382,-0.486328,-44.428401,0.124560,0.002000,0.001364,0.001987,-0.003691,0.001364,0.044171,0.146771,-9.808803,0.200951,-0.116237,0.420879,1.029151,-0.003213,27.000000,0.013045,17.671441,-0.357409,-0.230864,0.418879,0.125000,0.002000,134,0,1,34,34,0.022634,-0.233936,-0.232356,2.092894,-0.780733,9.046023,-0.541646,-0.003213,0.000969,7,1,0,0.000000,0,12.235564,0.000000,0.003820,0,-0.252743,0.000000,-0.088963,12.235564,-0.252743,1,1,1,5.594188,0.000000,0.000000,0.000000,0.000000,0.000000,0.000000,0.000000
2.5001,17.667388,-0.223776,-0.936318,0.628319,0.040511,-0.123098,0,-0.252743,154,0.027795,0.144542,17.667388,-0.036233,12.122060,-0.936318,17.668756,12.246342,-0.936318,-0.223776,0.628319,0.012308,-0.486328,-44.428401,0.124282,0.000000,0.001515,0.002004,0.002183,0.001515,0.027795,0.144542,-9.808896,-0.056493,-0.029536,0.628319,1.027015,-0.002688,27.000000,0.013045,17.668756,-0.036233,-0.224728,0.628319,0.125000,0.000000,139,0,1,34,34,-0.056643,0.025455,-0.308336,1.880821,2.041889,12.021941,-0.543781,-0.002688,-0.000507,7,1,0,0.000000,0,12.233531,0.000000,0.040511,0,-0.252743,0.000000,-0.123098,12.233531,-0.252743,1,1,1,5.594001,0.000000,0.000000,0.000000,0.000000,0.000000,0.000000,0.000000
2.5101,17.668508,-0.216576,-1.308933,0.733038,0.110464,-0.144339,0,-0.252743,164,0.038032,0.149852,17.668508,0.015813,12.110392,-1.308933,17.670674,12.234358,-1.308933,-0.216576,0.733038,0.012216,-0.486328,-44.428401,0.123966,-0.014000,0.001705,0.001989,0.002952,0.001705,0.038032,0.149852,-9.808782,-0.088767,0.059969,0.719038,1.022236,-0.003536,27.000000,0.013045,17.670674,0.015813,-0.217825,0.733038,0.125000,-0.014000,144,0,1,34,34,-0.001304,0.099904,-0.591159,-0.806890,-0.365707,8.608068,-0.548561,-0.003536,0.000504,7,1,0,0.000000,0,12.232888,0.000000,0.110464,0,-0.252743,0.000000,-0.144339,12.232888,-0.252743,1,1,1,5.593864,0.000000,0.000000,0.000000,0.000000,0.000000,0.000000,0.000000
2.5201,17.674400,-0.214388,-1.180599,0.209440,0.121707,-0.098589,0,-0.252743,175,0.046317,0.149752,17.674400,0.055711,12.099818,-1.180599,17.676426,12.223919,-1.180599,-0.214388,0.209440,0.012187,-0.486328,-44.428401,0.124100,-0.014000,0.001764,0.001992,0.003501,0.001764,0.046317,0.149752,-9.808748,-0.019365,-0.032324,0.195440,1.013987,-0.003734,27.000000,0.013045,17.676426,0.055711,-0.214757,0.209440,0.125000,-0.014000,149,0,1,34,34,-0.037588,-0.014652,-0.985054,-1.013346,-0.919806,9.329719,-0.556809,-0.003734,0.001366,7,1,0,0.000000,0,12.232836,0.000000,0.121707,0,-0.252743,0.000000,-0.098589,12.232836,-0.252743,1,1,1,5.593774,0.000000,0.000000,0.000000,0.000000,0.000000,0.000000,0.000000
2.5301,17.690141,-0.217687,-0.671398,-0.418879,0.100823,-0.037116,0,-0.252743,185,0.035815,0.153566,17.690141,0.145665,12.091353,-0.671398,17.691191,12.217003,-0.671398,-0.217687,-0.418879,0.012315,-0.486328,-44.428401,0.125650,0.013000,0.001502,0.002060,0.004849,0.001502,0.035815,0.153566,-9.808733,0.068244,-0.088122,-0.405879,1.003769,-0.003759,27.000000,0.013045,17.691191,0.145665,-0.217058,-0.418879,0.126000,0.013000,154,0,1,34,34,-0.031099,-0.120289,-1.075877,2.111717,0.529302,10.609610,-0.567027,-0.003759,0.000184,6,1,0,0.000000,0,12.232836,0.000000,0.100823,0,-0.252743,0.000000,-0.037116,12.232836,-0.252743,1,1,1,5.593753,0.000000,0.000000,0.000000,0.000000,0.000000,0.000000,0.000000
2.5401,17.723817,-0.222360,-0.471428,-0.628319,0.104667,-0.014041,0,-0.252743,196,0.036255,0.162302,17.723817,0.332904,12.085296,-0.471428,17.724459,12.210919,-0.471428,-0.222360,-0.628319,0.012503,-0.486328,-44.428401,0.125624,0.029000,0.001114,0.002114,0.015622,0.001114,0.036255,0.162302,-9.808590,-0.091578,0.007868,-0.599319,0.993016,-0.004450,27.000000,0.013045,17.724459,0.332904,-0.221660,-0.628319,0.126000,0.029000,159,0,1,34,34,-0.050503,0.063404,-1.071623,0.834068,-1.191497,9.730148,-0.577780,-0.004450,-0.000044,7,1,0,0.000000,0,12.232836,0.000000,0.104667,0,-0.252743,0.000000,-0.014041,12.232836,-0.252743,1,1,1,5.593827,0.000000,0.000000,0.000000,0.000000,0.000000,0.000000,0.000000
2.5501,17.759763,-0.228199,-0.650935,-0.733038,0.118080,0.009300,0,-0.252743,206,0.060536,0.157448,17.759763,0.376886,12.080226,-0.650935,17.760701,12.204732,-0.650935,-0.228199,-0.733038,0.012269,-0.486328,-44.428401,0.124506,0.021000,0.001595,0.002035,0.002524,0.001595,0.060536,0.157448,-9.808550,-0.406507,0.335000,-0.712038,0.981000,-0.004761,27.000000,0.013045,17.760701,0.376886,-0.227029,-0.733038,0.125000,0.021000,164,0,1,34,34,-0.010504,0.509891,-1.369332,-2.812972,0.218178,10.029053,-0.589796,-0.004761,0.002380,7,1,0,0.000000,0,12.232836,0.000000,0.118080,0,-0.252743,0.000000,0.009300,12.232836,-0.252743,1,1,1,5.609869,0.000000,0.000000,0.000000,0.000000,0.000000,0.000000,0.000000
2.5601,17.747952,-0.240322,0.031221,-1.151917,0.076098,0.096395,0,-0.252743,215,0.101991,0.157651,17.747952,-0.084299,12.078035,0.031221,17.748045,12.203075,0.031221,-0.240322,-1.151917,0.012290,-0.486328,-44.428401,0.125039,-0.006000,0.001552,0.001909,-0.001948,0.001552,0.101991,0.157651,-9.808203,0.060475,0.016692,-1.157917,0.967241,-0.005794,27.000000,0.013045,17.748045,-0.084299,-0.238534,-1.151917,0.125000,-0.006000,169,0,1,34,34,0.052061,-0.048851,-1.126181,-3.380928,-3.291186,7.648664,-0.603555,-0.005794,0.006273,7,1,0,0.000000,0,12.232836,0.000000,0.076098,0,-0.252743,0.000000,0.096395,12.232836,-0.252743,1,1,1,5.610959,0.000000,0.000000,0.000000,0.000000,0.000000,0.000000,0.000000
2.5701,17.744019,-0.253288,0.535945,-1.361357,0.022257,0.130748,0,-0.252743,222,0.081220,0.150840,17.744019,-0.045448,12.080869,0.535945,17.743156,12.206180,0.535945,-0.253288,-1.361357,0.012158,-0.486328,-44.428401,0.125311,-0.007000,0.001823,0.001883,-0.000546,0.001823,0.081220,0.150840,-9.808504,0.310210,-0.122219,-1.368357,0.957366,-0.004803,27.000000,0.013045,17.743156,-0.045448,-0.250806,-1.361357,0.125000,-0.007000,174,0,1,34,34,0.092982,-0.315376,-0.843381,0.361095,-0.286916,9.250838,-0.612933,-0.004870,0.004364,8,1,0,0.000000,0,12.232836,0.000000,0.022257,0,-0.252743,0.000000,0.130748,12.232836,-0.252743,1,1,1,5.611149,0.000000,0.000000,0.000000,0.000000,0.000000,0.000000,0.000000
2.5801,17.747433,-0.259637,0.474405,-0.942478,0.047635,0.077285,0,-0.252743,231,0.071151,0.145656,17.747433,0.035186,12.081410,0.474405,17.746895,12.206653,0.474405,-0.259637,-0.942478,0.012445,-0.486328,-44.428401,0.125243,0.005000,0.001233,0.002067,-0.000808,0.001233,0.071151,0.145656,-9.808661,-0.064707,0.141769,-0.937478,0.951481,-0.003767,27.000000,0.013045,17.746895,0.035186,-0.258476,-0.942478,0.125000,0.005000,179,0,1,34,34,0.062732,0.136879,-0.464812,1.133688,1.868529,11.311502,-0.619315,-0.003767,0.003198,7,1,0,0.000000,0,12.232836,0.000000,0.047635,0,-0.252743,0.000000,0.077285,12.232836,-0.252743,1,1,1,5.611319,0.000000,0.000000,0.000000,0.000000,0.000000,0.000000,0.000000
2.5901,17.746035,-0.262311,-0.122095,0.000000,0.047405,0.045866,0,-0.252743,242,0.088770,0.134302,17.746035,-0.004503,12.082163,-0.122095,17.746128,12.207066,-0.122095,-0.262311,0.000000,0.012363,-0.486328,-44.428401,0.124903,-0.008000,0.001403,0.001849,-0.001031,0.001403,0.088770,0.134302,-9.808679,-0.057703,0.155913,-0.008000,0.949220,-0.003207,27.000000,0.013045,17.746128,-0.004503,-0.262311,0.000000,0.125000,-0.008000,184,0,1,34,34,0.077763,0.145321,-0.131902,-4.117255,0.225473,8.602284,-0.621577,-0.003207,0.005189,7,1,0,0.000000,0,12.232836,0.000000,0.047405,0,-0.252743,0.000000,0.045866,12.232836,-0.252743,1,1,1,5.611497,0.000000,0.000000,0.000000,0.000000,0.000000,0.000000,0.000000
2.6001,17.745868,-0.263078,0.112540,0.000000,0.043684,0.028340,0,-0.252743,252,0.086954,0.129580,17.745868,-0.005550,12.082681,0.112540,17.745744,12.207721,0.112540,-0.263078,0.000000,0.012380,-0.486328,-44.428401,0.125040,-0.018000,0.001368,0.002004,0.000262,0.001368,0.086954,0.129580,-9.808759,0.139213,-0.117118,-0.018000,0.949103,-0.002680,27.000000,0.013045,17.745744,-0.005550,-0.263078,0.000000,0.125000,-0.018000,189,0,1,34,34,0.005597,-0.180655,0.096783,-2.205213,1.216250,9.771506,-0.621694,-0.002680,0.005124,6,1,0,0.000000,0,12.232836,0.000000,0.043684,0,-0.252743,0.000000,0.028340,12.232836,-0.252743,1,1,1,5.611670,0.000000,0.000000,0.000000,0.000000,0.000000,0.000000,0.000000
2.6101,17.746995,-0.262311,0.359436,0.000000,0.031120,0.011466,0,-0.252743,5,0.065877,0.136817,17.746995,0.007645,12.084085,0.359436,17.746511,12.209313,0.359436,-0.262311,0.000000,0.012348,-0.486328,-44.428401,0.125229,-0.007000,0.001433,0.002017,-0.000635,0.001433,0.065877,0.136817,-9.808825,0.117519,-0.157843,-0.007000,0.951462,-0.002864,27.000000,0.013045,17.746511,0.007645,-0.262311,0.000000,0.125000,-0.007000,194,0,1,34,34,-0.039146,-0.188488,0.354790,1.057302,0.992423,10.230761,-0.619335,-0.002864,0.002869,7,1,0,0.000000,0,12.232836,0.000000,0.031120,0,-0.252743,0.000000,0.011466,12.232836,-0.252743,1,1,1,5.611843,0.000000,0.000000,0.000000,0.000000,0.000000,0.000000,0.000000
2.6201,17.746643,-0.259569,0.059423,0.314159,0.034857,-0.013761,0,-0.252743,15,0.062242,0.148183,17.746643,0.002513,12.085258,0.059423,17.746511,12.210329,0.059423,-0.259569,0.314159,0.012363,-0.486328,-44.428401,0.125071,0.008000,0.001402,0.002017,-0.000786,0.001402,0.062242,0.148183,-9.808683,-0.057147,-0.127490,0.322159,0.955224,-0.003865,27.000000,0.013045,17.746511,0.002513,-0.260010,0.314159,0.125000,0.008000,199,0,1,34,34,-0.133220,-0.037375,0.382073,0.150024,-0.472142,8.751178,-0.615572,-0.003865,0.002255,7,1,0,0.000000,0,12.232836,0.000000,0.034857,0,-0.252743,0.000000,-0.013761,12.232836,-0.252743,1,1,1,5.612007,0.000000,0.000000,0.000000,0.000000,0.000000,0.000000,0.000000
2.6301,17.746293,-0.255724,0.143242,0.314159,0.042724,-0.032485,0,-0.252743,26,0.066146,0.155323,17.746293,-0.000419,12.085495,0.143242,17.746128,12.210653,0.143242,-0.255724,0.314159,0.012348,-0.486328,-44.428401,0.125159,0.021000,0.001433,0.002019,-0.000306,0.001433,0.066146,0.155323,-9.808547,-0.052238,-0.074650,0.335159,0.959399,-0.004677,27.000000,0.013045,17.746128,-0.000419,-0.256175,0.314159,0.125000,0.021000,3,0,1,34,34,-0.090534,-0.004338,0.478491,-1.114898,-0.888902,10.698533,-0.611398,-0.004677,0.002519,7,1,0,0.000000,0,12.232969,0.000000,0.042724,0,-0.252743,0.000000,-0.032485,12.232969,-0.252743,1,1,1,5.612171,0.000000,0.000000,0.000000,0.000000,0.000000,0.000000,0.000000
2.6401,17.746497,-0.251136,0.191889,0.314159,0.050338,-0.049100,0,-0.252743,35,0.061242,0.162475,17.746497,0.000419,12.086019,0.191889,17.746224,12.211112,0.191889,-0.251136,0.314159,0.012369,-0.486328,-44.428401,0.125094,0.008000,0.001391,0.001969,-0.000260,0.001391,0.061242,0.162475,-9.808463,0.100407,-0.080345,0.322159,0.964447,-0.005226,27.000000,0.013045,17.746224,0.000419,-0.251573,0.314159,0.125000,0.008000,8,0,1,34,34,0.005659,-0.122104,0.515598,0.164937,-0.759548,10.346560,-0.606349,-0.005226,0.001931,6,1,0,0.000000,0,12.233904,0.000000,0.050338,0,-0.252743,0.000000,-0.049100,12.233904,-0.252743,1,1,1,5.612332,0.000000,0.000000,0.000000,0.000000,0.000000,0.000000,0.000000
2.6501,17.746686,-0.247090,0.178393,0.418879,0.056871,-0.051761,0,-0.252743,45,0.048031,0.163356,17.746686,0.003560,12.087590,0.178393,17.746416,12.212698,0.178393,-0.247090,0.418879,0.012293,-0.486328,-44.428401,0.125108,-0.012000,0.001546,0.001982,-0.000369,0.001546,0.048031,0.163356,-9.808522,0.094360,-0.037706,0.406879,0.970072,-0.005052,27.000000,0.013045,17.746416,0.003560,-0.247738,0.418879,0.125000,-0.012000,13,0,1,34,34,0.033394,-0.088769,0.586408,1.480992,-0.527013,9.383140,-0.600724,-0.005052,0.000675,7,1,0,0.000000,0,12.236430,0.000000,0.056871,0,-0.252743,0.000000,-0.051761,12.236430,-0.252743,1,1,1,5.612491,0.000000,0.000000,0.000000,0.000000,0.000000,0.000000,0.000000
2.6601,17.747373,-0.243377,0.274622,0.314159,0.075081,-0.055867,0,-0.252743,56,0.040839,0.157308,17.747373,0.005550,12.089888,0.274622,17.746895,12.214926,0.274622,-0.243377,0.314159,0.012231,-0.486328,-44.428401,0.125038,-0.022000,0.001675,0.002001,-0.000592,0.001675,0.040839,0.157308,-9.808654,0.023060,0.060692,0.292159,0.976008,-0.004336,27.000000,0.013045,17.746895,0.005550,-0.243903,0.314159,0.125000,-0.022000,18,0,1,34,34,0.061014,0.029125,0.566467,1.510146,0.242944,10.539348,-0.594789,-0.004336,0.000176,6,1,0,0.000000,0,12.240959,0.000000,0.075081,0,-0.252743,0.000000,-0.055867,12.240959,-0.252743,1,1,1,5.612645,0.000000,0.000000,0.000000,0.000000,0.000000,0.000000,0.000000
2.6701,17.749346,-0.239523,0.265730,0.314159,0.108280,-0.064972,0,-0.252743,66,0.045849,0.148612,17.749346,0.018850,12.091486,0.265730,17.748908,12.216617,0.265730,-0.239523,0.314159,0.012202,-0.486328,-44.428401,0.125131,-0.018000,0.001733,0.001970,-0.000206,0.001733,0.045849,0.148612,-9.808767,-0.002025,0.127155,0.296159,0.981551,-0.003624,27.000000,0.013045,17.748908,0.018850,-0.240068,0.314159,0.125000,-0.018000,23,0,1,34,34,0.095101,0.091279,0.560817,0.254201,0.398542,9.496917,-0.589245,-0.003624,0.000946,7,1,0,0.000000,0,12.247335,0.000000,0.108280,0,-0.252743,0.000000,-0.064972,12.247335,-0.252743,1,1,1,5.612795,0.000000,0.000000,0.000000,0.000000,0.000000,0.000000,0.000000
2.6801,17.751750,-0.235694,0.202251,0.314159,0.137560,-0.072392,0,-0.252743,75,0.049526,0.140428,17.751750,0.031102,12.093017,0.202251,17.751401,12.218159,0.202251,-0.235694,0.314159,0.012211,-0.486328,-44.428401,0.125142,-0.003000,0.001716,0.002019,-0.000457,0.001716,0.049526,0.140428,-9.808870,0.017892,0.053761,0.311159,0.986920,-0.002888,27.000000,0.013045,17.751401,0.031102,-0.236233,0.314159,0.125000,-0.003000,28,0,1,34,34,0.052461,0.027673,0.513110,-0.701874,0.247040,9.332076,-0.583877,-0.002888,0.001566,7,1,0,0.000000,0,12.255220,0.000000,0.137560,0,-0.252743,0.000000,-0.072392,12.255220,-0.252743,1,1,1,5.612947,0.000000,0.000000,0.000000,0.000000,0.000000,0.000000,0.000000
2.6901,17.757683,-0.234699,0.371037,0.000000,0.145298,-0.046037,0,-0.252743,86,0.051013,0.139147,17.757683,0.048485,12.095025,0.371037,17.757249,12.221286,0.371037,-0.234699,0.000000,0.012445,-0.486328,-44.428401,0.126260,0.010000,0.001233,0.002003,0.000188,0.001233,0.051013,0.139147,-9.808880,-0.027075,-0.000389,0.010000,0.991040,-0.002560,27.000000,0.013045,17.757249,0.048485,-0.234699,0.000000,0.126000,0.010000,33,0,1,34,34,-0.018017,0.024955,0.380756,-0.167133,0.768287,9.739619,-0.579756,-0.002560,0.001759,7,1,0,0.000000,0,12.264278,0.000000,0.145298,0,-0.252743,0.000000,-0.046037,12.264278,-0.252743,1,1,1,5.613097,0.000000,0.000000,0.000000,0.000000,0.000000,0.000000,0.000000
2.7001,17.763007,-0.235850,0.544316,-0.314159,0.154632,-0.022278,0,-0.252743,95,0.055958,0.142009,17.763007,0.061785,12.100101,0.544316,17.762331,12.225458,0.544316,-0.235850,-0.314159,0.012451,-0.486328,-44.428401,0.125357,0.017000,0.001222,0.002003,-0.000803,0.001222,0.055958,0.142009,-9.808812,-0.082259,-0.025719,-0.297159,0.994065,-0.002958,27.000000,0.013045,17.762331,0.061785,-0.235466,-0.314159,0.125000,0.017000,38,0,1,34,34,-0.073580,0.047951,0.246579,-0.317398,0.275950,10.107821,-0.576731,-0.002958,0.002164,7,1,0,0.000000,0,12.274172,0.000000,0.154632,0,-0.252743,0.000000,-0.022278,12.274172,-0.252743,1,1,1,5.613263,0.000000,0.000000,0.000000,0.000000,0.000000,0.000000,0.000000
2.7101,17.769259,-0.239848,0.609632,-0.418879,0.148264,0.014191,0,-0.252743,106,0.066397,0.146371,17.769259,0.057701,12.106296,0.609632,17.768466,12.231680,0.609632,-0.239848,-0.418879,0.012410,-0.486328,-44.428401,0.125384,0.015000,0.001306,0.002092,-0.000385,0.001306,0.066397,0.146371,-9.808683,-0.110229,0.022775,-0.403879,0.996295,-0.003692,27.000000,0.013045,17.768466,0.057701,-0.239301,-0.418879,0.125000,0.015000,43,0,1,34,34,-0.056571,0.099854,0.204530,-0.860649,-0.391206,9.899784,-0.574502,-0.003692,0.003030,6,1,0,0.000000,0,12.284629,0.000000,0.148264,0,-0.252743,0.000000,0.014191,12.284629,-0.252743,1,1,1,5.613430,0.000000,0.000000,0.000000,0.000000,0.000000,0.000000,0.000000
2.7201,17.776626,-0.243086,0.797382,-0.523599,0.167154,0.013069,0,-0.252743,116,0.074741,0.146979,17.776626,0.073094,12.111864,0.797382,17.775561,12.237378,0.797382,-0.243086,-0.523599,0.012379,-0.486328,-44.428401,0.125514,0.008000,0.001370,0.002020,-0.000482,0.001370,0.074741,0.146979,-9.808614,-0.058993,0.029451,-0.515599,0.998759,-0.003998,27.000000,0.013045,17.775561,0.073094,-0.242369,-0.523599,0.125000,0.008000,48,0,1,34,34,-0.018090,0.066889,0.280977,-0.478333,-0.409182,9.823288,-0.572038,-0.003998,0.003789,7,1,0,0.000000,0,12.295432,0.000000,0.167154,0,-0.252743,0.000000,0.013069,12.295432,-0.252743,1,1,1,5.613599,0.000000,0.000000,0.000000,0.000000,0.000000,0.000000,0.000000
2.7301,17.782668,-0.246847,0.818182,-0.418879,0.159437,0.025815,0,-0.252743,125,0.083523,0.143948,17.782668,0.073094,12.119187,0.818182,17.781409,12.244722,0.818182,-0.246847,-0.418879,0.012298,-0.486328,-44.428401,0.125535,0.000000,0.001535,0.001982,-0.001585,0.001535,0.083523,0.143948,-9.808588,-0.036622,0.062014,-0.418879,1.002344,-0.004012,27.000000,0.013045,17.781409,0.073094,-0.246204,-0.418879,0.125000,0.000000,53,0,1,34,34,0.020360,0.073988,0.398423,-1.634943,-0.665502,9.618982,-0.568452,-0.004012,0.004671,6,1,0,0.000000,0,12.306387,0.000000,0.159437,0,-0.252743,0.000000,0.025815,12.306387,-0.252743,1,1,1,5.613767,0.000000,0.000000,0.000000,0.000000,0.000000,0.000000,0.000000
2.7401,17.792003,-0.250757,1.034050,-0.523599,0.150636,0.035130,0,-0.252743,136,0.089338,0.140018,17.792003,0.084299,12.127570,1.034050,17.790613,12.253243,1.034050,-0.250757,-0.523599,0.012378,-0.486328,-44.428401,0.125674,-0.004000,0.001372,0.002100,-0.001007,0.001372,0.089338,0.140018,-9.808594,0.037766,0.036502,-0.527599,1.006954,-0.003709,27.000000,0.013045,17.790613,0.084299,-0.250039,-0.523599,0.125000,-0.004000,58,0,1,34,34,0.052484,0.004252,0.506438,-1.100709,0.168697,10.240220,-0.563842,-0.003709,0.005280,7,1,0,0.000000,0,12.317184,0.000000,0.150636,0,-0.252743,0.000000,0.035130,12.317184,-0.252743,1,1,1,5.613932,0.000000,0.000000,0.000000,0.000000,0.000000,0.000000,0.000000
2.7501,17.801097,-0.253615,0.982419,-0.314159,0.146519,0.030331,0,-0.252743,146,0.088728,0.132453,17.801097,0.094562,12.136391,0.982419,17.799530,12.262022,0.982419,-0.253615,-0.314159,0.012257,-0.486328,-44.428401,0.125630,-0.007000,0.001619,0.001992,-0.000616,0.001619,0.088728,0.132453,-9.808704,0.069961,0.010983,-0.321159,1.012868,-0.003083,27.000000,0.013045,17.799530,0.094562,-0.253107,-0.314159,0.125000,-0.007000,63,0,1,34,34,0.056839,-0.034134,0.661728,-1.609331,0.261434,9.676165,-0.557928,-0.003083,0.005368,6,1,0,0.000000,0,12.327515,0.000000,0.146519,0,-0.252743,0.000000,0.030331,12.327515,-0.252743,1,1,1,5.614100,0.000000,0.000000,0.000000,0.000000,0.000000,0.000000,0.000000
2.7601,17.810502,-0.255015,1.072685,-0.209440,0.135356,0.018537,0,-0.252743,155,0.083808,0.128197,17.810502,0.094562,12.145491,1.072685,17.808638,12.271210,1.072685,-0.255015,-0.209440,0.012176,-0.486328,-44.428401,0.125719,-0.006000,0.001786,0.002001,-0.000789,0.001786,0.083808,0.128197,-9.808804,0.032926,-0.043115,-0.215440,1.020653,-0.002625,27.000000,0.013045,17.808638,0.094562,-0.254641,-0.209440,0.125000,-0.006000,68,0,1,34,34,-0.007132,-0.043337,0.857837,-0.273322,0.895128,9.530276,-0.550143,-0.002625,0.004970,7,1,0,0.000000,0,12.337068,0.000000,0.135356,0,-0.252743,0.000000,0.018537,12.337068,-0.252743,1,1,1,5.614268,0.000000,0.000000,0.000000,0.000000,0.000000,0.000000,0.000000
2.7701,17.818008,-0.255408,1.067009,0.000000,0.118054,0.009259,0,-0.252743,164,0.081469,0.132811,17.818008,0.091525,12.155150,1.067009,17.816405,12.280889,1.067009,-0.255408,0.000000,0.012299,-0.486328,-44.428401,0.125739,-0.003000,0.001534,0.002000,-0.002020,0.001534,0.081469,0.132811,-9.808763,0.012087,-0.074201,-0.003000,1.029942,-0.002899,27.000000,0.013045,17.816405,0.091525,-0.255408,0.000000,0.125000,-0.003000,73,0,1,34,34,-0.043354,-0.048328,1.064684,-0.384873,0.221841,9.839261,-0.540854,-0.002899,0.004615,7,1,0,0.000000,0,12.345609,0.000000,0.118054,0,-0.252743,0.000000,0.009259,12.345609,-0.252743,1,1,1,5.614430,0.000000,0.000000,0.000000,0.000000,0.000000,0.000000,0.000000
2.7801,17.829159,-0.254641,1.199367,0.000000,0.085794,-0.003874,0,-0.252743,175,0.080081,0.137962,17.829159,0.101683,12.166273,1.199367,17.826951,12.291988,1.199367,-0.254641,0.000000,0.012143,-0.486328,-44.428401,0.125715,0.000000,0.001856,0.002001,0.001215,0.001856,0.080081,0.137962,-9.808703,-0.028324,-0.057737,0.000000,1.041812,-0.003524,27.000000,0.013045,17.826951,0.101683,-0.254641,0.000000,0.125000,0.000000,78,0,1,34,34,-0.060435,-0.007425,1.199546,0.047189,-0.115424,10.065844,-0.528985,-0.003524,0.004357,6,1,0,0.000000,0,12.353070,0.000000,0.085794,0,-0.252743,0.000000,-0.003874,12.353070,-0.252743,1,1,1,5.614596,0.000000,0.000000,0.000000,0.000000,0.000000,0.000000,0.000000
2.7901,17.840297,-0.251965,1.101152,0.209440,0.077430,-0.028307,0,-0.252743,185,0.080787,0.142456,17.840297,0.116029,12.176099,1.101152,17.838360,12.301843,1.101152,-0.251965,0.209440,0.012176,-0.486328,-44.428401,0.125744,0.000000,0.001787,0.001999,0.001945,0.001787,0.080787,0.142456,-9.808633,-0.010883,-0.026715,0.209440,1.054345,-0.003941,27.000000,0.013045,17.838360,0.116029,-0.252340,0.209440,0.125000,0.000000,83,0,1,34,34,-0.026260,0.004021,1.310640,-0.094901,-0.818137,9.656732,-0.516451,-0.003941,0.004355,7,1,0,0.000000,0,12.359197,0.000000,0.077430,0,-0.252743,0.000000,-0.028307,12.359197,-0.252743,1,1,1,5.614754,0.000000,0.000000,0.000000,0.000000,0.000000,0.000000,0.000000
2.8001,17.849586,-0.250039,1.355439,0.000000,0.032732,-0.024675,0,-0.252743,194,0.082705,0.143556,17.849586,0.108909,12.187263,1.355439,17.847276,12.313205,1.355439,-0.250039,0.000000,0.012216,-0.486328,-44.428401,0.125942,0.000000,0.001704,0.001993,-0.002691,0.001704,0.082705,0.143556,-9.808601,0.000750,-0.014262,0.000000,1.067635,-0.004049,27.000000,0.013045,17.847276,0.108909,-0.250039,0.000000,0.125000,0.000000,88,0,1,34,34,-0.009172,0.005611,1.355472,-0.255528,-1.109207,9.988667,-0.503161,-0.004049,0.004548,7,1,0,0.000000,0,12.363728,0.000000,0.032732,0,-0.252743,0.000000,-0.024675,12.363728,-0.252743,1,1,1,5.614912,0.000000,0.000000,0.000000,0.000000,0.000000,0.000000,0.000000
2.8101,17.861475,-0.249272,1.384668,0.000000,-0.011011,-0.014612,0,-0.252743,205,0.080992,0.141390,17.861475,0.108909,12.200050,1.384668,17.859260,12.326017,1.384668,-0.249272,0.000000,0.012263,-0.486328,-44.428401,0.125968,0.002000,0.001609,0.002001,0.001453,0.001609,0.080992,0.141390,-9.808647,0.074604,0.005982,0.002000,1.081212,-0.003742,27.000000,0.013045,17.859260,0.108909,-0.249272,0.000000,0.125000,0.002000,93,0,1,34,34,0.059181,-0.028809,1.387125,0.668642,-0.124298,10.037447,-0.489584,-0.003742,0.004445,7,1,0,0.000000,0,12.367202,0.000000,-0.011011,0,-0.252743,0.000000,-0.014612,12.367202,-0.252743,1,1,1,5.615063,0.000000,0.000000,0.000000,0.000000,0.000000,0.000000,0.000000
2.8201,17.870582,-0.248505,1.429922,0.000000,-0.039930,-0.016146,0,-0.252743,215,0.079405,0.134586,17.870582,0.095609,12.213419,1.429922,17.868368,12.339426,1.429922,-0.248505,0.000000,0.012295,-0.486328,-44.428401,0.126007,0.005000,0.001542,0.002018,-0.001710,0.001542,0.079405,0.134586,-9.808755,0.047902,0.054352,0.005000,1.095382,-0.002995,27.000000,0.013045,17.868368,0.095609,-0.248505,0.000000,0.125000,0.005000,98,0,1,34,34,0.071945,0.026164,1.434708,0.132169,-0.167094,9.605999,-0.475414,-0.002995,0.004471,7,1,0,0.000000,0,12.370420,0.000000,-0.039930,0,-0.252743,0.000000,-0.016146,12.370420,-0.252743,1,1,1,5.615205,0.000000,0.000000,0.000000,0.000000,0.000000,0.000000,0.000000
2.8301,17.875636,-0.245898,1.313685,0.209440,-0.039224,-0.039761,0,-0.252743,224,0.080541,0.126433,17.875636,0.059795,12.225679,1.313685,17.873737,12.351587,1.313685,-0.245898,0.209440,0.012334,-0.486328,-44.428401,0.125907,0.002000,0.001462,0.001993,-0.002070,0.001462,0.080541,0.126433,-9.808855,0.007277,0.051837,0.211440,1.110143,-0.002166,27.000000,0.013045,17.873737,0.059795,-0.246204,0.209440,0.125000,0.002000,103,0,1,34,34,0.039924,0.052661,1.524591,0.340271,0.756287,9.959949,-0.460653,-0.002166,0.004826,7,1,0,0.000000,0,12.374145,0.000000,-0.039224,0,-0.252743,0.000000,-0.039761,12.374145,-0.252743,1,1,1,5.615327,0.000000,0.000000,0.000000,0.000000,0.000000,0.000000,0.000000
2.8401,17.874208,-0.242722,1.229859,0.314159,-0.048531,-0.051792,0,-0.252743,234,0.083002,0.122008,17.874208,-0.006597,12.237930,1.229859,17.872587,12.363806,1.229859,-0.242722,0.314159,0.012405,-0.486328,-44.428401,0.125877,-0.005000,0.001316,0.001995,-0.003265,0.001316,0.083002,0.122008,-9.808890,0.028069,0.012610,0.309159,1.125534,-0.001702,27.000000,0.013045,17.872587,-0.006597,-0.243136,0.314159,0.125000,-0.005000,108,0,1,34,34,0.029301,0.009694,1.539016,-0.348048,0.633026,9.843417,-0.445262,-0.001702,0.005224,7,1,0,0.000000,0,12.378561,0.000000,-0.048531,0,-0.252743,0.000000,-0.051792,12.378561,-0.252743,1,1,1,5.615418,0.000000,0.000000,0.000000,0.000000,0.000000,0.000000,0.000000
2.8501,17.869589,-0.238862,1.214865,0.314159,-0.046711,-0.066366,0,-0.252743,242,0.082535,0.121360,17.869589,-0.060842,12.249272,1.214865,17.867889,12.375080,1.214865,-0.238862,0.314159,0.012366,-0.486328,-44.428401,0.125808,-0.010000,0.001397,0.002000,-0.002430,0.001397,0.082535,0.121360,-9.808902,0.020971,-0.036387,0.304159,1.140667,-0.001645,27.000000,0.013045,17.867889,-0.060842,-0.239301,0.314159,0.125000,-0.010000,113,0,1,34,34,-0.009094,-0.022215,1.519415,-0.328411,0.235322,9.523610,-0.430129,-0.001645,0.005248,7,1,0,0.000000,0,12.383483,0.000000,-0.046711,0,-0.252743,0.000000,-0.066366,12.383483,-0.252743,1,1,1,5.615458,0.000000,0.000000,0.000000,0.000000,0.000000,0.000000,0.000000
2.8601,17.849079,-0.235847,1.149089,0.314159,-0.057858,-0.063938,0,-0.252743,253,0.078635,0.124224,17.849079,-0.151844,12.260976,1.149089,17.847660,12.386787,1.149089,-0.235847,0.314159,0.012448,-0.486328,-44.428401,0.125811,-0.009000,0.001228,0.001994,-0.009393,0.001228,0.078635,0.124224,-9.808898,0.021456,-0.078652,0.305159,1.155391,-0.001738,27.000000,0.013045,17.847660,-0.151844,-0.236233,0.314159,0.125000,-0.009000,118,0,1,34,34,-0.038965,-0.053504,1.455027,0.531636,0.219135,9.323028,-0.415406,-0.001738,0.004835,7,1,0,0.000000,0,12.388969,0.000000,-0.057858,0,-0.252743,0.000000,-0.063938,12.388969,-0.252743,1,1,1,5.615424,0.000000,0.000000,0.000000,0.000000,0.000000,0.000000,0.000000
2.8701,17.833682,-0.232660,1.141888,0.314159,-0.066216,-0.072035,0,-0.252743,5,0.071463,0.126459,17.833682,-0.181479,12.272851,1.141888,17.831841,12.398623,1.141888,-0.232660,0.314159,0.012264,-0.486328,-44.428401,0.125773,0.000000,0.001607,0.001992,-0.002260,0.001607,0.071463,0.126459,-9.808925,0.042377,-0.079612,0.314159,1.170414,-0.001960,27.000000,0.013045,17.831841,-0.181479,-0.233165,0.314159,0.125000,0.000000,123,0,1,34,34,-0.026141,-0.068454,1.456997,1.539436,-0.286972,10.084231,-0.400382,-0.001960,0.004116,7,1,0,0.000000,0,12.394923,0.000000,-0.066216,0,-0.252743,0.000000,-0.072035,12.394923,-0.252743,1,1,1,5.615276,0.000000,0.000000,0.000000,0.000000,0.000000,0.000000,0.000000
2.8801,17.823244,-0.226310,1.116817,0.523599,-0.035488,-0.116373,0,-0.252743,15,0.061257,0.131455,17.823244,-0.097599,12.281464,1.116817,17.821678,12.407210,1.116817,-0.226310,0.523599,0.012377,-0.486328,-44.428401,0.125745,0.004000,0.001374,0.002019,-0.002908,0.001374,0.061257,0.131455,-9.808928,0.108113,-0.105564,0.527599,1.185352,-0.002083,27.000000,0.013045,17.821678,-0.097599,-0.227029,0.523599,0.125000,0.004000,128,0,1,34,34,-0.000404,-0.130738,1.646160,3.154214,-0.384686,9.548356,-0.385445,-0.002083,0.003078,7,1,0,0.000000,0,12.401169,0.000000,-0.035488,0,-0.252743,0.000000,-0.116373,12.401169,-0.252743,1,1,1,5.608969,0.000000,0.000000,0.000000,0.000000,0.000000,0.000000,0.000000
2.8901,17.833198,-0.216367,0.653329,0.942478,-0.023538,-0.172183,0,-0.252743,25,0.049903,0.128801,17.833198,0.100740,12.289063,0.653329,17.832128,12.414523,0.653329,-0.216367,0.942478,0.012292,-0.486328,-44.428401,0.125460,0.002000,0.001548,0.001992,-0.001440,0.001548,0.049903,0.128801,-9.809027,-0.022064,0.035444,0.944478,1.202604,-0.001624,27.000000,0.013045,17.832128,0.100740,-0.217825,0.942478,0.125000,0.002000,133,0,1,34,34,0.010053,0.060159,1.597188,1.643250,0.801869,10.975719,-0.368192,-0.001624,0.002150,7,1,0,0.000000,0,12.407527,0.000000,-0.023538,0,-0.252743,0.000000,-0.172183,12.407527,-0.252743,1,1,1,5.608454,0.000000,0.000000,0.000000,0.000000,0.000000,0.000000,0.000000
2.9001,17.844733,-0.206880,0.385794,0.942478,-0.001150,-0.186593,0,-0.252743,34,0.057302,0.128595,17.844733,0.109956,12.294684,0.385794,17.843921,12.419864,0.385794,-0.206880,0.942478,0.012146,-0.486328,-44.428401,0.125180,-0.011000,0.001848,0.002014,-0.000173,0.001848,0.057302,0.128595,-9.808990,-0.059410,0.065836,0.931478,1.217432,-0.001883,27.000000,0.013045,17.843921,0.109956,-0.208621,0.942478,0.125000,-0.011000,138,0,1,34,34,-0.013544,0.093695,1.320226,1.058385,-0.264589,9.021826,-0.354154,-0.001889,0.002966,7,1,0,0.000000,0,12.413938,0.000000,-0.001150,0,-0.252743,0.000000,-0.186593,12.413938,-0.252743,1,1,1,5.608243,0.000000,0.000000,0.000000,0.000000,0.000000,0.000000,0.000000
2.9101,17.852482,-0.203474,0.479301,0.418879,-0.013077,-0.132598,0,-0.252743,44,0.063906,0.128674,17.852482,0.087441,12.301281,0.479301,17.851878,12.426457,0.479301,-0.203474,0.418879,0.012412,-0.486328,-44.428401,0.125176,-0.016000,0.001302,0.001995,0.000301,0.001302,0.063906,0.128674,-9.808948,-0.010299,0.000046,0.402879,1.227432,-0.001751,27.000000,0.013045,17.851878,0.087441,-0.204019,0.418879,0.125000,-0.016000,143,0,1,34,34,-0.007190,0.018322,0.882021,0.208264,-0.165285,9.462510,-0.343364,-0.001751,0.003729,6,1,0,0.000000,0,12.420429,0.000000,-0.013077,0,-0.252743,0.000000,-0.132598,12.420429,-0.252743,1,1,1,5.608055,0.000000,0.000000,0.000000,0.000000,0.000000,0.000000,0.000000
2.9201,17.859146,-0.203252,0.593358,0.000000,-0.021172,-0.101196,0,-0.252743,54,0.057939,0.123973,17.859146,0.067963,12.307170,0.593358,17.858014,12.433587,0.593358,-0.203252,0.000000,0.012149,-0.486328,-44.428401,0.126416,0.004000,0.001842,0.002000,-0.000545,0.001842,0.057939,0.123973,-9.809046,0.038752,-0.012651,0.004000,1.234780,-0.001421,27.000000,0.013045,17.858014,0.067963,-0.203252,0.000000,0.126000,0.004000,148,0,1,34,34,0.018392,-0.029119,0.597756,2.131660,0.450342,10.809808,-0.336016,-0.001421,0.003234,7,1,0,0.000000,0,12.426799,0.000000,-0.021172,0,-0.252743,0.000000,-0.101196,12.426799,-0.252743,1,1,1,5.607856,0.000000,0.000000,0.000000,0.000000,0.000000,0.000000,0.000000
2.9301,17.865772,-0.203252,0.449829,0.000000,-0.002482,-0.098981,0,-0.252743,62,0.059078,0.124295,17.865772,0.084299,12.312333,0.449829,17.865109,12.438680,0.449829,-0.203252,0.000000,0.012356,-0.486328,-44.428401,0.126347,0.020000,0.001417,0.002000,-0.000990,0.001417,0.059078,0.124295,-9.809035,-0.040382,0.063665,0.020000,1.239873,-0.001270,27.000000,0.013045,17.865109,0.084299,-0.203252,0.000000,0.126000,0.020000,153,0,1,34,34,0.016105,0.079450,0.468884,1.106349,0.271396,9.764166,-0.330923,-0.001270,0.003341,7,1,0,0.000000,0,12.432817,0.000000,-0.002482,0,-0.252743,0.000000,-0.098981,12.432817,-0.252743,1,1,1,5.607679,0.000000,0.000000,0.000000,0.000000,0.000000,0.000000,0.000000
2.9401,17.873254,-0.203252,0.361326,0.000000,0.001903,-0.098981,0,-0.252743,71,0.069008,0.120837,17.873254,0.076131,12.317779,0.361326,17.872587,12.443032,0.361326,-0.203252,0.000000,0.012185,-0.486328,-44.428401,0.125252,0.018000,0.001768,0.001847,0.000443,0.001768,0.069008,0.120837,-9.809013,-0.089647,0.090380,0.018000,1.244224,-0.001299,27.000000,0.013045,17.872587,0.076131,-0.203252,0.000000,0.125000,0.018000,158,0,1,34,34,-0.001054,0.131907,0.377747,0.028548,-0.352951,9.939028,-0.326572,-0.001299,0.004403,6,1,0,0.000000,0,12.438304,0.000000,0.001903,0,-0.252743,0.000000,-0.098981,12.438304,-0.252743,1,1,1,5.607498,0.000000,0.000000,0.000000,0.000000,0.000000,0.000000,0.000000
2.9501,17.880206,-0.205087,0.521106,-0.209440,-0.012445,-0.076959,0,-0.252743,82,0.075206,0.119616,17.880206,0.065973,12.322932,0.521106,17.879490,12.448240,0.521106,-0.205087,-0.209440,0.012346,-0.486328,-44.428401,0.125309,-0.001000,0.001438,0.002000,0.000125,0.001438,0.075206,0.119616,-9.808982,0.019297,0.046346,-0.210440,1.247597,-0.001154,27.000000,0.013045,17.879490,0.065973,-0.204786,-0.209440,0.125000,-0.001000,163,0,1,34,34,0.046002,0.023937,0.310395,0.456323,0.157363,9.676463,-0.323199,-0.001154,0.005022,6,1,0,0.000000,0,12.443264,0.000000,-0.012445,0,-0.252743,0.000000,-0.076959,12.443264,-0.252743,1,1,1,5.607333,0.000000,0.000000,0.000000,0.000000,0.000000,0.000000,0.000000
2.9601,17.888111,-0.207620,0.565486,-0.314159,-0.021025,-0.064926,0,-0.252743,91,0.073110,0.113551,17.888111,0.078226,12.328136,0.565486,17.887160,12.453459,0.565486,-0.207620,-0.314159,0.012221,-0.486328,-44.428401,0.125323,-0.018000,0.001694,0.002154,-0.000037,0.001694,0.073110,0.113551,-9.809070,0.028289,0.024604,-0.332159,1.250280,-0.000642,27.000000,0.013045,17.887160,0.078226,-0.207087,-0.314159,0.125000,-0.018000,168,0,1,34,34,0.037465,0.001427,0.233326,0.838798,0.251656,9.802075,-0.320516,-0.000642,0.004907,7,1,0,0.000000,0,12.447560,0.000000,-0.021025,0,-0.252743,0.000000,-0.064926,12.447560,-0.252743,1,1,1,5.607163,0.000000,0.000000,0.000000,0.000000,0.000000,0.000000,0.000000
2.9701,17.894450,-0.209894,0.525376,-0.314159,-0.023182,-0.062949,0,-0.252743,100,0.075007,0.109862,17.894450,0.067963,12.332645,0.525376,17.893583,12.457933,0.525376,-0.209894,-0.314159,0.012262,-0.486328,-44.428401,0.125288,-0.013000,0.001611,0.001993,0.000629,0.001611,0.075007,0.109862,-9.809098,-0.032090,0.036420,-0.327159,1.252477,-0.000285,27.000000,0.013045,17.893583,0.067963,-0.209388,-0.314159,0.125000,-0.013000,173,0,1,34,34,0.001113,0.050954,0.197607,0.712223,0.751285,9.606034,-0.318319,-0.000285,0.005145,6,1,0,0.000000,0,12.451086,0.000000,-0.023182,0,-0.252743,0.000000,-0.062949,12.451086,-0.252743,1,1,1,5.607010,0.000000,0.000000,0.000000,0.000000,0.000000,0.000000,0.000000
2.9801,17.896174,-0.210922,0.216039,0.000000,-0.015831,-0.073362,0,-0.252743,106,0.079173,0.106076,17.896174,0.029112,12.335985,0.216039,17.895788,12.461122,0.216039,-0.210922,0.000000,0.012134,-0.486328,-44.428401,0.125136,0.003000,0.001873,0.001837,-0.000526,0.001873,0.079173,0.106076,-9.809107,-0.007762,0.029092,0.003000,1.254635,-0.000129,27.000000,0.013045,17.895788,0.029112,-0.210922,0.000000,0.125000,0.003000,178,0,1,34,34,0.013950,0.029338,0.218699,-0.108652,0.575076,9.900413,-0.316161,-0.000129,0.005628,6,1,0,0.000000,0,12.454096,0.000000,-0.015831,0,-0.252743,0.000000,-0.073362,12.454096,-0.252743,1,1,1,5.606854,0.000000,0.000000,0.000000,0.000000,0.000000,0.000000,0.000000
2.9901,17.896506,-0.211689,0.220691,0.000000,-0.018700,-0.074437,0,-0.252743,117,0.079499,0.108871,17.896506,0.006597,12.337911,0.220691,17.896172,12.464096,0.220691,-0.211689,0.000000,0.012303,-0.486328,-44.428401,0.126185,0.014000,0.001526,0.002014,-0.000423,0.001526,0.079499,0.108871,-9.809074,0.004898,-0.038332,0.014000,1.256844,-0.000251,27.000000,0.013045,17.896172,0.006597,-0.211689,0.000000,0.126000,0.014000,183,0,1,34,34,-0.022272,-0.028690,0.235062,0.119976,0.465993,9.449656,-0.313953,-0.000251,0.005591,7,1,0,0.000000,0,12.456683,0.000000,-0.018700,0,-0.252743,0.000000,-0.074437,12.456683,-0.252743,1,1,1,5.606697,0.000000,0.000000,0.000000,0.000000,0.000000,0.000000,0.000000
