t,theta_big,theta_small,dtheta_big,dtheta_small,tau_big,tau_small,axis,held_target,mcu2_seq,gravity_ax,gravity_ay,theta_big_motor,dtheta_big_motor,theta_big_platform,dtheta_big_platform,theta_big_motor_meas,platform_azimuth,platform_rate,small_joint_angle_est,small_joint_rate_est,pitch_joint_angle,pitch_joint_rate,pitch_acc,chassis_azimuth,chassis_yaw_rate,big_enc_age,big_sample_interval,big_enc_innovation,chassis_imu_age,gravity_a_x,gravity_a_y,gravity_a_z,base_omega_x,base_omega_y,base_omega_z,los_azimuth,los_elevation,mcu_bullet_velocity,mcu_pitch_angle,mcu_yaw_big_angle,mcu_yaw_big_omega,mcu_yaw_small_angle,mcu_yaw_small_omega,mcu_chassis_imu_yaw,mcu_chassis_imu_omega,mcu_mark,mcu_color,mcu_auto_aim_switch,mcu_temp_big,mcu_temp_small,imu_gx,imu_gy,imu_gz,imu_ax,imu_ay,imu_az,imu_euler_yaw,imu_euler_pitch,imu_euler_roll,imu_dt_one_tenth_ms,tx_auto_aim_enable,tx_fire,tx_pitch_target_angle,tx_yaw_big_mode,tx_yaw_big_target_angle,tx_yaw_big_target_velocity,tx_yaw_big_torque,tx_yaw_small_mode,tx_yaw_small_target_angle,tx_yaw_small_target_velocity,tx_yaw_small_torque,target_big,target_small,est_valid,mcu_valid,imu_valid,backlash_center,backlash_beta_true,theta_true_motor,theta_true_platform,theta_true_small,dtheta_true_motor,dtheta_true_platform,dtheta_true_small
0.0002,13.416384,0.201719,-0.006514,0.000000,0.035675,0.034249,0,0.218843,49,0.303957,0.226125,13.416384,0.001466,9.306118,-0.006514,13.416400,9.393146,-0.006514,0.201719,0.000000,0.012320,-0.424908,-35.033419,0.087028,-0.001000,0.001706,0.001997,0.000121,0.001706,0.303957,0.226125,-9.802682,0.016060,0.001711,-0.001000,-1.400497,-0.004063,27.000000,0.013045,13.416400,0.001466,0.201719,0.000000,0.087000,-0.001000,6,0,1,34,33,0.005366,0.008870,-0.011946,-0.107377,0.145730,9.819535,-2.971289,-0.004074,0.034978,7,1,0,0.000000,0,9.411247,0.000000,0.035675,0,0.218843,0.000000,0.034249,9.411247,0.218843,1,1,1,4.101774,0.000000,0.000000,0.000000,0.000000,0.000000,0.000000,0.000000
0.0101,13.416503,0.201719,0.017456,0.000000,0.037830,0.034249,0,0.218843,59,0.303540,0.227240,13.416503,0.002513,9.306098,0.017456,13.416496,9.393144,0.017456,0.201719,0.000000,0.012449,-0.424908,-35.033419,0.087046,0.000000,0.001403,0.001836,0.000197,0.001403,0.303540,0.227240,-9.802669,-0.003202,-0.016702,0.000000,-1.400500,-0.004055,27.000000,0.013045,13.416496,0.002513,0.201719,0.000000,0.087000,0.000000,11,0,1,34,33,0.007534,-0.015027,0.017645,-0.298431,-0.109364,9.558447,-2.971296,-0.004055,0.034963,7,1,0,0.000000,0,9.411380,0.000000,0.037830,0,0.218843,0.000000,0.034249,9.411380,0.218843,1,1,1,4.101828,0.000000,0.000000,0.000000,0.000000,0.000000,0.000000,0.000000
0.0201,13.416504,0.201719,0.011454,0.000000,0.046688,0.034249,0,0.218843,69,0.303266,0.228603,13.416504,-0.000419,9.306186,0.011454,13.416496,9.393227,0.011454,0.201719,0.000000,0.012588,-0.424908,-35.033419,0.087041,0.000000,0.001075,0.002127,0.000068,0.001075,0.303266,0.228603,-9.802646,-0.008143,0.008622,0.000000,-1.400417,-0.004057,27.000000,0.013045,13.416496,-0.000419,0.201719,0.000000,0.087000,0.000000,16,0,1,34,33,-0.011697,0.002098,0.011428,-0.124668,-0.323758,9.891370,-2.971214,-0.004057,0.034963,7,1,0,0.000000,0,9.412315,0.000000,0.046688,0,0.218843,0.000000,0.034249,9.412315,0.218843,1,1,1,4.101856,0.000000,0.000000,0.000000,0.000000,0.000000,0.000000,0.000000
0.0301,13.416587,0.201719,-0.003613,0.000000,0.068081,0.034249,0,0.218843,79,0.303852,0.227074,13.416587,0.000419,9.306225,-0.003613,13.416591,9.393256,-0.003613,0.201719,0.000000,0.012426,-0.424908,-35.033419,0.087031,0.000000,0.001456,0.002074,0.000095,0.001456,0.303852,0.227074,-9.802663,0.001861,-0.006455,-0.000000,-1.400387,-0.004054,27.000000,0.013045,13.416591,0.000419,0.201719,0.000000,0.087000,0.000000,21,0,1,33,33,0.005382,-0.004065,-0.003563,0.016673,0.354039,9.993978,-2.971183,-0.004054,0.034991,7,1,0,0.000000,0,9.414836,0.000000,0.068081,0,0.218843,0.000000,0.034249,9.414836,0.218843,1,1,1,4.101885,0.000000,0.000000,0.000000,0.000000,0.000000,0.000000,0.000000
0.0401,13.417061,0.201719,-0.003678,0.000000,0.097310,0.034249,0,0.218843,89,0.303558,0.228061,13.417061,0.007645,9.306158,-0.003678,13.417071,9.393189,-0.003678,0.201719,0.000000,0.012515,-0.424908,-35.033419,0.087031,0.000000,0.001248,0.001995,0.000192,0.001248,0.303558,0.228061,-9.802650,-0.011362,0.000838,0.000000,-1.400455,-0.004071,27.000000,0.013045,13.417071,0.007645,0.201719,0.000000,0.087000,0.000000,26,0,1,34,33,-0.009558,-0.006245,-0.003600,-0.364508,-0.310908,9.613802,-2.971251,-0.004071,0.034981,6,1,0,0.000000,0,9.419281,0.000000,0.097310,0,0.218843,0.000000,0.034249,9.419281,0.218843,1,1,1,4.102162,0.000000,0.000000,0.000000,0.000000,0.000000,0.000000,0.000000
0.0501,13.419932,0.201719,-0.001030,0.000000,0.127394,0.034249,0,0.218843,99,0.304381,0.226991,13.419932,0.037280,9.306069,-0.001030,13.419947,9.393102,-0.001030,0.201719,0.000000,0.012401,-0.424908,-35.033419,0.087033,0.000000,0.001516,0.002018,0.001060,0.001516,0.304381,0.226991,-9.802649,0.003251,0.016534,0.000000,-1.400541,-0.004061,27.000000,0.013045,13.419947,0.037280,0.201719,0.000000,0.087000,0.000000,31,0,1,33,33,-0.007446,0.015102,-0.001217,-0.003556,0.387192,9.630622,-2.971337,-0.004061,0.035042,6,1,0,0.000000,0,9.425462,0.000000,0.127394,0,0.218843,0.000000,0.034249,9.425462,0.218843,1,1,1,4.103674,0.000000,0.000000,0.000000,0.000000,0.000000,0.000000,0.000000
0.0601,13.426893,0.200952,-0.038677,0.000000,0.150953,0.043453,0,0.218843,109,0.307122,0.227648,13.426893,0.075084,9.306654,-0.038677,13.426946,9.393661,-0.038677,0.200952,0.000000,0.012474,-0.424908,-35.033419,0.087007,0.000000,0.001344,0.001895,0.001497,0.001344,0.307122,0.227648,-9.802548,0.035804,0.030527,0.000000,-1.400747,-0.004024,27.000000,0.013045,13.426946,0.075084,0.200952,0.000000,0.087000,0.000000,36,0,1,34,33,0.009588,0.045578,-0.039249,-0.765687,-0.058725,10.085025,-2.971543,-0.004024,0.035317,7,1,0,0.000000,0,9.433207,0.000000,0.150953,0,0.218843,0.000000,0.043453,9.433207,0.218843,1,1,1,4.106900,0.000000,0.000000,0.000000,0.000000,0.000000,0.000000,0.000000
0.0701,13.432425,0.197392,0.191565,-0.314159,0.157222,0.078496,0,0.218843,119,0.315919,0.226778,13.432425,0.045448,9.309031,0.191565,13.432125,9.396200,0.191565,0.197392,-0.314159,0.012380,-0.424908,-35.033419,0.087169,0.001000,0.001564,0.002106,-0.000043,0.001564,0.315919,0.226778,-9.802289,0.042317,0.041597,-0.313159,-1.401761,-0.003981,27.000000,0.013045,13.432125,0.045448,0.197884,-0.314159,0.087000,0.001000,41,0,1,34,33,0.007417,0.057363,-0.122314,-1.400345,0.785451,9.844264,-2.972557,-0.003981,0.036120,6,1,0,0.000000,0,9.442257,0.000000,0.157222,0,0.218843,0.000000,0.078496,9.442257,0.218843,1,1,1,4.108619,0.000000,0.000000,0.000000,0.000000,0.000000,0.000000,0.000000
0.0801,13.433229,0.195198,0.320044,-0.314159,0.197212,0.069234,0,0.218843,128,0.317393,0.226512,13.433229,0.007645,9.310464,0.320044,13.432796,9.397707,0.320044,0.195198,-0.314159,0.012525,-0.424908,-35.033419,0.087243,0.003000,0.001225,0.001973,-0.000176,0.001225,0.317393,0.226512,-9.802247,0.005265,-0.026065,-0.311159,-1.402453,-0.003860,27.000000,0.013045,13.432796,0.007645,0.195583,-0.314159,0.087000,0.003000,46,0,1,33,33,0.020341,-0.017014,0.009098,-0.662812,0.290511,9.686644,-2.973249,-0.003860,0.036226,6,1,0,0.000000,0,9.452522,0.000000,0.197212,0,0.218843,0.000000,0.069234,9.452522,0.218843,1,1,1,4.108805,0.000000,0.000000,0.000000,0.000000,0.000000,0.000000,0.000000
0.0901,13.436910,0.192996,0.417089,-0.314159,0.218625,0.073714,0,0.218843,136,0.319347,0.228999,13.436910,0.037280,9.313303,0.417089,13.436535,9.400606,0.417089,0.192996,-0.314159,0.012658,-0.424908,-35.033419,0.087302,0.007000,0.000910,0.001964,0.000374,0.000910,0.319347,0.228999,-9.802126,-0.028766,0.044181,-0.307159,-1.401750,-0.004017,27.000000,0.013045,13.436535,0.037280,0.193282,-0.314159,0.087000,0.007000,51,0,1,34,33,-0.050108,0.017779,0.109714,-1.778358,-0.562047,9.753914,-2.972546,-0.004017,0.036434,6,1,0,0.000000,0,9.464504,0.000000,0.218625,0,0.218843,0.000000,0.073714,9.464504,0.218843,1,1,1,4.108849,0.000000,0.000000,0.000000,0.000000,0.000000,0.000000,0.000000
0.1001,13.441093,0.189923,0.394027,-0.209440,0.239090,0.088566,0,0.218843,146,0.322309,0.225464,13.441093,0.039375,9.317876,0.394027,13.440561,9.405175,0.394027,0.189923,-0.209440,0.012154,-0.642744,-70.254764,0.087299,0.002000,0.001387,0.002000,0.000108,0.001387,0.322309,0.225464,-9.802111,0.009411,0.002952,-0.207440,-1.400243,-0.004222,27.000000,0.013045,13.440561,0.039375,0.190214,-0.209440,0.087000,0.002000,56,0,1,34,33,0.005422,0.010507,0.186473,-0.719443,0.635553,10.398286,-2.971040,-0.004222,0.036612,7,1,0,0.000000,0,9.478347,0.000000,0.239090,0,0.218843,0.000000,0.088566,9.478347,0.218843,1,1,1,4.108900,0.000000,0.000000,0.000000,0.000000,0.000000,0.000000,0.000000
0.1101,13.444924,0.188565,0.421998,-0.104720,0.290476,0.074135,0,0.218843,156,0.320293,0.224524,13.444924,0.040317,9.321641,0.421998,13.444396,9.408925,0.421998,0.188565,-0.104720,0.012343,-0.642744,-70.254764,0.087284,-0.004000,0.001092,0.001988,-0.000113,0.001092,0.320293,0.224524,-9.802199,-0.008456,-0.055803,-0.108720,-1.397861,-0.004027,27.000000,0.013045,13.444396,0.040317,0.188680,-0.104720,0.087000,-0.004000,61,0,1,34,33,0.028998,-0.044550,0.313852,-0.517870,-0.262238,9.537627,-2.968658,-0.004027,0.036369,6,1,0,0.000000,0,9.494108,0.000000,0.290476,0,0.218843,0.000000,0.074135,9.494108,0.218843,1,1,1,4.108945,0.000000,0.000000,0.000000,0.000000,0.000000,0.000000,0.000000
0.1201,13.449159,0.187793,0.577846,-0.104720,0.331345,0.069827,0,0.218843,166,0.320002,0.221546,13.449159,0.043459,9.326275,0.577846,13.448519,9.413659,0.577846,0.187793,-0.104720,0.012308,-0.642744,-70.254764,0.087384,-0.007000,0.001146,0.001950,-0.000146,0.001146,0.320002,0.221546,-9.802276,-0.010991,0.021564,-0.111720,-1.393908,-0.003797,27.000000,0.013045,13.448519,0.043459,0.187913,-0.104720,0.087000,-0.007000,66,0,1,34,33,-0.022251,0.015261,0.465973,-0.642930,-0.080039,9.491524,-2.964704,-0.003797,0.036271,6,1,0,0.000000,0,9.512258,0.000000,0.331345,0,0.218843,0.000000,0.069827,9.512258,0.218843,1,1,1,4.108992,0.000000,0.000000,0.000000,0.000000,0.000000,0.000000,0.000000
0.1301,13.454765,0.187146,0.533211,0.000000,0.373671,0.069865,0,0.218843,176,0.321143,0.218347,13.454765,0.056758,9.332169,0.533211,13.453984,9.419514,0.533211,0.187146,0.000000,0.012097,-0.642744,-70.254764,0.087345,-0.003000,0.001475,0.001993,0.000299,0.001475,0.321143,0.218347,-9.802311,0.000737,0.015486,-0.003000,-1.388703,-0.003690,27.000000,0.013045,13.453984,0.056758,0.187146,0.000000,0.087000,-0.003000,71,0,1,34,33,-0.009428,0.018721,0.530024,-0.430351,-0.165140,10.199019,-2.959499,-0.003690,0.036314,6,1,0,0.000000,0,9.532818,0.000000,0.373671,0,0.218843,0.000000,0.069865,9.532818,0.218843,1,1,1,4.109039,0.000000,0.000000,0.000000,0.000000,0.000000,0.000000,0.000000
0.1401,13.460378,0.187146,0.570922,0.000000,0.437076,0.063395,0,0.218843,186,0.325825,0.217603,13.460378,0.062832,9.337469,0.570922,13.459640,9.424841,0.570922,0.187146,0.000000,0.012204,-0.642744,-70.254764,0.087372,0.000000,0.001309,0.002002,-0.000032,0.001309,0.325825,0.217603,-9.802173,0.038453,-0.009492,0.000000,-1.383380,-0.003420,27.000000,0.013045,13.459640,0.062832,0.187146,0.000000,0.087000,0.000000,76,0,1,34,33,0.035404,0.024721,0.570662,-1.064544,0.083820,9.368482,-2.954177,-0.003420,0.036769,6,1,0,0.000000,0,9.555684,0.000000,0.437076,0,0.218843,0.000000,0.063395,9.555684,0.218843,1,1,1,4.109084,0.000000,0.000000,0.000000,0.000000,0.000000,0.000000,0.000000
0.1501,13.466447,0.187146,0.658949,0.000000,0.488594,0.063395,0,0.218843,196,0.314877,0.284014,13.466447,0.061785,9.343993,0.658949,13.465394,9.431472,0.658949,0.187146,0.000000,0.019553,0.276606,9.340680,0.087479,0.001000,0.001620,0.001997,0.000055,0.001620,0.314877,0.284014,-9.800831,-0.007948,-0.004651,0.001000,-1.376798,-0.002936,27.000000,0.019105,13.465394,0.061785,0.187146,0.000000,0.087000,0.001000,81,0,1,34,33,-0.002971,0.004188,0.659993,-1.256090,0.424059,9.687599,-2.947595,-0.002936,0.036932,7,1,0,0.000000,0,9.581224,0.000000,0.488594,0,0.218843,0.000000,0.063395,9.581224,0.218843,1,1,1,4.109130,0.000000,0.000000,0.000000,0.000000,0.000000,0.000000,0.000000
0.1601,13.473518,0.186379,0.700068,0.000000,0.547915,0.072599,0,0.218843,206,0.314606,0.285522,13.473518,0.071000,9.351471,0.700068,13.472391,9.438905,0.700068,0.186379,0.000000,0.019731,0.387686,27.451047,0.087434,0.000000,0.001616,0.001997,0.000078,0.001616,0.314606,0.285522,-9.800796,-0.060993,0.025595,0.000000,-1.370133,-0.002943,27.000000,0.019105,13.472391,0.071000,0.186379,0.000000,0.087000,0.000000,86,0,1,34,33,-0.062716,-0.007207,0.700347,-0.554552,-0.231552,10.150418,-2.940930,-0.002943,0.036916,6,1,0,0.000000,0,9.609358,0.000000,0.547915,0,0.218843,0.000000,0.072599,9.609358,0.218843,1,1,1,4.109173,0.000000,0.000000,0.000000,0.000000,0.000000,0.000000,0.000000
0.1701,13.480232,0.186379,0.798603,0.000000,0.618105,0.064929,0,0.218843,216,0.327524,0.217362,13.480232,0.072047,9.358707,0.798603,13.479200,9.446289,0.798603,0.186379,0.000000,0.012562,-0.368149,-25.976400,0.087582,0.000000,0.001311,0.002002,0.000081,0.001311,0.327524,0.217362,-9.802121,-0.008897,-0.002380,0.000000,-1.362712,-0.003034,27.000000,0.013045,13.479200,0.072047,0.186379,0.000000,0.087000,0.000000,91,0,1,34,33,-0.005063,0.002339,0.798637,-0.422886,0.305522,10.031486,-2.933508,-0.003034,0.036923,7,1,0,0.000000,0,9.639842,0.000000,0.618105,0,0.218843,0.000000,0.064929,9.639842,0.218843,1,1,1,4.109214,0.000000,0.000000,0.000000,0.000000,0.000000,0.000000,0.000000
0.1801,13.488675,0.186379,0.877817,0.000000,0.680694,0.064929,0,0.218843,226,0.329660,0.215948,13.488675,0.086394,9.366953,0.877817,13.487540,9.454588,0.877817,0.186379,0.000000,0.012564,-0.368149,-25.976400,0.087635,0.000000,0.001306,0.001994,0.000311,0.001306,0.329660,0.215948,-9.802081,-0.000089,0.004248,0.000000,-1.354418,-0.002850,27.000000,0.013045,13.487540,0.086394,0.186379,0.000000,0.087000,0.000000,96,0,1,33,33,-0.002917,0.014118,0.877709,-0.975290,-0.645906,9.610038,-2.925214,-0.002850,0.037110,7,1,0,0.000000,0,9.672606,0.000000,0.680694,0,0.218843,0.000000,0.064929,9.672606,0.218843,1,1,1,4.109254,0.000000,0.000000,0.000000,0.000000,0.000000,0.000000,0.000000
0.1901,13.497444,0.186379,0.929175,0.000000,0.751349,0.064929,0,0.218843,236,0.332033,0.212655,13.497444,0.096656,9.375958,0.929175,13.496170,9.463630,0.929175,0.186379,0.000000,0.012537,-0.368149,-25.976400,0.087672,0.002000,0.001380,0.001951,0.000229,0.001380,0.332033,0.212655,-9.802073,-0.004232,0.009141,0.002000,-1.345385,-0.002502,27.000000,0.013045,13.496170,0.096656,0.186379,0.000000,0.087000,0.002000,101,0,1,33,33,-0.009307,0.015527,0.931053,-0.404340,0.261021,9.763079,-2.916181,-0.002502,0.037286,7,1,0,0.000000,0,9.707925,0.000000,0.751349,0,0.218843,0.000000,0.064929,9.707925,0.218843,1,1,1,4.109295,0.000000,0.000000,0.000000,0.000000,0.000000,0.000000,0.000000
0.2001,13.506830,0.186379,0.984125,0.000000,0.825935,0.064929,0,0.218843,246,0.334598,0.208826,13.506830,0.097599,9.385550,0.984125,13.505469,9.473257,0.984125,0.186379,0.000000,0.012529,-0.368149,-25.976400,0.087707,0.002000,0.001403,0.001983,0.000063,0.001403,0.334598,0.208826,-9.802068,-0.000997,-0.024940,0.002000,-1.335771,-0.002079,27.000000,0.013045,13.505469,0.097599,0.186379,0.000000,0.087000,0.002000,106,0,1,34,33,0.016348,-0.006506,0.986284,-0.899019,-0.136471,10.179862,-2.906567,-0.002079,0.037471,7,1,0,0.000000,0,9.745664,0.000000,0.825935,0,0.218843,0.000000,0.064929,9.745664,0.218843,1,1,1,4.109334,0.000000,0.000000,0.000000,0.000000,0.000000,0.000000,0.000000
0.2101,13.516319,0.186379,1.040206,0.000000,0.899334,0.064929,0,0.218843,0,0.337020,0.204667,13.516319,0.101683,9.395764,1.040206,13.514961,9.483399,1.040206,0.186379,0.000000,0.012565,-0.368149,-25.976400,0.087635,0.000000,0.001303,0.001998,-0.000040,0.001303,0.337020,0.204667,-9.802073,0.015297,0.001625,0.000000,-1.325645,-0.001580,27.000000,0.013045,13.514961,0.101683,0.186379,0.000000,0.087000,0.000000,111,0,1,34,33,0.009927,0.024821,1.039977,-0.584225,-0.293081,9.709541,-2.896441,-0.001580,0.037635,6,1,0,0.000000,0,9.785349,0.000000,0.899334,0,0.218843,0.000000,0.064929,9.785349,0.218843,1,1,1,4.109372,0.000000,0.000000,0.000000,0.000000,0.000000,0.000000,0.000000
0.2201,13.526729,0.186379,1.116679,0.000000,0.963435,0.064929,0,0.218843,10,0.339822,0.199849,13.526729,0.109956,9.406604,1.116679,13.525124,9.494277,1.116679,0.186379,0.000000,0.012505,-0.368149,-25.976400,0.087672,-0.002000,0.001466,0.001994,0.000035,0.001466,0.339822,0.199849,-9.802075,0.001898,0.002967,-0.002000,-1.314781,-0.001104,27.000000,0.013045,13.525124,0.109956,0.186379,0.000000,0.087000,-0.002000,116,0,1,33,33,-0.000716,0.017387,1.114548,-0.787013,0.299417,9.734505,-2.885577,-0.001104,0.037824,6,1,0,0.000000,0,9.826188,0.000000,0.963435,0,0.218843,0.000000,0.064929,9.826188,0.218843,1,1,1,4.109409,0.000000,0.000000,0.000000,0.000000,0.000000,0.000000,0.000000
0.2301,13.538944,0.186379,1.149541,0.000000,1.000000,0.064929,0,0.218843,19,0.343067,0.197194,13.538944,0.122208,9.418037,1.149541,13.537204,9.505837,1.149541,0.186379,0.000000,0.012483,-0.368149,-25.976400,0.087800,-0.003000,0.001526,0.002014,0.000462,0.001526,0.343067,0.197194,-9.802016,-0.019796,0.017425,-0.003000,-1.303229,-0.000799,27.000000,0.013045,13.537204,0.122208,0.186379,0.000000,0.087000,-0.003000,121,0,1,34,33,-0.026317,0.012615,1.146473,-0.813085,-0.305358,9.919818,-2.874025,-0.000799,0.038100,7,1,0,0.000000,0,9.867382,0.000000,1.000000,0,0.218843,0.000000,0.064929,9.867382,0.218843,1,1,1,4.109445,0.000000,0.000000,0.000000,0.000000,0.000000,0.000000,0.000000
0.2401,13.550077,0.186379,1.195827,0.000000,1.000000,0.064929,0,0.218843,28,0.345178,0.195842,13.550077,0.122208,9.429216,1.195827,13.548804,9.517047,1.195827,0.186379,0.000000,0.012617,-0.401102,-31.157131,0.087831,-0.002000,0.001066,0.002003,0.000287,0.001066,0.345178,0.195842,-9.801969,-0.002403,0.019521,-0.002000,-1.292029,-0.000490,27.000000,0.013045,13.548804,0.122208,0.186379,0.000000,0.087000,-0.002000,126,0,1,33,33,-0.015646,0.026980,1.193582,-0.624625,0.375528,9.773657,-2.862825,-0.000490,0.038286,7,1,0,0.000000,0,9.908130,0.000000,1.000000,0,0.218843,0.000000,0.064929,9.908130,0.218843,1,1,1,4.109481,0.000000,0.000000,0.000000,0.000000,0.000000,0.000000,0.000000
0.2501,13.562459,0.186379,1.290064,0.000000,1.000000,0.064929,0,0.218843,37,0.347314,0.191556,13.562459,0.124198,9.442065,1.290064,13.560693,9.529829,1.290064,0.186379,0.000000,0.012491,-0.401102,-31.157131,0.087764,-0.001000,0.001380,0.002000,0.000540,0.001380,0.347314,0.191556,-9.801978,-0.026936,-0.001186,-0.001000,-1.279257,-0.000146,27.000000,0.013045,13.560693,0.124198,0.186379,0.000000,0.087000,-0.001000,131,0,1,33,33,-0.017719,-0.004219,1.289217,-0.718457,-0.291503,9.575484,-2.850054,-0.000146,0.038419,6,1,0,0.000000,0,9.947633,0.000000,1.000000,0,0.218843,0.000000,0.064929,9.947633,0.218843,1,1,1,4.109518,0.000000,0.000000,0.000000,0.000000,0.000000,0.000000,0.000000
0.2601,13.575375,0.186379,1.326336,0.000000,1.000000,0.064929,0,0.218843,47,0.350361,0.188382,13.575375,0.140639,9.455436,1.326336,13.573348,9.543350,1.326336,0.186379,0.000000,0.012432,-0.401102,-31.157131,0.087915,0.000000,0.001528,0.001994,0.000338,0.001528,0.350361,0.188382,-9.801931,-0.003566,0.035474,0.000000,-1.265745,0.000170,27.000000,0.013045,13.573348,0.140639,0.186379,0.000000,0.087000,0.000000,136,0,1,33,33,-0.028426,0.038007,1.325966,-0.594731,0.040640,9.789452,-2.836542,0.000170,0.038664,7,1,0,0.000000,0,9.985090,0.000000,1.000000,0,0.218843,0.000000,0.064929,9.985090,0.218843,1,1,1,4.109553,0.000000,0.000000,0.000000,0.000000,0.000000,0.000000,0.000000
0.2701,13.589896,0.186379,1.383425,0.000000,1.000000,0.064929,0,0.218843,55,0.354001,0.186038,13.589896,0.147760,9.468413,1.383425,13.588113,9.556361,1.383425,0.186379,0.000000,0.012522,-0.401102,-31.157131,0.087948,0.000000,0.001303,0.003988,0.001114,0.001303,0.354001,0.186038,-9.801845,-0.000011,-0.002027,0.000000,-1.252747,0.000564,27.000000,0.013045,13.588113,0.147760,0.186379,0.000000,0.087000,0.000000,141,0,1,34,33,0.001499,0.015958,1.383334,-0.860779,-0.127006,10.189552,-2.823543,0.000564,0.038985,7,1,0,0.000000,0,10.019771,0.000000,1.000000,0,0.218843,0.000000,0.064929,10.019771,0.218843,1,1,1,4.109588,0.000000,0.000000,0.000000,0.000000,0.000000,0.000000,0.000000
0.2801,13.602706,0.187146,1.453424,0.000000,1.000000,0.055725,0,0.218843,65,0.354828,0.179674,13.602706,0.134460,9.482387,1.453424,13.600385,9.570383,1.453424,0.187146,0.000000,0.012399,-0.401102,-31.157131,0.087996,0.002000,0.001610,0.001999,0.000006,0.001610,0.354828,0.179674,-9.801934,-0.011657,-0.023686,0.002000,-1.237978,0.001123,27.000000,0.013045,13.600385,0.134460,0.187146,0.000000,0.087000,0.002000,146,0,1,34,33,0.010082,-0.006351,1.455614,-0.327286,0.060850,9.713265,-2.808774,0.001123,0.038956,7,1,0,0.000000,0,10.051454,0.000000,1.000000,0,0.218843,0.000000,0.055725,10.051454,0.218843,1,1,1,4.109625,0.000000,0.000000,0.000000,0.000000,0.000000,0.000000,0.000000
0.2901,13.607916,0.187913,1.513321,0.000000,1.000000,0.054191,0,0.218843,72,0.354250,0.175681,13.607916,0.138544,9.496036,1.513321,13.602781,9.584072,1.513321,0.187913,0.000000,0.012460,-0.401102,-31.157131,0.088036,0.002000,0.003423,0.002043,-0.003040,0.003423,0.354250,0.175681,-9.802027,-0.019209,-0.004651,0.002000,-1.223539,0.001603,27.000000,0.013045,13.602781,0.138544,0.187913,0.000000,0.087000,0.002000,151,0,1,34,33,-0.009120,0.001348,1.515422,-0.452181,0.232899,9.714912,-2.794335,0.001603,0.038831,7,1,0,0.000000,0,10.080136,0.000000,1.000000,0,0.218843,0.000000,0.054191,10.080136,0.218843,1,1,1,4.109642,0.000000,0.000000,0.000000,0.000000,0.000000,0.000000,0.000000
0.3001,13.631161,0.187913,1.552881,0.000000,1.000000,0.061861,0,0.218843,82,0.355827,0.173231,13.631161,0.154881,9.510927,1.552881,13.629628,9.598974,1.552881,0.187913,0.000000,0.012644,-0.401102,-31.157131,0.088047,-0.001000,0.001001,0.002138,-0.000582,0.001001,0.355827,0.173231,-9.802014,-0.010396,0.003218,-0.001000,-1.208653,0.002062,27.000000,0.013045,13.629628,0.154881,0.187913,0.000000,0.087000,-0.001000,156,0,1,34,33,-0.009123,0.013687,1.551832,-0.458349,-0.431830,10.110187,-2.779450,0.002062,0.038942,7,1,0,0.000000,0,10.105819,0.000000,1.000000,0,0.218843,0.000000,0.061861,10.105819,0.218843,1,1,1,4.109676,0.000000,0.000000,0.000000,0.000000,0.000000,0.000000,0.000000
0.3101,13.646585,0.188680,1.588224,0.000000,1.000000,0.052657,0,0.218843,92,0.359241,0.165202,13.646585,0.146712,9.526496,1.588224,13.644009,9.614555,1.588224,0.188680,0.000000,0.012399,-0.401102,-31.157131,0.088060,-0.002000,0.001612,0.002000,0.000009,0.001612,0.359241,0.165202,-9.802028,0.008027,-0.006487,-0.002000,-1.192326,0.002716,27.000000,0.013045,13.644009,0.146712,0.188680,0.000000,0.087000,-0.002000,161,0,1,34,33,0.010090,0.021836,1.586076,-0.049795,0.220136,9.992589,-2.763122,0.002716,0.039139,7,1,0,0.000000,0,10.128501,0.000000,1.000000,0,0.218843,0.000000,0.052657,10.128501,0.218843,1,1,1,4.109713,0.000000,0.000000,0.000000,0.000000,0.000000,0.000000,0.000000
0.3201,13.662745,0.188680,1.654437,0.000000,1.000000,0.060327,0,0.218843,102,0.361908,0.162022,13.662745,0.171322,9.542114,1.654437,13.660595,9.630217,1.654437,0.188680,0.000000,0.012522,-0.401102,-31.157131,0.088103,0.000000,0.001303,0.001997,-0.000504,0.001303,0.361908,0.162022,-9.801983,-0.013391,0.017340,0.000000,-1.176682,0.003209,27.000000,0.013045,13.660595,0.171322,0.188680,0.000000,0.087000,0.000000,166,0,1,34,33,-0.021908,0.020837,1.654305,-0.861780,-0.244949,9.671563,-2.747478,0.003209,0.039345,7,1,0,0.000000,0,10.148184,0.000000,1.000000,0,0.218843,0.000000,0.060327,10.148184,0.218843,1,1,1,4.109747,0.000000,0.000000,0.000000,0.000000,0.000000,0.000000,0.000000
0.3301,13.678335,0.189447,1.676278,0.000000,1.000000,0.051123,0,0.218843,112,0.365679,0.157177,13.678335,0.161059,9.558571,1.676278,13.675551,9.646512,1.676278,0.189447,0.000000,0.012367,-0.401102,-31.157131,0.087941,0.000000,0.001690,0.001994,0.000184,0.001690,0.365679,0.157177,-9.801922,0.006244,0.026878,0.000000,-1.159634,0.003642,27.000000,0.013045,13.675551,0.161059,0.189447,0.000000,0.087000,0.000000,171,0,1,34,33,-0.030459,0.031554,1.650156,-0.391036,-0.678284,9.935486,-2.731435,0.003613,0.039617,7,1,0,0.000000,0,10.164866,0.000000,1.000000,0,0.218843,0.000000,0.051123,10.164866,0.218843,1,1,1,4.109776,0.000000,0.000000,0.000000,0.000000,0.000000,0.000000,0.000000
0.3401,13.694324,0.189447,1.680745,0.000000,0.999799,0.058793,0,0.218843,122,0.369142,0.151496,13.694324,0.172264,9.575171,1.680745,13.691468,9.663271,1.680745,0.189447,0.000000,0.012362,-0.401102,-31.157131,0.088100,-0.001000,0.001704,0.001996,0.000194,0.001704,0.369142,0.151496,-9.801882,-0.005763,-0.014137,-0.001000,-1.142897,0.004271,27.000000,0.013045,13.691468,0.172264,0.189447,0.000000,0.087000,-0.001000,176,0,1,34,33,0.010116,0.022783,1.675687,-0.891051,0.256635,10.097683,-2.714869,0.004221,0.039871,7,1,0,0.000000,0,10.178549,0.000000,0.999799,0,0.218843,0.000000,0.058793,10.178549,0.218843,1,1,1,4.109807,0.000000,0.000000,0.000000,0.000000,0.000000,0.000000,0.000000
0.3501,13.711927,0.190214,1.692733,0.000000,0.966894,0.049589,0,0.218843,132,0.370468,0.146458,13.711927,0.181479,9.591157,1.692733,13.709300,9.679259,1.692733,0.190214,0.000000,0.012420,-0.401102,-31.157131,0.088102,0.000000,0.001559,0.001992,0.000706,0.001559,0.370468,0.146458,-9.801908,-0.006798,0.001090,0.000000,-1.126165,0.004890,27.000000,0.013045,13.709300,0.181479,0.190214,0.000000,0.087000,0.000000,181,0,1,34,33,-0.004815,0.016102,1.692664,-0.374506,-0.177164,9.624709,-2.696961,0.004890,0.039917,7,1,0,0.000000,0,10.189232,0.000000,0.966894,0,0.218843,0.000000,0.049589,10.189232,0.218843,1,1,1,4.109841,0.000000,0.000000,0.000000,0.000000,0.000000,0.000000,0.000000
0.3601,13.729093,0.190214,1.709936,0.000000,0.921829,0.057259,0,0.218843,142,0.372202,0.144273,13.729093,0.177395,9.607013,1.709936,13.727420,9.695119,1.709936,0.190214,0.000000,0.012655,-0.401102,-31.157131,0.088106,0.000000,0.000972,0.002093,0.001691,0.000972,0.372202,0.144273,-9.801875,-0.009422,0.014906,0.000000,-1.110323,0.005377,27.000000,0.013045,13.727420,0.177395,0.190214,0.000000,0.087000,0.000000,186,0,1,34,33,-0.017624,0.022249,1.709792,-0.326982,-0.034651,9.702735,-2.681119,0.005377,0.040049,7,1,0,0.000000,0,10.196916,0.000000,0.921829,0,0.218843,0.000000,0.057259,10.196916,0.218843,1,1,1,4.109876,0.000000,0.000000,0.000000,0.000000,0.000000,0.000000,0.000000
0.3701,13.743982,0.190214,1.758584,0.000000,0.850738,0.057259,0,0.218843,152,0.373550,0.138209,13.743982,0.173311,9.624307,1.758584,13.742377,9.712613,1.758584,0.190214,0.000000,0.012676,-0.401102,-31.157131,0.088307,0.000000,0.000921,0.001995,0.000069,0.000921,0.373550,0.138209,-9.801911,-0.013909,-0.011122,0.000000,-1.092853,0.006030,27.000000,0.013045,13.742377,0.173311,0.190214,0.000000,0.087000,0.000000,191,0,1,34,33,0.001621,0.004557,1.758668,-0.200716,-0.241041,10.160123,-2.663650,0.006030,0.040067,8,1,0,0.000000,0,10.201672,0.000000,0.850738,0,0.218843,0.000000,0.057259,10.201672,0.218843,1,1,1,4.109909,0.000000,0.000000,0.000000,0.000000,0.000000,0.000000,0.000000
0.3801,13.762045,0.190214,1.810696,0.000000,0.777433,0.057259,0,0.218843,162,0.376209,0.128753,13.762045,0.177395,9.643410,1.810696,13.759250,9.731745,1.810696,0.190214,0.000000,0.012424,-0.401102,-31.157131,0.088335,0.000000,0.001548,0.002008,0.000130,0.001548,0.376209,0.128753,-9.801938,0.018762,0.007485,0.000000,-1.073749,0.006777,27.000000,0.013045,13.759250,0.177395,0.190214,0.000000,0.087000,0.000000,196,0,1,34,33,0.003731,0.042347,1.810309,-0.327112,0.342525,10.137194,-2.644545,0.006777,0.040151,8,1,0,0.000000,0,10.204080,0.000000,0.777433,0,0.218843,0.000000,0.057259,10.204080,0.218843,1,1,1,4.109942,0.000000,0.000000,0.000000,0.000000,0.000000,0.000000,0.000000
0.3901,13.779925,0.190214,1.850985,0.000000,0.735874,0.057259,0,0.218843,172,0.378930,0.124066,13.779925,0.185563,9.661833,1.850985,13.777083,9.750004,1.850985,0.190214,0.000000,0.012425,-0.401102,-31.157131,0.088171,0.000000,0.001545,0.002004,-0.000025,0.001545,0.378930,0.124066,-9.801894,-0.002680,0.023972,0.000000,-1.055510,0.007300,27.000000,0.013045,13.777083,0.185563,0.190214,0.000000,0.087000,0.000000,0,0,1,34,33,-0.021863,0.033187,1.850716,-0.823515,-0.386237,9.497900,-2.626306,0.007300,0.040333,7,1,0,0.000000,0,10.204939,0.000000,0.735874,0,0.218843,0.000000,0.057259,10.204939,0.218843,1,1,1,4.109970,0.000000,0.000000,0.000000,0.000000,0.000000,0.000000,0.000000
0.4001,13.798266,0.190981,1.861497,0.000000,0.694741,0.048055,0,0.218843,182,0.381098,0.118730,13.798266,0.184621,9.679608,1.861497,13.795203,9.767774,1.861497,0.190981,0.000000,0.012386,-0.401102,-31.157131,0.088167,0.000000,0.001642,0.001994,0.000515,0.001642,0.381098,0.118730,-9.801876,-0.005789,0.016987,0.000000,-1.036993,0.007867,27.000000,0.013045,13.795203,0.184621,0.190981,0.000000,0.087000,0.000000,5,0,1,34,33,-0.023985,0.022412,1.856989,-0.572678,-0.640841,9.993167,-2.609092,0.007827,0.040443,8,1,0,0.000000,0,10.204782,0.000000,0.694741,0,0.218843,0.000000,0.048055,10.204782,0.218843,1,1,1,4.109998,0.000000,0.000000,0.000000,0.000000,0.000000,0.000000,0.000000
0.4101,13.814968,0.190981,1.887197,0.000000,0.643105,0.055725,0,0.218843,192,0.381991,0.115862,13.814968,0.191742,9.697134,1.887197,13.812941,9.785310,1.887197,0.190981,0.000000,0.012614,-0.401102,-31.157131,0.088176,0.000000,0.001073,0.001986,0.000279,0.001073,0.381991,0.115862,-9.801875,0.000432,0.013073,0.000000,-1.019479,0.008400,27.000000,0.013045,13.812941,0.191742,0.190981,0.000000,0.087000,0.000000,10,0,1,34,33,-0.011177,0.030599,1.886961,-0.622561,0.065069,10.134213,-2.590275,0.008400,0.040485,7,1,0,0.000000,0,10.203075,0.000000,0.643105,0,0.218843,0.000000,0.055725,10.203075,0.218843,1,1,1,4.110022,0.000000,0.000000,0.000000,0.000000,0.000000,0.000000,0.000000
0.4201,13.832612,0.190981,1.897439,0.000000,0.559455,0.055725,0,0.218843,202,0.382060,0.111065,13.832612,0.183574,9.716085,1.897439,13.830582,9.804259,1.897439,0.190981,0.000000,0.012616,-0.401102,-31.157131,0.088174,0.000000,0.001068,0.002012,0.007392,0.001068,0.382060,0.111065,-9.801928,-0.017671,0.010409,0.000000,-1.000548,0.008883,27.000000,0.013045,13.830582,0.183574,0.190981,0.000000,0.087000,0.000000,15,0,1,34,33,-0.017559,0.013343,1.897422,-0.324848,-0.750266,9.571130,-2.571344,0.008883,0.040400,7,1,0,0.000000,0,10.199018,0.000000,0.559455,0,0.218843,0.000000,0.055725,10.199018,0.218843,1,1,1,4.110037,0.000000,0.000000,0.000000,0.000000,0.000000,0.000000,0.000000
0.4301,13.851393,0.191748,1.925852,0.000000,0.484179,0.046521,0,0.218843,212,0.384625,0.105606,13.851393,0.200957,9.734537,1.925852,13.849469,9.822719,1.925852,0.191748,0.000000,0.012646,-0.401102,-31.157131,0.088181,0.000000,0.000994,0.001938,-0.001037,0.000994,0.384625,0.105606,-9.801888,0.015366,0.006114,0.000000,-0.981347,0.009540,27.000000,0.013045,13.849469,0.200957,0.191748,0.000000,0.087000,0.000000,20,0,1,33,33,0.001632,0.040810,1.925490,-0.335650,-0.066877,9.989518,-2.552143,0.009540,0.040553,7,1,0,0.000000,0,10.192033,0.000000,0.484179,0,0.218843,0.000000,0.046521,10.192033,0.218843,1,1,1,4.110060,0.000000,0.000000,0.000000,0.000000,0.000000,0.000000,0.000000
0.4401,13.869795,0.191748,1.938814,0.000000,0.383212,0.054191,0,0.218843,222,0.387127,0.098153,13.869795,0.195826,9.753983,1.938814,13.867974,9.842351,1.938814,0.191748,0.000000,0.012669,-0.401102,-31.157131,0.088368,-0.001000,0.000937,0.001989,-0.001301,0.000937,0.387127,0.098153,-9.801867,-0.016438,-0.007610,-0.001000,-0.961746,0.010357,27.000000,0.013045,13.867974,0.195826,0.191748,0.000000,0.087000,-0.001000,25,0,1,33,33,-0.000463,0.006443,1.937888,-0.706591,-0.452384,10.215095,-2.532542,0.010357,0.040659,8,1,0,0.000000,0,10.182047,0.000000,0.383212,0,0.218843,0.000000,0.054191,10.182047,0.218843,1,1,1,4.110082,0.000000,0.000000,0.000000,0.000000,0.000000,0.000000,0.000000
0.4501,13.891181,0.191748,1.963634,0.000000,0.292472,0.054191,0,0.218843,232,0.388294,0.091117,13.891181,0.207136,9.773432,1.963634,13.889065,9.861609,1.963634,0.191748,0.000000,0.012611,-0.401102,-31.157131,0.088176,-0.002000,0.001081,0.001993,0.000038,0.001081,0.388294,0.091117,-9.801889,-0.004415,0.000811,-0.002000,-0.942514,0.011026,27.000000,0.013045,13.889065,0.207136,0.191748,0.000000,0.087000,-0.002000,30,0,1,34,33,-0.002606,0.021083,1.961524,-0.278581,-0.395034,9.459885,-2.513310,0.011026,0.040640,7,1,0,0.000000,0,10.169062,0.000000,0.292472,0,0.218843,0.000000,0.054191,10.169062,0.218843,1,1,1,4.110104,0.000000,0.000000,0.000000,0.000000,0.000000,0.000000,0.000000
0.4601,13.909859,0.191748,1.996657,0.000000,0.185358,0.054191,0,0.218843,242,0.389925,0.084161,13.909859,0.197920,9.793231,1.996657,13.907858,9.881419,1.996657,0.191748,0.000000,0.012643,-0.401102,-31.157131,0.088188,-0.001000,0.001003,0.002145,-0.000733,0.001003,0.389925,0.084161,-9.801886,-0.005664,-0.009033,-0.001000,-0.922734,0.011785,27.000000,0.013045,13.907858,0.197920,0.191748,0.000000,0.087000,-0.001000,35,0,1,34,33,0.005947,0.016380,1.995609,-0.547043,0.022366,9.722305,-2.493530,0.011785,0.040668,7,1,0,0.000000,0,10.153076,0.000000,0.185358,0,0.218843,0.000000,0.054191,10.153076,0.218843,1,1,1,4.110126,0.000000,0.000000,0.000000,0.000000,0.000000,0.000000,0.000000
0.4701,13.928766,0.191748,2.015082,0.000000,0.074383,0.054191,0,0.218843,252,0.391298,0.077139,13.928766,0.208078,9.813323,2.015082,13.926841,9.901511,2.015082,0.191748,0.000000,0.012663,-0.401102,-31.157131,0.088188,0.000000,0.000954,0.002095,0.000105,0.000954,0.391298,0.077139,-9.801889,-0.008214,0.022522,0.000000,-0.902671,0.012534,27.000000,0.013045,13.926841,0.208078,0.191748,0.000000,0.087000,0.000000,40,0,1,34,33,-0.023943,0.026724,2.014905,-0.439201,-0.582572,9.926847,-2.473467,0.012534,0.040670,7,1,0,0.000000,0,10.134091,0.000000,0.074383,0,0.218843,0.000000,0.054191,10.134091,0.218843,1,1,1,4.110145,0.000000,0.000000,0.000000,0.000000,0.000000,0.000000,0.000000
0.4801,13.949131,0.191748,2.048638,0.000000,-0.042546,0.054191,0,0.218843,6,0.392770,0.070384,13.949131,0.209125,9.833636,2.048638,13.946878,9.921834,2.048638,0.191748,0.000000,0.012601,-0.401102,-31.157131,0.088199,0.001000,0.001106,0.001993,0.000085,0.001106,0.392770,0.070384,-9.801881,0.016975,0.004983,0.001000,-0.882373,0.013178,27.000000,0.013045,13.946878,0.209125,0.191748,0.000000,0.087000,0.001000,45,0,1,34,33,0.001665,0.043439,2.049254,-0.517958,0.359543,10.299939,-2.453169,0.013178,0.040686,7,1,0,0.000000,0,10.112105,0.000000,-0.042546,0,0.218843,0.000000,0.054191,10.112105,0.218843,1,1,1,4.110163,0.000000,0.000000,0.000000,0.000000,0.000000,0.000000,0.000000
0.4901,13.967232,0.192515,2.076357,0.000000,-0.158299,0.044987,0,0.218843,16,0.392417,0.065312,13.967232,0.194779,9.853547,2.076357,13.965286,9.941752,2.076357,0.192515,0.000000,0.012671,-0.401102,-31.157131,0.088206,0.000000,0.000933,0.001995,-0.001274,0.000933,0.392417,0.065312,-9.801931,-0.029310,0.009879,0.000000,-0.861710,0.013779,27.000000,0.013045,13.965286,0.194779,0.192515,0.000000,0.087000,0.000000,50,0,1,34,33,-0.019630,0.002408,2.076493,-0.631074,-0.570403,9.706724,-2.432507,0.013779,0.040552,7,1,0,0.000000,0,10.087120,0.000000,-0.158299,0,0.218843,0.000000,0.044987,10.087120,0.218843,1,1,1,4.110171,0.000000,0.000000,0.000000,0.000000,0.000000,0.000000,0.000000
0.5001,13.980208,0.193282,2.129302,0.000000,-0.287965,0.043453,0,0.218843,26,0.389615,0.058463,13.980208,0.121161,9.873854,2.129302,13.978133,9.962088,2.129302,0.193282,0.000000,0.012652,-0.401102,-31.157131,0.088234,0.000000,0.000980,0.002000,-0.002810,0.000980,0.389615,0.058463,-9.802086,-0.045962,0.008619,0.000000,-0.840629,0.014422,27.000000,0.013045,13.978133,0.121161,0.193282,0.000000,0.087000,0.000000,55,0,1,34,33,-0.023867,-0.013272,2.129641,0.411001,-0.531595,9.707792,-2.411426,0.014422,0.040136,7,1,0,0.000000,0,10.059231,0.000000,-0.287965,0,0.218843,0.000000,0.043453,10.059231,0.218843,1,1,1,4.110173,0.000000,0.000000,0.000000,0.000000,0.000000,0.000000,0.000000
0.5101,13.975706,0.195153,2.014389,0.209440,-0.425579,0.028663,0,0.218843,36,0.384347,0.049038,13.975706,-0.063879,9.895410,2.014389,13.972477,9.983572,2.014389,0.195153,0.209440,0.012398,-0.401102,-31.157131,0.088162,-0.001000,0.001612,0.002001,-0.006750,0.001612,0.384347,0.049038,-9.802345,-0.062019,0.009153,0.208440,-0.817293,0.015082,27.000000,0.013045,13.972477,-0.063879,0.194816,0.209440,0.087000,-0.001000,60,0,1,34,33,-0.019554,-0.031461,2.212632,0.747686,-0.794654,10.116896,-2.389645,0.015050,0.039471,7,1,0,0.000000,0,10.029059,0.000000,-0.425579,0,0.218843,0.000000,0.028663,10.029059,0.218843,1,1,1,4.101827,0.000000,0.000000,0.000000,0.000000,0.000000,0.000000,0.000000
0.5201,13.948047,0.199731,1.937872,0.314159,-0.483137,-0.007549,0,0.218843,46,0.380858,0.046063,13.948047,-0.276670,9.911703,1.937872,13.946111,9.999761,1.937872,0.199731,0.314159,0.012645,-0.401102,-31.157131,0.088058,-0.005000,0.000997,0.002016,-0.010735,0.000997,0.380858,0.046063,-9.802496,-0.021016,-0.017440,0.309159,-0.796545,0.015736,27.000000,0.013045,13.946111,-0.276670,0.199418,0.314159,0.087000,-0.005000,65,0,1,33,33,0.008170,0.002356,2.247181,0.494614,-0.097019,9.367679,-2.367341,0.015736,0.038998,7,1,0,0.000000,0,9.997405,0.000000,-0.483137,0,0.218843,0.000000,-0.007549,9.997405,0.218843,1,1,1,4.079397,0.000000,0.000000,0.000000,0.000000,0.000000,0.000000,0.000000
0.5301,13.918932,0.209756,1.467036,1.151917,-0.559636,-0.082079,0,0.218843,56,0.362975,0.040590,13.918932,-0.256145,9.925953,1.467036,13.917445,10.013668,1.467036,0.209756,1.151917,0.012650,-0.401102,-31.157131,0.087715,-0.006000,0.000985,0.002001,-0.005950,0.000985,0.362975,0.040590,-9.803199,-0.323211,-0.093547,1.145917,-0.772610,0.016299,27.000000,0.013045,13.917445,-0.256145,0.208622,1.151917,0.087000,-0.006000,70,0,1,34,33,-0.049037,-0.299804,2.616955,4.632832,-2.877933,8.615074,-2.343406,0.016299,0.037064,7,1,0,0.000000,0,9.965069,0.000000,-0.559636,0,0.218843,0.000000,-0.082079,9.965069,0.218843,1,1,1,4.056524,0.000000,0.000000,0.000000,0.000000,0.000000,0.000000,0.000000
0.5401,13.940985,0.223691,1.335807,1.256637,-0.639560,-0.149045,0,0.218843,66,0.336434,0.030209,13.940985,0.202947,9.939028,1.335807,13.939592,10.026646,1.335807,0.223691,1.256637,0.012642,-0.401102,-31.157131,0.087618,-0.005000,0.001006,0.002004,0.003329,0.001006,0.336434,0.030209,-9.804183,-0.082944,0.026343,1.251637,-0.745694,0.017239,27.000000,0.013045,13.939592,0.202947,0.222427,1.256637,0.087000,-0.005000,75,0,1,34,33,-0.057866,-0.032287,2.588059,2.707487,2.286501,13.939023,-2.316491,0.017239,0.034135,7,1,0,0.000000,0,9.932850,0.000000,-0.639560,0,0.218843,0.000000,-0.149045,9.932850,0.218843,1,1,1,4.056321,0.000000,0.000000,0.000000,0.000000,0.000000,0.000000,0.000000
0.5501,13.952982,0.235091,0.779926,1.151917,-0.683847,-0.146499,0,0.218843,76,0.348581,0.045156,13.952982,0.165143,9.949480,0.779926,13.952151,10.036700,0.779926,0.235091,1.151917,0.012641,-0.401102,-31.157131,0.087220,-0.018000,0.001006,0.001986,-0.001907,0.001006,0.348581,0.045156,-9.803701,0.003687,0.121429,1.133917,-0.724220,0.016434,27.000000,0.013045,13.952151,0.165143,0.233932,1.151917,0.087000,-0.018000,80,0,1,34,33,-0.109410,0.076990,1.913023,-0.429621,-1.637128,8.585966,-2.295016,0.016434,0.035640,7,1,0,0.000000,0,9.901549,0.000000,-0.683847,0,0.218843,0.000000,-0.146499,9.901549,0.218843,1,1,1,4.056146,0.000000,0.000000,0.000000,0.000000,0.000000,0.000000,0.000000
0.5601,13.956377,0.245782,0.507027,1.047198,-0.701920,-0.160784,0,0.218843,86,0.343395,0.029543,13.956377,0.030159,9.956060,0.507027,13.955795,10.043084,0.507027,0.245782,1.047198,0.012619,-0.401102,-31.157131,0.087024,-0.019000,0.001062,0.001952,-0.000869,0.001062,0.343395,0.029543,-9.803943,-0.120152,-0.140903,1.028198,-0.707190,0.018208,27.000000,0.013045,13.955795,0.030159,0.244670,1.047198,0.087000,-0.019000,85,0,1,34,33,0.078563,-0.148298,1.537218,2.477571,-0.507925,10.207038,-2.277986,0.018208,0.034698,7,1,0,0.000000,0,9.871965,0.000000,-0.701920,0,0.218843,0.000000,-0.160784,9.871965,0.218843,1,1,1,4.055968,0.000000,0.000000,0.000000,0.000000,0.000000,0.000000,0.000000
0.5701,13.962434,0.255515,0.367760,0.837758,-0.715973,-0.170673,0,0.218843,96,0.334215,0.017799,13.962434,0.062832,9.960045,0.367760,13.962026,10.047155,0.367760,0.255515,0.837758,0.012627,-0.401102,-31.157131,0.087110,0.009000,0.001043,0.001848,0.001058,0.001043,0.334215,0.017799,-9.804289,0.081482,-0.006394,0.846758,-0.693410,0.019475,27.000000,0.013045,13.962026,0.062832,0.254641,0.837758,0.087000,0.009000,90,0,1,34,33,0.039797,0.086718,1.213520,3.995056,-0.739458,8.884978,-2.264207,0.019475,0.033434,7,1,0,0.000000,0,9.844891,0.000000,-0.715973,0,0.218843,0.000000,-0.170673,9.844891,0.218843,1,1,1,4.055787,0.000000,0.000000,0.000000,0.000000,0.000000,0.000000,0.000000
0.5801,13.967293,0.262371,0.168780,0.628319,-0.740232,-0.155616,0,0.218843,106,0.343704,0.026008,13.967293,0.049532,9.964072,0.168780,13.967012,10.051026,0.168780,0.262371,0.628319,0.012517,-0.401102,-31.157131,0.086954,0.018000,0.001316,0.001992,0.000108,0.001316,0.343704,0.026008,-9.803943,0.099785,0.136416,0.646319,-0.682675,0.019036,27.000000,0.013045,13.967012,0.049532,0.261544,0.628319,0.087000,0.018000,95,0,1,34,33,-0.082068,0.157944,0.813185,0.738526,-1.220116,9.720228,-2.253472,0.019036,0.034538,7,1,0,0.000000,0,9.820788,0.000000,-0.740232,0,0.218843,0.000000,-0.155616,9.820788,0.218843,1,1,1,4.055604,0.000000,0.000000,0.000000,0.000000,0.000000,0.000000,0.000000
0.5901,13.969460,0.265720,0.160969,0.209440,-0.742970,-0.127246,0,0.218843,115,0.353979,0.025012,13.969460,0.022934,9.966581,0.160969,13.969121,10.053464,0.160969,0.265720,0.209440,0.012391,-0.401102,-31.157131,0.086883,0.006000,0.001630,0.001994,-0.000002,0.001630,0.353979,0.025012,-9.803580,0.042164,-0.087669,0.215440,-0.676908,0.019399,27.000000,0.013045,13.969121,0.022934,0.265379,0.209440,0.087000,0.006000,100,0,1,33,33,0.069527,0.005747,0.397669,0.514637,-0.176332,9.596584,-2.247966,0.019321,0.035506,7,1,0,0.000000,0,9.799684,0.000000,-0.742970,0,0.218843,0.000000,-0.127246,9.799684,0.218843,1,1,1,4.055425,0.000000,0.000000,0.000000,0.000000,0.000000,0.000000,0.000000
0.6001,13.970968,0.268678,-0.086400,0.209440,-0.714436,-0.129251,0,0.218843,123,0.347383,0.015742,13.970968,0.017802,9.965912,-0.086400,13.971039,10.052600,-0.086400,0.268678,0.209440,0.012602,-0.401102,-31.157131,0.086689,-0.001000,0.001105,0.004009,0.000529,0.001105,0.347383,0.015742,-9.803835,-0.050926,-0.140371,0.208440,-0.674839,0.020447,27.000000,0.013045,13.971039,0.017802,0.268447,0.209440,0.087000,-0.001000,105,0,1,33,33,0.105851,-0.103777,0.123357,3.135321,0.160353,10.329026,-2.245635,0.020447,0.034581,7,1,0,0.000000,0,9.781581,0.000000,-0.714436,0,0.218843,0.000000,-0.129251,9.781581,0.218843,1,1,1,4.055265,0.000000,0.000000,0.000000,0.000000,0.000000,0.000000,0.000000
0.6101,13.970336,0.269981,-0.070873,0.000000,-0.711942,-0.115300,0,0.218843,133,0.344296,0.012560,13.970336,-0.003560,9.964965,-0.070873,13.970463,10.051655,-0.070873,0.269981,0.000000,0.012557,-0.401102,-31.157131,0.086691,0.000000,0.001216,0.002033,0.000223,0.001216,0.344296,0.012560,-9.803948,0.012573,0.068322,0.000000,-0.674484,0.020677,27.000000,0.013045,13.970463,-0.003560,0.269981,0.000000,0.087000,0.000000,110,0,1,33,33,-0.056588,0.039403,-0.071373,1.269553,-0.334002,9.231815,-2.245280,0.020677,0.034181,7,1,0,0.000000,0,9.766477,0.000000,-0.711942,0,0.218843,0.000000,-0.115300,9.766477,0.218843,1,1,1,4.055098,0.000000,0.000000,0.000000,0.000000,0.000000,0.000000,0.000000
0.6201,13.969343,0.269981,-0.360187,0.000000,-0.686051,-0.102275,0,0.218843,142,0.345416,0.017976,13.969343,-0.005550,9.962701,-0.360187,13.969792,10.049193,-0.360187,0.269981,0.000000,0.012492,-0.401102,-31.157131,0.086492,0.000000,0.001378,0.001982,0.000195,0.001378,0.345416,0.017976,-9.803900,0.062589,0.044772,0.000000,-0.676930,0.020110,27.000000,0.013045,13.969792,-0.005550,0.269981,0.000000,0.087000,0.000000,115,0,1,33,33,-0.014014,0.071162,-0.361104,1.776477,0.117468,9.868330,-2.247726,0.020110,0.034438,7,1,0,0.000000,0,9.754374,0.000000,-0.686051,0,0.218843,0.000000,-0.102275,9.754374,0.218843,1,1,1,4.054933,0.000000,0.000000,0.000000,0.000000,0.000000,0.000000,0.000000
0.6301,13.967667,0.267229,-0.291061,-0.314159,-0.672901,-0.069253,0,0.218843,150,0.352838,0.018352,13.967667,-0.018850,9.960467,-0.291061,13.968067,10.047028,-0.291061,0.267229,-0.314159,0.012469,-0.401102,-31.157131,0.086562,0.000000,0.001435,0.001989,0.000254,0.001435,0.352838,0.018352,-9.803635,0.098656,-0.001996,-0.314159,-0.681858,0.020155,27.000000,0.013045,13.968067,-0.018850,0.267680,-0.314159,0.087000,0.000000,120,0,1,33,33,0.043538,0.080998,-0.606277,0.886975,-0.013578,9.598462,-2.252654,0.020155,0.035199,6,1,0,0.000000,0,9.745270,0.000000,-0.672901,0,0.218843,0.000000,-0.069253,9.745270,0.218843,1,1,1,4.054772,0.000000,0.000000,0.000000,0.000000,0.000000,0.000000,0.000000
0.6401,13.964811,0.265059,-0.478150,-0.314159,-0.620245,-0.070736,0,0.218843,160,0.361785,0.019377,13.964811,-0.029112,9.955960,-0.478150,13.965286,10.042319,-0.478150,0.265059,-0.314159,0.012637,-0.401102,-31.157131,0.086359,0.000000,0.001017,0.002012,0.000209,0.001017,0.361785,0.019377,-9.803307,0.116224,0.027585,-0.314159,-0.688756,0.020384,27.000000,0.013045,13.965286,-0.029112,0.265379,-0.314159,0.087000,0.000000,125,0,1,34,33,0.024244,0.106945,-0.793724,1.248095,0.937982,10.000647,-2.259553,0.020384,0.036124,7,1,0,0.000000,0,9.739167,0.000000,-0.620245,0,0.218843,0.000000,-0.070736,9.739167,0.218843,1,1,1,4.054623,0.000000,0.000000,0.000000,0.000000,0.000000,0.000000,0.000000
0.6501,13.962190,0.260065,-0.403765,-0.523599,-0.599147,-0.032504,0,0.218843,170,0.374016,0.022874,13.962190,-0.025028,9.952243,-0.403765,13.962793,10.038619,-0.403765,0.260065,-0.523599,0.012500,-0.401102,-31.157131,0.086376,0.000000,0.001359,0.001975,0.000410,0.001359,0.374016,0.022874,-9.802841,0.059871,0.095261,-0.523599,-0.697455,0.020042,27.000000,0.013045,13.962793,-0.025028,0.260777,-0.523599,0.087000,0.000000,130,0,1,33,33,-0.061155,0.082843,-0.928472,-1.349558,0.489781,10.559108,-2.268252,0.020042,0.037460,7,1,0,0.000000,0,9.736063,0.000000,-0.599147,0,0.218843,0.000000,-0.032504,9.736063,0.218843,1,1,1,4.054467,0.000000,0.000000,0.000000,0.000000,0.000000,0.000000,0.000000
0.6601,13.958936,0.253927,-0.446496,-0.628319,-0.560201,-0.008790,0,0.218843,180,0.376762,0.033664,13.958936,-0.036233,9.948333,-0.446496,13.959438,10.034773,-0.446496,0.253927,-0.628319,0.012473,-0.503273,-46.188430,0.086440,0.000000,0.001136,0.001967,-0.000016,0.001136,0.376762,0.033664,-9.802705,-0.036635,0.073889,-0.628319,-0.707403,0.018791,27.000000,0.013045,13.959438,-0.036233,0.254641,-0.628319,0.087000,0.000000,135,0,1,33,33,-0.082440,-0.015726,-1.074702,-0.126054,-0.458822,9.210512,-2.278199,0.018791,0.038052,7,1,0,0.000000,0,9.735960,0.000000,-0.560201,0,0.218843,0.000000,-0.008790,9.735960,0.218843,1,1,1,4.054325,0.000000,0.000000,0.000000,0.000000,0.000000,0.000000,0.000000
0.6701,13.953874,0.248306,-0.434314,-0.628319,-0.498042,-0.002709,0,0.218843,190,0.372904,0.038830,13.953874,-0.052674,9.942991,-0.434314,13.954548,10.029371,-0.434314,0.248306,-0.628319,0.012271,-0.503273,-46.188430,0.086380,0.004000,0.001538,0.001946,-0.000336,0.001538,0.372904,0.038830,-9.802833,-0.052331,0.014908,-0.624319,-0.718391,0.017767,27.000000,0.013045,13.954548,-0.052674,0.249272,-0.628319,0.087000,0.004000,140,0,1,34,33,-0.035433,-0.054283,-1.058046,0.344720,-0.478029,10.014541,-2.289187,0.017767,0.037835,7,1,0,0.000000,0,9.738856,0.000000,-0.498042,0,0.218843,0.000000,-0.002709,9.738856,0.218843,1,1,1,4.054177,0.000000,0.000000,0.000000,0.000000,0.000000,0.000000,0.000000
0.6801,13.948825,0.244792,-0.516259,-0.523599,-0.428773,-0.016759,0,0.218843,200,0.367452,0.045843,13.948825,-0.050580,9.936152,-0.516259,13.949467,10.022579,-0.516259,0.244792,-0.523599,0.012425,-0.503273,-46.188430,0.086427,0.003000,0.001232,0.001994,0.000096,0.001232,0.367452,0.045843,-9.803009,-0.037962,0.028554,-0.520599,-0.728666,0.016960,27.000000,0.013045,13.949467,-0.050580,0.245437,-0.523599,0.087000,0.003000,145,0,1,33,33,-0.041850,-0.035353,-1.036498,0.328394,-1.158941,10.170386,-2.299463,0.016960,0.037487,7,1,0,0.000000,0,9.744753,0.000000,-0.428773,0,0.218843,0.000000,-0.016759,9.744753,0.218843,1,1,1,4.054039,0.000000,0.000000,0.000000,0.000000,0.000000,0.000000,0.000000
0.6901,13.941768,0.240143,-0.597725,-0.418879,-0.377488,0.003890,0,0.218843,210,0.364253,0.047718,13.941768,-0.071000,9.930321,-0.597725,13.942756,10.016629,-0.597725,0.240143,-0.418879,0.012213,-0.503273,-46.188430,0.086308,0.003000,0.001652,0.001883,0.000113,0.001652,0.364253,0.047718,-9.803119,-0.025796,-0.024725,-0.415879,-0.739243,0.016312,27.000000,0.013045,13.942756,-0.071000,0.240835,-0.418879,0.087000,0.003000,150,0,1,34,33,0.013652,-0.031203,-1.015072,0.421166,-0.487197,9.985787,-2.309331,0.016335,0.037262,7,1,0,0.000000,0,9.753649,0.000000,-0.377488,0,0.218843,0.000000,0.003890,9.753649,0.218843,1,1,1,4.053896,0.000000,0.000000,0.000000,0.000000,0.000000,0.000000,0.000000
0.7001,13.933367,0.239009,-0.739074,-0.209440,-0.281912,-0.028994,0,0.218843,220,0.358641,0.048983,13.933367,-0.081263,9.921956,-0.739074,13.934415,10.008188,-0.739074,0.239009,-0.209440,0.012343,-0.503273,-46.188430,0.086232,0.001000,0.001394,0.001995,0.000099,0.001394,0.358641,0.048983,-9.803320,-0.009626,-0.066966,-0.208440,-0.748809,0.016139,27.000000,0.013045,13.934415,-0.081263,0.239301,-0.209440,0.087000,0.001000,155,0,1,34,33,0.056383,-0.049083,-0.946980,1.435664,-1.018233,9.665287,-2.319605,0.016139,0.036715,7,1,0,0.000000,0,9.765546,0.000000,-0.281912,0,0.218843,0.000000,-0.028994,9.765546,0.218843,1,1,1,4.053758,0.000000,0.000000,0.000000,0.000000,0.000000,0.000000,0.000000
0.7101,13.924784,0.238534,-0.926299,0.000000,-0.206058,-0.034632,0,0.218843,230,0.357848,0.048308,13.924784,-0.095609,9.913698,-0.926299,13.925690,9.999816,-0.926299,0.238534,0.000000,0.012547,-0.503273,-46.188430,0.086118,-0.001000,0.000990,0.001993,-0.000001,0.000990,0.357848,0.048308,-9.803352,0.027214,-0.044681,-0.001000,-0.757664,0.016372,27.000000,0.013045,13.925690,-0.095609,0.238534,0.000000,0.087000,-0.001000,160,0,1,34,33,0.052075,-0.006612,-0.927289,0.562999,-0.404733,9.508187,-2.328460,0.016372,0.036622,7,1,0,0.000000,0,9.780442,0.000000,-0.206058,0,0.218843,0.000000,-0.034632,9.780442,0.218843,1,1,1,4.053622,0.000000,0.000000,0.000000,0.000000,0.000000,0.000000,0.000000
0.7201,13.914703,0.239301,-1.000337,0.000000,-0.093762,-0.048586,0,0.218843,240,0.357669,0.046198,13.914703,-0.097599,9.902896,-1.000337,13.916103,9.988964,-1.000337,0.239301,0.000000,0.012343,-0.503273,-46.188430,0.086068,0.000000,0.001396,0.002001,-0.000042,0.001396,0.357669,0.046198,-9.803369,-0.000456,-0.032166,0.000000,-0.767749,0.016401,27.000000,0.013045,13.916103,-0.097599,0.239301,0.000000,0.087000,0.000000,165,0,1,34,33,0.028594,-0.027085,-1.000079,0.439317,-0.191002,10.007916,-2.338545,0.016401,0.036550,7,1,0,0.000000,0,9.798339,0.000000,-0.093762,0,0.218843,0.000000,-0.048586,9.798339,0.218843,1,1,1,4.053476,0.000000,0.000000,0.000000,0.000000,0.000000,0.000000,0.000000
0.7301,13.904685,0.238534,-1.088232,0.000000,-0.018116,-0.031712,0,0.218843,250,0.355298,0.047797,13.904685,-0.108909,9.893585,-1.088232,13.905749,9.979599,-1.088232,0.238534,0.000000,0.012548,-0.503273,-46.188430,0.086014,0.000000,0.000988,0.002128,0.000056,0.000988,0.355298,0.047797,-9.803447,-0.012177,-0.045468,0.000000,-0.777878,0.016363,27.000000,0.013045,13.905749,-0.108909,0.238534,0.000000,0.087000,0.000000,170,0,1,34,33,0.034991,-0.045136,-1.087751,0.522890,0.224922,9.629333,-2.348675,0.016363,0.036356,7,1,0,0.000000,0,9.819235,0.000000,-0.018116,0,0.218843,0.000000,-0.031712,9.819235,0.218843,1,1,1,4.053342,0.000000,0.000000,0.000000,0.000000,0.000000,0.000000,0.000000
0.7401,13.892276,0.239301,-1.183662,0.000000,0.119407,-0.048586,0,0.218843,4,0.352193,0.045469,13.892276,-0.120114,9.880861,-1.183662,13.894148,9.966818,-1.183662,0.239301,0.000000,0.012249,-0.503273,-46.188430,0.085957,0.002000,0.001582,0.001951,0.000350,0.001582,0.352193,0.045469,-9.803570,-0.004629,-0.017799,0.002000,-0.789885,0.016247,27.000000,0.013045,13.894148,-0.120114,0.239301,0.000000,0.087000,0.002000,175,0,1,34,33,0.013598,-0.026855,-1.181422,1.325299,0.445279,9.632071,-2.360681,0.016247,0.035990,7,1,0,0.000000,0,9.843132,0.000000,0.119407,0,0.218843,0.000000,-0.048586,9.843132,0.218843,1,1,1,4.053196,0.000000,0.000000,0.000000,0.000000,0.000000,0.000000,0.000000
0.7501,13.883619,0.238534,-1.325025,0.000000,0.213381,-0.031712,0,0.218843,14,0.354335,0.052006,13.883619,-0.078226,9.869459,-1.325025,13.885519,9.955317,-1.325025,0.238534,0.000000,0.012307,-0.503273,-46.188430,0.085859,0.000000,0.001467,0.001999,0.001652,0.001467,0.354335,0.052006,-9.803461,0.038621,0.058692,0.000000,-0.802136,0.015682,27.000000,0.013045,13.885519,-0.078226,0.238534,0.000000,0.087000,0.000000,180,0,1,34,33,-0.033482,0.045457,-1.325685,-0.039964,-0.016434,9.789239,-2.372932,0.015682,0.036362,7,1,0,0.000000,0,9.870028,0.000000,0.213381,0,0.218843,0.000000,-0.031712,9.870028,0.218843,1,1,1,4.053063,0.000000,0.000000,0.000000,0.000000,0.000000,0.000000,0.000000
0.7601,13.886937,0.236692,-1.244161,-0.209440,0.332693,-0.017278,0,0.218843,24,0.360581,0.060509,13.886937,0.044401,9.857138,-1.244161,13.888779,9.943063,-1.244161,0.236692,-0.209440,0.012305,-0.503273,-46.188430,0.085925,-0.003000,0.001471,0.001996,0.004926,0.001471,0.360581,0.060509,-9.803184,0.078597,0.045760,-0.212440,-0.816212,0.014919,27.000000,0.013045,13.888779,0.044401,0.237000,-0.209440,0.087000,-0.003000,185,0,1,34,33,-0.003665,0.072944,-1.457608,-0.338302,0.519230,9.765717,-2.387009,0.014919,0.037191,7,1,0,0.000000,0,9.899713,0.000000,0.332693,0,0.218843,0.000000,-0.017278,9.899713,0.218843,1,1,1,4.052961,0.000000,0.000000,0.000000,0.000000,0.000000,0.000000,0.000000
0.7701,13.912561,0.232390,-1.023714,-0.523599,0.421961,0.015928,0,0.218843,34,0.364676,0.065915,13.912561,0.256145,9.846317,-1.023714,13.914090,9.932425,-1.023714,0.232390,-0.523599,0.012300,-0.503273,-46.188430,0.086108,-0.001000,0.001481,0.001998,0.010850,0.001481,0.364676,0.065915,-9.802998,0.001488,0.004741,-0.524599,-0.831137,0.014314,27.000000,0.013045,13.914090,0.256145,0.233165,-0.523599,0.087000,-0.001000,190,0,1,34,33,-0.003598,-0.015616,-1.548238,-0.728409,-0.186209,9.566965,-2.401933,0.014314,0.037735,7,1,0,0.000000,0,9.931463,0.000000,0.421961,0,0.218843,0.000000,0.015928,9.931463,0.218843,1,1,1,4.052947,0.000000,0.000000,0.000000,0.000000,0.000000,0.000000,0.000000
0.7801,13.954114,0.226828,-1.048283,-0.628319,0.520313,0.039648,0,0.218843,44,0.368471,0.072446,13.954114,0.427047,9.835801,-1.048283,13.955699,9.921921,-1.048283,0.226828,-0.628319,0.012270,-0.503273,-46.188430,0.086120,0.007000,0.001541,0.001996,0.013861,0.001541,0.368471,0.072446,-9.802810,0.094894,0.049965,-0.621319,-0.847180,0.013512,27.000000,0.013045,13.955699,0.427047,0.227796,-0.628319,0.087000,0.007000,195,0,1,34,33,-0.008011,0.086452,-1.670788,-0.807618,0.494298,9.439767,-2.417976,0.013512,0.038272,7,1,0,0.000000,0,9.964479,0.000000,0.520313,0,0.218843,0.000000,0.039648,9.964479,0.218843,1,1,1,4.055724,0.000000,0.000000,0.000000,0.000000,0.000000,0.000000,0.000000
0.7901,13.969216,0.211669,-0.567559,-1.570796,0.537801,0.165937,0,0.218843,54,0.399169,0.080044,13.969216,0.105767,9.831178,-0.567559,13.970080,9.917679,-0.567559,0.211669,-1.570796,0.012301,-0.503273,-46.188430,0.086500,0.011000,0.001478,0.001993,0.009168,0.001478,0.399169,0.080044,-9.801549,0.274253,0.203472,-1.559796,-0.866583,0.012862,27.000000,0.013045,13.970080,0.105767,0.213991,-1.570796,0.087000,0.011000,200,0,1,34,33,-0.087356,0.303934,-2.131255,-4.724867,2.860935,13.557142,-2.437379,0.012862,0.041511,7,1,0,0.000000,0,9.997960,0.000000,0.537801,0,0.218843,0.000000,0.165937,9.997960,0.218843,1,1,1,4.065908,0.000000,0.000000,0.000000,0.000000,0.000000,0.000000,0.000000
0.8001,13.950257,0.200989,-0.367444,-1.151917,0.654691,0.142508,0,0.218843,64,0.397416,0.080110,13.950257,-0.147760,9.823209,-0.367444,13.950809,9.909648,-0.367444,0.200989,-1.151917,0.012391,-0.503273,-46.188430,0.086439,0.014000,0.001299,0.002149,-0.002011,0.001299,0.397416,0.080110,-9.801619,-0.260521,-0.275919,-1.137917,-0.885285,0.012467,27.000000,0.013045,13.950809,-0.147760,0.202486,-1.151917,0.087000,0.014000,4,0,1,34,33,0.156879,-0.364157,-1.500965,0.710468,1.036680,12.834135,-2.456081,0.012467,0.041341,7,1,0,0.000000,0,10.031107,0.000000,0.654691,0,0.218843,0.000000,0.142508,10.031107,0.218843,1,1,1,4.066124,0.000000,0.000000,0.000000,0.000000,0.000000,0.000000,0.000000
0.8101,13.949986,0.188491,-0.059104,-1.256637,0.641359,0.185692,0,0.218843,74,0.379102,0.156614,13.949986,-0.008692,9.821480,-0.059104,13.950042,9.908458,-0.059104,0.188491,-1.256637,0.019556,0.328816,18.925979,0.086978,0.029000,0.001371,0.002102,0.000675,0.001371,0.379102,0.156614,-9.801421,-0.032338,0.236611,-1.227637,-0.898945,0.011098,27.000000,0.019105,13.950042,-0.008692,0.190214,-1.256637,0.087000,0.029000,9,0,1,34,33,-0.231975,0.031556,-1.287604,0.270347,-2.276343,8.493864,-2.469741,0.011098,0.040965,7,1,0,0.000000,0,10.063120,0.000000,0.641359,0,0.218843,0.000000,0.185692,10.063120,0.218843,1,1,1,4.066327,0.000000,0.000000,0.000000,0.000000,0.000000,0.000000,0.000000
0.8201,13.950840,0.179991,0.001126,-0.942478,0.700586,0.162704,0,0.218843,84,0.395215,0.097245,13.950840,-0.001466,9.819200,0.001126,13.950809,9.905931,0.001126,0.179991,-0.942478,0.012497,-0.507154,-46.301524,0.086731,0.005000,0.001081,0.002033,-0.000357,0.001081,0.395215,0.097245,-9.801553,-0.019091,0.010043,-0.937478,-0.909918,0.009945,27.000000,0.013045,13.950809,-0.001466,0.181010,-0.942478,0.087000,0.005000,14,0,1,34,33,-0.016215,-0.025927,-0.936101,-1.225966,0.596562,10.435846,-2.480714,0.009945,0.041425,7,1,0,0.000000,0,10.093198,0.000000,0.700586,0,0.218843,0.000000,0.162704,10.093198,0.218843,1,1,1,4.066536,0.000000,0.000000,0.000000,0.000000,0.000000,0.000000,0.000000
0.8301,13.949750,0.172171,0.158013,-0.837758,0.707727,0.171543,0,0.218843,94,0.403918,0.090289,13.949750,-0.008692,9.819775,0.158013,13.949563,9.905548,0.158013,0.172171,-0.837758,0.012337,-0.507154,-46.301524,0.085773,-0.021000,0.001395,0.002009,-0.000313,0.001395,0.403918,0.090289,-9.801265,-0.020571,-0.147897,-0.858758,-0.918143,0.010313,27.000000,0.013045,13.949563,-0.008692,0.173340,-0.837758,0.086000,-0.021000,19,0,1,33,33,0.131199,-0.079938,-0.699813,-3.750971,-0.022807,9.365662,-2.488939,0.010313,0.042157,7,1,0,0.000000,0,10.120582,0.000000,0.707727,0,0.218843,0.000000,0.171543,10.120582,0.218843,1,1,1,4.066757,0.000000,0.000000,0.000000,0.000000,0.000000,0.000000,0.000000
0.8401,13.950101,0.167388,0.308246,-0.628319,0.725272,0.150739,0,0.218843,104,0.392035,0.084991,13.950101,0.004503,9.818422,0.308246,13.949851,9.905337,0.308246,0.167388,-0.628319,0.012707,-0.364648,-21.758947,0.086915,-0.017000,0.000928,0.002011,-0.000331,0.000928,0.392035,0.084991,-9.801795,-0.111262,-0.031008,-0.645319,-0.923157,0.010812,27.000000,0.013045,13.949851,0.004503,0.167971,-0.628319,0.087000,-0.017000,24,0,1,34,33,-0.009537,-0.119381,-0.335583,-0.258241,0.211539,10.681437,-2.493953,0.010812,0.040861,7,1,0,0.000000,0,10.144970,0.000000,0.725272,0,0.218843,0.000000,0.150739,10.144970,0.218843,1,1,1,4.066961,0.000000,0.000000,0.000000,0.000000,0.000000,0.000000,0.000000
0.8501,13.950730,0.162980,0.419516,-0.418879,0.699659,0.155801,0,0.218843,114,0.381638,0.087308,13.950730,0.004503,9.821308,0.419516,13.950330,9.908359,0.419516,0.162980,-0.418879,0.012719,-0.351690,-20.566482,0.087052,-0.002000,0.000928,0.001998,-0.000971,0.000928,0.381638,0.087308,-9.802185,-0.093018,0.005725,-0.420879,-0.924519,0.010239,27.000000,0.013045,13.950330,0.004503,0.163369,-0.418879,0.087000,-0.002000,29,0,1,34,33,-0.037224,-0.085448,-0.000277,0.219465,-0.662148,9.428814,-2.495315,0.010239,0.039844,7,1,0,0.000000,0,10.166359,0.000000,0.699659,0,0.218843,0.000000,0.155801,10.166359,0.218843,1,1,1,4.067173,0.000000,0.000000,0.000000,0.000000,0.000000,0.000000,0.000000
0.8601,13.951217,0.162602,0.200669,0.000000,0.719148,0.116265,0,0.218843,124,0.385640,0.085409,13.951217,0.007645,9.822888,0.200669,13.951001,9.909819,0.200669,0.162602,0.000000,0.012639,-0.351690,-20.566482,0.086930,0.001000,0.001155,0.002002,-0.000140,0.001155,0.385640,0.085409,-9.802045,0.116819,-0.029084,0.001000,-0.923446,0.010401,27.000000,0.013045,13.951001,0.007645,0.162602,0.000000,0.087000,0.001000,34,0,1,33,33,0.067233,0.102402,0.200391,-1.187709,0.314083,10.078926,-2.494242,0.010401,0.040215,7,1,0,0.000000,0,10.184747,0.000000,0.719148,0,0.218843,0.000000,0.116265,10.184747,0.218843,1,1,1,4.067382,0.000000,0.000000,0.000000,0.000000,0.000000,0.000000,0.000000
0.8701,13.953203,0.164136,0.378280,0.000000,0.713651,0.094074,0,0.218843,134,0.393240,0.078202,13.953203,0.020944,9.824529,0.378280,13.952727,9.911558,0.378280,0.164136,0.000000,0.012607,-0.351690,-20.566482,0.087028,-0.004000,0.001247,0.002098,-0.000300,0.001247,0.393240,0.078202,-9.801803,0.017442,-0.038104,-0.004000,-0.920209,0.011282,27.000000,0.013045,13.952727,0.020944,0.164136,0.000000,0.087000,-0.004000,39,0,1,34,33,0.041768,0.008116,0.374208,-2.689153,0.568738,10.300629,-2.491005,0.011282,0.040863,7,1,0,0.000000,0,10.200136,0.000000,0.713651,0,0.218843,0.000000,0.094074,10.200136,0.218843,1,1,1,4.067590,0.000000,0.000000,0.000000,0.000000,0.000000,0.000000,0.000000
0.8801,13.955369,0.164903,0.463445,0.000000,0.684686,0.100210,0,0.218843,143,0.379232,0.145564,13.955369,0.020944,9.827855,0.463445,13.954740,9.914985,0.463445,0.164903,0.000000,0.019712,0.439282,37.577054,0.087130,-0.004000,0.001381,0.001975,-0.000493,0.001381,0.379232,0.145564,-9.801586,-0.074557,-0.007905,-0.004000,-0.916030,0.011404,27.000000,0.019105,13.954740,0.020944,0.164903,0.000000,0.087000,-0.004000,44,0,1,33,33,-0.017900,-0.063737,0.460791,-1.581482,0.171014,9.254176,-2.486826,0.011404,0.040583,6,1,0,0.000000,0,10.212524,0.000000,0.684686,0,0.218843,0.000000,0.100210,10.212524,0.218843,1,1,1,4.067793,0.000000,0.000000,0.000000,0.000000,0.000000,0.000000,0.000000
0.8901,13.958608,0.165670,0.593741,0.000000,0.653008,0.098676,0,0.218843,151,0.379697,0.074965,13.958608,0.028065,9.832348,0.593741,13.957808,9.919546,0.593741,0.165670,0.000000,0.012450,-0.428806,-33.232048,0.087199,-0.001000,0.001386,0.001998,-0.000249,0.001386,0.379697,0.074965,-9.802363,-0.144427,-0.003398,-0.001000,-0.910678,0.011287,27.000000,0.013045,13.957808,0.028065,0.165670,0.000000,0.087000,-0.001000,49,0,1,34,33,-0.045541,-0.129711,0.594402,-0.145143,-0.280101,9.451556,-2.481474,0.011287,0.039448,7,1,0,0.000000,0,10.221913,0.000000,0.653008,0,0.218843,0.000000,0.098676,10.221913,0.218843,1,1,1,4.067990,0.000000,0.000000,0.000000,0.000000,0.000000,0.000000,0.000000
0.9001,13.961534,0.168295,0.480337,0.209440,0.634188,0.074852,0,0.218843,161,0.373598,0.073451,13.961534,0.031102,9.836334,0.480337,13.960780,9.923480,0.480337,0.168295,0.209440,0.012383,-0.428806,-33.232048,0.087147,0.002000,0.001545,0.002015,-0.000265,0.001545,0.373598,0.073451,-9.802608,-0.013565,-0.001723,0.211440,-0.904118,0.011371,27.000000,0.013045,13.960780,0.031102,0.167971,0.209440,0.087000,0.002000,54,0,1,34,33,-0.002952,-0.004785,0.691889,0.160970,0.274911,10.213397,-2.474914,0.011371,0.038812,7,1,0,0.000000,0,10.228302,0.000000,0.634188,0,0.218843,0.000000,0.074852,10.228302,0.218843,1,1,1,4.068187,0.000000,0.000000,0.000000,0.000000,0.000000,0.000000,0.000000
0.9101,13.965536,0.170501,0.588732,0.209440,0.590207,0.074621,0,0.218843,171,0.372842,0.071900,13.965536,0.044401,9.841257,0.588732,13.964903,9.928488,0.588732,0.170501,0.209440,0.012576,-0.428806,-33.232048,0.087231,0.009000,0.001093,0.001998,-0.000085,0.001093,0.372842,0.071900,-9.802649,0.005996,-0.040078,0.218440,-0.896917,0.011793,27.000000,0.013045,13.964903,0.044401,0.170272,0.209440,0.087000,0.009000,59,0,1,34,33,0.039767,0.002354,0.807206,-0.786205,0.276994,10.002252,-2.467713,0.011793,0.038711,7,1,0,0.000000,0,10.231690,0.000000,0.590207,0,0.218843,0.000000,0.074621,10.231690,0.218843,1,1,1,4.068368,0.000000,0.000000,0.000000,0.000000,0.000000,0.000000,0.000000
0.9201,13.971037,0.174397,0.632831,0.209440,0.556257,0.049928,0,0.218843,181,0.372966,0.067065,13.971037,0.056758,9.845801,0.632831,13.970176,9.933056,0.632831,0.174397,0.209440,0.012450,-0.428806,-33.232048,0.087255,0.006000,0.001387,0.002000,0.000325,0.001387,0.372966,0.067065,-9.802678,0.014831,0.008374,0.215440,-0.888469,0.012305,27.000000,0.013045,13.970176,0.056758,0.174107,0.209440,0.087000,0.006000,64,0,1,34,33,-0.002940,0.027336,0.847996,0.255808,0.024212,9.608002,-2.459266,0.012305,0.038641,7,1,0,0.000000,0,10.232079,0.000000,0.556257,0,0.218843,0.000000,0.049928,10.232079,0.218843,1,1,1,4.068560,0.000000,0.000000,0.000000,0.000000,0.000000,0.000000,0.000000
0.9301,13.975991,0.176408,0.856315,0.000000,0.491473,0.064765,0,0.218843,190,0.376662,0.068053,13.975991,0.048485,9.851951,0.856315,13.975065,9.939325,0.856315,0.176408,0.000000,0.012582,-0.428806,-33.232048,0.087374,-0.001000,0.001079,0.001992,-0.000186,0.001079,0.376662,0.068053,-9.802530,0.030100,0.047645,-0.001000,-0.880197,0.012481,27.000000,0.013045,13.975065,0.048485,0.176408,0.000000,0.087000,-0.001000,69,0,1,34,33,-0.034986,0.054939,0.854691,-1.044709,0.541997,10.215297,-2.450993,0.012481,0.039030,7,1,0,0.000000,0,10.229467,0.000000,0.491473,0,0.218843,0.000000,0.064765,10.229467,0.218843,1,1,1,4.068740,0.000000,0.000000,0.000000,0.000000,0.000000,0.000000,0.000000
0.9401,13.982240,0.178088,0.754008,0.104720,0.430043,0.064712,0,0.218843,199,0.378448,0.067459,13.982240,0.065973,9.859041,0.754008,13.981201,9.946234,0.754008,0.178088,0.104720,0.012447,-0.428806,-33.232048,0.087193,-0.006000,0.001393,0.002013,0.000044,0.001393,0.378448,0.067459,-9.802465,0.017941,0.025136,0.098720,-0.871609,0.012504,27.000000,0.013045,13.981201,0.065973,0.177942,0.104720,0.087000,-0.006000,74,0,1,34,33,-0.017890,0.035784,0.852349,-0.384047,-0.092525,9.740398,-2.442405,0.012504,0.039199,6,1,0,0.000000,0,10.223856,0.000000,0.430043,0,0.218843,0.000000,0.064712,10.223856,0.218843,1,1,1,4.068928,0.000000,0.000000,0.000000,0.000000,0.000000,0.000000,0.000000
0.9501,13.990237,0.178709,0.808918,0.000000,0.357615,0.074058,0,0.218843,209,0.385111,0.065779,13.990237,0.075084,9.866783,0.808918,13.988871,9.954091,0.808918,0.178709,0.000000,0.012324,-0.428806,-33.232048,0.087308,-0.007000,0.001681,0.002016,-0.000017,0.001681,0.385111,0.065779,-9.802217,0.039137,0.014106,-0.007000,-0.863141,0.012694,27.000000,0.013045,13.988871,0.075084,0.178709,0.000000,0.087000,-0.007000,79,0,1,34,33,-0.009388,0.057802,0.805678,-1.054923,0.036487,9.329730,-2.434497,0.012670,0.039803,6,1,0,0.000000,0,10.215244,0.000000,0.357615,0,0.218843,0.000000,0.074058,10.215244,0.218843,1,1,1,4.069115,0.000000,0.000000,0.000000,0.000000,0.000000,0.000000,0.000000
0.9601,13.997647,0.179476,0.828632,0.000000,0.297450,0.071065,0,0.218843,219,0.387551,0.066708,13.997647,0.084299,9.873891,0.828632,13.996638,9.961218,0.828632,0.179476,0.000000,0.012519,-0.428806,-33.232048,0.087327,-0.004000,0.001227,0.001859,0.000186,0.001227,0.387551,0.066708,-9.802115,-0.000687,0.036590,-0.004000,-0.855255,0.012870,27.000000,0.013045,13.996638,0.084299,0.179476,0.000000,0.087000,-0.004000,84,0,1,34,33,-0.034959,0.021145,0.824432,-0.984376,0.001610,10.611863,-2.426051,0.012870,0.040099,7,1,0,0.000000,0,10.203633,0.000000,0.297450,0,0.218843,0.000000,0.071065,10.203633,0.218843,1,1,1,4.069288,0.000000,0.000000,0.000000,0.000000,0.000000,0.000000,0.000000
0.9701,14.006804,0.177655,1.047000,-0.209440,0.185733,0.100587,0,0.218843,226,0.390259,0.065706,14.006804,0.086394,9.884121,1.047000,14.005361,9.971531,1.047000,0.177655,-0.209440,0.012457,-0.428806,-33.232048,0.087410,0.000000,0.001371,0.002018,0.000265,0.001371,0.390259,0.065706,-9.802014,0.014621,0.003258,-0.209440,-0.846766,0.012885,27.000000,0.013045,14.005361,0.086394,0.177942,-0.209440,0.087000,0.000000,89,0,1,34,33,0.001328,0.025353,0.837309,-1.226440,0.212651,9.771628,-2.417563,0.012885,0.040354,6,1,0,0.000000,0,10.189021,0.000000,0.185733,0,0.218843,0.000000,0.100587,10.189021,0.218843,1,1,1,4.069473,0.000000,0.000000,0.000000,0.000000,0.000000,0.000000,0.000000
0.9801,14.015950,0.177942,0.907115,0.000000,0.120798,0.078932,0,0.218843,236,0.390128,0.060636,14.015950,0.099693,9.892857,0.907115,14.014565,9.980235,0.907115,0.177942,0.000000,0.012383,-0.428806,-33.232048,0.087379,0.002000,0.001545,0.001993,0.000343,0.001545,0.390128,0.060636,-9.802052,-0.016951,-0.037960,0.002000,-0.837792,0.013328,27.000000,0.013045,14.014565,0.099693,0.177942,0.000000,0.087000,0.002000,94,0,1,34,33,0.024853,0.003116,0.907470,-0.834101,0.023155,9.645564,-2.409223,0.013285,0.040266,7,1,0,0.000000,0,10.171543,0.000000,0.120798,0,0.218843,0.000000,0.078932,10.171543,0.218843,1,1,1,4.069654,0.000000,0.000000,0.000000,0.000000,0.000000,0.000000,0.000000
0.9901,14.026467,0.177038,1.104412,-0.104720,0.022476,0.092648,0,0.218843,246,0.391869,0.054474,14.026467,0.107861,9.903078,1.104412,14.025113,9.990570,1.104412,0.177038,-0.104720,0.012485,-0.428806,-33.232048,0.087492,0.000000,0.001306,0.001993,0.000534,0.001306,0.391869,0.054474,-9.802019,0.016387,-0.009942,-0.104720,-0.828390,0.014044,27.000000,0.013045,14.025113,0.107861,0.177175,-0.104720,0.087000,0.000000,99,0,1,34,33,0.014184,0.025372,0.999453,-1.656074,0.021299,9.759855,-2.399186,0.014044,0.040314,7,1,0,0.000000,0,10.151866,0.000000,0.022476,0,0.218843,0.000000,0.092648,10.151866,0.218843,1,1,1,4.069827,0.000000,0.000000,0.000000,0.000000,0.000000,0.000000,0.000000
1.0001,14.035993,0.177175,1.101400,0.000000,-0.049431,0.081969,0,0.218843,0,0.390228,0.049237,14.035993,0.105767,9.913003,1.101400,14.034892,10.000496,1.101400,0.177175,0.000000,0.012484,-0.552887,-53.753515,0.087493,0.000000,0.001014,0.001994,-0.000099,0.001014,0.390228,0.049237,-9.802112,-0.007008,-0.039018,0.000000,-0.818345,0.014545,27.000000,0.013045,14.034892,0.105767,0.177175,0.000000,0.087000,0.000000,104,0,1,34,33,0.035590,-0.003708,1.101532,-0.223938,0.831655,10.027331,-2.389141,0.014545,0.040055,7,1,0,0.000000,0,10.130790,0.000000,-0.049431,0,0.218843,0.000000,0.081969,10.130790,0.218843,1,1,1,4.070002,0.000000,0.000000,0.000000,0.000000,0.000000,0.000000,0.000000
1.0101,14.043134,0.177942,1.250057,0.000000,-0.140051,0.074133,0,0.218843,10,0.385373,0.040117,14.043134,0.057701,9.924614,1.250057,14.041124,10.012207,1.250057,0.177942,0.000000,0.012149,-0.552887,-53.753515,0.087594,0.001000,0.001621,0.001997,-0.002041,0.001621,0.385373,0.040117,-9.802346,-0.089817,-0.026668,0.001000,-0.805881,0.015068,27.000000,0.013045,14.041124,0.057701,0.177942,0.000000,0.087000,0.001000,109,0,1,34,33,-0.000568,-0.086943,1.245602,-0.164928,-0.201848,9.308774,-2.377553,0.015034,0.039474,7,1,0,0.000000,0,10.109115,0.000000,-0.140051,0,0.218843,0.000000,0.074133,10.109115,0.218843,1,1,1,4.070183,0.000000,0.000000,0.000000,0.000000,0.000000,0.000000,0.000000
1.0201,14.036876,0.181346,1.197606,0.209440,-0.184208,0.040951,0,0.218843,20,0.376956,0.036128,14.036876,-0.064926,9.934663,1.197606,14.034988,10.022235,1.197606,0.181346,0.209440,0.012157,-0.552887,-53.753515,0.087571,0.003000,0.001606,0.001982,-0.004304,0.001606,0.376956,0.036128,-9.802688,-0.055554,0.024530,0.212440,-0.792454,0.015456,27.000000,0.013045,14.034988,-0.064926,0.181010,0.209440,0.087000,0.003000,114,0,1,34,33,-0.039003,-0.029403,1.410507,1.211177,0.470722,9.890653,-2.363250,0.015456,0.038474,7,1,0,0.000000,0,10.087640,0.000000,-0.184208,0,0.218843,0.000000,0.040951,10.087640,0.218843,1,1,1,4.070313,0.000000,0.000000,0.000000,0.000000,0.000000,0.000000,0.000000
1.0301,14.018106,0.186287,1.062374,0.418879,-0.229851,0.015702,0,0.218843,30,0.374708,0.035979,14.018106,-0.198863,9.944382,1.062374,14.016388,10.031816,1.062374,0.186287,0.418879,0.012154,-0.552887,-53.753515,0.087434,-0.002000,0.001612,0.001943,-0.007894,0.001612,0.374708,0.035979,-9.802775,-0.018415,0.032875,0.416879,-0.777932,0.015615,27.000000,0.013045,14.016388,-0.198863,0.185612,0.418879,0.087000,-0.002000,119,0,1,34,33,-0.019819,0.014677,1.475035,0.201418,-0.233855,10.371007,-2.349764,0.015606,0.038242,7,1,0,0.000000,0,10.067167,0.000000,-0.229851,0,0.218843,0.000000,0.015702,10.067167,0.218843,1,1,1,4.070369,0.000000,0.000000,0.000000,0.000000,0.000000,0.000000,0.000000
1.0401,13.981149,0.192997,0.988566,0.523599,-0.239176,-0.015400,0,0.218843,40,0.372474,0.038964,13.981149,-0.378981,9.951591,0.988566,13.980243,10.038966,0.988566,0.192997,0.523599,0.012536,-0.552887,-53.753515,0.087375,-0.006000,0.000920,0.002011,-0.025731,0.000920,0.372474,0.038964,-9.802849,-0.045788,-0.000169,0.517599,-0.764077,0.015912,27.000000,0.013045,13.980243,-0.378981,0.192515,0.523599,0.087000,-0.006000,124,0,1,34,33,-0.015500,-0.024200,1.506587,0.737538,-0.443695,10.350107,-2.334874,0.015912,0.038040,7,1,0,0.000000,0,10.048494,0.000000,-0.239176,0,0.218843,0.000000,-0.015400,10.048494,0.218843,1,1,1,4.070323,0.000000,0.000000,0.000000,0.000000,0.000000,0.000000,0.000000
1.0501,13.950902,0.207009,0.528607,1.361357,-0.221232,-0.116459,0,0.218843,50,0.347026,0.035327,13.950902,-0.267454,9.955669,0.528607,13.950042,10.042901,0.528607,0.207009,1.361357,0.012142,-0.552887,-53.753515,0.087232,-0.009000,0.001633,0.001992,-0.001836,0.001633,0.347026,0.035327,-9.803796,-0.334728,-0.087886,1.352357,-0.746096,0.015881,27.000000,0.013045,13.950042,-0.267454,0.204787,1.361357,0.087000,-0.009000,129,0,1,34,33,-0.057771,-0.317884,1.885004,5.486607,-4.132701,8.038364,-2.318213,0.015895,0.035656,7,1,0,0.000000,0,10.032405,0.000000,-0.221232,0,0.218843,0.000000,-0.116459,10.032405,0.218843,1,1,1,4.065835,0.000000,0.000000,0.000000,0.000000,0.000000,0.000000,0.000000
1.0601,13.966596,0.219595,0.346839,1.151917,-0.244685,-0.127362,0,0.218843,60,0.330807,0.032968,13.966596,0.118124,9.961182,0.346839,13.965861,10.048437,0.346839,0.219595,1.151917,0.012196,-0.552887,-53.753515,0.087255,-0.007000,0.001536,0.001993,0.002114,0.001536,0.330807,0.032968,-9.804365,0.071550,0.258768,1.144917,-0.727965,0.016254,27.000000,0.013045,13.965861,0.118124,0.217825,1.151917,0.087000,-0.007000,134,0,1,34,33,-0.212107,0.182774,1.489638,1.502812,0.421335,11.584311,-2.298761,0.016254,0.033654,8,1,0,0.000000,0,10.019299,0.000000,-0.244685,0,0.218843,0.000000,-0.127362,10.019299,0.218843,1,1,1,4.065620,0.000000,0.000000,0.000000,0.000000,0.000000,0.000000,0.000000
1.0701,13.966907,0.231095,-0.179394,1.151917,-0.174067,-0.139506,0,0.218843,70,0.343344,0.047679,13.966907,0.011729,9.961459,-0.179394,13.967108,10.047981,-0.179394,0.231095,1.151917,0.012198,-0.552887,-53.753515,0.086522,-0.025000,0.001532,0.001991,-0.001177,0.001532,0.343344,0.047679,-9.803874,-0.005337,-0.059444,1.126917,-0.716900,0.015476,27.000000,0.013045,13.967108,0.011729,0.229330,1.151917,0.087000,-0.025000,139,0,1,33,33,0.052636,-0.016576,0.947796,0.638522,-1.483108,7.774724,-2.287697,0.015476,0.035194,7,1,0,0.000000,0,10.009194,0.000000,-0.174067,0,0.218843,0.000000,-0.139506,10.009194,0.218843,1,1,1,4.065424,0.000000,0.000000,0.000000,0.000000,0.000000,0.000000,0.000000
1.0801,13.963009,0.239533,-0.413065,1.047198,-0.151972,-0.125751,0,0.218843,80,0.340065,0.033364,13.963009,-0.029112,9.960556,-0.413065,13.963369,10.047075,-0.413065,0.239533,1.047198,0.012518,-0.552887,-53.753515,0.086519,-0.014000,0.000953,0.002110,0.000541,0.000953,0.340065,0.033364,-9.804047,-0.006771,-0.155986,1.033198,-0.709424,0.017431,27.000000,0.013045,13.963369,-0.029112,0.238534,1.047198,0.087000,-0.014000,144,0,1,33,33,0.140106,-0.061136,0.620947,1.777657,-0.631564,9.344001,-2.280221,0.017431,0.034494,7,1,0,0.000000,0,10.002088,0.000000,-0.151972,0,0.218843,0.000000,-0.125751,10.002088,0.218843,1,1,1,4.065227,0.000000,0.000000,0.000000,0.000000,0.000000,0.000000,0.000000
1.0901,13.963055,0.247599,-0.329854,0.523599,-0.090445,-0.138174,0,0.218843,90,0.323557,0.091557,13.963055,-0.001466,9.956304,-0.329854,13.963465,10.043009,-0.329854,0.247599,0.523599,0.019506,0.334300,20.098903,0.086705,0.014000,0.001199,0.002023,0.000406,0.001199,0.323557,0.091557,-9.804235,0.057371,0.038577,0.537599,-0.705465,0.018529,27.000000,0.019105,13.963465,-0.001466,0.246971,0.523599,0.087000,0.014000,149,0,1,34,33,-0.011714,0.072174,0.206377,2.789319,0.375244,9.948142,-2.276261,0.018529,0.034276,7,1,0,0.000000,0,9.997983,0.000000,-0.090445,0,0.218843,0.000000,-0.138174,9.997983,0.218843,1,1,1,4.065025,0.000000,0.000000,0.000000,0.000000,0.000000,0.000000,0.000000
1.1001,13.962540,0.249272,-0.172151,0.000000,-0.088008,-0.077590,0,0.218843,100,0.354083,0.035260,13.962540,-0.006597,9.955062,-0.172151,13.962793,10.041733,-0.172151,0.249272,0.000000,0.012520,-0.451867,-37.604575,0.086671,0.022000,0.001162,0.002146,0.000353,0.001162,0.354083,0.035260,-9.803544,0.171100,0.113745,0.022000,-0.705051,0.017933,27.000000,0.013045,13.962793,-0.006597,0.249272,0.000000,0.087000,0.022000,154,0,1,33,33,-0.033301,0.200846,-0.152677,-1.226694,-0.143987,9.222530,-2.275847,0.017933,0.035879,7,1,0,0.000000,0,9.996877,0.000000,-0.088008,0,0.218843,0.000000,-0.077590,9.996877,0.218843,1,1,1,4.064832,0.000000,0.000000,0.000000,0.000000,0.000000,0.000000,0.000000
1.1101,13.961162,0.248352,-0.420073,-0.104720,-0.033287,-0.049812,0,0.218843,110,0.362846,0.035864,13.961162,-0.008692,9.952394,-0.420073,13.961739,10.038925,-0.420073,0.248352,-0.104720,0.012383,-0.451867,-37.604575,0.086531,0.013000,0.001465,0.001995,0.000300,0.001465,0.362846,0.035864,-9.803222,0.017614,-0.089163,-0.091720,-0.708787,0.017922,27.000000,0.013045,13.961739,-0.008692,0.248505,-0.104720,0.087000,0.013000,159,0,1,34,33,0.088507,-0.026995,-0.511497,1.001024,0.752165,10.324014,-2.279583,0.017922,0.036765,6,1,0,0.000000,0,9.998772,0.000000,-0.033287,0,0.218843,0.000000,-0.049812,9.998772,0.218843,1,1,1,4.064638,0.000000,0.000000,0.000000,0.000000,0.000000,0.000000,0.000000
1.1201,13.960010,0.246632,-0.349596,-0.209440,0.026471,-0.038386,0,0.218843,120,0.361462,0.026531,13.960010,-0.012776,9.948415,-0.349596,13.960588,10.034922,-0.349596,0.246632,-0.209440,0.012314,-0.451867,-37.604575,0.086506,0.002000,0.001617,0.001999,0.000542,0.001617,0.361462,0.026531,-9.803303,0.000169,-0.094685,-0.207440,-0.714535,0.018679,27.000000,0.013045,13.960588,-0.012776,0.246971,-0.209440,0.087000,0.002000,164,0,1,33,33,0.086378,-0.045638,-0.556516,1.297717,-0.002146,9.464859,-2.285331,0.018679,0.036406,7,1,0,0.000000,0,10.003666,0.000000,0.026471,0,0.218843,0.000000,-0.038386,10.003666,0.218843,1,1,1,4.064456,0.000000,0.000000,0.000000,0.000000,0.000000,0.000000,0.000000
1.1301,13.962164,0.242714,-0.247506,-0.418879,0.053979,-0.008553,0,0.218843,130,0.344318,0.094554,13.962164,0.018850,9.946476,-0.247506,13.962410,10.033109,-0.247506,0.242714,-0.418879,0.019591,0.481418,43.837280,0.086633,0.002000,0.001009,0.001993,0.001021,0.001009,0.344318,0.094554,-9.803500,-0.009605,0.085833,-0.416879,-0.720279,0.018657,27.000000,0.019105,13.962410,0.018850,0.243136,-0.418879,0.087000,0.002000,169,0,1,34,33,-0.082350,0.013021,-0.664767,0.400724,0.271858,10.471923,-2.291075,0.018657,0.036401,7,1,0,0.000000,0,10.011561,0.000000,0.053979,0,0.218843,0.000000,-0.008553,10.011561,0.218843,1,1,1,4.064297,0.000000,0.000000,0.000000,0.000000,0.000000,0.000000,0.000000
1.1401,13.967647,0.237883,-0.176376,-0.523599,0.114548,0.010231,0,0.218843,140,0.347078,0.105373,13.967647,0.058748,9.944024,-0.176376,13.967875,10.030866,-0.176376,0.237883,-0.523599,0.019704,0.481418,43.837280,0.086842,0.001000,0.001244,0.001961,0.001897,0.001244,0.347078,0.105373,-9.803292,0.059924,0.059824,-0.522599,-0.727324,0.017589,27.000000,0.019105,13.967875,0.058748,0.238534,-0.523599,0.087000,0.001000,174,0,1,34,33,-0.031184,0.064936,-0.700390,0.656754,0.526263,10.015265,-2.298120,0.017589,0.036929,6,1,0,0.000000,0,10.022455,0.000000,0.114548,0,0.218843,0.000000,0.010231,10.022455,0.218843,1,1,1,4.064144,0.000000,0.000000,0.000000,0.000000,0.000000,0.000000,0.000000
1.1501,13.982403,0.232288,-0.096626,-0.628319,0.169564,0.029057,0,0.218843,150,0.370148,0.038583,13.982403,0.146712,9.942561,-0.096626,13.982543,10.029174,-0.096626,0.232288,-0.628319,0.012560,-0.347034,-20.819926,0.086613,0.000000,0.001396,0.001992,0.005658,0.001396,0.370148,0.038583,-9.802938,0.087844,-0.006574,-0.628319,-0.734602,0.017410,27.000000,0.013045,13.982543,0.146712,0.233165,-0.628319,0.087000,0.000000,179,0,1,34,33,0.039246,0.069752,-0.725878,-0.451845,0.014859,9.559595,-2.305398,0.017410,0.037638,7,1,0,0.000000,0,10.036295,0.000000,0.169564,0,0.218843,0.000000,0.029057,10.036295,0.218843,1,1,1,4.064033,0.000000,0.000000,0.000000,0.000000,0.000000,0.000000,0.000000
1.1601,14.011890,0.228361,-0.142626,-0.628319,0.254824,0.020232,0,0.218843,160,0.364654,0.108002,14.011890,0.322642,9.938697,-0.142626,14.012170,10.025370,-0.142626,0.228361,-0.628319,0.019782,0.439115,36.428703,0.086672,-0.001000,0.001542,0.002004,0.008472,0.001542,0.364654,0.108002,-9.802625,0.126894,0.039210,-0.629319,-0.742359,0.017459,27.000000,0.019105,14.012170,0.322642,0.229330,-0.628319,0.087000,-0.001000,184,0,1,34,33,0.000761,0.111066,-0.787295,-0.473360,0.759856,9.634061,-2.312614,0.017470,0.038621,7,1,0,0.000000,0,10.052540,0.000000,0.254824,0,0.218843,0.000000,0.020232,10.052540,0.218843,1,1,1,4.064010,0.000000,0.000000,0.000000,0.000000,0.000000,0.000000,0.000000
1.1701,14.060016,0.219982,-0.142105,-0.733038,0.259586,0.081510,0,0.218843,170,0.377201,0.111842,14.060016,0.481187,9.939566,-0.142105,14.060204,10.026117,-0.142105,0.219982,-0.733038,0.019651,0.439115,36.428703,0.086550,-0.003000,0.001243,0.001994,0.012704,0.001243,0.377201,0.111842,-9.802107,0.130681,0.088386,-0.736038,-0.749988,0.016899,27.000000,0.019105,14.060204,0.481187,0.220893,-0.733038,0.087000,-0.003000,189,0,1,34,33,-0.046252,0.133548,-0.880937,-3.445606,0.695583,10.062150,-2.320784,0.016899,0.040028,8,1,0,0.000000,0,10.070390,0.000000,0.259586,0,0.218843,0.000000,0.081510,10.070390,0.218843,1,1,1,4.064119,0.000000,0.000000,0.000000,0.000000,0.000000,0.000000,0.000000
1.1801,14.076828,0.206266,0.245046,-1.466077,0.283870,0.162321,0,0.218843,180,0.403538,0.121701,14.076828,0.135507,9.941434,0.245046,14.076597,10.028497,0.245046,0.206266,-1.466077,0.019581,0.439115,36.428703,0.087062,-0.001000,0.001084,0.001993,-0.002592,0.001084,0.403538,0.121701,-9.800941,0.167488,0.195642,-1.467077,-0.761315,0.015845,27.000000,0.019105,14.076597,0.135507,0.207855,-1.466077,0.087000,-0.001000,194,0,1,34,33,-0.144604,0.189146,-1.225969,-2.983342,1.900505,9.308926,-2.332111,0.015845,0.042823,7,1,0,0.000000,0,10.089047,0.000000,0.283870,0,0.218843,0.000000,0.162321,10.089047,0.218843,1,1,1,4.066861,0.000000,0.000000,0.000000,0.000000,0.000000,0.000000,0.000000
1.1901,14.067528,0.194836,0.598152,-1.151917,0.314914,0.162316,0,0.218843,190,0.391653,0.119254,14.067528,-0.058748,9.943843,0.598152,14.066818,10.031009,0.598152,0.194836,-1.151917,0.019682,0.439115,36.428703,0.087166,0.006000,0.001314,0.002000,-0.001470,0.001314,0.391653,0.119254,-9.801453,-0.312257,-0.158915,-1.145917,-0.770217,0.015468,27.000000,0.019105,14.066818,-0.058748,0.196350,-1.151917,0.087000,0.006000,199,0,1,33,33,0.071765,-0.353655,-0.540910,0.864008,-1.437296,13.383600,-2.341013,0.015468,0.041539,7,1,0,0.000000,0,10.107710,0.000000,0.314914,0,0.218843,0.000000,0.162316,10.107710,0.218843,1,1,1,4.067071,0.000000,0.000000,0.000000,0.000000,0.000000,0.000000,0.000000
1.2001,14.074062,0.186519,0.677248,-0.942478,0.318543,0.147814,0,0.218843,200,0.378487,0.127224,14.074062,0.065973,9.947813,0.677248,14.073146,10.035117,0.677248,0.186519,-0.942478,0.019754,0.439115,36.428703,0.087304,0.025000,0.001479,0.002001,0.000055,0.001479,0.378487,0.127224,-9.801870,-0.043223,0.217017,-0.917478,-0.774372,0.014149,27.000000,0.019105,14.073146,0.065973,0.187913,-0.942478,0.087000,0.025000,3,0,1,33,33,-0.220968,0.006981,-0.240414,1.543584,-2.649754,8.586645,-2.345168,0.014149,0.040333,7,1,0,0.000000,0,10.125580,0.000000,0.318543,0,0.218843,0.000000,0.147814,10.125580,0.218843,1,1,1,4.067266,0.000000,0.000000,0.000000,0.000000,0.000000,0.000000,0.000000
1.2101,14.078592,0.181516,0.774864,-0.628319,0.318390,0.124679,0,0.218843,210,0.393236,0.060231,14.078592,0.039375,9.952723,0.774864,14.077366,10.039938,0.774864,0.181516,-0.628319,0.012449,-0.364276,-24.208046,0.087215,0.004000,0.001635,0.001841,-0.001022,0.001635,0.393236,0.060231,-9.801930,0.031259,-0.061643,-0.624319,-0.774526,0.013636,27.000000,0.013045,14.077366,0.039375,0.182544,-0.628319,0.087000,0.004000,8,0,1,33,33,0.067308,0.017577,0.150338,-1.781305,-0.426549,8.846084,-2.345322,0.013636,0.040550,7,1,0,0.000000,0,10.141856,0.000000,0.318390,0,0.218843,0.000000,0.124679,10.141856,0.218843,1,1,1,4.067465,0.000000,0.000000,0.000000,0.000000,0.000000,0.000000,0.000000
1.2201,14.079586,0.181674,0.434301,-0.104720,0.346784,0.072768,0,0.218843,220,0.393996,0.053463,14.079586,0.023981,9.954911,0.434301,14.079186,10.041910,0.434301,0.181674,-0.104720,0.012686,-0.364276,-24.208046,0.086999,-0.013000,0.000987,0.002124,-0.000350,0.000987,0.393996,0.053463,-9.801939,-0.055781,-0.155560,-0.117720,-0.772433,0.014572,27.000000,0.013045,14.079186,0.023981,0.181777,-0.104720,0.087000,-0.013000,13,0,1,33,33,0.137909,-0.087033,0.317711,-1.340144,-0.592282,9.122247,-2.343229,0.014572,0.040502,7,1,0,0.000000,0,10.155741,0.000000,0.346784,0,0.218843,0.000000,0.072768,10.155741,0.218843,1,1,1,4.067647,0.000000,0.000000,0.000000,0.000000,0.000000,0.000000,0.000000
1.2301,14.083306,0.181777,0.594481,0.000000,0.301630,0.073100,0,0.218843,230,0.380015,0.038306,14.083306,0.032149,9.959585,0.594481,14.082541,10.046689,0.594481,0.181777,0.000000,0.012570,-0.364276,-24.208046,0.087104,-0.013000,0.001305,0.001846,-0.000452,0.001305,0.380015,0.038306,-9.802562,-0.158078,-0.037244,-0.013000,-0.767582,0.015723,27.000000,0.013045,14.082541,0.032149,0.181777,0.000000,0.087000,-0.013000,18,0,1,33,33,-0.000691,-0.155083,0.583476,-0.002310,-0.305646,9.202562,-2.338379,0.015723,0.038820,7,1,0,0.000000,0,10.166683,0.000000,0.301630,0,0.218843,0.000000,0.073100,10.166683,0.218843,1,1,1,4.067840,0.000000,0.000000,0.000000,0.000000,0.000000,0.000000,0.000000
1.2401,14.085690,0.183441,0.550895,0.104720,0.278588,0.054158,0,0.218843,240,0.366961,0.034687,14.085690,0.026075,9.964296,0.550895,14.084940,10.051414,0.550895,0.183441,0.104720,0.012462,-0.467257,-39.804481,0.087119,-0.003000,0.001247,0.002002,-0.000815,0.001247,0.366961,0.034687,-9.803073,-0.044931,-0.003351,0.101720,-0.761181,0.015801,27.000000,0.013045,14.084940,0.026075,0.183311,0.104720,0.087000,-0.003000,23,0,1,34,33,-0.007199,-0.036341,0.653118,1.172670,0.161165,9.399426,-2.331978,0.015801,0.037438,7,1,0,0.000000,0,10.174626,0.000000,0.278588,0,0.218843,0.000000,0.054158,10.174626,0.218843,1,1,1,4.068024,0.000000,0.000000,0.000000,0.000000,0.000000,0.000000,0.000000
1.2501,14.088752,0.187468,0.482865,0.209440,0.272096,0.022481,0,0.218843,250,0.372570,0.030921,14.088752,0.035186,9.967299,0.482865,14.088008,10.054269,0.482865,0.187468,0.209440,0.012325,-0.467257,-39.804481,0.086970,0.000000,0.001540,0.001993,-0.000179,0.001540,0.372570,0.030921,-9.802874,0.105964,-0.030652,0.209440,-0.754320,0.016298,27.000000,0.013045,14.088008,0.035186,0.187146,0.209440,0.087000,0.000000,28,0,1,33,33,0.054567,0.104392,0.691071,-0.663636,0.906147,10.171350,-2.325116,0.016298,0.037915,6,1,0,0.000000,0,10.179620,0.000000,0.272096,0,0.218843,0.000000,0.022481,10.179620,0.218843,1,1,1,4.068208,0.000000,0.000000,0.000000,0.000000,0.000000,0.000000,0.000000
1.2601,14.092513,0.189689,0.399784,0.209440,0.234205,0.036097,0,0.218843,4,0.379772,0.027579,14.092513,0.039375,9.971323,0.399784,14.092034,10.058222,0.399784,0.189689,0.209440,0.012504,-0.467257,-39.804481,0.086898,-0.003000,0.001158,0.001996,0.000110,0.001158,0.379772,0.027579,-9.802607,0.069746,-0.008734,0.206440,-0.748178,0.017033,27.000000,0.013045,14.092034,0.039375,0.189447,0.209440,0.087000,-0.003000,33,0,1,33,33,0.024690,0.073387,0.605353,-1.133686,1.138680,9.905410,-2.318975,0.017033,0.038564,6,1,0,0.000000,0,10.182198,0.000000,0.234205,0,0.218843,0.000000,0.036097,10.182198,0.218843,1,1,1,4.068378,0.000000,0.000000,0.000000,0.000000,0.000000,0.000000,0.000000
1.2701,14.097137,0.190981,0.520437,0.000000,0.207502,0.042811,0,0.218843,14,0.369892,0.098751,14.097137,0.046496,9.975377,0.520437,14.096540,10.062552,0.520437,0.190981,0.000000,0.019693,0.471686,42.595039,0.087175,0.000000,0.001247,0.001960,0.000368,0.001247,0.369892,0.098751,-9.802527,-0.047173,0.059949,0.000000,-0.742565,0.016952,27.000000,0.019105,14.096540,0.046496,0.190981,0.000000,0.087000,0.000000,38,0,1,34,33,-0.069157,-0.021939,0.520970,-0.909706,-0.074980,9.845508,-2.313361,0.016952,0.038946,7,1,0,0.000000,0,10.183157,0.000000,0.207502,0,0.218843,0.000000,0.042811,10.183157,0.218843,1,1,1,4.068557,0.000000,0.000000,0.000000,0.000000,0.000000,0.000000,0.000000
1.2801,14.101694,0.191748,0.519287,0.000000,0.186970,0.046521,0,0.218843,24,0.367171,0.101765,14.101694,0.051627,9.980031,0.519287,14.100951,10.067213,0.519287,0.191748,0.000000,0.019762,0.471686,42.595039,0.087183,0.000000,0.001393,0.002009,0.000271,0.001393,0.367171,0.101765,-9.802598,-0.006100,0.017022,0.000000,-0.737125,0.016697,27.000000,0.019105,14.100951,0.051627,0.191748,0.000000,0.087000,0.000000,43,0,1,34,33,-0.017958,0.008153,0.519227,-0.710460,0.478072,9.985181,-2.307921,0.016697,0.038734,7,1,0,0.000000,0,10.183299,0.000000,0.186970,0,0.218843,0.000000,0.046521,10.183299,0.218843,1,1,1,4.068738,0.000000,0.000000,0.000000,0.000000,0.000000,0.000000,0.000000
1.2901,14.107615,0.191748,0.508801,0.000000,0.168578,0.054191,0,0.218843,34,0.380438,0.032191,14.107615,0.057701,9.985304,0.508801,14.106895,10.072368,0.508801,0.191748,0.000000,0.012511,-0.380149,-26.556844,0.087064,0.004000,0.001405,0.001999,0.000233,0.001405,0.380438,0.032191,-9.802568,-0.003011,0.002412,0.004000,-0.731960,0.016671,27.000000,0.013045,14.106895,0.057701,0.191748,0.000000,0.087000,0.004000,48,0,1,33,33,-0.003014,0.004007,0.512791,-0.536206,-0.482291,9.544974,-2.302756,0.016671,0.038710,7,1,0,0.000000,0,10.183154,0.000000,0.168578,0,0.218843,0.000000,0.054191,10.183154,0.218843,1,1,1,4.068916,0.000000,0.000000,0.000000,0.000000,0.000000,0.000000,0.000000
1.3001,14.112731,0.190981,0.629812,0.000000,0.132352,0.063395,0,0.218843,44,0.378394,0.026992,14.112731,0.051627,9.991757,0.629812,14.111784,10.078838,0.629812,0.190981,0.000000,0.012461,-0.380149,-26.556844,0.087082,0.004000,0.001535,0.001998,-0.000098,0.001535,0.378394,0.026992,-9.802662,-0.022504,-0.032494,0.004000,-0.726269,0.017073,27.000000,0.013045,14.111784,0.051627,0.190981,0.000000,0.087000,0.004000,53,0,1,34,33,0.026933,-0.021029,0.634124,0.072611,0.360432,9.477275,-2.297066,0.017073,0.038408,6,1,0,0.000000,0,10.182189,0.000000,0.132352,0,0.218843,0.000000,0.063395,10.182189,0.218843,1,1,1,4.069094,0.000000,0.000000,0.000000,0.000000,0.000000,0.000000,0.000000
1.3101,14.118269,0.191748,0.677620,0.000000,0.110057,0.046521,0,0.218843,54,0.376188,0.024662,14.118269,0.062832,9.997199,0.677620,14.117537,10.084308,0.677620,0.191748,0.000000,0.012605,-0.401889,-30.298911,0.087108,0.004000,0.001094,0.002018,0.000105,0.001094,0.376188,0.024662,-9.802753,0.005071,0.015043,0.004000,-0.720044,0.017436,27.000000,0.013045,14.117537,0.062832,0.191748,0.000000,0.087000,0.004000,58,0,1,34,33,-0.013651,0.016695,0.681463,0.266923,0.412741,10.674231,-2.290840,0.017436,0.038139,6,1,0,0.000000,0,10.179605,0.000000,0.110057,0,0.218843,0.000000,0.046521,10.179605,0.218843,1,1,1,4.069260,0.000000,0.000000,0.000000,0.000000,0.000000,0.000000,0.000000
1.3201,14.124289,0.191748,0.715058,0.000000,0.044120,0.054191,0,0.218843,64,0.379423,0.022208,14.124289,0.056758,10.004329,0.715058,14.123289,10.091512,0.715058,0.191748,0.000000,0.012322,-0.522149,-49.651979,0.087183,-0.001000,0.001385,0.002002,-0.000574,0.001385,0.379423,0.022208,-9.802635,0.021614,0.027158,-0.001000,-0.712843,0.017461,27.000000,0.013045,14.123289,0.056758,0.191748,0.000000,0.087000,-0.001000,63,0,1,34,33,-0.022199,0.035478,0.713675,-0.641997,-0.131265,9.768553,-2.283639,0.017461,0.038415,7,1,0,0.000000,0,10.174603,0.000000,0.044120,0,0.218843,0.000000,0.054191,10.174603,0.218843,1,1,1,4.069436,0.000000,0.000000,0.000000,0.000000,0.000000,0.000000,0.000000
1.3301,14.131576,0.193282,0.715253,0.000000,0.002863,0.035783,0,0.218843,74,0.382528,0.022511,14.131576,0.072047,10.010003,0.715253,14.130480,10.097171,0.715253,0.193282,0.000000,0.012235,-0.522149,-49.651979,0.087168,-0.005000,0.001551,0.001951,0.000650,0.001551,0.382528,0.022511,-9.802513,0.041638,0.026704,-0.005000,-0.705652,0.017464,27.000000,0.013045,14.130480,0.072047,0.193282,0.000000,0.087000,-0.005000,68,0,1,34,33,-0.017952,0.054779,0.709636,-0.681665,0.091585,9.531506,-2.276448,0.017464,0.038724,7,1,0,0.000000,0,10.166652,0.000000,0.002863,0,0.218843,0.000000,0.035783,10.166652,0.218843,1,1,1,4.069610,0.000000,0.000000,0.000000,0.000000,0.000000,0.000000,0.000000
1.3401,14.135481,0.193282,0.723956,0.000000,-0.074002,0.051123,0,0.218843,82,0.384472,0.025764,14.135481,0.041364,10.016791,0.723956,14.134794,10.103967,0.723956,0.193282,0.000000,0.012549,-0.522149,-49.651979,0.087176,-0.005000,0.000950,0.002129,-0.001226,0.000950,0.384472,0.025764,-9.802429,-0.040894,0.023187,-0.005000,-0.698860,0.017490,27.000000,0.013045,14.134794,0.041364,0.193282,0.000000,0.087000,-0.005000,73,0,1,34,33,-0.030671,-0.026603,0.719346,-0.936447,-0.629707,9.849486,-2.269656,0.017490,0.038982,7,1,0,0.000000,0,10.155701,0.000000,-0.074002,0,0.218843,0.000000,0.051123,10.155701,0.218843,1,1,1,4.069772,0.000000,0.000000,0.000000,0.000000,0.000000,0.000000,0.000000
1.3501,14.133245,0.194049,0.770907,0.000000,-0.146686,0.041919,0,0.218843,90,0.377901,0.022366,14.133245,0.009634,10.023641,0.770907,14.132205,10.110862,0.770907,0.194049,0.000000,0.012347,-0.522149,-49.651979,0.087221,-0.001000,0.001337,0.001992,-0.003542,0.001337,0.377901,0.022366,-9.802693,-0.047892,-0.002301,-0.001000,-0.691191,0.017529,27.000000,0.013045,14.132205,0.009634,0.194049,0.000000,0.087000,-0.001000,78,0,1,34,33,-0.007163,-0.037900,0.770434,0.506252,0.260939,10.586727,-2.261987,0.017529,0.038254,7,1,0,0.000000,0,10.141750,0.000000,-0.146686,0,0.218843,0.000000,0.041919,10.141750,0.218843,1,1,1,4.069925,0.000000,0.000000,0.000000,0.000000,0.000000,0.000000,0.000000
1.3601,14.124537,0.196511,0.694687,0.104720,-0.209960,0.020043,0,0.218843,98,0.375052,0.021244,14.124537,-0.098646,10.029376,0.694687,14.123481,10.116556,0.694687,0.196511,0.104720,0.012242,-0.522149,-49.651979,0.087179,-0.001000,0.001539,0.002001,-0.004362,0.001539,0.375052,0.021244,-9.802805,-0.015337,-0.004635,0.103720,-0.683032,0.017574,27.000000,0.013045,14.123481,-0.098646,0.196350,0.104720,0.087000,-0.001000,83,0,1,33,33,0.001350,-0.006190,0.798543,0.076956,-0.609802,9.831205,-2.253828,0.017574,0.037934,7,1,0,0.000000,0,10.124799,0.000000,-0.209960,0,0.218843,0.000000,0.020043,10.124799,0.218843,1,1,1,4.070039,0.000000,0.000000,0.000000,0.000000,0.000000,0.000000,0.000000
1.3701,14.097282,0.199818,0.506388,0.314159,-0.277578,0.004975,0,0.218843,108,0.372982,0.018104,14.097282,-0.291959,10.034116,0.506388,14.096636,10.121110,0.506388,0.199818,0.314159,0.012379,-0.522149,-49.651979,0.086993,-0.005000,0.001275,0.001997,-0.005105,0.001275,0.372982,0.018104,-9.802890,-0.004928,-0.039954,0.309159,-0.675185,0.018108,27.000000,0.013045,14.096636,-0.291959,0.199418,0.314159,0.087000,-0.005000,88,0,1,34,33,0.037641,-0.004176,0.815661,0.314267,-0.366619,9.508409,-2.245981,0.018108,0.037645,7,1,0,0.000000,0,10.104848,0.000000,-0.277578,0,0.218843,0.000000,0.004975,10.104848,0.218843,1,1,1,4.070066,0.000000,0.000000,0.000000,0.000000,0.000000,0.000000,0.000000
1.3801,14.052210,0.205507,0.397670,0.523599,-0.342725,-0.030209,0,0.218843,118,0.366192,0.011600,14.052210,-0.464851,10.037008,0.397670,14.051574,10.124009,0.397670,0.205507,0.523599,0.012327,-0.522149,-49.651979,0.087001,-0.005000,0.001375,0.002004,-0.007478,0.001375,0.366192,0.011600,-9.803156,-0.166518,-0.046936,0.518599,-0.666609,0.018779,27.000000,0.013045,14.051574,-0.464851,0.204787,0.523599,0.087000,-0.005000,93,0,1,34,33,-0.002720,-0.161678,0.918331,1.301988,-0.218853,10.754691,-2.237405,0.018779,0.036799,7,1,0,0.000000,0,10.081897,0.000000,-0.342725,0,0.218843,0.000000,-0.030209,10.081897,0.218843,1,1,1,4.069954,0.000000,0.000000,0.000000,0.000000,0.000000,0.000000,0.000000
1.3901,14.035659,0.218720,0.067463,1.151917,-0.369272,-0.131892,0,0.218843,128,0.335078,0.008048,14.035659,-0.111945,10.035112,0.067463,14.035563,10.121813,0.067463,0.218720,1.151917,0.012292,-0.522149,-49.651979,0.086702,-0.002000,0.001443,0.002000,0.002311,0.001443,0.335078,0.008048,-9.804272,-0.213473,-0.167065,1.149917,-0.655549,0.018895,27.000000,0.013045,14.035563,-0.111945,0.217058,1.151917,0.087000,-0.002000,98,0,1,34,33,0.091375,-0.240227,1.220426,3.693769,-1.282819,6.400582,-2.226346,0.018895,0.033533,7,1,0,0.000000,0,10.055947,0.000000,-0.369272,0,0.218843,0.000000,-0.131892,10.055947,0.218843,1,1,1,4.066397,0.000000,0.000000,0.000000,0.000000,0.000000,0.000000,0.000000
1.4001,14.045664,0.225561,-0.253854,0.837758,-0.506862,-0.081840,0,0.218843,138,0.337088,0.011797,14.045664,0.067963,10.037686,-0.253854,14.045822,10.124369,-0.253854,0.225561,0.837758,0.012526,-0.522149,-49.651979,0.086682,-0.004000,0.000994,0.002097,0.000711,0.000994,0.337088,0.011797,-9.804200,0.256653,0.197795,0.833758,-0.646157,0.019032,27.000000,0.013045,14.045822,0.067963,0.224728,0.837758,0.087000,-0.004000,103,0,1,34,33,-0.107917,0.312768,0.576032,-1.113952,2.162210,11.437407,-2.216954,0.019032,0.033773,8,1,0,0.000000,0,10.027242,0.000000,-0.506862,0,0.218843,0.000000,-0.081840,10.027242,0.218843,1,1,1,4.066201,0.000000,0.000000,0.000000,0.000000,0.000000,0.000000,0.000000
1.4101,14.040628,0.233272,-0.496123,0.733038,-0.513506,-0.105968,0,0.218843,148,0.343496,0.015215,14.040628,-0.045448,10.033865,-0.496123,14.041124,10.120250,-0.496123,0.233272,0.733038,0.012423,-0.522149,-49.651979,0.086385,-0.019000,0.001192,0.001992,-0.001174,0.001192,0.343496,0.015215,-9.803973,-0.054911,-0.191633,0.714038,-0.642567,0.019001,27.000000,0.013045,14.041124,-0.045448,0.232398,0.733038,0.087000,-0.019000,108,0,1,34,33,0.163521,-0.111299,0.219315,1.701026,0.366999,10.569429,-2.213363,0.019001,0.034438,7,1,0,0.000000,0,9.996518,0.000000,-0.513506,0,0.218843,0.000000,-0.105968,9.996518,0.218843,1,1,1,4.066005,0.000000,0.000000,0.000000,0.000000,0.000000,0.000000,0.000000
1.4201,14.036019,0.241061,-0.747668,0.733038,-0.550595,-0.122329,0,0.218843,158,0.340375,0.004197,14.036019,-0.038327,10.027412,-0.747668,14.037001,10.113570,-0.747668,0.241061,0.733038,0.012338,-0.522149,-49.651979,0.086158,0.004000,0.001355,0.002026,0.001182,0.001355,0.340375,0.004197,-9.804092,0.085603,-0.072588,0.737038,-0.641486,0.020199,27.000000,0.013045,14.037001,-0.038327,0.240068,0.733038,0.087000,0.004000,113,0,1,34,33,0.097104,0.056146,-0.011323,2.397926,-1.181246,8.190430,-2.212282,0.020199,0.033809,7,1,0,0.000000,0,9.964577,0.000000,-0.550595,0,0.218843,0.000000,-0.122329,9.964577,0.218843,1,1,1,4.065809,0.000000,0.000000,0.000000,0.000000,0.000000,0.000000,0.000000
1.4301,14.034992,0.241602,-0.356846,0.000000,-0.660530,-0.050928,0,0.218843,168,0.331353,0.078567,14.034992,-0.021991,10.024787,-0.356846,14.035467,10.111423,-0.356846,0.241602,0.000000,0.019765,0.430325,35.308169,0.086637,0.023000,0.001533,0.001975,0.000037,0.001533,0.331353,0.078567,-9.804088,0.107264,0.157657,0.023000,-0.643105,0.020058,27.000000,0.019105,14.035467,-0.021991,0.241602,0.000000,0.087000,0.023000,118,0,1,34,33,-0.112280,0.147498,-0.336827,-0.038046,0.342226,10.950867,-2.213901,0.020058,0.034726,7,1,0,0.000000,0,9.932219,0.000000,-0.660530,0,0.218843,0.000000,-0.050928,9.932219,0.218843,1,1,1,4.065622,0.000000,0.000000,0.000000,0.000000,0.000000,0.000000,0.000000
1.4401,14.030826,0.241602,-0.631263,0.000000,-0.677585,-0.045518,0,0.218843,178,0.361243,0.025164,14.030826,-0.035186,10.019736,-0.631263,14.031824,10.106045,-0.631263,0.241602,0.000000,0.012319,-0.439347,-35.608835,0.086309,0.015000,0.001652,0.002018,0.000261,0.001652,0.361243,0.025164,-9.803314,0.062007,0.051098,0.015000,-0.648443,0.018631,27.000000,0.013045,14.031824,-0.035186,0.241602,0.000000,0.087000,0.015000,123,0,1,34,33,-0.058936,0.091474,-0.612636,0.047670,-0.465917,9.794350,-2.218808,0.018667,0.036331,7,1,0,0.000000,0,9.900243,0.000000,-0.677585,0,0.218843,0.000000,-0.045518,9.900243,0.218843,1,1,1,4.065436,0.000000,0.000000,0.000000,0.000000,0.000000,0.000000,0.000000
1.4501,14.027733,0.238962,-0.379666,-0.314159,-0.738988,-0.013838,0,0.218843,188,0.364689,0.021830,14.027733,-0.037280,10.016073,-0.379666,14.028181,10.102533,-0.379666,0.238962,-0.314159,0.012571,-0.439347,-35.608835,0.086461,-0.001000,0.001079,0.001984,0.000254,0.001079,0.364689,0.021830,-9.803195,0.030113,-0.085421,-0.315159,-0.654620,0.019200,27.000000,0.013045,14.028181,-0.037280,0.239301,-0.314159,0.087000,-0.001000,128,0,1,34,33,0.090569,-0.009592,-0.694760,0.044629,1.251718,10.873925,-2.225416,0.019200,0.036660,7,1,0,0.000000,0,9.869449,0.000000,-0.738988,0,0.218843,0.000000,-0.013838,9.869449,0.218843,1,1,1,4.065266,0.000000,0.000000,0.000000,0.000000,0.000000,0.000000,0.000000
1.4601,14.023407,0.237465,-0.505772,-0.209440,-0.740208,-0.022268,0,0.218843,198,0.343457,0.085394,14.023407,-0.036233,10.010007,-0.505772,14.024154,10.096559,-0.505772,0.237465,-0.209440,0.019725,0.429149,34.969441,0.086551,-0.005000,0.001445,0.001949,0.000074,0.001445,0.343457,0.085394,-9.803614,-0.047774,-0.029906,-0.214440,-0.662106,0.019487,27.000000,0.019105,14.024154,-0.036233,0.237767,-0.209440,0.087000,-0.005000,133,0,1,34,33,0.011644,-0.069341,-0.718984,1.536982,0.204104,9.811622,-2.232902,0.019487,0.036091,6,1,0,0.000000,0,9.840638,0.000000,-0.740208,0,0.218843,0.000000,-0.022268,9.840638,0.218843,1,1,1,4.065087,0.000000,0.000000,0.000000,0.000000,0.000000,0.000000,0.000000
1.4701,14.018819,0.235217,-0.432982,-0.314159,-0.766625,-0.010277,0,0.218843,208,0.343570,0.090606,14.018819,-0.055711,10.005085,-0.432982,14.019167,10.091710,-0.432982,0.235217,-0.314159,0.019445,0.429149,34.969441,0.086626,-0.002000,0.000792,0.002144,-0.000423,0.000792,0.343570,0.090606,-9.803563,0.013717,0.095164,-0.316159,-0.669174,0.018612,27.000000,0.019105,14.019167,-0.055711,0.235466,-0.314159,0.087000,-0.002000,138,0,1,34,33,-0.084528,0.031244,-0.749891,0.197544,0.018743,9.272944,-2.239970,0.018612,0.036225,6,1,0,0.000000,0,9.814557,0.000000,-0.766625,0,0.218843,0.000000,-0.010277,9.814557,0.218843,1,1,1,4.064926,0.000000,0.000000,0.000000,0.000000,0.000000,0.000000,0.000000
1.4801,14.012421,0.233678,-0.558996,-0.209440,-0.754502,-0.014275,0,0.218843,218,0.358018,0.030047,14.012421,-0.063879,9.998991,-0.558996,14.013031,10.085310,-0.558996,0.233678,-0.209440,0.012439,-0.499305,-45.762742,0.086319,-0.001000,0.001214,0.001943,-0.000455,0.001214,0.358018,0.030047,-9.803419,0.005737,-0.001079,-0.210440,-0.677080,0.017902,27.000000,0.013045,14.013031,-0.063879,0.233932,-0.209440,0.087000,-0.001000,143,0,1,34,33,0.003023,-0.004577,-0.769438,1.177063,-0.573908,10.071542,-2.247876,0.017902,0.036226,7,1,0,0.000000,0,9.791474,0.000000,-0.754502,0,0.218843,0.000000,-0.014275,9.791474,0.218843,1,1,1,4.064751,0.000000,0.000000,0.000000,0.000000,0.000000,0.000000,0.000000
1.4901,14.005411,0.233165,-0.827290,0.000000,-0.736920,-0.023517,0,0.218843,228,0.361451,0.029662,14.005411,-0.066916,9.991520,-0.827290,14.006608,10.077665,-0.827290,0.233165,0.000000,0.012314,-0.499305,-45.762742,0.086145,-0.001000,0.001463,0.002001,0.000060,0.001463,0.361451,0.029662,-9.803294,0.054346,-0.028117,-0.001000,-0.685241,0.017878,27.000000,0.013045,14.006608,-0.066916,0.233165,0.000000,0.087000,-0.001000,148,0,1,34,33,0.045661,0.030530,-0.828729,0.179616,0.277042,10.041162,-2.256037,0.017878,0.036561,7,1,0,0.000000,0,9.771391,0.000000,-0.736920,0,0.218843,0.000000,-0.023517,9.771391,0.218843,1,1,1,4.064579,0.000000,0.000000,0.000000,0.000000,0.000000,0.000000,0.000000
1.5001,13.997462,0.232398,-0.857632,0.000000,-0.728999,-0.019440,0,0.218843,238,0.362805,0.036068,13.997462,-0.087441,9.984162,-0.857632,13.998268,10.070286,-0.857632,0.232398,0.000000,0.012573,-0.499305,-45.762742,0.086124,-0.005000,0.000945,0.001994,-0.000035,0.000945,0.362805,0.036068,-9.803223,0.016761,0.053771,-0.005000,-0.693376,0.017504,27.000000,0.013045,13.998268,-0.087441,0.232398,0.000000,0.087000,-0.005000,153,0,1,34,33,-0.043997,0.024316,-0.863006,-0.385052,0.100246,9.617920,-2.264172,0.017504,0.036850,7,1,0,0.000000,0,9.754308,0.000000,-0.728999,0,0.218843,0.000000,-0.019440,9.754308,0.218843,1,1,1,4.064419,0.000000,0.000000,0.000000,0.000000,0.000000,0.000000,0.000000
1.5101,13.988524,0.232398,-0.966341,0.000000,-0.685851,-0.027110,0,0.218843,248,0.362295,0.042972,13.988524,-0.084299,9.974640,-0.966341,13.989926,10.060694,-0.966341,0.232398,0.000000,0.012312,-0.499305,-45.762742,0.086054,-0.006000,0.001467,0.001950,0.000016,0.001467,0.362295,0.042972,-9.803214,-0.026633,0.064313,-0.006000,-0.702934,0.016547,27.000000,0.013045,13.989926,-0.084299,0.232398,0.000000,0.087000,-0.006000,158,0,1,34,33,-0.069605,-0.012777,-0.972257,0.514940,-0.422469,9.393133,-2.273730,0.016547,0.036961,7,1,0,0.000000,0,9.740225,0.000000,-0.685851,0,0.218843,0.000000,-0.027110,9.740225,0.218843,1,1,1,4.064243,0.000000,0.000000,0.000000,0.000000,0.000000,0.000000,0.000000
1.5201,13.979242,0.232398,-1.025457,0.000000,-0.657847,-0.027110,0,0.218843,2,0.359041,0.049854,13.979242,-0.094562,9.964982,-1.025457,13.980434,10.051020,-1.025457,0.232398,0.000000,0.012460,-0.499305,-45.762742,0.086039,-0.001000,0.001172,0.001997,-0.000572,0.001172,0.359041,0.049854,-9.803301,-0.027510,-0.026096,-0.001000,-0.712585,0.015935,27.000000,0.013045,13.980434,-0.094562,0.232398,0.000000,0.087000,-0.001000,163,0,1,34,33,0.013666,-0.048157,-1.025936,-0.219087,-0.564508,10.022875,-2.283381,0.015935,0.036799,7,1,0,0.000000,0,9.729142,0.000000,-0.657847,0,0.218843,0.000000,-0.027110,9.729142,0.218843,1,1,1,4.064083,0.000000,0.000000,0.000000,0.000000,0.000000,0.000000,0.000000
1.5301,13.969133,0.232398,-1.072334,0.000000,-0.616078,-0.027110,0,0.218843,12,0.352525,0.053359,13.969133,-0.114982,9.954600,-1.072334,13.969984,10.040631,-1.072334,0.232398,0.000000,0.012648,-0.499305,-45.762742,0.086030,0.005000,0.000796,0.001984,-0.000262,0.000796,0.352525,0.053359,-9.803519,-0.035681,-0.041538,0.005000,-0.722960,0.015623,27.000000,0.013045,13.969984,-0.114982,0.232398,0.000000,0.087000,0.005000,168,0,1,34,33,0.024343,-0.062546,-1.066628,1.004707,-0.977742,9.464435,-2.293756,0.015623,0.036234,7,1,0,0.000000,0,9.721059,0.000000,-0.616078,0,0.218843,0.000000,-0.027110,9.721059,0.218843,1,1,1,4.063924,0.000000,0.000000,0.000000,0.000000,0.000000,0.000000,0.000000
1.5401,13.955793,0.233165,-1.121480,0.000000,-0.553989,-0.036314,0,0.218843,22,0.348618,0.051614,13.955793,-0.121161,9.942435,-1.121480,13.957520,10.028452,-1.121480,0.233165,0.000000,0.012276,-0.499305,-45.762742,0.086017,0.010000,0.001540,0.001852,-0.001193,0.001540,0.348618,0.051614,-9.803668,-0.008361,-0.037226,0.010000,-0.734359,0.015360,27.000000,0.013045,13.957520,-0.121161,0.233165,0.000000,0.087000,0.010000,173,0,1,34,33,0.030706,-0.036289,-1.111118,1.164962,0.077595,9.972806,-2.305155,0.015360,0.035803,7,1,0,0.000000,0,9.715976,0.000000,-0.553989,0,0.218843,0.000000,-0.036314,9.715976,0.218843,1,1,1,4.063749,0.000000,0.000000,0.000000,0.000000,0.000000,0.000000,0.000000
1.5501,13.945320,0.233932,-1.176717,0.000000,-0.506936,-0.037848,0,0.218843,32,0.346859,0.053261,13.945320,-0.122208,9.930561,-1.176717,13.946687,10.016534,-1.176717,0.233932,0.000000,0.012465,-0.499305,-45.762742,0.085973,0.006000,0.001161,0.001840,-0.000367,0.001161,0.346859,0.053261,-9.803721,0.017356,-0.042209,0.006000,-0.745508,0.015372,27.000000,0.013045,13.946687,-0.122208,0.233932,0.000000,0.087000,0.006000,178,0,1,34,33,0.045609,-0.016220,-1.170606,0.631309,-0.222530,10.246985,-2.316305,0.015372,0.035665,7,1,0,0.000000,0,9.713893,0.000000,-0.506936,0,0.218843,0.000000,-0.037848,9.713893,0.218843,1,1,1,4.063592,0.000000,0.000000,0.000000,0.000000,0.000000,0.000000,0.000000
1.5601,13.932091,0.234699,-1.274635,0.000000,-0.438655,-0.039382,0,0.218843,42,0.346946,0.053834,13.932091,-0.139591,9.917670,-1.274635,13.933360,10.003565,-1.274635,0.234699,0.000000,0.012545,-0.499305,-45.762742,0.085896,0.000000,0.001001,0.001996,-0.000655,0.001001,0.346946,0.053834,-9.803715,0.044457,-0.036503,0.000000,-0.757712,0.015424,27.000000,0.013045,13.933360,-0.139591,0.234699,0.000000,0.087000,0.000000,183,0,1,34,33,0.051956,0.008694,-1.274845,0.934286,-0.020758,9.407013,-2.328508,0.015424,0.035685,7,1,0,0.000000,0,9.714810,0.000000,-0.438655,0,0.218843,0.000000,-0.039382,9.714810,0.218843,1,1,1,4.063431,0.000000,0.000000,0.000000,0.000000,0.000000,0.000000,0.000000
1.5701,13.917943,0.235466,-1.362958,0.000000,-0.364441,-0.040916,0,0.218843,52,0.346116,0.055951,13.917943,-0.147760,9.903891,-1.362958,13.919363,9.989727,-1.362958,0.235466,0.000000,0.012522,-0.499305,-45.762742,0.085836,-0.002000,0.001047,0.001995,0.000097,0.001047,0.346116,0.055951,-9.803733,0.002261,-0.011587,-0.002000,-0.770775,0.015199,27.000000,0.013045,13.919363,-0.147760,0.235466,0.000000,0.087000,-0.002000,188,0,1,34,33,0.011403,-0.020148,-1.364812,0.512475,0.351107,9.477468,-2.341571,0.015199,0.035651,7,1,0,0.000000,0,9.718727,0.000000,-0.364441,0,0.218843,0.000000,-0.040916,9.718727,0.218843,1,1,1,4.063268,0.000000,0.000000,0.000000,0.000000,0.000000,0.000000,0.000000
1.5801,13.903972,0.235466,-1.491613,0.000000,-0.287430,-0.033246,0,0.218843,62,0.344950,0.062564,13.903972,-0.142628,9.889675,-1.491613,13.905461,9.975430,-1.491613,0.235466,0.000000,0.012543,-0.499305,-45.762742,0.085755,-0.003000,0.001006,0.001996,0.000106,0.001006,0.344950,0.062564,-9.803734,0.002212,0.038651,-0.003000,-0.785050,0.014536,27.000000,0.013045,13.905461,-0.142628,0.235466,0.000000,0.087000,-0.003000,193,0,1,34,33,-0.033484,0.000685,-1.494739,0.581654,-0.148435,9.663901,-2.355846,0.014536,0.035692,7,1,0,0.000000,0,9.725644,0.000000,-0.287430,0,0.218843,0.000000,-0.033246,9.725644,0.218843,1,1,1,4.063107,0.000000,0.000000,0.000000,0.000000,0.000000,0.000000,0.000000
1.5901,13.889092,0.234599,-1.497338,-0.104720,-0.204677,-0.022840,0,0.218843,72,0.345301,0.069965,13.889092,-0.156975,9.875008,-1.497338,13.890503,9.960772,-1.497338,0.234599,-0.104720,0.012567,-0.499305,-45.762742,0.085764,-0.003000,0.000957,0.001997,-0.000240,0.000957,0.345301,0.069965,-9.803671,0.035297,0.017799,-0.107720,-0.800551,0.013805,27.000000,0.013045,13.890503,-0.156975,0.234699,-0.104720,0.087000,-0.003000,198,0,1,34,33,0.000617,0.019353,-1.605428,0.695317,0.411894,9.985430,-2.371347,0.013805,0.035904,7,1,0,0.000000,0,9.735561,0.000000,-0.204677,0,0.218843,0.000000,-0.022840,9.735561,0.218843,1,1,1,4.062944,0.000000,0.000000,0.000000,0.000000,0.000000,0.000000,0.000000
1.6001,13.872440,0.233828,-1.593356,-0.104720,-0.107501,-0.022261,0,0.218843,82,0.346857,0.078807,13.872440,-0.158965,9.859366,-1.593356,13.874014,9.945078,-1.593356,0.233828,-0.104720,0.012549,-0.499305,-45.762742,0.085712,-0.001000,0.000994,0.001992,-0.000820,0.000994,0.346857,0.078807,-9.803549,0.013005,0.050151,-0.105720,-0.816988,0.012918,27.000000,0.013045,13.874014,-0.158965,0.233932,-0.104720,0.087000,-0.001000,2,0,1,34,33,-0.037828,0.014079,-1.699387,0.305459,-0.614763,9.467628,-2.387784,0.012918,0.036268,7,1,0,0.000000,0,9.748444,0.000000,-0.107501,0,0.218843,0.000000,-0.022261,9.748444,0.218843,1,1,1,4.062781,0.000000,0.000000,0.000000,0.000000,0.000000,0.000000,0.000000
1.6101,13.857814,0.232193,-1.564437,-0.209440,-0.019330,-0.010344,0,0.218843,92,0.350031,0.090699,13.857814,-0.160012,9.843711,-1.564437,13.859344,9.929284,-1.564437,0.232193,-0.209440,0.012555,-0.499305,-45.762742,0.085573,-0.001000,0.000982,0.002015,-0.006597,0.000982,0.350031,0.090699,-9.803334,0.042105,0.084230,-0.210440,-0.834381,0.011759,27.000000,0.013045,13.859344,-0.160012,0.232398,-0.209440,0.087000,-0.001000,7,0,1,34,33,-0.052836,0.055659,-1.775715,-0.345769,-0.252701,9.547405,-2.405177,0.011759,0.036862,8,1,0,0.000000,0,9.763811,0.000000,-0.019330,0,0.218843,0.000000,-0.010344,9.763811,0.218843,1,1,1,4.062628,0.000000,0.000000,0.000000,0.000000,0.000000,0.000000,0.000000
1.6201,13.840591,0.230686,-1.620918,-0.209440,0.073370,-0.008621,0,0.218843,102,0.349713,0.100104,13.840591,-0.164096,9.826958,-1.620918,13.841991,9.912650,-1.620918,0.230686,-0.209440,0.012620,-0.499305,-45.762742,0.085692,0.000000,0.000851,0.002141,-0.000912,0.000851,0.349713,0.100104,-9.803254,-0.005979,-0.014066,-0.209440,-0.852491,0.010829,27.000000,0.013045,13.841991,-0.164096,0.230864,-0.209440,0.087000,0.000000,12,0,1,33,33,0.009148,-0.035343,-1.830058,-0.035837,-0.900964,10.172742,-2.423287,0.010829,0.037048,7,1,0,0.000000,0,9.780870,0.000000,0.073370,0,0.218843,0.000000,-0.008621,9.780870,0.218843,1,1,1,4.062470,0.000000,0.000000,0.000000,0.000000,0.000000,0.000000,0.000000
1.6301,13.833025,0.229044,-1.615231,-0.314159,0.157304,-0.003980,0,0.218843,112,0.349578,0.105121,13.833025,-0.084299,9.809834,-1.615231,13.834513,9.895528,-1.615231,0.229044,-0.314159,0.012590,-0.499305,-45.762742,0.085693,0.000000,0.000911,0.002021,0.002248,0.000911,0.349578,0.105121,-9.803206,0.040747,0.008566,-0.314159,-0.871236,0.010236,27.000000,0.013045,13.834513,-0.084299,0.229330,-0.314159,0.087000,0.000000,17,0,1,34,33,0.013334,0.015151,-1.929734,-0.412267,-0.000456,10.028418,-2.442032,0.010236,0.037148,7,1,0,0.000000,0,9.798820,0.000000,0.157304,0,0.218843,0.000000,-0.003980,9.798820,0.218843,1,1,1,4.062323,0.000000,0.000000,0.000000,0.000000,0.000000,0.000000,0.000000
1.6401,13.832837,0.225877,-1.571500,-0.418879,0.221210,0.017596,0,0.218843,122,0.350411,0.110856,13.832837,0.004503,9.793290,-1.571500,13.834321,9.879017,-1.571500,0.225877,-0.418879,0.012586,-0.499305,-45.762742,0.085727,0.003000,0.000919,0.001967,0.004457,0.000919,0.350411,0.110856,-9.803113,0.028392,-0.001288,-0.415879,-0.890892,0.009564,27.000000,0.013045,13.834321,0.004503,0.226262,-0.418879,0.087000,0.003000,22,0,1,34,33,0.015469,-0.001172,-1.987522,-0.623276,0.143567,9.972305,-2.461688,0.009564,0.037354,7,1,0,0.000000,0,9.816861,0.000000,0.221210,0,0.218843,0.000000,0.017596,9.816861,0.218843,1,1,1,4.062220,0.000000,0.000000,0.000000,0.000000,0.000000,0.000000,0.000000
1.6501,13.850849,0.220411,-1.520596,-0.523599,0.260822,0.051529,0,0.218843,132,0.350035,0.114457,13.850849,0.186611,9.778489,-1.520596,13.852249,9.864254,-1.520596,0.220411,-0.523599,0.012585,-0.499305,-45.762742,0.085765,0.007000,0.000921,0.002142,0.009285,0.000921,0.350035,0.114457,-9.803085,0.005616,-0.024362,-0.516599,-0.911104,0.008992,27.000000,0.013045,13.852249,0.186611,0.220893,-0.523599,0.087000,0.007000,27,0,1,34,33,0.024026,-0.032550,-2.036947,-0.094753,-0.536345,10.071092,-2.481900,0.008992,0.037379,7,1,0,0.000000,0,9.834193,0.000000,0.260822,0,0.218843,0.000000,0.051529,9.834193,0.218843,1,1,1,4.062198,0.000000,0.000000,0.000000,0.000000,0.000000,0.000000,0.000000
1.6601,13.885852,0.215608,-1.435275,-0.628319,0.318260,0.054499,0,0.218843,142,0.353151,0.117294,13.885852,0.363587,9.762834,-1.435275,13.887435,9.848546,-1.435275,0.215608,-0.628319,0.012502,-0.499305,-45.762742,0.085711,0.012000,0.001087,0.001990,0.010008,0.001087,0.353151,0.117294,-9.802940,0.118554,-0.007647,-0.616319,-0.931601,0.008515,27.000000,0.013045,13.887435,0.363587,0.216291,-0.628319,0.087000,0.012000,32,0,1,34,33,0.060195,0.076765,-2.052713,-0.882893,0.375861,9.735210,-2.502398,0.008515,0.037734,8,1,0,0.000000,0,9.850017,0.000000,0.318260,0,0.218843,0.000000,0.054499,9.850017,0.218843,1,1,1,4.062322,0.000000,0.000000,0.000000,0.000000,0.000000,0.000000,0.000000
1.6701,13.895652,0.201585,-1.008655,-1.466077,0.272349,0.174744,0,0.218843,152,0.385441,0.121935,13.895652,0.042412,9.753549,-1.008655,13.896832,9.839610,-1.008655,0.201585,-1.466077,0.012477,-0.499305,-45.762742,0.086061,0.009000,0.001137,0.001945,-0.002088,0.001137,0.385441,0.121935,-9.801667,0.298576,0.221997,-1.457077,-0.954557,0.008156,27.000000,0.013045,13.896832,0.042412,0.203253,-1.466077,0.087000,0.009000,37,0,1,34,33,-0.072545,0.334128,-2.470092,-5.282822,2.753298,12.177557,-2.525354,0.008156,0.040997,7,1,0,0.000000,0,9.863531,0.000000,0.272349,0,0.218843,0.000000,0.174744,9.863531,0.218843,1,1,1,4.072524,0.000000,0.000000,0.000000,0.000000,0.000000,0.000000,0.000000
1.6801,13.872886,0.191309,-0.802753,-1.047198,0.313907,0.157830,0,0.218843,162,0.370604,0.189196,13.872886,-0.187658,9.741604,-0.802753,13.873821,9.828039,-0.802753,0.191309,-1.047198,0.019585,0.417095,32.984708,0.086435,0.006000,0.001151,0.001954,-0.001997,0.001151,0.370604,0.189196,-9.801171,-0.207149,-0.259412,-1.041198,-0.976420,0.007818,27.000000,0.019105,13.873821,-0.187658,0.192515,-1.047198,0.087000,0.006000,42,0,1,34,33,0.141808,-0.336214,-1.837718,2.690165,-1.948857,9.187801,-2.547216,0.007818,0.040769,7,1,0,0.000000,0,9.874132,0.000000,0.313907,0,0.218843,0.000000,0.157830,9.874132,0.218843,1,1,1,4.072733,0.000000,0.000000,0.000000,0.000000,0.000000,0.000000,0.000000
1.6901,13.869683,0.178695,-0.379791,-1.256637,0.236770,0.206442,0,0.218843,172,0.363922,0.193424,13.869683,-0.040317,9.736805,-0.379791,13.870179,9.823591,-0.379791,0.178695,-1.256637,0.019619,0.417095,32.984708,0.086787,0.021000,0.001232,0.001984,0.001142,0.001232,0.363922,0.193424,-9.801339,-0.029390,0.188764,-1.235637,-0.993451,0.006794,27.000000,0.019105,13.870179,-0.040317,0.180243,-1.256637,0.087000,0.021000,47,0,1,33,33,-0.182967,0.023242,-1.616195,-0.387491,-2.285182,9.182420,-2.564247,0.006794,0.040023,7,1,0,0.000000,0,9.881733,0.000000,0.236770,0,0.218843,0.000000,0.206442,9.881733,0.218843,1,1,1,4.072933,0.000000,0.000000,0.000000,0.000000,0.000000,0.000000,0.000000
1.7001,13.868026,0.169878,-0.359175,-0.942478,0.242388,0.186094,0,0.218843,182,0.383926,0.131303,13.868026,-0.029112,9.731019,-0.359175,13.868454,9.817684,-0.359175,0.169878,-0.942478,0.012539,-0.410508,-31.233189,0.086665,0.000000,0.001232,0.001988,0.000049,0.001232,0.383926,0.131303,-9.801605,0.062999,-0.004190,-0.942478,-1.008128,0.005953,27.000000,0.013045,13.868454,-0.029112,0.171039,-0.942478,0.087000,0.000000,52,0,1,34,33,0.030570,0.038918,-1.302243,-1.427416,1.277256,11.064632,-2.578924,0.005953,0.040848,7,1,0,0.000000,0,9.886334,0.000000,0.242388,0,0.218843,0.000000,0.186094,9.886334,0.218843,1,1,1,4.073142,0.000000,0.000000,0.000000,0.000000,0.000000,0.000000,0.000000
1.7101,13.863071,0.163241,-0.181617,-0.837758,0.212574,0.177574,0,0.218843,192,0.382268,0.195867,13.863071,-0.050580,9.727309,-0.181617,13.863275,9.813012,-0.181617,0.163241,-0.837758,0.019593,0.456493,39.066939,0.085703,-0.018000,0.001068,0.001982,-0.000611,0.001068,0.382268,0.195867,-9.800592,0.025946,-0.130202,-0.855758,-1.019470,0.006207,27.000000,0.019105,13.863275,-0.050580,0.164136,-0.837758,0.086000,-0.018000,57,0,1,34,33,0.128936,-0.051958,-1.036556,-4.176600,0.215390,7.865222,-2.590266,0.006207,0.041707,8,1,0,0.000000,0,9.887935,0.000000,0.212574,0,0.218843,0.000000,0.177574,9.887935,0.218843,1,1,1,4.073351,0.000000,0.000000,0.000000,0.000000,0.000000,0.000000,0.000000
1.7201,13.860516,0.155467,0.075595,-0.733038,0.145851,0.204494,0,0.218843,202,0.371648,0.191123,13.860516,-0.016860,9.725018,0.075595,13.860399,9.811946,0.075595,0.155467,-0.733038,0.019727,0.456493,39.066939,0.086928,-0.013000,0.001363,0.002009,-0.000407,0.001363,0.371648,0.191123,-9.801094,-0.114286,0.009625,-0.746038,-1.028319,0.006329,27.000000,0.019105,13.860399,-0.016860,0.156466,-0.733038,0.087000,-0.013000,62,0,1,33,33,-0.056603,-0.112956,-0.668345,-1.094300,0.295699,9.246176,-2.599115,0.006329,0.040456,7,1,0,0.000000,0,9.886536,0.000000,0.145851,0,0.218843,0.000000,0.204494,9.886536,0.218843,1,1,1,4.073561,0.000000,0.000000,0.000000,0.000000,0.000000,0.000000,0.000000
1.7301,13.860530,0.149751,0.111719,-0.418879,0.086322,0.195350,0,0.218843,212,0.363940,0.195698,13.860530,-0.004503,9.725815,0.111719,13.860399,9.812785,0.111719,0.149751,-0.418879,0.019737,0.456493,39.066939,0.086970,0.000000,0.001384,0.001990,-0.000535,0.001384,0.363940,0.195698,-9.801293,-0.028827,0.020926,-0.418879,-1.033169,0.005530,27.000000,0.019105,13.860399,-0.004503,0.150330,-0.418879,0.087000,0.000000,67,0,1,34,33,-0.030975,-0.023649,-0.306753,0.131513,0.626685,10.379609,-2.603966,0.005530,0.039671,7,1,0,0.000000,0,9.882137,0.000000,0.086322,0,0.218843,0.000000,0.195350,9.882137,0.218843,1,1,1,4.073765,0.000000,0.000000,0.000000,0.000000,0.000000,0.000000,0.000000
1.7401,13.860488,0.148307,0.339084,-0.314159,0.049137,0.155505,0,0.218843,222,0.384601,0.126450,13.860488,-0.003560,9.725744,0.339084,13.860015,9.812850,0.339084,0.148307,-0.314159,0.012273,-0.495715,-45.806175,0.087106,0.002000,0.001557,0.001993,-0.000345,0.001557,0.384601,0.126450,-9.801642,0.107572,0.035874,-0.312159,-1.034522,0.005308,27.000000,0.013045,13.860015,-0.003560,0.148796,-0.314159,0.087000,0.002000,72,0,1,34,33,0.011670,0.113116,0.025538,-3.329530,-0.280046,9.305929,-2.605318,0.005308,0.040691,7,1,0,0.000000,0,9.874738,0.000000,0.049137,0,0.218843,0.000000,0.155505,9.874738,0.218843,1,1,1,4.073971,0.000000,0.000000,0.000000,0.000000,0.000000,0.000000,0.000000
1.7501,13.860530,0.148029,0.254764,0.000000,-0.023416,0.144407,0,0.218843,232,0.376732,0.195508,13.860530,0.001466,9.727622,0.254764,13.860303,9.814717,0.254764,0.148029,0.000000,0.019411,0.337631,19.598508,0.087095,0.000000,0.000907,0.001995,-0.000342,0.000907,0.376732,0.195508,-9.800814,-0.079904,0.016380,0.000000,-1.032952,0.005347,27.000000,0.019105,13.860303,0.001466,0.148029,0.000000,0.087000,0.000000,77,0,1,34,33,-0.047847,-0.061101,0.255998,-2.296271,0.207362,10.153695,-2.603748,0.005347,0.040934,7,1,0,0.000000,0,9.864339,0.000000,-0.023416,0,0.218843,0.000000,0.144407,9.864339,0.218843,1,1,1,4.074159,0.000000,0.000000,0.000000,0.000000,0.000000,0.000000,0.000000
1.7601,13.859657,0.150446,0.414100,0.104720,-0.080452,0.112629,0,0.218843,242,0.366012,0.200041,13.859657,-0.012776,9.729065,0.414100,13.859248,9.816293,0.414100,0.150446,0.104720,0.019478,0.337631,19.598508,0.087228,0.000000,0.001104,0.001975,-0.001081,0.001104,0.366012,0.200041,-9.801128,-0.153519,-0.034042,0.104720,-1.028942,0.004892,27.000000,0.019105,13.859248,-0.012776,0.150330,0.104720,0.087000,0.000000,82,0,1,34,33,-0.032740,-0.143668,0.521717,-0.497933,-0.407071,9.651030,-2.599738,0.004892,0.039956,7,1,0,0.000000,0,9.850940,0.000000,-0.080452,0,0.218843,0.000000,0.112629,9.850940,0.218843,1,1,1,4.074354,0.000000,0.000000,0.000000,0.000000,0.000000,0.000000,0.000000
1.7701,13.852008,0.154603,0.459989,0.314159,-0.160012,0.086903,0,0.218843,252,0.360894,0.129037,13.852008,-0.080215,9.731831,0.459989,13.851387,9.819003,0.459989,0.154603,0.314159,0.012342,-0.504311,-46.489760,0.087172,-0.004000,0.001395,0.001972,-0.002990,0.001395,0.360894,0.129037,-9.802510,-0.115658,-0.051310,0.310159,-1.022059,0.005001,27.000000,0.013045,13.851387,-0.080215,0.154165,0.314159,0.087000,-0.004000,87,0,1,34,33,-0.002810,-0.116983,0.771651,0.237855,-0.254037,9.681757,-2.592855,0.005001,0.038385,7,1,0,0.000000,0,9.834541,0.000000,-0.160012,0,0.218843,0.000000,0.086903,9.834541,0.218843,1,1,1,4.074528,0.000000,0.000000,0.000000,0.000000,0.000000,0.000000,0.000000
1.7801,13.840876,0.161643,0.260160,0.628319,-0.212867,0.043999,0,0.218843,6,0.349901,0.130214,13.840876,-0.140639,9.732729,0.260160,13.840649,9.819932,0.260160,0.161643,0.628319,0.012583,-0.504311,-46.489760,0.087204,-0.004000,0.000916,0.001998,-0.000487,0.000916,0.349901,0.130214,-9.802893,-0.070530,-0.024464,0.624319,-1.014094,0.005214,27.000000,0.013045,13.840649,-0.140639,0.161068,0.628319,0.087000,-0.004000,92,0,1,34,33,-0.009238,-0.062944,0.885341,1.185195,-0.379247,9.795960,-2.584890,0.005214,0.037348,8,1,0,0.000000,0,9.815142,0.000000,-0.212867,0,0.218843,0.000000,0.043999,9.815142,0.218843,1,1,1,4.074648,0.000000,0.000000,0.000000,0.000000,0.000000,0.000000,0.000000
1.7901,13.803077,0.169897,0.161396,0.837758,-0.295234,0.015360,0,0.218843,16,0.344910,0.123866,13.803077,-0.348298,9.734489,0.161396,13.802779,9.821472,0.161396,0.169897,0.837758,0.012347,-0.504311,-46.489760,0.086983,-0.003000,0.001383,0.001996,-0.009399,0.001383,0.344910,0.123866,-9.803152,-0.016431,-0.066771,0.834758,-1.004318,0.005839,27.000000,0.013045,13.802779,-0.348298,0.168738,0.837758,0.087000,-0.003000,97,0,1,34,33,0.050534,-0.034330,0.996654,0.784396,-0.750141,9.610135,-2.575115,0.005839,0.036797,7,1,0,0.000000,0,9.792877,0.000000,-0.295234,0,0.218843,0.000000,0.015360,9.792877,0.218843,1,1,1,4.074693,0.000000,0.000000,0.000000,0.000000,0.000000,0.000000,0.000000
1.8001,13.752906,0.179740,0.034936,0.942478,-0.347645,-0.020230,0,0.218843,26,0.341100,0.119095,13.752906,-0.518049,9.734223,0.034936,13.752827,9.821212,0.034936,0.179740,0.942478,0.012493,-0.504311,-46.489760,0.086989,-0.001000,0.001094,0.001999,-0.012749,0.001094,0.341100,0.119095,-9.803345,-0.046195,-0.053674,0.941478,-0.994761,0.006756,27.000000,0.013045,13.752827,-0.518049,0.178709,0.942478,0.087000,-0.001000,102,0,1,34,33,0.020666,-0.055530,0.977184,1.406248,0.303105,11.085399,-2.565558,0.006756,0.036390,7,1,0,0.000000,0,9.768412,0.000000,-0.347645,0,0.218843,0.000000,-0.020230,9.768412,0.218843,1,1,1,4.074586,0.000000,0.000000,0.000000,0.000000,0.000000,0.000000,0.000000
1.8101,13.730033,0.197250,-0.257451,1.570796,-0.360252,-0.131912,0,0.218843,36,0.313171,0.115293,13.730033,-0.179490,9.729835,-0.257451,13.730392,9.816569,-0.257451,0.197250,1.570796,0.012263,-0.504311,-46.489760,0.086734,-0.005000,0.001550,0.002081,0.002136,0.001550,0.313171,0.115293,-9.804322,-0.135088,-0.152411,1.565796,-0.981891,0.006988,27.000000,0.013045,13.730392,-0.179490,0.194816,1.570796,0.087000,-0.005000,107,0,1,34,33,0.048647,-0.181706,1.310672,3.843447,-1.390429,5.050169,-2.552687,0.006988,0.033615,8,1,0,0.000000,0,9.742549,0.000000,-0.360252,0,0.218843,0.000000,-0.131912,9.742549,0.218843,1,1,1,4.070836,0.000000,0.000000,0.000000,0.000000,0.000000,0.000000,0.000000
1.8201,13.738893,0.208765,-0.476803,1.151917,-0.451268,-0.094993,0,0.218843,46,0.318702,0.118531,13.738893,0.053617,9.728897,-0.476803,13.739405,9.815375,-0.476803,0.208765,1.151917,0.012311,-0.504311,-46.489760,0.086478,-0.010000,0.001456,0.001933,0.001137,0.001456,0.318702,0.118531,-9.804105,0.171812,0.284472,1.141917,-0.971572,0.007216,27.000000,0.013045,13.739405,0.053617,0.207088,1.151917,0.087000,-0.010000,112,0,1,33,33,-0.135640,0.311555,0.661329,-0.391961,-0.335232,10.034636,-2.542369,0.007216,0.034294,7,1,0,0.000000,0,9.716086,0.000000,-0.451268,0,0.218843,0.000000,-0.094993,9.716086,0.218843,1,1,1,4.070628,0.000000,0.000000,0.000000,0.000000,0.000000,0.000000,0.000000
1.8301,13.732131,0.217877,-0.700293,0.942478,-0.447186,-0.089186,0,0.218843,56,0.332280,0.130575,13.732131,-0.066916,9.723402,-0.700293,13.732693,9.809830,-0.700293,0.217877,0.942478,0.012607,-0.504311,-46.489760,0.086429,-0.025000,0.000869,0.002001,-0.001167,0.000869,0.332280,0.130575,-9.803501,-0.000670,-0.088722,0.917478,-0.967992,0.006925,27.000000,0.013045,13.732693,-0.066916,0.217058,0.942478,0.087000,-0.025000,117,0,1,34,33,0.071668,-0.049563,0.217827,-0.082649,0.784729,9.184754,-2.538789,0.006925,0.035957,7,1,0,0.000000,0,9.689824,0.000000,-0.447186,0,0.218843,0.000000,-0.089186,9.689824,0.218843,1,1,1,4.070437,0.000000,0.000000,0.000000,0.000000,0.000000,0.000000,0.000000
1.8401,13.726073,0.226158,-0.746012,0.733038,-0.452650,-0.097442,0,0.218843,66,0.329074,0.120768,13.726073,-0.058748,9.715937,-0.746012,13.726749,9.802289,-0.746012,0.226158,0.733038,0.012589,-0.504311,-46.489760,0.086351,-0.007000,0.000904,0.002020,0.000495,0.000904,0.329074,0.120768,-9.803735,-0.002305,-0.106745,0.726038,-0.967288,0.008106,27.000000,0.013045,13.726749,-0.058748,0.225495,0.733038,0.087000,-0.007000,122,0,1,34,33,0.084423,-0.065611,-0.019149,2.047890,-1.508763,9.143952,-2.538084,0.008106,0.035460,7,1,0,0.000000,0,9.664562,0.000000,-0.452650,0,0.218843,0.000000,-0.097442,9.664562,0.218843,1,1,1,4.070232,0.000000,0.000000,0.000000,0.000000,0.000000,0.000000,0.000000
1.8501,13.723613,0.228900,-0.716408,0.314159,-0.499678,-0.047535,0,0.218843,76,0.317886,0.187604,13.723613,-0.033196,9.710997,-0.716408,13.724352,9.797514,-0.716408,0.228900,0.314159,0.019445,0.316610,16.960073,0.086517,0.021000,0.001073,0.002023,0.000666,0.001073,0.317886,0.187604,-9.803053,0.056852,0.158789,0.335159,-0.969346,0.008160,27.000000,0.019105,13.724352,-0.033196,0.228563,0.314159,0.087000,0.021000,127,0,1,34,33,-0.093067,0.133218,-0.383911,0.926350,-0.536402,9.344403,-2.540142,0.008160,0.035907,7,1,0,0.000000,0,9.641102,0.000000,-0.499678,0,0.218843,0.000000,-0.047535,9.641102,0.218843,1,1,1,4.070034,0.000000,0.000000,0.000000,0.000000,0.000000,0.000000,0.000000
1.8601,13.718853,0.228563,-0.662060,0.000000,-0.500083,-0.016070,0,0.218843,86,0.343940,0.136167,13.718853,-0.045448,9.705770,-0.662060,13.719655,9.792242,-0.662060,0.228563,0.000000,0.012394,-0.526591,-49.370691,0.086473,0.020000,0.001235,0.001983,0.000099,0.001235,0.343940,0.136167,-9.803023,0.032786,0.069165,0.020000,-0.974883,0.006810,27.000000,0.013045,13.719655,-0.045448,0.228563,0.000000,0.087000,0.020000,132,0,1,34,33,-0.035431,0.059885,-0.642852,-0.467665,-0.329363,10.331331,-2.545680,0.006810,0.037303,7,1,0,0.000000,0,9.620226,0.000000,-0.500083,0,0.218843,0.000000,-0.016070,9.620226,0.218843,1,1,1,4.069843,0.000000,0.000000,0.000000,0.000000,0.000000,0.000000,0.000000
1.8701,13.714254,0.226724,-0.538162,-0.209440,-0.494273,0.002627,0,0.218843,96,0.348152,0.134472,13.714254,-0.050580,9.700287,-0.538162,13.715053,9.786869,-0.538162,0.226724,-0.209440,0.012278,-0.526591,-49.370691,0.086582,0.006000,0.001456,0.002013,0.000017,0.001456,0.348152,0.134472,-9.802898,0.049618,-0.054574,-0.203440,-0.982098,0.006890,27.000000,0.013045,13.715053,-0.050580,0.227029,-0.209440,0.087000,0.006000,137,0,1,34,33,0.073471,-0.002607,-0.741626,-0.402720,0.668079,10.877339,-2.552895,0.006890,0.037672,6,1,0,0.000000,0,9.602332,0.000000,-0.494273,0,0.218843,0.000000,0.002627,9.602332,0.218843,1,1,1,4.069653,0.000000,0.000000,0.000000,0.000000,0.000000,0.000000,0.000000
1.8801,13.709661,0.226156,-0.577066,-0.104720,-0.471274,-0.008943,0,0.218843,106,0.341531,0.130917,13.709661,-0.047543,9.694013,-0.577066,13.710259,9.780493,-0.577066,0.226156,-0.104720,0.012511,-0.526591,-49.370691,0.086480,-0.004000,0.001015,0.001971,0.000118,0.001015,0.341531,0.130917,-9.803179,-0.015329,-0.090965,-0.108720,-0.989059,0.007303,27.000000,0.013045,13.710259,-0.047543,0.226262,-0.104720,0.087000,-0.004000,142,0,1,34,33,0.062892,-0.076059,-0.684888,1.205004,0.116707,10.681437,-2.559855,0.007303,0.036930,7,1,0,0.000000,0,9.587439,0.000000,-0.471274,0,0.218843,0.000000,-0.008943,9.587439,0.218843,1,1,1,4.069479,0.000000,0.000000,0.000000,0.000000,0.000000,0.000000,0.000000
1.8901,13.703955,0.224452,-0.487552,-0.209440,-0.465135,0.005827,0,0.218843,116,0.338400,0.133653,13.703955,-0.059795,9.688651,-0.487552,13.704602,9.775186,-0.487552,0.224452,-0.209440,0.012311,-0.555885,-53.567828,0.086534,-0.006000,0.001321,0.001930,-0.000298,0.001321,0.338400,0.133653,-9.803251,-0.033166,0.075751,-0.215440,-0.996050,0.006698,27.000000,0.013045,13.704602,-0.059795,0.224728,-0.209440,0.087000,-0.006000,147,0,1,34,33,-0.080225,0.011400,-0.703185,0.676395,-0.106837,9.396410,-2.566847,0.006698,0.036671,7,1,0,0.000000,0,9.575546,0.000000,-0.465135,0,0.218843,0.000000,0.005827,9.575546,0.218843,1,1,1,4.069297,0.000000,0.000000,0.000000,0.000000,0.000000,0.000000,0.000000
1.9001,13.697040,0.223961,-0.688990,0.000000,-0.425787,-0.005333,0,0.218843,126,0.337051,0.139061,13.697040,-0.065973,9.682008,-0.688990,13.698083,9.768502,-0.688990,0.223961,0.000000,0.012206,-0.555885,-53.567828,0.086494,-0.001000,0.001509,0.002004,0.000046,0.001509,0.337051,0.139061,-9.803222,0.010692,0.028927,-0.001000,-1.003201,0.006007,27.000000,0.013045,13.698083,-0.065973,0.223961,0.000000,0.087000,-0.001000,152,0,1,34,33,-0.016189,0.017825,-0.690259,0.699192,-0.452688,10.302140,-2.573998,0.006007,0.036657,6,1,0,0.000000,0,9.566653,0.000000,-0.425787,0,0.218843,0.000000,-0.005333,9.566653,0.218843,1,1,1,4.069113,0.000000,0.000000,0.000000,0.000000,0.000000,0.000000,0.000000
1.9101,13.690954,0.223961,-0.766895,0.000000,-0.391188,-0.010236,0,0.218843,136,0.340792,0.143586,13.690954,-0.067963,9.675192,-0.766895,13.691755,9.761566,-0.766895,0.223961,0.000000,0.012456,-0.555885,-53.567828,0.086375,0.001000,0.001060,0.002018,-0.000035,0.001060,0.340792,0.143586,-9.803027,0.064235,0.019891,0.001000,-1.010133,0.005891,27.000000,0.013045,13.691755,-0.067963,0.223961,0.000000,0.087000,0.001000,157,0,1,34,33,0.024309,0.053153,-0.766616,-0.374204,-0.460959,9.373026,-2.580929,0.005891,0.037132,7,1,0,0.000000,0,9.560760,0.000000,-0.391188,0,0.218843,0.000000,-0.010236,9.560760,0.218843,1,1,1,4.068941,0.000000,0.000000,0.000000,0.000000,0.000000,0.000000,0.000000
1.9201,13.683164,0.223961,-0.832214,0.000000,-0.337897,-0.010236,0,0.218843,146,0.343796,0.143515,13.683164,-0.073094,9.666955,-0.832214,13.684373,9.753364,-0.832214,0.223961,0.000000,0.012240,-0.555885,-53.567828,0.086408,-0.001000,0.001449,0.001956,-0.000135,0.001449,0.343796,0.143515,-9.802923,0.008202,0.013724,-0.001000,-1.018329,0.005750,27.000000,0.013045,13.684373,-0.073094,0.223961,0.000000,0.087000,-0.001000,162,0,1,34,33,-0.005544,0.004797,-0.833336,-0.557789,0.168854,9.474940,-2.589126,0.005750,0.037429,6,1,0,0.000000,0,9.557867,0.000000,-0.337897,0,0.218843,0.000000,-0.010236,9.557867,0.218843,1,1,1,4.068760,0.000000,0.000000,0.000000,0.000000,0.000000,0.000000,0.000000
1.9301,13.675480,0.223071,-0.800435,-0.104720,-0.298263,0.000443,0,0.218843,156,0.341081,0.149716,13.675480,-0.084299,9.659388,-0.800435,13.676414,9.745743,-0.800435,0.223071,-0.104720,0.012392,-0.555885,-53.567828,0.086355,-0.006000,0.001174,0.001944,-0.000399,0.001174,0.341081,0.149716,-9.802926,-0.059172,0.024948,-0.110720,-1.026822,0.005192,27.000000,0.013045,13.676414,-0.084299,0.223194,-0.104720,0.087000,-0.006000,167,0,1,34,33,-0.056749,-0.041342,-0.910713,-0.084879,-0.377674,10.388517,-2.597618,0.005192,0.037293,7,1,0,0.000000,0,9.557974,0.000000,-0.298263,0,0.218843,0.000000,0.000443,9.557974,0.218843,1,1,1,4.068593,0.000000,0.000000,0.000000,0.000000,0.000000,0.000000,0.000000
1.9401,13.666140,0.222268,-0.850207,-0.104720,-0.230618,0.001180,0,0.218843,166,0.337898,0.154829,13.666140,-0.092572,9.650454,-0.850207,13.667402,9.736773,-0.850207,0.222268,-0.104720,0.012201,-0.555885,-53.567828,0.086319,-0.007000,0.001518,0.001937,-0.005470,0.001518,0.337898,0.154829,-9.802956,-0.012808,-0.006202,-0.111720,-1.036568,0.004391,27.000000,0.013045,13.667402,-0.092572,0.222427,-0.104720,0.087000,-0.007000,172,0,1,34,33,-0.003415,-0.025550,-0.961687,0.314215,-0.215748,9.682192,-2.607364,0.004391,0.037085,7,1,0,0.000000,0,9.561081,0.000000,-0.230618,0,0.218843,0.000000,0.001180,9.561081,0.218843,1,1,1,4.068418,0.000000,0.000000,0.000000,0.000000,0.000000,0.000000,0.000000
1.9501,13.657264,0.222427,-0.972758,0.000000,-0.165608,-0.008758,0,0.218843,176,0.334017,0.159895,13.657264,-0.093515,9.641153,-0.972758,13.658294,9.727399,-0.972758,0.222427,0.000000,0.012457,-0.555885,-53.567828,0.086246,-0.002000,0.001058,0.001976,-0.000031,0.001058,0.334017,0.159895,-9.803008,-0.000108,-0.023579,-0.002000,-1.045774,0.004062,27.000000,0.013045,13.658294,-0.093515,0.222427,0.000000,0.087000,-0.002000,177,0,1,34,33,0.017929,-0.027456,-0.974492,0.115207,-0.807519,9.580412,-2.616571,0.004062,0.036814,7,1,0,0.000000,0,9.567188,0.000000,-0.165608,0,0.218843,0.000000,-0.008758,9.567188,0.218843,1,1,1,4.068253,0.000000,0.000000,0.000000,0.000000,0.000000,0.000000,0.000000
1.9601,13.647651,0.222427,-1.011529,0.000000,-0.088507,-0.007168,0,0.218843,186,0.331991,0.158759,13.647651,-0.095609,9.630944,-1.011529,13.649090,9.717180,-1.011529,0.222427,0.000000,0.012244,-0.555885,-53.567828,0.086236,0.005000,0.001442,0.001977,0.000623,0.001442,0.331991,0.158759,-9.803095,0.014033,-0.025644,0.005000,-1.055989,0.003916,27.000000,0.013045,13.649090,-0.095609,0.222427,0.000000,0.087000,0.005000,182,0,1,34,33,0.028583,-0.018452,-1.006379,0.247194,0.067068,10.010385,-2.626785,0.003916,0.036587,7,1,0,0.000000,0,9.576295,0.000000,-0.088507,0,0.218843,0.000000,-0.007168,9.576295,0.218843,1,1,1,4.068074,0.000000,0.000000,0.000000,0.000000,0.000000,0.000000,0.000000
1.9701,13.642505,0.222427,-1.019315,0.000000,-0.019487,-0.007168,0,0.218843,196,0.327964,0.159720,13.642505,-0.100740,9.621087,-1.019315,13.643625,9.707430,-1.019315,0.222427,0.000000,0.012428,-0.555885,-53.567828,0.086343,0.010000,0.001110,0.002089,0.002125,0.001110,0.327964,0.159720,-9.803215,0.006098,-0.058132,0.010000,-1.065740,0.003915,27.000000,0.013045,13.643625,-0.100740,0.222427,0.000000,0.087000,0.010000,187,0,1,33,33,0.047823,-0.046149,-1.008819,0.466514,0.163984,9.915796,-2.636537,0.003915,0.036208,6,1,0,0.000000,0,9.588402,0.000000,-0.019487,0,0.218843,0.000000,-0.007168,9.588402,0.218843,1,1,1,4.067912,0.000000,0.000000,0.000000,0.000000,0.000000,0.000000,0.000000
1.9801,13.626426,0.223194,-1.076740,0.000000,0.074543,-0.016372,0,0.218843,206,0.323857,0.159536,13.626426,-0.114982,9.610286,-1.076740,13.627422,9.696487,-1.076740,0.223194,0.000000,0.012527,-0.555885,-53.567828,0.086201,0.008000,0.000932,0.002019,-0.000834,0.000932,0.323857,0.159536,-9.803355,0.000581,-0.029340,0.008000,-1.075919,0.003967,27.000000,0.013045,13.627422,-0.114982,0.223194,0.000000,0.087000,0.008000,192,0,1,34,33,0.022176,-0.032607,-1.068415,0.600962,-0.186908,9.682669,-2.646716,0.003967,0.035802,7,1,0,0.000000,0,9.603509,0.000000,0.074543,0,0.218843,0.000000,-0.016372,9.603509,0.218843,1,1,1,4.067747,0.000000,0.000000,0.000000,0.000000,0.000000,0.000000,0.000000
1.9901,13.618697,0.223194,-1.146430,0.000000,0.169446,-0.008702,0,0.218843,216,0.323456,0.158165,13.618697,-0.057701,9.598761,-1.146430,13.620424,9.684902,-1.146430,0.223194,0.000000,0.012200,-0.555885,-53.567828,0.086141,0.000000,0.001520,0.001999,0.001378,0.001520,0.323456,0.158165,-9.803390,0.026771,0.020611,0.000000,-1.087498,0.003768,27.000000,0.013045,13.620424,-0.057701,0.223194,0.000000,0.087000,0.000000,197,0,1,34,33,0.002886,0.019674,-1.146756,0.195516,0.696228,9.394596,-2.658294,0.003768,0.035731,7,1,0,0.000000,0,9.621541,0.000000,0.169446,0,0.218843,0.000000,-0.008702,9.621541,0.218843,1,1,1,4.067574,0.000000,0.000000,0.000000,0.000000,0.000000,0.000000,0.000000
2.0001,13.621444,0.222144,-1.042353,-0.209440,0.247577,0.003903,0,0.218843,226,0.326167,0.165438,13.621444,0.029112,9.587857,-1.042353,13.622820,9.674078,-1.042353,0.222144,-0.209440,0.012428,-0.455731,-36.999414,0.086222,-0.003000,0.001353,0.001875,0.003672,0.001353,0.326167,0.165438,-9.803180,0.022998,0.054582,-0.212440,-1.099356,0.003296,27.000000,0.013045,13.622820,0.029112,0.222427,-0.209440,0.087000,-0.003000,1,0,1,34,33,-0.024915,0.038135,-1.255363,-0.220634,-0.162199,9.969495,-2.670152,0.003296,0.036155,7,1,0,0.000000,0,9.641909,0.000000,0.247577,0,0.218843,0.000000,0.003903,9.641909,0.218843,1,1,1,4.067440,0.000000,0.000000,0.000000,0.000000,0.000000,0.000000,0.000000
2.0101,13.641000,0.219131,-1.098880,-0.209440,0.314286,0.029554,0,0.218843,236,0.329695,0.171314,13.641000,0.200957,9.578272,-1.098880,13.642187,9.664432,-1.098880,0.219131,-0.209440,0.012548,-0.455731,-36.999414,0.086160,-0.002000,0.001091,0.001987,0.008888,0.001091,0.329695,0.171314,-9.802961,0.033421,0.039436,-0.211440,-1.111999,0.002799,27.000000,0.013045,13.642187,0.200957,0.219359,-0.209440,0.087000,-0.002000,6,0,1,34,33,-0.007851,0.034648,-1.310857,-0.185599,0.887751,10.133195,-2.682795,0.002799,0.036609,7,1,0,0.000000,0,9.663815,0.000000,0.314286,0,0.218843,0.000000,0.029554,9.663815,0.218843,1,1,1,4.067375,0.000000,0.000000,0.000000,0.000000,0.000000,0.000000,0.000000
2.0201,13.681157,0.215081,-0.956557,-0.418879,0.383493,0.048021,0,0.218843,246,0.333961,0.179554,13.681157,0.408616,9.568717,-0.956557,13.682168,9.655015,-0.956557,0.215081,-0.418879,0.012563,-0.455731,-36.999414,0.086298,0.002000,0.001058,0.001997,0.013491,0.001058,0.333961,0.179554,-9.802670,0.048864,0.081606,-0.416879,-1.125436,0.001938,27.000000,0.013045,13.682168,0.408616,0.215524,-0.418879,0.087000,0.002000,11,0,1,34,33,-0.033524,0.071753,-1.374446,-1.187297,-0.280897,9.470011,-2.696233,0.001938,0.037174,7,1,0,0.000000,0,9.686458,0.000000,0.383493,0,0.218843,0.000000,0.048021,9.686458,0.218843,1,1,1,4.067440,0.000000,0.000000,0.000000,0.000000,0.000000,0.000000,0.000000
2.0301,13.711089,0.203522,-0.631881,-1.256637,0.387060,0.146230,0,0.218843,255,0.362466,0.187254,13.711089,0.273528,9.564171,-0.631881,13.711697,9.650581,-0.631881,0.203522,-1.256637,0.012587,-0.455731,-36.999414,0.086410,0.007000,0.001006,0.002043,0.002548,0.001006,0.362466,0.187254,-9.801513,0.333709,0.274645,-1.249637,-1.141397,0.001350,27.000000,0.013045,13.711697,0.273528,0.204787,-1.256637,0.087000,0.007000,16,0,1,34,33,-0.025490,0.407726,-1.886799,-5.897614,3.594185,12.204747,-2.712193,0.001350,0.040055,7,1,0,0.000000,0,9.709039,0.000000,0.387060,0,0.218843,0.000000,0.146230,9.709039,0.218843,1,1,1,4.073624,0.000000,0.000000,0.000000,0.000000,0.000000,0.000000,0.000000
2.0401,13.694143,0.191190,-0.292461,-1.151917,0.439509,0.178629,0,0.218843,9,0.375332,0.192468,13.694143,-0.143676,9.558596,-0.292461,13.694536,9.645417,-0.292461,0.191190,-1.151917,0.012567,-0.415267,-31.299784,0.086821,0.007000,0.001150,0.001977,-0.002595,0.001150,0.375332,0.192468,-9.800928,-0.106397,-0.307387,-1.144917,-1.158863,0.000565,27.000000,0.013045,13.694536,-0.143676,0.192515,-1.151917,0.087000,0.007000,21,0,1,34,33,0.184566,-0.285890,-1.433899,-0.826601,-1.841258,6.506875,-2.729659,0.000565,0.041303,7,1,0,0.000000,0,9.730758,0.000000,0.439509,0,0.218843,0.000000,0.178629,9.730758,0.218843,1,1,1,4.073851,0.000000,0.000000,0.000000,0.000000,0.000000,0.000000,0.000000
2.0501,13.690746,0.179131,0.200502,-1.361357,0.422068,0.200013,0,0.218843,18,0.351612,0.259482,13.690746,-0.023981,9.557467,0.200502,13.690509,9.644524,0.200502,0.179131,-1.361357,0.019650,0.394966,30.064671,0.087058,0.022000,0.001380,0.002119,0.000607,0.001380,0.351612,0.259482,-9.800262,-0.110651,0.045402,-1.339357,-1.171837,-0.000008,27.000000,0.019105,13.690509,-0.023981,0.181010,-1.361357,0.087000,0.022000,26,0,1,34,33,-0.101596,-0.085478,-1.137395,0.167127,-1.861429,9.742123,-2.742633,-0.000008,0.039992,7,1,0,0.000000,0,9.750814,0.000000,0.422068,0,0.218843,0.000000,0.200013,9.750814,0.218843,1,1,1,4.074053,0.000000,0.000000,0.000000,0.000000,0.000000,0.000000,0.000000
2.0601,13.695871,0.167933,0.350890,-1.047198,0.398378,0.213800,0,0.218843,26,0.362441,0.193395,13.695871,0.042412,9.559518,0.350890,13.695398,9.646640,0.350890,0.167933,-1.047198,0.012348,-0.464515,-39.181733,0.087121,0.014000,0.001501,0.002014,0.000048,0.001501,0.362441,0.193395,-9.801395,-0.036699,0.038336,-1.033198,-1.180864,-0.000924,27.000000,0.013045,13.695398,0.042412,0.169505,-1.047198,0.087000,0.014000,31,0,1,34,33,-0.052439,-0.016584,-0.682155,-1.402066,2.581957,11.508430,-2.751660,-0.000924,0.039732,7,1,0,0.000000,0,9.768412,0.000000,0.398378,0,0.218843,0.000000,0.213800,9.768412,0.218843,1,1,1,4.074256,0.000000,0.000000,0.000000,0.000000,0.000000,0.000000,0.000000
2.0701,13.694924,0.163421,0.218154,-0.523599,0.422969,0.155966,0,0.218843,33,0.367349,0.191844,13.694924,-0.004503,9.559194,0.218154,13.694631,9.646327,0.218154,0.163421,-0.523599,0.012411,-0.464515,-39.181733,0.087133,-0.013000,0.001366,0.004104,-0.001210,0.001366,0.367349,0.191844,-9.801242,0.012096,-0.114969,-0.536599,-1.185693,-0.000803,27.000000,0.013045,13.694631,-0.004503,0.164136,-0.523599,0.087000,-0.013000,36,0,1,34,33,0.101405,-0.059456,-0.317731,-2.726875,-0.987089,8.504869,-2.756489,-0.000803,0.040140,6,1,0,0.000000,0,9.783051,0.000000,0.422969,0,0.218843,0.000000,0.155966,9.783051,0.218843,1,1,1,4.074462,0.000000,0.000000,0.000000,0.000000,0.000000,0.000000,0.000000
2.0801,13.695847,0.160617,0.474946,-0.418879,0.391433,0.144489,0,0.218843,43,0.350139,0.250816,13.695847,0.007645,9.560906,0.474946,13.695303,9.648134,0.474946,0.160617,-0.418879,0.019545,0.409174,32.227475,0.087227,-0.018000,0.001076,0.001999,-0.000879,0.001076,0.350139,0.250816,-9.800540,-0.082379,-0.063265,-0.436879,-1.186751,-0.000001,27.000000,0.019105,13.695303,0.007645,0.161068,-0.418879,0.087000,-0.018000,41,0,1,34,33,0.005499,-0.102959,0.040087,-1.253576,-0.001380,10.066143,-2.757547,-0.000001,0.039332,6,1,0,0.000000,0,9.794690,0.000000,0.391433,0,0.218843,0.000000,0.144489,9.794690,0.218843,1,1,1,4.074660,0.000000,0.000000,0.000000,0.000000,0.000000,0.000000,0.000000
2.0901,13.696777,0.160301,0.409286,0.000000,0.363265,0.120245,0,0.218843,53,0.333331,0.252646,13.696777,0.011729,9.563716,0.409286,13.696165,9.650927,0.409286,0.160301,0.000000,0.019757,0.409174,32.227475,0.087210,-0.010000,0.001594,0.002013,-0.000546,0.001594,0.333331,0.252646,-9.801080,-0.121559,-0.095311,-0.010000,-1.184276,-0.000258,27.000000,0.019105,13.696165,0.011729,0.160301,0.000000,0.087000,-0.010000,46,0,1,34,33,0.001381,-0.150332,0.387266,0.414672,0.266629,8.567365,-2.755313,-0.000271,0.037756,7,1,0,0.000000,0,9.803329,0.000000,0.363265,0,0.218843,0.000000,0.120245,9.803329,0.218843,1,1,1,4.074868,0.000000,0.000000,0.000000,0.000000,0.000000,0.000000,0.000000
2.1001,13.697915,0.162602,0.497294,0.000000,0.344923,0.089472,0,0.218843,63,0.343602,0.181567,13.697915,0.011729,9.565974,0.497294,13.697220,9.653222,0.497294,0.162602,0.000000,0.012517,-0.385616,-27.100725,0.087248,0.000000,0.001369,0.002016,-0.000685,0.001369,0.343602,0.181567,-9.802299,0.053100,0.032448,0.000000,-1.179659,-0.000086,27.000000,0.013045,13.697220,0.011729,0.162602,0.000000,0.087000,0.000000,51,0,1,34,33,0.003318,0.068360,0.496478,-1.235820,-0.353059,9.115148,-2.750455,-0.000086,0.037569,6,1,0,0.000000,0,9.808968,0.000000,0.344923,0,0.218843,0.000000,0.089472,9.808968,0.218843,1,1,1,4.075054,0.000000,0.000000,0.000000,0.000000,0.000000,0.000000,0.000000
2.1101,13.699258,0.165890,0.388539,0.209440,0.318112,0.073025,0,0.218843,73,0.346936,0.177481,13.699258,0.019897,9.568075,0.388539,13.698850,9.655310,0.388539,0.165890,0.209440,0.012640,-0.385616,-27.100725,0.087234,-0.002000,0.001051,0.001996,-0.000110,0.001051,0.346936,0.177481,-9.802257,0.001793,-0.010692,0.207440,-1.174305,0.000627,27.000000,0.013045,13.698850,0.019897,0.165670,0.209440,0.087000,-0.002000,56,0,1,34,33,0.009820,0.002938,0.595989,-1.282554,1.449820,11.812954,-2.745102,0.000627,0.037877,7,1,0,0.000000,0,9.811607,0.000000,0.318112,0,0.218843,0.000000,0.073025,9.811607,0.218843,1,1,1,4.075235,0.000000,0.000000,0.000000,0.000000,0.000000,0.000000,0.000000
2.1201,13.701683,0.169839,0.398498,0.209440,0.278014,0.058518,0,0.218843,83,0.334138,0.247642,13.701683,0.025028,9.570559,0.398498,13.701055,9.657830,0.398498,0.169839,0.209440,0.019850,0.466781,40.767033,0.087272,-0.003000,0.001595,0.002010,-0.000232,0.001595,0.334138,0.247642,-9.801180,-0.068531,-0.007516,0.206440,-1.167864,0.000711,27.000000,0.019105,13.701055,0.025028,0.169505,0.209440,0.087000,-0.003000,61,0,1,33,33,-0.032815,-0.048612,0.606022,-0.921220,0.150242,9.417094,-2.738660,0.000711,0.037847,7,1,0,0.000000,0,9.811246,0.000000,0.278014,0,0.218843,0.000000,0.058518,9.811246,0.218843,1,1,1,4.075431,0.000000,0.000000,0.000000,0.000000,0.000000,0.000000,0.000000
2.1301,13.703824,0.172130,0.429628,0.209440,0.221044,0.070524,0,0.218843,93,0.341174,0.177151,13.703824,0.023981,9.574443,0.429628,13.703164,9.661618,0.429628,0.172130,0.209440,0.012409,-0.412049,-31.663529,0.087176,-0.001000,0.001544,0.001988,-0.000248,0.001544,0.341174,0.177151,-9.802465,-0.048242,0.022120,0.208440,-1.161755,0.000565,27.000000,0.013045,13.703164,0.023981,0.171806,0.209440,0.087000,-0.001000,66,0,1,34,33,-0.045645,-0.019157,0.638354,-0.329020,0.313349,9.399979,-2.732551,0.000565,0.037366,6,1,0,0.000000,0,9.807885,0.000000,0.221044,0,0.218843,0.000000,0.070524,9.807885,0.218843,1,1,1,4.075612,0.000000,0.000000,0.000000,0.000000,0.000000,0.000000,0.000000
2.1401,13.707875,0.175152,0.439726,0.209440,0.175478,0.057157,0,0.218843,103,0.338789,0.178249,13.707875,0.043459,9.577744,0.439726,13.707287,9.665012,0.439726,0.175152,0.209440,0.012498,-0.412049,-31.663529,0.087267,0.000000,0.001328,0.002125,0.000149,0.001328,0.338789,0.178249,-9.802528,-0.017384,0.007165,0.209440,-1.155340,0.000615,27.000000,0.013045,13.707287,0.043459,0.174874,0.209440,0.087000,0.000000,71,0,1,34,33,-0.015775,-0.002118,0.649243,0.221513,-0.530030,10.348904,-2.726136,0.000615,0.037182,7,1,0,0.000000,0,9.801524,0.000000,0.175478,0,0.218843,0.000000,0.057157,9.801524,0.218843,1,1,1,4.075790,0.000000,0.000000,0.000000,0.000000,0.000000,0.000000,0.000000
2.1501,13.711766,0.177379,0.466033,0.209440,0.111768,0.060659,0,0.218843,113,0.343439,0.178277,13.711766,0.043459,9.581852,0.466033,13.711314,9.669089,0.466033,0.177379,0.209440,0.012643,-0.412049,-31.663529,0.087237,0.009000,0.000975,0.001984,-0.000035,0.000975,0.343439,0.178277,-9.802365,0.052113,-0.012311,0.218440,-1.149044,0.000924,27.000000,0.013045,13.711314,0.043459,0.177175,0.209440,0.087000,0.009000,76,0,1,34,33,0.039686,0.044600,0.683964,-0.882035,-0.098702,9.443330,-2.719840,0.000924,0.037675,6,1,0,0.000000,0,9.792163,0.000000,0.111768,0,0.218843,0.000000,0.060659,9.792163,0.218843,1,1,1,4.075961,0.000000,0.000000,0.000000,0.000000,0.000000,0.000000,0.000000
2.1601,13.717770,0.177942,0.672155,0.000000,0.019315,0.076174,0,0.218843,123,0.344369,0.170769,13.717770,0.058748,9.588198,0.672155,13.716970,9.675631,0.672155,0.177942,0.000000,0.012567,-0.412049,-31.663529,0.087432,0.011000,0.001160,0.001935,0.002316,0.001160,0.344369,0.170769,-9.802466,-0.006510,-0.021514,0.011000,-1.141963,0.001639,27.000000,0.013045,13.716970,0.058748,0.177942,0.000000,0.087000,0.011000,81,0,1,34,33,0.014127,-0.008897,0.683321,-0.136984,0.827695,10.352743,-2.712760,0.001639,0.037640,7,1,0,0.000000,0,9.779802,0.000000,0.019315,0,0.218843,0.000000,0.076174,9.779802,0.218843,1,1,1,4.076140,0.000000,0.000000,0.000000,0.000000,0.000000,0.000000,0.000000
2.1701,13.724219,0.179476,0.721317,0.000000,-0.042981,0.063395,0,0.218843,133,0.346543,0.168823,13.724219,0.062832,9.593837,0.721317,13.723394,9.681213,0.721317,0.179476,0.000000,0.012581,-0.374735,-25.954071,0.087376,0.003000,0.001239,0.002120,0.000156,0.001239,0.346543,0.168823,-9.802424,-0.002416,0.019961,0.003000,-1.134856,0.001945,27.000000,0.013045,13.723394,0.062832,0.179476,0.000000,0.087000,0.003000,86,0,1,34,33,-0.017909,0.018253,0.724145,-0.147443,0.408006,9.487181,-2.705652,0.001945,0.037839,6,1,0,0.000000,0,9.764441,0.000000,-0.042981,0,0.218843,0.000000,0.063395,9.764441,0.218843,1,1,1,4.076323,0.000000,0.000000,0.000000,0.000000,0.000000,0.000000,0.000000
2.1801,13.726438,0.180243,0.807587,0.000000,-0.133699,0.069531,0,0.218843,143,0.336918,0.235842,13.726438,0.019897,9.600335,0.807587,13.725599,9.687865,0.807587,0.180243,0.000000,0.019554,0.427141,34.020696,0.087530,-0.006000,0.001051,0.001984,-0.001762,0.001051,0.336918,0.235842,-9.801376,0.006134,0.020531,-0.006000,-1.127465,0.002044,27.000000,0.019105,13.725599,0.019897,0.180243,0.000000,0.087000,-0.006000,91,0,1,34,33,-0.013632,0.032203,0.801111,-0.663130,0.329583,9.620044,-2.698261,0.002044,0.038107,7,1,0,0.000000,0,9.746080,0.000000,-0.133699,0,0.218843,0.000000,0.069531,9.746080,0.218843,1,1,1,4.076493,0.000000,0.000000,0.000000,0.000000,0.000000,0.000000,0.000000
2.1901,13.719797,0.182679,0.755732,0.104720,-0.212285,0.047968,0,0.218843,153,0.346920,0.166606,13.719797,-0.067963,9.606485,0.755732,13.718888,9.693919,0.755732,0.182679,0.104720,0.012403,-0.497270,-45.916304,0.087434,-0.011000,0.001290,0.002002,-0.003136,0.001290,0.346920,0.166606,-9.802448,-0.036488,0.014757,0.093720,-1.118951,0.002118,27.000000,0.013045,13.718888,-0.067963,0.182544,0.104720,0.087000,-0.011000,96,0,1,34,33,-0.032783,-0.011243,0.849657,0.266647,-0.141517,9.864745,-2.689747,0.002118,0.037870,7,1,0,0.000000,0,9.724741,0.000000,-0.212285,0,0.218843,0.000000,0.047968,9.724741,0.218843,1,1,1,4.076638,0.000000,0.000000,0.000000,0.000000,0.000000,0.000000,0.000000
2.2001,13.696747,0.184250,0.691392,0.209440,-0.308380,0.053481,0,0.218843,163,0.347825,0.168977,13.696747,-0.240855,9.613485,0.691392,13.696165,9.700868,0.691392,0.184250,0.209440,0.012637,-0.497270,-45.916304,0.087382,-0.012000,0.000820,0.001991,-0.008031,0.000820,0.347825,0.168977,-9.802375,0.005127,0.023098,0.197440,-1.110433,0.002190,27.000000,0.013045,13.696165,-0.240855,0.184078,0.209440,0.087000,-0.012000,101,0,1,34,33,-0.015737,0.028898,0.888537,-0.461274,-0.023394,9.559205,-2.681229,0.002190,0.038021,7,1,0,0.000000,0,9.700854,0.000000,-0.308380,0,0.218843,0.000000,0.053481,9.700854,0.218843,1,1,1,4.076708,0.000000,0.000000,0.000000,0.000000,0.000000,0.000000,0.000000
2.2101,13.654868,0.189137,0.526294,0.418879,-0.362586,0.010540,0,0.218843,173,0.347237,0.167382,13.654868,-0.434168,9.618123,0.526294,13.654267,9.705434,0.526294,0.189137,0.418879,0.012502,-0.497270,-45.916304,0.087312,-0.010000,0.001091,0.001982,-0.011924,0.001091,0.347237,0.167382,-9.802424,-0.017853,0.011318,0.408879,-1.100984,0.002390,27.000000,0.013045,13.654267,-0.434168,0.188680,0.418879,0.087000,-0.010000,106,0,1,34,33,-0.019967,0.004755,0.935186,0.462123,-0.320345,11.193365,-2.671780,0.002390,0.037982,7,1,0,0.000000,0,9.675208,0.000000,-0.362586,0,0.218843,0.000000,0.010540,9.675208,0.218843,1,1,1,4.076651,0.000000,0.000000,0.000000,0.000000,0.000000,0.000000,0.000000
2.2201,13.616801,0.199682,0.324234,1.047198,-0.384887,-0.067131,0,0.218843,183,0.330165,0.170445,13.616801,-0.356466,9.618759,0.324234,13.616493,9.705864,0.324234,0.199682,1.047198,0.012555,-0.497270,-45.916304,0.087105,-0.004000,0.000985,0.002101,-0.005003,0.000985,0.330165,0.170445,-9.802961,-0.247924,-0.185814,1.043198,-1.090004,0.002193,27.000000,0.013045,13.616493,-0.356466,0.198651,1.047198,0.087000,-0.004000,111,0,1,34,33,-0.023796,-0.291720,1.371202,3.150033,-3.572058,7.449112,-2.660801,0.002193,0.036442,7,1,0,0.000000,0,9.648601,0.000000,-0.384887,0,0.218843,0.000000,-0.067131,9.648601,0.218843,1,1,1,4.071462,0.000000,0.000000,0.000000,0.000000,0.000000,0.000000,0.000000
2.2301,13.629898,0.210363,0.120807,1.047198,-0.468100,-0.089847,0,0.218843,193,0.307404,0.163575,13.629898,0.100740,9.621566,0.120807,13.629723,9.708562,0.120807,0.210363,1.047198,0.012582,-0.497270,-45.916304,0.086996,0.000000,0.000930,0.001981,0.001201,0.000930,0.307404,0.163575,-9.803818,-0.064758,0.083247,1.047198,-1.076651,0.002811,27.000000,0.013045,13.629723,0.100740,0.209389,1.047198,0.087000,0.000000,116,0,1,34,33,-0.105300,0.020652,1.167837,1.494851,0.969697,12.872254,-2.647447,0.002811,0.034134,6,1,0,0.000000,0,9.621834,0.000000,-0.468100,0,0.218843,0.000000,-0.089847,9.621834,0.218843,1,1,1,4.071236,0.000000,0.000000,0.000000,0.000000,0.000000,0.000000,0.000000
2.2401,13.630576,0.219876,-0.310413,0.942478,-0.470709,-0.097201,0,0.218843,203,0.320448,0.176186,13.630576,-0.002513,9.620421,-0.310413,13.630970,9.707206,-0.310413,0.219876,0.942478,0.012368,-0.497270,-45.916304,0.086785,-0.016000,0.001362,0.001878,-0.000595,0.001362,0.320448,0.176186,-9.803182,-0.042602,-0.036794,0.926478,-1.068455,0.001957,27.000000,0.013045,13.630970,-0.002513,0.218592,0.942478,0.087000,-0.016000,121,0,1,34,33,-0.000793,-0.048662,0.616714,0.514953,-2.041910,7.328788,-2.639251,0.001957,0.035804,7,1,0,0.000000,0,9.595707,0.000000,-0.470709,0,0.218843,0.000000,-0.097201,9.595707,0.218843,1,1,1,4.071028,0.000000,0.000000,0.000000,0.000000,0.000000,0.000000,0.000000
2.2501,13.623656,0.229762,-0.460251,0.837758,-0.460825,-0.120695,0,0.218843,213,0.314296,0.157275,13.623656,-0.055711,9.615707,-0.460251,13.624259,9.702336,-0.460251,0.229762,0.837758,0.012333,-0.497270,-45.916304,0.086629,-0.012000,0.001431,0.002061,0.000418,0.001431,0.314296,0.157275,-9.803702,0.020735,-0.168284,0.825758,-1.063504,0.004012,27.000000,0.013045,13.624259,-0.055711,0.228563,0.837758,0.087000,-0.012000,126,0,1,34,33,0.137931,-0.094096,0.366695,1.890053,0.687595,10.170815,-2.634300,0.004012,0.034855,6,1,0,0.000000,0,9.571018,0.000000,-0.460825,0,0.218843,0.000000,-0.120695,9.571018,0.218843,1,1,1,4.070818,0.000000,0.000000,0.000000,0.000000,0.000000,0.000000,0.000000
2.2601,13.622172,0.235495,-0.464909,0.523599,-0.489440,-0.090634,0,0.218843,223,0.292303,0.219739,13.622172,-0.015813,9.612030,-0.464909,13.622820,9.698786,-0.464909,0.235495,0.523599,0.019725,0.407874,30.947340,0.086756,0.018000,0.001520,0.002003,0.000497,0.001520,0.292303,0.219739,-9.803182,0.012751,0.045428,0.541599,-1.061380,0.004884,27.000000,0.019105,13.622820,-0.015813,0.234699,0.523599,0.087000,0.018000,131,0,1,34,33,-0.024528,0.041812,0.075880,2.147879,0.143155,9.352027,-2.632177,0.004884,0.034207,6,1,0,0.000000,0,9.548568,0.000000,-0.489440,0,0.218843,0.000000,-0.090634,9.548568,0.218843,1,1,1,4.070611,0.000000,0.000000,0.000000,0.000000,0.000000,0.000000,0.000000
2.2701,13.619773,0.237102,-0.360905,0.104720,-0.504183,-0.052587,0,0.218843,233,0.315114,0.163618,13.619773,-0.026075,9.609433,-0.360905,13.620136,9.696199,-0.360905,0.237102,0.104720,0.012633,-0.423819,-33.784483,0.086767,0.023000,0.000973,0.001938,0.000099,0.000973,0.315114,0.163618,-9.803572,0.024816,0.153910,0.127720,-1.062296,0.003958,27.000000,0.013045,13.620136,-0.026075,0.237000,0.104720,0.087000,0.023000,136,0,1,34,33,-0.095144,0.120543,-0.234727,0.771107,-0.404049,8.685272,-2.633093,0.003958,0.035148,6,1,0,0.000000,0,9.529003,0.000000,-0.504183,0,0.218843,0.000000,-0.052587,9.529003,0.218843,1,1,1,4.070421,0.000000,0.000000,0.000000,0.000000,0.000000,0.000000,0.000000
2.2801,13.616237,0.237767,-0.491898,0.000000,-0.479873,-0.044499,0,0.218843,243,0.325317,0.166543,13.616237,-0.035186,9.605135,-0.491898,13.616780,9.691757,-0.491898,0.237767,0.000000,0.012557,-0.423819,-33.784483,0.086622,0.012000,0.001152,0.002076,0.000220,0.001152,0.325317,0.166543,-9.803190,0.088217,0.000021,0.012000,-1.066066,0.003860,27.000000,0.013045,13.616780,-0.035186,0.237767,0.000000,0.087000,0.012000,141,0,1,34,33,0.060676,0.058005,-0.480664,0.161475,0.460966,10.636365,-2.636862,0.003860,0.036236,7,1,0,0.000000,0,9.512437,0.000000,-0.479873,0,0.218843,0.000000,-0.044499,9.512437,0.218843,1,1,1,4.070218,0.000000,0.000000,0.000000,0.000000,0.000000,0.000000,0.000000
2.2901,13.612826,0.237767,-0.538217,0.000000,-0.457819,-0.037848,0,0.218843,253,0.325438,0.162259,13.612826,-0.034243,9.599895,-0.538217,13.613519,9.686457,-0.538217,0.237767,0.000000,0.012488,-0.423819,-33.784483,0.086562,-0.003000,0.001314,0.001937,0.000560,0.001314,0.325438,0.162259,-9.803258,0.035519,-0.038244,-0.003000,-1.071378,0.004218,27.000000,0.013045,13.613519,-0.034243,0.237767,0.000000,0.087000,-0.003000,146,0,1,34,33,0.052189,-0.007470,-0.541166,1.745222,0.128882,8.940092,-2.642174,0.004218,0.036145,7,1,0,0.000000,0,9.498872,0.000000,-0.457819,0,0.218843,0.000000,-0.037848,9.498872,0.218843,1,1,1,4.070023,0.000000,0.000000,0.000000,0.000000,0.000000,0.000000,0.000000
2.3001,13.608943,0.235900,-0.420295,-0.209440,-0.454919,-0.015441,0,0.218843,7,0.307192,0.236709,13.608943,-0.040317,9.595877,-0.420295,13.609588,9.682537,-0.420295,0.235900,-0.209440,0.019844,0.464194,40.043304,0.086660,-0.007000,0.001591,0.001968,-0.000507,0.001591,0.307192,0.236709,-9.802331,-0.044698,0.080079,-0.216440,-1.077184,0.003688,27.000000,0.019105,13.609588,-0.040317,0.236233,-0.209440,0.087000,-0.007000,151,0,1,34,33,-0.088743,0.010497,-0.637069,0.294556,-0.203958,9.500460,-2.647980,0.003688,0.036094,7,1,0,0.000000,0,9.488306,0.000000,-0.454919,0,0.218843,0.000000,-0.015441,9.488306,0.218843,1,1,1,4.069831,0.000000,0.000000,0.000000,0.000000,0.000000,0.000000,0.000000
2.3101,13.604446,0.234346,-0.379709,-0.314159,-0.420902,-0.015461,0,0.218843,17,0.324991,0.174403,13.604446,-0.047543,9.590979,-0.379709,13.604891,9.677675,-0.379709,0.234346,-0.314159,0.012482,-0.499820,-46.898749,0.086696,-0.004000,0.001126,0.001938,-0.000049,0.001126,0.324991,0.174403,-9.803064,0.007129,0.070912,-0.318159,-1.083538,0.002874,27.000000,0.013045,13.604891,-0.047543,0.234699,-0.314159,0.087000,-0.004000,156,0,1,34,33,-0.046106,0.045633,-0.698493,0.459928,-0.545962,10.100067,-2.654334,0.002874,0.036359,7,1,0,0.000000,0,9.480741,0.000000,-0.420902,0,0.218843,0.000000,-0.015461,9.480741,0.218843,1,1,1,4.069651,0.000000,0.000000,0.000000,0.000000,0.000000,0.000000,0.000000
2.3201,13.598982,0.232923,-0.552798,-0.209440,-0.377674,-0.013934,0,0.218843,27,0.329302,0.175091,13.598982,-0.053617,9.585139,-0.552798,13.599618,9.671678,-0.552798,0.232923,-0.209440,0.012467,-0.499820,-46.898749,0.086540,-0.002000,0.001156,0.002126,-0.000023,0.001156,0.329302,0.175091,-9.802908,0.077899,-0.020733,-0.211440,-1.090955,0.002840,27.000000,0.013045,13.599618,-0.053617,0.233165,-0.209440,0.087000,-0.002000,161,0,1,34,33,0.069159,0.031884,-0.764695,0.027724,0.225026,10.375505,-2.661751,0.002840,0.036790,7,1,0,0.000000,0,9.476094,0.000000,-0.377674,0,0.218843,0.000000,-0.013934,9.476094,0.218843,1,1,1,4.069462,0.000000,0.000000,0.000000,0.000000,0.000000,0.000000,0.000000
2.3301,13.592712,0.231470,-0.766575,-0.104720,-0.334435,-0.010718,0,0.218843,37,0.333325,0.173933,13.592712,-0.063879,9.578207,-0.766575,13.593865,9.664623,-0.766575,0.231470,-0.104720,0.012273,-0.499820,-46.898749,0.086416,0.000000,0.001544,0.002027,-0.000036,0.001544,0.333325,0.173933,-9.802793,0.015174,0.025683,-0.104720,-1.099461,0.002802,27.000000,0.013045,13.593865,-0.063879,0.231631,-0.104720,0.087000,0.000000,166,0,1,34,33,-0.007704,0.018122,-0.871582,-0.307522,-0.139705,9.692122,-2.670257,0.002802,0.037148,7,1,0,0.000000,0,9.473766,0.000000,-0.334435,0,0.218843,0.000000,-0.010718,9.473766,0.218843,1,1,1,4.069274,0.000000,0.000000,0.000000,0.000000,0.000000,0.000000,0.000000
2.3401,13.585623,0.229862,-0.693159,-0.209440,-0.309542,-0.005960,0,0.218843,47,0.330848,0.179363,13.585623,-0.073094,9.571324,-0.693159,13.586387,9.657800,-0.693159,0.229862,-0.209440,0.012483,-0.499820,-46.898749,0.086477,-0.006000,0.001124,0.001993,-0.000482,0.001124,0.330848,0.179363,-9.802779,-0.037100,0.019102,-0.215440,-1.107878,0.002356,27.000000,0.013045,13.586387,-0.073094,0.230097,-0.209440,0.087000,-0.006000,171,0,1,34,33,-0.039690,-0.024226,-0.908367,0.168666,0.678639,10.045190,-2.678674,0.002356,0.037013,7,1,0,0.000000,0,9.472958,0.000000,-0.309542,0,0.218843,0.000000,-0.005960,9.472958,0.218843,1,1,1,4.069097,0.000000,0.000000,0.000000,0.000000,0.000000,0.000000,0.000000
2.3501,13.578161,0.228411,-0.844206,-0.104720,-0.271840,-0.004625,0,0.218843,55,0.326464,0.185202,13.578161,-0.075084,9.563200,-0.844206,13.579388,9.649559,-0.844206,0.228411,-0.104720,0.012317,-0.499820,-46.898749,0.086359,-0.007000,0.001456,0.002086,0.000226,0.001456,0.326464,0.185202,-9.802817,-0.053081,0.012017,-0.111720,-1.117543,0.001456,27.000000,0.013045,13.579388,-0.075084,0.228563,-0.104720,0.087000,-0.007000,176,0,1,34,33,-0.046090,-0.040716,-0.955497,0.154784,-0.935810,9.904542,-2.688339,0.001456,0.036697,7,1,0,0.000000,0,9.472870,0.000000,-0.271840,0,0.218843,0.000000,-0.004625,9.472870,0.218843,1,1,1,4.068911,0.000000,0.000000,0.000000,0.000000,0.000000,0.000000,0.000000
2.3601,13.570325,0.227672,-0.871988,-0.104720,-0.250731,-0.010274,0,0.218843,65,0.322572,0.191508,13.570325,-0.081263,9.554746,-0.871988,13.571335,9.641001,-0.871988,0.227672,-0.104720,0.012454,-0.499820,-46.898749,0.086255,-0.004000,0.001183,0.002088,-0.000099,0.001183,0.322572,0.191508,-9.802825,0.003413,0.002291,-0.108720,-1.126822,0.000849,27.000000,0.013045,13.571335,-0.081263,0.227796,-0.104720,0.087000,-0.004000,181,0,1,34,33,0.000830,-0.008187,-0.980681,0.468456,-0.579020,9.678641,-2.697618,0.000849,0.036448,8,1,0,0.000000,0,9.472866,0.000000,-0.250731,0,0.218843,0.000000,-0.010274,9.472866,0.218843,1,1,1,4.068739,0.000000,0.000000,0.000000,0.000000,0.000000,0.000000,0.000000
2.3701,13.560119,0.227029,-0.974307,0.000000,-0.223560,-0.009941,0,0.218843,73,0.319671,0.192656,13.560119,-0.090478,9.545310,-0.974307,13.561652,9.631608,-0.974307,0.227029,0.000000,0.012261,-0.499820,-46.898749,0.086299,0.006000,0.001569,0.001987,-0.000841,0.001569,0.319671,0.192656,-9.802897,0.003523,-0.022185,0.006000,-1.136846,0.000452,27.000000,0.013045,13.561652,-0.090478,0.227029,0.000000,0.087000,0.006000,186,0,1,34,33,0.017929,-0.025404,-0.968068,0.238993,-0.522714,9.755622,-2.707643,0.000452,0.036178,7,1,0,0.000000,0,9.472866,0.000000,-0.223560,0,0.218843,0.000000,-0.009941,9.472866,0.218843,1,1,1,4.068557,0.000000,0.000000,0.000000,0.000000,0.000000,0.000000,0.000000
2.3801,13.550261,0.227029,-0.982738,0.000000,-0.204651,-0.016372,0,0.218843,82,0.314539,0.196034,13.550261,-0.109956,9.535890,-0.982738,13.551489,9.622206,-0.982738,0.227029,0.000000,0.012418,-0.499820,-46.898749,0.086315,0.016000,0.001255,0.002000,-0.000339,0.001255,0.314539,0.196034,-9.802996,-0.009198,-0.042103,0.016000,-1.146244,0.000156,27.000000,0.013045,13.551489,-0.109956,0.227029,0.000000,0.087000,0.016000,191,0,1,34,33,0.022223,-0.048926,-0.966205,0.633046,-0.974036,9.923610,-2.717040,0.000156,0.035746,7,1,0,0.000000,0,9.472866,0.000000,-0.204651,0,0.218843,0.000000,-0.016372,9.472866,0.218843,1,1,1,4.068384,0.000000,0.000000,0.000000,0.000000,0.000000,0.000000,0.000000
2.3901,13.539728,0.228563,-0.981975,0.000000,-0.169003,-0.034780,0,0.218843,89,0.308169,0.196805,13.539728,-0.105767,9.525089,-0.981975,13.540559,9.611399,-0.981975,0.228563,0.000000,0.012618,-0.499820,-46.898749,0.086310,0.014000,0.000854,0.004082,-0.000617,0.000854,0.308169,0.196805,-9.803183,0.034952,-0.032608,0.014000,-1.155521,0.000188,27.000000,0.013045,13.540559,-0.105767,0.228563,0.000000,0.087000,0.014000,196,0,1,34,33,0.047800,-0.012496,-0.967894,0.905624,0.327481,9.860303,-2.726318,0.000188,0.035150,7,1,0,0.000000,0,9.472866,0.000000,-0.169003,0,0.218843,0.000000,-0.034780,9.472866,0.218843,1,1,1,4.068210,0.000000,0.000000,0.000000,0.000000,0.000000,0.000000,0.000000
2.4001,13.529299,0.229330,-1.073492,0.000000,-0.142042,-0.028644,0,0.218843,99,0.306549,0.194279,13.529299,-0.104824,9.513916,-1.073492,13.530493,9.600147,-1.073492,0.229330,0.000000,0.012479,-0.499820,-46.898749,0.086231,0.003000,0.001133,0.002013,-0.000403,0.001133,0.306549,0.194279,-9.803284,0.029502,-0.032249,0.003000,-1.166010,0.000289,27.000000,0.013045,13.530493,-0.104824,0.229330,0.000000,0.087000,0.003000,0,0,1,34,33,0.043506,-0.017559,-1.070357,0.246285,-0.183092,9.357081,-2.736806,0.000289,0.034940,7,1,0,0.000000,0,9.472866,0.000000,-0.142042,0,0.218843,0.000000,-0.028644,9.472866,0.218843,1,1,1,4.068030,0.000000,0.000000,0.000000,0.000000,0.000000,0.000000,0.000000
2.4101,13.517353,0.229330,-1.153769,0.000000,-0.117947,-0.020974,0,0.218843,109,0.304317,0.193187,13.517353,-0.120114,9.502603,-1.153769,13.518892,9.588763,-1.153769,0.229330,0.000000,0.012372,-0.499820,-46.898749,0.086159,-0.006000,0.001347,0.002015,-0.000486,0.001347,0.304317,0.193187,-9.803375,0.022094,-0.005143,-0.006000,-1.177394,0.000239,27.000000,0.013045,13.518892,-0.120114,0.229330,0.000000,0.087000,-0.006000,5,0,1,34,33,0.019984,-0.003614,-1.159813,0.979826,0.620154,9.394341,-2.748191,0.000239,0.034693,7,1,0,0.000000,0,9.472866,0.000000,-0.117947,0,0.218843,0.000000,-0.020974,9.472866,0.218843,1,1,1,4.067851,0.000000,0.000000,0.000000,0.000000,0.000000,0.000000,0.000000
2.4201,13.505511,0.229330,-1.207753,0.000000,-0.085630,-0.020974,0,0.218843,119,0.301521,0.195020,13.505511,-0.122208,9.490463,-1.207753,13.507387,9.576582,-1.207753,0.229330,0.000000,0.012267,-0.499820,-46.898749,0.086119,-0.008000,0.001556,0.001939,-0.000158,0.001556,0.301521,0.195020,-9.803426,-0.015266,0.000691,-0.008000,-1.189565,-0.000112,27.000000,0.013045,13.507387,-0.122208,0.229330,0.000000,0.087000,-0.008000,10,0,1,34,33,-0.012030,-0.024337,-1.215546,0.784492,-0.279820,10.246510,-2.760362,-0.000112,0.034457,7,1,0,0.000000,0,9.472866,0.000000,-0.085630,0,0.218843,0.000000,-0.020974,9.472866,0.218843,1,1,1,4.067673,0.000000,0.000000,0.000000,0.000000,0.000000,0.000000,0.000000
2.4301,13.494808,0.229330,-1.296628,0.000000,-0.063396,-0.020974,0,0.218843,129,0.301234,0.203428,13.494808,-0.118124,9.478513,-1.296628,13.496074,9.564579,-1.296628,0.229330,0.000000,0.012552,-0.499820,-46.898749,0.086066,-0.007000,0.000987,0.001956,-0.000288,0.000987,0.301234,0.203428,-9.803263,0.020268,0.066177,-0.007000,-1.201552,-0.000669,27.000000,0.013045,13.496074,-0.118124,0.229330,0.000000,0.087000,-0.007000,15,0,1,34,33,-0.027074,0.047329,-1.304325,0.209093,-0.103064,9.845953,-2.772348,-0.000669,0.034624,7,1,0,0.000000,0,9.472866,0.000000,-0.063396,0,0.218843,0.000000,-0.020974,9.472866,0.218843,1,1,1,4.067511,0.000000,0.000000,0.000000,0.000000,0.000000,0.000000,0.000000
2.4401,13.483940,0.228294,-1.208124,-0.209440,-0.024530,-0.008540,0,0.218843,139,0.305572,0.210287,13.483940,-0.111945,9.465214,-1.208124,13.485624,9.551338,-1.208124,0.228294,-0.209440,0.012403,-0.499820,-46.898749,0.086124,-0.003000,0.001285,0.002102,-0.003405,0.001285,0.305572,0.210287,-9.802984,0.032532,0.078771,-0.212440,-1.215801,-0.001436,27.000000,0.013045,13.485624,-0.111945,0.228563,-0.209440,0.087000,-0.003000,20,0,1,34,33,-0.024991,0.063853,-1.421464,-0.586393,0.243802,9.600090,-2.786597,-0.001436,0.035199,7,1,0,0.000000,0,9.472866,0.000000,-0.024530,0,0.218843,0.000000,-0.008540,9.472866,0.218843,1,1,1,4.067344,0.000000,0.000000,0.000000,0.000000,0.000000,0.000000,0.000000
2.4501,13.473487,0.225900,-1.220568,-0.314159,-0.012166,0.009822,0,0.218843,149,0.308599,0.219183,13.473487,-0.112993,9.453118,-1.220568,13.474884,9.539273,-1.220568,0.225900,-0.314159,0.012469,-0.499820,-46.898749,0.086155,0.000000,0.001152,0.001925,0.000315,0.001152,0.308599,0.219183,-9.802695,-0.009094,0.055561,-0.314159,-1.230231,-0.002268,27.000000,0.013045,13.474884,-0.112993,0.226262,-0.314159,0.087000,0.000000,25,0,1,34,33,-0.042053,0.018295,-1.535074,-0.677637,-0.688943,10.011756,-2.801027,-0.002268,0.035670,7,1,0,0.000000,0,9.472866,0.000000,-0.012166,0,0.218843,0.000000,0.009822,9.472866,0.218843,1,1,1,4.067188,0.000000,0.000000,0.000000,0.000000,0.000000,0.000000,0.000000
2.4601,13.466608,0.222725,-1.300725,-0.314159,0.026552,0.023988,0,0.218843,159,0.309024,0.225250,13.466608,-0.063879,9.439931,-1.300725,13.468558,9.525993,-1.300725,0.222725,-0.314159,0.012299,-0.499820,-46.898749,0.086061,0.003000,0.001493,0.001987,0.001689,0.001493,0.309024,0.225250,-9.802544,0.006054,0.023541,-0.311159,-1.246658,-0.003146,27.000000,0.013045,13.468558,-0.063879,0.223194,-0.314159,0.087000,0.003000,30,0,1,34,33,-0.010040,0.002312,-1.612035,-0.756197,0.045166,10.191351,-2.817455,-0.003146,0.035802,7,1,0,0.000000,0,9.472866,0.000000,0.026552,0,0.218843,0.000000,0.023988,9.472866,0.218843,1,1,1,4.067038,0.000000,0.000000,0.000000,0.000000,0.000000,0.000000,0.000000
2.4701,13.464960,0.218056,-1.198322,-0.418879,0.027692,0.048264,0,0.218843,169,0.307699,0.231641,13.464960,-0.023981,9.428634,-1.198322,13.466447,9.514831,-1.198322,0.218056,-0.418879,0.012405,-0.499820,-46.898749,0.086196,0.007000,0.001280,0.001985,0.002131,0.001280,0.307699,0.231641,-9.802437,0.004094,0.000625,-0.411879,-1.262469,-0.003872,27.000000,0.013045,13.466447,-0.023981,0.218592,-0.418879,0.087000,0.007000,35,0,1,34,33,0.002789,-0.016912,-1.610115,-0.840283,-0.810979,9.819016,-2.833266,-0.003872,0.035739,7,1,0,0.000000,0,9.472866,0.000000,0.027692,0,0.218843,0.000000,0.048264,9.472866,0.218843,1,1,1,4.066923,0.000000,0.000000,0.000000,0.000000,0.000000,0.000000,0.000000
2.4801,13.467102,0.213561,-1.071519,-0.523599,0.052244,0.055523,0,0.218843,179,0.304991,0.235529,13.467102,0.014765,9.417271,-1.071519,13.467981,9.503483,-1.071519,0.213561,-0.523599,0.012635,-0.499820,-46.898749,0.086211,0.006000,0.000821,0.002151,0.003115,0.000821,0.304991,0.235529,-9.802429,0.012105,-0.019957,-0.517599,-1.278306,-0.004249,27.000000,0.013045,13.467981,0.014765,0.213991,-0.523599,0.087000,0.006000,40,0,1,34,33,0.022018,-0.027825,-1.588893,-0.105810,-0.284911,9.843921,-2.849102,-0.004249,0.035480,7,1,0,0.000000,0,9.472866,0.000000,0.052244,0,0.218843,0.000000,0.055523,9.472866,0.218843,1,1,1,4.066848,0.000000,0.000000,0.000000,0.000000,0.000000,0.000000,0.000000
2.4901,13.473230,0.209541,-1.051410,-0.418879,0.081581,0.058804,0,0.218843,189,0.302991,0.232409,13.473230,0.067963,9.405270,-1.051410,13.474790,9.491582,-1.051410,0.209541,-0.418879,0.012311,-0.499820,-46.898749,0.086312,0.007000,0.001468,0.001995,0.004014,0.001468,0.302991,0.232409,-9.802565,0.017734,-0.029798,-0.411879,-1.294224,-0.004445,27.000000,0.013045,13.474790,0.067963,0.210156,-0.418879,0.087000,0.007000,45,0,1,34,33,0.032730,-0.029468,-1.463037,-0.592746,-0.231808,10.169532,-2.865020,-0.004445,0.035146,7,1,0,0.000000,0,9.472866,0.000000,0.081581,0,0.218843,0.000000,0.058804,9.472866,0.218843,1,1,1,4.066823,0.000000,0.000000,0.000000,0.000000,0.000000,0.000000,0.000000
2.5001,13.485351,0.205869,-0.955109,-0.418879,0.085537,0.062664,0,0.218843,199,0.300048,0.235527,13.485351,0.124198,9.395090,-0.955109,13.486389,9.481334,-0.955109,0.205869,-0.418879,0.012506,-0.499820,-46.898749,0.086244,0.003000,0.001078,0.001894,0.005318,0.001078,0.300048,0.235527,-9.802581,0.021344,-0.002516,-0.415879,-1.308139,-0.004752,27.000000,0.013045,13.486389,0.124198,0.206321,-0.418879,0.087000,0.003000,50,0,1,34,33,0.017789,-0.005087,-1.371032,-0.470240,-0.157856,9.605700,-2.878935,-0.004752,0.034855,7,1,0,0.000000,0,9.472866,0.000000,0.085537,0,0.218843,0.000000,0.062664,9.472866,0.218843,1,1,1,4.066865,0.000000,0.000000,0.000000,0.000000,0.000000,0.000000,0.000000
2.5101,13.506406,0.202788,-1.001923,-0.314159,0.109352,0.062924,0,0.218843,209,0.300100,0.235179,13.506406,0.224519,9.384487,-1.001923,13.507866,9.470810,-1.001923,0.202788,-0.314159,0.012305,-0.499820,-46.898749,0.086323,0.001000,0.001480,0.001859,0.006364,0.001480,0.300100,0.235179,-9.802588,0.036230,0.007091,-0.313159,-1.321736,-0.005024,27.000000,0.013045,13.507866,0.224519,0.203253,-0.314159,0.087000,0.001000,55,0,1,34,33,0.022055,0.013421,-1.315347,-0.902249,0.141515,9.350026,-2.892532,-0.005024,0.034800,7,1,0,0.000000,0,9.472866,0.000000,0.109352,0,0.218843,0.000000,0.062924,9.472866,0.218843,1,1,1,4.067000,0.000000,0.000000,0.000000,0.000000,0.000000,0.000000,0.000000
2.5201,13.518946,0.194706,-0.647699,-0.837758,0.069688,0.129093,0,0.218843,219,0.315674,0.237045,13.518946,0.095609,9.378594,-0.647699,13.519659,9.465346,-0.647699,0.194706,-0.837758,0.012522,-0.499820,-46.898749,0.086752,0.000000,0.001047,0.001998,0.000619,0.001047,0.315674,0.237045,-9.802054,0.161032,0.150850,-0.837758,-1.335271,-0.004968,27.000000,0.013045,13.519659,0.095609,0.195583,-0.837758,0.087000,0.000000,60,0,1,34,33,0.013267,0.201634,-1.488098,-3.581994,2.090750,10.918279,-2.906067,-0.004968,0.036254,6,1,0,0.000000,0,9.472866,0.000000,0.069688,0,0.218843,0.000000,0.129093,9.472866,0.218843,1,1,1,4.070578,0.000000,0.000000,0.000000,0.000000,0.000000,0.000000,0.000000
2.5301,13.506149,0.186756,-0.359999,-0.837758,0.096108,0.143668,0,0.218843,229,0.310817,0.307225,13.506149,-0.106814,9.371783,-0.359999,13.506716,9.458590,-0.359999,0.186756,-0.837758,0.019666,0.406743,30.292038,0.086807,0.001000,0.001380,0.001938,-0.002068,0.001380,0.310817,0.307225,-9.800260,-0.057380,-0.143748,-0.836758,-1.349998,-0.005240,27.000000,0.019105,13.506716,-0.106814,0.187913,-0.837758,0.087000,0.001000,65,0,1,34,33,0.056435,-0.167628,-1.193692,-1.092280,0.201983,9.867312,-2.920794,-0.005240,0.036956,7,1,0,0.000000,0,9.472866,0.000000,0.096108,0,0.218843,0.000000,0.143668,9.472866,0.218843,1,1,1,4.070808,0.000000,0.000000,0.000000,0.000000,0.000000,0.000000,0.000000
2.5401,13.501754,0.178827,-0.201767,-0.837758,0.056990,0.159328,0,0.218843,239,0.308188,0.307242,13.501754,-0.048485,9.369332,-0.201767,13.501922,9.456220,-0.201767,0.178827,-0.837758,0.019420,0.406743,30.292038,0.086888,0.016000,0.000775,0.002022,0.000095,0.000775,0.308188,0.307242,-9.800343,-0.073304,0.079742,-0.821758,-1.360283,-0.005827,27.000000,0.019105,13.501922,-0.048485,0.179476,-0.837758,0.087000,0.016000,70,0,1,34,33,-0.108044,-0.012206,-1.023481,-0.896579,-0.721635,10.327110,-2.931079,-0.005827,0.036494,6,1,0,0.000000,0,9.472866,0.000000,0.056990,0,0.218843,0.000000,0.159328,9.472866,0.218843,1,1,1,4.071003,0.000000,0.000000,0.000000,0.000000,0.000000,0.000000,0.000000
2.5501,13.503428,0.171264,0.071300,-0.837758,0.057546,0.170788,0,0.218843,249,0.322529,0.245441,13.503428,0.007645,9.367195,0.071300,13.503360,9.454199,0.071300,0.171264,-0.837758,0.012333,-0.455495,-39.180098,0.087004,0.006000,0.001563,0.001987,0.000208,0.001563,0.322529,0.245441,-9.801624,0.007946,0.025487,-0.831758,-1.369802,-0.006726,27.000000,0.013045,13.503360,0.007645,0.172573,-0.837758,0.087000,0.006000,75,0,1,34,33,-0.011937,0.014499,-0.760694,-1.593277,0.915309,9.386063,-2.940599,-0.006726,0.036670,7,1,0,0.000000,0,9.472866,0.000000,0.057546,0,0.218843,0.000000,0.170788,9.472866,0.218843,1,1,1,4.071230,0.000000,0.000000,0.000000,0.000000,0.000000,0.000000,0.000000
2.5601,13.500041,0.166658,-0.054356,-0.418879,0.054121,0.150431,0,0.218843,3,0.324473,0.242369,13.500041,-0.032149,9.365880,-0.054356,13.500005,9.452800,-0.054356,0.166658,-0.418879,0.012451,-0.455495,-39.180098,0.086920,-0.010000,0.001304,0.001959,-0.000749,0.001304,0.324473,0.242369,-9.801636,0.004151,-0.107941,-0.428879,-1.375818,-0.006436,27.000000,0.013045,13.500005,-0.032149,0.167204,-0.418879,0.087000,-0.010000,80,0,1,34,33,0.077899,-0.080846,-0.482265,-2.421398,0.408686,10.107785,-2.946614,-0.006436,0.036725,7,1,0,0.000000,0,9.472866,0.000000,0.054121,0,0.218843,0.000000,0.150431,9.472866,0.218843,1,1,1,4.071439,0.000000,0.000000,0.000000,0.000000,0.000000,0.000000,0.000000
2.5701,13.499317,0.163679,0.269677,-0.418879,0.038532,0.140113,0,0.218843,13,0.309179,0.307549,13.499317,-0.007645,9.365790,0.269677,13.499046,9.452933,0.269677,0.163679,-0.418879,0.019506,0.367297,24.448669,0.087143,-0.012000,0.001090,0.002085,-0.000279,0.001090,0.309179,0.307549,-9.800302,-0.084625,-0.000029,-0.430879,-1.378706,-0.006306,27.000000,0.019105,13.499046,-0.007645,0.164136,-0.418879,0.087000,-0.012000,85,0,1,34,33,-0.060776,-0.062019,-0.160023,-1.340136,-0.338116,9.450196,-2.949502,-0.006306,0.036213,7,1,0,0.000000,0,9.472866,0.000000,0.038532,0,0.218843,0.000000,0.140113,9.472866,0.218843,1,1,1,4.071641,0.000000,0.000000,0.000000,0.000000,0.000000,0.000000,0.000000
2.5801,13.499638,0.161679,0.254980,-0.104720,0.016039,0.134337,0,0.218843,23,0.311698,0.240003,13.499638,-0.000419,9.367743,0.254980,13.499238,9.454919,0.254980,0.161679,-0.104720,0.012321,-0.483989,-43.230492,0.087176,-0.004000,0.001495,0.001987,-0.000965,0.001495,0.311698,0.240003,-9.802109,-0.044726,-0.056921,-0.108720,-1.378687,-0.006719,27.000000,0.013045,13.499238,-0.000419,0.161835,-0.104720,0.087000,-0.004000,90,0,1,34,33,0.007630,-0.070180,0.147137,-0.502674,0.828542,9.491176,-2.949483,-0.006719,0.035306,7,1,0,0.000000,0,9.472866,0.000000,0.016039,0,0.218843,0.000000,0.134337,9.472866,0.218843,1,1,1,4.071850,0.000000,0.000000,0.000000,0.000000,0.000000,0.000000,0.000000
2.5901,13.498939,0.163369,0.308398,0.000000,0.029057,0.094042,0,0.218843,33,0.311299,0.239218,13.498939,-0.006597,9.368256,0.308398,13.498567,9.455489,0.308398,0.163369,0.000000,0.012414,-0.483989,-43.230492,0.087232,0.002000,0.001303,0.001995,-0.000796,0.001303,0.311299,0.239218,-9.802141,0.028832,-0.014889,0.002000,-1.376434,-0.006494,27.000000,0.013045,13.498567,-0.006597,0.163369,0.000000,0.087000,0.002000,95,0,1,34,33,0.031071,0.013210,0.310258,-1.108534,-0.469838,10.061530,-2.947230,-0.006494,0.035284,7,1,0,0.000000,0,9.472866,0.000000,0.029057,0,0.218843,0.000000,0.094042,9.472866,0.218843,1,1,1,4.072042,0.000000,0.000000,0.000000,0.000000,0.000000,0.000000,0.000000
2.6001,13.498914,0.165670,0.485280,0.000000,0.011768,0.083336,0,0.218843,43,0.311100,0.234554,13.498914,-0.006597,9.370049,0.485280,13.498279,9.457404,0.485280,0.165670,0.000000,0.012403,-0.483989,-43.230492,0.087356,0.001000,0.001327,0.001973,-0.001294,0.001327,0.311100,0.234554,-9.802260,-0.036173,-0.020937,0.001000,-1.372234,-0.005958,27.000000,0.013045,13.498279,-0.006597,0.165670,0.000000,0.087000,0.001000,100,0,1,34,33,-0.011520,-0.034142,0.486741,-1.130298,0.634036,10.503279,-2.943030,-0.005958,0.035229,7,1,0,0.000000,0,9.472866,0.000000,0.011768,0,0.218843,0.000000,0.083336,9.472866,0.218843,1,1,1,4.072234,0.000000,0.000000,0.000000,0.000000,0.000000,0.000000,0.000000
2.6101,13.497740,0.169873,0.281929,0.314159,0.016682,0.055917,0,0.218843,53,0.290748,0.304689,13.497740,-0.006597,9.371482,0.281929,13.497416,9.458591,0.281929,0.169873,0.314159,0.019502,0.339513,20.532710,0.087109,-0.003000,0.001170,0.001944,-0.000550,0.001170,0.290748,0.304689,-9.800956,-0.102549,-0.038413,0.311159,-1.366881,-0.006114,27.000000,0.019105,13.497416,-0.006597,0.169505,0.314159,0.087000,-0.003000,105,0,1,34,33,-0.047721,-0.086978,0.594897,-0.328047,0.205458,9.619014,-2.937677,-0.006114,0.034470,6,1,0,0.000000,0,9.472866,0.000000,0.016682,0,0.218843,0.000000,0.055917,9.472866,0.218843,1,1,1,4.072416,0.000000,0.000000,0.000000,0.000000,0.000000,0.000000,0.000000
2.6201,13.497630,0.175169,0.329091,0.314159,0.019372,0.034384,0,0.218843,63,0.294870,0.242022,13.497630,-0.002513,9.372103,0.329091,13.497320,9.459356,0.329091,0.175169,0.314159,0.012619,-0.453817,-38.194285,0.087253,-0.008000,0.000939,0.001977,-0.000814,0.000939,0.294870,0.242022,-9.802580,-0.075544,-0.004286,0.306159,-1.360783,-0.006445,27.000000,0.013045,13.497320,-0.002513,0.174874,0.314159,0.087000,-0.008000,110,0,1,34,33,-0.052020,-0.046927,0.635893,0.632171,-0.970148,9.607825,-2.931579,-0.006445,0.033905,7,1,0,0.000000,0,9.472866,0.000000,0.019372,0,0.218843,0.000000,0.034384,9.472866,0.218843,1,1,1,4.072589,0.000000,0.000000,0.000000,0.000000,0.000000,0.000000,0.000000
2.6301,13.496983,0.180115,0.213140,0.418879,0.005325,0.027996,0,0.218843,73,0.293058,0.238952,13.496983,-0.004503,9.374116,0.213140,13.496649,9.461164,0.213140,0.180115,0.418879,0.012353,-0.453817,-38.194285,0.087048,-0.006000,0.001526,0.001998,-0.000563,0.001526,0.293058,0.238952,-9.802710,-0.007748,0.011722,0.412879,-1.354034,-0.006268,27.000000,0.013045,13.496649,-0.004503,0.179476,0.418879,0.087000,-0.006000,115,0,1,34,33,-0.013661,0.011022,0.625931,-0.131396,-0.562323,10.625892,-2.924830,-0.006268,0.033761,6,1,0,0.000000,0,9.472866,0.000000,0.005325,0,0.218843,0.000000,0.027996,9.472866,0.218843,1,1,1,4.072770,0.000000,0.000000,0.000000,0.000000,0.000000,0.000000,0.000000
2.6401,13.497093,0.185364,0.190414,0.418879,0.013330,0.014471,0,0.218843,83,0.294484,0.240059,13.497093,0.001466,9.374887,0.190414,13.496841,9.462003,0.190414,0.185364,0.418879,0.012483,-0.453817,-38.194285,0.087117,0.002000,0.001239,0.002001,-0.000494,0.001239,0.294484,0.240059,-9.802640,0.036055,-0.019459,0.420879,-1.347949,-0.006045,27.000000,0.013045,13.496841,0.001466,0.184845,0.418879,0.087000,0.002000,120,0,1,34,33,0.039693,0.017784,0.611118,0.152653,-0.643885,9.495946,-2.918745,-0.006045,0.034022,7,1,0,0.000000,0,9.472866,0.000000,0.013330,0,0.218843,0.000000,0.014471,9.472866,0.218843,1,1,1,4.072932,0.000000,0.000000,0.000000,0.000000,0.000000,0.000000,0.000000
2.6501,13.496879,0.189064,0.141760,0.418879,-0.003615,0.022557,0,0.218843,93,0.295337,0.236796,13.496879,-0.000419,9.376958,0.141760,13.496745,9.464115,0.141760,0.189064,0.418879,0.012629,-0.453817,-38.194285,0.087157,0.008000,0.000917,0.001997,-0.000418,0.000917,0.295337,0.236796,-9.802694,0.032073,-0.014248,0.426879,-1.342154,-0.005430,27.000000,0.013045,13.496745,-0.000419,0.188680,0.418879,0.087000,0.008000,125,0,1,34,33,0.033276,0.018333,0.568453,0.148209,0.392694,9.190536,-2.912951,-0.005430,0.034113,7,1,0,0.000000,0,9.472866,0.000000,-0.003615,0,0.218843,0.000000,0.022557,9.472866,0.218843,1,1,1,4.073088,0.000000,0.000000,0.000000,0.000000,0.000000,0.000000,0.000000
2.6601,13.496656,0.193784,0.180860,0.314159,0.008147,0.002921,0,0.218843,103,0.296502,0.229973,13.496656,-0.000419,9.377769,0.180860,13.496361,9.464895,0.180860,0.193784,0.314159,0.012320,-0.453817,-38.194285,0.087126,0.005000,0.001598,0.001999,-0.000450,0.001598,0.296502,0.229973,-9.802821,0.007531,-0.009447,0.319159,-1.336668,-0.004872,27.000000,0.013045,13.496361,-0.000419,0.193282,0.314159,0.087000,0.005000,130,0,1,34,33,0.011925,0.004220,0.500005,0.572272,-0.026845,9.885237,-2.907465,-0.004872,0.034180,7,1,0,0.000000,0,9.472866,0.000000,0.008147,0,0.218843,0.000000,0.002921,9.472866,0.218843,1,1,1,4.073250,0.000000,0.000000,0.000000,0.000000,0.000000,0.000000,0.000000
2.6701,13.496376,0.196634,0.226816,0.209440,-0.006482,0.015916,0,0.218843,113,0.298894,0.228597,13.496376,-0.004503,9.379633,0.226816,13.496074,9.466763,0.226816,0.196634,0.209440,0.012429,-0.453817,-38.194285,0.087131,-0.004000,0.001357,0.002008,-0.000421,0.001357,0.298894,0.228597,-9.802781,0.032669,-0.003817,0.205440,-1.331958,-0.004480,27.000000,0.013045,13.496074,-0.004503,0.196350,0.209440,0.087000,-0.004000,135,0,1,34,33,0.026826,0.024403,0.431985,-0.348557,0.682367,9.719497,-2.902755,-0.004480,0.034441,6,1,0,0.000000,0,9.472866,0.000000,-0.006482,0,0.218843,0.000000,0.015916,9.472866,0.218843,1,1,1,4.073395,0.000000,0.000000,0.000000,0.000000,0.000000,0.000000,0.000000
2.6801,13.496746,0.199701,0.140401,0.209440,0.005153,0.007612,0,0.218843,123,0.298317,0.228450,13.496746,0.006597,9.380275,0.140401,13.496553,9.467351,0.140401,0.199701,0.209440,0.012431,-0.453817,-38.194285,0.087076,-0.008000,0.001354,0.001894,-0.000085,0.001354,0.298317,0.228450,-9.802802,-0.012497,-0.006176,0.201440,-1.328306,-0.004370,27.000000,0.013045,13.496553,0.006597,0.199418,0.209440,0.087000,-0.008000,140,0,1,34,33,-0.005185,-0.008689,0.341975,0.389127,0.158505,9.580727,-2.899103,-0.004370,0.034432,7,1,0,0.000000,0,9.472866,0.000000,0.005153,0,0.218843,0.000000,0.007612,9.472866,0.218843,1,1,1,4.073538,0.000000,0.000000,0.000000,0.000000,0.000000,0.000000,0.000000
2.6901,13.496167,0.201065,0.203687,0.104720,-0.012229,0.021916,0,0.218843,133,0.298156,0.230092,13.496167,-0.006597,9.382142,0.203687,13.495978,9.469289,0.203687,0.201065,0.104720,0.012553,-0.453817,-38.194285,0.087147,-0.007000,0.001084,0.002004,-0.000628,0.001084,0.298156,0.230092,-9.802768,-0.024948,0.011918,0.097720,-1.325004,-0.004368,27.000000,0.013045,13.495978,-0.006597,0.200952,0.104720,0.087000,-0.007000,145,0,1,34,33,-0.026548,-0.003938,0.301480,-0.068192,-0.140872,9.797541,-2.895800,-0.004368,0.034472,7,1,0,0.000000,0,9.472866,0.000000,-0.012229,0,0.218843,0.000000,0.021916,9.472866,0.218843,1,1,1,4.073675,0.000000,0.000000,0.000000,0.000000,0.000000,0.000000,0.000000
2.7001,13.496393,0.203591,0.030949,0.209440,0.004820,0.005245,0,0.218843,143,0.297562,0.229419,13.496393,0.004503,9.382461,0.030949,13.496266,9.469484,0.030949,0.203591,0.209440,0.012312,-0.453817,-38.194285,0.087023,0.000000,0.001616,0.001976,-0.000310,0.001616,0.297562,0.229419,-9.802802,0.001989,0.035863,0.209440,-1.322279,-0.004467,27.000000,0.013045,13.496266,0.004503,0.203253,0.209440,0.087000,0.000000,150,0,1,34,33,-0.011661,0.031118,0.240033,0.761799,0.602226,10.063950,-2.893220,-0.004458,0.034427,6,1,0,0.000000,0,9.472866,0.000000,0.004820,0,0.218843,0.000000,0.005245,9.472866,0.218843,1,1,1,4.073815,0.000000,0.000000,0.000000,0.000000,0.000000,0.000000,0.000000
2.7101,13.496678,0.204787,0.163831,0.000000,-0.002813,0.016158,0,0.218843,153,0.300879,0.233683,13.496678,-0.001466,9.383160,0.163831,13.496457,9.470282,0.163831,0.204787,0.000000,0.012475,-0.453817,-38.194285,0.087122,0.000000,0.001255,0.001993,-0.000573,0.001255,0.300879,0.233683,-9.802600,0.010490,0.042319,0.000000,-1.320277,-0.004619,27.000000,0.013045,13.496457,-0.001466,0.204787,0.000000,0.087000,0.000000,155,0,1,34,33,-0.020232,0.040662,0.163337,-0.421382,-0.454368,9.612323,-2.891073,-0.004619,0.034881,7,1,0,0.000000,0,9.472866,0.000000,-0.002813,0,0.218843,0.000000,0.016158,9.472866,0.218843,1,1,1,4.073944,0.000000,0.000000,0.000000,0.000000,0.000000,0.000000,0.000000
2.7201,13.496672,0.205554,0.104791,0.000000,-0.000407,0.018909,0,0.218843,163,0.301719,0.236238,13.496672,0.004503,9.383675,0.104791,13.496553,9.470747,0.104791,0.205554,0.000000,0.012554,-0.453817,-38.194285,0.087072,0.001000,0.001083,0.002135,-0.000133,0.001083,0.301719,0.236238,-9.802513,-0.002912,0.030445,0.001000,-1.319040,-0.004752,27.000000,0.013045,13.496553,0.004503,0.205554,0.000000,0.087000,0.001000,160,0,1,34,33,-0.022364,0.022189,0.105520,0.082987,0.290912,9.687133,-2.889836,-0.004752,0.035032,6,1,0,0.000000,0,9.472866,0.000000,-0.000407,0,0.218843,0.000000,0.018909,9.472866,0.218843,1,1,1,4.074071,0.000000,0.000000,0.000000,0.000000,0.000000,0.000000,0.000000
2.7301,13.496849,0.205554,0.070491,0.000000,-0.005360,0.026579,0,0.218843,173,0.302185,0.235348,13.496849,0.000419,9.384489,0.070491,13.496745,9.471547,0.070491,0.205554,0.000000,0.012373,-0.453817,-38.194285,0.087057,0.000000,0.001481,0.001997,-0.000226,0.001481,0.302185,0.235348,-9.802520,-0.031661,-0.008516,0.000000,-1.318236,-0.004834,27.000000,0.013045,13.496745,0.000419,0.205554,0.000000,0.087000,0.000000,165,0,1,34,33,-0.018054,-0.026494,0.070824,-0.113507,-0.688639,10.012126,-2.889033,-0.004834,0.035060,7,1,0,0.000000,0,9.472866,0.000000,-0.005360,0,0.218843,0.000000,0.026579,9.472866,0.218843,1,1,1,4.074204,0.000000,0.000000,0.000000,0.000000,0.000000,0.000000,0.000000
2.7401,13.496605,0.206321,0.036893,0.000000,0.006587,0.017375,0,0.218843,183,0.299290,0.235396,13.496605,-0.000419,9.384184,0.036893,13.496553,9.471218,0.036893,0.206321,0.000000,0.012459,-0.453817,-38.194285,0.087033,0.002000,0.001291,0.002005,-0.000079,0.001291,0.299290,0.235396,-9.802608,0.006031,-0.020670,0.002000,-1.317803,-0.004786,27.000000,0.013045,13.496553,-0.000419,0.206321,0.000000,0.087000,0.002000,170,0,1,34,33,0.018209,-0.011006,0.039033,0.514732,0.105696,9.991806,-2.888600,-0.004786,0.034785,6,1,0,0.000000,0,9.472866,0.000000,0.006587,0,0.218843,0.000000,0.017375,9.472866,0.218843,1,1,1,4.074328,0.000000,0.000000,0.000000,0.000000,0.000000,0.000000,0.000000
2.7501,13.496496,0.206321,0.027276,0.000000,-0.000190,0.025045,0,0.218843,193,0.297955,0.232933,13.496496,-0.000419,9.384480,0.027276,13.496457,9.471508,0.027276,0.206321,0.000000,0.012316,-0.453817,-38.194285,0.087028,0.001000,0.001607,0.001998,-0.000137,0.001607,0.297955,0.232933,-9.802707,0.001215,-0.013220,0.001000,-1.317516,-0.004711,27.000000,0.013045,13.496457,-0.000419,0.206321,0.000000,0.087000,0.001000,175,0,1,34,33,0.009665,-0.008752,0.028386,-0.019566,-0.483427,9.660144,-2.888313,-0.004711,0.034600,7,1,0,0.000000,0,9.472866,0.000000,-0.000190,0,0.218843,0.000000,0.025045,9.472866,0.218843,1,1,1,4.074458,0.000000,0.000000,0.000000,0.000000,0.000000,0.000000,0.000000
2.7601,13.496650,0.207088,-0.002943,0.000000,0.011411,0.015841,0,0.218843,203,0.297521,0.233461,13.496650,0.002513,9.383779,-0.002943,13.496649,9.470784,-0.002943,0.207088,0.000000,0.012449,-0.453817,-38.194285,0.087005,0.000000,0.001314,0.001975,0.000015,0.001314,0.297521,0.233461,-9.802708,0.021337,0.012858,0.000000,-1.317477,-0.004614,27.000000,0.013045,13.496649,0.002513,0.207088,0.000000,0.087000,0.000000,180,0,1,34,33,0.007487,0.023721,-0.003238,0.543104,-0.015295,9.722636,-2.888274,-0.004614,0.034581,6,1,0,0.000000,0,9.472866,0.000000,0.011411,0,0.218843,0.000000,0.015841,9.472866,0.218843,1,1,1,4.074581,0.000000,0.000000,0.000000,0.000000,0.000000,0.000000,0.000000
2.7701,13.496413,0.207088,-0.047507,0.000000,0.007405,0.023511,0,0.218843,213,0.299919,0.232991,13.496413,-0.002513,9.383540,-0.047507,13.496457,9.470514,-0.047507,0.207088,0.000000,0.012527,-0.453817,-38.194285,0.086974,0.000000,0.001141,0.001984,-0.000226,0.001141,0.299919,0.232991,-9.802646,0.035759,0.013115,0.000000,-1.317750,-0.004438,27.000000,0.013045,13.496457,-0.002513,0.207088,0.000000,0.087000,0.000000,185,0,1,34,33,0.018137,0.032895,-0.047923,-0.098561,0.459748,9.947112,-2.888547,-0.004438,0.034810,7,1,0,0.000000,0,9.472866,0.000000,0.007405,0,0.218843,0.000000,0.023511,9.472866,0.218843,1,1,1,4.074705,0.000000,0.000000,0.000000,0.000000,0.000000,0.000000,0.000000
2.7801,13.496915,0.206321,-0.092622,0.000000,0.004195,0.032715,0,0.218843,223,0.301584,0.230956,13.496915,0.003560,9.383604,-0.092622,13.497033,9.470556,-0.092622,0.206321,0.000000,0.012334,-0.453817,-38.194285,0.086952,0.000000,0.001566,0.001988,0.000206,0.001566,0.301584,0.230956,-9.802643,0.012008,0.018418,0.000000,-1.318474,-0.004420,27.000000,0.013045,13.497033,0.003560,0.206321,0.000000,0.087000,0.000000,190,0,1,34,33,-0.003209,0.020607,-0.092883,0.017239,-0.081569,9.645065,-2.889270,-0.004420,0.034921,6,1,0,0.000000,0,9.472866,0.000000,0.004195,0,0.218843,0.000000,0.032715,9.472866,0.218843,1,1,1,4.074838,0.000000,0.000000,0.000000,0.000000,0.000000,0.000000,0.000000
2.7901,13.496677,0.206321,-0.101043,0.000000,0.014722,0.025045,0,0.218843,233,0.303461,0.232987,13.496677,0.000419,9.382778,-0.101043,13.496745,9.469714,-0.101043,0.206321,0.000000,0.012447,-0.453817,-38.194285,0.086937,0.000000,0.001318,0.001989,-0.000129,0.001318,0.303461,0.232987,-9.802537,0.018187,0.018981,0.000000,-1.319312,-0.004471,27.000000,0.013045,13.496745,0.000419,0.206321,0.000000,0.087000,0.000000,195,0,1,34,33,0.001053,0.025007,-0.101362,-0.061574,0.521853,9.564944,-2.890108,-0.004471,0.035151,7,1,0,0.000000,0,9.472866,0.000000,0.014722,0,0.218843,0.000000,0.025045,9.472866,0.218843,1,1,1,4.074964,0.000000,0.000000,0.000000,0.000000,0.000000,0.000000,0.000000
2.8001,13.496849,0.204593,0.120887,-0.209440,-0.003331,0.045776,0,0.218843,243,0.305304,0.234499,13.496849,-0.002513,9.383430,0.120887,13.496745,9.470517,0.120887,0.204593,-0.209440,0.012625,-0.453817,-38.194285,0.087087,0.000000,0.000924,0.002000,-0.000292,0.000924,0.305304,0.234499,-9.802444,0.011120,0.007700,-0.209440,-1.320236,-0.004466,27.000000,0.013045,13.496745,-0.002513,0.204787,-0.209440,0.087000,0.000000,200,0,1,34,33,0.003205,0.012021,-0.088711,-0.612331,-0.022633,10.267325,-2.891032,-0.004466,0.035337,6,1,0,0.000000,0,9.472866,0.000000,-0.003331,0,0.218843,0.000000,0.045776,9.472866,0.218843,1,1,1,4.075089,0.000000,0.000000,0.000000,0.000000,0.000000,0.000000,0.000000
2.8101,13.496891,0.204787,-0.101504,0.000000,0.021493,0.026177,0,0.218843,253,0.304645,0.233513,13.496891,0.004503,9.382181,-0.101504,13.497033,9.469118,-0.101504,0.204787,0.000000,0.012451,-0.453817,-38.194285,0.086937,0.000000,0.001308,0.001994,0.000336,0.001308,0.304645,0.233513,-9.802488,0.007075,0.003141,0.000000,-1.321439,-0.004548,27.000000,0.013045,13.497033,0.004503,0.204787,0.000000,0.087000,0.000000,4,0,1,34,33,0.003208,0.005781,-0.101584,0.398426,0.423299,9.822654,-2.892236,-0.004548,0.035254,7,1,0,0.000000,0,9.472866,0.000000,0.021493,0,0.218843,0.000000,0.026177,9.472866,0.218843,1,1,1,4.075223,0.000000,0.000000,0.000000,0.000000,0.000000,0.000000,0.000000
2.8201,13.496583,0.203915,0.034881,-0.104720,0.005265,0.038570,0,0.218843,7,0.305526,0.235320,13.496583,-0.004503,9.382280,0.034881,13.496553,9.469304,0.034881,0.203915,-0.104720,0.012593,-0.453817,-38.194285,0.087024,0.000000,0.000997,0.001997,-0.000257,0.000997,0.305526,0.235320,-9.802417,-0.013159,0.002820,-0.104720,-1.322123,-0.004600,27.000000,0.013045,13.496553,-0.004503,0.204020,-0.104720,0.087000,0.000000,9,0,1,34,33,-0.011711,-0.007509,-0.069750,-0.920697,0.082012,9.521684,-2.892919,-0.004600,0.035364,7,1,0,0.000000,0,9.472866,0.000000,0.005265,0,0.218843,0.000000,0.038570,9.472866,0.218843,1,1,1,4.075350,0.000000,0.000000,0.000000,0.000000,0.000000,0.000000,0.000000
2.8301,13.496737,0.203253,-0.068297,0.000000,0.008170,0.037807,0,0.218843,17,0.304357,0.232931,13.496737,0.005550,9.382247,-0.068297,13.496841,9.469217,-0.068297,0.203253,0.000000,0.012335,-0.453817,-38.194285,0.086969,0.001000,0.001564,0.001990,0.000523,0.001564,0.304357,0.232931,-9.802510,-0.003455,0.016972,0.001000,-1.322871,-0.004666,27.000000,0.013045,13.496841,0.005550,0.203253,0.000000,0.087000,0.001000,14,0,1,34,33,-0.015980,-0.007550,-0.067621,0.239417,-0.486941,9.956961,-2.893628,-0.004658,0.035186,7,1,0,0.000000,0,9.472866,0.000000,0.008170,0,0.218843,0.000000,0.037807,9.472866,0.218843,1,1,1,4.075485,0.000000,0.000000,0.000000,0.000000,0.000000,0.000000,0.000000
2.8401,13.496645,0.203253,-0.042074,0.000000,0.013298,0.031181,0,0.218843,27,0.290528,0.303219,13.496645,-0.001466,9.381744,-0.042074,13.496649,9.468717,-0.042074,0.203253,0.000000,0.019652,0.420069,33.329864,0.086973,0.000000,0.001302,0.001992,-0.000282,0.001302,0.290528,0.303219,-9.801008,0.010373,-0.015691,0.000000,-1.323411,-0.004658,27.000000,0.019105,13.496649,-0.001466,0.203253,0.000000,0.087000,0.000000,19,0,1,34,33,0.018180,-0.005655,-0.041971,-0.155447,0.410494,10.061426,-2.894208,-0.004658,0.035253,7,1,0,0.000000,0,9.472866,0.000000,0.013298,0,0.218843,0.000000,0.031181,9.472866,0.218843,1,1,1,4.075612,0.000000,0.000000,0.000000,0.000000,0.000000,0.000000,0.000000
2.8501,13.496730,0.203253,-0.018042,0.000000,0.011106,0.031181,0,0.218843,37,0.304610,0.234655,13.496730,0.002513,9.381485,-0.018042,13.496745,9.468483,-0.018042,0.203253,0.000000,0.012483,-0.389768,-28.183275,0.086998,0.000000,0.001442,0.002103,0.000212,0.001442,0.304610,0.234655,-9.802461,0.001396,0.022415,0.000000,-1.323605,-0.004686,27.000000,0.013045,13.496745,0.002513,0.203253,0.000000,0.087000,0.000000,24,0,1,34,33,-0.013857,0.017447,-0.018261,-0.508268,-0.130604,9.720794,-2.894401,-0.004686,0.035248,6,1,0,0.000000,0,9.472866,0.000000,0.011106,0,0.218843,0.000000,0.031181,9.472866,0.218843,1,1,1,4.075746,0.000000,0.000000,0.000000,0.000000,0.000000,0.000000,0.000000
2.8601,13.496747,0.203253,0.008277,0.000000,0.009457,0.031181,0,0.218843,47,0.303534,0.236455,13.496747,0.000419,9.381409,0.008277,13.496745,9.468425,0.008277,0.203253,0.000000,0.012554,-0.389768,-28.183275,0.087016,0.001000,0.001260,0.001995,0.000003,0.001260,0.303534,0.236455,-9.802452,-0.002427,0.002022,0.001000,-1.323659,-0.004816,27.000000,0.013045,13.496745,0.000419,0.203253,0.000000,0.087000,0.001000,29,0,1,34,33,-0.003157,0.000014,0.009278,0.254341,0.501485,9.679790,-2.894456,-0.004816,0.035178,7,1,0,0.000000,0,9.472866,0.000000,0.009457,0,0.218843,0.000000,0.031181,9.472866,0.218843,1,1,1,4.075873,0.000000,0.000000,0.000000,0.000000,0.000000,0.000000,0.000000
2.8701,13.496753,0.203253,0.011102,0.000000,0.007410,0.031181,0,0.218843,57,0.302826,0.237827,13.496753,-0.001466,9.381533,0.011102,13.496745,9.468548,0.011102,0.203253,0.000000,0.012620,-0.389768,-28.183275,0.087015,0.000000,0.001090,0.001994,-0.000016,0.001090,0.302826,0.237827,-9.802440,-0.007777,-0.010434,0.000000,-1.323535,-0.004902,27.000000,0.013045,13.496745,-0.001466,0.203253,0.000000,0.087000,0.000000,34,0,1,34,33,0.001126,-0.012824,0.011265,-0.105975,-0.161784,9.940862,-2.894331,-0.004902,0.035135,6,1,0,0.000000,0,9.472866,0.000000,0.007410,0,0.218843,0.000000,0.031181,9.472866,0.218843,1,1,1,4.076002,0.000000,0.000000,0.000000,0.000000,0.000000,0.000000,0.000000
2.8801,13.496787,0.203253,0.033095,0.000000,0.005459,0.031181,0,0.218843,67,0.302962,0.237005,13.496787,-0.000419,9.381785,0.033095,13.496745,9.468813,0.033095,0.203253,0.000000,0.012505,-0.389768,-28.183275,0.087028,0.000000,0.001385,0.002002,-0.000154,0.001385,0.302962,0.237005,-9.802456,0.007106,0.012749,0.000000,-1.323269,-0.004932,27.000000,0.013045,13.496745,-0.000419,0.203253,0.000000,0.087000,0.000000,39,0,1,34,33,-0.003166,0.014661,0.032915,-0.078071,-0.026487,9.827394,-2.894065,-0.004932,0.035132,6,1,0,0.000000,0,9.472866,0.000000,0.005459,0,0.218843,0.000000,0.031181,9.472866,0.218843,1,1,1,4.076136,0.000000,0.000000,0.000000,0.000000,0.000000,0.000000,0.000000
2.8901,13.496799,0.203253,0.056099,0.000000,0.002786,0.031181,0,0.218843,77,0.302895,0.237271,13.496799,-0.000419,9.382215,0.056099,13.496745,9.469256,0.056099,0.203253,0.000000,0.012587,-0.389768,-28.183275,0.087042,0.000000,0.001174,0.001993,-0.000095,0.001174,0.302895,0.237271,-9.802452,0.003532,-0.010576,0.000000,-1.322827,-0.004878,27.000000,0.013045,13.496745,-0.000419,0.203253,0.000000,0.087000,0.000000,44,0,1,34,33,0.009669,-0.004847,0.056165,-0.031711,0.384820,9.821987,-2.893624,-0.004878,0.035130,6,1,0,0.000000,0,9.472866,0.000000,0.002786,0,0.218843,0.000000,0.031181,9.472866,0.218843,1,1,1,4.076261,0.000000,0.000000,0.000000,0.000000,0.000000,0.000000,0.000000
2.9001,13.496615,0.203253,0.027399,0.000000,0.001798,0.031181,0,0.218843,87,0.303745,0.234386,13.496615,-0.000419,9.382686,0.027399,13.496553,9.469708,0.027399,0.203253,0.000000,0.012447,-0.389768,-28.183275,0.087022,-0.001000,0.001534,0.001994,-0.000171,0.001534,0.303745,0.234386,-9.802495,0.008298,-0.005196,-0.001000,-1.322380,-0.004712,27.000000,0.013045,13.496553,-0.000419,0.203253,0.000000,0.087000,-0.001000,49,0,1,34,33,0.009653,0.001961,0.026377,-0.077225,-0.256210,9.844228,-2.893176,-0.004712,0.035156,6,1,0,0.000000,0,9.472866,0.000000,0.001798,0,0.218843,0.000000,0.031181,9.472866,0.218843,1,1,1,4.076393,0.000000,0.000000,0.000000,0.000000,0.000000,0.000000,0.000000
2.9101,13.496786,0.204020,0.040363,0.000000,0.011567,0.021977,0,0.218843,97,0.303288,0.233631,13.496786,0.000419,9.382236,0.040363,13.496745,9.469270,0.040363,0.204020,0.000000,0.012571,-0.389768,-28.183275,0.087035,-0.001000,0.001217,0.001992,0.000025,0.001217,0.303288,0.233631,-9.802527,0.023532,-0.010540,-0.001000,-1.322058,-0.004496,27.000000,0.013045,13.496745,0.000419,0.204020,0.000000,0.087000,-0.001000,54,0,1,34,33,0.024593,0.008244,0.039262,0.082877,0.564438,9.996135,-2.892854,-0.004496,0.035108,7,1,0,0.000000,0,9.472866,0.000000,0.011567,0,0.218843,0.000000,0.021977,9.472866,0.218843,1,1,1,4.076515,0.000000,0.000000,0.000000,0.000000,0.000000,0.000000,0.000000
2.9201,13.496572,0.204020,-0.001411,0.000000,0.004999,0.029647,0,0.218843,107,0.304005,0.231772,13.496572,-0.000419,9.382449,-0.001411,13.496553,9.469453,-0.001411,0.204020,0.000000,0.012472,-0.389768,-28.183275,0.087004,-0.002000,0.001469,0.001992,-0.000021,0.001469,0.304005,0.231772,-9.802549,0.003822,0.002642,-0.002000,-1.321877,-0.004394,27.000000,0.013045,13.496553,-0.000419,0.204020,0.000000,0.087000,-0.002000,59,0,1,34,33,0.001103,0.004470,-0.003467,-0.432305,-0.090548,9.577689,-2.892674,-0.004394,0.035141,6,1,0,0.000000,0,9.472866,0.000000,0.004999,0,0.218843,0.000000,0.029647,9.472866,0.218843,1,1,1,4.076644,0.000000,0.000000,0.000000,0.000000,0.000000,0.000000,0.000000
2.9301,13.496730,0.204020,-0.005547,0.000000,0.007597,0.029647,0,0.218843,117,0.303398,0.231813,13.496730,0.004503,9.382384,-0.005547,13.496745,9.469389,-0.005547,0.204020,0.000000,0.012507,-0.389768,-28.183275,0.087005,0.000000,0.001380,0.002005,0.000019,0.001380,0.303398,0.231813,-9.802567,0.000659,0.005509,0.000000,-1.321943,-0.004375,27.000000,0.013045,13.496745,0.004503,0.204020,0.000000,0.087000,0.000000,64,0,1,34,33,-0.003166,0.004486,-0.005604,0.320478,0.655691,9.585678,-2.892739,-0.004375,0.035081,6,1,0,0.000000,0,9.472866,0.000000,0.007597,0,0.218843,0.000000,0.029647,9.472866,0.218843,1,1,1,4.076767,0.000000,0.000000,0.000000,0.000000,0.000000,0.000000,0.000000
2.9401,13.496628,0.204020,-0.022923,0.000000,0.008454,0.029647,0,0.218843,127,0.303265,0.233291,13.496628,0.000419,9.382271,-0.022923,13.496649,9.469264,-0.022923,0.204020,0.000000,0.012659,-0.389768,-28.183275,0.086993,0.000000,0.000990,0.001998,-0.000075,0.000990,0.303265,0.233291,-9.802536,-0.012354,0.000490,0.000000,-1.322068,-0.004374,27.000000,0.013045,13.496649,0.000419,0.204020,0.000000,0.087000,0.000000,69,0,1,34,33,-0.009562,-0.008127,-0.022822,-0.105656,-0.012563,10.248616,-2.892865,-0.004374,0.035098,7,1,0,0.000000,0,9.472866,0.000000,0.008454,0,0.218843,0.000000,0.029647,9.472866,0.218843,1,1,1,4.076888,0.000000,0.000000,0.000000,0.000000,0.000000,0.000000,0.000000
2.9501,13.496727,0.204020,-0.022207,0.000000,0.009175,0.029647,0,0.218843,137,0.303779,0.233837,13.496727,0.000419,9.382105,-0.022207,13.496745,9.469100,-0.022207,0.204020,0.000000,0.012505,-0.389768,-28.183275,0.086995,0.000000,0.001386,0.002099,0.000027,0.001386,0.303779,0.233837,-9.802507,0.001085,0.028523,0.000000,-1.322225,-0.004572,27.000000,0.013045,13.496745,0.000419,0.204020,0.000000,0.087000,0.000000,74,0,1,34,33,-0.018132,0.021766,-0.022481,-0.031657,0.422243,9.889357,-2.893021,-0.004572,0.035161,6,1,0,0.000000,0,9.472866,0.000000,0.009175,0,0.218843,0.000000,0.029647,9.472866,0.218843,1,1,1,4.077019,0.000000,0.000000,0.000000,0.000000,0.000000,0.000000,0.000000
2.9601,13.496731,0.204020,-0.007783,0.000000,0.009082,0.029647,0,0.218843,147,0.303704,0.236795,13.496731,-0.001466,9.381967,-0.007783,13.496745,9.468971,-0.007783,0.204020,0.000000,0.012645,-0.389768,-28.183275,0.087004,0.000000,0.001027,0.002002,0.000019,0.001027,0.303704,0.236795,-9.802438,-0.002139,0.002354,0.000000,-1.322350,-0.004729,27.000000,0.013045,13.496745,-0.001466,0.204020,0.000000,0.087000,0.000000,79,0,1,34,33,-0.003163,0.000241,-0.007786,-0.232339,0.223926,9.676684,-2.893146,-0.004729,0.035215,6,1,0,0.000000,0,9.472866,0.000000,0.009082,0,0.218843,0.000000,0.029647,9.472866,0.218843,1,1,1,4.077139,0.000000,0.000000,0.000000,0.000000,0.000000,0.000000,0.000000
2.9701,13.496730,0.204020,-0.016289,0.000000,0.008511,0.029647,0,0.218843,157,0.303744,0.236250,13.496730,-0.000419,9.381908,-0.016289,13.496745,9.468911,-0.016289,0.204020,0.000000,0.012509,-0.389768,-28.183275,0.087002,0.002000,0.001376,0.001993,0.000010,0.001376,0.303744,0.236250,-9.802450,-0.009666,0.003520,0.002000,-1.322407,-0.004810,27.000000,0.013045,13.496745,-0.000419,0.204020,0.000000,0.087000,0.002000,84,0,1,34,33,-0.009564,-0.003966,-0.014240,-0.124657,-0.493281,9.679117,-2.893203,-0.004810,0.035207,6,1,0,0.000000,0,9.472866,0.000000,0.008511,0,0.218843,0.000000,0.029647,9.472866,0.218843,1,1,1,4.077268,0.000000,0.000000,0.000000,0.000000,0.000000,0.000000,0.000000
2.9801,13.496748,0.204020,0.009490,0.000000,0.007266,0.029647,0,0.218843,167,0.303085,0.237438,13.496748,0.000419,9.381951,0.009490,13.496745,9.468964,0.009490,0.204020,0.000000,0.012653,-0.389768,-28.183275,0.087014,0.000000,0.001006,0.001991,-0.000017,0.001006,0.303085,0.237438,-9.802442,0.008040,0.004175,-0.000000,-1.322354,-0.004798,27.000000,0.013045,13.496745,0.000419,0.204020,0.000000,0.087000,0.000000,89,0,1,34,33,0.003238,0.008580,0.009382,0.092920,0.326926,9.869339,-2.893151,-0.004798,0.035166,6,1,0,0.000000,0,9.472866,0.000000,0.007266,0,0.218843,0.000000,0.029647,9.472866,0.218843,1,1,1,4.077389,0.000000,0.000000,0.000000,0.000000,0.000000,0.000000,0.000000
2.9901,13.496760,0.204020,0.007000,0.000000,0.007661,0.029647,0,0.218843,177,0.303378,0.235329,13.496760,-0.000419,9.381964,0.007000,13.496745,9.468976,0.007000,0.204020,0.000000,0.012439,-0.389768,-28.183275,0.087012,0.000000,0.001554,0.001996,0.000003,0.001554,0.303378,0.235329,-9.802483,0.001356,-0.009799,0.000000,-1.322342,-0.004795,27.000000,0.013045,13.496745,-0.000419,0.204020,0.000000,0.087000,0.000000,94,0,1,34,33,0.007522,-0.006338,0.007079,-0.277310,-0.551325,9.726288,-2.893138,-0.004795,0.035152,6,1,0,0.000000,0,9.472866,0.000000,0.007661,0,0.218843,0.000000,0.029647,9.472866,0.218843,1,1,1,4.077520,0.000000,0.000000,0.000000,0.000000,0.000000,0.000000,0.000000
