t,theta_big,theta_small,dtheta_big,dtheta_small,tau_big,tau_small,axis,held_target,mcu2_seq,gravity_ax,gravity_ay,theta_big_motor,dtheta_big_motor,theta_big_platform,dtheta_big_platform,theta_big_motor_meas,platform_azimuth,platform_rate,small_joint_angle_est,small_joint_rate_est,pitch_joint_angle,pitch_joint_rate,pitch_acc,chassis_azimuth,chassis_yaw_rate,big_enc_age,big_sample_interval,big_enc_innovation,chassis_imu_age,gravity_a_x,gravity_a_y,gravity_a_z,base_omega_x,base_omega_y,base_omega_z,los_azimuth,los_elevation,mcu_bullet_velocity,mcu_pitch_angle,mcu_yaw_big_angle,mcu_yaw_big_omega,mcu_yaw_small_angle,mcu_yaw_small_omega,mcu_chassis_imu_yaw,mcu_chassis_imu_omega,mcu_mark,mcu_color,mcu_auto_aim_switch,mcu_temp_big,mcu_temp_small,imu_gx,imu_gy,imu_gz,imu_ax,imu_ay,imu_az,imu_euler_yaw,imu_euler_pitch,imu_euler_roll,imu_dt_one_tenth_ms,tx_auto_aim_enable,tx_fire,tx_pitch_target_angle,tx_yaw_big_mode,tx_yaw_big_target_angle,tx_yaw_big_target_velocity,tx_yaw_big_torque,tx_yaw_small_mode,tx_yaw_small_target_angle,tx_yaw_small_target_velocity,tx_yaw_small_torque,target_big,target_small,est_valid,mcu_valid,imu_valid
0.0038,-2.211220,-0.214521,0.003363,0.000268,0.081165,0.001236,0,-0.213576,173,0.000000,0.000000,-2.211220,0.003352,-2.255064,0.003363,-2.211421,-2.255064,0.003363,-0.214521,0.000268,0.000000,0.000000,0.000000,0.000000,0.000000,0.060000,0.120000,0.000000,0.060000,0.000000,0.000000,-9.810000,0.000000,0.000000,0.000000,-2.255064,0.000000,0.000000,0.000000,-2.211421,0.003363,-0.214529,0.000268,0.000000,0.000000,0,0,1,30,30,0.000000,0.000000,0.003363,0.000000,0.000000,9.810000,-2.255064,0.000000,0.000000,100,1,0,0.000000,0,-2.214314,0.000000,0.081165,0,-0.213576,0.000000,0.001236,-2.214314,-0.213576,1,1,1
0.0131,-2.211186,-0.214494,0.003366,0.000131,0.079491,0.001567,0,-0.213576,173,0.000000,0.000000,-2.211186,0.003418,-2.255031,0.003366,-2.211421,-2.255031,0.003366,-0.214494,0.000131,0.000000,0.000000,0.000000,0.000000,0.000000,0.070000,0.120000,0.000000,0.070000,0.000000,0.000000,-9.810000,0.000000,0.000000,0.000000,-2.255031,0.000000,0.000000,0.000000,-2.211421,0.003363,-0.214527,0.000131,0.000000,0.000000,0,0,1,30,30,0.000000,0.000000,0.003366,0.000000,0.000000,9.810000,-2.255031,0.000000,0.000000,100,1,0,0.000000,0,-2.214448,0.000000,0.079491,0,-0.213576,0.000000,0.001567,-2.214448,-0.213576,1,1,1
0.0229,-2.211152,-0.214533,0.003319,0.000166,0.069551,0.002304,0,-0.213576,173,0.000000,0.000000,-2.211152,0.003317,-2.254997,0.003319,-2.211421,-2.254997,0.003319,-0.214533,0.000166,0.000000,0.000000,0.000000,0.000000,0.000000,0.080000,0.120000,0.000000,0.080000,0.000000,0.000000,-9.810000,0.000000,0.000000,0.000000,-2.254997,0.000000,0.000000,0.000000,-2.211421,0.003363,-0.214526,0.000166,0.000000,0.000000,0,0,1,30,30,0.000000,0.000000,0.003319,0.000000,0.000000,9.810000,-2.254997,0.000000,0.000000,100,1,0,0.000000,0,-2.215382,0.000000,0.069551,0,-0.213576,0.000000,0.002304,-2.215382,-0.213576,1,1,1
0.0335,-2.211119,-0.214493,0.003065,0.000268,0.048426,0.001433,0,-0.213576,173,0.000000,0.000000,-2.211119,0.003310,-2.254966,0.003065,-2.211421,-2.254966,0.003065,-0.214493,0.000268,0.000000,0.000000,0.000000,0.000000,0.000000,0.090000,0.120000,0.000000,0.090000,0.000000,0.000000,-9.810000,0.000000,0.000000,0.000000,-2.254966,0.000000,0.000000,0.000000,-2.211421,0.003363,-0.214523,0.000268,0.000000,0.000000,0,0,1,30,30,0.000000,0.000000,0.003065,0.000000,0.000000,9.810000,-2.254966,0.000000,0.000000,100,1,0,0.000000,0,-2.217918,0.000000,0.048426,0,-0.213576,0.000000,0.001433,-2.217918,-0.213576,1,1,1
0.0432,-2.211085,-0.214514,0.002496,0.000225,0.014559,0.002082,0,-0.213576,173,0.000000,0.000000,-2.211085,0.003397,-2.254938,0.002496,-2.211421,-2.254938,0.002496,-0.214514,0.000225,0.000000,0.000000,0.000000,0.000000,0.000000,0.100000,0.120000,0.000000,0.100000,0.000000,0.000000,-9.810000,0.000000,0.000000,0.000000,-2.254938,0.000000,0.000000,0.000000,-2.211421,0.003363,-0.214521,0.000225,0.000000,0.000000,0,0,1,30,30,0.000000,0.000000,0.002496,0.000000,0.000000,9.810000,-2.254938,0.000000,0.000000,100,1,0,0.000000,0,-2.222852,0.000000,0.014559,0,-0.213576,0.000000,0.002082,-2.222852,-0.213576,1,1,1
0.0530,-2.211051,-0.214489,0.001482,0.000343,-0.030591,0.001581,0,-0.213576,173,0.000000,0.000000,-2.211051,0.003368,-2.254919,0.001482,-2.211421,-2.254919,0.001482,-0.214489,0.000343,0.000000,0.000000,0.000000,0.000000,0.000000,0.110000,0.120000,0.000000,0.110000,0.000000,0.000000,-9.810000,0.000000,0.000000,0.000000,-2.254919,0.000000,0.000000,0.000000,-2.211421,0.003363,-0.214517,0.000343,0.000000,0.000000,0,0,1,30,30,0.000000,0.000000,0.001482,0.000000,0.000000,9.810000,-2.254919,0.000000,0.000000,100,1,0,0.000000,0,-2.230730,0.000000,-0.030591,0,-0.213576,0.000000,0.001581,-2.230730,-0.213576,1,1,1
0.0632,-2.211091,-0.214489,-0.000070,0.000344,-0.082224,0.001823,0,-0.213576,174,0.000000,0.000000,-2.211091,-0.001392,-2.254914,-0.000070,-2.211091,-2.254914,-0.000070,-0.214489,0.000344,0.000000,0.000000,0.000000,0.000000,0.000000,0.000000,0.100000,0.000000,0.000000,0.000000,0.000000,-9.810000,0.000000,0.000000,0.000000,-2.254914,0.000000,0.000000,0.000000,-2.211091,-0.001375,-0.214512,0.000344,0.000000,0.000000,0,0,1,30,30,0.000000,0.000000,-0.000070,0.000000,0.000000,9.810000,-2.254914,0.000000,0.000000,100,1,0,0.000000,0,-2.241608,0.000000,-0.082224,0,-0.213576,0.000000,0.001823,-2.241608,-0.213576,1,1,1
0.0729,-2.211105,-0.214513,-0.002015,0.000439,-0.139780,0.002121,0,-0.213576,174,0.000000,0.000000,-2.211105,-0.001381,-2.254926,-0.002015,-2.211091,-2.254926,-0.002015,-0.214513,0.000439,0.000000,0.000000,0.000000,0.000000,0.000000,0.010000,0.100000,0.000000,0.010000,0.000000,0.000000,-9.810000,0.000000,0.000000,0.000000,-2.254926,0.000000,0.000000,0.000000,-2.211091,-0.001375,-0.214506,0.000439,0.000000,0.000000,0,0,1,30,30,0.000000,0.000000,-0.002015,0.000000,0.000000,9.810000,-2.254926,0.000000,0.000000,100,1,0,0.000000,0,-2.255486,0.000000,-0.139780,0,-0.213576,0.000000,0.002121,-2.255486,-0.213576,1,1,1
0.0829,-2.211118,-0.214483,-0.004649,0.000595,-0.202249,0.001510,0,-0.213576,174,0.000000,0.000000,-2.211118,-0.001385,-2.254960,-0.004649,-2.211091,-2.254960,-0.004649,-0.214483,0.000595,0.000000,0.000000,0.000000,0.000000,0.000000,0.020000,0.100000,0.000000,0.020000,0.000000,0.000000,-9.810000,0.000000,0.000000,0.000000,-2.254960,0.000000,0.000000,0.000000,-2.211091,-0.001375,-0.214499,0.000595,0.000000,0.000000,0,0,1,30,30,0.000000,0.000000,-0.004649,0.000000,0.000000,9.810000,-2.254960,0.000000,0.000000,100,1,0,0.000000,0,-2.272281,0.000000,-0.202249,0,-0.213576,0.000000,0.001510,-2.272281,-0.213576,1,1,1
0.0929,-2.211132,-0.214498,-0.008284,0.000743,-0.264688,0.001992,0,-0.213576,174,0.000000,0.000000,-2.211132,-0.001372,-2.255026,-0.008284,-2.211091,-2.255026,-0.008284,-0.214498,0.000743,0.000000,0.000000,0.000000,0.000000,0.000000,0.030000,0.100000,0.000000,0.030000,0.000000,0.000000,-9.810000,0.000000,0.000000,0.000000,-2.255026,0.000000,0.000000,0.000000,-2.211091,-0.001375,-0.214491,0.000743,0.000000,0.000000,0,0,1,30,30,0.000000,0.000000,-0.008284,0.000000,0.000000,9.810000,-2.255026,0.000000,0.000000,100,1,0,0.000000,0,-2.291518,0.000000,-0.264688,0,-0.213576,0.000000,0.001992,-2.291518,-0.213576,1,1,1
0.1031,-2.211146,-0.214446,-0.013790,0.001242,-0.325684,0.001216,0,-0.213576,174,0.000000,0.000000,-2.211146,-0.001390,-2.255137,-0.013790,-2.211091,-2.255137,-0.013790,-0.214446,0.001242,0.000000,0.000000,0.000000,0.000000,0.000000,0.040000,0.100000,0.000000,0.040000,0.000000,0.000000,-9.810000,0.000000,0.000000,0.000000,-2.255137,0.000000,0.000000,0.000000,-2.211091,-0.001375,-0.214479,0.001242,0.000000,0.000000,0,0,1,30,30,0.000000,0.000000,-0.013790,0.000000,0.000000,9.810000,-2.255137,0.000000,0.000000,100,1,0,0.000000,0,-2.312687,0.000000,-0.325684,0,-0.213576,0.000000,0.001216,-2.312687,-0.213576,1,1,1
0.1129,-2.211160,-0.214466,-0.023231,0.002140,-0.385411,0.001982,0,-0.213576,174,0.000000,0.000000,-2.211160,-0.001365,-2.255319,-0.023231,-2.211091,-2.255319,-0.023231,-0.214466,0.002140,0.000000,0.000000,0.000000,0.000000,0.000000,0.050000,0.100000,0.000000,0.050000,0.000000,0.000000,-9.810000,0.000000,0.000000,0.000000,-2.255319,0.000000,0.000000,0.000000,-2.211091,-0.001375,-0.214461,0.002140,0.000000,0.000000,0,0,1,30,30,0.000000,0.000000,-0.023231,0.000000,0.000000,9.810000,-2.255319,0.000000,0.000000,100,1,0,0.000000,0,-2.335395,0.000000,-0.385411,0,-0.213576,0.000000,0.001982,-2.335395,-0.213576,1,1,1
0.1228,-2.211173,-0.214419,-0.039293,0.003756,-0.443796,0.001220,0,-0.213576,174,0.000000,0.000000,-2.211173,-0.001380,-2.255627,-0.039293,-2.211091,-2.255627,-0.039293,-0.214419,0.003756,0.000000,0.000000,0.000000,0.000000,0.000000,0.060000,0.100000,0.000000,0.060000,0.000000,0.000000,-9.810000,0.000000,0.000000,0.000000,-2.255627,0.000000,0.000000,0.000000,-2.211091,-0.001375,-0.214429,0.003756,0.000000,0.000000,0,0,1,30,30,0.000000,0.000000,-0.039293,0.000000,0.000000,9.810000,-2.255627,0.000000,0.000000,100,1,0,0.000000,0,-2.359340,0.000000,-0.443796,0,-0.213576,0.000000,0.001220,-2.359340,-0.213576,1,1,1
0.1329,-2.211187,-0.214343,-0.062894,0.005480,-0.502727,0.000777,0,-0.213576,174,0.000000,0.000000,-2.211187,-0.001368,-2.256133,-0.062894,-2.211091,-2.256133,-0.062894,-0.214343,0.005480,0.000000,0.000000,0.000000,0.000000,0.000000,0.070000,0.100000,0.000000,0.070000,0.000000,0.000000,-9.810000,0.000000,0.000000,0.000000,-2.256133,0.000000,0.000000,0.000000,-2.211091,-0.001375,-0.214381,0.005480,0.000000,0.000000,0,0,1,30,30,0.000000,0.000000,-0.062894,0.000000,0.000000,9.810000,-2.256133,0.000000,0.000000,100,1,0,0.000000,0,-2.384455,0.000000,-0.502727,0,-0.213576,0.000000,0.000777,-2.384455,-0.213576,1,1,1
0.1429,-2.211201,-0.214303,-0.094204,0.007595,-0.560108,0.001054,0,-0.213576,174,0.000000,0.000000,-2.211201,-0.001381,-2.256914,-0.094204,-2.211091,-2.256914,-0.094204,-0.214303,0.007595,0.000000,0.000000,0.000000,0.000000,0.000000,0.080000,0.100000,0.000000,0.080000,0.000000,0.000000,-9.810000,0.000000,0.000000,0.000000,-2.256914,0.000000,0.000000,0.000000,-2.211091,-0.001375,-0.214314,0.007595,0.000000,0.000000,0,0,1,30,30,0.000000,0.000000,-0.094204,0.000000,0.000000,9.810000,-2.256914,0.000000,0.000000,100,1,0,0.000000,0,-2.410524,0.000000,-0.560108,0,-0.213576,0.000000,0.001054,-2.410524,-0.213576,1,1,1
0.1529,-2.211215,-0.214231,-0.133112,0.010428,-0.612843,0.000588,0,-0.213576,174,0.000000,0.000000,-2.211215,-0.001399,-2.258046,-0.133112,-2.211091,-2.258046,-0.133112,-0.214231,0.010428,0.000000,0.000000,0.000000,0.000000,0.000000,0.090000,0.100000,0.000000,0.090000,0.000000,0.000000,-9.810000,0.000000,0.000000,0.000000,-2.258046,0.000000,0.000000,0.000000,-2.211091,-0.001375,-0.214222,0.010428,0.000000,0.000000,0,0,1,30,30,0.000000,0.000000,-0.133112,0.000000,0.000000,9.810000,-2.258046,0.000000,0.000000,100,1,0,0.000000,0,-2.437125,0.000000,-0.612843,0,-0.213576,0.000000,0.000588,-2.437125,-0.213576,1,1,1
0.1629,-2.223515,-0.214103,-0.179072,0.014077,-0.668596,-0.000233,0,-0.213576,175,0.000000,0.000000,-2.223515,-0.321054,-2.259603,-0.179072,-2.223515,-2.259603,-0.179072,-0.214103,0.014077,0.000000,0.000000,0.000000,0.000000,0.000000,0.000000,0.090000,0.000000,0.000000,0.000000,0.000000,-9.810000,0.000000,0.000000,0.000000,-2.259603,0.000000,0.000000,0.000000,-2.223515,-0.325129,-0.214099,0.014077,0.000000,0.000000,0,0,1,30,30,0.000000,0.000000,-0.179072,0.000000,0.000000,9.810000,-2.259603,0.000000,0.000000,100,1,0,0.000000,0,-2.464551,0.000000,-0.668596,0,-0.213576,0.000000,-0.000233,-2.464551,-0.213576,1,1,1
0.1730,-2.226766,-0.213915,-0.232565,0.020095,-0.722024,-0.001200,0,-0.213576,175,0.000000,0.000000,-2.226766,-0.320288,-2.261656,-0.232565,-2.223515,-2.261656,-0.232565,-0.213915,0.020095,0.000000,0.000000,0.000000,0.000000,0.000000,0.010000,0.090000,0.000000,0.010000,0.000000,0.000000,-9.810000,0.000000,0.000000,0.000000,-2.261656,0.000000,0.000000,0.000000,-2.223515,-0.325129,-0.213930,0.020095,0.000000,0.000000,0,0,1,30,30,0.000000,0.000000,-0.232565,0.000000,0.000000,9.810000,-2.261656,0.000000,0.000000,100,1,0,0.000000,0,-2.492615,0.000000,-0.722024,0,-0.213576,0.000000,-0.001200,-2.492615,-0.213576,1,1,1
0.1830,-2.230017,-0.213686,-0.293926,0.030528,-0.769911,-0.002067,0,-0.213576,175,0.000000,0.000000,-2.230017,-0.326494,-2.264283,-0.293926,-2.223515,-2.264283,-0.293926,-0.213686,0.030528,0.000000,0.000000,0.000000,0.000000,0.000000,0.020000,0.090000,0.000000,0.020000,0.000000,0.000000,-9.810000,0.000000,0.000000,0.000000,-2.264283,0.000000,0.000000,0.000000,-2.223515,-0.325129,-0.213681,0.030528,0.000000,0.000000,0,0,1,30,30,0.000000,0.000000,-0.293926,0.000000,0.000000,9.810000,-2.264283,0.000000,0.000000,100,1,0,0.000000,0,-2.520908,0.000000,-0.769911,0,-0.213576,0.000000,-0.002067,-2.520908,-0.213576,1,1,1
0.1930,-2.233269,-0.213283,-0.362867,0.046936,-0.809960,-0.004622,0,-0.213576,175,0.000000,0.000000,-2.233269,-0.324802,-2.267562,-0.362867,-2.223515,-2.267562,-0.362867,-0.213283,0.046936,0.000000,0.000000,0.000000,0.000000,0.000000,0.030000,0.090000,0.000000,0.030000,0.000000,0.000000,-9.810000,0.000000,0.000000,0.000000,-2.267562,0.000000,0.000000,0.000000,-2.223515,-0.325129,-0.213298,0.046936,0.000000,0.000000,0,0,1,30,30,0.000000,0.000000,-0.362867,0.000000,0.000000,9.810000,-2.267562,0.000000,0.000000,100,1,0,0.000000,0,-2.548913,0.000000,-0.809960,0,-0.213576,0.000000,-0.004622,-2.548913,-0.213576,1,1,1
0.2029,-2.236520,-0.212725,-0.437909,0.067625,-0.841157,-0.007282,0,-0.213576,175,0.000000,0.000000,-2.236520,-0.321436,-2.271562,-0.437909,-2.223515,-2.271562,-0.437909,-0.212725,0.067625,0.000000,0.000000,0.000000,0.000000,0.000000,0.040000,0.090000,0.000000,0.040000,0.000000,0.000000,-9.810000,0.000000,0.000000,0.000000,-2.271562,0.000000,0.000000,0.000000,-2.223515,-0.325129,-0.212729,0.067625,0.000000,0.000000,0,0,1,30,30,0.000000,0.000000,-0.437909,0.000000,0.000000,9.810000,-2.271562,0.000000,0.000000,100,1,0,0.000000,0,-2.576117,0.000000,-0.841157,0,-0.213576,0.000000,-0.007282,-2.576117,-0.213576,1,1,1
0.2131,-2.239771,-0.211974,-0.517455,0.091020,-0.862043,-0.010713,0,-0.213576,175,0.000000,0.000000,-2.239771,-0.327403,-2.276335,-0.517455,-2.223515,-2.276335,-0.517455,-0.211974,0.091020,0.000000,0.000000,0.000000,0.000000,0.000000,0.050000,0.090000,0.000000,0.050000,0.000000,0.000000,-9.810000,0.000000,0.000000,0.000000,-2.276335,0.000000,0.000000,0.000000,-2.223515,-0.325129,-0.211938,0.091020,0.000000,0.000000,0,0,1,30,30,0.000000,0.000000,-0.517455,0.000000,0.000000,9.810000,-2.276335,0.000000,0.000000,100,1,0,0.000000,0,-2.601969,0.000000,-0.862043,0,-0.213576,0.000000,-0.010713,-2.601969,-0.213576,1,1,1
0.2247,-2.243022,-0.210944,-0.599554,0.114829,-0.878410,-0.015565,0,-0.213576,175,0.000000,0.000000,-2.243022,-0.327355,-2.281919,-0.599554,-2.223515,-2.281919,-0.599554,-0.210944,0.114829,0.000000,0.000000,0.000000,0.000000,0.000000,0.060000,0.090000,0.000000,0.060000,0.000000,0.000000,-9.810000,0.000000,0.000000,0.000000,-2.281919,0.000000,0.000000,0.000000,-2.223515,-0.325129,-0.210910,0.114829,0.000000,0.000000,0,0,1,30,30,0.000000,0.000000,-0.599554,0.000000,0.000000,9.810000,-2.281919,0.000000,0.000000,100,1,0,0.000000,0,-2.626481,0.000000,-0.878410,0,-0.213576,0.000000,-0.015565,-2.626481,-0.213576,1,1,1
0.2346,-2.246274,-0.209675,-0.682869,0.137058,-0.891089,-0.020490,0,-0.213576,175,0.000000,0.000000,-2.246274,-0.324746,-2.288330,-0.682869,-2.223515,-2.288330,-0.682869,-0.209675,0.137058,0.000000,0.000000,0.000000,0.000000,0.000000,0.070000,0.090000,0.000000,0.070000,0.000000,0.000000,-9.810000,0.000000,0.000000,0.000000,-2.288330,0.000000,0.000000,0.000000,-2.223515,-0.325129,-0.209652,0.137058,0.000000,0.000000,0,0,1,30,30,0.000000,0.000000,-0.682869,0.000000,0.000000,9.810000,-2.288330,0.000000,0.000000,100,1,0,0.000000,0,-2.649722,0.000000,-0.891089,0,-0.213576,0.000000,-0.020490,-2.649722,-0.213576,1,1,1
0.2448,-2.249525,-0.208205,-0.766691,0.157015,-0.899599,-0.025443,0,-0.213576,175,0.000000,0.000000,-2.249525,-0.329782,-2.295577,-0.766691,-2.223515,-2.295577,-0.766691,-0.208205,0.157015,0.000000,0.000000,0.000000,0.000000,0.000000,0.080000,0.090000,0.000000,0.080000,0.000000,0.000000,-9.810000,0.000000,0.000000,0.000000,-2.295577,0.000000,0.000000,0.000000,-2.223515,-0.325129,-0.208182,0.157015,0.000000,0.000000,0,0,1,30,30,0.000000,0.000000,-0.766691,0.000000,0.000000,9.810000,-2.295577,0.000000,0.000000,100,1,0,0.000000,0,-2.671703,0.000000,-0.899599,0,-0.213576,0.000000,-0.025443,-2.671703,-0.213576,1,1,1
0.2529,-2.284995,-0.206524,-0.850306,0.174030,-0.901435,-0.030914,0,-0.213576,176,0.000000,0.000000,-2.284995,-1.059581,-2.303661,-0.850306,-2.284995,-2.303661,-0.850306,-0.206524,0.174030,0.000000,0.000000,0.000000,0.000000,0.000000,0.000000,0.110000,0.000000,0.000000,0.000000,0.000000,-9.810000,0.000000,0.000000,0.000000,-2.303661,0.000000,0.000000,0.000000,-2.284995,-1.077360,-0.206527,0.174030,0.000000,0.000000,0,0,1,30,30,0.000000,0.000000,-0.850306,0.000000,0.000000,9.810000,-2.303661,0.000000,0.000000,100,1,0,0.000000,0,-2.692220,0.000000,-0.901435,0,-0.213576,0.000000,-0.030914,-2.692220,-0.213576,1,1,1
0.2629,-2.295768,-0.204752,-0.932576,0.186793,-0.901775,-0.035369,0,-0.213576,176,0.000000,0.000000,-2.295768,-1.072903,-2.312576,-0.932576,-2.284995,-2.312576,-0.932576,-0.204752,0.186793,0.000000,0.000000,0.000000,0.000000,0.000000,0.010000,0.110000,0.000000,0.010000,0.000000,0.000000,-9.810000,0.000000,0.000000,0.000000,-2.312576,0.000000,0.000000,0.000000,-2.284995,-1.077360,-0.204722,0.186793,0.000000,0.000000,0,0,1,30,30,0.000000,0.000000,-0.932576,0.000000,0.000000,9.810000,-2.312576,0.000000,0.000000,100,1,0,0.000000,0,-2.711523,0.000000,-0.901775,0,-0.213576,0.000000,-0.035369,-2.711523,-0.213576,1,1,1
0.2728,-2.306542,-0.202849,-1.013218,0.195597,-0.904238,-0.040484,0,-0.213576,176,0.000000,0.000000,-2.306542,-1.083025,-2.322306,-1.013218,-2.284995,-2.322306,-1.013218,-0.202849,0.195597,0.000000,0.000000,0.000000,0.000000,0.000000,0.020000,0.110000,0.000000,0.020000,0.000000,0.000000,-9.810000,0.000000,0.000000,0.000000,-2.322306,0.000000,0.000000,0.000000,-2.284995,-1.077360,-0.202809,0.195597,0.000000,0.000000,0,0,1,30,30,0.000000,0.000000,-1.013218,0.000000,0.000000,9.810000,-2.322306,0.000000,0.000000,100,1,0,0.000000,0,-2.730115,0.000000,-0.904238,0,-0.213576,0.000000,-0.040484,-2.730115,-0.213576,1,1,1
0.2828,-2.317316,-0.200841,-1.092351,0.200282,-0.902781,-0.045553,0,-0.213576,176,0.000000,0.000000,-2.317316,-1.066196,-2.332834,-1.092351,-2.284995,-2.332834,-1.092351,-0.200841,0.200282,0.000000,0.000000,0.000000,0.000000,0.000000,0.030000,0.110000,0.000000,0.030000,0.000000,0.000000,-9.810000,0.000000,0.000000,0.000000,-2.332834,0.000000,0.000000,0.000000,-2.284995,-1.077360,-0.200829,0.200282,0.000000,0.000000,0,0,1,30,30,0.000000,0.000000,-1.092351,0.000000,0.000000,9.810000,-2.332834,0.000000,0.000000,100,1,0,0.000000,0,-2.747907,0.000000,-0.902781,0,-0.213576,0.000000,-0.045553,-2.747907,-0.213576,1,1,1
0.2933,-2.328089,-0.198798,-1.169603,0.200568,-0.889095,-0.049981,0,-0.213576,176,0.000000,0.000000,-2.328089,-1.086003,-2.344145,-1.169603,-2.284995,-2.344145,-1.169603,-0.198798,0.200568,0.000000,0.000000,0.000000,0.000000,0.000000,0.040000,0.110000,0.000000,0.040000,0.000000,0.000000,-9.810000,0.000000,0.000000,0.000000,-2.344145,0.000000,0.000000,0.000000,-2.284995,-1.077360,-0.198824,0.200568,0.000000,0.000000,0,0,1,30,30,0.000000,0.000000,-1.169603,0.000000,0.000000,9.810000,-2.344145,0.000000,0.000000,100,1,0,0.000000,0,-2.764130,0.000000,-0.889095,0,-0.213576,0.000000,-0.049981,-2.764130,-0.213576,1,1,1
0.3046,-2.338863,-0.196846,-1.243356,0.195280,-0.861432,-0.052985,0,-0.213576,176,0.000000,0.000000,-2.338863,-1.089241,-2.356212,-1.243356,-2.284995,-2.356212,-1.243356,-0.196846,0.195280,0.000000,0.000000,0.000000,0.000000,0.000000,0.050000,0.110000,0.000000,0.050000,0.000000,0.000000,-9.810000,0.000000,0.000000,0.000000,-2.356212,0.000000,0.000000,0.000000,-2.284995,-1.077360,-0.196843,0.195280,0.000000,0.000000,0,0,1,30,30,0.000000,0.000000,-1.243356,0.000000,0.000000,9.810000,-2.356212,0.000000,0.000000,100,1,0,0.000000,0,-2.777985,0.000000,-0.861432,0,-0.213576,0.000000,-0.052985,-2.777985,-0.213576,1,1,1
0.3146,-2.349636,-0.194939,-1.311543,0.183218,-0.821258,-0.056345,0,-0.213576,176,0.000000,0.000000,-2.349636,-1.051209,-2.368990,-1.311543,-2.284995,-2.368990,-1.311543,-0.194939,0.183218,0.000000,0.000000,0.000000,0.000000,0.000000,0.060000,0.110000,0.000000,0.060000,0.000000,0.000000,-9.810000,0.000000,0.000000,0.000000,-2.368990,0.000000,0.000000,0.000000,-2.284995,-1.077360,-0.194947,0.183218,0.000000,0.000000,0,0,1,30,30,0.000000,0.000000,-1.311543,0.000000,0.000000,9.810000,-2.368990,0.000000,0.000000,100,1,0,0.000000,0,-2.788906,0.000000,-0.821258,0,-0.213576,0.000000,-0.056345,-2.788906,-0.213576,1,1,1
0.3247,-2.360410,-0.193190,-1.371917,0.162140,-0.773813,-0.058257,0,-0.213576,176,0.000000,0.000000,-2.360410,-1.093203,-2.382413,-1.371917,-2.284995,-2.382413,-1.371917,-0.193190,0.162140,0.000000,0.000000,0.000000,0.000000,0.000000,0.070000,0.110000,0.000000,0.070000,0.000000,0.000000,-9.810000,0.000000,0.000000,0.000000,-2.382413,0.000000,0.000000,0.000000,-2.284995,-1.077360,-0.193215,0.162140,0.000000,0.000000,0,0,1,30,30,0.000000,0.000000,-1.371917,0.000000,0.000000,9.810000,-2.382413,0.000000,0.000000,100,1,0,0.000000,0,-2.796827,0.000000,-0.773813,0,-0.213576,0.000000,-0.058257,-2.796827,-0.213576,1,1,1
0.3347,-2.371184,-0.191763,-1.423339,0.131797,-0.720093,-0.057893,0,-0.213576,176,0.000000,0.000000,-2.371184,-1.082348,-2.396395,-1.423339,-2.284995,-2.396395,-1.423339,-0.191763,0.131797,0.000000,0.000000,0.000000,0.000000,0.000000,0.080000,0.110000,0.000000,0.080000,0.000000,0.000000,-9.810000,0.000000,0.000000,0.000000,-2.396395,0.000000,0.000000,0.000000,-2.284995,-1.077360,-0.191740,0.131797,0.000000,0.000000,0,0,1,30,30,0.000000,0.000000,-1.423339,0.000000,0.000000,9.810000,-2.396395,0.000000,0.000000,100,1,0,0.000000,0,-2.801748,0.000000,-0.720093,0,-0.213576,0.000000,-0.057893,-2.801748,-0.213576,1,1,1
0.3446,-2.381957,-0.190572,-1.465189,0.092851,-0.660365,-0.057927,0,-0.213576,176,0.000000,0.000000,-2.381957,-1.071701,-2.410845,-1.465189,-2.284995,-2.410845,-1.465189,-0.190572,0.092851,0.000000,0.000000,0.000000,0.000000,0.000000,0.090000,0.110000,0.000000,0.090000,0.000000,0.000000,-9.810000,0.000000,0.000000,0.000000,-2.410845,0.000000,0.000000,0.000000,-2.284995,-1.077360,-0.190610,0.092851,0.000000,0.000000,0,0,1,30,30,0.000000,0.000000,-1.465189,0.000000,0.000000,9.810000,-2.410845,0.000000,0.000000,100,1,0,0.000000,0,-2.803670,0.000000,-0.660365,0,-0.213576,0.000000,-0.057927,-2.803670,-0.213576,1,1,1
0.3547,-2.392731,-0.189941,-1.496465,0.044263,-0.594914,-0.053575,0,-0.213576,176,0.000000,0.000000,-2.392731,-1.062097,-2.425660,-1.496465,-2.284995,-2.425660,-1.496465,-0.189941,0.044263,0.000000,0.000000,0.000000,0.000000,0.000000,0.100000,0.110000,0.000000,0.100000,0.000000,0.000000,-9.810000,0.000000,0.000000,0.000000,-2.425660,0.000000,0.000000,0.000000,-2.284995,-1.077360,-0.189918,0.044263,0.000000,0.000000,0,0,1,30,30,0.000000,0.000000,-1.496465,0.000000,0.000000,9.810000,-2.425660,0.000000,0.000000,100,1,0,0.000000,0,-2.802591,0.000000,-0.594914,0,-0.213576,0.000000,-0.053575,-2.802591,-0.213576,1,1,1
0.3647,-2.449845,-0.189742,-1.525056,0.004640,-0.523843,-0.049654,0,-0.213576,177,0.000000,0.000000,-2.449845,-1.774848,-2.440750,-1.525056,-2.449845,-2.440750,-1.525056,-0.189742,0.004640,0.000000,0.000000,0.000000,0.000000,0.000000,0.000000,0.090000,0.000000,0.000000,0.000000,0.000000,-9.810000,0.000000,0.000000,0.000000,-2.440750,0.000000,0.000000,0.000000,-2.449845,-1.782534,-0.189719,0.004640,0.000000,0.000000,0,0,1,30,30,0.000000,0.000000,-1.525056,0.000000,0.000000,9.810000,-2.440750,0.000000,0.000000,100,1,0,0.000000,0,-2.798512,0.000000,-0.523843,0,-0.213576,0.000000,-0.049654,-2.798512,-0.213576,1,1,1
0.3747,-2.467670,-0.189681,-1.560942,0.001017,-0.445234,-0.048399,0,-0.213576,177,0.000000,0.000000,-2.467670,-1.809770,-2.456195,-1.560942,-2.449845,-2.456195,-1.560942,-0.189681,0.001017,0.000000,0.000000,0.000000,0.000000,0.000000,0.010000,0.090000,0.000000,0.010000,0.000000,0.000000,-9.810000,0.000000,0.000000,0.000000,-2.456195,0.000000,0.000000,0.000000,-2.449845,-1.782534,-0.189691,0.001017,0.000000,0.000000,0,0,1,30,30,0.000000,0.000000,-1.560942,0.000000,0.000000,9.810000,-2.456195,0.000000,0.000000,100,1,0,0.000000,0,-2.791433,0.000000,-0.445234,0,-0.213576,0.000000,-0.048399,-2.791433,-0.213576,1,1,1
0.3847,-2.485496,-0.189725,-1.577052,-0.002533,-0.361105,-0.047270,0,-0.213576,177,0.000000,0.000000,-2.485496,-1.775728,-2.471897,-1.577052,-2.449845,-2.471897,-1.577052,-0.189725,-0.002533,0.000000,0.000000,0.000000,0.000000,0.000000,0.020000,0.090000,0.000000,0.020000,0.000000,0.000000,-9.810000,0.000000,0.000000,0.000000,-2.471897,0.000000,0.000000,0.000000,-2.449845,-1.782534,-0.189702,-0.002533,0.000000,0.000000,0,0,1,30,30,0.000000,0.000000,-1.577052,0.000000,0.000000,9.810000,-2.471897,0.000000,0.000000,100,1,0,0.000000,0,-2.781354,0.000000,-0.361105,0,-0.213576,0.000000,-0.047270,-2.781354,-0.213576,1,1,1
0.3947,-2.503321,-0.189745,-1.578463,-0.005492,-0.272533,-0.047456,0,-0.213576,177,0.000000,0.000000,-2.503321,-1.819029,-2.487683,-1.578463,-2.449845,-2.487683,-1.578463,-0.189745,-0.005492,0.000000,0.000000,0.000000,0.000000,0.000000,0.030000,0.090000,0.000000,0.030000,0.000000,0.000000,-9.810000,0.000000,0.000000,0.000000,-2.487683,0.000000,0.000000,0.000000,-2.449845,-1.782534,-0.189745,-0.005492,0.000000,0.000000,0,0,1,30,30,0.000000,0.000000,-1.578463,0.000000,0.000000,9.810000,-2.487683,0.000000,0.000000,100,1,0,0.000000,0,-2.768275,0.000000,-0.272533,0,-0.213576,0.000000,-0.047456,-2.768275,-0.213576,1,1,1
0.4048,-2.521146,-0.189804,-1.567083,-0.009338,-0.179408,-0.046961,0,-0.213576,177,0.000000,0.000000,-2.521146,-1.807442,-2.503419,-1.567083,-2.449845,-2.503419,-1.567083,-0.189804,-0.009338,0.000000,0.000000,0.000000,0.000000,0.000000,0.040000,0.090000,0.000000,0.040000,0.000000,0.000000,-9.810000,0.000000,0.000000,0.000000,-2.503419,0.000000,0.000000,0.000000,-2.449845,-1.782534,-0.189822,-0.009338,0.000000,0.000000,0,0,1,30,30,0.000000,0.000000,-1.567083,0.000000,0.000000,9.810000,-2.503419,0.000000,0.000000,100,1,0,0.000000,0,-2.752196,0.000000,-0.179408,0,-0.213576,0.000000,-0.046961,-2.752196,-0.213576,1,1,1
0.4144,-2.538972,-0.189958,-1.542598,-0.015824,-0.081920,-0.045700,0,-0.213576,177,0.000000,0.000000,-2.538972,-1.773248,-2.518976,-1.542598,-2.449845,-2.518976,-1.542598,-0.189958,-0.015824,0.000000,0.000000,0.000000,0.000000,0.000000,0.050000,0.090000,0.000000,0.050000,0.000000,0.000000,-9.810000,0.000000,0.000000,0.000000,-2.518976,0.000000,0.000000,0.000000,-2.449845,-1.782534,-0.189947,-0.015824,0.000000,0.000000,0,0,1,30,30,0.000000,0.000000,-1.542598,0.000000,0.000000,9.810000,-2.518976,0.000000,0.000000,100,1,0,0.000000,0,-2.733117,0.000000,-0.081920,0,-0.213576,0.000000,-0.045700,-2.733117,-0.213576,1,1,1
0.4246,-2.556797,-0.190138,-1.503436,-0.029577,0.019558,-0.045073,0,-0.213576,177,0.000000,0.000000,-2.556797,-1.808315,-2.534217,-1.503436,-2.449845,-2.534217,-1.503436,-0.190138,-0.029577,0.000000,0.000000,0.000000,0.000000,0.000000,0.060000,0.090000,0.000000,0.060000,0.000000,0.000000,-9.810000,0.000000,0.000000,0.000000,-2.534217,0.000000,0.000000,0.000000,-2.449845,-1.782534,-0.190167,-0.029577,0.000000,0.000000,0,0,1,30,30,0.000000,0.000000,-1.503436,0.000000,0.000000,9.810000,-2.534217,0.000000,0.000000,100,1,0,0.000000,0,-2.711038,0.000000,0.019558,0,-0.213576,0.000000,-0.045073,-2.711038,-0.213576,1,1,1
0.4346,-2.574622,-0.190580,-1.447647,-0.057287,0.124509,-0.041574,0,-0.213576,177,0.000000,0.000000,-2.574622,-1.749077,-2.548984,-1.447647,-2.449845,-2.548984,-1.447647,-0.190580,-0.057287,0.000000,0.000000,0.000000,0.000000,0.000000,0.070000,0.090000,0.000000,0.070000,0.000000,0.000000,-9.810000,0.000000,0.000000,0.000000,-2.548984,0.000000,0.000000,0.000000,-2.449845,-1.782534,-0.190591,-0.057287,0.000000,0.000000,0,0,1,30,30,0.000000,0.000000,-1.447647,0.000000,0.000000,9.810000,-2.548984,0.000000,0.000000,100,1,0,0.000000,0,-2.685959,0.000000,0.124509,0,-0.213576,0.000000,-0.041574,-2.685959,-0.213576,1,1,1
0.4448,-2.592448,-0.191369,-1.378081,-0.096061,0.232654,-0.036517,0,-0.213576,177,0.000000,0.000000,-2.592448,-1.780373,-2.563122,-1.378081,-2.449845,-2.563122,-1.378081,-0.191369,-0.096061,0.000000,0.000000,0.000000,0.000000,0.000000,0.080000,0.090000,0.000000,0.080000,0.000000,0.000000,-9.810000,0.000000,0.000000,0.000000,-2.563122,0.000000,0.000000,0.000000,-2.449845,-1.782534,-0.191349,-0.096061,0.000000,0.000000,0,0,1,30,30,0.000000,0.000000,-1.378081,0.000000,0.000000,9.810000,-2.563122,0.000000,0.000000,100,1,0,0.000000,0,-2.657880,0.000000,0.232654,0,-0.213576,0.000000,-0.036517,-2.657880,-0.213576,1,1,1
0.4546,-2.592618,-0.192580,-1.292594,-0.147096,0.343817,-0.029881,0,-0.213576,178,0.000000,0.000000,-2.592618,-1.415932,-2.576487,-1.292594,-2.592618,-2.576487,-1.292594,-0.192580,-0.147096,0.000000,0.000000,0.000000,0.000000,0.000000,0.000000,0.100000,0.000000,0.000000,0.000000,0.000000,-9.810000,0.000000,0.000000,0.000000,-2.576487,0.000000,0.000000,0.000000,-2.592618,-1.412235,-0.192553,-0.147096,0.000000,0.000000,0,0,1,30,30,0.000000,0.000000,-1.292594,0.000000,0.000000,9.810000,-2.576487,0.000000,0.000000,100,1,0,0.000000,0,-2.626801,0.000000,0.343817,0,-0.213576,0.000000,-0.029881,-2.626801,-0.213576,1,1,1
0.4645,-2.606740,-0.194346,-1.190065,-0.210513,0.457428,-0.020802,0,-0.213576,178,0.000000,0.000000,-2.606740,-1.405648,-2.588913,-1.190065,-2.592618,-2.588913,-1.190065,-0.194346,-0.210513,0.000000,0.000000,0.000000,0.000000,0.000000,0.010000,0.100000,0.000000,0.010000,0.000000,0.000000,-9.810000,0.000000,0.000000,0.000000,-2.588913,0.000000,0.000000,0.000000,-2.592618,-1.412235,-0.194330,-0.210513,0.000000,0.000000,0,0,1,30,30,0.000000,0.000000,-1.190065,0.000000,0.000000,9.810000,-2.588913,0.000000,0.000000,100,1,0,0.000000,0,-2.592722,0.000000,0.457428,0,-0.213576,0.000000,-0.020802,-2.592722,-0.213576,1,1,1
0.4744,-2.620862,-0.196797,-1.070659,-0.284767,0.573123,-0.009052,0,-0.213576,178,0.000000,0.000000,-2.620862,-1.405177,-2.600229,-1.070659,-2.592618,-2.600229,-1.070659,-0.196797,-0.284767,0.000000,0.000000,0.000000,0.000000,0.000000,0.020000,0.100000,0.000000,0.020000,0.000000,0.000000,-9.810000,0.000000,0.000000,0.000000,-2.600229,0.000000,0.000000,0.000000,-2.592618,-1.412235,-0.196795,-0.284767,0.000000,0.000000,0,0,1,30,30,0.000000,0.000000,-1.070659,0.000000,0.000000,9.810000,-2.600229,0.000000,0.000000,100,1,0,0.000000,0,-2.555643,0.000000,0.573123,0,-0.213576,0.000000,-0.009052,-2.555643,-0.213576,1,1,1
0.4846,-2.634985,-0.200017,-0.934690,-0.368080,0.690592,0.005083,0,-0.213576,178,0.000000,0.000000,-2.634985,-1.397893,-2.610269,-0.934690,-2.592618,-2.610269,-0.934690,-0.200017,-0.368080,0.000000,0.000000,0.000000,0.000000,0.000000,0.030000,0.100000,0.000000,0.030000,0.000000,0.000000,-9.810000,0.000000,0.000000,0.000000,-2.610269,0.000000,0.000000,0.000000,-2.592618,-1.412235,-0.200048,-0.368080,0.000000,0.000000,0,0,1,30,30,0.000000,0.000000,-0.934690,0.000000,0.000000,9.810000,-2.610269,0.000000,0.000000,100,1,0,0.000000,0,-2.515564,0.000000,0.690592,0,-0.213576,0.000000,0.005083,-2.515564,-0.213576,1,1,1
0.4946,-2.649107,-0.204136,-0.782471,-0.458842,0.809538,0.022309,0,-0.213576,178,0.000000,0.000000,-2.649107,-1.419202,-2.618867,-0.782471,-2.592618,-2.618867,-0.782471,-0.204136,-0.458842,0.000000,0.000000,0.000000,0.000000,0.000000,0.040000,0.100000,0.000000,0.040000,0.000000,0.000000,-9.810000,0.000000,0.000000,0.000000,-2.618867,0.000000,0.000000,0.000000,-2.592618,-1.412235,-0.204172,-0.458842,0.000000,0.000000,0,0,1,30,30,0.000000,0.000000,-0.782471,0.000000,0.000000,9.810000,-2.618867,0.000000,0.000000,100,1,0,0.000000,0,-2.472485,0.000000,0.809538,0,-0.213576,0.000000,0.022309,-2.472485,-0.213576,1,1,1
0.5046,-2.663230,-0.209241,-0.614482,-0.554954,0.929681,0.042375,0,-0.213576,178,0.000000,0.000000,-2.663230,-1.409975,-2.625865,-0.614482,-2.592618,-2.625865,-0.614482,-0.209241,-0.554954,0.000000,0.000000,0.000000,0.000000,0.000000,0.050000,0.100000,0.000000,0.050000,0.000000,0.000000,-9.810000,0.000000,0.000000,0.000000,-2.625865,0.000000,0.000000,0.000000,-2.592618,-1.412235,-0.209230,-0.554954,0.000000,0.000000,0,0,1,30,30,0.000000,0.000000,-0.614482,0.000000,0.000000,9.810000,-2.625865,0.000000,0.000000,100,1,0,0.000000,0,-2.426406,0.000000,0.929681,0,-0.213576,0.000000,0.042375,-2.426406,-0.213576,1,1,1
0.5147,-2.677352,-0.215277,-0.431201,-0.654475,1.000000,0.063768,0,-0.213576,178,0.000000,0.000000,-2.677352,-1.437068,-2.631106,-0.431201,-2.592618,-2.631106,-0.431201,-0.215277,-0.654475,0.000000,0.000000,0.000000,0.000000,0.000000,0.060000,0.100000,0.000000,0.060000,0.000000,0.000000,-9.810000,0.000000,0.000000,0.000000,-2.631106,0.000000,0.000000,0.000000,-2.592618,-1.412235,-0.215266,-0.654475,0.000000,0.000000,0,0,1,30,30,0.000000,0.000000,-0.431201,0.000000,0.000000,9.810000,-2.631106,0.000000,0.000000,100,1,0,0.000000,0,-2.377327,0.000000,1.000000,0,-0.213576,0.000000,0.063768,-2.377327,-0.213576,1,1,1
0.5246,-2.691474,-0.222239,-0.247146,-0.742705,1.000000,0.086941,0,-0.213576,178,0.000000,0.000000,-2.691474,-1.409717,-2.634497,-0.247146,-2.592618,-2.634497,-0.247146,-0.222239,-0.742705,0.000000,0.000000,0.000000,0.000000,0.000000,0.070000,0.100000,0.000000,0.070000,0.000000,0.000000,-9.810000,0.000000,0.000000,0.000000,-2.634497,0.000000,0.000000,0.000000,-2.592618,-1.412235,-0.222253,-0.742705,0.000000,0.000000,0,0,1,30,30,0.000000,0.000000,-0.247146,0.000000,0.000000,9.810000,-2.634497,0.000000,0.000000,100,1,0,0.000000,0,-2.325248,0.000000,1.000000,0,-0.213576,0.000000,0.086941,-2.325248,-0.213576,1,1,1
0.5346,-2.705597,-0.230016,-0.069186,-0.812321,1.000000,0.110658,0,-0.213576,178,0.000000,0.000000,-2.705597,-1.394756,-2.636077,-0.069186,-2.592618,-2.636077,-0.069186,-0.230016,-0.812321,0.000000,0.000000,0.000000,0.000000,0.000000,0.080000,0.100000,0.000000,0.080000,0.000000,0.000000,-9.810000,0.000000,0.000000,0.000000,-2.636077,0.000000,0.000000,0.000000,-2.592618,-1.412235,-0.230031,-0.812321,0.000000,0.000000,0,0,1,30,30,0.000000,0.000000,-0.069186,0.000000,0.000000,9.810000,-2.636077,0.000000,0.000000,100,1,0,0.000000,0,-2.270223,0.000000,1.000000,0,-0.213576,0.000000,0.110658,-2.270223,-0.213576,1,1,1
0.5448,-2.719719,-0.238247,0.054933,-0.817201,1.000000,0.131648,0,-0.213576,178,0.000000,0.000000,-2.719719,-1.420474,-2.636051,0.054933,-2.592618,-2.636051,0.054933,-0.238247,-0.817201,0.000000,0.000000,0.000000,0.000000,0.000000,0.090000,0.100000,0.000000,0.090000,0.000000,0.000000,-9.810000,0.000000,0.000000,0.000000,-2.636051,0.000000,0.000000,0.000000,-2.592618,-1.412235,-0.238272,-0.817201,0.000000,0.000000,0,0,1,30,30,0.000000,0.000000,0.054933,0.000000,0.000000,9.810000,-2.636051,0.000000,0.000000,100,1,0,0.000000,0,-2.212792,0.000000,1.000000,0,-0.213576,0.000000,0.131648,-2.212792,-0.213576,1,1,1
0.5548,-2.652339,-0.246246,0.143140,-0.777131,1.000000,0.145323,0,-0.213576,179,0.000000,0.000000,-2.652339,0.369197,-2.635061,0.143140,-2.652339,-2.635061,0.143140,-0.246246,-0.777131,0.000000,0.000000,0.000000,0.000000,0.000000,0.000000,0.100000,0.000000,0.000000,0.000000,0.000000,-9.810000,0.000000,0.000000,0.000000,-2.635061,0.000000,0.000000,0.000000,-2.652339,0.364459,-0.246243,-0.777131,0.000000,0.000000,0,0,1,30,30,0.000000,0.000000,0.143140,0.000000,0.000000,9.810000,-2.635061,0.000000,0.000000,100,1,0,0.000000,0,-2.153751,0.000000,1.000000,0,-0.213576,0.000000,0.145323,-2.153751,-0.213576,1,1,1
0.5647,-2.648695,-0.253727,0.228503,-0.728090,1.000000,0.155117,0,-0.213576,179,0.000000,0.000000,-2.648695,0.361315,-2.633202,0.228503,-2.652339,-2.633202,0.228503,-0.253727,-0.728090,0.000000,0.000000,0.000000,0.000000,0.000000,0.010000,0.100000,0.000000,0.010000,0.000000,0.000000,-9.810000,0.000000,0.000000,0.000000,-2.633202,0.000000,0.000000,0.000000,-2.652339,0.364459,-0.253769,-0.728090,0.000000,0.000000,0,0,1,30,30,0.000000,0.000000,0.228503,0.000000,0.000000,9.810000,-2.633202,0.000000,0.000000,100,1,0,0.000000,0,-2.093902,0.000000,1.000000,0,-0.213576,0.000000,0.155117,-2.093902,-0.213576,1,1,1
0.5746,-2.645050,-0.260801,0.311469,-0.672562,1.000000,0.165187,0,-0.213576,179,0.000000,0.000000,-2.645050,0.358895,-2.630502,0.311469,-2.652339,-2.630502,0.311469,-0.260801,-0.672562,0.000000,0.000000,0.000000,0.000000,0.000000,0.020000,0.100000,0.000000,0.020000,0.000000,0.000000,-9.810000,0.000000,0.000000,0.000000,-2.630502,0.000000,0.000000,0.000000,-2.652339,0.364459,-0.260772,-0.672562,0.000000,0.000000,0,0,1,30,30,0.000000,0.000000,0.311469,0.000000,0.000000,9.810000,-2.630502,0.000000,0.000000,100,1,0,0.000000,0,-2.034044,0.000000,1.000000,0,-0.213576,0.000000,0.165187,-2.034044,-0.213576,1,1,1
0.5845,-2.641406,-0.267155,0.392023,-0.610488,1.000000,0.170696,0,-0.213576,179,0.000000,0.000000,-2.641406,0.366519,-2.626984,0.392023,-2.652339,-2.626984,0.392023,-0.267155,-0.610488,0.000000,0.000000,0.000000,0.000000,0.000000,0.030000,0.100000,0.000000,0.030000,0.000000,0.000000,-9.810000,0.000000,0.000000,0.000000,-2.626984,0.000000,0.000000,0.000000,-2.652339,0.364459,-0.267187,-0.610488,0.000000,0.000000,0,0,1,30,30,0.000000,0.000000,0.392023,0.000000,0.000000,9.810000,-2.626984,0.000000,0.000000,100,1,0,0.000000,0,-1.974977,0.000000,1.000000,0,-0.213576,0.000000,0.170696,-1.974977,-0.213576,1,1,1
0.5945,-2.637761,-0.272945,0.471032,-0.545058,1.000000,0.176636,0,-0.213576,179,0.000000,0.000000,-2.637761,0.365150,-2.622669,0.471032,-2.652339,-2.622669,0.471032,-0.272945,-0.545058,0.000000,0.000000,0.000000,0.000000,0.000000,0.040000,0.100000,0.000000,0.040000,0.000000,0.000000,-9.810000,0.000000,0.000000,0.000000,-2.622669,0.000000,0.000000,0.000000,-2.652339,0.364459,-0.272965,-0.545058,0.000000,0.000000,0,0,1,30,30,0.000000,0.000000,0.471032,0.000000,0.000000,9.810000,-2.622669,0.000000,0.000000,100,1,0,0.000000,0,-1.917502,0.000000,1.000000,0,-0.213576,0.000000,0.176636,-1.917502,-0.213576,1,1,1
0.6029,-2.634116,-0.278080,0.548433,-0.476047,1.000000,0.180358,0,-0.213576,179,0.000000,0.000000,-2.634116,0.357185,-2.617571,0.548433,-2.652339,-2.617571,0.548433,-0.278080,-0.476047,0.000000,0.000000,0.000000,0.000000,0.000000,0.050000,0.100000,0.000000,0.050000,0.000000,0.000000,-9.810000,0.000000,0.000000,0.000000,-2.617571,0.000000,0.000000,0.000000,-2.652339,0.364459,-0.278070,-0.476047,0.000000,0.000000,0,0,1,30,30,0.000000,0.000000,0.548433,0.000000,0.000000,9.810000,-2.617571,0.000000,0.000000,100,1,0,0.000000,0,-1.862416,0.000000,1.000000,0,-0.213576,0.000000,0.180358,-1.862416,-0.213576,1,1,1
0.6128,-2.630472,-0.282459,0.624657,-0.405021,1.000000,0.181558,0,-0.213576,179,0.000000,0.000000,-2.630472,0.357629,-2.611705,0.624657,-2.652339,-2.611705,0.624657,-0.282459,-0.405021,0.000000,0.000000,0.000000,0.000000,0.000000,0.060000,0.100000,0.000000,0.060000,0.000000,0.000000,-9.810000,0.000000,0.000000,0.000000,-2.611705,0.000000,0.000000,0.000000,-2.652339,0.364459,-0.282475,-0.405021,0.000000,0.000000,0,0,1,30,30,0.000000,0.000000,0.624657,0.000000,0.000000,9.810000,-2.611705,0.000000,0.000000,100,1,0,0.000000,0,-1.810271,0.000000,1.000000,0,-0.213576,0.000000,0.181558,-1.810271,-0.213576,1,1,1
0.6228,-2.626827,-0.286193,0.700162,-0.333701,1.000000,0.182577,0,-0.213576,179,0.000000,0.000000,-2.626827,0.358820,-2.605081,0.700162,-2.652339,-2.605081,0.700162,-0.286193,-0.333701,0.000000,0.000000,0.000000,0.000000,0.000000,0.070000,0.100000,0.000000,0.070000,0.000000,0.000000,-9.810000,0.000000,0.000000,0.000000,-2.605081,0.000000,0.000000,0.000000,-2.652339,0.364459,-0.286168,-0.333701,0.000000,0.000000,0,0,1,30,30,0.000000,0.000000,0.700162,0.000000,0.000000,9.810000,-2.605081,0.000000,0.000000,100,1,0,0.000000,0,-1.761126,0.000000,1.000000,0,-0.213576,0.000000,0.182577,-1.761126,-0.213576,1,1,1
0.6328,-2.623183,-0.289126,0.774981,-0.262213,1.000000,0.180422,0,-0.213576,179,0.000000,0.000000,-2.623183,0.366332,-2.597704,0.774981,-2.652339,-2.597704,0.774981,-0.289126,-0.262213,0.000000,0.000000,0.000000,0.000000,0.000000,0.080000,0.100000,0.000000,0.080000,0.000000,0.000000,-9.810000,0.000000,0.000000,0.000000,-2.597704,0.000000,0.000000,0.000000,-2.652339,0.364459,-0.289147,-0.262213,0.000000,0.000000,0,0,1,30,30,0.000000,0.000000,0.774981,0.000000,0.000000,9.810000,-2.597704,0.000000,0.000000,100,1,0,0.000000,0,-1.714981,0.000000,1.000000,0,-0.213576,0.000000,0.180422,-1.714981,-0.213576,1,1,1
0.6448,-2.619538,-0.291410,0.849680,-0.192684,1.000000,0.178506,0,-0.213576,179,0.000000,0.000000,-2.619538,0.363880,-2.589581,0.849680,-2.652339,-2.589581,0.849680,-0.291410,-0.192684,0.000000,0.000000,0.000000,0.000000,0.000000,0.090000,0.100000,0.000000,0.090000,0.000000,0.000000,-9.810000,0.000000,0.000000,0.000000,-2.589581,0.000000,0.000000,0.000000,-2.652339,0.364459,-0.291421,-0.192684,0.000000,0.000000,0,0,1,30,30,0.000000,0.000000,0.849680,0.000000,0.000000,9.810000,-2.589581,0.000000,0.000000,100,1,0,0.000000,0,-1.671836,0.000000,1.000000,0,-0.213576,0.000000,0.178506,-1.671836,-0.213576,1,1,1
0.6546,-2.568599,-0.293013,0.924198,-0.124905,1.000000,0.174906,0,-0.213576,180,0.000000,0.000000,-2.568599,1.232573,-2.580711,0.924198,-2.568599,-2.580711,0.924198,-0.293013,-0.124905,0.000000,0.000000,0.000000,0.000000,0.000000,0.000000,0.100000,0.000000,0.000000,0.000000,0.000000,-9.810000,0.000000,0.000000,0.000000,-2.580711,0.000000,0.000000,0.000000,-2.568599,1.225980,-0.293009,-0.124905,0.000000,0.000000,0,0,1,30,30,0.000000,0.000000,0.924198,0.000000,0.000000,9.810000,-2.580711,0.000000,0.000000,100,1,0,0.000000,0,-1.631691,0.000000,1.000000,0,-0.213576,0.000000,0.174906,-1.631691,-0.213576,1,1,1
0.6646,-2.556339,-0.293921,0.998834,-0.059979,1.000000,0.169775,0,-0.213576,180,0.000000,0.000000,-2.556339,1.212559,-2.571095,0.998834,-2.568599,-2.571095,0.998834,-0.293921,-0.059979,0.000000,0.000000,0.000000,0.000000,0.000000,0.010000,0.100000,0.000000,0.010000,0.000000,0.000000,-9.810000,0.000000,0.000000,0.000000,-2.571095,0.000000,0.000000,0.000000,-2.568599,1.225980,-0.293933,-0.059979,0.000000,0.000000,0,0,1,30,30,0.000000,0.000000,0.998834,0.000000,0.000000,9.810000,-2.571095,0.000000,0.000000,100,1,0,0.000000,0,-1.594546,0.000000,1.000000,0,-0.213576,0.000000,0.169775,-1.594546,-0.213576,1,1,1
0.6745,-2.544079,-0.294275,1.094928,-0.019550,1.000000,0.164929,0,-0.213576,180,0.000000,0.000000,-2.544079,1.233497,-2.560664,1.094928,-2.568599,-2.560664,1.094928,-0.294275,-0.019550,0.000000,0.000000,0.000000,0.000000,0.000000,0.020000,0.100000,0.000000,0.020000,0.000000,0.000000,-9.810000,0.000000,0.000000,0.000000,-2.560664,0.000000,0.000000,0.000000,-2.568599,1.225980,-0.294292,-0.019550,0.000000,0.000000,0,0,1,30,30,0.000000,0.000000,1.094928,0.000000,0.000000,9.810000,-2.560664,0.000000,0.000000,100,1,0,0.000000,0,-1.560401,0.000000,1.000000,0,-0.213576,0.000000,0.164929,-1.560401,-0.213576,1,1,1
0.6844,-2.531819,-0.294409,1.196406,-0.003351,1.000000,0.163012,0,-0.213576,180,0.000000,0.000000,-2.531819,1.229806,-2.549198,1.196406,-2.568599,-2.549198,1.196406,-0.294409,-0.003351,0.000000,0.000000,0.000000,0.000000,0.000000,0.030000,0.100000,0.000000,0.030000,0.000000,0.000000,-9.810000,0.000000,0.000000,0.000000,-2.549198,0.000000,0.000000,0.000000,-2.568599,1.225980,-0.294386,-0.003351,0.000000,0.000000,0,0,1,30,30,0.000000,0.000000,1.196406,0.000000,0.000000,9.810000,-2.549198,0.000000,0.000000,100,1,0,0.000000,0,-1.529256,0.000000,1.000000,0,-0.213576,0.000000,0.163012,-1.529256,-0.213576,1,1,1
0.6945,-2.519559,-0.294408,1.289316,-0.001469,1.000000,0.161651,0,-0.213576,180,0.000000,0.000000,-2.519559,1.234444,-2.536764,1.289316,-2.568599,-2.536764,1.289316,-0.294408,-0.001469,0.000000,0.000000,0.000000,0.000000,0.000000,0.040000,0.100000,0.000000,0.040000,0.000000,0.000000,-9.810000,0.000000,0.000000,0.000000,-2.536764,0.000000,0.000000,0.000000,-2.568599,1.225980,-0.294408,-0.001469,0.000000,0.000000,0,0,1,30,30,0.000000,0.000000,1.289316,0.000000,0.000000,9.810000,-2.536764,0.000000,0.000000,100,1,0,0.000000,0,-1.501111,0.000000,1.000000,0,-0.213576,0.000000,0.161651,-1.501111,-0.213576,1,1,1
0.7045,-2.507300,-0.294427,1.378603,-0.001109,1.000000,0.161889,0,-0.213576,180,0.000000,0.000000,-2.507300,1.220062,-2.523423,1.378603,-2.568599,-2.523423,1.378603,-0.294427,-0.001109,0.000000,0.000000,0.000000,0.000000,0.000000,0.050000,0.100000,0.000000,0.050000,0.000000,0.000000,-9.810000,0.000000,0.000000,0.000000,-2.523423,0.000000,0.000000,0.000000,-2.568599,1.225980,-0.294421,-0.001109,0.000000,0.000000,0,0,1,30,30,0.000000,0.000000,1.378603,0.000000,0.000000,9.810000,-2.523423,0.000000,0.000000,100,1,0,0.000000,0,-1.475966,0.000000,1.000000,0,-0.213576,0.000000,0.161889,-1.475966,-0.213576,1,1,1
0.7144,-2.495040,-0.294413,1.466606,-0.000884,1.000000,0.161535,0,-0.213576,180,0.000000,0.000000,-2.495040,1.217518,-2.509196,1.466606,-2.568599,-2.509196,1.466606,-0.294413,-0.000884,0.000000,0.000000,0.000000,0.000000,0.000000,0.060000,0.100000,0.000000,0.060000,0.000000,0.000000,-9.810000,0.000000,0.000000,0.000000,-2.509196,0.000000,0.000000,0.000000,-2.568599,1.225980,-0.294431,-0.000884,0.000000,0.000000,0,0,1,30,30,0.000000,0.000000,1.466606,0.000000,0.000000,9.810000,-2.509196,0.000000,0.000000,100,1,0,0.000000,0,-1.453821,0.000000,1.000000,0,-0.213576,0.000000,0.161535,-1.453821,-0.213576,1,1,1
0.7244,-2.482780,-0.294459,1.553820,-0.000768,1.000000,0.162226,0,-0.213576,180,0.000000,0.000000,-2.482780,1.208594,-2.494093,1.553820,-2.568599,-2.494093,1.553820,-0.294459,-0.000768,0.000000,0.000000,0.000000,0.000000,0.000000,0.070000,0.100000,0.000000,0.070000,0.000000,0.000000,-9.810000,0.000000,0.000000,0.000000,-2.494093,0.000000,0.000000,0.000000,-2.568599,1.225980,-0.294439,-0.000768,0.000000,0.000000,0,0,1,30,30,0.000000,0.000000,1.553820,0.000000,0.000000,9.810000,-2.494093,0.000000,0.000000,100,1,0,0.000000,0,-1.434676,0.000000,1.000000,0,-0.213576,0.000000,0.162226,-1.434676,-0.213576,1,1,1
0.7345,-2.470520,-0.294413,1.640260,-0.000550,1.000000,0.161216,0,-0.213576,180,0.000000,0.000000,-2.470520,1.221950,-2.478122,1.640260,-2.568599,-2.478122,1.640260,-0.294413,-0.000550,0.000000,0.000000,0.000000,0.000000,0.000000,0.080000,0.100000,0.000000,0.080000,0.000000,0.000000,-9.810000,0.000000,0.000000,0.000000,-2.478122,0.000000,0.000000,0.000000,-2.568599,1.225980,-0.294445,-0.000550,0.000000,0.000000,0,0,1,30,30,0.000000,0.000000,1.640260,0.000000,0.000000,9.810000,-2.478122,0.000000,0.000000,100,1,0,0.000000,0,-1.418531,0.000000,1.000000,0,-0.213576,0.000000,0.161216,-1.418531,-0.213576,1,1,1
0.7445,-2.458260,-0.294484,1.726006,-0.000508,1.000000,0.162523,0,-0.213576,180,0.000000,0.000000,-2.458260,1.238906,-2.461290,1.726006,-2.568599,-2.461290,1.726006,-0.294484,-0.000508,0.000000,0.000000,0.000000,0.000000,0.000000,0.090000,0.100000,0.000000,0.090000,0.000000,0.000000,-9.810000,0.000000,0.000000,0.000000,-2.461290,0.000000,0.000000,0.000000,-2.568599,1.225980,-0.294451,-0.000508,0.000000,0.000000,0,0,1,30,30,0.000000,0.000000,1.726006,0.000000,0.000000,9.810000,-2.461290,0.000000,0.000000,100,1,0,0.000000,0,-1.405386,0.000000,1.000000,0,-0.213576,0.000000,0.162523,-1.405386,-0.213576,1,1,1
0.7546,-2.430057,-0.294478,1.810960,-0.000229,1.000000,0.161742,0,-0.213576,181,0.000000,0.000000,-2.430057,1.662172,-2.443605,1.810960,-2.430057,-2.443605,1.810960,-0.294478,-0.000229,0.000000,0.000000,0.000000,0.000000,0.000000,0.000000,0.080000,0.000000,0.000000,0.000000,0.000000,-9.810000,0.000000,0.000000,0.000000,-2.443605,0.000000,0.000000,0.000000,-2.430057,1.640041,-0.294454,-0.000229,0.000000,0.000000,0,0,1,30,30,0.000000,0.000000,1.810960,0.000000,0.000000,9.810000,-2.443605,0.000000,0.000000,100,1,0,0.000000,0,-1.395241,0.000000,1.000000,0,-0.213576,0.000000,0.161742,-1.395241,-0.213576,1,1,1
0.7646,-2.413657,-0.294458,1.895242,-0.000164,1.000000,0.161565,0,-0.213576,181,0.000000,0.000000,-2.413657,1.598688,-2.425073,1.895242,-2.430057,-2.425073,1.895242,-0.294458,-0.000164,0.000000,0.000000,0.000000,0.000000,0.000000,0.010000,0.080000,0.000000,0.010000,0.000000,0.000000,-9.810000,0.000000,0.000000,0.000000,-2.425073,0.000000,0.000000,0.000000,-2.430057,1.640041,-0.294456,-0.000164,0.000000,0.000000,0,0,1,30,30,0.000000,0.000000,1.895242,0.000000,0.000000,9.810000,-2.425073,0.000000,0.000000,100,1,0,0.000000,0,-1.388097,0.000000,1.000000,0,-0.213576,0.000000,0.161565,-1.388097,-0.213576,1,1,1
0.7745,-2.397256,-0.294426,1.978787,-0.000039,1.000000,0.161377,0,-0.213576,181,0.000000,0.000000,-2.397256,1.658449,-2.405703,1.978787,-2.430057,-2.405703,1.978787,-0.294426,-0.000039,0.000000,0.000000,0.000000,0.000000,0.000000,0.020000,0.080000,0.000000,0.020000,0.000000,0.000000,-9.810000,0.000000,0.000000,0.000000,-2.405703,0.000000,0.000000,0.000000,-2.430057,1.640041,-0.294457,-0.000039,0.000000,0.000000,0,0,1,30,30,0.000000,0.000000,1.978787,0.000000,0.000000,9.810000,-2.405703,0.000000,0.000000,100,1,0,0.000000,0,-1.383952,0.000000,1.000000,0,-0.213576,0.000000,0.161377,-1.383952,-0.213576,1,1,1
0.7846,-2.380856,-0.294422,2.061618,0.000085,1.000000,0.161659,0,-0.213576,181,0.000000,0.000000,-2.380856,1.625759,-2.385500,2.061618,-2.430057,-2.385500,2.061618,-0.294422,0.000085,0.000000,0.000000,0.000000,0.000000,0.000000,0.030000,0.080000,0.000000,0.030000,0.000000,0.000000,-9.810000,0.000000,0.000000,0.000000,-2.385500,0.000000,0.000000,0.000000,-2.430057,1.640041,-0.294457,0.000085,0.000000,0.000000,0,0,1,30,30,0.000000,0.000000,2.061618,0.000000,0.000000,9.810000,-2.385500,0.000000,0.000000,100,1,0,0.000000,0,-1.382807,0.000000,1.000000,0,-0.213576,0.000000,0.161659,-1.382807,-0.213576,1,1,1
0.7945,-2.364456,-0.294463,2.143729,0.000256,1.000000,0.162179,0,-0.213576,181,0.000000,0.000000,-2.364456,1.603502,-2.364473,2.143729,-2.430057,-2.364473,2.143729,-0.294463,0.000256,0.000000,0.000000,0.000000,0.000000,0.000000,0.040000,0.080000,0.000000,0.040000,0.000000,0.000000,-9.810000,0.000000,0.000000,0.000000,-2.364473,0.000000,0.000000,0.000000,-2.430057,1.640041,-0.294456,0.000256,0.000000,0.000000,0,0,1,30,30,0.000000,0.000000,2.143729,0.000000,0.000000,9.810000,-2.364473,0.000000,0.000000,100,1,0,0.000000,0,-1.384662,0.000000,1.000000,0,-0.213576,0.000000,0.162179,-1.384662,-0.213576,1,1,1
0.8046,-2.348055,-0.294429,2.225130,0.000452,1.000000,0.161364,0,-0.213576,181,0.000000,0.000000,-2.348055,1.633199,-2.342628,2.225130,-2.430057,-2.342628,2.225130,-0.294429,0.000452,0.000000,0.000000,0.000000,0.000000,0.000000,0.050000,0.080000,0.000000,0.050000,0.000000,0.000000,-9.810000,0.000000,0.000000,0.000000,-2.342628,0.000000,0.000000,0.000000,-2.430057,1.640041,-0.294452,0.000452,0.000000,0.000000,0,0,1,30,30,0.000000,0.000000,2.225130,0.000000,0.000000,9.810000,-2.342628,0.000000,0.000000,100,1,0,0.000000,0,-1.389517,0.000000,1.000000,0,-0.213576,0.000000,0.161364,-1.389517,-0.213576,1,1,1
0.8146,-2.331655,-0.294428,2.305868,0.000512,1.000000,0.161698,0,-0.213576,181,0.000000,0.000000,-2.331655,1.661334,-2.319972,2.305868,-2.430057,-2.319972,2.305868,-0.294428,0.000512,0.000000,0.000000,0.000000,0.000000,0.000000,0.060000,0.080000,0.000000,0.060000,0.000000,0.000000,-9.810000,0.000000,0.000000,0.000000,-2.319972,0.000000,0.000000,0.000000,-2.430057,1.640041,-0.294447,0.000512,0.000000,0.000000,0,0,1,30,30,0.000000,0.000000,2.305868,0.000000,0.000000,9.810000,-2.319972,0.000000,0.000000,100,1,0,0.000000,0,-1.397372,0.000000,1.000000,0,-0.213576,0.000000,0.161698,-1.397372,-0.213576,1,1,1
0.8248,-2.315254,-0.294424,2.385884,0.000689,1.000000,0.161653,0,-0.213576,181,0.000000,0.000000,-2.315254,1.617891,-2.296513,2.385884,-2.430057,-2.296513,2.385884,-0.294424,0.000689,0.000000,0.000000,0.000000,0.000000,0.000000,0.070000,0.080000,0.000000,0.070000,0.000000,0.000000,-9.810000,0.000000,0.000000,0.000000,-2.296513,0.000000,0.000000,0.000000,-2.430057,1.640041,-0.294441,0.000689,0.000000,0.000000,0,0,1,30,30,0.000000,0.000000,2.385884,0.000000,0.000000,9.810000,-2.296513,0.000000,0.000000,100,1,0,0.000000,0,-1.408227,0.000000,1.000000,0,-0.213576,0.000000,0.161653,-1.408227,-0.213576,1,1,1
0.8346,-2.271923,-0.294467,2.465222,0.000828,1.000000,0.162213,0,-0.213576,182,0.000000,0.000000,-2.271923,2.317410,-2.272257,2.465222,-2.271923,-2.272257,2.465222,-0.294467,0.000828,0.000000,0.000000,0.000000,0.000000,0.000000,0.000000,0.090000,0.000000,0.000000,0.000000,0.000000,-9.810000,0.000000,0.000000,0.000000,-2.272257,0.000000,0.000000,0.000000,-2.271923,2.305673,-0.294434,0.000828,0.000000,0.000000,0,0,1,30,30,0.000000,0.000000,2.465222,0.000000,0.000000,9.810000,-2.272257,0.000000,0.000000,100,1,0,0.000000,0,-1.422082,0.000000,1.000000,0,-0.213576,0.000000,0.162213,-1.422082,-0.213576,1,1,1
0.8446,-2.248867,-0.294403,2.543864,0.001030,1.000000,0.161018,0,-0.213576,182,0.000000,0.000000,-2.248867,2.258015,-2.247211,2.543864,-2.271923,-2.247211,2.543864,-0.294403,0.001030,0.000000,0.000000,0.000000,0.000000,0.000000,0.010000,0.090000,0.000000,0.010000,0.000000,0.000000,-9.810000,0.000000,0.000000,0.000000,-2.247211,0.000000,0.000000,0.000000,-2.271923,2.305673,-0.294424,0.001030,0.000000,0.000000,0,0,1,30,30,0.000000,0.000000,2.543864,0.000000,0.000000,9.810000,-2.247211,0.000000,0.000000,100,1,0,0.000000,0,-1.438937,0.000000,1.000000,0,-0.213576,0.000000,0.161018,-1.438937,-0.213576,1,1,1
0.8545,-2.225810,-0.294440,2.621874,0.001052,1.000000,0.162092,0,-0.213576,182,0.000000,0.000000,-2.225810,2.301521,-2.221382,2.621874,-2.271923,-2.221382,2.621874,-0.294440,0.001052,0.000000,0.000000,0.000000,0.000000,0.000000,0.020000,0.090000,0.000000,0.020000,0.000000,0.000000,-9.810000,0.000000,0.000000,0.000000,-2.221382,0.000000,0.000000,0.000000,-2.271923,2.305673,-0.294414,0.001052,0.000000,0.000000,0,0,1,30,30,0.000000,0.000000,2.621874,0.000000,0.000000,9.810000,-2.221382,0.000000,0.000000,100,1,0,0.000000,0,-1.458792,0.000000,1.000000,0,-0.213576,0.000000,0.162092,-1.458792,-0.213576,1,1,1
0.8645,-2.202753,-0.294395,2.699153,0.001309,0.931651,0.161185,0,-0.213576,182,0.000000,0.000000,-2.202753,2.300873,-2.194776,2.699153,-2.271923,-2.194776,2.699153,-0.294395,0.001309,0.000000,0.000000,0.000000,0.000000,0.000000,0.030000,0.090000,0.000000,0.030000,0.000000,0.000000,-9.810000,0.000000,0.000000,0.000000,-2.194776,0.000000,0.000000,0.000000,-2.271923,2.305673,-0.294402,0.001309,0.000000,0.000000,0,0,1,30,30,0.000000,0.000000,2.699153,0.000000,0.000000,9.810000,-2.194776,0.000000,0.000000,100,1,0,0.000000,0,-1.481647,0.000000,0.931651,0,-0.213576,0.000000,0.161185,-1.481647,-0.213576,1,1,1
0.8745,-2.179696,-0.294407,2.767572,0.003459,0.787902,0.161789,0,-0.213576,182,0.000000,0.000000,-2.179696,2.303763,-2.167435,2.767572,-2.271923,-2.167435,2.767572,-0.294407,0.003459,0.000000,0.000000,0.000000,0.000000,0.000000,0.040000,0.090000,0.000000,0.040000,0.000000,0.000000,-9.810000,0.000000,0.000000,0.000000,-2.167435,0.000000,0.000000,0.000000,-2.271923,2.305673,-0.294376,0.003459,0.000000,0.000000,0,0,1,30,30,0.000000,0.000000,2.767572,0.000000,0.000000,9.810000,-2.167435,0.000000,0.000000,100,1,0,0.000000,0,-1.507502,0.000000,0.787902,0,-0.213576,0.000000,0.161789,-1.507502,-0.213576,1,1,1
0.8847,-2.156640,-0.294288,2.815782,0.009458,0.638426,0.160233,0,-0.213576,182,0.000000,0.000000,-2.156640,2.349148,-2.139503,2.815782,-2.271923,-2.139503,2.815782,-0.294288,0.009458,0.000000,0.000000,0.000000,0.000000,0.000000,0.050000,0.090000,0.000000,0.050000,0.000000,0.000000,-9.810000,0.000000,0.000000,0.000000,-2.139503,0.000000,0.000000,0.000000,-2.271923,2.305673,-0.294308,0.009458,0.000000,0.000000,0,0,1,30,30,0.000000,0.000000,2.815782,0.000000,0.000000,9.810000,-2.139503,0.000000,0.000000,100,1,0,0.000000,0,-1.536357,0.000000,0.638426,0,-0.213576,0.000000,0.160233,-1.536357,-0.213576,1,1,1
0.8945,-2.133583,-0.294161,2.840539,0.022272,0.484454,0.159896,0,-0.213576,182,0.000000,0.000000,-2.133583,2.297940,-2.111205,2.840539,-2.271923,-2.111205,2.840539,-0.294161,0.022272,0.000000,0.000000,0.000000,0.000000,0.000000,0.060000,0.090000,0.000000,0.060000,0.000000,0.000000,-9.810000,0.000000,0.000000,0.000000,-2.111205,0.000000,0.000000,0.000000,-2.271923,2.305673,-0.294155,0.022272,0.000000,0.000000,0,0,1,30,30,0.000000,0.000000,2.840539,0.000000,0.000000,9.810000,-2.111205,0.000000,0.000000,100,1,0,0.000000,0,-1.568212,0.000000,0.484454,0,-0.213576,0.000000,0.159896,-1.568212,-0.213576,1,1,1
0.9046,-2.110526,-0.293810,2.839032,0.054742,0.326719,0.156959,0,-0.213576,182,0.000000,0.000000,-2.110526,2.313962,-2.082788,2.839032,-2.271923,-2.082788,2.839032,-0.293810,0.054742,0.000000,0.000000,0.000000,0.000000,0.000000,0.070000,0.090000,0.000000,0.070000,0.000000,0.000000,-9.810000,0.000000,0.000000,0.000000,-2.082788,0.000000,0.000000,0.000000,-2.271923,2.305673,-0.293787,0.054742,0.000000,0.000000,0,0,1,30,30,0.000000,0.000000,2.839032,0.000000,0.000000,9.810000,-2.082788,0.000000,0.000000,100,1,0,0.000000,0,-1.603067,0.000000,0.326719,0,-0.213576,0.000000,0.156959,-1.603067,-0.213576,1,1,1
0.9146,-2.087470,-0.293002,2.810238,0.111294,0.165989,0.150773,0,-0.213576,182,0.000000,0.000000,-2.087470,2.313113,-2.054522,2.810238,-2.271923,-2.054522,2.810238,-0.293002,0.111294,0.000000,0.000000,0.000000,0.000000,0.000000,0.080000,0.090000,0.000000,0.080000,0.000000,0.000000,-9.810000,0.000000,0.000000,0.000000,-2.054522,0.000000,0.000000,0.000000,-2.271923,2.305673,-0.292976,0.111294,0.000000,0.000000,0,0,1,30,30,0.000000,0.000000,2.810238,0.000000,0.000000,9.810000,-2.054522,0.000000,0.000000,100,1,0,0.000000,0,-1.640922,0.000000,0.165989,0,-0.213576,0.000000,0.150773,-1.640922,-0.213576,1,1,1
0.9245,-2.036738,-0.291511,2.754587,0.189800,0.003683,0.140952,0,-0.213576,183,0.000000,0.000000,-2.036738,2.755973,-2.026678,2.754587,-2.036738,-2.026678,2.754587,-0.291511,0.189800,0.000000,0.000000,0.000000,0.000000,0.000000,0.000000,0.090000,0.000000,0.000000,0.000000,0.000000,-9.810000,0.000000,0.000000,0.000000,-2.026678,0.000000,0.000000,0.000000,-2.036738,2.788559,-0.291488,0.189800,0.000000,0.000000,0,0,1,30,30,0.000000,0.000000,2.754587,0.000000,0.000000,9.810000,-2.026678,0.000000,0.000000,100,1,0,0.000000,0,-1.681705,0.000000,0.003683,0,-0.213576,0.000000,0.140952,-1.681705,-0.213576,1,1,1
0.9345,-2.008852,-0.289119,2.672820,0.287435,-0.154181,0.127164,0,-0.213576,183,0.000000,0.000000,-2.008852,2.834451,-1.999522,2.672820,-2.036738,-1.999522,2.672820,-0.289119,0.287435,0.000000,0.000000,0.000000,0.000000,0.000000,0.010000,0.090000,0.000000,0.010000,0.000000,0.000000,-9.810000,0.000000,0.000000,0.000000,-1.999522,0.000000,0.000000,0.000000,-2.036738,2.788559,-0.289120,0.287435,0.000000,0.000000,0,0,1,30,30,0.000000,0.000000,2.672820,0.000000,0.000000,9.810000,-1.999522,0.000000,0.000000,100,1,0,0.000000,0,-1.724892,0.000000,-0.154181,0,-0.213576,0.000000,0.127164,-1.724892,-0.213576,1,1,1
0.9445,-1.980967,-0.285746,2.569782,0.397300,-0.305221,0.110619,0,-0.213576,183,0.000000,0.000000,-1.980967,2.794343,-1.973297,2.569782,-2.036738,-1.973297,2.569782,-0.285746,0.397300,0.000000,0.000000,0.000000,0.000000,0.000000,0.020000,0.090000,0.000000,0.020000,0.000000,0.000000,-9.810000,0.000000,0.000000,0.000000,-1.973297,0.000000,0.000000,0.000000,-2.036738,2.788559,-0.285706,0.397300,0.000000,0.000000,0,0,1,30,30,0.000000,0.000000,2.569782,0.000000,0.000000,9.810000,-1.973297,0.000000,0.000000,100,1,0,0.000000,0,-1.769874,0.000000,-0.305221,0,-0.213576,0.000000,0.110619,-1.769874,-0.213576,1,1,1
0.9545,-1.953081,-0.281150,2.448433,0.515028,-0.448661,0.089182,0,-0.213576,183,0.000000,0.000000,-1.953081,2.771911,-1.948189,2.448433,-2.036738,-1.948189,2.448433,-0.281150,0.515028,0.000000,0.000000,0.000000,0.000000,0.000000,0.030000,0.090000,0.000000,0.030000,0.000000,0.000000,-9.810000,0.000000,0.000000,0.000000,-1.948189,0.000000,0.000000,0.000000,-2.036738,2.788559,-0.281159,0.515028,0.000000,0.000000,0,0,1,30,30,0.000000,0.000000,2.448433,0.000000,0.000000,9.810000,-1.948189,0.000000,0.000000,100,1,0,0.000000,0,-1.816059,0.000000,-0.448661,0,-0.213576,0.000000,0.089182,-1.816059,-0.213576,1,1,1
0.9645,-1.925196,-0.275443,2.307254,0.639518,-0.582372,0.066670,0,-0.213576,183,0.000000,0.000000,-1.925196,2.793972,-1.924395,2.307254,-2.036738,-1.924395,2.307254,-0.275443,0.639518,0.000000,0.000000,0.000000,0.000000,0.000000,0.040000,0.090000,0.000000,0.040000,0.000000,0.000000,-9.810000,0.000000,0.000000,0.000000,-1.924395,0.000000,0.000000,0.000000,-2.036738,2.788559,-0.275400,0.639518,0.000000,0.000000,0,0,1,30,30,0.000000,0.000000,2.307254,0.000000,0.000000,9.810000,-1.924395,0.000000,0.000000,100,1,0,0.000000,0,-1.862817,0.000000,-0.582372,0,-0.213576,0.000000,0.066670,-1.862817,-0.213576,1,1,1
0.9748,-1.897310,-0.268366,2.148061,0.768392,-0.704861,0.038806,0,-0.213576,183,0.000000,0.000000,-1.897310,2.794335,-1.902104,2.148061,-2.036738,-1.902104,2.148061,-0.268366,0.768392,0.000000,0.000000,0.000000,0.000000,0.000000,0.050000,0.090000,0.000000,0.050000,0.000000,0.000000,-9.810000,0.000000,0.000000,0.000000,-1.902104,0.000000,0.000000,0.000000,-2.036738,2.788559,-0.268373,0.768392,0.000000,0.000000,0,0,1,30,30,0.000000,0.000000,2.148061,0.000000,0.000000,9.810000,-1.902104,0.000000,0.000000,100,1,0,0.000000,0,-1.909527,0.000000,-0.704861,0,-0.213576,0.000000,0.038806,-1.909527,-0.213576,1,1,1
0.9844,-1.869424,-0.260076,1.973919,0.895982,-0.815678,0.010097,0,-0.213576,183,0.000000,0.000000,-1.869424,2.824357,-1.881481,1.973919,-2.036738,-1.881481,1.973919,-0.260076,0.895982,0.000000,0.000000,0.000000,0.000000,0.000000,0.060000,0.090000,0.000000,0.060000,0.000000,0.000000,-9.810000,0.000000,0.000000,0.000000,-1.881481,0.000000,0.000000,0.000000,-2.036738,2.788559,-0.260063,0.895982,0.000000,0.000000,0,0,1,30,30,0.000000,0.000000,1.973919,0.000000,0.000000,9.810000,-1.881481,0.000000,0.000000,100,1,0,0.000000,0,-1.955640,0.000000,-0.815678,0,-0.213576,0.000000,0.010097,-1.955640,-0.213576,1,1,1
0.9944,-1.841539,-0.250514,1.787157,1.019644,-0.920494,-0.021739,0,-0.213576,183,0.000000,0.000000,-1.841539,2.726037,-1.862664,1.787157,-2.036738,-1.862664,1.787157,-0.250514,1.019644,0.000000,0.000000,0.000000,0.000000,0.000000,0.070000,0.090000,0.000000,0.070000,0.000000,0.000000,-9.810000,0.000000,0.000000,0.000000,-1.862664,0.000000,0.000000,0.000000,-2.036738,2.788559,-0.250494,1.019644,0.000000,0.000000,0,0,1,30,30,0.000000,0.000000,1.787157,0.000000,0.000000,9.810000,-1.862664,0.000000,0.000000,100,1,0,0.000000,0,-2.001171,0.000000,-0.920494,0,-0.213576,0.000000,-0.021739,-2.001171,-0.213576,1,1,1
1.0045,-1.813653,-0.239711,1.589772,1.135962,-1.000000,-0.055767,0,-0.213576,183,0.000000,0.000000,-1.813653,2.757967,-1.845768,1.589772,-2.036738,-1.845768,1.589772,-0.239711,1.135962,0.000000,0.000000,0.000000,0.000000,0.000000,0.080000,0.090000,0.000000,0.080000,0.000000,0.000000,-9.810000,0.000000,0.000000,0.000000,-1.845768,0.000000,0.000000,0.000000,-2.036738,2.788559,-0.239725,1.135962,0.000000,0.000000,0,0,1,30,30,0.000000,0.000000,1.589772,0.000000,0.000000,9.810000,-1.845768,0.000000,0.000000,100,1,0,0.000000,0,-2.045815,0.000000,-1.000000,0,-0.213576,0.000000,-0.055767,-2.045815,-0.213576,1,1,1
1.0145,-1.832228,-0.227861,1.385816,1.240053,-1.000000,-0.089931,0,-0.213576,184,0.000000,0.000000,-1.832228,1.371092,-1.830882,1.385816,-1.832228,-1.830882,1.385816,-0.227861,1.240053,0.000000,0.000000,0.000000,0.000000,0.000000,0.000000,0.110000,0.000000,0.000000,0.000000,0.000000,-9.810000,0.000000,0.000000,0.000000,-1.830882,0.000000,0.000000,0.000000,-1.832228,1.409381,-0.227852,1.240053,0.000000,0.000000,0,0,1,30,30,0.000000,0.000000,1.385816,0.000000,0.000000,9.810000,-1.830882,0.000000,0.000000,100,1,0,0.000000,0,-2.089271,0.000000,-1.000000,0,-0.213576,0.000000,-0.089931,-2.089271,-0.213576,1,1,1
1.0244,-1.818134,-0.215044,1.186856,1.320912,-1.000000,-0.125228,0,-0.213576,184,0.000000,0.000000,-1.818134,1.429476,-1.818020,1.186856,-1.832228,-1.818020,1.186856,-0.215044,1.320912,0.000000,0.000000,0.000000,0.000000,0.000000,0.010000,0.110000,0.000000,0.010000,0.000000,0.000000,-9.810000,0.000000,0.000000,0.000000,-1.818020,0.000000,0.000000,0.000000,-1.832228,1.409381,-0.215044,1.320912,0.000000,0.000000,0,0,1,30,30,0.000000,0.000000,1.186856,0.000000,0.000000,9.810000,-1.818020,0.000000,0.000000,100,1,0,0.000000,0,-2.132049,0.000000,-1.000000,0,-0.213576,0.000000,-0.125228,-2.132049,-0.213576,1,1,1
1.0345,-1.804040,-0.201596,0.996509,1.374838,-1.000000,-0.158439,0,-0.213576,184,0.000000,0.000000,-1.804040,1.422014,-1.807105,0.996509,-1.832228,-1.807105,0.996509,-0.201596,1.374838,0.000000,0.000000,0.000000,0.000000,0.000000,0.020000,0.110000,0.000000,0.020000,0.000000,0.000000,-9.810000,0.000000,0.000000,0.000000,-1.807105,0.000000,0.000000,0.000000,-1.832228,1.409381,-0.201564,1.374838,0.000000,0.000000,0,0,1,30,30,0.000000,0.000000,0.996509,0.000000,0.000000,9.810000,-1.807105,0.000000,0.000000,100,1,0,0.000000,0,-2.174355,0.000000,-1.000000,0,-0.213576,0.000000,-0.158439,-2.174355,-0.213576,1,1,1
1.0446,-1.789946,-0.187640,0.814268,1.403732,-1.000000,-0.191433,0,-0.213576,184,0.000000,0.000000,-1.789946,1.386803,-1.798053,0.814268,-1.832228,-1.798053,0.814268,-0.187640,1.403732,0.000000,0.000000,0.000000,0.000000,0.000000,0.030000,0.110000,0.000000,0.030000,0.000000,0.000000,-9.810000,0.000000,0.000000,0.000000,-1.798053,0.000000,0.000000,0.000000,-1.832228,1.409381,-0.187669,1.403732,0.000000,0.000000,0,0,1,30,30,0.000000,0.000000,0.814268,0.000000,0.000000,9.810000,-1.798053,0.000000,0.000000,100,1,0,0.000000,0,-2.215882,0.000000,-1.000000,0,-0.213576,0.000000,-0.191433,-2.215882,-0.213576,1,1,1
1.0545,-1.775853,-0.173606,0.639897,1.408275,-1.000000,-0.220288,0,-0.213576,184,0.000000,0.000000,-1.775853,1.410808,-1.790783,0.639897,-1.832228,-1.790783,0.639897,-0.173606,1.408275,0.000000,0.000000,0.000000,0.000000,0.000000,0.040000,0.110000,0.000000,0.040000,0.000000,0.000000,-9.810000,0.000000,0.000000,0.000000,-1.790783,0.000000,0.000000,0.000000,-1.832228,1.409381,-0.173608,1.408275,0.000000,0.000000,0,0,1,30,30,0.000000,0.000000,0.639897,0.000000,0.000000,9.810000,-1.790783,0.000000,0.000000,100,1,0,0.000000,0,-2.256289,0.000000,-1.000000,0,-0.213576,0.000000,-0.220288,-2.256289,-0.213576,1,1,1
1.0646,-1.761759,-0.159605,0.472475,1.391749,-1.000000,-0.247954,0,-0.213576,184,0.000000,0.000000,-1.761759,1.393622,-1.785223,0.472475,-1.832228,-1.785223,0.472475,-0.159605,1.391749,0.000000,0.000000,0.000000,0.000000,0.000000,0.050000,0.110000,0.000000,0.050000,0.000000,0.000000,-9.810000,0.000000,0.000000,0.000000,-1.785223,0.000000,0.000000,0.000000,-1.832228,1.409381,-0.159607,1.391749,0.000000,0.000000,0,0,1,30,30,0.000000,0.000000,0.472475,0.000000,0.000000,9.810000,-1.785223,0.000000,0.000000,100,1,0,0.000000,0,-2.295430,0.000000,-1.000000,0,-0.213576,0.000000,-0.247954,-2.295430,-0.213576,1,1,1
1.0744,-1.747665,-0.145873,0.318789,1.348510,-1.000000,-0.272722,0,-0.213576,184,0.000000,0.000000,-1.747665,1.393231,-1.781276,0.318789,-1.832228,-1.781276,0.318789,-0.145873,1.348510,0.000000,0.000000,0.000000,0.000000,0.000000,0.060000,0.110000,0.000000,0.060000,0.000000,0.000000,-9.810000,0.000000,0.000000,0.000000,-1.781276,0.000000,0.000000,0.000000,-1.832228,1.409381,-0.145897,1.348510,0.000000,0.000000,0,0,1,30,30,0.000000,0.000000,0.318789,0.000000,0.000000,9.810000,-1.781276,0.000000,0.000000,100,1,0,0.000000,0,-2.332858,0.000000,-1.000000,0,-0.213576,0.000000,-0.272722,-2.332858,-0.213576,1,1,1
1.0845,-1.733571,-0.132720,0.174227,1.284823,-1.000000,-0.293241,0,-0.213576,184,0.000000,0.000000,-1.733571,1.447827,-1.778812,0.174227,-1.832228,-1.778812,0.174227,-0.132720,1.284823,0.000000,0.000000,0.000000,0.000000,0.000000,0.070000,0.110000,0.000000,0.070000,0.000000,0.000000,-9.810000,0.000000,0.000000,0.000000,-1.778812,0.000000,0.000000,0.000000,-1.832228,1.409381,-0.132730,1.284823,0.000000,0.000000,0,0,1,30,30,0.000000,0.000000,0.174227,0.000000,0.000000,9.810000,-1.778812,0.000000,0.000000,100,1,0,0.000000,0,-2.368049,0.000000,-1.000000,0,-0.213576,0.000000,-0.293241,-2.368049,-0.213576,1,1,1
1.0945,-1.719477,-0.120321,0.034603,1.207090,-1.000000,-0.310501,0,-0.213576,184,0.000000,0.000000,-1.719477,1.400432,-1.777768,0.034603,-1.832228,-1.777768,0.034603,-0.120321,1.207090,0.000000,0.000000,0.000000,0.000000,0.000000,0.080000,0.110000,0.000000,0.080000,0.000000,0.000000,-9.810000,0.000000,0.000000,0.000000,-1.777768,0.000000,0.000000,0.000000,-1.832228,1.409381,-0.120270,1.207090,0.000000,0.000000,0,0,1,30,30,0.000000,0.000000,0.034603,0.000000,0.000000,9.810000,-1.777768,0.000000,0.000000,100,1,0,0.000000,0,-2.401528,0.000000,-1.000000,0,-0.213576,0.000000,-0.310501,-2.401528,-0.213576,1,1,1
1.1033,-1.705383,-0.108820,-0.043138,1.062358,-1.000000,-0.324523,0,-0.213576,184,0.000000,0.000000,-1.705383,1.385641,-1.777887,-0.043138,-1.832228,-1.777887,-0.043138,-0.108820,1.062358,0.000000,0.000000,0.000000,0.000000,0.000000,0.090000,0.110000,0.000000,0.090000,0.000000,0.000000,-9.810000,0.000000,0.000000,0.000000,-1.777887,0.000000,0.000000,0.000000,-1.832228,1.409381,-0.108851,1.062358,0.000000,0.000000,0,0,1,30,30,0.000000,0.000000,-0.043138,0.000000,0.000000,9.810000,-1.777887,0.000000,0.000000,100,1,0,0.000000,0,-2.433740,0.000000,-1.000000,0,-0.213576,0.000000,-0.324523,-2.433740,-0.213576,1,1,1
1.1144,-1.691290,-0.099096,-0.097807,0.890631,-1.000000,-0.326196,0,-0.213576,184,0.000000,0.000000,-1.691290,1.394876,-1.778591,-0.097807,-1.832228,-1.778591,-0.097807,-0.099096,0.890631,0.000000,0.000000,0.000000,0.000000,0.000000,0.100000,0.110000,0.000000,0.100000,0.000000,0.000000,-9.810000,0.000000,0.000000,0.000000,-1.778591,0.000000,0.000000,0.000000,-1.832228,1.409381,-0.099089,0.890631,0.000000,0.000000,0,0,1,30,30,0.000000,0.000000,-0.097807,0.000000,0.000000,9.810000,-1.778591,0.000000,0.000000,100,1,0,0.000000,0,-2.464715,0.000000,-1.000000,0,-0.213576,0.000000,-0.326196,-2.464715,-0.213576,1,1,1
1.1246,-1.797086,-0.091039,-0.152617,0.720595,-1.000000,-0.325648,0,-0.213576,185,0.000000,0.000000,-1.797086,-0.510577,-1.779843,-0.152617,-1.797086,-1.779843,-0.152617,-0.091039,0.720595,0.000000,0.000000,0.000000,0.000000,0.000000,0.000000,0.120000,0.000000,0.000000,0.000000,0.000000,-9.810000,0.000000,0.000000,0.000000,-1.779843,0.000000,0.000000,0.000000,-1.797086,-0.503119,-0.091035,0.720595,0.000000,0.000000,0,0,1,30,30,0.000000,0.000000,-0.152617,0.000000,0.000000,9.810000,-1.779843,0.000000,0.000000,100,1,0,0.000000,0,-2.494063,0.000000,-1.000000,0,-0.213576,0.000000,-0.325648,-2.494063,-0.213576,1,1,1
1.1346,-1.802117,-0.084665,-0.207710,0.553467,-1.000000,-0.321558,0,-0.213576,185,0.000000,0.000000,-1.802117,-0.501083,-1.781645,-0.207710,-1.797086,-1.781645,-0.207710,-0.084665,0.553467,0.000000,0.000000,0.000000,0.000000,0.000000,0.010000,0.120000,0.000000,0.010000,0.000000,0.000000,-9.810000,0.000000,0.000000,0.000000,-1.781645,0.000000,0.000000,0.000000,-1.797086,-0.503119,-0.084667,0.553467,0.000000,0.000000,0,0,1,30,30,0.000000,0.000000,-0.207710,0.000000,0.000000,9.810000,-1.781645,0.000000,0.000000,100,1,0,0.000000,0,-2.521531,0.000000,-1.000000,0,-0.213576,0.000000,-0.321558,-2.521531,-0.213576,1,1,1
1.1446,-1.807148,-0.079955,-0.263677,0.391535,-1.000000,-0.314344,0,-0.213576,185,0.000000,0.000000,-1.807148,-0.499961,-1.784001,-0.263677,-1.797086,-1.784001,-0.263677,-0.079955,0.391535,0.000000,0.000000,0.000000,0.000000,0.000000,0.020000,0.120000,0.000000,0.020000,0.000000,0.000000,-9.810000,0.000000,0.000000,0.000000,-1.784001,0.000000,0.000000,0.000000,-1.797086,-0.503119,-0.079944,0.391535,0.000000,0.000000,0,0,1,30,30,0.000000,0.000000,-0.263677,0.000000,0.000000,9.810000,-1.784001,0.000000,0.000000,100,1,0,0.000000,0,-2.547614,0.000000,-1.000000,0,-0.213576,0.000000,-0.314344,-2.547614,-0.213576,1,1,1
1.1547,-1.812180,-0.076800,-0.321024,0.236761,-1.000000,-0.305101,0,-0.213576,185,0.000000,0.000000,-1.812180,-0.505191,-1.786925,-0.321024,-1.797086,-1.786925,-0.321024,-0.076800,0.236761,0.000000,0.000000,0.000000,0.000000,0.000000,0.030000,0.120000,0.000000,0.030000,0.000000,0.000000,-9.810000,0.000000,0.000000,0.000000,-1.786925,0.000000,0.000000,0.000000,-1.797086,-0.503119,-0.076804,0.236761,0.000000,0.000000,0,0,1,30,30,0.000000,0.000000,-0.321024,0.000000,0.000000,9.810000,-1.786925,0.000000,0.000000,100,1,0,0.000000,0,-2.572410,0.000000,-1.000000,0,-0.213576,0.000000,-0.305101,-2.572410,-0.213576,1,1,1
1.1647,-1.817211,-0.075112,-0.398486,0.108095,-1.000000,-0.293810,0,-0.213576,185,0.000000,0.000000,-1.817211,-0.513844,-1.790482,-0.398486,-1.797086,-1.790482,-0.398486,-0.075112,0.108095,0.000000,0.000000,0.000000,0.000000,0.000000,0.040000,0.120000,0.000000,0.040000,0.000000,0.000000,-9.810000,0.000000,0.000000,0.000000,-1.790482,0.000000,0.000000,0.000000,-1.797086,-0.503119,-0.075121,0.108095,0.000000,0.000000,0,0,1,30,30,0.000000,0.000000,-0.398486,0.000000,0.000000,9.810000,-1.790482,0.000000,0.000000,100,1,0,0.000000,0,-2.595401,0.000000,-1.000000,0,-0.213576,0.000000,-0.293810,-2.595401,-0.213576,1,1,1
1.1747,-1.822242,-0.074617,-0.483897,-0.000821,-1.000000,-0.282874,0,-0.213576,185,0.000000,0.000000,-1.822242,-0.508911,-1.794905,-0.483897,-1.797086,-1.794905,-0.483897,-0.074617,-0.000821,0.000000,0.000000,0.000000,0.000000,0.000000,0.050000,0.120000,0.000000,0.050000,0.000000,0.000000,-9.810000,0.000000,0.000000,0.000000,-1.794905,0.000000,0.000000,0.000000,-1.797086,-0.503119,-0.074595,-0.000821,0.000000,0.000000,0,0,1,30,30,0.000000,0.000000,-0.483897,0.000000,0.000000,9.810000,-1.794905,0.000000,0.000000,100,1,0,0.000000,0,-2.615808,0.000000,-1.000000,0,-0.213576,0.000000,-0.282874,-2.615808,-0.213576,1,1,1
1.1847,-1.827273,-0.074704,-0.581189,-0.013916,-1.000000,-0.276864,0,-0.213576,185,0.000000,0.000000,-1.827273,-0.505761,-1.800233,-0.581189,-1.797086,-1.800233,-0.581189,-0.074704,-0.013916,0.000000,0.000000,0.000000,0.000000,0.000000,0.060000,0.120000,0.000000,0.060000,0.000000,0.000000,-9.810000,0.000000,0.000000,0.000000,-1.800233,0.000000,0.000000,0.000000,-1.797086,-0.503119,-0.074690,-0.013916,0.000000,0.000000,0,0,1,30,30,0.000000,0.000000,-0.581189,0.000000,0.000000,9.810000,-1.800233,0.000000,0.000000,100,1,0,0.000000,0,-2.633232,0.000000,-1.000000,0,-0.213576,0.000000,-0.276864,-2.633232,-0.213576,1,1,1
1.1946,-1.832304,-0.074827,-0.676120,-0.016271,-1.000000,-0.276271,0,-0.213576,185,0.000000,0.000000,-1.832304,-0.505109,-1.806522,-0.676120,-1.797086,-1.806522,-0.676120,-0.074827,-0.016271,0.000000,0.000000,0.000000,0.000000,0.000000,0.070000,0.120000,0.000000,0.070000,0.000000,0.000000,-9.810000,0.000000,0.000000,0.000000,-1.806522,0.000000,0.000000,0.000000,-1.797086,-0.503119,-0.074841,-0.016271,0.000000,0.000000,0,0,1,30,30,0.000000,0.000000,-0.676120,0.000000,0.000000,9.810000,-1.806522,0.000000,0.000000,100,1,0,0.000000,0,-2.647656,0.000000,-1.000000,0,-0.213576,0.000000,-0.276271,-2.647656,-0.213576,1,1,1
1.2045,-1.837336,-0.074964,-0.769855,-0.017956,-1.000000,-0.275855,0,-0.213576,185,0.000000,0.000000,-1.837336,-0.503370,-1.813752,-0.769855,-1.797086,-1.813752,-0.769855,-0.074964,-0.017956,0.000000,0.000000,0.000000,0.000000,0.000000,0.080000,0.120000,0.000000,0.080000,0.000000,0.000000,-9.810000,0.000000,0.000000,0.000000,-1.813752,0.000000,0.000000,0.000000,-1.797086,-0.503119,-0.075012,-0.017956,0.000000,0.000000,0,0,1,30,30,0.000000,0.000000,-0.769855,0.000000,0.000000,9.810000,-1.813752,0.000000,0.000000,100,1,0,0.000000,0,-2.659080,0.000000,-1.000000,0,-0.213576,0.000000,-0.275855,-2.659080,-0.213576,1,1,1
1.2147,-1.842367,-0.075175,-0.862835,-0.019350,-1.000000,-0.274692,0,-0.213576,185,0.000000,0.000000,-1.842367,-0.510304,-1.821916,-0.862835,-1.797086,-1.821916,-0.862835,-0.075175,-0.019350,0.000000,0.000000,0.000000,0.000000,0.000000,0.090000,0.120000,0.000000,0.090000,0.000000,0.000000,-9.810000,0.000000,0.000000,0.000000,-1.821916,0.000000,0.000000,0.000000,-1.797086,-0.503119,-0.075199,-0.019350,0.000000,0.000000,0,0,1,30,30,0.000000,0.000000,-0.862835,0.000000,0.000000,9.810000,-1.821916,0.000000,0.000000,100,1,0,0.000000,0,-2.667504,0.000000,-1.000000,0,-0.213576,0.000000,-0.274692,-2.667504,-0.213576,1,1,1
1.2247,-1.847398,-0.075361,-0.955130,-0.020336,-1.000000,-0.274567,0,-0.213576,185,0.000000,0.000000,-1.847398,-0.506965,-1.831007,-0.955130,-1.797086,-1.831007,-0.955130,-0.075361,-0.020336,0.000000,0.000000,0.000000,0.000000,0.000000,0.100000,0.120000,0.000000,0.100000,0.000000,0.000000,-9.810000,0.000000,0.000000,0.000000,-1.831007,0.000000,0.000000,0.000000,-1.797086,-0.503119,-0.075397,-0.020336,0.000000,0.000000,0,0,1,30,30,0.000000,0.000000,-0.955130,0.000000,0.000000,9.810000,-1.831007,0.000000,0.000000,100,1,0,0.000000,0,-2.672929,0.000000,-1.000000,0,-0.213576,0.000000,-0.274567,-2.672929,-0.213576,1,1,1
1.2348,-1.852429,-0.075579,-1.046526,-0.021727,-1.000000,-0.273816,0,-0.213576,185,0.000000,0.000000,-1.852429,-0.495890,-1.841016,-1.046526,-1.797086,-1.841016,-1.046526,-0.075579,-0.021727,0.000000,0.000000,0.000000,0.000000,0.000000,0.110000,0.120000,0.000000,0.110000,0.000000,0.000000,-9.810000,0.000000,0.000000,0.000000,-1.841016,0.000000,0.000000,0.000000,-1.797086,-0.503119,-0.075607,-0.021727,0.000000,0.000000,0,0,1,30,30,0.000000,0.000000,-1.046526,0.000000,0.000000,9.810000,-1.841016,0.000000,0.000000,100,1,0,0.000000,0,-2.675353,0.000000,-1.000000,0,-0.213576,0.000000,-0.273816,-2.675353,-0.213576,1,1,1
1.2446,-1.879089,-0.075842,-1.137133,-0.023134,-1.000000,-0.272844,0,-0.213576,186,0.000000,0.000000,-1.879089,-0.945423,-1.851935,-1.137133,-1.879089,-1.851935,-1.137133,-0.075842,-0.023134,0.000000,0.000000,0.000000,0.000000,0.000000,0.000000,0.120000,0.000000,0.000000,0.000000,0.000000,-9.810000,0.000000,0.000000,0.000000,-1.851935,0.000000,0.000000,0.000000,-1.879089,-0.954888,-0.075830,-0.023134,0.000000,0.000000,0,0,1,30,30,0.000000,0.000000,-1.137133,0.000000,0.000000,9.810000,-1.851935,0.000000,0.000000,100,1,0,0.000000,0,-2.674777,0.000000,-1.000000,0,-0.213576,0.000000,-0.272844,-2.674777,-0.213576,1,1,1
1.2546,-1.888638,-0.076043,-1.226966,-0.024516,-1.000000,-0.273048,0,-0.213576,186,0.000000,0.000000,-1.888638,-0.960249,-1.863756,-1.226966,-1.879089,-1.863756,-1.226966,-0.076043,-0.024516,0.000000,0.000000,0.000000,0.000000,0.000000,0.010000,0.120000,0.000000,0.010000,0.000000,0.000000,-9.810000,0.000000,0.000000,0.000000,-1.863756,0.000000,0.000000,0.000000,-1.879089,-0.954888,-0.076068,-0.024516,0.000000,0.000000,0,0,1,30,30,0.000000,0.000000,-1.226966,0.000000,0.000000,9.810000,-1.863756,0.000000,0.000000,100,1,0,0.000000,0,-2.671201,0.000000,-1.000000,0,-0.213576,0.000000,-0.273048,-2.671201,-0.213576,1,1,1
1.2647,-1.898187,-0.076334,-1.315823,-0.026671,-1.000000,-0.271581,0,-0.213576,186,0.000000,0.000000,-1.898187,-0.943873,-1.876471,-1.315823,-1.879089,-1.876471,-1.315823,-0.076334,-0.026671,0.000000,0.000000,0.000000,0.000000,0.000000,0.020000,0.120000,0.000000,0.020000,0.000000,0.000000,-9.810000,0.000000,0.000000,0.000000,-1.876471,0.000000,0.000000,0.000000,-1.879089,-0.954888,-0.076323,-0.026671,0.000000,0.000000,0,0,1,30,30,0.000000,0.000000,-1.315823,0.000000,0.000000,9.810000,-1.876471,0.000000,0.000000,100,1,0,0.000000,0,-2.664625,0.000000,-1.000000,0,-0.213576,0.000000,-0.271581,-2.664625,-0.213576,1,1,1
1.2745,-1.907736,-0.076603,-1.403995,-0.028531,-1.000000,-0.271259,0,-0.213576,186,0.000000,0.000000,-1.907736,-0.955820,-1.890071,-1.403995,-1.879089,-1.890071,-1.403995,-0.076603,-0.028531,0.000000,0.000000,0.000000,0.000000,0.000000,0.030000,0.120000,0.000000,0.030000,0.000000,0.000000,-9.810000,0.000000,0.000000,0.000000,-1.890071,0.000000,0.000000,0.000000,-1.879089,-0.954888,-0.076599,-0.028531,0.000000,0.000000,0,0,1,30,30,0.000000,0.000000,-1.403995,0.000000,0.000000,9.810000,-1.890071,0.000000,0.000000,100,1,0,0.000000,0,-2.655049,0.000000,-1.000000,0,-0.213576,0.000000,-0.271259,-2.655049,-0.213576,1,1,1
1.2829,-1.917285,-0.076827,-1.491262,-0.030939,-1.000000,-0.271256,0,-0.213576,186,0.000000,0.000000,-1.917285,-0.963043,-1.904548,-1.491262,-1.879089,-1.904548,-1.491262,-0.076827,-0.030939,0.000000,0.000000,0.000000,0.000000,0.000000,0.040000,0.120000,0.000000,0.040000,0.000000,0.000000,-9.810000,0.000000,0.000000,0.000000,-1.904548,0.000000,0.000000,0.000000,-1.879089,-0.954888,-0.076896,-0.030939,0.000000,0.000000,0,0,1,30,30,0.000000,0.000000,-1.491262,0.000000,0.000000,9.810000,-1.904548,0.000000,0.000000,100,1,0,0.000000,0,-2.642473,0.000000,-1.000000,0,-0.213576,0.000000,-0.271256,-2.642473,-0.213576,1,1,1
1.2928,-1.926834,-0.077235,-1.577578,-0.034118,-1.000000,-0.268602,0,-0.213576,186,0.000000,0.000000,-1.926834,-0.958892,-1.919893,-1.577578,-1.879089,-1.919893,-1.577578,-0.077235,-0.034118,0.000000,0.000000,0.000000,0.000000,0.000000,0.050000,0.120000,0.000000,0.050000,0.000000,0.000000,-9.810000,0.000000,0.000000,0.000000,-1.919893,0.000000,0.000000,0.000000,-1.879089,-0.954888,-0.077220,-0.034118,0.000000,0.000000,0,0,1,30,30,0.000000,0.000000,-1.577578,0.000000,0.000000,9.810000,-1.919893,0.000000,0.000000,100,1,0,0.000000,0,-2.626897,0.000000,-1.000000,0,-0.213576,0.000000,-0.268602,-2.626897,-0.213576,1,1,1
1.3029,-1.936383,-0.077578,-1.663401,-0.036350,-0.996629,-0.268562,0,-0.213576,186,0.000000,0.000000,-1.936383,-0.942508,-1.936099,-1.663401,-1.879089,-1.936099,-1.663401,-0.077578,-0.036350,0.000000,0.000000,0.000000,0.000000,0.000000,0.060000,0.120000,0.000000,0.060000,0.000000,0.000000,-9.810000,0.000000,0.000000,0.000000,-1.936099,0.000000,0.000000,0.000000,-1.879089,-0.954888,-0.077572,-0.036350,0.000000,0.000000,0,0,1,30,30,0.000000,0.000000,-1.663401,0.000000,0.000000,9.810000,-1.936099,0.000000,0.000000,100,1,0,0.000000,0,-2.608321,0.000000,-0.996629,0,-0.213576,0.000000,-0.268562,-2.608321,-0.213576,1,1,1
1.3129,-1.945931,-0.077943,-1.747747,-0.039919,-0.880850,-0.267624,0,-0.213576,186,0.000000,0.000000,-1.945931,-0.945910,-1.953156,-1.747747,-1.879089,-1.953156,-1.747747,-0.077943,-0.039919,0.000000,0.000000,0.000000,0.000000,0.000000,0.070000,0.120000,0.000000,0.070000,0.000000,0.000000,-9.810000,0.000000,0.000000,0.000000,-1.953156,0.000000,0.000000,0.000000,-1.879089,-0.954888,-0.077952,-0.039919,0.000000,0.000000,0,0,1,30,30,0.000000,0.000000,-1.747747,0.000000,0.000000,9.810000,-1.953156,0.000000,0.000000,100,1,0,0.000000,0,-2.586746,0.000000,-0.880850,0,-0.213576,0.000000,-0.267624,-2.586746,-0.213576,1,1,1
1.3229,-1.955480,-0.078447,-1.813706,-0.060595,-0.758370,-0.265214,0,-0.213576,186,0.000000,0.000000,-1.955480,-0.959205,-1.970981,-1.813706,-1.879089,-1.970981,-1.813706,-0.078447,-0.060595,0.000000,0.000000,0.000000,0.000000,0.000000,0.080000,0.120000,0.000000,0.080000,0.000000,0.000000,-9.810000,0.000000,0.000000,0.000000,-1.970981,0.000000,0.000000,0.000000,-1.879089,-0.954888,-0.078438,-0.060595,0.000000,0.000000,0,0,1,30,30,0.000000,0.000000,-1.813706,0.000000,0.000000,9.810000,-1.970981,0.000000,0.000000,100,1,0,0.000000,0,-2.562170,0.000000,-0.758370,0,-0.213576,0.000000,-0.265214,-2.562170,-0.213576,1,1,1
1.3329,-1.965029,-0.079253,-1.855766,-0.102699,-0.631096,-0.260585,0,-0.213576,186,0.000000,0.000000,-1.965029,-0.973842,-1.989345,-1.855766,-1.879089,-1.989345,-1.855766,-0.079253,-0.102699,0.000000,0.000000,0.000000,0.000000,0.000000,0.090000,0.120000,0.000000,0.090000,0.000000,0.000000,-9.810000,0.000000,0.000000,0.000000,-1.989345,0.000000,0.000000,0.000000,-1.879089,-0.954888,-0.079238,-0.102699,0.000000,0.000000,0,0,1,30,30,0.000000,0.000000,-1.855766,0.000000,0.000000,9.810000,-1.989345,0.000000,0.000000,100,1,0,0.000000,0,-2.534594,0.000000,-0.631096,0,-0.213576,0.000000,-0.260585,-2.534594,-0.213576,1,1,1
1.3429,-1.974578,-0.080542,-1.875128,-0.163694,-0.499536,-0.253175,0,-0.213576,186,0.000000,0.000000,-1.974578,-0.953748,-2.008016,-1.875128,-1.879089,-2.008016,-1.875128,-0.080542,-0.163694,0.000000,0.000000,0.000000,0.000000,0.000000,0.100000,0.120000,0.000000,0.100000,0.000000,0.000000,-9.810000,0.000000,0.000000,0.000000,-2.008016,0.000000,0.000000,0.000000,-1.879089,-0.954888,-0.080555,-0.163694,0.000000,0.000000,0,0,1,30,30,0.000000,0.000000,-1.875128,0.000000,0.000000,9.810000,-2.008016,0.000000,0.000000,100,1,0,0.000000,0,-2.504018,0.000000,-0.499536,0,-0.213576,0.000000,-0.253175,-2.504018,-0.213576,1,1,1
1.3530,-1.984127,-0.082540,-1.872358,-0.241396,-0.364045,-0.242096,0,-0.213576,186,0.000000,0.000000,-1.984127,-0.963406,-2.026770,-1.872358,-1.879089,-2.026770,-1.872358,-0.082540,-0.241396,0.000000,0.000000,0.000000,0.000000,0.000000,0.110000,0.120000,0.000000,0.110000,0.000000,0.000000,-9.810000,0.000000,0.000000,0.000000,-2.026770,0.000000,0.000000,0.000000,-1.879089,-0.954888,-0.082566,-0.241396,0.000000,0.000000,0,0,1,30,30,0.000000,0.000000,-1.872358,0.000000,0.000000,9.810000,-2.026770,0.000000,0.000000,100,1,0,0.000000,0,-2.470442,0.000000,-0.364045,0,-0.213576,0.000000,-0.242096,-2.470442,-0.213576,1,1,1
1.3629,-2.054720,-0.085438,-1.847827,-0.333394,-0.225021,-0.227300,0,-0.213576,187,0.000000,0.000000,-2.054720,-1.853116,-2.045388,-1.847827,-2.054720,-2.045388,-1.847827,-0.085438,-0.333394,0.000000,0.000000,0.000000,0.000000,0.000000,0.000000,0.080000,0.000000,0.000000,0.000000,0.000000,-9.810000,0.000000,0.000000,0.000000,-2.045388,0.000000,0.000000,0.000000,-2.054720,-1.833844,-0.085424,-0.333394,0.000000,0.000000,0,0,1,30,30,0.000000,0.000000,-1.847827,0.000000,0.000000,9.810000,-2.045388,0.000000,0.000000,100,1,0,0.000000,0,-2.433866,0.000000,-0.225021,0,-0.213576,0.000000,-0.227300,-2.433866,-0.213576,1,1,1
1.3728,-2.073059,-0.089245,-1.801873,-0.437321,-0.082860,-0.210594,0,-0.213576,187,0.000000,0.000000,-2.073059,-1.850680,-2.063653,-1.801873,-2.054720,-2.063653,-1.801873,-0.089245,-0.437321,0.000000,0.000000,0.000000,0.000000,0.000000,0.010000,0.080000,0.000000,0.010000,0.000000,0.000000,-9.810000,0.000000,0.000000,0.000000,-2.063653,0.000000,0.000000,0.000000,-2.054720,-1.833844,-0.089263,-0.437321,0.000000,0.000000,0,0,1,30,30,0.000000,0.000000,-1.801873,0.000000,0.000000,9.810000,-2.063653,0.000000,0.000000,100,1,0,0.000000,0,-2.394290,0.000000,-0.082860,0,-0.213576,0.000000,-0.210594,-2.394290,-0.213576,1,1,1
1.3829,-2.091397,-0.094227,-1.734568,-0.551990,0.061891,-0.188870,0,-0.213576,187,0.000000,0.000000,-2.091397,-1.861588,-2.081353,-1.734568,-2.054720,-2.081353,-1.734568,-0.094227,-0.551990,0.000000,0.000000,0.000000,0.000000,0.000000,0.020000,0.080000,0.000000,0.020000,0.000000,0.000000,-9.810000,0.000000,0.000000,0.000000,-2.081353,0.000000,0.000000,0.000000,-2.054720,-1.833844,-0.094194,-0.551990,0.000000,0.000000,0,0,1,30,30,0.000000,0.000000,-1.734568,0.000000,0.000000,9.810000,-2.081353,0.000000,0.000000,100,1,0,0.000000,0,-2.351726,0.000000,0.061891,0,-0.213576,0.000000,-0.188870,-2.351726,-0.213576,1,1,1
1.3928,-2.109735,-0.100292,-1.646853,-0.673855,0.204589,-0.165919,0,-0.213576,187,0.000000,0.000000,-2.109735,-1.817207,-2.098276,-1.646853,-2.054720,-2.098276,-1.646853,-0.100292,-0.673855,0.000000,0.000000,0.000000,0.000000,0.000000,0.030000,0.080000,0.000000,0.030000,0.000000,0.000000,-9.810000,0.000000,0.000000,0.000000,-2.098276,0.000000,0.000000,0.000000,-2.054720,-1.833844,-0.100309,-0.673855,0.000000,0.000000,0,0,1,30,30,0.000000,0.000000,-1.646853,0.000000,0.000000,9.810000,-2.098276,0.000000,0.000000,100,1,0,0.000000,0,-2.306538,0.000000,0.204589,0,-0.213576,0.000000,-0.165919,-2.306538,-0.213576,1,1,1
1.4029,-2.128074,-0.107642,-1.544289,-0.796869,0.339505,-0.138375,0,-0.213576,187,0.000000,0.000000,-2.128074,-1.785222,-2.114245,-1.544289,-2.054720,-2.114245,-1.544289,-0.107642,-0.796869,0.000000,0.000000,0.000000,0.000000,0.000000,0.040000,0.080000,0.000000,0.040000,0.000000,0.000000,-9.810000,0.000000,0.000000,0.000000,-2.114245,0.000000,0.000000,0.000000,-2.054720,-1.833844,-0.107651,-0.796869,0.000000,0.000000,0,0,1,30,30,0.000000,0.000000,-1.544289,0.000000,0.000000,9.810000,-2.114245,0.000000,0.000000,100,1,0,0.000000,0,-2.259504,0.000000,0.339505,0,-0.213576,0.000000,-0.138375,-2.259504,-0.213576,1,1,1
1.4129,-2.146412,-0.116235,-1.425503,-0.920058,0.464815,-0.108755,0,-0.213576,187,0.000000,0.000000,-2.146412,-1.853279,-2.129109,-1.425503,-2.054720,-2.129109,-1.425503,-0.116235,-0.920058,0.000000,0.000000,0.000000,0.000000,0.000000,0.050000,0.080000,0.000000,0.050000,0.000000,0.000000,-9.810000,0.000000,0.000000,0.000000,-2.129109,0.000000,0.000000,0.000000,-2.054720,-1.833844,-0.116223,-0.920058,0.000000,0.000000,0,0,1,30,30,0.000000,0.000000,-1.425503,0.000000,0.000000,9.810000,-2.129109,0.000000,0.000000,100,1,0,0.000000,0,-2.211424,0.000000,0.464815,0,-0.213576,0.000000,-0.108755,-2.211424,-0.213576,1,1,1
1.4228,-2.164751,-0.126041,-1.291195,-1.041708,0.578461,-0.077002,0,-0.213576,187,0.000000,0.000000,-2.164751,-1.825955,-2.142706,-1.291195,-2.054720,-2.142706,-1.291195,-0.126041,-1.041708,0.000000,0.000000,0.000000,0.000000,0.000000,0.060000,0.080000,0.000000,0.060000,0.000000,0.000000,-9.810000,0.000000,0.000000,0.000000,-2.142706,0.000000,0.000000,0.000000,-2.054720,-1.833844,-0.126020,-1.041708,0.000000,0.000000,0,0,1,30,30,0.000000,0.000000,-1.291195,0.000000,0.000000,9.810000,-2.142706,0.000000,0.000000,100,1,0,0.000000,0,-2.163097,0.000000,0.578461,0,-0.213576,0.000000,-0.077002,-2.163097,-0.213576,1,1,1
1.4330,-2.183089,-0.137020,-1.143808,-1.158437,0.678747,-0.043329,0,-0.213576,187,0.000000,0.000000,-2.183089,-1.824279,-2.154894,-1.143808,-2.054720,-2.154894,-1.143808,-0.137020,-1.158437,0.000000,0.000000,0.000000,0.000000,0.000000,0.070000,0.080000,0.000000,0.070000,0.000000,0.000000,-9.810000,0.000000,0.000000,0.000000,-2.154894,0.000000,0.000000,0.000000,-2.054720,-1.833844,-0.137010,-1.158437,0.000000,0.000000,0,0,1,30,30,0.000000,0.000000,-1.143808,0.000000,0.000000,9.810000,-2.154894,0.000000,0.000000,100,1,0,0.000000,0,-2.115324,0.000000,0.678747,0,-0.213576,0.000000,-0.043329,-2.115324,-0.213576,1,1,1
1.4429,-2.181932,-0.149141,-0.986072,-1.266742,0.764098,-0.007653,0,-0.213576,188,0.000000,0.000000,-2.181932,-1.066230,-2.165554,-0.986072,-2.181932,-2.165554,-0.986072,-0.149141,-1.266742,0.000000,0.000000,0.000000,0.000000,0.000000,0.000000,0.080000,0.000000,0.000000,0.000000,0.000000,-9.810000,0.000000,0.000000,0.000000,-2.165554,0.000000,0.000000,0.000000,-2.181932,-1.073561,-0.149127,-1.266742,0.000000,0.000000,0,0,1,30,30,0.000000,0.000000,-0.986072,0.000000,0.000000,9.810000,-2.165554,0.000000,0.000000,100,1,0,0.000000,0,-2.068904,0.000000,0.764098,0,-0.213576,0.000000,-0.007653,-2.068904,-0.213576,1,1,1
1.4529,-2.192668,-0.162273,-0.820968,-1.362885,0.833022,0.028708,0,-0.213576,188,0.000000,0.000000,-2.192668,-1.070652,-2.174598,-0.820968,-2.181932,-2.174598,-0.820968,-0.162273,-1.362885,0.000000,0.000000,0.000000,0.000000,0.000000,0.010000,0.080000,0.000000,0.010000,0.000000,0.000000,-9.810000,0.000000,0.000000,0.000000,-2.174598,0.000000,0.000000,0.000000,-2.181932,-1.073561,-0.162267,-1.362885,0.000000,0.000000,0,0,1,30,30,0.000000,0.000000,-0.820968,0.000000,0.000000,9.810000,-2.174598,0.000000,0.000000,100,1,0,0.000000,0,-2.024638,0.000000,0.833022,0,-0.213576,0.000000,0.028708,-2.024638,-0.213576,1,1,1
1.4628,-2.203403,-0.176303,-0.651466,-1.443849,0.885436,0.065754,0,-0.213576,188,0.000000,0.000000,-2.203403,-1.093681,-2.181967,-0.651466,-2.181932,-2.181967,-0.651466,-0.176303,-1.443849,0.000000,0.000000,0.000000,0.000000,0.000000,0.020000,0.080000,0.000000,0.020000,0.000000,0.000000,-9.810000,0.000000,0.000000,0.000000,-2.181967,0.000000,0.000000,0.000000,-2.181932,-1.073561,-0.176295,-1.443849,0.000000,0.000000,0,0,1,30,30,0.000000,0.000000,-0.651466,0.000000,0.000000,9.810000,-2.181967,0.000000,0.000000,100,1,0,0.000000,0,-1.983214,0.000000,0.885436,0,-0.213576,0.000000,0.065754,-1.983214,-0.213576,1,1,1
1.4728,-2.214139,-0.191055,-0.480572,-1.506622,0.926576,0.102476,0,-0.213576,188,0.000000,0.000000,-2.214139,-1.077256,-2.187632,-0.480572,-2.181932,-2.187632,-0.480572,-0.191055,-1.506622,0.000000,0.000000,0.000000,0.000000,0.000000,0.030000,0.080000,0.000000,0.030000,0.000000,0.000000,-9.810000,0.000000,0.000000,0.000000,-2.187632,0.000000,0.000000,0.000000,-2.181932,-1.073561,-0.191043,-1.506622,0.000000,0.000000,0,0,1,30,30,0.000000,0.000000,-0.480572,0.000000,0.000000,9.810000,-2.187632,0.000000,0.000000,100,1,0,0.000000,0,-1.944790,0.000000,0.926576,0,-0.213576,0.000000,0.102476,-1.944790,-0.213576,1,1,1
1.4828,-2.224875,-0.206345,-0.314750,-1.545410,0.958409,0.138434,0,-0.213576,188,0.000000,0.000000,-2.224875,-1.067231,-2.191602,-0.314750,-2.181932,-2.191602,-0.314750,-0.206345,-1.545410,0.000000,0.000000,0.000000,0.000000,0.000000,0.040000,0.080000,0.000000,0.040000,0.000000,0.000000,-9.810000,0.000000,0.000000,0.000000,-2.191602,0.000000,0.000000,0.000000,-2.181932,-1.073561,-0.206310,-1.545410,0.000000,0.000000,0,0,1,30,30,0.000000,0.000000,-0.314750,0.000000,0.000000,9.810000,-2.191602,0.000000,0.000000,100,1,0,0.000000,0,-1.909366,0.000000,0.958409,0,-0.213576,0.000000,0.138434,-1.909366,-0.213576,1,1,1
1.4929,-2.235610,-0.221850,-0.157054,-1.558027,0.981893,0.171600,0,-0.213576,188,0.000000,0.000000,-2.235610,-1.056691,-2.193964,-0.157054,-2.181932,-2.193964,-0.157054,-0.221850,-1.558027,0.000000,0.000000,0.000000,0.000000,0.000000,0.050000,0.080000,0.000000,0.050000,0.000000,0.000000,-9.810000,0.000000,0.000000,0.000000,-2.193964,0.000000,0.000000,0.000000,-2.181932,-1.073561,-0.221826,-1.558027,0.000000,0.000000,0,0,1,30,30,0.000000,0.000000,-0.157054,0.000000,0.000000,9.810000,-2.193964,0.000000,0.000000,100,1,0,0.000000,0,-1.876943,0.000000,0.981893,0,-0.213576,0.000000,0.171600,-1.876943,-0.213576,1,1,1
1.5029,-2.246346,-0.237347,-0.003758,-1.549775,0.996733,0.202509,0,-0.213576,188,0.000000,0.000000,-2.246346,-1.075533,-2.194764,-0.003758,-2.181932,-2.194764,-0.003758,-0.237347,-1.549775,0.000000,0.000000,0.000000,0.000000,0.000000,0.060000,0.080000,0.000000,0.060000,0.000000,0.000000,-9.810000,0.000000,0.000000,0.000000,-2.194764,0.000000,0.000000,0.000000,-2.181932,-1.073561,-0.237368,-1.549775,0.000000,0.000000,0,0,1,30,30,0.000000,0.000000,-0.003758,0.000000,0.000000,9.810000,-2.194764,0.000000,0.000000,100,1,0,0.000000,0,-1.847519,0.000000,0.996733,0,-0.213576,0.000000,0.202509,-1.847519,-0.213576,1,1,1
1.5130,-2.257082,-0.252395,0.071092,-1.451093,1.000000,0.228120,0,-0.213576,188,0.000000,0.000000,-2.257082,-1.054380,-2.194414,0.071092,-2.181932,-2.194414,0.071092,-0.252395,-1.451093,0.000000,0.000000,0.000000,0.000000,0.000000,0.070000,0.080000,0.000000,0.070000,0.000000,0.000000,-9.810000,0.000000,0.000000,0.000000,-2.194414,0.000000,0.000000,0.000000,-2.181932,-1.073561,-0.252384,-1.451093,0.000000,0.000000,0,0,1,30,30,0.000000,0.000000,0.071092,0.000000,0.000000,9.810000,-2.194414,0.000000,0.000000,100,1,0,0.000000,0,-1.821095,0.000000,1.000000,0,-0.213576,0.000000,0.228120,-1.821095,-0.213576,1,1,1
1.5228,-2.204527,-0.266292,0.139957,-1.335347,1.000000,0.244409,0,-0.213576,189,0.000000,0.000000,-2.204527,0.425508,-2.193360,0.139957,-2.204527,-2.193360,0.139957,-0.266292,-1.335347,0.000000,0.000000,0.000000,0.000000,0.000000,0.000000,0.100000,0.000000,0.000000,0.000000,0.000000,-9.810000,0.000000,0.000000,0.000000,-2.193360,0.000000,0.000000,0.000000,-2.204527,0.426636,-0.266314,-1.335347,0.000000,0.000000,0,0,1,30,30,0.000000,0.000000,0.139957,0.000000,0.000000,9.810000,-2.193360,0.000000,0.000000,100,1,0,0.000000,0,-1.797671,0.000000,1.000000,0,-0.213576,0.000000,0.244409,-1.797671,-0.213576,1,1,1
1.5328,-2.200261,-0.279043,0.206091,-1.210506,1.000000,0.258435,0,-0.213576,189,0.000000,0.000000,-2.200261,0.424729,-2.191630,0.206091,-2.204527,-2.191630,0.206091,-0.279043,-1.210506,0.000000,0.000000,0.000000,0.000000,0.000000,0.010000,0.100000,0.000000,0.010000,0.000000,0.000000,-9.810000,0.000000,0.000000,0.000000,-2.191630,0.000000,0.000000,0.000000,-2.204527,0.426636,-0.279042,-1.210506,0.000000,0.000000,0,0,1,30,30,0.000000,0.000000,0.206091,0.000000,0.000000,9.810000,-2.191630,0.000000,0.000000,100,1,0,0.000000,0,-1.777247,0.000000,1.000000,0,-0.213576,0.000000,0.258435,-1.777247,-0.213576,1,1,1
1.5429,-2.195995,-0.290473,0.269691,-1.078008,1.000000,0.268103,0,-0.213576,189,0.000000,0.000000,-2.195995,0.432844,-2.189251,0.269691,-2.204527,-2.189251,0.269691,-0.290473,-1.078008,0.000000,0.000000,0.000000,0.000000,0.000000,0.020000,0.100000,0.000000,0.020000,0.000000,0.000000,-9.810000,0.000000,0.000000,0.000000,-2.189251,0.000000,0.000000,0.000000,-2.204527,0.426636,-0.290483,-1.078008,0.000000,0.000000,0,0,1,30,30,0.000000,0.000000,0.269691,0.000000,0.000000,9.810000,-2.189251,0.000000,0.000000,100,1,0,0.000000,0,-1.759823,0.000000,1.000000,0,-0.213576,0.000000,0.268103,-1.759823,-0.213576,1,1,1
1.5530,-2.191728,-0.300572,0.331569,-0.940901,0.995868,0.274981,0,-0.213576,189,0.000000,0.000000,-2.191728,0.423393,-2.186245,0.331569,-2.204527,-2.186245,0.331569,-0.300572,-0.940901,0.000000,0.000000,0.000000,0.000000,0.000000,0.030000,0.100000,0.000000,0.030000,0.000000,0.000000,-9.810000,0.000000,0.000000,0.000000,-2.186245,0.000000,0.000000,0.000000,-2.204527,0.426636,-0.300575,-0.940901,0.000000,0.000000,0,0,1,30,30,0.000000,0.000000,0.331569,0.000000,0.000000,9.810000,-2.186245,0.000000,0.000000,100,1,0,0.000000,0,-1.745399,0.000000,0.995868,0,-0.213576,0.000000,0.274981,-1.745399,-0.213576,1,1,1
1.5630,-2.187462,-0.309273,0.391692,-0.800604,0.975377,0.278405,0,-0.213576,189,0.000000,0.000000,-2.187462,0.423105,-2.182628,0.391692,-2.204527,-2.182628,0.391692,-0.309273,-0.800604,0.000000,0.000000,0.000000,0.000000,0.000000,0.040000,0.100000,0.000000,0.040000,0.000000,0.000000,-9.810000,0.000000,0.000000,0.000000,-2.182628,0.000000,0.000000,0.000000,-2.204527,0.426636,-0.309282,-0.800604,0.000000,0.000000,0,0,1,30,30,0.000000,0.000000,0.391692,0.000000,0.000000,9.810000,-2.182628,0.000000,0.000000,100,1,0,0.000000,0,-1.733975,0.000000,0.975377,0,-0.213576,0.000000,0.278405,-1.733975,-0.213576,1,1,1
1.5729,-2.183195,-0.316599,0.448365,-0.657247,0.947960,0.279302,0,-0.213576,189,0.000000,0.000000,-2.183195,0.428835,-2.178425,0.448365,-2.204527,-2.178425,0.448365,-0.316599,-0.657247,0.000000,0.000000,0.000000,0.000000,0.000000,0.050000,0.100000,0.000000,0.050000,0.000000,0.000000,-9.810000,0.000000,0.000000,0.000000,-2.178425,0.000000,0.000000,0.000000,-2.204527,0.426636,-0.316572,-0.657247,0.000000,0.000000,0,0,1,30,30,0.000000,0.000000,0.448365,0.000000,0.000000,9.810000,-2.178425,0.000000,0.000000,100,1,0,0.000000,0,-1.725551,0.000000,0.947960,0,-0.213576,0.000000,0.279302,-1.725551,-0.213576,1,1,1
1.5828,-2.178929,-0.322417,0.500425,-0.511017,0.913868,0.275858,0,-0.213576,189,0.000000,0.000000,-2.178929,0.427383,-2.173678,0.500425,-2.204527,-2.173678,0.500425,-0.322417,-0.511017,0.000000,0.000000,0.000000,0.000000,0.000000,0.060000,0.100000,0.000000,0.060000,0.000000,0.000000,-9.810000,0.000000,0.000000,0.000000,-2.173678,0.000000,0.000000,0.000000,-2.204527,0.426636,-0.322414,-0.511017,0.000000,0.000000,0,0,1,30,30,0.000000,0.000000,0.500425,0.000000,0.000000,9.810000,-2.173678,0.000000,0.000000,100,1,0,0.000000,0,-1.720128,0.000000,0.913868,0,-0.213576,0.000000,0.275858,-1.720128,-0.213576,1,1,1
1.5928,-2.174663,-0.326774,0.547487,-0.363739,0.873264,0.269965,0,-0.213576,189,0.000000,0.000000,-2.174663,0.428960,-2.168434,0.547487,-2.204527,-2.168434,0.547487,-0.326774,-0.363739,0.000000,0.000000,0.000000,0.000000,0.000000,0.070000,0.100000,0.000000,0.070000,0.000000,0.000000,-9.810000,0.000000,0.000000,0.000000,-2.168434,0.000000,0.000000,0.000000,-2.204527,0.426636,-0.326790,-0.363739,0.000000,0.000000,0,0,1,30,30,0.000000,0.000000,0.547487,0.000000,0.000000,9.810000,-2.168434,0.000000,0.000000,100,1,0,0.000000,0,-1.717704,0.000000,0.873264,0,-0.213576,0.000000,0.269965,-1.717704,-0.213576,1,1,1
1.6030,-2.170396,-0.329698,0.588864,-0.215985,0.826309,0.261486,0,-0.213576,189,0.000000,0.000000,-2.170396,0.428673,-2.162748,0.588864,-2.204527,-2.162748,0.588864,-0.329698,-0.215985,0.000000,0.000000,0.000000,0.000000,0.000000,0.080000,0.100000,0.000000,0.080000,0.000000,0.000000,-9.810000,0.000000,0.000000,0.000000,-2.162748,0.000000,0.000000,0.000000,-2.204527,0.426636,-0.329692,-0.215985,0.000000,0.000000,0,0,1,30,30,0.000000,0.000000,0.588864,0.000000,0.000000,9.810000,-2.162748,0.000000,0.000000,100,1,0,0.000000,0,-1.718280,0.000000,0.826309,0,-0.213576,0.000000,0.261486,-1.718280,-0.213576,1,1,1
1.6129,-2.166130,-0.331135,0.623936,-0.068451,0.773188,0.249490,0,-0.213576,189,0.000000,0.000000,-2.166130,0.430618,-2.156678,0.623936,-2.204527,-2.156678,0.623936,-0.331135,-0.068451,0.000000,0.000000,0.000000,0.000000,0.000000,0.090000,0.100000,0.000000,0.090000,0.000000,0.000000,-9.810000,0.000000,0.000000,0.000000,-2.156678,0.000000,0.000000,0.000000,-2.204527,0.426636,-0.331118,-0.068451,0.000000,0.000000,0,0,1,30,30,0.000000,0.000000,0.623936,0.000000,0.000000,9.810000,-2.156678,0.000000,0.000000,100,1,0,0.000000,0,-1.721856,0.000000,0.773188,0,-0.213576,0.000000,0.249490,-1.721856,-0.213576,1,1,1
1.6229,-2.127823,-0.331294,0.668427,0.017422,0.713584,0.237020,0,-0.213576,190,0.000000,0.000000,-2.127823,0.974412,-2.150249,0.668427,-2.127823,-2.150249,0.668427,-0.331294,0.017422,0.000000,0.000000,0.000000,0.000000,0.000000,0.000000,0.090000,0.000000,0.000000,0.000000,0.000000,-9.810000,0.000000,0.000000,0.000000,-2.150249,0.000000,0.000000,0.000000,-2.127823,0.987451,-0.331230,0.017422,0.000000,0.000000,0,0,1,30,30,0.000000,0.000000,0.668427,0.000000,0.000000,9.810000,-2.150249,0.000000,0.000000,100,1,0,0.000000,0,-1.728432,0.000000,0.713584,0,-0.213576,0.000000,0.237020,-1.728432,-0.213576,1,1,1
1.6329,-2.117948,-0.331006,0.732291,0.026278,0.644923,0.231985,0,-0.213576,190,0.000000,0.000000,-2.117948,0.986758,-2.143266,0.732291,-2.127823,-2.143266,0.732291,-0.331006,0.026278,0.000000,0.000000,0.000000,0.000000,0.000000,0.010000,0.090000,0.000000,0.010000,0.000000,0.000000,-9.810000,0.000000,0.000000,0.000000,-2.143266,0.000000,0.000000,0.000000,-2.127823,0.987451,-0.330990,0.026278,0.000000,0.000000,0,0,1,30,30,0.000000,0.000000,0.732291,0.000000,0.000000,9.810000,-2.143266,0.000000,0.000000,100,1,0,0.000000,0,-1.738008,0.000000,0.644923,0,-0.213576,0.000000,0.231985,-1.738008,-0.213576,1,1,1
1.6429,-2.108074,-0.330729,0.789448,0.038333,0.568011,0.231529,0,-0.213576,190,0.000000,0.000000,-2.108074,0.991379,-2.135633,0.789448,-2.127823,-2.135633,0.789448,-0.330729,0.038333,0.000000,0.000000,0.000000,0.000000,0.000000,0.020000,0.090000,0.000000,0.020000,0.000000,0.000000,-9.810000,0.000000,0.000000,0.000000,-2.135633,0.000000,0.000000,0.000000,-2.127823,0.987451,-0.330689,0.038333,0.000000,0.000000,0,0,1,30,30,0.000000,0.000000,0.789448,0.000000,0.000000,9.810000,-2.135633,0.000000,0.000000,100,1,0,0.000000,0,-1.750584,0.000000,0.568011,0,-0.213576,0.000000,0.231529,-1.750584,-0.213576,1,1,1
1.6529,-2.098199,-0.330125,0.819503,0.075667,0.486450,0.227064,0,-0.213576,190,0.000000,0.000000,-2.098199,0.981060,-2.127572,0.819503,-2.127823,-2.127572,0.819503,-0.330125,0.075667,0.000000,0.000000,0.000000,0.000000,0.000000,0.030000,0.090000,0.000000,0.030000,0.000000,0.000000,-9.810000,0.000000,0.000000,0.000000,-2.127572,0.000000,0.000000,0.000000,-2.127823,0.987451,-0.330135,0.075667,0.000000,0.000000,0,0,1,30,30,0.000000,0.000000,0.819503,0.000000,0.000000,9.810000,-2.127572,0.000000,0.000000,100,1,0,0.000000,0,-1.766160,0.000000,0.486450,0,-0.213576,0.000000,0.227064,-1.766160,-0.213576,1,1,1
1.6631,-2.088325,-0.329121,0.831501,0.127557,0.400708,0.221049,0,-0.213576,190,0.000000,0.000000,-2.088325,0.977282,-2.119305,0.831501,-2.127823,-2.119305,0.831501,-0.329121,0.127557,0.000000,0.000000,0.000000,0.000000,0.000000,0.040000,0.090000,0.000000,0.040000,0.000000,0.000000,-9.810000,0.000000,0.000000,0.000000,-2.119305,0.000000,0.000000,0.000000,-2.127823,0.987451,-0.329129,0.127557,0.000000,0.000000,0,0,1,30,30,0.000000,0.000000,0.831501,0.000000,0.000000,9.810000,-2.119305,0.000000,0.000000,100,1,0,0.000000,0,-1.784736,0.000000,0.400708,0,-0.213576,0.000000,0.221049,-1.784736,-0.213576,1,1,1
1.6728,-2.078450,-0.327552,0.828579,0.190037,0.310488,0.212259,0,-0.213576,190,0.000000,0.000000,-2.078450,0.981951,-2.110994,0.828579,-2.127823,-2.110994,0.828579,-0.327552,0.190037,0.000000,0.000000,0.000000,0.000000,0.000000,0.050000,0.090000,0.000000,0.050000,0.000000,0.000000,-9.810000,0.000000,0.000000,0.000000,-2.110994,0.000000,0.000000,0.000000,-2.127823,0.987451,-0.327551,0.190037,0.000000,0.000000,0,0,1,30,30,0.000000,0.000000,0.828579,0.000000,0.000000,9.810000,-2.110994,0.000000,0.000000,100,1,0,0.000000,0,-1.806313,0.000000,0.310488,0,-0.213576,0.000000,0.212259,-1.806313,-0.213576,1,1,1
1.6829,-2.068576,-0.325287,0.811371,0.260976,0.215918,0.200774,0,-0.213576,190,0.000000,0.000000,-2.068576,0.993328,-2.102783,0.811371,-2.127823,-2.102783,0.811371,-0.325287,0.260976,0.000000,0.000000,0.000000,0.000000,0.000000,0.060000,0.090000,0.000000,0.060000,0.000000,0.000000,-9.810000,0.000000,0.000000,0.000000,-2.102783,0.000000,0.000000,0.000000,-2.127823,0.987451,-0.325306,0.260976,0.000000,0.000000,0,0,1,30,30,0.000000,0.000000,0.811371,0.000000,0.000000,9.810000,-2.102783,0.000000,0.000000,100,1,0,0.000000,0,-1.830889,0.000000,0.215918,0,-0.213576,0.000000,0.200774,-1.830889,-0.213576,1,1,1
1.6928,-2.058701,-0.322333,0.779876,0.338920,0.117261,0.187976,0,-0.213576,190,0.000000,0.000000,-2.058701,0.988364,-2.094815,0.779876,-2.127823,-2.094815,0.779876,-0.322333,0.338920,0.000000,0.000000,0.000000,0.000000,0.000000,0.070000,0.090000,0.000000,0.070000,0.000000,0.000000,-9.810000,0.000000,0.000000,0.000000,-2.094815,0.000000,0.000000,0.000000,-2.127823,0.987451,-0.322317,0.338920,0.000000,0.000000,0,0,1,30,30,0.000000,0.000000,0.779876,0.000000,0.000000,9.810000,-2.094815,0.000000,0.000000,100,1,0,0.000000,0,-1.858465,0.000000,0.117261,0,-0.213576,0.000000,0.187976,-1.858465,-0.213576,1,1,1
1.7031,-2.048827,-0.318503,0.733797,0.423403,0.015621,0.171554,0,-0.213576,190,0.000000,0.000000,-2.048827,0.982928,-2.087235,0.733797,-2.127823,-2.087235,0.733797,-0.318503,0.423403,0.000000,0.000000,0.000000,0.000000,0.000000,0.080000,0.090000,0.000000,0.080000,0.000000,0.000000,-9.810000,0.000000,0.000000,0.000000,-2.087235,0.000000,0.000000,0.000000,-2.127823,0.987451,-0.318516,0.423403,0.000000,0.000000,0,0,1,30,30,0.000000,0.000000,0.733797,0.000000,0.000000,9.810000,-2.087235,0.000000,0.000000,100,1,0,0.000000,0,-1.888974,0.000000,0.015621,0,-0.213576,0.000000,0.171554,-1.888974,-0.213576,1,1,1
1.7129,-2.050051,-0.313856,0.673433,0.512249,-0.083764,0.154089,0,-0.213576,191,0.000000,0.000000,-2.050051,0.747446,-2.080186,0.673433,-2.050051,-2.080186,0.673433,-0.313856,0.512249,0.000000,0.000000,0.000000,0.000000,0.000000,0.000000,0.120000,0.000000,0.000000,0.000000,0.000000,-9.810000,0.000000,0.000000,0.000000,-2.080186,0.000000,0.000000,0.000000,-2.050051,0.748779,-0.313848,0.512249,0.000000,0.000000,0,0,1,30,30,0.000000,0.000000,0.673433,0.000000,0.000000,9.810000,-2.080186,0.000000,0.000000,100,1,0,0.000000,0,-1.921950,0.000000,-0.083764,0,-0.213576,0.000000,0.154089,-1.921950,-0.213576,1,1,1
1.7229,-2.042563,-0.308300,0.600928,0.602817,-0.177899,0.133886,0,-0.213576,191,0.000000,0.000000,-2.042563,0.748005,-2.073806,0.600928,-2.050051,-2.073806,0.600928,-0.308300,0.602817,0.000000,0.000000,0.000000,0.000000,0.000000,0.010000,0.120000,0.000000,0.010000,0.000000,0.000000,-9.810000,0.000000,0.000000,0.000000,-2.073806,0.000000,0.000000,0.000000,-2.050051,0.748779,-0.308280,0.602817,0.000000,0.000000,0,0,1,30,30,0.000000,0.000000,0.600928,0.000000,0.000000,9.810000,-2.073806,0.000000,0.000000,100,1,0,0.000000,0,-1.956768,0.000000,-0.177899,0,-0.213576,0.000000,0.133886,-1.956768,-0.213576,1,1,1
1.7329,-2.035076,-0.301809,0.519196,0.690941,-0.265272,0.111558,0,-0.213576,191,0.000000,0.000000,-2.035076,0.734912,-2.068196,0.519196,-2.050051,-2.068196,0.519196,-0.301809,0.690941,0.000000,0.000000,0.000000,0.000000,0.000000,0.020000,0.120000,0.000000,0.020000,0.000000,0.000000,-9.810000,0.000000,0.000000,0.000000,-2.068196,0.000000,0.000000,0.000000,-2.050051,0.748779,-0.301820,0.690941,0.000000,0.000000,0,0,1,30,30,0.000000,0.000000,0.519196,0.000000,0.000000,9.810000,-2.068196,0.000000,0.000000,100,1,0,0.000000,0,-1.992769,0.000000,-0.265272,0,-0.213576,0.000000,0.111558,-1.992769,-0.213576,1,1,1
1.7428,-2.027588,-0.294526,0.427166,0.776622,-0.345417,0.089068,0,-0.213576,191,0.000000,0.000000,-2.027588,0.755998,-2.063454,0.427166,-2.050051,-2.063454,0.427166,-0.294526,0.776622,0.000000,0.000000,0.000000,0.000000,0.000000,0.030000,0.120000,0.000000,0.030000,0.000000,0.000000,-9.810000,0.000000,0.000000,0.000000,-2.063454,0.000000,0.000000,0.000000,-2.050051,0.748779,-0.294490,0.776622,0.000000,0.000000,0,0,1,30,30,0.000000,0.000000,0.427166,0.000000,0.000000,9.810000,-2.063454,0.000000,0.000000,100,1,0,0.000000,0,-2.029384,0.000000,-0.345417,0,-0.213576,0.000000,0.089068,-2.029384,-0.213576,1,1,1
1.7532,-2.020100,-0.286299,0.325956,0.858740,-0.417530,0.063178,0,-0.213576,191,0.000000,0.000000,-2.020100,0.751541,-2.059680,0.325956,-2.050051,-2.059680,0.325956,-0.286299,0.858740,0.000000,0.000000,0.000000,0.000000,0.000000,0.040000,0.120000,0.000000,0.040000,0.000000,0.000000,-9.810000,0.000000,0.000000,0.000000,-2.059680,0.000000,0.000000,0.000000,-2.050051,0.748779,-0.286321,0.858740,0.000000,0.000000,0,0,1,30,30,0.000000,0.000000,0.325956,0.000000,0.000000,9.810000,-2.059680,0.000000,0.000000,100,1,0,0.000000,0,-2.066082,0.000000,-0.417530,0,-0.213576,0.000000,0.063178,-2.066082,-0.213576,1,1,1
1.7631,-2.012612,-0.277374,0.217617,0.933692,-0.481744,0.038340,0,-0.213576,191,0.000000,0.000000,-2.012612,0.753241,-2.056954,0.217617,-2.050051,-2.056954,0.217617,-0.277374,0.933692,0.000000,0.000000,0.000000,0.000000,0.000000,0.050000,0.120000,0.000000,0.050000,0.000000,0.000000,-9.810000,0.000000,0.000000,0.000000,-2.056954,0.000000,0.000000,0.000000,-2.050051,0.748779,-0.277365,0.933692,0.000000,0.000000,0,0,1,30,30,0.000000,0.000000,0.217617,0.000000,0.000000,9.810000,-2.056954,0.000000,0.000000,100,1,0,0.000000,0,-2.102435,0.000000,-0.481744,0,-0.213576,0.000000,0.038340,-2.102435,-0.213576,1,1,1
1.7729,-2.005125,-0.267720,0.110028,0.994537,-0.540076,0.011745,0,-0.213576,191,0.000000,0.000000,-2.005125,0.741714,-2.055318,0.110028,-2.050051,-2.055318,0.110028,-0.267720,0.994537,0.000000,0.000000,0.000000,0.000000,0.000000,0.060000,0.120000,0.000000,0.060000,0.000000,0.000000,-9.810000,0.000000,0.000000,0.000000,-2.055318,0.000000,0.000000,0.000000,-2.050051,0.748779,-0.267721,0.994537,0.000000,0.000000,0,0,1,30,30,0.000000,0.000000,0.110028,0.000000,0.000000,9.810000,-2.055318,0.000000,0.000000,100,1,0,0.000000,0,-2.138225,0.000000,-0.540076,0,-0.213576,0.000000,0.011745,-2.138225,-0.213576,1,1,1
1.7837,-1.997637,-0.257543,0.003586,1.040232,-0.594824,-0.013834,0,-0.213576,191,0.000000,0.000000,-1.997637,0.750634,-2.054752,0.003586,-2.050051,-2.054752,0.003586,-0.257543,1.040232,0.000000,0.000000,0.000000,0.000000,0.000000,0.070000,0.120000,0.000000,0.070000,0.000000,0.000000,-9.810000,0.000000,0.000000,0.000000,-2.054752,0.000000,0.000000,0.000000,-2.050051,0.748779,-0.257545,1.040232,0.000000,0.000000,0,0,1,30,30,0.000000,0.000000,0.003586,0.000000,0.000000,9.810000,-2.054752,0.000000,0.000000,100,1,0,0.000000,0,-2.173410,0.000000,-0.594824,0,-0.213576,0.000000,-0.013834,-2.173410,-0.213576,1,1,1
1.7943,-1.990149,-0.247304,-0.036392,1.008877,-0.648659,-0.034936,0,-0.213576,191,0.000000,0.000000,-1.990149,0.747430,-2.054935,-0.036392,-2.050051,-2.054935,-0.036392,-0.247304,1.008877,0.000000,0.000000,0.000000,0.000000,0.000000,0.080000,0.120000,0.000000,0.080000,0.000000,0.000000,-9.810000,0.000000,0.000000,0.000000,-2.054935,0.000000,0.000000,0.000000,-2.050051,0.748779,-0.247282,1.008877,0.000000,0.000000,0,0,1,30,30,0.000000,0.000000,-0.036392,0.000000,0.000000,9.810000,-2.054935,0.000000,0.000000,100,1,0,0.000000,0,-2.207871,0.000000,-0.648659,0,-0.213576,0.000000,-0.034936,-2.207871,-0.213576,1,1,1
1.8033,-1.982661,-0.237399,-0.076179,0.967331,-0.703108,-0.051405,0,-0.213576,191,0.000000,0.000000,-1.982661,0.751944,-2.055491,-0.076179,-2.050051,-2.055491,-0.076179,-0.237399,0.967331,0.000000,0.000000,0.000000,0.000000,0.000000,0.090000,0.120000,0.000000,0.090000,0.000000,0.000000,-9.810000,0.000000,0.000000,0.000000,-2.055491,0.000000,0.000000,0.000000,-2.050051,0.748779,-0.237408,0.967331,0.000000,0.000000,0,0,1,30,30,0.000000,0.000000,-0.076179,0.000000,0.000000,9.810000,-2.055491,0.000000,0.000000,100,1,0,0.000000,0,-2.241530,0.000000,-0.703108,0,-0.213576,0.000000,-0.051405,-2.241530,-0.213576,1,1,1
1.8133,-1.975173,-0.227953,-0.122608,0.924551,-0.748658,-0.065699,0,-0.213576,191,0.000000,0.000000,-1.975173,0.750283,-2.056478,-0.122608,-2.050051,-2.056478,-0.122608,-0.227953,0.924551,0.000000,0.000000,0.000000,0.000000,0.000000,0.100000,0.120000,0.000000,0.100000,0.000000,0.000000,-9.810000,0.000000,0.000000,0.000000,-2.056478,0.000000,0.000000,0.000000,-2.050051,0.748779,-0.227956,0.924551,0.000000,0.000000,0,0,1,30,30,0.000000,0.000000,-0.122608,0.000000,0.000000,9.810000,-2.056478,0.000000,0.000000,100,1,0,0.000000,0,-2.273899,0.000000,-0.748658,0,-0.213576,0.000000,-0.065699,-2.273899,-0.213576,1,1,1
1.8233,-1.967686,-0.218948,-0.174740,0.880732,-0.785894,-0.079317,0,-0.213576,191,0.000000,0.000000,-1.967686,0.761353,-2.057959,-0.174740,-2.050051,-2.057959,-0.174740,-0.218948,0.880732,0.000000,0.000000,0.000000,0.000000,0.000000,0.110000,0.120000,0.000000,0.110000,0.000000,0.000000,-9.810000,0.000000,0.000000,0.000000,-2.057959,0.000000,0.000000,0.000000,-2.050051,0.748779,-0.218935,0.880732,0.000000,0.000000,0,0,1,30,30,0.000000,0.000000,-0.174740,0.000000,0.000000,9.810000,-2.057959,0.000000,0.000000,100,1,0,0.000000,0,-2.304634,0.000000,-0.785894,0,-0.213576,0.000000,-0.079317,-2.304634,-0.213576,1,1,1
1.8331,-2.031518,-0.210377,-0.231135,0.834844,-0.821496,-0.092108,0,-0.213576,192,0.000000,0.000000,-2.031518,-0.452602,-2.059984,-0.231135,-2.031518,-2.059984,-0.231135,-0.210377,0.834844,0.000000,0.000000,0.000000,0.000000,0.000000,0.000000,0.110000,0.000000,0.000000,0.000000,0.000000,-9.810000,0.000000,0.000000,0.000000,-2.059984,0.000000,0.000000,0.000000,-2.031518,-0.446876,-0.210362,0.834844,0.000000,0.000000,0,0,1,30,30,0.000000,0.000000,-0.231135,0.000000,0.000000,9.810000,-2.059984,0.000000,0.000000,100,1,0,0.000000,0,-2.334005,0.000000,-0.821496,0,-0.213576,0.000000,-0.092108,-2.334005,-0.213576,1,1,1
1.8432,-2.035987,-0.202233,-0.291300,0.786855,-0.852076,-0.104119,0,-0.213576,192,0.000000,0.000000,-2.035987,-0.451832,-2.062592,-0.291300,-2.031518,-2.062592,-0.291300,-0.202233,0.786855,0.000000,0.000000,0.000000,0.000000,0.000000,0.010000,0.110000,0.000000,0.010000,0.000000,0.000000,-9.810000,0.000000,0.000000,0.000000,-2.062592,0.000000,0.000000,0.000000,-2.031518,-0.446876,-0.202258,0.786855,0.000000,0.000000,0,0,1,30,30,0.000000,0.000000,-0.291300,0.000000,0.000000,9.810000,-2.062592,0.000000,0.000000,100,1,0,0.000000,0,-2.361949,0.000000,-0.852076,0,-0.213576,0.000000,-0.104119,-2.361949,-0.213576,1,1,1
1.8531,-2.040456,-0.194612,-0.354595,0.736570,-0.875075,-0.114146,0,-0.213576,192,0.000000,0.000000,-2.040456,-0.445566,-2.065818,-0.354595,-2.031518,-2.065818,-0.354595,-0.194612,0.736570,0.000000,0.000000,0.000000,0.000000,0.000000,0.020000,0.110000,0.000000,0.020000,0.000000,0.000000,-9.810000,0.000000,0.000000,0.000000,-2.065818,0.000000,0.000000,0.000000,-2.031518,-0.446876,-0.194645,0.736570,0.000000,0.000000,0,0,1,30,30,0.000000,0.000000,-0.354595,0.000000,0.000000,9.810000,-2.065818,0.000000,0.000000,100,1,0,0.000000,0,-2.388205,0.000000,-0.875075,0,-0.213576,0.000000,-0.114146,-2.388205,-0.213576,1,1,1
1.8629,-2.044925,-0.187562,-0.420121,0.684141,-0.897607,-0.122526,0,-0.213576,192,0.000000,0.000000,-2.044925,-0.448972,-2.069689,-0.420121,-2.031518,-2.069689,-0.420121,-0.187562,0.684141,0.000000,0.000000,0.000000,0.000000,0.000000,0.030000,0.110000,0.000000,0.030000,0.000000,0.000000,-9.810000,0.000000,0.000000,0.000000,-2.069689,0.000000,0.000000,0.000000,-2.031518,-0.446876,-0.187544,0.684141,0.000000,0.000000,0,0,1,30,30,0.000000,0.000000,-0.420121,0.000000,0.000000,9.810000,-2.069689,0.000000,0.000000,100,1,0,0.000000,0,-2.413146,0.000000,-0.897607,0,-0.213576,0.000000,-0.122526,-2.413146,-0.213576,1,1,1
1.8729,-2.049393,-0.180953,-0.487737,0.630283,-0.914358,-0.131341,0,-0.213576,192,0.000000,0.000000,-2.049393,-0.445204,-2.074226,-0.487737,-2.031518,-2.074226,-0.487737,-0.180953,0.630283,0.000000,0.000000,0.000000,0.000000,0.000000,0.040000,0.110000,0.000000,0.040000,0.000000,0.000000,-9.810000,0.000000,0.000000,0.000000,-2.074226,0.000000,0.000000,0.000000,-2.031518,-0.446876,-0.180975,0.630283,0.000000,0.000000,0,0,1,30,30,0.000000,0.000000,-0.487737,0.000000,0.000000,9.810000,-2.074226,0.000000,0.000000,100,1,0,0.000000,0,-2.436636,0.000000,-0.914358,0,-0.213576,0.000000,-0.131341,-2.436636,-0.213576,1,1,1
1.8831,-2.053862,-0.174978,-0.556554,0.573947,-0.930486,-0.136947,0,-0.213576,192,0.000000,0.000000,-2.053862,-0.451001,-2.079446,-0.556554,-2.031518,-2.079446,-0.556554,-0.174978,0.573947,0.000000,0.000000,0.000000,0.000000,0.000000,0.050000,0.110000,0.000000,0.050000,0.000000,0.000000,-9.810000,0.000000,0.000000,0.000000,-2.079446,0.000000,0.000000,0.000000,-2.031518,-0.446876,-0.174956,0.573947,0.000000,0.000000,0,0,1,30,30,0.000000,0.000000,-0.556554,0.000000,0.000000,9.810000,-2.079446,0.000000,0.000000,100,1,0,0.000000,0,-2.458995,0.000000,-0.930486,0,-0.213576,0.000000,-0.136947,-2.458995,-0.213576,1,1,1
1.8929,-2.058331,-0.169500,-0.626795,0.516974,-0.941522,-0.142929,0,-0.213576,192,0.000000,0.000000,-2.058331,-0.446254,-2.085361,-0.626795,-2.031518,-2.085361,-0.626795,-0.169500,0.516974,0.000000,0.000000,0.000000,0.000000,0.000000,0.060000,0.110000,0.000000,0.060000,0.000000,0.000000,-9.810000,0.000000,0.000000,0.000000,-2.085361,0.000000,0.000000,0.000000,-2.031518,-0.446876,-0.169504,0.516974,0.000000,0.000000,0,0,1,30,30,0.000000,0.000000,-0.626795,0.000000,0.000000,9.810000,-2.085361,0.000000,0.000000,100,1,0,0.000000,0,-2.480112,0.000000,-0.941522,0,-0.213576,0.000000,-0.142929,-2.480112,-0.213576,1,1,1
1.9047,-2.062800,-0.164582,-0.697663,0.458423,-0.955010,-0.147174,0,-0.213576,192,0.000000,0.000000,-2.062800,-0.444608,-2.091982,-0.697663,-2.031518,-2.091982,-0.697663,-0.164582,0.458423,0.000000,0.000000,0.000000,0.000000,0.000000,0.070000,0.110000,0.000000,0.070000,0.000000,0.000000,-9.810000,0.000000,0.000000,0.000000,-2.091982,0.000000,0.000000,0.000000,-2.031518,-0.446876,-0.164629,0.458423,0.000000,0.000000,0,0,1,30,30,0.000000,0.000000,-0.697663,0.000000,0.000000,9.810000,-2.091982,0.000000,0.000000,100,1,0,0.000000,0,-2.500526,0.000000,-0.955010,0,-0.213576,0.000000,-0.147174,-2.500526,-0.213576,1,1,1
1.9147,-2.067269,-0.160342,-0.769558,0.399561,-0.973780,-0.148865,0,-0.213576,192,0.000000,0.000000,-2.067269,-0.447920,-2.099317,-0.769558,-2.031518,-2.099317,-0.769558,-0.160342,0.399561,0.000000,0.000000,0.000000,0.000000,0.000000,0.080000,0.110000,0.000000,0.080000,0.000000,0.000000,-9.810000,0.000000,0.000000,0.000000,-2.099317,0.000000,0.000000,0.000000,-2.031518,-0.446876,-0.160341,0.399561,0.000000,0.000000,0,0,1,30,30,0.000000,0.000000,-0.769558,0.000000,0.000000,9.810000,-2.099317,0.000000,0.000000,100,1,0,0.000000,0,-2.520918,0.000000,-0.973780,0,-0.213576,0.000000,-0.148865,-2.520918,-0.213576,1,1,1
1.9246,-2.071737,-0.156638,-0.843701,0.342832,-0.992246,-0.150910,0,-0.213576,192,0.000000,0.000000,-2.071737,-0.452198,-2.107382,-0.843701,-2.031518,-2.107382,-0.843701,-0.156638,0.342832,0.000000,0.000000,0.000000,0.000000,0.000000,0.090000,0.110000,0.000000,0.090000,0.000000,0.000000,-9.810000,0.000000,0.000000,0.000000,-2.107382,0.000000,0.000000,0.000000,-2.031518,-0.446876,-0.156631,0.342832,0.000000,0.000000,0,0,1,30,30,0.000000,0.000000,-0.843701,0.000000,0.000000,9.810000,-2.107382,0.000000,0.000000,100,1,0,0.000000,0,-2.541403,0.000000,-0.992246,0,-0.213576,0.000000,-0.150910,-2.541403,-0.213576,1,1,1
1.9347,-2.076206,-0.153512,-0.920180,0.288111,-1.000000,-0.151391,0,-0.213576,192,0.000000,0.000000,-2.076206,-0.451378,-2.116199,-0.920180,-2.031518,-2.116199,-0.920180,-0.153512,0.288111,0.000000,0.000000,0.000000,0.000000,0.000000,0.100000,0.110000,0.000000,0.100000,0.000000,0.000000,-9.810000,0.000000,0.000000,0.000000,-2.116199,0.000000,0.000000,0.000000,-2.031518,-0.446876,-0.153479,0.288111,0.000000,0.000000,0,0,1,30,30,0.000000,0.000000,-0.920180,0.000000,0.000000,9.810000,-2.116199,0.000000,0.000000,100,1,0,0.000000,0,-2.561795,0.000000,-1.000000,0,-0.213576,0.000000,-0.151391,-2.561795,-0.213576,1,1,1
1.9446,-2.126356,-0.150833,-0.997824,0.235024,-1.000000,-0.152281,0,-0.213576,193,0.000000,0.000000,-2.126356,-1.296531,-2.125789,-0.997824,-2.126356,-2.125789,-0.997824,-0.150833,0.235024,0.000000,0.000000,0.000000,0.000000,0.000000,0.000000,0.090000,0.000000,0.000000,0.000000,0.000000,-9.810000,0.000000,0.000000,0.000000,-2.125789,0.000000,0.000000,0.000000,-2.126356,-1.283070,-0.150864,0.235024,0.000000,0.000000,0,0,1,30,30,0.000000,0.000000,-0.997824,0.000000,0.000000,9.810000,-2.125789,0.000000,0.000000,100,1,0,0.000000,0,-2.582018,0.000000,-1.000000,0,-0.213576,0.000000,-0.152281,-2.582018,-0.213576,1,1,1
1.9546,-2.139187,-0.148798,-1.075040,0.181817,-1.000000,-0.149905,0,-0.213576,193,0.000000,0.000000,-2.139187,-1.273148,-2.136154,-1.075040,-2.126356,-2.136154,-1.075040,-0.148798,0.181817,0.000000,0.000000,0.000000,0.000000,0.000000,0.010000,0.090000,0.000000,0.010000,0.000000,0.000000,-9.810000,0.000000,0.000000,0.000000,-2.136154,0.000000,0.000000,0.000000,-2.126356,-1.283070,-0.148780,0.181817,0.000000,0.000000,0,0,1,30,30,0.000000,0.000000,-1.075040,0.000000,0.000000,9.810000,-2.136154,0.000000,0.000000,100,1,0,0.000000,0,-2.601642,0.000000,-1.000000,0,-0.213576,0.000000,-0.149905,-2.601642,-0.213576,1,1,1
1.9647,-2.152017,-0.147232,-1.152048,0.130325,-1.000000,-0.148349,0,-0.213576,193,0.000000,0.000000,-2.152017,-1.290351,-2.147290,-1.152048,-2.126356,-2.147290,-1.152048,-0.147232,0.130325,0.000000,0.000000,0.000000,0.000000,0.000000,0.020000,0.090000,0.000000,0.020000,0.000000,0.000000,-9.810000,0.000000,0.000000,0.000000,-2.147290,0.000000,0.000000,0.000000,-2.126356,-1.283070,-0.147219,0.130325,0.000000,0.000000,0,0,1,30,30,0.000000,0.000000,-1.152048,0.000000,0.000000,9.810000,-2.147290,0.000000,0.000000,100,1,0,0.000000,0,-2.620098,0.000000,-1.000000,0,-0.213576,0.000000,-0.148349,-2.620098,-0.213576,1,1,1
1.9746,-2.164848,-0.146150,-1.228676,0.079950,-1.000000,-0.145665,0,-0.213576,193,0.000000,0.000000,-2.164848,-1.279624,-2.159194,-1.228676,-2.126356,-2.159194,-1.228676,-0.146150,0.079950,0.000000,0.000000,0.000000,0.000000,0.000000,0.030000,0.090000,0.000000,0.030000,0.000000,0.000000,-9.810000,0.000000,0.000000,0.000000,-2.159194,0.000000,0.000000,0.000000,-2.126356,-1.283070,-0.146168,0.079950,0.000000,0.000000,0,0,1,30,30,0.000000,0.000000,-1.228676,0.000000,0.000000,9.810000,-2.159194,0.000000,0.000000,100,1,0,0.000000,0,-2.636590,0.000000,-1.000000,0,-0.213576,0.000000,-0.145665,-2.636590,-0.213576,1,1,1
1.9847,-2.177679,-0.145630,-1.316633,0.042510,-0.967809,-0.141103,0,-0.213576,193,0.000000,0.000000,-2.177679,-1.276089,-2.171885,-1.316633,-2.126356,-2.171885,-1.316633,-0.145630,0.042510,0.000000,0.000000,0.000000,0.000000,0.000000,0.040000,0.090000,0.000000,0.040000,0.000000,0.000000,-9.810000,0.000000,0.000000,0.000000,-2.171885,0.000000,0.000000,0.000000,-2.126356,-1.283070,-0.145590,0.042510,0.000000,0.000000,0,0,1,30,30,0.000000,0.000000,-1.316633,0.000000,0.000000,9.810000,-2.171885,0.000000,0.000000,100,1,0,0.000000,0,-2.650366,0.000000,-0.967809,0,-0.213576,0.000000,-0.141103,-2.650366,-0.213576,1,1,1
1.9947,-2.190509,-0.145268,-1.414673,0.017841,-0.922163,-0.140233,0,-0.213576,193,0.000000,0.000000,-2.190509,-1.266377,-2.185564,-1.414673,-2.126356,-2.185564,-1.414673,-0.145268,0.017841,0.000000,0.000000,0.000000,0.000000,0.000000,0.050000,0.090000,0.000000,0.050000,0.000000,0.000000,-9.810000,0.000000,0.000000,0.000000,-2.185564,0.000000,0.000000,0.000000,-2.126356,-1.283070,-0.145268,0.017841,0.000000,0.000000,0,0,1,30,30,0.000000,0.000000,-1.414673,0.000000,0.000000,9.810000,-2.185564,0.000000,0.000000,100,1,0,0.000000,0,-2.661145,0.000000,-0.922163,0,-0.213576,0.000000,-0.140233,-2.661145,-0.213576,1,1,1
