加载目标序列: 11 个文件, 共 300727 点 @100Hz
==============================================================================
双级 yaw 系统辨识数据采集 — 分轴激励（录制序列 + 增强 + 上位机 PID）
  段数=100  每段=300 点 (3.00s @100Hz)  到位=5s  种子=404
  PID: kp=2.0 ki=0.0 kd=0.1 输出限幅 ±1 N·m  力矩变化限幅 0.5 N·m/步
  静止保持段记录=关（首段除外）
  仅力矩模式(mode=0)  pitch=0  小 yaw 行程=[-30°, +30°]  参考包络=[-22°, +22°]  中止阈值=同硬限位  中心=+0.0°  过温=55℃
  保存目录: _tmp4x/train_d
  [DRY-RUN] 无硬件: 用内置仿真代替串口（planar_yaw_model.h 同方程, λ=100, 积分步长 0.050 ms）
  [DRY-RUN] ★ 仿真环境 2: 接触**完全刚性** + 死区**完全自由**（τ_t≡0 in |Δ−β|<δ/2），撞击=完全非弹性冲击; β0 每条数据随机 ±0.30·δ, 漂移 ±0.05·δ / 30s
  [DRY-RUN] 注意: 这个环境里 k/c/γ **无效**；记录列 backlash_center(在线估计) / backlash_beta_true(真值)
==============================================================================
数据链路就绪

=== 段 1 === driven=big 轴 / held=small 轴  温度=(30,30)℃
  参考来源: recording_1778322660.npz[1192:1492] 随机缩放=0.44
  driven 大 yaw: 中心=-0.028 rad 半幅=±0.288 rad(±16.5°)
  held   小 yaw: 目标=+0.030 rad (+1.7°)  [包络 -22°…+22°]
  到位(固定 5s): err_big=-2.05° err_small=+0.56°
  等待连续 3s 稳定（判据: 两轴误差 ≤ 3° 且 两轴速度 < 6°/s；任一越界即重新计时）…
    [稳定等待] 已等   0.0s  e_big=-2.05° e_small=+0.56°  |ω_big|=0.17°/s |ω_small|=0.12°/s  连续 0.0/3s
    [稳定等待] 已等   1.0s  e_big=-1.89° e_small=+0.46°  |ω_big|=0.15°/s |ω_small|=0.09°/s  连续 1.0/3s
    [稳定等待] 已等   2.0s  e_big=-1.74° e_small=+0.37°  |ω_big|=0.14°/s |ω_small|=0.08°/s  连续 2.0/3s
  ✓ 已稳定（第二段用时 3.00s，两段合计 8.00s）
  采样 300 点 (3.00 s @100Hz)…
  保存: _tmp4x/train_d/sysid_big_20260919_135039_00.npz
        _tmp4x/train_d/sysid_big_20260919_135039_00.csv  (300 行)

=== 段 2 === driven=small 轴 / held=big 轴  温度=(30,30)℃
  参考来源: recording_1778341012.npz[17346:17646] 随机缩放=0.20
  driven 小 yaw: 中心=+0.123 rad(+7.0°) 半幅=±0.349 rad(±20.0°)
    整条位于参考包络 [-22°, +22°] 内（硬限位 [-30°, +30°]，两侧各留 8° 跟踪余量; 中心 +0.0°）
  held   大 yaw: 目标=+3.026 rad（现有方位角 ±π 内随机）
  到位(固定 5s): err_big=+5.08° err_small=+1.15°
  等待连续 3s 稳定（判据: 两轴误差 ≤ 3° 且 两轴速度 < 6°/s；任一越界即重新计时）…
    [稳定等待] 已等   0.0s  e_big=+5.08° e_small=+1.15°  |ω_big|=0.50°/s |ω_small|=0.25°/s  连续 0.0/3s  ← 未满足 e_big超差
    [稳定等待] 已等   1.0s  e_big=+4.61° e_small=+0.93°  |ω_big|=0.43°/s |ω_small|=0.19°/s  连续 0.0/3s  ← 未满足 e_big超差
    [稳定等待] 已等   2.0s  e_big=+4.20° e_small=+0.75°  |ω_big|=0.38°/s |ω_small|=0.16°/s  连续 0.0/3s  ← 未满足 e_big超差
    [稳定等待] 已等   3.0s  e_big=+3.84° e_small=+0.61°  |ω_big|=0.34°/s |ω_small|=0.13°/s  连续 0.0/3s  ← 未满足 e_big超差
    [稳定等待] 已等   4.0s  e_big=+3.51° e_small=+0.50°  |ω_big|=0.31°/s |ω_small|=0.10°/s  连续 0.0/3s  ← 未满足 e_big超差
    [稳定等待] 已等   5.0s  e_big=+3.22° e_small=+0.40°  |ω_big|=0.28°/s |ω_small|=0.08°/s  连续 0.0/3s  ← 未满足 e_big超差
    [稳定等待] 已等   6.0s  e_big=+2.96° e_small=+0.33°  |ω_big|=0.25°/s |ω_small|=0.07°/s  连续 0.2/3s
    [稳定等待] 已等   7.0s  e_big=+2.72° e_small=+0.27°  |ω_big|=0.23°/s |ω_small|=0.05°/s  连续 1.2/3s
    [稳定等待] 已等   8.0s  e_big=+2.50° e_small=+0.22°  |ω_big|=0.21°/s |ω_small|=0.04°/s  连续 2.2/3s
  ✓ 已稳定（第二段用时 8.87s，两段合计 13.87s）
  采样 300 点 (3.00 s @100Hz)…
  保存: _tmp4x/train_d/sysid_small_20260919_135101_01.npz
        _tmp4x/train_d/sysid_small_20260919_135101_01.csv  (300 行)

=== 段 3 === driven=big 轴 / held=small 轴  温度=(30,30)℃
  参考来源: recording_1778328241.npz[3438:3738] 随机缩放=4.05
  driven 大 yaw: 中心=+3.206 rad 半幅=±0.763 rad(±43.7°)
  held   小 yaw: 目标=-0.073 rad (-4.2°)  [包络 -22°…+22°]
  到位(固定 5s): err_big=-3.09° err_small=-0.81°
  等待连续 3s 稳定（判据: 两轴误差 ≤ 3° 且 两轴速度 < 6°/s；任一越界即重新计时）…
    [稳定等待] 已等   0.0s  e_big=-3.09° e_small=-0.81°  |ω_big|=0.26°/s |ω_small|=0.17°/s  连续 0.0/3s  ← 未满足 e_big超差
    [稳定等待] 已等   1.0s  e_big=-2.84° e_small=-0.66°  |ω_big|=0.24°/s |ω_small|=0.14°/s  连续 0.7/3s
    [稳定等待] 已等   2.0s  e_big=-2.61° e_small=-0.53°  |ω_big|=0.22°/s |ω_small|=0.11°/s  连续 1.7/3s
    [稳定等待] 已等   3.0s  e_big=-2.40° e_small=-0.44°  |ω_big|=0.20°/s |ω_small|=0.09°/s  连续 2.7/3s
  ✓ 已稳定（第二段用时 3.37s，两段合计 8.37s）
  采样 300 点 (3.00 s @100Hz)…
  保存: _tmp4x/train_d/sysid_big_20260919_135118_02.npz
        _tmp4x/train_d/sysid_big_20260919_135118_02.csv  (300 行)

=== 段 4 === driven=small 轴 / held=big 轴  温度=(30,30)℃
  参考来源: recording_1778413386.npz[44217:44517] 随机缩放=0.11
  driven 小 yaw: 中心=+0.051 rad(+2.9°) 半幅=±0.224 rad(±12.8°)
    整条位于参考包络 [-22°, +22°] 内（硬限位 [-30°, +30°]，两侧各留 8° 跟踪余量; 中心 +0.0°）
  held   大 yaw: 目标=+1.013 rad（现有方位角 ±π 内随机）
  到位(固定 5s): err_big=-2.33° err_small=-0.23°
  等待连续 3s 稳定（判据: 两轴误差 ≤ 3° 且 两轴速度 < 6°/s；任一越界即重新计时）…
    [稳定等待] 已等   0.0s  e_big=-2.33° e_small=-0.23°  |ω_big|=0.19°/s |ω_small|=0.05°/s  连续 0.0/3s
    [稳定等待] 已等   1.0s  e_big=-2.15° e_small=-0.19°  |ω_big|=0.18°/s |ω_small|=0.04°/s  连续 1.0/3s
    [稳定等待] 已等   2.0s  e_big=-1.98° e_small=-0.15°  |ω_big|=0.16°/s |ω_small|=0.03°/s  连续 2.0/3s
  ✓ 已稳定（第二段用时 3.00s，两段合计 8.00s）
  采样 300 点 (3.00 s @100Hz)…
  保存: _tmp4x/train_d/sysid_small_20260919_135133_03.npz
        _tmp4x/train_d/sysid_small_20260919_135133_03.csv  (300 行)

=== 段 5 === driven=big 轴 / held=small 轴  温度=(30,30)℃
  参考来源: recording_1778330157.npz[13455:13755] 随机缩放=0.69
  driven 大 yaw: 中心=+1.313 rad 半幅=±0.455 rad(±26.1°)
  held   小 yaw: 目标=-0.195 rad (-11.2°)  [包络 -22°…+22°]
  到位(固定 5s): err_big=+1.70° err_small=-0.06°
  等待连续 3s 稳定（判据: 两轴误差 ≤ 3° 且 两轴速度 < 6°/s；任一越界即重新计时）…
    [稳定等待] 已等   0.0s  e_big=+1.70° e_small=-0.06°  |ω_big|=0.14°/s |ω_small|=0.01°/s  连续 0.0/3s
    [稳定等待] 已等   1.0s  e_big=+1.57° e_small=-0.05°  |ω_big|=0.13°/s |ω_small|=0.01°/s  连续 1.0/3s
    [稳定等待] 已等   2.0s  e_big=+1.45° e_small=-0.04°  |ω_big|=0.12°/s |ω_small|=0.01°/s  连续 2.0/3s
  ✓ 已稳定（第二段用时 3.00s，两段合计 8.00s）
  采样 300 点 (3.00 s @100Hz)…
  保存: _tmp4x/train_d/sysid_big_20260919_135150_04.npz
        _tmp4x/train_d/sysid_big_20260919_135150_04.csv  (300 行)

=== 段 6 === driven=small 轴 / held=big 轴  温度=(30,30)℃
  参考来源: recording_1778327131.npz[2404:2704] 随机缩放=0.21
  driven 小 yaw: 中心=-0.030 rad(-1.7°) 半幅=±0.269 rad(±15.4°)
    整条位于参考包络 [-22°, +22°] 内（硬限位 [-30°, +30°]，两侧各留 8° 跟踪余量; 中心 +0.0°）
  held   大 yaw: 目标=-0.228 rad（现有方位角 ±π 内随机）
  到位(固定 5s): err_big=-0.10° err_small=+0.22°
  等待连续 3s 稳定（判据: 两轴误差 ≤ 3° 且 两轴速度 < 6°/s；任一越界即重新计时）…
    [稳定等待] 已等   0.0s  e_big=-0.10° e_small=+0.21°  |ω_big|=0.00°/s |ω_small|=0.04°/s  连续 0.0/3s
    [稳定等待] 已等   1.0s  e_big=-0.10° e_small=+0.18°  |ω_big|=0.00°/s |ω_small|=0.04°/s  连续 1.0/3s
    [稳定等待] 已等   2.0s  e_big=-0.10° e_small=+0.14°  |ω_big|=0.00°/s |ω_small|=0.03°/s  连续 2.0/3s
  ✓ 已稳定（第二段用时 3.00s，两段合计 8.00s）
  采样 300 点 (3.00 s @100Hz)…
  保存: _tmp4x/train_d/sysid_small_20260919_135206_05.npz
        _tmp4x/train_d/sysid_small_20260919_135206_05.csv  (300 行)

=== 段 7 === driven=big 轴 / held=small 轴  温度=(30,30)℃
  参考来源: recording_1778327131.npz[3700:4000] 随机缩放=0.93
  driven 大 yaw: 中心=-0.391 rad 半幅=±0.653 rad(±37.4°)
  held   小 yaw: 目标=-0.217 rad (-12.4°)  [包络 -22°…+22°]
  到位(固定 5s): err_big=+3.24° err_small=+0.84°
  等待连续 3s 稳定（判据: 两轴误差 ≤ 3° 且 两轴速度 < 6°/s；任一越界即重新计时）…
    [稳定等待] 已等   0.0s  e_big=+3.24° e_small=+0.84°  |ω_big|=0.28°/s |ω_small|=0.17°/s  连续 0.0/3s  ← 未满足 e_big超差
    [稳定等待] 已等   1.0s  e_big=+2.97° e_small=+0.68°  |ω_big|=0.25°/s |ω_small|=0.14°/s  连续 0.1/3s
    [稳定等待] 已等   2.0s  e_big=+2.73° e_small=+0.55°  |ω_big|=0.23°/s |ω_small|=0.11°/s  连续 1.1/3s
    [稳定等待] 已等   3.0s  e_big=+2.51° e_small=+0.45°  |ω_big|=0.21°/s |ω_small|=0.09°/s  连续 2.1/3s
  ✓ 已稳定（第二段用时 3.91s，两段合计 8.91s）
  采样 300 点 (3.00 s @100Hz)…
  保存: _tmp4x/train_d/sysid_big_20260919_135222_06.npz
        _tmp4x/train_d/sysid_big_20260919_135222_06.csv  (300 行)

=== 段 8 === driven=small 轴 / held=big 轴  温度=(30,30)℃
  参考来源: recording_1778322660.npz[2770:3070] 随机缩放=0.22
  driven 小 yaw: 中心=-0.089 rad(-5.1°) 半幅=±0.219 rad(±12.6°)
    整条位于参考包络 [-22°, +22°] 内（硬限位 [-30°, +30°]，两侧各留 8° 跟踪余量; 中心 +0.0°）
  held   大 yaw: 目标=-1.450 rad（现有方位角 ±π 内随机）
  到位(固定 5s): err_big=+1.51° err_small=+0.50°
  等待连续 3s 稳定（判据: 两轴误差 ≤ 3° 且 两轴速度 < 6°/s；任一越界即重新计时）…
    [稳定等待] 已等   0.0s  e_big=+1.51° e_small=+0.50°  |ω_big|=0.12°/s |ω_small|=0.11°/s  连续 0.0/3s
    [稳定等待] 已等   1.0s  e_big=+1.39° e_small=+0.41°  |ω_big|=0.11°/s |ω_small|=0.09°/s  连续 1.0/3s
    [稳定等待] 已等   2.0s  e_big=+1.28° e_small=+0.33°  |ω_big|=0.10°/s |ω_small|=0.07°/s  连续 2.0/3s
  ✓ 已稳定（第二段用时 3.00s，两段合计 8.00s）
  采样 300 点 (3.00 s @100Hz)…
  保存: _tmp4x/train_d/sysid_small_20260919_135238_07.npz
        _tmp4x/train_d/sysid_small_20260919_135238_07.csv  (300 行)

=== 段 9 === driven=big 轴 / held=small 轴  温度=(30,30)℃
  参考来源: recording_1778340524.npz[4265:4565] 随机缩放=0.50
  driven 大 yaw: 中心=-1.382 rad 半幅=±0.591 rad(±33.9°)
  held   小 yaw: 目标=-0.026 rad (-1.5°)  [包络 -22°…+22°]
  到位(固定 5s): err_big=-3.48° err_small=-0.23°
  等待连续 3s 稳定（判据: 两轴误差 ≤ 3° 且 两轴速度 < 6°/s；任一越界即重新计时）…
    [稳定等待] 已等   0.0s  e_big=-3.48° e_small=-0.23°  |ω_big|=0.30°/s |ω_small|=0.05°/s  连续 0.0/3s  ← 未满足 e_big超差
    [稳定等待] 已等   1.0s  e_big=-3.19° e_small=-0.19°  |ω_big|=0.27°/s |ω_small|=0.04°/s  连续 0.0/3s  ← 未满足 e_big超差
    [稳定等待] 已等   2.0s  e_big=-2.93° e_small=-0.16°  |ω_big|=0.25°/s |ω_small|=0.03°/s  连续 0.3/3s
    [稳定等待] 已等   3.0s  e_big=-2.69° e_small=-0.13°  |ω_big|=0.23°/s |ω_small|=0.02°/s  连续 1.3/3s
    [稳定等待] 已等   4.0s  e_big=-2.47° e_small=-0.11°  |ω_big|=0.21°/s |ω_small|=0.02°/s  连续 2.3/3s
  ✓ 已稳定（第二段用时 4.73s，两段合计 9.73s）
  采样 300 点 (3.00 s @100Hz)…
  保存: _tmp4x/train_d/sysid_big_20260919_135256_08.npz
        _tmp4x/train_d/sysid_big_20260919_135256_08.csv  (300 行)

=== 段 10 === driven=small 轴 / held=big 轴  温度=(30,30)℃
  参考来源: recording_1778322622.npz[298:598] 随机缩放=0.10
  driven 小 yaw: 中心=-0.067 rad(-3.8°) 半幅=±0.180 rad(±10.3°)
    整条位于参考包络 [-22°, +22°] 内（硬限位 [-30°, +30°]，两侧各留 8° 跟踪余量; 中心 +0.0°）
  held   大 yaw: 目标=-1.134 rad（现有方位角 ±π 内随机）
  到位(固定 5s): err_big=-3.88° err_small=-0.70°
  等待连续 3s 稳定（判据: 两轴误差 ≤ 3° 且 两轴速度 < 6°/s；任一越界即重新计时）…
    [稳定等待] 已等   0.0s  e_big=-3.88° e_small=-0.70°  |ω_big|=0.34°/s |ω_small|=0.15°/s  连续 0.0/3s  ← 未满足 e_big超差
    [稳定等待] 已等   1.0s  e_big=-3.55° e_small=-0.57°  |ω_big|=0.31°/s |ω_small|=0.12°/s  连续 0.0/3s  ← 未满足 e_big超差
    [稳定等待] 已等   2.0s  e_big=-3.25° e_small=-0.46°  |ω_big|=0.28°/s |ω_small|=0.09°/s  连续 0.0/3s  ← 未满足 e_big超差
    [稳定等待] 已等   3.0s  e_big=-2.98° e_small=-0.37°  |ω_big|=0.25°/s |ω_small|=0.08°/s  连续 0.1/3s
    [稳定等待] 已等   4.0s  e_big=-2.74° e_small=-0.30°  |ω_big|=0.23°/s |ω_small|=0.06°/s  连续 1.1/3s
    [稳定等待] 已等   5.1s  e_big=-2.52° e_small=-0.25°  |ω_big|=0.21°/s |ω_small|=0.05°/s  连续 2.1/3s
  ✓ 已稳定（第二段用时 5.98s，两段合计 10.98s）
  采样 300 点 (3.00 s @100Hz)…
  保存: _tmp4x/train_d/sysid_small_20260919_135315_09.npz
        _tmp4x/train_d/sysid_small_20260919_135315_09.csv  (300 行)

=== 段 11 === driven=big 轴 / held=small 轴  温度=(30,30)℃
  参考来源: recording_1778341012.npz[44260:44560] 随机缩放=2.03
  driven 大 yaw: 中心=-0.961 rad 半幅=±0.749 rad(±42.9°)
  held   小 yaw: 目标=-0.112 rad (-6.4°)  [包络 -22°…+22°]
  到位(固定 5s): err_big=-3.35° err_small=-0.63°
  等待连续 3s 稳定（判据: 两轴误差 ≤ 3° 且 两轴速度 < 6°/s；任一越界即重新计时）…
    [稳定等待] 已等   0.0s  e_big=-3.35° e_small=-0.63°  |ω_big|=0.29°/s |ω_small|=0.13°/s  连续 0.0/3s  ← 未满足 e_big超差
    [稳定等待] 已等   1.0s  e_big=-3.07° e_small=-0.51°  |ω_big|=0.26°/s |ω_small|=0.10°/s  连续 0.0/3s  ← 未满足 e_big超差
    [稳定等待] 已等   2.0s  e_big=-2.83° e_small=-0.41°  |ω_big|=0.24°/s |ω_small|=0.08°/s  连续 0.7/3s
    [稳定等待] 已等   3.0s  e_big=-2.60° e_small=-0.34°  |ω_big|=0.22°/s |ω_small|=0.07°/s  连续 1.7/3s
    [稳定等待] 已等   4.0s  e_big=-2.39° e_small=-0.28°  |ω_big|=0.20°/s |ω_small|=0.06°/s  连续 2.7/3s
  ✓ 已稳定（第二段用时 4.29s，两段合计 9.29s）
  采样 300 点 (3.00 s @100Hz)…
  保存: _tmp4x/train_d/sysid_big_20260919_135332_10.npz
        _tmp4x/train_d/sysid_big_20260919_135332_10.csv  (300 行)

=== 段 12 === driven=small 轴 / held=big 轴  温度=(30,30)℃
  参考来源: recording_1778322660.npz[2625:2925] 随机缩放=0.63
  driven 小 yaw: 中心=+0.048 rad(+2.7°) 半幅=±0.293 rad(±16.8°)
    整条位于参考包络 [-22°, +22°] 内（硬限位 [-30°, +30°]，两侧各留 8° 跟踪余量; 中心 +0.0°）
  held   大 yaw: 目标=+0.563 rad（现有方位角 ±π 内随机）
  到位(固定 5s): err_big=-4.13° err_small=-1.00°
  等待连续 3s 稳定（判据: 两轴误差 ≤ 3° 且 两轴速度 < 6°/s；任一越界即重新计时）…
    [稳定等待] 已等   0.0s  e_big=-4.13° e_small=-1.00°  |ω_big|=0.37°/s |ω_small|=0.21°/s  连续 0.0/3s  ← 未满足 e_big超差
    [稳定等待] 已等   1.0s  e_big=-3.78° e_small=-0.81°  |ω_big|=0.33°/s |ω_small|=0.17°/s  连续 0.0/3s  ← 未满足 e_big超差
    [稳定等待] 已等   2.0s  e_big=-3.46° e_small=-0.66°  |ω_big|=0.30°/s |ω_small|=0.14°/s  连续 0.0/3s  ← 未满足 e_big超差
    [稳定等待] 已等   3.0s  e_big=-3.17° e_small=-0.54°  |ω_big|=0.27°/s |ω_small|=0.11°/s  连续 0.0/3s  ← 未满足 e_big超差
    [稳定等待] 已等   4.0s  e_big=-2.92° e_small=-0.43°  |ω_big|=0.25°/s |ω_small|=0.09°/s  连续 0.3/3s
    [稳定等待] 已等   5.0s  e_big=-2.68° e_small=-0.35°  |ω_big|=0.22°/s |ω_small|=0.07°/s  连续 1.4/3s
    [稳定等待] 已等   6.0s  e_big=-2.46° e_small=-0.29°  |ω_big|=0.20°/s |ω_small|=0.06°/s  连续 2.4/3s
  ✓ 已稳定（第二段用时 6.69s，两段合计 11.69s）
  采样 300 点 (3.00 s @100Hz)…
  保存: _tmp4x/train_d/sysid_small_20260919_135353_11.npz
        _tmp4x/train_d/sysid_small_20260919_135353_11.csv  (300 行)

=== 段 13 === driven=big 轴 / held=small 轴  温度=(30,30)℃
  参考来源: recording_1778322660.npz[2513:2813] 随机缩放=0.64
  driven 大 yaw: 中心=+0.789 rad 半幅=±0.450 rad(±25.8°)
  held   小 yaw: 目标=-0.119 rad (-6.8°)  [包络 -22°…+22°]
  到位(固定 5s): err_big=-4.54° err_small=-0.98°
  等待连续 3s 稳定（判据: 两轴误差 ≤ 3° 且 两轴速度 < 6°/s；任一越界即重新计时）…
    [稳定等待] 已等   0.0s  e_big=-4.54° e_small=-0.99°  |ω_big|=0.42°/s |ω_small|=0.21°/s  连续 0.0/3s  ← 未满足 e_big超差
    [稳定等待] 已等   1.0s  e_big=-4.14° e_small=-0.80°  |ω_big|=0.37°/s |ω_small|=0.17°/s  连续 0.0/3s  ← 未满足 e_big超差
    [稳定等待] 已等   2.0s  e_big=-3.78° e_small=-0.65°  |ω_big|=0.33°/s |ω_small|=0.13°/s  连续 0.0/3s  ← 未满足 e_big超差
    [稳定等待] 已等   3.0s  e_big=-3.47° e_small=-0.53°  |ω_big|=0.30°/s |ω_small|=0.11°/s  连续 0.0/3s  ← 未满足 e_big超差
    [稳定等待] 已等   4.0s  e_big=-3.18° e_small=-0.43°  |ω_big|=0.27°/s |ω_small|=0.09°/s  连续 0.0/3s  ← 未满足 e_big超差
    [稳定等待] 已等   5.0s  e_big=-2.92° e_small=-0.35°  |ω_big|=0.25°/s |ω_small|=0.07°/s  连续 0.3/3s
    [稳定等待] 已等   6.0s  e_big=-2.68° e_small=-0.28°  |ω_big|=0.22°/s |ω_small|=0.06°/s  连续 1.3/3s
    [稳定等待] 已等   7.0s  e_big=-2.47° e_small=-0.23°  |ω_big|=0.20°/s |ω_small|=0.04°/s  连续 2.4/3s
  ✓ 已稳定（第二段用时 7.70s，两段合计 12.70s）
  采样 300 点 (3.00 s @100Hz)…
  保存: _tmp4x/train_d/sysid_big_20260919_135414_12.npz
        _tmp4x/train_d/sysid_big_20260919_135414_12.csv  (300 行)

=== 段 14 === driven=small 轴 / held=big 轴  温度=(30,30)℃
  参考来源: recording_1778322622.npz[2443:2743] 随机缩放=0.16
  driven 小 yaw: 中心=-0.120 rad(-6.9°) 半幅=±0.245 rad(±14.0°)
    整条位于参考包络 [-22°, +22°] 内（硬限位 [-30°, +30°]，两侧各留 8° 跟踪余量; 中心 +0.0°）
  held   大 yaw: 目标=+2.899 rad（现有方位角 ±π 内随机）
  到位(固定 5s): err_big=+3.20° err_small=+0.45°
  等待连续 3s 稳定（判据: 两轴误差 ≤ 3° 且 两轴速度 < 6°/s；任一越界即重新计时）…
    [稳定等待] 已等   0.0s  e_big=+3.20° e_small=+0.45°  |ω_big|=0.27°/s |ω_small|=0.09°/s  连续 0.0/3s  ← 未满足 e_big超差
    [稳定等待] 已等   1.0s  e_big=+2.94° e_small=+0.36°  |ω_big|=0.25°/s |ω_small|=0.07°/s  连续 0.3/3s
    [稳定等待] 已等   2.0s  e_big=+2.70° e_small=+0.30°  |ω_big|=0.23°/s |ω_small|=0.06°/s  连续 1.3/3s
    [稳定等待] 已等   3.0s  e_big=+2.48° e_small=+0.24°  |ω_big|=0.21°/s |ω_small|=0.05°/s  连续 2.3/3s
  ✓ 已稳定（第二段用时 3.76s，两段合计 8.76s）
  采样 300 点 (3.00 s @100Hz)…
  保存: _tmp4x/train_d/sysid_small_20260919_135430_13.npz
        _tmp4x/train_d/sysid_small_20260919_135430_13.csv  (300 行)

=== 段 15 === driven=big 轴 / held=small 轴  温度=(30,30)℃
  参考来源: recording_1778327131.npz[884:1184] 随机缩放=1.22
  driven 大 yaw: 中心=+2.556 rad 半幅=±0.742 rad(±42.5°)
  held   小 yaw: 目标=-0.241 rad (-13.8°)  [包络 -22°…+22°]
  到位(固定 5s): err_big=+0.35° err_small=+0.21°
  等待连续 3s 稳定（判据: 两轴误差 ≤ 3° 且 两轴速度 < 6°/s；任一越界即重新计时）…
    [稳定等待] 已等   0.0s  e_big=+0.35° e_small=+0.21°  |ω_big|=0.03°/s |ω_small|=0.04°/s  连续 0.0/3s
    [稳定等待] 已等   1.0s  e_big=+0.32° e_small=+0.17°  |ω_big|=0.03°/s |ω_small|=0.03°/s  连续 1.0/3s
    [稳定等待] 已等   2.0s  e_big=+0.30° e_small=+0.14°  |ω_big|=0.02°/s |ω_small|=0.03°/s  连续 2.0/3s
  ✓ 已稳定（第二段用时 3.00s，两段合计 8.00s）
  采样 300 点 (3.00 s @100Hz)…
  保存: _tmp4x/train_d/sysid_big_20260919_135447_14.npz
        _tmp4x/train_d/sysid_big_20260919_135447_14.csv  (300 行)

=== 段 16 === driven=small 轴 / held=big 轴  温度=(30,30)℃
  参考来源: recording_1778322660.npz[2277:2577] 随机缩放=0.29
  driven 小 yaw: 中心=-0.049 rad(-2.8°) 半幅=±0.230 rad(±13.2°)
    整条位于参考包络 [-22°, +22°] 内（硬限位 [-30°, +30°]，两侧各留 8° 跟踪余量; 中心 +0.0°）
  held   大 yaw: 目标=+5.151 rad（现有方位角 ±π 内随机）
  到位(固定 5s): err_big=+4.59° err_small=+0.87°
  等待连续 3s 稳定（判据: 两轴误差 ≤ 3° 且 两轴速度 < 6°/s；任一越界即重新计时）…
    [稳定等待] 已等   0.0s  e_big=+4.59° e_small=+0.87°  |ω_big|=0.43°/s |ω_small|=0.18°/s  连续 0.0/3s  ← 未满足 e_big超差
    [稳定等待] 已等   1.0s  e_big=+4.18° e_small=+0.71°  |ω_big|=0.38°/s |ω_small|=0.15°/s  连续 0.0/3s  ← 未满足 e_big超差
    [稳定等待] 已等   2.0s  e_big=+3.82° e_small=+0.58°  |ω_big|=0.34°/s |ω_small|=0.12°/s  连续 0.0/3s  ← 未满足 e_big超差
    [稳定等待] 已等   3.0s  e_big=+3.50° e_small=+0.47°  |ω_big|=0.30°/s |ω_small|=0.10°/s  连续 0.0/3s  ← 未满足 e_big超差
    [稳定等待] 已等   4.0s  e_big=+3.21° e_small=+0.38°  |ω_big|=0.27°/s |ω_small|=0.08°/s  连续 0.0/3s  ← 未满足 e_big超差
    [稳定等待] 已等   5.0s  e_big=+2.95° e_small=+0.31°  |ω_big|=0.25°/s |ω_small|=0.07°/s  连续 0.2/3s
    [稳定等待] 已等   6.0s  e_big=+2.71° e_small=+0.25°  |ω_big|=0.23°/s |ω_small|=0.05°/s  连续 1.2/3s
    [稳定等待] 已等   7.0s  e_big=+2.49° e_small=+0.21°  |ω_big|=0.21°/s |ω_small|=0.04°/s  连续 2.2/3s
  ✓ 已稳定（第二段用时 7.82s，两段合计 12.82s）
  采样 300 点 (3.00 s @100Hz)…
  保存: _tmp4x/train_d/sysid_small_20260919_135507_15.npz
        _tmp4x/train_d/sysid_small_20260919_135507_15.csv  (300 行)

=== 段 17 === driven=big 轴 / held=small 轴  温度=(30,30)℃
  参考来源: recording_1778327131.npz[137:437] 随机缩放=0.95
  driven 大 yaw: 中心=+5.408 rad 半幅=±0.479 rad(±27.5°)
  held   小 yaw: 目标=-0.153 rad (-8.7°)  [包络 -22°…+22°]
  到位(固定 5s): err_big=-4.19° err_small=-0.81°
  等待连续 3s 稳定（判据: 两轴误差 ≤ 3° 且 两轴速度 < 6°/s；任一越界即重新计时）…
    [稳定等待] 已等   0.0s  e_big=-4.19° e_small=-0.81°  |ω_big|=0.38°/s |ω_small|=0.17°/s  连续 0.0/3s  ← 未满足 e_big超差
    [稳定等待] 已等   1.0s  e_big=-3.83° e_small=-0.66°  |ω_big|=0.34°/s |ω_small|=0.13°/s  连续 0.0/3s  ← 未满足 e_big超差
    [稳定等待] 已等   2.0s  e_big=-3.51° e_small=-0.54°  |ω_big|=0.30°/s |ω_small|=0.11°/s  连续 0.0/3s  ← 未满足 e_big超差
    [稳定等待] 已等   3.0s  e_big=-3.21° e_small=-0.44°  |ω_big|=0.27°/s |ω_small|=0.09°/s  连续 0.0/3s  ← 未满足 e_big超差
    [稳定等待] 已等   4.0s  e_big=-2.95° e_small=-0.35°  |ω_big|=0.25°/s |ω_small|=0.07°/s  连续 0.2/3s
    [稳定等待] 已等   5.0s  e_big=-2.71° e_small=-0.29°  |ω_big|=0.23°/s |ω_small|=0.06°/s  连续 1.2/3s
    [稳定等待] 已等   6.0s  e_big=-2.49° e_small=-0.23°  |ω_big|=0.21°/s |ω_small|=0.05°/s  连续 2.2/3s
  ✓ 已稳定（第二段用时 6.83s，两段合计 11.83s）
  采样 300 点 (3.00 s @100Hz)…
  保存: _tmp4x/train_d/sysid_big_20260919_135526_16.npz
        _tmp4x/train_d/sysid_big_20260919_135526_16.csv  (300 行)

=== 段 18 === driven=small 轴 / held=big 轴  温度=(30,30)℃
  参考来源: recording_1778341844.npz[8741:9041] 随机缩放=0.06
  driven 小 yaw: 中心=-0.041 rad(-2.4°) 半幅=±0.242 rad(±13.9°)
    整条位于参考包络 [-22°, +22°] 内（硬限位 [-30°, +30°]，两侧各留 8° 跟踪余量; 中心 +0.0°）
  held   大 yaw: 目标=+4.381 rad（现有方位角 ±π 内随机）
  到位(固定 5s): err_big=+0.35° err_small=+0.28°
  等待连续 3s 稳定（判据: 两轴误差 ≤ 3° 且 两轴速度 < 6°/s；任一越界即重新计时）…
    [稳定等待] 已等   0.0s  e_big=+0.35° e_small=+0.28°  |ω_big|=0.03°/s |ω_small|=0.06°/s  连续 0.0/3s
    [稳定等待] 已等   1.0s  e_big=+0.32° e_small=+0.23°  |ω_big|=0.03°/s |ω_small|=0.05°/s  连续 1.0/3s
    [稳定等待] 已等   2.0s  e_big=+0.30° e_small=+0.19°  |ω_big|=0.02°/s |ω_small|=0.04°/s  连续 2.0/3s
  ✓ 已稳定（第二段用时 3.00s，两段合计 8.00s）
  采样 300 点 (3.00 s @100Hz)…
  保存: _tmp4x/train_d/sysid_small_20260919_135542_17.npz
        _tmp4x/train_d/sysid_small_20260919_135542_17.csv  (300 行)

=== 段 19 === driven=big 轴 / held=small 轴  温度=(30,30)℃
  参考来源: recording_1778327131.npz[4961:5261] 随机缩放=1.49
  driven 大 yaw: 中心=+4.102 rad 半幅=±0.414 rad(±23.7°)
  held   小 yaw: 目标=-0.167 rad (-9.5°)  [包络 -22°…+22°]
  到位(固定 5s): err_big=+3.35° err_small=+0.45°
  等待连续 3s 稳定（判据: 两轴误差 ≤ 3° 且 两轴速度 < 6°/s；任一越界即重新计时）…
    [稳定等待] 已等   0.0s  e_big=+3.35° e_small=+0.45°  |ω_big|=0.29°/s |ω_small|=0.09°/s  连续 0.0/3s  ← 未满足 e_big超差
    [稳定等待] 已等   1.0s  e_big=+3.07° e_small=+0.37°  |ω_big|=0.26°/s |ω_small|=0.08°/s  连续 0.0/3s  ← 未满足 e_big超差
    [稳定等待] 已等   2.0s  e_big=+2.82° e_small=+0.30°  |ω_big|=0.24°/s |ω_small|=0.06°/s  连续 0.7/3s
    [稳定等待] 已等   3.0s  e_big=+2.60° e_small=+0.24°  |ω_big|=0.22°/s |ω_small|=0.05°/s  连续 1.7/3s
    [稳定等待] 已等   4.0s  e_big=+2.39° e_small=+0.20°  |ω_big|=0.20°/s |ω_small|=0.04°/s  连续 2.7/3s
  ✓ 已稳定（第二段用时 4.30s，两段合计 9.30s）
  采样 300 点 (3.00 s @100Hz)…
  保存: _tmp4x/train_d/sysid_big_20260919_135559_18.npz
        _tmp4x/train_d/sysid_big_20260919_135559_18.csv  (300 行)

=== 段 20 === driven=small 轴 / held=big 轴  温度=(30,30)℃
  参考来源: recording_1778327131.npz[3558:3858] 随机缩放=0.19
  driven 小 yaw: 中心=+0.020 rad(+1.1°) 半幅=±0.182 rad(±10.4°)
    整条位于参考包络 [-22°, +22°] 内（硬限位 [-30°, +30°]，两侧各留 8° 跟踪余量; 中心 +0.0°）
  held   大 yaw: 目标=+3.377 rad（现有方位角 ±π 内随机）
  到位(固定 5s): err_big=+3.85° err_small=+0.95°
  等待连续 3s 稳定（判据: 两轴误差 ≤ 3° 且 两轴速度 < 6°/s；任一越界即重新计时）…
    [稳定等待] 已等   0.0s  e_big=+3.85° e_small=+0.95°  |ω_big|=0.34°/s |ω_small|=0.20°/s  连续 0.0/3s  ← 未满足 e_big超差
    [稳定等待] 已等   1.0s  e_big=+3.53° e_small=+0.77°  |ω_big|=0.31°/s |ω_small|=0.16°/s  连续 0.0/3s  ← 未满足 e_big超差
    [稳定等待] 已等   2.0s  e_big=+3.23° e_small=+0.63°  |ω_big|=0.28°/s |ω_small|=0.13°/s  连续 0.0/3s  ← 未满足 e_big超差
    [稳定等待] 已等   3.0s  e_big=+2.97° e_small=+0.51°  |ω_big|=0.25°/s |ω_small|=0.10°/s  连续 0.1/3s
    [稳定等待] 已等   4.0s  e_big=+2.73° e_small=+0.41°  |ω_big|=0.23°/s |ω_small|=0.08°/s  连续 1.1/3s
    [稳定等待] 已等   5.0s  e_big=+2.51° e_small=+0.34°  |ω_big|=0.21°/s |ω_small|=0.07°/s  连续 2.1/3s
  ✓ 已稳定（第二段用时 5.89s，两段合计 10.89s）
  采样 300 点 (3.00 s @100Hz)…
  保存: _tmp4x/train_d/sysid_small_20260919_135618_19.npz
        _tmp4x/train_d/sysid_small_20260919_135618_19.csv  (300 行)

=== 段 21 === driven=big 轴 / held=small 轴  温度=(30,30)℃
  参考来源: recording_1778322622.npz[247:547] 随机缩放=0.52
  driven 大 yaw: 中心=+3.773 rad 半幅=±0.602 rad(±34.5°)
  held   小 yaw: 目标=+0.016 rad (+0.9°)  [包络 -22°…+22°]
  到位(固定 5s): err_big=+3.45° err_small=+0.53°
  等待连续 3s 稳定（判据: 两轴误差 ≤ 3° 且 两轴速度 < 6°/s；任一越界即重新计时）…
    [稳定等待] 已等   0.0s  e_big=+3.45° e_small=+0.54°  |ω_big|=0.30°/s |ω_small|=0.11°/s  连续 0.0/3s  ← 未满足 e_big超差
    [稳定等待] 已等   1.0s  e_big=+3.16° e_small=+0.43°  |ω_big|=0.27°/s |ω_small|=0.09°/s  连续 0.0/3s  ← 未满足 e_big超差
    [稳定等待] 已等   2.0s  e_big=+2.90° e_small=+0.35°  |ω_big|=0.24°/s |ω_small|=0.07°/s  连续 0.4/3s
    [稳定等待] 已等   3.0s  e_big=+2.67° e_small=+0.29°  |ω_big|=0.22°/s |ω_small|=0.06°/s  连续 1.4/3s
    [稳定等待] 已等   4.0s  e_big=+2.45° e_small=+0.23°  |ω_big|=0.20°/s |ω_small|=0.05°/s  连续 2.4/3s
  ✓ 已稳定（第二段用时 4.63s，两段合计 9.63s）
  采样 300 点 (3.00 s @100Hz)…
  保存: _tmp4x/train_d/sysid_big_20260919_135636_20.npz
        _tmp4x/train_d/sysid_big_20260919_135636_20.csv  (300 行)

=== 段 22 === driven=small 轴 / held=big 轴  温度=(30,30)℃
  参考来源: recording_1778322660.npz[60:360] 随机缩放=0.23
  driven 小 yaw: 中心=+0.163 rad(+9.3°) 半幅=±0.342 rad(±19.6°)
    整条位于参考包络 [-22°, +22°] 内（硬限位 [-30°, +30°]，两侧各留 8° 跟踪余量; 中心 +0.0°）
  held   大 yaw: 目标=+2.144 rad（现有方位角 ±π 内随机）
  到位(固定 5s): err_big=-2.22° err_small=-0.18°
  等待连续 3s 稳定（判据: 两轴误差 ≤ 3° 且 两轴速度 < 6°/s；任一越界即重新计时）…
    [稳定等待] 已等   0.0s  e_big=-2.22° e_small=-0.17°  |ω_big|=0.18°/s |ω_small|=0.04°/s  连续 0.0/3s
    [稳定等待] 已等   1.0s  e_big=-2.04° e_small=-0.14°  |ω_big|=0.17°/s |ω_small|=0.03°/s  连续 1.0/3s
    [稳定等待] 已等   2.0s  e_big=-1.88° e_small=-0.12°  |ω_big|=0.15°/s |ω_small|=0.02°/s  连续 2.0/3s
  ✓ 已稳定（第二段用时 3.00s，两段合计 8.00s）
  采样 300 点 (3.00 s @100Hz)…
  保存: _tmp4x/train_d/sysid_small_20260919_135652_21.npz
        _tmp4x/train_d/sysid_small_20260919_135652_21.csv  (300 行)

=== 段 23 === driven=big 轴 / held=small 轴  温度=(30,30)℃
  参考来源: recording_1778341012.npz[44029:44329] 随机缩放=1.07
  driven 大 yaw: 中心=+1.679 rad 半幅=±0.352 rad(±20.2°)
  held   小 yaw: 目标=-0.164 rad (-9.4°)  [包络 -22°…+22°]
  到位(固定 5s): err_big=+3.53° err_small=+0.89°
  等待连续 3s 稳定（判据: 两轴误差 ≤ 3° 且 两轴速度 < 6°/s；任一越界即重新计时）…
    [稳定等待] 已等   0.0s  e_big=+3.53° e_small=+0.89°  |ω_big|=0.31°/s |ω_small|=0.19°/s  连续 0.0/3s  ← 未满足 e_big超差
    [稳定等待] 已等   1.0s  e_big=+3.24° e_small=+0.72°  |ω_big|=0.28°/s |ω_small|=0.15°/s  连续 0.0/3s  ← 未满足 e_big超差
    [稳定等待] 已等   2.0s  e_big=+2.97° e_small=+0.59°  |ω_big|=0.25°/s |ω_small|=0.12°/s  连续 0.1/3s
    [稳定等待] 已等   3.0s  e_big=+2.73° e_small=+0.48°  |ω_big|=0.23°/s |ω_small|=0.10°/s  连续 1.1/3s
    [稳定等待] 已等   4.0s  e_big=+2.51° e_small=+0.39°  |ω_big|=0.21°/s |ω_small|=0.08°/s  连续 2.1/3s
  ✓ 已稳定（第二段用时 4.90s，两段合计 9.90s）
  采样 300 点 (3.00 s @100Hz)…
  保存: _tmp4x/train_d/sysid_big_20260919_135710_22.npz
        _tmp4x/train_d/sysid_big_20260919_135710_22.csv  (300 行)

=== 段 24 === driven=small 轴 / held=big 轴  温度=(30,30)℃
  参考来源: recording_1778340524.npz[11491:11791] 随机缩放=0.55
  driven 小 yaw: 中心=+0.006 rad(+0.3°) 半幅=±0.129 rad(±7.4°)
    整条位于参考包络 [-22°, +22°] 内（硬限位 [-30°, +30°]，两侧各留 8° 跟踪余量; 中心 +0.0°）
  held   大 yaw: 目标=+0.753 rad（现有方位角 ±π 内随机）
  到位(固定 5s): err_big=+2.73° err_small=+0.74°
  等待连续 3s 稳定（判据: 两轴误差 ≤ 3° 且 两轴速度 < 6°/s；任一越界即重新计时）…
    [稳定等待] 已等   0.0s  e_big=+2.73° e_small=+0.74°  |ω_big|=0.23°/s |ω_small|=0.15°/s  连续 0.0/3s
    [稳定等待] 已等   1.0s  e_big=+2.51° e_small=+0.60°  |ω_big|=0.21°/s |ω_small|=0.13°/s  连续 1.0/3s
    [稳定等待] 已等   2.0s  e_big=+2.31° e_small=+0.49°  |ω_big|=0.19°/s |ω_small|=0.10°/s  连续 2.0/3s
  ✓ 已稳定（第二段用时 3.00s，两段合计 8.00s）
  采样 300 点 (3.00 s @100Hz)…
  保存: _tmp4x/train_d/sysid_small_20260919_135726_23.npz
        _tmp4x/train_d/sysid_small_20260919_135726_23.csv  (300 行)

=== 段 25 === driven=big 轴 / held=small 轴  温度=(30,30)℃
  参考来源: recording_1778327131.npz[1894:2194] 随机缩放=0.67
  driven 大 yaw: 中心=+0.423 rad 半幅=±0.358 rad(±20.5°)
  held   小 yaw: 目标=-0.039 rad (-2.2°)  [包络 -22°…+22°]
  到位(固定 5s): err_big=+1.83° err_small=+0.12°
  等待连续 3s 稳定（判据: 两轴误差 ≤ 3° 且 两轴速度 < 6°/s；任一越界即重新计时）…
    [稳定等待] 已等   0.0s  e_big=+1.83° e_small=+0.11°  |ω_big|=0.15°/s |ω_small|=0.02°/s  连续 0.0/3s
    [稳定等待] 已等   1.0s  e_big=+1.69° e_small=+0.09°  |ω_big|=0.14°/s |ω_small|=0.02°/s  连续 1.0/3s
    [稳定等待] 已等   2.0s  e_big=+1.56° e_small=+0.07°  |ω_big|=0.13°/s |ω_small|=0.01°/s  连续 2.0/3s
  ✓ 已稳定（第二段用时 3.00s，两段合计 8.00s）
  采样 300 点 (3.00 s @100Hz)…
  保存: _tmp4x/train_d/sysid_big_20260919_135742_24.npz
        _tmp4x/train_d/sysid_big_20260919_135742_24.csv  (300 行)

=== 段 26 === driven=small 轴 / held=big 轴  温度=(30,30)℃
  参考来源: recording_1778327131.npz[165:465] 随机缩放=0.39
  driven 小 yaw: 中心=+0.136 rad(+7.8°) 半幅=±0.314 rad(±18.0°)
    整条位于参考包络 [-22°, +22°] 内（硬限位 [-30°, +30°]，两侧各留 8° 跟踪余量; 中心 +0.0°）
  held   大 yaw: 目标=-1.981 rad（现有方位角 ±π 内随机）
  到位(固定 5s): err_big=-3.47° err_small=-0.50°
  等待连续 3s 稳定（判据: 两轴误差 ≤ 3° 且 两轴速度 < 6°/s；任一越界即重新计时）…
    [稳定等待] 已等   0.0s  e_big=-3.47° e_small=-0.50°  |ω_big|=0.30°/s |ω_small|=0.10°/s  连续 0.0/3s  ← 未满足 e_big超差
    [稳定等待] 已等   1.0s  e_big=-3.18° e_small=-0.41°  |ω_big|=0.27°/s |ω_small|=0.09°/s  连续 0.0/3s  ← 未满足 e_big超差
    [稳定等待] 已等   2.0s  e_big=-2.92° e_small=-0.33°  |ω_big|=0.25°/s |ω_small|=0.07°/s  连续 0.3/3s
    [稳定等待] 已等   3.0s  e_big=-2.69° e_small=-0.27°  |ω_big|=0.22°/s |ω_small|=0.06°/s  连续 1.3/3s
    [稳定等待] 已等   4.0s  e_big=-2.47° e_small=-0.22°  |ω_big|=0.20°/s |ω_small|=0.04°/s  连续 2.3/3s
  ✓ 已稳定（第二段用时 4.70s，两段合计 9.70s）
  采样 300 点 (3.00 s @100Hz)…
  保存: _tmp4x/train_d/sysid_small_20260919_135800_25.npz
        _tmp4x/train_d/sysid_small_20260919_135800_25.csv  (300 行)

=== 段 27 === driven=big 轴 / held=small 轴  温度=(30,30)℃
  参考来源: recording_1778322660.npz[1663:1963] 随机缩放=0.62
  driven 大 yaw: 中心=-2.473 rad 半幅=±0.409 rad(±23.4°)
  held   小 yaw: 目标=-0.265 rad (-15.2°)  [包络 -22°…+22°]
  到位(固定 5s): err_big=+3.20° err_small=+0.37°
  等待连续 3s 稳定（判据: 两轴误差 ≤ 3° 且 两轴速度 < 6°/s；任一越界即重新计时）…
    [稳定等待] 已等   0.0s  e_big=+3.20° e_small=+0.37°  |ω_big|=0.27°/s |ω_small|=0.07°/s  连续 0.0/3s  ← 未满足 e_big超差
    [稳定等待] 已等   1.0s  e_big=+2.94° e_small=+0.30°  |ω_big|=0.25°/s |ω_small|=0.06°/s  连续 0.2/3s
    [稳定等待] 已等   2.0s  e_big=+2.70° e_small=+0.25°  |ω_big|=0.23°/s |ω_small|=0.05°/s  连续 1.2/3s
    [稳定等待] 已等   3.0s  e_big=+2.49° e_small=+0.20°  |ω_big|=0.21°/s |ω_small|=0.04°/s  连续 2.2/3s
  ✓ 已稳定（第二段用时 3.77s，两段合计 8.77s）
  采样 300 点 (3.00 s @100Hz)…
  保存: _tmp4x/train_d/sysid_big_20260919_135817_26.npz
        _tmp4x/train_d/sysid_big_20260919_135817_26.csv  (300 行)

=== 段 28 === driven=small 轴 / held=big 轴  温度=(30,30)℃
  参考来源: recording_1778322660.npz[1875:2175] 随机缩放=0.25
  driven 小 yaw: 中心=+0.230 rad(+13.2°) 半幅=±0.377 rad(±21.6°)
    整条位于参考包络 [-22°, +22°] 内（硬限位 [-30°, +30°]，两侧各留 8° 跟踪余量; 中心 +0.0°）
  held   大 yaw: 目标=-4.981 rad（现有方位角 ±π 内随机）
  到位(固定 5s): err_big=-4.38° err_small=-0.83°
  等待连续 3s 稳定（判据: 两轴误差 ≤ 3° 且 两轴速度 < 6°/s；任一越界即重新计时）…
    [稳定等待] 已等   0.0s  e_big=-4.38° e_small=-0.83°  |ω_big|=0.40°/s |ω_small|=0.18°/s  连续 0.0/3s  ← 未满足 e_big超差
    [稳定等待] 已等   1.0s  e_big=-4.00° e_small=-0.67°  |ω_big|=0.36°/s |ω_small|=0.14°/s  连续 0.0/3s  ← 未满足 e_big超差
    [稳定等待] 已等   2.0s  e_big=-3.66° e_small=-0.54°  |ω_big|=0.32°/s |ω_small|=0.11°/s  连续 0.0/3s  ← 未满足 e_big超差
    [稳定等待] 已等   3.0s  e_big=-3.35° e_small=-0.44°  |ω_big|=0.29°/s |ω_small|=0.09°/s  连续 0.0/3s  ← 未满足 e_big超差
    [稳定等待] 已等   4.0s  e_big=-3.08° e_small=-0.36°  |ω_big|=0.26°/s |ω_small|=0.08°/s  连续 0.0/3s  ← 未满足 e_big超差
    [稳定等待] 已等   5.0s  e_big=-2.83° e_small=-0.30°  |ω_big|=0.24°/s |ω_small|=0.06°/s  连续 0.7/3s
    [稳定等待] 已等   6.0s  e_big=-2.60° e_small=-0.24°  |ω_big|=0.22°/s |ω_small|=0.05°/s  连续 1.7/3s
    [稳定等待] 已等   7.0s  e_big=-2.39° e_small=-0.20°  |ω_big|=0.20°/s |ω_small|=0.04°/s  连续 2.7/3s
  ✓ 已稳定（第二段用时 7.32s，两段合计 12.32s）
  采样 300 点 (3.00 s @100Hz)…
  保存: _tmp4x/train_d/sysid_small_20260919_135837_27.npz
        _tmp4x/train_d/sysid_small_20260919_135837_27.csv  (300 行)

=== 段 29 === driven=big 轴 / held=small 轴  温度=(30,30)℃
  参考来源: recording_1778414251.npz[25911:26211] 随机缩放=0.25
  driven 大 yaw: 中心=-4.733 rad 半幅=±0.685 rad(±39.2°)
  held   小 yaw: 目标=+0.014 rad (+0.8°)  [包络 -22°…+22°]
  到位(固定 5s): err_big=+0.02° err_small=+0.80°
  等待连续 3s 稳定（判据: 两轴误差 ≤ 3° 且 两轴速度 < 6°/s；任一越界即重新计时）…
    [稳定等待] 已等   0.0s  e_big=+0.02° e_small=+0.80°  |ω_big|=0.00°/s |ω_small|=0.17°/s  连续 0.0/3s
    [稳定等待] 已等   1.0s  e_big=+0.02° e_small=+0.65°  |ω_big|=0.00°/s |ω_small|=0.13°/s  连续 1.0/3s
    [稳定等待] 已等   2.0s  e_big=+0.02° e_small=+0.53°  |ω_big|=0.00°/s |ω_small|=0.11°/s  连续 2.0/3s
  ✓ 已稳定（第二段用时 3.00s，两段合计 8.00s）
  采样 300 点 (3.00 s @100Hz)…
  保存: _tmp4x/train_d/sysid_big_20260919_135853_28.npz
        _tmp4x/train_d/sysid_big_20260919_135853_28.csv  (300 行)

=== 段 30 === driven=small 轴 / held=big 轴  温度=(30,30)℃
  参考来源: recording_1778413386.npz[50303:50603] 随机缩放=0.77
  driven 小 yaw: 中心=+0.015 rad(+0.9°) 半幅=±0.195 rad(±11.2°)
    整条位于参考包络 [-22°, +22°] 内（硬限位 [-30°, +30°]，两侧各留 8° 跟踪余量; 中心 +0.0°）
  held   大 yaw: 目标=-4.728 rad（现有方位角 ±π 内随机）
  到位(固定 5s): err_big=+1.48° err_small=-0.09°
  等待连续 3s 稳定（判据: 两轴误差 ≤ 3° 且 两轴速度 < 6°/s；任一越界即重新计时）…
    [稳定等待] 已等   0.0s  e_big=+1.48° e_small=-0.08°  |ω_big|=0.12°/s |ω_small|=0.02°/s  连续 0.0/3s
    [稳定等待] 已等   1.0s  e_big=+1.37° e_small=-0.07°  |ω_big|=0.11°/s |ω_small|=0.01°/s  连续 1.0/3s
    [稳定等待] 已等   2.0s  e_big=+1.26° e_small=-0.06°  |ω_big|=0.10°/s |ω_small|=0.01°/s  连续 2.0/3s
  ✓ 已稳定（第二段用时 3.00s，两段合计 8.00s）
  采样 300 点 (3.00 s @100Hz)…
  保存: _tmp4x/train_d/sysid_small_20260919_135909_29.npz
        _tmp4x/train_d/sysid_small_20260919_135909_29.csv  (300 行)

=== 段 31 === driven=big 轴 / held=small 轴  温度=(30,30)℃
  参考来源: recording_1778341521.npz[42110:42410] 随机缩放=0.10
  driven 大 yaw: 中心=-4.778 rad 半幅=±0.491 rad(±28.1°)
  held   小 yaw: 目标=+0.232 rad (+13.3°)  [包络 -22°…+22°]
  到位(固定 5s): err_big=-3.33° err_small=-0.07°
  等待连续 3s 稳定（判据: 两轴误差 ≤ 3° 且 两轴速度 < 6°/s；任一越界即重新计时）…
    [稳定等待] 已等   0.0s  e_big=-3.33° e_small=-0.07°  |ω_big|=0.29°/s |ω_small|=0.01°/s  连续 0.0/3s  ← 未满足 e_big超差
    [稳定等待] 已等   1.0s  e_big=-3.05° e_small=-0.06°  |ω_big|=0.26°/s |ω_small|=0.01°/s  连续 0.0/3s  ← 未满足 e_big超差
    [稳定等待] 已等   2.0s  e_big=-2.81° e_small=-0.05°  |ω_big|=0.24°/s |ω_small|=0.01°/s  连续 0.8/3s
    [稳定等待] 已等   3.0s  e_big=-2.58° e_small=-0.04°  |ω_big|=0.21°/s |ω_small|=0.01°/s  连续 1.8/3s
    [稳定等待] 已等   4.0s  e_big=-2.37° e_small=-0.03°  |ω_big|=0.20°/s |ω_small|=0.00°/s  连续 2.8/3s
  ✓ 已稳定（第二段用时 4.21s，两段合计 9.21s）
  采样 300 点 (3.00 s @100Hz)…
  保存: _tmp4x/train_d/sysid_big_20260919_135926_30.npz
        _tmp4x/train_d/sysid_big_20260919_135926_30.csv  (300 行)

=== 段 32 === driven=small 轴 / held=big 轴  温度=(30,30)℃
  参考来源: recording_1778328241.npz[11369:11669] 随机缩放=1.03
  driven 小 yaw: 中心=-0.014 rad(-0.8°) 半幅=±0.293 rad(±16.8°)
    整条位于参考包络 [-22°, +22°] 内（硬限位 [-30°, +30°]，两侧各留 8° 跟踪余量; 中心 +0.0°）
  held   大 yaw: 目标=-4.722 rad（现有方位角 ±π 内随机）
  到位(固定 5s): err_big=-4.46° err_small=-0.73°
  等待连续 3s 稳定（判据: 两轴误差 ≤ 3° 且 两轴速度 < 6°/s；任一越界即重新计时）…
    [稳定等待] 已等   0.0s  e_big=-4.46° e_small=-0.73°  |ω_big|=0.41°/s |ω_small|=0.15°/s  连续 0.0/3s  ← 未满足 e_big超差
    [稳定等待] 已等   1.0s  e_big=-4.07° e_small=-0.60°  |ω_big|=0.37°/s |ω_small|=0.12°/s  连续 0.0/3s  ← 未满足 e_big超差
    [稳定等待] 已等   2.0s  e_big=-3.72° e_small=-0.48°  |ω_big|=0.33°/s |ω_small|=0.10°/s  连续 0.0/3s  ← 未满足 e_big超差
    [稳定等待] 已等   3.0s  e_big=-3.41° e_small=-0.39°  |ω_big|=0.29°/s |ω_small|=0.08°/s  连续 0.0/3s  ← 未满足 e_big超差
    [稳定等待] 已等   4.0s  e_big=-3.13° e_small=-0.32°  |ω_big|=0.27°/s |ω_small|=0.07°/s  连续 0.0/3s  ← 未满足 e_big超差
    [稳定等待] 已等   5.0s  e_big=-2.87° e_small=-0.26°  |ω_big|=0.24°/s |ω_small|=0.05°/s  连续 0.5/3s
    [稳定等待] 已等   6.0s  e_big=-2.64° e_small=-0.21°  |ω_big|=0.22°/s |ω_small|=0.04°/s  连续 1.5/3s
    [稳定等待] 已等   7.1s  e_big=-2.43° e_small=-0.17°  |ω_big|=0.20°/s |ω_small|=0.03°/s  连续 2.5/3s
  ✓ 已稳定（第二段用时 7.52s，两段合计 12.52s）
  采样 300 点 (3.00 s @100Hz)…
  保存: _tmp4x/train_d/sysid_small_20260919_135947_31.npz
        _tmp4x/train_d/sysid_small_20260919_135947_31.csv  (300 行)

=== 段 33 === driven=big 轴 / held=small 轴  温度=(30,30)℃
  参考来源: recording_1778328241.npz[1632:1932] 随机缩放=1.70
  driven 大 yaw: 中心=-4.716 rad 半幅=±0.487 rad(±27.9°)
  held   小 yaw: 目标=+0.207 rad (+11.9°)  [包络 -22°…+22°]
  到位(固定 5s): err_big=-3.45° err_small=+0.07°
  等待连续 3s 稳定（判据: 两轴误差 ≤ 3° 且 两轴速度 < 6°/s；任一越界即重新计时）…
    [稳定等待] 已等   0.0s  e_big=-3.45° e_small=+0.07°  |ω_big|=0.30°/s |ω_small|=0.02°/s  连续 0.0/3s  ← 未满足 e_big超差
    [稳定等待] 已等   1.0s  e_big=-3.16° e_small=+0.05°  |ω_big|=0.27°/s |ω_small|=0.01°/s  连续 0.0/3s  ← 未满足 e_big超差
    [稳定等待] 已等   2.0s  e_big=-2.90° e_small=+0.05°  |ω_big|=0.24°/s |ω_small|=0.01°/s  连续 0.4/3s
    [稳定等待] 已等   3.0s  e_big=-2.67° e_small=+0.04°  |ω_big|=0.22°/s |ω_small|=0.01°/s  连续 1.4/3s
    [稳定等待] 已等   4.0s  e_big=-2.46° e_small=+0.03°  |ω_big|=0.20°/s |ω_small|=0.01°/s  连续 2.4/3s
  ✓ 已稳定（第二段用时 4.62s，两段合计 9.62s）
  采样 300 点 (3.00 s @100Hz)…
  保存: _tmp4x/train_d/sysid_big_20260919_140004_32.npz
        _tmp4x/train_d/sysid_big_20260919_140004_32.csv  (300 行)

=== 段 34 === driven=small 轴 / held=big 轴  温度=(30,30)℃
  参考来源: recording_1778341012.npz[32867:33167] 随机缩放=0.26
  driven 小 yaw: 中心=+0.005 rad(+0.3°) 半幅=±0.229 rad(±13.1°)
    整条位于参考包络 [-22°, +22°] 内（硬限位 [-30°, +30°]，两侧各留 8° 跟踪余量; 中心 +0.0°）
  held   大 yaw: 目标=-4.235 rad（现有方位角 ±π 内随机）
  到位(固定 5s): err_big=+1.83° err_small=-0.13°
  等待连续 3s 稳定（判据: 两轴误差 ≤ 3° 且 两轴速度 < 6°/s；任一越界即重新计时）…
    [稳定等待] 已等   0.0s  e_big=+1.83° e_small=-0.13°  |ω_big|=0.15°/s |ω_small|=0.03°/s  连续 0.0/3s
    [稳定等待] 已等   1.0s  e_big=+1.69° e_small=-0.10°  |ω_big|=0.14°/s |ω_small|=0.02°/s  连续 1.0/3s
    [稳定等待] 已等   2.0s  e_big=+1.55° e_small=-0.09°  |ω_big|=0.13°/s |ω_small|=0.02°/s  连续 2.0/3s
  ✓ 已稳定（第二段用时 3.00s，两段合计 8.00s）
  采样 300 点 (3.00 s @100Hz)…
  保存: _tmp4x/train_d/sysid_small_20260919_140020_33.npz
        _tmp4x/train_d/sysid_small_20260919_140020_33.csv  (300 行)

=== 段 35 === driven=big 轴 / held=small 轴  温度=(30,30)℃
  参考来源: recording_1778414251.npz[16642:16942] 随机缩放=0.11
  driven 大 yaw: 中心=-4.230 rad 半幅=±0.860 rad(±49.3°)
  held   小 yaw: 目标=-0.216 rad (-12.4°)  [包络 -22°…+22°]
  到位(固定 5s): err_big=-3.32° err_small=-0.60°
  等待连续 3s 稳定（判据: 两轴误差 ≤ 3° 且 两轴速度 < 6°/s；任一越界即重新计时）…
    [稳定等待] 已等   0.0s  e_big=-3.32° e_small=-0.60°  |ω_big|=0.29°/s |ω_small|=0.12°/s  连续 0.0/3s  ← 未满足 e_big超差
    [稳定等待] 已等   1.0s  e_big=-3.05° e_small=-0.48°  |ω_big|=0.26°/s |ω_small|=0.10°/s  连续 0.0/3s  ← 未满足 e_big超差
    [稳定等待] 已等   2.0s  e_big=-2.81° e_small=-0.40°  |ω_big|=0.24°/s |ω_small|=0.08°/s  连续 0.8/3s
    [稳定等待] 已等   3.0s  e_big=-2.58° e_small=-0.32°  |ω_big|=0.21°/s |ω_small|=0.07°/s  连续 1.8/3s
    [稳定等待] 已等   4.0s  e_big=-2.37° e_small=-0.26°  |ω_big|=0.20°/s |ω_small|=0.05°/s  连续 2.8/3s
  ✓ 已稳定（第二段用时 4.21s，两段合计 9.21s）
  采样 300 点 (3.00 s @100Hz)…
  保存: _tmp4x/train_d/sysid_big_20260919_140037_34.npz
        _tmp4x/train_d/sysid_big_20260919_140037_34.csv  (300 行)

=== 段 36 === driven=small 轴 / held=big 轴  温度=(30,30)℃
  参考来源: recording_1778330157.npz[20458:20758] 随机缩放=0.33
  driven 小 yaw: 中心=+0.157 rad(+9.0°) 半幅=±0.350 rad(±20.1°)
    整条位于参考包络 [-22°, +22°] 内（硬限位 [-30°, +30°]，两侧各留 8° 跟踪余量; 中心 +0.0°）
  held   大 yaw: 目标=-5.120 rad（现有方位角 ±π 内随机）
  到位(固定 5s): err_big=+1.86° err_small=-0.07°
  等待连续 3s 稳定（判据: 两轴误差 ≤ 3° 且 两轴速度 < 6°/s；任一越界即重新计时）…
    [稳定等待] 已等   0.0s  e_big=+1.86° e_small=-0.07°  |ω_big|=0.15°/s |ω_small|=0.02°/s  连续 0.0/3s
    [稳定等待] 已等   1.0s  e_big=+1.71° e_small=-0.06°  |ω_big|=0.14°/s |ω_small|=0.01°/s  连续 1.0/3s
    [稳定等待] 已等   2.0s  e_big=+1.58° e_small=-0.05°  |ω_big|=0.13°/s |ω_small|=0.01°/s  连续 2.0/3s
  ✓ 已稳定（第二段用时 3.00s，两段合计 8.00s）
  采样 300 点 (3.00 s @100Hz)…
  保存: _tmp4x/train_d/sysid_small_20260919_140053_35.npz
        _tmp4x/train_d/sysid_small_20260919_140053_35.csv  (300 行)

=== 段 37 === driven=big 轴 / held=small 轴  温度=(30,30)℃
  参考来源: recording_1778340524.npz[9833:10133] 随机缩放=0.47
  driven 大 yaw: 中心=-4.689 rad 半幅=±0.567 rad(±32.5°)
  held   小 yaw: 目标=+0.147 rad (+8.4°)  [包络 -22°…+22°]
  到位(固定 5s): err_big=+3.03° err_small=+0.70°
  等待连续 3s 稳定（判据: 两轴误差 ≤ 3° 且 两轴速度 < 6°/s；任一越界即重新计时）…
    [稳定等待] 已等   0.0s  e_big=+3.03° e_small=+0.70°  |ω_big|=0.26°/s |ω_small|=0.15°/s  连续 0.0/3s  ← 未满足 e_big超差
    [稳定等待] 已等   1.0s  e_big=+2.78° e_small=+0.57°  |ω_big|=0.23°/s |ω_small|=0.12°/s  连续 0.9/3s
    [稳定等待] 已等   2.0s  e_big=+2.56° e_small=+0.46°  |ω_big|=0.21°/s |ω_small|=0.09°/s  连续 1.9/3s
    [稳定等待] 已等   3.0s  e_big=+2.36° e_small=+0.38°  |ω_big|=0.19°/s |ω_small|=0.08°/s  连续 2.9/3s
  ✓ 已稳定（第二段用时 3.13s，两段合计 8.13s）
  采样 300 点 (3.00 s @100Hz)…
  保存: _tmp4x/train_d/sysid_big_20260919_140109_36.npz
        _tmp4x/train_d/sysid_big_20260919_140109_36.csv  (300 行)

=== 段 38 === driven=small 轴 / held=big 轴  温度=(30,30)℃
  参考来源: recording_1778341844.npz[14671:14971] 随机缩放=0.13
  driven 小 yaw: 中心=+0.016 rad(+0.9°) 半幅=±0.305 rad(±17.5°)
    整条位于参考包络 [-22°, +22°] 内（硬限位 [-30°, +30°]，两侧各留 8° 跟踪余量; 中心 +0.0°）
  held   大 yaw: 目标=-5.303 rad（现有方位角 ±π 内随机）
  到位(固定 5s): err_big=+3.21° err_small=+0.83°
  等待连续 3s 稳定（判据: 两轴误差 ≤ 3° 且 两轴速度 < 6°/s；任一越界即重新计时）…
    [稳定等待] 已等   0.0s  e_big=+3.21° e_small=+0.83°  |ω_big|=0.27°/s |ω_small|=0.17°/s  连续 0.0/3s  ← 未满足 e_big超差
    [稳定等待] 已等   1.0s  e_big=+2.95° e_small=+0.68°  |ω_big|=0.25°/s |ω_small|=0.14°/s  连续 0.2/3s
    [稳定等待] 已等   2.0s  e_big=+2.71° e_small=+0.55°  |ω_big|=0.23°/s |ω_small|=0.11°/s  连续 1.2/3s
    [稳定等待] 已等   3.0s  e_big=+2.49° e_small=+0.45°  |ω_big|=0.21°/s |ω_small|=0.09°/s  连续 2.2/3s
  ✓ 已稳定（第二段用时 3.80s，两段合计 8.80s）
  采样 300 点 (3.00 s @100Hz)…
  保存: _tmp4x/train_d/sysid_small_20260919_140126_37.npz
        _tmp4x/train_d/sysid_small_20260919_140126_37.csv  (300 行)

=== 段 39 === driven=big 轴 / held=small 轴  温度=(30,30)℃
  参考来源: recording_1778322660.npz[868:1168] 随机缩放=0.63
  driven 大 yaw: 中心=-4.938 rad 半幅=±0.442 rad(±25.3°)
  held   小 yaw: 目标=-0.059 rad (-3.4°)  [包络 -22°…+22°]
  到位(固定 5s): err_big=-1.69° err_small=+0.14°
  等待连续 3s 稳定（判据: 两轴误差 ≤ 3° 且 两轴速度 < 6°/s；任一越界即重新计时）…
    [稳定等待] 已等   0.0s  e_big=-1.69° e_small=+0.14°  |ω_big|=0.14°/s |ω_small|=0.03°/s  连续 0.0/3s
    [稳定等待] 已等   1.0s  e_big=-1.55° e_small=+0.11°  |ω_big|=0.13°/s |ω_small|=0.02°/s  连续 1.0/3s
    [稳定等待] 已等   2.0s  e_big=-1.43° e_small=+0.09°  |ω_big|=0.12°/s |ω_small|=0.02°/s  连续 2.0/3s
  ✓ 已稳定（第二段用时 3.00s，两段合计 8.00s）
  采样 300 点 (3.00 s @100Hz)…
  保存: _tmp4x/train_d/sysid_big_20260919_140142_38.npz
        _tmp4x/train_d/sysid_big_20260919_140142_38.csv  (300 行)

=== 段 40 === driven=small 轴 / held=big 轴  温度=(30,30)℃
  参考来源: recording_1778330157.npz[8191:8491] 随机缩放=0.20
  driven 小 yaw: 中心=-0.090 rad(-5.2°) 半幅=±0.260 rad(±14.9°)
    整条位于参考包络 [-22°, +22°] 内（硬限位 [-30°, +30°]，两侧各留 8° 跟踪余量; 中心 +0.0°）
  held   大 yaw: 目标=-4.999 rad（现有方位角 ±π 内随机）
  到位(固定 5s): err_big=-3.55° err_small=+0.34°
  等待连续 3s 稳定（判据: 两轴误差 ≤ 3° 且 两轴速度 < 6°/s；任一越界即重新计时）…
    [稳定等待] 已等   0.0s  e_big=-3.55° e_small=+0.34°  |ω_big|=0.31°/s |ω_small|=0.07°/s  连续 0.0/3s  ← 未满足 e_big超差
    [稳定等待] 已等   1.0s  e_big=-3.25° e_small=+0.27°  |ω_big|=0.28°/s |ω_small|=0.05°/s  连续 0.0/3s  ← 未满足 e_big超差
    [稳定等待] 已等   2.0s  e_big=-2.98° e_small=+0.22°  |ω_big|=0.25°/s |ω_small|=0.05°/s  连续 0.1/3s
    [稳定等待] 已等   3.0s  e_big=-2.74° e_small=+0.18°  |ω_big|=0.23°/s |ω_small|=0.04°/s  连续 1.1/3s
    [稳定等待] 已等   4.0s  e_big=-2.52° e_small=+0.15°  |ω_big|=0.21°/s |ω_small|=0.03°/s  连续 2.1/3s
  ✓ 已稳定（第二段用时 4.95s，两段合计 9.95s）
  采样 300 点 (3.00 s @100Hz)…
  保存: _tmp4x/train_d/sysid_small_20260919_140200_39.npz
        _tmp4x/train_d/sysid_small_20260919_140200_39.csv  (300 行)

=== 段 41 === driven=big 轴 / held=small 轴  温度=(30,30)℃
  参考来源: recording_1778322660.npz[990:1290] 随机缩放=0.90
  driven 大 yaw: 中心=-4.730 rad 半幅=±0.402 rad(±23.0°)
  held   小 yaw: 目标=+0.175 rad (+10.0°)  [包络 -22°…+22°]
  到位(固定 5s): err_big=-1.95° err_small=+0.11°
  等待连续 3s 稳定（判据: 两轴误差 ≤ 3° 且 两轴速度 < 6°/s；任一越界即重新计时）…
    [稳定等待] 已等   0.0s  e_big=-1.95° e_small=+0.11°  |ω_big|=0.16°/s |ω_small|=0.03°/s  连续 0.0/3s
    [稳定等待] 已等   1.0s  e_big=-1.80° e_small=+0.09°  |ω_big|=0.15°/s |ω_small|=0.02°/s  连续 1.0/3s
    [稳定等待] 已等   2.0s  e_big=-1.66° e_small=+0.08°  |ω_big|=0.13°/s |ω_small|=0.01°/s  连续 2.0/3s
  ✓ 已稳定（第二段用时 3.00s，两段合计 8.00s）
  采样 300 点 (3.00 s @100Hz)…
  保存: _tmp4x/train_d/sysid_big_20260919_140215_40.npz
        _tmp4x/train_d/sysid_big_20260919_140215_40.csv  (300 行)

=== 段 42 === driven=small 轴 / held=big 轴  温度=(30,30)℃
  参考来源: recording_1778341012.npz[43761:44061] 随机缩放=1.39
  driven 小 yaw: 中心=-0.063 rad(-3.6°) 半幅=±0.230 rad(±13.2°)
    整条位于参考包络 [-22°, +22°] 内（硬限位 [-30°, +30°]，两侧各留 8° 跟踪余量; 中心 +0.0°）
  held   大 yaw: 目标=-5.233 rad（现有方位角 ±π 内随机）
  到位(固定 5s): err_big=+3.82° err_small=+0.94°
  等待连续 3s 稳定（判据: 两轴误差 ≤ 3° 且 两轴速度 < 6°/s；任一越界即重新计时）…
    [稳定等待] 已等   0.0s  e_big=+3.82° e_small=+0.94°  |ω_big|=0.34°/s |ω_small|=0.20°/s  连续 0.0/3s  ← 未满足 e_big超差
    [稳定等待] 已等   1.0s  e_big=+3.49° e_small=+0.76°  |ω_big|=0.30°/s |ω_small|=0.16°/s  连续 0.0/3s  ← 未满足 e_big超差
    [稳定等待] 已等   2.0s  e_big=+3.20° e_small=+0.62°  |ω_big|=0.27°/s |ω_small|=0.13°/s  连续 0.0/3s  ← 未满足 e_big超差
    [稳定等待] 已等   3.0s  e_big=+2.94° e_small=+0.50°  |ω_big|=0.25°/s |ω_small|=0.10°/s  连续 0.2/3s
    [稳定等待] 已等   4.0s  e_big=+2.70° e_small=+0.41°  |ω_big|=0.23°/s |ω_small|=0.08°/s  连续 1.2/3s
    [稳定等待] 已等   5.0s  e_big=+2.48° e_small=+0.33°  |ω_big|=0.21°/s |ω_small|=0.07°/s  连续 2.3/3s
  ✓ 已稳定（第二段用时 5.79s，两段合计 10.79s）
  采样 300 点 (3.00 s @100Hz)…
  保存: _tmp4x/train_d/sysid_small_20260919_140234_41.npz
        _tmp4x/train_d/sysid_small_20260919_140234_41.csv  (300 行)

=== 段 43 === driven=big 轴 / held=small 轴  温度=(30,30)℃
  参考来源: recording_1778413386.npz[20094:20394] 随机缩放=0.11
  driven 大 yaw: 中心=-5.718 rad 半幅=±0.432 rad(±24.8°)
  held   小 yaw: 目标=+0.025 rad (+1.4°)  [包络 -22°…+22°]
  到位(固定 5s): err_big=+4.49° err_small=+0.96°
  等待连续 3s 稳定（判据: 两轴误差 ≤ 3° 且 两轴速度 < 6°/s；任一越界即重新计时）…
    [稳定等待] 已等   0.0s  e_big=+4.49° e_small=+0.96°  |ω_big|=0.42°/s |ω_small|=0.20°/s  连续 0.0/3s  ← 未满足 e_big超差
    [稳定等待] 已等   1.0s  e_big=+4.10° e_small=+0.78°  |ω_big|=0.37°/s |ω_small|=0.16°/s  连续 0.0/3s  ← 未满足 e_big超差
    [稳定等待] 已等   2.0s  e_big=+3.75° e_small=+0.63°  |ω_big|=0.33°/s |ω_small|=0.13°/s  连续 0.0/3s  ← 未满足 e_big超差
    [稳定等待] 已等   3.0s  e_big=+3.43° e_small=+0.52°  |ω_big|=0.30°/s |ω_small|=0.11°/s  连续 0.0/3s  ← 未满足 e_big超差
    [稳定等待] 已等   4.0s  e_big=+3.15° e_small=+0.42°  |ω_big|=0.27°/s |ω_small|=0.09°/s  连续 0.0/3s  ← 未满足 e_big超差
    [稳定等待] 已等   5.0s  e_big=+2.89° e_small=+0.34°  |ω_big|=0.24°/s |ω_small|=0.07°/s  连续 0.4/3s
    [稳定等待] 已等   6.0s  e_big=+2.66° e_small=+0.28°  |ω_big|=0.22°/s |ω_small|=0.06°/s  连续 1.4/3s
    [稳定等待] 已等   7.0s  e_big=+2.44° e_small=+0.23°  |ω_big|=0.20°/s |ω_small|=0.05°/s  连续 2.5/3s
  ✓ 已稳定（第二段用时 7.59s，两段合计 12.59s）
  采样 300 点 (3.00 s @100Hz)…
  保存: _tmp4x/train_d/sysid_big_20260919_140254_42.npz
        _tmp4x/train_d/sysid_big_20260919_140254_42.csv  (300 行)

=== 段 44 === driven=small 轴 / held=big 轴  温度=(30,30)℃
  参考来源: recording_1778330157.npz[3799:4099] 随机缩放=0.18
  driven 小 yaw: 中心=-0.131 rad(-7.5°) 半幅=±0.268 rad(±15.4°)
    整条位于参考包络 [-22°, +22°] 内（硬限位 [-30°, +30°]，两侧各留 8° 跟踪余量; 中心 +0.0°）
  held   大 yaw: 目标=-3.450 rad（现有方位角 ±π 内随机）
  到位(固定 5s): err_big=+3.63° err_small=+0.57°
  等待连续 3s 稳定（判据: 两轴误差 ≤ 3° 且 两轴速度 < 6°/s；任一越界即重新计时）…
    [稳定等待] 已等   0.0s  e_big=+3.63° e_small=+0.57°  |ω_big|=0.32°/s |ω_small|=0.12°/s  连续 0.0/3s  ← 未满足 e_big超差
    [稳定等待] 已等   1.0s  e_big=+3.33° e_small=+0.46°  |ω_big|=0.29°/s |ω_small|=0.09°/s  连续 0.0/3s  ← 未满足 e_big超差
    [稳定等待] 已等   2.0s  e_big=+3.06° e_small=+0.38°  |ω_big|=0.26°/s |ω_small|=0.08°/s  连续 0.0/3s  ← 未满足 e_big超差
    [稳定等待] 已等   3.0s  e_big=+2.81° e_small=+0.31°  |ω_big|=0.24°/s |ω_small|=0.06°/s  连续 0.8/3s
    [稳定等待] 已等   4.0s  e_big=+2.58° e_small=+0.25°  |ω_big|=0.21°/s |ω_small|=0.05°/s  连续 1.8/3s
    [稳定等待] 已等   5.0s  e_big=+2.37° e_small=+0.20°  |ω_big|=0.20°/s |ω_small|=0.04°/s  连续 2.8/3s
  ✓ 已稳定（第二段用时 5.23s，两段合计 10.23s）
  采样 300 点 (3.00 s @100Hz)…
  保存: _tmp4x/train_d/sysid_small_20260919_140312_43.npz
        _tmp4x/train_d/sysid_small_20260919_140312_43.csv  (300 行)

=== 段 45 === driven=big 轴 / held=small 轴  温度=(30,30)℃
  参考来源: recording_1778341521.npz[18271:18571] 随机缩放=0.20
  driven 大 yaw: 中心=-3.948 rad 半幅=±0.877 rad(±50.2°)
  held   小 yaw: 目标=-0.182 rad (-10.4°)  [包络 -22°…+22°]
  到位(固定 5s): err_big=+0.21° err_small=+0.26°
  等待连续 3s 稳定（判据: 两轴误差 ≤ 3° 且 两轴速度 < 6°/s；任一越界即重新计时）…
    [稳定等待] 已等   0.0s  e_big=+0.21° e_small=+0.26°  |ω_big|=0.02°/s |ω_small|=0.06°/s  连续 0.0/3s
    [稳定等待] 已等   1.0s  e_big=+0.20° e_small=+0.21°  |ω_big|=0.02°/s |ω_small|=0.05°/s  连续 1.0/3s
    [稳定等待] 已等   2.0s  e_big=+0.18° e_small=+0.18°  |ω_big|=0.01°/s |ω_small|=0.04°/s  连续 2.0/3s
  ✓ 已稳定（第二段用时 3.00s，两段合计 8.00s）
  采样 300 点 (3.00 s @100Hz)…
  保存: _tmp4x/train_d/sysid_big_20260919_140328_44.npz
        _tmp4x/train_d/sysid_big_20260919_140328_44.csv  (300 行)

=== 段 46 === driven=small 轴 / held=big 轴  温度=(30,30)℃
  参考来源: recording_1778322660.npz[2191:2491] 随机缩放=0.18
  driven 小 yaw: 中心=+0.114 rad(+6.5°) 半幅=±0.256 rad(±14.7°)
    整条位于参考包络 [-22°, +22°] 内（硬限位 [-30°, +30°]，两侧各留 8° 跟踪余量; 中心 +0.0°）
  held   大 yaw: 目标=-4.330 rad（现有方位角 ±π 内随机）
  到位(固定 5s): err_big=-3.05° err_small=-0.57°
  等待连续 3s 稳定（判据: 两轴误差 ≤ 3° 且 两轴速度 < 6°/s；任一越界即重新计时）…
    [稳定等待] 已等   0.0s  e_big=-3.05° e_small=-0.57°  |ω_big|=0.26°/s |ω_small|=0.12°/s  连续 0.0/3s  ← 未满足 e_big超差
    [稳定等待] 已等   1.0s  e_big=-2.80° e_small=-0.46°  |ω_big|=0.24°/s |ω_small|=0.09°/s  连续 0.8/3s
    [稳定等待] 已等   2.0s  e_big=-2.57° e_small=-0.38°  |ω_big|=0.21°/s |ω_small|=0.08°/s  连续 1.8/3s
    [稳定等待] 已等   3.0s  e_big=-2.37° e_small=-0.31°  |ω_big|=0.20°/s |ω_small|=0.06°/s  连续 2.8/3s
  ✓ 已稳定（第二段用时 3.20s，两段合计 8.20s）
  采样 300 点 (3.00 s @100Hz)…
  保存: _tmp4x/train_d/sysid_small_20260919_140345_45.npz
        _tmp4x/train_d/sysid_small_20260919_140345_45.csv  (300 行)

=== 段 47 === driven=big 轴 / held=small 轴  温度=(30,30)℃
  参考来源: recording_1778414251.npz[34762:35062] 随机缩放=0.74
  driven 大 yaw: 中心=-4.130 rad 半幅=±0.402 rad(±23.0°)
  held   小 yaw: 目标=+0.129 rad (+7.4°)  [包络 -22°…+22°]
  到位(固定 5s): err_big=+1.54° err_small=+0.11°
  等待连续 3s 稳定（判据: 两轴误差 ≤ 3° 且 两轴速度 < 6°/s；任一越界即重新计时）…
    [稳定等待] 已等   0.0s  e_big=+1.54° e_small=+0.11°  |ω_big|=0.12°/s |ω_small|=0.02°/s  连续 0.0/3s
    [稳定等待] 已等   1.0s  e_big=+1.42° e_small=+0.09°  |ω_big|=0.11°/s |ω_small|=0.02°/s  连续 1.0/3s
    [稳定等待] 已等   2.0s  e_big=+1.30° e_small=+0.07°  |ω_big|=0.10°/s |ω_small|=0.02°/s  连续 2.0/3s
  ✓ 已稳定（第二段用时 3.00s，两段合计 8.00s）
  采样 300 点 (3.00 s @100Hz)…
  保存: _tmp4x/train_d/sysid_big_20260919_140401_46.npz
        _tmp4x/train_d/sysid_big_20260919_140401_46.csv  (300 行)

=== 段 48 === driven=small 轴 / held=big 轴  温度=(30,30)℃
  参考来源: recording_1778328241.npz[11143:11443] 随机缩放=0.91
  driven 小 yaw: 中心=-0.100 rad(-5.7°) 半幅=±0.345 rad(±19.8°)
    整条位于参考包络 [-22°, +22°] 内（硬限位 [-30°, +30°]，两侧各留 8° 跟踪余量; 中心 +0.0°）
  held   大 yaw: 目标=-4.574 rad（现有方位角 ±π 内随机）
  到位(固定 5s): err_big=+3.65° err_small=+0.65°
  等待连续 3s 稳定（判据: 两轴误差 ≤ 3° 且 两轴速度 < 6°/s；任一越界即重新计时）…
    [稳定等待] 已等   0.0s  e_big=+3.65° e_small=+0.65°  |ω_big|=0.32°/s |ω_small|=0.14°/s  连续 0.0/3s  ← 未满足 e_big超差
    [稳定等待] 已等   1.0s  e_big=+3.35° e_small=+0.53°  |ω_big|=0.29°/s |ω_small|=0.11°/s  连续 0.0/3s  ← 未满足 e_big超差
    [稳定等待] 已等   2.0s  e_big=+3.07° e_small=+0.43°  |ω_big|=0.26°/s |ω_small|=0.09°/s  连续 0.0/3s  ← 未满足 e_big超差
    [稳定等待] 已等   3.0s  e_big=+2.82° e_small=+0.35°  |ω_big|=0.24°/s |ω_small|=0.07°/s  连续 0.7/3s
    [稳定等待] 已等   4.0s  e_big=+2.60° e_small=+0.28°  |ω_big|=0.22°/s |ω_small|=0.06°/s  连续 1.7/3s
    [稳定等待] 已等   5.0s  e_big=+2.39° e_small=+0.23°  |ω_big|=0.20°/s |ω_small|=0.05°/s  连续 2.7/3s
  ✓ 已稳定（第二段用时 5.30s，两段合计 10.30s）
  采样 300 点 (3.00 s @100Hz)…
  保存: _tmp4x/train_d/sysid_small_20260919_140419_47.npz
        _tmp4x/train_d/sysid_small_20260919_140419_47.csv  (300 行)

=== 段 49 === driven=big 轴 / held=small 轴  温度=(30,30)℃
  参考来源: recording_1778322622.npz[1993:2293] 随机缩放=0.95
  driven 大 yaw: 中心=-4.510 rad 半幅=±0.682 rad(±39.1°)
  held   小 yaw: 目标=+0.202 rad (+11.6°)  [包络 -22°…+22°]
  到位(固定 5s): err_big=-2.39° err_small=-0.40°
  等待连续 3s 稳定（判据: 两轴误差 ≤ 3° 且 两轴速度 < 6°/s；任一越界即重新计时）…
    [稳定等待] 已等   0.0s  e_big=-2.39° e_small=-0.40°  |ω_big|=0.20°/s |ω_small|=0.08°/s  连续 0.0/3s
    [稳定等待] 已等   1.0s  e_big=-2.20° e_small=-0.32°  |ω_big|=0.18°/s |ω_small|=0.07°/s  连续 1.0/3s
    [稳定等待] 已等   2.0s  e_big=-2.03° e_small=-0.26°  |ω_big|=0.17°/s |ω_small|=0.06°/s  连续 2.0/3s
  ✓ 已稳定（第二段用时 3.00s，两段合计 8.00s）
  采样 300 点 (3.00 s @100Hz)…
  保存: _tmp4x/train_d/sysid_big_20260919_140435_48.npz
        _tmp4x/train_d/sysid_big_20260919_140435_48.csv  (300 行)

=== 段 50 === driven=small 轴 / held=big 轴  温度=(30,30)℃
  参考来源: recording_1778328241.npz[43:343] 随机缩放=0.25
  driven 小 yaw: 中心=+0.197 rad(+11.3°) 半幅=±0.342 rad(±19.6°)
    整条位于参考包络 [-22°, +22°] 内（硬限位 [-30°, +30°]，两侧各留 8° 跟踪余量; 中心 +0.0°）
  held   大 yaw: 目标=-3.152 rad（现有方位角 ±π 内随机）
  到位(固定 5s): err_big=-3.12° err_small=-0.82°
  等待连续 3s 稳定（判据: 两轴误差 ≤ 3° 且 两轴速度 < 6°/s；任一越界即重新计时）…
    [稳定等待] 已等   0.0s  e_big=-3.12° e_small=-0.82°  |ω_big|=0.27°/s |ω_small|=0.17°/s  连续 0.0/3s  ← 未满足 e_big超差
    [稳定等待] 已等   1.0s  e_big=-2.87° e_small=-0.67°  |ω_big|=0.24°/s |ω_small|=0.13°/s  连续 0.6/3s
    [稳定等待] 已等   2.0s  e_big=-2.63° e_small=-0.54°  |ω_big|=0.22°/s |ω_small|=0.11°/s  连续 1.6/3s
    [稳定等待] 已等   3.0s  e_big=-2.42° e_small=-0.44°  |ω_big|=0.20°/s |ω_small|=0.09°/s  连续 2.6/3s
  ✓ 已稳定（第二段用时 3.47s，两段合计 8.47s）
  采样 300 点 (3.00 s @100Hz)…
  保存: _tmp4x/train_d/sysid_small_20260919_140451_49.npz
        _tmp4x/train_d/sysid_small_20260919_140451_49.csv  (300 行)

=== 段 51 === driven=big 轴 / held=small 轴  温度=(30,30)℃
  参考来源: recording_1778322622.npz[669:969] 随机缩放=1.13
  driven 大 yaw: 中心=-3.617 rad 半幅=±0.626 rad(±35.9°)
  held   小 yaw: 目标=-0.085 rad (-4.9°)  [包络 -22°…+22°]
  到位(固定 5s): err_big=-0.05° err_small=-0.15°
  等待连续 3s 稳定（判据: 两轴误差 ≤ 3° 且 两轴速度 < 6°/s；任一越界即重新计时）…
    [稳定等待] 已等   0.0s  e_big=-0.05° e_small=-0.15°  |ω_big|=0.00°/s |ω_small|=0.03°/s  连续 0.0/3s
    [稳定等待] 已等   1.0s  e_big=-0.05° e_small=-0.12°  |ω_big|=0.00°/s |ω_small|=0.02°/s  连续 1.0/3s
    [稳定等待] 已等   2.0s  e_big=-0.05° e_small=-0.10°  |ω_big|=0.00°/s |ω_small|=0.02°/s  连续 2.0/3s
  ✓ 已稳定（第二段用时 3.00s，两段合计 8.00s）
  采样 300 点 (3.00 s @100Hz)…
  保存: _tmp4x/train_d/sysid_big_20260919_140507_50.npz
        _tmp4x/train_d/sysid_big_20260919_140507_50.csv  (300 行)

=== 段 52 === driven=small 轴 / held=big 轴  温度=(30,30)℃
  参考来源: recording_1778341012.npz[24416:24716] 随机缩放=0.16
  driven 小 yaw: 中心=+0.064 rad(+3.6°) 半幅=±0.233 rad(±13.3°)
    整条位于参考包络 [-22°, +22°] 内（硬限位 [-30°, +30°]，两侧各留 8° 跟踪余量; 中心 +0.0°）
  held   大 yaw: 目标=-5.977 rad（现有方位角 ±π 内随机）
  到位(固定 5s): err_big=-3.12° err_small=-0.45°
  等待连续 3s 稳定（判据: 两轴误差 ≤ 3° 且 两轴速度 < 6°/s；任一越界即重新计时）…
    [稳定等待] 已等   0.0s  e_big=-3.12° e_small=-0.45°  |ω_big|=0.27°/s |ω_small|=0.09°/s  连续 0.0/3s  ← 未满足 e_big超差
    [稳定等待] 已等   1.0s  e_big=-2.86° e_small=-0.37°  |ω_big|=0.24°/s |ω_small|=0.08°/s  连续 0.6/3s
    [稳定等待] 已等   2.0s  e_big=-2.63° e_small=-0.30°  |ω_big|=0.22°/s |ω_small|=0.06°/s  连续 1.6/3s
    [稳定等待] 已等   3.0s  e_big=-2.42° e_small=-0.25°  |ω_big|=0.20°/s |ω_small|=0.05°/s  连续 2.6/3s
  ✓ 已稳定（第二段用时 3.47s，两段合计 8.47s）
  采样 300 点 (3.00 s @100Hz)…
  保存: _tmp4x/train_d/sysid_small_20260919_140524_51.npz
        _tmp4x/train_d/sysid_small_20260919_140524_51.csv  (300 行)

=== 段 53 === driven=big 轴 / held=small 轴  温度=(30,30)℃
  参考来源: recording_1778341844.npz[26636:26936] 随机缩放=0.44
  driven 大 yaw: 中心=-6.448 rad 半幅=±0.475 rad(±27.2°)
  held   小 yaw: 目标=+0.187 rad (+10.7°)  [包络 -22°…+22°]
  到位(固定 5s): err_big=+2.63° err_small=+0.35°
  等待连续 3s 稳定（判据: 两轴误差 ≤ 3° 且 两轴速度 < 6°/s；任一越界即重新计时）…
    [稳定等待] 已等   0.0s  e_big=+2.63° e_small=+0.35°  |ω_big|=0.22°/s |ω_small|=0.07°/s  连续 0.0/3s
    [稳定等待] 已等   1.0s  e_big=+2.42° e_small=+0.29°  |ω_big|=0.20°/s |ω_small|=0.06°/s  连续 1.0/3s
    [稳定等待] 已等   2.0s  e_big=+2.22° e_small=+0.24°  |ω_big|=0.18°/s |ω_small|=0.05°/s  连续 2.0/3s
  ✓ 已稳定（第二段用时 3.00s，两段合计 8.00s）
  采样 300 点 (3.00 s @100Hz)…
  保存: _tmp4x/train_d/sysid_big_20260919_140540_52.npz
        _tmp4x/train_d/sysid_big_20260919_140540_52.csv  (300 行)

=== 段 54 === driven=small 轴 / held=big 轴  温度=(30,30)℃
  参考来源: recording_1778341844.npz[5908:6208] 随机缩放=0.04
  driven 小 yaw: 中心=+0.131 rad(+7.5°) 半幅=±0.289 rad(±16.5°)
    整条位于参考包络 [-22°, +22°] 内（硬限位 [-30°, +30°]，两侧各留 8° 跟踪余量; 中心 +0.0°）
  held   大 yaw: 目标=-6.874 rad（现有方位角 ±π 内随机）
  到位(固定 5s): err_big=+0.79° err_small=-0.26°
  等待连续 3s 稳定（判据: 两轴误差 ≤ 3° 且 两轴速度 < 6°/s；任一越界即重新计时）…
    [稳定等待] 已等   0.0s  e_big=+0.79° e_small=-0.26°  |ω_big|=0.06°/s |ω_small|=0.05°/s  连续 0.0/3s
    [稳定等待] 已等   1.0s  e_big=+0.73° e_small=-0.21°  |ω_big|=0.06°/s |ω_small|=0.04°/s  连续 1.0/3s
    [稳定等待] 已等   2.0s  e_big=+0.67° e_small=-0.17°  |ω_big|=0.05°/s |ω_small|=0.04°/s  连续 2.0/3s
  ✓ 已稳定（第二段用时 3.00s，两段合计 8.00s）
  采样 300 点 (3.00 s @100Hz)…
  保存: _tmp4x/train_d/sysid_small_20260919_140556_53.npz
        _tmp4x/train_d/sysid_small_20260919_140556_53.csv  (300 行)

=== 段 55 === driven=big 轴 / held=small 轴  温度=(30,30)℃
  参考来源: recording_1778328241.npz[11437:11737] 随机缩放=0.86
  driven 大 yaw: 中心=-6.928 rad 半幅=±0.361 rad(±20.7°)
  held   小 yaw: 目标=-0.086 rad (-4.9°)  [包络 -22°…+22°]
  到位(固定 5s): err_big=+3.97° err_small=-0.65°
  等待连续 3s 稳定（判据: 两轴误差 ≤ 3° 且 两轴速度 < 6°/s；任一越界即重新计时）…
    [稳定等待] 已等   0.0s  e_big=+3.97° e_small=-0.65°  |ω_big|=0.35°/s |ω_small|=0.13°/s  连续 0.0/3s  ← 未满足 e_big超差
    [稳定等待] 已等   1.0s  e_big=+3.63° e_small=-0.53°  |ω_big|=0.32°/s |ω_small|=0.11°/s  连续 0.0/3s  ← 未满足 e_big超差
    [稳定等待] 已等   2.0s  e_big=+3.33° e_small=-0.43°  |ω_big|=0.29°/s |ω_small|=0.09°/s  连续 0.0/3s  ← 未满足 e_big超差
    [稳定等待] 已等   3.0s  e_big=+3.05° e_small=-0.35°  |ω_big|=0.26°/s |ω_small|=0.07°/s  连续 0.0/3s  ← 未满足 e_big超差
    [稳定等待] 已等   4.0s  e_big=+2.80° e_small=-0.29°  |ω_big|=0.24°/s |ω_small|=0.06°/s  连续 0.8/3s
    [稳定等待] 已等   5.0s  e_big=+2.58° e_small=-0.23°  |ω_big|=0.21°/s |ω_small|=0.05°/s  连续 1.8/3s
    [稳定等待] 已等   6.0s  e_big=+2.37° e_small=-0.19°  |ω_big|=0.20°/s |ω_small|=0.04°/s  连续 2.8/3s
  ✓ 已稳定（第二段用时 6.23s，两段合计 11.23s）
  采样 300 点 (3.00 s @100Hz)…
  保存: _tmp4x/train_d/sysid_big_20260919_140615_54.npz
        _tmp4x/train_d/sysid_big_20260919_140615_54.csv  (300 行)

=== 段 56 === driven=small 轴 / held=big 轴  温度=(30,30)℃
  参考来源: recording_1778413386.npz[42178:42478] 随机缩放=0.06
  driven 小 yaw: 中心=-0.051 rad(-3.0°) 半幅=±0.203 rad(±11.6°)
    整条位于参考包络 [-22°, +22°] 内（硬限位 [-30°, +30°]，两侧各留 8° 跟踪余量; 中心 +0.0°）
  held   大 yaw: 目标=-6.461 rad（现有方位角 ±π 内随机）
  到位(固定 5s): err_big=-4.21° err_small=-1.02°
  等待连续 3s 稳定（判据: 两轴误差 ≤ 3° 且 两轴速度 < 6°/s；任一越界即重新计时）…
    [稳定等待] 已等   0.0s  e_big=-4.21° e_small=-1.01°  |ω_big|=0.38°/s |ω_small|=0.22°/s  连续 0.0/3s  ← 未满足 e_big超差
    [稳定等待] 已等   1.0s  e_big=-3.85° e_small=-0.82°  |ω_big|=0.34°/s |ω_small|=0.17°/s  连续 0.0/3s  ← 未满足 e_big超差
    [稳定等待] 已等   2.0s  e_big=-3.53° e_small=-0.67°  |ω_big|=0.31°/s |ω_small|=0.14°/s  连续 0.0/3s  ← 未满足 e_big超差
    [稳定等待] 已等   3.0s  e_big=-3.23° e_small=-0.54°  |ω_big|=0.28°/s |ω_small|=0.11°/s  连续 0.0/3s  ← 未满足 e_big超差
    [稳定等待] 已等   4.0s  e_big=-2.97° e_small=-0.44°  |ω_big|=0.25°/s |ω_small|=0.09°/s  连续 0.1/3s
    [稳定等待] 已等   5.0s  e_big=-2.73° e_small=-0.36°  |ω_big|=0.23°/s |ω_small|=0.07°/s  连续 1.1/3s
    [稳定等待] 已等   6.0s  e_big=-2.51° e_small=-0.29°  |ω_big|=0.21°/s |ω_small|=0.06°/s  连续 2.1/3s
  ✓ 已稳定（第二段用时 6.89s，两段合计 11.89s）
  采样 300 点 (3.00 s @100Hz)…
  保存: _tmp4x/train_d/sysid_small_20260919_140635_55.npz
        _tmp4x/train_d/sysid_small_20260919_140635_55.csv  (300 行)

=== 段 57 === driven=big 轴 / held=small 轴  温度=(30,30)℃
  参考来源: recording_1778330157.npz[27034:27334] 随机缩放=1.00
  driven 大 yaw: 中心=-6.626 rad 半幅=±0.494 rad(±28.3°)
  held   小 yaw: 目标=+0.013 rad (+0.8°)  [包络 -22°…+22°]
  到位(固定 5s): err_big=-3.32° err_small=+0.47°
  等待连续 3s 稳定（判据: 两轴误差 ≤ 3° 且 两轴速度 < 6°/s；任一越界即重新计时）…
    [稳定等待] 已等   0.0s  e_big=-3.32° e_small=+0.47°  |ω_big|=0.29°/s |ω_small|=0.09°/s  连续 0.0/3s  ← 未满足 e_big超差
    [稳定等待] 已等   1.0s  e_big=-3.05° e_small=+0.38°  |ω_big|=0.26°/s |ω_small|=0.08°/s  连续 0.0/3s  ← 未满足 e_big超差
    [稳定等待] 已等   2.0s  e_big=-2.80° e_small=+0.31°  |ω_big|=0.24°/s |ω_small|=0.06°/s  连续 0.8/3s
    [稳定等待] 已等   3.0s  e_big=-2.58° e_small=+0.25°  |ω_big|=0.21°/s |ω_small|=0.05°/s  连续 1.8/3s
    [稳定等待] 已等   4.0s  e_big=-2.37° e_small=+0.21°  |ω_big|=0.20°/s |ω_small|=0.04°/s  连续 2.8/3s
  ✓ 已稳定（第二段用时 4.20s，两段合计 9.20s）
  采样 300 点 (3.00 s @100Hz)…
  保存: _tmp4x/train_d/sysid_big_20260919_140652_56.npz
        _tmp4x/train_d/sysid_big_20260919_140652_56.csv  (300 行)

=== 段 58 === driven=small 轴 / held=big 轴  温度=(30,30)℃
  参考来源: recording_1778322660.npz[575:875] 随机缩放=0.25
  driven 小 yaw: 中心=+0.084 rad(+4.8°) 半幅=±0.233 rad(±13.4°)
    整条位于参考包络 [-22°, +22°] 内（硬限位 [-30°, +30°]，两侧各留 8° 跟踪余量; 中心 +0.0°）
  held   大 yaw: 目标=-6.612 rad（现有方位角 ±π 内随机）
  到位(固定 5s): err_big=+0.77° err_small=-0.42°
  等待连续 3s 稳定（判据: 两轴误差 ≤ 3° 且 两轴速度 < 6°/s；任一越界即重新计时）…
    [稳定等待] 已等   0.0s  e_big=+0.77° e_small=-0.42°  |ω_big|=0.06°/s |ω_small|=0.09°/s  连续 0.0/3s
    [稳定等待] 已等   1.0s  e_big=+0.71° e_small=-0.34°  |ω_big|=0.06°/s |ω_small|=0.07°/s  连续 1.0/3s
    [稳定等待] 已等   2.0s  e_big=+0.66° e_small=-0.28°  |ω_big|=0.05°/s |ω_small|=0.06°/s  连续 2.0/3s
  ✓ 已稳定（第二段用时 3.00s，两段合计 8.00s）
  采样 300 点 (3.00 s @100Hz)…
  保存: _tmp4x/train_d/sysid_small_20260919_140708_57.npz
        _tmp4x/train_d/sysid_small_20260919_140708_57.csv  (300 行)

=== 段 59 === driven=big 轴 / held=small 轴  温度=(30,30)℃
  参考来源: recording_1778414251.npz[20540:20840] 随机缩放=0.17
  driven 大 yaw: 中心=-7.015 rad 半幅=±0.552 rad(±31.6°)
  held   小 yaw: 目标=+0.141 rad (+8.1°)  [包络 -22°…+22°]
  到位(固定 5s): err_big=-3.73° err_small=+0.42°
  等待连续 3s 稳定（判据: 两轴误差 ≤ 3° 且 两轴速度 < 6°/s；任一越界即重新计时）…
    [稳定等待] 已等   0.0s  e_big=-3.73° e_small=+0.42°  |ω_big|=0.33°/s |ω_small|=0.08°/s  连续 0.0/3s  ← 未满足 e_big超差
    [稳定等待] 已等   1.0s  e_big=-3.42° e_small=+0.34°  |ω_big|=0.30°/s |ω_small|=0.07°/s  连续 0.0/3s  ← 未满足 e_big超差
    [稳定等待] 已等   2.0s  e_big=-3.13° e_small=+0.27°  |ω_big|=0.27°/s |ω_small|=0.05°/s  连续 0.0/3s  ← 未满足 e_big超差
    [稳定等待] 已等   3.0s  e_big=-2.88° e_small=+0.22°  |ω_big|=0.24°/s |ω_small|=0.05°/s  连续 0.5/3s
    [稳定等待] 已等   4.0s  e_big=-2.65° e_small=+0.18°  |ω_big|=0.22°/s |ω_small|=0.04°/s  连续 1.5/3s
    [稳定等待] 已等   5.0s  e_big=-2.43° e_small=+0.15°  |ω_big|=0.20°/s |ω_small|=0.03°/s  连续 2.5/3s
  ✓ 已稳定（第二段用时 5.53s，两段合计 10.53s）
  采样 300 点 (3.00 s @100Hz)…
  保存: _tmp4x/train_d/sysid_big_20260919_140727_58.npz
        _tmp4x/train_d/sysid_big_20260919_140727_58.csv  (300 行)

=== 段 60 === driven=small 轴 / held=big 轴  温度=(30,30)℃
  参考来源: recording_1778322660.npz[68:368] 随机缩放=0.21
  driven 小 yaw: 中心=+0.179 rad(+10.2°) 半幅=±0.355 rad(±20.3°)
    整条位于参考包络 [-22°, +22°] 内（硬限位 [-30°, +30°]，两侧各留 8° 跟踪余量; 中心 +0.0°）
  held   大 yaw: 目标=-9.917 rad（现有方位角 ±π 内随机）
  到位(固定 5s): err_big=-4.97° err_small=-1.23°
  等待连续 3s 稳定（判据: 两轴误差 ≤ 3° 且 两轴速度 < 6°/s；任一越界即重新计时）…
    [稳定等待] 已等   0.0s  e_big=-4.97° e_small=-1.23°  |ω_big|=0.48°/s |ω_small|=0.27°/s  连续 0.0/3s  ← 未满足 e_big超差
    [稳定等待] 已等   1.0s  e_big=-4.52° e_small=-0.99°  |ω_big|=0.42°/s |ω_small|=0.21°/s  连续 0.0/3s  ← 未满足 e_big超差
    [稳定等待] 已等   2.0s  e_big=-4.12° e_small=-0.81°  |ω_big|=0.37°/s |ω_small|=0.17°/s  连续 0.0/3s  ← 未满足 e_big超差
    [稳定等待] 已等   3.0s  e_big=-3.77° e_small=-0.65°  |ω_big|=0.33°/s |ω_small|=0.13°/s  连续 0.0/3s  ← 未满足 e_big超差
    [稳定等待] 已等   4.0s  e_big=-3.45° e_small=-0.53°  |ω_big|=0.30°/s |ω_small|=0.11°/s  连续 0.0/3s  ← 未满足 e_big超差
    [稳定等待] 已等   5.0s  e_big=-3.16° e_small=-0.43°  |ω_big|=0.27°/s |ω_small|=0.09°/s  连续 0.0/3s  ← 未满足 e_big超差
    [稳定等待] 已等   6.0s  e_big=-2.90° e_small=-0.35°  |ω_big|=0.24°/s |ω_small|=0.07°/s  连续 0.4/3s
    [稳定等待] 已等   7.0s  e_big=-2.67° e_small=-0.28°  |ω_big|=0.22°/s |ω_small|=0.06°/s  连续 1.4/3s
    [稳定等待] 已等   8.1s  e_big=-2.45° e_small=-0.23°  |ω_big|=0.20°/s |ω_small|=0.05°/s  连续 2.4/3s
  ✓ 已稳定（第二段用时 8.65s，两段合计 13.65s）
  采样 300 点 (3.00 s @100Hz)…
  保存: _tmp4x/train_d/sysid_small_20260919_140748_59.npz
        _tmp4x/train_d/sysid_small_20260919_140748_59.csv  (300 行)

=== 段 61 === driven=big 轴 / held=small 轴  温度=(30,30)℃
  参考来源: recording_1778341012.npz[18862:19162] 随机缩放=1.05
  driven 大 yaw: 中心=-10.237 rad 半幅=±0.632 rad(±36.2°)
  held   小 yaw: 目标=+0.094 rad (+5.4°)  [包络 -22°…+22°]
  到位(固定 5s): err_big=-2.05° err_small=-0.05°
  等待连续 3s 稳定（判据: 两轴误差 ≤ 3° 且 两轴速度 < 6°/s；任一越界即重新计时）…
    [稳定等待] 已等   0.0s  e_big=-2.05° e_small=-0.05°  |ω_big|=0.17°/s |ω_small|=0.01°/s  连续 0.0/3s
    [稳定等待] 已等   1.0s  e_big=-1.89° e_small=-0.04°  |ω_big|=0.15°/s |ω_small|=0.01°/s  连续 1.0/3s
    [稳定等待] 已等   2.0s  e_big=-1.74° e_small=-0.03°  |ω_big|=0.14°/s |ω_small|=0.01°/s  连续 2.0/3s
  ✓ 已稳定（第二段用时 3.00s，两段合计 8.00s）
  采样 300 点 (3.00 s @100Hz)…
  保存: _tmp4x/train_d/sysid_big_20260919_140804_60.npz
        _tmp4x/train_d/sysid_big_20260919_140804_60.csv  (300 行)

=== 段 62 === driven=small 轴 / held=big 轴  温度=(30,30)℃
  参考来源: recording_1778322660.npz[2082:2382] 随机缩放=0.59
  driven 小 yaw: 中心=+0.000 rad(+0.0°) 半幅=±0.334 rad(±19.1°)
    整条位于参考包络 [-22°, +22°] 内（硬限位 [-30°, +30°]，两侧各留 8° 跟踪余量; 中心 +0.0°）
  held   大 yaw: 目标=-8.212 rad（现有方位角 ±π 内随机）
  到位(固定 5s): err_big=+2.41° err_small=+0.22°
  等待连续 3s 稳定（判据: 两轴误差 ≤ 3° 且 两轴速度 < 6°/s；任一越界即重新计时）…
    [稳定等待] 已等   0.0s  e_big=+2.41° e_small=+0.22°  |ω_big|=0.20°/s |ω_small|=0.05°/s  连续 0.0/3s
    [稳定等待] 已等   1.0s  e_big=+2.22° e_small=+0.17°  |ω_big|=0.18°/s |ω_small|=0.04°/s  连续 1.0/3s
    [稳定等待] 已等   2.0s  e_big=+2.04° e_small=+0.14°  |ω_big|=0.17°/s |ω_small|=0.03°/s  连续 2.0/3s
  ✓ 已稳定（第二段用时 3.00s，两段合计 8.00s）
  采样 300 点 (3.00 s @100Hz)…
  保存: _tmp4x/train_d/sysid_small_20260919_140821_61.npz
        _tmp4x/train_d/sysid_small_20260919_140821_61.csv  (300 行)

=== 段 63 === driven=big 轴 / held=small 轴  温度=(30,30)℃
  参考来源: recording_1778341844.npz[3742:4042] 随机缩放=0.12
  driven 大 yaw: 中心=-8.162 rad 半幅=±0.567 rad(±32.5°)
  held   小 yaw: 目标=-0.129 rad (-7.4°)  [包络 -22°…+22°]
  到位(固定 5s): err_big=+2.77° err_small=-0.69°
  等待连续 3s 稳定（判据: 两轴误差 ≤ 3° 且 两轴速度 < 6°/s；任一越界即重新计时）…
    [稳定等待] 已等   0.0s  e_big=+2.77° e_small=-0.69°  |ω_big|=0.23°/s |ω_small|=0.14°/s  连续 0.0/3s
    [稳定等待] 已等   1.0s  e_big=+2.55° e_small=-0.56°  |ω_big|=0.21°/s |ω_small|=0.12°/s  连续 1.0/3s
    [稳定等待] 已等   2.0s  e_big=+2.34° e_small=-0.46°  |ω_big|=0.19°/s |ω_small|=0.09°/s  连续 2.0/3s
  ✓ 已稳定（第二段用时 3.00s，两段合计 8.00s）
  采样 300 点 (3.00 s @100Hz)…
  保存: _tmp4x/train_d/sysid_big_20260919_140838_62.npz
        _tmp4x/train_d/sysid_big_20260919_140838_62.csv  (300 行)

=== 段 64 === driven=small 轴 / held=big 轴  温度=(30,30)℃
  参考来源: recording_1778328241.npz[9969:10269] 随机缩放=0.61
  driven 小 yaw: 中心=-0.134 rad(-7.7°) 半幅=±0.288 rad(±16.5°)
    整条位于参考包络 [-22°, +22°] 内（硬限位 [-30°, +30°]，两侧各留 8° 跟踪余量; 中心 +0.0°）
  held   大 yaw: 目标=-6.957 rad（现有方位角 ±π 内随机）
  到位(固定 5s): err_big=-1.25° err_small=-0.46°
  等待连续 3s 稳定（判据: 两轴误差 ≤ 3° 且 两轴速度 < 6°/s；任一越界即重新计时）…
    [稳定等待] 已等   0.0s  e_big=-1.25° e_small=-0.46°  |ω_big|=0.10°/s |ω_small|=0.09°/s  连续 0.0/3s
    [稳定等待] 已等   1.0s  e_big=-1.15° e_small=-0.37°  |ω_big|=0.09°/s |ω_small|=0.08°/s  连续 1.0/3s
    [稳定等待] 已等   2.0s  e_big=-1.07° e_small=-0.30°  |ω_big|=0.09°/s |ω_small|=0.06°/s  连续 2.0/3s
  ✓ 已稳定（第二段用时 3.00s，两段合计 8.00s）
  采样 300 点 (3.00 s @100Hz)…
  保存: _tmp4x/train_d/sysid_small_20260919_140854_63.npz
        _tmp4x/train_d/sysid_small_20260919_140854_63.csv  (300 行)

=== 段 65 === driven=big 轴 / held=small 轴  温度=(30,30)℃
  参考来源: recording_1778322660.npz[1835:2135] 随机缩放=0.95
  driven 大 yaw: 中心=-7.103 rad 半幅=±0.499 rad(±28.6°)
  held   小 yaw: 目标=+0.010 rad (+0.5°)  [包络 -22°…+22°]
  到位(固定 5s): err_big=-2.06° err_small=-0.02°
  等待连续 3s 稳定（判据: 两轴误差 ≤ 3° 且 两轴速度 < 6°/s；任一越界即重新计时）…
    [稳定等待] 已等   0.0s  e_big=-2.06° e_small=-0.02°  |ω_big|=0.17°/s |ω_small|=0.01°/s  连续 0.0/3s
    [稳定等待] 已等   1.0s  e_big=-1.90° e_small=-0.02°  |ω_big|=0.15°/s |ω_small|=0.00°/s  连续 1.0/3s
    [稳定等待] 已等   2.0s  e_big=-1.75° e_small=-0.01°  |ω_big|=0.14°/s |ω_small|=0.01°/s  连续 2.0/3s
  ✓ 已稳定（第二段用时 3.00s，两段合计 8.00s）
  采样 300 点 (3.00 s @100Hz)…
  保存: _tmp4x/train_d/sysid_big_20260919_140910_64.npz
        _tmp4x/train_d/sysid_big_20260919_140910_64.csv  (300 行)

=== 段 66 === driven=small 轴 / held=big 轴  温度=(30,30)℃
  参考来源: recording_1778328241.npz[1072:1372] 随机缩放=1.69
  driven 小 yaw: 中心=-0.157 rad(-9.0°) 半幅=±0.332 rad(±19.0°)
    整条位于参考包络 [-22°, +22°] 内（硬限位 [-30°, +30°]，两侧各留 8° 跟踪余量; 中心 +0.0°）
  held   大 yaw: 目标=-8.796 rad（现有方位角 ±π 内随机）
  到位(固定 5s): err_big=+0.31° err_small=+0.27°
  等待连续 3s 稳定（判据: 两轴误差 ≤ 3° 且 两轴速度 < 6°/s；任一越界即重新计时）…
    [稳定等待] 已等   0.0s  e_big=+0.31° e_small=+0.27°  |ω_big|=0.02°/s |ω_small|=0.06°/s  连续 0.0/3s
    [稳定等待] 已等   1.0s  e_big=+0.29° e_small=+0.22°  |ω_big|=0.02°/s |ω_small|=0.05°/s  连续 1.0/3s
    [稳定等待] 已等   2.0s  e_big=+0.26° e_small=+0.18°  |ω_big|=0.02°/s |ω_small|=0.04°/s  连续 2.0/3s
  ✓ 已稳定（第二段用时 3.00s，两段合计 8.00s）
  采样 300 点 (3.00 s @100Hz)…
  保存: _tmp4x/train_d/sysid_small_20260919_140926_65.npz
        _tmp4x/train_d/sysid_small_20260919_140926_65.csv  (300 行)

=== 段 67 === driven=big 轴 / held=small 轴  温度=(30,30)℃
  参考来源: recording_1778341844.npz[26492:26792] 随机缩放=0.41
  driven 大 yaw: 中心=-8.728 rad 半幅=±0.346 rad(±19.8°)
  held   小 yaw: 目标=+0.157 rad (+9.0°)  [包络 -22°…+22°]
  到位(固定 5s): err_big=-2.94° err_small=-0.14°
  等待连续 3s 稳定（判据: 两轴误差 ≤ 3° 且 两轴速度 < 6°/s；任一越界即重新计时）…
    [稳定等待] 已等   0.0s  e_big=-2.94° e_small=-0.14°  |ω_big|=0.25°/s |ω_small|=0.03°/s  连续 0.0/3s
    [稳定等待] 已等   1.0s  e_big=-2.70° e_small=-0.11°  |ω_big|=0.23°/s |ω_small|=0.03°/s  连续 1.0/3s
    [稳定等待] 已等   2.0s  e_big=-2.48° e_small=-0.09°  |ω_big|=0.21°/s |ω_small|=0.02°/s  连续 2.0/3s
  ✓ 已稳定（第二段用时 3.00s，两段合计 8.00s）
  采样 300 点 (3.00 s @100Hz)…
  保存: _tmp4x/train_d/sysid_big_20260919_140942_66.npz
        _tmp4x/train_d/sysid_big_20260919_140942_66.csv  (300 行)

=== 段 68 === driven=small 轴 / held=big 轴  温度=(30,30)℃
  参考来源: recording_1778322622.npz[910:1210] 随机缩放=0.34
  driven 小 yaw: 中心=+0.129 rad(+7.4°) 半幅=±0.283 rad(±16.2°)
    整条位于参考包络 [-22°, +22°] 内（硬限位 [-30°, +30°]，两侧各留 8° 跟踪余量; 中心 +0.0°）
  held   大 yaw: 目标=-9.722 rad（现有方位角 ±π 内随机）
  到位(固定 5s): err_big=+1.47° err_small=+0.50°
  等待连续 3s 稳定（判据: 两轴误差 ≤ 3° 且 两轴速度 < 6°/s；任一越界即重新计时）…
    [稳定等待] 已等   0.0s  e_big=+1.47° e_small=+0.50°  |ω_big|=0.12°/s |ω_small|=0.10°/s  连续 0.0/3s
    [稳定等待] 已等   1.0s  e_big=+1.36° e_small=+0.41°  |ω_big|=0.11°/s |ω_small|=0.08°/s  连续 1.0/3s
    [稳定等待] 已等   2.0s  e_big=+1.25° e_small=+0.33°  |ω_big|=0.10°/s |ω_small|=0.07°/s  连续 2.0/3s
  ✓ 已稳定（第二段用时 3.00s，两段合计 8.00s）
  采样 300 点 (3.00 s @100Hz)…
  保存: _tmp4x/train_d/sysid_small_20260919_140958_67.npz
        _tmp4x/train_d/sysid_small_20260919_140958_67.csv  (300 行)

=== 段 69 === driven=big 轴 / held=small 轴  温度=(30,30)℃
  参考来源: recording_1778341012.npz[32551:32851] 随机缩放=0.58
  driven 大 yaw: 中心=-9.932 rad 半幅=±0.567 rad(±32.5°)
  held   小 yaw: 目标=+0.024 rad (+1.4°)  [包络 -22°…+22°]
  到位(固定 5s): err_big=-0.73° err_small=+0.03°
  等待连续 3s 稳定（判据: 两轴误差 ≤ 3° 且 两轴速度 < 6°/s；任一越界即重新计时）…
    [稳定等待] 已等   0.0s  e_big=-0.73° e_small=+0.03°  |ω_big|=0.06°/s |ω_small|=0.01°/s  连续 0.0/3s
    [稳定等待] 已等   1.0s  e_big=-0.67° e_small=+0.02°  |ω_big|=0.05°/s |ω_small|=0.00°/s  连续 1.0/3s
    [稳定等待] 已等   2.0s  e_big=-0.62° e_small=+0.02°  |ω_big|=0.05°/s |ω_small|=0.00°/s  连续 2.0/3s
  ✓ 已稳定（第二段用时 3.00s，两段合计 8.00s）
  采样 300 点 (3.00 s @100Hz)…
  保存: _tmp4x/train_d/sysid_big_20260919_141014_68.npz
        _tmp4x/train_d/sysid_big_20260919_141014_68.csv  (300 行)

=== 段 70 === driven=small 轴 / held=big 轴  温度=(30,30)℃
  参考来源: recording_1778322660.npz[1224:1524] 随机缩放=0.28
  driven 小 yaw: 中心=+0.046 rad(+2.6°) 半幅=±0.193 rad(±11.1°)
    整条位于参考包络 [-22°, +22°] 内（硬限位 [-30°, +30°]，两侧各留 8° 跟踪余量; 中心 +0.0°）
  held   大 yaw: 目标=-11.217 rad（现有方位角 ±π 内随机）
  到位(固定 5s): err_big=+1.60° err_small=+0.52°
  等待连续 3s 稳定（判据: 两轴误差 ≤ 3° 且 两轴速度 < 6°/s；任一越界即重新计时）…
    [稳定等待] 已等   0.0s  e_big=+1.60° e_small=+0.52°  |ω_big|=0.13°/s |ω_small|=0.10°/s  连续 0.0/3s
    [稳定等待] 已等   1.0s  e_big=+1.47° e_small=+0.42°  |ω_big|=0.12°/s |ω_small|=0.09°/s  连续 1.0/3s
    [稳定等待] 已等   2.0s  e_big=+1.36° e_small=+0.34°  |ω_big|=0.11°/s |ω_small|=0.07°/s  连续 2.0/3s
  ✓ 已稳定（第二段用时 3.00s，两段合计 8.00s）
  采样 300 点 (3.00 s @100Hz)…
  保存: _tmp4x/train_d/sysid_small_20260919_141030_69.npz
        _tmp4x/train_d/sysid_small_20260919_141030_69.csv  (300 行)

=== 段 71 === driven=big 轴 / held=small 轴  温度=(30,30)℃
  参考来源: recording_1778341521.npz[18364:18664] 随机缩放=0.17
  driven 大 yaw: 中心=-10.882 rad 半幅=±0.643 rad(±36.8°)
  held   小 yaw: 目标=+0.204 rad (+11.7°)  [包络 -22°…+22°]
  到位(固定 5s): err_big=-4.19° err_small=-1.01°
  等待连续 3s 稳定（判据: 两轴误差 ≤ 3° 且 两轴速度 < 6°/s；任一越界即重新计时）…
    [稳定等待] 已等   0.0s  e_big=-4.19° e_small=-1.01°  |ω_big|=0.38°/s |ω_small|=0.22°/s  连续 0.0/3s  ← 未满足 e_big超差
    [稳定等待] 已等   1.0s  e_big=-3.83° e_small=-0.82°  |ω_big|=0.34°/s |ω_small|=0.17°/s  连续 0.0/3s  ← 未满足 e_big超差
    [稳定等待] 已等   2.0s  e_big=-3.50° e_small=-0.66°  |ω_big|=0.30°/s |ω_small|=0.14°/s  连续 0.0/3s  ← 未满足 e_big超差
    [稳定等待] 已等   3.0s  e_big=-3.22° e_small=-0.54°  |ω_big|=0.28°/s |ω_small|=0.11°/s  连续 0.0/3s  ← 未满足 e_big超差
    [稳定等待] 已等   4.0s  e_big=-2.95° e_small=-0.44°  |ω_big|=0.25°/s |ω_small|=0.09°/s  连续 0.2/3s
    [稳定等待] 已等   5.0s  e_big=-2.71° e_small=-0.36°  |ω_big|=0.23°/s |ω_small|=0.07°/s  连续 1.2/3s
    [稳定等待] 已等   6.0s  e_big=-2.49° e_small=-0.29°  |ω_big|=0.21°/s |ω_small|=0.06°/s  连续 2.2/3s
  ✓ 已稳定（第二段用时 6.83s，两段合计 11.83s）
  采样 300 点 (3.00 s @100Hz)…
  保存: _tmp4x/train_d/sysid_big_20260919_141050_70.npz
        _tmp4x/train_d/sysid_big_20260919_141050_70.csv  (300 行)

=== 段 72 === driven=small 轴 / held=big 轴  温度=(30,30)℃
  参考来源: recording_1778413386.npz[7361:7661] 随机缩放=0.07
  driven 小 yaw: 中心=-0.130 rad(-7.4°) 半幅=±0.327 rad(±18.7°)
    整条位于参考包络 [-22°, +22°] 内（硬限位 [-30°, +30°]，两侧各留 8° 跟踪余量; 中心 +0.0°）
  held   大 yaw: 目标=-10.794 rad（现有方位角 ±π 内随机）
  到位(固定 5s): err_big=+3.38° err_small=+0.06°
  等待连续 3s 稳定（判据: 两轴误差 ≤ 3° 且 两轴速度 < 6°/s；任一越界即重新计时）…
    [稳定等待] 已等   0.0s  e_big=+3.38° e_small=+0.05°  |ω_big|=0.29°/s |ω_small|=0.02°/s  连续 0.0/3s  ← 未满足 e_big超差
    [稳定等待] 已等   1.0s  e_big=+3.10° e_small=+0.04°  |ω_big|=0.26°/s |ω_small|=0.01°/s  连续 0.0/3s  ← 未满足 e_big超差
    [稳定等待] 已等   2.0s  e_big=+2.85° e_small=+0.04°  |ω_big|=0.24°/s |ω_small|=0.01°/s  连续 0.6/3s
    [稳定等待] 已等   3.0s  e_big=+2.62° e_small=+0.03°  |ω_big|=0.22°/s |ω_small|=0.01°/s  连续 1.6/3s
    [稳定等待] 已等   4.0s  e_big=+2.41° e_small=+0.03°  |ω_big|=0.20°/s |ω_small|=0.01°/s  连续 2.6/3s
  ✓ 已稳定（第二段用时 4.39s，两段合计 9.39s）
  采样 300 点 (3.00 s @100Hz)…
  保存: _tmp4x/train_d/sysid_small_20260919_141107_71.npz
        _tmp4x/train_d/sysid_small_20260919_141107_71.csv  (300 行)

=== 段 73 === driven=big 轴 / held=small 轴  温度=(30,30)℃
  参考来源: recording_1778330157.npz[11011:11311] 随机缩放=0.66
  driven 大 yaw: 中心=-10.782 rad 半幅=±0.840 rad(±48.2°)
  held   小 yaw: 目标=+0.224 rad (+12.8°)  [包络 -22°…+22°]
  到位(固定 5s): err_big=-1.01° err_small=-0.36°
  等待连续 3s 稳定（判据: 两轴误差 ≤ 3° 且 两轴速度 < 6°/s；任一越界即重新计时）…
    [稳定等待] 已等   0.0s  e_big=-1.01° e_small=-0.36°  |ω_big|=0.08°/s |ω_small|=0.07°/s  连续 0.0/3s
    [稳定等待] 已等   1.0s  e_big=-0.93° e_small=-0.29°  |ω_big|=0.07°/s |ω_small|=0.06°/s  连续 1.0/3s
    [稳定等待] 已等   2.0s  e_big=-0.86° e_small=-0.24°  |ω_big|=0.07°/s |ω_small|=0.05°/s  连续 2.0/3s
  ✓ 已稳定（第二段用时 3.00s，两段合计 8.00s）
  采样 300 点 (3.00 s @100Hz)…
  保存: _tmp4x/train_d/sysid_big_20260919_141123_72.npz
        _tmp4x/train_d/sysid_big_20260919_141123_72.csv  (300 行)

=== 段 74 === driven=small 轴 / held=big 轴  温度=(30,30)℃
  参考来源: recording_1778322660.npz[1793:2093] 随机缩放=0.39
  driven 小 yaw: 中心=+0.026 rad(+1.5°) 半幅=±0.177 rad(±10.1°)
    整条位于参考包络 [-22°, +22°] 内（硬限位 [-30°, +30°]，两侧各留 8° 跟踪余量; 中心 +0.0°）
  held   大 yaw: 目标=-12.866 rad（现有方位角 ±π 内随机）
  到位(固定 5s): err_big=-5.03° err_small=-1.22°
  等待连续 3s 稳定（判据: 两轴误差 ≤ 3° 且 两轴速度 < 6°/s；任一越界即重新计时）…
    [稳定等待] 已等   0.0s  e_big=-5.03° e_small=-1.22°  |ω_big|=0.49°/s |ω_small|=0.26°/s  连续 0.0/3s  ← 未满足 e_big超差
    [稳定等待] 已等   1.0s  e_big=-4.57° e_small=-0.98°  |ω_big|=0.43°/s |ω_small|=0.21°/s  连续 0.0/3s  ← 未满足 e_big超差
    [稳定等待] 已等   2.0s  e_big=-4.17° e_small=-0.79°  |ω_big|=0.38°/s |ω_small|=0.16°/s  连续 0.0/3s  ← 未满足 e_big超差
    [稳定等待] 已等   3.0s  e_big=-3.81° e_small=-0.64°  |ω_big|=0.34°/s |ω_small|=0.13°/s  连续 0.0/3s  ← 未满足 e_big超差
    [稳定等待] 已等   4.0s  e_big=-3.49° e_small=-0.52°  |ω_big|=0.30°/s |ω_small|=0.11°/s  连续 0.0/3s  ← 未满足 e_big超差
    [稳定等待] 已等   5.0s  e_big=-3.20° e_small=-0.43°  |ω_big|=0.27°/s |ω_small|=0.08°/s  连续 0.0/3s  ← 未满足 e_big超差
    [稳定等待] 已等   6.0s  e_big=-2.94° e_small=-0.35°  |ω_big|=0.25°/s |ω_small|=0.07°/s  连续 0.2/3s
    [稳定等待] 已等   7.0s  e_big=-2.70° e_small=-0.28°  |ω_big|=0.23°/s |ω_small|=0.06°/s  连续 1.2/3s
    [稳定等待] 已等   8.0s  e_big=-2.48° e_small=-0.23°  |ω_big|=0.21°/s |ω_small|=0.05°/s  连续 2.3/3s
  ✓ 已稳定（第二段用时 8.78s，两段合计 13.78s）
  采样 300 点 (3.00 s @100Hz)…
  保存: _tmp4x/train_d/sysid_small_20260919_141145_73.npz
        _tmp4x/train_d/sysid_small_20260919_141145_73.csv  (300 行)

=== 段 75 === driven=big 轴 / held=small 轴  温度=(30,30)℃
  参考来源: recording_1778327131.npz[3031:3331] 随机缩放=1.00
  driven 大 yaw: 中心=-12.645 rad 半幅=±0.892 rad(±51.1°)
  held   小 yaw: 目标=-0.187 rad (-10.7°)  [包络 -22°…+22°]
  到位(固定 5s): err_big=-3.49° err_small=-0.89°
  等待连续 3s 稳定（判据: 两轴误差 ≤ 3° 且 两轴速度 < 6°/s；任一越界即重新计时）…
    [稳定等待] 已等   0.0s  e_big=-3.49° e_small=-0.89°  |ω_big|=0.30°/s |ω_small|=0.19°/s  连续 0.0/3s  ← 未满足 e_big超差
    [稳定等待] 已等   1.0s  e_big=-3.20° e_small=-0.72°  |ω_big|=0.27°/s |ω_small|=0.15°/s  连续 0.0/3s  ← 未满足 e_big超差
    [稳定等待] 已等   2.0s  e_big=-2.94° e_small=-0.58°  |ω_big|=0.25°/s |ω_small|=0.12°/s  连续 0.2/3s
    [稳定等待] 已等   3.0s  e_big=-2.70° e_small=-0.48°  |ω_big|=0.23°/s |ω_small|=0.10°/s  连续 1.2/3s
    [稳定等待] 已等   4.0s  e_big=-2.49° e_small=-0.39°  |ω_big|=0.21°/s |ω_small|=0.08°/s  连续 2.2/3s
  ✓ 已稳定（第二段用时 4.78s，两段合计 9.78s）
  采样 300 点 (3.00 s @100Hz)…
  保存: _tmp4x/train_d/sysid_big_20260919_141203_74.npz
        _tmp4x/train_d/sysid_big_20260919_141203_74.csv  (300 行)

=== 段 76 === driven=small 轴 / held=big 轴  温度=(30,30)℃
  参考来源: recording_1778322622.npz[1244:1544] 随机缩放=0.46
  driven 小 yaw: 中心=+0.027 rad(+1.6°) 半幅=±0.270 rad(±15.5°)
    整条位于参考包络 [-22°, +22°] 内（硬限位 [-30°, +30°]，两侧各留 8° 跟踪余量; 中心 +0.0°）
  held   大 yaw: 目标=-9.275 rad（现有方位角 ±π 内随机）
  到位(固定 5s): err_big=+5.09° err_small=+1.11°
  等待连续 3s 稳定（判据: 两轴误差 ≤ 3° 且 两轴速度 < 6°/s；任一越界即重新计时）…
    [稳定等待] 已等   0.0s  e_big=+5.09° e_small=+1.11°  |ω_big|=0.50°/s |ω_small|=0.24°/s  连续 0.0/3s  ← 未满足 e_big超差
    [稳定等待] 已等   1.0s  e_big=+4.62° e_small=+0.90°  |ω_big|=0.44°/s |ω_small|=0.19°/s  连续 0.0/3s  ← 未满足 e_big超差
    [稳定等待] 已等   2.0s  e_big=+4.21° e_small=+0.73°  |ω_big|=0.38°/s |ω_small|=0.15°/s  连续 0.0/3s  ← 未满足 e_big超差
    [稳定等待] 已等   3.0s  e_big=+3.85° e_small=+0.59°  |ω_big|=0.34°/s |ω_small|=0.12°/s  连续 0.0/3s  ← 未满足 e_big超差
    [稳定等待] 已等   4.0s  e_big=+3.52° e_small=+0.48°  |ω_big|=0.31°/s |ω_small|=0.10°/s  连续 0.0/3s  ← 未满足 e_big超差
    [稳定等待] 已等   5.0s  e_big=+3.23° e_small=+0.39°  |ω_big|=0.28°/s |ω_small|=0.08°/s  连续 0.0/3s  ← 未满足 e_big超差
    [稳定等待] 已等   6.0s  e_big=+2.97° e_small=+0.32°  |ω_big|=0.25°/s |ω_small|=0.07°/s  连续 0.1/3s
    [稳定等待] 已等   7.0s  e_big=+2.73° e_small=+0.26°  |ω_big|=0.23°/s |ω_small|=0.05°/s  连续 1.1/3s
    [稳定等待] 已等   8.0s  e_big=+2.51° e_small=+0.21°  |ω_big|=0.21°/s |ω_small|=0.04°/s  连续 2.1/3s
  ✓ 已稳定（第二段用时 8.90s，两段合计 13.90s）
  采样 300 点 (3.00 s @100Hz)…
  保存: _tmp4x/train_d/sysid_small_20260919_141225_75.npz
        _tmp4x/train_d/sysid_small_20260919_141225_75.csv  (300 行)

=== 段 77 === driven=big 轴 / held=small 轴  温度=(30,30)℃
  参考来源: recording_1778322622.npz[2702:3002] 随机缩放=0.55
  driven 大 yaw: 中心=-9.560 rad 半幅=±0.401 rad(±23.0°)
  held   小 yaw: 目标=-0.182 rad (-10.4°)  [包络 -22°…+22°]
  到位(固定 5s): err_big=+4.11° err_small=+1.00°
  等待连续 3s 稳定（判据: 两轴误差 ≤ 3° 且 两轴速度 < 6°/s；任一越界即重新计时）…
    [稳定等待] 已等   0.0s  e_big=+4.11° e_small=+1.00°  |ω_big|=0.37°/s |ω_small|=0.21°/s  连续 0.0/3s  ← 未满足 e_big超差
    [稳定等待] 已等   1.0s  e_big=+3.76° e_small=+0.81°  |ω_big|=0.33°/s |ω_small|=0.17°/s  连续 0.0/3s  ← 未满足 e_big超差
    [稳定等待] 已等   2.0s  e_big=+3.44° e_small=+0.66°  |ω_big|=0.30°/s |ω_small|=0.13°/s  连续 0.0/3s  ← 未满足 e_big超差
    [稳定等待] 已等   3.0s  e_big=+3.16° e_small=+0.53°  |ω_big|=0.27°/s |ω_small|=0.11°/s  连续 0.0/3s  ← 未满足 e_big超差
    [稳定等待] 已等   4.0s  e_big=+2.90° e_small=+0.43°  |ω_big|=0.24°/s |ω_small|=0.09°/s  连续 0.4/3s
    [稳定等待] 已等   5.0s  e_big=+2.67° e_small=+0.35°  |ω_big|=0.22°/s |ω_small|=0.08°/s  连续 1.4/3s
    [稳定等待] 已等   6.0s  e_big=+2.45° e_small=+0.29°  |ω_big|=0.20°/s |ω_small|=0.06°/s  连续 2.4/3s
  ✓ 已稳定（第二段用时 6.62s，两段合计 11.62s）
  采样 300 点 (3.00 s @100Hz)…
  保存: _tmp4x/train_d/sysid_big_20260919_141245_76.npz
        _tmp4x/train_d/sysid_big_20260919_141245_76.csv  (300 行)

=== 段 78 === driven=small 轴 / held=big 轴  温度=(30,30)℃
  参考来源: recording_1778341521.npz[4731:5031] 随机缩放=0.08
  driven 小 yaw: 中心=-0.067 rad(-3.9°) 半幅=±0.273 rad(±15.7°)
    整条位于参考包络 [-22°, +22°] 内（硬限位 [-30°, +30°]，两侧各留 8° 跟踪余量; 中心 +0.0°）
  held   大 yaw: 目标=-11.887 rad（现有方位角 ±π 内随机）
  到位(固定 5s): err_big=-4.38° err_small=-0.82°
  等待连续 3s 稳定（判据: 两轴误差 ≤ 3° 且 两轴速度 < 6°/s；任一越界即重新计时）…
    [稳定等待] 已等   0.0s  e_big=-4.38° e_small=-0.82°  |ω_big|=0.40°/s |ω_small|=0.17°/s  连续 0.0/3s  ← 未满足 e_big超差
    [稳定等待] 已等   1.0s  e_big=-4.00° e_small=-0.67°  |ω_big|=0.36°/s |ω_small|=0.14°/s  连续 0.0/3s  ← 未满足 e_big超差
    [稳定等待] 已等   2.0s  e_big=-3.65° e_small=-0.54°  |ω_big|=0.32°/s |ω_small|=0.11°/s  连续 0.0/3s  ← 未满足 e_big超差
    [稳定等待] 已等   3.0s  e_big=-3.35° e_small=-0.44°  |ω_big|=0.29°/s |ω_small|=0.09°/s  连续 0.0/3s  ← 未满足 e_big超差
    [稳定等待] 已等   4.0s  e_big=-3.07° e_small=-0.36°  |ω_big|=0.26°/s |ω_small|=0.07°/s  连续 0.0/3s  ← 未满足 e_big超差
    [稳定等待] 已等   5.0s  e_big=-2.82° e_small=-0.29°  |ω_big|=0.24°/s |ω_small|=0.06°/s  连续 0.7/3s
    [稳定等待] 已等   6.0s  e_big=-2.60° e_small=-0.24°  |ω_big|=0.22°/s |ω_small|=0.05°/s  连续 1.7/3s
    [稳定等待] 已等   7.0s  e_big=-2.39° e_small=-0.19°  |ω_big|=0.20°/s |ω_small|=0.04°/s  连续 2.7/3s
  ✓ 已稳定（第二段用时 7.31s，两段合计 12.31s）
  采样 300 点 (3.00 s @100Hz)…
  保存: _tmp4x/train_d/sysid_small_20260919_141305_77.npz
        _tmp4x/train_d/sysid_small_20260919_141305_77.csv  (300 行)

=== 段 79 === driven=big 轴 / held=small 轴  温度=(30,30)℃
  参考来源: recording_1778330157.npz[21139:21439] 随机缩放=0.90
  driven 大 yaw: 中心=-11.681 rad 半幅=±0.722 rad(±41.4°)
  held   小 yaw: 目标=+0.230 rad (+13.2°)  [包络 -22°…+22°]
  到位(固定 5s): err_big=-1.44° err_small=-0.49°
  等待连续 3s 稳定（判据: 两轴误差 ≤ 3° 且 两轴速度 < 6°/s；任一越界即重新计时）…
    [稳定等待] 已等   0.0s  e_big=-1.44° e_small=-0.49°  |ω_big|=0.12°/s |ω_small|=0.10°/s  连续 0.0/3s
    [稳定等待] 已等   1.0s  e_big=-1.33° e_small=-0.40°  |ω_big|=0.11°/s |ω_small|=0.08°/s  连续 1.0/3s
    [稳定等待] 已等   2.0s  e_big=-1.23° e_small=-0.32°  |ω_big|=0.10°/s |ω_small|=0.06°/s  连续 2.0/3s
  ✓ 已稳定（第二段用时 3.00s，两段合计 8.00s）
  采样 300 点 (3.00 s @100Hz)…
  保存: _tmp4x/train_d/sysid_big_20260919_141321_78.npz
        _tmp4x/train_d/sysid_big_20260919_141321_78.csv  (300 行)

=== 段 80 === driven=small 轴 / held=big 轴  温度=(30,30)℃
  参考来源: recording_1778341521.npz[12655:12955] 随机缩放=0.32
  driven 小 yaw: 中心=+0.034 rad(+2.0°) 半幅=±0.286 rad(±16.4°)
    整条位于参考包络 [-22°, +22°] 内（硬限位 [-30°, +30°]，两侧各留 8° 跟踪余量; 中心 +0.0°）
  held   大 yaw: 目标=-11.406 rad（现有方位角 ±π 内随机）
  到位(固定 5s): err_big=+0.04° err_small=+0.12°
  等待连续 3s 稳定（判据: 两轴误差 ≤ 3° 且 两轴速度 < 6°/s；任一越界即重新计时）…
    [稳定等待] 已等   0.0s  e_big=+0.04° e_small=+0.12°  |ω_big|=0.00°/s |ω_small|=0.03°/s  连续 0.0/3s
    [稳定等待] 已等   1.0s  e_big=+0.04° e_small=+0.10°  |ω_big|=0.00°/s |ω_small|=0.02°/s  连续 1.0/3s
    [稳定等待] 已等   2.0s  e_big=+0.04° e_small=+0.08°  |ω_big|=0.00°/s |ω_small|=0.02°/s  连续 2.0/3s
  ✓ 已稳定（第二段用时 3.00s，两段合计 8.00s）
  采样 300 点 (3.00 s @100Hz)…
  保存: _tmp4x/train_d/sysid_small_20260919_141337_79.npz
        _tmp4x/train_d/sysid_small_20260919_141337_79.csv  (300 行)

=== 段 81 === driven=big 轴 / held=small 轴  温度=(30,30)℃
  参考来源: recording_1778330157.npz[18472:18772] 随机缩放=0.55
  driven 大 yaw: 中心=-10.958 rad 半幅=±0.554 rad(±31.8°)
  held   小 yaw: 目标=-0.232 rad (-13.3°)  [包络 -22°…+22°]
  到位(固定 5s): err_big=-3.90° err_small=-0.96°
  等待连续 3s 稳定（判据: 两轴误差 ≤ 3° 且 两轴速度 < 6°/s；任一越界即重新计时）…
    [稳定等待] 已等   0.0s  e_big=-3.90° e_small=-0.96°  |ω_big|=0.35°/s |ω_small|=0.20°/s  连续 0.0/3s  ← 未满足 e_big超差
    [稳定等待] 已等   1.0s  e_big=-3.57° e_small=-0.78°  |ω_big|=0.31°/s |ω_small|=0.16°/s  连续 0.0/3s  ← 未满足 e_big超差
    [稳定等待] 已等   2.0s  e_big=-3.28° e_small=-0.63°  |ω_big|=0.28°/s |ω_small|=0.13°/s  连续 0.0/3s  ← 未满足 e_big超差
    [稳定等待] 已等   3.0s  e_big=-3.01° e_small=-0.51°  |ω_big|=0.25°/s |ω_small|=0.11°/s  连续 0.0/3s  ← 未满足 e_big超差
    [稳定等待] 已等   4.0s  e_big=-2.76° e_small=-0.42°  |ω_big|=0.23°/s |ω_small|=0.09°/s  连续 1.0/3s
    [稳定等待] 已等   5.0s  e_big=-2.54° e_small=-0.34°  |ω_big|=0.21°/s |ω_small|=0.07°/s  连续 2.0/3s
    [稳定等待] 已等   6.0s  e_big=-2.34° e_small=-0.28°  |ω_big|=0.19°/s |ω_small|=0.06°/s  连续 3.0/3s
  ✓ 已稳定（第二段用时 6.05s，两段合计 11.05s）
  采样 300 点 (3.00 s @100Hz)…
  保存: _tmp4x/train_d/sysid_big_20260919_141356_80.npz
        _tmp4x/train_d/sysid_big_20260919_141356_80.csv  (300 行)

=== 段 82 === driven=small 轴 / held=big 轴  温度=(30,30)℃
  参考来源: recording_1778341012.npz[21191:21491] 随机缩放=0.29
  driven 小 yaw: 中心=+0.097 rad(+5.6°) 半幅=±0.342 rad(±19.6°)
    整条位于参考包络 [-22°, +22°] 内（硬限位 [-30°, +30°]，两侧各留 8° 跟踪余量; 中心 +0.0°）
  held   大 yaw: 目标=-13.024 rad（现有方位角 ±π 内随机）
  到位(固定 5s): err_big=-2.53° err_small=-0.28°
  等待连续 3s 稳定（判据: 两轴误差 ≤ 3° 且 两轴速度 < 6°/s；任一越界即重新计时）…
    [稳定等待] 已等   0.0s  e_big=-2.53° e_small=-0.28°  |ω_big|=0.21°/s |ω_small|=0.06°/s  连续 0.0/3s
    [稳定等待] 已等   1.0s  e_big=-2.33° e_small=-0.23°  |ω_big|=0.19°/s |ω_small|=0.05°/s  连续 1.0/3s
    [稳定等待] 已等   2.0s  e_big=-2.15° e_small=-0.19°  |ω_big|=0.18°/s |ω_small|=0.04°/s  连续 2.0/3s
  ✓ 已稳定（第二段用时 3.00s，两段合计 8.00s）
  采样 300 点 (3.00 s @100Hz)…
  保存: _tmp4x/train_d/sysid_small_20260919_141413_81.npz
        _tmp4x/train_d/sysid_small_20260919_141413_81.csv  (300 行)

=== 段 83 === driven=big 轴 / held=small 轴  温度=(30,30)℃
  参考来源: recording_1778322660.npz[448:748] 随机缩放=0.31
  driven 大 yaw: 中心=-12.532 rad 半幅=±0.409 rad(±23.5°)
  held   小 yaw: 目标=+0.256 rad (+14.7°)  [包络 -22°…+22°]
  到位(固定 5s): err_big=+2.14° err_small=-0.21°
  等待连续 3s 稳定（判据: 两轴误差 ≤ 3° 且 两轴速度 < 6°/s；任一越界即重新计时）…
    [稳定等待] 已等   0.0s  e_big=+2.14° e_small=-0.21°  |ω_big|=0.18°/s |ω_small|=0.04°/s  连续 0.0/3s
    [稳定等待] 已等   1.0s  e_big=+1.97° e_small=-0.17°  |ω_big|=0.16°/s |ω_small|=0.03°/s  连续 1.0/3s
    [稳定等待] 已等   2.0s  e_big=+1.82° e_small=-0.14°  |ω_big|=0.15°/s |ω_small|=0.03°/s  连续 2.0/3s
  ✓ 已稳定（第二段用时 3.00s，两段合计 8.00s）
  采样 300 点 (3.00 s @100Hz)…
  保存: _tmp4x/train_d/sysid_big_20260919_141428_82.npz
        _tmp4x/train_d/sysid_big_20260919_141428_82.csv  (300 行)

=== 段 84 === driven=small 轴 / held=big 轴  温度=(30,30)℃
  参考来源: recording_1778322660.npz[1595:1895] 随机缩放=0.31
  driven 小 yaw: 中心=+0.009 rad(+0.5°) 半幅=±0.179 rad(±10.3°)
    整条位于参考包络 [-22°, +22°] 内（硬限位 [-30°, +30°]，两侧各留 8° 跟踪余量; 中心 +0.0°）
  held   大 yaw: 目标=-14.938 rad（现有方位角 ±π 内随机）
  到位(固定 5s): err_big=-3.93° err_small=-0.64°
  等待连续 3s 稳定（判据: 两轴误差 ≤ 3° 且 两轴速度 < 6°/s；任一越界即重新计时）…
    [稳定等待] 已等   0.0s  e_big=-3.93° e_small=-0.64°  |ω_big|=0.35°/s |ω_small|=0.13°/s  连续 0.0/3s  ← 未满足 e_big超差
    [稳定等待] 已等   1.0s  e_big=-3.60° e_small=-0.52°  |ω_big|=0.31°/s |ω_small|=0.11°/s  连续 0.0/3s  ← 未满足 e_big超差
    [稳定等待] 已等   2.0s  e_big=-3.30° e_small=-0.42°  |ω_big|=0.28°/s |ω_small|=0.09°/s  连续 0.0/3s  ← 未满足 e_big超差
    [稳定等待] 已等   3.0s  e_big=-3.03° e_small=-0.34°  |ω_big|=0.26°/s |ω_small|=0.07°/s  连续 0.0/3s  ← 未满足 e_big超差
    [稳定等待] 已等   4.0s  e_big=-2.79° e_small=-0.28°  |ω_big|=0.23°/s |ω_small|=0.06°/s  连续 0.9/3s
    [稳定等待] 已等   5.0s  e_big=-2.56° e_small=-0.23°  |ω_big|=0.21°/s |ω_small|=0.04°/s  连续 1.9/3s
    [稳定等待] 已等   6.0s  e_big=-2.36° e_small=-0.19°  |ω_big|=0.19°/s |ω_small|=0.04°/s  连续 2.9/3s
  ✓ 已稳定（第二段用时 6.14s，两段合计 11.14s）
  采样 300 点 (3.00 s @100Hz)…
  保存: _tmp4x/train_d/sysid_small_20260919_141448_83.npz
        _tmp4x/train_d/sysid_small_20260919_141448_83.csv  (300 行)

=== 段 85 === driven=big 轴 / held=small 轴  温度=(30,30)℃
  参考来源: recording_1778327131.npz[4254:4554] 随机缩放=1.02
  driven 大 yaw: 中心=-14.704 rad 半幅=±0.771 rad(±44.2°)
  held   小 yaw: 目标=+0.251 rad (+14.4°)  [包络 -22°…+22°]
  到位(固定 5s): err_big=-2.05° err_small=-0.16°
  等待连续 3s 稳定（判据: 两轴误差 ≤ 3° 且 两轴速度 < 6°/s；任一越界即重新计时）…
    [稳定等待] 已等   0.0s  e_big=-2.05° e_small=-0.16°  |ω_big|=0.17°/s |ω_small|=0.03°/s  连续 0.0/3s
    [稳定等待] 已等   1.0s  e_big=-1.89° e_small=-0.13°  |ω_big|=0.15°/s |ω_small|=0.03°/s  连续 1.0/3s
    [稳定等待] 已等   2.0s  e_big=-1.74° e_small=-0.11°  |ω_big|=0.14°/s |ω_small|=0.02°/s  连续 2.0/3s
  ✓ 已稳定（第二段用时 3.00s，两段合计 8.00s）
  采样 300 点 (3.00 s @100Hz)…
  保存: _tmp4x/train_d/sysid_big_20260919_141504_84.npz
        _tmp4x/train_d/sysid_big_20260919_141504_84.csv  (300 行)

=== 段 86 === driven=small 轴 / held=big 轴  温度=(30,30)℃
  参考来源: recording_1778341521.npz[16682:16982] 随机缩放=0.07
  driven 小 yaw: 中心=+0.009 rad(+0.5°) 半幅=±0.192 rad(±11.0°)
    整条位于参考包络 [-22°, +22°] 内（硬限位 [-30°, +30°]，两侧各留 8° 跟踪余量; 中心 +0.0°）
  held   大 yaw: 目标=-17.271 rad（现有方位角 ±π 内随机）
  到位(固定 5s): err_big=-4.00° err_small=-0.70°
  等待连续 3s 稳定（判据: 两轴误差 ≤ 3° 且 两轴速度 < 6°/s；任一越界即重新计时）…
    [稳定等待] 已等   0.0s  e_big=-4.00° e_small=-0.70°  |ω_big|=0.36°/s |ω_small|=0.15°/s  连续 0.0/3s  ← 未满足 e_big超差
    [稳定等待] 已等   1.0s  e_big=-3.66° e_small=-0.57°  |ω_big|=0.32°/s |ω_small|=0.12°/s  连续 0.0/3s  ← 未满足 e_big超差
    [稳定等待] 已等   2.0s  e_big=-3.35° e_small=-0.46°  |ω_big|=0.29°/s |ω_small|=0.10°/s  连续 0.0/3s  ← 未满足 e_big超差
    [稳定等待] 已等   3.0s  e_big=-3.08° e_small=-0.38°  |ω_big|=0.26°/s |ω_small|=0.08°/s  连续 0.0/3s  ← 未满足 e_big超差
    [稳定等待] 已等   4.0s  e_big=-2.83° e_small=-0.31°  |ω_big|=0.24°/s |ω_small|=0.06°/s  连续 0.7/3s
    [稳定等待] 已等   5.0s  e_big=-2.60° e_small=-0.25°  |ω_big|=0.22°/s |ω_small|=0.05°/s  连续 1.7/3s
    [稳定等待] 已等   6.0s  e_big=-2.39° e_small=-0.20°  |ω_big|=0.20°/s |ω_small|=0.04°/s  连续 2.7/3s
  ✓ 已稳定（第二段用时 6.32s，两段合计 11.32s）
  采样 300 点 (3.00 s @100Hz)…
  保存: _tmp4x/train_d/sysid_small_20260919_141523_85.npz
        _tmp4x/train_d/sysid_small_20260919_141523_85.csv  (300 行)

=== 段 87 === driven=big 轴 / held=small 轴  温度=(30,30)℃
  参考来源: recording_1778341844.npz[15198:15498] 随机缩放=0.20
  driven 大 yaw: 中心=-16.987 rad 半幅=±0.679 rad(±38.9°)
  held   小 yaw: 目标=-0.170 rad (-9.7°)  [包络 -22°…+22°]
  到位(固定 5s): err_big=+1.06° err_small=-0.14°
  等待连续 3s 稳定（判据: 两轴误差 ≤ 3° 且 两轴速度 < 6°/s；任一越界即重新计时）…
    [稳定等待] 已等   0.0s  e_big=+1.06° e_small=-0.14°  |ω_big|=0.08°/s |ω_small|=0.02°/s  连续 0.0/3s
    [稳定等待] 已等   1.0s  e_big=+0.97° e_small=-0.11°  |ω_big|=0.08°/s |ω_small|=0.02°/s  连续 1.0/3s
    [稳定等待] 已等   2.0s  e_big=+0.90° e_small=-0.09°  |ω_big|=0.07°/s |ω_small|=0.02°/s  连续 2.0/3s
  ✓ 已稳定（第二段用时 3.00s，两段合计 8.00s）
  采样 300 点 (3.00 s @100Hz)…
  保存: _tmp4x/train_d/sysid_big_20260919_141539_86.npz
        _tmp4x/train_d/sysid_big_20260919_141539_86.csv  (300 行)

=== 段 88 === driven=small 轴 / held=big 轴  温度=(30,30)℃
  参考来源: recording_1778327131.npz[946:1246] 随机缩放=0.45
  driven 小 yaw: 中心=+0.190 rad(+10.9°) 半幅=±0.356 rad(±20.4°)
    整条位于参考包络 [-22°, +22°] 内（硬限位 [-30°, +30°]，两侧各留 8° 跟踪余量; 中心 +0.0°）
  held   大 yaw: 目标=-18.741 rad（现有方位角 ±π 内随机）
  到位(固定 5s): err_big=-1.47° err_small=+0.06°
  等待连续 3s 稳定（判据: 两轴误差 ≤ 3° 且 两轴速度 < 6°/s；任一越界即重新计时）…
    [稳定等待] 已等   0.0s  e_big=-1.47° e_small=+0.06°  |ω_big|=0.12°/s |ω_small|=0.01°/s  连续 0.0/3s
    [稳定等待] 已等   1.0s  e_big=-1.35° e_small=+0.05°  |ω_big|=0.11°/s |ω_small|=0.01°/s  连续 1.0/3s
    [稳定等待] 已等   2.0s  e_big=-1.25° e_small=+0.04°  |ω_big|=0.10°/s |ω_small|=0.01°/s  连续 2.0/3s
  ✓ 已稳定（第二段用时 3.00s，两段合计 8.00s）
  采样 300 点 (3.00 s @100Hz)…
  保存: _tmp4x/train_d/sysid_small_20260919_141555_87.npz
        _tmp4x/train_d/sysid_small_20260919_141555_87.csv  (300 行)

=== 段 89 === driven=big 轴 / held=small 轴  温度=(30,30)℃
  参考来源: recording_1778341012.npz[8972:9272] 随机缩放=0.36
  driven 大 yaw: 中心=-18.726 rad 半幅=±0.510 rad(±29.2°)
  held   小 yaw: 目标=-0.004 rad (-0.2°)  [包络 -22°…+22°]
  到位(固定 5s): err_big=-4.06° err_small=-0.38°
  等待连续 3s 稳定（判据: 两轴误差 ≤ 3° 且 两轴速度 < 6°/s；任一越界即重新计时）…
    [稳定等待] 已等   0.0s  e_big=-4.06° e_small=-0.38°  |ω_big|=0.37°/s |ω_small|=0.08°/s  连续 0.0/3s  ← 未满足 e_big超差
    [稳定等待] 已等   1.0s  e_big=-3.72° e_small=-0.31°  |ω_big|=0.33°/s |ω_small|=0.06°/s  连续 0.0/3s  ← 未满足 e_big超差
    [稳定等待] 已等   2.0s  e_big=-3.40° e_small=-0.25°  |ω_big|=0.29°/s |ω_small|=0.05°/s  连续 0.0/3s  ← 未满足 e_big超差
    [稳定等待] 已等   3.0s  e_big=-3.12° e_small=-0.20°  |ω_big|=0.27°/s |ω_small|=0.04°/s  连续 0.0/3s  ← 未满足 e_big超差
    [稳定等待] 已等   4.0s  e_big=-2.87° e_small=-0.17°  |ω_big|=0.24°/s |ω_small|=0.03°/s  连续 0.5/3s
    [稳定等待] 已等   5.0s  e_big=-2.64° e_small=-0.14°  |ω_big|=0.22°/s |ω_small|=0.03°/s  连续 1.5/3s
    [稳定等待] 已等   6.0s  e_big=-2.43° e_small=-0.11°  |ω_big|=0.20°/s |ω_small|=0.02°/s  连续 2.6/3s
  ✓ 已稳定（第二段用时 6.49s，两段合计 11.49s）
  采样 300 点 (3.00 s @100Hz)…
  保存: _tmp4x/train_d/sysid_big_20260919_141615_88.npz
        _tmp4x/train_d/sysid_big_20260919_141615_88.csv  (300 行)

=== 段 90 === driven=small 轴 / held=big 轴  温度=(30,30)℃
  参考来源: recording_1778341844.npz[8438:8738] 随机缩放=0.12
  driven 小 yaw: 中心=+0.060 rad(+3.4°) 半幅=±0.254 rad(±14.6°)
    整条位于参考包络 [-22°, +22°] 内（硬限位 [-30°, +30°]，两侧各留 8° 跟踪余量; 中心 +0.0°）
  held   大 yaw: 目标=-19.198 rad（现有方位角 ±π 内随机）
  到位(固定 5s): err_big=-1.02° err_small=-0.42°
  等待连续 3s 稳定（判据: 两轴误差 ≤ 3° 且 两轴速度 < 6°/s；任一越界即重新计时）…
    [稳定等待] 已等   0.0s  e_big=-1.02° e_small=-0.42°  |ω_big|=0.08°/s |ω_small|=0.09°/s  连续 0.0/3s
    [稳定等待] 已等   1.0s  e_big=-0.94° e_small=-0.34°  |ω_big|=0.08°/s |ω_small|=0.07°/s  连续 1.0/3s
    [稳定等待] 已等   2.0s  e_big=-0.87° e_small=-0.28°  |ω_big|=0.07°/s |ω_small|=0.05°/s  连续 2.0/3s
  ✓ 已稳定（第二段用时 3.00s，两段合计 8.00s）
  采样 300 点 (3.00 s @100Hz)…
  保存: _tmp4x/train_d/sysid_small_20260919_141631_89.npz
        _tmp4x/train_d/sysid_small_20260919_141631_89.csv  (300 行)

=== 段 91 === driven=big 轴 / held=small 轴  温度=(30,30)℃
  参考来源: recording_1778341844.npz[14998:15298] 随机缩放=0.18
  driven 大 yaw: 中心=-19.374 rad 半幅=±0.749 rad(±42.9°)
  held   小 yaw: 目标=-0.169 rad (-9.7°)  [包络 -22°…+22°]
  到位(固定 5s): err_big=+1.87° err_small=+0.03°
  等待连续 3s 稳定（判据: 两轴误差 ≤ 3° 且 两轴速度 < 6°/s；任一越界即重新计时）…
    [稳定等待] 已等   0.0s  e_big=+1.87° e_small=+0.03°  |ω_big|=0.15°/s |ω_small|=0.01°/s  连续 0.0/3s
    [稳定等待] 已等   1.0s  e_big=+1.73° e_small=+0.03°  |ω_big|=0.14°/s |ω_small|=0.01°/s  连续 1.0/3s
    [稳定等待] 已等   2.0s  e_big=+1.59° e_small=+0.02°  |ω_big|=0.13°/s |ω_small|=0.01°/s  连续 2.0/3s
  ✓ 已稳定（第二段用时 3.00s，两段合计 8.00s）
  采样 300 点 (3.00 s @100Hz)…
  保存: _tmp4x/train_d/sysid_big_20260919_141647_90.npz
        _tmp4x/train_d/sysid_big_20260919_141647_90.csv  (300 行)

=== 段 92 === driven=small 轴 / held=big 轴  温度=(30,30)℃
  参考来源: recording_1778330157.npz[28976:29276] 随机缩放=0.18
  driven 小 yaw: 中心=+0.079 rad(+4.5°) 半幅=±0.277 rad(±15.9°)
    整条位于参考包络 [-22°, +22°] 内（硬限位 [-30°, +30°]，两侧各留 8° 跟踪余量; 中心 +0.0°）
  held   大 yaw: 目标=-17.565 rad（现有方位角 ±π 内随机）
  到位(固定 5s): err_big=-0.83° err_small=-0.36°
  等待连续 3s 稳定（判据: 两轴误差 ≤ 3° 且 两轴速度 < 6°/s；任一越界即重新计时）…
    [稳定等待] 已等   0.0s  e_big=-0.83° e_small=-0.36°  |ω_big|=0.07°/s |ω_small|=0.07°/s  连续 0.0/3s
    [稳定等待] 已等   1.0s  e_big=-0.77° e_small=-0.30°  |ω_big|=0.06°/s |ω_small|=0.06°/s  连续 1.0/3s
    [稳定等待] 已等   2.0s  e_big=-0.71° e_small=-0.24°  |ω_big|=0.06°/s |ω_small|=0.05°/s  连续 2.0/3s
  ✓ 已稳定（第二段用时 3.00s，两段合计 8.00s）
  采样 300 点 (3.00 s @100Hz)…
  保存: _tmp4x/train_d/sysid_small_20260919_141703_91.npz
        _tmp4x/train_d/sysid_small_20260919_141703_91.csv  (300 行)

=== 段 93 === driven=big 轴 / held=small 轴  温度=(30,30)℃
  参考来源: recording_1778322622.npz[1073:1373] 随机缩放=0.96
  driven 大 yaw: 中心=-17.643 rad 半幅=±0.528 rad(±30.2°)
  held   小 yaw: 目标=+0.152 rad (+8.7°)  [包络 -22°…+22°]
  到位(固定 5s): err_big=-0.27° err_small=-0.23°
  等待连续 3s 稳定（判据: 两轴误差 ≤ 3° 且 两轴速度 < 6°/s；任一越界即重新计时）…
    [稳定等待] 已等   0.0s  e_big=-0.27° e_small=-0.23°  |ω_big|=0.02°/s |ω_small|=0.05°/s  连续 0.0/3s
    [稳定等待] 已等   1.0s  e_big=-0.25° e_small=-0.19°  |ω_big|=0.02°/s |ω_small|=0.04°/s  连续 1.0/3s
    [稳定等待] 已等   2.0s  e_big=-0.23° e_small=-0.15°  |ω_big|=0.02°/s |ω_small|=0.03°/s  连续 2.0/3s
  ✓ 已稳定（第二段用时 3.00s，两段合计 8.00s）
  采样 300 点 (3.00 s @100Hz)…
  保存: _tmp4x/train_d/sysid_big_20260919_141719_92.npz
        _tmp4x/train_d/sysid_big_20260919_141719_92.csv  (300 行)

=== 段 94 === driven=small 轴 / held=big 轴  温度=(30,30)℃
  参考来源: recording_1778341521.npz[16371:16671] 随机缩放=0.06
  driven 小 yaw: 中心=+0.113 rad(+6.5°) 半幅=±0.281 rad(±16.1°)
    整条位于参考包络 [-22°, +22°] 内（硬限位 [-30°, +30°]，两侧各留 8° 跟踪余量; 中心 +0.0°）
  held   大 yaw: 目标=-18.544 rad（现有方位角 ±π 内随机）
  到位(固定 5s): err_big=-2.24° err_small=-0.28°
  等待连续 3s 稳定（判据: 两轴误差 ≤ 3° 且 两轴速度 < 6°/s；任一越界即重新计时）…
    [稳定等待] 已等   0.0s  e_big=-2.24° e_small=-0.28°  |ω_big|=0.18°/s |ω_small|=0.06°/s  连续 0.0/3s
    [稳定等待] 已等   1.0s  e_big=-2.06° e_small=-0.23°  |ω_big|=0.17°/s |ω_small|=0.05°/s  连续 1.0/3s
    [稳定等待] 已等   2.0s  e_big=-1.90° e_small=-0.19°  |ω_big|=0.15°/s |ω_small|=0.04°/s  连续 2.0/3s
  ✓ 已稳定（第二段用时 3.00s，两段合计 8.00s）
  采样 300 点 (3.00 s @100Hz)…
  保存: _tmp4x/train_d/sysid_small_20260919_141735_93.npz
        _tmp4x/train_d/sysid_small_20260919_141735_93.csv  (300 行)

=== 段 95 === driven=big 轴 / held=small 轴  温度=(30,30)℃
  参考来源: recording_1778341521.npz[2443:2743] 随机缩放=0.09
  driven 大 yaw: 中心=-18.812 rad 半幅=±0.396 rad(±22.7°)
  held   小 yaw: 目标=+0.164 rad (+9.4°)  [包络 -22°…+22°]
  到位(固定 5s): err_big=-3.13° err_small=+0.29°
  等待连续 3s 稳定（判据: 两轴误差 ≤ 3° 且 两轴速度 < 6°/s；任一越界即重新计时）…
    [稳定等待] 已等   0.0s  e_big=-3.13° e_small=+0.29°  |ω_big|=0.27°/s |ω_small|=0.06°/s  连续 0.0/3s  ← 未满足 e_big超差
    [稳定等待] 已等   1.0s  e_big=-2.88° e_small=+0.23°  |ω_big|=0.24°/s |ω_small|=0.05°/s  连续 0.5/3s
    [稳定等待] 已等   2.0s  e_big=-2.65° e_small=+0.19°  |ω_big|=0.22°/s |ω_small|=0.04°/s  连续 1.5/3s
    [稳定等待] 已等   3.0s  e_big=-2.43° e_small=+0.16°  |ω_big|=0.20°/s |ω_small|=0.03°/s  连续 2.5/3s
  ✓ 已稳定（第二段用时 3.52s，两段合计 8.52s）
  采样 300 点 (3.00 s @100Hz)…
  保存: _tmp4x/train_d/sysid_big_20260919_141751_94.npz
        _tmp4x/train_d/sysid_big_20260919_141751_94.csv  (300 行)

=== 段 96 === driven=small 轴 / held=big 轴  温度=(30,30)℃
  参考来源: recording_1778340524.npz[16112:16412] 随机缩放=0.14
  driven 小 yaw: 中心=-0.109 rad(-6.3°) 半幅=±0.215 rad(±12.3°)
    整条位于参考包络 [-22°, +22°] 内（硬限位 [-30°, +30°]，两侧各留 8° 跟踪余量; 中心 +0.0°）
  held   大 yaw: 目标=-20.440 rad（现有方位角 ±π 内随机）
  到位(固定 5s): err_big=+2.20° err_small=+0.64°
  等待连续 3s 稳定（判据: 两轴误差 ≤ 3° 且 两轴速度 < 6°/s；任一越界即重新计时）…
    [稳定等待] 已等   0.0s  e_big=+2.20° e_small=+0.64°  |ω_big|=0.18°/s |ω_small|=0.13°/s  连续 0.0/3s
    [稳定等待] 已等   1.0s  e_big=+2.03° e_small=+0.52°  |ω_big|=0.17°/s |ω_small|=0.11°/s  连续 1.0/3s
    [稳定等待] 已等   2.0s  e_big=+1.87° e_small=+0.42°  |ω_big|=0.15°/s |ω_small|=0.09°/s  连续 2.0/3s
  ✓ 已稳定（第二段用时 3.00s，两段合计 8.00s）
  采样 300 点 (3.00 s @100Hz)…
  保存: _tmp4x/train_d/sysid_small_20260919_141807_95.npz
        _tmp4x/train_d/sysid_small_20260919_141807_95.csv  (300 行)

=== 段 97 === driven=big 轴 / held=small 轴  温度=(30,30)℃
  参考来源: recording_1778341844.npz[3562:3862] 随机缩放=0.30
  driven 大 yaw: 中心=-19.950 rad 半幅=±0.881 rad(±50.5°)
  held   小 yaw: 目标=+0.057 rad (+3.3°)  [包络 -22°…+22°]
  到位(固定 5s): err_big=-3.61° err_small=-0.90°
  等待连续 3s 稳定（判据: 两轴误差 ≤ 3° 且 两轴速度 < 6°/s；任一越界即重新计时）…
    [稳定等待] 已等   0.0s  e_big=-3.61° e_small=-0.90°  |ω_big|=0.32°/s |ω_small|=0.19°/s  连续 0.0/3s  ← 未满足 e_big超差
    [稳定等待] 已等   1.0s  e_big=-3.31° e_small=-0.73°  |ω_big|=0.28°/s |ω_small|=0.15°/s  连续 0.0/3s  ← 未满足 e_big超差
    [稳定等待] 已等   2.0s  e_big=-3.03° e_small=-0.59°  |ω_big|=0.26°/s |ω_small|=0.12°/s  连续 0.0/3s  ← 未满足 e_big超差
    [稳定等待] 已等   3.0s  e_big=-2.79° e_small=-0.48°  |ω_big|=0.23°/s |ω_small|=0.10°/s  连续 0.9/3s
    [稳定等待] 已等   4.0s  e_big=-2.57° e_small=-0.39°  |ω_big|=0.21°/s |ω_small|=0.08°/s  连续 1.9/3s
    [稳定等待] 已等   5.0s  e_big=-2.36° e_small=-0.32°  |ω_big|=0.19°/s |ω_small|=0.07°/s  连续 2.9/3s
  ✓ 已稳定（第二段用时 5.16s，两段合计 10.16s）
  采样 300 点 (3.00 s @100Hz)…
  保存: _tmp4x/train_d/sysid_big_20260919_141826_96.npz
        _tmp4x/train_d/sysid_big_20260919_141826_96.csv  (300 行)

=== 段 98 === driven=small 轴 / held=big 轴  温度=(30,30)℃
  参考来源: recording_1778327131.npz[1488:1788] 随机缩放=0.37
  driven 小 yaw: 中心=+0.086 rad(+4.9°) 半幅=±0.269 rad(±15.4°)
    整条位于参考包络 [-22°, +22°] 内（硬限位 [-30°, +30°]，两侧各留 8° 跟踪余量; 中心 +0.0°）
  held   大 yaw: 目标=-19.478 rad（现有方位角 ±π 内随机）
  到位(固定 5s): err_big=-2.28° err_small=-0.17°
  等待连续 3s 稳定（判据: 两轴误差 ≤ 3° 且 两轴速度 < 6°/s；任一越界即重新计时）…
    [稳定等待] 已等   0.0s  e_big=-2.28° e_small=-0.17°  |ω_big|=0.19°/s |ω_small|=0.04°/s  连续 0.0/3s
    [稳定等待] 已等   1.0s  e_big=-2.10° e_small=-0.14°  |ω_big|=0.17°/s |ω_small|=0.03°/s  连续 1.0/3s
    [稳定等待] 已等   2.0s  e_big=-1.93° e_small=-0.11°  |ω_big|=0.16°/s |ω_small|=0.02°/s  连续 2.0/3s
  ✓ 已稳定（第二段用时 3.00s，两段合计 8.00s）
  采样 300 点 (3.00 s @100Hz)…
  保存: _tmp4x/train_d/sysid_small_20260919_141842_97.npz
        _tmp4x/train_d/sysid_small_20260919_141842_97.csv  (300 行)

=== 段 99 === driven=big 轴 / held=small 轴  温度=(30,30)℃
  参考来源: recording_1778413386.npz[7357:7657] 随机缩放=0.12
  driven 大 yaw: 中心=-19.976 rad 半幅=±0.361 rad(±20.7°)
  held   小 yaw: 目标=-0.030 rad (-1.7°)  [包络 -22°…+22°]
  到位(固定 5s): err_big=+4.00° err_small=+0.98°
  等待连续 3s 稳定（判据: 两轴误差 ≤ 3° 且 两轴速度 < 6°/s；任一越界即重新计时）…
    [稳定等待] 已等   0.0s  e_big=+4.00° e_small=+0.98°  |ω_big|=0.36°/s |ω_small|=0.21°/s  连续 0.0/3s  ← 未满足 e_big超差
    [稳定等待] 已等   1.0s  e_big=+3.66° e_small=+0.80°  |ω_big|=0.32°/s |ω_small|=0.17°/s  连续 0.0/3s  ← 未满足 e_big超差
    [稳定等待] 已等   2.0s  e_big=+3.36° e_small=+0.65°  |ω_big|=0.29°/s |ω_small|=0.13°/s  连续 0.0/3s  ← 未满足 e_big超差
    [稳定等待] 已等   3.0s  e_big=+3.08° e_small=+0.53°  |ω_big|=0.26°/s |ω_small|=0.11°/s  连续 0.0/3s  ← 未满足 e_big超差
    [稳定等待] 已等   4.0s  e_big=+2.83° e_small=+0.43°  |ω_big|=0.24°/s |ω_small|=0.09°/s  连续 0.7/3s
    [稳定等待] 已等   5.0s  e_big=+2.60° e_small=+0.35°  |ω_big|=0.22°/s |ω_small|=0.07°/s  连续 1.7/3s
    [稳定等待] 已等   6.0s  e_big=+2.39° e_small=+0.28°  |ω_big|=0.20°/s |ω_small|=0.06°/s  连续 2.7/3s
  ✓ 已稳定（第二段用时 6.32s，两段合计 11.32s）
  采样 300 点 (3.00 s @100Hz)…
  保存: _tmp4x/train_d/sysid_big_20260919_141901_98.npz
        _tmp4x/train_d/sysid_big_20260919_141901_98.csv  (300 行)

=== 段 100 === driven=small 轴 / held=big 轴  温度=(30,30)℃
  参考来源: recording_1778322660.npz[1641:1941] 随机缩放=0.22
  driven 小 yaw: 中心=+0.204 rad(+11.7°) 半幅=±0.341 rad(±19.5°)
    整条位于参考包络 [-22°, +22°] 内（硬限位 [-30°, +30°]，两侧各留 8° 跟踪余量; 中心 +0.0°）
  held   大 yaw: 目标=-17.293 rad（现有方位角 ±π 内随机）
  到位(固定 5s): err_big=+4.08° err_small=+0.73°
  等待连续 3s 稳定（判据: 两轴误差 ≤ 3° 且 两轴速度 < 6°/s；任一越界即重新计时）…
    [稳定等待] 已等   0.0s  e_big=+4.08° e_small=+0.73°  |ω_big|=0.37°/s |ω_small|=0.15°/s  连续 0.0/3s  ← 未满足 e_big超差
    [稳定等待] 已等   1.0s  e_big=+3.73° e_small=+0.59°  |ω_big|=0.33°/s |ω_small|=0.12°/s  连续 0.0/3s  ← 未满足 e_big超差
    [稳定等待] 已等   2.0s  e_big=+3.41° e_small=+0.48°  |ω_big|=0.30°/s |ω_small|=0.10°/s  连续 0.0/3s  ← 未满足 e_big超差
    [稳定等待] 已等   3.0s  e_big=+3.13° e_small=+0.39°  |ω_big|=0.27°/s |ω_small|=0.08°/s  连续 0.0/3s  ← 未满足 e_big超差
    [稳定等待] 已等   4.0s  e_big=+2.88° e_small=+0.32°  |ω_big|=0.24°/s |ω_small|=0.06°/s  连续 0.5/3s
    [稳定等待] 已等   5.0s  e_big=+2.64° e_small=+0.26°  |ω_big|=0.22°/s |ω_small|=0.05°/s  连续 1.5/3s
    [稳定等待] 已等   6.0s  e_big=+2.43° e_small=+0.21°  |ω_big|=0.20°/s |ω_small|=0.04°/s  连续 2.5/3s
  ✓ 已稳定（第二段用时 6.53s，两段合计 11.53s）
  采样 300 点 (3.00 s @100Hz)…
  保存: _tmp4x/train_d/sysid_small_20260919_141921_99.npz
        _tmp4x/train_d/sysid_small_20260919_141921_99.csv  (300 行)
  已发送 20 帧零力矩并停止
------------------------------------------------------------------------------
完成: 保存 100/100 段 → _tmp4x/train_d
  [DRY-RUN] 仿真下发 138580 帧, 结束状态 θ_big=-17.2806 θ_small=-17.3233 rad
exit=0
