加载目标序列: 11 个文件, 共 300727 点 @100Hz
==============================================================================
双级 yaw 系统辨识数据采集 — 分轴激励（录制序列 + 增强 + 上位机 PID）
  段数=100  每段=300 点 (3.00s @100Hz)  到位=5s  种子=303
  PID: kp=2.0 ki=0.0 kd=0.1 输出限幅 ±1 N·m  力矩变化限幅 0.5 N·m/步
  静止保持段记录=关（首段除外）
  仅力矩模式(mode=0)  pitch=0  小 yaw 行程=[-30°, +30°]  参考包络=[-22°, +22°]  中止阈值=同硬限位  中心=+0.0°  过温=55℃
  保存目录: _tmp4x/train_c
  [DRY-RUN] 无硬件: 用内置仿真代替串口（planar_yaw_model.h 同方程, λ=100, 积分步长 0.050 ms）
  [DRY-RUN] ★ 仿真环境 2: 接触**完全刚性** + 死区**完全自由**（τ_t≡0 in |Δ−β|<δ/2），撞击=完全非弹性冲击; β0 每条数据随机 ±0.30·δ, 漂移 ±0.05·δ / 30s
  [DRY-RUN] 注意: 这个环境里 k/c/γ **无效**；记录列 backlash_center(在线估计) / backlash_beta_true(真值)
==============================================================================
数据链路就绪

=== 段 1 === driven=big 轴 / held=small 轴  温度=(30,30)℃
  参考来源: recording_1778341844.npz[24318:24618] 随机缩放=1.07
  driven 大 yaw: 中心=+0.355 rad 半幅=±0.356 rad(±20.4°)
  held   小 yaw: 目标=-0.122 rad (-7.0°)  [包络 -22°…+22°]
  到位(固定 5s): err_big=-0.07° err_small=+0.28°
  等待连续 3s 稳定（判据: 两轴误差 ≤ 3° 且 两轴速度 < 6°/s；任一越界即重新计时）…
    [稳定等待] 已等   0.0s  e_big=-0.07° e_small=+0.28°  |ω_big|=0.00°/s |ω_small|=0.06°/s  连续 0.0/3s
    [稳定等待] 已等   1.0s  e_big=-0.07° e_small=+0.22°  |ω_big|=0.00°/s |ω_small|=0.05°/s  连续 1.0/3s
    [稳定等待] 已等   2.0s  e_big=-0.07° e_small=+0.18°  |ω_big|=0.00°/s |ω_small|=0.04°/s  连续 2.0/3s
  ✓ 已稳定（第二段用时 3.00s，两段合计 8.00s）
  采样 300 点 (3.00 s @100Hz)…
  保存: _tmp4x/train_c/sysid_big_20260919_135038_00.npz
        _tmp4x/train_c/sysid_big_20260919_135038_00.csv  (300 行)

=== 段 2 === driven=small 轴 / held=big 轴  温度=(30,30)℃
  参考来源: recording_1778327131.npz[3631:3931] 随机缩放=0.36
  driven 小 yaw: 中心=+0.076 rad(+4.3°) 半幅=±0.262 rad(±15.0°)
    整条位于参考包络 [-22°, +22°] 内（硬限位 [-30°, +30°]，两侧各留 8° 跟踪余量; 中心 +0.0°）
  held   大 yaw: 目标=+2.587 rad（现有方位角 ±π 内随机）
  到位(固定 5s): err_big=+3.15° err_small=+0.45°
  等待连续 3s 稳定（判据: 两轴误差 ≤ 3° 且 两轴速度 < 6°/s；任一越界即重新计时）…
    [稳定等待] 已等   0.0s  e_big=+3.15° e_small=+0.45°  |ω_big|=0.27°/s |ω_small|=0.09°/s  连续 0.0/3s  ← 未满足 e_big超差
    [稳定等待] 已等   1.0s  e_big=+2.89° e_small=+0.37°  |ω_big|=0.24°/s |ω_small|=0.08°/s  连续 0.5/3s
    [稳定等待] 已等   2.0s  e_big=+2.66° e_small=+0.30°  |ω_big|=0.22°/s |ω_small|=0.06°/s  连续 1.4/3s
    [稳定等待] 已等   3.0s  e_big=+2.44° e_small=+0.24°  |ω_big|=0.20°/s |ω_small|=0.05°/s  连续 2.5/3s
  ✓ 已稳定（第二段用时 3.57s，两段合计 8.57s）
  采样 300 点 (3.00 s @100Hz)…
  保存: _tmp4x/train_c/sysid_small_20260919_135054_01.npz
        _tmp4x/train_c/sysid_small_20260919_135054_01.csv  (300 行)

=== 段 3 === driven=big 轴 / held=small 轴  温度=(30,30)℃
  参考来源: recording_1778327131.npz[4123:4423] 随机缩放=0.69
  driven 大 yaw: 中心=+2.764 rad 半幅=±0.437 rad(±25.0°)
  held   小 yaw: 目标=+0.172 rad (+9.9°)  [包络 -22°…+22°]
  到位(固定 5s): err_big=-1.17° err_small=+0.12°
  等待连续 3s 稳定（判据: 两轴误差 ≤ 3° 且 两轴速度 < 6°/s；任一越界即重新计时）…
    [稳定等待] 已等   0.0s  e_big=-1.17° e_small=+0.12°  |ω_big|=0.09°/s |ω_small|=0.03°/s  连续 0.0/3s
    [稳定等待] 已等   1.0s  e_big=-1.08° e_small=+0.10°  |ω_big|=0.09°/s |ω_small|=0.02°/s  连续 1.0/3s
    [稳定等待] 已等   2.0s  e_big=-1.00° e_small=+0.08°  |ω_big|=0.08°/s |ω_small|=0.01°/s  连续 2.0/3s
  ✓ 已稳定（第二段用时 3.00s，两段合计 8.00s）
  采样 300 点 (3.00 s @100Hz)…
  保存: _tmp4x/train_c/sysid_big_20260919_135109_02.npz
        _tmp4x/train_c/sysid_big_20260919_135109_02.csv  (300 行)

=== 段 4 === driven=small 轴 / held=big 轴  温度=(30,30)℃
  参考来源: recording_1778330157.npz[14352:14652] 随机缩放=0.37
  driven 小 yaw: 中心=-0.052 rad(-3.0°) 半幅=±0.198 rad(±11.3°)
    整条位于参考包络 [-22°, +22°] 内（硬限位 [-30°, +30°]，两侧各留 8° 跟踪余量; 中心 +0.0°）
  held   大 yaw: 目标=-0.025 rad（现有方位角 ±π 内随机）
  到位(固定 5s): err_big=-4.66° err_small=-0.92°
  等待连续 3s 稳定（判据: 两轴误差 ≤ 3° 且 两轴速度 < 6°/s；任一越界即重新计时）…
    [稳定等待] 已等   0.0s  e_big=-4.66° e_small=-0.92°  |ω_big|=0.44°/s |ω_small|=0.19°/s  连续 0.0/3s  ← 未满足 e_big超差
    [稳定等待] 已等   1.0s  e_big=-4.24° e_small=-0.74°  |ω_big|=0.39°/s |ω_small|=0.16°/s  连续 0.0/3s  ← 未满足 e_big超差
    [稳定等待] 已等   2.0s  e_big=-3.88° e_small=-0.61°  |ω_big|=0.34°/s |ω_small|=0.12°/s  连续 0.0/3s  ← 未满足 e_big超差
    [稳定等待] 已等   3.0s  e_big=-3.55° e_small=-0.49°  |ω_big|=0.31°/s |ω_small|=0.10°/s  连续 0.0/3s  ← 未满足 e_big超差
    [稳定等待] 已等   4.0s  e_big=-3.25° e_small=-0.40°  |ω_big|=0.28°/s |ω_small|=0.08°/s  连续 0.0/3s  ← 未满足 e_big超差
    [稳定等待] 已等   5.0s  e_big=-2.98° e_small=-0.33°  |ω_big|=0.25°/s |ω_small|=0.07°/s  连续 0.1/3s
    [稳定等待] 已等   6.1s  e_big=-2.74° e_small=-0.26°  |ω_big|=0.23°/s |ω_small|=0.05°/s  连续 1.1/3s
    [稳定等待] 已等   7.1s  e_big=-2.52° e_small=-0.21°  |ω_big|=0.21°/s |ω_small|=0.05°/s  连续 2.1/3s
  ✓ 已稳定（第二段用时 7.98s，两段合计 12.98s）
  采样 300 点 (3.00 s @100Hz)…
  保存: _tmp4x/train_c/sysid_small_20260919_135130_03.npz
        _tmp4x/train_c/sysid_small_20260919_135130_03.csv  (300 行)

=== 段 5 === driven=big 轴 / held=small 轴  温度=(30,30)℃
  参考来源: recording_1778327131.npz[13:313] 随机缩放=0.79
  driven 大 yaw: 中心=-0.428 rad 半幅=±0.470 rad(±26.9°)
  held   小 yaw: 目标=+0.016 rad (+0.9°)  [包络 -22°…+22°]
  到位(固定 5s): err_big=-3.70° err_small=+0.45°
  等待连续 3s 稳定（判据: 两轴误差 ≤ 3° 且 两轴速度 < 6°/s；任一越界即重新计时）…
    [稳定等待] 已等   0.0s  e_big=-3.70° e_small=+0.45°  |ω_big|=0.33°/s |ω_small|=0.09°/s  连续 0.0/3s  ← 未满足 e_big超差
    [稳定等待] 已等   1.0s  e_big=-3.39° e_small=+0.37°  |ω_big|=0.29°/s |ω_small|=0.07°/s  连续 0.0/3s  ← 未满足 e_big超差
    [稳定等待] 已等   2.0s  e_big=-3.11° e_small=+0.30°  |ω_big|=0.26°/s |ω_small|=0.06°/s  连续 0.0/3s  ← 未满足 e_big超差
    [稳定等待] 已等   3.0s  e_big=-2.86° e_small=+0.25°  |ω_big|=0.24°/s |ω_small|=0.05°/s  连续 0.6/3s
    [稳定等待] 已等   4.0s  e_big=-2.63° e_small=+0.20°  |ω_big|=0.22°/s |ω_small|=0.04°/s  连续 1.6/3s
    [稳定等待] 已等   5.0s  e_big=-2.42° e_small=+0.16°  |ω_big|=0.20°/s |ω_small|=0.03°/s  连续 2.6/3s
  ✓ 已稳定（第二段用时 5.44s，两段合计 10.44s）
  采样 300 点 (3.00 s @100Hz)…
  保存: _tmp4x/train_c/sysid_big_20260919_135149_04.npz
        _tmp4x/train_c/sysid_big_20260919_135149_04.csv  (300 行)

=== 段 6 === driven=small 轴 / held=big 轴  温度=(30,30)℃
  参考来源: recording_1778341012.npz[37951:38251] 随机缩放=0.21
  driven 小 yaw: 中心=-0.052 rad(-3.0°) 半幅=±0.191 rad(±11.0°)
    整条位于参考包络 [-22°, +22°] 内（硬限位 [-30°, +30°]，两侧各留 8° 跟踪余量; 中心 +0.0°）
  held   大 yaw: 目标=+1.152 rad（现有方位角 ±π 内随机）
  到位(固定 5s): err_big=+1.44° err_small=-0.06°
  等待连续 3s 稳定（判据: 两轴误差 ≤ 3° 且 两轴速度 < 6°/s；任一越界即重新计时）…
    [稳定等待] 已等   0.0s  e_big=+1.44° e_small=-0.07°  |ω_big|=0.12°/s |ω_small|=0.02°/s  连续 0.0/3s
    [稳定等待] 已等   1.0s  e_big=+1.33° e_small=-0.05°  |ω_big|=0.11°/s |ω_small|=0.01°/s  连续 1.0/3s
    [稳定等待] 已等   2.0s  e_big=+1.22° e_small=-0.04°  |ω_big|=0.10°/s |ω_small|=0.01°/s  连续 2.0/3s
  ✓ 已稳定（第二段用时 3.00s，两段合计 8.00s）
  采样 300 点 (3.00 s @100Hz)…
  保存: _tmp4x/train_c/sysid_small_20260919_135204_05.npz
        _tmp4x/train_c/sysid_small_20260919_135204_05.csv  (300 行)

=== 段 7 === driven=big 轴 / held=small 轴  温度=(30,30)℃
  参考来源: recording_1778341521.npz[22688:22988] 随机缩放=0.16
  driven 大 yaw: 中心=+0.830 rad 半幅=±0.609 rad(±34.9°)
  held   小 yaw: 目标=-0.119 rad (-6.8°)  [包络 -22°…+22°]
  到位(固定 5s): err_big=+2.34° err_small=+0.67°
  等待连续 3s 稳定（判据: 两轴误差 ≤ 3° 且 两轴速度 < 6°/s；任一越界即重新计时）…
    [稳定等待] 已等   0.0s  e_big=+2.34° e_small=+0.67°  |ω_big|=0.19°/s |ω_small|=0.13°/s  连续 0.0/3s
    [稳定等待] 已等   1.0s  e_big=+2.15° e_small=+0.54°  |ω_big|=0.18°/s |ω_small|=0.11°/s  连续 1.0/3s
    [稳定等待] 已等   2.0s  e_big=+1.98° e_small=+0.44°  |ω_big|=0.16°/s |ω_small|=0.09°/s  连续 2.0/3s
  ✓ 已稳定（第二段用时 3.00s，两段合计 8.00s）
  采样 300 点 (3.00 s @100Hz)…
  保存: _tmp4x/train_c/sysid_big_20260919_135220_06.npz
        _tmp4x/train_c/sysid_big_20260919_135220_06.csv  (300 行)

=== 段 8 === driven=small 轴 / held=big 轴  温度=(30,30)℃
  参考来源: recording_1778341521.npz[1554:1854] 随机缩放=0.09
  driven 小 yaw: 中心=-0.112 rad(-6.4°) 半幅=±0.341 rad(±19.6°)
    整条位于参考包络 [-22°, +22°] 内（硬限位 [-30°, +30°]，两侧各留 8° 跟踪余量; 中心 +0.0°）
  held   大 yaw: 目标=-0.609 rad（现有方位角 ±π 内随机）
  到位(固定 5s): err_big=-0.65° err_small=+0.16°
  等待连续 3s 稳定（判据: 两轴误差 ≤ 3° 且 两轴速度 < 6°/s；任一越界即重新计时）…
    [稳定等待] 已等   0.0s  e_big=-0.65° e_small=+0.16°  |ω_big|=0.00°/s |ω_small|=0.03°/s  连续 0.0/3s
    [稳定等待] 已等   1.0s  e_big=-0.65° e_small=+0.13°  |ω_big|=0.00°/s |ω_small|=0.03°/s  连续 1.0/3s
    [稳定等待] 已等   2.0s  e_big=-0.65° e_small=+0.11°  |ω_big|=0.00°/s |ω_small|=0.02°/s  连续 2.0/3s
  ✓ 已稳定（第二段用时 3.00s，两段合计 8.00s）
  采样 300 点 (3.00 s @100Hz)…
  保存: _tmp4x/train_c/sysid_small_20260919_135236_07.npz
        _tmp4x/train_c/sysid_small_20260919_135236_07.csv  (300 行)

=== 段 9 === driven=big 轴 / held=small 轴  温度=(30,30)℃
  参考来源: recording_1778322660.npz[21:321] 随机缩放=0.62
  driven 大 yaw: 中心=-0.470 rad 半幅=±0.568 rad(±32.6°)
  held   小 yaw: 目标=+0.254 rad (+14.5°)  [包络 -22°…+22°]
  到位(固定 5s): err_big=+2.51° err_small=-0.32°
  等待连续 3s 稳定（判据: 两轴误差 ≤ 3° 且 两轴速度 < 6°/s；任一越界即重新计时）…
    [稳定等待] 已等   0.0s  e_big=+2.51° e_small=-0.32°  |ω_big|=0.21°/s |ω_small|=0.06°/s  连续 0.0/3s
    [稳定等待] 已等   1.0s  e_big=+2.31° e_small=-0.26°  |ω_big|=0.19°/s |ω_small|=0.05°/s  连续 1.0/3s
    [稳定等待] 已等   2.0s  e_big=+2.13° e_small=-0.21°  |ω_big|=0.17°/s |ω_small|=0.04°/s  连续 2.0/3s
  ✓ 已稳定（第二段用时 3.00s，两段合计 8.00s）
  采样 300 点 (3.00 s @100Hz)…
  保存: _tmp4x/train_c/sysid_big_20260919_135252_08.npz
        _tmp4x/train_c/sysid_big_20260919_135252_08.csv  (300 行)

=== 段 10 === driven=small 轴 / held=big 轴  温度=(30,30)℃
  参考来源: recording_1778414251.npz[26693:26993] 随机缩放=0.20
  driven 小 yaw: 中心=-0.060 rad(-3.5°) 半幅=±0.255 rad(±14.6°)
    整条位于参考包络 [-22°, +22°] 内（硬限位 [-30°, +30°]，两侧各留 8° 跟踪余量; 中心 +0.0°）
  held   大 yaw: 目标=+0.071 rad（现有方位角 ±π 内随机）
  到位(固定 5s): err_big=-2.16° err_small=-0.29°
  等待连续 3s 稳定（判据: 两轴误差 ≤ 3° 且 两轴速度 < 6°/s；任一越界即重新计时）…
    [稳定等待] 已等   0.0s  e_big=-2.16° e_small=-0.29°  |ω_big|=0.18°/s |ω_small|=0.06°/s  连续 0.0/3s
    [稳定等待] 已等   1.0s  e_big=-1.99° e_small=-0.23°  |ω_big|=0.16°/s |ω_small|=0.05°/s  连续 1.0/3s
    [稳定等待] 已等   2.0s  e_big=-1.84° e_small=-0.19°  |ω_big|=0.15°/s |ω_small|=0.04°/s  连续 2.0/3s
  ✓ 已稳定（第二段用时 3.00s，两段合计 8.00s）
  采样 300 点 (3.00 s @100Hz)…
  保存: _tmp4x/train_c/sysid_small_20260919_135308_09.npz
        _tmp4x/train_c/sysid_small_20260919_135308_09.csv  (300 行)

=== 段 11 === driven=big 轴 / held=small 轴  温度=(30,30)℃
  参考来源: recording_1778341521.npz[5434:5734] 随机缩放=0.10
  driven 大 yaw: 中心=-0.194 rad 半幅=±0.394 rad(±22.6°)
  held   小 yaw: 目标=+0.266 rad (+15.2°)  [包络 -22°…+22°]
  到位(固定 5s): err_big=-2.82° err_small=-0.38°
  等待连续 3s 稳定（判据: 两轴误差 ≤ 3° 且 两轴速度 < 6°/s；任一越界即重新计时）…
    [稳定等待] 已等   0.0s  e_big=-2.82° e_small=-0.38°  |ω_big|=0.24°/s |ω_small|=0.08°/s  连续 0.0/3s
    [稳定等待] 已等   1.0s  e_big=-2.59° e_small=-0.31°  |ω_big|=0.22°/s |ω_small|=0.06°/s  连续 1.0/3s
    [稳定等待] 已等   2.0s  e_big=-2.38° e_small=-0.25°  |ω_big|=0.20°/s |ω_small|=0.05°/s  连续 2.0/3s
  ✓ 已稳定（第二段用时 3.00s，两段合计 8.00s）
  采样 300 点 (3.00 s @100Hz)…
  保存: _tmp4x/train_c/sysid_big_20260919_135324_10.npz
        _tmp4x/train_c/sysid_big_20260919_135324_10.csv  (300 行)

=== 段 12 === driven=small 轴 / held=big 轴  温度=(30,30)℃
  参考来源: recording_1778413386.npz[28525:28825] 随机缩放=0.15
  driven 小 yaw: 中心=-0.059 rad(-3.4°) 半幅=±0.228 rad(±13.1°)
    整条位于参考包络 [-22°, +22°] 内（硬限位 [-30°, +30°]，两侧各留 8° 跟踪余量; 中心 +0.0°）
  held   大 yaw: 目标=-2.184 rad（现有方位角 ±π 内随机）
  到位(固定 5s): err_big=-1.64° err_small=+0.04°
  等待连续 3s 稳定（判据: 两轴误差 ≤ 3° 且 两轴速度 < 6°/s；任一越界即重新计时）…
    [稳定等待] 已等   0.0s  e_big=-1.64° e_small=+0.04°  |ω_big|=0.13°/s |ω_small|=0.01°/s  连续 0.0/3s
    [稳定等待] 已等   1.0s  e_big=-1.51° e_small=+0.03°  |ω_big|=0.12°/s |ω_small|=0.01°/s  连续 1.0/3s
    [稳定等待] 已等   2.0s  e_big=-1.40° e_small=+0.02°  |ω_big|=0.11°/s |ω_small|=0.01°/s  连续 2.0/3s
  ✓ 已稳定（第二段用时 3.00s，两段合计 8.00s）
  采样 300 点 (3.00 s @100Hz)…
  保存: _tmp4x/train_c/sysid_small_20260919_135340_11.npz
        _tmp4x/train_c/sysid_small_20260919_135340_11.csv  (300 行)

=== 段 13 === driven=big 轴 / held=small 轴  温度=(30,30)℃
  参考来源: recording_1778341012.npz[8369:8669] 随机缩放=0.67
  driven 大 yaw: 中心=-1.982 rad 半幅=±0.578 rad(±33.1°)
  held   小 yaw: 目标=+0.193 rad (+11.0°)  [包络 -22°…+22°]
  到位(固定 5s): err_big=-3.75° err_small=-0.59°
  等待连续 3s 稳定（判据: 两轴误差 ≤ 3° 且 两轴速度 < 6°/s；任一越界即重新计时）…
    [稳定等待] 已等   0.0s  e_big=-3.75° e_small=-0.59°  |ω_big|=0.33°/s |ω_small|=0.12°/s  连续 0.0/3s  ← 未满足 e_big超差
    [稳定等待] 已等   1.0s  e_big=-3.44° e_small=-0.48°  |ω_big|=0.30°/s |ω_small|=0.10°/s  连续 0.0/3s  ← 未满足 e_big超差
    [稳定等待] 已等   2.0s  e_big=-3.16° e_small=-0.39°  |ω_big|=0.27°/s |ω_small|=0.08°/s  连续 0.0/3s  ← 未满足 e_big超差
    [稳定等待] 已等   3.0s  e_big=-2.90° e_small=-0.32°  |ω_big|=0.24°/s |ω_small|=0.06°/s  连续 0.4/3s
    [稳定等待] 已等   4.0s  e_big=-2.66° e_small=-0.26°  |ω_big|=0.22°/s |ω_small|=0.05°/s  连续 1.4/3s
    [稳定等待] 已等   5.0s  e_big=-2.45° e_small=-0.21°  |ω_big|=0.20°/s |ω_small|=0.04°/s  连续 2.4/3s
  ✓ 已稳定（第二段用时 5.60s，两段合计 10.60s）
  采样 300 点 (3.00 s @100Hz)…
  保存: _tmp4x/train_c/sysid_big_20260919_135358_12.npz
        _tmp4x/train_c/sysid_big_20260919_135358_12.csv  (300 行)

=== 段 14 === driven=small 轴 / held=big 轴  温度=(30,30)℃
  参考来源: recording_1778322660.npz[2133:2433] 随机缩放=0.17
  driven 小 yaw: 中心=-0.088 rad(-5.0°) 半幅=±0.226 rad(±12.9°)
    整条位于参考包络 [-22°, +22°] 内（硬限位 [-30°, +30°]，两侧各留 8° 跟踪余量; 中心 +0.0°）
  held   大 yaw: 目标=-0.525 rad（现有方位角 ±π 内随机）
  到位(固定 5s): err_big=-0.98° err_small=-0.40°
  等待连续 3s 稳定（判据: 两轴误差 ≤ 3° 且 两轴速度 < 6°/s；任一越界即重新计时）…
    [稳定等待] 已等   0.0s  e_big=-0.98° e_small=-0.41°  |ω_big|=0.08°/s |ω_small|=0.08°/s  连续 0.0/3s
    [稳定等待] 已等   1.0s  e_big=-0.91° e_small=-0.33°  |ω_big|=0.07°/s |ω_small|=0.07°/s  连续 1.0/3s
    [稳定等待] 已等   2.0s  e_big=-0.84° e_small=-0.27°  |ω_big|=0.07°/s |ω_small|=0.05°/s  连续 2.0/3s
  ✓ 已稳定（第二段用时 3.00s，两段合计 8.00s）
  采样 300 点 (3.00 s @100Hz)…
  保存: _tmp4x/train_c/sysid_small_20260919_135414_13.npz
        _tmp4x/train_c/sysid_small_20260919_135414_13.csv  (300 行)

=== 段 15 === driven=big 轴 / held=small 轴  温度=(30,30)℃
  参考来源: recording_1778327131.npz[3379:3679] 随机缩放=0.53
  driven 大 yaw: 中心=-0.774 rad 半幅=±0.559 rad(±32.0°)
  held   小 yaw: 目标=-0.119 rad (-6.8°)  [包络 -22°…+22°]
  到位(固定 5s): err_big=-3.64° err_small=-0.50°
  等待连续 3s 稳定（判据: 两轴误差 ≤ 3° 且 两轴速度 < 6°/s；任一越界即重新计时）…
    [稳定等待] 已等   0.0s  e_big=-3.64° e_small=-0.50°  |ω_big|=0.32°/s |ω_small|=0.10°/s  连续 0.0/3s  ← 未满足 e_big超差
    [稳定等待] 已等   1.0s  e_big=-3.34° e_small=-0.41°  |ω_big|=0.29°/s |ω_small|=0.08°/s  连续 0.0/3s  ← 未满足 e_big超差
    [稳定等待] 已等   2.0s  e_big=-3.06° e_small=-0.33°  |ω_big|=0.26°/s |ω_small|=0.07°/s  连续 0.0/3s  ← 未满足 e_big超差
    [稳定等待] 已等   3.0s  e_big=-2.81° e_small=-0.27°  |ω_big|=0.24°/s |ω_small|=0.06°/s  连续 0.8/3s
    [稳定等待] 已等   4.0s  e_big=-2.59° e_small=-0.22°  |ω_big|=0.22°/s |ω_small|=0.04°/s  连续 1.8/3s
    [稳定等待] 已等   5.0s  e_big=-2.38° e_small=-0.18°  |ω_big|=0.20°/s |ω_small|=0.03°/s  连续 2.8/3s
  ✓ 已稳定（第二段用时 5.27s，两段合计 10.27s）
  采样 300 点 (3.00 s @100Hz)…
  保存: _tmp4x/train_c/sysid_big_20260919_135432_14.npz
        _tmp4x/train_c/sysid_big_20260919_135432_14.csv  (300 行)

=== 段 16 === driven=small 轴 / held=big 轴  温度=(30,30)℃
  参考来源: recording_1778322622.npz[1097:1397] 随机缩放=0.70
  driven 小 yaw: 中心=+0.000 rad(+0.0°) 半幅=±0.306 rad(±17.5°)
    整条位于参考包络 [-22°, +22°] 内（硬限位 [-30°, +30°]，两侧各留 8° 跟踪余量; 中心 +0.0°）
  held   大 yaw: 目标=-0.616 rad（现有方位角 ±π 内随机）
  到位(固定 5s): err_big=+2.20° err_small=-0.72°
  等待连续 3s 稳定（判据: 两轴误差 ≤ 3° 且 两轴速度 < 6°/s；任一越界即重新计时）…
    [稳定等待] 已等   0.0s  e_big=+2.20° e_small=-0.72°  |ω_big|=0.18°/s |ω_small|=0.15°/s  连续 0.0/3s
    [稳定等待] 已等   1.0s  e_big=+2.03° e_small=-0.59°  |ω_big|=0.17°/s |ω_small|=0.12°/s  连续 1.0/3s
    [稳定等待] 已等   2.0s  e_big=+1.87° e_small=-0.48°  |ω_big|=0.15°/s |ω_small|=0.10°/s  连续 2.0/3s
  ✓ 已稳定（第二段用时 3.00s，两段合计 8.00s）
  采样 300 点 (3.00 s @100Hz)…
  保存: _tmp4x/train_c/sysid_small_20260919_135449_15.npz
        _tmp4x/train_c/sysid_small_20260919_135449_15.csv  (300 行)

=== 段 17 === driven=big 轴 / held=small 轴  温度=(30,30)℃
  参考来源: recording_1778328241.npz[12022:12322] 随机缩放=1.16
  driven 大 yaw: 中心=-0.513 rad 半幅=±0.403 rad(±23.1°)
  held   小 yaw: 目标=-0.090 rad (-5.2°)  [包络 -22°…+22°]
  到位(固定 5s): err_big=-2.01° err_small=-0.34°
  等待连续 3s 稳定（判据: 两轴误差 ≤ 3° 且 两轴速度 < 6°/s；任一越界即重新计时）…
    [稳定等待] 已等   0.0s  e_big=-2.01° e_small=-0.34°  |ω_big|=0.16°/s |ω_small|=0.07°/s  连续 0.0/3s
    [稳定等待] 已等   1.0s  e_big=-1.85° e_small=-0.28°  |ω_big|=0.15°/s |ω_small|=0.06°/s  连续 1.0/3s
    [稳定等待] 已等   2.0s  e_big=-1.71° e_small=-0.23°  |ω_big|=0.14°/s |ω_small|=0.05°/s  连续 2.0/3s
  ✓ 已稳定（第二段用时 3.00s，两段合计 8.00s）
  采样 300 点 (3.00 s @100Hz)…
  保存: _tmp4x/train_c/sysid_big_20260919_135505_16.npz
        _tmp4x/train_c/sysid_big_20260919_135505_16.csv  (300 行)

=== 段 18 === driven=small 轴 / held=big 轴  温度=(30,30)℃
  参考来源: recording_1778414251.npz[5418:5718] 随机缩放=0.61
  driven 小 yaw: 中心=+0.073 rad(+4.2°) 半幅=±0.218 rad(±12.5°)
    整条位于参考包络 [-22°, +22°] 内（硬限位 [-30°, +30°]，两侧各留 8° 跟踪余量; 中心 +0.0°）
  held   大 yaw: 目标=-0.874 rad（现有方位角 ±π 内随机）
  到位(固定 5s): err_big=+4.54° err_small=+0.91°
  等待连续 3s 稳定（判据: 两轴误差 ≤ 3° 且 两轴速度 < 6°/s；任一越界即重新计时）…
    [稳定等待] 已等   0.0s  e_big=+4.54° e_small=+0.92°  |ω_big|=0.42°/s |ω_small|=0.19°/s  连续 0.0/3s  ← 未满足 e_big超差
    [稳定等待] 已等   1.0s  e_big=+4.14° e_small=+0.74°  |ω_big|=0.37°/s |ω_small|=0.15°/s  连续 0.0/3s  ← 未满足 e_big超差
    [稳定等待] 已等   2.0s  e_big=+3.78° e_small=+0.60°  |ω_big|=0.33°/s |ω_small|=0.12°/s  连续 0.0/3s  ← 未满足 e_big超差
    [稳定等待] 已等   3.0s  e_big=+3.47° e_small=+0.49°  |ω_big|=0.30°/s |ω_small|=0.10°/s  连续 0.0/3s  ← 未满足 e_big超差
    [稳定等待] 已等   4.0s  e_big=+3.18° e_small=+0.40°  |ω_big|=0.27°/s |ω_small|=0.08°/s  连续 0.0/3s  ← 未满足 e_big超差
    [稳定等待] 已等   5.0s  e_big=+2.92° e_small=+0.32°  |ω_big|=0.25°/s |ω_small|=0.07°/s  连续 0.3/3s
    [稳定等待] 已等   6.0s  e_big=+2.68° e_small=+0.27°  |ω_big|=0.22°/s |ω_small|=0.06°/s  连续 1.3/3s
    [稳定等待] 已等   7.0s  e_big=+2.47° e_small=+0.21°  |ω_big|=0.20°/s |ω_small|=0.04°/s  连续 2.3/3s
  ✓ 已稳定（第二段用时 7.71s，两段合计 12.71s）
  采样 300 点 (3.00 s @100Hz)…
  保存: _tmp4x/train_c/sysid_small_20260919_135526_17.npz
        _tmp4x/train_c/sysid_small_20260919_135526_17.csv  (300 行)

=== 段 19 === driven=big 轴 / held=small 轴  温度=(30,30)℃
  参考来源: recording_1778341844.npz[22201:22501] 随机缩放=1.23
  driven 大 yaw: 中心=-0.763 rad 半幅=±0.671 rad(±38.5°)
  held   小 yaw: 目标=+0.059 rad (+3.4°)  [包络 -22°…+22°]
  到位(固定 5s): err_big=-1.69° err_small=+0.16°
  等待连续 3s 稳定（判据: 两轴误差 ≤ 3° 且 两轴速度 < 6°/s；任一越界即重新计时）…
    [稳定等待] 已等   0.0s  e_big=-1.69° e_small=+0.16°  |ω_big|=0.14°/s |ω_small|=0.03°/s  连续 0.0/3s
    [稳定等待] 已等   1.0s  e_big=-1.56° e_small=+0.13°  |ω_big|=0.13°/s |ω_small|=0.03°/s  连续 1.0/3s
    [稳定等待] 已等   2.0s  e_big=-1.43° e_small=+0.11°  |ω_big|=0.12°/s |ω_small|=0.02°/s  连续 2.0/3s
  ✓ 已稳定（第二段用时 3.00s，两段合计 8.00s）
  采样 300 点 (3.00 s @100Hz)…
  保存: _tmp4x/train_c/sysid_big_20260919_135541_18.npz
        _tmp4x/train_c/sysid_big_20260919_135541_18.csv  (300 行)

=== 段 20 === driven=small 轴 / held=big 轴  温度=(30,30)℃
  参考来源: recording_1778322622.npz[90:390] 随机缩放=0.20
  driven 小 yaw: 中心=-0.110 rad(-6.3°) 半幅=±0.280 rad(±16.0°)
    整条位于参考包络 [-22°, +22°] 内（硬限位 [-30°, +30°]，两侧各留 8° 跟踪余量; 中心 +0.0°）
  held   大 yaw: 目标=-1.822 rad（现有方位角 ±π 内随机）
  到位(固定 5s): err_big=+4.53° err_small=+0.94°
  等待连续 3s 稳定（判据: 两轴误差 ≤ 3° 且 两轴速度 < 6°/s；任一越界即重新计时）…
    [稳定等待] 已等   0.0s  e_big=+4.53° e_small=+0.94°  |ω_big|=0.42°/s |ω_small|=0.19°/s  连续 0.0/3s  ← 未满足 e_big超差
    [稳定等待] 已等   1.0s  e_big=+4.13° e_small=+0.76°  |ω_big|=0.37°/s |ω_small|=0.16°/s  连续 0.0/3s  ← 未满足 e_big超差
    [稳定等待] 已等   2.0s  e_big=+3.78° e_small=+0.62°  |ω_big|=0.33°/s |ω_small|=0.13°/s  连续 0.0/3s  ← 未满足 e_big超差
    [稳定等待] 已等   3.0s  e_big=+3.46° e_small=+0.50°  |ω_big|=0.30°/s |ω_small|=0.11°/s  连续 0.0/3s  ← 未满足 e_big超差
    [稳定等待] 已等   4.0s  e_big=+3.18° e_small=+0.41°  |ω_big|=0.27°/s |ω_small|=0.08°/s  连续 0.0/3s  ← 未满足 e_big超差
    [稳定等待] 已等   5.0s  e_big=+2.92° e_small=+0.33°  |ω_big|=0.25°/s |ω_small|=0.07°/s  连续 0.3/3s
    [稳定等待] 已等   6.0s  e_big=+2.68° e_small=+0.27°  |ω_big|=0.22°/s |ω_small|=0.06°/s  连续 1.3/3s
    [稳定等待] 已等   7.0s  e_big=+2.46° e_small=+0.22°  |ω_big|=0.20°/s |ω_small|=0.05°/s  连续 2.4/3s
  ✓ 已稳定（第二段用时 7.69s，两段合计 12.69s）
  采样 300 点 (3.00 s @100Hz)…
  保存: _tmp4x/train_c/sysid_small_20260919_135602_19.npz
        _tmp4x/train_c/sysid_small_20260919_135602_19.csv  (300 行)

=== 段 21 === driven=big 轴 / held=small 轴  温度=(30,30)℃
  参考来源: recording_1778341521.npz[2817:3117] 随机缩放=0.14
  driven 大 yaw: 中心=-1.767 rad 半幅=±0.579 rad(±33.2°)
  held   小 yaw: 目标=-0.005 rad (-0.3°)  [包络 -22°…+22°]
  到位(固定 5s): err_big=-4.55° err_small=-0.92°
  等待连续 3s 稳定（判据: 两轴误差 ≤ 3° 且 两轴速度 < 6°/s；任一越界即重新计时）…
    [稳定等待] 已等   0.0s  e_big=-4.55° e_small=-0.92°  |ω_big|=0.43°/s |ω_small|=0.19°/s  连续 0.0/3s  ← 未满足 e_big超差
    [稳定等待] 已等   1.0s  e_big=-4.15° e_small=-0.74°  |ω_big|=0.38°/s |ω_small|=0.15°/s  连续 0.0/3s  ← 未满足 e_big超差
    [稳定等待] 已等   2.0s  e_big=-3.79° e_small=-0.60°  |ω_big|=0.34°/s |ω_small|=0.13°/s  连续 0.0/3s  ← 未满足 e_big超差
    [稳定等待] 已等   3.0s  e_big=-3.48° e_small=-0.49°  |ω_big|=0.30°/s |ω_small|=0.10°/s  连续 0.0/3s  ← 未满足 e_big超差
    [稳定等待] 已等   4.0s  e_big=-3.19° e_small=-0.40°  |ω_big|=0.27°/s |ω_small|=0.08°/s  连续 0.0/3s  ← 未满足 e_big超差
    [稳定等待] 已等   5.0s  e_big=-2.93° e_small=-0.33°  |ω_big|=0.25°/s |ω_small|=0.07°/s  连续 0.3/3s
    [稳定等待] 已等   6.0s  e_big=-2.69° e_small=-0.27°  |ω_big|=0.22°/s |ω_small|=0.06°/s  连续 1.3/3s
    [稳定等待] 已等   7.0s  e_big=-2.47° e_small=-0.22°  |ω_big|=0.21°/s |ω_small|=0.04°/s  连续 2.3/3s
  ✓ 已稳定（第二段用时 7.73s，两段合计 12.73s）
  采样 300 点 (3.00 s @100Hz)…
  保存: _tmp4x/train_c/sysid_big_20260919_135622_20.npz
        _tmp4x/train_c/sysid_big_20260919_135622_20.csv  (300 行)

=== 段 22 === driven=small 轴 / held=big 轴  温度=(30,30)℃
  参考来源: recording_1778322622.npz[2210:2510] 随机缩放=0.13
  driven 小 yaw: 中心=+0.232 rad(+13.3°) 半幅=±0.336 rad(±19.2°)
    整条位于参考包络 [-22°, +22°] 内（硬限位 [-30°, +30°]，两侧各留 8° 跟踪余量; 中心 +0.0°）
  held   大 yaw: 目标=-4.036 rad（现有方位角 ±π 内随机）
  到位(固定 5s): err_big=-4.83° err_small=-0.98°
  等待连续 3s 稳定（判据: 两轴误差 ≤ 3° 且 两轴速度 < 6°/s；任一越界即重新计时）…
    [稳定等待] 已等   0.0s  e_big=-4.83° e_small=-0.98°  |ω_big|=0.46°/s |ω_small|=0.21°/s  连续 0.0/3s  ← 未满足 e_big超差
    [稳定等待] 已等   1.0s  e_big=-4.40° e_small=-0.79°  |ω_big|=0.41°/s |ω_small|=0.17°/s  连续 0.0/3s  ← 未满足 e_big超差
    [稳定等待] 已等   2.0s  e_big=-4.01° e_small=-0.64°  |ω_big|=0.36°/s |ω_small|=0.13°/s  连续 0.0/3s  ← 未满足 e_big超差
    [稳定等待] 已等   3.0s  e_big=-3.67° e_small=-0.52°  |ω_big|=0.32°/s |ω_small|=0.11°/s  连续 0.0/3s  ← 未满足 e_big超差
    [稳定等待] 已等   4.0s  e_big=-3.36° e_small=-0.43°  |ω_big|=0.29°/s |ω_small|=0.09°/s  连续 0.0/3s  ← 未满足 e_big超差
    [稳定等待] 已等   5.0s  e_big=-3.08° e_small=-0.34°  |ω_big|=0.26°/s |ω_small|=0.07°/s  连续 0.0/3s  ← 未满足 e_big超差
    [稳定等待] 已等   6.0s  e_big=-2.83° e_small=-0.28°  |ω_big|=0.24°/s |ω_small|=0.06°/s  连续 0.7/3s
    [稳定等待] 已等   7.0s  e_big=-2.60° e_small=-0.23°  |ω_big|=0.22°/s |ω_small|=0.05°/s  连续 1.7/3s
    [稳定等待] 已等   8.1s  e_big=-2.40° e_small=-0.19°  |ω_big|=0.20°/s |ω_small|=0.04°/s  连续 2.7/3s
  ✓ 已稳定（第二段用时 8.36s，两段合计 13.36s）
  采样 300 点 (3.00 s @100Hz)…
  保存: _tmp4x/train_c/sysid_small_20260919_135644_21.npz
        _tmp4x/train_c/sysid_small_20260919_135644_21.csv  (300 行)

=== 段 23 === driven=big 轴 / held=small 轴  温度=(30,30)℃
  参考来源: recording_1778341844.npz[15573:15873] 随机缩放=0.29
  driven 大 yaw: 中心=-3.873 rad 半幅=±0.462 rad(±26.5°)
  held   小 yaw: 目标=-0.043 rad (-2.4°)  [包络 -22°…+22°]
  到位(固定 5s): err_big=+0.63° err_small=-0.79°
  等待连续 3s 稳定（判据: 两轴误差 ≤ 3° 且 两轴速度 < 6°/s；任一越界即重新计时）…
    [稳定等待] 已等   0.0s  e_big=+0.63° e_small=-0.79°  |ω_big|=0.05°/s |ω_small|=0.17°/s  连续 0.0/3s
    [稳定等待] 已等   1.0s  e_big=+0.58° e_small=-0.64°  |ω_big|=0.05°/s |ω_small|=0.13°/s  连续 1.0/3s
    [稳定等待] 已等   2.0s  e_big=+0.53° e_small=-0.52°  |ω_big|=0.04°/s |ω_small|=0.11°/s  连续 2.0/3s
  ✓ 已稳定（第二段用时 3.00s，两段合计 8.00s）
  采样 300 点 (3.00 s @100Hz)…
  保存: _tmp4x/train_c/sysid_big_20260919_135700_22.npz
        _tmp4x/train_c/sysid_big_20260919_135700_22.csv  (300 行)

=== 段 24 === driven=small 轴 / held=big 轴  温度=(30,30)℃
  参考来源: recording_1778413386.npz[35051:35351] 随机缩放=0.95
  driven 小 yaw: 中心=-0.019 rad(-1.1°) 半幅=±0.260 rad(±14.9°)
    整条位于参考包络 [-22°, +22°] 内（硬限位 [-30°, +30°]，两侧各留 8° 跟踪余量; 中心 +0.0°）
  held   大 yaw: 目标=-6.135 rad（现有方位角 ±π 内随机）
  到位(固定 5s): err_big=-2.59° err_small=-0.30°
  等待连续 3s 稳定（判据: 两轴误差 ≤ 3° 且 两轴速度 < 6°/s；任一越界即重新计时）…
    [稳定等待] 已等   0.0s  e_big=-2.59° e_small=-0.30°  |ω_big|=0.22°/s |ω_small|=0.06°/s  连续 0.0/3s
    [稳定等待] 已等   1.0s  e_big=-2.38° e_small=-0.25°  |ω_big|=0.20°/s |ω_small|=0.05°/s  连续 1.0/3s
    [稳定等待] 已等   2.0s  e_big=-2.19° e_small=-0.20°  |ω_big|=0.18°/s |ω_small|=0.04°/s  连续 2.0/3s
  ✓ 已稳定（第二段用时 3.00s，两段合计 8.00s）
  采样 300 点 (3.00 s @100Hz)…
  保存: _tmp4x/train_c/sysid_small_20260919_135716_23.npz
        _tmp4x/train_c/sysid_small_20260919_135716_23.csv  (300 行)

=== 段 25 === driven=big 轴 / held=small 轴  温度=(30,30)℃
  参考来源: recording_1778322660.npz[1798:2098] 随机缩放=0.86
  driven 大 yaw: 中心=-5.677 rad 半幅=±0.407 rad(±23.3°)
  held   小 yaw: 目标=+0.180 rad (+10.3°)  [包络 -22°…+22°]
  到位(固定 5s): err_big=-1.27° err_small=+0.15°
  等待连续 3s 稳定（判据: 两轴误差 ≤ 3° 且 两轴速度 < 6°/s；任一越界即重新计时）…
    [稳定等待] 已等   0.0s  e_big=-1.27° e_small=+0.15°  |ω_big|=0.10°/s |ω_small|=0.03°/s  连续 0.0/3s
    [稳定等待] 已等   1.0s  e_big=-1.18° e_small=+0.12°  |ω_big|=0.09°/s |ω_small|=0.03°/s  连续 1.0/3s
    [稳定等待] 已等   2.0s  e_big=-1.08° e_small=+0.10°  |ω_big|=0.09°/s |ω_small|=0.02°/s  连续 2.0/3s
  ✓ 已稳定（第二段用时 3.00s，两段合计 8.00s）
  采样 300 点 (3.00 s @100Hz)…
  保存: _tmp4x/train_c/sysid_big_20260919_135732_24.npz
        _tmp4x/train_c/sysid_big_20260919_135732_24.csv  (300 行)

=== 段 26 === driven=small 轴 / held=big 轴  温度=(30,30)℃
  参考来源: recording_1778341012.npz[21348:21648] 随机缩放=0.19
  driven 小 yaw: 中心=+0.130 rad(+7.5°) 半幅=±0.323 rad(±18.5°)
    整条位于参考包络 [-22°, +22°] 内（硬限位 [-30°, +30°]，两侧各留 8° 跟踪余量; 中心 +0.0°）
  held   大 yaw: 目标=-6.511 rad（现有方位角 ±π 内随机）
  到位(固定 5s): err_big=+2.64° err_small=+0.73°
  等待连续 3s 稳定（判据: 两轴误差 ≤ 3° 且 两轴速度 < 6°/s；任一越界即重新计时）…
    [稳定等待] 已等   0.0s  e_big=+2.64° e_small=+0.73°  |ω_big|=0.22°/s |ω_small|=0.15°/s  连续 0.0/3s
    [稳定等待] 已等   1.0s  e_big=+2.43° e_small=+0.59°  |ω_big|=0.20°/s |ω_small|=0.12°/s  连续 1.0/3s
    [稳定等待] 已等   2.0s  e_big=+2.24° e_small=+0.48°  |ω_big|=0.18°/s |ω_small|=0.10°/s  连续 2.0/3s
  ✓ 已稳定（第二段用时 3.00s，两段合计 8.00s）
  采样 300 点 (3.00 s @100Hz)…
  保存: _tmp4x/train_c/sysid_small_20260919_135748_25.npz
        _tmp4x/train_c/sysid_small_20260919_135748_25.csv  (300 行)

=== 段 27 === driven=big 轴 / held=small 轴  温度=(30,30)℃
  参考来源: recording_1778341012.npz[41582:41882] 随机缩放=0.45
  driven 大 yaw: 中心=-6.184 rad 半幅=±0.384 rad(±22.0°)
  held   小 yaw: 目标=-0.071 rad (-4.1°)  [包络 -22°…+22°]
  到位(固定 5s): err_big=-1.75° err_small=+0.12°
  等待连续 3s 稳定（判据: 两轴误差 ≤ 3° 且 两轴速度 < 6°/s；任一越界即重新计时）…
    [稳定等待] 已等   0.0s  e_big=-1.75° e_small=+0.13°  |ω_big|=0.14°/s |ω_small|=0.03°/s  连续 0.0/3s
    [稳定等待] 已等   1.0s  e_big=-1.61° e_small=+0.10°  |ω_big|=0.13°/s |ω_small|=0.02°/s  连续 1.0/3s
    [稳定等待] 已等   2.0s  e_big=-1.48° e_small=+0.08°  |ω_big|=0.12°/s |ω_small|=0.02°/s  连续 2.0/3s
  ✓ 已稳定（第二段用时 3.00s，两段合计 8.00s）
  采样 300 点 (3.00 s @100Hz)…
  保存: _tmp4x/train_c/sysid_big_20260919_135804_26.npz
        _tmp4x/train_c/sysid_big_20260919_135804_26.csv  (300 行)

=== 段 28 === driven=small 轴 / held=big 轴  温度=(30,30)℃
  参考来源: recording_1778341521.npz[815:1115] 随机缩放=0.05
  driven 小 yaw: 中心=+0.069 rad(+4.0°) 半幅=±0.240 rad(±13.7°)
    整条位于参考包络 [-22°, +22°] 内（硬限位 [-30°, +30°]，两侧各留 8° 跟踪余量; 中心 +0.0°）
  held   大 yaw: 目标=-8.260 rad（现有方位角 ±π 内随机）
  到位(固定 5s): err_big=-3.06° err_small=-0.40°
  等待连续 3s 稳定（判据: 两轴误差 ≤ 3° 且 两轴速度 < 6°/s；任一越界即重新计时）…
    [稳定等待] 已等   0.0s  e_big=-3.06° e_small=-0.39°  |ω_big|=0.26°/s |ω_small|=0.08°/s  连续 0.0/3s  ← 未满足 e_big超差
    [稳定等待] 已等   1.0s  e_big=-2.81° e_small=-0.32°  |ω_big|=0.24°/s |ω_small|=0.07°/s  连续 0.8/3s
    [稳定等待] 已等   2.0s  e_big=-2.59° e_small=-0.26°  |ω_big|=0.22°/s |ω_small|=0.05°/s  连续 1.8/3s
    [稳定等待] 已等   3.0s  e_big=-2.38° e_small=-0.21°  |ω_big|=0.20°/s |ω_small|=0.05°/s  连续 2.8/3s
  ✓ 已稳定（第二段用时 3.24s，两段合计 8.24s）
  采样 300 点 (3.00 s @100Hz)…
  保存: _tmp4x/train_c/sysid_small_20260919_135821_27.npz
        _tmp4x/train_c/sysid_small_20260919_135821_27.csv  (300 行)

=== 段 29 === driven=big 轴 / held=small 轴  温度=(30,30)℃
  参考来源: recording_1778322622.npz[1682:1982] 随机缩放=0.82
  driven 大 yaw: 中心=-8.454 rad 半幅=±0.557 rad(±31.9°)
  held   小 yaw: 目标=-0.140 rad (-8.0°)  [包络 -22°…+22°]
  到位(固定 5s): err_big=-3.54° err_small=-0.40°
  等待连续 3s 稳定（判据: 两轴误差 ≤ 3° 且 两轴速度 < 6°/s；任一越界即重新计时）…
    [稳定等待] 已等   0.0s  e_big=-3.54° e_small=-0.40°  |ω_big|=0.31°/s |ω_small|=0.08°/s  连续 0.0/3s  ← 未满足 e_big超差
    [稳定等待] 已等   1.0s  e_big=-3.25° e_small=-0.33°  |ω_big|=0.28°/s |ω_small|=0.07°/s  连续 0.0/3s  ← 未满足 e_big超差
    [稳定等待] 已等   2.0s  e_big=-2.99° e_small=-0.27°  |ω_big|=0.25°/s |ω_small|=0.05°/s  连续 0.1/3s
    [稳定等待] 已等   3.0s  e_big=-2.74° e_small=-0.22°  |ω_big|=0.23°/s |ω_small|=0.04°/s  连续 1.1/3s
    [稳定等待] 已等   4.0s  e_big=-2.52° e_small=-0.18°  |ω_big|=0.21°/s |ω_small|=0.04°/s  连续 2.1/3s
  ✓ 已稳定（第二段用时 4.95s，两段合计 9.95s）
  采样 300 点 (3.00 s @100Hz)…
  保存: _tmp4x/train_c/sysid_big_20260919_135838_28.npz
        _tmp4x/train_c/sysid_big_20260919_135838_28.csv  (300 行)

=== 段 30 === driven=small 轴 / held=big 轴  温度=(30,30)℃
  参考来源: recording_1778327131.npz[2170:2470] 随机缩放=0.22
  driven 小 yaw: 中心=+0.012 rad(+0.7°) 半幅=±0.257 rad(±14.7°)
    整条位于参考包络 [-22°, +22°] 内（硬限位 [-30°, +30°]，两侧各留 8° 跟踪余量; 中心 +0.0°）
  held   大 yaw: 目标=-10.891 rad（现有方位角 ±π 内随机）
  到位(固定 5s): err_big=-4.44° err_small=-0.84°
  等待连续 3s 稳定（判据: 两轴误差 ≤ 3° 且 两轴速度 < 6°/s；任一越界即重新计时）…
    [稳定等待] 已等   0.0s  e_big=-4.44° e_small=-0.84°  |ω_big|=0.41°/s |ω_small|=0.18°/s  连续 0.0/3s  ← 未满足 e_big超差
    [稳定等待] 已等   1.0s  e_big=-4.05° e_small=-0.68°  |ω_big|=0.36°/s |ω_small|=0.14°/s  连续 0.0/3s  ← 未满足 e_big超差
    [稳定等待] 已等   2.0s  e_big=-3.71° e_small=-0.55°  |ω_big|=0.33°/s |ω_small|=0.11°/s  连续 0.0/3s  ← 未满足 e_big超差
    [稳定等待] 已等   3.0s  e_big=-3.39° e_small=-0.45°  |ω_big|=0.29°/s |ω_small|=0.09°/s  连续 0.0/3s  ← 未满足 e_big超差
    [稳定等待] 已等   4.0s  e_big=-3.11° e_small=-0.37°  |ω_big|=0.27°/s |ω_small|=0.08°/s  连续 0.0/3s  ← 未满足 e_big超差
    [稳定等待] 已等   5.0s  e_big=-2.86° e_small=-0.30°  |ω_big|=0.24°/s |ω_small|=0.06°/s  连续 0.6/3s
    [稳定等待] 已等   6.1s  e_big=-2.63° e_small=-0.24°  |ω_big|=0.22°/s |ω_small|=0.05°/s  连续 1.6/3s
    [稳定等待] 已等   7.1s  e_big=-2.42° e_small=-0.20°  |ω_big|=0.20°/s |ω_small|=0.04°/s  连续 2.6/3s
  ✓ 已稳定（第二段用时 7.48s，两段合计 12.48s）
  采样 300 点 (3.00 s @100Hz)…
  保存: _tmp4x/train_c/sysid_small_20260919_135857_29.npz
        _tmp4x/train_c/sysid_small_20260919_135857_29.csv  (300 行)

=== 段 31 === driven=big 轴 / held=small 轴  温度=(30,30)℃
  参考来源: recording_1778341844.npz[21883:22183] 随机缩放=0.76
  driven 大 yaw: 中心=-11.259 rad 半幅=±0.733 rad(±42.0°)
  held   小 yaw: 目标=+0.186 rad (+10.7°)  [包络 -22°…+22°]
  到位(固定 5s): err_big=+3.80° err_small=+0.94°
  等待连续 3s 稳定（判据: 两轴误差 ≤ 3° 且 两轴速度 < 6°/s；任一越界即重新计时）…
    [稳定等待] 已等   0.0s  e_big=+3.80° e_small=+0.94°  |ω_big|=0.34°/s |ω_small|=0.20°/s  连续 0.0/3s  ← 未满足 e_big超差
    [稳定等待] 已等   1.0s  e_big=+3.47° e_small=+0.76°  |ω_big|=0.30°/s |ω_small|=0.16°/s  连续 0.0/3s  ← 未满足 e_big超差
    [稳定等待] 已等   2.0s  e_big=+3.19° e_small=+0.62°  |ω_big|=0.27°/s |ω_small|=0.13°/s  连续 0.0/3s  ← 未满足 e_big超差
    [稳定等待] 已等   3.0s  e_big=+2.93° e_small=+0.50°  |ω_big|=0.25°/s |ω_small|=0.10°/s  连续 0.3/3s
    [稳定等待] 已等   4.0s  e_big=+2.69° e_small=+0.41°  |ω_big|=0.22°/s |ω_small|=0.08°/s  连续 1.3/3s
    [稳定等待] 已等   5.0s  e_big=+2.47° e_small=+0.33°  |ω_big|=0.21°/s |ω_small|=0.07°/s  连续 2.3/3s
  ✓ 已稳定（第二段用时 5.73s，两段合计 10.73s）
  采样 300 点 (3.00 s @100Hz)…
  保存: _tmp4x/train_c/sysid_big_20260919_135915_30.npz
        _tmp4x/train_c/sysid_big_20260919_135915_30.csv  (300 行)

=== 段 32 === driven=small 轴 / held=big 轴  温度=(30,30)℃
  参考来源: recording_1778341012.npz[8293:8593] 随机缩放=0.22
  driven 小 yaw: 中心=-0.010 rad(-0.6°) 半幅=±0.215 rad(±12.3°)
    整条位于参考包络 [-22°, +22°] 内（硬限位 [-30°, +30°]，两侧各留 8° 跟踪余量; 中心 +0.0°）
  held   大 yaw: 目标=-9.931 rad（现有方位角 ±π 内随机）
  到位(固定 5s): err_big=-3.98° err_small=-0.97°
  等待连续 3s 稳定（判据: 两轴误差 ≤ 3° 且 两轴速度 < 6°/s；任一越界即重新计时）…
    [稳定等待] 已等   0.0s  e_big=-3.98° e_small=-0.97°  |ω_big|=0.36°/s |ω_small|=0.21°/s  连续 0.0/3s  ← 未满足 e_big超差
    [稳定等待] 已等   1.0s  e_big=-3.64° e_small=-0.79°  |ω_big|=0.32°/s |ω_small|=0.16°/s  连续 0.0/3s  ← 未满足 e_big超差
    [稳定等待] 已等   2.0s  e_big=-3.34° e_small=-0.64°  |ω_big|=0.29°/s |ω_small|=0.13°/s  连续 0.0/3s  ← 未满足 e_big超差
    [稳定等待] 已等   3.0s  e_big=-3.07° e_small=-0.52°  |ω_big|=0.26°/s |ω_small|=0.11°/s  连续 0.0/3s  ← 未满足 e_big超差
    [稳定等待] 已等   4.0s  e_big=-2.81° e_small=-0.42°  |ω_big|=0.24°/s |ω_small|=0.08°/s  连续 0.8/3s
    [稳定等待] 已等   5.0s  e_big=-2.59° e_small=-0.35°  |ω_big|=0.22°/s |ω_small|=0.07°/s  连续 1.8/3s
    [稳定等待] 已等   6.0s  e_big=-2.38° e_small=-0.28°  |ω_big|=0.20°/s |ω_small|=0.06°/s  连续 2.8/3s
  ✓ 已稳定（第二段用时 6.26s，两段合计 11.26s）
  采样 300 点 (3.00 s @100Hz)…
  保存: _tmp4x/train_c/sysid_small_20260919_135934_31.npz
        _tmp4x/train_c/sysid_small_20260919_135934_31.csv  (300 行)

=== 段 33 === driven=big 轴 / held=small 轴  温度=(30,30)℃
  参考来源: recording_1778413386.npz[45612:45912] 随机缩放=0.50
  driven 大 yaw: 中心=-9.460 rad 半幅=±0.563 rad(±32.3°)
  held   小 yaw: 目标=+0.095 rad (+5.5°)  [包络 -22°…+22°]
  到位(固定 5s): err_big=-1.48° err_small=+0.62°
  等待连续 3s 稳定（判据: 两轴误差 ≤ 3° 且 两轴速度 < 6°/s；任一越界即重新计时）…
    [稳定等待] 已等   0.0s  e_big=-1.48° e_small=+0.62°  |ω_big|=0.12°/s |ω_small|=0.13°/s  连续 0.0/3s
    [稳定等待] 已等   1.0s  e_big=-1.36° e_small=+0.51°  |ω_big|=0.11°/s |ω_small|=0.10°/s  连续 1.0/3s
    [稳定等待] 已等   2.0s  e_big=-1.26° e_small=+0.41°  |ω_big|=0.10°/s |ω_small|=0.08°/s  连续 2.0/3s
  ✓ 已稳定（第二段用时 3.00s，两段合计 8.00s）
  采样 300 点 (3.00 s @100Hz)…
  保存: _tmp4x/train_c/sysid_big_20260919_135950_32.npz
        _tmp4x/train_c/sysid_big_20260919_135950_32.csv  (300 行)

=== 段 34 === driven=small 轴 / held=big 轴  温度=(30,30)℃
  参考来源: recording_1778322622.npz[2828:3128] 随机缩放=0.29
  driven 小 yaw: 中心=+0.133 rad(+7.6°) 半幅=±0.303 rad(±17.3°)
    整条位于参考包络 [-22°, +22°] 内（硬限位 [-30°, +30°]，两侧各留 8° 跟踪余量; 中心 +0.0°）
  held   大 yaw: 目标=-12.182 rad（现有方位角 ±π 内随机）
  到位(固定 5s): err_big=-5.06° err_small=-1.18°
  等待连续 3s 稳定（判据: 两轴误差 ≤ 3° 且 两轴速度 < 6°/s；任一越界即重新计时）…
    [稳定等待] 已等   0.0s  e_big=-5.06° e_small=-1.18°  |ω_big|=0.50°/s |ω_small|=0.26°/s  连续 0.0/3s  ← 未满足 e_big超差
    [稳定等待] 已等   1.0s  e_big=-4.60° e_small=-0.95°  |ω_big|=0.43°/s |ω_small|=0.20°/s  连续 0.0/3s  ← 未满足 e_big超差
    [稳定等待] 已等   2.0s  e_big=-4.19° e_small=-0.77°  |ω_big|=0.38°/s |ω_small|=0.16°/s  连续 0.0/3s  ← 未满足 e_big超差
    [稳定等待] 已等   3.0s  e_big=-3.83° e_small=-0.62°  |ω_big|=0.34°/s |ω_small|=0.13°/s  连续 0.0/3s  ← 未满足 e_big超差
    [稳定等待] 已等   4.0s  e_big=-3.51° e_small=-0.51°  |ω_big|=0.30°/s |ω_small|=0.10°/s  连续 0.0/3s  ← 未满足 e_big超差
    [稳定等待] 已等   5.0s  e_big=-3.21° e_small=-0.41°  |ω_big|=0.27°/s |ω_small|=0.08°/s  连续 0.0/3s  ← 未满足 e_big超差
    [稳定等待] 已等   6.0s  e_big=-2.95° e_small=-0.34°  |ω_big|=0.25°/s |ω_small|=0.07°/s  连续 0.2/3s
    [稳定等待] 已等   7.0s  e_big=-2.71° e_small=-0.28°  |ω_big|=0.23°/s |ω_small|=0.05°/s  连续 1.2/3s
    [稳定等待] 已等   8.0s  e_big=-2.49° e_small=-0.22°  |ω_big|=0.21°/s |ω_small|=0.05°/s  连续 2.2/3s
  ✓ 已稳定（第二段用时 8.84s，两段合计 13.84s）
  采样 300 点 (3.00 s @100Hz)…
  保存: _tmp4x/train_c/sysid_small_20260919_140011_33.npz
        _tmp4x/train_c/sysid_small_20260919_140011_33.csv  (300 行)

=== 段 35 === driven=big 轴 / held=small 轴  温度=(30,30)℃
  参考来源: recording_1778341012.npz[26933:27233] 随机缩放=0.60
  driven 大 yaw: 中心=-11.821 rad 半幅=±0.707 rad(±40.5°)
  held   小 yaw: 目标=-0.035 rad (-2.0°)  [包络 -22°…+22°]
  到位(固定 5s): err_big=-0.54° err_small=-0.24°
  等待连续 3s 稳定（判据: 两轴误差 ≤ 3° 且 两轴速度 < 6°/s；任一越界即重新计时）…
    [稳定等待] 已等   0.0s  e_big=-0.54° e_small=-0.24°  |ω_big|=0.04°/s |ω_small|=0.05°/s  连续 0.0/3s
    [稳定等待] 已等   1.0s  e_big=-0.50° e_small=-0.20°  |ω_big|=0.04°/s |ω_small|=0.04°/s  连续 1.0/3s
    [稳定等待] 已等   2.0s  e_big=-0.46° e_small=-0.16°  |ω_big|=0.04°/s |ω_small|=0.03°/s  连续 2.0/3s
  ✓ 已稳定（第二段用时 3.00s，两段合计 8.00s）
  采样 300 点 (3.00 s @100Hz)…
  保存: _tmp4x/train_c/sysid_big_20260919_140027_34.npz
        _tmp4x/train_c/sysid_big_20260919_140027_34.csv  (300 行)

=== 段 36 === driven=small 轴 / held=big 轴  温度=(30,30)℃
  参考来源: recording_1778414251.npz[6275:6575] 随机缩放=0.23
  driven 小 yaw: 中心=-0.088 rad(-5.0°) 半幅=±0.284 rad(±16.3°)
    整条位于参考包络 [-22°, +22°] 内（硬限位 [-30°, +30°]，两侧各留 8° 跟踪余量; 中心 +0.0°）
  held   大 yaw: 目标=-10.808 rad（现有方位角 ±π 内随机）
  到位(固定 5s): err_big=-3.92° err_small=-0.96°
  等待连续 3s 稳定（判据: 两轴误差 ≤ 3° 且 两轴速度 < 6°/s；任一越界即重新计时）…
    [稳定等待] 已等   0.0s  e_big=-3.92° e_small=-0.96°  |ω_big|=0.35°/s |ω_small|=0.20°/s  连续 0.0/3s  ← 未满足 e_big超差
    [稳定等待] 已等   1.0s  e_big=-3.59° e_small=-0.78°  |ω_big|=0.31°/s |ω_small|=0.16°/s  连续 0.0/3s  ← 未满足 e_big超差
    [稳定等待] 已等   2.0s  e_big=-3.29° e_small=-0.63°  |ω_big|=0.28°/s |ω_small|=0.13°/s  连续 0.0/3s  ← 未满足 e_big超差
    [稳定等待] 已等   3.0s  e_big=-3.02° e_small=-0.52°  |ω_big|=0.26°/s |ω_small|=0.11°/s  连续 0.0/3s  ← 未满足 e_big超差
    [稳定等待] 已等   4.0s  e_big=-2.77° e_small=-0.42°  |ω_big|=0.23°/s |ω_small|=0.09°/s  连续 0.9/3s
    [稳定等待] 已等   5.0s  e_big=-2.55° e_small=-0.34°  |ω_big|=0.21°/s |ω_small|=0.07°/s  连续 1.9/3s
    [稳定等待] 已等   6.0s  e_big=-2.35° e_small=-0.28°  |ω_big|=0.19°/s |ω_small|=0.06°/s  连续 3.0/3s
  ✓ 已稳定（第二段用时 6.09s，两段合计 11.09s）
  采样 300 点 (3.00 s @100Hz)…
  保存: _tmp4x/train_c/sysid_small_20260919_140046_35.npz
        _tmp4x/train_c/sysid_small_20260919_140046_35.csv  (300 行)

=== 段 37 === driven=big 轴 / held=small 轴  温度=(30,30)℃
  参考来源: recording_1778322622.npz[1694:1994] 随机缩放=0.81
  driven 大 yaw: 中心=-10.963 rad 半幅=±0.649 rad(±37.2°)
  held   小 yaw: 目标=-0.057 rad (-3.3°)  [包络 -22°…+22°]
  到位(固定 5s): err_big=+2.20° err_small=-0.73°
  等待连续 3s 稳定（判据: 两轴误差 ≤ 3° 且 两轴速度 < 6°/s；任一越界即重新计时）…
    [稳定等待] 已等   0.0s  e_big=+2.20° e_small=-0.73°  |ω_big|=0.18°/s |ω_small|=0.16°/s  连续 0.0/3s
    [稳定等待] 已等   1.0s  e_big=+2.03° e_small=-0.59°  |ω_big|=0.17°/s |ω_small|=0.12°/s  连续 1.0/3s
    [稳定等待] 已等   2.0s  e_big=+1.87° e_small=-0.48°  |ω_big|=0.15°/s |ω_small|=0.10°/s  连续 2.0/3s
  ✓ 已稳定（第二段用时 3.00s，两段合计 8.00s）
  采样 300 点 (3.00 s @100Hz)…
  保存: _tmp4x/train_c/sysid_big_20260919_140103_36.npz
        _tmp4x/train_c/sysid_big_20260919_140103_36.csv  (300 行)

=== 段 38 === driven=small 轴 / held=big 轴  温度=(30,30)℃
  参考来源: recording_1778413386.npz[46250:46550] 随机缩放=0.48
  driven 小 yaw: 中心=-0.010 rad(-0.6°) 半幅=±0.140 rad(±8.0°)
    整条位于参考包络 [-22°, +22°] 内（硬限位 [-30°, +30°]，两侧各留 8° 跟踪余量; 中心 +0.0°）
  held   大 yaw: 目标=-9.903 rad（现有方位角 ±π 内随机）
  到位(固定 5s): err_big=-1.77° err_small=-0.55°
  等待连续 3s 稳定（判据: 两轴误差 ≤ 3° 且 两轴速度 < 6°/s；任一越界即重新计时）…
    [稳定等待] 已等   0.0s  e_big=-1.77° e_small=-0.55°  |ω_big|=0.14°/s |ω_small|=0.11°/s  连续 0.0/3s
    [稳定等待] 已等   1.0s  e_big=-1.63° e_small=-0.45°  |ω_big|=0.13°/s |ω_small|=0.10°/s  连续 1.0/3s
    [稳定等待] 已等   2.0s  e_big=-1.51° e_small=-0.37°  |ω_big|=0.12°/s |ω_small|=0.08°/s  连续 2.0/3s
  ✓ 已稳定（第二段用时 3.00s，两段合计 8.00s）
  采样 300 点 (3.00 s @100Hz)…
  保存: _tmp4x/train_c/sysid_small_20260919_140119_37.npz
        _tmp4x/train_c/sysid_small_20260919_140119_37.csv  (300 行)

=== 段 39 === driven=big 轴 / held=small 轴  温度=(30,30)℃
  参考来源: recording_1778341844.npz[8495:8795] 随机缩放=0.29
  driven 大 yaw: 中心=-9.511 rad 半幅=±0.480 rad(±27.5°)
  held   小 yaw: 目标=+0.255 rad (+14.6°)  [包络 -22°…+22°]
  到位(固定 5s): err_big=-2.93° err_small=-0.78°
  等待连续 3s 稳定（判据: 两轴误差 ≤ 3° 且 两轴速度 < 6°/s；任一越界即重新计时）…
    [稳定等待] 已等   0.0s  e_big=-2.93° e_small=-0.78°  |ω_big|=0.25°/s |ω_small|=0.16°/s  连续 0.0/3s
    [稳定等待] 已等   1.0s  e_big=-2.70° e_small=-0.64°  |ω_big|=0.23°/s |ω_small|=0.13°/s  连续 1.0/3s
    [稳定等待] 已等   2.0s  e_big=-2.48° e_small=-0.51°  |ω_big|=0.21°/s |ω_small|=0.10°/s  连续 2.0/3s
  ✓ 已稳定（第二段用时 3.00s，两段合计 8.00s）
  采样 300 点 (3.00 s @100Hz)…
  保存: _tmp4x/train_c/sysid_big_20260919_140134_38.npz
        _tmp4x/train_c/sysid_big_20260919_140134_38.csv  (300 行)

=== 段 40 === driven=small 轴 / held=big 轴  温度=(30,30)℃
  参考来源: recording_1778328241.npz[12602:12902] 随机缩放=0.51
  driven 小 yaw: 中心=+0.152 rad(+8.7°) 半幅=±0.309 rad(±17.7°)
    整条位于参考包络 [-22°, +22°] 内（硬限位 [-30°, +30°]，两侧各留 8° 跟踪余量; 中心 +0.0°）
  held   大 yaw: 目标=-9.279 rad（现有方位角 ±π 内随机）
  到位(固定 5s): err_big=-4.54° err_small=-0.93°
  等待连续 3s 稳定（判据: 两轴误差 ≤ 3° 且 两轴速度 < 6°/s；任一越界即重新计时）…
    [稳定等待] 已等   0.0s  e_big=-4.54° e_small=-0.93°  |ω_big|=0.42°/s |ω_small|=0.19°/s  连续 0.0/3s  ← 未满足 e_big超差
    [稳定等待] 已等   1.0s  e_big=-4.14° e_small=-0.75°  |ω_big|=0.38°/s |ω_small|=0.16°/s  连续 0.0/3s  ← 未满足 e_big超差
    [稳定等待] 已等   2.0s  e_big=-3.79° e_small=-0.61°  |ω_big|=0.33°/s |ω_small|=0.12°/s  连续 0.0/3s  ← 未满足 e_big超差
    [稳定等待] 已等   3.0s  e_big=-3.47° e_small=-0.50°  |ω_big|=0.30°/s |ω_small|=0.10°/s  连续 0.0/3s  ← 未满足 e_big超差
    [稳定等待] 已等   4.0s  e_big=-3.18° e_small=-0.40°  |ω_big|=0.27°/s |ω_small|=0.09°/s  连续 0.0/3s  ← 未满足 e_big超差
    [稳定等待] 已等   5.0s  e_big=-2.92° e_small=-0.33°  |ω_big|=0.25°/s |ω_small|=0.07°/s  连续 0.3/3s
    [稳定等待] 已等   6.0s  e_big=-2.69° e_small=-0.27°  |ω_big|=0.22°/s |ω_small|=0.06°/s  连续 1.3/3s
    [稳定等待] 已等   7.0s  e_big=-2.47° e_small=-0.22°  |ω_big|=0.20°/s |ω_small|=0.04°/s  连续 2.3/3s
  ✓ 已稳定（第二段用时 7.71s，两段合计 12.71s）
  采样 300 点 (3.00 s @100Hz)…
  保存: _tmp4x/train_c/sysid_small_20260919_140155_39.npz
        _tmp4x/train_c/sysid_small_20260919_140155_39.csv  (300 行)

=== 段 41 === driven=big 轴 / held=small 轴  温度=(30,30)℃
  参考来源: recording_1778322622.npz[17:317] 随机缩放=0.75
  driven 大 yaw: 中心=-9.743 rad 半幅=±0.684 rad(±39.2°)
  held   小 yaw: 目标=+0.264 rad (+15.1°)  [包络 -22°…+22°]
  到位(固定 5s): err_big=-1.02° err_small=-0.37°
  等待连续 3s 稳定（判据: 两轴误差 ≤ 3° 且 两轴速度 < 6°/s；任一越界即重新计时）…
    [稳定等待] 已等   0.0s  e_big=-1.02° e_small=-0.37°  |ω_big|=0.08°/s |ω_small|=0.08°/s  连续 0.0/3s
    [稳定等待] 已等   1.0s  e_big=-0.94° e_small=-0.30°  |ω_big|=0.08°/s |ω_small|=0.06°/s  连续 1.0/3s
    [稳定等待] 已等   2.0s  e_big=-0.87° e_small=-0.25°  |ω_big|=0.07°/s |ω_small|=0.05°/s  连续 2.0/3s
  ✓ 已稳定（第二段用时 3.00s，两段合计 8.00s）
  采样 300 点 (3.00 s @100Hz)…
  保存: _tmp4x/train_c/sysid_big_20260919_140211_40.npz
        _tmp4x/train_c/sysid_big_20260919_140211_40.csv  (300 行)

=== 段 42 === driven=small 轴 / held=big 轴  温度=(30,30)℃
  参考来源: recording_1778414251.npz[3956:4256] 随机缩放=2.19
  driven 小 yaw: 中心=-0.062 rad(-3.6°) 半幅=±0.303 rad(±17.4°)
    整条位于参考包络 [-22°, +22°] 内（硬限位 [-30°, +30°]，两侧各留 8° 跟踪余量; 中心 +0.0°）
  held   大 yaw: 目标=-8.081 rad（现有方位角 ±π 内随机）
  到位(固定 5s): err_big=-1.48° err_small=-0.51°
  等待连续 3s 稳定（判据: 两轴误差 ≤ 3° 且 两轴速度 < 6°/s；任一越界即重新计时）…
    [稳定等待] 已等   0.0s  e_big=-1.48° e_small=-0.51°  |ω_big|=0.12°/s |ω_small|=0.10°/s  连续 0.0/3s
    [稳定等待] 已等   1.0s  e_big=-1.36° e_small=-0.41°  |ω_big|=0.11°/s |ω_small|=0.09°/s  连续 1.0/3s
    [稳定等待] 已等   2.0s  e_big=-1.26° e_small=-0.34°  |ω_big|=0.10°/s |ω_small|=0.07°/s  连续 2.0/3s
  ✓ 已稳定（第二段用时 3.00s，两段合计 8.00s）
  采样 300 点 (3.00 s @100Hz)…
  保存: _tmp4x/train_c/sysid_small_20260919_140227_41.npz
        _tmp4x/train_c/sysid_small_20260919_140227_41.csv  (300 行)

=== 段 43 === driven=big 轴 / held=small 轴  温度=(30,30)℃
  参考来源: recording_1778330157.npz[4046:4346] 随机缩放=0.47
  driven 大 yaw: 中心=-7.777 rad 半幅=±0.751 rad(±43.0°)
  held   小 yaw: 目标=+0.246 rad (+14.1°)  [包络 -22°…+22°]
  到位(固定 5s): err_big=-1.88° err_small=-0.05°
  等待连续 3s 稳定（判据: 两轴误差 ≤ 3° 且 两轴速度 < 6°/s；任一越界即重新计时）…
    [稳定等待] 已等   0.0s  e_big=-1.88° e_small=-0.05°  |ω_big|=0.15°/s |ω_small|=0.01°/s  连续 0.0/3s
    [稳定等待] 已等   1.0s  e_big=-1.73° e_small=-0.04°  |ω_big|=0.14°/s |ω_small|=0.01°/s  连续 1.0/3s
    [稳定等待] 已等   2.0s  e_big=-1.60° e_small=-0.03°  |ω_big|=0.13°/s |ω_small|=0.01°/s  连续 2.0/3s
  ✓ 已稳定（第二段用时 3.00s，两段合计 8.00s）
  采样 300 点 (3.00 s @100Hz)…
  保存: _tmp4x/train_c/sysid_big_20260919_140242_42.npz
        _tmp4x/train_c/sysid_big_20260919_140242_42.csv  (300 行)

=== 段 44 === driven=small 轴 / held=big 轴  温度=(30,30)℃
  参考来源: recording_1778341012.npz[35323:35623] 随机缩放=0.19
  driven 小 yaw: 中心=-0.040 rad(-2.3°) 半幅=±0.202 rad(±11.6°)
    整条位于参考包络 [-22°, +22°] 内（硬限位 [-30°, +30°]，两侧各留 8° 跟踪余量; 中心 +0.0°）
  held   大 yaw: 目标=-7.709 rad（现有方位角 ±π 内随机）
  到位(固定 5s): err_big=-3.64° err_small=-0.91°
  等待连续 3s 稳定（判据: 两轴误差 ≤ 3° 且 两轴速度 < 6°/s；任一越界即重新计时）…
    [稳定等待] 已等   0.0s  e_big=-3.64° e_small=-0.91°  |ω_big|=0.32°/s |ω_small|=0.19°/s  连续 0.0/3s  ← 未满足 e_big超差
    [稳定等待] 已等   1.0s  e_big=-3.34° e_small=-0.74°  |ω_big|=0.29°/s |ω_small|=0.16°/s  连续 0.0/3s  ← 未满足 e_big超差
    [稳定等待] 已等   2.0s  e_big=-3.06° e_small=-0.60°  |ω_big|=0.26°/s |ω_small|=0.12°/s  连续 0.0/3s  ← 未满足 e_big超差
    [稳定等待] 已等   3.0s  e_big=-2.81° e_small=-0.49°  |ω_big|=0.24°/s |ω_small|=0.10°/s  连续 0.8/3s
    [稳定等待] 已等   4.0s  e_big=-2.59° e_small=-0.40°  |ω_big|=0.22°/s |ω_small|=0.08°/s  连续 1.8/3s
    [稳定等待] 已等   5.0s  e_big=-2.38° e_small=-0.32°  |ω_big|=0.20°/s |ω_small|=0.07°/s  连续 2.8/3s
  ✓ 已稳定（第二段用时 5.26s，两段合计 10.26s）
  采样 300 点 (3.00 s @100Hz)…
  保存: _tmp4x/train_c/sysid_small_20260919_140300_43.npz
        _tmp4x/train_c/sysid_small_20260919_140300_43.csv  (300 行)

=== 段 45 === driven=big 轴 / held=small 轴  温度=(30,30)℃
  参考来源: recording_1778341012.npz[20448:20748] 随机缩放=1.39
  driven 大 yaw: 中心=-7.807 rad 半幅=±0.902 rad(±51.7°)
  held   小 yaw: 目标=-0.254 rad (-14.5°)  [包络 -22°…+22°]
  到位(固定 5s): err_big=+2.11° err_small=+0.21°
  等待连续 3s 稳定（判据: 两轴误差 ≤ 3° 且 两轴速度 < 6°/s；任一越界即重新计时）…
    [稳定等待] 已等   0.0s  e_big=+2.11° e_small=+0.22°  |ω_big|=0.17°/s |ω_small|=0.04°/s  连续 0.0/3s
    [稳定等待] 已等   1.0s  e_big=+1.95° e_small=+0.18°  |ω_big|=0.16°/s |ω_small|=0.04°/s  连续 1.0/3s
    [稳定等待] 已等   2.0s  e_big=+1.79° e_small=+0.14°  |ω_big|=0.15°/s |ω_small|=0.03°/s  连续 2.0/3s
  ✓ 已稳定（第二段用时 3.00s，两段合计 8.00s）
  采样 300 点 (3.00 s @100Hz)…
  保存: _tmp4x/train_c/sysid_big_20260919_140315_44.npz
        _tmp4x/train_c/sysid_big_20260919_140315_44.csv  (300 行)

=== 段 46 === driven=small 轴 / held=big 轴  温度=(30,30)℃
  参考来源: recording_1778322622.npz[668:968] 随机缩放=0.41
  driven 小 yaw: 中心=-0.036 rad(-2.1°) 半幅=±0.296 rad(±17.0°)
    整条位于参考包络 [-22°, +22°] 内（硬限位 [-30°, +30°]，两侧各留 8° 跟踪余量; 中心 +0.0°）
  held   大 yaw: 目标=-10.646 rad（现有方位角 ±π 内随机）
  到位(固定 5s): err_big=-5.04° err_small=-1.08°
  等待连续 3s 稳定（判据: 两轴误差 ≤ 3° 且 两轴速度 < 6°/s；任一越界即重新计时）…
    [稳定等待] 已等   0.0s  e_big=-5.04° e_small=-1.08°  |ω_big|=0.50°/s |ω_small|=0.23°/s  连续 0.0/3s  ← 未满足 e_big超差
    [稳定等待] 已等   1.0s  e_big=-4.58° e_small=-0.87°  |ω_big|=0.43°/s |ω_small|=0.18°/s  连续 0.0/3s  ← 未满足 e_big超差
    [稳定等待] 已等   2.0s  e_big=-4.17° e_small=-0.70°  |ω_big|=0.38°/s |ω_small|=0.15°/s  连续 0.0/3s  ← 未满足 e_big超差
    [稳定等待] 已等   3.0s  e_big=-3.81° e_small=-0.57°  |ω_big|=0.34°/s |ω_small|=0.12°/s  连续 0.0/3s  ← 未满足 e_big超差
    [稳定等待] 已等   4.0s  e_big=-3.49° e_small=-0.46°  |ω_big|=0.30°/s |ω_small|=0.10°/s  连续 0.0/3s  ← 未满足 e_big超差
    [稳定等待] 已等   5.0s  e_big=-3.20° e_small=-0.38°  |ω_big|=0.27°/s |ω_small|=0.08°/s  连续 0.0/3s  ← 未满足 e_big超差
    [稳定等待] 已等   6.1s  e_big=-2.94° e_small=-0.31°  |ω_big|=0.25°/s |ω_small|=0.06°/s  连续 0.2/3s
    [稳定等待] 已等   7.1s  e_big=-2.70° e_small=-0.25°  |ω_big|=0.23°/s |ω_small|=0.05°/s  连续 1.2/3s
    [稳定等待] 已等   8.1s  e_big=-2.48° e_small=-0.20°  |ω_big|=0.21°/s |ω_small|=0.04°/s  连续 2.3/3s
  ✓ 已稳定（第二段用时 8.81s，两段合计 13.81s）
  采样 300 点 (3.00 s @100Hz)…
  保存: _tmp4x/train_c/sysid_small_20260919_140336_45.npz
        _tmp4x/train_c/sysid_small_20260919_140336_45.csv  (300 行)

=== 段 47 === driven=big 轴 / held=small 轴  温度=(30,30)℃
  参考来源: recording_1778330157.npz[6196:6496] 随机缩放=2.52
  driven 大 yaw: 中心=-10.411 rad 半幅=±0.933 rad(±53.5°)
  held   小 yaw: 目标=-0.206 rad (-11.8°)  [包络 -22°…+22°]
  到位(固定 5s): err_big=-1.88° err_small=-0.59°
  等待连续 3s 稳定（判据: 两轴误差 ≤ 3° 且 两轴速度 < 6°/s；任一越界即重新计时）…
    [稳定等待] 已等   0.0s  e_big=-1.88° e_small=-0.58°  |ω_big|=0.15°/s |ω_small|=0.12°/s  连续 0.0/3s
    [稳定等待] 已等   1.0s  e_big=-1.74° e_small=-0.48°  |ω_big|=0.14°/s |ω_small|=0.10°/s  连续 1.0/3s
    [稳定等待] 已等   2.0s  e_big=-1.60° e_small=-0.39°  |ω_big|=0.13°/s |ω_small|=0.08°/s  连续 2.0/3s
  ✓ 已稳定（第二段用时 3.00s，两段合计 8.00s）
  采样 300 点 (3.00 s @100Hz)…
  保存: _tmp4x/train_c/sysid_big_20260919_140351_46.npz
        _tmp4x/train_c/sysid_big_20260919_140351_46.csv  (300 行)

=== 段 48 === driven=small 轴 / held=big 轴  温度=(30,30)℃
  参考来源: recording_1778322660.npz[2317:2617] 随机缩放=0.29
  driven 小 yaw: 中心=-0.016 rad(-0.9°) 半幅=±0.196 rad(±11.2°)
    整条位于参考包络 [-22°, +22°] 内（硬限位 [-30°, +30°]，两侧各留 8° 跟踪余量; 中心 +0.0°）
  held   大 yaw: 目标=-9.949 rad（现有方位角 ±π 内随机）
  到位(固定 5s): err_big=-4.52° err_small=-0.89°
  等待连续 3s 稳定（判据: 两轴误差 ≤ 3° 且 两轴速度 < 6°/s；任一越界即重新计时）…
    [稳定等待] 已等   0.0s  e_big=-4.52° e_small=-0.90°  |ω_big|=0.42°/s |ω_small|=0.19°/s  连续 0.0/3s  ← 未满足 e_big超差
    [稳定等待] 已等   1.0s  e_big=-4.13° e_small=-0.72°  |ω_big|=0.37°/s |ω_small|=0.15°/s  连续 0.0/3s  ← 未满足 e_big超差
    [稳定等待] 已等   2.0s  e_big=-3.77° e_small=-0.59°  |ω_big|=0.33°/s |ω_small|=0.12°/s  连续 0.0/3s  ← 未满足 e_big超差
    [稳定等待] 已等   3.0s  e_big=-3.45° e_small=-0.48°  |ω_big|=0.30°/s |ω_small|=0.10°/s  连续 0.0/3s  ← 未满足 e_big超差
    [稳定等待] 已等   4.0s  e_big=-3.16° e_small=-0.39°  |ω_big|=0.27°/s |ω_small|=0.07°/s  连续 0.0/3s  ← 未满足 e_big超差
    [稳定等待] 已等   5.0s  e_big=-2.91° e_small=-0.31°  |ω_big|=0.25°/s |ω_small|=0.06°/s  连续 0.4/3s
    [稳定等待] 已等   6.0s  e_big=-2.67° e_small=-0.26°  |ω_big|=0.22°/s |ω_small|=0.05°/s  连续 1.4/3s
    [稳定等待] 已等   7.0s  e_big=-2.46° e_small=-0.21°  |ω_big|=0.20°/s |ω_small|=0.04°/s  连续 2.4/3s
  ✓ 已稳定（第二段用时 7.66s，两段合计 12.66s）
  采样 300 点 (3.00 s @100Hz)…
  保存: _tmp4x/train_c/sysid_small_20260919_140412_47.npz
        _tmp4x/train_c/sysid_small_20260919_140412_47.csv  (300 行)

=== 段 49 === driven=big 轴 / held=small 轴  温度=(30,30)℃
  参考来源: recording_1778322660.npz[129:429] 随机缩放=0.74
  driven 大 yaw: 中心=-10.431 rad 半幅=±0.719 rad(±41.2°)
  held   小 yaw: 目标=-0.167 rad (-9.6°)  [包络 -22°…+22°]
  到位(固定 5s): err_big=+4.39° err_small=+0.80°
  等待连续 3s 稳定（判据: 两轴误差 ≤ 3° 且 两轴速度 < 6°/s；任一越界即重新计时）…
    [稳定等待] 已等   0.0s  e_big=+4.39° e_small=+0.80°  |ω_big|=0.41°/s |ω_small|=0.17°/s  连续 0.0/3s  ← 未满足 e_big超差
    [稳定等待] 已等   1.0s  e_big=+4.01° e_small=+0.65°  |ω_big|=0.36°/s |ω_small|=0.13°/s  连续 0.0/3s  ← 未满足 e_big超差
    [稳定等待] 已等   2.0s  e_big=+3.67° e_small=+0.53°  |ω_big|=0.32°/s |ω_small|=0.11°/s  连续 0.0/3s  ← 未满足 e_big超差
    [稳定等待] 已等   3.0s  e_big=+3.36° e_small=+0.43°  |ω_big|=0.29°/s |ω_small|=0.09°/s  连续 0.0/3s  ← 未满足 e_big超差
    [稳定等待] 已等   4.0s  e_big=+3.08° e_small=+0.34°  |ω_big|=0.26°/s |ω_small|=0.07°/s  连续 0.0/3s  ← 未满足 e_big超差
    [稳定等待] 已等   5.0s  e_big=+2.83° e_small=+0.28°  |ω_big|=0.24°/s |ω_small|=0.06°/s  连续 0.7/3s
    [稳定等待] 已等   6.0s  e_big=+2.60° e_small=+0.23°  |ω_big|=0.22°/s |ω_small|=0.05°/s  连续 1.7/3s
    [稳定等待] 已等   7.1s  e_big=+2.39° e_small=+0.19°  |ω_big|=0.20°/s |ω_small|=0.04°/s  连续 2.7/3s
  ✓ 已稳定（第二段用时 7.35s，两段合计 12.35s）
  采样 300 点 (3.00 s @100Hz)…
  保存: _tmp4x/train_c/sysid_big_20260919_140432_48.npz
        _tmp4x/train_c/sysid_big_20260919_140432_48.csv  (300 行)

=== 段 50 === driven=small 轴 / held=big 轴  温度=(30,30)℃
  参考来源: recording_1778340524.npz[24720:25020] 随机缩放=0.13
  driven 小 yaw: 中心=+0.006 rad(+0.3°) 半幅=±0.159 rad(±9.1°)
    整条位于参考包络 [-22°, +22°] 内（硬限位 [-30°, +30°]，两侧各留 8° 跟踪余量; 中心 +0.0°）
  held   大 yaw: 目标=-9.551 rad（现有方位角 ±π 内随机）
  到位(固定 5s): err_big=-2.87° err_small=-0.77°
  等待连续 3s 稳定（判据: 两轴误差 ≤ 3° 且 两轴速度 < 6°/s；任一越界即重新计时）…
    [稳定等待] 已等   0.0s  e_big=-2.87° e_small=-0.77°  |ω_big|=0.24°/s |ω_small|=0.16°/s  连续 0.0/3s
    [稳定等待] 已等   1.0s  e_big=-2.64° e_small=-0.63°  |ω_big|=0.22°/s |ω_small|=0.13°/s  连续 1.0/3s
    [稳定等待] 已等   2.0s  e_big=-2.43° e_small=-0.51°  |ω_big|=0.20°/s |ω_small|=0.10°/s  连续 2.0/3s
  ✓ 已稳定（第二段用时 3.00s，两段合计 8.00s）
  采样 300 点 (3.00 s @100Hz)…
  保存: _tmp4x/train_c/sysid_small_20260919_140448_49.npz
        _tmp4x/train_c/sysid_small_20260919_140448_49.csv  (300 行)

=== 段 51 === driven=big 轴 / held=small 轴  温度=(30,30)℃
  参考来源: recording_1778327131.npz[307:607] 随机缩放=1.42
  driven 大 yaw: 中心=-9.616 rad 半幅=±0.611 rad(±35.0°)
  held   小 yaw: 目标=-0.111 rad (-6.3°)  [包络 -22°…+22°]
  到位(固定 5s): err_big=+2.27° err_small=-0.52°
  等待连续 3s 稳定（判据: 两轴误差 ≤ 3° 且 两轴速度 < 6°/s；任一越界即重新计时）…
    [稳定等待] 已等   0.0s  e_big=+2.27° e_small=-0.52°  |ω_big|=0.19°/s |ω_small|=0.11°/s  连续 0.0/3s
    [稳定等待] 已等   1.0s  e_big=+2.09° e_small=-0.42°  |ω_big|=0.17°/s |ω_small|=0.09°/s  连续 1.0/3s
    [稳定等待] 已等   2.0s  e_big=+1.92° e_small=-0.35°  |ω_big|=0.16°/s |ω_small|=0.07°/s  连续 2.0/3s
  ✓ 已稳定（第二段用时 3.00s，两段合计 8.00s）
  采样 300 点 (3.00 s @100Hz)…
  保存: _tmp4x/train_c/sysid_big_20260919_140504_50.npz
        _tmp4x/train_c/sysid_big_20260919_140504_50.csv  (300 行)

=== 段 52 === driven=small 轴 / held=big 轴  温度=(30,30)℃
  参考来源: recording_1778341521.npz[38143:38443] 随机缩放=0.73
  driven 小 yaw: 中心=+0.049 rad(+2.8°) 半幅=±0.280 rad(±16.1°)
    整条位于参考包络 [-22°, +22°] 内（硬限位 [-30°, +30°]，两侧各留 8° 跟踪余量; 中心 +0.0°）
  held   大 yaw: 目标=-10.840 rad（现有方位角 ±π 内随机）
  到位(固定 5s): err_big=-1.03° err_small=+0.12°
  等待连续 3s 稳定（判据: 两轴误差 ≤ 3° 且 两轴速度 < 6°/s；任一越界即重新计时）…
    [稳定等待] 已等   0.0s  e_big=-1.03° e_small=+0.12°  |ω_big|=0.08°/s |ω_small|=0.02°/s  连续 0.0/3s
    [稳定等待] 已等   1.0s  e_big=-0.95° e_small=+0.09°  |ω_big|=0.08°/s |ω_small|=0.02°/s  连续 1.0/3s
    [稳定等待] 已等   2.0s  e_big=-0.87° e_small=+0.08°  |ω_big|=0.07°/s |ω_small|=0.02°/s  连续 2.0/3s
  ✓ 已稳定（第二段用时 3.00s，两段合计 8.00s）
  采样 300 点 (3.00 s @100Hz)…
  保存: _tmp4x/train_c/sysid_small_20260919_140520_51.npz
        _tmp4x/train_c/sysid_small_20260919_140520_51.csv  (300 行)

=== 段 53 === driven=big 轴 / held=small 轴  温度=(30,30)℃
  参考来源: recording_1778414251.npz[34061:34361] 随机缩放=0.95
  driven 大 yaw: 中心=-11.020 rad 半幅=±0.549 rad(±31.4°)
  held   小 yaw: 目标=-0.190 rad (-10.9°)  [包络 -22°…+22°]
  到位(固定 5s): err_big=+3.03° err_small=-0.20°
  等待连续 3s 稳定（判据: 两轴误差 ≤ 3° 且 两轴速度 < 6°/s；任一越界即重新计时）…
    [稳定等待] 已等   0.0s  e_big=+3.03° e_small=-0.20°  |ω_big|=0.26°/s |ω_small|=0.04°/s  连续 0.0/3s  ← 未满足 e_big超差
    [稳定等待] 已等   1.0s  e_big=+2.79° e_small=-0.17°  |ω_big|=0.23°/s |ω_small|=0.04°/s  连续 0.9/3s
    [稳定等待] 已等   2.0s  e_big=+2.56° e_small=-0.13°  |ω_big|=0.21°/s |ω_small|=0.03°/s  连续 1.9/3s
    [稳定等待] 已等   3.0s  e_big=+2.36° e_small=-0.11°  |ω_big|=0.19°/s |ω_small|=0.02°/s  连续 2.9/3s
  ✓ 已稳定（第二段用时 3.13s，两段合计 8.13s）
  采样 300 点 (3.00 s @100Hz)…
  保存: _tmp4x/train_c/sysid_big_20260919_140536_52.npz
        _tmp4x/train_c/sysid_big_20260919_140536_52.csv  (300 行)

=== 段 54 === driven=small 轴 / held=big 轴  温度=(30,30)℃
  参考来源: recording_1778413386.npz[9120:9420] 随机缩放=0.11
  driven 小 yaw: 中心=-0.048 rad(-2.7°) 半幅=±0.303 rad(±17.3°)
    整条位于参考包络 [-22°, +22°] 内（硬限位 [-30°, +30°]，两侧各留 8° 跟踪余量; 中心 +0.0°）
  held   大 yaw: 目标=-11.946 rad（现有方位角 ±π 内随机）
  到位(固定 5s): err_big=+3.59° err_small=+0.91°
  等待连续 3s 稳定（判据: 两轴误差 ≤ 3° 且 两轴速度 < 6°/s；任一越界即重新计时）…
    [稳定等待] 已等   0.0s  e_big=+3.59° e_small=+0.91°  |ω_big|=0.31°/s |ω_small|=0.20°/s  连续 0.0/3s  ← 未满足 e_big超差
    [稳定等待] 已等   1.0s  e_big=+3.29° e_small=+0.74°  |ω_big|=0.28°/s |ω_small|=0.15°/s  连续 0.0/3s  ← 未满足 e_big超差
    [稳定等待] 已等   2.0s  e_big=+3.03° e_small=+0.60°  |ω_big|=0.26°/s |ω_small|=0.12°/s  连续 0.0/3s  ← 未满足 e_big超差
    [稳定等待] 已等   3.0s  e_big=+2.78° e_small=+0.49°  |ω_big|=0.23°/s |ω_small|=0.10°/s  连续 0.9/3s
    [稳定等待] 已等   4.0s  e_big=+2.56° e_small=+0.40°  |ω_big|=0.21°/s |ω_small|=0.08°/s  连续 1.9/3s
    [稳定等待] 已等   5.0s  e_big=+2.35° e_small=+0.32°  |ω_big|=0.19°/s |ω_small|=0.07°/s  连续 2.9/3s
  ✓ 已稳定（第二段用时 5.10s，两段合计 10.10s）
  采样 300 点 (3.00 s @100Hz)…
  保存: _tmp4x/train_c/sysid_small_20260919_140554_53.npz
        _tmp4x/train_c/sysid_small_20260919_140554_53.csv  (300 行)

=== 段 55 === driven=big 轴 / held=small 轴  温度=(30,30)℃
  参考来源: recording_1778330157.npz[16162:16462] 随机缩放=1.03
  driven 大 yaw: 中心=-11.434 rad 半幅=±0.860 rad(±49.3°)
  held   小 yaw: 目标=+0.032 rad (+1.8°)  [包络 -22°…+22°]
  到位(固定 5s): err_big=-3.05° err_small=-0.39°
  等待连续 3s 稳定（判据: 两轴误差 ≤ 3° 且 两轴速度 < 6°/s；任一越界即重新计时）…
    [稳定等待] 已等   0.0s  e_big=-3.05° e_small=-0.39°  |ω_big|=0.26°/s |ω_small|=0.08°/s  连续 0.0/3s  ← 未满足 e_big超差
    [稳定等待] 已等   1.0s  e_big=-2.81° e_small=-0.32°  |ω_big|=0.24°/s |ω_small|=0.06°/s  连续 0.8/3s
    [稳定等待] 已等   2.0s  e_big=-2.58° e_small=-0.26°  |ω_big|=0.21°/s |ω_small|=0.05°/s  连续 1.8/3s
    [稳定等待] 已等   3.0s  e_big=-2.37° e_small=-0.21°  |ω_big|=0.20°/s |ω_small|=0.05°/s  连续 2.8/3s
  ✓ 已稳定（第二段用时 3.21s，两段合计 8.21s）
  采样 300 点 (3.00 s @100Hz)…
  保存: _tmp4x/train_c/sysid_big_20260919_140611_54.npz
        _tmp4x/train_c/sysid_big_20260919_140611_54.csv  (300 行)

=== 段 56 === driven=small 轴 / held=big 轴  温度=(30,30)℃
  参考来源: recording_1778327131.npz[2677:2977] 随机缩放=0.26
  driven 小 yaw: 中心=-0.077 rad(-4.4°) 半幅=±0.215 rad(±12.3°)
    整条位于参考包络 [-22°, +22°] 内（硬限位 [-30°, +30°]，两侧各留 8° 跟踪余量; 中心 +0.0°）
  held   大 yaw: 目标=-11.237 rad（现有方位角 ±π 内随机）
  到位(固定 5s): err_big=-3.35° err_small=-0.74°
  等待连续 3s 稳定（判据: 两轴误差 ≤ 3° 且 两轴速度 < 6°/s；任一越界即重新计时）…
    [稳定等待] 已等   0.0s  e_big=-3.35° e_small=-0.74°  |ω_big|=0.29°/s |ω_small|=0.15°/s  连续 0.0/3s  ← 未满足 e_big超差
    [稳定等待] 已等   1.0s  e_big=-3.08° e_small=-0.60°  |ω_big|=0.26°/s |ω_small|=0.13°/s  连续 0.0/3s  ← 未满足 e_big超差
    [稳定等待] 已等   2.0s  e_big=-2.83° e_small=-0.49°  |ω_big|=0.24°/s |ω_small|=0.10°/s  连续 0.7/3s
    [稳定等待] 已等   3.0s  e_big=-2.60° e_small=-0.40°  |ω_big|=0.22°/s |ω_small|=0.08°/s  连续 1.7/3s
    [稳定等待] 已等   4.0s  e_big=-2.39° e_small=-0.32°  |ω_big|=0.20°/s |ω_small|=0.07°/s  连续 2.7/3s
  ✓ 已稳定（第二段用时 4.31s，两段合计 9.31s）
  采样 300 点 (3.00 s @100Hz)…
  保存: _tmp4x/train_c/sysid_small_20260919_140628_55.npz
        _tmp4x/train_c/sysid_small_20260919_140628_55.csv  (300 行)

=== 段 57 === driven=big 轴 / held=small 轴  温度=(30,30)℃
  参考来源: recording_1778330157.npz[10953:11253] 随机缩放=0.91
  driven 大 yaw: 中心=-11.229 rad 半幅=±0.677 rad(±38.8°)
  held   小 yaw: 目标=+0.267 rad (+15.3°)  [包络 -22°…+22°]
  到位(固定 5s): err_big=-0.09° err_small=-0.57°
  等待连续 3s 稳定（判据: 两轴误差 ≤ 3° 且 两轴速度 < 6°/s；任一越界即重新计时）…
    [稳定等待] 已等   0.0s  e_big=-0.09° e_small=-0.57°  |ω_big|=0.00°/s |ω_small|=0.12°/s  连续 0.0/3s
    [稳定等待] 已等   1.0s  e_big=-0.09° e_small=-0.46°  |ω_big|=0.00°/s |ω_small|=0.09°/s  连续 1.0/3s
    [稳定等待] 已等   2.0s  e_big=-0.09° e_small=-0.38°  |ω_big|=0.00°/s |ω_small|=0.08°/s  连续 2.0/3s
  ✓ 已稳定（第二段用时 3.00s，两段合计 8.00s）
  采样 300 点 (3.00 s @100Hz)…
  保存: _tmp4x/train_c/sysid_big_20260919_140644_56.npz
        _tmp4x/train_c/sysid_big_20260919_140644_56.csv  (300 行)

=== 段 58 === driven=small 轴 / held=big 轴  温度=(30,30)℃
  参考来源: recording_1778341844.npz[22265:22565] 随机缩放=0.34
  driven 小 yaw: 中心=-0.099 rad(-5.7°) 半幅=±0.373 rad(±21.4°)
    整条位于参考包络 [-22°, +22°] 内（硬限位 [-30°, +30°]，两侧各留 8° 跟踪余量; 中心 +0.0°）
  held   大 yaw: 目标=-12.306 rad（现有方位角 ±π 内随机）
  到位(固定 5s): err_big=-0.59° err_small=+0.16°
  等待连续 3s 稳定（判据: 两轴误差 ≤ 3° 且 两轴速度 < 6°/s；任一越界即重新计时）…
    [稳定等待] 已等   0.0s  e_big=-0.59° e_small=+0.16°  |ω_big|=0.00°/s |ω_small|=0.03°/s  连续 0.0/3s
    [稳定等待] 已等   1.0s  e_big=-0.59° e_small=+0.13°  |ω_big|=0.00°/s |ω_small|=0.02°/s  连续 1.0/3s
    [稳定等待] 已等   2.0s  e_big=-0.59° e_small=+0.11°  |ω_big|=0.00°/s |ω_small|=0.02°/s  连续 2.0/3s
  ✓ 已稳定（第二段用时 3.00s，两段合计 8.00s）
  采样 300 点 (3.00 s @100Hz)…
  保存: _tmp4x/train_c/sysid_small_20260919_140700_57.npz
        _tmp4x/train_c/sysid_small_20260919_140700_57.csv  (300 行)

=== 段 59 === driven=big 轴 / held=small 轴  温度=(30,30)℃
  参考来源: recording_1778327131.npz[359:659] 随机缩放=0.86
  driven 大 yaw: 中心=-12.161 rad 半幅=±0.468 rad(±26.8°)
  held   小 yaw: 目标=+0.206 rad (+11.8°)  [包络 -22°…+22°]
  到位(固定 5s): err_big=-1.73° err_small=-0.48°
  等待连续 3s 稳定（判据: 两轴误差 ≤ 3° 且 两轴速度 < 6°/s；任一越界即重新计时）…
    [稳定等待] 已等   0.0s  e_big=-1.73° e_small=-0.48°  |ω_big|=0.14°/s |ω_small|=0.10°/s  连续 0.0/3s
    [稳定等待] 已等   1.0s  e_big=-1.60° e_small=-0.39°  |ω_big|=0.13°/s |ω_small|=0.08°/s  连续 1.0/3s
    [稳定等待] 已等   2.0s  e_big=-1.47° e_small=-0.32°  |ω_big|=0.12°/s |ω_small|=0.07°/s  连续 2.0/3s
  ✓ 已稳定（第二段用时 3.00s，两段合计 8.00s）
  采样 300 点 (3.00 s @100Hz)…
  保存: _tmp4x/train_c/sysid_big_20260919_140716_58.npz
        _tmp4x/train_c/sysid_big_20260919_140716_58.csv  (300 行)

=== 段 60 === driven=small 轴 / held=big 轴  温度=(30,30)℃
  参考来源: recording_1778322622.npz[1532:1832] 随机缩放=0.24
  driven 小 yaw: 中心=+0.055 rad(+3.2°) 半幅=±0.206 rad(±11.8°)
    整条位于参考包络 [-22°, +22°] 内（硬限位 [-30°, +30°]，两侧各留 8° 跟踪余量; 中心 +0.0°）
  held   大 yaw: 目标=-12.575 rad（现有方位角 ±π 内随机）
  到位(固定 5s): err_big=-0.54° err_small=-0.02°
  等待连续 3s 稳定（判据: 两轴误差 ≤ 3° 且 两轴速度 < 6°/s；任一越界即重新计时）…
    [稳定等待] 已等   0.0s  e_big=-0.54° e_small=-0.02°  |ω_big|=0.04°/s |ω_small|=0.00°/s  连续 0.0/3s
    [稳定等待] 已等   1.0s  e_big=-0.50° e_small=-0.02°  |ω_big|=0.04°/s |ω_small|=0.00°/s  连续 1.0/3s
    [稳定等待] 已等   2.0s  e_big=-0.46° e_small=-0.02°  |ω_big|=0.04°/s |ω_small|=0.00°/s  连续 2.0/3s
  ✓ 已稳定（第二段用时 3.00s，两段合计 8.00s）
  采样 300 点 (3.00 s @100Hz)…
  保存: _tmp4x/train_c/sysid_small_20260919_140732_59.npz
        _tmp4x/train_c/sysid_small_20260919_140732_59.csv  (300 行)

=== 段 61 === driven=big 轴 / held=small 轴  温度=(30,30)℃
  参考来源: recording_1778328241.npz[10530:10830] 随机缩放=2.05
  driven 大 yaw: 中心=-12.842 rad 半幅=±0.752 rad(±43.1°)
  held   小 yaw: 目标=-0.209 rad (-12.0°)  [包络 -22°…+22°]
  到位(固定 5s): err_big=+4.34° err_small=+1.00°
  等待连续 3s 稳定（判据: 两轴误差 ≤ 3° 且 两轴速度 < 6°/s；任一越界即重新计时）…
    [稳定等待] 已等   0.0s  e_big=+4.34° e_small=+1.00°  |ω_big|=0.40°/s |ω_small|=0.21°/s  连续 0.0/3s  ← 未满足 e_big超差
    [稳定等待] 已等   1.0s  e_big=+3.96° e_small=+0.81°  |ω_big|=0.35°/s |ω_small|=0.17°/s  连续 0.0/3s  ← 未满足 e_big超差
    [稳定等待] 已等   2.0s  e_big=+3.62° e_small=+0.65°  |ω_big|=0.32°/s |ω_small|=0.14°/s  连续 0.0/3s  ← 未满足 e_big超差
    [稳定等待] 已等   3.0s  e_big=+3.32° e_small=+0.53°  |ω_big|=0.29°/s |ω_small|=0.11°/s  连续 0.0/3s  ← 未满足 e_big超差
    [稳定等待] 已等   4.0s  e_big=+3.05° e_small=+0.43°  |ω_big|=0.26°/s |ω_small|=0.09°/s  连续 0.0/3s  ← 未满足 e_big超差
    [稳定等待] 已等   5.0s  e_big=+2.80° e_small=+0.35°  |ω_big|=0.23°/s |ω_small|=0.07°/s  连续 0.8/3s
    [稳定等待] 已等   6.0s  e_big=+2.57° e_small=+0.29°  |ω_big|=0.21°/s |ω_small|=0.06°/s  连续 1.8/3s
    [稳定等待] 已等   7.0s  e_big=+2.37° e_small=+0.23°  |ω_big|=0.20°/s |ω_small|=0.05°/s  连续 2.8/3s
  ✓ 已稳定（第二段用时 7.21s，两段合计 12.21s）
  采样 300 点 (3.00 s @100Hz)…
  保存: _tmp4x/train_c/sysid_big_20260919_140752_60.npz
        _tmp4x/train_c/sysid_big_20260919_140752_60.csv  (300 行)

=== 段 62 === driven=small 轴 / held=big 轴  温度=(30,30)℃
  参考来源: recording_1778413386.npz[50001:50301] 随机缩放=1.80
  driven 小 yaw: 中心=-0.050 rad(-2.8°) 半幅=±0.323 rad(±18.5°)
    整条位于参考包络 [-22°, +22°] 内（硬限位 [-30°, +30°]，两侧各留 8° 跟踪余量; 中心 +0.0°）
  held   大 yaw: 目标=-15.484 rad（现有方位角 ±π 内随机）
  到位(固定 5s): err_big=-4.87° err_small=-0.98°
  等待连续 3s 稳定（判据: 两轴误差 ≤ 3° 且 两轴速度 < 6°/s；任一越界即重新计时）…
    [稳定等待] 已等   0.0s  e_big=-4.87° e_small=-0.98°  |ω_big|=0.47°/s |ω_small|=0.21°/s  连续 0.0/3s  ← 未满足 e_big超差
    [稳定等待] 已等   1.0s  e_big=-4.43° e_small=-0.79°  |ω_big|=0.41°/s |ω_small|=0.16°/s  连续 0.0/3s  ← 未满足 e_big超差
    [稳定等待] 已等   2.0s  e_big=-4.04° e_small=-0.64°  |ω_big|=0.36°/s |ω_small|=0.14°/s  连续 0.0/3s  ← 未满足 e_big超差
    [稳定等待] 已等   3.0s  e_big=-3.70° e_small=-0.52°  |ω_big|=0.32°/s |ω_small|=0.11°/s  连续 0.0/3s  ← 未满足 e_big超差
    [稳定等待] 已等   4.0s  e_big=-3.39° e_small=-0.43°  |ω_big|=0.29°/s |ω_small|=0.09°/s  连续 0.0/3s  ← 未满足 e_big超差
    [稳定等待] 已等   5.0s  e_big=-3.11° e_small=-0.35°  |ω_big|=0.26°/s |ω_small|=0.07°/s  连续 0.0/3s  ← 未满足 e_big超差
    [稳定等待] 已等   6.0s  e_big=-2.86° e_small=-0.28°  |ω_big|=0.24°/s |ω_small|=0.06°/s  连续 0.6/3s
    [稳定等待] 已等   7.0s  e_big=-2.62° e_small=-0.23°  |ω_big|=0.22°/s |ω_small|=0.05°/s  连续 1.6/3s
    [稳定等待] 已等   8.1s  e_big=-2.41° e_small=-0.19°  |ω_big|=0.20°/s |ω_small|=0.04°/s  连续 2.6/3s
  ✓ 已稳定（第二段用时 8.45s，两段合计 13.45s）
  采样 300 点 (3.00 s @100Hz)…
  保存: _tmp4x/train_c/sysid_small_20260919_140815_61.npz
        _tmp4x/train_c/sysid_small_20260919_140815_61.csv  (300 行)

=== 段 63 === driven=big 轴 / held=small 轴  温度=(30,30)℃
  参考来源: recording_1778341521.npz[26440:26740] 随机缩放=0.16
  driven 大 yaw: 中心=-15.942 rad 半幅=±0.588 rad(±33.7°)
  held   小 yaw: 目标=+0.204 rad (+11.7°)  [包络 -22°…+22°]
  到位(固定 5s): err_big=+3.95° err_small=+0.76°
  等待连续 3s 稳定（判据: 两轴误差 ≤ 3° 且 两轴速度 < 6°/s；任一越界即重新计时）…
    [稳定等待] 已等   0.0s  e_big=+3.95° e_small=+0.76°  |ω_big|=0.35°/s |ω_small|=0.16°/s  连续 0.0/3s  ← 未满足 e_big超差
    [稳定等待] 已等   1.0s  e_big=+3.61° e_small=+0.62°  |ω_big|=0.32°/s |ω_small|=0.13°/s  连续 0.0/3s  ← 未满足 e_big超差
    [稳定等待] 已等   2.0s  e_big=+3.31° e_small=+0.50°  |ω_big|=0.28°/s |ω_small|=0.10°/s  连续 0.0/3s  ← 未满足 e_big超差
    [稳定等待] 已等   3.0s  e_big=+3.04° e_small=+0.41°  |ω_big|=0.26°/s |ω_small|=0.08°/s  连续 0.0/3s  ← 未满足 e_big超差
    [稳定等待] 已等   4.0s  e_big=+2.79° e_small=+0.33°  |ω_big|=0.23°/s |ω_small|=0.07°/s  连续 0.8/3s
    [稳定等待] 已等   5.0s  e_big=+2.57° e_small=+0.27°  |ω_big|=0.21°/s |ω_small|=0.06°/s  连续 1.9/3s
    [稳定等待] 已等   6.0s  e_big=+2.36° e_small=+0.22°  |ω_big|=0.20°/s |ω_small|=0.04°/s  连续 2.9/3s
  ✓ 已稳定（第二段用时 6.17s，两段合计 11.17s）
  采样 300 点 (3.00 s @100Hz)…
  保存: _tmp4x/train_c/sysid_big_20260919_140833_62.npz
        _tmp4x/train_c/sysid_big_20260919_140833_62.csv  (300 行)

=== 段 64 === driven=small 轴 / held=big 轴  温度=(30,30)℃
  参考来源: recording_1778413386.npz[51221:51521] 随机缩放=0.27
  driven 小 yaw: 中心=-0.078 rad(-4.5°) 半幅=±0.257 rad(±14.7°)
    整条位于参考包络 [-22°, +22°] 内（硬限位 [-30°, +30°]，两侧各留 8° 跟踪余量; 中心 +0.0°）
  held   大 yaw: 目标=-15.217 rad（现有方位角 ±π 内随机）
  到位(固定 5s): err_big=-3.91° err_small=-0.96°
  等待连续 3s 稳定（判据: 两轴误差 ≤ 3° 且 两轴速度 < 6°/s；任一越界即重新计时）…
    [稳定等待] 已等   0.0s  e_big=-3.91° e_small=-0.96°  |ω_big|=0.35°/s |ω_small|=0.20°/s  连续 0.0/3s  ← 未满足 e_big超差
    [稳定等待] 已等   1.0s  e_big=-3.58° e_small=-0.78°  |ω_big|=0.31°/s |ω_small|=0.16°/s  连续 0.0/3s  ← 未满足 e_big超差
    [稳定等待] 已等   2.0s  e_big=-3.28° e_small=-0.63°  |ω_big|=0.28°/s |ω_small|=0.13°/s  连续 0.0/3s  ← 未满足 e_big超差
    [稳定等待] 已等   3.0s  e_big=-3.01° e_small=-0.51°  |ω_big|=0.25°/s |ω_small|=0.11°/s  连续 0.0/3s  ← 未满足 e_big超差
    [稳定等待] 已等   4.0s  e_big=-2.77° e_small=-0.42°  |ω_big|=0.23°/s |ω_small|=0.09°/s  连续 1.0/3s
    [稳定等待] 已等   5.0s  e_big=-2.54° e_small=-0.34°  |ω_big|=0.21°/s |ω_small|=0.07°/s  连续 2.0/3s
    [稳定等待] 已等   6.0s  e_big=-2.34° e_small=-0.28°  |ω_big|=0.19°/s |ω_small|=0.05°/s  连续 3.0/3s
  ✓ 已稳定（第二段用时 6.06s，两段合计 11.06s）
  采样 300 点 (3.00 s @100Hz)…
  保存: _tmp4x/train_c/sysid_small_20260919_140851_63.npz
        _tmp4x/train_c/sysid_small_20260919_140851_63.csv  (300 行)

=== 段 65 === driven=big 轴 / held=small 轴  温度=(30,30)℃
  参考来源: recording_1778413386.npz[27723:28023] 随机缩放=0.23
  driven 大 yaw: 中心=-14.850 rad 半幅=±0.592 rad(±33.9°)
  held   小 yaw: 目标=-0.098 rad (-5.6°)  [包络 -22°…+22°]
  到位(固定 5s): err_big=+0.63° err_small=-0.45°
  等待连续 3s 稳定（判据: 两轴误差 ≤ 3° 且 两轴速度 < 6°/s；任一越界即重新计时）…
    [稳定等待] 已等   0.0s  e_big=+0.63° e_small=-0.45°  |ω_big|=0.05°/s |ω_small|=0.09°/s  连续 0.0/3s
    [稳定等待] 已等   1.0s  e_big=+0.58° e_small=-0.37°  |ω_big|=0.05°/s |ω_small|=0.07°/s  连续 1.0/3s
    [稳定等待] 已等   2.0s  e_big=+0.53° e_small=-0.30°  |ω_big|=0.04°/s |ω_small|=0.06°/s  连续 2.0/3s
  ✓ 已稳定（第二段用时 3.00s，两段合计 8.00s）
  采样 300 点 (3.00 s @100Hz)…
  保存: _tmp4x/train_c/sysid_big_20260919_140906_64.npz
        _tmp4x/train_c/sysid_big_20260919_140906_64.csv  (300 行)

=== 段 66 === driven=small 轴 / held=big 轴  温度=(30,30)℃
  参考来源: recording_1778341521.npz[35209:35509] 随机缩放=0.51
  driven 小 yaw: 中心=+0.209 rad(+12.0°) 半幅=±0.318 rad(±18.2°)
    整条位于参考包络 [-22°, +22°] 内（硬限位 [-30°, +30°]，两侧各留 8° 跟踪余量; 中心 +0.0°）
  held   大 yaw: 目标=-16.071 rad（现有方位角 ±π 内随机）
  到位(固定 5s): err_big=+0.30° err_small=+0.27°
  等待连续 3s 稳定（判据: 两轴误差 ≤ 3° 且 两轴速度 < 6°/s；任一越界即重新计时）…
    [稳定等待] 已等   0.0s  e_big=+0.30° e_small=+0.27°  |ω_big|=0.02°/s |ω_small|=0.05°/s  连续 0.0/3s
    [稳定等待] 已等   1.0s  e_big=+0.28° e_small=+0.22°  |ω_big|=0.02°/s |ω_small|=0.05°/s  连续 1.0/3s
    [稳定等待] 已等   2.0s  e_big=+0.26° e_small=+0.18°  |ω_big|=0.02°/s |ω_small|=0.03°/s  连续 2.0/3s
  ✓ 已稳定（第二段用时 3.00s，两段合计 8.00s）
  采样 300 点 (3.00 s @100Hz)…
  保存: _tmp4x/train_c/sysid_small_20260919_140921_65.npz
        _tmp4x/train_c/sysid_small_20260919_140921_65.csv  (300 行)

=== 段 67 === driven=big 轴 / held=small 轴  温度=(30,30)℃
  参考来源: recording_1778341844.npz[18296:18596] 随机缩放=0.37
  driven 大 yaw: 中心=-15.629 rad 半幅=±0.570 rad(±32.6°)
  held   小 yaw: 目标=-0.060 rad (-3.4°)  [包络 -22°…+22°]
  到位(固定 5s): err_big=-3.40° err_small=-0.60°
  等待连续 3s 稳定（判据: 两轴误差 ≤ 3° 且 两轴速度 < 6°/s；任一越界即重新计时）…
    [稳定等待] 已等   0.0s  e_big=-3.40° e_small=-0.59°  |ω_big|=0.29°/s |ω_small|=0.12°/s  连续 0.0/3s  ← 未满足 e_big超差
    [稳定等待] 已等   1.0s  e_big=-3.12° e_small=-0.48°  |ω_big|=0.27°/s |ω_small|=0.10°/s  连续 0.0/3s  ← 未满足 e_big超差
    [稳定等待] 已等   2.0s  e_big=-2.86° e_small=-0.39°  |ω_big|=0.24°/s |ω_small|=0.08°/s  连续 0.6/3s
    [稳定等待] 已等   3.0s  e_big=-2.63° e_small=-0.32°  |ω_big|=0.22°/s |ω_small|=0.07°/s  连续 1.6/3s
    [稳定等待] 已等   4.0s  e_big=-2.42° e_small=-0.26°  |ω_big|=0.20°/s |ω_small|=0.05°/s  连续 2.6/3s
  ✓ 已稳定（第二段用时 4.45s，两段合计 9.45s）
  采样 300 点 (3.00 s @100Hz)…
  保存: _tmp4x/train_c/sysid_big_20260919_140937_66.npz
        _tmp4x/train_c/sysid_big_20260919_140937_66.csv  (300 行)

=== 段 68 === driven=small 轴 / held=big 轴  温度=(30,30)℃
  参考来源: recording_1778322622.npz[937:1237] 随机缩放=0.18
  driven 小 yaw: 中心=+0.236 rad(+13.5°) 半幅=±0.334 rad(±19.2°)
    整条位于参考包络 [-22°, +22°] 内（硬限位 [-30°, +30°]，两侧各留 8° 跟踪余量; 中心 +0.0°）
  held   大 yaw: 目标=-12.677 rad（现有方位角 ±π 内随机）
  到位(固定 5s): err_big=+5.08° err_small=+1.11°
  等待连续 3s 稳定（判据: 两轴误差 ≤ 3° 且 两轴速度 < 6°/s；任一越界即重新计时）…
    [稳定等待] 已等   0.0s  e_big=+5.08° e_small=+1.11°  |ω_big|=0.50°/s |ω_small|=0.24°/s  连续 0.0/3s  ← 未满足 e_big超差
    [稳定等待] 已等   1.0s  e_big=+4.61° e_small=+0.90°  |ω_big|=0.43°/s |ω_small|=0.19°/s  连续 0.0/3s  ← 未满足 e_big超差
    [稳定等待] 已等   2.0s  e_big=+4.20° e_small=+0.73°  |ω_big|=0.38°/s |ω_small|=0.15°/s  连续 0.0/3s  ← 未满足 e_big超差
    [稳定等待] 已等   3.0s  e_big=+3.84° e_small=+0.59°  |ω_big|=0.34°/s |ω_small|=0.12°/s  连续 0.0/3s  ← 未满足 e_big超差
    [稳定等待] 已等   4.0s  e_big=+3.51° e_small=+0.48°  |ω_big|=0.31°/s |ω_small|=0.10°/s  连续 0.0/3s  ← 未满足 e_big超差
    [稳定等待] 已等   5.0s  e_big=+3.22° e_small=+0.39°  |ω_big|=0.28°/s |ω_small|=0.09°/s  连续 0.0/3s  ← 未满足 e_big超差
    [稳定等待] 已等   6.0s  e_big=+2.96° e_small=+0.32°  |ω_big|=0.25°/s |ω_small|=0.07°/s  连续 0.2/3s
    [稳定等待] 已等   7.0s  e_big=+2.72° e_small=+0.26°  |ω_big|=0.23°/s |ω_small|=0.06°/s  连续 1.2/3s
    [稳定等待] 已等   8.0s  e_big=+2.50° e_small=+0.21°  |ω_big|=0.21°/s |ω_small|=0.04°/s  连续 2.2/3s
  ✓ 已稳定（第二段用时 8.88s，两段合计 13.88s）
  采样 300 点 (3.00 s @100Hz)…
  保存: _tmp4x/train_c/sysid_small_20260919_140959_67.npz
        _tmp4x/train_c/sysid_small_20260919_140959_67.csv  (300 行)

=== 段 69 === driven=big 轴 / held=small 轴  温度=(30,30)℃
  参考来源: recording_1778340524.npz[9357:9657] 随机缩放=0.53
  driven 大 yaw: 中心=-13.199 rad 半幅=±0.437 rad(±25.0°)
  held   小 yaw: 目标=+0.084 rad (+4.8°)  [包络 -22°…+22°]
  到位(固定 5s): err_big=-1.93° err_small=+0.65°
  等待连续 3s 稳定（判据: 两轴误差 ≤ 3° 且 两轴速度 < 6°/s；任一越界即重新计时）…
    [稳定等待] 已等   0.0s  e_big=-1.93° e_small=+0.66°  |ω_big|=0.16°/s |ω_small|=0.14°/s  连续 0.0/3s
    [稳定等待] 已等   1.0s  e_big=-1.77° e_small=+0.53°  |ω_big|=0.14°/s |ω_small|=0.11°/s  连续 1.0/3s
    [稳定等待] 已等   2.0s  e_big=-1.63° e_small=+0.43°  |ω_big|=0.13°/s |ω_small|=0.09°/s  连续 2.0/3s
  ✓ 已稳定（第二段用时 3.00s，两段合计 8.00s）
  采样 300 点 (3.00 s @100Hz)…
  保存: _tmp4x/train_c/sysid_big_20260919_141015_68.npz
        _tmp4x/train_c/sysid_big_20260919_141015_68.csv  (300 行)

=== 段 70 === driven=small 轴 / held=big 轴  温度=(30,30)℃
  参考来源: recording_1778328241.npz[15321:15621] 随机缩放=0.47
  driven 小 yaw: 中心=+0.091 rad(+5.2°) 半幅=±0.202 rad(±11.6°)
    整条位于参考包络 [-22°, +22°] 内（硬限位 [-30°, +30°]，两侧各留 8° 跟踪余量; 中心 +0.0°）
  held   大 yaw: 目标=-11.804 rad（现有方位角 ±π 内随机）
  到位(固定 5s): err_big=-0.29° err_small=-0.25°
  等待连续 3s 稳定（判据: 两轴误差 ≤ 3° 且 两轴速度 < 6°/s；任一越界即重新计时）…
    [稳定等待] 已等   0.0s  e_big=-0.29° e_small=-0.25°  |ω_big|=0.02°/s |ω_small|=0.05°/s  连续 0.0/3s
    [稳定等待] 已等   1.0s  e_big=-0.27° e_small=-0.20°  |ω_big|=0.02°/s |ω_small|=0.04°/s  连续 1.0/3s
    [稳定等待] 已等   2.0s  e_big=-0.25° e_small=-0.17°  |ω_big|=0.02°/s |ω_small|=0.03°/s  连续 2.0/3s
  ✓ 已稳定（第二段用时 3.00s，两段合计 8.00s）
  采样 300 点 (3.00 s @100Hz)…
  保存: _tmp4x/train_c/sysid_small_20260919_141031_69.npz
        _tmp4x/train_c/sysid_small_20260919_141031_69.csv  (300 行)

=== 段 71 === driven=big 轴 / held=small 轴  温度=(30,30)℃
  参考来源: recording_1778341012.npz[38233:38533] 随机缩放=1.00
  driven 大 yaw: 中心=-11.595 rad 半幅=±0.839 rad(±48.1°)
  held   小 yaw: 目标=-0.089 rad (-5.1°)  [包络 -22°…+22°]
  到位(固定 5s): err_big=-2.39° err_small=-0.68°
  等待连续 3s 稳定（判据: 两轴误差 ≤ 3° 且 两轴速度 < 6°/s；任一越界即重新计时）…
    [稳定等待] 已等   0.0s  e_big=-2.39° e_small=-0.68°  |ω_big|=0.20°/s |ω_small|=0.14°/s  连续 0.0/3s
    [稳定等待] 已等   1.0s  e_big=-2.20° e_small=-0.55°  |ω_big|=0.18°/s |ω_small|=0.12°/s  连续 1.0/3s
    [稳定等待] 已等   2.0s  e_big=-2.03° e_small=-0.45°  |ω_big|=0.17°/s |ω_small|=0.09°/s  连续 2.0/3s
  ✓ 已稳定（第二段用时 3.00s，两段合计 8.00s）
  采样 300 点 (3.00 s @100Hz)…
  保存: _tmp4x/train_c/sysid_big_20260919_141047_70.npz
        _tmp4x/train_c/sysid_big_20260919_141047_70.csv  (300 行)

=== 段 72 === driven=small 轴 / held=big 轴  温度=(30,30)℃
  参考来源: recording_1778341012.npz[3461:3761] 随机缩放=0.40
  driven 小 yaw: 中心=+0.000 rad(+0.0°) 半幅=±0.363 rad(±20.8°)
    整条位于参考包络 [-22°, +22°] 内（硬限位 [-30°, +30°]，两侧各留 8° 跟踪余量; 中心 +0.0°）
  held   大 yaw: 目标=-10.803 rad（现有方位角 ±π 内随机）
  到位(固定 5s): err_big=-3.93° err_small=-0.66°
  等待连续 3s 稳定（判据: 两轴误差 ≤ 3° 且 两轴速度 < 6°/s；任一越界即重新计时）…
    [稳定等待] 已等   0.0s  e_big=-3.93° e_small=-0.66°  |ω_big|=0.35°/s |ω_small|=0.14°/s  连续 0.0/3s  ← 未满足 e_big超差
    [稳定等待] 已等   1.0s  e_big=-3.60° e_small=-0.54°  |ω_big|=0.31°/s |ω_small|=0.11°/s  连续 0.0/3s  ← 未满足 e_big超差
    [稳定等待] 已等   2.0s  e_big=-3.30° e_small=-0.44°  |ω_big|=0.28°/s |ω_small|=0.09°/s  连续 0.0/3s  ← 未满足 e_big超差
    [稳定等待] 已等   3.0s  e_big=-3.03° e_small=-0.36°  |ω_big|=0.26°/s |ω_small|=0.07°/s  连续 0.0/3s  ← 未满足 e_big超差
    [稳定等待] 已等   4.0s  e_big=-2.78° e_small=-0.29°  |ω_big|=0.23°/s |ω_small|=0.06°/s  连续 0.9/3s
    [稳定等待] 已等   5.0s  e_big=-2.56° e_small=-0.24°  |ω_big|=0.21°/s |ω_small|=0.05°/s  连续 1.9/3s
    [稳定等待] 已等   6.0s  e_big=-2.35° e_small=-0.19°  |ω_big|=0.19°/s |ω_small|=0.04°/s  连续 2.9/3s
  ✓ 已稳定（第二段用时 6.13s，两段合计 11.13s）
  采样 300 点 (3.00 s @100Hz)…
  保存: _tmp4x/train_c/sysid_small_20260919_141108_71.npz
        _tmp4x/train_c/sysid_small_20260919_141108_71.csv  (300 行)

=== 段 73 === driven=big 轴 / held=small 轴  温度=(30,30)℃
  参考来源: recording_1778327131.npz[248:548] 随机缩放=1.02
  driven 大 yaw: 中心=-10.423 rad 半幅=±0.428 rad(±24.5°)
  held   小 yaw: 目标=-0.122 rad (-7.0°)  [包络 -22°…+22°]
  到位(固定 5s): err_big=+0.89° err_small=-0.36°
  等待连续 3s 稳定（判据: 两轴误差 ≤ 3° 且 两轴速度 < 6°/s；任一越界即重新计时）…
    [稳定等待] 已等   0.0s  e_big=+0.89° e_small=-0.36°  |ω_big|=0.07°/s |ω_small|=0.07°/s  连续 0.0/3s
    [稳定等待] 已等   1.0s  e_big=+0.82° e_small=-0.29°  |ω_big|=0.07°/s |ω_small|=0.06°/s  连续 1.0/3s
    [稳定等待] 已等   2.0s  e_big=+0.76° e_small=-0.24°  |ω_big|=0.06°/s |ω_small|=0.05°/s  连续 2.0/3s
  ✓ 已稳定（第二段用时 3.00s，两段合计 8.00s）
  采样 300 点 (3.00 s @100Hz)…
  保存: _tmp4x/train_c/sysid_big_20260919_141124_72.npz
        _tmp4x/train_c/sysid_big_20260919_141124_72.csv  (300 行)

=== 段 74 === driven=small 轴 / held=big 轴  温度=(30,30)℃
  参考来源: recording_1778330157.npz[5631:5931] 随机缩放=0.29
  driven 小 yaw: 中心=-0.043 rad(-2.5°) 半幅=±0.216 rad(±12.4°)
    整条位于参考包络 [-22°, +22°] 内（硬限位 [-30°, +30°]，两侧各留 8° 跟踪余量; 中心 +0.0°）
  held   大 yaw: 目标=-11.802 rad（现有方位角 ±π 内随机）
  到位(固定 5s): err_big=-1.18° err_small=+0.10°
  等待连续 3s 稳定（判据: 两轴误差 ≤ 3° 且 两轴速度 < 6°/s；任一越界即重新计时）…
    [稳定等待] 已等   0.0s  e_big=-1.18° e_small=+0.10°  |ω_big|=0.09°/s |ω_small|=0.02°/s  连续 0.0/3s
    [稳定等待] 已等   1.0s  e_big=-1.09° e_small=+0.08°  |ω_big|=0.09°/s |ω_small|=0.02°/s  连续 1.0/3s
    [稳定等待] 已等   2.0s  e_big=-1.00° e_small=+0.06°  |ω_big|=0.08°/s |ω_small|=0.01°/s  连续 2.0/3s
  ✓ 已稳定（第二段用时 3.00s，两段合计 8.00s）
  采样 300 点 (3.00 s @100Hz)…
  保存: _tmp4x/train_c/sysid_small_20260919_141140_73.npz
        _tmp4x/train_c/sysid_small_20260919_141140_73.csv  (300 行)

=== 段 75 === driven=big 轴 / held=small 轴  温度=(30,30)℃
  参考来源: recording_1778414251.npz[28664:28964] 随机缩放=4.63
  driven 大 yaw: 中心=-11.841 rad 半幅=±0.500 rad(±28.7°)
  held   小 yaw: 目标=-0.100 rad (-5.7°)  [包络 -22°…+22°]
  到位(固定 5s): err_big=+1.59° err_small=+0.07°
  等待连续 3s 稳定（判据: 两轴误差 ≤ 3° 且 两轴速度 < 6°/s；任一越界即重新计时）…
    [稳定等待] 已等   0.0s  e_big=+1.59° e_small=+0.07°  |ω_big|=0.13°/s |ω_small|=0.01°/s  连续 0.0/3s
    [稳定等待] 已等   1.0s  e_big=+1.47° e_small=+0.05°  |ω_big|=0.12°/s |ω_small|=0.01°/s  连续 1.0/3s
    [稳定等待] 已等   2.0s  e_big=+1.36° e_small=+0.04°  |ω_big|=0.11°/s |ω_small|=0.01°/s  连续 2.0/3s
  ✓ 已稳定（第二段用时 3.00s，两段合计 8.00s）
  采样 300 点 (3.00 s @100Hz)…
  保存: _tmp4x/train_c/sysid_big_20260919_141156_74.npz
        _tmp4x/train_c/sysid_big_20260919_141156_74.csv  (300 行)

=== 段 76 === driven=small 轴 / held=big 轴  温度=(30,30)℃
  参考来源: recording_1778327131.npz[4815:5115] 随机缩放=0.36
  driven 小 yaw: 中心=-0.069 rad(-3.9°) 半幅=±0.195 rad(±11.2°)
    整条位于参考包络 [-22°, +22°] 内（硬限位 [-30°, +30°]，两侧各留 8° 跟踪余量; 中心 +0.0°）
  held   大 yaw: 目标=-13.125 rad（现有方位角 ±π 内随机）
  到位(固定 5s): err_big=-0.76° err_small=+0.13°
  等待连续 3s 稳定（判据: 两轴误差 ≤ 3° 且 两轴速度 < 6°/s；任一越界即重新计时）…
    [稳定等待] 已等   0.0s  e_big=-0.76° e_small=+0.13°  |ω_big|=0.06°/s |ω_small|=0.03°/s  连续 0.0/3s
    [稳定等待] 已等   1.0s  e_big=-0.70° e_small=+0.11°  |ω_big|=0.06°/s |ω_small|=0.02°/s  连续 1.0/3s
    [稳定等待] 已等   2.0s  e_big=-0.65° e_small=+0.09°  |ω_big|=0.05°/s |ω_small|=0.02°/s  连续 2.0/3s
  ✓ 已稳定（第二段用时 3.00s，两段合计 8.00s）
  采样 300 点 (3.00 s @100Hz)…
  保存: _tmp4x/train_c/sysid_small_20260919_141212_75.npz
        _tmp4x/train_c/sysid_small_20260919_141212_75.csv  (300 行)

=== 段 77 === driven=big 轴 / held=small 轴  温度=(30,30)℃
  参考来源: recording_1778414251.npz[5985:6285] 随机缩放=1.17
  driven 大 yaw: 中心=-13.002 rad 半幅=±0.865 rad(±49.6°)
  held   小 yaw: 目标=+0.165 rad (+9.4°)  [包络 -22°…+22°]
  到位(固定 5s): err_big=+3.38° err_small=+0.59°
  等待连续 3s 稳定（判据: 两轴误差 ≤ 3° 且 两轴速度 < 6°/s；任一越界即重新计时）…
    [稳定等待] 已等   0.0s  e_big=+3.38° e_small=+0.59°  |ω_big|=0.29°/s |ω_small|=0.12°/s  连续 0.0/3s  ← 未满足 e_big超差
    [稳定等待] 已等   1.0s  e_big=+3.10° e_small=+0.48°  |ω_big|=0.26°/s |ω_small|=0.10°/s  连续 0.0/3s  ← 未满足 e_big超差
    [稳定等待] 已等   2.0s  e_big=+2.85° e_small=+0.39°  |ω_big|=0.24°/s |ω_small|=0.08°/s  连续 0.6/3s
    [稳定等待] 已等   3.0s  e_big=+2.62° e_small=+0.32°  |ω_big|=0.22°/s |ω_small|=0.06°/s  连续 1.6/3s
    [稳定等待] 已等   4.0s  e_big=+2.41° e_small=+0.26°  |ω_big|=0.20°/s |ω_small|=0.06°/s  连续 2.6/3s
  ✓ 已稳定（第二段用时 4.40s，两段合计 9.40s）
  采样 300 点 (3.00 s @100Hz)…
  保存: _tmp4x/train_c/sysid_big_20260919_141229_76.npz
        _tmp4x/train_c/sysid_big_20260919_141229_76.csv  (300 行)

=== 段 78 === driven=small 轴 / held=big 轴  温度=(30,30)℃
  参考来源: recording_1778341844.npz[3735:4035] 随机缩放=0.08
  driven 小 yaw: 中心=-0.030 rad(-1.7°) 半幅=±0.330 rad(±18.9°)
    整条位于参考包络 [-22°, +22°] 内（硬限位 [-30°, +30°]，两侧各留 8° 跟踪余量; 中心 +0.0°）
  held   大 yaw: 目标=-13.990 rad（现有方位角 ±π 内随机）
  到位(固定 5s): err_big=-1.71° err_small=-0.01°
  等待连续 3s 稳定（判据: 两轴误差 ≤ 3° 且 两轴速度 < 6°/s；任一越界即重新计时）…
    [稳定等待] 已等   0.0s  e_big=-1.71° e_small=-0.01°  |ω_big|=0.14°/s |ω_small|=0.00°/s  连续 0.0/3s
    [稳定等待] 已等   1.0s  e_big=-1.58° e_small=-0.01°  |ω_big|=0.13°/s |ω_small|=0.00°/s  连续 1.0/3s
    [稳定等待] 已等   2.0s  e_big=-1.46° e_small=-0.00°  |ω_big|=0.12°/s |ω_small|=0.00°/s  连续 2.0/3s
  ✓ 已稳定（第二段用时 3.00s，两段合计 8.00s）
  采样 300 点 (3.00 s @100Hz)…
  保存: _tmp4x/train_c/sysid_small_20260919_141245_77.npz
        _tmp4x/train_c/sysid_small_20260919_141245_77.csv  (300 行)

=== 段 79 === driven=big 轴 / held=small 轴  温度=(30,30)℃
  参考来源: recording_1778322660.npz[1450:1750] 随机缩放=0.47
  driven 大 yaw: 中心=-14.449 rad 半幅=±0.303 rad(±17.3°)
  held   小 yaw: 目标=-0.118 rad (-6.8°)  [包络 -22°…+22°]
  到位(固定 5s): err_big=+3.90° err_small=+0.72°
  等待连续 3s 稳定（判据: 两轴误差 ≤ 3° 且 两轴速度 < 6°/s；任一越界即重新计时）…
    [稳定等待] 已等   0.0s  e_big=+3.90° e_small=+0.72°  |ω_big|=0.35°/s |ω_small|=0.15°/s  连续 0.0/3s  ← 未满足 e_big超差
    [稳定等待] 已等   1.0s  e_big=+3.57° e_small=+0.58°  |ω_big|=0.31°/s |ω_small|=0.12°/s  连续 0.0/3s  ← 未满足 e_big超差
    [稳定等待] 已等   2.0s  e_big=+3.27° e_small=+0.47°  |ω_big|=0.28°/s |ω_small|=0.10°/s  连续 0.0/3s  ← 未满足 e_big超差
    [稳定等待] 已等   3.0s  e_big=+3.00° e_small=+0.39°  |ω_big|=0.25°/s |ω_small|=0.08°/s  连续 0.0/3s  ← 未满足 e_big超差
    [稳定等待] 已等   4.0s  e_big=+2.76° e_small=+0.31°  |ω_big|=0.23°/s |ω_small|=0.06°/s  连续 1.0/3s
    [稳定等待] 已等   5.0s  e_big=+2.54° e_small=+0.26°  |ω_big|=0.21°/s |ω_small|=0.05°/s  连续 2.0/3s
    [稳定等待] 已等   6.0s  e_big=+2.34° e_small=+0.21°  |ω_big|=0.19°/s |ω_small|=0.04°/s  连续 3.0/3s
  ✓ 已稳定（第二段用时 6.03s，两段合计 11.03s）
  采样 300 点 (3.00 s @100Hz)…
  保存: _tmp4x/train_c/sysid_big_20260919_141304_78.npz
        _tmp4x/train_c/sysid_big_20260919_141304_78.csv  (300 行)

=== 段 80 === driven=small 轴 / held=big 轴  温度=(30,30)℃
  参考来源: recording_1778341012.npz[28021:28321] 随机缩放=0.17
  driven 小 yaw: 中心=-0.135 rad(-7.7°) 半幅=±0.320 rad(±18.3°)
    整条位于参考包络 [-22°, +22°] 内（硬限位 [-30°, +30°]，两侧各留 8° 跟踪余量; 中心 +0.0°）
  held   大 yaw: 目标=-14.379 rad（现有方位角 ±π 内随机）
  到位(固定 5s): err_big=-3.38° err_small=+0.30°
  等待连续 3s 稳定（判据: 两轴误差 ≤ 3° 且 两轴速度 < 6°/s；任一越界即重新计时）…
    [稳定等待] 已等   0.0s  e_big=-3.38° e_small=+0.30°  |ω_big|=0.29°/s |ω_small|=0.07°/s  连续 0.0/3s  ← 未满足 e_big超差
    [稳定等待] 已等   1.0s  e_big=-3.10° e_small=+0.25°  |ω_big|=0.26°/s |ω_small|=0.05°/s  连续 0.0/3s  ← 未满足 e_big超差
    [稳定等待] 已等   2.0s  e_big=-2.85° e_small=+0.20°  |ω_big|=0.24°/s |ω_small|=0.04°/s  连续 0.6/3s
    [稳定等待] 已等   3.0s  e_big=-2.62° e_small=+0.16°  |ω_big|=0.22°/s |ω_small|=0.03°/s  连续 1.6/3s
    [稳定等待] 已等   4.0s  e_big=-2.41° e_small=+0.13°  |ω_big|=0.20°/s |ω_small|=0.02°/s  连续 2.6/3s
  ✓ 已稳定（第二段用时 4.40s，两段合计 9.40s）
  采样 300 点 (3.00 s @100Hz)…
  保存: _tmp4x/train_c/sysid_small_20260919_141322_79.npz
        _tmp4x/train_c/sysid_small_20260919_141322_79.csv  (300 行)

=== 段 81 === driven=big 轴 / held=small 轴  温度=(30,30)℃
  参考来源: recording_1778341521.npz[23279:23579] 随机缩放=0.28
  driven 大 yaw: 中心=-13.888 rad 半幅=±0.426 rad(±24.4°)
  held   小 yaw: 目标=-0.084 rad (-4.8°)  [包络 -22°…+22°]
  到位(固定 5s): err_big=+3.42° err_small=-0.31°
  等待连续 3s 稳定（判据: 两轴误差 ≤ 3° 且 两轴速度 < 6°/s；任一越界即重新计时）…
    [稳定等待] 已等   0.0s  e_big=+3.42° e_small=-0.32°  |ω_big|=0.30°/s |ω_small|=0.07°/s  连续 0.0/3s  ← 未满足 e_big超差
    [稳定等待] 已等   1.0s  e_big=+3.14° e_small=-0.26°  |ω_big|=0.27°/s |ω_small|=0.05°/s  连续 0.0/3s  ← 未满足 e_big超差
    [稳定等待] 已等   2.0s  e_big=+2.88° e_small=-0.21°  |ω_big|=0.24°/s |ω_small|=0.04°/s  连续 0.5/3s
    [稳定等待] 已等   3.0s  e_big=+2.65° e_small=-0.17°  |ω_big|=0.22°/s |ω_small|=0.03°/s  连续 1.5/3s
    [稳定等待] 已等   4.0s  e_big=+2.44° e_small=-0.14°  |ω_big|=0.20°/s |ω_small|=0.03°/s  连续 2.5/3s
  ✓ 已稳定（第二段用时 4.54s，两段合计 9.54s）
  采样 300 点 (3.00 s @100Hz)…
  保存: _tmp4x/train_c/sysid_big_20260919_141339_80.npz
        _tmp4x/train_c/sysid_big_20260919_141339_80.csv  (300 行)

=== 段 82 === driven=small 轴 / held=big 轴  温度=(30,30)℃
  参考来源: recording_1778341012.npz[67:367] 随机缩放=0.22
  driven 小 yaw: 中心=-0.072 rad(-4.1°) 半幅=±0.198 rad(±11.4°)
    整条位于参考包络 [-22°, +22°] 内（硬限位 [-30°, +30°]，两侧各留 8° 跟踪余量; 中心 +0.0°）
  held   大 yaw: 目标=-15.758 rad（现有方位角 ±π 内随机）
  到位(固定 5s): err_big=-3.45° err_small=-0.50°
  等待连续 3s 稳定（判据: 两轴误差 ≤ 3° 且 两轴速度 < 6°/s；任一越界即重新计时）…
    [稳定等待] 已等   0.0s  e_big=-3.45° e_small=-0.50°  |ω_big|=0.30°/s |ω_small|=0.11°/s  连续 0.0/3s  ← 未满足 e_big超差
    [稳定等待] 已等   1.0s  e_big=-3.16° e_small=-0.40°  |ω_big|=0.27°/s |ω_small|=0.08°/s  连续 0.0/3s  ← 未满足 e_big超差
    [稳定等待] 已等   2.0s  e_big=-2.91° e_small=-0.33°  |ω_big|=0.24°/s |ω_small|=0.07°/s  连续 0.4/3s
    [稳定等待] 已等   3.0s  e_big=-2.67° e_small=-0.27°  |ω_big|=0.22°/s |ω_small|=0.06°/s  连续 1.4/3s
    [稳定等待] 已等   4.0s  e_big=-2.46° e_small=-0.22°  |ω_big|=0.20°/s |ω_small|=0.04°/s  连续 2.4/3s
  ✓ 已稳定（第二段用时 4.62s，两段合计 9.62s）
  采样 300 点 (3.00 s @100Hz)…
  保存: _tmp4x/train_c/sysid_small_20260919_141357_81.npz
        _tmp4x/train_c/sysid_small_20260919_141357_81.csv  (300 行)

=== 段 83 === driven=big 轴 / held=small 轴  温度=(30,30)℃
  参考来源: recording_1778340524.npz[19545:19845] 随机缩放=0.56
  driven 大 yaw: 中心=-15.782 rad 半幅=±0.775 rad(±44.4°)
  held   小 yaw: 目标=-0.212 rad (-12.1°)  [包络 -22°…+22°]
  到位(固定 5s): err_big=-0.61° err_small=+0.51°
  等待连续 3s 稳定（判据: 两轴误差 ≤ 3° 且 两轴速度 < 6°/s；任一越界即重新计时）…
    [稳定等待] 已等   0.0s  e_big=-0.61° e_small=+0.51°  |ω_big|=0.05°/s |ω_small|=0.11°/s  连续 0.0/3s
    [稳定等待] 已等   1.0s  e_big=-0.57° e_small=+0.41°  |ω_big|=0.04°/s |ω_small|=0.08°/s  连续 1.0/3s
    [稳定等待] 已等   2.0s  e_big=-0.52° e_small=+0.34°  |ω_big|=0.04°/s |ω_small|=0.07°/s  连续 2.0/3s
  ✓ 已稳定（第二段用时 3.00s，两段合计 8.00s）
  采样 300 点 (3.00 s @100Hz)…
  保存: _tmp4x/train_c/sysid_big_20260919_141413_82.npz
        _tmp4x/train_c/sysid_big_20260919_141413_82.csv  (300 行)

=== 段 84 === driven=small 轴 / held=big 轴  温度=(30,30)℃
  参考来源: recording_1778322660.npz[628:928] 随机缩放=0.21
  driven 小 yaw: 中心=+0.090 rad(+5.2°) 半幅=±0.248 rad(±14.2°)
    整条位于参考包络 [-22°, +22°] 内（硬限位 [-30°, +30°]，两侧各留 8° 跟踪余量; 中心 +0.0°）
  held   大 yaw: 目标=-18.488 rad（现有方位角 ±π 内随机）
  到位(固定 5s): err_big=-3.02° err_small=-0.43°
  等待连续 3s 稳定（判据: 两轴误差 ≤ 3° 且 两轴速度 < 6°/s；任一越界即重新计时）…
    [稳定等待] 已等   0.0s  e_big=-3.02° e_small=-0.43°  |ω_big|=0.26°/s |ω_small|=0.09°/s  连续 0.0/3s  ← 未满足 e_big超差
    [稳定等待] 已等   1.0s  e_big=-2.78° e_small=-0.35°  |ω_big|=0.23°/s |ω_small|=0.07°/s  连续 0.9/3s
    [稳定等待] 已等   2.0s  e_big=-2.56° e_small=-0.28°  |ω_big|=0.21°/s |ω_small|=0.06°/s  连续 1.9/3s
    [稳定等待] 已等   3.0s  e_big=-2.35° e_small=-0.23°  |ω_big|=0.19°/s |ω_small|=0.05°/s  连续 2.9/3s
  ✓ 已稳定（第二段用时 3.10s，两段合计 8.10s）
  采样 300 点 (3.00 s @100Hz)…
  保存: _tmp4x/train_c/sysid_small_20260919_141429_83.npz
        _tmp4x/train_c/sysid_small_20260919_141429_83.csv  (300 行)

=== 段 85 === driven=big 轴 / held=small 轴  温度=(30,30)℃
  参考来源: recording_1778328241.npz[14520:14820] 随机缩放=1.14
  driven 大 yaw: 中心=-18.056 rad 半幅=±0.705 rad(±40.4°)
  held   小 yaw: 目标=+0.179 rad (+10.3°)  [包络 -22°…+22°]
  到位(固定 5s): err_big=-1.24° err_small=-0.45°
  等待连续 3s 稳定（判据: 两轴误差 ≤ 3° 且 两轴速度 < 6°/s；任一越界即重新计时）…
    [稳定等待] 已等   0.0s  e_big=-1.24° e_small=-0.45°  |ω_big|=0.10°/s |ω_small|=0.09°/s  连续 0.0/3s
    [稳定等待] 已等   1.0s  e_big=-1.15° e_small=-0.37°  |ω_big|=0.09°/s |ω_small|=0.08°/s  连续 1.0/3s
    [稳定等待] 已等   2.0s  e_big=-1.06° e_small=-0.30°  |ω_big|=0.08°/s |ω_small|=0.06°/s  连续 2.0/3s
  ✓ 已稳定（第二段用时 3.00s，两段合计 8.00s）
  采样 300 点 (3.00 s @100Hz)…
  保存: _tmp4x/train_c/sysid_big_20260919_141445_84.npz
        _tmp4x/train_c/sysid_big_20260919_141445_84.csv  (300 行)

=== 段 86 === driven=small 轴 / held=big 轴  温度=(30,30)℃
  参考来源: recording_1778341012.npz[30509:30809] 随机缩放=0.30
  driven 小 yaw: 中心=+0.005 rad(+0.3°) 半幅=±0.306 rad(±17.5°)
    整条位于参考包络 [-22°, +22°] 内（硬限位 [-30°, +30°]，两侧各留 8° 跟踪余量; 中心 +0.0°）
  held   大 yaw: 目标=-18.881 rad（现有方位角 ±π 内随机）
  到位(固定 5s): err_big=+3.40° err_small=+0.87°
  等待连续 3s 稳定（判据: 两轴误差 ≤ 3° 且 两轴速度 < 6°/s；任一越界即重新计时）…
    [稳定等待] 已等   0.0s  e_big=+3.40° e_small=+0.87°  |ω_big|=0.29°/s |ω_small|=0.19°/s  连续 0.0/3s  ← 未满足 e_big超差
    [稳定等待] 已等   1.0s  e_big=+3.12° e_small=+0.70°  |ω_big|=0.27°/s |ω_small|=0.15°/s  连续 0.0/3s  ← 未满足 e_big超差
    [稳定等待] 已等   2.0s  e_big=+2.87° e_small=+0.57°  |ω_big|=0.24°/s |ω_small|=0.12°/s  连续 0.5/3s
    [稳定等待] 已等   3.0s  e_big=+2.64° e_small=+0.46°  |ω_big|=0.22°/s |ω_small|=0.10°/s  连续 1.5/3s
    [稳定等待] 已等   4.0s  e_big=+2.43° e_small=+0.38°  |ω_big|=0.20°/s |ω_small|=0.08°/s  连续 2.5/3s
  ✓ 已稳定（第二段用时 4.48s，两段合计 9.48s）
  采样 300 点 (3.00 s @100Hz)…
  保存: _tmp4x/train_c/sysid_small_20260919_141503_85.npz
        _tmp4x/train_c/sysid_small_20260919_141503_85.csv  (300 行)

=== 段 87 === driven=big 轴 / held=small 轴  温度=(30,30)℃
  参考来源: recording_1778327131.npz[2952:3252] 随机缩放=1.04
  driven 大 yaw: 中心=-19.191 rad 半幅=±0.781 rad(±44.7°)
  held   小 yaw: 目标=-0.107 rad (-6.2°)  [包络 -22°…+22°]
  到位(固定 5s): err_big=+1.40° err_small=+0.36°
  等待连续 3s 稳定（判据: 两轴误差 ≤ 3° 且 两轴速度 < 6°/s；任一越界即重新计时）…
    [稳定等待] 已等   0.0s  e_big=+1.40° e_small=+0.36°  |ω_big|=0.11°/s |ω_small|=0.07°/s  连续 0.0/3s
    [稳定等待] 已等   1.0s  e_big=+1.30° e_small=+0.29°  |ω_big|=0.10°/s |ω_small|=0.07°/s  连续 1.0/3s
    [稳定等待] 已等   2.0s  e_big=+1.19° e_small=+0.24°  |ω_big|=0.10°/s |ω_small|=0.05°/s  连续 2.0/3s
  ✓ 已稳定（第二段用时 3.00s，两段合计 8.00s）
  采样 300 点 (3.00 s @100Hz)…
  保存: _tmp4x/train_c/sysid_big_20260919_141519_86.npz
        _tmp4x/train_c/sysid_big_20260919_141519_86.csv  (300 行)

=== 段 88 === driven=small 轴 / held=big 轴  温度=(30,30)℃
  参考来源: recording_1778341012.npz[7091:7391] 随机缩放=0.15
  driven 小 yaw: 中心=-0.035 rad(-2.0°) 半幅=±0.182 rad(±10.4°)
    整条位于参考包络 [-22°, +22°] 内（硬限位 [-30°, +30°]，两侧各留 8° 跟踪余量; 中心 +0.0°）
  held   大 yaw: 目标=-21.208 rad（现有方位角 ±π 内随机）
  到位(固定 5s): err_big=-0.27° err_small=+0.21°
  等待连续 3s 稳定（判据: 两轴误差 ≤ 3° 且 两轴速度 < 6°/s；任一越界即重新计时）…
    [稳定等待] 已等   0.0s  e_big=-0.27° e_small=+0.21°  |ω_big|=0.00°/s |ω_small|=0.04°/s  连续 0.0/3s
    [稳定等待] 已等   1.0s  e_big=-0.27° e_small=+0.17°  |ω_big|=0.00°/s |ω_small|=0.03°/s  连续 1.0/3s
    [稳定等待] 已等   2.0s  e_big=-0.27° e_small=+0.14°  |ω_big|=0.00°/s |ω_small|=0.03°/s  连续 2.0/3s
  ✓ 已稳定（第二段用时 3.00s，两段合计 8.00s）
  采样 300 点 (3.00 s @100Hz)…
  保存: _tmp4x/train_c/sysid_small_20260919_141535_87.npz
        _tmp4x/train_c/sysid_small_20260919_141535_87.csv  (300 行)

=== 段 89 === driven=big 轴 / held=small 轴  温度=(30,30)℃
  参考来源: recording_1778341844.npz[20893:21193] 随机缩放=0.24
  driven 大 yaw: 中心=-21.173 rad 半幅=±0.896 rad(±51.3°)
  held   小 yaw: 目标=+0.255 rad (+14.6°)  [包络 -22°…+22°]
  到位(固定 5s): err_big=+4.39° err_small=+1.03°
  等待连续 3s 稳定（判据: 两轴误差 ≤ 3° 且 两轴速度 < 6°/s；任一越界即重新计时）…
    [稳定等待] 已等   0.0s  e_big=+4.39° e_small=+1.03°  |ω_big|=0.41°/s |ω_small|=0.22°/s  连续 0.0/3s  ← 未满足 e_big超差
    [稳定等待] 已等   1.0s  e_big=+4.01° e_small=+0.83°  |ω_big|=0.36°/s |ω_small|=0.17°/s  连续 0.0/3s  ← 未满足 e_big超差
    [稳定等待] 已等   2.0s  e_big=+3.66° e_small=+0.67°  |ω_big|=0.32°/s |ω_small|=0.14°/s  连续 0.0/3s  ← 未满足 e_big超差
    [稳定等待] 已等   3.0s  e_big=+3.35° e_small=+0.55°  |ω_big|=0.29°/s |ω_small|=0.11°/s  连续 0.0/3s  ← 未满足 e_big超差
    [稳定等待] 已等   4.0s  e_big=+3.08° e_small=+0.45°  |ω_big|=0.26°/s |ω_small|=0.09°/s  连续 0.0/3s  ← 未满足 e_big超差
    [稳定等待] 已等   5.0s  e_big=+2.83° e_small=+0.36°  |ω_big|=0.24°/s |ω_small|=0.07°/s  连续 0.7/3s
    [稳定等待] 已等   6.1s  e_big=+2.60° e_small=+0.29°  |ω_big|=0.22°/s |ω_small|=0.06°/s  连续 1.7/3s
    [稳定等待] 已等   7.1s  e_big=+2.39° e_small=+0.24°  |ω_big|=0.20°/s |ω_small|=0.05°/s  连续 2.7/3s
  ✓ 已稳定（第二段用时 7.34s，两段合计 12.34s）
  采样 300 点 (3.00 s @100Hz)…
  保存: _tmp4x/train_c/sysid_big_20260919_141555_88.npz
        _tmp4x/train_c/sysid_big_20260919_141555_88.csv  (300 行)

=== 段 90 === driven=small 轴 / held=big 轴  温度=(30,30)℃
  参考来源: recording_1778322622.npz[1741:2041] 随机缩放=0.71
  driven 小 yaw: 中心=+0.000 rad(+0.0°) 半幅=±0.334 rad(±19.1°)
    整条位于参考包络 [-22°, +22°] 内（硬限位 [-30°, +30°]，两侧各留 8° 跟踪余量; 中心 +0.0°）
  held   大 yaw: 目标=-22.056 rad（现有方位角 ±π 内随机）
  到位(固定 5s): err_big=+0.28° err_small=+0.26°
  等待连续 3s 稳定（判据: 两轴误差 ≤ 3° 且 两轴速度 < 6°/s；任一越界即重新计时）…
    [稳定等待] 已等   0.0s  e_big=+0.28° e_small=+0.26°  |ω_big|=0.02°/s |ω_small|=0.05°/s  连续 0.0/3s
    [稳定等待] 已等   1.0s  e_big=+0.26° e_small=+0.21°  |ω_big|=0.02°/s |ω_small|=0.04°/s  连续 1.0/3s
    [稳定等待] 已等   2.0s  e_big=+0.24° e_small=+0.17°  |ω_big|=0.02°/s |ω_small|=0.04°/s  连续 2.0/3s
  ✓ 已稳定（第二段用时 3.00s，两段合计 8.00s）
  采样 300 点 (3.00 s @100Hz)…
  保存: _tmp4x/train_c/sysid_small_20260919_141612_89.npz
        _tmp4x/train_c/sysid_small_20260919_141612_89.csv  (300 行)

=== 段 91 === driven=big 轴 / held=small 轴  温度=(30,30)℃
  参考来源: recording_1778414251.npz[32205:32505] 随机缩放=0.59
  driven 大 yaw: 中心=-21.869 rad 半幅=±0.906 rad(±51.9°)
  held   小 yaw: 目标=-0.047 rad (-2.7°)  [包络 -22°…+22°]
  到位(固定 5s): err_big=-3.64° err_small=-0.91°
  等待连续 3s 稳定（判据: 两轴误差 ≤ 3° 且 两轴速度 < 6°/s；任一越界即重新计时）…
    [稳定等待] 已等   0.0s  e_big=-3.64° e_small=-0.91°  |ω_big|=0.32°/s |ω_small|=0.19°/s  连续 0.0/3s  ← 未满足 e_big超差
    [稳定等待] 已等   1.0s  e_big=-3.34° e_small=-0.74°  |ω_big|=0.29°/s |ω_small|=0.15°/s  连续 0.0/3s  ← 未满足 e_big超差
    [稳定等待] 已等   2.0s  e_big=-3.06° e_small=-0.60°  |ω_big|=0.26°/s |ω_small|=0.13°/s  连续 0.0/3s  ← 未满足 e_big超差
    [稳定等待] 已等   3.0s  e_big=-2.81° e_small=-0.49°  |ω_big|=0.24°/s |ω_small|=0.10°/s  连续 0.8/3s
    [稳定等待] 已等   4.0s  e_big=-2.59° e_small=-0.40°  |ω_big|=0.22°/s |ω_small|=0.08°/s  连续 1.8/3s
    [稳定等待] 已等   5.0s  e_big=-2.38° e_small=-0.32°  |ω_big|=0.20°/s |ω_small|=0.07°/s  连续 2.8/3s
  ✓ 已稳定（第二段用时 5.27s，两段合计 10.27s）
  采样 300 点 (3.00 s @100Hz)…
  保存: _tmp4x/train_c/sysid_big_20260919_141630_90.npz
        _tmp4x/train_c/sysid_big_20260919_141630_90.csv  (300 行)

=== 段 92 === driven=small 轴 / held=big 轴  温度=(30,30)℃
  参考来源: recording_1778340524.npz[18273:18573] 随机缩放=0.18
  driven 小 yaw: 中心=-0.128 rad(-7.3°) 半幅=±0.311 rad(±17.8°)
    整条位于参考包络 [-22°, +22°] 内（硬限位 [-30°, +30°]，两侧各留 8° 跟踪余量; 中心 +0.0°）
  held   大 yaw: 目标=-24.358 rad（现有方位角 ±π 内随机）
  到位(固定 5s): err_big=-4.57° err_small=-0.89°
  等待连续 3s 稳定（判据: 两轴误差 ≤ 3° 且 两轴速度 < 6°/s；任一越界即重新计时）…
    [稳定等待] 已等   0.0s  e_big=-4.57° e_small=-0.89°  |ω_big|=0.43°/s |ω_small|=0.19°/s  连续 0.0/3s  ← 未满足 e_big超差
    [稳定等待] 已等   1.0s  e_big=-4.16° e_small=-0.72°  |ω_big|=0.38°/s |ω_small|=0.15°/s  连续 0.0/3s  ← 未满足 e_big超差
    [稳定等待] 已等   2.0s  e_big=-3.80° e_small=-0.58°  |ω_big|=0.34°/s |ω_small|=0.12°/s  连续 0.0/3s  ← 未满足 e_big超差
    [稳定等待] 已等   3.0s  e_big=-3.49° e_small=-0.48°  |ω_big|=0.30°/s |ω_small|=0.10°/s  连续 0.0/3s  ← 未满足 e_big超差
    [稳定等待] 已等   4.0s  e_big=-3.20° e_small=-0.39°  |ω_big|=0.27°/s |ω_small|=0.08°/s  连续 0.0/3s  ← 未满足 e_big超差
    [稳定等待] 已等   5.0s  e_big=-2.94° e_small=-0.32°  |ω_big|=0.25°/s |ω_small|=0.06°/s  连续 0.3/3s
    [稳定等待] 已等   6.0s  e_big=-2.70° e_small=-0.26°  |ω_big|=0.23°/s |ω_small|=0.05°/s  连续 1.3/3s
    [稳定等待] 已等   7.0s  e_big=-2.48° e_small=-0.21°  |ω_big|=0.21°/s |ω_small|=0.04°/s  连续 2.3/3s
  ✓ 已稳定（第二段用时 7.78s，两段合计 12.78s）
  采样 300 点 (3.00 s @100Hz)…
  保存: _tmp4x/train_c/sysid_small_20260919_141651_91.npz
        _tmp4x/train_c/sysid_small_20260919_141651_91.csv  (300 行)

=== 段 93 === driven=big 轴 / held=small 轴  温度=(30,30)℃
  参考来源: recording_1778322622.npz[2388:2688] 随机缩放=0.44
  driven 大 yaw: 中心=-24.073 rad 半幅=±0.379 rad(±21.7°)
  held   小 yaw: 目标=+0.261 rad (+14.9°)  [包络 -22°…+22°]
  到位(固定 5s): err_big=-4.42° err_small=-0.93°
  等待连续 3s 稳定（判据: 两轴误差 ≤ 3° 且 两轴速度 < 6°/s；任一越界即重新计时）…
    [稳定等待] 已等   0.0s  e_big=-4.42° e_small=-0.93°  |ω_big|=0.41°/s |ω_small|=0.19°/s  连续 0.0/3s  ← 未满足 e_big超差
    [稳定等待] 已等   1.0s  e_big=-4.04° e_small=-0.76°  |ω_big|=0.36°/s |ω_small|=0.16°/s  连续 0.0/3s  ← 未满足 e_big超差
    [稳定等待] 已等   2.0s  e_big=-3.69° e_small=-0.62°  |ω_big|=0.32°/s |ω_small|=0.12°/s  连续 0.0/3s  ← 未满足 e_big超差
    [稳定等待] 已等   3.0s  e_big=-3.39° e_small=-0.50°  |ω_big|=0.29°/s |ω_small|=0.10°/s  连续 0.0/3s  ← 未满足 e_big超差
    [稳定等待] 已等   4.0s  e_big=-3.10° e_small=-0.41°  |ω_big|=0.26°/s |ω_small|=0.08°/s  连续 0.0/3s  ← 未满足 e_big超差
    [稳定等待] 已等   5.0s  e_big=-2.85° e_small=-0.33°  |ω_big|=0.24°/s |ω_small|=0.07°/s  连续 0.6/3s
    [稳定等待] 已等   6.0s  e_big=-2.62° e_small=-0.27°  |ω_big|=0.22°/s |ω_small|=0.05°/s  连续 1.6/3s
    [稳定等待] 已等   7.0s  e_big=-2.41° e_small=-0.22°  |ω_big|=0.20°/s |ω_small|=0.04°/s  连续 2.6/3s
  ✓ 已稳定（第二段用时 7.42s，两段合计 12.42s）
  采样 300 点 (3.00 s @100Hz)…
  保存: _tmp4x/train_c/sysid_big_20260919_141712_92.npz
        _tmp4x/train_c/sysid_big_20260919_141712_92.csv  (300 行)

=== 段 94 === driven=small 轴 / held=big 轴  温度=(30,30)℃
  参考来源: recording_1778322622.npz[51:351] 随机缩放=0.20
  driven 小 yaw: 中心=-0.125 rad(-7.2°) 半幅=±0.297 rad(±17.0°)
    整条位于参考包络 [-22°, +22°] 内（硬限位 [-30°, +30°]，两侧各留 8° 跟踪余量; 中心 +0.0°）
  held   大 yaw: 目标=-22.772 rad（现有方位角 ±π 内随机）
  到位(固定 5s): err_big=-0.88° err_small=-0.38°
  等待连续 3s 稳定（判据: 两轴误差 ≤ 3° 且 两轴速度 < 6°/s；任一越界即重新计时）…
    [稳定等待] 已等   0.0s  e_big=-0.88° e_small=-0.38°  |ω_big|=0.07°/s |ω_small|=0.08°/s  连续 0.0/3s
    [稳定等待] 已等   1.0s  e_big=-0.81° e_small=-0.31°  |ω_big|=0.06°/s |ω_small|=0.06°/s  连续 1.0/3s
    [稳定等待] 已等   2.0s  e_big=-0.75° e_small=-0.25°  |ω_big|=0.06°/s |ω_small|=0.05°/s  连续 2.0/3s
  ✓ 已稳定（第二段用时 3.00s，两段合计 8.00s）
  采样 300 点 (3.00 s @100Hz)…
  保存: _tmp4x/train_c/sysid_small_20260919_141728_93.npz
        _tmp4x/train_c/sysid_small_20260919_141728_93.csv  (300 行)

=== 段 95 === driven=big 轴 / held=small 轴  温度=(30,30)℃
  参考来源: recording_1778414251.npz[29399:29699] 随机缩放=2.80
  driven 大 yaw: 中心=-22.937 rad 半幅=±0.505 rad(±28.9°)
  held   小 yaw: 目标=-0.151 rad (-8.6°)  [包络 -22°…+22°]
  到位(固定 5s): err_big=+2.82° err_small=-0.03°
  等待连续 3s 稳定（判据: 两轴误差 ≤ 3° 且 两轴速度 < 6°/s；任一越界即重新计时）…
    [稳定等待] 已等   0.0s  e_big=+2.82° e_small=-0.03°  |ω_big|=0.24°/s |ω_small|=0.01°/s  连续 0.0/3s
    [稳定等待] 已等   1.0s  e_big=+2.59° e_small=-0.02°  |ω_big|=0.22°/s |ω_small|=0.00°/s  连续 1.0/3s
    [稳定等待] 已等   2.0s  e_big=+2.39° e_small=-0.02°  |ω_big|=0.20°/s |ω_small|=0.00°/s  连续 2.0/3s
  ✓ 已稳定（第二段用时 3.00s，两段合计 8.00s）
  采样 300 点 (3.00 s @100Hz)…
  保存: _tmp4x/train_c/sysid_big_20260919_141744_94.npz
        _tmp4x/train_c/sysid_big_20260919_141744_94.csv  (300 行)

=== 段 96 === driven=small 轴 / held=big 轴  温度=(30,30)℃
  参考来源: recording_1778330157.npz[15656:15956] 随机缩放=0.69
  driven 小 yaw: 中心=-0.159 rad(-9.1°) 半幅=±0.315 rad(±18.0°)
    整条位于参考包络 [-22°, +22°] 内（硬限位 [-30°, +30°]，两侧各留 8° 跟踪余量; 中心 +0.0°）
  held   大 yaw: 目标=-20.856 rad（现有方位角 ±π 内随机）
  到位(固定 5s): err_big=+4.37° err_small=+0.78°
  等待连续 3s 稳定（判据: 两轴误差 ≤ 3° 且 两轴速度 < 6°/s；任一越界即重新计时）…
    [稳定等待] 已等   0.0s  e_big=+4.37° e_small=+0.78°  |ω_big|=0.40°/s |ω_small|=0.16°/s  连续 0.0/3s  ← 未满足 e_big超差
    [稳定等待] 已等   1.0s  e_big=+3.99° e_small=+0.64°  |ω_big|=0.36°/s |ω_small|=0.13°/s  连续 0.0/3s  ← 未满足 e_big超差
    [稳定等待] 已等   2.0s  e_big=+3.65° e_small=+0.52°  |ω_big|=0.32°/s |ω_small|=0.11°/s  连续 0.0/3s  ← 未满足 e_big超差
    [稳定等待] 已等   3.0s  e_big=+3.34° e_small=+0.42°  |ω_big|=0.29°/s |ω_small|=0.09°/s  连续 0.0/3s  ← 未满足 e_big超差
    [稳定等待] 已等   4.0s  e_big=+3.07° e_small=+0.34°  |ω_big|=0.26°/s |ω_small|=0.07°/s  连续 0.0/3s  ← 未满足 e_big超差
    [稳定等待] 已等   5.0s  e_big=+2.82° e_small=+0.28°  |ω_big|=0.24°/s |ω_small|=0.06°/s  连续 0.7/3s
    [稳定等待] 已等   6.0s  e_big=+2.59° e_small=+0.23°  |ω_big|=0.22°/s |ω_small|=0.04°/s  连续 1.8/3s
    [稳定等待] 已等   7.1s  e_big=+2.38° e_small=+0.19°  |ω_big|=0.20°/s |ω_small|=0.04°/s  连续 2.8/3s
  ✓ 已稳定（第二段用时 7.30s，两段合计 12.30s）
  采样 300 点 (3.00 s @100Hz)…
  保存: _tmp4x/train_c/sysid_small_20260919_141804_95.npz
        _tmp4x/train_c/sysid_small_20260919_141804_95.csv  (300 行)

=== 段 97 === driven=big 轴 / held=small 轴  温度=(30,30)℃
  参考来源: recording_1778341012.npz[7993:8293] 随机缩放=0.34
  driven 大 yaw: 中心=-20.960 rad 半幅=±0.378 rad(±21.7°)
  held   小 yaw: 目标=+0.058 rad (+3.3°)  [包络 -22°…+22°]
  到位(固定 5s): err_big=+1.64° err_small=+0.47°
  等待连续 3s 稳定（判据: 两轴误差 ≤ 3° 且 两轴速度 < 6°/s；任一越界即重新计时）…
    [稳定等待] 已等   0.0s  e_big=+1.64° e_small=+0.47°  |ω_big|=0.13°/s |ω_small|=0.10°/s  连续 0.0/3s
    [稳定等待] 已等   1.0s  e_big=+1.51° e_small=+0.38°  |ω_big|=0.12°/s |ω_small|=0.08°/s  连续 1.0/3s
    [稳定等待] 已等   2.0s  e_big=+1.39° e_small=+0.31°  |ω_big|=0.11°/s |ω_small|=0.07°/s  连续 2.0/3s
  ✓ 已稳定（第二段用时 3.00s，两段合计 8.00s）
  采样 300 点 (3.00 s @100Hz)…
  保存: _tmp4x/train_c/sysid_big_20260919_141820_96.npz
        _tmp4x/train_c/sysid_big_20260919_141820_96.csv  (300 行)

=== 段 98 === driven=small 轴 / held=big 轴  温度=(30,30)℃
  参考来源: recording_1778330157.npz[18783:19083] 随机缩放=0.54
  driven 小 yaw: 中心=+0.039 rad(+2.2°) 半幅=±0.259 rad(±14.8°)
    整条位于参考包络 [-22°, +22°] 内（硬限位 [-30°, +30°]，两侧各留 8° 跟踪余量; 中心 +0.0°）
  held   大 yaw: 目标=-22.261 rad（现有方位角 ±π 内随机）
  到位(固定 5s): err_big=-1.22° err_small=+0.10°
  等待连续 3s 稳定（判据: 两轴误差 ≤ 3° 且 两轴速度 < 6°/s；任一越界即重新计时）…
    [稳定等待] 已等   0.0s  e_big=-1.22° e_small=+0.10°  |ω_big|=0.10°/s |ω_small|=0.02°/s  连续 0.0/3s
    [稳定等待] 已等   1.0s  e_big=-1.13° e_small=+0.08°  |ω_big|=0.09°/s |ω_small|=0.02°/s  连续 1.0/3s
    [稳定等待] 已等   2.0s  e_big=-1.04° e_small=+0.07°  |ω_big|=0.08°/s |ω_small|=0.01°/s  连续 2.0/3s
  ✓ 已稳定（第二段用时 3.00s，两段合计 8.00s）
  采样 300 点 (3.00 s @100Hz)…
  保存: _tmp4x/train_c/sysid_small_20260919_141836_97.npz
        _tmp4x/train_c/sysid_small_20260919_141836_97.csv  (300 行)

=== 段 99 === driven=big 轴 / held=small 轴  温度=(30,30)℃
  参考来源: recording_1778341521.npz[11164:11464] 随机缩放=0.20
  driven 大 yaw: 中心=-22.149 rad 半幅=±0.668 rad(±38.3°)
  held   小 yaw: 目标=-0.106 rad (-6.1°)  [包络 -22°…+22°]
  到位(固定 5s): err_big=+3.30° err_small=-0.63°
  等待连续 3s 稳定（判据: 两轴误差 ≤ 3° 且 两轴速度 < 6°/s；任一越界即重新计时）…
    [稳定等待] 已等   0.0s  e_big=+3.30° e_small=-0.63°  |ω_big|=0.28°/s |ω_small|=0.13°/s  连续 0.0/3s  ← 未满足 e_big超差
    [稳定等待] 已等   1.0s  e_big=+3.03° e_small=-0.52°  |ω_big|=0.26°/s |ω_small|=0.11°/s  连续 0.0/3s  ← 未满足 e_big超差
    [稳定等待] 已等   2.0s  e_big=+2.78° e_small=-0.42°  |ω_big|=0.23°/s |ω_small|=0.09°/s  连续 0.9/3s
    [稳定等待] 已等   3.0s  e_big=+2.56° e_small=-0.34°  |ω_big|=0.21°/s |ω_small|=0.07°/s  连续 1.9/3s
    [稳定等待] 已等   4.0s  e_big=+2.36° e_small=-0.28°  |ω_big|=0.19°/s |ω_small|=0.06°/s  连续 2.9/3s
  ✓ 已稳定（第二段用时 4.11s，两段合计 9.11s）
  采样 300 点 (3.00 s @100Hz)…
  保存: _tmp4x/train_c/sysid_big_20260919_141853_98.npz
        _tmp4x/train_c/sysid_big_20260919_141853_98.csv  (300 行)

=== 段 100 === driven=small 轴 / held=big 轴  温度=(30,30)℃
  参考来源: recording_1778341012.npz[3566:3866] 随机缩放=0.19
  driven 小 yaw: 中心=-0.005 rad(-0.3°) 半幅=±0.218 rad(±12.5°)
    整条位于参考包络 [-22°, +22°] 内（硬限位 [-30°, +30°]，两侧各留 8° 跟踪余量; 中心 +0.0°）
  held   大 yaw: 目标=-21.036 rad（现有方位角 ±π 内随机）
  到位(固定 5s): err_big=-2.65° err_small=-0.73°
  等待连续 3s 稳定（判据: 两轴误差 ≤ 3° 且 两轴速度 < 6°/s；任一越界即重新计时）…
    [稳定等待] 已等   0.0s  e_big=-2.65° e_small=-0.73°  |ω_big|=0.22°/s |ω_small|=0.15°/s  连续 0.0/3s
    [稳定等待] 已等   1.0s  e_big=-2.44° e_small=-0.60°  |ω_big|=0.20°/s |ω_small|=0.13°/s  连续 1.0/3s
    [稳定等待] 已等   2.0s  e_big=-2.24° e_small=-0.48°  |ω_big|=0.18°/s |ω_small|=0.10°/s  连续 2.0/3s
  ✓ 已稳定（第二段用时 3.00s，两段合计 8.00s）
  采样 300 点 (3.00 s @100Hz)…
  保存: _tmp4x/train_c/sysid_small_20260919_141909_99.npz
        _tmp4x/train_c/sysid_small_20260919_141909_99.csv  (300 行)
  已发送 20 帧零力矩并停止
------------------------------------------------------------------------------
完成: 保存 100/100 段 → _tmp4x/train_c
  [DRY-RUN] 仿真下发 138783 帧, 结束状态 θ_big=-21.0863 θ_small=-21.0210 rad
exit=0
