加载目标序列: 11 个文件, 共 300727 点 @100Hz
==============================================================================
双级 yaw 系统辨识数据采集 — 分轴激励（录制序列 + 增强 + 上位机 PID）
  段数=100  每段=300 点 (3.00s @100Hz)  到位=5s  种子=202
  PID: kp=2.0 ki=0.0 kd=0.1 输出限幅 ±1 N·m  力矩变化限幅 0.5 N·m/步
  静止保持段记录=关（首段除外）
  仅力矩模式(mode=0)  pitch=0  小 yaw 行程=[-30°, +30°]  参考包络=[-22°, +22°]  中止阈值=同硬限位  中心=+0.0°  过温=55℃
  保存目录: _tmp4x/train_b
  [DRY-RUN] 无硬件: 用内置仿真代替串口（planar_yaw_model.h 同方程, λ=100, 积分步长 0.050 ms）
  [DRY-RUN] ★ 仿真环境 2: 接触**完全刚性** + 死区**完全自由**（τ_t≡0 in |Δ−β|<δ/2），撞击=完全非弹性冲击; β0 每条数据随机 ±0.30·δ, 漂移 ±0.05·δ / 30s
  [DRY-RUN] 注意: 这个环境里 k/c/γ **无效**；记录列 backlash_center(在线估计) / backlash_beta_true(真值)
==============================================================================
数据链路就绪

=== 段 1 === driven=big 轴 / held=small 轴  温度=(30,30)℃
  参考来源: recording_1778322660.npz[878:1178] 随机缩放=0.67
  driven 大 yaw: 中心=+0.353 rad 半幅=±0.380 rad(±21.8°)
  held   小 yaw: 目标=+0.101 rad (+5.8°)  [包络 -22°…+22°]
  到位(固定 5s): err_big=-0.94° err_small=+0.55°
  等待连续 3s 稳定（判据: 两轴误差 ≤ 3° 且 两轴速度 < 6°/s；任一越界即重新计时）…
    [稳定等待] 已等   0.0s  e_big=-0.94° e_small=+0.55°  |ω_big|=0.08°/s |ω_small|=0.11°/s  连续 0.0/3s
    [稳定等待] 已等   1.0s  e_big=-0.87° e_small=+0.45°  |ω_big|=0.07°/s |ω_small|=0.09°/s  连续 1.0/3s
    [稳定等待] 已等   2.0s  e_big=-0.80° e_small=+0.37°  |ω_big|=0.06°/s |ω_small|=0.07°/s  连续 2.0/3s
  ✓ 已稳定（第二段用时 3.00s，两段合计 8.00s）
  采样 300 点 (3.00 s @100Hz)…
  保存: _tmp4x/train_b/sysid_big_20260919_135038_00.npz
        _tmp4x/train_b/sysid_big_20260919_135038_00.csv  (300 行)

=== 段 2 === driven=small 轴 / held=big 轴  温度=(30,30)℃
  参考来源: recording_1778330157.npz[224:524] 随机缩放=0.45
  driven 小 yaw: 中心=-0.018 rad(-1.1°) 半幅=±0.280 rad(±16.0°)
    整条位于参考包络 [-22°, +22°] 内（硬限位 [-30°, +30°]，两侧各留 8° 跟踪余量; 中心 +0.0°）
  held   大 yaw: 目标=+2.233 rad（现有方位角 ±π 内随机）
  到位(固定 5s): err_big=+1.80° err_small=+0.05°
  等待连续 3s 稳定（判据: 两轴误差 ≤ 3° 且 两轴速度 < 6°/s；任一越界即重新计时）…
    [稳定等待] 已等   0.0s  e_big=+1.80° e_small=+0.04°  |ω_big|=0.15°/s |ω_small|=0.01°/s  连续 0.0/3s
    [稳定等待] 已等   1.0s  e_big=+1.66° e_small=+0.04°  |ω_big|=0.13°/s |ω_small|=0.01°/s  连续 1.0/3s
    [稳定等待] 已等   2.0s  e_big=+1.53° e_small=+0.03°  |ω_big|=0.12°/s |ω_small|=0.01°/s  连续 2.0/3s
  ✓ 已稳定（第二段用时 3.00s，两段合计 8.00s）
  采样 300 点 (3.00 s @100Hz)…
  保存: _tmp4x/train_b/sysid_small_20260919_135053_01.npz
        _tmp4x/train_b/sysid_small_20260919_135053_01.csv  (300 行)

=== 段 3 === driven=big 轴 / held=small 轴  温度=(30,30)℃
  参考来源: recording_1778322622.npz[768:1068] 随机缩放=1.02
  driven 大 yaw: 中心=+2.178 rad 半幅=±0.357 rad(±20.4°)
  held   小 yaw: 目标=-0.232 rad (-13.3°)  [包络 -22°…+22°]
  到位(固定 5s): err_big=+3.31° err_small=-0.03°
  等待连续 3s 稳定（判据: 两轴误差 ≤ 3° 且 两轴速度 < 6°/s；任一越界即重新计时）…
    [稳定等待] 已等   0.0s  e_big=+3.31° e_small=-0.04°  |ω_big|=0.28°/s |ω_small|=0.01°/s  连续 0.0/3s  ← 未满足 e_big超差
    [稳定等待] 已等   1.0s  e_big=+3.04° e_small=-0.03°  |ω_big|=0.26°/s |ω_small|=0.01°/s  连续 0.0/3s  ← 未满足 e_big超差
    [稳定等待] 已等   2.0s  e_big=+2.79° e_small=-0.02°  |ω_big|=0.23°/s |ω_small|=0.01°/s  连续 0.9/3s
    [稳定等待] 已等   3.0s  e_big=+2.57° e_small=-0.02°  |ω_big|=0.21°/s |ω_small|=0.00°/s  连续 1.9/3s
    [稳定等待] 已等   4.0s  e_big=+2.36° e_small=-0.02°  |ω_big|=0.19°/s |ω_small|=0.00°/s  连续 2.9/3s
  ✓ 已稳定（第二段用时 4.16s，两段合计 9.16s）
  采样 300 点 (3.00 s @100Hz)…
  保存: _tmp4x/train_b/sysid_big_20260919_135110_02.npz
        _tmp4x/train_b/sysid_big_20260919_135110_02.csv  (300 行)

=== 段 4 === driven=small 轴 / held=big 轴  温度=(30,30)℃
  参考来源: recording_1778322622.npz[2036:2336] 随机缩放=0.26
  driven 小 yaw: 中心=+0.115 rad(+6.6°) 半幅=±0.304 rad(±17.4°)
    整条位于参考包络 [-22°, +22°] 内（硬限位 [-30°, +30°]，两侧各留 8° 跟踪余量; 中心 +0.0°）
  held   大 yaw: 目标=+2.864 rad（现有方位角 ±π 内随机）
  到位(固定 5s): err_big=-4.38° err_small=-1.02°
  等待连续 3s 稳定（判据: 两轴误差 ≤ 3° 且 两轴速度 < 6°/s；任一越界即重新计时）…
    [稳定等待] 已等   0.0s  e_big=-4.38° e_small=-1.03°  |ω_big|=0.40°/s |ω_small|=0.22°/s  连续 0.0/3s  ← 未满足 e_big超差
    [稳定等待] 已等   1.0s  e_big=-4.00° e_small=-0.83°  |ω_big|=0.36°/s |ω_small|=0.18°/s  连续 0.0/3s  ← 未满足 e_big超差
    [稳定等待] 已等   2.0s  e_big=-3.66° e_small=-0.67°  |ω_big|=0.32°/s |ω_small|=0.14°/s  连续 0.0/3s  ← 未满足 e_big超差
    [稳定等待] 已等   3.0s  e_big=-3.35° e_small=-0.55°  |ω_big|=0.29°/s |ω_small|=0.11°/s  连续 0.0/3s  ← 未满足 e_big超差
    [稳定等待] 已等   4.0s  e_big=-3.07° e_small=-0.44°  |ω_big|=0.26°/s |ω_small|=0.09°/s  连续 0.0/3s  ← 未满足 e_big超差
    [稳定等待] 已等   5.0s  e_big=-2.82° e_small=-0.36°  |ω_big|=0.24°/s |ω_small|=0.07°/s  连续 0.7/3s
    [稳定等待] 已等   6.0s  e_big=-2.60° e_small=-0.30°  |ω_big|=0.22°/s |ω_small|=0.06°/s  连续 1.7/3s
    [稳定等待] 已等   7.0s  e_big=-2.39° e_small=-0.24°  |ω_big|=0.20°/s |ω_small|=0.05°/s  连续 2.7/3s
  ✓ 已稳定（第二段用时 7.32s，两段合计 12.32s）
  采样 300 点 (3.00 s @100Hz)…
  保存: _tmp4x/train_b/sysid_small_20260919_135129_03.npz
        _tmp4x/train_b/sysid_small_20260919_135129_03.csv  (300 行)

=== 段 5 === driven=big 轴 / held=small 轴  温度=(30,30)℃
  参考来源: recording_1778327131.npz[722:1022] 随机缩放=0.52
  driven 大 yaw: 中心=+2.879 rad 半幅=±0.368 rad(±21.1°)
  held   小 yaw: 目标=+0.120 rad (+6.9°)  [包络 -22°…+22°]
  到位(固定 5s): err_big=-3.77° err_small=+0.64°
  等待连续 3s 稳定（判据: 两轴误差 ≤ 3° 且 两轴速度 < 6°/s；任一越界即重新计时）…
    [稳定等待] 已等   0.0s  e_big=-3.77° e_small=+0.64°  |ω_big|=0.33°/s |ω_small|=0.13°/s  连续 0.0/3s  ← 未满足 e_big超差
    [稳定等待] 已等   1.0s  e_big=-3.46° e_small=+0.52°  |ω_big|=0.30°/s |ω_small|=0.11°/s  连续 0.0/3s  ← 未满足 e_big超差
    [稳定等待] 已等   2.0s  e_big=-3.17° e_small=+0.42°  |ω_big|=0.27°/s |ω_small|=0.09°/s  连续 0.0/3s  ← 未满足 e_big超差
    [稳定等待] 已等   3.0s  e_big=-2.91° e_small=+0.35°  |ω_big|=0.25°/s |ω_small|=0.07°/s  连续 0.4/3s
    [稳定等待] 已等   4.0s  e_big=-2.68° e_small=+0.28°  |ω_big|=0.22°/s |ω_small|=0.06°/s  连续 1.4/3s
    [稳定等待] 已等   5.0s  e_big=-2.46° e_small=+0.23°  |ω_big|=0.20°/s |ω_small|=0.05°/s  连续 2.4/3s
  ✓ 已稳定（第二段用时 5.66s，两段合计 10.66s）
  采样 300 点 (3.00 s @100Hz)…
  保存: _tmp4x/train_b/sysid_big_20260919_135147_04.npz
        _tmp4x/train_b/sysid_big_20260919_135147_04.csv  (300 行)

=== 段 6 === driven=small 轴 / held=big 轴  温度=(30,30)℃
  参考来源: recording_1778330157.npz[15456:15756] 随机缩放=0.72
  driven 小 yaw: 中心=+0.175 rad(+10.0°) 半幅=±0.339 rad(±19.4°)
    整条位于参考包络 [-22°, +22°] 内（硬限位 [-30°, +30°]，两侧各留 8° 跟踪余量; 中心 +0.0°）
  held   大 yaw: 目标=+3.018 rad（现有方位角 ±π 内随机）
  到位(固定 5s): err_big=+3.51° err_small=-0.16°
  等待连续 3s 稳定（判据: 两轴误差 ≤ 3° 且 两轴速度 < 6°/s；任一越界即重新计时）…
    [稳定等待] 已等   0.0s  e_big=+3.51° e_small=-0.17°  |ω_big|=0.30°/s |ω_small|=0.03°/s  连续 0.0/3s  ← 未满足 e_big超差
    [稳定等待] 已等   1.0s  e_big=+3.22° e_small=-0.14°  |ω_big|=0.28°/s |ω_small|=0.03°/s  连续 0.0/3s  ← 未满足 e_big超差
    [稳定等待] 已等   2.0s  e_big=+2.95° e_small=-0.11°  |ω_big|=0.25°/s |ω_small|=0.02°/s  连续 0.2/3s
    [稳定等待] 已等   3.0s  e_big=+2.71° e_small=-0.09°  |ω_big|=0.23°/s |ω_small|=0.02°/s  连续 1.2/3s
    [稳定等待] 已等   4.0s  e_big=+2.49° e_small=-0.07°  |ω_big|=0.21°/s |ω_small|=0.01°/s  连续 2.2/3s
  ✓ 已稳定（第二段用时 4.83s，两段合计 9.83s）
  采样 300 点 (3.00 s @100Hz)…
  保存: _tmp4x/train_b/sysid_small_20260919_135203_05.npz
        _tmp4x/train_b/sysid_small_20260919_135203_05.csv  (300 行)

=== 段 7 === driven=big 轴 / held=small 轴  温度=(30,30)℃
  参考来源: recording_1778328241.npz[8570:8870] 随机缩放=0.71
  driven 大 yaw: 中心=+2.605 rad 半幅=±0.431 rad(±24.7°)
  held   小 yaw: 目标=-0.100 rad (-5.7°)  [包络 -22°…+22°]
  到位(固定 5s): err_big=+3.00° err_small=+0.47°
  等待连续 3s 稳定（判据: 两轴误差 ≤ 3° 且 两轴速度 < 6°/s；任一越界即重新计时）…
    [稳定等待] 已等   0.0s  e_big=+3.00° e_small=+0.47°  |ω_big|=0.25°/s |ω_small|=0.10°/s  连续 0.0/3s  ← 未满足 e_big超差
    [稳定等待] 已等   1.0s  e_big=+2.76° e_small=+0.38°  |ω_big|=0.23°/s |ω_small|=0.08°/s  连续 1.0/3s
    [稳定等待] 已等   2.0s  e_big=+2.54° e_small=+0.31°  |ω_big|=0.21°/s |ω_small|=0.06°/s  连续 2.0/3s
    [稳定等待] 已等   3.0s  e_big=+2.34° e_small=+0.25°  |ω_big|=0.19°/s |ω_small|=0.05°/s  连续 3.0/3s
  ✓ 已稳定（第二段用时 3.02s，两段合计 8.02s）
  采样 300 点 (3.00 s @100Hz)…
  保存: _tmp4x/train_b/sysid_big_20260919_135220_06.npz
        _tmp4x/train_b/sysid_big_20260919_135220_06.csv  (300 行)

=== 段 8 === driven=small 轴 / held=big 轴  温度=(30,30)℃
  参考来源: recording_1778341521.npz[16915:17215] 随机缩放=0.06
  driven 小 yaw: 中心=-0.130 rad(-7.4°) 半幅=±0.282 rad(±16.2°)
    整条位于参考包络 [-22°, +22°] 内（硬限位 [-30°, +30°]，两侧各留 8° 跟踪余量; 中心 +0.0°）
  held   大 yaw: 目标=+0.289 rad（现有方位角 ±π 内随机）
  到位(固定 5s): err_big=-4.23° err_small=-0.78°
  等待连续 3s 稳定（判据: 两轴误差 ≤ 3° 且 两轴速度 < 6°/s；任一越界即重新计时）…
    [稳定等待] 已等   0.0s  e_big=-4.23° e_small=-0.78°  |ω_big|=0.39°/s |ω_small|=0.16°/s  连续 0.0/3s  ← 未满足 e_big超差
    [稳定等待] 已等   1.0s  e_big=-3.86° e_small=-0.63°  |ω_big|=0.34°/s |ω_small|=0.13°/s  连续 0.0/3s  ← 未满足 e_big超差
    [稳定等待] 已等   2.0s  e_big=-3.54° e_small=-0.51°  |ω_big|=0.31°/s |ω_small|=0.10°/s  连续 0.0/3s  ← 未满足 e_big超差
    [稳定等待] 已等   3.0s  e_big=-3.24° e_small=-0.42°  |ω_big|=0.28°/s |ω_small|=0.09°/s  连续 0.0/3s  ← 未满足 e_big超差
    [稳定等待] 已等   4.0s  e_big=-2.98° e_small=-0.34°  |ω_big|=0.25°/s |ω_small|=0.07°/s  连续 0.1/3s
    [稳定等待] 已等   5.0s  e_big=-2.74° e_small=-0.28°  |ω_big|=0.23°/s |ω_small|=0.06°/s  连续 1.1/3s
    [稳定等待] 已等   6.0s  e_big=-2.52° e_small=-0.23°  |ω_big|=0.21°/s |ω_small|=0.05°/s  连续 2.1/3s
  ✓ 已稳定（第二段用时 6.94s，两段合计 11.94s）
  采样 300 点 (3.00 s @100Hz)…
  保存: _tmp4x/train_b/sysid_small_20260919_135240_07.npz
        _tmp4x/train_b/sysid_small_20260919_135240_07.csv  (300 行)

=== 段 9 === driven=big 轴 / held=small 轴  温度=(30,30)℃
  参考来源: recording_1778340524.npz[12469:12769] 随机缩放=0.58
  driven 大 yaw: 中心=+0.772 rad 半幅=±0.745 rad(±42.7°)
  held   小 yaw: 目标=-0.050 rad (-2.9°)  [包络 -22°…+22°]
  到位(固定 5s): err_big=-4.49° err_small=-1.00°
  等待连续 3s 稳定（判据: 两轴误差 ≤ 3° 且 两轴速度 < 6°/s；任一越界即重新计时）…
    [稳定等待] 已等   0.0s  e_big=-4.49° e_small=-0.99°  |ω_big|=0.42°/s |ω_small|=0.21°/s  连续 0.0/3s  ← 未满足 e_big超差
    [稳定等待] 已等   1.0s  e_big=-4.10° e_small=-0.80°  |ω_big|=0.37°/s |ω_small|=0.17°/s  连续 0.0/3s  ← 未满足 e_big超差
    [稳定等待] 已等   2.0s  e_big=-3.74° e_small=-0.65°  |ω_big|=0.33°/s |ω_small|=0.14°/s  连续 0.0/3s  ← 未满足 e_big超差
    [稳定等待] 已等   3.0s  e_big=-3.43° e_small=-0.53°  |ω_big|=0.30°/s |ω_small|=0.11°/s  连续 0.0/3s  ← 未满足 e_big超差
    [稳定等待] 已等   4.0s  e_big=-3.15° e_small=-0.43°  |ω_big|=0.27°/s |ω_small|=0.09°/s  连续 0.0/3s  ← 未满足 e_big超差
    [稳定等待] 已等   5.0s  e_big=-2.89° e_small=-0.35°  |ω_big|=0.24°/s |ω_small|=0.07°/s  连续 0.5/3s
    [稳定等待] 已等   6.0s  e_big=-2.65° e_small=-0.29°  |ω_big|=0.22°/s |ω_small|=0.06°/s  连续 1.5/3s
    [稳定等待] 已等   7.0s  e_big=-2.44° e_small=-0.23°  |ω_big|=0.20°/s |ω_small|=0.05°/s  连续 2.5/3s
  ✓ 已稳定（第二段用时 7.59s，两段合计 12.59s）
  采样 300 点 (3.00 s @100Hz)…
  保存: _tmp4x/train_b/sysid_big_20260919_135300_08.npz
        _tmp4x/train_b/sysid_big_20260919_135300_08.csv  (300 行)

=== 段 10 === driven=small 轴 / held=big 轴  温度=(30,30)℃
  参考来源: recording_1778330157.npz[13122:13422] 随机缩放=0.33
  driven 小 yaw: 中心=+0.076 rad(+4.4°) 半幅=±0.266 rad(±15.2°)
    整条位于参考包络 [-22°, +22°] 内（硬限位 [-30°, +30°]，两侧各留 8° 跟踪余量; 中心 +0.0°）
  held   大 yaw: 目标=+1.302 rad（现有方位角 ±π 内随机）
  到位(固定 5s): err_big=-1.75° err_small=-0.55°
  等待连续 3s 稳定（判据: 两轴误差 ≤ 3° 且 两轴速度 < 6°/s；任一越界即重新计时）…
    [稳定等待] 已等   0.0s  e_big=-1.75° e_small=-0.55°  |ω_big|=0.14°/s |ω_small|=0.11°/s  连续 0.0/3s
    [稳定等待] 已等   1.0s  e_big=-1.62° e_small=-0.45°  |ω_big|=0.13°/s |ω_small|=0.09°/s  连续 1.0/3s
    [稳定等待] 已等   2.0s  e_big=-1.49° e_small=-0.37°  |ω_big|=0.12°/s |ω_small|=0.07°/s  连续 2.0/3s
  ✓ 已稳定（第二段用时 3.00s，两段合计 8.00s）
  采样 300 点 (3.00 s @100Hz)…
  保存: _tmp4x/train_b/sysid_small_20260919_135315_09.npz
        _tmp4x/train_b/sysid_small_20260919_135315_09.csv  (300 行)

=== 段 11 === driven=big 轴 / held=small 轴  温度=(30,30)℃
  参考来源: recording_1778341844.npz[23994:24294] 随机缩放=1.85
  driven 大 yaw: 中心=+1.809 rad 半幅=±0.690 rad(±39.5°)
  held   小 yaw: 目标=+0.169 rad (+9.7°)  [包络 -22°…+22°]
  到位(固定 5s): err_big=-4.45° err_small=-0.98°
  等待连续 3s 稳定（判据: 两轴误差 ≤ 3° 且 两轴速度 < 6°/s；任一越界即重新计时）…
    [稳定等待] 已等   0.0s  e_big=-4.45° e_small=-0.98°  |ω_big|=0.41°/s |ω_small|=0.21°/s  连续 0.0/3s  ← 未满足 e_big超差
    [稳定等待] 已等   1.0s  e_big=-4.06° e_small=-0.79°  |ω_big|=0.37°/s |ω_small|=0.16°/s  连续 0.0/3s  ← 未满足 e_big超差
    [稳定等待] 已等   2.0s  e_big=-3.71° e_small=-0.64°  |ω_big|=0.33°/s |ω_small|=0.13°/s  连续 0.0/3s  ← 未满足 e_big超差
    [稳定等待] 已等   3.0s  e_big=-3.40° e_small=-0.52°  |ω_big|=0.29°/s |ω_small|=0.11°/s  连续 0.0/3s  ← 未满足 e_big超差
    [稳定等待] 已等   4.0s  e_big=-3.12° e_small=-0.42°  |ω_big|=0.27°/s |ω_small|=0.09°/s  连续 0.0/3s  ← 未满足 e_big超差
    [稳定等待] 已等   5.0s  e_big=-2.86° e_small=-0.35°  |ω_big|=0.24°/s |ω_small|=0.07°/s  连续 0.6/3s
    [稳定等待] 已等   6.0s  e_big=-2.63° e_small=-0.28°  |ω_big|=0.22°/s |ω_small|=0.06°/s  连续 1.6/3s
    [稳定等待] 已等   7.0s  e_big=-2.42° e_small=-0.23°  |ω_big|=0.20°/s |ω_small|=0.05°/s  连续 2.6/3s
  ✓ 已稳定（第二段用时 7.49s，两段合计 12.49s）
  采样 300 点 (3.00 s @100Hz)…
  保存: _tmp4x/train_b/sysid_big_20260919_135335_10.npz
        _tmp4x/train_b/sysid_big_20260919_135335_10.csv  (300 行)

=== 段 12 === driven=small 轴 / held=big 轴  温度=(30,30)℃
  参考来源: recording_1778327131.npz[2501:2801] 随机缩放=0.16
  driven 小 yaw: 中心=+0.048 rad(+2.8°) 半幅=±0.200 rad(±11.5°)
    整条位于参考包络 [-22°, +22°] 内（硬限位 [-30°, +30°]，两侧各留 8° 跟踪余量; 中心 +0.0°）
  held   大 yaw: 目标=+1.669 rad（现有方位角 ±π 内随机）
  到位(固定 5s): err_big=+3.25° err_small=+0.56°
  等待连续 3s 稳定（判据: 两轴误差 ≤ 3° 且 两轴速度 < 6°/s；任一越界即重新计时）…
    [稳定等待] 已等   0.0s  e_big=+3.25° e_small=+0.56°  |ω_big|=0.28°/s |ω_small|=0.11°/s  连续 0.0/3s  ← 未满足 e_big超差
    [稳定等待] 已等   1.0s  e_big=+2.98° e_small=+0.46°  |ω_big|=0.25°/s |ω_small|=0.09°/s  连续 0.1/3s
    [稳定等待] 已等   2.0s  e_big=+2.74° e_small=+0.37°  |ω_big|=0.23°/s |ω_small|=0.08°/s  连续 1.1/3s
    [稳定等待] 已等   3.0s  e_big=+2.52° e_small=+0.30°  |ω_big|=0.21°/s |ω_small|=0.06°/s  连续 2.1/3s
  ✓ 已稳定（第二段用时 3.95s，两段合计 8.95s）
  采样 300 点 (3.00 s @100Hz)…
  保存: _tmp4x/train_b/sysid_small_20260919_135352_11.npz
        _tmp4x/train_b/sysid_small_20260919_135352_11.csv  (300 行)

=== 段 13 === driven=big 轴 / held=small 轴  温度=(30,30)℃
  参考来源: recording_1778340524.npz[17495:17795] 随机缩放=0.50
  driven 大 yaw: 中心=+1.766 rad 半幅=±0.465 rad(±26.7°)
  held   小 yaw: 目标=+0.235 rad (+13.5°)  [包络 -22°…+22°]
  到位(固定 5s): err_big=-4.46° err_small=-0.77°
  等待连续 3s 稳定（判据: 两轴误差 ≤ 3° 且 两轴速度 < 6°/s；任一越界即重新计时）…
    [稳定等待] 已等   0.0s  e_big=-4.46° e_small=-0.77°  |ω_big|=0.41°/s |ω_small|=0.16°/s  连续 0.0/3s  ← 未满足 e_big超差
    [稳定等待] 已等   1.0s  e_big=-4.07° e_small=-0.63°  |ω_big|=0.37°/s |ω_small|=0.13°/s  连续 0.0/3s  ← 未满足 e_big超差
    [稳定等待] 已等   2.0s  e_big=-3.72° e_small=-0.51°  |ω_big|=0.33°/s |ω_small|=0.10°/s  连续 0.0/3s  ← 未满足 e_big超差
    [稳定等待] 已等   3.0s  e_big=-3.41° e_small=-0.41°  |ω_big|=0.29°/s |ω_small|=0.09°/s  连续 0.0/3s  ← 未满足 e_big超差
    [稳定等待] 已等   4.0s  e_big=-3.13° e_small=-0.34°  |ω_big|=0.27°/s |ω_small|=0.07°/s  连续 0.0/3s  ← 未满足 e_big超差
    [稳定等待] 已等   5.0s  e_big=-2.87° e_small=-0.27°  |ω_big|=0.24°/s |ω_small|=0.06°/s  连续 0.5/3s
    [稳定等待] 已等   6.0s  e_big=-2.64° e_small=-0.22°  |ω_big|=0.22°/s |ω_small|=0.04°/s  连续 1.5/3s
    [稳定等待] 已等   7.0s  e_big=-2.43° e_small=-0.18°  |ω_big|=0.20°/s |ω_small|=0.04°/s  连续 2.5/3s
  ✓ 已稳定（第二段用时 7.52s，两段合计 12.52s）
  采样 300 点 (3.00 s @100Hz)…
  保存: _tmp4x/train_b/sysid_big_20260919_135413_12.npz
        _tmp4x/train_b/sysid_big_20260919_135413_12.csv  (300 行)

=== 段 14 === driven=small 轴 / held=big 轴  温度=(30,30)℃
  参考来源: recording_1778341521.npz[22943:23243] 随机缩放=0.16
  driven 小 yaw: 中心=-0.009 rad(-0.5°) 半幅=±0.326 rad(±18.7°)
    整条位于参考包络 [-22°, +22°] 内（硬限位 [-30°, +30°]，两侧各留 8° 跟踪余量; 中心 +0.0°）
  held   大 yaw: 目标=+1.992 rad（现有方位角 ±π 内随机）
  到位(固定 5s): err_big=-1.45° err_small=-0.84°
  等待连续 3s 稳定（判据: 两轴误差 ≤ 3° 且 两轴速度 < 6°/s；任一越界即重新计时）…
    [稳定等待] 已等   0.0s  e_big=-1.45° e_small=-0.84°  |ω_big|=0.12°/s |ω_small|=0.18°/s  连续 0.0/3s
    [稳定等待] 已等   1.0s  e_big=-1.34° e_small=-0.68°  |ω_big|=0.11°/s |ω_small|=0.14°/s  连续 1.0/3s
    [稳定等待] 已等   2.0s  e_big=-1.24° e_small=-0.56°  |ω_big|=0.10°/s |ω_small|=0.11°/s  连续 2.0/3s
  ✓ 已稳定（第二段用时 3.00s，两段合计 8.00s）
  采样 300 点 (3.00 s @100Hz)…
  保存: _tmp4x/train_b/sysid_small_20260919_135429_13.npz
        _tmp4x/train_b/sysid_small_20260919_135429_13.csv  (300 行)

=== 段 15 === driven=big 轴 / held=small 轴  温度=(30,30)℃
  参考来源: recording_1778414251.npz[11894:12194] 随机缩放=0.12
  driven 大 yaw: 中心=+2.338 rad 半幅=±0.607 rad(±34.8°)
  held   小 yaw: 目标=+0.240 rad (+13.8°)  [包络 -22°…+22°]
  到位(固定 5s): err_big=+0.68° err_small=+0.18°
  等待连续 3s 稳定（判据: 两轴误差 ≤ 3° 且 两轴速度 < 6°/s；任一越界即重新计时）…
    [稳定等待] 已等   0.0s  e_big=+0.68° e_small=+0.18°  |ω_big|=0.05°/s |ω_small|=0.04°/s  连续 0.0/3s
    [稳定等待] 已等   1.0s  e_big=+0.63° e_small=+0.15°  |ω_big|=0.05°/s |ω_small|=0.03°/s  连续 1.0/3s
    [稳定等待] 已等   2.0s  e_big=+0.58° e_small=+0.12°  |ω_big|=0.05°/s |ω_small|=0.02°/s  连续 2.0/3s
  ✓ 已稳定（第二段用时 3.00s，两段合计 8.00s）
  采样 300 点 (3.00 s @100Hz)…
  保存: _tmp4x/train_b/sysid_big_20260919_135445_14.npz
        _tmp4x/train_b/sysid_big_20260919_135445_14.csv  (300 行)

=== 段 16 === driven=small 轴 / held=big 轴  温度=(30,30)℃
  参考来源: recording_1778340524.npz[20704:21004] 随机缩放=0.20
  driven 小 yaw: 中心=+0.045 rad(+2.6°) 半幅=±0.275 rad(±15.7°)
    整条位于参考包络 [-22°, +22°] 内（硬限位 [-30°, +30°]，两侧各留 8° 跟踪余量; 中心 +0.0°）
  held   大 yaw: 目标=+4.955 rad（现有方位角 ±π 内随机）
  到位(固定 5s): err_big=+2.63° err_small=+0.28°
  等待连续 3s 稳定（判据: 两轴误差 ≤ 3° 且 两轴速度 < 6°/s；任一越界即重新计时）…
    [稳定等待] 已等   0.0s  e_big=+2.63° e_small=+0.28°  |ω_big|=0.22°/s |ω_small|=0.06°/s  连续 0.0/3s
    [稳定等待] 已等   1.0s  e_big=+2.42° e_small=+0.23°  |ω_big|=0.20°/s |ω_small|=0.05°/s  连续 1.0/3s
    [稳定等待] 已等   2.0s  e_big=+2.23° e_small=+0.18°  |ω_big|=0.18°/s |ω_small|=0.04°/s  连续 2.0/3s
  ✓ 已稳定（第二段用时 3.00s，两段合计 8.00s）
  采样 300 点 (3.00 s @100Hz)…
  保存: _tmp4x/train_b/sysid_small_20260919_135501_15.npz
        _tmp4x/train_b/sysid_small_20260919_135501_15.csv  (300 行)

=== 段 17 === driven=big 轴 / held=small 轴  温度=(30,30)℃
  参考来源: recording_1778322622.npz[1543:1843] 随机缩放=0.56
  driven 大 yaw: 中心=+4.871 rad 半幅=±0.342 rad(±19.6°)
  held   小 yaw: 目标=-0.177 rad (-10.1°)  [包络 -22°…+22°]
  到位(固定 5s): err_big=+1.01° err_small=-0.23°
  等待连续 3s 稳定（判据: 两轴误差 ≤ 3° 且 两轴速度 < 6°/s；任一越界即重新计时）…
    [稳定等待] 已等   0.0s  e_big=+1.01° e_small=-0.24°  |ω_big|=0.08°/s |ω_small|=0.05°/s  连续 0.0/3s
    [稳定等待] 已等   1.0s  e_big=+0.93° e_small=-0.19°  |ω_big|=0.07°/s |ω_small|=0.04°/s  连续 1.0/3s
    [稳定等待] 已等   2.0s  e_big=+0.86° e_small=-0.16°  |ω_big|=0.07°/s |ω_small|=0.03°/s  连续 2.0/3s
  ✓ 已稳定（第二段用时 3.00s，两段合计 8.00s）
  采样 300 点 (3.00 s @100Hz)…
  保存: _tmp4x/train_b/sysid_big_20260919_135517_16.npz
        _tmp4x/train_b/sysid_big_20260919_135517_16.csv  (300 行)

=== 段 18 === driven=small 轴 / held=big 轴  温度=(30,30)℃
  参考来源: recording_1778322622.npz[539:839] 随机缩放=0.23
  driven 小 yaw: 中心=+0.015 rad(+0.9°) 半幅=±0.202 rad(±11.6°)
    整条位于参考包络 [-22°, +22°] 内（硬限位 [-30°, +30°]，两侧各留 8° 跟踪余量; 中心 +0.0°）
  held   大 yaw: 目标=+4.583 rad（现有方位角 ±π 内随机）
  到位(固定 5s): err_big=-1.15° err_small=-0.37°
  等待连续 3s 稳定（判据: 两轴误差 ≤ 3° 且 两轴速度 < 6°/s；任一越界即重新计时）…
    [稳定等待] 已等   0.0s  e_big=-1.15° e_small=-0.38°  |ω_big|=0.09°/s |ω_small|=0.07°/s  连续 0.0/3s
    [稳定等待] 已等   1.0s  e_big=-1.06° e_small=-0.31°  |ω_big|=0.08°/s |ω_small|=0.06°/s  连续 1.0/3s
    [稳定等待] 已等   2.0s  e_big=-0.98° e_small=-0.25°  |ω_big|=0.08°/s |ω_small|=0.05°/s  连续 2.0/3s
  ✓ 已稳定（第二段用时 3.00s，两段合计 8.00s）
  采样 300 点 (3.00 s @100Hz)…
  保存: _tmp4x/train_b/sysid_small_20260919_135533_17.npz
        _tmp4x/train_b/sysid_small_20260919_135533_17.csv  (300 行)

=== 段 19 === driven=big 轴 / held=small 轴  温度=(30,30)℃
  参考来源: recording_1778322660.npz[678:978] 随机缩放=1.02
  driven 大 yaw: 中心=+5.047 rad 半幅=±0.714 rad(±40.9°)
  held   小 yaw: 目标=-0.140 rad (-8.0°)  [包络 -22°…+22°]
  到位(固定 5s): err_big=-4.56° err_small=-0.94°
  等待连续 3s 稳定（判据: 两轴误差 ≤ 3° 且 两轴速度 < 6°/s；任一越界即重新计时）…
    [稳定等待] 已等   0.0s  e_big=-4.56° e_small=-0.94°  |ω_big|=0.43°/s |ω_small|=0.20°/s  连续 0.0/3s  ← 未满足 e_big超差
    [稳定等待] 已等   1.0s  e_big=-4.16° e_small=-0.76°  |ω_big|=0.38°/s |ω_small|=0.16°/s  连续 0.0/3s  ← 未满足 e_big超差
    [稳定等待] 已等   2.0s  e_big=-3.80° e_small=-0.62°  |ω_big|=0.34°/s |ω_small|=0.13°/s  连续 0.0/3s  ← 未满足 e_big超差
    [稳定等待] 已等   3.0s  e_big=-3.48° e_small=-0.50°  |ω_big|=0.30°/s |ω_small|=0.10°/s  连续 0.0/3s  ← 未满足 e_big超差
    [稳定等待] 已等   4.0s  e_big=-3.19° e_small=-0.41°  |ω_big|=0.27°/s |ω_small|=0.08°/s  连续 0.0/3s  ← 未满足 e_big超差
    [稳定等待] 已等   5.0s  e_big=-2.93° e_small=-0.33°  |ω_big|=0.25°/s |ω_small|=0.07°/s  连续 0.3/3s
    [稳定等待] 已等   6.0s  e_big=-2.70° e_small=-0.27°  |ω_big|=0.23°/s |ω_small|=0.06°/s  连续 1.3/3s
    [稳定等待] 已等   7.0s  e_big=-2.48° e_small=-0.22°  |ω_big|=0.21°/s |ω_small|=0.05°/s  连续 2.3/3s
  ✓ 已稳定（第二段用时 7.75s，两段合计 12.75s）
  采样 300 点 (3.00 s @100Hz)…
  保存: _tmp4x/train_b/sysid_big_20260919_135554_18.npz
        _tmp4x/train_b/sysid_big_20260919_135554_18.csv  (300 行)

=== 段 20 === driven=small 轴 / held=big 轴  温度=(30,30)℃
  参考来源: recording_1778322660.npz[1955:2255] 随机缩放=0.18
  driven 小 yaw: 中心=-0.138 rad(-7.9°) 半幅=±0.261 rad(±15.0°)
    整条位于参考包络 [-22°, +22°] 内（硬限位 [-30°, +30°]，两侧各留 8° 跟踪余量; 中心 +0.0°）
  held   大 yaw: 目标=+6.954 rad（现有方位角 ±π 内随机）
  到位(固定 5s): err_big=+3.64° err_small=+0.59°
  等待连续 3s 稳定（判据: 两轴误差 ≤ 3° 且 两轴速度 < 6°/s；任一越界即重新计时）…
    [稳定等待] 已等   0.0s  e_big=+3.64° e_small=+0.59°  |ω_big|=0.32°/s |ω_small|=0.12°/s  连续 0.0/3s  ← 未满足 e_big超差
    [稳定等待] 已等   1.0s  e_big=+3.34° e_small=+0.48°  |ω_big|=0.29°/s |ω_small|=0.10°/s  连续 0.0/3s  ← 未满足 e_big超差
    [稳定等待] 已等   2.0s  e_big=+3.07° e_small=+0.39°  |ω_big|=0.26°/s |ω_small|=0.08°/s  连续 0.0/3s  ← 未满足 e_big超差
    [稳定等待] 已等   3.0s  e_big=+2.82° e_small=+0.32°  |ω_big|=0.24°/s |ω_small|=0.07°/s  连续 0.8/3s
    [稳定等待] 已等   4.0s  e_big=+2.59° e_small=+0.26°  |ω_big|=0.22°/s |ω_small|=0.05°/s  连续 1.8/3s
    [稳定等待] 已等   5.0s  e_big=+2.38° e_small=+0.21°  |ω_big|=0.20°/s |ω_small|=0.04°/s  连续 2.8/3s
  ✓ 已稳定（第二段用时 5.26s，两段合计 10.26s）
  采样 300 点 (3.00 s @100Hz)…
  保存: _tmp4x/train_b/sysid_small_20260919_135611_19.npz
        _tmp4x/train_b/sysid_small_20260919_135611_19.csv  (300 行)

=== 段 21 === driven=big 轴 / held=small 轴  温度=(30,30)℃
  参考来源: recording_1778414251.npz[29338:29638] 随机缩放=3.89
  driven 大 yaw: 中心=+7.299 rad 半幅=±0.464 rad(±26.6°)
  held   小 yaw: 目标=+0.202 rad (+11.6°)  [包络 -22°…+22°]
  到位(固定 5s): err_big=-3.38° err_small=-0.48°
  等待连续 3s 稳定（判据: 两轴误差 ≤ 3° 且 两轴速度 < 6°/s；任一越界即重新计时）…
    [稳定等待] 已等   0.0s  e_big=-3.38° e_small=-0.48°  |ω_big|=0.29°/s |ω_small|=0.10°/s  连续 0.0/3s  ← 未满足 e_big超差
    [稳定等待] 已等   1.0s  e_big=-3.10° e_small=-0.39°  |ω_big|=0.26°/s |ω_small|=0.08°/s  连续 0.0/3s  ← 未满足 e_big超差
    [稳定等待] 已等   2.0s  e_big=-2.85° e_small=-0.32°  |ω_big|=0.24°/s |ω_small|=0.07°/s  连续 0.6/3s
    [稳定等待] 已等   3.0s  e_big=-2.62° e_small=-0.26°  |ω_big|=0.22°/s |ω_small|=0.05°/s  连续 1.6/3s
    [稳定等待] 已等   4.0s  e_big=-2.41° e_small=-0.21°  |ω_big|=0.20°/s |ω_small|=0.04°/s  连续 2.6/3s
  ✓ 已稳定（第二段用时 4.40s，两段合计 9.40s）
  采样 300 点 (3.00 s @100Hz)…
  保存: _tmp4x/train_b/sysid_big_20260919_135628_20.npz
        _tmp4x/train_b/sysid_big_20260919_135628_20.csv  (300 行)

=== 段 22 === driven=small 轴 / held=big 轴  温度=(30,30)℃
  参考来源: recording_1778414251.npz[5446:5746] 随机缩放=1.01
  driven 小 yaw: 中心=+0.075 rad(+4.3°) 半幅=±0.290 rad(±16.6°)
    整条位于参考包络 [-22°, +22°] 内（硬限位 [-30°, +30°]，两侧各留 8° 跟踪余量; 中心 +0.0°）
  held   大 yaw: 目标=+7.799 rad（现有方位角 ±π 内随机）
  到位(固定 5s): err_big=-3.96° err_small=-0.97°
  等待连续 3s 稳定（判据: 两轴误差 ≤ 3° 且 两轴速度 < 6°/s；任一越界即重新计时）…
    [稳定等待] 已等   0.0s  e_big=-3.96° e_small=-0.97°  |ω_big|=0.35°/s |ω_small|=0.21°/s  连续 0.0/3s  ← 未满足 e_big超差
    [稳定等待] 已等   1.0s  e_big=-3.62° e_small=-0.79°  |ω_big|=0.32°/s |ω_small|=0.17°/s  连续 0.0/3s  ← 未满足 e_big超差
    [稳定等待] 已等   2.0s  e_big=-3.32° e_small=-0.64°  |ω_big|=0.29°/s |ω_small|=0.14°/s  连续 0.0/3s  ← 未满足 e_big超差
    [稳定等待] 已等   3.0s  e_big=-3.05° e_small=-0.52°  |ω_big|=0.26°/s |ω_small|=0.11°/s  连续 0.0/3s  ← 未满足 e_big超差
    [稳定等待] 已等   4.0s  e_big=-2.80° e_small=-0.42°  |ω_big|=0.24°/s |ω_small|=0.09°/s  连续 0.8/3s
    [稳定等待] 已等   5.0s  e_big=-2.58° e_small=-0.34°  |ω_big|=0.21°/s |ω_small|=0.07°/s  连续 1.8/3s
    [稳定等待] 已等   6.0s  e_big=-2.37° e_small=-0.28°  |ω_big|=0.20°/s |ω_small|=0.05°/s  连续 2.8/3s
  ✓ 已稳定（第二段用时 6.21s，两段合计 11.21s）
  采样 300 点 (3.00 s @100Hz)…
  保存: _tmp4x/train_b/sysid_small_20260919_135647_21.npz
        _tmp4x/train_b/sysid_small_20260919_135647_21.csv  (300 行)

=== 段 23 === driven=big 轴 / held=small 轴  温度=(30,30)℃
  参考来源: recording_1778341012.npz[20111:20411] 随机缩放=0.40
  driven 大 yaw: 中心=+8.176 rad 半幅=±0.500 rad(±28.6°)
  held   小 yaw: 目标=-0.055 rad (-3.1°)  [包络 -22°…+22°]
  到位(固定 5s): err_big=-0.73° err_small=+0.29°
  等待连续 3s 稳定（判据: 两轴误差 ≤ 3° 且 两轴速度 < 6°/s；任一越界即重新计时）…
    [稳定等待] 已等   0.0s  e_big=-0.73° e_small=+0.29°  |ω_big|=0.06°/s |ω_small|=0.06°/s  连续 0.0/3s
    [稳定等待] 已等   1.0s  e_big=-0.68° e_small=+0.24°  |ω_big|=0.05°/s |ω_small|=0.05°/s  连续 1.0/3s
    [稳定等待] 已等   2.0s  e_big=-0.63° e_small=+0.19°  |ω_big|=0.05°/s |ω_small|=0.04°/s  连续 2.0/3s
  ✓ 已稳定（第二段用时 3.00s，两段合计 8.00s）
  采样 300 点 (3.00 s @100Hz)…
  保存: _tmp4x/train_b/sysid_big_20260919_135703_22.npz
        _tmp4x/train_b/sysid_big_20260919_135703_22.csv  (300 行)

=== 段 24 === driven=small 轴 / held=big 轴  温度=(30,30)℃
  参考来源: recording_1778330157.npz[28465:28765] 随机缩放=0.18
  driven 小 yaw: 中心=-0.113 rad(-6.5°) 半幅=±0.250 rad(±14.3°)
    整条位于参考包络 [-22°, +22°] 内（硬限位 [-30°, +30°]，两侧各留 8° 跟踪余量; 中心 +0.0°）
  held   大 yaw: 目标=+5.185 rad（现有方位角 ±π 内随机）
  到位(固定 5s): err_big=-5.07° err_small=-1.17°
  等待连续 3s 稳定（判据: 两轴误差 ≤ 3° 且 两轴速度 < 6°/s；任一越界即重新计时）…
    [稳定等待] 已等   0.0s  e_big=-5.07° e_small=-1.17°  |ω_big|=0.50°/s |ω_small|=0.25°/s  连续 0.0/3s  ← 未满足 e_big超差
    [稳定等待] 已等   1.0s  e_big=-4.60° e_small=-0.94°  |ω_big|=0.43°/s |ω_small|=0.20°/s  连续 0.0/3s  ← 未满足 e_big超差
    [稳定等待] 已等   2.0s  e_big=-4.20° e_small=-0.76°  |ω_big|=0.38°/s |ω_small|=0.15°/s  连续 0.0/3s  ← 未满足 e_big超差
    [稳定等待] 已等   3.0s  e_big=-3.84° e_small=-0.62°  |ω_big|=0.34°/s |ω_small|=0.13°/s  连续 0.0/3s  ← 未满足 e_big超差
    [稳定等待] 已等   4.0s  e_big=-3.51° e_small=-0.50°  |ω_big|=0.31°/s |ω_small|=0.10°/s  连续 0.0/3s  ← 未满足 e_big超差
    [稳定等待] 已等   5.0s  e_big=-3.22° e_small=-0.41°  |ω_big|=0.28°/s |ω_small|=0.09°/s  连续 0.0/3s  ← 未满足 e_big超差
    [稳定等待] 已等   6.0s  e_big=-2.96° e_small=-0.33°  |ω_big|=0.25°/s |ω_small|=0.07°/s  连续 0.2/3s
    [稳定等待] 已等   7.0s  e_big=-2.72° e_small=-0.27°  |ω_big|=0.23°/s |ω_small|=0.06°/s  连续 1.2/3s
    [稳定等待] 已等   8.0s  e_big=-2.50° e_small=-0.22°  |ω_big|=0.21°/s |ω_small|=0.05°/s  连续 2.2/3s
  ✓ 已稳定（第二段用时 8.86s，两段合计 13.86s）
  采样 300 点 (3.00 s @100Hz)…
  保存: _tmp4x/train_b/sysid_small_20260919_135725_23.npz
        _tmp4x/train_b/sysid_small_20260919_135725_23.csv  (300 行)

=== 段 25 === driven=big 轴 / held=small 轴  温度=(30,30)℃
  参考来源: recording_1778340524.npz[25462:25762] 随机缩放=0.49
  driven 大 yaw: 中心=+4.919 rad 半幅=±0.685 rad(±39.2°)
  held   小 yaw: 目标=-0.007 rad (-0.4°)  [包络 -22°…+22°]
  到位(固定 5s): err_big=-2.20° err_small=+0.13°
  等待连续 3s 稳定（判据: 两轴误差 ≤ 3° 且 两轴速度 < 6°/s；任一越界即重新计时）…
    [稳定等待] 已等   0.0s  e_big=-2.20° e_small=+0.13°  |ω_big|=0.18°/s |ω_small|=0.03°/s  连续 0.0/3s
    [稳定等待] 已等   1.0s  e_big=-2.02° e_small=+0.11°  |ω_big|=0.17°/s |ω_small|=0.02°/s  连续 1.0/3s
    [稳定等待] 已等   2.0s  e_big=-1.86° e_small=+0.09°  |ω_big|=0.15°/s |ω_small|=0.02°/s  连续 2.0/3s
  ✓ 已稳定（第二段用时 3.00s，两段合计 8.00s）
  采样 300 点 (3.00 s @100Hz)…
  保存: _tmp4x/train_b/sysid_big_20260919_135740_24.npz
        _tmp4x/train_b/sysid_big_20260919_135740_24.csv  (300 行)

=== 段 26 === driven=small 轴 / held=big 轴  温度=(30,30)℃
  参考来源: recording_1778414251.npz[16999:17299] 随机缩放=0.01
  driven 小 yaw: 中心=-0.088 rad(-5.0°) 半幅=±0.275 rad(±15.7°)
    整条位于参考包络 [-22°, +22°] 内（硬限位 [-30°, +30°]，两侧各留 8° 跟踪余量; 中心 +0.0°）
  held   大 yaw: 目标=+7.611 rad（现有方位角 ±π 内随机）
  到位(固定 5s): err_big=+4.74° err_small=+1.31°
  等待连续 3s 稳定（判据: 两轴误差 ≤ 3° 且 两轴速度 < 6°/s；任一越界即重新计时）…
    [稳定等待] 已等   0.0s  e_big=+4.74° e_small=+1.31°  |ω_big|=0.45°/s |ω_small|=0.29°/s  连续 0.0/3s  ← 未满足 e_big超差
    [稳定等待] 已等   1.0s  e_big=+4.32° e_small=+1.06°  |ω_big|=0.40°/s |ω_small|=0.22°/s  连续 0.0/3s  ← 未满足 e_big超差
    [稳定等待] 已等   2.0s  e_big=+3.94° e_small=+0.85°  |ω_big|=0.35°/s |ω_small|=0.18°/s  连续 0.0/3s  ← 未满足 e_big超差
    [稳定等待] 已等   3.0s  e_big=+3.61° e_small=+0.69°  |ω_big|=0.32°/s |ω_small|=0.14°/s  连续 0.0/3s  ← 未满足 e_big超差
    [稳定等待] 已等   4.0s  e_big=+3.31° e_small=+0.56°  |ω_big|=0.28°/s |ω_small|=0.12°/s  连续 0.0/3s  ← 未满足 e_big超差
    [稳定等待] 已等   5.0s  e_big=+3.04° e_small=+0.46°  |ω_big|=0.26°/s |ω_small|=0.10°/s  连续 0.0/3s  ← 未满足 e_big超差
    [稳定等待] 已等   6.0s  e_big=+2.79° e_small=+0.37°  |ω_big|=0.23°/s |ω_small|=0.07°/s  连续 0.9/3s
    [稳定等待] 已等   7.0s  e_big=+2.56° e_small=+0.30°  |ω_big|=0.21°/s |ω_small|=0.06°/s  连续 1.9/3s
    [稳定等待] 已等   8.1s  e_big=+2.36° e_small=+0.25°  |ω_big|=0.19°/s |ω_small|=0.05°/s  连续 2.9/3s
  ✓ 已稳定（第二段用时 8.17s，两段合计 13.17s）
  采样 300 点 (3.00 s @100Hz)…
  保存: _tmp4x/train_b/sysid_small_20260919_135800_25.npz
        _tmp4x/train_b/sysid_small_20260919_135800_25.csv  (300 行)

=== 段 27 === driven=big 轴 / held=small 轴  温度=(30,30)℃
  参考来源: recording_1778341844.npz[17611:17911] 随机缩放=0.80
  driven 大 yaw: 中心=+7.631 rad 半幅=±0.505 rad(±29.0°)
  held   小 yaw: 目标=-0.236 rad (-13.5°)  [包络 -22°…+22°]
  到位(固定 5s): err_big=+3.33° err_small=+0.32°
  等待连续 3s 稳定（判据: 两轴误差 ≤ 3° 且 两轴速度 < 6°/s；任一越界即重新计时）…
    [稳定等待] 已等   0.0s  e_big=+3.33° e_small=+0.32°  |ω_big|=0.29°/s |ω_small|=0.07°/s  连续 0.0/3s  ← 未满足 e_big超差
    [稳定等待] 已等   1.0s  e_big=+3.06° e_small=+0.26°  |ω_big|=0.26°/s |ω_small|=0.06°/s  连续 0.0/3s  ← 未满足 e_big超差
    [稳定等待] 已等   2.0s  e_big=+2.81° e_small=+0.21°  |ω_big|=0.24°/s |ω_small|=0.04°/s  连续 0.8/3s
    [稳定等待] 已等   3.0s  e_big=+2.58° e_small=+0.17°  |ω_big|=0.21°/s |ω_small|=0.04°/s  连续 1.8/3s
    [稳定等待] 已等   4.0s  e_big=+2.37° e_small=+0.14°  |ω_big|=0.20°/s |ω_small|=0.03°/s  连续 2.8/3s
  ✓ 已稳定（第二段用时 4.22s，两段合计 9.22s）
  采样 300 点 (3.00 s @100Hz)…
  保存: _tmp4x/train_b/sysid_big_20260919_135817_26.npz
        _tmp4x/train_b/sysid_big_20260919_135817_26.csv  (300 行)

=== 段 28 === driven=small 轴 / held=big 轴  温度=(30,30)℃
  参考来源: recording_1778322622.npz[611:911] 随机缩放=0.37
  driven 小 yaw: 中心=+0.054 rad(+3.1°) 半幅=±0.284 rad(±16.3°)
    整条位于参考包络 [-22°, +22°] 内（硬限位 [-30°, +30°]，两侧各留 8° 跟踪余量; 中心 +0.0°）
  held   大 yaw: 目标=+11.042 rad（现有方位角 ±π 内随机）
  到位(固定 5s): err_big=+5.00° err_small=+1.22°
  等待连续 3s 稳定（判据: 两轴误差 ≤ 3° 且 两轴速度 < 6°/s；任一越界即重新计时）…
    [稳定等待] 已等   0.0s  e_big=+5.00° e_small=+1.22°  |ω_big|=0.49°/s |ω_small|=0.26°/s  连续 0.0/3s  ← 未满足 e_big超差
    [稳定等待] 已等   1.0s  e_big=+4.54° e_small=+0.98°  |ω_big|=0.42°/s |ω_small|=0.21°/s  连续 0.0/3s  ← 未满足 e_big超差
    [稳定等待] 已等   2.0s  e_big=+4.14° e_small=+0.80°  |ω_big|=0.37°/s |ω_small|=0.17°/s  连续 0.0/3s  ← 未满足 e_big超差
    [稳定等待] 已等   3.0s  e_big=+3.79° e_small=+0.65°  |ω_big|=0.33°/s |ω_small|=0.13°/s  连续 0.0/3s  ← 未满足 e_big超差
    [稳定等待] 已等   4.0s  e_big=+3.47° e_small=+0.52°  |ω_big|=0.30°/s |ω_small|=0.11°/s  连续 0.0/3s  ← 未满足 e_big超差
    [稳定等待] 已等   5.0s  e_big=+3.18° e_small=+0.43°  |ω_big|=0.27°/s |ω_small|=0.09°/s  连续 0.0/3s  ← 未满足 e_big超差
    [稳定等待] 已等   6.0s  e_big=+2.92° e_small=+0.35°  |ω_big|=0.25°/s |ω_small|=0.07°/s  连续 0.3/3s
    [稳定等待] 已等   7.0s  e_big=+2.68° e_small=+0.28°  |ω_big|=0.22°/s |ω_small|=0.06°/s  连续 1.3/3s
    [稳定等待] 已等   8.0s  e_big=+2.47° e_small=+0.23°  |ω_big|=0.20°/s |ω_small|=0.05°/s  连续 2.3/3s
  ✓ 已稳定（第二段用时 8.71s，两段合计 13.71s）
  采样 300 点 (3.00 s @100Hz)…
  保存: _tmp4x/train_b/sysid_small_20260919_135839_27.npz
        _tmp4x/train_b/sysid_small_20260919_135839_27.csv  (300 行)

=== 段 29 === driven=big 轴 / held=small 轴  温度=(30,30)℃
  参考来源: recording_1778322660.npz[828:1128] 随机缩放=0.50
  driven 大 yaw: 中心=+11.407 rad 半幅=±0.400 rad(±22.9°)
  held   小 yaw: 目标=-0.101 rad (-5.8°)  [包络 -22°…+22°]
  到位(固定 5s): err_big=+0.13° err_small=-0.47°
  等待连续 3s 稳定（判据: 两轴误差 ≤ 3° 且 两轴速度 < 6°/s；任一越界即重新计时）…
    [稳定等待] 已等   0.0s  e_big=+0.13° e_small=-0.47°  |ω_big|=0.00°/s |ω_small|=0.10°/s  连续 0.0/3s
    [稳定等待] 已等   1.0s  e_big=+0.13° e_small=-0.39°  |ω_big|=0.00°/s |ω_small|=0.08°/s  连续 1.0/3s
    [稳定等待] 已等   2.0s  e_big=+0.13° e_small=-0.32°  |ω_big|=0.00°/s |ω_small|=0.07°/s  连续 2.0/3s
  ✓ 已稳定（第二段用时 3.00s，两段合计 8.00s）
  采样 300 点 (3.00 s @100Hz)…
  保存: _tmp4x/train_b/sysid_big_20260919_135856_28.npz
        _tmp4x/train_b/sysid_big_20260919_135856_28.csv  (300 行)

=== 段 30 === driven=small 轴 / held=big 轴  温度=(30,30)℃
  参考来源: recording_1778330157.npz[4145:4445] 随机缩放=0.12
  driven 小 yaw: 中心=+0.108 rad(+6.2°) 半幅=±0.249 rad(±14.2°)
    整条位于参考包络 [-22°, +22°] 内（硬限位 [-30°, +30°]，两侧各留 8° 跟踪余量; 中心 +0.0°）
  held   大 yaw: 目标=+8.757 rad（现有方位角 ±π 内随机）
  到位(固定 5s): err_big=-5.06° err_small=-1.15°
  等待连续 3s 稳定（判据: 两轴误差 ≤ 3° 且 两轴速度 < 6°/s；任一越界即重新计时）…
    [稳定等待] 已等   0.0s  e_big=-5.06° e_small=-1.16°  |ω_big|=0.50°/s |ω_small|=0.25°/s  连续 0.0/3s  ← 未满足 e_big超差
    [稳定等待] 已等   1.0s  e_big=-4.60° e_small=-0.93°  |ω_big|=0.43°/s |ω_small|=0.19°/s  连续 0.0/3s  ← 未满足 e_big超差
    [稳定等待] 已等   2.0s  e_big=-4.19° e_small=-0.75°  |ω_big|=0.38°/s |ω_small|=0.15°/s  连续 0.0/3s  ← 未满足 e_big超差
    [稳定等待] 已等   3.0s  e_big=-3.83° e_small=-0.61°  |ω_big|=0.34°/s |ω_small|=0.13°/s  连续 0.0/3s  ← 未满足 e_big超差
    [稳定等待] 已等   4.0s  e_big=-3.50° e_small=-0.50°  |ω_big|=0.30°/s |ω_small|=0.10°/s  连续 0.0/3s  ← 未满足 e_big超差
    [稳定等待] 已等   5.0s  e_big=-3.21° e_small=-0.41°  |ω_big|=0.27°/s |ω_small|=0.08°/s  连续 0.0/3s  ← 未满足 e_big超差
    [稳定等待] 已等   6.0s  e_big=-2.95° e_small=-0.33°  |ω_big|=0.25°/s |ω_small|=0.07°/s  连续 0.2/3s
    [稳定等待] 已等   7.0s  e_big=-2.71° e_small=-0.27°  |ω_big|=0.23°/s |ω_small|=0.05°/s  连续 1.2/3s
    [稳定等待] 已等   8.0s  e_big=-2.50° e_small=-0.22°  |ω_big|=0.21°/s |ω_small|=0.05°/s  连续 2.2/3s
  ✓ 已稳定（第二段用时 8.85s，两段合计 13.85s）
  采样 300 点 (3.00 s @100Hz)…
  保存: _tmp4x/train_b/sysid_small_20260919_135917_29.npz
        _tmp4x/train_b/sysid_small_20260919_135917_29.csv  (300 行)

=== 段 31 === driven=big 轴 / held=small 轴  温度=(30,30)℃
  参考来源: recording_1778322622.npz[161:461] 随机缩放=0.42
  driven 大 yaw: 中心=+9.003 rad 半幅=±0.413 rad(±23.7°)
  held   小 yaw: 目标=-0.257 rad (-14.8°)  [包络 -22°…+22°]
  到位(固定 5s): err_big=+2.74° err_small=+0.00°
  等待连续 3s 稳定（判据: 两轴误差 ≤ 3° 且 两轴速度 < 6°/s；任一越界即重新计时）…
    [稳定等待] 已等   0.0s  e_big=+2.74° e_small=+0.00°  |ω_big|=0.23°/s |ω_small|=0.00°/s  连续 0.0/3s
    [稳定等待] 已等   1.0s  e_big=+2.51° e_small=+0.00°  |ω_big|=0.21°/s |ω_small|=0.00°/s  连续 1.0/3s
    [稳定等待] 已等   2.0s  e_big=+2.32° e_small=-0.00°  |ω_big|=0.19°/s |ω_small|=0.00°/s  连续 2.0/3s
  ✓ 已稳定（第二段用时 3.00s，两段合计 8.00s）
  采样 300 点 (3.00 s @100Hz)…
  保存: _tmp4x/train_b/sysid_big_20260919_135933_30.npz
        _tmp4x/train_b/sysid_big_20260919_135933_30.csv  (300 行)

=== 段 32 === driven=small 轴 / held=big 轴  温度=(30,30)℃
  参考来源: recording_1778341521.npz[16563:16863] 随机缩放=0.09
  driven 小 yaw: 中心=-0.109 rad(-6.2°) 半幅=±0.319 rad(±18.3°)
    整条位于参考包络 [-22°, +22°] 内（硬限位 [-30°, +30°]，两侧各留 8° 跟踪余量; 中心 +0.0°）
  held   大 yaw: 目标=+7.911 rad（现有方位角 ±π 内随机）
  到位(固定 5s): err_big=+0.45° err_small=+0.29°
  等待连续 3s 稳定（判据: 两轴误差 ≤ 3° 且 两轴速度 < 6°/s；任一越界即重新计时）…
    [稳定等待] 已等   0.0s  e_big=+0.45° e_small=+0.28°  |ω_big|=0.04°/s |ω_small|=0.06°/s  连续 0.0/3s
    [稳定等待] 已等   1.0s  e_big=+0.41° e_small=+0.23°  |ω_big|=0.03°/s |ω_small|=0.05°/s  连续 1.0/3s
    [稳定等待] 已等   2.0s  e_big=+0.38° e_small=+0.19°  |ω_big|=0.03°/s |ω_small|=0.04°/s  连续 2.0/3s
  ✓ 已稳定（第二段用时 3.00s，两段合计 8.00s）
  采样 300 点 (3.00 s @100Hz)…
  保存: _tmp4x/train_b/sysid_small_20260919_135948_31.npz
        _tmp4x/train_b/sysid_small_20260919_135948_31.csv  (300 行)

=== 段 33 === driven=big 轴 / held=small 轴  温度=(30,30)℃
  参考来源: recording_1778341521.npz[33904:34204] 随机缩放=2.24
  driven 大 yaw: 中心=+8.426 rad 半幅=±0.867 rad(±49.7°)
  held   小 yaw: 目标=-0.073 rad (-4.2°)  [包络 -22°…+22°]
  到位(固定 5s): err_big=-0.84° err_small=-0.37°
  等待连续 3s 稳定（判据: 两轴误差 ≤ 3° 且 两轴速度 < 6°/s；任一越界即重新计时）…
    [稳定等待] 已等   0.0s  e_big=-0.84° e_small=-0.37°  |ω_big|=0.07°/s |ω_small|=0.08°/s  连续 0.0/3s
    [稳定等待] 已等   1.0s  e_big=-0.77° e_small=-0.30°  |ω_big|=0.06°/s |ω_small|=0.06°/s  连续 1.0/3s
    [稳定等待] 已等   2.0s  e_big=-0.71° e_small=-0.25°  |ω_big|=0.06°/s |ω_small|=0.05°/s  连续 2.0/3s
  ✓ 已稳定（第二段用时 3.00s，两段合计 8.00s）
  采样 300 点 (3.00 s @100Hz)…
  保存: _tmp4x/train_b/sysid_big_20260919_140002_32.npz
        _tmp4x/train_b/sysid_big_20260919_140002_32.csv  (300 行)

=== 段 34 === driven=small 轴 / held=big 轴  温度=(30,30)℃
  参考来源: recording_1778327131.npz[3165:3465] 随机缩放=0.14
  driven 小 yaw: 中心=-0.086 rad(-4.9°) 半幅=±0.220 rad(±12.6°)
    整条位于参考包络 [-22°, +22°] 内（硬限位 [-30°, +30°]，两侧各留 8° 跟踪余量; 中心 +0.0°）
  held   大 yaw: 目标=+7.833 rad（现有方位角 ±π 内随机）
  到位(固定 5s): err_big=+1.02° err_small=-0.23°
  等待连续 3s 稳定（判据: 两轴误差 ≤ 3° 且 两轴速度 < 6°/s；任一越界即重新计时）…
    [稳定等待] 已等   0.0s  e_big=+1.02° e_small=-0.24°  |ω_big|=0.08°/s |ω_small|=0.04°/s  连续 0.0/3s
    [稳定等待] 已等   1.0s  e_big=+0.94° e_small=-0.19°  |ω_big|=0.08°/s |ω_small|=0.04°/s  连续 1.0/3s
    [稳定等待] 已等   2.0s  e_big=+0.87° e_small=-0.16°  |ω_big|=0.07°/s |ω_small|=0.03°/s  连续 2.0/3s
  ✓ 已稳定（第二段用时 3.00s，两段合计 8.00s）
  采样 300 点 (3.00 s @100Hz)…
  保存: _tmp4x/train_b/sysid_small_20260919_140019_33.npz
        _tmp4x/train_b/sysid_small_20260919_140019_33.csv  (300 行)

=== 段 35 === driven=big 轴 / held=small 轴  温度=(30,30)℃
  参考来源: recording_1778414251.npz[2473:2773] 随机缩放=0.28
  driven 大 yaw: 中心=+7.382 rad 半幅=±0.476 rad(±27.3°)
  held   小 yaw: 目标=+0.075 rad (+4.3°)  [包络 -22°…+22°]
  到位(固定 5s): err_big=+4.44° err_small=+1.02°
  等待连续 3s 稳定（判据: 两轴误差 ≤ 3° 且 两轴速度 < 6°/s；任一越界即重新计时）…
    [稳定等待] 已等   0.0s  e_big=+4.44° e_small=+1.02°  |ω_big|=0.41°/s |ω_small|=0.22°/s  连续 0.0/3s  ← 未满足 e_big超差
    [稳定等待] 已等   1.0s  e_big=+4.05° e_small=+0.82°  |ω_big|=0.36°/s |ω_small|=0.17°/s  连续 0.0/3s  ← 未满足 e_big超差
    [稳定等待] 已等   2.0s  e_big=+3.70° e_small=+0.66°  |ω_big|=0.33°/s |ω_small|=0.14°/s  连续 0.0/3s  ← 未满足 e_big超差
    [稳定等待] 已等   3.0s  e_big=+3.40° e_small=+0.54°  |ω_big|=0.29°/s |ω_small|=0.11°/s  连续 0.0/3s  ← 未满足 e_big超差
    [稳定等待] 已等   4.0s  e_big=+3.11° e_small=+0.44°  |ω_big|=0.27°/s |ω_small|=0.09°/s  连续 0.0/3s  ← 未满足 e_big超差
    [稳定等待] 已等   5.0s  e_big=+2.86° e_small=+0.36°  |ω_big|=0.24°/s |ω_small|=0.07°/s  连续 0.6/3s
    [稳定等待] 已等   6.0s  e_big=+2.63° e_small=+0.29°  |ω_big|=0.22°/s |ω_small|=0.06°/s  连续 1.6/3s
    [稳定等待] 已等   7.0s  e_big=+2.42° e_small=+0.24°  |ω_big|=0.20°/s |ω_small|=0.05°/s  连续 2.6/3s
  ✓ 已稳定（第二段用时 7.46s，两段合计 12.46s）
  采样 300 点 (3.00 s @100Hz)…
  保存: _tmp4x/train_b/sysid_big_20260919_140039_34.npz
        _tmp4x/train_b/sysid_big_20260919_140039_34.csv  (300 行)

=== 段 36 === driven=small 轴 / held=big 轴  温度=(30,30)℃
  参考来源: recording_1778322622.npz[701:1001] 随机缩放=0.35
  driven 小 yaw: 中心=+0.092 rad(+5.3°) 半幅=±0.290 rad(±16.6°)
    整条位于参考包络 [-22°, +22°] 内（硬限位 [-30°, +30°]，两侧各留 8° 跟踪余量; 中心 +0.0°）
  held   大 yaw: 目标=+5.808 rad（现有方位角 ±π 内随机）
  到位(固定 5s): err_big=-2.93° err_small=-0.40°
  等待连续 3s 稳定（判据: 两轴误差 ≤ 3° 且 两轴速度 < 6°/s；任一越界即重新计时）…
    [稳定等待] 已等   0.0s  e_big=-2.93° e_small=-0.39°  |ω_big|=0.25°/s |ω_small|=0.08°/s  连续 0.0/3s
    [稳定等待] 已等   1.0s  e_big=-2.70° e_small=-0.32°  |ω_big|=0.23°/s |ω_small|=0.06°/s  连续 1.0/3s
    [稳定等待] 已等   2.0s  e_big=-2.48° e_small=-0.26°  |ω_big|=0.21°/s |ω_small|=0.05°/s  连续 2.0/3s
  ✓ 已稳定（第二段用时 3.00s，两段合计 8.00s）
  采样 300 点 (3.00 s @100Hz)…
  保存: _tmp4x/train_b/sysid_small_20260919_140055_35.npz
        _tmp4x/train_b/sysid_small_20260919_140055_35.csv  (300 行)

=== 段 37 === driven=big 轴 / held=small 轴  温度=(30,30)℃
  参考来源: recording_1778414251.npz[36419:36719] 随机缩放=0.64
  driven 大 yaw: 中心=+6.101 rad 半幅=±0.543 rad(±31.1°)
  held   小 yaw: 目标=+0.216 rad (+12.4°)  [包络 -22°…+22°]
  到位(固定 5s): err_big=-2.69° err_small=-0.74°
  等待连续 3s 稳定（判据: 两轴误差 ≤ 3° 且 两轴速度 < 6°/s；任一越界即重新计时）…
    [稳定等待] 已等   0.0s  e_big=-2.69° e_small=-0.74°  |ω_big|=0.22°/s |ω_small|=0.15°/s  连续 0.0/3s
    [稳定等待] 已等   1.0s  e_big=-2.47° e_small=-0.60°  |ω_big|=0.21°/s |ω_small|=0.12°/s  连续 1.0/3s
    [稳定等待] 已等   2.0s  e_big=-2.27° e_small=-0.49°  |ω_big|=0.19°/s |ω_small|=0.10°/s  连续 2.0/3s
  ✓ 已稳定（第二段用时 3.00s，两段合计 8.00s）
  采样 300 点 (3.00 s @100Hz)…
  保存: _tmp4x/train_b/sysid_big_20260919_140111_36.npz
        _tmp4x/train_b/sysid_big_20260919_140111_36.csv  (300 行)

=== 段 38 === driven=small 轴 / held=big 轴  温度=(30,30)℃
  参考来源: recording_1778327131.npz[1128:1428] 随机缩放=0.43
  driven 小 yaw: 中心=-0.040 rad(-2.3°) 半幅=±0.225 rad(±12.9°)
    整条位于参考包络 [-22°, +22°] 内（硬限位 [-30°, +30°]，两侧各留 8° 跟踪余量; 中心 +0.0°）
  held   大 yaw: 目标=+3.491 rad（现有方位角 ±π 内随机）
  到位(固定 5s): err_big=-3.97° err_small=-0.66°
  等待连续 3s 稳定（判据: 两轴误差 ≤ 3° 且 两轴速度 < 6°/s；任一越界即重新计时）…
    [稳定等待] 已等   0.0s  e_big=-3.97° e_small=-0.66°  |ω_big|=0.36°/s |ω_small|=0.14°/s  连续 0.0/3s  ← 未满足 e_big超差
    [稳定等待] 已等   1.0s  e_big=-3.63° e_small=-0.54°  |ω_big|=0.32°/s |ω_small|=0.11°/s  连续 0.0/3s  ← 未满足 e_big超差
    [稳定等待] 已等   2.0s  e_big=-3.33° e_small=-0.44°  |ω_big|=0.29°/s |ω_small|=0.09°/s  连续 0.0/3s  ← 未满足 e_big超差
    [稳定等待] 已等   3.0s  e_big=-3.06° e_small=-0.36°  |ω_big|=0.26°/s |ω_small|=0.07°/s  连续 0.0/3s  ← 未满足 e_big超差
    [稳定等待] 已等   4.0s  e_big=-2.81° e_small=-0.29°  |ω_big|=0.24°/s |ω_small|=0.06°/s  连续 0.8/3s
    [稳定等待] 已等   5.0s  e_big=-2.58° e_small=-0.24°  |ω_big|=0.21°/s |ω_small|=0.05°/s  连续 1.8/3s
    [稳定等待] 已等   6.0s  e_big=-2.37° e_small=-0.19°  |ω_big|=0.20°/s |ω_small|=0.04°/s  连续 2.8/3s
  ✓ 已稳定（第二段用时 6.25s，两段合计 11.25s）
  采样 300 点 (3.00 s @100Hz)…
  保存: _tmp4x/train_b/sysid_small_20260919_140130_37.npz
        _tmp4x/train_b/sysid_small_20260919_140130_37.csv  (300 行)

=== 段 39 === driven=big 轴 / held=small 轴  温度=(30,30)℃
  参考来源: recording_1778341012.npz[40546:40846] 随机缩放=0.62
  driven 大 yaw: 中心=+3.866 rad 半幅=±0.762 rad(±43.6°)
  held   小 yaw: 目标=+0.140 rad (+8.0°)  [包络 -22°…+22°]
  到位(固定 5s): err_big=-1.40° err_small=-0.29°
  等待连续 3s 稳定（判据: 两轴误差 ≤ 3° 且 两轴速度 < 6°/s；任一越界即重新计时）…
    [稳定等待] 已等   0.0s  e_big=-1.40° e_small=-0.29°  |ω_big|=0.11°/s |ω_small|=0.06°/s  连续 0.0/3s
    [稳定等待] 已等   1.0s  e_big=-1.29° e_small=-0.23°  |ω_big|=0.10°/s |ω_small|=0.05°/s  连续 1.0/3s
    [稳定等待] 已等   2.0s  e_big=-1.19° e_small=-0.19°  |ω_big|=0.10°/s |ω_small|=0.04°/s  连续 2.0/3s
  ✓ 已稳定（第二段用时 3.00s，两段合计 8.00s）
  采样 300 点 (3.00 s @100Hz)…
  保存: _tmp4x/train_b/sysid_big_20260919_140146_38.npz
        _tmp4x/train_b/sysid_big_20260919_140146_38.csv  (300 行)

=== 段 40 === driven=small 轴 / held=big 轴  温度=(30,30)℃
  参考来源: recording_1778322622.npz[790:1090] 随机缩放=0.22
  driven 小 yaw: 中心=-0.008 rad(-0.4°) 半幅=±0.172 rad(±9.8°)
    整条位于参考包络 [-22°, +22°] 内（硬限位 [-30°, +30°]，两侧各留 8° 跟踪余量; 中心 +0.0°）
  held   大 yaw: 目标=+5.616 rad（现有方位角 ±π 内随机）
  到位(固定 5s): err_big=+3.28° err_small=+0.46°
  等待连续 3s 稳定（判据: 两轴误差 ≤ 3° 且 两轴速度 < 6°/s；任一越界即重新计时）…
    [稳定等待] 已等   0.0s  e_big=+3.28° e_small=+0.46°  |ω_big|=0.28°/s |ω_small|=0.09°/s  连续 0.0/3s  ← 未满足 e_big超差
    [稳定等待] 已等   1.0s  e_big=+3.02° e_small=+0.37°  |ω_big|=0.26°/s |ω_small|=0.08°/s  连续 0.0/3s  ← 未满足 e_big超差
    [稳定等待] 已等   2.0s  e_big=+2.77° e_small=+0.30°  |ω_big|=0.23°/s |ω_small|=0.06°/s  连续 1.0/3s
    [稳定等待] 已等   3.0s  e_big=+2.55° e_small=+0.25°  |ω_big|=0.21°/s |ω_small|=0.05°/s  连续 1.9/3s
    [稳定等待] 已等   4.0s  e_big=+2.34° e_small=+0.20°  |ω_big|=0.19°/s |ω_small|=0.04°/s  连续 3.0/3s
  ✓ 已稳定（第二段用时 4.07s，两段合计 9.07s）
  采样 300 点 (3.00 s @100Hz)…
  保存: _tmp4x/train_b/sysid_small_20260919_140204_39.npz
        _tmp4x/train_b/sysid_small_20260919_140204_39.csv  (300 行)

=== 段 41 === driven=big 轴 / held=small 轴  温度=(30,30)℃
  参考来源: recording_1778341012.npz[31569:31869] 随机缩放=0.82
  driven 大 yaw: 中心=+5.430 rad 半幅=±0.801 rad(±45.9°)
  held   小 yaw: 目标=-0.042 rad (-2.4°)  [包络 -22°…+22°]
  到位(固定 5s): err_big=+3.15° err_small=+0.82°
  等待连续 3s 稳定（判据: 两轴误差 ≤ 3° 且 两轴速度 < 6°/s；任一越界即重新计时）…
    [稳定等待] 已等   0.0s  e_big=+3.15° e_small=+0.81°  |ω_big|=0.27°/s |ω_small|=0.17°/s  连续 0.0/3s  ← 未满足 e_big超差
    [稳定等待] 已等   1.0s  e_big=+2.89° e_small=+0.66°  |ω_big|=0.24°/s |ω_small|=0.14°/s  连续 0.4/3s
    [稳定等待] 已等   2.0s  e_big=+2.66° e_small=+0.54°  |ω_big|=0.22°/s |ω_small|=0.11°/s  连续 1.4/3s
    [稳定等待] 已等   3.0s  e_big=+2.45° e_small=+0.44°  |ω_big|=0.20°/s |ω_small|=0.09°/s  连续 2.4/3s
  ✓ 已稳定（第二段用时 3.57s，两段合计 8.57s）
  采样 300 点 (3.00 s @100Hz)…
  保存: _tmp4x/train_b/sysid_big_20260919_140220_40.npz
        _tmp4x/train_b/sysid_big_20260919_140220_40.csv  (300 行)

=== 段 42 === driven=small 轴 / held=big 轴  温度=(30,30)℃
  参考来源: recording_1778414251.npz[27844:28144] 随机缩放=2.05
  driven 小 yaw: 中心=+0.049 rad(+2.8°) 半幅=±0.243 rad(±13.9°)
    整条位于参考包络 [-22°, +22°] 内（硬限位 [-30°, +30°]，两侧各留 8° 跟踪余量; 中心 +0.0°）
  held   大 yaw: 目标=+7.560 rad（现有方位角 ±π 内随机）
  到位(固定 5s): err_big=+3.92° err_small=+0.67°
  等待连续 3s 稳定（判据: 两轴误差 ≤ 3° 且 两轴速度 < 6°/s；任一越界即重新计时）…
    [稳定等待] 已等   0.0s  e_big=+3.92° e_small=+0.67°  |ω_big|=0.35°/s |ω_small|=0.14°/s  连续 0.0/3s  ← 未满足 e_big超差
    [稳定等待] 已等   1.0s  e_big=+3.59° e_small=+0.55°  |ω_big|=0.31°/s |ω_small|=0.12°/s  连续 0.0/3s  ← 未满足 e_big超差
    [稳定等待] 已等   2.0s  e_big=+3.29° e_small=+0.45°  |ω_big|=0.28°/s |ω_small|=0.09°/s  连续 0.0/3s  ← 未满足 e_big超差
    [稳定等待] 已等   3.0s  e_big=+3.02° e_small=+0.36°  |ω_big|=0.26°/s |ω_small|=0.07°/s  连续 0.0/3s  ← 未满足 e_big超差
    [稳定等待] 已等   4.0s  e_big=+2.77° e_small=+0.29°  |ω_big|=0.23°/s |ω_small|=0.06°/s  连续 1.0/3s
    [稳定等待] 已等   5.0s  e_big=+2.55° e_small=+0.24°  |ω_big|=0.21°/s |ω_small|=0.05°/s  连续 1.9/3s
    [稳定等待] 已等   6.1s  e_big=+2.35° e_small=+0.20°  |ω_big|=0.19°/s |ω_small|=0.04°/s  连续 3.0/3s
  ✓ 已稳定（第二段用时 6.10s，两段合计 11.10s）
  采样 300 点 (3.00 s @100Hz)…
  保存: _tmp4x/train_b/sysid_small_20260919_140239_41.npz
        _tmp4x/train_b/sysid_small_20260919_140239_41.csv  (300 行)

=== 段 43 === driven=big 轴 / held=small 轴  温度=(30,30)℃
  参考来源: recording_1778330157.npz[17787:18087] 随机缩放=1.63
  driven 大 yaw: 中心=+7.748 rad 半幅=±0.632 rad(±36.2°)
  held   小 yaw: 目标=-0.116 rad (-6.6°)  [包络 -22°…+22°]
  到位(固定 5s): err_big=+1.79° err_small=-0.31°
  等待连续 3s 稳定（判据: 两轴误差 ≤ 3° 且 两轴速度 < 6°/s；任一越界即重新计时）…
    [稳定等待] 已等   0.0s  e_big=+1.79° e_small=-0.31°  |ω_big|=0.15°/s |ω_small|=0.06°/s  连续 0.0/3s
    [稳定等待] 已等   1.0s  e_big=+1.65° e_small=-0.25°  |ω_big|=0.13°/s |ω_small|=0.05°/s  连续 1.0/3s
    [稳定等待] 已等   2.0s  e_big=+1.52° e_small=-0.20°  |ω_big|=0.12°/s |ω_small|=0.04°/s  连续 2.0/3s
  ✓ 已稳定（第二段用时 3.00s，两段合计 8.00s）
  采样 300 点 (3.00 s @100Hz)…
  保存: _tmp4x/train_b/sysid_big_20260919_140254_42.npz
        _tmp4x/train_b/sysid_big_20260919_140254_42.csv  (300 行)

=== 段 44 === driven=small 轴 / held=big 轴  温度=(30,30)℃
  参考来源: recording_1778340524.npz[26671:26971] 随机缩放=0.13
  driven 小 yaw: 中心=+0.152 rad(+8.7°) 半幅=±0.304 rad(±17.4°)
    整条位于参考包络 [-22°, +22°] 内（硬限位 [-30°, +30°]，两侧各留 8° 跟踪余量; 中心 +0.0°）
  held   大 yaw: 目标=+5.583 rad（现有方位角 ±π 内随机）
  到位(固定 5s): err_big=-3.73° err_small=-0.60°
  等待连续 3s 稳定（判据: 两轴误差 ≤ 3° 且 两轴速度 < 6°/s；任一越界即重新计时）…
    [稳定等待] 已等   0.0s  e_big=-3.73° e_small=-0.60°  |ω_big|=0.33°/s |ω_small|=0.12°/s  连续 0.0/3s  ← 未满足 e_big超差
    [稳定等待] 已等   1.0s  e_big=-3.42° e_small=-0.49°  |ω_big|=0.30°/s |ω_small|=0.09°/s  连续 0.0/3s  ← 未满足 e_big超差
    [稳定等待] 已等   2.0s  e_big=-3.13° e_small=-0.40°  |ω_big|=0.27°/s |ω_small|=0.08°/s  连续 0.0/3s  ← 未满足 e_big超差
    [稳定等待] 已等   3.0s  e_big=-2.88° e_small=-0.32°  |ω_big|=0.24°/s |ω_small|=0.06°/s  连续 0.5/3s
    [稳定等待] 已等   4.0s  e_big=-2.64° e_small=-0.26°  |ω_big|=0.22°/s |ω_small|=0.05°/s  连续 1.5/3s
    [稳定等待] 已等   5.0s  e_big=-2.43° e_small=-0.21°  |ω_big|=0.20°/s |ω_small|=0.05°/s  连续 2.5/3s
  ✓ 已稳定（第二段用时 5.54s，两段合计 10.54s）
  采样 300 点 (3.00 s @100Hz)…
  保存: _tmp4x/train_b/sysid_small_20260919_140313_43.npz
        _tmp4x/train_b/sysid_small_20260919_140313_43.csv  (300 行)

=== 段 45 === driven=big 轴 / held=small 轴  温度=(30,30)℃
  参考来源: recording_1778322660.npz[872:1172] 随机缩放=0.53
  driven 大 yaw: 中心=+5.936 rad 半幅=±0.390 rad(±22.3°)
  held   小 yaw: 目标=+0.176 rad (+10.1°)  [包络 -22°…+22°]
  到位(固定 5s): err_big=+3.18° err_small=+0.01°
  等待连续 3s 稳定（判据: 两轴误差 ≤ 3° 且 两轴速度 < 6°/s；任一越界即重新计时）…
    [稳定等待] 已等   0.0s  e_big=+3.18° e_small=+0.01°  |ω_big|=0.27°/s |ω_small|=0.00°/s  连续 0.0/3s  ← 未满足 e_big超差
    [稳定等待] 已等   1.0s  e_big=+2.92° e_small=+0.01°  |ω_big|=0.25°/s |ω_small|=0.00°/s  连续 0.3/3s
    [稳定等待] 已等   2.0s  e_big=+2.68° e_small=+0.00°  |ω_big|=0.22°/s |ω_small|=0.00°/s  连续 1.3/3s
    [稳定等待] 已等   3.0s  e_big=+2.47° e_small=+0.00°  |ω_big|=0.20°/s |ω_small|=0.00°/s  连续 2.3/3s
  ✓ 已稳定（第二段用时 3.69s，两段合计 8.69s）
  采样 300 点 (3.00 s @100Hz)…
  保存: _tmp4x/train_b/sysid_big_20260919_140329_44.npz
        _tmp4x/train_b/sysid_big_20260919_140329_44.csv  (300 行)

=== 段 46 === driven=small 轴 / held=big 轴  温度=(30,30)℃
  参考来源: recording_1778414251.npz[8324:8624] 随机缩放=0.36
  driven 小 yaw: 中心=-0.037 rad(-2.1°) 半幅=±0.279 rad(±16.0°)
    整条位于参考包络 [-22°, +22°] 内（硬限位 [-30°, +30°]，两侧各留 8° 跟踪余量; 中心 +0.0°）
  held   大 yaw: 目标=+4.530 rad（现有方位角 ±π 内随机）
  到位(固定 5s): err_big=-0.74° err_small=+0.16°
  等待连续 3s 稳定（判据: 两轴误差 ≤ 3° 且 两轴速度 < 6°/s；任一越界即重新计时）…
    [稳定等待] 已等   0.0s  e_big=-0.74° e_small=+0.16°  |ω_big|=0.06°/s |ω_small|=0.03°/s  连续 0.0/3s
    [稳定等待] 已等   1.0s  e_big=-0.69° e_small=+0.13°  |ω_big|=0.05°/s |ω_small|=0.03°/s  连续 1.0/3s
    [稳定等待] 已等   2.0s  e_big=-0.63° e_small=+0.10°  |ω_big|=0.05°/s |ω_small|=0.02°/s  连续 2.0/3s
  ✓ 已稳定（第二段用时 3.00s，两段合计 8.00s）
  采样 300 点 (3.00 s @100Hz)…
  保存: _tmp4x/train_b/sysid_small_20260919_140346_45.npz
        _tmp4x/train_b/sysid_small_20260919_140346_45.csv  (300 行)

=== 段 47 === driven=big 轴 / held=small 轴  温度=(30,30)℃
  参考来源: recording_1778341521.npz[20897:21197] 随机缩放=0.23
  driven 大 yaw: 中心=+4.965 rad 半幅=±0.669 rad(±38.4°)
  held   小 yaw: 目标=-0.094 rad (-5.4°)  [包络 -22°…+22°]
  到位(固定 5s): err_big=-2.84° err_small=-0.65°
  等待连续 3s 稳定（判据: 两轴误差 ≤ 3° 且 两轴速度 < 6°/s；任一越界即重新计时）…
    [稳定等待] 已等   0.0s  e_big=-2.84° e_small=-0.64°  |ω_big|=0.24°/s |ω_small|=0.13°/s  连续 0.0/3s
    [稳定等待] 已等   1.0s  e_big=-2.61° e_small=-0.52°  |ω_big|=0.22°/s |ω_small|=0.11°/s  连续 1.0/3s
    [稳定等待] 已等   2.0s  e_big=-2.40° e_small=-0.42°  |ω_big|=0.20°/s |ω_small|=0.09°/s  连续 2.0/3s
  ✓ 已稳定（第二段用时 3.00s，两段合计 8.00s）
  采样 300 点 (3.00 s @100Hz)…
  保存: _tmp4x/train_b/sysid_big_20260919_140401_46.npz
        _tmp4x/train_b/sysid_big_20260919_140401_46.csv  (300 行)

=== 段 48 === driven=small 轴 / held=big 轴  温度=(30,30)℃
  参考来源: recording_1778340524.npz[2217:2517] 随机缩放=0.28
  driven 小 yaw: 中心=+0.009 rad(+0.5°) 半幅=±0.225 rad(±12.9°)
    整条位于参考包络 [-22°, +22°] 内（硬限位 [-30°, +30°]，两侧各留 8° 跟踪余量; 中心 +0.0°）
  held   大 yaw: 目标=+2.393 rad（现有方位角 ±π 内随机）
  到位(固定 5s): err_big=-4.90° err_small=-1.27°
  等待连续 3s 稳定（判据: 两轴误差 ≤ 3° 且 两轴速度 < 6°/s；任一越界即重新计时）…
    [稳定等待] 已等   0.0s  e_big=-4.90° e_small=-1.27°  |ω_big|=0.47°/s |ω_small|=0.28°/s  连续 0.0/3s  ← 未满足 e_big超差
    [稳定等待] 已等   1.0s  e_big=-4.46° e_small=-1.02°  |ω_big|=0.41°/s |ω_small|=0.22°/s  连续 0.0/3s  ← 未满足 e_big超差
    [稳定等待] 已等   2.0s  e_big=-4.06° e_small=-0.82°  |ω_big|=0.37°/s |ω_small|=0.17°/s  连续 0.0/3s  ← 未满足 e_big超差
    [稳定等待] 已等   3.0s  e_big=-3.71° e_small=-0.67°  |ω_big|=0.33°/s |ω_small|=0.13°/s  连续 0.0/3s  ← 未满足 e_big超差
    [稳定等待] 已等   4.0s  e_big=-3.40° e_small=-0.54°  |ω_big|=0.29°/s |ω_small|=0.11°/s  连续 0.0/3s  ← 未满足 e_big超差
    [稳定等待] 已等   5.0s  e_big=-3.12° e_small=-0.44°  |ω_big|=0.27°/s |ω_small|=0.09°/s  连续 0.0/3s  ← 未满足 e_big超差
    [稳定等待] 已等   6.0s  e_big=-2.87° e_small=-0.36°  |ω_big|=0.24°/s |ω_small|=0.07°/s  连续 0.5/3s
    [稳定等待] 已等   7.0s  e_big=-2.64° e_small=-0.29°  |ω_big|=0.22°/s |ω_small|=0.06°/s  连续 1.5/3s
    [稳定等待] 已等   8.0s  e_big=-2.43° e_small=-0.24°  |ω_big|=0.20°/s |ω_small|=0.05°/s  连续 2.5/3s
  ✓ 已稳定（第二段用时 8.51s，两段合计 13.51s）
  采样 300 点 (3.00 s @100Hz)…
  保存: _tmp4x/train_b/sysid_small_20260919_140423_47.npz
        _tmp4x/train_b/sysid_small_20260919_140423_47.csv  (300 行)

=== 段 49 === driven=big 轴 / held=small 轴  温度=(30,30)℃
  参考来源: recording_1778322622.npz[2218:2518] 随机缩放=0.64
  driven 大 yaw: 中心=+2.425 rad 半幅=±0.528 rad(±30.3°)
  held   小 yaw: 目标=-0.152 rad (-8.7°)  [包络 -22°…+22°]
  到位(固定 5s): err_big=+3.26° err_small=-0.34°
  等待连续 3s 稳定（判据: 两轴误差 ≤ 3° 且 两轴速度 < 6°/s；任一越界即重新计时）…
    [稳定等待] 已等   0.0s  e_big=+3.26° e_small=-0.34°  |ω_big|=0.28°/s |ω_small|=0.07°/s  连续 0.0/3s  ← 未满足 e_big超差
    [稳定等待] 已等   1.0s  e_big=+3.00° e_small=-0.28°  |ω_big|=0.25°/s |ω_small|=0.05°/s  连续 0.0/3s
    [稳定等待] 已等   2.0s  e_big=+2.75° e_small=-0.23°  |ω_big|=0.23°/s |ω_small|=0.05°/s  连续 1.0/3s
    [稳定等待] 已等   3.0s  e_big=+2.53° e_small=-0.19°  |ω_big|=0.21°/s |ω_small|=0.04°/s  连续 2.0/3s
  ✓ 已稳定（第二段用时 4.00s，两段合计 9.00s）
  采样 300 点 (3.00 s @100Hz)…
  保存: _tmp4x/train_b/sysid_big_20260919_140440_48.npz
        _tmp4x/train_b/sysid_big_20260919_140440_48.csv  (300 行)

=== 段 50 === driven=small 轴 / held=big 轴  温度=(30,30)℃
  参考来源: recording_1778414251.npz[15898:16198] 随机缩放=0.02
  driven 小 yaw: 中心=+0.021 rad(+1.2°) 半幅=±0.329 rad(±18.9°)
    整条位于参考包络 [-22°, +22°] 内（硬限位 [-30°, +30°]，两侧各留 8° 跟踪余量; 中心 +0.0°）
  held   大 yaw: 目标=+1.212 rad（现有方位角 ±π 内随机）
  到位(固定 5s): err_big=+1.96° err_small=+0.60°
  等待连续 3s 稳定（判据: 两轴误差 ≤ 3° 且 两轴速度 < 6°/s；任一越界即重新计时）…
    [稳定等待] 已等   0.0s  e_big=+1.96° e_small=+0.60°  |ω_big|=0.16°/s |ω_small|=0.12°/s  连续 0.0/3s
    [稳定等待] 已等   1.0s  e_big=+1.80° e_small=+0.49°  |ω_big|=0.15°/s |ω_small|=0.10°/s  连续 1.0/3s
    [稳定等待] 已等   2.0s  e_big=+1.66° e_small=+0.40°  |ω_big|=0.13°/s |ω_small|=0.08°/s  连续 2.0/3s
  ✓ 已稳定（第二段用时 3.00s，两段合计 8.00s）
  采样 300 点 (3.00 s @100Hz)…
  保存: _tmp4x/train_b/sysid_small_20260919_140455_49.npz
        _tmp4x/train_b/sysid_small_20260919_140455_49.csv  (300 行)

=== 段 51 === driven=big 轴 / held=small 轴  温度=(30,30)℃
  参考来源: recording_1778341844.npz[19769:20069] 随机缩放=1.01
  driven 大 yaw: 中心=+1.638 rad 半幅=±0.797 rad(±45.7°)
  held   小 yaw: 目标=+0.114 rad (+6.5°)  [包络 -22°…+22°]
  到位(固定 5s): err_big=-4.04° err_small=-0.98°
  等待连续 3s 稳定（判据: 两轴误差 ≤ 3° 且 两轴速度 < 6°/s；任一越界即重新计时）…
    [稳定等待] 已等   0.0s  e_big=-4.04° e_small=-0.98°  |ω_big|=0.36°/s |ω_small|=0.21°/s  连续 0.0/3s  ← 未满足 e_big超差
    [稳定等待] 已等   1.0s  e_big=-3.70° e_small=-0.80°  |ω_big|=0.32°/s |ω_small|=0.17°/s  连续 0.0/3s  ← 未满足 e_big超差
    [稳定等待] 已等   2.0s  e_big=-3.39° e_small=-0.65°  |ω_big|=0.29°/s |ω_small|=0.13°/s  连续 0.0/3s  ← 未满足 e_big超差
    [稳定等待] 已等   3.0s  e_big=-3.11° e_small=-0.52°  |ω_big|=0.26°/s |ω_small|=0.11°/s  连续 0.0/3s  ← 未满足 e_big超差
    [稳定等待] 已等   4.0s  e_big=-2.86° e_small=-0.43°  |ω_big|=0.24°/s |ω_small|=0.09°/s  连续 0.6/3s
    [稳定等待] 已等   5.0s  e_big=-2.62° e_small=-0.35°  |ω_big|=0.22°/s |ω_small|=0.07°/s  连续 1.6/3s
    [稳定等待] 已等   6.0s  e_big=-2.41° e_small=-0.28°  |ω_big|=0.20°/s |ω_small|=0.06°/s  连续 2.6/3s
  ✓ 已稳定（第二段用时 6.44s，两段合计 11.44s）
  采样 300 点 (3.00 s @100Hz)…
  保存: _tmp4x/train_b/sysid_big_20260919_140515_50.npz
        _tmp4x/train_b/sysid_big_20260919_140515_50.csv  (300 行)

=== 段 52 === driven=small 轴 / held=big 轴  温度=(30,30)℃
  参考来源: recording_1778322660.npz[2663:2963] 随机缩放=0.20
  driven 小 yaw: 中心=+0.034 rad(+1.9°) 半幅=±0.165 rad(±9.4°)
    整条位于参考包络 [-22°, +22°] 内（硬限位 [-30°, +30°]，两侧各留 8° 跟踪余量; 中心 +0.0°）
  held   大 yaw: 目标=-1.368 rad（现有方位角 ±π 内随机）
  到位(固定 5s): err_big=-4.13° err_small=-0.71°
  等待连续 3s 稳定（判据: 两轴误差 ≤ 3° 且 两轴速度 < 6°/s；任一越界即重新计时）…
    [稳定等待] 已等   0.0s  e_big=-4.13° e_small=-0.71°  |ω_big|=0.37°/s |ω_small|=0.15°/s  连续 0.0/3s  ← 未满足 e_big超差
    [稳定等待] 已等   1.0s  e_big=-3.78° e_small=-0.58°  |ω_big|=0.33°/s |ω_small|=0.12°/s  连续 0.0/3s  ← 未满足 e_big超差
    [稳定等待] 已等   2.0s  e_big=-3.46° e_small=-0.47°  |ω_big|=0.30°/s |ω_small|=0.10°/s  连续 0.0/3s  ← 未满足 e_big超差
    [稳定等待] 已等   3.0s  e_big=-3.18° e_small=-0.38°  |ω_big|=0.27°/s |ω_small|=0.08°/s  连续 0.0/3s  ← 未满足 e_big超差
    [稳定等待] 已等   4.0s  e_big=-2.92° e_small=-0.31°  |ω_big|=0.25°/s |ω_small|=0.06°/s  连续 0.3/3s
    [稳定等待] 已等   5.0s  e_big=-2.68° e_small=-0.25°  |ω_big|=0.22°/s |ω_small|=0.05°/s  连续 1.4/3s
    [稳定等待] 已等   6.0s  e_big=-2.47° e_small=-0.21°  |ω_big|=0.20°/s |ω_small|=0.04°/s  连续 2.4/3s
  ✓ 已稳定（第二段用时 6.68s，两段合计 11.68s）
  采样 300 点 (3.00 s @100Hz)…
  保存: _tmp4x/train_b/sysid_small_20260919_140533_51.npz
        _tmp4x/train_b/sysid_small_20260919_140533_51.csv  (300 行)

=== 段 53 === driven=big 轴 / held=small 轴  温度=(30,30)℃
  参考来源: recording_1778341521.npz[29848:30148] 随机缩放=0.72
  driven 大 yaw: 中心=-1.303 rad 半幅=±0.679 rad(±38.9°)
  held   小 yaw: 目标=+0.221 rad (+12.7°)  [包络 -22°…+22°]
  到位(固定 5s): err_big=-2.79° err_small=-0.15°
  等待连续 3s 稳定（判据: 两轴误差 ≤ 3° 且 两轴速度 < 6°/s；任一越界即重新计时）…
    [稳定等待] 已等   0.0s  e_big=-2.79° e_small=-0.16°  |ω_big|=0.23°/s |ω_small|=0.03°/s  连续 0.0/3s
    [稳定等待] 已等   1.0s  e_big=-2.57° e_small=-0.13°  |ω_big|=0.21°/s |ω_small|=0.03°/s  连续 1.0/3s
    [稳定等待] 已等   2.0s  e_big=-2.36° e_small=-0.10°  |ω_big|=0.19°/s |ω_small|=0.02°/s  连续 2.0/3s
  ✓ 已稳定（第二段用时 3.00s，两段合计 8.00s）
  采样 300 点 (3.00 s @100Hz)…
  保存: _tmp4x/train_b/sysid_big_20260919_140550_52.npz
        _tmp4x/train_b/sysid_big_20260919_140550_52.csv  (300 行)

=== 段 54 === driven=small 轴 / held=big 轴  温度=(30,30)℃
  参考来源: recording_1778322660.npz[866:1166] 随机缩放=0.33
  driven 小 yaw: 中心=-0.005 rad(-0.3°) 半幅=±0.189 rad(±10.8°)
    整条位于参考包络 [-22°, +22°] 内（硬限位 [-30°, +30°]，两侧各留 8° 跟踪余量; 中心 +0.0°）
  held   大 yaw: 目标=+1.323 rad（现有方位角 ±π 内随机）
  到位(固定 5s): err_big=+5.01° err_small=+1.06°
  等待连续 3s 稳定（判据: 两轴误差 ≤ 3° 且 两轴速度 < 6°/s；任一越界即重新计时）…
    [稳定等待] 已等   0.0s  e_big=+5.01° e_small=+1.07°  |ω_big|=0.49°/s |ω_small|=0.22°/s  连续 0.0/3s  ← 未满足 e_big超差
    [稳定等待] 已等   1.0s  e_big=+4.55° e_small=+0.86°  |ω_big|=0.43°/s |ω_small|=0.18°/s  连续 0.0/3s  ← 未满足 e_big超差
    [稳定等待] 已等   2.0s  e_big=+4.15° e_small=+0.70°  |ω_big|=0.38°/s |ω_small|=0.15°/s  连续 0.0/3s  ← 未满足 e_big超差
    [稳定等待] 已等   3.0s  e_big=+3.79° e_small=+0.57°  |ω_big|=0.34°/s |ω_small|=0.12°/s  连续 0.0/3s  ← 未满足 e_big超差
    [稳定等待] 已等   4.0s  e_big=+3.47° e_small=+0.46°  |ω_big|=0.30°/s |ω_small|=0.10°/s  连续 0.0/3s  ← 未满足 e_big超差
    [稳定等待] 已等   5.0s  e_big=+3.19° e_small=+0.38°  |ω_big|=0.27°/s |ω_small|=0.08°/s  连续 0.0/3s  ← 未满足 e_big超差
    [稳定等待] 已等   6.0s  e_big=+2.93° e_small=+0.31°  |ω_big|=0.25°/s |ω_small|=0.07°/s  连续 0.3/3s
    [稳定等待] 已等   7.0s  e_big=+2.69° e_small=+0.25°  |ω_big|=0.22°/s |ω_small|=0.05°/s  连续 1.3/3s
    [稳定等待] 已等   8.0s  e_big=+2.47° e_small=+0.20°  |ω_big|=0.21°/s |ω_small|=0.04°/s  连续 2.3/3s
  ✓ 已稳定（第二段用时 8.74s，两段合计 13.74s）
  采样 300 点 (3.00 s @100Hz)…
  保存: _tmp4x/train_b/sysid_small_20260919_140612_53.npz
        _tmp4x/train_b/sysid_small_20260919_140612_53.csv  (300 行)

=== 段 55 === driven=big 轴 / held=small 轴  温度=(30,30)℃
  参考来源: recording_1778327131.npz[3495:3795] 随机缩放=0.81
  driven 大 yaw: 中心=+0.927 rad 半幅=±0.549 rad(±31.5°)
  held   小 yaw: 目标=-0.103 rad (-5.9°)  [包络 -22°…+22°]
  到位(固定 5s): err_big=-3.33° err_small=-0.55°
  等待连续 3s 稳定（判据: 两轴误差 ≤ 3° 且 两轴速度 < 6°/s；任一越界即重新计时）…
    [稳定等待] 已等   0.0s  e_big=-3.33° e_small=-0.56°  |ω_big|=0.29°/s |ω_small|=0.11°/s  连续 0.0/3s  ← 未满足 e_big超差
    [稳定等待] 已等   1.0s  e_big=-3.06° e_small=-0.45°  |ω_big|=0.26°/s |ω_small|=0.10°/s  连续 0.0/3s  ← 未满足 e_big超差
    [稳定等待] 已等   2.0s  e_big=-2.81° e_small=-0.37°  |ω_big|=0.24°/s |ω_small|=0.08°/s  连续 0.8/3s
    [稳定等待] 已等   3.0s  e_big=-2.58° e_small=-0.30°  |ω_big|=0.21°/s |ω_small|=0.06°/s  连续 1.8/3s
    [稳定等待] 已等   4.0s  e_big=-2.37° e_small=-0.24°  |ω_big|=0.20°/s |ω_small|=0.05°/s  连续 2.8/3s
  ✓ 已稳定（第二段用时 4.23s，两段合计 9.23s）
  采样 300 点 (3.00 s @100Hz)…
  保存: _tmp4x/train_b/sysid_big_20260919_140629_54.npz
        _tmp4x/train_b/sysid_big_20260919_140629_54.csv  (300 行)

=== 段 56 === driven=small 轴 / held=big 轴  温度=(30,30)℃
  参考来源: recording_1778414251.npz[6891:7191] 随机缩放=0.21
  driven 小 yaw: 中心=+0.167 rad(+9.5°) 半幅=±0.280 rad(±16.0°)
    整条位于参考包络 [-22°, +22°] 内（硬限位 [-30°, +30°]，两侧各留 8° 跟踪余量; 中心 +0.0°）
  held   大 yaw: 目标=-1.694 rad（现有方位角 ±π 内随机）
  到位(固定 5s): err_big=-4.77° err_small=-0.94°
  等待连续 3s 稳定（判据: 两轴误差 ≤ 3° 且 两轴速度 < 6°/s；任一越界即重新计时）…
    [稳定等待] 已等   0.0s  e_big=-4.77° e_small=-0.94°  |ω_big|=0.46°/s |ω_small|=0.20°/s  连续 0.0/3s  ← 未满足 e_big超差
    [稳定等待] 已等   1.0s  e_big=-4.34° e_small=-0.76°  |ω_big|=0.40°/s |ω_small|=0.16°/s  连续 0.0/3s  ← 未满足 e_big超差
    [稳定等待] 已等   2.0s  e_big=-3.97° e_small=-0.61°  |ω_big|=0.35°/s |ω_small|=0.13°/s  连续 0.0/3s  ← 未满足 e_big超差
    [稳定等待] 已等   3.0s  e_big=-3.63° e_small=-0.50°  |ω_big|=0.32°/s |ω_small|=0.10°/s  连续 0.0/3s  ← 未满足 e_big超差
    [稳定等待] 已等   4.0s  e_big=-3.32° e_small=-0.40°  |ω_big|=0.29°/s |ω_small|=0.09°/s  连续 0.0/3s  ← 未满足 e_big超差
    [稳定等待] 已等   5.0s  e_big=-3.05° e_small=-0.33°  |ω_big|=0.26°/s |ω_small|=0.07°/s  连续 0.0/3s  ← 未满足 e_big超差
    [稳定等待] 已等   6.0s  e_big=-2.80° e_small=-0.27°  |ω_big|=0.24°/s |ω_small|=0.06°/s  连续 0.8/3s
    [稳定等待] 已等   7.1s  e_big=-2.57° e_small=-0.22°  |ω_big|=0.21°/s |ω_small|=0.04°/s  连续 1.8/3s
    [稳定等待] 已等   8.1s  e_big=-2.37° e_small=-0.18°  |ω_big|=0.20°/s |ω_small|=0.04°/s  连续 2.8/3s
  ✓ 已稳定（第二段用时 8.23s，两段合计 13.23s）
  采样 300 点 (3.00 s @100Hz)…
  保存: _tmp4x/train_b/sysid_small_20260919_140650_55.npz
        _tmp4x/train_b/sysid_small_20260919_140650_55.csv  (300 行)

=== 段 57 === driven=big 轴 / held=small 轴  温度=(30,30)℃
  参考来源: recording_1778341012.npz[31315:31615] 随机缩放=0.40
  driven 大 yaw: 中心=-1.826 rad 半幅=±0.555 rad(±31.8°)
  held   小 yaw: 目标=-0.040 rad (-2.3°)  [包络 -22°…+22°]
  到位(固定 5s): err_big=-3.31° err_small=-0.42°
  等待连续 3s 稳定（判据: 两轴误差 ≤ 3° 且 两轴速度 < 6°/s；任一越界即重新计时）…
    [稳定等待] 已等   0.0s  e_big=-3.31° e_small=-0.42°  |ω_big|=0.28°/s |ω_small|=0.08°/s  连续 0.0/3s  ← 未满足 e_big超差
    [稳定等待] 已等   1.0s  e_big=-3.04° e_small=-0.34°  |ω_big|=0.26°/s |ω_small|=0.07°/s  连续 0.0/3s  ← 未满足 e_big超差
    [稳定等待] 已等   2.0s  e_big=-2.79° e_small=-0.28°  |ω_big|=0.23°/s |ω_small|=0.06°/s  连续 0.9/3s
    [稳定等待] 已等   3.0s  e_big=-2.57° e_small=-0.22°  |ω_big|=0.21°/s |ω_small|=0.05°/s  连续 1.9/3s
    [稳定等待] 已等   4.0s  e_big=-2.36° e_small=-0.19°  |ω_big|=0.20°/s |ω_small|=0.04°/s  连续 2.9/3s
  ✓ 已稳定（第二段用时 4.16s，两段合计 9.16s）
  采样 300 点 (3.00 s @100Hz)…
  保存: _tmp4x/train_b/sysid_big_20260919_140707_56.npz
        _tmp4x/train_b/sysid_big_20260919_140707_56.csv  (300 行)

=== 段 58 === driven=small 轴 / held=big 轴  温度=(30,30)℃
  参考来源: recording_1778330157.npz[30599:30899] 随机缩放=0.12
  driven 小 yaw: 中心=-0.031 rad(-1.8°) 半幅=±0.154 rad(±8.8°)
    整条位于参考包络 [-22°, +22°] 内（硬限位 [-30°, +30°]，两侧各留 8° 跟踪余量; 中心 +0.0°）
  held   大 yaw: 目标=+0.732 rad（现有方位角 ±π 内随机）
  到位(固定 5s): err_big=+5.04° err_small=+1.08°
  等待连续 3s 稳定（判据: 两轴误差 ≤ 3° 且 两轴速度 < 6°/s；任一越界即重新计时）…
    [稳定等待] 已等   0.0s  e_big=+5.04° e_small=+1.08°  |ω_big|=0.50°/s |ω_small|=0.23°/s  连续 0.0/3s  ← 未满足 e_big超差
    [稳定等待] 已等   1.0s  e_big=+4.58° e_small=+0.87°  |ω_big|=0.43°/s |ω_small|=0.19°/s  连续 0.0/3s  ← 未满足 e_big超差
    [稳定等待] 已等   2.0s  e_big=+4.18° e_small=+0.71°  |ω_big|=0.38°/s |ω_small|=0.15°/s  连续 0.0/3s  ← 未满足 e_big超差
    [稳定等待] 已等   3.0s  e_big=+3.81° e_small=+0.57°  |ω_big|=0.34°/s |ω_small|=0.12°/s  连续 0.0/3s  ← 未满足 e_big超差
    [稳定等待] 已等   4.0s  e_big=+3.49° e_small=+0.47°  |ω_big|=0.30°/s |ω_small|=0.09°/s  连续 0.0/3s  ← 未满足 e_big超差
    [稳定等待] 已等   5.0s  e_big=+3.20° e_small=+0.38°  |ω_big|=0.27°/s |ω_small|=0.08°/s  连续 0.0/3s  ← 未满足 e_big超差
    [稳定等待] 已等   6.0s  e_big=+2.94° e_small=+0.31°  |ω_big|=0.25°/s |ω_small|=0.06°/s  连续 0.2/3s
    [稳定等待] 已等   7.0s  e_big=+2.70° e_small=+0.25°  |ω_big|=0.23°/s |ω_small|=0.05°/s  连续 1.2/3s
    [稳定等待] 已等   8.0s  e_big=+2.49° e_small=+0.21°  |ω_big|=0.21°/s |ω_small|=0.04°/s  连续 2.2/3s
  ✓ 已稳定（第二段用时 8.81s，两段合计 13.81s）
  采样 300 点 (3.00 s @100Hz)…
  保存: _tmp4x/train_b/sysid_small_20260919_140729_57.npz
        _tmp4x/train_b/sysid_small_20260919_140729_57.csv  (300 行)

=== 段 59 === driven=big 轴 / held=small 轴  温度=(30,30)℃
  参考来源: recording_1778341012.npz[31329:31629] 随机缩放=0.41
  driven 大 yaw: 中心=+0.629 rad 半幅=±0.574 rad(±32.9°)
  held   小 yaw: 目标=-0.125 rad (-7.1°)  [包络 -22°…+22°]
  到位(固定 5s): err_big=+3.09° err_small=-0.64°
  等待连续 3s 稳定（判据: 两轴误差 ≤ 3° 且 两轴速度 < 6°/s；任一越界即重新计时）…
    [稳定等待] 已等   0.0s  e_big=+3.09° e_small=-0.64°  |ω_big|=0.26°/s |ω_small|=0.13°/s  连续 0.0/3s  ← 未满足 e_big超差
    [稳定等待] 已等   1.0s  e_big=+2.83° e_small=-0.52°  |ω_big|=0.24°/s |ω_small|=0.11°/s  连续 0.7/3s
    [稳定等待] 已等   2.0s  e_big=+2.60° e_small=-0.42°  |ω_big|=0.22°/s |ω_small|=0.09°/s  连续 1.7/3s
    [稳定等待] 已等   3.0s  e_big=+2.40° e_small=-0.35°  |ω_big|=0.20°/s |ω_small|=0.07°/s  连续 2.7/3s
  ✓ 已稳定（第二段用时 3.34s，两段合计 8.34s）
  采样 300 点 (3.00 s @100Hz)…
  保存: _tmp4x/train_b/sysid_big_20260919_140745_58.npz
        _tmp4x/train_b/sysid_big_20260919_140745_58.csv  (300 行)

=== 段 60 === driven=small 轴 / held=big 轴  温度=(30,30)℃
  参考来源: recording_1778322622.npz[2635:2935] 随机缩放=0.21
  driven 小 yaw: 中心=+0.128 rad(+7.3°) 半幅=±0.260 rad(±14.9°)
    整条位于参考包络 [-22°, +22°] 内（硬限位 [-30°, +30°]，两侧各留 8° 跟踪余量; 中心 +0.0°）
  held   大 yaw: 目标=+3.613 rad（现有方位角 ±π 内随机）
  到位(固定 5s): err_big=+4.75° err_small=+0.94°
  等待连续 3s 稳定（判据: 两轴误差 ≤ 3° 且 两轴速度 < 6°/s；任一越界即重新计时）…
    [稳定等待] 已等   0.0s  e_big=+4.75° e_small=+0.93°  |ω_big|=0.45°/s |ω_small|=0.20°/s  连续 0.0/3s  ← 未满足 e_big超差
    [稳定等待] 已等   1.0s  e_big=+4.33° e_small=+0.76°  |ω_big|=0.40°/s |ω_small|=0.16°/s  连续 0.0/3s  ← 未满足 e_big超差
    [稳定等待] 已等   2.0s  e_big=+3.95° e_small=+0.62°  |ω_big|=0.35°/s |ω_small|=0.13°/s  连续 0.0/3s  ← 未满足 e_big超差
    [稳定等待] 已等   3.0s  e_big=+3.62° e_small=+0.50°  |ω_big|=0.32°/s |ω_small|=0.10°/s  连续 0.0/3s  ← 未满足 e_big超差
    [稳定等待] 已等   4.0s  e_big=+3.32° e_small=+0.41°  |ω_big|=0.29°/s |ω_small|=0.08°/s  连续 0.0/3s  ← 未满足 e_big超差
    [稳定等待] 已等   5.0s  e_big=+3.04° e_small=+0.33°  |ω_big|=0.26°/s |ω_small|=0.07°/s  连续 0.0/3s  ← 未满足 e_big超差
    [稳定等待] 已等   6.0s  e_big=+2.80° e_small=+0.27°  |ω_big|=0.23°/s |ω_small|=0.05°/s  连续 0.8/3s
    [稳定等待] 已等   7.0s  e_big=+2.57° e_small=+0.22°  |ω_big|=0.21°/s |ω_small|=0.05°/s  连续 1.9/3s
    [稳定等待] 已等   8.0s  e_big=+2.36° e_small=+0.18°  |ω_big|=0.20°/s |ω_small|=0.03°/s  连续 2.9/3s
  ✓ 已稳定（第二段用时 8.19s，两段合计 13.19s）
  采样 300 点 (3.00 s @100Hz)…
  保存: _tmp4x/train_b/sysid_small_20260919_140806_59.npz
        _tmp4x/train_b/sysid_small_20260919_140806_59.csv  (300 行)

=== 段 61 === driven=big 轴 / held=small 轴  温度=(30,30)℃
  参考来源: recording_1778322622.npz[403:703] 随机缩放=0.72
  driven 大 yaw: 中心=+3.599 rad 半幅=±0.943 rad(±54.0°)
  held   小 yaw: 目标=+0.143 rad (+8.2°)  [包络 -22°…+22°]
  到位(固定 5s): err_big=+4.51° err_small=+0.98°
  等待连续 3s 稳定（判据: 两轴误差 ≤ 3° 且 两轴速度 < 6°/s；任一越界即重新计时）…
    [稳定等待] 已等   0.0s  e_big=+4.51° e_small=+0.98°  |ω_big|=0.42°/s |ω_small|=0.21°/s  连续 0.0/3s  ← 未满足 e_big超差
    [稳定等待] 已等   1.0s  e_big=+4.12° e_small=+0.80°  |ω_big|=0.37°/s |ω_small|=0.17°/s  连续 0.0/3s  ← 未满足 e_big超差
    [稳定等待] 已等   2.0s  e_big=+3.76° e_small=+0.65°  |ω_big|=0.33°/s |ω_small|=0.14°/s  连续 0.0/3s  ← 未满足 e_big超差
    [稳定等待] 已等   3.0s  e_big=+3.45° e_small=+0.53°  |ω_big|=0.30°/s |ω_small|=0.11°/s  连续 0.0/3s  ← 未满足 e_big超差
    [稳定等待] 已等   4.0s  e_big=+3.16° e_small=+0.43°  |ω_big|=0.27°/s |ω_small|=0.09°/s  连续 0.0/3s  ← 未满足 e_big超差
    [稳定等待] 已等   5.0s  e_big=+2.91° e_small=+0.35°  |ω_big|=0.25°/s |ω_small|=0.07°/s  连续 0.4/3s
    [稳定等待] 已等   6.0s  e_big=+2.67° e_small=+0.29°  |ω_big|=0.22°/s |ω_small|=0.06°/s  连续 1.4/3s
    [稳定等待] 已等   7.0s  e_big=+2.46° e_small=+0.23°  |ω_big|=0.20°/s |ω_small|=0.04°/s  连续 2.4/3s
  ✓ 已稳定（第二段用时 7.65s，两段合计 12.65s）
  采样 300 点 (3.00 s @100Hz)…
  保存: _tmp4x/train_b/sysid_big_20260919_140827_60.npz
        _tmp4x/train_b/sysid_big_20260919_140827_60.csv  (300 行)

=== 段 62 === driven=small 轴 / held=big 轴  温度=(30,30)℃
  参考来源: recording_1778341844.npz[18128:18428] 随机缩放=0.14
  driven 小 yaw: 中心=-0.068 rad(-3.9°) 半幅=±0.291 rad(±16.7°)
    整条位于参考包络 [-22°, +22°] 内（硬限位 [-30°, +30°]，两侧各留 8° 跟踪余量; 中心 +0.0°）
  held   大 yaw: 目标=+3.812 rad（现有方位角 ±π 内随机）
  到位(固定 5s): err_big=+2.78° err_small=+0.02°
  等待连续 3s 稳定（判据: 两轴误差 ≤ 3° 且 两轴速度 < 6°/s；任一越界即重新计时）…
    [稳定等待] 已等   0.0s  e_big=+2.78° e_small=+0.02°  |ω_big|=0.23°/s |ω_small|=0.01°/s  连续 0.0/3s
    [稳定等待] 已等   1.0s  e_big=+2.55° e_small=+0.02°  |ω_big|=0.21°/s |ω_small|=0.00°/s  连续 1.0/3s
    [稳定等待] 已等   2.0s  e_big=+2.35° e_small=+0.01°  |ω_big|=0.19°/s |ω_small|=0.00°/s  连续 2.0/3s
  ✓ 已稳定（第二段用时 3.00s，两段合计 8.00s）
  采样 300 点 (3.00 s @100Hz)…
  保存: _tmp4x/train_b/sysid_small_20260919_140843_61.npz
        _tmp4x/train_b/sysid_small_20260919_140843_61.csv  (300 行)

=== 段 63 === driven=big 轴 / held=small 轴  温度=(30,30)℃
  参考来源: recording_1778327131.npz[4515:4815] 随机缩放=1.67
  driven 大 yaw: 中心=+3.737 rad 半幅=±0.907 rad(±52.0°)
  held   小 yaw: 目标=+0.086 rad (+4.9°)  [包络 -22°…+22°]
  到位(固定 5s): err_big=+3.04° err_small=+0.80°
  等待连续 3s 稳定（判据: 两轴误差 ≤ 3° 且 两轴速度 < 6°/s；任一越界即重新计时）…
    [稳定等待] 已等   0.0s  e_big=+3.04° e_small=+0.80°  |ω_big|=0.26°/s |ω_small|=0.17°/s  连续 0.0/3s  ← 未满足 e_big超差
    [稳定等待] 已等   1.0s  e_big=+2.79° e_small=+0.65°  |ω_big|=0.23°/s |ω_small|=0.13°/s  连续 0.9/3s
    [稳定等待] 已等   2.0s  e_big=+2.57° e_small=+0.53°  |ω_big|=0.21°/s |ω_small|=0.11°/s  连续 1.9/3s
    [稳定等待] 已等   3.0s  e_big=+2.36° e_small=+0.43°  |ω_big|=0.20°/s |ω_small|=0.09°/s  连续 2.9/3s
  ✓ 已稳定（第二段用时 3.15s，两段合计 8.15s）
  采样 300 点 (3.00 s @100Hz)…
  保存: _tmp4x/train_b/sysid_big_20260919_140859_62.npz
        _tmp4x/train_b/sysid_big_20260919_140859_62.csv  (300 行)

=== 段 64 === driven=small 轴 / held=big 轴  温度=(30,30)℃
  参考来源: recording_1778341012.npz[41835:42135] 随机缩放=0.13
  driven 小 yaw: 中心=-0.039 rad(-2.3°) 半幅=±0.187 rad(±10.7°)
    整条位于参考包络 [-22°, +22°] 内（硬限位 [-30°, +30°]，两侧各留 8° 跟踪余量; 中心 +0.0°）
  held   大 yaw: 目标=+3.399 rad（现有方位角 ±π 内随机）
  到位(固定 5s): err_big=+2.59° err_small=+0.16°
  等待连续 3s 稳定（判据: 两轴误差 ≤ 3° 且 两轴速度 < 6°/s；任一越界即重新计时）…
    [稳定等待] 已等   0.0s  e_big=+2.59° e_small=+0.16°  |ω_big|=0.22°/s |ω_small|=0.04°/s  连续 0.0/3s
    [稳定等待] 已等   1.0s  e_big=+2.38° e_small=+0.13°  |ω_big|=0.20°/s |ω_small|=0.03°/s  连续 1.0/3s
    [稳定等待] 已等   2.0s  e_big=+2.19° e_small=+0.10°  |ω_big|=0.18°/s |ω_small|=0.02°/s  连续 2.0/3s
  ✓ 已稳定（第二段用时 3.00s，两段合计 8.00s）
  采样 300 点 (3.00 s @100Hz)…
  保存: _tmp4x/train_b/sysid_small_20260919_140915_63.npz
        _tmp4x/train_b/sysid_small_20260919_140915_63.csv  (300 行)

=== 段 65 === driven=big 轴 / held=small 轴  温度=(30,30)℃
  参考来源: recording_1778341844.npz[10333:10633] 随机缩放=0.23
  driven 大 yaw: 中心=+3.080 rad 半幅=±0.630 rad(±36.1°)
  held   小 yaw: 目标=-0.040 rad (-2.3°)  [包络 -22°…+22°]
  到位(固定 5s): err_big=-3.20° err_small=-0.58°
  等待连续 3s 稳定（判据: 两轴误差 ≤ 3° 且 两轴速度 < 6°/s；任一越界即重新计时）…
    [稳定等待] 已等   0.0s  e_big=-3.20° e_small=-0.58°  |ω_big|=0.27°/s |ω_small|=0.12°/s  连续 0.0/3s  ← 未满足 e_big超差
    [稳定等待] 已等   1.0s  e_big=-2.94° e_small=-0.47°  |ω_big|=0.25°/s |ω_small|=0.10°/s  连续 0.2/3s
    [稳定等待] 已等   2.0s  e_big=-2.70° e_small=-0.38°  |ω_big|=0.23°/s |ω_small|=0.08°/s  连续 1.2/3s
    [稳定等待] 已等   3.0s  e_big=-2.49° e_small=-0.31°  |ω_big|=0.21°/s |ω_small|=0.06°/s  连续 2.2/3s
  ✓ 已稳定（第二段用时 3.77s，两段合计 8.77s）
  采样 300 点 (3.00 s @100Hz)…
  保存: _tmp4x/train_b/sysid_big_20260919_140932_64.npz
        _tmp4x/train_b/sysid_big_20260919_140932_64.csv  (300 行)

=== 段 66 === driven=small 轴 / held=big 轴  温度=(30,30)℃
  参考来源: recording_1778341012.npz[24444:24744] 随机缩放=0.24
  driven 小 yaw: 中心=+0.024 rad(+1.4°) 半幅=±0.269 rad(±15.4°)
    整条位于参考包络 [-22°, +22°] 内（硬限位 [-30°, +30°]，两侧各留 8° 跟踪余量; 中心 +0.0°）
  held   大 yaw: 目标=+5.787 rad（现有方位角 ±π 内随机）
  到位(固定 5s): err_big=+4.77° err_small=+1.30°
  等待连续 3s 稳定（判据: 两轴误差 ≤ 3° 且 两轴速度 < 6°/s；任一越界即重新计时）…
    [稳定等待] 已等   0.0s  e_big=+4.77° e_small=+1.30°  |ω_big|=0.46°/s |ω_small|=0.28°/s  连续 0.0/3s  ← 未满足 e_big超差
    [稳定等待] 已等   1.0s  e_big=+4.34° e_small=+1.05°  |ω_big|=0.40°/s |ω_small|=0.23°/s  连续 0.0/3s  ← 未满足 e_big超差
    [稳定等待] 已等   2.0s  e_big=+3.96° e_small=+0.85°  |ω_big|=0.35°/s |ω_small|=0.18°/s  连续 0.0/3s  ← 未满足 e_big超差
    [稳定等待] 已等   3.0s  e_big=+3.63° e_small=+0.69°  |ω_big|=0.32°/s |ω_small|=0.14°/s  连续 0.0/3s  ← 未满足 e_big超差
    [稳定等待] 已等   4.0s  e_big=+3.32° e_small=+0.56°  |ω_big|=0.29°/s |ω_small|=0.11°/s  连续 0.0/3s  ← 未满足 e_big超差
    [稳定等待] 已等   5.0s  e_big=+3.05° e_small=+0.45°  |ω_big|=0.26°/s |ω_small|=0.10°/s  连续 0.0/3s  ← 未满足 e_big超差
    [稳定等待] 已等   6.0s  e_big=+2.81° e_small=+0.37°  |ω_big|=0.24°/s |ω_small|=0.08°/s  连续 0.8/3s
    [稳定等待] 已等   7.0s  e_big=+2.58° e_small=+0.30°  |ω_big|=0.21°/s |ω_small|=0.06°/s  连续 1.8/3s
    [稳定等待] 已等   8.0s  e_big=+2.37° e_small=+0.25°  |ω_big|=0.20°/s |ω_small|=0.05°/s  连续 2.8/3s
  ✓ 已稳定（第二段用时 8.23s，两段合计 13.23s）
  采样 300 点 (3.00 s @100Hz)…
  保存: _tmp4x/train_b/sysid_small_20260919_140953_65.npz
        _tmp4x/train_b/sysid_small_20260919_140953_65.csv  (300 行)

=== 段 67 === driven=big 轴 / held=small 轴  温度=(30,30)℃
  参考来源: recording_1778341521.npz[327:627] 随机缩放=0.18
  driven 大 yaw: 中心=+5.304 rad 半幅=±0.726 rad(±41.6°)
  held   小 yaw: 目标=+0.168 rad (+9.7°)  [包络 -22°…+22°]
  到位(固定 5s): err_big=+2.83° err_small=+0.77°
  等待连续 3s 稳定（判据: 两轴误差 ≤ 3° 且 两轴速度 < 6°/s；任一越界即重新计时）…
    [稳定等待] 已等   0.0s  e_big=+2.83° e_small=+0.77°  |ω_big|=0.24°/s |ω_small|=0.16°/s  连续 0.0/3s
    [稳定等待] 已等   1.0s  e_big=+2.60° e_small=+0.62°  |ω_big|=0.22°/s |ω_small|=0.13°/s  连续 1.0/3s
    [稳定等待] 已等   2.0s  e_big=+2.39° e_small=+0.51°  |ω_big|=0.20°/s |ω_small|=0.10°/s  连续 2.0/3s
  ✓ 已稳定（第二段用时 3.00s，两段合计 8.00s）
  采样 300 点 (3.00 s @100Hz)…
  保存: _tmp4x/train_b/sysid_big_20260919_141009_66.npz
        _tmp4x/train_b/sysid_big_20260919_141009_66.csv  (300 行)

=== 段 68 === driven=small 轴 / held=big 轴  温度=(30,30)℃
  参考来源: recording_1778414251.npz[36872:37172] 随机缩放=0.30
  driven 小 yaw: 中心=+0.003 rad(+0.2°) 半幅=±0.303 rad(±17.4°)
    整条位于参考包络 [-22°, +22°] 内（硬限位 [-30°, +30°]，两侧各留 8° 跟踪余量; 中心 +0.0°）
  held   大 yaw: 目标=+8.711 rad（现有方位角 ±π 内随机）
  到位(固定 5s): err_big=+4.97° err_small=+1.04°
  等待连续 3s 稳定（判据: 两轴误差 ≤ 3° 且 两轴速度 < 6°/s；任一越界即重新计时）…
    [稳定等待] 已等   0.0s  e_big=+4.97° e_small=+1.04°  |ω_big|=0.49°/s |ω_small|=0.22°/s  连续 0.0/3s  ← 未满足 e_big超差
    [稳定等待] 已等   1.0s  e_big=+4.52° e_small=+0.84°  |ω_big|=0.42°/s |ω_small|=0.18°/s  连续 0.0/3s  ← 未满足 e_big超差
    [稳定等待] 已等   2.0s  e_big=+4.12° e_small=+0.68°  |ω_big|=0.37°/s |ω_small|=0.14°/s  连续 0.0/3s  ← 未满足 e_big超差
    [稳定等待] 已等   3.0s  e_big=+3.77° e_small=+0.55°  |ω_big|=0.33°/s |ω_small|=0.12°/s  连续 0.0/3s  ← 未满足 e_big超差
    [稳定等待] 已等   4.0s  e_big=+3.45° e_small=+0.45°  |ω_big|=0.30°/s |ω_small|=0.09°/s  连续 0.0/3s  ← 未满足 e_big超差
    [稳定等待] 已等   5.0s  e_big=+3.17° e_small=+0.37°  |ω_big|=0.27°/s |ω_small|=0.07°/s  连续 0.0/3s  ← 未满足 e_big超差
    [稳定等待] 已等   6.0s  e_big=+2.91° e_small=+0.30°  |ω_big|=0.25°/s |ω_small|=0.06°/s  连续 0.4/3s
    [稳定等待] 已等   7.0s  e_big=+2.67° e_small=+0.24°  |ω_big|=0.22°/s |ω_small|=0.05°/s  连续 1.4/3s
    [稳定等待] 已等   8.0s  e_big=+2.46° e_small=+0.20°  |ω_big|=0.20°/s |ω_small|=0.04°/s  连续 2.4/3s
  ✓ 已稳定（第二段用时 8.66s，两段合计 13.66s）
  采样 300 点 (3.00 s @100Hz)…
  保存: _tmp4x/train_b/sysid_small_20260919_141031_67.npz
        _tmp4x/train_b/sysid_small_20260919_141031_67.csv  (300 行)

=== 段 69 === driven=big 轴 / held=small 轴  温度=(30,30)℃
  参考来源: recording_1778340524.npz[27298:27598] 随机缩放=0.56
  driven 大 yaw: 中心=+9.006 rad 半幅=±0.787 rad(±45.1°)
  held   小 yaw: 目标=+0.146 rad (+8.3°)  [包络 -22°…+22°]
  到位(固定 5s): err_big=-2.58° err_small=-0.28°
  等待连续 3s 稳定（判据: 两轴误差 ≤ 3° 且 两轴速度 < 6°/s；任一越界即重新计时）…
    [稳定等待] 已等   0.0s  e_big=-2.58° e_small=-0.28°  |ω_big|=0.21°/s |ω_small|=0.05°/s  连续 0.0/3s
    [稳定等待] 已等   1.0s  e_big=-2.37° e_small=-0.23°  |ω_big|=0.20°/s |ω_small|=0.05°/s  连续 1.0/3s
    [稳定等待] 已等   2.0s  e_big=-2.18° e_small=-0.19°  |ω_big|=0.18°/s |ω_small|=0.04°/s  连续 2.0/3s
  ✓ 已稳定（第二段用时 3.00s，两段合计 8.00s）
  采样 300 点 (3.00 s @100Hz)…
  保存: _tmp4x/train_b/sysid_big_20260919_141047_68.npz
        _tmp4x/train_b/sysid_big_20260919_141047_68.csv  (300 行)

=== 段 70 === driven=small 轴 / held=big 轴  温度=(30,30)℃
  参考来源: recording_1778322660.npz[2230:2530] 随机缩放=0.11
  driven 小 yaw: 中心=-0.031 rad(-1.8°) 半幅=±0.126 rad(±7.2°)
    整条位于参考包络 [-22°, +22°] 内（硬限位 [-30°, +30°]，两侧各留 8° 跟踪余量; 中心 +0.0°）
  held   大 yaw: 目标=+12.677 rad（现有方位角 ±π 内随机）
  到位(固定 5s): err_big=+5.08° err_small=+1.15°
  等待连续 3s 稳定（判据: 两轴误差 ≤ 3° 且 两轴速度 < 6°/s；任一越界即重新计时）…
    [稳定等待] 已等   0.0s  e_big=+5.08° e_small=+1.15°  |ω_big|=0.50°/s |ω_small|=0.24°/s  连续 0.0/3s  ← 未满足 e_big超差
    [稳定等待] 已等   1.0s  e_big=+4.61° e_small=+0.93°  |ω_big|=0.43°/s |ω_small|=0.20°/s  连续 0.0/3s  ← 未满足 e_big超差
    [稳定等待] 已等   2.0s  e_big=+4.20° e_small=+0.75°  |ω_big|=0.38°/s |ω_small|=0.16°/s  连续 0.0/3s  ← 未满足 e_big超差
    [稳定等待] 已等   3.0s  e_big=+3.84° e_small=+0.61°  |ω_big|=0.34°/s |ω_small|=0.13°/s  连续 0.0/3s  ← 未满足 e_big超差
    [稳定等待] 已等   4.0s  e_big=+3.51° e_small=+0.49°  |ω_big|=0.31°/s |ω_small|=0.10°/s  连续 0.0/3s  ← 未满足 e_big超差
    [稳定等待] 已等   5.0s  e_big=+3.22° e_small=+0.40°  |ω_big|=0.28°/s |ω_small|=0.08°/s  连续 0.0/3s  ← 未满足 e_big超差
    [稳定等待] 已等   6.0s  e_big=+2.96° e_small=+0.33°  |ω_big|=0.25°/s |ω_small|=0.07°/s  连续 0.2/3s
    [稳定等待] 已等   7.0s  e_big=+2.72° e_small=+0.27°  |ω_big|=0.23°/s |ω_small|=0.06°/s  连续 1.2/3s
    [稳定等待] 已等   8.1s  e_big=+2.50° e_small=+0.22°  |ω_big|=0.21°/s |ω_small|=0.04°/s  连续 2.2/3s
  ✓ 已稳定（第二段用时 8.87s，两段合计 13.87s）
  采样 300 点 (3.00 s @100Hz)…
  保存: _tmp4x/train_b/sysid_small_20260919_141109_69.npz
        _tmp4x/train_b/sysid_small_20260919_141109_69.csv  (300 行)

=== 段 71 === driven=big 轴 / held=small 轴  温度=(30,30)℃
  参考来源: recording_1778341012.npz[21906:22206] 随机缩放=0.38
  driven 大 yaw: 中心=+12.213 rad 半幅=±0.524 rad(±30.0°)
  held   小 yaw: 目标=+0.028 rad (+1.6°)  [包络 -22°…+22°]
  到位(固定 5s): err_big=+1.17° err_small=+0.04°
  等待连续 3s 稳定（判据: 两轴误差 ≤ 3° 且 两轴速度 < 6°/s；任一越界即重新计时）…
    [稳定等待] 已等   0.0s  e_big=+1.17° e_small=+0.04°  |ω_big|=0.09°/s |ω_small|=0.01°/s  连续 0.0/3s
    [稳定等待] 已等   1.0s  e_big=+1.08° e_small=+0.03°  |ω_big|=0.09°/s |ω_small|=0.01°/s  连续 1.0/3s
    [稳定等待] 已等   2.0s  e_big=+0.99° e_small=+0.03°  |ω_big|=0.08°/s |ω_small|=0.01°/s  连续 2.0/3s
  ✓ 已稳定（第二段用时 3.00s，两段合计 8.00s）
  采样 300 点 (3.00 s @100Hz)…
  保存: _tmp4x/train_b/sysid_big_20260919_141124_70.npz
        _tmp4x/train_b/sysid_big_20260919_141124_70.csv  (300 行)

=== 段 72 === driven=small 轴 / held=big 轴  温度=(30,30)℃
  参考来源: recording_1778330157.npz[25366:25666] 随机缩放=0.26
  driven 小 yaw: 中心=+0.052 rad(+3.0°) 半幅=±0.204 rad(±11.7°)
    整条位于参考包络 [-22°, +22°] 内（硬限位 [-30°, +30°]，两侧各留 8° 跟踪余量; 中心 +0.0°）
  held   大 yaw: 目标=+13.498 rad（现有方位角 ±π 内随机）
  到位(固定 5s): err_big=+0.26° err_small=-0.20°
  等待连续 3s 稳定（判据: 两轴误差 ≤ 3° 且 两轴速度 < 6°/s；任一越界即重新计时）…
    [稳定等待] 已等   0.0s  e_big=+0.26° e_small=-0.20°  |ω_big|=0.00°/s |ω_small|=0.04°/s  连续 0.0/3s
    [稳定等待] 已等   1.0s  e_big=+0.26° e_small=-0.16°  |ω_big|=0.00°/s |ω_small|=0.04°/s  连续 1.0/3s
    [稳定等待] 已等   2.0s  e_big=+0.26° e_small=-0.13°  |ω_big|=0.00°/s |ω_small|=0.03°/s  连续 2.0/3s
  ✓ 已稳定（第二段用时 3.00s，两段合计 8.00s）
  采样 300 点 (3.00 s @100Hz)…
  保存: _tmp4x/train_b/sysid_small_20260919_141140_71.npz
        _tmp4x/train_b/sysid_small_20260919_141140_71.csv  (300 行)

=== 段 73 === driven=big 轴 / held=small 轴  温度=(30,30)℃
  参考来源: recording_1778341521.npz[21121:21421] 随机缩放=0.32
  driven 大 yaw: 中心=+13.305 rad 半幅=±0.530 rad(±30.4°)
  held   小 yaw: 目标=+0.117 rad (+6.7°)  [包络 -22°…+22°]
  到位(固定 5s): err_big=+4.53° err_small=+0.92°
  等待连续 3s 稳定（判据: 两轴误差 ≤ 3° 且 两轴速度 < 6°/s；任一越界即重新计时）…
    [稳定等待] 已等   0.0s  e_big=+4.53° e_small=+0.92°  |ω_big|=0.42°/s |ω_small|=0.19°/s  连续 0.0/3s  ← 未满足 e_big超差
    [稳定等待] 已等   1.0s  e_big=+4.13° e_small=+0.75°  |ω_big|=0.37°/s |ω_small|=0.16°/s  连续 0.0/3s  ← 未满足 e_big超差
    [稳定等待] 已等   2.0s  e_big=+3.78° e_small=+0.61°  |ω_big|=0.33°/s |ω_small|=0.12°/s  连续 0.0/3s  ← 未满足 e_big超差
    [稳定等待] 已等   3.0s  e_big=+3.46° e_small=+0.49°  |ω_big|=0.30°/s |ω_small|=0.10°/s  连续 0.0/3s  ← 未满足 e_big超差
    [稳定等待] 已等   4.0s  e_big=+3.17° e_small=+0.40°  |ω_big|=0.27°/s |ω_small|=0.08°/s  连续 0.0/3s  ← 未满足 e_big超差
    [稳定等待] 已等   5.0s  e_big=+2.91° e_small=+0.33°  |ω_big|=0.25°/s |ω_small|=0.07°/s  连续 0.4/3s
    [稳定等待] 已等   6.0s  e_big=+2.68° e_small=+0.27°  |ω_big|=0.22°/s |ω_small|=0.06°/s  连续 1.4/3s
    [稳定等待] 已等   7.0s  e_big=+2.46° e_small=+0.22°  |ω_big|=0.20°/s |ω_small|=0.04°/s  连续 2.4/3s
  ✓ 已稳定（第二段用时 7.69s，两段合计 12.69s）
  采样 300 点 (3.00 s @100Hz)…
  保存: _tmp4x/train_b/sysid_big_20260919_141201_72.npz
        _tmp4x/train_b/sysid_big_20260919_141201_72.csv  (300 行)

=== 段 74 === driven=small 轴 / held=big 轴  温度=(30,30)℃
  参考来源: recording_1778327131.npz[3828:4128] 随机缩放=0.18
  driven 小 yaw: 中心=-0.021 rad(-1.2°) 半幅=±0.134 rad(±7.7°)
    整条位于参考包络 [-22°, +22°] 内（硬限位 [-30°, +30°]，两侧各留 8° 跟踪余量; 中心 +0.0°）
  held   大 yaw: 目标=+11.307 rad（现有方位角 ±π 内随机）
  到位(固定 5s): err_big=-1.84° err_small=-0.05°
  等待连续 3s 稳定（判据: 两轴误差 ≤ 3° 且 两轴速度 < 6°/s；任一越界即重新计时）…
    [稳定等待] 已等   0.0s  e_big=-1.84° e_small=-0.05°  |ω_big|=0.15°/s |ω_small|=0.01°/s  连续 0.0/3s
    [稳定等待] 已等   1.0s  e_big=-1.69° e_small=-0.04°  |ω_big|=0.14°/s |ω_small|=0.01°/s  连续 1.0/3s
    [稳定等待] 已等   2.0s  e_big=-1.56° e_small=-0.04°  |ω_big|=0.13°/s |ω_small|=0.01°/s  连续 2.0/3s
  ✓ 已稳定（第二段用时 3.00s，两段合计 8.00s）
  采样 300 点 (3.00 s @100Hz)…
  保存: _tmp4x/train_b/sysid_small_20260919_141217_73.npz
        _tmp4x/train_b/sysid_small_20260919_141217_73.csv  (300 行)

=== 段 75 === driven=big 轴 / held=small 轴  温度=(30,30)℃
  参考来源: recording_1778341844.npz[7666:7966] 随机缩放=0.22
  driven 大 yaw: 中心=+10.937 rad 半幅=±0.649 rad(±37.2°)
  held   小 yaw: 目标=-0.104 rad (-6.0°)  [包络 -22°…+22°]
  到位(固定 5s): err_big=-3.64° err_small=-0.59°
  等待连续 3s 稳定（判据: 两轴误差 ≤ 3° 且 两轴速度 < 6°/s；任一越界即重新计时）…
    [稳定等待] 已等   0.0s  e_big=-3.64° e_small=-0.59°  |ω_big|=0.32°/s |ω_small|=0.12°/s  连续 0.0/3s  ← 未满足 e_big超差
    [稳定等待] 已等   1.0s  e_big=-3.33° e_small=-0.48°  |ω_big|=0.29°/s |ω_small|=0.10°/s  连续 0.0/3s  ← 未满足 e_big超差
    [稳定等待] 已等   2.0s  e_big=-3.06° e_small=-0.39°  |ω_big|=0.26°/s |ω_small|=0.08°/s  连续 0.0/3s  ← 未满足 e_big超差
    [稳定等待] 已等   3.0s  e_big=-2.81° e_small=-0.32°  |ω_big|=0.24°/s |ω_small|=0.06°/s  连续 0.8/3s
    [稳定等待] 已等   4.0s  e_big=-2.58° e_small=-0.26°  |ω_big|=0.22°/s |ω_small|=0.05°/s  连续 1.8/3s
    [稳定等待] 已等   5.0s  e_big=-2.38° e_small=-0.21°  |ω_big|=0.20°/s |ω_small|=0.04°/s  连续 2.8/3s
  ✓ 已稳定（第二段用时 5.25s，两段合计 10.25s）
  采样 300 点 (3.00 s @100Hz)…
  保存: _tmp4x/train_b/sysid_big_20260919_141235_74.npz
        _tmp4x/train_b/sysid_big_20260919_141235_74.csv  (300 行)

=== 段 76 === driven=small 轴 / held=big 轴  温度=(30,30)℃
  参考来源: recording_1778327131.npz[3901:4201] 随机缩放=0.35
  driven 小 yaw: 中心=+0.066 rad(+3.8°) 半幅=±0.316 rad(±18.1°)
    整条位于参考包络 [-22°, +22°] 内（硬限位 [-30°, +30°]，两侧各留 8° 跟踪余量; 中心 +0.0°）
  held   大 yaw: 目标=+12.269 rad（现有方位角 ±π 内随机）
  到位(固定 5s): err_big=-3.85° err_small=-0.95°
  等待连续 3s 稳定（判据: 两轴误差 ≤ 3° 且 两轴速度 < 6°/s；任一越界即重新计时）…
    [稳定等待] 已等   0.0s  e_big=-3.85° e_small=-0.95°  |ω_big|=0.34°/s |ω_small|=0.20°/s  连续 0.0/3s  ← 未满足 e_big超差
    [稳定等待] 已等   1.0s  e_big=-3.52° e_small=-0.77°  |ω_big|=0.31°/s |ω_small|=0.16°/s  连续 0.0/3s  ← 未满足 e_big超差
    [稳定等待] 已等   2.0s  e_big=-3.23° e_small=-0.62°  |ω_big|=0.28°/s |ω_small|=0.13°/s  连续 0.0/3s  ← 未满足 e_big超差
    [稳定等待] 已等   3.0s  e_big=-2.97° e_small=-0.51°  |ω_big|=0.25°/s |ω_small|=0.11°/s  连续 0.1/3s
    [稳定等待] 已等   4.0s  e_big=-2.73° e_small=-0.41°  |ω_big|=0.23°/s |ω_small|=0.08°/s  连续 1.1/3s
    [稳定等待] 已等   5.0s  e_big=-2.51° e_small=-0.34°  |ω_big|=0.21°/s |ω_small|=0.07°/s  连续 2.1/3s
  ✓ 已稳定（第二段用时 5.89s，两段合计 10.89s）
  采样 300 点 (3.00 s @100Hz)…
  保存: _tmp4x/train_b/sysid_small_20260919_141254_75.npz
        _tmp4x/train_b/sysid_small_20260919_141254_75.csv  (300 行)

=== 段 77 === driven=big 轴 / held=small 轴  温度=(30,30)℃
  参考来源: recording_1778322622.npz[668:968] 随机缩放=0.48
  driven 大 yaw: 中心=+12.492 rad 半幅=±0.372 rad(±21.3°)
  held   小 yaw: 目标=+0.128 rad (+7.4°)  [包络 -22°…+22°]
  到位(固定 5s): err_big=+3.02° err_small=+0.44°
  等待连续 3s 稳定（判据: 两轴误差 ≤ 3° 且 两轴速度 < 6°/s；任一越界即重新计时）…
    [稳定等待] 已等   0.0s  e_big=+3.02° e_small=+0.43°  |ω_big|=0.26°/s |ω_small|=0.09°/s  连续 0.0/3s  ← 未满足 e_big超差
    [稳定等待] 已等   1.0s  e_big=+2.77° e_small=+0.36°  |ω_big|=0.23°/s |ω_small|=0.07°/s  连续 1.0/3s
    [稳定等待] 已等   2.0s  e_big=+2.55° e_small=+0.29°  |ω_big|=0.21°/s |ω_small|=0.06°/s  连续 1.9/3s
    [稳定等待] 已等   3.0s  e_big=+2.35° e_small=+0.24°  |ω_big|=0.19°/s |ω_small|=0.05°/s  连续 3.0/3s
  ✓ 已稳定（第二段用时 3.07s，两段合计 8.07s）
  采样 300 点 (3.00 s @100Hz)…
  保存: _tmp4x/train_b/sysid_big_20260919_141310_76.npz
        _tmp4x/train_b/sysid_big_20260919_141310_76.csv  (300 行)

=== 段 78 === driven=small 轴 / held=big 轴  温度=(30,30)℃
  参考来源: recording_1778322622.npz[1987:2287] 随机缩放=0.22
  driven 小 yaw: 中心=+0.138 rad(+7.9°) 半幅=±0.284 rad(±16.3°)
    整条位于参考包络 [-22°, +22°] 内（硬限位 [-30°, +30°]，两侧各留 8° 跟踪余量; 中心 +0.0°）
  held   大 yaw: 目标=+12.752 rad（现有方位角 ±π 内随机）
  到位(固定 5s): err_big=+1.47° err_small=-0.06°
  等待连续 3s 稳定（判据: 两轴误差 ≤ 3° 且 两轴速度 < 6°/s；任一越界即重新计时）…
    [稳定等待] 已等   0.0s  e_big=+1.47° e_small=-0.06°  |ω_big|=0.12°/s |ω_small|=0.02°/s  连续 0.0/3s
    [稳定等待] 已等   1.0s  e_big=+1.36° e_small=-0.05°  |ω_big|=0.11°/s |ω_small|=0.01°/s  连续 1.0/3s
    [稳定等待] 已等   2.0s  e_big=+1.25° e_small=-0.04°  |ω_big|=0.10°/s |ω_small|=0.01°/s  连续 2.0/3s
  ✓ 已稳定（第二段用时 3.00s，两段合计 8.00s）
  采样 300 点 (3.00 s @100Hz)…
  保存: _tmp4x/train_b/sysid_small_20260919_141326_77.npz
        _tmp4x/train_b/sysid_small_20260919_141326_77.csv  (300 行)

=== 段 79 === driven=big 轴 / held=small 轴  温度=(30,30)℃
  参考来源: recording_1778414251.npz[21195:21495] 随机缩放=0.20
  driven 大 yaw: 中心=+12.551 rad 半幅=±0.558 rad(±32.0°)
  held   小 yaw: 目标=+0.245 rad (+14.1°)  [包络 -22°…+22°]
  到位(固定 5s): err_big=-2.15° err_small=-0.54°
  等待连续 3s 稳定（判据: 两轴误差 ≤ 3° 且 两轴速度 < 6°/s；任一越界即重新计时）…
    [稳定等待] 已等   0.0s  e_big=-2.15° e_small=-0.54°  |ω_big|=0.18°/s |ω_small|=0.11°/s  连续 0.0/3s
    [稳定等待] 已等   1.0s  e_big=-1.98° e_small=-0.44°  |ω_big|=0.16°/s |ω_small|=0.09°/s  连续 1.0/3s
    [稳定等待] 已等   2.0s  e_big=-1.82° e_small=-0.36°  |ω_big|=0.15°/s |ω_small|=0.07°/s  连续 2.0/3s
  ✓ 已稳定（第二段用时 3.00s，两段合计 8.00s）
  采样 300 点 (3.00 s @100Hz)…
  保存: _tmp4x/train_b/sysid_big_20260919_141342_78.npz
        _tmp4x/train_b/sysid_big_20260919_141342_78.csv  (300 行)

=== 段 80 === driven=small 轴 / held=big 轴  温度=(30,30)℃
  参考来源: recording_1778322622.npz[342:642] 随机缩放=0.19
  driven 小 yaw: 中心=+0.046 rad(+2.6°) 半幅=±0.259 rad(±14.8°)
    整条位于参考包络 [-22°, +22°] 内（硬限位 [-30°, +30°]，两侧各留 8° 跟踪余量; 中心 +0.0°）
  held   大 yaw: 目标=+11.785 rad（现有方位角 ±π 内随机）
  到位(固定 5s): err_big=+2.60° err_small=+0.72°
  等待连续 3s 稳定（判据: 两轴误差 ≤ 3° 且 两轴速度 < 6°/s；任一越界即重新计时）…
    [稳定等待] 已等   0.0s  e_big=+2.60° e_small=+0.72°  |ω_big|=0.22°/s |ω_small|=0.15°/s  连续 0.0/3s
    [稳定等待] 已等   1.0s  e_big=+2.39° e_small=+0.59°  |ω_big|=0.20°/s |ω_small|=0.12°/s  连续 1.0/3s
    [稳定等待] 已等   2.0s  e_big=+2.20° e_small=+0.48°  |ω_big|=0.18°/s |ω_small|=0.10°/s  连续 2.0/3s
  ✓ 已稳定（第二段用时 3.00s，两段合计 8.00s）
  采样 300 点 (3.00 s @100Hz)…
  保存: _tmp4x/train_b/sysid_small_20260919_141358_79.npz
        _tmp4x/train_b/sysid_small_20260919_141358_79.csv  (300 行)

=== 段 81 === driven=big 轴 / held=small 轴  温度=(30,30)℃
  参考来源: recording_1778341844.npz[11456:11756] 随机缩放=0.38
  driven 大 yaw: 中心=+11.726 rad 半幅=±0.962 rad(±55.1°)
  held   小 yaw: 目标=+0.013 rad (+0.7°)  [包络 -22°…+22°]
  到位(固定 5s): err_big=-3.00° err_small=-0.79°
  等待连续 3s 稳定（判据: 两轴误差 ≤ 3° 且 两轴速度 < 6°/s；任一越界即重新计时）…
    [稳定等待] 已等   0.0s  e_big=-3.00° e_small=-0.79°  |ω_big|=0.25°/s |ω_small|=0.16°/s  连续 0.0/3s
    [稳定等待] 已等   1.0s  e_big=-2.76° e_small=-0.64°  |ω_big|=0.23°/s |ω_small|=0.13°/s  连续 1.0/3s
    [稳定等待] 已等   2.0s  e_big=-2.54° e_small=-0.52°  |ω_big|=0.21°/s |ω_small|=0.11°/s  连续 2.0/3s
  ✓ 已稳定（第二段用时 3.00s，两段合计 8.00s）
  采样 300 点 (3.00 s @100Hz)…
  保存: _tmp4x/train_b/sysid_big_20260919_141414_80.npz
        _tmp4x/train_b/sysid_big_20260919_141414_80.csv  (300 行)

=== 段 82 === driven=small 轴 / held=big 轴  温度=(30,30)℃
  参考来源: recording_1778414251.npz[17650:17950] 随机缩放=0.09
  driven 小 yaw: 中心=+0.075 rad(+4.3°) 半幅=±0.329 rad(±18.9°)
    整条位于参考包络 [-22°, +22°] 内（硬限位 [-30°, +30°]，两侧各留 8° 跟踪余量; 中心 +0.0°）
  held   大 yaw: 目标=+9.248 rad（现有方位角 ±π 内随机）
  到位(固定 5s): err_big=-3.03° err_small=-0.39°
  等待连续 3s 稳定（判据: 两轴误差 ≤ 3° 且 两轴速度 < 6°/s；任一越界即重新计时）…
    [稳定等待] 已等   0.0s  e_big=-3.03° e_small=-0.39°  |ω_big|=0.26°/s |ω_small|=0.08°/s  连续 0.0/3s  ← 未满足 e_big超差
    [稳定等待] 已等   1.0s  e_big=-2.78° e_small=-0.32°  |ω_big|=0.23°/s |ω_small|=0.06°/s  连续 0.9/3s
    [稳定等待] 已等   2.0s  e_big=-2.56° e_small=-0.26°  |ω_big|=0.21°/s |ω_small|=0.06°/s  连续 1.9/3s
    [稳定等待] 已等   3.0s  e_big=-2.35° e_small=-0.21°  |ω_big|=0.19°/s |ω_small|=0.04°/s  连续 2.9/3s
  ✓ 已稳定（第二段用时 3.11s，两段合计 8.11s）
  采样 300 点 (3.00 s @100Hz)…
  保存: _tmp4x/train_b/sysid_small_20260919_141430_81.npz
        _tmp4x/train_b/sysid_small_20260919_141430_81.csv  (300 行)

=== 段 83 === driven=big 轴 / held=small 轴  温度=(30,30)℃
  参考来源: recording_1778341012.npz[15524:15824] 随机缩放=0.81
  driven 大 yaw: 中心=+9.055 rad 半幅=±0.668 rad(±38.2°)
  held   小 yaw: 目标=+0.151 rad (+8.6°)  [包络 -22°…+22°]
  到位(固定 5s): err_big=+0.67° err_small=+0.36°
  等待连续 3s 稳定（判据: 两轴误差 ≤ 3° 且 两轴速度 < 6°/s；任一越界即重新计时）…
    [稳定等待] 已等   0.0s  e_big=+0.67° e_small=+0.36°  |ω_big|=0.05°/s |ω_small|=0.07°/s  连续 0.0/3s
    [稳定等待] 已等   1.0s  e_big=+0.62° e_small=+0.29°  |ω_big|=0.05°/s |ω_small|=0.06°/s  连续 1.0/3s
    [稳定等待] 已等   2.0s  e_big=+0.57° e_small=+0.24°  |ω_big|=0.05°/s |ω_small|=0.05°/s  连续 2.0/3s
  ✓ 已稳定（第二段用时 3.00s，两段合计 8.00s）
  采样 300 点 (3.00 s @100Hz)…
  保存: _tmp4x/train_b/sysid_big_20260919_141447_82.npz
        _tmp4x/train_b/sysid_big_20260919_141447_82.csv  (300 行)

=== 段 84 === driven=small 轴 / held=big 轴  温度=(30,30)℃
  参考来源: recording_1778322622.npz[2199:2499] 随机缩放=0.22
  driven 小 yaw: 中心=-0.002 rad(-0.1°) 半幅=±0.172 rad(±9.9°)
    整条位于参考包络 [-22°, +22°] 内（硬限位 [-30°, +30°]，两侧各留 8° 跟踪余量; 中心 +0.0°）
  held   大 yaw: 目标=+11.268 rad（现有方位角 ±π 内随机）
  到位(固定 5s): err_big=+2.71° err_small=+0.30°
  等待连续 3s 稳定（判据: 两轴误差 ≤ 3° 且 两轴速度 < 6°/s；任一越界即重新计时）…
    [稳定等待] 已等   0.0s  e_big=+2.71° e_small=+0.30°  |ω_big|=0.23°/s |ω_small|=0.06°/s  连续 0.0/3s
    [稳定等待] 已等   1.0s  e_big=+2.49° e_small=+0.24°  |ω_big|=0.21°/s |ω_small|=0.05°/s  连续 1.0/3s
    [稳定等待] 已等   2.0s  e_big=+2.29° e_small=+0.20°  |ω_big|=0.19°/s |ω_small|=0.04°/s  连续 2.0/3s
  ✓ 已稳定（第二段用时 3.00s，两段合计 8.00s）
  采样 300 点 (3.00 s @100Hz)…
  保存: _tmp4x/train_b/sysid_small_20260919_141503_83.npz
        _tmp4x/train_b/sysid_small_20260919_141503_83.csv  (300 行)

=== 段 85 === driven=big 轴 / held=small 轴  温度=(30,30)℃
  参考来源: recording_1778322622.npz[1142:1442] 随机缩放=0.75
  driven 大 yaw: 中心=+11.522 rad 半幅=±0.479 rad(±27.5°)
  held   小 yaw: 目标=-0.024 rad (-1.4°)  [包络 -22°…+22°]
  到位(固定 5s): err_big=-2.81° err_small=-0.25°
  等待连续 3s 稳定（判据: 两轴误差 ≤ 3° 且 两轴速度 < 6°/s；任一越界即重新计时）…
    [稳定等待] 已等   0.0s  e_big=-2.81° e_small=-0.25°  |ω_big|=0.24°/s |ω_small|=0.05°/s  连续 0.0/3s
    [稳定等待] 已等   1.0s  e_big=-2.58° e_small=-0.20°  |ω_big|=0.21°/s |ω_small|=0.04°/s  连续 1.0/3s
    [稳定等待] 已等   2.0s  e_big=-2.37° e_small=-0.16°  |ω_big|=0.20°/s |ω_small|=0.03°/s  连续 2.0/3s
  ✓ 已稳定（第二段用时 3.00s，两段合计 8.00s）
  采样 300 点 (3.00 s @100Hz)…
  保存: _tmp4x/train_b/sysid_big_20260919_141519_84.npz
        _tmp4x/train_b/sysid_big_20260919_141519_84.csv  (300 行)

=== 段 86 === driven=small 轴 / held=big 轴  温度=(30,30)℃
  参考来源: recording_1778322660.npz[1832:2132] 随机缩放=0.29
  driven 小 yaw: 中心=-0.054 rad(-3.1°) 半幅=±0.228 rad(±13.1°)
    整条位于参考包络 [-22°, +22°] 内（硬限位 [-30°, +30°]，两侧各留 8° 跟踪余量; 中心 +0.0°）
  held   大 yaw: 目标=+14.822 rad（现有方位角 ±π 内随机）
  到位(固定 5s): err_big=+4.94° err_small=+1.26°
  等待连续 3s 稳定（判据: 两轴误差 ≤ 3° 且 两轴速度 < 6°/s；任一越界即重新计时）…
    [稳定等待] 已等   0.0s  e_big=+4.94° e_small=+1.26°  |ω_big|=0.48°/s |ω_small|=0.28°/s  连续 0.0/3s  ← 未满足 e_big超差
    [稳定等待] 已等   1.0s  e_big=+4.48° e_small=+1.02°  |ω_big|=0.42°/s |ω_small|=0.21°/s  连续 0.0/3s  ← 未满足 e_big超差
    [稳定等待] 已等   2.0s  e_big=+4.09° e_small=+0.82°  |ω_big|=0.37°/s |ω_small|=0.17°/s  连续 0.0/3s  ← 未满足 e_big超差
    [稳定等待] 已等   3.0s  e_big=+3.74° e_small=+0.67°  |ω_big|=0.33°/s |ω_small|=0.14°/s  连续 0.0/3s  ← 未满足 e_big超差
    [稳定等待] 已等   4.0s  e_big=+3.42° e_small=+0.54°  |ω_big|=0.30°/s |ω_small|=0.11°/s  连续 0.0/3s  ← 未满足 e_big超差
    [稳定等待] 已等   5.0s  e_big=+3.14° e_small=+0.44°  |ω_big|=0.27°/s |ω_small|=0.09°/s  连续 0.0/3s  ← 未满足 e_big超差
    [稳定等待] 已等   6.0s  e_big=+2.89° e_small=+0.36°  |ω_big|=0.24°/s |ω_small|=0.07°/s  连续 0.5/3s
    [稳定等待] 已等   7.1s  e_big=+2.65° e_small=+0.29°  |ω_big|=0.22°/s |ω_small|=0.06°/s  连续 1.5/3s
    [稳定等待] 已等   8.1s  e_big=+2.44° e_small=+0.24°  |ω_big|=0.20°/s |ω_small|=0.05°/s  连续 2.5/3s
  ✓ 已稳定（第二段用时 8.58s，两段合计 13.58s）
  采样 300 点 (3.00 s @100Hz)…
  保存: _tmp4x/train_b/sysid_small_20260919_141540_85.npz
        _tmp4x/train_b/sysid_small_20260919_141540_85.csv  (300 行)

=== 段 87 === driven=big 轴 / held=small 轴  温度=(30,30)℃
  参考来源: recording_1778322660.npz[137:437] 随机缩放=0.61
  driven 大 yaw: 中心=+14.384 rad 半幅=±0.584 rad(±33.5°)
  held   小 yaw: 目标=+0.183 rad (+10.5°)  [包络 -22°…+22°]
  到位(固定 5s): err_big=+4.39° err_small=+0.89°
  等待连续 3s 稳定（判据: 两轴误差 ≤ 3° 且 两轴速度 < 6°/s；任一越界即重新计时）…
    [稳定等待] 已等   0.0s  e_big=+4.39° e_small=+0.88°  |ω_big|=0.41°/s |ω_small|=0.19°/s  连续 0.0/3s  ← 未满足 e_big超差
    [稳定等待] 已等   1.0s  e_big=+4.01° e_small=+0.72°  |ω_big|=0.36°/s |ω_small|=0.15°/s  连续 0.0/3s  ← 未满足 e_big超差
    [稳定等待] 已等   2.0s  e_big=+3.67° e_small=+0.58°  |ω_big|=0.32°/s |ω_small|=0.12°/s  连续 0.0/3s  ← 未满足 e_big超差
    [稳定等待] 已等   3.0s  e_big=+3.36° e_small=+0.47°  |ω_big|=0.29°/s |ω_small|=0.10°/s  连续 0.0/3s  ← 未满足 e_big超差
    [稳定等待] 已等   4.0s  e_big=+3.08° e_small=+0.39°  |ω_big|=0.26°/s |ω_small|=0.08°/s  连续 0.0/3s  ← 未满足 e_big超差
    [稳定等待] 已等   5.0s  e_big=+2.83° e_small=+0.31°  |ω_big|=0.24°/s |ω_small|=0.06°/s  连续 0.7/3s
    [稳定等待] 已等   6.0s  e_big=+2.61° e_small=+0.26°  |ω_big|=0.22°/s |ω_small|=0.05°/s  连续 1.7/3s
    [稳定等待] 已等   7.0s  e_big=+2.40° e_small=+0.21°  |ω_big|=0.20°/s |ω_small|=0.04°/s  连续 2.7/3s
  ✓ 已稳定（第二段用时 7.34s，两段合计 12.34s）
  采样 300 点 (3.00 s @100Hz)…
  保存: _tmp4x/train_b/sysid_big_20260919_141601_86.npz
        _tmp4x/train_b/sysid_big_20260919_141601_86.csv  (300 行)

=== 段 88 === driven=small 轴 / held=big 轴  温度=(30,30)℃
  参考来源: recording_1778328241.npz[16823:17123] 随机缩放=0.73
  driven 小 yaw: 中心=-0.004 rad(-0.3°) 半幅=±0.158 rad(±9.1°)
    整条位于参考包络 [-22°, +22°] 内（硬限位 [-30°, +30°]，两侧各留 8° 跟踪余量; 中心 +0.0°）
  held   大 yaw: 目标=+16.460 rad（现有方位角 ±π 内随机）
  到位(固定 5s): err_big=+2.63° err_small=+0.28°
  等待连续 3s 稳定（判据: 两轴误差 ≤ 3° 且 两轴速度 < 6°/s；任一越界即重新计时）…
    [稳定等待] 已等   0.0s  e_big=+2.63° e_small=+0.28°  |ω_big|=0.22°/s |ω_small|=0.06°/s  连续 0.0/3s
    [稳定等待] 已等   1.0s  e_big=+2.42° e_small=+0.23°  |ω_big|=0.20°/s |ω_small|=0.05°/s  连续 1.0/3s
    [稳定等待] 已等   2.0s  e_big=+2.23° e_small=+0.19°  |ω_big|=0.18°/s |ω_small|=0.04°/s  连续 2.0/3s
  ✓ 已稳定（第二段用时 3.00s，两段合计 8.00s）
  采样 300 点 (3.00 s @100Hz)…
  保存: _tmp4x/train_b/sysid_small_20260919_141617_87.npz
        _tmp4x/train_b/sysid_small_20260919_141617_87.csv  (300 行)

=== 段 89 === driven=big 轴 / held=small 轴  温度=(30,30)℃
  参考来源: recording_1778341521.npz[20651:20951] 随机缩放=0.24
  driven 大 yaw: 中心=+16.224 rad 半幅=±0.812 rad(±46.5°)
  held   小 yaw: 目标=-0.205 rad (-11.8°)  [包络 -22°…+22°]
  到位(固定 5s): err_big=-3.20° err_small=-0.56°
  等待连续 3s 稳定（判据: 两轴误差 ≤ 3° 且 两轴速度 < 6°/s；任一越界即重新计时）…
    [稳定等待] 已等   0.0s  e_big=-3.20° e_small=-0.56°  |ω_big|=0.27°/s |ω_small|=0.11°/s  连续 0.0/3s  ← 未满足 e_big超差
    [稳定等待] 已等   1.0s  e_big=-2.94° e_small=-0.45°  |ω_big|=0.25°/s |ω_small|=0.09°/s  连续 0.2/3s
    [稳定等待] 已等   2.0s  e_big=-2.70° e_small=-0.37°  |ω_big|=0.23°/s |ω_small|=0.08°/s  连续 1.2/3s
    [稳定等待] 已等   3.0s  e_big=-2.49° e_small=-0.30°  |ω_big|=0.21°/s |ω_small|=0.06°/s  连续 2.2/3s
  ✓ 已稳定（第二段用时 3.77s，两段合计 8.77s）
  采样 300 点 (3.00 s @100Hz)…
  保存: _tmp4x/train_b/sysid_big_20260919_141633_88.npz
        _tmp4x/train_b/sysid_big_20260919_141633_88.csv  (300 行)

=== 段 90 === driven=small 轴 / held=big 轴  温度=(30,30)℃
  参考来源: recording_1778341521.npz[24848:25148] 随机缩放=0.15
  driven 小 yaw: 中心=+0.034 rad(+1.9°) 半幅=±0.249 rad(±14.3°)
    整条位于参考包络 [-22°, +22°] 内（硬限位 [-30°, +30°]，两侧各留 8° 跟踪余量; 中心 +0.0°）
  held   大 yaw: 目标=+15.291 rad（现有方位角 ±π 内随机）
  到位(固定 5s): err_big=+1.66° err_small=+0.53°
  等待连续 3s 稳定（判据: 两轴误差 ≤ 3° 且 两轴速度 < 6°/s；任一越界即重新计时）…
    [稳定等待] 已等   0.0s  e_big=+1.66° e_small=+0.54°  |ω_big|=0.13°/s |ω_small|=0.11°/s  连续 0.0/3s
    [稳定等待] 已等   1.0s  e_big=+1.53° e_small=+0.43°  |ω_big|=0.12°/s |ω_small|=0.09°/s  连续 1.0/3s
    [稳定等待] 已等   2.0s  e_big=+1.41° e_small=+0.35°  |ω_big|=0.11°/s |ω_small|=0.07°/s  连续 2.0/3s
  ✓ 已稳定（第二段用时 3.00s，两段合计 8.00s）
  采样 300 点 (3.00 s @100Hz)…
  保存: _tmp4x/train_b/sysid_small_20260919_141649_89.npz
        _tmp4x/train_b/sysid_small_20260919_141649_89.csv  (300 行)

=== 段 91 === driven=big 轴 / held=small 轴  温度=(30,30)℃
  参考来源: recording_1778341521.npz[4089:4389] 随机缩放=0.09
  driven 大 yaw: 中心=+15.179 rad 半幅=±0.443 rad(±25.4°)
  held   小 yaw: 目标=+0.073 rad (+4.2°)  [包络 -22°…+22°]
  到位(固定 5s): err_big=+0.59° err_small=+0.25°
  等待连续 3s 稳定（判据: 两轴误差 ≤ 3° 且 两轴速度 < 6°/s；任一越界即重新计时）…
    [稳定等待] 已等   0.0s  e_big=+0.59° e_small=+0.25°  |ω_big|=0.05°/s |ω_small|=0.05°/s  连续 0.0/3s
    [稳定等待] 已等   1.0s  e_big=+0.54° e_small=+0.21°  |ω_big|=0.04°/s |ω_small|=0.04°/s  连续 1.0/3s
    [稳定等待] 已等   2.0s  e_big=+0.50° e_small=+0.17°  |ω_big|=0.04°/s |ω_small|=0.03°/s  连续 2.0/3s
  ✓ 已稳定（第二段用时 3.00s，两段合计 8.00s）
  采样 300 点 (3.00 s @100Hz)…
  保存: _tmp4x/train_b/sysid_big_20260919_141705_90.npz
        _tmp4x/train_b/sysid_big_20260919_141705_90.csv  (300 行)

=== 段 92 === driven=small 轴 / held=big 轴  温度=(30,30)℃
  参考来源: recording_1778328241.npz[1244:1544] 随机缩放=1.53
  driven 小 yaw: 中心=+0.045 rad(+2.6°) 半幅=±0.184 rad(±10.5°)
    整条位于参考包络 [-22°, +22°] 内（硬限位 [-30°, +30°]，两侧各留 8° 跟踪余量; 中心 +0.0°）
  held   大 yaw: 目标=+12.136 rad（现有方位角 ±π 内随机）
  到位(固定 5s): err_big=-5.06° err_small=-1.18°
  等待连续 3s 稳定（判据: 两轴误差 ≤ 3° 且 两轴速度 < 6°/s；任一越界即重新计时）…
    [稳定等待] 已等   0.0s  e_big=-5.06° e_small=-1.18°  |ω_big|=0.50°/s |ω_small|=0.26°/s  连续 0.0/3s  ← 未满足 e_big超差
    [稳定等待] 已等   1.0s  e_big=-4.59° e_small=-0.95°  |ω_big|=0.43°/s |ω_small|=0.20°/s  连续 0.0/3s  ← 未满足 e_big超差
    [稳定等待] 已等   2.0s  e_big=-4.19° e_small=-0.77°  |ω_big|=0.38°/s |ω_small|=0.16°/s  连续 0.0/3s  ← 未满足 e_big超差
    [稳定等待] 已等   3.0s  e_big=-3.82° e_small=-0.63°  |ω_big|=0.34°/s |ω_small|=0.13°/s  连续 0.0/3s  ← 未满足 e_big超差
    [稳定等待] 已等   4.0s  e_big=-3.50° e_small=-0.50°  |ω_big|=0.30°/s |ω_small|=0.10°/s  连续 0.0/3s  ← 未满足 e_big超差
    [稳定等待] 已等   5.0s  e_big=-3.21° e_small=-0.41°  |ω_big|=0.27°/s |ω_small|=0.09°/s  连续 0.0/3s  ← 未满足 e_big超差
    [稳定等待] 已等   6.0s  e_big=-2.95° e_small=-0.34°  |ω_big|=0.25°/s |ω_small|=0.07°/s  连续 0.2/3s
    [稳定等待] 已等   7.0s  e_big=-2.71° e_small=-0.28°  |ω_big|=0.23°/s |ω_small|=0.05°/s  连续 1.2/3s
    [稳定等待] 已等   8.0s  e_big=-2.49° e_small=-0.22°  |ω_big|=0.21°/s |ω_small|=0.05°/s  连续 2.2/3s
  ✓ 已稳定（第二段用时 8.84s，两段合计 13.84s）
  采样 300 点 (3.00 s @100Hz)…
  保存: _tmp4x/train_b/sysid_small_20260919_141727_91.npz
        _tmp4x/train_b/sysid_small_20260919_141727_91.csv  (300 行)

=== 段 93 === driven=big 轴 / held=small 轴  温度=(30,30)℃
  参考来源: recording_1778330157.npz[3525:3825] 随机缩放=0.96
  driven 大 yaw: 中心=+12.199 rad 半幅=±0.828 rad(±47.4°)
  held   小 yaw: 目标=+0.016 rad (+0.9°)  [包络 -22°…+22°]
  到位(固定 5s): err_big=+4.22° err_small=+1.01°
  等待连续 3s 稳定（判据: 两轴误差 ≤ 3° 且 两轴速度 < 6°/s；任一越界即重新计时）…
    [稳定等待] 已等   0.0s  e_big=+4.22° e_small=+1.02°  |ω_big|=0.38°/s |ω_small|=0.22°/s  连续 0.0/3s  ← 未满足 e_big超差
    [稳定等待] 已等   1.0s  e_big=+3.86° e_small=+0.82°  |ω_big|=0.34°/s |ω_small|=0.17°/s  连续 0.0/3s  ← 未满足 e_big超差
    [稳定等待] 已等   2.0s  e_big=+3.53° e_small=+0.66°  |ω_big|=0.31°/s |ω_small|=0.14°/s  连续 0.0/3s  ← 未满足 e_big超差
    [稳定等待] 已等   3.0s  e_big=+3.24° e_small=+0.54°  |ω_big|=0.28°/s |ω_small|=0.12°/s  连续 0.0/3s  ← 未满足 e_big超差
    [稳定等待] 已等   4.0s  e_big=+2.97° e_small=+0.44°  |ω_big|=0.25°/s |ω_small|=0.09°/s  连续 0.1/3s
    [稳定等待] 已等   5.0s  e_big=+2.73° e_small=+0.36°  |ω_big|=0.23°/s |ω_small|=0.07°/s  连续 1.1/3s
    [稳定等待] 已等   6.0s  e_big=+2.51° e_small=+0.29°  |ω_big|=0.21°/s |ω_small|=0.06°/s  连续 2.1/3s
  ✓ 已稳定（第二段用时 6.93s，两段合计 11.93s）
  采样 300 点 (3.00 s @100Hz)…
  保存: _tmp4x/train_b/sysid_big_20260919_141747_92.npz
        _tmp4x/train_b/sysid_big_20260919_141747_92.csv  (300 行)

=== 段 94 === driven=small 轴 / held=big 轴  温度=(30,30)℃
  参考来源: recording_1778328241.npz[238:538] 随机缩放=0.80
  driven 小 yaw: 中心=-0.018 rad(-1.0°) 半幅=±0.164 rad(±9.4°)
    整条位于参考包络 [-22°, +22°] 内（硬限位 [-30°, +30°]，两侧各留 8° 跟踪余量; 中心 +0.0°）
  held   大 yaw: 目标=+14.148 rad（现有方位角 ±π 内随机）
  到位(固定 5s): err_big=+1.78° err_small=+0.05°
  等待连续 3s 稳定（判据: 两轴误差 ≤ 3° 且 两轴速度 < 6°/s；任一越界即重新计时）…
    [稳定等待] 已等   0.0s  e_big=+1.78° e_small=+0.05°  |ω_big|=0.14°/s |ω_small|=0.01°/s  连续 0.0/3s
    [稳定等待] 已等   1.0s  e_big=+1.64° e_small=+0.04°  |ω_big|=0.13°/s |ω_small|=0.01°/s  连续 1.0/3s
    [稳定等待] 已等   2.0s  e_big=+1.51° e_small=+0.03°  |ω_big|=0.12°/s |ω_small|=0.01°/s  连续 2.0/3s
  ✓ 已稳定（第二段用时 3.00s，两段合计 8.00s）
  采样 300 点 (3.00 s @100Hz)…
  保存: _tmp4x/train_b/sysid_small_20260919_141803_93.npz
        _tmp4x/train_b/sysid_small_20260919_141803_93.csv  (300 行)

=== 段 95 === driven=big 轴 / held=small 轴  温度=(30,30)℃
  参考来源: recording_1778322622.npz[2300:2600] 随机缩放=0.39
  driven 大 yaw: 中心=+14.025 rad 半幅=±0.393 rad(±22.5°)
  held   小 yaw: 目标=-0.051 rad (-2.9°)  [包络 -22°…+22°]
  到位(固定 5s): err_big=-1.86° err_small=-0.42°
  等待连续 3s 稳定（判据: 两轴误差 ≤ 3° 且 两轴速度 < 6°/s；任一越界即重新计时）…
    [稳定等待] 已等   0.0s  e_big=-1.86° e_small=-0.42°  |ω_big|=0.15°/s |ω_small|=0.09°/s  连续 0.0/3s
    [稳定等待] 已等   1.0s  e_big=-1.71° e_small=-0.34°  |ω_big|=0.14°/s |ω_small|=0.07°/s  连续 1.0/3s
    [稳定等待] 已等   2.0s  e_big=-1.58° e_small=-0.28°  |ω_big|=0.13°/s |ω_small|=0.06°/s  连续 2.0/3s
  ✓ 已稳定（第二段用时 3.00s，两段合计 8.00s）
  采样 300 点 (3.00 s @100Hz)…
  保存: _tmp4x/train_b/sysid_big_20260919_141819_94.npz
        _tmp4x/train_b/sysid_big_20260919_141819_94.csv  (300 行)

=== 段 96 === driven=small 轴 / held=big 轴  温度=(30,30)℃
  参考来源: recording_1778341521.npz[19657:19957] 随机缩放=0.09
  driven 小 yaw: 中心=-0.043 rad(-2.5°) 半幅=±0.259 rad(±14.8°)
    整条位于参考包络 [-22°, +22°] 内（硬限位 [-30°, +30°]，两侧各留 8° 跟踪余量; 中心 +0.0°）
  held   大 yaw: 目标=+13.224 rad（现有方位角 ±π 内随机）
  到位(固定 5s): err_big=+4.04° err_small=+0.78°
  等待连续 3s 稳定（判据: 两轴误差 ≤ 3° 且 两轴速度 < 6°/s；任一越界即重新计时）…
    [稳定等待] 已等   0.0s  e_big=+4.04° e_small=+0.78°  |ω_big|=0.36°/s |ω_small|=0.16°/s  连续 0.0/3s  ← 未满足 e_big超差
    [稳定等待] 已等   1.0s  e_big=+3.70° e_small=+0.63°  |ω_big|=0.32°/s |ω_small|=0.13°/s  连续 0.0/3s  ← 未满足 e_big超差
    [稳定等待] 已等   2.0s  e_big=+3.38° e_small=+0.51°  |ω_big|=0.29°/s |ω_small|=0.10°/s  连续 0.0/3s  ← 未满足 e_big超差
    [稳定等待] 已等   3.0s  e_big=+3.10° e_small=+0.42°  |ω_big|=0.26°/s |ω_small|=0.09°/s  连续 0.0/3s  ← 未满足 e_big超差
    [稳定等待] 已等   4.0s  e_big=+2.85° e_small=+0.34°  |ω_big|=0.24°/s |ω_small|=0.07°/s  连续 0.6/3s
    [稳定等待] 已等   5.0s  e_big=+2.62° e_small=+0.28°  |ω_big|=0.22°/s |ω_small|=0.06°/s  连续 1.6/3s
    [稳定等待] 已等   6.0s  e_big=+2.41° e_small=+0.23°  |ω_big|=0.20°/s |ω_small|=0.04°/s  连续 2.6/3s
  ✓ 已稳定（第二段用时 6.43s，两段合计 11.43s）
  采样 300 点 (3.00 s @100Hz)…
  保存: _tmp4x/train_b/sysid_small_20260919_141838_95.npz
        _tmp4x/train_b/sysid_small_20260919_141838_95.csv  (300 行)

=== 段 97 === driven=big 轴 / held=small 轴  温度=(30,30)℃
  参考来源: recording_1778341844.npz[19175:19475] 随机缩放=0.53
  driven 大 yaw: 中心=+13.402 rad 半幅=±0.546 rad(±31.3°)
  held   小 yaw: 目标=+0.165 rad (+9.5°)  [包络 -22°…+22°]
  到位(固定 5s): err_big=-4.10° err_small=-0.77°
  等待连续 3s 稳定（判据: 两轴误差 ≤ 3° 且 两轴速度 < 6°/s；任一越界即重新计时）…
    [稳定等待] 已等   0.0s  e_big=-4.10° e_small=-0.77°  |ω_big|=0.37°/s |ω_small|=0.15°/s  连续 0.0/3s  ← 未满足 e_big超差
    [稳定等待] 已等   1.0s  e_big=-3.75° e_small=-0.63°  |ω_big|=0.33°/s |ω_small|=0.13°/s  连续 0.0/3s  ← 未满足 e_big超差
    [稳定等待] 已等   2.0s  e_big=-3.43° e_small=-0.51°  |ω_big|=0.30°/s |ω_small|=0.11°/s  连续 0.0/3s  ← 未满足 e_big超差
    [稳定等待] 已等   3.0s  e_big=-3.15° e_small=-0.41°  |ω_big|=0.27°/s |ω_small|=0.08°/s  连续 0.0/3s  ← 未满足 e_big超差
    [稳定等待] 已等   4.0s  e_big=-2.89° e_small=-0.34°  |ω_big|=0.24°/s |ω_small|=0.07°/s  连续 0.5/3s
    [稳定等待] 已等   5.0s  e_big=-2.66° e_small=-0.27°  |ω_big|=0.22°/s |ω_small|=0.05°/s  连续 1.5/3s
    [稳定等待] 已等   6.0s  e_big=-2.44° e_small=-0.22°  |ω_big|=0.20°/s |ω_small|=0.05°/s  连续 2.5/3s
  ✓ 已稳定（第二段用时 6.58s，两段合计 11.58s）
  采样 300 点 (3.00 s @100Hz)…
  保存: _tmp4x/train_b/sysid_big_20260919_141858_96.npz
        _tmp4x/train_b/sysid_big_20260919_141858_96.csv  (300 行)

=== 段 98 === driven=small 轴 / held=big 轴  温度=(30,30)℃
  参考来源: recording_1778341844.npz[1797:2097] 随机缩放=0.05
  driven 小 yaw: 中心=+0.023 rad(+1.3°) 半幅=±0.193 rad(±11.0°)
    整条位于参考包络 [-22°, +22°] 内（硬限位 [-30°, +30°]，两侧各留 8° 跟踪余量; 中心 +0.0°）
  held   大 yaw: 目标=+13.043 rad（现有方位角 ±π 内随机）
  到位(固定 5s): err_big=-2.32° err_small=+0.31°
  等待连续 3s 稳定（判据: 两轴误差 ≤ 3° 且 两轴速度 < 6°/s；任一越界即重新计时）…
    [稳定等待] 已等   0.0s  e_big=-2.32° e_small=+0.31°  |ω_big|=0.19°/s |ω_small|=0.06°/s  连续 0.0/3s
    [稳定等待] 已等   1.0s  e_big=-2.14° e_small=+0.25°  |ω_big|=0.18°/s |ω_small|=0.05°/s  连续 1.0/3s
    [稳定等待] 已等   2.0s  e_big=-1.97° e_small=+0.21°  |ω_big|=0.16°/s |ω_small|=0.04°/s  连续 2.0/3s
  ✓ 已稳定（第二段用时 3.00s，两段合计 8.00s）
  采样 300 点 (3.00 s @100Hz)…
  保存: _tmp4x/train_b/sysid_small_20260919_141914_97.npz
        _tmp4x/train_b/sysid_small_20260919_141914_97.csv  (300 行)

=== 段 99 === driven=big 轴 / held=small 轴  温度=(30,30)℃
  参考来源: recording_1778327131.npz[1922:2222] 随机缩放=0.79
  driven 大 yaw: 中心=+13.556 rad 半幅=±0.435 rad(±24.9°)
  held   小 yaw: 目标=-0.074 rad (-4.2°)  [包络 -22°…+22°]
  到位(固定 5s): err_big=-3.97° err_small=-0.97°
  等待连续 3s 稳定（判据: 两轴误差 ≤ 3° 且 两轴速度 < 6°/s；任一越界即重新计时）…
    [稳定等待] 已等   0.0s  e_big=-3.97° e_small=-0.97°  |ω_big|=0.36°/s |ω_small|=0.21°/s  连续 0.0/3s  ← 未满足 e_big超差
    [稳定等待] 已等   1.0s  e_big=-3.64° e_small=-0.79°  |ω_big|=0.32°/s |ω_small|=0.16°/s  连续 0.0/3s  ← 未满足 e_big超差
    [稳定等待] 已等   2.0s  e_big=-3.33° e_small=-0.64°  |ω_big|=0.29°/s |ω_small|=0.13°/s  连续 0.0/3s  ← 未满足 e_big超差
    [稳定等待] 已等   3.0s  e_big=-3.06° e_small=-0.52°  |ω_big|=0.26°/s |ω_small|=0.10°/s  连续 0.0/3s  ← 未满足 e_big超差
    [稳定等待] 已等   4.0s  e_big=-2.81° e_small=-0.42°  |ω_big|=0.24°/s |ω_small|=0.09°/s  连续 0.8/3s
    [稳定等待] 已等   5.0s  e_big=-2.58° e_small=-0.34°  |ω_big|=0.21°/s |ω_small|=0.07°/s  连续 1.8/3s
    [稳定等待] 已等   6.0s  e_big=-2.38° e_small=-0.28°  |ω_big|=0.20°/s |ω_small|=0.06°/s  连续 2.8/3s
  ✓ 已稳定（第二段用时 6.25s，两段合计 11.25s）
  采样 300 点 (3.00 s @100Hz)…
  保存: _tmp4x/train_b/sysid_big_20260919_141933_98.npz
        _tmp4x/train_b/sysid_big_20260919_141933_98.csv  (300 行)

=== 段 100 === driven=small 轴 / held=big 轴  温度=(30,30)℃
  参考来源: recording_1778341012.npz[36977:37277] 随机缩放=0.93
  driven 小 yaw: 中心=-0.031 rad(-1.8°) 半幅=±0.226 rad(±13.0°)
    整条位于参考包络 [-22°, +22°] 内（硬限位 [-30°, +30°]，两侧各留 8° 跟踪余量; 中心 +0.0°）
  held   大 yaw: 目标=+12.097 rad（现有方位角 ±π 内随机）
  到位(固定 5s): err_big=+1.35° err_small=+0.47°
  等待连续 3s 稳定（判据: 两轴误差 ≤ 3° 且 两轴速度 < 6°/s；任一越界即重新计时）…
    [稳定等待] 已等   0.0s  e_big=+1.35° e_small=+0.48°  |ω_big|=0.11°/s |ω_small|=0.10°/s  连续 0.0/3s
    [稳定等待] 已等   1.0s  e_big=+1.25° e_small=+0.39°  |ω_big|=0.10°/s |ω_small|=0.08°/s  连续 1.0/3s
    [稳定等待] 已等   2.0s  e_big=+1.15° e_small=+0.31°  |ω_big|=0.09°/s |ω_small|=0.06°/s  连续 2.0/3s
  ✓ 已稳定（第二段用时 3.00s，两段合计 8.00s）
  采样 300 点 (3.00 s @100Hz)…
  保存: _tmp4x/train_b/sysid_small_20260919_141949_99.npz
        _tmp4x/train_b/sysid_small_20260919_141949_99.csv  (300 行)
  已发送 20 帧零力矩并停止
------------------------------------------------------------------------------
完成: 保存 100/100 段 → _tmp4x/train_b
  [DRY-RUN] 仿真下发 143119 帧, 结束状态 θ_big=+12.0572 θ_small=+12.1167 rad
exit=0
